date,open,high,low,close,adj_close,volume,daily_return,drawdown,ma20,ma60,ma120,rolling_vol_20,rolling_vol_60,return_20d,return_60d,return_120d,distance_to_ma20,distance_to_ma60,distance_to_ma120,rolling_high_52w,rolling_low_52w,price_to_52w_high,price_to_52w_low,shares_outstanding,market_cap,trading_value,trading_value_ma20,turnover_ratio,source,ticker
2021-01-04,13200.0,14300.0,13150.0,14150.0,13566.1025390625,2192502.0,,,,,,,,,,,,,,,,,,,,31023903300.0,,,local_price_csv_fallback,054450.KQ
2021-01-05,14150.0,14150.0,13600.0,13900.0,13326.419921875,1097635.0,,,,,,,,,,,,,,,,,,,,15257126500.0,,,local_price_csv_fallback,054450.KQ
2021-01-06,14050.0,14150.0,13300.0,13300.0,12751.1787109375,858738.0,,,,,,,,,,,,,,,,,,,,11421215400.0,,,local_price_csv_fallback,054450.KQ
2021-01-07,13400.0,13950.0,13400.0,13800.0,13230.544921875,760643.0,,,,,,,,,,,,,,,,,,,,10496873400.0,,,local_price_csv_fallback,054450.KQ
2021-01-08,14050.0,15900.0,13850.0,14600.0,13997.533203125,8239353.0,,,,,,,,,,,,,,,,,,,,120294553800.0,,,local_price_csv_fallback,054450.KQ
2021-01-11,15450.0,18900.0,14850.0,17750.0,17017.548828125,32415200.0,,,,,,,,,,,,,,,,,,,,575369800000.0,,,local_price_csv_fallback,054450.KQ
2021-01-12,16950.0,17450.0,16000.0,16600.0,15915.00390625,4836479.0,,,,,,,,,,,,,,,,,,,,80285551400.0,,,local_price_csv_fallback,054450.KQ
2021-01-13,16800.0,17800.0,16450.0,17000.0,16298.49609375,4781525.0,,,,,,,,,,,,,,,,,,,,81285925000.0,,,local_price_csv_fallback,054450.KQ
2021-01-14,16700.0,17050.0,16150.0,16750.0,16058.8154296875,2585457.0,,,,,,,,,,,,,,,,,,,,43306404750.0,,,local_price_csv_fallback,054450.KQ
2021-01-15,16750.0,17200.0,16050.0,16050.0,15387.6982421875,1476664.0,,,,,,,,,,,,,,,,,,,,23700457200.0,,,local_price_csv_fallback,054450.KQ
2021-01-18,15800.0,17200.0,15550.0,16550.0,15867.06640625,2993029.0,,,,,,,,,,,,,,,,,,,,49534629950.0,,,local_price_csv_fallback,054450.KQ
2021-01-19,16600.0,17400.0,16450.0,17150.0,16442.310546875,2266901.0,,,,,,,,,,,,,,,,,,,,38877352150.0,,,local_price_csv_fallback,054450.KQ
2021-01-20,17900.0,17900.0,16600.0,16650.0,15962.9404296875,2345087.0,,,,,,,,,,,,,,,,,,,,39045698550.0,,,local_price_csv_fallback,054450.KQ
2021-01-21,16800.0,17500.0,16550.0,17350.0,16634.0546875,2102174.0,,,,,,,,,,,,,,,,,,,,36472718900.0,,,local_price_csv_fallback,054450.KQ
2021-01-22,17800.0,18200.0,16650.0,16650.0,15962.9404296875,3211190.0,,,,,,,,,,,,,,,,,,,,53466313500.0,,,local_price_csv_fallback,054450.KQ
2021-01-25,17300.0,19750.0,17150.0,18900.0,18120.095703125,12814390.0,,,,,,,,,,,,,,,,,,,,242191971000.0,,,local_price_csv_fallback,054450.KQ
2021-01-26,18600.0,18650.0,17900.0,18500.0,17736.6015625,2171908.0,,,,,,,,,,,,,,,,,,,,40180298000.0,,,local_price_csv_fallback,054450.KQ
2021-01-27,18650.0,18700.0,17600.0,17600.0,16873.736328125,1771804.0,,,,,,,,,,,,,,,,,,,,31183750400.0,,,local_price_csv_fallback,054450.KQ
2021-01-28,17000.0,17300.0,16550.0,16800.0,16106.751953125,1459209.0,,,,,,,,,,,,,,,,,,,,24514711200.0,,,local_price_csv_fallback,054450.KQ
2021-01-29,17150.0,17150.0,15100.0,15700.0,15052.142578125,1222255.0,,,,,,,,,,,,,,,,,,,,19189403500.0,,,local_price_csv_fallback,054450.KQ
2021-02-01,15500.0,16000.0,15100.0,16000.0,15339.76171875,881818.0,,,,,,,,,,,,,,,,,,,,14109088000.0,,,local_price_csv_fallback,054450.KQ
2021-02-02,16400.0,16750.0,16100.0,16750.0,16058.8154296875,976605.0,,,,,,,,,,,,,,,,,,,,16358133750.0,,,local_price_csv_fallback,054450.KQ
2021-02-03,17200.0,17600.0,16800.0,17050.0,16346.435546875,1054437.0,,,,,,,,,,,,,,,,,,,,17978150850.0,,,local_price_csv_fallback,054450.KQ
2021-02-04,17350.0,17600.0,16800.0,17000.0,16298.49609375,830527.0,,,,,,,,,,,,,,,,,,,,14118959000.0,,,local_price_csv_fallback,054450.KQ
2021-02-05,17300.0,17500.0,16850.0,16900.0,16202.623046875,555382.0,,,,,,,,,,,,,,,,,,,,9385955800.0,,,local_price_csv_fallback,054450.KQ
2021-02-08,16300.0,16350.0,15650.0,15850.0,15195.953125,615217.0,,,,,,,,,,,,,,,,,,,,9751189450.0,,,local_price_csv_fallback,054450.KQ
2021-02-09,16150.0,16450.0,15900.0,15950.0,15291.826171875,311190.0,,,,,,,,,,,,,,,,,,,,4963480500.0,,,local_price_csv_fallback,054450.KQ
2021-02-10,15950.0,16200.0,15500.0,16200.0,15531.509765625,337112.0,,,,,,,,,,,,,,,,,,,,5461214400.0,,,local_price_csv_fallback,054450.KQ
2021-02-15,16650.0,17350.0,16350.0,17200.0,16490.244140625,876248.0,,,,,,,,,,,,,,,,,,,,15071465600.0,,,local_price_csv_fallback,054450.KQ
2021-02-16,18100.0,21300.0,17900.0,20100.0,19270.578125,16104800.0,,,,,,,,,,,,,,,,,,,,323706480000.0,,,local_price_csv_fallback,054450.KQ
2021-02-17,20100.0,21600.0,19550.0,21300.0,20421.060546875,5963816.0,,,,,,,,,,,,,,,,,,,,127029280800.0,,,local_price_csv_fallback,054450.KQ
2021-02-18,20850.0,20900.0,19400.0,19400.0,18599.462890625,2568715.0,,,,,,,,,,,,,,,,,,,,49833071000.0,,,local_price_csv_fallback,054450.KQ
2021-02-19,19200.0,20400.0,18800.0,20150.0,19318.513671875,2156420.0,,,,,,,,,,,,,,,,,,,,43451863000.0,,,local_price_csv_fallback,054450.KQ
2021-02-22,20250.0,20350.0,18800.0,19000.0,18215.96875,1510866.0,,,,,,,,,,,,,,,,,,,,28706454000.0,,,local_price_csv_fallback,054450.KQ
2021-02-23,18600.0,19900.0,18050.0,19150.0,18359.77734375,1609556.0,,,,,,,,,,,,,,,,,,,,30822997400.0,,,local_price_csv_fallback,054450.KQ
2021-02-24,19200.0,19800.0,18350.0,18350.0,17592.791015625,1378276.0,,,,,,,,,,,,,,,,,,,,25291364600.0,,,local_price_csv_fallback,054450.KQ
2021-02-25,19000.0,19700.0,18650.0,19000.0,18215.96875,924582.0,,,,,,,,,,,,,,,,,,,,17567058000.0,,,local_price_csv_fallback,054450.KQ
2021-02-26,18150.0,18650.0,17900.0,18400.0,17640.7265625,811013.0,,,,,,,,,,,,,,,,,,,,14922639200.0,,,local_price_csv_fallback,054450.KQ
2021-03-02,19350.0,19600.0,18450.0,18550.0,17784.5390625,1211781.0,,,,,,,,,,,,,,,,,,,,22478537550.0,,,local_price_csv_fallback,054450.KQ
2021-03-03,18550.0,20150.0,18250.0,19500.0,18695.3359375,2837272.0,,,,,,,,,,,,,,,,,,,,55326804000.0,,,local_price_csv_fallback,054450.KQ
2021-03-04,19000.0,19200.0,18550.0,18850.0,18072.158203125,780452.0,,,,,,,,,,,,,,,,,,,,14711520200.0,,,local_price_csv_fallback,054450.KQ
2021-03-05,18400.0,19300.0,18300.0,19050.0,18263.904296875,745149.0,,,,,,,,,,,,,,,,,,,,14195088450.0,,,local_price_csv_fallback,054450.KQ
2021-03-08,19600.0,19650.0,18550.0,18650.0,17880.412109375,833121.0,,,,,,,,,,,,,,,,,,,,15537706650.0,,,local_price_csv_fallback,054450.KQ
2021-03-09,19000.0,19200.0,18000.0,18600.0,17832.47265625,1003768.0,,,,,,,,,,,,,,,,,,,,18670084800.0,,,local_price_csv_fallback,054450.KQ
2021-03-10,19250.0,19400.0,18450.0,18450.0,17688.6640625,905163.0,,,,,,,,,,,,,,,,,,,,16700257350.0,,,local_price_csv_fallback,054450.KQ
2021-03-11,18500.0,18700.0,18150.0,18450.0,17688.6640625,485584.0,,,,,,,,,,,,,,,,,,,,8959024800.0,,,local_price_csv_fallback,054450.KQ
2021-03-12,18650.0,19250.0,18500.0,18900.0,18120.095703125,1034378.0,,,,,,,,,,,,,,,,,,,,19549744200.0,,,local_price_csv_fallback,054450.KQ
2021-03-15,19100.0,19700.0,18800.0,19050.0,18263.904296875,1039604.0,,,,,,,,,,,,,,,,,,,,19804456200.0,,,local_price_csv_fallback,054450.KQ
2021-03-16,19250.0,19300.0,16700.0,17400.0,16681.990234375,2161671.0,,,,,,,,,,,,,,,,,,,,37613075400.0,,,local_price_csv_fallback,054450.KQ
2021-03-17,17650.0,18100.0,17200.0,17600.0,16873.736328125,1121494.0,,,,,,,,,,,,,,,,,,,,19738294400.0,,,local_price_csv_fallback,054450.KQ
2021-03-18,17900.0,17950.0,17400.0,17450.0,16729.927734375,427177.0,,,,,,,,,,,,,,,,,,,,7454238650.0,,,local_price_csv_fallback,054450.KQ
2021-03-19,17100.0,17450.0,17000.0,17200.0,16490.244140625,377062.0,,,,,,,,,,,,,,,,,,,,6485466400.0,,,local_price_csv_fallback,054450.KQ
2021-03-22,17600.0,17600.0,17250.0,17350.0,16634.0546875,342983.0,,,,,,,,,,,,,,,,,,,,5950755050.0,,,local_price_csv_fallback,054450.KQ
2021-03-23,17300.0,17500.0,16300.0,16300.0,15627.3828125,674615.0,,,,,,,,,,,,,,,,,,,,10996224500.0,,,local_price_csv_fallback,054450.KQ
2021-03-24,16350.0,16550.0,15750.0,16150.0,15483.5732421875,312715.0,,,,,,,,,,,,,,,,,,,,5050347250.0,,,local_price_csv_fallback,054450.KQ
2021-03-25,16000.0,16500.0,16000.0,16150.0,15483.5732421875,228437.0,,,,,,,,,,,,,,,,,,,,3689257550.0,,,local_price_csv_fallback,054450.KQ
2021-03-26,16350.0,16400.0,15650.0,15800.0,15148.0166015625,357418.0,,,,,,,,,,,,,,,,,,,,5647204400.0,,,local_price_csv_fallback,054450.KQ
2021-03-29,15700.0,15800.0,15300.0,15300.0,14668.6484375,333819.0,,,,,,,,,,,,,,,,,,,,5107430700.0,,,local_price_csv_fallback,054450.KQ
2021-03-30,15750.0,16250.0,15550.0,16200.0,15531.509765625,451885.0,,,,,,,,,,,,,,,,,,,,7320537000.0,,,local_price_csv_fallback,054450.KQ
2021-03-31,16200.0,16250.0,15800.0,15950.0,15291.826171875,202236.0,,,,,,,,,,,,,,,,,,,,3225664200.0,,,local_price_csv_fallback,054450.KQ
2021-04-01,16000.0,16300.0,15950.0,16250.0,15579.4453125,238000.0,,,,,,,,,,,,,,,,,,,,3867500000.0,,,local_price_csv_fallback,054450.KQ
2021-04-02,16350.0,17200.0,16350.0,16700.0,16010.8779296875,722699.0,,,,,,,,,,,,,,,,,,,,12069073300.0,,,local_price_csv_fallback,054450.KQ
2021-04-05,17050.0,17100.0,16700.0,16750.0,16058.8154296875,262885.0,,,,,,,,,,,,,,,,,,,,4403323750.0,,,local_price_csv_fallback,054450.KQ
2021-04-06,16900.0,16950.0,16300.0,16350.0,15675.3203125,197503.0,,,,,,,,,,,,,,,,,,,,3229174050.0,,,local_price_csv_fallback,054450.KQ
2021-04-07,16500.0,16650.0,16050.0,16050.0,15387.6982421875,243769.0,,,,,,,,,,,,,,,,,,,,3912492450.0,,,local_price_csv_fallback,054450.KQ
2021-04-08,16000.0,16350.0,15750.0,15900.0,15243.8896484375,281666.0,,,,,,,,,,,,,,,,,,,,4478489400.0,,,local_price_csv_fallback,054450.KQ
2021-04-09,16100.0,16350.0,16000.0,16050.0,15387.6982421875,266046.0,,,,,,,,,,,,,,,,,,,,4270038300.0,,,local_price_csv_fallback,054450.KQ
2021-04-12,16050.0,16200.0,15950.0,15950.0,15291.826171875,185560.0,,,,,,,,,,,,,,,,,,,,2959682000.0,,,local_price_csv_fallback,054450.KQ
2021-04-13,16000.0,17200.0,15850.0,17050.0,16346.435546875,1206980.0,,,,,,,,,,,,,,,,,,,,20579009000.0,,,local_price_csv_fallback,054450.KQ
2021-04-14,17250.0,17300.0,16700.0,17050.0,16346.435546875,482116.0,,,,,,,,,,,,,,,,,,,,8220077800.0,,,local_price_csv_fallback,054450.KQ
2021-04-15,17050.0,17050.0,16700.0,16750.0,16058.8154296875,228877.0,,,,,,,,,,,,,,,,,,,,3833689750.0,,,local_price_csv_fallback,054450.KQ
2021-04-16,16950.0,17950.0,16900.0,17500.0,16777.865234375,1795527.0,,,,,,,,,,,,,,,,,,,,31421722500.0,,,local_price_csv_fallback,054450.KQ
2021-04-19,17700.0,18300.0,17500.0,17900.0,17161.359375,1157836.0,,,,,,,,,,,,,,,,,,,,20725264400.0,,,local_price_csv_fallback,054450.KQ
2021-04-20,18150.0,18300.0,17550.0,17750.0,17017.548828125,479630.0,,,,,,,,,,,,,,,,,,,,8513432500.0,,,local_price_csv_fallback,054450.KQ
2021-04-21,17750.0,17850.0,17100.0,17350.0,16634.0546875,418722.0,,,,,,,,,,,,,,,,,,,,7264826700.0,,,local_price_csv_fallback,054450.KQ
2021-04-22,17700.0,17700.0,17200.0,17250.0,16538.181640625,254506.0,,,,,,,,,,,,,,,,,,,,4390228500.0,,,local_price_csv_fallback,054450.KQ
2021-04-23,17100.0,17300.0,16800.0,17300.0,16586.119140625,213918.0,,,,,,,,,,,,,,,,,,,,3700781400.0,,,local_price_csv_fallback,054450.KQ
2021-04-26,17450.0,17500.0,17000.0,17200.0,16490.244140625,259615.0,,,,,,,,,,,,,,,,,,,,4465378000.0,,,local_price_csv_fallback,054450.KQ
2021-04-27,17200.0,17200.0,16800.0,16900.0,16202.623046875,223962.0,,,,,,,,,,,,,,,,,,,,3784957800.0,,,local_price_csv_fallback,054450.KQ
2021-04-28,17200.0,17400.0,16400.0,16700.0,16010.8779296875,332053.0,,,,,,,,,,,,,,,,,,,,5545285100.0,,,local_price_csv_fallback,054450.KQ
2021-04-29,16750.0,17000.0,16050.0,16200.0,15531.509765625,234917.0,,,,,,,,,,,,,,,,,,,,3805655400.0,,,local_price_csv_fallback,054450.KQ
2021-04-30,16100.0,16350.0,15850.0,16050.0,15387.6982421875,219726.0,,,,,,,,,,,,,,,,,,,,3526602300.0,,,local_price_csv_fallback,054450.KQ
2021-05-03,15850.0,16300.0,15750.0,15950.0,15291.826171875,167405.0,,,,,,,,,,,,,,,,,,,,2670109750.0,,,local_price_csv_fallback,054450.KQ
2021-05-04,15800.0,15900.0,15150.0,15700.0,15052.142578125,317060.0,,,,,,,,,,,,,,,,,,,,4977842000.0,,,local_price_csv_fallback,054450.KQ
2021-05-06,18150.0,20400.0,17800.0,20400.0,19558.19921875,7206948.0,,,,,,,,,,,,,,,,,,,,147021739200.0,,,local_price_csv_fallback,054450.KQ
2021-05-07,21650.0,22150.0,19650.0,20500.0,19654.072265625,13164500.0,,,,,,,,,,,,,,,,,,,,269872250000.0,,,local_price_csv_fallback,054450.KQ
2021-05-10,20400.0,20450.0,19800.0,19850.0,19030.892578125,2080129.0,,,,,,,,,,,,,,,,,,,,41290560650.0,,,local_price_csv_fallback,054450.KQ
2021-05-11,19350.0,19450.0,18300.0,18600.0,17832.47265625,2403053.0,,,,,,,,,,,,,,,,,,,,44696785800.0,,,local_price_csv_fallback,054450.KQ
2021-05-12,18500.0,19350.0,18300.0,19350.0,18551.525390625,2363613.0,,,,,,,,,,,,,,,,,,,,45735911550.0,,,local_price_csv_fallback,054450.KQ
2021-05-13,18750.0,19500.0,18600.0,18800.0,18024.22265625,1769615.0,,,,,,,,,,,,,,,,,,,,33268762000.0,,,local_price_csv_fallback,054450.KQ
2021-05-14,18850.0,19350.0,17950.0,18150.0,17401.044921875,2000977.0,,,,,,,,,,,,,,,,,,,,36317732550.0,,,local_price_csv_fallback,054450.KQ
2021-05-17,18400.0,18700.0,17800.0,17800.0,17065.48828125,1142605.0,,,,,,,,,,,,,,,,,,,,20338369000.0,,,local_price_csv_fallback,054450.KQ
2021-05-18,17750.0,18300.0,17200.0,17600.0,16873.736328125,979780.0,,,,,,,,,,,,,,,,,,,,17244128000.0,,,local_price_csv_fallback,054450.KQ
2021-05-20,17650.0,18500.0,17650.0,18150.0,17401.044921875,801758.0,,,,,,,,,,,,,,,,,,,,14551907700.0,,,local_price_csv_fallback,054450.KQ
2021-05-21,18250.0,18600.0,17950.0,18000.0,17257.232421875,584480.0,,,,,,,,,,,,,,,,,,,,10520640000.0,,,local_price_csv_fallback,054450.KQ
2021-05-24,17900.0,18000.0,17300.0,17300.0,16586.119140625,428647.0,,,,,,,,,,,,,,,,,,,,7415593100.0,,,local_price_csv_fallback,054450.KQ
2021-05-25,17600.0,18250.0,17350.0,17900.0,17161.359375,574984.0,,,,,,,,,,,,,,,,,,,,10292213600.0,,,local_price_csv_fallback,054450.KQ
2021-05-26,17900.0,18050.0,17650.0,17850.0,17113.423828125,273046.0,,,,,,,,,,,,,,,,,,,,4873871100.0,,,local_price_csv_fallback,054450.KQ
2021-05-27,18050.0,18050.0,17600.0,17800.0,17065.48828125,248357.0,,,,,,,,,,,,,,,,,,,,4420754600.0,,,local_price_csv_fallback,054450.KQ
2021-05-28,17950.0,18750.0,17800.0,18450.0,17688.6640625,856462.0,,,,,,,,,,,,,,,,,,,,15801723900.0,,,local_price_csv_fallback,054450.KQ
2021-05-31,18700.0,18850.0,18400.0,18750.0,17976.283203125,703835.0,,,,,,,,,,,,,,,,,,,,13196906250.0,,,local_price_csv_fallback,054450.KQ
2021-06-01,19300.0,19650.0,18700.0,18750.0,17976.283203125,1865880.0,,,,,,,,,,,,,,,,,,,,34985250000.0,,,local_price_csv_fallback,054450.KQ
2021-06-02,19150.0,19450.0,18900.0,19150.0,18359.77734375,768838.0,,,,,,,,,,,,,,,,,,,,14723247700.0,,,local_price_csv_fallback,054450.KQ
2021-06-03,19150.0,20000.0,19100.0,19300.0,18503.591796875,1606966.0,,,,,,,,,,,,,,,,,,,,31014443800.0,,,local_price_csv_fallback,054450.KQ
2021-06-04,19300.0,19400.0,18800.0,18850.0,18072.158203125,479997.0,,,,,,,,,,,,,,,,,,,,9047943450.0,,,local_price_csv_fallback,054450.KQ
2021-06-07,18950.0,19050.0,18250.0,18300.0,17544.85546875,562881.0,,,,,,,,,,,,,,,,,,,,10300722300.0,,,local_price_csv_fallback,054450.KQ
2021-06-08,18400.0,18450.0,17650.0,17850.0,17113.423828125,472678.0,,,,,,,,,,,,,,,,,,,,8437302300.0,,,local_price_csv_fallback,054450.KQ
2021-06-09,17950.0,18150.0,17700.0,17900.0,17161.359375,234382.0,,,,,,,,,,,,,,,,,,,,4195437800.0,,,local_price_csv_fallback,054450.KQ
2021-06-10,17900.0,18200.0,17700.0,17850.0,17113.423828125,260502.0,,,,,,,,,,,,,,,,,,,,4649960700.0,,,local_price_csv_fallback,054450.KQ
2021-06-11,18000.0,18200.0,17950.0,18200.0,17448.98046875,186142.0,,,,,,,,,,,,,,,,,,,,3387784400.0,,,local_price_csv_fallback,054450.KQ
2021-06-14,18350.0,20150.0,17900.0,18950.0,18168.03125,3226550.0,,,,,,,,,,,,,,,,,,,,61143122500.0,,,local_price_csv_fallback,054450.KQ
2021-06-15,19100.0,19150.0,18500.0,18600.0,17832.47265625,442159.0,,,,,,,,,,,,,,,,,,,,8224157400.0,,,local_price_csv_fallback,054450.KQ
2021-06-16,18650.0,19100.0,18600.0,18650.0,17880.412109375,587843.0,,,,,,,,,,,,,,,,,,,,10963271950.0,,,local_price_csv_fallback,054450.KQ
2021-06-17,18600.0,19700.0,18500.0,19200.0,18407.71484375,1288201.0,,,,,,,,,,,,,,,,,,,,24733459200.0,,,local_price_csv_fallback,054450.KQ
2021-06-18,19400.0,19650.0,19050.0,19250.0,18455.650390625,758575.0,,,,,,,,,,,,,,,,,,,,14602568750.0,,,local_price_csv_fallback,054450.KQ
2021-06-21,19200.0,19550.0,18950.0,18950.0,18168.03125,454741.0,,,,,,,,,,,,,,,,,,,,8617341950.0,,,local_price_csv_fallback,054450.KQ
2021-06-22,19150.0,19850.0,19100.0,19650.0,18839.146484375,1072515.0,,,,,,,,,,,,,,,,,,,,21074919750.0,,,local_price_csv_fallback,054450.KQ
2021-06-23,19700.0,19750.0,19050.0,19250.0,18455.650390625,600054.0,,,,,,,,,,,,,,,,,,,,11551039500.0,,,local_price_csv_fallback,054450.KQ
2021-06-24,19250.0,19400.0,19000.0,19100.0,18311.83984375,398995.0,,,,,,,,,,,,,,,,,,,,7620804500.0,,,local_price_csv_fallback,054450.KQ
2021-06-25,19150.0,19300.0,18950.0,19050.0,18263.904296875,284534.0,,,,,,,,,,,,,,,,,,,,5420372700.0,,,local_price_csv_fallback,054450.KQ
2021-06-28,19350.0,19500.0,18900.0,18900.0,18120.095703125,400231.0,,,,,,,,,,,,,,,,,,,,7564365900.0,,,local_price_csv_fallback,054450.KQ
2021-06-29,19000.0,19050.0,18600.0,18650.0,17880.412109375,286061.0,,,,,,,,,,,,,,,,,,,,5335037650.0,,,local_price_csv_fallback,054450.KQ
2021-06-30,18700.0,19100.0,18650.0,18800.0,18024.22265625,234971.0,,,,,,,,,,,,,,,,,,,,4417454800.0,,,local_price_csv_fallback,054450.KQ
2021-07-01,18800.0,18900.0,18250.0,18350.0,17592.791015625,356530.0,,,,,,,,,,,,,,,,,,,,6542325500.0,,,local_price_csv_fallback,054450.KQ
2021-07-02,18450.0,18500.0,18250.0,18400.0,17640.7265625,149965.0,,,,,,,,,,,,,,,,,,,,2759356000.0,,,local_price_csv_fallback,054450.KQ
2021-07-05,18500.0,18800.0,18200.0,18750.0,17976.283203125,297236.0,,,,,,,,,,,,,,,,,,,,5573175000.0,,,local_price_csv_fallback,054450.KQ
2021-07-06,18850.0,18950.0,18550.0,18800.0,18024.22265625,198358.0,,,,,,,,,,,,,,,,,,,,3729130400.0,,,local_price_csv_fallback,054450.KQ
2021-07-07,18900.0,18950.0,18300.0,18300.0,17544.85546875,192845.0,,,,,,,,,,,,,,,,,,,,3529063500.0,,,local_price_csv_fallback,054450.KQ
2021-07-08,18250.0,18500.0,17800.0,17950.0,17209.296875,254978.0,,,,,,,,,,,,,,,,,,,,4576855100.0,,,local_price_csv_fallback,054450.KQ
2021-07-09,17650.0,17750.0,17150.0,17700.0,16969.611328125,286676.0,,,,,,,,,,,,,,,,,,,,5074165200.0,,,local_price_csv_fallback,054450.KQ
2021-07-12,17850.0,18100.0,17550.0,17700.0,16969.611328125,157652.0,,,,,,,,,,,,,,,,,,,,2790440400.0,,,local_price_csv_fallback,054450.KQ
2021-07-13,17800.0,18150.0,17800.0,17850.0,17113.423828125,143950.0,,,,,,,,,,,,,,,,,,,,2569507500.0,,,local_price_csv_fallback,054450.KQ
2021-07-14,17900.0,18150.0,17650.0,18000.0,17257.232421875,137642.0,,,,,,,,,,,,,,,,,,,,2477556000.0,,,local_price_csv_fallback,054450.KQ
2021-07-15,18050.0,18250.0,17950.0,18000.0,17257.232421875,161060.0,,,,,,,,,,,,,,,,,,,,2899080000.0,,,local_price_csv_fallback,054450.KQ
2021-07-16,18000.0,18050.0,17600.0,17750.0,17017.548828125,157468.0,,,,,,,,,,,,,,,,,,,,2795057000.0,,,local_price_csv_fallback,054450.KQ
2021-07-19,17400.0,17750.0,17400.0,17600.0,16873.736328125,140048.0,,,,,,,,,,,,,,,,,,,,2464844800.0,,,local_price_csv_fallback,054450.KQ
2021-07-20,17250.0,17900.0,17250.0,17500.0,16777.865234375,191655.0,,,,,,,,,,,,,,,,,,,,3353962500.0,,,local_price_csv_fallback,054450.KQ
2021-07-21,17750.0,18150.0,17350.0,17750.0,17017.548828125,274386.0,,,,,,,,,,,,,,,,,,,,4870351500.0,,,local_price_csv_fallback,054450.KQ
2021-07-22,17900.0,18050.0,17650.0,17700.0,16969.611328125,208595.0,,,,,,,,,,,,,,,,,,,,3692131500.0,,,local_price_csv_fallback,054450.KQ
2021-07-23,17700.0,17750.0,17400.0,17500.0,16777.865234375,163716.0,,,,,,,,,,,,,,,,,,,,2865030000.0,,,local_price_csv_fallback,054450.KQ
2021-07-26,17600.0,17600.0,17300.0,17350.0,16634.0546875,97713.0,,,,,,,,,,,,,,,,,,,,1695320550.0,,,local_price_csv_fallback,054450.KQ
2021-07-27,17350.0,17950.0,17350.0,17700.0,16969.611328125,235397.0,,,,,,,,,,,,,,,,,,,,4166526900.0,,,local_price_csv_fallback,054450.KQ
2021-07-28,17900.0,18300.0,17650.0,18000.0,17257.232421875,318262.0,,,,,,,,,,,,,,,,,,,,5728716000.0,,,local_price_csv_fallback,054450.KQ
2021-07-29,18000.0,18150.0,17700.0,18050.0,17305.169921875,162477.0,,,,,,,,,,,,,,,,,,,,2932709850.0,,,local_price_csv_fallback,054450.KQ
2021-07-30,18200.0,18500.0,18000.0,18200.0,17448.98046875,323448.0,,,,,,,,,,,,,,,,,,,,5886753600.0,,,local_price_csv_fallback,054450.KQ
2021-08-02,18250.0,19050.0,18100.0,18600.0,17832.47265625,804773.0,,,,,,,,,,,,,,,,,,,,14968777800.0,,,local_price_csv_fallback,054450.KQ
2021-08-03,18850.0,19100.0,18400.0,18700.0,17928.345703125,455146.0,,,,,,,,,,,,,,,,,,,,8511230200.0,,,local_price_csv_fallback,054450.KQ
2021-08-04,18900.0,18950.0,18550.0,18700.0,17928.345703125,267107.0,,,,,,,,,,,,,,,,,,,,4994900900.0,,,local_price_csv_fallback,054450.KQ
2021-08-05,18800.0,19200.0,18700.0,18900.0,18120.095703125,371998.0,,,,,,,,,,,,,,,,,,,,7030762200.0,,,local_price_csv_fallback,054450.KQ
2021-08-06,19050.0,19550.0,18700.0,19500.0,18695.3359375,738711.0,,,,,,,,,,,,,,,,,,,,14404864500.0,,,local_price_csv_fallback,054450.KQ
2021-08-09,19800.0,19950.0,19000.0,19100.0,18311.83984375,1121656.0,,,,,,,,,,,,,,,,,,,,21423629600.0,,,local_price_csv_fallback,054450.KQ
2021-08-10,19350.0,19500.0,18200.0,18500.0,17736.6015625,1075930.0,,,,,,,,,,,,,,,,,,,,19904705000.0,,,local_price_csv_fallback,054450.KQ
2021-08-11,18500.0,18550.0,17800.0,17850.0,17113.423828125,358801.0,,,,,,,,,,,,,,,,,,,,6404597850.0,,,local_price_csv_fallback,054450.KQ
2021-08-12,17700.0,18450.0,17700.0,18100.0,17353.103515625,304081.0,,,,,,,,,,,,,,,,,,,,5503866100.0,,,local_price_csv_fallback,054450.KQ
2021-08-13,18400.0,18500.0,17400.0,17950.0,17209.296875,296670.0,,,,,,,,,,,,,,,,,,,,5325226500.0,,,local_price_csv_fallback,054450.KQ
2021-08-17,17650.0,17900.0,17000.0,17000.0,16298.49609375,297443.0,,,,,,,,,,,,,,,,,,,,5056531000.0,,,local_price_csv_fallback,054450.KQ
2021-08-18,17000.0,17350.0,16350.0,17100.0,16394.37109375,173552.0,,,,,,,,,,,,,,,,,,,,2967739200.0,,,local_price_csv_fallback,054450.KQ
2021-08-19,17150.0,17150.0,16100.0,16200.0,15531.509765625,304282.0,,,,,,,,,,,,,,,,,,,,4929368400.0,,,local_price_csv_fallback,054450.KQ
2021-08-20,16400.0,16650.0,15300.0,15350.0,14716.5849609375,263264.0,,,,,,,,,,,,,,,,,,,,4041102400.0,,,local_price_csv_fallback,054450.KQ
2021-08-23,15700.0,16000.0,15200.0,15800.0,15148.0166015625,135338.0,,,,,,,,,,,,,,,,,,,,2138340400.0,,,local_price_csv_fallback,054450.KQ
2021-08-24,16200.0,16600.0,16000.0,16400.0,15723.2568359375,185444.0,,,,,,,,,,,,,,,,,,,,3041281600.0,,,local_price_csv_fallback,054450.KQ
2021-08-25,16550.0,16700.0,16100.0,16300.0,15627.3828125,125596.0,,,,,,,,,,,,,,,,,,,,2047214800.0,,,local_price_csv_fallback,054450.KQ
2021-08-26,16350.0,16600.0,16150.0,16400.0,15723.2568359375,120332.0,,,,,,,,,,,,,,,,,,,,1973444800.0,,,local_price_csv_fallback,054450.KQ
2021-08-27,16300.0,16350.0,16000.0,16250.0,15579.4453125,118137.0,,,,,,,,,,,,,,,,,,,,1919726250.0,,,local_price_csv_fallback,054450.KQ
2021-08-30,16300.0,16500.0,16200.0,16250.0,15579.4453125,119006.0,,,,,,,,,,,,,,,,,,,,1933847500.0,,,local_price_csv_fallback,054450.KQ
2021-08-31,16200.0,16500.0,16150.0,16450.0,15771.1943359375,116577.0,,,,,,,,,,,,,,,,,,,,1917691650.0,,,local_price_csv_fallback,054450.KQ
2021-09-01,16450.0,16700.0,16350.0,16650.0,15962.9404296875,114977.0,,,,,,,,,,,,,,,,,,,,1914367050.0,,,local_price_csv_fallback,054450.KQ
2021-09-02,16600.0,16850.0,16300.0,16800.0,16106.751953125,135181.0,,,,,,,,,,,,,,,,,,,,2271040800.0,,,local_price_csv_fallback,054450.KQ
2021-09-03,16950.0,16950.0,16550.0,16800.0,16106.751953125,130007.0,,,,,,,,,,,,,,,,,,,,2184117600.0,,,local_price_csv_fallback,054450.KQ
2021-09-06,16900.0,16900.0,16550.0,16750.0,16058.8154296875,94322.0,,,,,,,,,,,,,,,,,,,,1579893500.0,,,local_price_csv_fallback,054450.KQ
2021-09-07,16750.0,16800.0,16300.0,16450.0,15771.1943359375,125306.0,,,,,,,,,,,,,,,,,,,,2061283700.0,,,local_price_csv_fallback,054450.KQ
2021-09-08,16300.0,16750.0,16250.0,16350.0,15675.3203125,129062.0,,,,,,,,,,,,,,,,,,,,2110163700.0,,,local_price_csv_fallback,054450.KQ
2021-09-09,16500.0,16500.0,16000.0,16050.0,15387.6982421875,98580.0,,,,,,,,,,,,,,,,,,,,1582209000.0,,,local_price_csv_fallback,054450.KQ
2021-09-10,16350.0,16750.0,16200.0,16300.0,15627.3828125,132263.0,,,,,,,,,,,,,,,,,,,,2155886900.0,,,local_price_csv_fallback,054450.KQ
2021-09-13,16000.0,16200.0,15750.0,15950.0,15291.826171875,126336.0,,,,,,,,,,,,,,,,,,,,2015059200.0,,,local_price_csv_fallback,054450.KQ
2021-09-14,15800.0,16200.0,15800.0,16000.0,15339.76171875,99281.0,,,,,,,,,,,,,,,,,,,,1588496000.0,,,local_price_csv_fallback,054450.KQ
2021-09-15,16000.0,16050.0,15800.0,15900.0,15243.8896484375,78913.0,,,,,,,,,,,,,,,,,,,,1254716700.0,,,local_price_csv_fallback,054450.KQ
2021-09-16,15900.0,15950.0,15600.0,15650.0,15004.2060546875,81189.0,,,,,,,,,,,,,,,,,,,,1270607850.0,,,local_price_csv_fallback,054450.KQ
2021-09-17,15550.0,15950.0,15450.0,15850.0,15195.953125,83346.0,,,,,,,,,,,,,,,,,,,,1321034100.0,,,local_price_csv_fallback,054450.KQ
2021-09-23,15600.0,16000.0,15500.0,15800.0,15148.0166015625,108600.0,,,,,,,,,,,,,,,,,,,,1715880000.0,,,local_price_csv_fallback,054450.KQ
2021-09-24,17150.0,18750.0,16100.0,16150.0,15483.5732421875,4221007.0,,,,,,,,,,,,,,,,,,,,68169263050.0,,,local_price_csv_fallback,054450.KQ
2021-09-27,16050.0,16250.0,15800.0,15950.0,15291.826171875,343404.0,,,,,,,,,,,,,,,,,,,,5477293800.0,,,local_price_csv_fallback,054450.KQ
2021-09-28,15950.0,16050.0,15300.0,15350.0,14716.5849609375,317161.0,,,,,,,,,,,,,,,,,,,,4868421350.0,,,local_price_csv_fallback,054450.KQ
2021-09-29,14750.0,15200.0,14650.0,15100.0,14476.9013671875,208727.0,,,,,,,,,,,,,,,,,,,,3151777700.0,,,local_price_csv_fallback,054450.KQ
2021-09-30,14950.0,15400.0,14950.0,15150.0,14524.837890625,124560.0,,,,,,,,,,,,,,,,,,,,1887084000.0,,,local_price_csv_fallback,054450.KQ
2021-10-01,14850.0,15900.0,14800.0,15400.0,14764.5224609375,281695.0,,,,,,,,,,,,,,,,,,,,4338103000.0,,,local_price_csv_fallback,054450.KQ
2021-10-05,15050.0,15200.0,14500.0,14850.0,14237.216796875,203111.0,,,,,,,,,,,,,,,,,,,,3016198350.0,,,local_price_csv_fallback,054450.KQ
2021-10-06,14850.0,15050.0,14000.0,14050.0,13470.228515625,235774.0,,,,,,,,,,,,,,,,,,,,3312624700.0,,,local_price_csv_fallback,054450.KQ
2021-10-07,14150.0,14450.0,14050.0,14300.0,13709.912109375,138813.0,,,,,,,,,,,,,,,,,,,,1985025900.0,,,local_price_csv_fallback,054450.KQ
2021-10-08,14400.0,14500.0,14200.0,14300.0,13709.912109375,103178.0,,,,,,,,,,,,,,,,,,,,1475445400.0,,,local_price_csv_fallback,054450.KQ
2021-10-12,14100.0,14650.0,14000.0,14300.0,13709.912109375,105241.0,,,,,,,,,,,,,,,,,,,,1504946300.0,,,local_price_csv_fallback,054450.KQ
2021-10-13,14400.0,14700.0,14250.0,14600.0,13997.533203125,87854.0,,,,,,,,,,,,,,,,,,,,1282668400.0,,,local_price_csv_fallback,054450.KQ
2021-10-14,14900.0,15250.0,14800.0,15100.0,14476.9013671875,139624.0,,,,,,,,,,,,,,,,,,,,2108322400.0,,,local_price_csv_fallback,054450.KQ
2021-10-15,15350.0,15400.0,14850.0,15000.0,14381.02734375,133740.0,,,,,,,,,,,,,,,,,,,,2006100000.0,,,local_price_csv_fallback,054450.KQ
2021-10-18,15100.0,16500.0,15000.0,15550.0,14908.33203125,765618.0,,,,,,,,,,,,,,,,,,,,11905359900.0,,,local_price_csv_fallback,054450.KQ
2021-10-19,15850.0,16450.0,15450.0,16400.0,15723.2568359375,315190.0,,,,,,,,,,,,,,,,,,,,5169116000.0,,,local_price_csv_fallback,054450.KQ
2021-10-20,16250.0,16600.0,15850.0,15900.0,15243.8896484375,261116.0,,,,,,,,,,,,,,,,,,,,4151744400.0,,,local_price_csv_fallback,054450.KQ
2021-10-21,16000.0,16200.0,15500.0,15600.0,14956.26953125,147507.0,,,,,,,,,,,,,,,,,,,,2301109200.0,,,local_price_csv_fallback,054450.KQ
2021-10-22,15750.0,15850.0,15400.0,15800.0,15148.0166015625,87997.0,,,,,,,,,,,,,,,,,,,,1390352600.0,,,local_price_csv_fallback,054450.KQ
2021-10-25,15650.0,15800.0,15450.0,15650.0,15004.2060546875,58803.0,,,,,,,,,,,,,,,,,,,,920266950.0,,,local_price_csv_fallback,054450.KQ
2021-10-26,15650.0,16000.0,15650.0,16000.0,15339.76171875,96859.0,,,,,,,,,,,,,,,,,,,,1549744000.0,,,local_price_csv_fallback,054450.KQ
2021-10-27,16150.0,16150.0,15650.0,15700.0,15052.142578125,87004.0,,,,,,,,,,,,,,,,,,,,1365962800.0,,,local_price_csv_fallback,054450.KQ
2021-10-28,15850.0,16300.0,15700.0,15900.0,15243.8896484375,208706.0,,,,,,,,,,,,,,,,,,,,3318425400.0,,,local_price_csv_fallback,054450.KQ
2021-10-29,15800.0,16200.0,15500.0,15600.0,14956.26953125,121754.0,,,,,,,,,,,,,,,,,,,,1899362400.0,,,local_price_csv_fallback,054450.KQ
2021-11-01,15650.0,15700.0,15350.0,15500.0,14860.39453125,76886.0,,,,,,,,,,,,,,,,,,,,1191733000.0,,,local_price_csv_fallback,054450.KQ
2021-11-02,15500.0,16100.0,15500.0,15650.0,15004.2060546875,106292.0,,,,,,,,,,,,,,,,,,,,1663469800.0,,,local_price_csv_fallback,054450.KQ
2021-11-03,15800.0,15850.0,15000.0,15000.0,14381.02734375,142598.0,,,,,,,,,,,,,,,,,,,,2138970000.0,,,local_price_csv_fallback,054450.KQ
2021-11-04,15300.0,15350.0,14650.0,14800.0,14189.2802734375,103738.0,,,,,,,,,,,,,,,,,,,,1535322400.0,,,local_price_csv_fallback,054450.KQ
2021-11-05,14700.0,15000.0,14500.0,14600.0,13997.533203125,96810.0,,,,,,,,,,,,,,,,,,,,1413426000.0,,,local_price_csv_fallback,054450.KQ
2021-11-08,14700.0,15400.0,14200.0,15200.0,14572.7744140625,291740.0,,,,,,,,,,,,,,,,,,,,4434448000.0,,,local_price_csv_fallback,054450.KQ
2021-11-09,15050.0,15350.0,14700.0,14700.0,14093.408203125,157928.0,,,,,,,,,,,,,,,,,,,,2321541600.0,,,local_price_csv_fallback,054450.KQ
2021-11-10,14550.0,14750.0,14250.0,14300.0,13709.912109375,104077.0,,,,,,,,,,,,,,,,,,,,1488301100.0,,,local_price_csv_fallback,054450.KQ
2021-11-11,14050.0,14500.0,14050.0,14400.0,13805.787109375,87550.0,,,,,,,,,,,,,,,,,,,,1260720000.0,,,local_price_csv_fallback,054450.KQ
2021-11-12,14800.0,15250.0,14500.0,14850.0,14237.216796875,199608.0,,,,,,,,,,,,,,,,,,,,2964178800.0,,,local_price_csv_fallback,054450.KQ
2021-11-15,15250.0,16000.0,15250.0,15900.0,15243.8896484375,383397.0,,,,,,,,,,,,,,,,,,,,6096012300.0,,,local_price_csv_fallback,054450.KQ
2021-11-16,15900.0,16350.0,15700.0,16050.0,15387.6982421875,311621.0,,,,,,,,,,,,,,,,,,,,5001517050.0,,,local_price_csv_fallback,054450.KQ
2021-11-17,16050.0,16050.0,15600.0,16050.0,15387.6982421875,141350.0,,,,,,,,,,,,,,,,,,,,2268667500.0,,,local_price_csv_fallback,054450.KQ
2021-11-18,16050.0,16200.0,15550.0,16200.0,15531.509765625,190622.0,,,,,,,,,,,,,,,,,,,,3088076400.0,,,local_price_csv_fallback,054450.KQ
2021-11-19,16650.0,17600.0,16600.0,16700.0,16010.8779296875,1749529.0,,,,,,,,,,,,,,,,,,,,29217134300.0,,,local_price_csv_fallback,054450.KQ
2021-11-22,16750.0,17200.0,16400.0,16800.0,16106.751953125,579198.0,,,,,,,,,,,,,,,,,,,,9730526400.0,,,local_price_csv_fallback,054450.KQ
2021-11-23,16800.0,16800.0,15950.0,16250.0,15579.4453125,284561.0,,,,,,,,,,,,,,,,,,,,4624116250.0,,,local_price_csv_fallback,054450.KQ
2021-11-24,16700.0,17050.0,16000.0,16150.0,15483.5732421875,262030.0,,,,,,,,,,,,,,,,,,,,4231784500.0,,,local_price_csv_fallback,054450.KQ
2021-11-25,16200.0,16400.0,15850.0,16200.0,15531.509765625,151586.0,,,,,,,,,,,,,,,,,,,,2455693200.0,,,local_price_csv_fallback,054450.KQ
2021-11-26,16500.0,16600.0,15250.0,15350.0,14716.5849609375,252396.0,,,,,,,,,,,,,,,,,,,,3874278600.0,,,local_price_csv_fallback,054450.KQ
2021-11-29,14600.0,15200.0,14550.0,14800.0,14189.2802734375,220135.0,,,,,,,,,,,,,,,,,,,,3257998000.0,,,local_price_csv_fallback,054450.KQ
2021-11-30,15050.0,15300.0,14100.0,14200.0,13614.0400390625,270618.0,,,,,,,,,,,,,,,,,,,,3842775600.0,,,local_price_csv_fallback,054450.KQ
2021-12-01,14150.0,14900.0,14000.0,14600.0,13997.533203125,207905.0,,,,,,,,,,,,,,,,,,,,3035413000.0,,,local_price_csv_fallback,054450.KQ
2021-12-02,14200.0,15350.0,14200.0,15300.0,14668.6484375,263792.0,,,,,,,,,,,,,,,,,,,,4036017600.0,,,local_price_csv_fallback,054450.KQ
2021-12-03,15300.0,15700.0,15000.0,15500.0,14860.39453125,294770.0,,,,,,,,,,,,,,,,,,,,4568935000.0,,,local_price_csv_fallback,054450.KQ
2021-12-06,15300.0,16200.0,15200.0,15800.0,15148.0166015625,333196.0,,,,,,,,,,,,,,,,,,,,5264496800.0,,,local_price_csv_fallback,054450.KQ
2021-12-07,15900.0,16400.0,15600.0,16300.0,15627.3828125,377320.0,,,,,,,,,,,,,,,,,,,,6150316000.0,,,local_price_csv_fallback,054450.KQ
2021-12-08,16600.0,17550.0,15850.0,15950.0,15291.826171875,1936274.0,,,,,,,,,,,,,,,,,,,,30883570300.0,,,local_price_csv_fallback,054450.KQ
2021-12-09,15950.0,16250.0,15750.0,16050.0,15387.6982421875,160098.0,,,,,,,,,,,,,,,,,,,,2569572900.0,,,local_price_csv_fallback,054450.KQ
2021-12-10,16050.0,16100.0,15750.0,15750.0,15100.0791015625,123830.0,,,,,,,,,,,,,,,,,,,,1950322500.0,,,local_price_csv_fallback,054450.KQ
2021-12-13,15800.0,16800.0,15750.0,16300.0,15627.3828125,399733.0,,,,,,,,,,,,,,,,,,,,6515647900.0,,,local_price_csv_fallback,054450.KQ
2021-12-14,16100.0,16450.0,15900.0,16000.0,15339.76171875,156322.0,,,,,,,,,,,,,,,,,,,,2501152000.0,,,local_price_csv_fallback,054450.KQ
2021-12-15,16000.0,16300.0,15850.0,16200.0,15531.509765625,170283.0,,,,,,,,,,,,,,,,,,,,2758584600.0,,,local_price_csv_fallback,054450.KQ
2021-12-16,16800.0,18400.0,16250.0,16250.0,15579.4453125,3268038.0,,,,,,,,,,,,,,,,,,,,53105617500.0,,,local_price_csv_fallback,054450.KQ
2021-12-17,16250.0,17400.0,16050.0,17150.0,16442.310546875,1087860.0,,,,,,,,,,,,,,,,,,,,18656799000.0,,,local_price_csv_fallback,054450.KQ
2021-12-20,17250.0,17450.0,16550.0,16600.0,15915.00390625,611732.0,,,,,,,,,,,,,,,,,,,,10154751200.0,,,local_price_csv_fallback,054450.KQ
2021-12-21,16900.0,17300.0,16500.0,17250.0,16538.181640625,479155.0,,,,,,,,,,,,,,,,,,,,8265423750.0,,,local_price_csv_fallback,054450.KQ
2021-12-22,17550.0,18150.0,17050.0,17200.0,16490.244140625,1188104.0,,,,,,,,,,,,,,,,,,,,20435388800.0,,,local_price_csv_fallback,054450.KQ
2021-12-23,17350.0,17750.0,17100.0,17500.0,16777.865234375,459919.0,,,,,,,,,,,,,,,,,,,,8048582500.0,,,local_price_csv_fallback,054450.KQ
2021-12-24,17650.0,17700.0,17050.0,17200.0,16490.244140625,337767.0,,,,,,,,,,,,,,,,,,,,5809592400.0,,,local_price_csv_fallback,054450.KQ
2021-12-27,17200.0,17600.0,17050.0,17350.0,16634.0546875,523322.0,,,,,,,,,,,,,,,,,,,,9079636700.0,,,local_price_csv_fallback,054450.KQ
2021-12-28,19850.0,20050.0,17750.0,17900.0,17161.359375,6347029.0,,,,,,,,,,,,,,,,,,,,113611819100.0,,,local_price_csv_fallback,054450.KQ
2021-12-29,17750.0,18450.0,17650.0,18200.0,17566.74609375,787844.0,,,,,,,,,,,,,,,,,,,,14338760800.0,,,local_price_csv_fallback,054450.KQ
2021-12-30,18050.0,18150.0,17250.0,17400.0,16794.58203125,692004.0,,,,,,,,,,,,,,,,,,,,12040869600.0,,,local_price_csv_fallback,054450.KQ
2022-01-04,18250.0,18650.0,17800.0,17900.0,17277.18359375,554769.0,,,,,,,,,,,,,,,,,,,,9930365100.0,,,local_price_csv_fallback,054450.KQ
2022-01-05,17800.0,18300.0,17600.0,18250.0,17615.0078125,519296.0,,,,,,,,,,,,,,,,,,,,9477152000.0,,,local_price_csv_fallback,054450.KQ
2022-01-06,17550.0,17900.0,16500.0,16550.0,15974.15625,635589.0,,,,,,,,,,,,,,,,,,,,10518997950.0,,,local_price_csv_fallback,054450.KQ
2022-01-07,16800.0,17400.0,16750.0,17050.0,16456.7578125,323465.0,,,,,,,,,,,,,,,,,,,,5515078250.0,,,local_price_csv_fallback,054450.KQ
2022-01-10,16900.0,17650.0,16700.0,17050.0,16456.7578125,310846.0,,,,,,,,,,,,,,,,,,,,5299924300.0,,,local_price_csv_fallback,054450.KQ
2022-01-11,17650.0,21450.0,17200.0,20850.0,20124.541015625,19988470.0,,,,,,,,,,,,,,,,,,,,416759599500.0,,,local_price_csv_fallback,054450.KQ
2022-01-12,21000.0,21600.0,20350.0,21600.0,20848.447265625,6832390.0,,,,,,,,,,,,,,,,,,,,147579624000.0,,,local_price_csv_fallback,054450.KQ
2022-01-13,21300.0,21500.0,20000.0,20300.0,19593.677734375,2831057.0,,,,,,,,,,,,,,,,,,,,57470457100.0,,,local_price_csv_fallback,054450.KQ
2022-01-14,19950.0,20600.0,19500.0,20200.0,19497.15625,2227814.0,,,,,,,,,,,,,,,,,,,,45001842800.0,,,local_price_csv_fallback,054450.KQ
2022-01-17,21000.0,22950.0,20500.0,21250.0,20510.623046875,10576220.0,,,,,,,,,,,,,,,,,,,,224744675000.0,,,local_price_csv_fallback,054450.KQ
2022-01-18,21400.0,22100.0,20550.0,21600.0,20848.447265625,3926264.0,,,,,,,,,,,,,,,,,,,,84807302400.0,,,local_price_csv_fallback,054450.KQ
2022-01-19,21100.0,21350.0,20050.0,20050.0,19352.376953125,1689265.0,,,,,,,,,,,,,,,,,,,,33869763250.0,,,local_price_csv_fallback,054450.KQ
2022-01-20,20250.0,20850.0,20100.0,20600.0,19883.2421875,1104638.0,,,,,,,,,,,,,,,,,,,,22755542800.0,,,local_price_csv_fallback,054450.KQ
2022-01-21,20000.0,20300.0,19150.0,19300.0,18628.47265625,1344663.0,,,,,,,,,,,,,,,,,,,,25951995900.0,,,local_price_csv_fallback,054450.KQ
2022-01-24,19200.0,19750.0,19000.0,19550.0,18869.775390625,1256347.0,,,,,,,,,,,,,,,,,,,,24561583850.0,,,local_price_csv_fallback,054450.KQ
2022-01-25,20100.0,20750.0,19300.0,20000.0,19304.1171875,2784812.0,,,,,,,,,,,,,,,,,,,,55696240000.0,,,local_price_csv_fallback,054450.KQ
2022-01-26,19950.0,20250.0,19400.0,20000.0,19304.1171875,1012347.0,,,,,,,,,,,,,,,,,,,,20246940000.0,,,local_price_csv_fallback,054450.KQ
2022-01-27,20200.0,20850.0,19700.0,20150.0,19448.896484375,2118393.0,,,,,,,,,,,,,,,,,,,,42685618950.0,,,local_price_csv_fallback,054450.KQ
2022-01-28,20350.0,21200.0,20100.0,20950.0,20221.064453125,2490782.0,,,,,,,,,,,,,,,,,,,,52181882900.0,,,local_price_csv_fallback,054450.KQ
2022-02-03,21100.0,21150.0,20050.0,20050.0,19352.376953125,1282420.0,,,,,,,,,,,,,,,,,,,,25712521000.0,,,local_price_csv_fallback,054450.KQ
2022-02-04,19750.0,20400.0,19150.0,20300.0,19593.677734375,1277467.0,,,,,,,,,,,,,,,,,,,,25932580100.0,,,local_price_csv_fallback,054450.KQ
2022-02-07,20250.0,20300.0,19650.0,19700.0,19014.5546875,575772.0,,,,,,,,,,,,,,,,,,,,11342708400.0,,,local_price_csv_fallback,054450.KQ
2022-02-08,19550.0,19650.0,18100.0,18150.0,17518.486328125,1435790.0,,,,,,,,,,,,,,,,,,,,26059588500.0,,,local_price_csv_fallback,054450.KQ
2022-02-09,18400.0,18650.0,18150.0,18350.0,17711.525390625,426239.0,,,,,,,,,,,,,,,,,,,,7821485650.0,,,local_price_csv_fallback,054450.KQ
2022-02-10,18550.0,18600.0,17800.0,18000.0,17373.705078125,692161.0,,,,,,,,,,,,,,,,,,,,12458898000.0,,,local_price_csv_fallback,054450.KQ
2022-02-11,18700.0,19200.0,17950.0,18050.0,17421.96484375,1037863.0,,,,,,,,,,,,,,,,,,,,18733427150.0,,,local_price_csv_fallback,054450.KQ
2022-02-14,17500.0,17650.0,16950.0,17000.0,16408.498046875,626751.0,,,,,,,,,,,,,,,,,,,,10654767000.0,,,local_price_csv_fallback,054450.KQ
2022-02-15,17350.0,17600.0,16500.0,16650.0,16070.6767578125,913071.0,,,,,,,,,,,,,,,,,,,,15202632150.0,,,local_price_csv_fallback,054450.KQ
2022-02-16,17350.0,17750.0,17100.0,17700.0,17084.142578125,631203.0,,,,,,,,,,,,,,,,,,,,11172293100.0,,,local_price_csv_fallback,054450.KQ
2022-02-17,17950.0,18200.0,16800.0,17400.0,16794.58203125,729993.0,,,,,,,,,,,,,,,,,,,,12701878200.0,,,local_price_csv_fallback,054450.KQ
2022-02-18,17150.0,18000.0,17050.0,17900.0,17277.18359375,420258.0,,,,,,,,,,,,,,,,,,,,7522618200.0,,,local_price_csv_fallback,054450.KQ
2022-02-21,17600.0,18150.0,17400.0,18100.0,17470.224609375,433664.0,,,,,,,,,,,,,,,,,,,,7849318400.0,,,local_price_csv_fallback,054450.KQ
2022-02-22,17700.0,18400.0,17550.0,17550.0,16939.36328125,709151.0,,,,,,,,,,,,,,,,,,,,12445600050.0,,,local_price_csv_fallback,054450.KQ
2022-02-23,17800.0,18100.0,17600.0,17900.0,17277.18359375,375675.0,,,,,,,,,,,,,,,,,,,,6724582500.0,,,local_price_csv_fallback,054450.KQ
2022-02-24,17500.0,17850.0,17000.0,17000.0,16408.498046875,436491.0,,,,,,,,,,,,,,,,,,,,7420347000.0,,,local_price_csv_fallback,054450.KQ
2022-02-25,17450.0,18050.0,17100.0,17700.0,17084.142578125,841607.0,,,,,,,,,,,,,,,,,,,,14896443900.0,,,local_price_csv_fallback,054450.KQ
2022-02-28,17650.0,18150.0,17400.0,17800.0,17180.6640625,388202.0,,,,,,,,,,,,,,,,,,,,6909995600.0,,,local_price_csv_fallback,054450.KQ
2022-03-02,17600.0,18100.0,17600.0,18050.0,17421.96484375,285082.0,,,,,,,,,,,,,,,,,,,,5145730100.0,,,local_price_csv_fallback,054450.KQ
2022-03-03,18200.0,18700.0,18150.0,18400.0,17759.787109375,640645.0,,,,,,,,,,,,,,,,,,,,11787868000.0,,,local_price_csv_fallback,054450.KQ
2022-03-04,18450.0,18450.0,17900.0,18000.0,17373.705078125,294180.0,,,,,,,,,,,,,,,,,,,,5295240000.0,,,local_price_csv_fallback,054450.KQ
2022-03-07,17650.0,17900.0,17300.0,17350.0,16746.3203125,304458.0,,,,,,,,,,,,,,,,,,,,5282346300.0,,,local_price_csv_fallback,054450.KQ
2022-03-08,17000.0,17750.0,17000.0,17400.0,16794.58203125,316552.0,,,,,,,,,,,,,,,,,,,,5508004800.0,,,local_price_csv_fallback,054450.KQ
2022-03-10,18050.0,18100.0,17400.0,17700.0,17084.142578125,202169.0,,,,,,,,,,,,,,,,,,,,3578391300.0,,,local_price_csv_fallback,054450.KQ
2022-03-11,17550.0,17750.0,17300.0,17450.0,16842.841796875,189250.0,,,,,,,,,,,,,,,,,,,,3302412500.0,,,local_price_csv_fallback,054450.KQ
2022-03-14,17750.0,17950.0,17400.0,17650.0,17035.880859375,328692.0,,,,,,,,,,,,,,,,,,,,5801413800.0,,,local_price_csv_fallback,054450.KQ
2022-03-15,17550.0,17600.0,17250.0,17250.0,16649.80078125,165732.0,,,,,,,,,,,,,,,,,,,,2858877000.0,,,local_price_csv_fallback,054450.KQ
2022-03-16,17550.0,17600.0,17250.0,17400.0,16794.58203125,205336.0,,,,,,,,,,,,,,,,,,,,3572846400.0,,,local_price_csv_fallback,054450.KQ
2022-03-17,17750.0,18350.0,17650.0,18300.0,17663.265625,687152.0,,,,,,,,,,,,,,,,,,,,12574881600.0,,,local_price_csv_fallback,054450.KQ
2022-03-18,18300.0,18300.0,17850.0,18250.0,17615.0078125,410149.0,,,,,,,,,,,,,,,,,,,,7485219250.0,,,local_price_csv_fallback,054450.KQ
2022-03-21,18350.0,18500.0,18050.0,18100.0,17470.224609375,340206.0,,,,,,,,,,,,,,,,,,,,6157728600.0,,,local_price_csv_fallback,054450.KQ
2022-03-22,18150.0,18600.0,18050.0,18500.0,17856.30859375,455060.0,,,,,,,,,,,,,,,,,,,,8418610000.0,,,local_price_csv_fallback,054450.KQ
2022-03-23,18700.0,18750.0,18050.0,18150.0,17518.486328125,370960.0,,,,,,,,,,,,,,,,,,,,6732924000.0,,,local_price_csv_fallback,054450.KQ
2022-03-24,18050.0,18350.0,17850.0,18250.0,17615.0078125,260634.0,,,,,,,,,,,,,,,,,,,,4756570500.0,,,local_price_csv_fallback,054450.KQ
2022-03-25,18450.0,18900.0,18200.0,18600.0,17952.828125,790349.0,,,,,,,,,,,,,,,,,,,,14700491400.0,,,local_price_csv_fallback,054450.KQ
2022-03-28,18700.0,18700.0,18200.0,18450.0,17808.048828125,424917.0,,,,,,,,,,,,,,,,,,,,7839718650.0,,,local_price_csv_fallback,054450.KQ
2022-03-29,18500.0,18600.0,18050.0,18250.0,17615.0078125,338173.0,,,,,,,,,,,,,,,,,,,,6171657250.0,,,local_price_csv_fallback,054450.KQ
2022-03-30,18550.0,18800.0,18200.0,18350.0,17711.525390625,694390.0,,,,,,,,,,,,,,,,,,,,12742056500.0,,,local_price_csv_fallback,054450.KQ
2022-03-31,18250.0,18350.0,18050.0,18100.0,17470.224609375,272026.0,,,,,,,,,,,,,,,,,,,,4923670600.0,,,local_price_csv_fallback,054450.KQ
2022-04-01,17950.0,18000.0,17600.0,17650.0,17035.880859375,291061.0,,,,,,,,,,,,,,,,,,,,5137226650.0,,,local_price_csv_fallback,054450.KQ
2022-04-04,17700.0,19450.0,17400.0,18200.0,17566.74609375,2503570.0,,,,,,,,,,,,,,,,,,,,45564974000.0,,,local_price_csv_fallback,054450.KQ
2022-04-05,18250.0,18350.0,18000.0,18000.0,17373.705078125,310447.0,,,,,,,,,,,,,,,,,,,,5588046000.0,,,local_price_csv_fallback,054450.KQ
2022-04-06,17950.0,19750.0,17950.0,19550.0,18869.775390625,3782949.0,,,,,,,,,,,,,,,,,,,,73956652950.0,,,local_price_csv_fallback,054450.KQ
2022-04-07,19500.0,19950.0,19050.0,19950.0,19255.857421875,1456293.0,,,,,,,,,,,,,,,,,,,,29053045350.0,,,local_price_csv_fallback,054450.KQ
2022-04-08,19550.0,19600.0,18900.0,19200.0,18531.951171875,791287.0,,,,,,,,,,,,,,,,,,,,15192710400.0,,,local_price_csv_fallback,054450.KQ
2022-04-11,19200.0,19650.0,18850.0,18900.0,18242.390625,449772.0,,,,,,,,,,,,,,,,,,,,8500690800.0,,,local_price_csv_fallback,054450.KQ
2022-04-12,18650.0,18850.0,18350.0,18650.0,18001.087890625,403667.0,,,,,,,,,,,,,,,,,,,,7528389550.0,,,local_price_csv_fallback,054450.KQ
2022-04-13,18800.0,19300.0,18750.0,18950.0,18290.65234375,380018.0,,,,,,,,,,,,,,,,,,,,7201341100.0,,,local_price_csv_fallback,054450.KQ
2022-04-14,19300.0,19450.0,18900.0,19400.0,18724.994140625,393918.0,,,,,,,,,,,,,,,,,,,,7642009200.0,,,local_price_csv_fallback,054450.KQ
2022-04-15,19200.0,19600.0,18900.0,19450.0,18773.25390625,419971.0,,,,,,,,,,,,,,,,,,,,8168435950.0,,,local_price_csv_fallback,054450.KQ
2022-04-18,19500.0,19500.0,19000.0,19100.0,18435.431640625,252194.0,,,,,,,,,,,,,,,,,,,,4816905400.0,,,local_price_csv_fallback,054450.KQ
2022-04-19,19050.0,19450.0,19000.0,19250.0,18580.212890625,314623.0,,,,,,,,,,,,,,,,,,,,6056492750.0,,,local_price_csv_fallback,054450.KQ
2022-04-20,19500.0,20100.0,19250.0,19700.0,19014.5546875,940570.0,,,,,,,,,,,,,,,,,,,,18529229000.0,,,local_price_csv_fallback,054450.KQ
2022-04-21,19900.0,20100.0,19200.0,19350.0,18676.732421875,618095.0,,,,,,,,,,,,,,,,,,,,11960138250.0,,,local_price_csv_fallback,054450.KQ
2022-04-22,19400.0,19600.0,18950.0,19300.0,18628.47265625,405971.0,,,,,,,,,,,,,,,,,,,,7835240300.0,,,local_price_csv_fallback,054450.KQ
2022-04-25,18800.0,19150.0,17800.0,18100.0,17470.224609375,794700.0,,,,,,,,,,,,,,,,,,,,14384070000.0,,,local_price_csv_fallback,054450.KQ
2022-04-26,18450.0,18700.0,18000.0,18000.0,17373.705078125,594702.0,,,,,,,,,,,,,,,,,,,,10704636000.0,,,local_price_csv_fallback,054450.KQ
2022-04-27,17400.0,17700.0,17300.0,17600.0,16987.623046875,334570.0,,,,,,,,,,,,,,,,,,,,5888432000.0,,,local_price_csv_fallback,054450.KQ
2022-04-28,17900.0,17950.0,17300.0,17350.0,16746.3203125,213222.0,,,,,,,,,,,,,,,,,,,,3699401700.0,,,local_price_csv_fallback,054450.KQ
2022-04-29,17450.0,17700.0,17450.0,17500.0,16891.1015625,146821.0,,,,,,,,,,,,,,,,,,,,2569367500.0,,,local_price_csv_fallback,054450.KQ
2022-05-03,17950.0,17950.0,17550.0,17750.0,17132.40234375,213946.0,,,,,,,,,,,,,,,,,,,,3797541500.0,,,local_price_csv_fallback,054450.KQ
2022-05-04,17900.0,17900.0,17250.0,17300.0,16698.060546875,259466.0,,,,,,,,,,,,,,,,,,,,4488761800.0,,,local_price_csv_fallback,054450.KQ
2022-05-06,17050.0,17250.0,16900.0,16950.0,16360.240234375,174227.0,,,,,,,,,,,,,,,,,,,,2953147650.0,,,local_price_csv_fallback,054450.KQ
2022-05-10,15500.0,16300.0,15300.0,16200.0,15636.333984375,253409.0,,,,,,,,,,,,,,,,,,,,4105225800.0,,,local_price_csv_fallback,054450.KQ
2022-05-11,16200.0,16650.0,16100.0,16400.0,15829.3759765625,126498.0,,,,,,,,,,,,,,,,,,,,2074567200.0,,,local_price_csv_fallback,054450.KQ
2022-05-12,16050.0,16900.0,16050.0,16500.0,15925.8955078125,256001.0,,,,,,,,,,,,,,,,,,,,4224016500.0,,,local_price_csv_fallback,054450.KQ
2022-05-13,17300.0,17850.0,17100.0,17750.0,17132.40234375,725060.0,,,,,,,,,,,,,,,,,,,,12869815000.0,,,local_price_csv_fallback,054450.KQ
2022-05-16,17900.0,17950.0,17500.0,17800.0,17180.6640625,267727.0,,,,,,,,,,,,,,,,,,,,4765540600.0,,,local_price_csv_fallback,054450.KQ
2022-05-17,17550.0,18700.0,17550.0,18450.0,17808.048828125,693832.0,,,,,,,,,,,,,,,,,,,,12801200400.0,,,local_price_csv_fallback,054450.KQ
2022-05-18,18950.0,19050.0,18400.0,18450.0,17808.048828125,868400.0,,,,,,,,,,,,,,,,,,,,16021980000.0,,,local_price_csv_fallback,054450.KQ
2022-05-19,18000.0,19750.0,17800.0,19200.0,18531.951171875,2031470.0,,,,,,,,,,,,,,,,,,,,39004224000.0,,,local_price_csv_fallback,054450.KQ
2022-05-20,19450.0,19450.0,18800.0,18900.0,18242.390625,482931.0,,,,,,,,,,,,,,,,,,,,9127395900.0,,,local_price_csv_fallback,054450.KQ
2022-05-23,19000.0,19550.0,18500.0,18850.0,18194.130859375,454410.0,,,,,,,,,,,,,,,,,,,,8565628500.0,,,local_price_csv_fallback,054450.KQ
2022-05-24,18950.0,19250.0,18400.0,18500.0,17856.30859375,291183.0,,,,,,,,,,,,,,,,,,,,5386885500.0,,,local_price_csv_fallback,054450.KQ
2022-05-25,18650.0,18850.0,18250.0,18300.0,17663.265625,211677.0,,,,,,,,,,,,,,,,,,,,3873689100.0,,,local_price_csv_fallback,054450.KQ
2022-05-26,18500.0,18850.0,18100.0,18200.0,17566.74609375,311603.0,,,,,,,,,,,,,,,,,,,,5671174600.0,,,local_price_csv_fallback,054450.KQ
2022-05-27,18400.0,18450.0,17850.0,18000.0,17373.705078125,191691.0,,,,,,,,,,,,,,,,,,,,3450438000.0,,,local_price_csv_fallback,054450.KQ
2022-05-30,18300.0,18500.0,18000.0,18300.0,17663.265625,163221.0,,,,,,,,,,,,,,,,,,,,2986944300.0,,,local_price_csv_fallback,054450.KQ
2022-05-31,18300.0,18450.0,18150.0,18350.0,17711.525390625,136859.0,,,,,,,,,,,,,,,,,,,,2511362650.0,,,local_price_csv_fallback,054450.KQ
2022-06-02,18900.0,19550.0,18600.0,18650.0,18001.087890625,794096.0,,,,,,,,,,,,,,,,,,,,14809890400.0,,,local_price_csv_fallback,054450.KQ
2022-06-03,18750.0,18850.0,18450.0,18500.0,17856.30859375,157954.0,,,,,,,,,,,,,,,,,,,,2922149000.0,,,local_price_csv_fallback,054450.KQ
2022-06-07,18400.0,18450.0,17700.0,17700.0,17084.142578125,274267.0,,,,,,,,,,,,,,,,,,,,4854525900.0,,,local_price_csv_fallback,054450.KQ
2022-06-08,17900.0,17950.0,17350.0,17350.0,16746.3203125,202547.0,,,,,,,,,,,,,,,,,,,,3514190450.0,,,local_price_csv_fallback,054450.KQ
2022-06-09,17400.0,17450.0,16900.0,17400.0,16794.58203125,198099.0,,,,,,,,,,,,,,,,,,,,3446922600.0,,,local_price_csv_fallback,054450.KQ
2022-06-10,17850.0,18450.0,17500.0,17500.0,16891.1015625,527087.0,,,,,,,,,,,,,,,,,,,,9224022500.0,,,local_price_csv_fallback,054450.KQ
2022-06-13,17000.0,17200.0,16600.0,16650.0,16070.6767578125,222566.0,,,,,,,,,,,,,,,,,,,,3705723900.0,,,local_price_csv_fallback,054450.KQ
2022-06-14,16000.0,16500.0,15650.0,16300.0,15732.85546875,427123.0,,,,,,,,,,,,,,,,,,,,6962104900.0,,,local_price_csv_fallback,054450.KQ
2022-06-15,16150.0,16250.0,15400.0,15600.0,15057.2109375,206608.0,,,,,,,,,,,,,,,,,,,,3223084800.0,,,local_price_csv_fallback,054450.KQ
2022-06-16,16100.0,16300.0,15500.0,15550.0,15008.9501953125,182249.0,,,,,,,,,,,,,,,,,,,,2833971950.0,,,local_price_csv_fallback,054450.KQ
2022-06-17,14850.0,15900.0,14800.0,15750.0,15201.9921875,199268.0,,,,,,,,,,,,,,,,,,,,3138471000.0,,,local_price_csv_fallback,054450.KQ
2022-06-20,16000.0,16100.0,15050.0,15200.0,14671.1279296875,204728.0,,,,,,,,,,,,,,,,,,,,3111865600.0,,,local_price_csv_fallback,054450.KQ
2022-06-21,15200.0,15500.0,14900.0,15250.0,14719.388671875,138234.0,,,,,,,,,,,,,,,,,,,,2108068500.0,,,local_price_csv_fallback,054450.KQ
2022-06-22,15350.0,15450.0,14000.0,14050.0,13561.1416015625,243200.0,,,,,,,,,,,,,,,,,,,,3416960000.0,,,local_price_csv_fallback,054450.KQ
2022-06-23,14050.0,14250.0,13050.0,13200.0,12740.716796875,333819.0,,,,,,,,,,,,,,,,,,,,4406410800.0,,,local_price_csv_fallback,054450.KQ
2022-06-24,13150.0,14100.0,13150.0,14050.0,13561.1416015625,193875.0,,,,,,,,,,,,,,,,,,,,2723943750.0,,,local_price_csv_fallback,054450.KQ
2022-06-27,14200.0,15350.0,13850.0,15200.0,14671.1279296875,434709.0,,,,,,,,,,,,,,,,,,,,6607576800.0,,,local_price_csv_fallback,054450.KQ
2022-06-28,15350.0,15450.0,15050.0,15250.0,14719.388671875,218414.0,,,,,,,,,,,,,,,,,,,,3330813500.0,,,local_price_csv_fallback,054450.KQ
2022-06-29,14900.0,15250.0,14750.0,15150.0,14622.8681640625,103028.0,,,,,,,,,,,,,,,,,,,,1560874200.0,,,local_price_csv_fallback,054450.KQ
2022-06-30,15050.0,15050.0,14100.0,14100.0,13609.40234375,199234.0,,,,,,,,,,,,,,,,,,,,2809199400.0,,,local_price_csv_fallback,054450.KQ
2022-07-01,14150.0,14600.0,13700.0,14300.0,13802.443359375,189109.0,,,,,,,,,,,,,,,,,,,,2704258700.0,,,local_price_csv_fallback,054450.KQ
2022-07-04,14300.0,14350.0,13500.0,14000.0,13512.8818359375,131845.0,,,,,,,,,,,,,,,,,,,,1845830000.0,,,local_price_csv_fallback,054450.KQ
2022-07-05,14050.0,14500.0,14000.0,14300.0,13802.443359375,123708.0,,,,,,,,,,,,,,,,,,,,1769024400.0,,,local_price_csv_fallback,054450.KQ
2022-07-06,14300.0,14550.0,13850.0,13900.0,13416.361328125,160443.0,,,,,,,,,,,,,,,,,,,,2230157700.0,,,local_price_csv_fallback,054450.KQ
2022-07-07,14100.0,14500.0,14100.0,14400.0,13898.9638671875,111444.0,,,,,,,,,,,,,,,,,,,,1604793600.0,,,local_price_csv_fallback,054450.KQ
2022-07-08,14700.0,14700.0,14350.0,14400.0,13898.9638671875,103370.0,,,,,,,,,,,,,,,,,,,,1488528000.0,,,local_price_csv_fallback,054450.KQ
2022-07-11,14400.0,15200.0,14200.0,15050.0,14526.34765625,279278.0,,,,,,,,,,,,,,,,,,,,4203133900.0,,,local_price_csv_fallback,054450.KQ
2022-07-12,14750.0,14850.0,14300.0,14450.0,13947.224609375,141382.0,,,,,,,,,,,,,,,,,,,,2042969900.0,,,local_price_csv_fallback,054450.KQ
2022-07-13,14400.0,14650.0,14200.0,14500.0,13995.4833984375,96715.0,,,,,,,,,,,,,,,,,,,,1402367500.0,,,local_price_csv_fallback,054450.KQ
2022-07-14,14300.0,14700.0,14250.0,14400.0,13898.9638671875,74366.0,,,,,,,,,,,,,,,,,,,,1070870400.0,,,local_price_csv_fallback,054450.KQ
2022-07-15,14600.0,14750.0,14300.0,14700.0,14188.525390625,163052.0,,,,,,,,,,,,,,,,,,,,2396864400.0,,,local_price_csv_fallback,054450.KQ
2022-07-18,14950.0,15050.0,14750.0,14950.0,14429.8271484375,138848.0,,,,,,,,,,,,,,,,,,,,2075777600.0,,,local_price_csv_fallback,054450.KQ
2022-07-19,14800.0,14900.0,14700.0,14800.0,14285.046875,67024.0,,,,,,,,,,,,,,,,,,,,991955200.0,,,local_price_csv_fallback,054450.KQ
2022-07-20,15200.0,15200.0,14700.0,14700.0,14188.525390625,131931.0,,,,,,,,,,,,,,,,,,,,1939385700.0,,,local_price_csv_fallback,054450.KQ
2022-07-21,14800.0,15350.0,14800.0,15350.0,14815.9091796875,282551.0,,,,,,,,,,,,,,,,,,,,4337157850.0,,,local_price_csv_fallback,054450.KQ
2022-07-22,15400.0,15450.0,14950.0,15000.0,14478.0869140625,131577.0,,,,,,,,,,,,,,,,,,,,1973655000.0,,,local_price_csv_fallback,054450.KQ
2022-07-25,14900.0,15150.0,14850.0,15050.0,14526.34765625,63300.0,,,,,,,,,,,,,,,,,,,,952665000.0,,,local_price_csv_fallback,054450.KQ
2022-07-26,15000.0,15100.0,14850.0,15000.0,14478.0869140625,52062.0,,,,,,,,,,,,,,,,,,,,780930000.0,,,local_price_csv_fallback,054450.KQ
2022-07-27,15000.0,15150.0,14900.0,15050.0,14526.34765625,68590.0,,,,,,,,,,,,,,,,,,,,1032279500.0,,,local_price_csv_fallback,054450.KQ
2022-07-28,15450.0,15450.0,15050.0,15250.0,14719.388671875,160544.0,,,,,,,,,,,,,,,,,,,,2448296000.0,,,local_price_csv_fallback,054450.KQ
2022-07-29,15400.0,15500.0,15200.0,15300.0,14767.6494140625,154709.0,,,,,,,,,,,,,,,,,,,,2367047700.0,,,local_price_csv_fallback,054450.KQ
2022-08-01,15350.0,15450.0,15150.0,15450.0,14912.4306640625,115514.0,,,,,,,,,,,,,,,,,,,,1784691300.0,,,local_price_csv_fallback,054450.KQ
2022-08-02,15450.0,16000.0,15300.0,15900.0,15346.7734375,473671.0,,,,,,,,,,,,,,,,,,,,7531368900.0,,,local_price_csv_fallback,054450.KQ
2022-08-03,16650.0,16850.0,16000.0,16150.0,15588.07421875,719720.0,,,,,,,,,,,,,,,,,,,,11623478000.0,,,local_price_csv_fallback,054450.KQ
2022-08-04,16150.0,16450.0,15900.0,16000.0,15443.29296875,272334.0,,,,,,,,,,,,,,,,,,,,4357344000.0,,,local_price_csv_fallback,054450.KQ
2022-08-05,16150.0,16150.0,15950.0,15950.0,15395.033203125,124332.0,,,,,,,,,,,,,,,,,,,,1983095400.0,,,local_price_csv_fallback,054450.KQ
2022-08-08,15850.0,15850.0,15350.0,15650.0,15105.4716796875,156050.0,,,,,,,,,,,,,,,,,,,,2442182500.0,,,local_price_csv_fallback,054450.KQ
2022-08-09,15550.0,15700.0,15300.0,15550.0,15008.9501953125,116398.0,,,,,,,,,,,,,,,,,,,,1809988900.0,,,local_price_csv_fallback,054450.KQ
2022-08-10,15200.0,15550.0,15150.0,15200.0,14671.1279296875,134422.0,,,,,,,,,,,,,,,,,,,,2043214400.0,,,local_price_csv_fallback,054450.KQ
2022-08-11,15400.0,15550.0,15350.0,15400.0,14864.1708984375,99973.0,,,,,,,,,,,,,,,,,,,,1539584200.0,,,local_price_csv_fallback,054450.KQ
2022-08-12,15250.0,15700.0,15150.0,15500.0,14960.689453125,177274.0,,,,,,,,,,,,,,,,,,,,2747747000.0,,,local_price_csv_fallback,054450.KQ
2022-08-16,15900.0,16000.0,15800.0,15850.0,15298.51171875,214813.0,,,,,,,,,,,,,,,,,,,,3404786050.0,,,local_price_csv_fallback,054450.KQ
2022-08-17,16000.0,16050.0,15500.0,15800.0,15250.251953125,118915.0,,,,,,,,,,,,,,,,,,,,1878857000.0,,,local_price_csv_fallback,054450.KQ
2022-08-18,15650.0,16000.0,15500.0,15750.0,15201.9921875,111517.0,,,,,,,,,,,,,,,,,,,,1756392750.0,,,local_price_csv_fallback,054450.KQ
2022-08-19,15850.0,15850.0,15350.0,15350.0,14815.9091796875,96901.0,,,,,,,,,,,,,,,,,,,,1487430350.0,,,local_price_csv_fallback,054450.KQ
2022-08-22,15000.0,15100.0,14650.0,14650.0,14140.265625,128649.0,,,,,,,,,,,,,,,,,,,,1884707850.0,,,local_price_csv_fallback,054450.KQ
2022-08-23,14400.0,14650.0,14200.0,14200.0,13705.9228515625,105446.0,,,,,,,,,,,,,,,,,,,,1497333200.0,,,local_price_csv_fallback,054450.KQ
2022-08-24,14200.0,14550.0,14200.0,14350.0,13850.7041015625,78958.0,,,,,,,,,,,,,,,,,,,,1133047300.0,,,local_price_csv_fallback,054450.KQ
2022-08-25,14600.0,14750.0,14500.0,14750.0,14236.7861328125,64602.0,,,,,,,,,,,,,,,,,,,,952879500.0,,,local_price_csv_fallback,054450.KQ
2022-08-26,14850.0,14950.0,14500.0,14550.0,14043.7451171875,64485.0,,,,,,,,,,,,,,,,,,,,938256750.0,,,local_price_csv_fallback,054450.KQ
2022-08-29,13950.0,14150.0,13800.0,13950.0,13464.62109375,94911.0,,,,,,,,,,,,,,,,,,,,1324008450.0,,,local_price_csv_fallback,054450.KQ
2022-08-30,14000.0,14550.0,14000.0,14500.0,13995.4833984375,96276.0,,,,,,,,,,,,,,,,,,,,1396002000.0,,,local_price_csv_fallback,054450.KQ
2022-08-31,14400.0,14800.0,14350.0,14800.0,14285.046875,60881.0,,,,,,,,,,,,,,,,,,,,901038800.0,,,local_price_csv_fallback,054450.KQ
2022-09-01,14600.0,14750.0,14150.0,14250.0,13754.1826171875,72448.0,,,,,,,,,,,,,,,,,,,,1032384000.0,,,local_price_csv_fallback,054450.KQ
2022-09-02,14400.0,14500.0,14000.0,14050.0,13561.1416015625,87321.0,,,,,,,,,,,,,,,,,,,,1226860050.0,,,local_price_csv_fallback,054450.KQ
2022-09-05,14050.0,14200.0,13950.0,13950.0,13464.62109375,80057.0,,,,,,,,,,,,,,,,,,,,1116795150.0,,,local_price_csv_fallback,054450.KQ
2022-09-06,13950.0,14500.0,13950.0,14450.0,13947.224609375,99396.0,,,,,,,,,,,,,,,,,,,,1436272200.0,,,local_price_csv_fallback,054450.KQ
2022-09-07,14450.0,14550.0,13950.0,14000.0,13512.8818359375,76630.0,,,,,,,,,,,,,,,,,,,,1072820000.0,,,local_price_csv_fallback,054450.KQ
2022-09-08,14100.0,14250.0,13900.0,13900.0,13416.361328125,65833.0,,,,,,,,,,,,,,,,,,,,915078700.0,,,local_price_csv_fallback,054450.KQ
2022-09-13,14250.0,14500.0,14050.0,14450.0,13947.224609375,99213.0,,,,,,,,,,,,,,,,,,,,1433627850.0,,,local_price_csv_fallback,054450.KQ
2022-09-14,13800.0,14300.0,13800.0,14200.0,13705.9228515625,92233.0,,,,,,,,,,,,,,,,,,,,1309708600.0,,,local_price_csv_fallback,054450.KQ
2022-09-15,14350.0,14400.0,14050.0,14100.0,13609.40234375,65115.0,,,,,,,,,,,,,,,,,,,,918121500.0,,,local_price_csv_fallback,054450.KQ
2022-09-16,14000.0,14250.0,13950.0,14150.0,13657.662109375,85245.0,,,,,,,,,,,,,,,,,,,,1206216750.0,,,local_price_csv_fallback,054450.KQ
2022-09-19,14300.0,15300.0,14100.0,14700.0,14188.525390625,744020.0,,,,,,,,,,,,,,,,,,,,10937094000.0,,,local_price_csv_fallback,054450.KQ
2022-09-20,15200.0,15300.0,14600.0,14600.0,14092.0048828125,355833.0,,,,,,,,,,,,,,,,,,,,5195161800.0,,,local_price_csv_fallback,054450.KQ
2022-09-21,14700.0,14900.0,14200.0,14400.0,13898.9638671875,184811.0,,,,,,,,,,,,,,,,,,,,2661278400.0,,,local_price_csv_fallback,054450.KQ
2022-09-22,14250.0,14800.0,14250.0,14700.0,14188.525390625,200632.0,,,,,,,,,,,,,,,,,,,,2949290400.0,,,local_price_csv_fallback,054450.KQ
2022-09-23,14700.0,15700.0,14600.0,15200.0,14671.1279296875,1202513.0,,,,,,,,,,,,,,,,,,,,18278197600.0,,,local_price_csv_fallback,054450.KQ
2022-09-26,14950.0,15000.0,13600.0,13650.0,13175.060546875,410437.0,,,,,,,,,,,,,,,,,,,,5602465050.0,,,local_price_csv_fallback,054450.KQ
2022-09-27,13850.0,14050.0,13000.0,13500.0,13030.2783203125,257241.0,,,,,,,,,,,,,,,,,,,,3472753500.0,,,local_price_csv_fallback,054450.KQ
2022-09-28,13250.0,13500.0,12550.0,12750.0,12306.373046875,227614.0,,,,,,,,,,,,,,,,,,,,2902078500.0,,,local_price_csv_fallback,054450.KQ
2022-09-29,13000.0,13600.0,13000.0,13000.0,12547.67578125,211107.0,,,,,,,,,,,,,,,,,,,,2744391000.0,,,local_price_csv_fallback,054450.KQ
2022-09-30,12750.0,13350.0,12700.0,13100.0,12644.1962890625,164875.0,,,,,,,,,,,,,,,,,,,,2159862500.0,,,local_price_csv_fallback,054450.KQ
2022-10-04,13600.0,14500.0,13400.0,13800.0,13319.8408203125,468694.0,,,,,,,,,,,,,,,,,,,,6467977200.0,,,local_price_csv_fallback,054450.KQ
2022-10-05,14000.0,14250.0,13500.0,13500.0,13030.2783203125,149529.0,,,,,,,,,,,,,,,,,,,,2018641500.0,,,local_price_csv_fallback,054450.KQ
2022-10-06,13700.0,13950.0,13550.0,13800.0,13319.8408203125,92567.0,,,,,,,,,,,,,,,,,,,,1277424600.0,,,local_price_csv_fallback,054450.KQ
2022-10-07,13750.0,14050.0,13700.0,13800.0,13319.8408203125,103371.0,,,,,,,,,,,,,,,,,,,,1426519800.0,,,local_price_csv_fallback,054450.KQ
2022-10-11,13450.0,13550.0,12900.0,13050.0,12595.935546875,98043.0,,,,,,,,,,,,,,,,,,,,1279461150.0,,,local_price_csv_fallback,054450.KQ
2022-10-12,12850.0,13200.0,12800.0,12900.0,12451.1552734375,84045.0,,,,,,,,,,,,,,,,,,,,1084180500.0,,,local_price_csv_fallback,054450.KQ
2022-10-13,12900.0,12900.0,11850.0,11950.0,11534.2099609375,133901.0,,,,,,,,,,,,,,,,,,,,1600116950.0,,,local_price_csv_fallback,054450.KQ
2022-10-14,12350.0,12400.0,12200.0,12300.0,11872.0322265625,96279.0,,,,,,,,,,,,,,,,,,,,1184231700.0,,,local_price_csv_fallback,054450.KQ
2022-10-17,12050.0,12650.0,11950.0,12550.0,12113.3330078125,96601.0,,,,,,,,,,,,,,,,,,,,1212342550.0,,,local_price_csv_fallback,054450.KQ
2022-10-18,12800.0,12850.0,12450.0,12700.0,12258.11328125,81175.0,,,,,,,,,,,,,,,,,,,,1030922500.0,,,local_price_csv_fallback,054450.KQ
2022-10-19,12800.0,12900.0,12500.0,12650.0,12209.8544921875,66350.0,,,,,,,,,,,,,,,,,,,,839327500.0,,,local_price_csv_fallback,054450.KQ
2022-10-20,12500.0,12800.0,12350.0,12600.0,12161.59375,58349.0,,,,,,,,,,,,,,,,,,,,735197400.0,,,local_price_csv_fallback,054450.KQ
2022-10-21,12500.0,12650.0,12200.0,12400.0,11968.552734375,44474.0,,,,,,,,,,,,,,,,,,,,551477600.0,,,local_price_csv_fallback,054450.KQ
2022-10-24,12700.0,12750.0,12400.0,12500.0,12065.072265625,58859.0,,,,,,,,,,,,,,,,,,,,735737500.0,,,local_price_csv_fallback,054450.KQ
2022-10-25,12650.0,13000.0,12450.0,13000.0,12547.67578125,154565.0,,,,,,,,,,,,,,,,,,,,2009345000.0,,,local_price_csv_fallback,054450.KQ
2022-10-26,12900.0,13000.0,12600.0,12650.0,12209.8544921875,82099.0,,,,,,,,,,,,,,,,,,,,1038552350.0,,,local_price_csv_fallback,054450.KQ
2022-10-27,13000.0,13050.0,12600.0,12700.0,12258.11328125,102651.0,,,,,,,,,,,,,,,,,,,,1303667700.0,,,local_price_csv_fallback,054450.KQ
2022-10-28,12650.0,12750.0,12250.0,12350.0,11920.2919921875,83213.0,,,,,,,,,,,,,,,,,,,,1027680550.0,,,local_price_csv_fallback,054450.KQ
2022-10-31,12500.0,12650.0,12350.0,12450.0,12016.8134765625,64464.0,,,,,,,,,,,,,,,,,,,,802576800.0,,,local_price_csv_fallback,054450.KQ
2022-11-01,12550.0,12850.0,12450.0,12800.0,12354.6357421875,66601.0,,,,,,,,,,,,,,,,,,,,852492800.0,,,local_price_csv_fallback,054450.KQ
2022-11-02,12750.0,13050.0,12650.0,12750.0,12306.373046875,60569.0,,,,,,,,,,,,,,,,,,,,772254750.0,,,local_price_csv_fallback,054450.KQ
2022-11-03,12400.0,12850.0,12400.0,12750.0,12306.373046875,48731.0,,,,,,,,,,,,,,,,,,,,621320250.0,,,local_price_csv_fallback,054450.KQ
2022-11-04,12750.0,12800.0,12450.0,12750.0,12306.373046875,46628.0,,,,,,,,,,,,,,,,,,,,594507000.0,,,local_price_csv_fallback,054450.KQ
2022-11-07,12850.0,13000.0,12700.0,12850.0,12402.89453125,51098.0,,,,,,,,,,,,,,,,,,,,656609300.0,,,local_price_csv_fallback,054450.KQ
2022-11-08,12900.0,13300.0,12900.0,13150.0,12692.45703125,96162.0,,,,,,,,,,,,,,,,,,,,1264530300.0,,,local_price_csv_fallback,054450.KQ
2022-11-09,13300.0,13400.0,13100.0,13350.0,12885.498046875,68654.0,,,,,,,,,,,,,,,,,,,,916530900.0,,,local_price_csv_fallback,054450.KQ
2022-11-10,13200.0,13300.0,13050.0,13200.0,12740.716796875,61456.0,,,,,,,,,,,,,,,,,,,,811219200.0,,,local_price_csv_fallback,054450.KQ
2022-11-11,14100.0,14150.0,13550.0,13650.0,13175.060546875,199517.0,,,,,,,,,,,,,,,,,,,,2723407050.0,,,local_price_csv_fallback,054450.KQ
2022-11-14,13750.0,14100.0,13650.0,13650.0,13175.060546875,153610.0,,,,,,,,,,,,,,,,,,,,2096776500.0,,,local_price_csv_fallback,054450.KQ
2022-11-15,13800.0,14150.0,13600.0,14100.0,13609.40234375,184355.0,,,,,,,,,,,,,,,,,,,,2599405500.0,,,local_price_csv_fallback,054450.KQ
2022-11-16,14100.0,14150.0,13850.0,13950.0,13464.62109375,117973.0,,,,,,,,,,,,,,,,,,,,1645723350.0,,,local_price_csv_fallback,054450.KQ
2022-11-17,13900.0,14050.0,13650.0,13650.0,13175.060546875,135136.0,,,,,,,,,,,,,,,,,,,,1844606400.0,,,local_price_csv_fallback,054450.KQ
2022-11-18,13900.0,14000.0,13550.0,13650.0,13175.060546875,51772.0,,,,,,,,,,,,,,,,,,,,706687800.0,,,local_price_csv_fallback,054450.KQ
2022-11-21,13650.0,13650.0,13200.0,13200.0,12740.716796875,52507.0,,,,,,,,,,,,,,,,,,,,693092400.0,,,local_price_csv_fallback,054450.KQ
2022-11-22,13200.0,13250.0,12750.0,12750.0,12306.373046875,63595.0,,,,,,,,,,,,,,,,,,,,810836250.0,,,local_price_csv_fallback,054450.KQ
2022-11-23,12950.0,13000.0,12850.0,13000.0,12547.67578125,34424.0,,,,,,,,,,,,,,,,,,,,447512000.0,,,local_price_csv_fallback,054450.KQ
2022-11-24,13050.0,13350.0,13050.0,13300.0,12837.23828125,38518.0,,,,,,,,,,,,,,,,,,,,512289400.0,,,local_price_csv_fallback,054450.KQ
2022-11-25,13150.0,13250.0,13000.0,13000.0,12547.67578125,54627.0,,,,,,,,,,,,,,,,,,,,710151000.0,,,local_price_csv_fallback,054450.KQ
2022-11-28,13050.0,13050.0,12600.0,12700.0,12258.11328125,75502.0,,,,,,,,,,,,,,,,,,,,958875400.0,,,local_price_csv_fallback,054450.KQ
2022-11-29,12500.0,12850.0,12500.0,12800.0,12354.6357421875,36137.0,,,,,,,,,,,,,,,,,,,,462553600.0,,,local_price_csv_fallback,054450.KQ
2022-11-30,12700.0,12850.0,12600.0,12850.0,12402.89453125,41641.0,,,,,,,,,,,,,,,,,,,,535086850.0,,,local_price_csv_fallback,054450.KQ
2022-12-01,13150.0,13300.0,12850.0,13200.0,12740.716796875,111255.0,,,,,,,,,,,,,,,,,,,,1468566000.0,,,local_price_csv_fallback,054450.KQ
2022-12-02,13250.0,13350.0,12950.0,13300.0,12837.23828125,49324.0,,,,,,,,,,,,,,,,,,,,656009200.0,,,local_price_csv_fallback,054450.KQ
2022-12-05,13300.0,13500.0,13050.0,13300.0,12837.23828125,83901.0,,,,,,,,,,,,,,,,,,,,1115883300.0,,,local_price_csv_fallback,054450.KQ
2022-12-06,13050.0,13150.0,12650.0,12700.0,12258.11328125,74428.0,,,,,,,,,,,,,,,,,,,,945235600.0,,,local_price_csv_fallback,054450.KQ
2022-12-07,12650.0,12700.0,12400.0,12450.0,12016.8134765625,72099.0,,,,,,,,,,,,,,,,,,,,897632550.0,,,local_price_csv_fallback,054450.KQ
2022-12-08,12500.0,12600.0,12300.0,12450.0,12016.8134765625,51560.0,,,,,,,,,,,,,,,,,,,,641922000.0,,,local_price_csv_fallback,054450.KQ
2022-12-09,12500.0,12550.0,12300.0,12450.0,12016.8134765625,70637.0,,,,,,,,,,,,,,,,,,,,879430650.0,,,local_price_csv_fallback,054450.KQ
2022-12-12,12400.0,12750.0,12300.0,12700.0,12258.11328125,65177.0,,,,,,,,,,,,,,,,,,,,827747900.0,,,local_price_csv_fallback,054450.KQ
2022-12-13,12650.0,12650.0,12400.0,12550.0,12113.3330078125,47682.0,,,,,,,,,,,,,,,,,,,,598409100.0,,,local_price_csv_fallback,054450.KQ
2022-12-14,12550.0,12900.0,12550.0,12900.0,12451.1552734375,69108.0,,,,,,,,,,,,,,,,,,,,891493200.0,,,local_price_csv_fallback,054450.KQ
2022-12-15,12800.0,13050.0,12800.0,12850.0,12402.89453125,40524.0,,,,,,,,,,,,,,,,,,,,520733400.0,,,local_price_csv_fallback,054450.KQ
2022-12-16,12550.0,12750.0,12450.0,12500.0,12065.072265625,60044.0,,,,,,,,,,,,,,,,,,,,750550000.0,,,local_price_csv_fallback,054450.KQ
2022-12-19,12450.0,12550.0,12350.0,12500.0,12065.072265625,45091.0,,,,,,,,,,,,,,,,,,,,563637500.0,,,local_price_csv_fallback,054450.KQ
2022-12-20,12400.0,12400.0,12000.0,12150.0,11727.2509765625,91491.0,,,,,,,,,,,,,,,,,,,,1111615650.0,,,local_price_csv_fallback,054450.KQ
2022-12-21,12200.0,12200.0,11750.0,11750.0,11341.16796875,88247.0,,,,,,,,,,,,,,,,,,,,1036902250.0,,,local_price_csv_fallback,054450.KQ
2022-12-22,11850.0,12050.0,11800.0,11900.0,11485.9501953125,36674.0,,,,,,,,,,,,,,,,,,,,436420600.0,,,local_price_csv_fallback,054450.KQ
2022-12-23,11650.0,11700.0,11200.0,11250.0,10858.5654296875,120125.0,,,,,,,,,,,,,,,,,,,,1351406250.0,,,local_price_csv_fallback,054450.KQ
2022-12-26,11250.0,11450.0,11050.0,11250.0,10858.5654296875,49682.0,,,,,,,,,,,,,,,,,,,,558922500.0,,,local_price_csv_fallback,054450.KQ
2022-12-27,11250.0,11650.0,11250.0,11650.0,11244.6484375,47865.0,,,,,,,,,,,,,,,,,,,,557627250.0,,,local_price_csv_fallback,054450.KQ
2022-12-28,11400.0,11550.0,11250.0,11400.0,11127.5166015625,39453.0,,,,,,,,,,,,,,,,,,,,449764200.0,,,local_price_csv_fallback,054450.KQ
2022-12-29,11250.0,11300.0,10900.0,11050.0,10785.8818359375,73458.0,,,,,,,,,,,,,,,,,,,,811710900.0,,,local_price_csv_fallback,054450.KQ
2023-01-02,11050.0,11300.0,10900.0,11050.0,10785.8818359375,47275.0,,,,,,,,,,,,,,,,,,,,522388750.0,,,local_price_csv_fallback,054450.KQ
2023-01-03,10950.0,11150.0,10550.0,11150.0,10883.4912109375,91186.0,,,,,,,,,,,,,,,,,,,,1016723900.0,,,local_price_csv_fallback,054450.KQ
2023-01-04,11000.0,11600.0,10900.0,11500.0,11225.1259765625,96330.0,,,,,,,,,,,,,,,,,,,,1107795000.0,,,local_price_csv_fallback,054450.KQ
2023-01-05,11550.0,11600.0,11150.0,11500.0,11225.1259765625,72630.0,,,,,,,,,,,,,,,,,,,,835245000.0,,,local_price_csv_fallback,054450.KQ
2023-01-06,11350.0,11650.0,11300.0,11600.0,11322.7353515625,75015.0,,,,,,,,,,,,,,,,,,,,870174000.0,,,local_price_csv_fallback,054450.KQ
2023-01-09,11700.0,12050.0,11550.0,12000.0,11713.1748046875,122576.0,,,,,,,,,,,,,,,,,,,,1470912000.0,,,local_price_csv_fallback,054450.KQ
2023-01-10,11850.0,12100.0,11800.0,11950.0,11664.3701171875,76799.0,,,,,,,,,,,,,,,,,,,,917748050.0,,,local_price_csv_fallback,054450.KQ
2023-01-11,12100.0,12150.0,11950.0,12050.0,11761.98046875,47332.0,,,,,,,,,,,,,,,,,,,,570350600.0,,,local_price_csv_fallback,054450.KQ
2023-01-12,12150.0,12150.0,11750.0,11900.0,11615.56640625,84270.0,,,,,,,,,,,,,,,,,,,,1002813000.0,,,local_price_csv_fallback,054450.KQ
2023-01-13,12050.0,12250.0,12000.0,12100.0,11810.78515625,133535.0,,,,,,,,,,,,,,,,,,,,1615773500.0,,,local_price_csv_fallback,054450.KQ
2023-01-16,12250.0,12250.0,12000.0,12150.0,11859.58984375,77620.0,,,,,,,,,,,,,,,,,,,,943083000.0,,,local_price_csv_fallback,054450.KQ
2023-01-17,12050.0,12200.0,12000.0,12100.0,11810.78515625,56900.0,,,,,,,,,,,,,,,,,,,,688490000.0,,,local_price_csv_fallback,054450.KQ
2023-01-18,12100.0,12700.0,12050.0,12650.0,12347.638671875,262573.0,,,,,,,,,,,,,,,,,,,,3321548450.0,,,local_price_csv_fallback,054450.KQ
2023-01-19,12450.0,12600.0,12350.0,12550.0,12250.029296875,108282.0,,,,,,,,,,,,,,,,,,,,1358939100.0,,,local_price_csv_fallback,054450.KQ
2023-01-20,12400.0,12500.0,12200.0,12300.0,12006.0048828125,58767.0,,,,,,,,,,,,,,,,,,,,722834100.0,,,local_price_csv_fallback,054450.KQ
2023-01-25,12500.0,12750.0,12300.0,12630.0,12328.1171875,528330.0,,,,,,,,,,,,,,,,,,,,6672807900.0,,,local_price_csv_fallback,054450.KQ
2023-01-26,12750.0,12800.0,12500.0,12610.0,12308.5947265625,84601.0,,,,,,,,,,,,,,,,,,,,1066818610.0,,,local_price_csv_fallback,054450.KQ
2023-01-27,12700.0,12700.0,12530.0,12600.0,12298.833984375,73843.0,,,,,,,,,,,,,,,,,,,,930421800.0,,,local_price_csv_fallback,054450.KQ
2023-01-30,12610.0,12800.0,12470.0,12650.0,12347.638671875,155740.0,,,,,,,,,,,,,,,,,,,,1970111000.0,,,local_price_csv_fallback,054450.KQ
2023-01-31,12500.0,12770.0,12500.0,12650.0,12347.638671875,93315.0,,,,,,,,,,,,,,,,,,,,1180434750.0,,,local_price_csv_fallback,054450.KQ
2023-02-01,12680.0,12950.0,12680.0,12810.0,12503.814453125,129078.0,,,,,,,,,,,,,,,,,,,,1653489180.0,,,local_price_csv_fallback,054450.KQ
2023-02-02,12950.0,13130.0,12890.0,12980.0,12669.751953125,121994.0,,,,,,,,,,,,,,,,,,,,1583482120.0,,,local_price_csv_fallback,054450.KQ
2023-02-03,13030.0,15040.0,13030.0,13770.0,13440.8681640625,2539300.0,,,,,,,,,,,,,,,,,,,,34966161000.0,,,local_price_csv_fallback,054450.KQ
2023-02-06,13900.0,14940.0,13790.0,14620.0,14270.55078125,2166658.0,,,,,,,,,,,,,,,,,,,,31676539960.0,,,local_price_csv_fallback,054450.KQ
2023-02-07,14840.0,15440.0,14530.0,14740.0,14387.6826171875,1117406.0,,,,,,,,,,,,,,,,,,,,16470564440.0,,,local_price_csv_fallback,054450.KQ
2023-02-08,14980.0,14990.0,14600.0,14860.0,14504.8154296875,491465.0,,,,,,,,,,,,,,,,,,,,7303169900.0,,,local_price_csv_fallback,054450.KQ
2023-02-09,14640.0,15300.0,14620.0,15170.0,14807.4052734375,429237.0,,,,,,,,,,,,,,,,,,,,6511525290.0,,,local_price_csv_fallback,054450.KQ
2023-02-10,15400.0,15400.0,14300.0,14610.0,14260.791015625,348170.0,,,,,,,,,,,,,,,,,,,,5086763700.0,,,local_price_csv_fallback,054450.KQ
2023-02-13,14400.0,15190.0,14070.0,14720.0,14368.1611328125,448736.0,,,,,,,,,,,,,,,,,,,,6605393920.0,,,local_price_csv_fallback,054450.KQ
2023-02-14,15040.0,15500.0,14870.0,15210.0,14846.44921875,892222.0,,,,,,,,,,,,,,,,,,,,13570696620.0,,,local_price_csv_fallback,054450.KQ
2023-02-15,15590.0,15890.0,14780.0,14790.0,14436.48828125,633757.0,,,,,,,,,,,,,,,,,,,,9373266030.0,,,local_price_csv_fallback,054450.KQ
2023-02-16,14920.0,15480.0,14900.0,15100.0,14739.0791015625,381557.0,,,,,,,,,,,,,,,,,,,,5761510700.0,,,local_price_csv_fallback,054450.KQ
2023-02-17,14920.0,15300.0,14770.0,14900.0,14543.8603515625,237119.0,,,,,,,,,,,,,,,,,,,,3533073100.0,,,local_price_csv_fallback,054450.KQ
2023-02-20,14850.0,14870.0,14280.0,14580.0,14231.5078125,196603.0,,,,,,,,,,,,,,,,,,,,2866471740.0,,,local_price_csv_fallback,054450.KQ
2023-02-21,14500.0,15490.0,14250.0,14680.0,14329.1171875,559378.0,,,,,,,,,,,,,,,,,,,,8211669040.0,,,local_price_csv_fallback,054450.KQ
2023-02-22,14360.0,15300.0,14330.0,14850.0,14495.0537109375,352140.0,,,,,,,,,,,,,,,,,,,,5229279000.0,,,local_price_csv_fallback,054450.KQ
2023-02-23,14860.0,15470.0,14860.0,15050.0,14690.2744140625,505483.0,,,,,,,,,,,,,,,,,,,,7607519150.0,,,local_price_csv_fallback,054450.KQ
2023-02-24,15350.0,15440.0,14920.0,15000.0,14641.46875,446903.0,,,,,,,,,,,,,,,,,,,,6703545000.0,,,local_price_csv_fallback,054450.KQ
2023-02-27,14710.0,15050.0,14500.0,15020.0,14660.9912109375,250892.0,,,,,,,,,,,,,,,,,,,,3768397840.0,,,local_price_csv_fallback,054450.KQ
2023-02-28,15200.0,15390.0,14910.0,15370.0,15002.6259765625,378947.0,,,,,,,,,,,,,,,,,,,,5824415390.0,,,local_price_csv_fallback,054450.KQ
2023-03-02,15550.0,15560.0,14970.0,15100.0,14739.0791015625,298373.0,,,,,,,,,,,,,,,,,,,,4505432300.0,,,local_price_csv_fallback,054450.KQ
2023-03-03,15200.0,15500.0,15040.0,15120.0,14758.6005859375,278964.0,,,,,,,,,,,,,,,,,,,,4217935680.0,,,local_price_csv_fallback,054450.KQ
2023-03-06,15230.0,15990.0,15100.0,15950.0,15568.7626953125,766960.0,,,,,,,,,,,,,,,,,,,,12233012000.0,,,local_price_csv_fallback,054450.KQ
2023-03-07,16210.0,16830.0,16010.0,16050.0,15666.37109375,1252124.0,,,,,,,,,,,,,,,,,,,,20096590200.0,,,local_price_csv_fallback,054450.KQ
2023-03-08,16380.0,16460.0,15500.0,15500.0,15129.517578125,510467.0,,,,,,,,,,,,,,,,,,,,7912238500.0,,,local_price_csv_fallback,054450.KQ
2023-03-09,15700.0,16180.0,15380.0,15500.0,15129.517578125,243691.0,,,,,,,,,,,,,,,,,,,,3777210500.0,,,local_price_csv_fallback,054450.KQ
2023-03-10,15200.0,15210.0,14780.0,14790.0,14436.48828125,264375.0,,,,,,,,,,,,,,,,,,,,3910106250.0,,,local_price_csv_fallback,054450.KQ
2023-03-13,14640.0,14680.0,14120.0,14520.0,14172.9423828125,270567.0,,,,,,,,,,,,,,,,,,,,3928632840.0,,,local_price_csv_fallback,054450.KQ
2023-03-14,14510.0,14510.0,13700.0,13700.0,13372.541015625,199656.0,,,,,,,,,,,,,,,,,,,,2735287200.0,,,local_price_csv_fallback,054450.KQ
2023-03-15,14050.0,14630.0,13990.0,14440.0,14094.8544921875,188556.0,,,,,,,,,,,,,,,,,,,,2722748640.0,,,local_price_csv_fallback,054450.KQ
2023-03-16,14300.0,15060.0,14200.0,14790.0,14436.48828125,222426.0,,,,,,,,,,,,,,,,,,,,3289680540.0,,,local_price_csv_fallback,054450.KQ
2023-03-17,15060.0,15510.0,15060.0,15300.0,14934.298828125,287419.0,,,,,,,,,,,,,,,,,,,,4397510700.0,,,local_price_csv_fallback,054450.KQ
2023-03-20,15320.0,15820.0,15100.0,15580.0,15207.60546875,240795.0,,,,,,,,,,,,,,,,,,,,3751586100.0,,,local_price_csv_fallback,054450.KQ
2023-03-21,15970.0,16000.0,15500.0,15520.0,15149.0390625,301685.0,,,,,,,,,,,,,,,,,,,,4682151200.0,,,local_price_csv_fallback,054450.KQ
2023-03-22,15730.0,16410.0,15700.0,16230.0,15842.0693359375,681756.0,,,,,,,,,,,,,,,,,,,,11064899880.0,,,local_price_csv_fallback,054450.KQ
2023-03-23,16210.0,16730.0,16080.0,16380.0,15988.484375,801116.0,,,,,,,,,,,,,,,,,,,,13122280080.0,,,local_price_csv_fallback,054450.KQ
2023-03-24,16480.0,16900.0,16330.0,16430.0,16037.2890625,518583.0,,,,,,,,,,,,,,,,,,,,8520318690.0,,,local_price_csv_fallback,054450.KQ
2023-03-27,16430.0,16430.0,15620.0,15930.0,15549.2392578125,270492.0,,,,,,,,,,,,,,,,,,,,4308937560.0,,,local_price_csv_fallback,054450.KQ
2023-03-28,15900.0,16340.0,15870.0,16130.0,15744.4599609375,166487.0,,,,,,,,,,,,,,,,,,,,2685435310.0,,,local_price_csv_fallback,054450.KQ
2023-03-29,16340.0,16770.0,16030.0,16190.0,15803.0244140625,215897.0,,,,,,,,,,,,,,,,,,,,3495372430.0,,,local_price_csv_fallback,054450.KQ
2023-03-30,16330.0,17250.0,16250.0,17190.0,16779.123046875,1091608.0,,,,,,,,,,,,,,,,,,,,18764741520.0,,,local_price_csv_fallback,054450.KQ
2023-03-31,17070.0,17190.0,16260.0,16260.0,15871.3525390625,490504.0,,,,,,,,,,,,,,,,,,,,7975595040.0,,,local_price_csv_fallback,054450.KQ
2023-04-03,16800.0,16900.0,16410.0,16450.0,16056.8115234375,326645.0,,,,,,,,,,,,,,,,,,,,5373310250.0,,,local_price_csv_fallback,054450.KQ
2023-04-04,16250.0,16290.0,15690.0,15750.0,15373.54296875,297354.0,,,,,,,,,,,,,,,,,,,,4683325500.0,,,local_price_csv_fallback,054450.KQ
2023-04-05,15760.0,16040.0,15760.0,15860.0,15480.9140625,124657.0,,,,,,,,,,,,,,,,,,,,1977060020.0,,,local_price_csv_fallback,054450.KQ
2023-04-06,15660.0,15850.0,15280.0,15320.0,14953.8203125,178578.0,,,,,,,,,,,,,,,,,,,,2735814960.0,,,local_price_csv_fallback,054450.KQ
2023-04-07,15450.0,15760.0,15370.0,15670.0,15295.4541015625,134477.0,,,,,,,,,,,,,,,,,,,,2107254590.0,,,local_price_csv_fallback,054450.KQ
2023-04-10,15650.0,15800.0,15100.0,15210.0,14846.44921875,159874.0,,,,,,,,,,,,,,,,,,,,2431683540.0,,,local_price_csv_fallback,054450.KQ
2023-04-11,15250.0,15780.0,15130.0,15730.0,15354.0205078125,193910.0,,,,,,,,,,,,,,,,,,,,3050204300.0,,,local_price_csv_fallback,054450.KQ
2023-04-12,15850.0,16080.0,15610.0,15910.0,15529.7177734375,234962.0,,,,,,,,,,,,,,,,,,,,3738245420.0,,,local_price_csv_fallback,054450.KQ
2023-04-13,16150.0,18480.0,16150.0,16770.0,16369.162109375,4602915.0,,,,,,,,,,,,,,,,,,,,77190884550.0,,,local_price_csv_fallback,054450.KQ
2023-04-14,17280.0,17290.0,16770.0,16880.0,16476.53125,755441.0,,,,,,,,,,,,,,,,,,,,12751844080.0,,,local_price_csv_fallback,054450.KQ
2023-04-17,17000.0,17020.0,16460.0,16700.0,16300.8349609375,347314.0,,,,,,,,,,,,,,,,,,,,5800143800.0,,,local_price_csv_fallback,054450.KQ
2023-04-18,17100.0,18240.0,17030.0,18090.0,17657.61328125,2429969.0,,,,,,,,,,,,,,,,,,,,43958139210.0,,,local_price_csv_fallback,054450.KQ
2023-04-19,18020.0,18070.0,17270.0,17400.0,16984.103515625,743576.0,,,,,,,,,,,,,,,,,,,,12938222400.0,,,local_price_csv_fallback,054450.KQ
2023-04-20,17480.0,20350.0,16700.0,18460.0,18018.767578125,6843614.0,,,,,,,,,,,,,,,,,,,,126333114440.0,,,local_price_csv_fallback,054450.KQ
2023-04-21,18220.0,19990.0,18000.0,18900.0,18448.251953125,2999994.0,,,,,,,,,,,,,,,,,,,,56699886600.0,,,local_price_csv_fallback,054450.KQ
2023-04-24,19080.0,19700.0,18350.0,18410.0,17969.962890625,1768772.0,,,,,,,,,,,,,,,,,,,,32563092520.0,,,local_price_csv_fallback,054450.KQ
2023-04-25,18250.0,18370.0,16920.0,17600.0,17179.32421875,956084.0,,,,,,,,,,,,,,,,,,,,16827078400.0,,,local_price_csv_fallback,054450.KQ
2023-04-26,17630.0,17910.0,16850.0,16900.0,16496.0546875,485840.0,,,,,,,,,,,,,,,,,,,,8210696000.0,,,local_price_csv_fallback,054450.KQ
2023-04-27,16920.0,17400.0,16700.0,17130.0,16720.556640625,283866.0,,,,,,,,,,,,,,,,,,,,4862624580.0,,,local_price_csv_fallback,054450.KQ
2023-04-28,17290.0,17400.0,16380.0,16770.0,16369.162109375,452337.0,,,,,,,,,,,,,,,,,,,,7585691490.0,,,local_price_csv_fallback,054450.KQ
2023-05-02,16850.0,17750.0,16850.0,17690.0,17267.169921875,465319.0,,,,,,,,,,,,,,,,,,,,8231493110.0,,,local_price_csv_fallback,054450.KQ
2023-05-03,17470.0,17720.0,17240.0,17440.0,17023.1484375,246345.0,,,,,,,,,,,,,,,,,,,,4296256800.0,,,local_price_csv_fallback,054450.KQ
2023-05-04,17440.0,17670.0,17280.0,17400.0,16984.103515625,243050.0,,,,,,,,,,,,,,,,,,,,4229070000.0,,,local_price_csv_fallback,054450.KQ
2023-05-08,17520.0,18080.0,17520.0,17610.0,17189.083984375,595138.0,,,,,,,,,,,,,,,,,,,,10480380180.0,,,local_price_csv_fallback,054450.KQ
2023-05-09,17900.0,17900.0,16960.0,17100.0,16691.275390625,272606.0,,,,,,,,,,,,,,,,,,,,4661562600.0,,,local_price_csv_fallback,054450.KQ
2023-05-10,17440.0,17440.0,16780.0,16790.0,16388.68359375,231600.0,,,,,,,,,,,,,,,,,,,,3888564000.0,,,local_price_csv_fallback,054450.KQ
2023-05-11,16910.0,17300.0,16820.0,16860.0,16457.01171875,190831.0,,,,,,,,,,,,,,,,,,,,3217410660.0,,,local_price_csv_fallback,054450.KQ
2023-05-12,17240.0,17360.0,16810.0,16810.0,16408.20703125,234139.0,,,,,,,,,,,,,,,,,,,,3935876590.0,,,local_price_csv_fallback,054450.KQ
2023-05-15,17900.0,18250.0,17080.0,17180.0,16769.361328125,560065.0,,,,,,,,,,,,,,,,,,,,9621916700.0,,,local_price_csv_fallback,054450.KQ
2023-05-16,17500.0,17600.0,17050.0,17060.0,16652.23046875,212242.0,,,,,,,,,,,,,,,,,,,,3620848520.0,,,local_price_csv_fallback,054450.KQ
2023-05-17,17040.0,17330.0,16900.0,17100.0,16691.275390625,174645.0,,,,,,,,,,,,,,,,,,,,2986429500.0,,,local_price_csv_fallback,054450.KQ
2023-05-18,17320.0,17850.0,17270.0,17750.0,17325.73828125,489243.0,,,,,,,,,,,,,,,,,,,,8684063250.0,,,local_price_csv_fallback,054450.KQ
2023-05-19,18380.0,18700.0,17920.0,18290.0,17852.83203125,1409155.0,,,,,,,,,,,,,,,,,,,,25773444950.0,,,local_price_csv_fallback,054450.KQ
2023-05-22,18450.0,18530.0,18210.0,18230.0,17794.263671875,434820.0,,,,,,,,,,,,,,,,,,,,7926768600.0,,,local_price_csv_fallback,054450.KQ
2023-05-23,18230.0,18280.0,17900.0,17950.0,17520.95703125,304998.0,,,,,,,,,,,,,,,,,,,,5474714100.0,,,local_price_csv_fallback,054450.KQ
2023-05-24,17860.0,17870.0,17510.0,17570.0,17150.041015625,232378.0,,,,,,,,,,,,,,,,,,,,4082881460.0,,,local_price_csv_fallback,054450.KQ
2023-05-25,18060.0,18190.0,17520.0,17540.0,17120.7578125,304073.0,,,,,,,,,,,,,,,,,,,,5333440420.0,,,local_price_csv_fallback,054450.KQ
2023-05-26,17900.0,18100.0,17560.0,17600.0,17179.32421875,312649.0,,,,,,,,,,,,,,,,,,,,5502622400.0,,,local_price_csv_fallback,054450.KQ
2023-05-30,17990.0,18460.0,17800.0,18330.0,17891.876953125,729659.0,,,,,,,,,,,,,,,,,,,,13374649470.0,,,local_price_csv_fallback,054450.KQ
2023-05-31,18340.0,18340.0,17900.0,17960.0,17530.71875,356901.0,,,,,,,,,,,,,,,,,,,,6409941960.0,,,local_price_csv_fallback,054450.KQ
2023-06-01,17910.0,18050.0,17600.0,18000.0,17569.763671875,197492.0,,,,,,,,,,,,,,,,,,,,3554856000.0,,,local_price_csv_fallback,054450.KQ
2023-06-02,18120.0,18150.0,17810.0,17860.0,17433.109375,200579.0,,,,,,,,,,,,,,,,,,,,3582340940.0,,,local_price_csv_fallback,054450.KQ
2023-06-05,17840.0,18010.0,17630.0,17840.0,17413.587890625,132608.0,,,,,,,,,,,,,,,,,,,,2365726720.0,,,local_price_csv_fallback,054450.KQ
2023-06-07,17870.0,18070.0,17720.0,18020.0,17589.28515625,198633.0,,,,,,,,,,,,,,,,,,,,3579366660.0,,,local_price_csv_fallback,054450.KQ
2023-06-08,18200.0,18330.0,17920.0,17970.0,17540.48046875,274458.0,,,,,,,,,,,,,,,,,,,,4932010260.0,,,local_price_csv_fallback,054450.KQ
2023-06-09,18060.0,18080.0,17790.0,17980.0,17550.240234375,252198.0,,,,,,,,,,,,,,,,,,,,4534520040.0,,,local_price_csv_fallback,054450.KQ
2023-06-12,18930.0,20800.0,18140.0,19840.0,19365.78515625,4499313.0,,,,,,,,,,,,,,,,,,,,89266369920.0,,,local_price_csv_fallback,054450.KQ
2023-06-13,20550.0,22800.0,20500.0,21700.0,21181.326171875,6967402.0,,,,,,,,,,,,,,,,,,,,151192623400.0,,,local_price_csv_fallback,054450.KQ
2023-06-14,21400.0,21550.0,19950.0,20450.0,19961.203125,1619243.0,,,,,,,,,,,,,,,,,,,,33113519350.0,,,local_price_csv_fallback,054450.KQ
2023-06-15,20750.0,20800.0,19810.0,20050.0,19570.763671875,1196180.0,,,,,,,,,,,,,,,,,,,,23983409000.0,,,local_price_csv_fallback,054450.KQ
2023-06-16,20100.0,20550.0,19840.0,20350.0,19863.59375,756528.0,,,,,,,,,,,,,,,,,,,,15395344800.0,,,local_price_csv_fallback,054450.KQ
2023-06-19,20650.0,20850.0,20050.0,20650.0,20156.423828125,685399.0,,,,,,,,,,,,,,,,,,,,14153489350.0,,,local_price_csv_fallback,054450.KQ
2023-06-20,20450.0,20550.0,19640.0,19900.0,19424.349609375,567194.0,,,,,,,,,,,,,,,,,,,,11287160600.0,,,local_price_csv_fallback,054450.KQ
2023-06-21,19920.0,20100.0,19220.0,19220.0,18760.6015625,417375.0,,,,,,,,,,,,,,,,,,,,8021947500.0,,,local_price_csv_fallback,054450.KQ
2023-06-22,18980.0,19750.0,18900.0,19430.0,18965.583984375,396893.0,,,,,,,,,,,,,,,,,,,,7711630990.0,,,local_price_csv_fallback,054450.KQ
2023-06-23,19600.0,19970.0,19400.0,19430.0,18965.583984375,391744.0,,,,,,,,,,,,,,,,,,,,7611585920.0,,,local_price_csv_fallback,054450.KQ
2023-06-26,19310.0,19890.0,18900.0,19830.0,19356.0234375,412548.0,,,,,,,,,,,,,,,,,,,,8180826840.0,,,local_price_csv_fallback,054450.KQ
2023-06-27,19820.0,19820.0,19180.0,19200.0,18741.080078125,327686.0,,,,,,,,,,,,,,,,,,,,6291571200.0,,,local_price_csv_fallback,054450.KQ
2023-06-28,19300.0,19650.0,18800.0,18800.0,18350.640625,484618.0,,,,,,,,,,,,,,,,,,,,9110818400.0,,,local_price_csv_fallback,054450.KQ
2023-06-29,18900.0,19180.0,18450.0,18450.0,18009.005859375,372603.0,,,,,,,,,,,,,,,,,,,,6874525350.0,,,local_price_csv_fallback,054450.KQ
2023-06-30,18470.0,18810.0,18180.0,18690.0,18243.26953125,225992.0,,,,,,,,,,,,,,,,,,,,4223790480.0,,,local_price_csv_fallback,054450.KQ
2023-07-03,18960.0,21050.0,18860.0,19700.0,19229.12890625,2537172.0,,,,,,,,,,,,,,,,,,,,49982288400.0,,,local_price_csv_fallback,054450.KQ
2023-07-04,19870.0,20400.0,19580.0,20400.0,19912.3984375,644648.0,,,,,,,,,,,,,,,,,,,,13150819200.0,,,local_price_csv_fallback,054450.KQ
2023-07-05,20600.0,21250.0,20400.0,20450.0,19961.203125,1098543.0,,,,,,,,,,,,,,,,,,,,22465204350.0,,,local_price_csv_fallback,054450.KQ
2023-07-06,20600.0,20800.0,20000.0,20000.0,19521.958984375,636203.0,,,,,,,,,,,,,,,,,,,,12724060000.0,,,local_price_csv_fallback,054450.KQ
2023-07-07,20300.0,21500.0,19990.0,20200.0,19717.177734375,1217854.0,,,,,,,,,,,,,,,,,,,,24600650800.0,,,local_price_csv_fallback,054450.KQ
2023-07-10,20000.0,20050.0,18590.0,18590.0,18145.66015625,735434.0,,,,,,,,,,,,,,,,,,,,13671718060.0,,,local_price_csv_fallback,054450.KQ
2023-07-12,19200.0,19530.0,19100.0,19250.0,18789.884765625,286893.0,,,,,,,,,,,,,,,,,,,,5522690250.0,,,local_price_csv_fallback,054450.KQ
2023-07-13,19760.0,20500.0,19510.0,20350.0,19863.59375,873279.0,,,,,,,,,,,,,,,,,,,,17771227650.0,,,local_price_csv_fallback,054450.KQ
2023-07-14,20950.0,20950.0,19560.0,19640.0,19170.564453125,872270.0,,,,,,,,,,,,,,,,,,,,17131382800.0,,,local_price_csv_fallback,054450.KQ
2023-07-17,19590.0,20350.0,19250.0,19920.0,19443.87109375,443635.0,,,,,,,,,,,,,,,,,,,,8837209200.0,,,local_price_csv_fallback,054450.KQ
2023-07-18,20300.0,22050.0,20200.0,20700.0,20205.228515625,2785650.0,,,,,,,,,,,,,,,,,,,,57662955000.0,,,local_price_csv_fallback,054450.KQ
2023-07-19,23000.0,25000.0,21550.0,22850.0,22303.837890625,11246800.0,,,,,,,,,,,,,,,,,,,,256989380000.0,,,local_price_csv_fallback,054450.KQ
2023-07-20,22200.0,23700.0,21900.0,23200.0,22645.470703125,2046409.0,,,,,,,,,,,,,,,,,,,,47476688800.0,,,local_price_csv_fallback,054450.KQ
2023-07-21,22450.0,23050.0,21900.0,22200.0,21669.375,1063061.0,,,,,,,,,,,,,,,,,,,,23599954200.0,,,local_price_csv_fallback,054450.KQ
2023-07-24,22400.0,22450.0,20650.0,21500.0,20986.10546875,1113019.0,,,,,,,,,,,,,,,,,,,,23929908500.0,,,local_price_csv_fallback,054450.KQ
2023-07-25,21650.0,22000.0,20850.0,21050.0,20546.861328125,708251.0,,,,,,,,,,,,,,,,,,,,14908683550.0,,,local_price_csv_fallback,054450.KQ
2023-07-26,21200.0,21400.0,19510.0,19770.0,19297.455078125,1136688.0,,,,,,,,,,,,,,,,,,,,22472321760.0,,,local_price_csv_fallback,054450.KQ
2023-07-27,19600.0,20300.0,19550.0,19850.0,19375.54296875,701125.0,,,,,,,,,,,,,,,,,,,,13917331250.0,,,local_price_csv_fallback,054450.KQ
2023-07-28,20400.0,20500.0,19900.0,20200.0,19717.177734375,468697.0,,,,,,,,,,,,,,,,,,,,9467679400.0,,,local_price_csv_fallback,054450.KQ
2023-07-31,20550.0,21400.0,20050.0,21200.0,20693.275390625,569158.0,,,,,,,,,,,,,,,,,,,,12066149600.0,,,local_price_csv_fallback,054450.KQ
2023-08-01,20950.0,21000.0,20050.0,20850.0,20351.640625,671361.0,,,,,,,,,,,,,,,,,,,,13997876850.0,,,local_price_csv_fallback,054450.KQ
2023-08-02,20700.0,21200.0,19780.0,19900.0,19424.349609375,644499.0,,,,,,,,,,,,,,,,,,,,12825530100.0,,,local_price_csv_fallback,054450.KQ
2023-08-03,19660.0,19870.0,18600.0,18780.0,18331.12109375,642924.0,,,,,,,,,,,,,,,,,,,,12074112720.0,,,local_price_csv_fallback,054450.KQ
2023-08-04,18960.0,19500.0,18700.0,18840.0,18389.685546875,333419.0,,,,,,,,,,,,,,,,,,,,6281613960.0,,,local_price_csv_fallback,054450.KQ
2023-08-07,18500.0,18990.0,18450.0,18650.0,18204.2265625,247931.0,,,,,,,,,,,,,,,,,,,,4623913150.0,,,local_price_csv_fallback,054450.KQ
2023-08-08,18680.0,18840.0,18150.0,18240.0,17804.025390625,284399.0,,,,,,,,,,,,,,,,,,,,5187437760.0,,,local_price_csv_fallback,054450.KQ
2023-08-09,18250.0,18640.0,18180.0,18610.0,18165.18359375,214740.0,,,,,,,,,,,,,,,,,,,,3996311400.0,,,local_price_csv_fallback,054450.KQ
2023-08-10,18200.0,18470.0,17800.0,18010.0,17579.525390625,351424.0,,,,,,,,,,,,,,,,,,,,6329146240.0,,,local_price_csv_fallback,054450.KQ
2023-08-11,19100.0,20950.0,19100.0,20150.0,19668.373046875,2424272.0,,,,,,,,,,,,,,,,,,,,48849080800.0,,,local_price_csv_fallback,054450.KQ
2023-08-14,19890.0,20050.0,19050.0,19050.0,18594.666015625,501506.0,,,,,,,,,,,,,,,,,,,,9553689300.0,,,local_price_csv_fallback,054450.KQ
2023-08-16,18820.0,19960.0,18800.0,19490.0,19024.1484375,576937.0,,,,,,,,,,,,,,,,,,,,11244502130.0,,,local_price_csv_fallback,054450.KQ
2023-08-17,19100.0,19290.0,18400.0,19040.0,18584.904296875,571615.0,,,,,,,,,,,,,,,,,,,,10883549600.0,,,local_price_csv_fallback,054450.KQ
2023-08-18,18680.0,19380.0,18480.0,18870.0,18418.96875,412102.0,,,,,,,,,,,,,,,,,,,,7776364740.0,,,local_price_csv_fallback,054450.KQ
2023-08-21,19190.0,19380.0,18960.0,19030.0,18575.14453125,314204.0,,,,,,,,,,,,,,,,,,,,5979302120.0,,,local_price_csv_fallback,054450.KQ
2023-08-22,19510.0,19980.0,19200.0,19650.0,19180.32421875,472153.0,,,,,,,,,,,,,,,,,,,,9277806450.0,,,local_price_csv_fallback,054450.KQ
2023-08-23,19880.0,20650.0,19750.0,20200.0,19717.177734375,516408.0,,,,,,,,,,,,,,,,,,,,10431441600.0,,,local_price_csv_fallback,054450.KQ
2023-08-24,20950.0,21000.0,20300.0,20350.0,19863.59375,512712.0,,,,,,,,,,,,,,,,,,,,10433689200.0,,,local_price_csv_fallback,054450.KQ
2023-08-25,19980.0,20700.0,19950.0,20400.0,19912.3984375,344110.0,,,,,,,,,,,,,,,,,,,,7019844000.0,,,local_price_csv_fallback,054450.KQ
2023-08-28,20850.0,20900.0,20200.0,20850.0,20351.640625,397547.0,,,,,,,,,,,,,,,,,,,,8288854950.0,,,local_price_csv_fallback,054450.KQ
2023-08-29,21000.0,21000.0,20450.0,20600.0,20107.6171875,267345.0,,,,,,,,,,,,,,,,,,,,5507307000.0,,,local_price_csv_fallback,054450.KQ
2023-08-30,20850.0,21900.0,20800.0,21850.0,21327.73828125,1159877.0,,,,,,,,,,,,,,,,,,,,25343312450.0,,,local_price_csv_fallback,054450.KQ
2023-08-31,22000.0,22350.0,21450.0,22300.0,21766.982421875,662879.0,,,,,,,,,,,,,,,,,,,,14782201700.0,,,local_price_csv_fallback,054450.KQ
2023-09-01,22150.0,23750.0,21700.0,22500.0,21962.205078125,1710473.0,,,,,,,,,,,,,,,,,,,,38485642500.0,,,local_price_csv_fallback,054450.KQ
2023-09-04,22900.0,25300.0,22100.0,23900.0,23328.740234375,2129686.0,,,,,,,,,,,,,,,,,,,,50899495400.0,,,local_price_csv_fallback,054450.KQ
2023-09-05,23400.0,27350.0,22950.0,25800.0,25183.326171875,6221614.0,,,,,,,,,,,,,,,,,,,,160517641200.0,,,local_price_csv_fallback,054450.KQ
2023-09-06,25700.0,26750.0,25300.0,25850.0,25232.12890625,1604577.0,,,,,,,,,,,,,,,,,,,,41478315450.0,,,local_price_csv_fallback,054450.KQ
2023-09-07,26350.0,28000.0,25900.0,27050.0,26403.44921875,2766688.0,,,,,,,,,,,,,,,,,,,,74838910400.0,,,local_price_csv_fallback,054450.KQ
2023-09-08,26650.0,26650.0,25100.0,26100.0,25476.154296875,1109859.0,,,,,,,,,,,,,,,,,,,,28967319900.0,,,local_price_csv_fallback,054450.KQ
2023-09-11,26050.0,28200.0,25600.0,28200.0,27525.9609375,1365185.0,,,,,,,,,,,,,,,,,,,,38498217000.0,,,local_price_csv_fallback,054450.KQ
2023-09-12,29450.0,32100.0,27100.0,28000.0,27330.744140625,4867504.0,,,,,,,,,,,,,,,,,,,,136290112000.0,,,local_price_csv_fallback,054450.KQ
2023-09-13,29550.0,33700.0,25550.0,25950.0,25329.7421875,12484500.0,,,,,,,,,,,,,,,,,,,,323972775000.0,,,local_price_csv_fallback,054450.KQ
2023-09-14,25950.0,29000.0,25650.0,27550.0,26891.498046875,4288037.0,,,,,,,,,,,,,,,,,,,,118135419350.0,,,local_price_csv_fallback,054450.KQ
2023-09-15,28000.0,28100.0,26000.0,26050.0,25427.3515625,1348668.0,,,,,,,,,,,,,,,,,,,,35132801400.0,,,local_price_csv_fallback,054450.KQ
2023-09-18,26050.0,26800.0,25550.0,25750.0,25134.521484375,806664.0,,,,,,,,,,,,,,,,,,,,20771598000.0,,,local_price_csv_fallback,054450.KQ
2023-09-19,26200.0,26350.0,24600.0,24750.0,24158.421875,769902.0,,,,,,,,,,,,,,,,,,,,19055074500.0,,,local_price_csv_fallback,054450.KQ
2023-09-20,24850.0,25100.0,24200.0,24900.0,24304.83984375,645272.0,,,,,,,,,,,,,,,,,,,,16067272800.0,,,local_price_csv_fallback,054450.KQ
2023-09-21,24350.0,24600.0,23450.0,23450.0,22889.49609375,619180.0,,,,,,,,,,,,,,,,,,,,14519771000.0,,,local_price_csv_fallback,054450.KQ
2023-09-22,22800.0,23850.0,22750.0,23450.0,22889.49609375,487047.0,,,,,,,,,,,,,,,,,,,,11421252150.0,,,local_price_csv_fallback,054450.KQ
2023-09-25,23250.0,24050.0,23250.0,23250.0,22694.27734375,304429.0,,,,,,,,,,,,,,,,,,,,7077974250.0,,,local_price_csv_fallback,054450.KQ
2023-09-26,23850.0,23850.0,22850.0,23150.0,22596.66796875,567945.0,,,,,,,,,,,,,,,,,,,,13147926750.0,,,local_price_csv_fallback,054450.KQ
2023-09-27,24300.0,24900.0,22700.0,23100.0,22547.86328125,1766237.0,,,,,,,,,,,,,,,,,,,,40800074700.0,,,local_price_csv_fallback,054450.KQ
2023-10-04,22850.0,24200.0,22400.0,22550.0,22011.0078125,851006.0,,,,,,,,,,,,,,,,,,,,19190185300.0,,,local_price_csv_fallback,054450.KQ
2023-10-05,23300.0,24200.0,22600.0,22850.0,22303.837890625,934420.0,,,,,,,,,,,,,,,,,,,,21351497000.0,,,local_price_csv_fallback,054450.KQ
2023-10-06,22800.0,24150.0,22800.0,24050.0,23475.15625,519135.0,,,,,,,,,,,,,,,,,,,,12485196750.0,,,local_price_csv_fallback,054450.KQ
2023-10-10,24250.0,24400.0,23100.0,23250.0,22694.27734375,437036.0,,,,,,,,,,,,,,,,,,,,10161087000.0,,,local_price_csv_fallback,054450.KQ
2023-10-11,23800.0,25500.0,23800.0,25000.0,24402.447265625,808932.0,,,,,,,,,,,,,,,,,,,,20223300000.0,,,local_price_csv_fallback,054450.KQ
2023-10-12,25600.0,26100.0,24850.0,25450.0,24841.69140625,681078.0,,,,,,,,,,,,,,,,,,,,17333435100.0,,,local_price_csv_fallback,054450.KQ
2023-10-13,25150.0,25700.0,24850.0,25300.0,24695.27734375,488097.0,,,,,,,,,,,,,,,,,,,,12348854100.0,,,local_price_csv_fallback,054450.KQ
2023-10-16,24600.0,24650.0,23400.0,23950.0,23377.544921875,583630.0,,,,,,,,,,,,,,,,,,,,13977938500.0,,,local_price_csv_fallback,054450.KQ
2023-10-17,24800.0,25650.0,24750.0,25500.0,24890.49609375,923330.0,,,,,,,,,,,,,,,,,,,,23544915000.0,,,local_price_csv_fallback,054450.KQ
2023-10-18,25150.0,25850.0,24750.0,25250.0,24646.47265625,481581.0,,,,,,,,,,,,,,,,,,,,12159920250.0,,,local_price_csv_fallback,054450.KQ
2023-10-19,24550.0,24700.0,23350.0,23500.0,22938.302734375,540504.0,,,,,,,,,,,,,,,,,,,,12701844000.0,,,local_price_csv_fallback,054450.KQ
2023-10-20,23100.0,23350.0,22200.0,22550.0,22011.0078125,601832.0,,,,,,,,,,,,,,,,,,,,13571311600.0,,,local_price_csv_fallback,054450.KQ
2023-10-23,22300.0,22850.0,21800.0,21850.0,21327.73828125,330778.0,,,,,,,,,,,,,,,,,,,,7227499300.0,,,local_price_csv_fallback,054450.KQ
2023-10-24,22250.0,23950.0,21700.0,23550.0,22987.107421875,546636.0,,,,,,,,,,,,,,,,,,,,12873277800.0,,,local_price_csv_fallback,054450.KQ
2023-10-25,23700.0,24300.0,23050.0,23150.0,22596.66796875,540527.0,,,,,,,,,,,,,,,,,,,,12513200050.0,,,local_price_csv_fallback,054450.KQ
2023-10-26,22000.0,22350.0,21650.0,21800.0,21278.935546875,462684.0,,,,,,,,,,,,,,,,,,,,10086511200.0,,,local_price_csv_fallback,054450.KQ
2023-10-27,22250.0,22250.0,21000.0,21250.0,20742.080078125,437091.0,,,,,,,,,,,,,,,,,,,,9288183750.0,,,local_price_csv_fallback,054450.KQ
2023-10-30,21150.0,22000.0,20750.0,21800.0,21278.935546875,384524.0,,,,,,,,,,,,,,,,,,,,8382623200.0,,,local_price_csv_fallback,054450.KQ
2023-10-31,21800.0,22200.0,20100.0,20300.0,19814.787109375,561863.0,,,,,,,,,,,,,,,,,,,,11405818900.0,,,local_price_csv_fallback,054450.KQ
2023-11-01,20800.0,21100.0,20250.0,20400.0,19912.3984375,300683.0,,,,,,,,,,,,,,,,,,,,6133933200.0,,,local_price_csv_fallback,054450.KQ
2023-11-02,21300.0,21950.0,21200.0,21950.0,21425.349609375,414499.0,,,,,,,,,,,,,,,,,,,,9098253050.0,,,local_price_csv_fallback,054450.KQ
2023-11-03,22500.0,22550.0,21800.0,22250.0,21718.1796875,329796.0,,,,,,,,,,,,,,,,,,,,7337961000.0,,,local_price_csv_fallback,054450.KQ
2023-11-06,22850.0,23150.0,22100.0,22950.0,22401.447265625,419173.0,,,,,,,,,,,,,,,,,,,,9620020350.0,,,local_price_csv_fallback,054450.KQ
2023-11-07,23000.0,23850.0,22650.0,23250.0,22694.27734375,562724.0,,,,,,,,,,,,,,,,,,,,13083333000.0,,,local_price_csv_fallback,054450.KQ
2023-11-08,23900.0,24050.0,23100.0,23400.0,22840.69140625,454525.0,,,,,,,,,,,,,,,,,,,,10635885000.0,,,local_price_csv_fallback,054450.KQ
2023-11-09,23250.0,23600.0,23000.0,23150.0,22596.66796875,333113.0,,,,,,,,,,,,,,,,,,,,7711565950.0,,,local_price_csv_fallback,054450.KQ
2023-11-10,24000.0,24600.0,23300.0,23600.0,23035.912109375,1002818.0,,,,,,,,,,,,,,,,,,,,23666504800.0,,,local_price_csv_fallback,054450.KQ
2023-11-13,24050.0,24450.0,22550.0,22550.0,22011.0078125,604783.0,,,,,,,,,,,,,,,,,,,,13637856650.0,,,local_price_csv_fallback,054450.KQ
2023-11-14,22900.0,23850.0,22900.0,23750.0,23182.326171875,374594.0,,,,,,,,,,,,,,,,,,,,8896607500.0,,,local_price_csv_fallback,054450.KQ
2023-11-15,24400.0,25050.0,23900.0,24700.0,24109.619140625,835607.0,,,,,,,,,,,,,,,,,,,,20639492900.0,,,local_price_csv_fallback,054450.KQ
2023-11-16,25000.0,25950.0,24850.0,25750.0,25134.521484375,884557.0,,,,,,,,,,,,,,,,,,,,22777342750.0,,,local_price_csv_fallback,054450.KQ
2023-11-17,25650.0,26400.0,25550.0,26200.0,25573.765625,617706.0,,,,,,,,,,,,,,,,,,,,16183897200.0,,,local_price_csv_fallback,054450.KQ
2023-11-20,26650.0,26650.0,25500.0,26350.0,25720.1796875,468371.0,,,,,,,,,,,,,,,,,,,,12341575850.0,,,local_price_csv_fallback,054450.KQ
2023-11-21,26850.0,28750.0,26750.0,27800.0,27135.5234375,2348865.0,,,,,,,,,,,,,,,,,,,,65298447000.0,,,local_price_csv_fallback,054450.KQ
2023-11-22,27500.0,28050.0,27100.0,27750.0,27086.71875,769436.0,,,,,,,,,,,,,,,,,,,,21351849000.0,,,local_price_csv_fallback,054450.KQ
2023-11-23,27600.0,27650.0,26200.0,26600.0,25964.205078125,817526.0,,,,,,,,,,,,,,,,,,,,21746191600.0,,,local_price_csv_fallback,054450.KQ
2023-11-24,26600.0,28300.0,26450.0,27950.0,27281.935546875,999096.0,,,,,,,,,,,,,,,,,,,,27924733200.0,,,local_price_csv_fallback,054450.KQ
2023-11-27,28500.0,30150.0,28150.0,29800.0,29087.720703125,2484746.0,,,,,,,,,,,,,,,,,,,,74045430800.0,,,local_price_csv_fallback,054450.KQ
2023-11-28,30950.0,34300.0,29550.0,31150.0,30405.453125,6093488.0,,,,,,,,,,,,,,,,,,,,189812151200.0,,,local_price_csv_fallback,054450.KQ
2023-11-29,30600.0,33400.0,30200.0,31550.0,30795.890625,3213327.0,,,,,,,,,,,,,,,,,,,,101380466850.0,,,local_price_csv_fallback,054450.KQ
2023-11-30,31100.0,31800.0,30000.0,31000.0,30259.03515625,1015251.0,,,,,,,,,,,,,,,,,,,,31472781000.0,,,local_price_csv_fallback,054450.KQ
2023-12-01,30350.0,31850.0,30250.0,30750.0,30015.009765625,1024230.0,,,,,,,,,,,,,,,,,,,,31495072500.0,,,local_price_csv_fallback,054450.KQ
2023-12-04,30750.0,30900.0,29550.0,29800.0,29087.720703125,637946.0,,,,,,,,,,,,,,,,,,,,19010790800.0,,,local_price_csv_fallback,054450.KQ
2023-12-05,29350.0,30700.0,28450.0,28800.0,28111.62109375,814135.0,,,,,,,,,,,,,,,,,,,,23447088000.0,,,local_price_csv_fallback,054450.KQ
2023-12-06,29100.0,29200.0,27950.0,28650.0,27965.205078125,629962.0,,,,,,,,,,,,,,,,,,,,18048411300.0,,,local_price_csv_fallback,054450.KQ
2023-12-07,28100.0,28800.0,27750.0,27750.0,27086.71875,456760.0,,,,,,,,,,,,,,,,,,,,12675090000.0,,,local_price_csv_fallback,054450.KQ
2023-12-08,28550.0,29350.0,28400.0,28750.0,28062.81640625,699333.0,,,,,,,,,,,,,,,,,,,,20105823750.0,,,local_price_csv_fallback,054450.KQ
2023-12-11,29150.0,30650.0,28750.0,29600.0,28892.5,1022192.0,,,,,,,,,,,,,,,,,,,,30256883200.0,,,local_price_csv_fallback,054450.KQ
2023-12-12,30300.0,30850.0,29150.0,29350.0,28648.474609375,925634.0,,,,,,,,,,,,,,,,,,,,27167357900.0,,,local_price_csv_fallback,054450.KQ
2023-12-13,30050.0,30600.0,29200.0,29250.0,28550.86328125,625721.0,,,,,,,,,,,,,,,,,,,,18302339250.0,,,local_price_csv_fallback,054450.KQ
2023-12-14,29900.0,30100.0,29100.0,29400.0,28697.279296875,529906.0,,,,,,,,,,,,,,,,,,,,15579236400.0,,,local_price_csv_fallback,054450.KQ
2023-12-15,29750.0,29850.0,27900.0,28300.0,27623.5703125,825056.0,,,,,,,,,,,,,,,,,,,,23349084800.0,,,local_price_csv_fallback,054450.KQ
2023-12-18,28650.0,29950.0,28650.0,29500.0,28794.888671875,604726.0,,,,,,,,,,,,,,,,,,,,17839417000.0,,,local_price_csv_fallback,054450.KQ
2023-12-19,29800.0,30800.0,29350.0,29850.0,29136.5234375,653186.0,,,,,,,,,,,,,,,,,,,,19497602100.0,,,local_price_csv_fallback,054450.KQ
2023-12-20,30150.0,30200.0,29300.0,29800.0,29087.720703125,401445.0,,,,,,,,,,,,,,,,,,,,11963061000.0,,,local_price_csv_fallback,054450.KQ
2023-12-21,29400.0,30650.0,29050.0,30500.0,29770.986328125,526060.0,,,,,,,,,,,,,,,,,,,,16044830000.0,,,local_price_csv_fallback,054450.KQ
2023-12-22,31100.0,32950.0,30700.0,31300.0,30551.865234375,2262837.0,,,,,,,,,,,,,,,,,,,,70826798100.0,,,local_price_csv_fallback,054450.KQ
2023-12-26,32150.0,32500.0,30200.0,31200.0,30454.255859375,707260.0,,,,,,,,,,,,,,,,,,,,22066512000.0,,,local_price_csv_fallback,054450.KQ
2023-12-27,31600.0,35650.0,31550.0,35150.0,34453.3984375,4142797.0,,,,,,,,,,,,,,,,,,,,145619314550.0,,,local_price_csv_fallback,054450.KQ
2023-12-28,34900.0,35100.0,33200.0,33300.0,32640.060546875,1552480.0,,,,,,,,,,,,,,,,,,,,51697584000.0,,,local_price_csv_fallback,054450.KQ
2024-01-02,33400.0,34000.0,32750.0,33850.0,33179.16015625,971650.0,,,,,,,,,,,,,,,,,,,,32890352500.0,,,local_price_csv_fallback,054450.KQ
2024-01-03,32800.0,33250.0,31950.0,33000.0,32346.0078125,755882.0,,,,,,,,,,,,,,,,,,,,24944106000.0,,,local_price_csv_fallback,054450.KQ
2024-01-04,32550.0,34250.0,32050.0,32350.0,31708.888671875,1062768.0,,,,,,,,,,,,,,,,,,,,34380544800.0,,,local_price_csv_fallback,054450.KQ
2024-01-05,31750.0,31750.0,30150.0,30900.0,30287.625,1072025.0,,,,,,,,,,,,,,,,,,,,33125572500.0,,,local_price_csv_fallback,054450.KQ
2024-01-08,31150.0,31350.0,30700.0,31000.0,30385.642578125,399764.0,,,,,,,,,,,,,,,,,,,,12392684000.0,,,local_price_csv_fallback,054450.KQ
2024-01-09,31800.0,32500.0,30300.0,30450.0,29846.54296875,887213.0,,,,,,,,,,,,,,,,,,,,27015635850.0,,,local_price_csv_fallback,054450.KQ
2024-01-10,30650.0,31200.0,29900.0,30150.0,29552.48828125,393862.0,,,,,,,,,,,,,,,,,,,,11874939300.0,,,local_price_csv_fallback,054450.KQ
2024-01-11,29950.0,30550.0,29700.0,30000.0,29405.4609375,313644.0,,,,,,,,,,,,,,,,,,,,9409320000.0,,,local_price_csv_fallback,054450.KQ
2024-01-12,30150.0,30650.0,29300.0,29450.0,28866.361328125,324247.0,,,,,,,,,,,,,,,,,,,,9549074150.0,,,local_price_csv_fallback,054450.KQ
2024-01-15,29350.0,30550.0,29350.0,29800.0,29209.42578125,334044.0,,,,,,,,,,,,,,,,,,,,9954511200.0,,,local_price_csv_fallback,054450.KQ
2024-01-16,29850.0,30150.0,28800.0,29500.0,28915.369140625,351288.0,,,,,,,,,,,,,,,,,,,,10362996000.0,,,local_price_csv_fallback,054450.KQ
2024-01-17,30350.0,30350.0,28650.0,28650.0,28082.21484375,393042.0,,,,,,,,,,,,,,,,,,,,11260653300.0,,,local_price_csv_fallback,054450.KQ
2024-01-18,28650.0,29450.0,28450.0,29250.0,28670.32421875,289219.0,,,,,,,,,,,,,,,,,,,,8459655750.0,,,local_price_csv_fallback,054450.KQ
2024-01-19,30100.0,30350.0,29650.0,29950.0,29356.451171875,389395.0,,,,,,,,,,,,,,,,,,,,11662380250.0,,,local_price_csv_fallback,054450.KQ
2024-01-22,30850.0,31450.0,30150.0,31350.0,30728.70703125,662868.0,,,,,,,,,,,,,,,,,,,,20780911800.0,,,local_price_csv_fallback,054450.KQ
2024-01-23,31350.0,31350.0,29950.0,31000.0,30385.642578125,413234.0,,,,,,,,,,,,,,,,,,,,12810254000.0,,,local_price_csv_fallback,054450.KQ
2024-01-24,30900.0,30950.0,29800.0,30250.0,29650.505859375,288978.0,,,,,,,,,,,,,,,,,,,,8741584500.0,,,local_price_csv_fallback,054450.KQ
2024-01-25,30300.0,31100.0,29800.0,30000.0,29405.4609375,588028.0,,,,,,,,,,,,,,,,,,,,17640840000.0,,,local_price_csv_fallback,054450.KQ
2024-01-26,29750.0,30200.0,29100.0,29650.0,29062.396484375,278950.0,,,,,,,,,,,,,,,,,,,,8270867500.0,,,local_price_csv_fallback,054450.KQ
2024-01-29,29250.0,29400.0,28000.0,28150.0,27592.123046875,546357.0,,,,,,,,,,,,,,,,,,,,15379949550.0,,,local_price_csv_fallback,054450.KQ
2024-01-30,28350.0,28650.0,27100.0,27700.0,27151.04296875,420979.0,,,,,,,,,,,,,,,,,,,,11661118300.0,,,local_price_csv_fallback,054450.KQ
2024-01-31,27400.0,27800.0,26500.0,26550.0,26023.83203125,330005.0,,,,,,,,,,,,,,,,,,,,8761632750.0,,,local_price_csv_fallback,054450.KQ
2024-02-01,26500.0,26800.0,26000.0,26500.0,25974.822265625,394881.0,,,,,,,,,,,,,,,,,,,,10464346500.0,,,local_price_csv_fallback,054450.KQ
2024-02-02,26950.0,27450.0,26600.0,26700.0,26170.859375,344855.0,,,,,,,,,,,,,,,,,,,,9207628500.0,,,local_price_csv_fallback,054450.KQ
2024-02-05,26800.0,27100.0,26100.0,26100.0,25582.75,242517.0,,,,,,,,,,,,,,,,,,,,6329693700.0,,,local_price_csv_fallback,054450.KQ
2024-02-06,26150.0,26850.0,25450.0,26750.0,26219.869140625,344741.0,,,,,,,,,,,,,,,,,,,,9221821750.0,,,local_price_csv_fallback,054450.KQ
2024-02-07,26600.0,26600.0,25900.0,26150.0,25631.759765625,244542.0,,,,,,,,,,,,,,,,,,,,6394773300.0,,,local_price_csv_fallback,054450.KQ
2024-02-08,26550.0,27850.0,26500.0,27700.0,27151.04296875,543827.0,,,,,,,,,,,,,,,,,,,,15064007900.0,,,local_price_csv_fallback,054450.KQ
2024-02-13,28850.0,29550.0,28550.0,29400.0,28817.3515625,773028.0,,,,,,,,,,,,,,,,,,,,22727023200.0,,,local_price_csv_fallback,054450.KQ
2024-02-14,28600.0,30800.0,28550.0,30250.0,29650.505859375,551609.0,,,,,,,,,,,,,,,,,,,,16686172250.0,,,local_price_csv_fallback,054450.KQ
2024-02-15,31600.0,32700.0,30250.0,31200.0,30581.6796875,1322162.0,,,,,,,,,,,,,,,,,,,,41251454400.0,,,local_price_csv_fallback,054450.KQ
2024-02-16,34300.0,38550.0,31450.0,31600.0,30973.751953125,10559660.0,,,,,,,,,,,,,,,,,,,,333685256000.0,,,local_price_csv_fallback,054450.KQ
2024-02-19,30900.0,31850.0,30500.0,30550.0,29944.560546875,1187132.0,,,,,,,,,,,,,,,,,,,,36266882600.0,,,local_price_csv_fallback,054450.KQ
2024-02-20,30200.0,31100.0,29850.0,30000.0,29405.4609375,1089044.0,,,,,,,,,,,,,,,,,,,,32671320000.0,,,local_price_csv_fallback,054450.KQ
2024-02-21,29500.0,30750.0,29400.0,29800.0,29209.42578125,851631.0,,,,,,,,,,,,,,,,,,,,25378603800.0,,,local_price_csv_fallback,054450.KQ
2024-02-22,30800.0,31800.0,29850.0,31500.0,30875.734375,1348811.0,,,,,,,,,,,,,,,,,,,,42487546500.0,,,local_price_csv_fallback,054450.KQ
2024-02-23,32050.0,32150.0,30150.0,30150.0,29552.48828125,862273.0,,,,,,,,,,,,,,,,,,,,25997530950.0,,,local_price_csv_fallback,054450.KQ
2024-02-26,30150.0,30850.0,29450.0,29450.0,28866.361328125,400445.0,,,,,,,,,,,,,,,,,,,,11793105250.0,,,local_price_csv_fallback,054450.KQ
2024-02-27,29450.0,29750.0,28750.0,29050.0,28474.2890625,346258.0,,,,,,,,,,,,,,,,,,,,10058794900.0,,,local_price_csv_fallback,054450.KQ
2024-02-28,28800.0,29350.0,28350.0,28600.0,28033.205078125,414587.0,,,,,,,,,,,,,,,,,,,,11857188200.0,,,local_price_csv_fallback,054450.KQ
2024-02-29,28350.0,28950.0,28200.0,28450.0,27886.1796875,290742.0,,,,,,,,,,,,,,,,,,,,8271609900.0,,,local_price_csv_fallback,054450.KQ
2024-03-04,29100.0,29750.0,28950.0,29600.0,29013.38671875,441258.0,,,,,,,,,,,,,,,,,,,,13061236800.0,,,local_price_csv_fallback,054450.KQ
2024-03-05,30150.0,30150.0,28950.0,29000.0,28425.27734375,351222.0,,,,,,,,,,,,,,,,,,,,10185438000.0,,,local_price_csv_fallback,054450.KQ
2024-03-06,28700.0,29450.0,28600.0,29150.0,28572.306640625,254523.0,,,,,,,,,,,,,,,,,,,,7419345450.0,,,local_price_csv_fallback,054450.KQ
2024-03-07,29500.0,29850.0,28500.0,28500.0,27935.1875,434308.0,,,,,,,,,,,,,,,,,,,,12377778000.0,,,local_price_csv_fallback,054450.KQ
2024-03-08,29300.0,31250.0,29150.0,29800.0,29209.42578125,1302454.0,,,,,,,,,,,,,,,,,,,,38813129200.0,,,local_price_csv_fallback,054450.KQ
2024-03-11,29250.0,29350.0,28400.0,28600.0,28033.205078125,526680.0,,,,,,,,,,,,,,,,,,,,15063048000.0,,,local_price_csv_fallback,054450.KQ
2024-03-12,29150.0,31350.0,28700.0,31000.0,30385.642578125,1055196.0,,,,,,,,,,,,,,,,,,,,32711076000.0,,,local_price_csv_fallback,054450.KQ
2024-03-13,31200.0,31450.0,29400.0,29950.0,29356.451171875,813135.0,,,,,,,,,,,,,,,,,,,,24353393250.0,,,local_price_csv_fallback,054450.KQ
2024-03-14,29550.0,29700.0,28700.0,28900.0,28327.259765625,424632.0,,,,,,,,,,,,,,,,,,,,12271864800.0,,,local_price_csv_fallback,054450.KQ
2024-03-15,28500.0,29400.0,28500.0,28600.0,28033.205078125,349361.0,,,,,,,,,,,,,,,,,,,,9991724600.0,,,local_price_csv_fallback,054450.KQ
2024-03-18,28600.0,28850.0,28350.0,28800.0,28229.2421875,205091.0,,,,,,,,,,,,,,,,,,,,5906620800.0,,,local_price_csv_fallback,054450.KQ
2024-03-19,28550.0,28650.0,27500.0,28350.0,27788.16015625,711053.0,,,,,,,,,,,,,,,,,,,,20158352550.0,,,local_price_csv_fallback,054450.KQ
2024-03-20,32200.0,32400.0,29100.0,29450.0,28866.361328125,3949795.0,,,,,,,,,,,,,,,,,,,,116321462750.0,,,local_price_csv_fallback,054450.KQ
2024-03-21,29900.0,30100.0,29000.0,29450.0,28866.361328125,793031.0,,,,,,,,,,,,,,,,,,,,23354762950.0,,,local_price_csv_fallback,054450.KQ
2024-03-22,29300.0,29350.0,28600.0,28600.0,28033.205078125,494617.0,,,,,,,,,,,,,,,,,,,,14146046200.0,,,local_price_csv_fallback,054450.KQ
2024-03-25,28850.0,29000.0,28300.0,28300.0,27739.150390625,265686.0,,,,,,,,,,,,,,,,,,,,7518913800.0,,,local_price_csv_fallback,054450.KQ
2024-03-26,28200.0,28600.0,28100.0,28200.0,27641.1328125,229987.0,,,,,,,,,,,,,,,,,,,,6485633400.0,,,local_price_csv_fallback,054450.KQ
2024-03-27,28200.0,28800.0,27850.0,28700.0,28131.224609375,312590.0,,,,,,,,,,,,,,,,,,,,8971333000.0,,,local_price_csv_fallback,054450.KQ
2024-03-28,28750.0,29200.0,28250.0,28950.0,28376.26953125,417331.0,,,,,,,,,,,,,,,,,,,,12081732450.0,,,local_price_csv_fallback,054450.KQ
2024-03-29,29250.0,29250.0,28250.0,28300.0,27739.150390625,332949.0,,,,,,,,,,,,,,,,,,,,9422456700.0,,,local_price_csv_fallback,054450.KQ
2024-04-01,28450.0,28800.0,28300.0,28400.0,27837.169921875,192797.0,,,,,,,,,,,,,,,,,,,,5475434800.0,,,local_price_csv_fallback,054450.KQ
2024-04-02,28500.0,28550.0,27800.0,27800.0,27249.060546875,302736.0,,,,,,,,,,,,,,,,,,,,8416060800.0,,,local_price_csv_fallback,054450.KQ
2024-04-03,27500.0,27700.0,26600.0,26950.0,26415.90625,329462.0,,,,,,,,,,,,,,,,,,,,8879000900.0,,,local_price_csv_fallback,054450.KQ
2024-04-04,27400.0,27800.0,27000.0,27750.0,27200.05078125,223657.0,,,,,,,,,,,,,,,,,,,,6206481750.0,,,local_price_csv_fallback,054450.KQ
2024-04-05,27200.0,27650.0,26600.0,26700.0,26170.859375,252588.0,,,,,,,,,,,,,,,,,,,,6744099600.0,,,local_price_csv_fallback,054450.KQ
2024-04-08,27250.0,27700.0,26500.0,26550.0,26023.83203125,244957.0,,,,,,,,,,,,,,,,,,,,6503608350.0,,,local_price_csv_fallback,054450.KQ
2024-04-09,26650.0,28300.0,26550.0,26750.0,26219.869140625,313074.0,,,,,,,,,,,,,,,,,,,,8374729500.0,,,local_price_csv_fallback,054450.KQ
2024-04-11,26100.0,26550.0,25900.0,26350.0,25827.796875,128467.0,,,,,,,,,,,,,,,,,,,,3385105450.0,,,local_price_csv_fallback,054450.KQ
2024-04-12,26700.0,27000.0,26350.0,26350.0,25827.796875,162764.0,,,,,,,,,,,,,,,,,,,,4288831400.0,,,local_price_csv_fallback,054450.KQ
2024-04-15,25850.0,25950.0,25100.0,25600.0,25092.66015625,269606.0,,,,,,,,,,,,,,,,,,,,6901913600.0,,,local_price_csv_fallback,054450.KQ
2024-04-16,25900.0,26100.0,24650.0,24800.0,24308.515625,331204.0,,,,,,,,,,,,,,,,,,,,8213859200.0,,,local_price_csv_fallback,054450.KQ
2024-04-17,24850.0,25150.0,24550.0,24600.0,24112.478515625,175397.0,,,,,,,,,,,,,,,,,,,,4314766200.0,,,local_price_csv_fallback,054450.KQ
2024-04-18,24500.0,25600.0,24450.0,25600.0,25092.66015625,152265.0,,,,,,,,,,,,,,,,,,,,3897984000.0,,,local_price_csv_fallback,054450.KQ
2024-04-19,25350.0,25500.0,23750.0,24400.0,23916.44140625,214775.0,,,,,,,,,,,,,,,,,,,,5240510000.0,,,local_price_csv_fallback,054450.KQ
2024-04-22,24100.0,25000.0,24100.0,25000.0,24504.55078125,137899.0,,,,,,,,,,,,,,,,,,,,3447475000.0,,,local_price_csv_fallback,054450.KQ
2024-04-23,25150.0,25500.0,24450.0,24550.0,24063.46875,136416.0,,,,,,,,,,,,,,,,,,,,3349012800.0,,,local_price_csv_fallback,054450.KQ
2024-04-24,25150.0,25700.0,25050.0,25500.0,24994.640625,156008.0,,,,,,,,,,,,,,,,,,,,3978204000.0,,,local_price_csv_fallback,054450.KQ
2024-04-25,25400.0,25950.0,25050.0,25050.0,24553.55859375,134326.0,,,,,,,,,,,,,,,,,,,,3364866300.0,,,local_price_csv_fallback,054450.KQ
2024-04-26,25400.0,25800.0,25150.0,25200.0,24700.587890625,100282.0,,,,,,,,,,,,,,,,,,,,2527106400.0,,,local_price_csv_fallback,054450.KQ
2024-04-29,25700.0,26100.0,25550.0,25600.0,25092.66015625,141202.0,,,,,,,,,,,,,,,,,,,,3614771200.0,,,local_price_csv_fallback,054450.KQ
2024-04-30,27000.0,27500.0,25900.0,26000.0,25484.732421875,561690.0,,,,,,,,,,,,,,,,,,,,14603940000.0,,,local_price_csv_fallback,054450.KQ
2024-05-02,25650.0,26400.0,25500.0,26150.0,25631.759765625,153802.0,,,,,,,,,,,,,,,,,,,,4021922300.0,,,local_price_csv_fallback,054450.KQ
2024-05-03,26200.0,26550.0,25750.0,25800.0,25288.6953125,177773.0,,,,,,,,,,,,,,,,,,,,4586543400.0,,,local_price_csv_fallback,054450.KQ
2024-05-07,26300.0,26650.0,25850.0,25950.0,25435.724609375,203648.0,,,,,,,,,,,,,,,,,,,,5284665600.0,,,local_price_csv_fallback,054450.KQ
2024-05-08,25850.0,26500.0,25750.0,25850.0,25337.705078125,143143.0,,,,,,,,,,,,,,,,,,,,3700246550.0,,,local_price_csv_fallback,054450.KQ
2024-05-09,25800.0,25900.0,25000.0,25050.0,24553.55859375,209152.0,,,,,,,,,,,,,,,,,,,,5239257600.0,,,local_price_csv_fallback,054450.KQ
2024-05-10,24250.0,24600.0,23800.0,23900.0,23426.349609375,371580.0,,,,,,,,,,,,,,,,,,,,8880762000.0,,,local_price_csv_fallback,054450.KQ
2024-05-13,23600.0,23750.0,22950.0,23050.0,22593.197265625,251296.0,,,,,,,,,,,,,,,,,,,,5792372800.0,,,local_price_csv_fallback,054450.KQ
2024-05-14,22900.0,23350.0,22850.0,23100.0,22642.205078125,133650.0,,,,,,,,,,,,,,,,,,,,3087315000.0,,,local_price_csv_fallback,054450.KQ
2024-05-16,23400.0,23650.0,23300.0,23400.0,22936.259765625,145180.0,,,,,,,,,,,,,,,,,,,,3397212000.0,,,local_price_csv_fallback,054450.KQ
2024-05-17,23400.0,23400.0,22500.0,22700.0,22250.1328125,202659.0,,,,,,,,,,,,,,,,,,,,4600359300.0,,,local_price_csv_fallback,054450.KQ
2024-05-20,22550.0,22700.0,22200.0,22350.0,21907.068359375,168079.0,,,,,,,,,,,,,,,,,,,,3756565650.0,,,local_price_csv_fallback,054450.KQ
2024-05-21,22350.0,22950.0,22300.0,22800.0,22348.150390625,142070.0,,,,,,,,,,,,,,,,,,,,3239196000.0,,,local_price_csv_fallback,054450.KQ
2024-05-22,22800.0,22950.0,22350.0,22450.0,22005.0859375,80066.0,,,,,,,,,,,,,,,,,,,,1797481700.0,,,local_price_csv_fallback,054450.KQ
2024-05-23,22650.0,23000.0,22100.0,22650.0,22201.12109375,134389.0,,,,,,,,,,,,,,,,,,,,3043910850.0,,,local_price_csv_fallback,054450.KQ
2024-05-24,22400.0,22550.0,21700.0,21900.0,21465.986328125,161025.0,,,,,,,,,,,,,,,,,,,,3526447500.0,,,local_price_csv_fallback,054450.KQ
2024-05-27,21900.0,22400.0,21600.0,22350.0,21907.068359375,148202.0,,,,,,,,,,,,,,,,,,,,3312314700.0,,,local_price_csv_fallback,054450.KQ
2024-05-28,22600.0,23150.0,22400.0,23050.0,22593.197265625,237207.0,,,,,,,,,,,,,,,,,,,,5467621350.0,,,local_price_csv_fallback,054450.KQ
2024-05-29,23150.0,23500.0,22800.0,22800.0,22348.150390625,213479.0,,,,,,,,,,,,,,,,,,,,4867321200.0,,,local_price_csv_fallback,054450.KQ
2024-05-30,22500.0,22750.0,22050.0,22400.0,21956.078125,109629.0,,,,,,,,,,,,,,,,,,,,2455689600.0,,,local_price_csv_fallback,054450.KQ
2024-05-31,22400.0,22500.0,21900.0,22000.0,21564.005859375,76449.0,,,,,,,,,,,,,,,,,,,,1681878000.0,,,local_price_csv_fallback,054450.KQ
2024-06-03,22050.0,22300.0,21700.0,22150.0,21711.03125,83891.0,,,,,,,,,,,,,,,,,,,,1858185650.0,,,local_price_csv_fallback,054450.KQ
2024-06-04,22350.0,22350.0,21550.0,21550.0,21122.921875,94154.0,,,,,,,,,,,,,,,,,,,,2029018700.0,,,local_price_csv_fallback,054450.KQ
2024-06-05,21750.0,22150.0,21500.0,21650.0,21220.94140625,103411.0,,,,,,,,,,,,,,,,,,,,2238848150.0,,,local_price_csv_fallback,054450.KQ
2024-06-07,21700.0,22450.0,21700.0,21900.0,21465.986328125,114698.0,,,,,,,,,,,,,,,,,,,,2511886200.0,,,local_price_csv_fallback,054450.KQ
2024-06-10,21900.0,22000.0,21600.0,21800.0,21367.96875,75521.0,,,,,,,,,,,,,,,,,,,,1646357800.0,,,local_price_csv_fallback,054450.KQ
2024-06-11,21750.0,21950.0,21400.0,21450.0,21024.904296875,132012.0,,,,,,,,,,,,,,,,,,,,2831657400.0,,,local_price_csv_fallback,054450.KQ
2024-06-12,21450.0,21700.0,21400.0,21600.0,21171.931640625,84018.0,,,,,,,,,,,,,,,,,,,,1814788800.0,,,local_price_csv_fallback,054450.KQ
2024-06-13,21750.0,22100.0,21700.0,21950.0,21514.994140625,109242.0,,,,,,,,,,,,,,,,,,,,2397861900.0,,,local_price_csv_fallback,054450.KQ
2024-06-14,21950.0,22000.0,21050.0,21250.0,20828.8671875,184545.0,,,,,,,,,,,,,,,,,,,,3921581250.0,,,local_price_csv_fallback,054450.KQ
2024-06-17,21250.0,21450.0,20850.0,21100.0,20681.83984375,81384.0,,,,,,,,,,,,,,,,,,,,1717202400.0,,,local_price_csv_fallback,054450.KQ
2024-06-18,21300.0,21550.0,21000.0,21050.0,20632.83203125,295531.0,,,,,,,,,,,,,,,,,,,,6220927550.0,,,local_price_csv_fallback,054450.KQ
2024-06-19,22450.0,22700.0,21600.0,21950.0,21514.994140625,496036.0,,,,,,,,,,,,,,,,,,,,10887990200.0,,,local_price_csv_fallback,054450.KQ
2024-06-20,21900.0,22200.0,21650.0,21850.0,21416.9765625,153254.0,,,,,,,,,,,,,,,,,,,,3348599900.0,,,local_price_csv_fallback,054450.KQ
2024-06-21,21500.0,21700.0,21000.0,21000.0,20583.822265625,152337.0,,,,,,,,,,,,,,,,,,,,3199077000.0,,,local_price_csv_fallback,054450.KQ
2024-06-24,20750.0,20750.0,20150.0,20250.0,19848.6875,158404.0,,,,,,,,,,,,,,,,,,,,3207681000.0,,,local_price_csv_fallback,054450.KQ
2024-06-25,19800.0,20450.0,19800.0,20250.0,19848.6875,101065.0,,,,,,,,,,,,,,,,,,,,2046566250.0,,,local_price_csv_fallback,054450.KQ
2024-06-26,20400.0,20500.0,20000.0,20200.0,19799.67578125,81081.0,,,,,,,,,,,,,,,,,,,,1637836200.0,,,local_price_csv_fallback,054450.KQ
2024-06-27,20200.0,20850.0,20050.0,20250.0,19848.6875,96268.0,,,,,,,,,,,,,,,,,,,,1949427000.0,,,local_price_csv_fallback,054450.KQ
2024-06-28,20500.0,20750.0,20100.0,20600.0,20191.75,125198.0,,,,,,,,,,,,,,,,,,,,2579078800.0,,,local_price_csv_fallback,054450.KQ
2024-07-01,20900.0,21300.0,20700.0,21250.0,20828.8671875,123690.0,,,,,,,,,,,,,,,,,,,,2628412500.0,,,local_price_csv_fallback,054450.KQ
2024-07-02,21250.0,21400.0,20450.0,20550.0,20142.740234375,85397.0,,,,,,,,,,,,,,,,,,,,1754908350.0,,,local_price_csv_fallback,054450.KQ
2024-07-03,20600.0,20800.0,19990.0,20050.0,19652.650390625,117650.0,,,,,,,,,,,,,,,,,,,,2358882500.0,,,local_price_csv_fallback,054450.KQ
2024-07-04,20200.0,20950.0,20200.0,20750.0,20338.77734375,124505.0,,,,,,,,,,,,,,,,,,,,2583478750.0,,,local_price_csv_fallback,054450.KQ
2024-07-05,20800.0,21450.0,20250.0,21000.0,20583.822265625,180725.0,,,,,,,,,,,,,,,,,,,,3795225000.0,,,local_price_csv_fallback,054450.KQ
2024-07-08,20950.0,21900.0,20850.0,21900.0,21465.986328125,211248.0,,,,,,,,,,,,,,,,,,,,4626331200.0,,,local_price_csv_fallback,054450.KQ
2024-07-09,21900.0,21900.0,21350.0,21450.0,21024.904296875,157527.0,,,,,,,,,,,,,,,,,,,,3378954150.0,,,local_price_csv_fallback,054450.KQ
2024-07-10,21450.0,21450.0,20950.0,21150.0,20730.849609375,83315.0,,,,,,,,,,,,,,,,,,,,1762112250.0,,,local_price_csv_fallback,054450.KQ
2024-07-11,21150.0,21400.0,20800.0,20900.0,20485.802734375,120429.0,,,,,,,,,,,,,,,,,,,,2516966100.0,,,local_price_csv_fallback,054450.KQ
2024-07-12,20800.0,20800.0,20200.0,20250.0,19848.6875,113710.0,,,,,,,,,,,,,,,,,,,,2302627500.0,,,local_price_csv_fallback,054450.KQ
2024-07-15,20200.0,20500.0,20150.0,20400.0,19995.712890625,66502.0,,,,,,,,,,,,,,,,,,,,1356640800.0,,,local_price_csv_fallback,054450.KQ
2024-07-16,20250.0,20350.0,20100.0,20200.0,19799.67578125,73491.0,,,,,,,,,,,,,,,,,,,,1484518200.0,,,local_price_csv_fallback,054450.KQ
2024-07-17,20150.0,20250.0,19650.0,19720.0,19329.189453125,178964.0,,,,,,,,,,,,,,,,,,,,3529170080.0,,,local_price_csv_fallback,054450.KQ
2024-07-18,19460.0,19560.0,18900.0,19060.0,18682.26953125,170560.0,,,,,,,,,,,,,,,,,,,,3250873600.0,,,local_price_csv_fallback,054450.KQ
2024-07-19,18750.0,18950.0,18210.0,18610.0,18241.1875,182738.0,,,,,,,,,,,,,,,,,,,,3400754180.0,,,local_price_csv_fallback,054450.KQ
2024-07-22,18500.0,18630.0,18050.0,18240.0,17878.51953125,117649.0,,,,,,,,,,,,,,,,,,,,2145917760.0,,,local_price_csv_fallback,054450.KQ
2024-07-23,18290.0,18450.0,17920.0,18050.0,17692.28515625,102520.0,,,,,,,,,,,,,,,,,,,,1850486000.0,,,local_price_csv_fallback,054450.KQ
2024-07-24,17650.0,18450.0,17650.0,18170.0,17809.90625,89848.0,,,,,,,,,,,,,,,,,,,,1632538160.0,,,local_price_csv_fallback,054450.KQ
2024-07-25,17590.0,17990.0,17520.0,17560.0,17211.99609375,113386.0,,,,,,,,,,,,,,,,,,,,1991058160.0,,,local_price_csv_fallback,054450.KQ
2024-07-26,17850.0,17910.0,17480.0,17690.0,17339.419921875,118757.0,,,,,,,,,,,,,,,,,,,,2100811330.0,,,local_price_csv_fallback,054450.KQ
2024-07-29,17590.0,17880.0,17280.0,17690.0,17339.419921875,78673.0,,,,,,,,,,,,,,,,,,,,1391725370.0,,,local_price_csv_fallback,054450.KQ
2024-07-30,17600.0,17680.0,17100.0,17100.0,16761.11328125,91603.0,,,,,,,,,,,,,,,,,,,,1566411300.0,,,local_price_csv_fallback,054450.KQ
2024-07-31,16710.0,17390.0,16710.0,17340.0,16996.35546875,106599.0,,,,,,,,,,,,,,,,,,,,1848426660.0,,,local_price_csv_fallback,054450.KQ
2024-08-01,17590.0,17780.0,17230.0,17290.0,16947.345703125,66911.0,,,,,,,,,,,,,,,,,,,,1156891190.0,,,local_price_csv_fallback,054450.KQ
2024-08-02,16750.0,17000.0,15970.0,15970.0,15653.5068359375,166848.0,,,,,,,,,,,,,,,,,,,,2664562560.0,,,local_price_csv_fallback,054450.KQ
2024-08-05,15310.0,15500.0,12500.0,13200.0,12938.40234375,529306.0,,,,,,,,,,,,,,,,,,,,6986839200.0,,,local_price_csv_fallback,054450.KQ
2024-08-06,13250.0,14230.0,13230.0,14060.0,13781.359375,285921.0,,,,,,,,,,,,,,,,,,,,4020049260.0,,,local_price_csv_fallback,054450.KQ
2024-08-07,13620.0,14430.0,13620.0,14230.0,13947.990234375,170931.0,,,,,,,,,,,,,,,,,,,,2432348130.0,,,local_price_csv_fallback,054450.KQ
2024-08-08,13990.0,14220.0,13700.0,13950.0,13673.5390625,121216.0,,,,,,,,,,,,,,,,,,,,1690963200.0,,,local_price_csv_fallback,054450.KQ
2024-08-09,13850.0,14420.0,13850.0,14240.0,13957.7919921875,179157.0,,,,,,,,,,,,,,,,,,,,2551195680.0,,,local_price_csv_fallback,054450.KQ
2024-08-12,14060.0,14660.0,14060.0,14560.0,14271.4501953125,84822.0,,,,,,,,,,,,,,,,,,,,1235008320.0,,,local_price_csv_fallback,054450.KQ
2024-08-13,14600.0,14680.0,14160.0,14390.0,14104.8193359375,73192.0,,,,,,,,,,,,,,,,,,,,1053232880.0,,,local_price_csv_fallback,054450.KQ
2024-08-14,14620.0,15030.0,14620.0,15000.0,14702.73046875,74722.0,,,,,,,,,,,,,,,,,,,,1120830000.0,,,local_price_csv_fallback,054450.KQ
2024-08-16,15330.0,15400.0,14900.0,15100.0,14800.7490234375,78285.0,,,,,,,,,,,,,,,,,,,,1182103500.0,,,local_price_csv_fallback,054450.KQ
2024-08-19,15000.0,15200.0,14760.0,14780.0,14487.0908203125,65696.0,,,,,,,,,,,,,,,,,,,,970986880.0,,,local_price_csv_fallback,054450.KQ
2024-08-20,14820.0,15560.0,14820.0,15500.0,15192.8212890625,108238.0,,,,,,,,,,,,,,,,,,,,1677689000.0,,,local_price_csv_fallback,054450.KQ
2024-08-21,15460.0,15460.0,15000.0,15180.0,14879.1630859375,50138.0,,,,,,,,,,,,,,,,,,,,761094840.0,,,local_price_csv_fallback,054450.KQ
2024-08-22,15330.0,15330.0,14720.0,14990.0,14692.9287109375,52737.0,,,,,,,,,,,,,,,,,,,,790527630.0,,,local_price_csv_fallback,054450.KQ
2024-08-23,14720.0,14990.0,14720.0,14910.0,14614.513671875,31850.0,,,,,,,,,,,,,,,,,,,,474883500.0,,,local_price_csv_fallback,054450.KQ
2024-08-26,14910.0,14990.0,14560.0,14600.0,14310.6572265625,48789.0,,,,,,,,,,,,,,,,,,,,712319400.0,,,local_price_csv_fallback,054450.KQ
2024-08-27,14480.0,14710.0,14400.0,14650.0,14359.666015625,39355.0,,,,,,,,,,,,,,,,,,,,576550750.0,,,local_price_csv_fallback,054450.KQ
2024-08-28,14610.0,14930.0,14360.0,14770.0,14477.2880859375,81681.0,,,,,,,,,,,,,,,,,,,,1206428370.0,,,local_price_csv_fallback,054450.KQ
2024-08-29,14770.0,15040.0,14410.0,14550.0,14261.6484375,105339.0,,,,,,,,,,,,,,,,,,,,1532682450.0,,,local_price_csv_fallback,054450.KQ
2024-08-30,14560.0,14790.0,14440.0,14620.0,14330.2607421875,56288.0,,,,,,,,,,,,,,,,,,,,822930560.0,,,local_price_csv_fallback,054450.KQ
2024-09-02,14620.0,14700.0,14280.0,14310.0,14026.404296875,49029.0,,,,,,,,,,,,,,,,,,,,701604990.0,,,local_price_csv_fallback,054450.KQ
2024-09-03,14270.0,14540.0,14010.0,14010.0,13732.349609375,65022.0,,,,,,,,,,,,,,,,,,,,910958220.0,,,local_price_csv_fallback,054450.KQ
2024-09-04,13130.0,13590.0,13130.0,13200.0,12938.40234375,125433.0,,,,,,,,,,,,,,,,,,,,1655715600.0,,,local_price_csv_fallback,054450.KQ
2024-09-05,13310.0,13450.0,12870.0,13040.0,12781.57421875,106155.0,,,,,,,,,,,,,,,,,,,,1384261200.0,,,local_price_csv_fallback,054450.KQ
2024-09-06,12990.0,13780.0,12650.0,12670.0,12418.90625,201005.0,,,,,,,,,,,,,,,,,,,,2546733350.0,,,local_price_csv_fallback,054450.KQ
2024-09-09,12380.0,12830.0,12150.0,12790.0,12536.5283203125,96763.0,,,,,,,,,,,,,,,,,,,,1237598770.0,,,local_price_csv_fallback,054450.KQ
2024-09-10,12730.0,13000.0,12450.0,12500.0,12252.275390625,73513.0,,,,,,,,,,,,,,,,,,,,918912500.0,,,local_price_csv_fallback,054450.KQ
2024-09-11,12250.0,12630.0,12220.0,12280.0,12036.6357421875,73685.0,,,,,,,,,,,,,,,,,,,,904851800.0,,,local_price_csv_fallback,054450.KQ
2024-09-12,12550.0,13110.0,12520.0,13000.0,12742.3662109375,83653.0,,,,,,,,,,,,,,,,,,,,1087489000.0,,,local_price_csv_fallback,054450.KQ
2024-09-13,13160.0,13160.0,12730.0,12830.0,12575.7353515625,45986.0,,,,,,,,,,,,,,,,,,,,590000380.0,,,local_price_csv_fallback,054450.KQ
2024-09-19,12920.0,12980.0,12350.0,12650.0,12399.302734375,61389.0,,,,,,,,,,,,,,,,,,,,776570850.0,,,local_price_csv_fallback,054450.KQ
2024-09-20,12770.0,13380.0,12770.0,13040.0,12781.57421875,129966.0,,,,,,,,,,,,,,,,,,,,1694756640.0,,,local_price_csv_fallback,054450.KQ
2024-09-23,13000.0,13390.0,12940.0,13350.0,13085.4296875,69992.0,,,,,,,,,,,,,,,,,,,,934393200.0,,,local_price_csv_fallback,054450.KQ
2024-09-24,13520.0,13640.0,13430.0,13640.0,13369.6826171875,80152.0,,,,,,,,,,,,,,,,,,,,1093273280.0,,,local_price_csv_fallback,054450.KQ
2024-09-25,13710.0,14110.0,13690.0,13760.0,13487.3046875,131424.0,,,,,,,,,,,,,,,,,,,,1808394240.0,,,local_price_csv_fallback,054450.KQ
2024-09-26,14230.0,14350.0,14000.0,14350.0,14065.6123046875,123859.0,,,,,,,,,,,,,,,,,,,,1777376650.0,,,local_price_csv_fallback,054450.KQ
2024-09-27,14500.0,14700.0,14250.0,14320.0,14036.20703125,114383.0,,,,,,,,,,,,,,,,,,,,1637964560.0,,,local_price_csv_fallback,054450.KQ
2024-09-30,14320.0,14390.0,13970.0,14070.0,13791.1611328125,71613.0,,,,,,,,,,,,,,,,,,,,1007594910.0,,,local_price_csv_fallback,054450.KQ
2024-10-02,13680.0,14070.0,13650.0,13820.0,13546.1162109375,73693.0,,,,,,,,,,,,,,,,,,,,1018437260.0,,,local_price_csv_fallback,054450.KQ
2024-10-04,13690.0,14380.0,13690.0,14210.0,13928.3857421875,110678.0,,,,,,,,,,,,,,,,,,,,1572734380.0,,,local_price_csv_fallback,054450.KQ
2024-10-07,14210.0,14860.0,14210.0,14720.0,14428.279296875,153315.0,,,,,,,,,,,,,,,,,,,,2256796800.0,,,local_price_csv_fallback,054450.KQ
2024-10-08,14580.0,14640.0,14220.0,14260.0,13977.3955078125,76733.0,,,,,,,,,,,,,,,,,,,,1094212580.0,,,local_price_csv_fallback,054450.KQ
2024-10-10,14320.0,14390.0,13800.0,13810.0,13536.3134765625,79227.0,,,,,,,,,,,,,,,,,,,,1094124870.0,,,local_price_csv_fallback,054450.KQ
2024-10-11,13810.0,14150.0,13700.0,13820.0,13546.1162109375,62245.0,,,,,,,,,,,,,,,,,,,,860225900.0,,,local_price_csv_fallback,054450.KQ
2024-10-14,13760.0,13990.0,13750.0,13970.0,13693.1435546875,53400.0,,,,,,,,,,,,,,,,,,,,745998000.0,,,local_price_csv_fallback,054450.KQ
2024-10-15,14050.0,14210.0,13780.0,13820.0,13546.1162109375,61113.0,,,,,,,,,,,,,,,,,,,,844581660.0,,,local_price_csv_fallback,054450.KQ
2024-10-16,13630.0,13650.0,13400.0,13470.0,13203.0517578125,54708.0,,,,,,,,,,,,,,,,,,,,736916760.0,,,local_price_csv_fallback,054450.KQ
2024-10-17,13470.0,13600.0,13240.0,13410.0,13144.2412109375,61168.0,,,,,,,,,,,,,,,,,,,,820262880.0,,,local_price_csv_fallback,054450.KQ
2024-10-18,13370.0,13410.0,12840.0,12860.0,12605.140625,86363.0,,,,,,,,,,,,,,,,,,,,1110628180.0,,,local_price_csv_fallback,054450.KQ
2024-10-21,12990.0,13500.0,12660.0,13170.0,12908.9970703125,72565.0,,,,,,,,,,,,,,,,,,,,955681050.0,,,local_price_csv_fallback,054450.KQ
2024-10-22,13040.0,13160.0,12710.0,12720.0,12467.916015625,53538.0,,,,,,,,,,,,,,,,,,,,681003360.0,,,local_price_csv_fallback,054450.KQ
2024-10-23,12710.0,13070.0,12160.0,12920.0,12663.9521484375,42245.0,,,,,,,,,,,,,,,,,,,,545805400.0,,,local_price_csv_fallback,054450.KQ
2024-10-24,12840.0,12880.0,12540.0,12810.0,12556.130859375,47155.0,,,,,,,,,,,,,,,,,,,,604055550.0,,,local_price_csv_fallback,054450.KQ
2024-10-25,12850.0,13260.0,12480.0,12680.0,12428.7080078125,73678.0,,,,,,,,,,,,,,,,,,,,934237040.0,,,local_price_csv_fallback,054450.KQ
2024-10-28,12620.0,12840.0,12620.0,12740.0,12487.51953125,45139.0,,,,,,,,,,,,,,,,,,,,575070860.0,,,local_price_csv_fallback,054450.KQ
2024-10-29,12820.0,12820.0,12090.0,12710.0,12458.11328125,95132.0,,,,,,,,,,,,,,,,,,,,1209127720.0,,,local_price_csv_fallback,054450.KQ
2024-10-30,12700.0,12830.0,12500.0,12530.0,12281.6806640625,43517.0,,,,,,,,,,,,,,,,,,,,545268010.0,,,local_price_csv_fallback,054450.KQ
2024-10-31,12420.0,13050.0,12280.0,12840.0,12585.537109375,73435.0,,,,,,,,,,,,,,,,,,,,942905400.0,,,local_price_csv_fallback,054450.KQ
2024-11-01,12520.0,12730.0,12470.0,12630.0,12379.69921875,56333.0,,,,,,,,,,,,,,,,,,,,711485790.0,,,local_price_csv_fallback,054450.KQ
2024-11-04,12600.0,12920.0,12470.0,12770.0,12516.9248046875,63300.0,,,,,,,,,,,,,,,,,,,,808341000.0,,,local_price_csv_fallback,054450.KQ
2024-11-05,12760.0,13000.0,12530.0,12860.0,12605.140625,80108.0,,,,,,,,,,,,,,,,,,,,1030188880.0,,,local_price_csv_fallback,054450.KQ
2024-11-06,12870.0,13170.0,12460.0,12560.0,12311.0859375,100666.0,,,,,,,,,,,,,,,,,,,,1264364960.0,,,local_price_csv_fallback,054450.KQ
2024-11-07,12560.0,13000.0,12220.0,13000.0,12742.3662109375,82915.0,,,,,,,,,,,,,,,,,,,,1077895000.0,,,local_price_csv_fallback,054450.KQ
2024-11-08,13100.0,13300.0,12650.0,12710.0,12458.11328125,107426.0,,,,,,,,,,,,,,,,,,,,1365384460.0,,,local_price_csv_fallback,054450.KQ
2024-11-11,12800.0,12820.0,11880.0,11910.0,11673.9677734375,155426.0,,,,,,,,,,,,,,,,,,,,1851123660.0,,,local_price_csv_fallback,054450.KQ
2024-11-12,11830.0,12030.0,11400.0,11570.0,11340.7060546875,143605.0,,,,,,,,,,,,,,,,,,,,1661509850.0,,,local_price_csv_fallback,054450.KQ
2024-11-13,11320.0,11740.0,11320.0,11510.0,11281.8955078125,92142.0,,,,,,,,,,,,,,,,,,,,1060554420.0,,,local_price_csv_fallback,054450.KQ
2024-11-14,11310.0,11450.0,10600.0,10640.0,10429.13671875,199549.0,,,,,,,,,,,,,,,,,,,,2123201360.0,,,local_price_csv_fallback,054450.KQ
2024-11-15,10560.0,11110.0,10560.0,11050.0,10831.01171875,104921.0,,,,,,,,,,,,,,,,,,,,1159377050.0,,,local_price_csv_fallback,054450.KQ
2024-11-18,10940.0,12440.0,10940.0,12040.0,11801.3916015625,299611.0,,,,,,,,,,,,,,,,,,,,3607316440.0,,,local_price_csv_fallback,054450.KQ
2024-11-19,12040.0,12370.0,11720.0,11810.0,11575.9501953125,131558.0,,,,,,,,,,,,,,,,,,,,1553699980.0,,,local_price_csv_fallback,054450.KQ
2024-11-20,11970.0,12090.0,11720.0,11810.0,11575.9501953125,50255.0,,,,,,,,,,,,,,,,,,,,593511550.0,,,local_price_csv_fallback,054450.KQ
2024-11-21,11700.0,12040.0,11600.0,11850.0,11615.15625,67085.0,,,,,,,,,,,,,,,,,,,,794957250.0,,,local_price_csv_fallback,054450.KQ
2024-11-22,11850.0,12130.0,11750.0,11810.0,11575.9501953125,42779.0,,,,,,,,,,,,,,,,,,,,505219990.0,,,local_price_csv_fallback,054450.KQ
2024-11-25,11760.0,12200.0,11760.0,12150.0,11909.2119140625,68430.0,,,,,,,,,,,,,,,,,,,,831424500.0,,,local_price_csv_fallback,054450.KQ
2024-11-26,12150.0,12160.0,11630.0,12120.0,11879.8056640625,47431.0,,,,,,,,,,,,,,,,,,,,574863720.0,,,local_price_csv_fallback,054450.KQ
2024-11-27,12120.0,12120.0,11610.0,11750.0,11517.138671875,70560.0,,,,,,,,,,,,,,,,,,,,829080000.0,,,local_price_csv_fallback,054450.KQ
2024-11-28,11640.0,11850.0,11640.0,11660.0,11428.9228515625,38936.0,,,,,,,,,,,,,,,,,,,,453993760.0,,,local_price_csv_fallback,054450.KQ
2024-11-29,11690.0,11690.0,11320.0,11340.0,11115.2646484375,47034.0,,,,,,,,,,,,,,,,,,,,533365560.0,,,local_price_csv_fallback,054450.KQ
2024-12-02,11350.0,11500.0,11000.0,11000.0,10782.0029296875,56619.0,,,,,,,,,,,,,,,,,,,,622809000.0,,,local_price_csv_fallback,054450.KQ
2024-12-03,10910.0,11600.0,10910.0,11580.0,11350.5078125,86098.0,,,,,,,,,,,,,,,,,,,,997014840.0,,,local_price_csv_fallback,054450.KQ
2024-12-04,11050.0,11550.0,10900.0,11330.0,11105.4619140625,104642.0,,,,,,,,,,,,,,,,,,,,1185593860.0,,,local_price_csv_fallback,054450.KQ
2024-12-05,11340.0,11440.0,10950.0,10950.0,10732.9931640625,61139.0,,,,,,,,,,,,,,,,,,,,669472050.0,,,local_price_csv_fallback,054450.KQ
2024-12-06,11010.0,11080.0,10200.0,10730.0,10517.353515625,117120.0,,,,,,,,,,,,,,,,,,,,1256697600.0,,,local_price_csv_fallback,054450.KQ
2024-12-09,10650.0,10650.0,9900.0,9970.0,9772.4150390625,136572.0,,,,,,,,,,,,,,,,,,,,1361622840.0,,,local_price_csv_fallback,054450.KQ
2024-12-10,9920.0,10620.0,9920.0,10570.0,10360.5234375,90524.0,,,,,,,,,,,,,,,,,,,,956838680.0,,,local_price_csv_fallback,054450.KQ
2024-12-11,10430.0,11400.0,10430.0,11380.0,11154.4716796875,121935.0,,,,,,,,,,,,,,,,,,,,1387620300.0,,,local_price_csv_fallback,054450.KQ
2024-12-12,11560.0,11620.0,11210.0,11460.0,11232.8857421875,54337.0,,,,,,,,,,,,,,,,,,,,622702020.0,,,local_price_csv_fallback,054450.KQ
2024-12-13,11560.0,12070.0,11470.0,11810.0,11575.9501953125,133032.0,,,,,,,,,,,,,,,,,,,,1571107920.0,,,local_price_csv_fallback,054450.KQ
2024-12-16,12000.0,12380.0,12000.0,12310.0,12066.041015625,136088.0,,,,,,,,,,,,,,,,,,,,1675243280.0,,,local_price_csv_fallback,054450.KQ
2024-12-17,12490.0,12750.0,12300.0,12710.0,12458.11328125,152726.0,,,,,,,,,,,,,,,,,,,,1941147460.0,,,local_price_csv_fallback,054450.KQ
2024-12-18,12720.0,13950.0,12380.0,13800.0,13526.51171875,448207.0,,,,,,,,,,,,,,,,,,,,6185256600.0,,,local_price_csv_fallback,054450.KQ
2024-12-19,13380.0,14480.0,13220.0,13640.0,13369.6826171875,411234.0,,,,,,,,,,,,,,,,,,,,5609231760.0,,,local_price_csv_fallback,054450.KQ
2024-12-20,13850.0,14030.0,12910.0,12960.0,12703.1591796875,182588.0,,,,,,,,,,,,,,,,,,,,2366340480.0,,,local_price_csv_fallback,054450.KQ
2024-12-23,13010.0,13900.0,13010.0,13370.0,13105.033203125,186368.0,,,,,,,,,,,,,,,,,,,,2491740160.0,,,local_price_csv_fallback,054450.KQ
2024-12-24,13410.0,13490.0,12790.0,12860.0,12605.140625,116726.0,,,,,,,,,,,,,,,,,,,,1501096360.0,,,local_price_csv_fallback,054450.KQ
2024-12-26,12860.0,13100.0,12510.0,12700.0,12448.3115234375,87079.0,,,,,,,,,,,,,,,,,,,,1105903300.0,,,local_price_csv_fallback,054450.KQ
2024-12-27,12800.0,13710.0,12510.0,12590.0,12537.939453125,358913.0,,,,,,,,,,,,,,,,,,,,4518714670.0,,,local_price_csv_fallback,054450.KQ
2024-12-30,12300.0,12750.0,12150.0,12700.0,12647.484375,88326.0,,,,,,,,,,,,,,,,,,,,1121740200.0,,,local_price_csv_fallback,054450.KQ
2025-01-02,12730.0,13920.0,12730.0,13830.0,13772.8115234375,276305.0,,,,,,,,,,,,,,,,,,,,3821298150.0,,,local_price_csv_fallback,054450.KQ
2025-01-03,13940.0,14500.0,13600.0,14320.0,14260.7861328125,412015.0,,,,,,,,,,,,,,,,,,,,5900054800.0,,,local_price_csv_fallback,054450.KQ
2025-01-06,14320.0,14510.0,14260.0,14310.0,14250.8271484375,175087.0,,,,,,,,,,,,,,,,,,,,2505494970.0,,,local_price_csv_fallback,054450.KQ
2025-01-07,14500.0,14550.0,13850.0,13860.0,13802.6875,139366.0,,,,,,,,,,,,,,,,,,,,1931612760.0,,,local_price_csv_fallback,054450.KQ
2025-01-08,13860.0,14330.0,13850.0,14070.0,14011.8193359375,166869.0,,,,,,,,,,,,,,,,,,,,2347846830.0,,,local_price_csv_fallback,054450.KQ
2025-01-09,14220.0,14220.0,13800.0,13940.0,13882.357421875,73808.0,,,,,,,,,,,,,,,,,,,,1028883520.0,,,local_price_csv_fallback,054450.KQ
2025-01-10,14000.0,15950.0,13950.0,15420.0,15356.2373046875,2283371.0,,,,,,,,,,,,,,,,,,,,35209580820.0,,,local_price_csv_fallback,054450.KQ
2025-01-13,15400.0,15570.0,14900.0,15200.0,15137.146484375,456783.0,,,,,,,,,,,,,,,,,,,,6943101600.0,,,local_price_csv_fallback,054450.KQ
2025-01-14,15320.0,16070.0,14890.0,15580.0,15515.5751953125,542701.0,,,,,,,,,,,,,,,,,,,,8455281580.0,,,local_price_csv_fallback,054450.KQ
2025-01-15,15730.0,17650.0,15720.0,16050.0,15983.6318359375,2408022.0,,,,,,,,,,,,,,,,,,,,38648753100.0,,,local_price_csv_fallback,054450.KQ
2025-01-16,16240.0,16500.0,15970.0,16180.0,16113.0947265625,299136.0,,,,,,,,,,,,,,,,,,,,4840020480.0,,,local_price_csv_fallback,054450.KQ
2025-01-17,16320.0,16390.0,15780.0,16030.0,15963.71484375,293985.0,,,,,,,,,,,,,,,,,,,,4712579550.0,,,local_price_csv_fallback,054450.KQ
2025-01-20,16100.0,16400.0,15980.0,16180.0,16113.0947265625,197986.0,,,,,,,,,,,,,,,,,,,,3203413480.0,,,local_price_csv_fallback,054450.KQ
2025-01-21,16220.0,16300.0,15540.0,15910.0,15844.2109375,177224.0,,,,,,,,,,,,,,,,,,,,2819633840.0,,,local_price_csv_fallback,054450.KQ
2025-01-22,16150.0,16800.0,15690.0,16640.0,16571.193359375,366090.0,,,,,,,,,,,,,,,,,,,,6091737600.0,,,local_price_csv_fallback,054450.KQ
2025-01-23,16740.0,16740.0,16150.0,16150.0,16083.21875,136174.0,,,,,,,,,,,,,,,,,,,,2199210100.0,,,local_price_csv_fallback,054450.KQ
2025-01-24,16210.0,16300.0,16020.0,16080.0,16013.5078125,94313.0,,,,,,,,,,,,,,,,,,,,1516553040.0,,,local_price_csv_fallback,054450.KQ
2025-01-31,15820.0,16500.0,15730.0,15730.0,15664.955078125,189821.0,,,,,,,,,,,,,,,,,,,,2985884330.0,,,local_price_csv_fallback,054450.KQ
2025-02-03,15300.0,15380.0,14230.0,14440.0,14380.2900390625,263891.0,,,,,,,,,,,,,,,,,,,,3810586040.0,,,local_price_csv_fallback,054450.KQ
2025-02-04,14540.0,16150.0,14520.0,15490.0,15425.947265625,431252.0,,,,,,,,,,,,,,,,,,,,6680093480.0,,,local_price_csv_fallback,054450.KQ
2025-02-05,15530.0,15920.0,15460.0,15760.0,15694.8310546875,93602.0,,,,,,,,,,,,,,,,,,,,1475167520.0,,,local_price_csv_fallback,054450.KQ
2025-02-06,15770.0,15850.0,15380.0,15850.0,15784.458984375,130147.0,,,,,,,,,,,,,,,,,,,,2062829950.0,,,local_price_csv_fallback,054450.KQ
2025-02-07,15960.0,17300.0,15530.0,16790.0,16720.572265625,726200.0,,,,,,,,,,,,,,,,,,,,12192898000.0,,,local_price_csv_fallback,054450.KQ
2025-02-10,16800.0,17290.0,16550.0,17220.0,17148.794921875,394024.0,,,,,,,,,,,,,,,,,,,,6785093280.0,,,local_price_csv_fallback,054450.KQ
2025-02-11,17400.0,17990.0,16900.0,16940.0,16869.951171875,509982.0,,,,,,,,,,,,,,,,,,,,8639095080.0,,,local_price_csv_fallback,054450.KQ
2025-02-12,17020.0,17110.0,16590.0,16630.0,16561.234375,125743.0,,,,,,,,,,,,,,,,,,,,2091106090.0,,,local_price_csv_fallback,054450.KQ
2025-02-13,16650.0,16990.0,16450.0,16670.0,16601.068359375,151351.0,,,,,,,,,,,,,,,,,,,,2523021170.0,,,local_price_csv_fallback,054450.KQ
2025-02-14,17260.0,17710.0,16930.0,17130.0,17059.166015625,430081.0,,,,,,,,,,,,,,,,,,,,7367287530.0,,,local_price_csv_fallback,054450.KQ
2025-02-17,17640.0,17640.0,17210.0,17220.0,17148.794921875,152527.0,,,,,,,,,,,,,,,,,,,,2626514940.0,,,local_price_csv_fallback,054450.KQ
2025-02-18,17340.0,19700.0,16450.0,17680.0,17606.892578125,2271661.0,,,,,,,,,,,,,,,,,,,,40162966480.0,,,local_price_csv_fallback,054450.KQ
2025-02-19,17620.0,17750.0,17300.0,17350.0,17278.255859375,266250.0,,,,,,,,,,,,,,,,,,,,4619437500.0,,,local_price_csv_fallback,054450.KQ
2025-02-20,17350.0,17430.0,16660.0,16720.0,16650.861328125,195391.0,,,,,,,,,,,,,,,,,,,,3266937520.0,,,local_price_csv_fallback,054450.KQ
2025-02-21,16700.0,16820.0,16560.0,16780.0,16710.61328125,75016.0,,,,,,,,,,,,,,,,,,,,1258768480.0,,,local_price_csv_fallback,054450.KQ
2025-02-24,16500.0,16760.0,16180.0,16210.0,16142.970703125,160047.0,,,,,,,,,,,,,,,,,,,,2594361870.0,,,local_price_csv_fallback,054450.KQ
2025-02-25,16120.0,16200.0,15800.0,15960.0,15894.00390625,68065.0,,,,,,,,,,,,,,,,,,,,1086317400.0,,,local_price_csv_fallback,054450.KQ
2025-02-26,15650.0,16210.0,15650.0,16090.0,16023.466796875,58661.0,,,,,,,,,,,,,,,,,,,,943855490.0,,,local_price_csv_fallback,054450.KQ
2025-02-27,16090.0,16270.0,15190.0,15380.0,15316.40234375,119041.0,,,,,,,,,,,,,,,,,,,,1830850580.0,,,local_price_csv_fallback,054450.KQ
2025-02-28,15080.0,15180.0,14810.0,14990.0,14928.015625,98621.0,,,,,,,,,,,,,,,,,,,,1478328790.0,,,local_price_csv_fallback,054450.KQ
2025-03-04,14550.0,14800.0,14040.0,14790.0,14728.841796875,63481.0,,,,,,,,,,,,,,,,,,,,938883990.0,,,local_price_csv_fallback,054450.KQ
2025-03-05,14900.0,15170.0,14420.0,14820.0,14758.7177734375,125727.0,,,,,,,,,,,,,,,,,,,,1863274140.0,,,local_price_csv_fallback,054450.KQ
2025-03-06,14980.0,15050.0,14530.0,14720.0,14659.1318359375,60354.0,,,,,,,,,,,,,,,,,,,,888410880.0,,,local_price_csv_fallback,054450.KQ
2025-03-07,14520.0,14940.0,14520.0,14670.0,14609.3388671875,53150.0,,,,,,,,,,,,,,,,,,,,779710500.0,,,local_price_csv_fallback,054450.KQ
2025-03-10,14670.0,14980.0,14280.0,14450.0,14390.248046875,100590.0,,,,,,,,,,,,,,,,,,,,1453525500.0,,,local_price_csv_fallback,054450.KQ
2025-03-11,14000.0,14280.0,13880.0,14150.0,14091.48828125,71813.0,,,,,,,,,,,,,,,,,,,,1016153950.0,,,local_price_csv_fallback,054450.KQ
2025-03-12,14150.0,14590.0,14150.0,14430.0,14370.3310546875,88709.0,,,,,,,,,,,,,,,,,,,,1280070870.0,,,local_price_csv_fallback,054450.KQ
2025-03-13,14710.0,14710.0,14250.0,14530.0,14469.9169921875,78535.0,,,,,,,,,,,,,,,,,,,,1141113550.0,,,local_price_csv_fallback,054450.KQ
2025-03-14,14530.0,15130.0,14450.0,15100.0,15037.560546875,102275.0,,,,,,,,,,,,,,,,,,,,1544352500.0,,,local_price_csv_fallback,054450.KQ
2025-03-17,15250.0,15380.0,15060.0,15130.0,15067.4365234375,78603.0,,,,,,,,,,,,,,,,,,,,1189263390.0,,,local_price_csv_fallback,054450.KQ
2025-03-18,15500.0,15500.0,14750.0,14870.0,14808.51171875,87813.0,,,,,,,,,,,,,,,,,,,,1305779310.0,,,local_price_csv_fallback,054450.KQ
2025-03-19,14700.0,15090.0,14700.0,14970.0,14908.09765625,72438.0,,,,,,,,,,,,,,,,,,,,1084396860.0,,,local_price_csv_fallback,054450.KQ
2025-03-20,15050.0,15120.0,14660.0,14770.0,14708.9248046875,86936.0,,,,,,,,,,,,,,,,,,,,1284044720.0,,,local_price_csv_fallback,054450.KQ
2025-03-21,14800.0,15420.0,14580.0,15050.0,14987.767578125,127773.0,,,,,,,,,,,,,,,,,,,,1922983650.0,,,local_price_csv_fallback,054450.KQ
2025-03-24,14840.0,15450.0,14740.0,15270.0,15206.857421875,107284.0,,,,,,,,,,,,,,,,,,,,1638226680.0,,,local_price_csv_fallback,054450.KQ
2025-03-25,15460.0,15470.0,14860.0,14970.0,14908.09765625,134289.0,,,,,,,,,,,,,,,,,,,,2010306330.0,,,local_price_csv_fallback,054450.KQ
2025-03-26,15000.0,15230.0,14530.0,15140.0,15077.39453125,86442.0,,,,,,,,,,,,,,,,,,,,1308731880.0,,,local_price_csv_fallback,054450.KQ
2025-03-27,14980.0,15280.0,14740.0,14820.0,14758.7177734375,63303.0,,,,,,,,,,,,,,,,,,,,938150460.0,,,local_price_csv_fallback,054450.KQ
2025-03-28,14750.0,14810.0,14130.0,14130.0,14071.5712890625,74719.0,,,,,,,,,,,,,,,,,,,,1055779470.0,,,local_price_csv_fallback,054450.KQ
2025-03-31,13640.0,13900.0,13300.0,13360.0,13304.755859375,64330.0,,,,,,,,,,,,,,,,,,,,859448800.0,,,local_price_csv_fallback,054450.KQ
2025-04-01,13360.0,13670.0,13360.0,13610.0,13553.7216796875,40993.0,,,,,,,,,,,,,,,,,,,,557914730.0,,,local_price_csv_fallback,054450.KQ
2025-04-02,13620.0,14050.0,13270.0,13380.0,13324.6728515625,38846.0,,,,,,,,,,,,,,,,,,,,519759480.0,,,local_price_csv_fallback,054450.KQ
2025-04-03,12850.0,13180.0,12800.0,12890.0,12836.69921875,79370.0,,,,,,,,,,,,,,,,,,,,1023079300.0,,,local_price_csv_fallback,054450.KQ
2025-04-04,12410.0,13230.0,12300.0,12950.0,12896.451171875,62070.0,,,,,,,,,,,,,,,,,,,,803806500.0,,,local_price_csv_fallback,054450.KQ
2025-04-07,12330.0,12900.0,10720.0,11440.0,11392.6943359375,276662.0,,,,,,,,,,,,,,,,,,,,3165013280.0,,,local_price_csv_fallback,054450.KQ
2025-04-08,11650.0,11900.0,11410.0,11410.0,11362.818359375,54013.0,,,,,,,,,,,,,,,,,,,,616288330.0,,,local_price_csv_fallback,054450.KQ
2025-04-09,11010.0,11530.0,10960.0,11100.0,11054.1005859375,61425.0,,,,,,,,,,,,,,,,,,,,681817500.0,,,local_price_csv_fallback,054450.KQ
2025-04-10,11950.0,12000.0,11620.0,11880.0,11830.875,55867.0,,,,,,,,,,,,,,,,,,,,663699960.0,,,local_price_csv_fallback,054450.KQ
2025-04-11,11610.0,12370.0,11610.0,12370.0,12318.849609375,58593.0,,,,,,,,,,,,,,,,,,,,724795410.0,,,local_price_csv_fallback,054450.KQ
2025-04-14,12600.0,12950.0,12550.0,12930.0,12876.533203125,62915.0,,,,,,,,,,,,,,,,,,,,813490950.0,,,local_price_csv_fallback,054450.KQ
2025-04-15,13520.0,13540.0,13180.0,13290.0,13235.044921875,55243.0,,,,,,,,,,,,,,,,,,,,734179470.0,,,local_price_csv_fallback,054450.KQ
2025-04-16,13220.0,13220.0,12700.0,12790.0,12737.1123046875,57311.0,,,,,,,,,,,,,,,,,,,,733007690.0,,,local_price_csv_fallback,054450.KQ
2025-04-17,12690.0,13010.0,12690.0,12970.0,12916.3681640625,28284.0,,,,,,,,,,,,,,,,,,,,366843480.0,,,local_price_csv_fallback,054450.KQ
2025-04-18,13100.0,13140.0,12860.0,13060.0,13005.99609375,22554.0,,,,,,,,,,,,,,,,,,,,294555240.0,,,local_price_csv_fallback,054450.KQ
2025-04-21,13160.0,13500.0,13140.0,13470.0,13414.30078125,45929.0,,,,,,,,,,,,,,,,,,,,618663630.0,,,local_price_csv_fallback,054450.KQ
2025-04-22,13210.0,13460.0,13200.0,13270.0,13215.1279296875,30225.0,,,,,,,,,,,,,,,,,,,,401085750.0,,,local_price_csv_fallback,054450.KQ
2025-04-23,13510.0,13680.0,13450.0,13660.0,13603.5146484375,41902.0,,,,,,,,,,,,,,,,,,,,572381320.0,,,local_price_csv_fallback,054450.KQ
2025-04-24,13790.0,13850.0,13570.0,13630.0,13573.638671875,23775.0,,,,,,,,,,,,,,,,,,,,324053250.0,,,local_price_csv_fallback,054450.KQ
2025-04-25,14000.0,14020.0,13830.0,14000.0,13942.109375,36593.0,,,,,,,,,,,,,,,,,,,,512302000.0,,,local_price_csv_fallback,054450.KQ
2025-04-28,14450.0,14450.0,13820.0,13850.0,13792.7294921875,47038.0,,,,,,,,,,,,,,,,,,,,651476300.0,,,local_price_csv_fallback,054450.KQ
2025-04-29,13800.0,14090.0,13780.0,13970.0,13912.2333984375,24076.0,,,,,,,,,,,,,,,,,,,,336341720.0,,,local_price_csv_fallback,054450.KQ
2025-04-30,14060.0,14060.0,13450.0,13530.0,13474.052734375,31329.0,,,,,,,,,,,,,,,,,,,,423881370.0,,,local_price_csv_fallback,054450.KQ
2025-05-02,13600.0,13770.0,13460.0,13650.0,13593.556640625,19288.0,,,,,,,,,,,,,,,,,,,,263281200.0,,,local_price_csv_fallback,054450.KQ
2025-05-07,13790.0,13980.0,13630.0,13900.0,13842.5224609375,29605.0,,,,,,,,,,,,,,,,,,,,411509500.0,,,local_price_csv_fallback,054450.KQ
2025-05-08,14100.0,14200.0,13910.0,14030.0,13971.9853515625,37083.0,,,,,,,,,,,,,,,,,,,,520274490.0,,,local_price_csv_fallback,054450.KQ
2025-05-09,13980.0,13980.0,13600.0,13670.0,13613.4736328125,38320.0,,,,,,,,,,,,,,,,,,,,523834400.0,,,local_price_csv_fallback,054450.KQ
2025-05-12,13780.0,14240.0,13680.0,14200.0,14141.2822265625,49261.0,,,,,,,,,,,,,,,,,,,,699506200.0,,,local_price_csv_fallback,054450.KQ
2025-05-13,14500.0,14500.0,14120.0,14170.0,14111.40625,47861.0,,,,,,,,,,,,,,,,,,,,678190370.0,,,local_price_csv_fallback,054450.KQ
2025-05-14,14480.0,14570.0,14360.0,14500.0,14440.041015625,49198.0,,,,,,,,,,,,,,,,,,,,713371000.0,,,local_price_csv_fallback,054450.KQ
2025-05-15,14500.0,14500.0,14170.0,14200.0,14141.2822265625,28024.0,,,,,,,,,,,,,,,,,,,,397940800.0,,,local_price_csv_fallback,054450.KQ
2025-05-16,14200.0,14200.0,13770.0,13790.0,13732.9775390625,37921.0,,,,,,,,,,,,,,,,,,,,522930590.0,,,local_price_csv_fallback,054450.KQ
2025-05-19,13680.0,14000.0,13310.0,13400.0,13344.58984375,39847.0,,,,,,,,,,,,,,,,,,,,533949800.0,,,local_price_csv_fallback,054450.KQ
2025-05-20,13570.0,14000.0,13430.0,13560.0,13503.9287109375,50509.0,,,,,,,,,,,,,,,,,,,,684902040.0,,,local_price_csv_fallback,054450.KQ
2025-05-21,13660.0,13800.0,13520.0,13650.0,13593.556640625,24289.0,,,,,,,,,,,,,,,,,,,,331544850.0,,,local_price_csv_fallback,054450.KQ
2025-05-22,13500.0,13560.0,13000.0,13100.0,13045.830078125,55646.0,,,,,,,,,,,,,,,,,,,,728962600.0,,,local_price_csv_fallback,054450.KQ
2025-05-23,13030.0,13240.0,12970.0,13030.0,12976.1201171875,38956.0,,,,,,,,,,,,,,,,,,,,507596680.0,,,local_price_csv_fallback,054450.KQ
2025-05-26,13030.0,13290.0,12910.0,13000.0,12946.244140625,66178.0,,,,,,,,,,,,,,,,,,,,860314000.0,,,local_price_csv_fallback,054450.KQ
2025-05-27,13060.0,13110.0,12610.0,12670.0,12617.6083984375,99512.0,,,,,,,,,,,,,,,,,,,,1260817040.0,,,local_price_csv_fallback,054450.KQ
2025-05-28,12750.0,13190.0,12750.0,13080.0,13025.9130859375,101913.0,,,,,,,,,,,,,,,,,,,,1333022040.0,,,local_price_csv_fallback,054450.KQ
2025-05-29,13250.0,13340.0,13080.0,13230.0,13175.29296875,43611.0,,,,,,,,,,,,,,,,,,,,576973530.0,,,local_price_csv_fallback,054450.KQ
2025-05-30,13160.0,13350.0,13010.0,13150.0,13095.6240234375,31609.0,,,,,,,,,,,,,,,,,,,,415658350.0,,,local_price_csv_fallback,054450.KQ
2025-06-02,13420.0,13420.0,13020.0,13140.0,13085.6650390625,27970.0,,,,,,,,,,,,,,,,,,,,367525800.0,,,local_price_csv_fallback,054450.KQ
2025-06-04,13330.0,13460.0,13270.0,13450.0,13394.3828125,57251.0,,,,,,,,,,,,,,,,,,,,770025950.0,,,local_price_csv_fallback,054450.KQ
2025-06-05,13560.0,14000.0,13460.0,13730.0,13673.2255859375,63056.0,,,,,,,,,,,,,,,,,,,,865758880.0,,,local_price_csv_fallback,054450.KQ
2025-06-09,13940.0,14080.0,13800.0,13930.0,13872.3984375,55392.0,,,,,,,,,,,,,,,,,,,,771610560.0,,,local_price_csv_fallback,054450.KQ
2025-06-10,13980.0,14120.0,13850.0,13900.0,13842.5224609375,40648.0,,,,,,,,,,,,,,,,,,,,565007200.0,,,local_price_csv_fallback,054450.KQ
2025-06-11,14120.0,14430.0,14000.0,14370.0,14310.5791015625,78219.0,,,,,,,,,,,,,,,,,,,,1124007030.0,,,local_price_csv_fallback,054450.KQ
2025-06-12,14370.0,14520.0,14190.0,14400.0,14340.455078125,43452.0,,,,,,,,,,,,,,,,,,,,625708800.0,,,local_price_csv_fallback,054450.KQ
2025-06-13,14450.0,14500.0,13700.0,13730.0,13673.2255859375,60353.0,,,,,,,,,,,,,,,,,,,,828646690.0,,,local_price_csv_fallback,054450.KQ
2025-06-16,13590.0,13850.0,13380.0,13730.0,13673.2255859375,68307.0,,,,,,,,,,,,,,,,,,,,937855110.0,,,local_price_csv_fallback,054450.KQ
2025-06-17,14000.0,14180.0,13660.0,13850.0,13792.7294921875,49413.0,,,,,,,,,,,,,,,,,,,,684370050.0,,,local_price_csv_fallback,054450.KQ
2025-06-18,14010.0,14510.0,13800.0,14510.0,14450.0,80359.0,,,,,,,,,,,,,,,,,,,,1166009090.0,,,local_price_csv_fallback,054450.KQ
2025-06-19,14580.0,14580.0,14200.0,14330.0,14270.744140625,43540.0,,,,,,,,,,,,,,,,,,,,623928200.0,,,local_price_csv_fallback,054450.KQ
2025-06-20,14340.0,14500.0,14100.0,14290.0,14230.91015625,32524.0,,,,,,,,,,,,,,,,,,,,464767960.0,,,local_price_csv_fallback,054450.KQ
2025-06-23,14000.0,14000.0,13620.0,13840.0,13782.7705078125,49701.0,,,,,,,,,,,,,,,,,,,,687861840.0,,,local_price_csv_fallback,054450.KQ
2025-06-24,14250.0,14600.0,14230.0,14580.0,14519.7109375,79717.0,,,,,,,,,,,,,,,,,,,,1162273860.0,,,local_price_csv_fallback,054450.KQ
2025-06-25,14800.0,14890.0,14500.0,14650.0,14589.4208984375,59715.0,,,,,,,,,,,,,,,,,,,,874824750.0,,,local_price_csv_fallback,054450.KQ
2025-06-26,14920.0,14940.0,14250.0,14330.0,14270.744140625,44398.0,,,,,,,,,,,,,,,,,,,,636223340.0,,,local_price_csv_fallback,054450.KQ
2025-06-27,14640.0,14640.0,13920.0,13930.0,13872.3984375,36937.0,,,,,,,,,,,,,,,,,,,,514532410.0,,,local_price_csv_fallback,054450.KQ
2025-06-30,14050.0,14110.0,13690.0,13750.0,13693.142578125,45889.0,,,,,,,,,,,,,,,,,,,,630973750.0,,,local_price_csv_fallback,054450.KQ
2025-07-01,13950.0,14190.0,13710.0,13740.0,13683.1845703125,130041.0,,,,,,,,,,,,,,,,,,,,1786763340.0,,,local_price_csv_fallback,054450.KQ
2025-07-02,13800.0,13800.0,13250.0,13500.0,13444.1767578125,73265.0,,,,,,,,,,,,,,,,,,,,989077500.0,,,local_price_csv_fallback,054450.KQ
2025-07-03,13500.0,14040.0,13500.0,13970.0,13912.2333984375,69485.0,,,,,,,,,,,,,,,,,,,,970705450.0,,,local_price_csv_fallback,054450.KQ
2025-07-04,13970.0,14000.0,13590.0,13650.0,13593.556640625,47534.0,,,,,,,,,,,,,,,,,,,,648839100.0,,,local_price_csv_fallback,054450.KQ
2025-07-07,13800.0,14290.0,13720.0,13980.0,13922.19140625,95119.0,,,,,,,,,,,,,,,,,,,,1329763620.0,,,local_price_csv_fallback,054450.KQ
2025-07-08,13980.0,14150.0,13650.0,14090.0,14031.7373046875,66967.0,,,,,,,,,,,,,,,,,,,,943565030.0,,,local_price_csv_fallback,054450.KQ
2025-07-09,14110.0,14110.0,13720.0,13750.0,13693.142578125,47638.0,,,,,,,,,,,,,,,,,,,,655022500.0,,,local_price_csv_fallback,054450.KQ
2025-07-10,13800.0,13980.0,13600.0,13670.0,13613.4736328125,58659.0,,,,,,,,,,,,,,,,,,,,801868530.0,,,local_price_csv_fallback,054450.KQ
2025-07-11,13670.0,14030.0,13670.0,13710.0,13653.30859375,48538.0,,,,,,,,,,,,,,,,,,,,665455980.0,,,local_price_csv_fallback,054450.KQ
2025-07-14,13870.0,13870.0,13500.0,13650.0,13593.556640625,56929.0,,,,,,,,,,,,,,,,,,,,777080850.0,,,local_price_csv_fallback,054450.KQ
2025-07-15,13860.0,14140.0,13660.0,14100.0,14041.6953125,99612.0,,,,,,,,,,,,,,,,,,,,1404529200.0,,,local_price_csv_fallback,054450.KQ
2025-07-16,14100.0,14110.0,13660.0,13850.0,13792.7294921875,60117.0,,,,,,,,,,,,,,,,,,,,832620450.0,,,local_price_csv_fallback,054450.KQ
2025-07-17,13860.0,13870.0,13460.0,13710.0,13653.30859375,76514.0,,,,,,,,,,,,,,,,,,,,1049006940.0,,,local_price_csv_fallback,054450.KQ
2025-07-18,13740.0,13820.0,13560.0,13590.0,13533.8046875,48244.0,,,,,,,,,,,,,,,,,,,,655635960.0,,,local_price_csv_fallback,054450.KQ
2025-07-21,13580.0,13690.0,13480.0,13560.0,13503.9287109375,57413.0,,,,,,,,,,,,,,,,,,,,778520280.0,,,local_price_csv_fallback,054450.KQ
2025-07-22,13560.0,13590.0,13140.0,13300.0,13245.00390625,80354.0,,,,,,,,,,,,,,,,,,,,1068708200.0,,,local_price_csv_fallback,054450.KQ
2025-07-23,13300.0,13370.0,12920.0,13150.0,13095.6240234375,70675.0,,,,,,,,,,,,,,,,,,,,929376250.0,,,local_price_csv_fallback,054450.KQ
2025-07-24,13150.0,13310.0,12940.0,12980.0,12926.3271484375,65613.0,,,,,,,,,,,,,,,,,,,,851656740.0,,,local_price_csv_fallback,054450.KQ
2025-07-25,12980.0,13070.0,12880.0,12880.0,12826.740234375,43322.0,,,,,,,,,,,,,,,,,,,,557987360.0,,,local_price_csv_fallback,054450.KQ
2025-07-28,12930.0,13970.0,12930.0,13800.0,13742.935546875,377081.0,,,,,,,,,,,,,,,,,,,,5203717800.0,,,local_price_csv_fallback,054450.KQ
2025-07-29,13800.0,13800.0,13280.0,13580.0,13523.845703125,76083.0,,,,,,,,,,,,,,,,,,,,1033207140.0,,,local_price_csv_fallback,054450.KQ
2025-07-30,13640.0,14040.0,13440.0,13780.0,13723.0185546875,131601.0,,,,,,,,,,,,,,,,,,,,1813461780.0,,,local_price_csv_fallback,054450.KQ
2025-07-31,13970.0,13970.0,13450.0,13540.0,13484.0107421875,72231.0,,,,,,,,,,,,,,,,,,,,978007740.0,,,local_price_csv_fallback,054450.KQ
2025-08-01,13540.0,13540.0,12810.0,12830.0,12776.947265625,118449.0,,,,,,,,,,,,,,,,,,,,1519700670.0,,,local_price_csv_fallback,054450.KQ
2025-08-04,12700.0,12850.0,12650.0,12760.0,12707.236328125,56271.0,,,,,,,,,,,,,,,,,,,,718017960.0,,,local_price_csv_fallback,054450.KQ
2025-08-05,12970.0,13040.0,12760.0,12790.0,12737.1123046875,56122.0,,,,,,,,,,,,,,,,,,,,717800380.0,,,local_price_csv_fallback,054450.KQ
2025-08-06,12790.0,12900.0,12610.0,12870.0,12816.78125,26943.0,,,,,,,,,,,,,,,,,,,,346756410.0,,,local_price_csv_fallback,054450.KQ
2025-08-07,12880.0,13190.0,12600.0,12600.0,12547.8984375,87195.0,,,,,,,,,,,,,,,,,,,,1098657000.0,,,local_price_csv_fallback,054450.KQ
2025-08-08,12600.0,13010.0,12580.0,12710.0,12657.443359375,76060.0,,,,,,,,,,,,,,,,,,,,966722600.0,,,local_price_csv_fallback,054450.KQ
2025-08-11,12720.0,12870.0,12720.0,12750.0,12697.27734375,27384.0,,,,,,,,,,,,,,,,,,,,349146000.0,,,local_price_csv_fallback,054450.KQ
2025-08-12,12750.0,13110.0,12620.0,12690.0,12637.5263671875,74241.0,,,,,,,,,,,,,,,,,,,,942118290.0,,,local_price_csv_fallback,054450.KQ
2025-08-13,12980.0,12980.0,12590.0,12690.0,12637.5263671875,43932.0,,,,,,,,,,,,,,,,,,,,557497080.0,,,local_price_csv_fallback,054450.KQ
2025-08-14,12690.0,12740.0,12450.0,12500.0,12448.3115234375,60419.0,,,,,,,,,,,,,,,,,,,,755237500.0,,,local_price_csv_fallback,054450.KQ
2025-08-18,12500.0,12500.0,12150.0,12170.0,12119.67578125,61938.0,,,,,,,,,,,,,,,,,,,,753785460.0,,,local_price_csv_fallback,054450.KQ
2025-08-19,12060.0,12170.0,11950.0,12070.0,12020.08984375,35780.0,,,,,,,,,,,,,,,,,,,,431864600.0,,,local_price_csv_fallback,054450.KQ
2025-08-20,11950.0,11990.0,11710.0,11970.0,11920.5029296875,60936.0,,,,,,,,,,,,,,,,,,,,729403920.0,,,local_price_csv_fallback,054450.KQ
2025-08-21,12070.0,12240.0,11850.0,11860.0,11810.9580078125,35092.0,,,,,,,,,,,,,,,,,,,,416191120.0,,,local_price_csv_fallback,054450.KQ
2025-08-22,11860.0,12000.0,11820.0,11820.0,11771.123046875,29443.0,,,,,,,,,,,,,,,,,,,,348016260.0,,,local_price_csv_fallback,054450.KQ
2025-08-25,11880.0,12090.0,11880.0,12000.0,11950.37890625,25369.0,,,,,,,,,,,,,,,,,,,,304428000.0,,,local_price_csv_fallback,054450.KQ
2025-08-26,12010.0,12210.0,11980.0,12200.0,12149.5517578125,27706.0,,,,,,,,,,,,,,,,,,,,338013200.0,,,local_price_csv_fallback,054450.KQ
2025-08-27,12200.0,12310.0,12010.0,12270.0,12219.2626953125,43602.0,,,,,,,,,,,,,,,,,,,,534996540.0,,,local_price_csv_fallback,054450.KQ
2025-08-28,12320.0,12500.0,12170.0,12410.0,12358.68359375,32498.0,,,,,,,,,,,,,,,,,,,,403300180.0,,,local_price_csv_fallback,054450.KQ
2025-08-29,12410.0,12580.0,12310.0,12460.0,12408.4765625,32844.0,,,,,,,,,,,,,,,,,,,,409236240.0,,,local_price_csv_fallback,054450.KQ
2025-09-01,12450.0,12450.0,12020.0,12050.0,12000.1728515625,36033.0,,,,,,,,,,,,,,,,,,,,434197650.0,,,local_price_csv_fallback,054450.KQ
2025-09-02,12300.0,12300.0,11970.0,12020.0,11970.296875,22902.0,,,,,,,,,,,,,,,,,,,,275282040.0,,,local_price_csv_fallback,054450.KQ
2025-09-03,11980.0,12190.0,11980.0,12170.0,12119.67578125,19070.0,,,,,,,,,,,,,,,,,,,,232081900.0,,,local_price_csv_fallback,054450.KQ
2025-09-04,12170.0,12440.0,12170.0,12370.0,12318.849609375,25703.0,,,,,,,,,,,,,,,,,,,,317946110.0,,,local_price_csv_fallback,054450.KQ
2025-09-05,12370.0,12700.0,12370.0,12400.0,12348.7255859375,38885.0,,,,,,,,,,,,,,,,,,,,482174000.0,,,local_price_csv_fallback,054450.KQ
2025-09-08,12790.0,12800.0,12480.0,12550.0,12498.1044921875,23358.0,,,,,,,,,,,,,,,,,,,,293142900.0,,,local_price_csv_fallback,054450.KQ
2025-09-09,12710.0,12720.0,12560.0,12640.0,12587.732421875,27596.0,,,,,,,,,,,,,,,,,,,,348813440.0,,,local_price_csv_fallback,054450.KQ
2025-09-10,12780.0,12860.0,12630.0,12790.0,12737.1123046875,51201.0,,,,,,,,,,,,,,,,,,,,654860790.0,,,local_price_csv_fallback,054450.KQ
2025-09-11,12950.0,13130.0,12810.0,13010.0,12956.203125,80286.0,,,,,,,,,,,,,,,,,,,,1044520860.0,,,local_price_csv_fallback,054450.KQ
2025-09-12,13010.0,13380.0,13010.0,13180.0,13125.5,70135.0,,,,,,,,,,,,,,,,,,,,924379300.0,,,local_price_csv_fallback,054450.KQ
2025-09-15,13300.0,13460.0,13180.0,13380.0,13324.6728515625,70951.0,,,,,,,,,,,,,,,,,,,,949324380.0,,,local_price_csv_fallback,054450.KQ
2025-09-16,13470.0,13550.0,13360.0,13500.0,13444.1767578125,72417.0,,,,,,,,,,,,,,,,,,,,977629500.0,,,local_price_csv_fallback,054450.KQ
2025-09-17,13490.0,13490.0,13200.0,13270.0,13215.1279296875,53803.0,,,,,,,,,,,,,,,,,,,,713965810.0,,,local_price_csv_fallback,054450.KQ
2025-09-18,13280.0,13870.0,13200.0,13720.0,13663.2666015625,140838.0,,,,,,,,,,,,,,,,,,,,1932297360.0,,,local_price_csv_fallback,054450.KQ
2025-09-19,14010.0,14030.0,13660.0,13740.0,13683.1845703125,128745.0,,,,,,,,,,,,,,,,,,,,1768956300.0,,,local_price_csv_fallback,054450.KQ
2025-09-22,13760.0,14100.0,13740.0,13780.0,13723.0185546875,96060.0,,,,,,,,,,,,,,,,,,,,1323706800.0,,,local_price_csv_fallback,054450.KQ
2025-09-23,13850.0,14080.0,13650.0,13830.0,13772.8115234375,88227.0,,,,,,,,,,,,,,,,,,,,1220179410.0,,,local_price_csv_fallback,054450.KQ
2025-09-24,13830.0,13830.0,13470.0,13730.0,13673.2255859375,63531.0,,,,,,,,,,,,,,,,,,,,872280630.0,,,local_price_csv_fallback,054450.KQ
2025-09-25,13560.0,13730.0,13500.0,13630.0,13573.638671875,41853.0,,,,,,,,,,,,,,,,,,,,570456390.0,,,local_price_csv_fallback,054450.KQ
2025-09-26,13630.0,13630.0,12930.0,12990.0,12936.28515625,71379.0,,,,,,,,,,,,,,,,,,,,927213210.0,,,local_price_csv_fallback,054450.KQ
2025-09-29,12990.0,13800.0,12980.0,13140.0,13085.6650390625,68122.0,,,,,,,,,,,,,,,,,,,,895123080.0,,,local_price_csv_fallback,054450.KQ
2025-09-30,13020.0,13390.0,12970.0,12970.0,12916.3681640625,49676.0,,,,,,,,,,,,,,,,,,,,644297720.0,,,local_price_csv_fallback,054450.KQ
