date,open,high,low,close,volume,market_cap,return,market_return,abnormal_return,mdd,ma20,ma60,ma20_ratio,ma60_ratio,vix,vkospi,eps,psr,car_3,car_5,inst_net_buy,foreign_net_buy,foreign_holding_shares,foreign_holding_pct
2023-08-21,11390.0,11550.0,11000.0,11070.0,331141,369923732460.0,0.0036264732547597323,0.001716929058943828,0.0019095441958159043,-0.19314868804664764,11376.5,10545.833333333334,0.9730584977805125,1.0497036744369814,17.1299991607666,16.03,-596.7822953786867,11.896101973124669,0.05632233142885268,0.03508589296619058,-27127.0,17444.0,2163774.0,6.48
2023-08-22,11110.0,11440.0,10360.0,10410.0,501057,347868658980.0,-0.05962059620596205,0.0027662393459739754,-0.062386835551936026,-0.24125364431486926,11281.0,10573.833333333334,0.9227905327541884,0.9845057768390523,16.969999313354492,15.33,-596.7822953786867,11.896101973124669,-0.03966620917542463,-0.01254522553924231,-33584.0,-104387.0,2054828.0,6.15
2023-08-23,10350.0,10750.0,10140.0,10500.0,301291,350876169000.0,0.008645533141210304,-0.0040703690660103264,0.01271590220722063,-0.2346938775510209,11184.5,10600.5,0.938799231078725,0.9905193151266449,15.979999542236328,14.97,-596.7822953786867,11.896101973124669,-0.04776138914889949,0.006651398084137283,-55.0,51016.0,2105980.0,6.3
2023-08-24,10900.0,11080.0,10620.0,10940.0,451231,365579551320.0,0.04190476190476189,0.012843716479993939,0.02906104542476795,-0.20262390670553987,11151.0,10631.833333333334,0.9810779302304726,1.0289852800551802,17.200000762939453,13.94,-596.7822953786867,11.896101973124669,-0.020609887919947445,0.002110738456563954,71573.0,77396.0,2184728.0,6.54
2023-08-25,10800.0,10800.0,10170.0,10190.0,436310,340516967820.0,-0.06855575868372943,-0.0073059012806685475,-0.06124985740306088,-0.25728862973760985,11057.5,10651.333333333334,0.9215464616775944,0.9566877386242724,15.680000305175781,14.86,-596.7822953786867,11.896101973124669,-0.0194729097710723,-0.07995020112719242,-40103.0,-91166.0,2091731.0,6.26
2023-08-28,10380.0,10380.0,10070.0,10120.0,189894,338177793360.0,-0.006869479882237517,0.009634248420563818,-0.016503728302801335,-0.26239067055393644,10954.0,10670.0,0.9238634288844257,0.9484536082474226,15.079999923706055,14.18,-596.7822953786867,11.896101973124669,-0.048692540281094265,-0.09836347362580966,-121.0,-8597.0,2081053.0,6.23
2023-08-29,10050.0,10160.0,9520.0,9900.0,719159,330826102200.0,-0.021739130434782594,0.0034402633874863753,-0.02517939382226897,-0.27842565597667684,10844.0,10686.0,0.9129472519365548,0.9264458169567659,14.449999809265137,13.49,-596.7822953786867,11.896101973124669,-0.10293297952813119,-0.061156031896142604,-27530.0,100806.0,2176970.0,6.51
2023-08-30,10280.0,10610.0,10210.0,10470.0,687032,349873665660.0,0.05757575757575761,0.003549957254152636,0.05402580032160498,-0.23688046647230362,10763.5,10711.333333333334,0.9727319180563943,0.977469347108981,13.880000114440918,13.05,-596.7822953786867,11.896101973124669,0.012342678196534673,-0.019846133781758257,10819.0,57374.0,2241276.0,6.71
2023-08-31,10470.0,11510.0,10470.0,11090.0,899853,370592068020.0,0.05921680993314227,-0.0019326536683672568,0.061149463601509524,-0.19169096209912587,10743.5,10749.5,1.0322520593847442,1.0316758919019489,13.569999694824219,12.78,-596.7822953786867,11.896101973124669,0.08999587010084553,0.012242284394983316,-7212.0,-21681.0,2215937.0,6.63
2023-09-01,11540.0,12970.0,11160.0,12570.0,2360012,420048899460.0,0.133453561767358,0.00291046773204906,0.13054309403530895,-0.08381924198250786,10809.5,10813.666666666666,1.162865997502197,1.162417927930705,13.09000015258789,12.53,-596.7822953786867,11.896101973124669,0.24571835795842345,0.20403523583335315,57116.0,-70332.0,2147946.0,6.43
2023-09-04,13000.0,13500.0,12450.0,12630.0,1822123,422053906140.0,0.004773269689737569,0.008128878932546657,-0.003355609242809088,-0.07944606413994224,10866.0,10880.5,1.162341247929321,1.1607922430035384,13.09000015258789,12.49,-596.7822953786867,11.896101973124669,0.18833694839400938,0.2171833548933454,-38127.0,-190101.0,1955304.0,5.85
2023-09-05,12480.0,12680.0,12050.0,12130.0,858237,405345517140.0,-0.03958828186856689,-0.0009170328075382983,-0.03867124906102859,-0.11588921282798888,10923.0,10935.166666666666,1.1105007781744942,1.1092652146743687,14.010000228881836,12.42,-596.7822953786867,11.896101973124669,0.08851623573147127,0.20369149965458577,-27197.0,-15705.0,1938724.0,5.8
2023-09-06,12300.0,12940.0,12050.0,12500.0,677092,417709725000.0,0.030502885408079106,-0.007296100290745344,0.03779898569882445,-0.08892128279883445,11009.0,10994.5,1.1354346443818695,1.1369321024148438,14.449999809265137,12.46,-596.7822953786867,11.896101973124669,-0.004227872605013228,0.18746468503180524,-6349.0,5371.0,1952155.0,5.84
2023-09-07,12420.0,12420.0,11810.0,11940.0,586323,398996329320.0,-0.04479999999999995,-0.005882979865309057,-0.038917020134690894,-0.12973760932944658,11061.5,11043.0,1.0794196085521854,1.0812279271936973,14.399999618530273,12.69,-596.7822953786867,11.896101973124669,-0.039789283496895034,0.08739820129560483,-39166.0,-38970.0,1911580.0,5.72
2023-09-08,11980.0,12060.0,11350.0,11440.0,465106,382287940320.0,-0.041876046901172526,-0.00022763694551453106,-0.041648409955657995,-0.1661807580174932,11109.5,11081.833333333334,1.0297493136504794,1.032320163631168,13.84000015258789,12.4,-596.7822953786867,11.896101973124669,-0.04276644439152444,-0.08479330269536212,-3919.0,53101.0,1962847.0,5.87
2023-09-11,11440.0,11590.0,11220.0,11450.0,328729,382622108100.0,0.0008741258741258306,0.0036111094873485516,-0.002736983613222721,-0.16545189504373226,11129.5,11122.333333333334,1.0287973404016353,1.029460245152396,13.800000190734863,12.42,-596.7822953786867,11.896101973124669,-0.08330241370357161,-0.08417467706577575,-114.0,-12768.0,1949515.0,5.83
2023-09-12,11450.0,11700.0,11080.0,11140.0,327634,372262906920.0,-0.02707423580786028,-0.007939287576219978,-0.019134948231640303,-0.18804664723032122,11146.5,11160.166666666666,0.9994168573094694,0.9981929780021207,14.229999542236328,12.4,-596.7822953786867,11.896101973124669,-0.06352034180052102,-0.06463837623638746,-531.0,26162.0,1976488.0,5.91
2023-09-13,11170.0,11480.0,10650.0,10920.0,315351,364911215760.0,-0.019748653500897717,-0.0007412054400879331,-0.019007448060809784,-0.20408163265306178,11165.5,11198.833333333334,0.9780126281850342,0.9751015730805291,13.479999542236328,12.64,-596.7822953786867,11.896101973124669,-0.04087937990567281,-0.1214448099960217,-176.0,25317.0,2006900.0,6.01
2023-09-14,11100.0,11600.0,11100.0,11550.0,311940,385963785900.0,0.05769230769230771,0.015066848992755011,0.0426254586995527,-0.15816326530612307,11199.5,11252.0,1.0312960400017859,1.0264841805901173,12.819999694824219,12.02,-596.7822953786867,11.896101973124669,0.0044830624071026115,-0.039902331161778104,-111.0,-4792.0,2003564.0,6.0
2023-09-15,11570.0,12430.0,11340.0,12400.0,1267197,414368047200.0,0.07359307359307365,0.011034338002821498,0.06255873559025216,-0.09620991253644377,11268.0,11319.833333333334,1.1004614838480653,1.0954224885525405,13.789999961853027,11.73,-596.7822953786867,11.896101973124669,0.08617674622899507,0.06430481438413205,-10981.0,-129460.0,1875762.0,5.61
2023-09-18,12090.0,12300.0,11130.0,11300.0,1034748,377609591400.0,-0.08870967741935487,-0.01021038038758526,-0.07849929703176961,-0.1763848396501464,11279.5,11368.833333333334,1.0018174564475375,0.9939454356207761,14.0,12.85,-596.7822953786867,11.896101973124669,0.026684897258035245,-0.011457499034414842,-50237.0,-118771.0,1753606.0,5.25
2023-09-19,11250.0,11360.0,10970.0,11020.0,209959,368252893560.0,-0.024778761061946875,-0.006023959864415618,-0.018754801197531257,-0.19679300291545246,11310.0,11406.5,0.9743589743589743,0.9661158111603033,14.109999656677246,12.95,-596.7822953786867,11.896101973124669,-0.03469536263904871,-0.011077352000305796,-70.0,731.0,1780170.0,5.33
2023-09-20,11020.0,11100.0,10730.0,10830.0,163043,361903705740.0,-0.017241379310344862,0.00020710660905720601,-0.017448485919402068,-0.21064139941691015,11326.5,11443.833333333334,0.9561647463912064,0.9463612134628547,15.140000343322754,13.03,-596.7822953786867,11.896101973124669,-0.11470258414870294,-0.00951838985889808,-2113.0,7848.0,1878067.0,5.62
2023-09-21,10710.0,10840.0,10380.0,10380.0,241887,346866155640.0,-0.04155124653739617,-0.01749006528086894,-0.02406118125652723,-0.24344023323615213,11298.5,11462.833333333334,0.9187060229233969,0.9055352806897654,17.540000915527344,13.96,-596.7822953786867,11.896101973124669,-0.060264468373460556,-0.07620502981497801,-19107.0,9196.0,1889563.0,5.65
2023-09-22,10190.0,10500.0,10050.0,10400.0,160864,347534491200.0,0.0019267822736031004,-0.0027197493291392094,0.00464653160274231,-0.24198250728863022,11309.0,11464.166666666666,0.9196215403660801,0.9071745293305227,17.200000762939453,14.18,-596.7822953786867,11.896101973124669,-0.03686313557318699,-0.13411723380248786,12.0,2895.0,1890689.0,5.66
2023-09-25,10700.0,10700.0,10100.0,10120.0,161169,338177793360.0,-0.02692307692307694,-0.0049319108757653884,-0.02199116604731155,-0.2623906705539363,11309.0,11461.166666666666,0.8948624988946856,0.8829816627161284,16.899999618530273,14.1,-596.7822953786867,11.896101973124669,-0.04140581570109647,-0.0776091028180298,-52.0,-6586.0,1883643.0,5.64
2023-09-26,10130.0,10300.0,10000.0,10000.0,171410,334167780000.0,-0.011857707509881465,-0.013138298127302384,0.001280590617420918,-0.27113702623906755,11314.0,11446.333333333334,0.8838607035531201,0.8736422143917993,18.940000534057617,14.74,-596.7822953786867,11.896101973124669,-0.016064043827148322,-0.05757371100307762,-11.0,5911.0,1889371.0,5.65
2023-09-27,9930.0,10290.0,9850.0,10260.0,149111,342856142280.0,0.026000000000000023,0.0008526688027992169,0.025147331197200806,-0.25218658892128326,11303.5,11428.0,0.9076834608749502,0.8977948897444872,18.219999313354492,15.08,-596.7822953786867,11.896101973124669,0.004436755767310174,-0.014977893886474747,-3.0,-5452.0,1885509.0,5.64
2023-10-04,10020.0,10140.0,9600.0,9600.0,309056,320801068800.0,-0.06432748538011701,-0.024088616269088647,-0.040238869111028364,-0.30029154518950485,11229.0,11396.5,0.8549292011755276,0.8423638836484886,18.579999923706055,18.09,-596.7822953786867,11.896101973124669,-0.01381094729640664,-0.03115558174097588,-54408.0,-35486.0,1850230.0,5.54
2023-10-05,9670.0,9950.0,9480.0,9510.0,211755,317793558780.0,-0.009375000000000022,-0.0008687086868636174,-0.008506291313136405,-0.3068513119533532,11076.0,11370.666666666666,0.8586132177681474,0.8363625703564729,18.489999771118164,17.34,-596.7822953786867,11.896101973124669,-0.023597829226963962,-0.044308404656854594,-4416.0,17410.0,1866440.0,5.59
2023-10-06,9510.0,9880.0,9510.0,9880.0,125288,330157766640.0,0.03890641430073605,0.002134249710466385,0.03677216459026966,-0.27988338192419876,10938.5,11359.666666666666,0.9032317045298716,0.8697438305114588,17.450000762939453,17.39,-596.7822953786867,11.896101973124669,-0.011972995833895106,0.014454925980726618,-74.0,18943.0,1886583.0,5.65
2023-10-10,9930.0,10060.0,9300.0,9400.0,315493,314117713200.0,-0.04858299595141702,-0.0025531721669164176,-0.0460298237845006,-0.3148688046647235,10802.0,11345.666666666666,0.8702092205147195,0.828510150718336,17.030000686645508,17.56,-596.7822953786867,11.896101973124669,-0.017763950507367343,-0.0328554884211949,-97140.0,25212.0,1913788.0,5.73
2023-10-11,9600.0,9970.0,9600.0,9860.0,159732,329489431080.0,0.04893617021276597,0.019770412829307027,0.029165757383458946,-0.28134110787172056,10670.0,11325.166666666666,0.9240862230552952,0.8706273638357052,16.09000015258789,16.74,-596.7822953786867,11.896101973124669,0.019908098189228007,-0.02883706223493676,142.0,44625.0,1958413.0,5.86
2023-10-12,9950.0,10200.0,9890.0,10170.0,139635,339848632260.0,0.03144016227180524,0.012138374782074246,0.019301787489730993,-0.2587463556851316,10581.5,11302.166666666666,0.9611113736237773,0.899827466709923,16.690000534057617,15.7,-596.7822953786867,11.896101973124669,0.0024377210886893375,0.030703594365822595,110.0,-6925.0,1950635.0,5.84
2023-10-13,10010.0,10180.0,9660.0,9850.0,332097,329155263300.0,-0.0314650934119961,-0.009545114307944469,-0.021919979104051635,-0.2820699708454815,10502.0,11249.666666666666,0.9379165873167016,0.8755814987110729,19.31999969482422,15.95,-596.7822953786867,11.896101973124669,0.026547565769138304,0.017289906574907365,-99825.0,57866.0,2008957.0,6.01
2023-10-16,9620.0,9700.0,9150.0,9270.0,299270,309773532060.0,-0.05888324873096451,-0.00810614697839751,-0.050777101752567,-0.32434402332361556,10393.0,11184.166666666666,0.8919465024535745,0.828850309216899,17.209999084472656,17.07,-596.7822953786867,11.896101973124669,-0.05339529336688764,-0.0702593597679293,-24385.0,-52792.0,1955236.0,5.85
2023-10-17,9410.0,9740.0,9280.0,9650.0,163983,322471907700.0,0.04099244875943908,0.009822485361272948,0.031169963398166134,-0.2966472303207002,10318.5,11119.0,0.9352134515675729,0.8678838025002248,17.8799991607666,16.18,-596.7822953786867,11.896101973124669,-0.0415271174584525,0.006940427414737438,-17464.0,26480.0,1982616.0,5.93
2023-10-18,9400.0,9790.0,9360.0,9450.0,133476,315788552100.0,-0.020725388601036232,0.0009878081020509022,-0.021713196703087134,-0.3112244897959188,10245.0,11048.166666666666,0.9224011713030746,0.8553455324412799,19.219999313354492,16.0,-596.7822953786867,11.896101973124669,-0.041320335057488,-0.04393852667180864,3038.0,-1170.0,1980646.0,5.93
2023-10-19,9340.0,9360.0,9050.0,9110.0,171542,304426847580.0,-0.035978835978836,-0.019004323467974538,-0.01697451251086146,-0.33600583090379055,10123.0,10982.5,0.899930850538378,0.8295014796266789,21.399999618530273,18.23,-596.7822953786867,11.896101973124669,-0.007517745815782462,-0.0802148266724011,-1939.0,-18593.0,1961891.0,5.87
2023-10-20,9000.0,9100.0,8650.0,8930.0,318250,298411827540.0,-0.01975850713501648,-0.016888835169912575,-0.0028696719651039038,-0.3491253644314873,9949.5,10902.666666666666,0.8975325393235841,0.8190656720068485,21.709999084472656,19.53,-596.7822953786867,11.896101973124669,-0.0415573811790525,-0.061164519533453365,-581.0,26596.0,1988208.0,5.95
2023-10-23,8770.0,9020.0,8590.0,8640.0,197050,288720961920.0,-0.03247480403135494,-0.007570518092105294,-0.02490428593924965,-0.3702623906705543,9816.5,10824.166666666666,0.8801507665664952,0.7982138732773886,20.3700008392334,19.65,-596.7822953786867,11.896101973124669,-0.044748470415215014,-0.035291703720136014,-26562.0,16104.0,2002813.0,5.99
2023-10-24,8840.0,9130.0,8500.0,9100.0,197851,304092679800.0,0.0532407407407407,0.011238763360034154,0.042001977380706546,-0.33673469387755134,9720.5,10770.5,0.9361658350907875,0.8449004224502112,18.969999313354492,18.82,-596.7822953786867,11.896101973124669,0.014228019476352993,-0.024459689737595602,-3704.0,29258.0,2034574.0,6.09
2023-10-25,9190.0,9200.0,8840.0,8890.0,140510,297075156420.0,-0.023076923076923106,-0.008533670010735572,-0.014543253066187534,-0.35204081632653095,9623.5,10711.5,0.9237803294019847,0.8299491201045606,20.190000534057617,18.56,-596.7822953786867,11.896101973124669,0.0025544383752693633,-0.017289746100696002,379.0,-8743.0,2025826.0,6.06
2023-10-26,8540.0,8700.0,8400.0,8500.0,185880,284042613000.0,-0.04386951631046121,-0.027120285831646607,-0.016749230478814603,-0.3804664723032073,9529.5,10659.666666666666,0.8919670496878115,0.7973982926295382,20.68000030517578,21.14,-596.7822953786867,11.896101973124669,0.010709493835704409,-0.017064464068649143,-4272.0,-10859.0,2014827.0,6.03
2023-10-27,8560.0,8600.0,8300.0,8440.0,160052,282037606320.0,-0.007058823529411784,0.0016223795352929837,-0.008681203064704768,-0.3848396501457729,9431.5,10599.333333333334,0.8948735619996819,0.7962764953770677,21.270000457763672,20.02,-596.7822953786867,11.896101973124669,-0.039973686609706904,-0.022875995168250007,-420.0,-1230.0,2013631.0,6.03
2023-10-30,8450.0,8550.0,8380.0,8400.0,87968,280700935200.0,-0.004739336492891044,0.0033611066642211807,-0.008100443157112225,-0.3877551020408167,9345.5,10536.166666666666,0.8988283130918624,0.7972539032222346,19.75,20.03,-596.7822953786867,11.896101973124669,-0.033530876700631596,-0.006072152386112584,2184.0,11463.0,2025094.0,6.06
2023-10-31,8450.0,8540.0,7800.0,7900.0,348585,263992546200.0,-0.059523809523809534,-0.014091907946449322,-0.04543190157736021,-0.42419825072886336,9240.5,10466.166666666666,0.8549320924192414,0.7548131280156696,18.139999389648438,19.89,-596.7822953786867,11.896101973124669,-0.062213547799177205,-0.09350603134417934,-1448.0,37724.0,2062791.0,6.17
2023-11-01,8010.0,8190.0,7900.0,7990.0,147778,267000056220.0,0.0113924050632912,0.010346870908308992,0.0010455341549822084,-0.4176384839650149,9127.0,10398.0,0.8754245644790183,0.7684170032698596,16.8700008392334,18.79,-596.7822953786867,11.896101973124669,-0.05248681057949023,-0.0779172441230096,-13.0,5390.0,2068156.0,6.19
2023-11-02,8300.0,8500.0,8200.0,8460.0,212408,282705941880.0,0.05882352941176472,0.018057342643990504,0.040766186767774215,-0.38338192419825107,9070.0,10347.5,0.9327453142227122,0.8175887895626963,15.65999984741211,17.49,-596.7822953786867,11.896101973124669,-0.0036201806546037885,-0.02040182687642078,-49990.0,61835.0,2130021.0,6.37
2023-11-03,8550.0,8630.0,8410.0,8550.0,143599,285713451900.0,0.010638297872340496,0.01076341350071175,-0.0001251156283712529,-0.37682215743440267,9022.0,10302.5,0.9476834404788296,0.8298956563940791,14.90999984741211,16.7,-596.7822953786867,11.896101973124669,0.04168660529438517,-0.011845739440087266,-185.0,459.0,2130480.0,6.38
2023-11-06,8720.0,9070.0,8570.0,9030.0,218931,301753505340.0,0.056140350877192935,0.05659239143152339,-0.0004520405543304573,-0.34183673469387793,8979.5,10261.333333333334,1.005623921153739,0.8800025987525987,14.890000343322754,18.65,-596.7822953786867,11.896101973124669,0.040189030585072505,-0.004197336837305499,-48.0,17992.0,2148412.0,6.43
2023-11-07,9030.0,9030.0,8350.0,8830.0,233452,295070149740.0,-0.022148394241417457,-0.02334193325312295,0.0011935390117054911,-0.3564139941690966,8951.0,10225.333333333334,0.9864819573232041,0.8635415308384404,14.8100004196167,18.23,-596.7822953786867,11.896101973124669,0.0006163828290037809,0.042428103751760204,-52.0,6068.0,2153039.0,6.44
2023-11-08,8850.0,9010.0,8630.0,8680.0,139160,290057633040.0,-0.016987542468856143,-0.00914083868273785,-0.007846703786118292,-0.3673469387755106,8892.0,10190.333333333334,0.9761583445793972,0.8517876418828301,14.449999809265137,17.56,-596.7822953786867,11.896101973124669,-0.007105205328743258,0.033535865810659704,-166.0,-9601.0,2142795.0,6.41
2023-11-09,8680.0,8820.0,8500.0,8560.0,155178,286047619680.0,-0.01382488479262678,0.0022546727699972458,-0.016079557562624025,-0.3760932944606418,8811.5,10151.5,0.971457754071384,0.8432251391419987,15.289999961853027,16.84,-596.7822953786867,11.896101973124669,-0.022732722337036826,-0.023309878519738536,-13405.0,4798.0,2149812.0,6.43
2023-11-10,8510.0,8750.0,8360.0,8700.0,144552,290725968600.0,0.016355140186915973,-0.0071774170834456585,0.02353255727036163,-0.36588921282798875,8754.0,10121.833333333334,0.9938313913639479,0.8595280828571898,14.170000076293945,17.13,-596.7822953786867,11.896101973124669,-0.00039370407838068555,0.0003477943789943483,14.0,10490.0,2162570.0,6.47
2023-11-13,8700.0,8710.0,8130.0,8200.0,247797,274017579600.0,-0.05747126436781613,-0.0024484377708658966,-0.055022826596950236,-0.40233236151603535,8700.5,10074.333333333334,0.9424745704269869,0.8139496410018859,14.760000228881836,17.68,-596.7822953786867,11.896101973124669,-0.04756982688921263,-0.05422299166362543,593.0,-44925.0,2117544.0,6.34
2023-11-14,8130.0,8550.0,8130.0,8510.0,109880,284376780780.0,0.03780487804878052,0.012268275582657084,0.025536602466123437,-0.37973760932944645,8643.5,10036.166666666666,0.984554867819749,0.8479333078698706,14.15999984741211,17.35,-596.7822953786867,11.896101973124669,-0.005953666860465168,-0.029879928209207485,-1028.0,36445.0,2153989.0,6.45
2023-11-15,8620.0,8780.0,8570.0,8730.0,209259,291728471940.0,0.02585193889541726,0.02195414440563037,0.0038977944897868877,-0.3637026239067058,8607.5,10006.0,1.0142317746151612,0.872476514091545,14.180000305175781,17.24,-596.7822953786867,11.896101973124669,-0.02558842964103991,-0.018135429933302305,-71949.0,39539.0,2194040.0,6.57
2023-11-16,8700.0,8880.0,8550.0,8880.0,134568,296740988640.0,0.01718213058419238,0.000607241738174169,0.01657488884601821,-0.3527696793002919,8596.0,9972.833333333334,1.0330386226151698,0.8904189715393485,14.319999694824219,16.98,-596.7822953786867,11.896101973124669,0.046009285801928534,0.01451901647533993,-30537.0,19003.0,2213634.0,6.62
2023-11-17,8890.0,8930.0,8670.0,8780.0,124283,293399310840.0,-0.011261261261261257,-0.007366763854689928,-0.003894497406571329,-0.36005830903790126,8588.5,9935.333333333334,1.0222972579612273,0.8837146883177883,13.800000190734863,16.55,-596.7822953786867,11.896101973124669,0.01657818592923377,-0.01290803820159303,-838.0,-30903.0,2182716.0,6.53
2023-11-20,8790.0,9050.0,8740.0,8930.0,140823,298411827540.0,0.017084282460136713,0.008644189999986063,0.00844009246015065,-0.3491253644314873,8603.0,9899.666666666666,1.0380099965128444,0.9020505740934038,13.40999984741211,16.68,-596.7822953786867,11.896101973124669,0.02112048389959753,0.050554880855507855,-10013.0,-4154.0,2178562.0,6.52
2023-11-21,8970.0,9060.0,8830.0,9030.0,112468,301753505340.0,0.011198208286674172,0.007715145744958685,0.003483062541715487,-0.34183673469387793,8599.5,9876.666666666666,1.05006105006105,0.9142760715491057,13.350000381469727,16.18,-596.7822953786867,11.896101973124669,0.008028657595294808,0.028501340931099906,-17.0,-5943.0,2172619.0,6.5
2023-11-22,8960.0,9000.0,8760.0,8870.0,166693,296406820860.0,-0.017718715393133966,0.000509886527636727,-0.018228601920770693,-0.3534985422740528,8598.5,9849.5,1.031575274757225,0.9005533275800802,12.850000381469727,15.88,-596.7822953786867,11.896101973124669,-0.006305446918904556,0.006374944520542325,-29509.0,15591.0,2188195.0,6.55
2023-11-23,9000.0,9000.0,8750.0,8750.0,140936,292396807500.0,-0.013528748590755368,0.001297929620974081,-0.01482667821172945,-0.362244897959184,8611.0,9813.0,1.016142143769597,0.8916743095893203,12.850000381469727,15.13,-596.7822953786867,11.896101973124669,-0.029572217590784655,-0.025026622537205334,-25840.0,-6577.0,2181115.0,6.53
2023-11-24,8710.0,9040.0,8700.0,8800.0,118286,294067646400.0,0.005714285714285783,-0.007288417473718778,0.01300270318800456,-0.3586005830903793,8629.0,9789.833333333334,1.0198168965117627,0.8988917073835101,12.460000038146973,15.04,-596.7822953786867,11.896101973124669,-0.02005257694449558,-0.008129421942629445,-815.0,22213.0,2203941.0,6.6
2023-11-27,8800.0,9020.0,8750.0,8850.0,107389,295738485300.0,0.005681818181818121,-0.00038851201365586174,0.006070330195473983,-0.35495626822157467,8651.5,9768.666666666666,1.0229439981506097,0.9059578243363134,12.6899995803833,15.2,-596.7822953786867,11.896101973124669,0.004246355171749094,-0.010499184207306111,757.0,5331.0,2206942.0,6.6
2023-11-28,8880.0,9000.0,8690.0,8820.0,93567,294735981960.0,-0.003389830508474523,0.010458194856441727,-0.01384802536491625,-0.35714285714285743,8697.5,9750.666666666666,1.0140845070422535,0.9045535348010393,12.6899995803833,15.35,-596.7822953786867,11.896101973124669,0.005225008018562294,-0.02783027211393785,-1926.0,-740.0,2205155.0,6.6
2023-11-29,8790.0,8880.0,8670.0,8710.0,97877,291060136380.0,-0.012471655328798237,-0.0007732500968862244,-0.011698405231912012,-0.3651603498542277,8733.5,9721.333333333334,0.9973092116562661,0.8959676313262926,12.979999542236328,14.6,-596.7822953786867,11.896101973124669,-0.01947610040135428,-0.021300075425079168,-541.0,-2963.0,2200771.0,6.59
2023-11-30,8710.0,9450.0,8710.0,9130.0,431386,305095183140.0,0.048220436280137724,0.006143312435775039,0.042077123844362685,-0.3345481049562686,8767.0,9688.666666666666,1.041405269761606,0.942338127021262,12.920000076293945,14.46,-596.7822953786867,11.896101973124669,0.016530693247534423,0.035603726631012966,6371.0,2298.0,2202211.0,6.59
2023-12-01,9120.0,9180.0,8880.0,8880.0,139760,296740988640.0,-0.027382256297918905,-0.011943418240254688,-0.015438838057664217,-0.35276967930029185,8783.5,9627.166666666666,1.0109865087948995,0.9223897650745287,12.630000114440918,14.5,-596.7822953786867,11.896101973124669,0.014939880554786455,0.007162185385344189,4873.0,-34708.0,2170636.0,6.5
2023-12-04,8820.0,9000.0,8670.0,8680.0,164713,290057633040.0,-0.022522522522522515,0.003968024625650157,-0.026490547148172672,-0.3673469387755105,8766.0,9561.333333333334,0.9901893680127767,0.9078231766838655,13.079999923706055,14.61,-596.7822953786867,11.896101973124669,0.00014773863852579616,-0.025398691958302466,-117.0,-33564.0,2134506.0,6.39
2023-12-05,8600.0,8790.0,8310.0,8390.0,158262,280366767420.0,-0.033410138248847976,-0.00821882036474264,-0.025191317884105335,-0.3884839650145776,8744.0,9499.0,0.9595150960658737,0.883250868512475,12.850000381469727,14.84,-596.7822953786867,11.896101973124669,-0.06712070308994222,-0.03674198447749155,-6861.0,-25207.0,2109262.0,6.31
2023-12-06,8490.0,8530.0,8270.0,8480.0,106802,283374277440.0,0.010727056019070424,0.0004409502953583999,0.010286105723712025,-0.38192419825072915,8734.0,9432.0,0.9709182505152278,0.899067005937235,12.970000267028809,14.56,-596.7822953786867,11.896101973124669,-0.04139575930856598,-0.014757473521867515,-8760.0,-3385.0,2105877.0,6.3
2023-12-07,8390.0,8430.0,8280.0,8350.0,85459,279030096300.0,-0.015330188679245293,-0.0013263769880978993,-0.014003811691147394,-0.3913994169096213,8723.5,9372.166666666666,0.9571846162664068,0.8909359273024737,13.0600004196167,16.85,-596.7822953786867,11.896101973124669,-0.028909023851540705,-0.0708384090573776,-6043.0,-14404.0,2090933.0,6.26
2023-12-08,8460.0,8630.0,8370.0,8400.0,127995,280700935200.0,0.0059880239520957446,0.010344825221486165,-0.00435680126939042,-0.3877551020408167,8708.5,9321.5,0.9645748406729058,0.9011425199806898,12.350000381469727,14.76,-596.7822953786867,11.896101973124669,-0.00807450723682579,-0.0597563722691038,-54.0,22732.0,2090933.0,6.26
2023-12-11,8500.0,8540.0,8350.0,8370.0,75066,279698431860.0,-0.0035714285714285587,0.0029827072599022397,-0.0065541358313307985,-0.3899416909620995,8717.0,9270.166666666666,0.9601927268555696,0.9028963880548714,12.630000114440918,14.59,-596.7822953786867,11.896101973124669,-0.024914748791868613,-0.039819960952261924,-90.0,-9661.0,2105546.0,6.3
2023-12-12,8690.0,9000.0,8460.0,8930.0,331922,298411827540.0,0.0669056152927121,0.003924158016217261,0.06298145727649485,-0.3491253644314873,8738.0,9233.333333333334,1.0219729915312428,0.9671480144404332,12.069999694824219,14.45,-596.7822953786867,11.896101973124669,0.05207052017577363,0.04835281420833826,4378.0,2129.0,2109531.0,6.31
2023-12-13,9050.0,9380.0,8850.0,9250.0,351181,309105196500.0,0.035834266517357216,-0.009707095193917548,0.045541361711274764,-0.3258017492711375,8764.0,9205.5,1.0554541305340028,1.0048340665906252,12.1899995803833,14.3,-596.7822953786867,11.896101973124669,0.10196868315643881,0.083608070195901,1075.0,23577.0,2131787.0,6.38
2023-12-14,9380.0,9390.0,8900.0,9030.0,222690,301753505340.0,-0.023783783783783763,0.013351079279824818,-0.03713486306360858,-0.34183673469387793,8771.5,9163.5,1.0294704440517586,0.9854313308233753,12.479999542236328,14.11,-596.7822953786867,11.896101973124669,0.07138795592416103,0.06047701882343981,120.0,-39596.0,2093747.0,6.27
2023-12-15,9100.0,9180.0,8720.0,8800.0,190903,294067646400.0,-0.025470653377630104,0.007617435666441796,-0.0330880890440719,-0.3586005830903794,8772.5,9103.5,1.0031347962382444,0.9666611742736311,12.279999732971191,13.98,-596.7822953786867,11.896101973124669,-0.024681590396405717,0.03174573104875833,-49385.0,-8057.0,2087844.0,6.25
2023-12-18,8900.0,8990.0,8800.0,8920.0,89629,298077659760.0,0.013636363636363669,0.0012872914044133044,0.012349072231950364,-0.34985422740524824,8772.0,9063.833333333334,1.0168718650250799,0.9841310703712557,12.5600004196167,14.27,-596.7822953786867,11.896101973124669,-0.057873879875730116,0.05064893911203949,-1027.0,9401.0,2095436.0,6.27
2023-12-19,8800.0,8970.0,8750.0,8860.0,108827,296072653080.0,-0.006726457399103158,0.000658369110713819,-0.007384826509816977,-0.3542274052478139,8763.5,9027.833333333334,1.0110115821304273,0.9814093451732604,12.529999732971191,13.85,-596.7822953786867,11.896101973124669,-0.028123843321938513,-0.01971734467427233,-26.0,-1870.0,2092846.0,6.26
2023-12-20,9000.0,9050.0,8790.0,8920.0,97211,298077659760.0,0.006772009029345272,0.017811605431193644,-0.011039596401848373,-0.34985422740524835,8766.0,8996.0,1.0175678758840976,0.9915518008003558,13.670000076293945,14.78,-596.7822953786867,11.896101973124669,-0.006075350679714986,-0.07629830278739547,-226.0,-24754.0,2066993.0,6.19
2023-12-21,8840.0,9000.0,8750.0,8970.0,148825,299748498660.0,0.005605381165919354,-0.00546227633789631,0.011067657503815664,-0.34620991253644373,8777.0,8972.5,1.02198929019027,0.9997213708553915,13.649999618530273,14.93,-596.7822953786867,11.896101973124669,-0.007356765407849686,-0.02809578221997122,-35.0,10380.0,2083967.0,6.24
2023-12-22,8970.0,9260.0,8890.0,8890.0,261957,297075156420.0,-0.00891861761426982,-0.0001961560917969063,-0.008722461522472913,-0.3520408163265313,8781.5,8947.333333333334,1.012355520127541,0.9935921317338499,13.029999732971191,14.97,-596.7822953786867,11.896101973124669,-0.008694400420505621,-0.0037301546983722345,3578.0,-27833.0,2057945.0,6.16
2023-12-26,9000.0,9000.0,8740.0,8750.0,121713,292396807500.0,-0.015748031496062964,0.00118486873042567,-0.016932900226488634,-0.3622448979591843,8776.5,8924.5,0.9969805731214038,0.9804470838702448,12.989999771118164,16.25,-596.7822953786867,11.896101973124669,-0.014587704245145883,-0.03301212715681123,-401.0,-20181.0,2037777.0,6.1
2023-12-27,8800.0,9090.0,8800.0,9070.0,138542,303090176460.0,0.03657142857142848,0.004191944079145138,0.03237948449228334,-0.33892128279883454,8789.0,8909.0,1.0319717829104562,1.0180716129756426,12.430000305175781,16.55,-596.7822953786867,11.896101973124669,0.006724122743321792,0.006752183845289084,-540.0,42978.0,2081288.0,6.23
2023-12-28,9070.0,9220.0,8900.0,9080.0,139603,303424344240.0,0.0011025358324145973,0.01598623657810405,-0.014883700745689454,-0.33819241982507353,8807.5,8889.333333333334,1.0309395401646324,1.0214489275536223,12.470000267028809,17.78,-596.7822953786867,11.896101973124669,0.0005628835201052507,0.002908079501448002,-89.0,-21601.0,2131075.0,6.38
2024-01-02,9000.0,9580.0,8970.0,9490.0,373362,317125223220.0,0.045154185022026505,0.005472126908107056,0.03968205811391945,-0.30830903790087527,8825.5,8887.5,1.0752931845221234,1.0677918424753867,13.199999809265137,18.61,-596.7822953786867,11.896101973124669,0.057177841860513334,0.03152248011155179,-171.0,94895.0,2225757.0,6.66
2024-01-03,9400.0,9400.0,9150.0,9300.0,187239,310776035400.0,-0.02002107481559534,-0.02340990506003271,0.0033888302444373686,-0.32215743440233297,8846.5,8884.0,1.0512632114395524,1.0468257541647907,14.039999961853027,18.28,-596.7822953786867,11.896101973124669,0.028187187612667364,0.04363377187846207,25.0,-32803.0,2191424.0,6.56
2024-01-04,9240.0,9480.0,9150.0,9210.0,140936,307768525380.0,-0.009677419354838679,-0.007781981661760362,-0.0018954376930783168,-0.32871720116618136,8873.0,8872.833333333334,1.0379803899470303,1.0379998872964291,14.130000114440918,18.2,-596.7822953786867,11.896101973124669,0.0411754506652785,0.058671234411872386,32.0,-41213.0,2149961.0,6.43
2024-01-05,9350.0,9360.0,9150.0,9230.0,98784,308436860940.0,0.0021715526601520097,-0.003455690848449544,0.005627243508601554,-0.32725947521865945,8915.0,8870.0,1.0353337072349973,1.040586245772266,13.350000381469727,17.8,-596.7822953786867,11.896101973124669,0.0071206360599606056,0.0319189934281906,-53.0,-16004.0,2135699.0,6.39
2024-01-08,9160.0,9390.0,9160.0,9160.0,68608,306097686480.0,-0.007583965330444253,-0.0039797094949381995,-0.003604255835506054,-0.332361516034986,8949.0,8858.333333333334,1.0235780534137893,1.0340545625587958,13.079999923706055,17.77,-596.7822953786867,11.896101973124669,0.0001275499800171831,0.043198438338374,3094.0,-1488.0,2134227.0,6.39
2024-01-09,9340.0,9450.0,9120.0,9140.0,103152,305429350920.0,-0.0021834061135370675,-0.0025625152658005357,0.0003791091522634682,-0.3338192419825078,8988.5,8841.166666666666,1.0168548701118096,1.0338002149037646,12.760000228881836,17.42,-596.7822953786867,11.896101973124669,0.002402096825358968,0.00389548937671802,-25.0,-1172.0,2132590.0,6.38
2024-01-10,9120.0,9200.0,8800.0,8820.0,212242,294735981960.0,-0.035010940919037226,-0.007519798940771039,-0.027491141978266187,-0.35714285714285765,9009.5,8824.0,0.9789666463177756,0.9995466908431551,12.6899995803833,16.79,-596.7822953786867,11.896101973124669,-0.030716288661508773,-0.026984482845985536,50.0,-33634.0,2097506.0,6.28
2024-01-11,8880.0,9040.0,8880.0,8960.0,113466,299414330880.0,0.015873015873015817,-0.0006726885933950877,0.016545704466410904,-0.3469387755102047,9039.0,8818.833333333334,0.9912600951432681,1.0160074083873527,12.4399995803833,17.14,-596.7822953786867,11.896101973124669,-0.010566328359591814,-0.008543340686496315,11.0,13117.0,2108174.0,6.31
2024-01-12,8960.0,9010.0,8670.0,8700.0,127337,290725968600.0,-0.029017857142857095,-0.005991477514635801,-0.023026379628221294,-0.36588921282798886,9027.5,8803.0,0.9637219606757131,0.9882994433715778,12.699999809265137,16.77,-596.7822953786867,11.896101973124669,-0.03397181714007658,-0.03719696382331916,-190.0,-45103.0,2068098.0,6.19
2024-01-15,8660.0,8890.0,8630.0,8630.0,16014,288386794140.0,-0.008045977011494232,0.00037224664385804296,-0.008418223655352275,-0.3709912536443154,8996.5,8789.333333333334,0.9592619351970211,0.9818719660194174,12.699999809265137,16.84,-596.7822953786867,11.896101973124669,-0.014898898817162665,-0.04201093164316538,-3588.0,-27428.0,2040078.0,6.1
2024-01-16,8630.0,8720.0,8350.0,8630.0,106369,288386794140.0,0.0,-0.011243077943121627,0.011243077943121627,-0.3709912536443154,8976.5,8781.333333333334,0.961399209045842,0.982766474339508,13.84000015258789,17.18,-596.7822953786867,11.896101973124669,-0.020201525340451942,-0.031146962852307225,-1573.0,-30520.0,2010380.0,6.02
2024-01-17,8640.0,8750.0,8250.0,8300.0,164043,277359257400.0,-0.03823870220162229,-0.0246998840386079,-0.013538818163014388,-0.3950437317784262,8951.5,8770.833333333334,0.9272189018600234,0.9463182897862232,14.789999961853027,19.31,-596.7822953786867,11.896101973124669,-0.010713963875245036,-0.017194639037055426,-17104.0,-4724.0,2004286.0,6.0
2024-01-18,8300.0,8370.0,8070.0,8310.0,111064,277693425180.0,0.00120481927710836,0.0016996333530645558,-0.0004948140759561959,-0.3943148688046653,8921.0,8765.333333333334,0.9315099204125098,0.9480529358077273,14.130000114440918,18.32,-596.7822953786867,11.896101973124669,-0.002790554295848957,-0.034235157579422526,-5694.0,-12211.0,1992983.0,5.96
2024-01-19,8450.0,8790.0,8450.0,8790.0,144815,293733478620.0,0.05776173285198549,0.013401399423117244,0.04436033342886825,-0.3593294460641406,8917.5,8760.166666666666,0.9857022708158116,1.0034055668651662,13.300000190734863,17.64,-596.7822953786867,11.896101973124669,0.030326701189897665,0.033151555477667016,103.0,41341.0,2034579.0,6.09
2024-01-22,8800.0,9020.0,8660.0,8930.0,166641,298411827540.0,0.015927189988623525,-0.0033929538128794068,0.01932014380150293,-0.3491253644314874,8918.0,8760.833333333334,1.0013455931823279,1.019309426424427,13.1899995803833,18.01,-596.7822953786867,11.896101973124669,0.06318566315441498,0.06088992293452222,56.0,32734.0,2067973.0,6.19
2024-01-23,8900.0,9030.0,8830.0,9020.0,107578,301419337560.0,0.010078387458006821,0.005786519447535943,0.004291868010470878,-0.3425655976676389,8920.5,8769.5,1.0111540832912953,1.0285649124807572,12.550000190734863,17.39,-596.7822953786867,11.896101973124669,0.06797234524084206,0.053938713001871474,82.0,24679.0,2092651.0,6.26
2024-01-24,9030.0,9030.0,8830.0,9030.0,125794,301753505340.0,0.0011086474501109667,-0.003598858081355627,0.004707505531466594,-0.34183673469387793,8927.5,8779.333333333334,1.0114813777653318,1.0285519021945477,13.140000343322754,17.07,-596.7822953786867,11.896101973124669,0.028319517343440404,0.07218503669635246,-97.0,53717.0,2146897.0,6.42
2024-01-25,9030.0,9330.0,8960.0,9160.0,307101,306097686480.0,0.01439645625692143,0.00026325024590123647,0.014133206011020194,-0.3323615160349857,8948.0,8792.0,1.0236924452391596,1.0418562329390355,13.449999809265137,16.92,-596.7822953786867,11.896101973124669,0.023132579552957666,0.08681305678332885,105.0,18490.0,2165321.0,6.48
2024-01-26,9020.0,9260.0,8830.0,9210.0,184521,307768525380.0,0.005458515283842891,0.003327465211538483,0.002131050072304408,-0.32871720116618103,8955.0,8813.833333333334,1.0284757118927974,1.0449482820566154,13.260000228881836,16.96,-596.7822953786867,11.896101973124669,0.020971761614791196,0.044583773426765005,665.0,-1455.0,2163866.0,6.48
2024-01-29,9150.0,9250.0,8950.0,9010.0,160913,301085169780.0,-0.021715526601520097,0.008912369774300766,-0.030627896375820862,-0.34329446064139973,8951.5,8830.833333333334,1.0065352175613025,1.0202887609700857,13.600000381469727,17.27,-596.7822953786867,11.896101973124669,-0.01436364029249626,-0.005364266750558788,-728.0,57218.0,2220884.0,6.65
2024-01-30,9020.0,9190.0,8860.0,9100.0,106546,304092679800.0,0.009988901220865598,-0.0007357462347190591,0.010724647455584657,-0.33673469387755134,8932.0,8841.5,1.0188087774294672,1.0292371203981225,13.3100004196167,17.11,-596.7822953786867,11.896101973124669,-0.017772198847931797,0.0010685126945549905,-13.0,23702.0,2244586.0,6.72
2024-01-31,9090.0,9090.0,8500.0,8990.0,189683,300416834220.0,-0.012087912087912045,-0.000688315903487613,-0.011399596184424432,-0.34475218658892165,8916.5,8848.833333333334,1.0082431447316773,1.015953138831861,14.350000381469727,17.02,-596.7822953786867,11.896101973124669,-0.03130284510466064,-0.015038589021336035,-114.0,103274.0,2347910.0,7.03
2024-02-01,8870.0,8990.0,8730.0,8760.0,179081,292730975280.0,-0.025583982202447175,0.01816909740937711,-0.043753079611824286,-0.3615160349854231,8894.0,8844.333333333334,0.9849336631436924,0.9904647043304563,13.880000114440918,16.79,-596.7822953786867,11.896101973124669,-0.04442802834066406,-0.07292487464418052,-10.0,54987.0,2402958.0,7.19
2024-02-02,8760.0,8950.0,8690.0,8770.0,140745,293065143060.0,0.0011415525114155667,0.028653390328863715,-0.027511837817448148,-0.36078717201166216,8871.0,8843.333333333334,0.9886145868560478,0.9917075009423294,13.850000381469727,17.79,-596.7822953786867,11.896101973124669,-0.08266451361369687,-0.10256776253393307,-102.0,23048.0,2424652.0,7.26
2024-02-05,8770.0,8770.0,8580.0,8620.0,104814,288052626360.0,-0.01710376282782211,-0.009176732189415726,-0.007927030638406385,-0.37172011661807614,8844.0,8842.333333333334,0.9746720940750792,0.9748558072906849,13.670000076293945,18.06,-596.7822953786867,11.896101973124669,-0.07919194806767882,-0.0798668967965186,-210.0,17301.0,2441623.0,7.31
2024-02-06,8690.0,8860.0,8500.0,8800.0,100161,294067646400.0,0.02088167053364276,-0.0058310688725821125,0.026712739406224872,-0.35860058309037934,8827.0,8846.333333333334,0.9969412031267701,0.9947624251102151,13.0600004196167,17.59,-596.7822953786867,11.896101973124669,-0.00872612904962966,-0.06387880484587838,-655.0,24723.0,2466976.0,7.38
2024-02-07,8830.0,8880.0,8650.0,8770.0,78141,293065143060.0,-0.003409090909090917,0.012957118075381135,-0.016366208984472053,-0.36078717201166216,8824.5,8847.5,0.9938240126919372,0.9912404634077423,12.829999923706055,17.62,-596.7822953786867,11.896101973124669,0.002419499783346435,-0.068845417645926,-104.0,6603.0,2474430.0,7.4
2024-02-08,8830.0,9100.0,8790.0,9040.0,137889,302087673120.0,0.03078677309007971,0.004115600944536446,0.026671172145543265,-0.341107871720117,8828.5,8861.5,1.0239565045024637,1.020143316594256,12.789999961853027,17.24,-596.7822953786867,11.896101973124669,0.037017702567296085,0.0015788341114415516,-334.0,34482.0,2507812.0,7.5
2024-02-13,9090.0,9360.0,9060.0,9280.0,155944,310107699840.0,0.026548672566371723,0.011189405665662733,0.01535926690070899,-0.3236151603498546,8857.5,8874.333333333334,1.0476996895286481,1.0457123539796416,15.850000381469727,18.02,-596.7822953786867,11.896101973124669,0.025664230061780202,0.04444993882959869,885.0,37646.0,2545288.0,7.62
2024-02-14,9080.0,9450.0,9080.0,9330.0,164698,311778538740.0,0.005387931034482651,-0.01102790261611497,0.016415833650597622,-0.3199708454810501,8892.5,8884.333333333334,1.0491987630025301,1.0501632086444301,14.380000114440918,17.98,-596.7822953786867,11.896101973124669,0.05844627269684988,0.0687928031186027,-105.0,14825.0,2560998.0,7.66
2024-02-15,9380.0,9390.0,9160.0,9270.0,116787,309773532060.0,-0.006430868167202619,-0.00252626420353963,-0.0039046039636629892,-0.3243440233236157,8924.5,8890.833333333334,1.0387136534259622,1.0426469209860343,14.010000228881836,17.79,-596.7822953786867,11.896101973124669,0.027870496587643623,0.038175459748714835,-84.0,-1193.0,2559310.0,7.66
2024-02-16,9170.0,9270.0,8990.0,9080.0,112717,303424344240.0,-0.02049622437971954,0.013375147403939414,-0.033871371783658955,-0.3381924198250734,8963.5,8895.833333333334,1.0129971551291348,1.0207025761124122,14.239999771118164,17.41,-596.7822953786867,11.896101973124669,-0.02136014209672432,0.020670296949527933,-144.0,10424.0,2570934.0,7.69
2024-02-19,9030.0,9210.0,9010.0,9200.0,95836,307434357600.0,0.013215859030837107,0.011892357134607678,0.0013235018962294287,-0.32944606413994215,9008.0,8900.333333333334,1.0213143872113677,1.0336691509681284,14.239999771118164,18.02,-596.7822953786867,11.896101973124669,-0.036452473851092515,-0.004677373299785903,1053.0,15432.0,2587148.0,7.74
2024-02-20,9180.0,9760.0,9150.0,9360.0,269249,312781042080.0,0.017391304347825987,-0.008383504070968772,0.02577480841879476,-0.31778425655976733,9036.5,8905.833333333334,1.0357992585624964,1.050996537849724,15.420000076293945,18.09,-596.7822953786867,11.896101973124669,-0.006773061468634767,0.005738168218299866,-98.0,12354.0,2599673.0,7.78
2024-02-21,9360.0,9610.0,9230.0,9320.0,141612,311444370960.0,-0.004273504273504258,-0.0016856036040868716,-0.0025879006694173867,-0.32069970845481105,9056.0,8913.333333333334,1.0291519434628975,1.0456245325355271,15.34000015258789,18.5,-596.7822953786867,11.896101973124669,0.0245104096456068,-0.013265566101715143,9500.0,-6168.0,2593610.0,7.76
2024-02-22,9360.0,9840.0,9320.0,9660.0,331968,322806075480.0,0.03648068669527893,0.004130674778095367,0.03235001191718356,-0.2959183673469394,9088.0,8928.5,1.0629401408450705,1.0819286554292433,14.539999961853027,18.22,-596.7822953786867,11.896101973124669,0.055536919666560935,0.02298904977913141,-112.0,29736.0,2623395.0,7.85
2024-02-23,9800.0,9900.0,9490.0,9550.0,295070,319130229900.0,-0.011387163561076608,0.0012873813898293118,-0.01267454495090592,-0.30393586005830964,9114.0,8941.0,1.0478384902348037,1.0681131864444693,13.75,18.31,-596.7822953786867,11.896101973124669,0.017087566296860257,0.044185876611884445,-202.0,-34463.0,2591011.0,7.75
2024-02-26,9650.0,9650.0,9240.0,9350.0,142113,312446874300.0,-0.020942408376963373,-0.007729457369378134,-0.013212951007585239,-0.3185131195335283,9123.5,8949.333333333334,1.0248259987943225,1.0447705601907031,13.739999771118164,17.94,-596.7822953786867,11.896101973124669,0.006462515958692405,0.029649423708069778,1075.0,-20738.0,2569693.0,7.69
2024-02-27,9210.0,9330.0,9010.0,9180.0,177931,306766022040.0,-0.018181818181818188,-0.008322388687417193,-0.009859429494400995,-0.33090379008746423,9122.0,8955.333333333334,1.0063582547686911,1.0250874711531304,13.430000305175781,17.16,-596.7822953786867,11.896101973124669,-0.03574692545289215,-0.005984814205125977,-7584.0,29031.0,2598253.0,7.78
2024-02-28,9190.0,9620.0,9160.0,9520.0,221933,318127726560.0,0.03703703703703698,0.010376941287856711,0.026660095749180268,-0.30612244897959257,9147.5,8968.833333333334,1.0407215086089094,1.0614535521156596,13.84000015258789,16.83,-596.7822953786867,11.896101973124669,0.0035877152471940343,0.023263182213471678,-2186.0,22340.0,2620593.0,7.84
2024-02-29,9490.0,9510.0,9330.0,9350.0,106601,312446874300.0,-0.017857142857142905,-0.0037439086579440506,-0.014113234199198854,-0.31851311953352845,9160.0,8972.5,1.0207423580786026,1.0420730008358874,13.399999618530273,16.77,-596.7822953786867,11.896101973124669,0.0026874320555804188,-0.02320006390291074,-422.0,-13770.0,2606801.0,7.8
2024-03-04,9520.0,10650.0,9520.0,10650.0,1049349,355888685700.0,0.1390374331550801,0.012076291955720242,0.12696114119935986,-0.22376093294460733,9243.0,9002.0,1.1522233041220382,1.1830704287936014,13.489999771118164,17.33,-596.7822953786867,11.896101973124669,0.13950800274934128,0.11643562224735504,2443.0,116499.0,2724770.0,8.15
2024-03-05,10690.0,10920.0,10120.0,10800.0,561876,360901202400.0,0.014084507042253502,-0.009299777885502847,0.02338428492775635,-0.21282798833819333,9345.0,9037.333333333334,1.1556982343499198,1.195042785482443,14.460000038146973,17.13,-596.7822953786867,11.896101973124669,0.13623219192791736,0.15303285818269663,-535.0,-70896.0,2654169.0,7.94
2024-03-06,11000.0,11800.0,10920.0,11680.0,1468057,390307967040.0,0.08148148148148149,-0.0029855485773883084,0.0844670300588698,-0.1486880466472313,9490.5,9092.166666666666,1.2307043885991253,1.2846222939160084,14.5,17.25,-596.7822953786867,11.896101973124669,0.234812456185986,0.24735931773596742,95119.0,53756.0,2708574.0,8.11
2024-03-07,11780.0,12360.0,11240.0,11370.0,970362,379948765860.0,-0.02654109589041098,0.002320708000328686,-0.028861803890739668,-0.17128279883382025,9628.0,9140.333333333334,1.1809306190278355,1.2439371284781735,14.4399995803833,17.25,-596.7822953786867,11.896101973124669,0.07898951109588648,0.19183741809604749,-2660.0,-11431.0,2695337.0,8.07
2024-03-08,11810.0,12320.0,11640.0,12230.0,1272351,408687194940.0,0.07563764291996478,0.01236203798886315,0.06327560493110163,-0.10860058309038012,9799.5,9205.0,1.2480228583090973,1.3286257468766975,14.739999771118164,17.25,-596.7822953786867,11.896101973124669,0.11888083109923175,0.26922625722634796,164560.0,242.0,2696921.0,8.07
2024-03-11,12000.0,12600.0,11800.0,12280.0,562510,410358033840.0,0.004088307440719641,-0.007651989112750335,0.011740296553469975,-0.10495626822157532,9975.0,9269.666666666666,1.231077694235589,1.3247509798985941,15.220000267028809,18.05,-596.7822953786867,11.896101973124669,0.04615409759383193,0.15400541258045808,16815.0,-63020.0,2632932.0,7.88
2024-03-12,12000.0,12170.0,11000.0,11250.0,1233690,375938752500.0,-0.08387622149837137,0.008259884044588661,-0.09213610554296003,-0.18002915451895135,10085.5,9317.666666666666,1.115462793118834,1.2073838228454907,13.84000015258789,17.8,-596.7822953786867,11.896101973124669,-0.017120204058388433,0.038485022109741696,-1407.0,-25074.0,2607669.0,7.8
2024-03-13,11550.0,11760.0,11010.0,11080.0,604486,370257900240.0,-0.015111111111111075,0.00438510166965056,-0.019496212780761635,-0.19241982507288713,10175.5,9353.5,1.0888899808363226,1.184583311060031,13.75,16.93,-596.7822953786867,11.896101973124669,-0.0998920217702517,-0.06547822072988974,-27273.0,11081.0,2618954.0,7.84
2024-03-14,11020.0,11400.0,10490.0,11300.0,654099,377609591400.0,0.019855595667870096,0.00935187901816592,0.010503716649704176,-0.17638483965014654,10274.0,9387.666666666666,1.09986373369671,1.203706991442673,14.399999618530273,16.51,-596.7822953786867,11.896101973124669,-0.1011286016740175,-0.026112700189445892,-13244.0,1496.0,2621520.0,7.84
2024-03-15,11150.0,11350.0,10850.0,11090.0,238576,370592068020.0,-0.018584070796460184,-0.01909691244850842,0.0005128416520482348,-0.19169096209912617,10365.0,9422.0,1.0699469368065606,1.1770324771810656,14.40999984741211,16.83,-596.7822953786867,11.896101973124669,-0.008479654479009224,-0.08887546346849928,-8332.0,11555.0,2631611.0,7.88
2024-03-18,11100.0,11100.0,10680.0,10980.0,296562,366916222440.0,-0.009918845807033394,0.007124536670298998,-0.01704338247733239,-0.19970845481049646,10460.0,9458.333333333334,1.0497131931166348,1.1608810572687225,14.329999923706055,17.12,-596.7822953786867,11.896101973124669,-0.006026824175579981,-0.11765914249930165,-806.0,8984.0,2641163.0,7.9
2024-03-19,11040.0,11620.0,10830.0,11120.0,727352,371594571360.0,0.012750455373406133,-0.011046884790124278,0.02379734016353041,-0.1895043731778434,10556.0,9495.0,1.0534293292913983,1.1711427066877305,13.819999694824219,16.78,-596.7822953786867,11.896101973124669,0.007266799338246255,-0.0017256967928112044,9647.0,11893.0,2654419.0,7.94
2024-03-20,11120.0,11710.0,11080.0,11610.0,448014,387968792580.0,0.04406474820143891,0.012789080406100384,0.031275667795338524,-0.15379008746355774,10668.5,9540.833333333334,1.0882504569527112,1.2168748362302384,13.039999961853027,16.92,-596.7822953786867,11.896101973124669,0.038029625481536544,0.049046183783288955,9679.0,-23137.0,2630600.0,7.87
2024-03-21,11670.0,12000.0,11580.0,11790.0,518480,393983812620.0,0.015503875968992276,0.024058308276944107,-0.008554432307951831,-0.140670553935861,10792.0,9588.666666666666,1.0924759080800592,1.2295765834665926,12.920000076293945,17.53,-596.7822953786867,11.896101973124669,0.046518575650917104,0.029988034825632948,11482.0,-19475.0,2611841.0,7.82
2024-03-22,12300.0,12450.0,11530.0,11920.0,1403864,398327993760.0,0.011026293469041493,-0.0022868852074020563,0.013313178676443549,-0.13119533527696892,10905.0,9637.833333333334,1.0930765703805594,1.2367925017725283,13.0600004196167,17.13,-596.7822953786867,11.896101973124669,0.03603441416383024,0.04278837185002826,68618.0,-115305.0,2495418.0,7.47
2024-03-25,12090.0,12150.0,11310.0,11770.0,710106,393315477060.0,-0.012583892617449632,-0.003998453735807317,-0.008585438881642316,-0.14212827988338292,11016.0,9685.833333333334,1.0684458968772694,1.215176804611546,13.1899995803833,17.35,-596.7822953786867,11.896101973124669,-0.003826692513150598,0.05124631544571834,-2159.0,-35177.0,2460806.0,7.36
2024-03-26,11900.0,12360.0,11540.0,11610.0,495343,387968792580.0,-0.0135938827527613,0.007130418233622926,-0.020724300986384225,-0.15379008746355788,11129.0,9733.5,1.043220415131638,1.1927877947295422,13.239999771118164,17.34,-596.7822953786867,11.896101973124669,-0.015996561191582992,0.006724674295803701,8621.0,21666.0,2506142.0,7.5
2024-03-27,11560.0,11830.0,11190.0,11770.0,391278,393315477060.0,0.013781223083548566,-0.0007181413757374466,0.014499364459286013,-0.14212827988338306,11258.5,9778.5,1.0454323400097705,1.2036610932147058,12.779999732971191,17.14,-596.7822953786867,11.896101973124669,-0.014810375408740528,-0.01005162904024881,-62.0,24224.0,2529863.0,7.57
2024-03-28,11770.0,13500.0,11710.0,13170.0,2709943,440098966260.0,0.11894647408666104,-0.003371930231562792,0.12231840431822383,-0.0400874635568526,11441.0,9846.666666666666,1.151123153570492,1.3375084631008802,13.010000228881836,16.88,-596.7822953786867,11.896101973124669,0.11609346779112562,0.12082120758592685,207181.0,362706.0,2890636.0,8.65
2024-03-29,13460.0,13990.0,13050.0,13250.0,1601528,442772308500.0,0.006074411541381997,0.00029492626354388207,0.0057794852778381145,-0.03425655976676505,11636.0,9909.333333333334,1.1387074596081128,1.3371232508073196,13.010000228881836,16.84,-596.7822953786867,11.896101973124669,0.14259725405534796,0.11328751418732141,128111.0,-44096.0,2849108.0,8.53
2024-04-01,13420.0,13780.0,12820.0,13010.0,636741,434752281780.0,-0.01811320754716983,0.00044790330764010733,-0.018561110854809937,-0.05174927113702742,11754.0,9971.166666666666,1.1068572400884804,1.3047620639510589,13.649999618530273,17.13,-596.7822953786867,11.896101973124669,0.109536778741252,0.10331184221415379,-3525.0,-51268.0,2796644.0,8.37
2024-04-02,13000.0,13100.0,12450.0,12790.0,705498,427400590620.0,-0.016910069177555775,0.0019287025104317568,-0.018838771687987532,-0.067784256559768,11853.5,10030.833333333334,1.079006200700215,1.2750685386724265,14.609999656677246,17.1,-596.7822953786867,11.896101973124669,-0.031620397264959355,0.10519737151255049,58142.0,-867.0,2796127.0,8.37
2024-04-03,12610.0,12620.0,12000.0,12300.0,563630,411026369400.0,-0.03831118060985139,-0.01677706449345362,-0.021534116116397772,-0.10349854227405368,11884.5,10082.0,1.034961504480626,1.2199960325332275,14.329999923706055,17.63,-596.7822953786867,11.896101973124669,-0.05893399865919524,0.0691638909368667,31424.0,-45800.0,2749373.0,8.23
2024-04-04,12420.0,12800.0,12240.0,12390.0,518259,414033879420.0,0.007317073170731714,0.012940678942136907,-0.0056236057714051935,-0.09693877551020531,11935.5,10135.833333333334,1.0380796782707051,1.2223957905122091,16.350000381469727,17.2,-596.7822953786867,11.896101973124669,-0.0459964935757905,-0.05877811915276232,19001.0,-24689.0,2724782.0,8.15
2024-04-05,12200.0,12490.0,11950.0,12180.0,457675,407016356040.0,-0.016949152542372836,-0.010134952247447093,-0.006814200294925743,-0.11224489795918478,11933.0,10186.5,1.020698902203972,1.1957001914298335,16.030000686645508,18.12,-596.7822953786867,11.896101973124669,-0.03397192218272871,-0.07137180472552618,-47096.0,61005.0,2786457.0,8.34
2024-04-08,12350.0,12580.0,11310.0,11400.0,703405,380951269200.0,-0.0640394088669951,0.0012673822054141137,-0.06530679107240922,-0.1690962099125375,11889.0,10229.5,0.9588695432752965,1.1144239698910015,15.1899995803833,18.16,-596.7822953786867,11.896101973124669,-0.07774459713874016,-0.11811748494312546,-116885.0,79655.0,2865422.0,8.57
2024-04-09,11550.0,11550.0,11110.0,11180.0,280344,373599578040.0,-0.019298245614035037,-0.004595879043729489,-0.014702366570305547,-0.18513119533527794,11885.5,10266.5,0.940641958689159,1.0889787171869674,14.979999542236328,18.09,-596.7822953786867,11.896101973124669,-0.08682335793764051,-0.11398107982544348,-39902.0,55433.0,2920056.0,8.74
2024-04-11,11000.0,11430.0,10870.0,11200.0,205443,374267913600.0,0.0017889087656528524,0.0006654130944596659,0.0011234956711931865,-0.18367346938775617,11891.5,10308.166666666666,0.9418492200311147,1.086517162767385,14.90999984741211,18.03,-596.7822953786867,11.896101973124669,-0.07888566197152158,-0.09132346803785252,1975.0,-3032.0,2916604.0,8.73
2024-04-12,11310.0,11760.0,11180.0,11190.0,259163,373933745820.0,-0.0008928571428571397,-0.009287131298912232,0.008394274156055093,-0.18440233236151712,11886.0,10350.833333333334,0.9414437152953054,1.081072377425328,17.309999465942383,17.59,-596.7822953786867,11.896101973124669,-0.005184596743057268,-0.07730558811039223,-4772.0,17363.0,2941572.0,8.8
2024-04-15,10970.0,11290.0,10810.0,11290.0,233658,377275423620.0,0.008936550491510209,-0.004247166636245692,0.0131837171277559,-0.1771137026239078,11896.0,10395.166666666666,0.949058507061197,1.0860816725721891,19.229999542236328,18.45,-596.7822953786867,11.896101973124669,0.02270148695500418,-0.05730767068771059,-486.0,22793.0,2966924.0,8.88
2024-04-16,11060.0,11060.0,10420.0,10580.0,468661,353549511240.0,-0.06288751107174495,-0.022767887712661805,-0.040119623359083145,-0.22886297376093406,11876.0,10433.166666666666,0.8908723475917818,1.0140737072477197,18.399999618530273,19.95,-596.7822953786867,11.896101973124669,-0.018541632075272152,-0.03212050297438451,-13587.0,24649.0,2993335.0,8.96
2024-04-17,10680.0,11130.0,10470.0,10900.0,304250,364242880200.0,0.030245746691871522,-0.009752322097280164,0.039998068789151686,-0.20553935860058414,11865.0,10476.333333333334,0.9186683522966709,1.0404403576314867,18.209999084472656,20.02,-596.7822953786867,11.896101973124669,0.013062162557824442,0.02257993238507272,15963.0,13845.0,3007180.0,9.0
2024-04-18,10750.0,11610.0,10750.0,11590.0,304233,387300457020.0,0.06330275229357807,0.019549729843763686,0.04375302244981438,-0.1552478134110798,11864.0,10523.0,0.9769049224544841,1.1013969400361114,18.0,19.42,-596.7822953786867,11.896101973124669,0.043631467879882924,0.06520945916369392,10897.0,48065.0,3055295.0,9.14
2024-04-19,11480.0,11550.0,10520.0,10670.0,509177,356557021260.0,-0.07937877480586708,-0.016259856736606904,-0.06311891806926018,-0.22230320699708553,11808.0,10552.0,0.9036246612466124,1.011182714177407,18.709999084472656,21.22,-596.7822953786867,11.896101973124669,0.020632173169705892,-0.006303733061621353,-21509.0,-121282.0,2933800.0,8.78
2024-04-22,10360.0,10520.0,10060.0,10170.0,358998,339848632260.0,-0.04686035613870665,0.014499175274454101,-0.06135953141316075,-0.2587463556851322,11720.5,10571.166666666666,0.8677104219103281,0.9620508616204456,16.940000534057617,19.8,-596.7822953786867,11.896101973124669,-0.08072542703260654,-0.080846981602538,-9128.0,-5875.0,2930502.0,8.77
2024-04-23,10310.0,10310.0,9750.0,9800.0,427536,327484424400.0,-0.036381514257620484,-0.002441554862655071,-0.03393995939496541,-0.28571428571428675,11622.0,10584.0,0.8432283600068835,0.9259259259259259,15.6899995803833,18.93,-596.7822953786867,11.896101973124669,-0.15841840887738634,-0.07466731763842027,-117950.0,95875.0,3024141.0,9.05
2024-04-24,10030.0,10250.0,9990.0,10150.0,214392,339180296700.0,0.03571428571428581,0.020102774693337322,0.015611511020948488,-0.2602040816326541,11549.0,10600.5,0.878863970906572,0.9575020046224235,15.970000267028809,18.02,-596.7822953786867,11.896101973124669,-0.07968797978717768,-0.09905387540662347,12042.0,-4128.0,3022501.0,9.04
2024-04-25,10000.0,10390.0,9980.0,10070.0,138665,336506954460.0,-0.007881773399014746,-0.017613709357189533,0.009731935958174787,-0.2660349854227415,11464.0,10614.833333333334,0.8784019539427774,0.948672455212046,15.369999885559082,18.82,-596.7822953786867,11.896101973124669,-0.008596512415842139,-0.13307496189826307,1537.0,-14532.0,3008499.0,9.0
2024-04-26,10220.0,10700.0,10150.0,10600.0,243457,354217846800.0,0.05263157894736836,0.010541637704252427,0.042089941243115936,-0.22740524781341212,11335.5,10641.333333333334,0.935115345595695,0.9961157749655432,15.029999732971191,18.32,-596.7822953786867,11.896101973124669,0.06743338822223921,-0.027866102585886954,17729.0,15473.0,3023984.0,9.05
2024-04-29,10610.0,11100.0,10410.0,10860.0,324734,362906209080.0,0.02452830188679256,0.011711595459254598,0.01281670642753796,-0.20845481049562783,11216.0,10670.666666666666,0.9682596291012838,1.0177433462451582,14.670000076293945,18.13,-596.7822953786867,11.896101973124669,0.06463858362882868,0.04631013525481176,1637.0,-30420.0,2993847.0,8.96
2024-04-30,10860.0,11050.0,10410.0,10720.0,191836,358227860160.0,-0.012891344383057057,0.0017191517906378628,-0.01461049617369492,-0.21865889212828088,11101.5,10699.5,0.9656352745124532,1.0019159773821207,15.649999618530273,18.14,-596.7822953786867,11.896101973124669,0.040296151496958976,0.06563959847608225,-12.0,-14813.0,2979512.0,8.92
2024-05-02,10670.0,10890.0,10500.0,10840.0,114451,362237873520.0,0.011194029850746245,-0.0031240596669277476,0.014318089517673993,-0.20991253644314978,11004.0,10734.166666666666,0.985096328607779,1.0098594829593976,14.680000305175781,17.88,-596.7822953786867,11.896101973124669,0.012524299771517033,0.06434617697280776,1421.0,2242.0,2980973.0,8.92
2024-05-03,10840.0,10920.0,10290.0,10380.0,311596,346866155640.0,-0.04243542435424352,-0.0026158477397215663,-0.039819576614521957,-0.24344023323615258,10908.0,10761.0,0.9515951595159516,0.9645943685531084,13.489999771118164,17.51,-596.7822953786867,11.896101973124669,-0.040111983270542884,0.014794664400111013,-25032.0,-31074.0,2948706.0,8.82
2024-05-07,10550.0,13470.0,10500.0,13330.0,5743344,445445650740.0,0.28420038535645475,0.021568250799290256,0.2626321345571645,-0.02842565597667765,10955.0,10839.5,1.2167959835691464,1.2297615203653305,13.229999542236328,17.21,-596.7822953786867,11.896101973124669,0.23713064746031653,0.23533685771415958,712533.0,303424.0,3253812.0,9.74
2024-05-08,13340.0,14340.0,13190.0,13300.0,4484515,444443147400.0,-0.0022505626406601476,0.00390948557844828,-0.006160048219108427,-0.03061224489796039,11011.0,10914.5,1.2078830260648443,1.218562462778872,13.0,16.46,-596.7822953786867,11.896101973124669,0.21665250972353411,0.2163601030675132,235805.0,88791.0,3338458.0,9.99
2024-05-09,13740.0,13850.0,12200.0,12630.0,3045214,422053906140.0,-0.050375939849624074,-0.011988909369448297,-0.03838703048017578,-0.0794460641399428,11072.5,10978.833333333334,1.1406638067283812,1.1503954579266162,12.6899995803833,16.49,-596.7822953786867,11.896101973124669,0.2180850558578803,0.19258356876103233,4919.0,-343044.0,2997167.0,8.97
2024-05-10,12700.0,12820.0,12100.0,12630.0,1176043,422053906140.0,0.0,0.005711353708842237,-0.005711353708842237,-0.0794460641399428,11145.0,11038.666666666666,1.133243606998654,1.1441599226959778,12.550000190734863,16.29,-596.7822953786867,11.896101973124669,-0.05025843240812644,0.1725541255345161,35919.0,-145297.0,2853185.0,8.54
2024-05-13,12620.0,12990.0,12260.0,12780.0,1183189,427066422840.0,0.01187648456057011,-0.00015395119317540562,0.012030435753745516,-0.06851311953352882,11224.0,11097.0,1.138631503920171,1.1516626115166262,13.600000381469727,16.6,-596.7822953786867,11.896101973124669,-0.0320679484352725,0.22440413790278357,113639.0,-144109.0,2709418.0,8.11
2024-05-14,13040.0,13150.0,12700.0,12940.0,1131794,432413107320.0,0.012519561815336422,0.0011477396305963339,0.011371822184740088,-0.056851311953354,11311.5,11157.166666666666,1.14396852760465,1.1597926594266765,13.420000076293945,16.73,-596.7822953786867,11.896101973124669,0.017690904229643367,-0.026856174469640837,110344.0,14774.0,2723818.0,8.15
2024-05-16,13220.0,14920.0,13000.0,14500.0,5503419,484543281000.0,0.1205564142194746,0.008299300226324968,0.11225711399314964,0.0,11472.0,11244.333333333334,1.2639470013947,1.2895384341742506,12.420000076293945,15.98,-596.7822953786867,11.896101973124669,0.13565937193163524,0.09156098774261723,176343.0,413360.0,3136906.0,9.39
2024-05-17,14390.0,14610.0,13710.0,14200.0,1603046,474518247600.0,-0.020689655172413834,-0.010308711519251723,-0.010380943653162111,-0.020689655172413817,11653.0,11329.666666666666,1.2185703252381361,1.2533466709817882,11.989999771118164,15.98,-596.7822953786867,11.896101973124669,0.11324799252472761,0.1195670745696309,116163.0,-186029.0,2949758.0,8.83
2024-05-20,14300.0,15150.0,14130.0,14760.0,1824171,493231643280.0,0.03943661971830981,0.006430171780684724,0.03300644793762508,0.0,11846.0,11422.333333333334,1.2459902076650347,1.2922053287419382,12.149999618530273,15.95,-596.7822953786867,11.896101973124669,0.1348826182776126,0.1582848762160982,61509.0,-115683.0,2839330.0,8.5
2024-05-21,14980.0,15110.0,14400.0,14770.0,845659,493565811060.0,0.0006775067750677266,-0.006549615133097486,0.007227121908165213,0.0,12005.0,11512.5,1.2303206997084548,1.2829533116178067,11.859999656677246,15.85,-596.7822953786867,11.896101973124669,0.029852626192628184,0.1534815623705179,14396.0,-66451.0,2773775.0,8.3
2024-05-22,15300.0,16730.0,14850.0,16000.0,5679017,534668448000.0,0.08327691266079884,-0.00026428896812680236,0.08354120162892564,0.0,12271.5,11623.833333333334,1.303834087112415,1.3764822276070716,12.289999961853027,15.71,-596.7822953786867,11.896101973124669,0.12377477147471594,0.22565094181470347,416416.0,42801.0,2819045.0,8.44
2024-05-23,16550.0,16550.0,15550.0,15770.0,2287952,526982589060.0,-0.014375000000000027,-0.000605811125338529,-0.013769188874661498,-0.014374999999999968,12551.5,11725.666666666666,1.2564235350356532,1.3449128692043097,12.770000457763672,15.22,-596.7822953786867,11.896101973124669,0.07699913466242936,0.09962463894689233,48330.0,-221556.0,2597672.0,7.77
2024-05-24,15450.0,16650.0,14510.0,16380.0,3066669,547366823640.0,0.038681039949270746,-0.012568827435069041,0.05124986738433979,0.0,12880.5,11839.5,1.2716897635961337,1.3835043709616115,11.930000305175781,15.43,-596.7822953786867,11.896101973124669,0.12102188013860393,0.16125544998439423,269771.0,161188.0,2760926.0,8.26
2024-05-27,16950.0,17790.0,16530.0,17760.0,3503637,593481977280.0,0.08424908424908417,0.013167841677408365,0.0710812425716758,0.0,13261.0,11979.666666666666,1.33926551542116,1.4825120342803084,11.930000305175781,15.21,-596.7822953786867,11.896101973124669,0.1085619210813541,0.19933024461844495,243900.0,78779.0,2840669.0,8.5
2024-05-28,18240.0,18250.0,17000.0,17260.0,2019436,576773588280.0,-0.028153153153153143,-5.1374620775979096e-05,-0.028101778532377164,-0.02815315315315319,13620.5,12114.333333333334,1.2672075180793656,1.4247585504773959,12.920000076293945,15.07,-596.7822953786867,11.896101973124669,0.09422933142363843,0.16400134417790257,-57455.0,-264114.0,2575583.0,7.71
2024-05-29,16950.0,17690.0,16030.0,16400.0,2370995,548035159200.0,-0.049826187717265324,-0.0167288125289502,-0.033097375188315126,-0.07657657657657659,13910.5,12229.0,1.1789655296358865,1.3410744950527436,14.279999732971191,15.66,-596.7822953786867,11.896101973124669,0.009882088850983517,0.047362767360661806,-111151.0,188749.0,2761620.0,8.26
2024-05-30,16100.0,16520.0,15700.0,16110.0,971809,538344293580.0,-0.01768292682926831,-0.015635194658214502,-0.0020477321710538066,-0.09290540540540541,14173.0,12341.666666666666,1.136668312989487,1.3053342336259286,14.470000267028809,16.82,-596.7822953786867,11.896101973124669,-0.0632468858917461,0.0590842240642695,6090.0,26151.0,2787624.0,8.34
2024-05-31,16120.0,16910.0,16100.0,16520.0,1310661,552045172560.0,0.025450031036623244,0.00040982839640180124,0.025040202640221443,-0.06981981981981977,14463.0,12439.5,1.142224987900159,1.3280276538446079,12.920000076293945,16.9,-596.7822953786867,11.896101973124669,-0.01010490471914749,0.03287455932015115,39397.0,-16186.0,2771670.0,8.29
2024-06-03,16360.0,16740.0,15200.0,16150.0,1634595,539680964700.0,-0.022397094430992692,0.017447240930936747,-0.03984433536192944,-0.09065315315315307,14728.5,12528.666666666666,1.0965135621414266,1.2890437929016123,13.109999656677246,16.69,-596.7822953786867,11.896101973124669,-0.016851864892761803,-0.07805101861345409,65256.0,71732.0,2843834.0,8.51
2024-06-04,16420.0,16540.0,15850.0,16000.0,648862,534668448000.0,-0.009287925696594423,-0.007612216023114016,-0.0016757096734804078,-0.09909909909909903,15009.5,12600.666666666666,1.0659915386921617,1.2697740860271944,13.15999984741211,16.64,-596.7822953786867,11.896101973124669,-0.016479842395188404,-0.05162494975455734,35571.0,-27773.0,2815899.0,8.43
2024-06-05,16140.0,16340.0,15450.0,15520.0,675590,518628394560.0,-0.030000000000000027,0.010292589060746815,-0.04029258906074684,-0.12612612612612606,15119.0,12669.833333333334,1.0265229181824194,1.2249569186650706,12.630000114440918,16.56,-596.7822953786867,11.896101973124669,-0.08181263409615669,-0.05882016362698905,22604.0,7355.0,2822426.0,8.45
2024-06-07,15700.0,16340.0,15320.0,15710.0,1766118,524977582380.0,0.01224226804123707,0.012333118377021668,-9.0850335784598e-05,-0.11542792792792786,15239.5,12727.833333333334,1.0308737163292758,1.2343027747587307,12.220000267028809,16.64,-596.7822953786867,11.896101973124669,-0.04205914907001185,-0.056863281791719844,104928.0,-69277.0,2753952.0,8.24
2024-06-10,15870.0,17230.0,15850.0,17140.0,2322011,572763574920.0,0.09102482495225961,-0.007896660490227081,0.09892148544248669,-0.034909909909909886,15465.0,12808.833333333334,1.1083090850307145,1.3381390446696941,12.739999771118164,17.17,-596.7822953786867,11.896101973124669,0.05853804604595525,0.017018001010545403,149741.0,57555.0,2812854.0,8.42
2024-06-11,17500.0,17510.0,16650.0,17190.0,1420429,574434413820.0,0.0029171528588098905,0.0015364255505607716,0.001380727308249119,-0.03209459459459446,15693.0,12907.833333333334,1.0953928503154273,1.3317494544656345,12.850000381469727,17.16,-596.7822953786867,11.896101973124669,0.10021136241495121,0.05824306368072396,78879.0,-57814.0,2753162.0,8.24
2024-06-12,17110.0,17520.0,16690.0,17440.0,1003755,582788608320.0,0.014543339150669077,0.008446266222939869,0.006097072927729208,-0.018018018018017754,15926.0,13013.833333333334,1.0950646741177947,1.3401124444501364,12.039999961853027,17.4,-596.7822953786867,11.896101973124669,0.10639928567846502,0.06601584628193358,96391.0,2915.0,2755005.0,8.24
2024-06-13,17800.0,18180.0,16630.0,16950.0,1526695,566414387100.0,-0.028096330275229398,0.00979410061260455,-0.03789043088783395,-0.04560810810810786,16126.5,13108.0,1.0510650172077016,1.293103448275862,11.9399995803833,16.52,-596.7822953786867,11.896101973124669,-0.03041263065185562,0.06841800445484647,91449.0,-96694.0,2656565.0,7.95
2024-06-14,17010.0,17130.0,16310.0,16900.0,849587,564743548200.0,-0.002949852507374673,0.0012813685608217273,-0.0042312210681964,-0.04842342342342318,16246.5,13204.833333333334,1.0402240482565475,1.2798344040692171,12.65999984741211,16.03,-596.7822953786867,11.896101973124669,-0.03602457902830114,0.06427763372243467,49913.0,39813.0,2695991.0,8.07
2024-06-17,17100.0,19540.0,16350.0,16810.0,8116278,561736038180.0,-0.005325443786982298,-0.005191314094416866,-0.00013412969256543228,-0.05349099099099084,16377.0,13302.0,1.0264395188373938,1.2637197413922718,12.75,16.71,-596.7822953786867,11.896101973124669,-0.04225578164859578,-0.034777981412617454,41580.0,86458.0,2776779.0,8.31
2024-06-18,17170.0,18440.0,17140.0,18160.0,3941821,606848688480.0,0.08030933967876264,0.007222704534604274,0.07308663514415836,0.0,16547.0,13419.333333333334,1.0974799057230917,1.3532713994733965,12.300000190734863,16.34,-596.7822953786867,11.896101973124669,0.06872128438339653,0.03692792642329179,157407.0,166174.0,2943253.0,8.81
2024-06-19,18720.0,19860.0,18100.0,18700.0,4015666,624893748600.0,0.029735682819383324,0.012087961009859871,0.017647721809523453,0.0,16743.5,13537.5,1.1168513154358408,1.3813481071098799,12.300000190734863,16.33,-596.7822953786867,11.896101973124669,0.09060022726111638,0.048478575305086036,-5497.0,50619.0,2992908.0,8.96
2024-06-20,18700.0,18900.0,18030.0,18100.0,1102246,604843681800.0,-0.03208556149732622,0.003682012633419385,-0.035767574130745605,-0.032085561497326234,16848.5,13642.666666666666,1.074279609460783,1.3267200938232995,13.279999732971191,16.56,-596.7822953786867,11.896101973124669,0.05496678282293621,0.05060143206217438,41205.0,-122652.0,2870228.0,8.59
2024-06-21,17960.0,19400.0,17460.0,18970.0,1967782,633916278660.0,0.0480662983425415,-0.008323701492828017,0.05638999983536952,0.0,17008.5,13760.166666666666,1.1153246905958785,1.3786170225651337,13.199999809265137,16.52,-596.7822953786867,11.896101973124669,0.03827014751414737,0.1112226529657403,161053.0,199686.0,3073091.0,9.2
2024-06-24,19250.0,19380.0,18680.0,18970.0,899905,633916278660.0,0.0,-0.007014441621247536,0.007014441621247536,0.0,17138.0,13880.166666666666,1.1068969541370055,1.366698286523937,13.329999923706055,17.02,-596.7822953786867,11.896101973124669,0.02763686732587145,0.11837122427955327,6949.0,-219112.0,2856241.0,8.55
2024-06-25,18310.0,18780.0,17650.0,18550.0,1146989,619881231900.0,-0.022140221402214055,0.003493980308245881,-0.025634201710459936,-0.022140221402214087,17177.5,13995.833333333334,1.079901033328482,1.3253944626376897,12.84000015258789,16.98,-596.7822953786867,11.896101973124669,0.03777023974615712,0.019650387424934967,58451.0,-123733.0,2734784.0,8.18
2024-06-26,18650.0,18940.0,17850.0,17880.0,762853,597491990640.0,-0.036118598382749334,0.006365419762104585,-0.04248401814485392,-0.05745914602003167,17208.5,14097.666666666666,1.0390214138361855,1.26829498971461,12.550000190734863,16.74,-596.7822953786867,11.896101973124669,-0.06110377823406632,-0.040481352529442405,-8227.0,-84021.0,2650400.0,7.93
2024-06-27,17600.0,18050.0,17330.0,17890.0,694762,597826158420.0,0.0005592841163311046,-0.0028616930551543796,0.003420977171485484,-0.05693199789140751,17283.0,14176.333333333334,1.0351212173812416,1.2619624256389756,12.239999771118164,16.57,-596.7822953786867,11.896101973124669,-0.06469724268382837,-0.0012928012272113154,-25850.0,37379.0,2688855.0,8.05
2024-06-28,17900.0,17900.0,16300.0,16550.0,1060895,553047675900.0,-0.07490217998882054,0.004942425621584867,-0.0798446056104054,-0.12756984712704267,17305.0,14231.333333333334,0.9563709910430511,1.1629268749707218,12.4399995803833,16.1,-596.7822953786867,11.896101973124669,-0.11890764658377384,-0.13752740667298624,32402.0,15104.0,2705052.0,8.09
2024-07-01,16740.0,17170.0,15900.0,15900.0,1148975,531326770200.0,-0.0392749244712991,0.0023196596192052166,-0.041594584090504316,-0.16183447548761204,17274.0,14279.5,0.9204584925321292,1.1134843656990792,12.220000267028809,16.05,-596.7822953786867,11.896101973124669,-0.11801821252942424,-0.1861364323847381,-133510.0,180076.0,2885292.0,8.63
2024-07-02,15870.0,15950.0,15170.0,15530.0,1025878,518962562340.0,-0.023270440251572322,-0.008362110708840187,-0.014908329542732135,-0.1813389562467053,17243.0,14325.166666666666,0.9006553383981906,1.0841060604297799,12.029999732971191,15.88,-596.7822953786867,11.896101973124669,-0.13634751924364186,-0.1754105602170103,-132537.0,265958.0,3152665.0,9.43
2024-07-03,15550.0,15680.0,14770.0,14840.0,959907,495904985520.0,-0.04443013522215067,0.004728717675748673,-0.04915885289789934,-0.2177121771217712,17185.0,14367.5,0.8635437881873728,1.032886723507917,12.09000015258789,15.55,-596.7822953786867,11.896101973124669,-0.10566176653113579,-0.18208539497005571,-157519.0,230539.0,3383508.0,10.13
2024-07-04,14940.0,15610.0,14820.0,15350.0,803678,512947542300.0,0.034366576819407024,0.011070086196011797,0.023296490623395227,-0.19082762256193986,17176.5,14416.833333333334,0.893662853317032,1.0647275754037524,12.09000015258789,16.36,-596.7822953786867,11.896101973124669,-0.04077069181723625,-0.16220988151814597,-36296.0,-88686.0,3294736.0,9.86
2024-07-05,15350.0,15360.0,14650.0,14960.0,651559,499914998880.0,-0.02540716612377847,0.013200294461459317,-0.038607460585237785,-0.21138639957828143,17139.0,14463.166666666666,0.8728630608553591,1.0343516288502979,12.479999542236328,16.72,-596.7822953786867,11.896101973124669,-0.0644698228597419,-0.12097273649297835,-30720.0,11616.0,3304660.0,9.89
2024-07-08,15110.0,16150.0,15110.0,15810.0,802075,528319260180.0,0.05681818181818188,-0.001561709133657052,0.05837989095183893,-0.1665788086452292,17072.5,14536.666666666666,0.9260506662761752,1.0875945883971567,12.369999885559082,16.81,-596.7822953786867,11.896101973124669,0.04306892098999637,-0.020998261450635103,30461.0,-14140.0,3292490.0,9.85
2024-07-09,15810.0,15960.0,15370.0,15370.0,376549,513615877860.0,-0.027830487033523088,0.003366228449555475,-0.031196715483078563,-0.18977332630469151,16981.5,14606.5,0.9051026116656361,1.0522712491014274,12.510000228881836,16.28,-596.7822953786867,11.896101973124669,-0.011424285116477417,-0.03728664739098153,14068.0,-74477.0,3216303.0,9.62
2024-07-10,15410.0,15540.0,14910.0,14940.0,366366,499246663320.0,-0.02797657774886142,0.00021277523272456023,-0.02818935298158598,-0.21244069583552966,16856.5,14668.833333333334,0.8863049862071011,1.0184859054912343,12.850000381469727,16.08,-596.7822953786867,11.896101973124669,-0.0010061775128256123,-0.01631714747466817,3448.0,-2316.0,3216235.0,9.62
2024-07-11,15050.0,15330.0,14730.0,15030.0,360569,502254173340.0,0.006024096385542244,0.008145114697546862,-0.002121018312004619,-0.20769636267791228,16760.5,14732.833333333334,0.8967512902359714,1.020170367772662,12.920000076293945,16.12,-596.7822953786867,11.896101973124669,-0.06150708677666916,-0.041734656410068016,-10044.0,-469.0,3215480.0,9.62
2024-07-12,14790.0,14860.0,13750.0,13760.0,1153694,459814865280.0,-0.08449767132401864,-0.0118802969187628,-0.07261737440525584,-0.2746441750131785,16603.5,14774.0,0.8287409281175656,0.9313659130905645,12.460000038146973,16.44,-596.7822953786867,11.896101973124669,-0.10292774569884644,-0.07574457023008607,-163787.0,77529.0,3292191.0,9.85
2024-07-15,13950.0,13950.0,13540.0,13860.0,487066,463156543080.0,0.007267441860465018,0.0013720412583129171,0.005895400602152101,-0.2693726937269372,16456.0,14828.666666666666,0.8422459893048129,0.9346760778671942,13.119999885559082,16.47,-596.7822953786867,11.896101973124669,-0.06884299211510836,-0.1282290605797729,-138843.0,119232.0,3410353.0,10.21
2024-07-16,13800.0,14110.0,13670.0,14110.0,363913,471510737580.0,0.018037518037518074,0.0018071690773633353,0.01623034896015474,-0.25619399051133357,16253.5,14882.166666666666,0.8681207124619312,0.9481146338458782,13.1899995803833,16.34,-596.7822953786867,11.896101973124669,-0.050491624842949,-0.0808019961365396,-65666.0,19153.0,3431201.0,10.27
2024-07-17,14260.0,14600.0,13660.0,13660.0,465771,456473187480.0,-0.03189227498228209,-0.007955105432469245,-0.023937169549812842,-0.27991565629942006,16001.5,14916.666666666666,0.8536699684404587,0.9157541899441342,14.479999542236328,16.53,-596.7822953786867,11.896101973124669,-0.0018114199875060022,-0.07654981270476646,9881.0,3425.0,3433853.0,10.28
2024-07-18,13190.0,13950.0,13060.0,13900.0,429236,464493214200.0,0.017569546120058455,-0.006661276600713917,0.02423082272077237,-0.2672641012124407,15791.5,14970.5,0.8802203717189627,0.9284927023145519,15.930000305175781,16.79,-596.7822953786867,11.896101973124669,0.016524002131114268,-0.05019797167198947,-4699.0,52614.0,3488111.0,10.44
2024-07-19,13820.0,14150.0,13680.0,13830.0,238323,462154039740.0,-0.005035971223021574,-0.010228950278764692,0.005192979055743119,-0.27095413811280966,15534.5,15031.5,0.8902764813801538,0.9200678574992516,16.520000457763672,17.27,-596.7822953786867,11.896101973124669,0.005486632226702648,0.027612381789009488,15262.0,-38206.0,3449473.0,10.32
2024-07-22,13740.0,13800.0,13080.0,13190.0,439053,440767301820.0,-0.0462762111352133,-0.011429228684484594,-0.0348469824507287,-0.30469161834475483,15245.5,15088.0,0.8651733298350333,0.874204665959703,14.90999984741211,18.39,-596.7822953786867,11.896101973124669,-0.005423180674213213,-0.013130001263871316,-76759.0,151344.0,3470227.0,10.38
2024-07-23,13350.0,13440.0,12000.0,12540.0,1513520,419046396120.0,-0.04927975739196366,0.003900846842884942,-0.053180604234848605,-0.3389562467053242,14945.0,15127.833333333334,0.8390766142522583,0.8289356263840382,14.720000267028809,17.47,-596.7822953786867,11.896101973124669,-0.08283460762983419,-0.08254095445887466,-275048.0,326051.0,3796864.0,11.36
2024-07-24,12760.0,13140.0,12550.0,12750.0,664529,426063919500.0,0.01674641148325362,-0.005615879344131214,0.022362290827384834,-0.3278861360042172,14688.5,15172.5,0.8680260067399667,0.8403361344537815,18.040000915527344,17.42,-596.7822953786867,11.896101973124669,-0.06566529585819247,-0.036241494081676984,-165060.0,68391.0,3993365.0,11.95
2024-07-25,12290.0,12510.0,12040.0,12350.0,548946,412697208300.0,-0.03137254901960784,-0.01742120747532938,-0.013951341544278462,-0.34897206114918294,14411.5,15201.666666666666,0.8569545154911009,0.812410919855279,18.459999084472656,18.77,-596.7822953786867,11.896101973124669,-0.04476965495174223,-0.07442365834672782,-136287.0,157713.0,4150644.0,12.42
2024-07-26,12260.0,12440.0,12130.0,12230.0,264962,408687194940.0,-0.009716599190283448,0.007839448385284387,-0.017556047575567835,-0.3552978386926727,14195.5,15224.5,0.8615406290725934,0.8033104535452724,16.389999389648438,17.98,-596.7822953786867,11.896101973124669,-0.009145098292461462,-0.09717268497803877,-19231.0,8540.0,4158746.0,12.45
2024-07-29,12230.0,12390.0,12100.0,12320.0,246547,411694704960.0,0.007358953393295176,0.012310160750865329,-0.004951207357570153,-0.35055350553505543,14016.5,15251.166666666666,0.8789640780508686,0.8078070530123379,16.600000381469727,17.51,-596.7822953786867,11.896101973124669,-0.03645859647741645,-0.06727690988488022,-36744.0,12335.0,3889017.0,11.64
2024-07-30,12270.0,12800.0,11970.0,12180.0,528569,407016356040.0,-0.011363636363636354,-0.009886020980063637,-0.0014776153835727168,-0.3579335793357934,13849.0,15273.5,0.8794858834572893,0.7974596523390186,17.690000534057617,17.78,-596.7822953786867,11.896101973124669,-0.023984870316710705,-0.015573921033604332,-144199.0,50684.0,3938178.0,11.79
2024-07-31,12010.0,12480.0,11780.0,12410.0,327478,414702214980.0,0.018883415435139606,0.011869154695422157,0.007014260739717448,-0.34580917237743813,13727.5,15307.333333333334,0.9040247678018576,0.8107225295065545,16.360000610351562,17.51,-596.7822953786867,11.896101973124669,0.0005854379985745783,-0.030921951121271718,-9777.0,43165.0,3978416.0,11.91
2024-08-01,12750.0,12840.0,12220.0,12280.0,379740,410358033840.0,-0.010475423045930743,0.0025228338003158157,-0.012998256846246559,-0.35266209804955206,13574.0,15289.833333333334,0.9046706939737734,0.8031480613479545,18.59000015258789,17.12,-596.7822953786867,11.896101973124669,-0.007461611490101827,-0.029968866423239815,13523.0,-35665.0,3943094.0,11.8
2024-08-02,11800.0,11930.0,11040.0,11070.0,720320,369923732460.0,-0.09853420195439744,-0.03653768351000408,-0.061996518444393356,-0.4164470216130734,13379.5,15252.666666666666,0.8273851788183415,0.7257747279164299,23.389999389648438,21.77,-596.7822953786867,11.896101973124669,-0.06798051455092247,-0.07440933729206534,-44996.0,71966.0,4013919.0,12.01
2024-08-05,10540.0,10740.0,8400.0,9220.0,1154697,308102693160.0,-0.16711833785004515,-0.08767684570805523,-0.07944149214198992,-0.51396942540854,13050.0,15195.833333333334,0.7065134099616859,0.6067452700850013,38.56999969482422,45.86,-596.7822953786867,11.896101973124669,-0.15443626743262984,-0.1488996220764851,-57655.0,154312.0,4450831.0,13.32
2024-08-06,9320.0,10000.0,9320.0,9810.0,714135,327818592180.0,0.06399132321041212,0.03301175560759462,0.030979567602817504,-0.48286768581971545,12772.0,15148.833333333334,0.7680864390854996,0.6475746207078653,27.709999084472656,43.08,-596.7822953786867,11.896101973124669,-0.11045844298356577,-0.11644243909009488,-2328.0,-7593.0,4443810.0,13.3
2024-08-07,9940.0,10440.0,9720.0,10170.0,490089,339848632260.0,0.03669724770642202,0.01834149894208781,0.018355748764334212,-0.46389035318924626,12533.5,15105.333333333334,0.8114253799816492,0.6732721334627946,27.850000381469727,30.17,-596.7822953786867,11.896101973124669,-0.030106175774838206,-0.10510095106547812,-4367.0,-52541.0,4390485.0,13.14
2024-08-08,9870.0,10300.0,9850.0,10130.0,315672,338511961140.0,-0.003933136676499527,-0.004547534093197969,0.0006143974166984423,-0.46599894570374284,12288.5,15058.5,0.8243479676119949,0.6727097652488627,23.790000915527344,29.02,-596.7822953786867,11.896101973124669,0.04994971378385016,-0.09148829680253312,-51841.0,-9108.0,4381843.0,13.11
2024-08-09,10540.0,10720.0,10190.0,10270.0,323418,343190310060.0,0.01382033563672258,0.012398630834713043,0.001421704802009538,-0.4586188719030048,12114.0,14988.0,0.8477794287601123,0.6852148385374967,20.3700008392334,26.53,-596.7822953786867,11.896101973124669,0.020391850983042192,-0.028070073556130226,-11555.0,-4720.0,4377124.0,13.1
2024-08-12,10270.0,10630.0,10270.0,10390.0,185723,347200323420.0,0.011684518013632017,0.011539859287814425,0.00014465872581759243,-0.4522930943595151,11940.5,14924.5,0.8701478162556007,0.6961707259874703,20.709999084472656,24.49,-596.7822953786867,11.896101973124669,0.0021807609445255727,0.05151607731167729,168.0,1260.0,4376391.0,13.1
2024-08-13,10590.0,11600.0,10360.0,10500.0,1944931,350876169000.0,0.010587102983638186,0.0012221483833785296,0.009364954600259656,-0.44649446494464945,11760.0,14853.5,0.8928571428571429,0.7069040966775507,18.1200008392334,23.64,-596.7822953786867,11.896101973124669,0.010931318128086787,0.02990146430911944,-2799.0,-344891.0,4030748.0,12.06
2024-08-14,10730.0,11230.0,10680.0,10960.0,619417,366247886880.0,0.04380952380952374,0.008773602899103672,0.03503592091042007,-0.42224565102793893,11625.0,14790.0,0.9427956989247311,0.7410412440838404,16.190000534057617,22.1,-596.7822953786867,11.896101973124669,0.04454553423649732,0.0465816364552053,-15087.0,43187.0,3811633.0,11.41
2024-08-16,11590.0,11860.0,11250.0,11320.0,760396,378277926960.0,0.03284671532846706,0.019939489683777678,0.01290722564468938,-0.4032683183974698,11496.0,14712.0,0.9846903270702854,0.7694399129961936,14.800000190734863,19.9,-596.7822953786867,11.896101973124669,0.05730810115536911,0.05887446468319624,-23629.0,-55620.0,3754661.0,11.24
2024-08-19,11450.0,11450.0,10900.0,10910.0,334813,364577047980.0,-0.03621908127208484,-0.008479022260793778,-0.027740059011291063,-0.42488139167105976,11350.0,14631.0,0.9612334801762115,0.7456769872189187,14.649999618530273,23.22,-596.7822953786867,11.896101973124669,0.020203087543818388,0.029712700869895636,-806.0,-193.0,3752967.0,11.23
2024-08-20,11150.0,12120.0,11120.0,11730.0,702165,391978805940.0,0.07516040329972506,0.008327141632430868,0.0668332616672942,-0.38165524512388,11277.0,14553.5,1.040170258047353,0.8059916858487649,15.880000114440918,21.03,-596.7822953786867,11.896101973124669,0.052000428300692514,0.09640130381137224,1599.0,32786.0,3789697.0,11.34
2024-08-21,11730.0,11840.0,11270.0,11310.0,315665,377943759180.0,-0.03580562659846542,0.001668749585800322,-0.037474376184265745,-0.403795466526094,11215.5,14446.0,1.0084258392403371,0.7829156860030458,16.270000457763672,21.18,-596.7822953786867,11.896101973124669,0.001618826471737389,0.04956197302684684,-5769.0,-65836.0,3722623.0,11.14
2024-08-22,11450.0,12590.0,10900.0,11020.0,1576740,368252893560.0,-0.02564102564102566,0.002421223468043854,-0.028062249109069515,-0.4190827622561941,11129.0,14342.0,0.9902057687123731,0.7683726119090782,17.549999237060547,21.16,-596.7822953786867,11.896101973124669,0.001296636373958937,-0.013536196992642746,-41726.0,-216245.0,3504425.0,10.49
2024-08-23,10810.0,11270.0,10730.0,11120.0,319561,371594571360.0,0.00907441016333932,-0.002208533773056409,0.011282943936395728,-0.4138112809699527,11067.5,14254.0,1.004743618703411,0.7801318928020204,15.859999656677246,21.28,-596.7822953786867,11.896101973124669,-0.05425368135693953,-0.015160478700936397,-1940.0,4451.0,3509390.0,10.5
2024-08-26,11400.0,11460.0,10890.0,11120.0,318590,371594571360.0,0.0,-0.0013620851098514741,0.0013620851098514741,-0.4138112809699527,11012.0,14170.833333333334,1.0098074827460952,0.7847103793002058,16.149999618530273,20.96,-596.7822953786867,11.896101973124669,-0.015417220062822312,0.01394166542020614,-8066.0,-53528.0,3456217.0,10.34
2024-08-27,10910.0,11110.0,10820.0,10910.0,139571,364577047980.0,-0.01888489208633093,-0.003246841091737118,-0.01563805099459381,-0.42488139167105976,10941.5,14077.333333333334,0.9971210528720925,0.7750047357454063,15.430000305175781,19.76,-596.7822953786867,11.896101973124669,-0.002993021948346608,-0.06852964724168187,-80.0,-16981.0,3446394.0,10.31
2024-08-28,11120.0,11310.0,10920.0,11120.0,260405,371594571360.0,0.019248395967002674,0.00021570256577119196,0.019032693401231482,-0.4138112809699528,10888.5,13993.5,1.0212609634017542,0.7946546610926501,17.110000610351562,19.38,-596.7822953786867,11.896101973124669,0.004756727516489145,-0.012022577656184641,5956.0,-4936.0,3451325.0,10.33
2024-08-29,10760.0,10800.0,10570.0,10680.0,293970,356891189040.0,-0.03956834532374098,-0.010242300824938821,-0.029326044498802162,-0.43700579862941513,10802.0,13904.833333333334,0.9887057952231069,0.7680782461733929,15.649999618530273,19.8,-596.7822953786867,11.896101973124669,-0.02593140209216449,-0.013286373045917288,-34473.0,488.0,3451551.0,10.33
2024-08-30,10810.0,11010.0,10760.0,10930.0,208172,365245383540.0,0.023408239700374533,0.004518694188624606,0.018889545511749928,-0.4238270954138115,10734.5,13828.333333333334,1.0182123061157948,0.7904061709051464,15.0,18.81,-596.7822953786867,11.896101973124669,0.008596194414179248,-0.005679771470563089,-46994.0,56053.0,3511314.0,10.51
2024-09-02,11080.0,11080.0,10730.0,10730.0,142142,358562027940.0,-0.018298261665141813,0.002501557882098382,-0.020799819547240195,-0.4343700579862944,10717.5,13745.333333333334,1.0011663167716351,0.7806285769715782,15.0,19.34,-596.7822953786867,11.896101973124669,-0.03123631853429243,-0.027841676127654758,-751.0,-43079.0,3467965.0,10.38
2024-09-03,10850.0,10860.0,10310.0,10310.0,244440,344526981180.0,-0.03914259086672878,-0.006105974333271202,-0.033036616533457575,-0.45651027938850836,10772.0,13631.5,0.9571110285926476,0.7563364266588416,20.719999313354492,19.73,-596.7822953786867,11.896101973124669,-0.03494689056894784,-0.04524024166651852,-66.0,-24748.0,3460031.0,10.35
2024-09-04,9600.0,9920.0,9590.0,9740.0,303769,325479417720.0,-0.05528612997090199,-0.03146021686730205,-0.02382591310359994,-0.4865577227200845,10768.5,13507.333333333334,0.904489947532154,0.7210897783919845,21.31999969482422,26.04,-596.7822953786867,11.896101973124669,-0.07766234918429771,-0.08809884817134994,61.0,-1783.0,3480673.0,10.42
2024-09-05,9750.0,9910.0,9390.0,9510.0,249423,317793558780.0,-0.02361396303901442,-0.002053645663301795,-0.021560317375712623,-0.4986821296784398,10735.5,13375.166666666666,0.8858460248707559,0.7110191773311236,19.899999618530273,25.5,-596.7822953786867,11.896101973124669,-0.07842284701277014,-0.0803331210482604,2111.0,-5193.0,3474378.0,10.4
2024-09-06,9430.0,9610.0,9100.0,9240.0,277706,308771028720.0,-0.028391167192429068,-0.012121906698941975,-0.016269260493487092,-0.5129151291512917,10691.0,13246.666666666666,0.8642783649798896,0.6975339708102668,22.3799991607666,26.81,-596.7822953786867,11.896101973124669,-0.061655490972799654,-0.11549192705349742,-52357.0,26795.0,3500270.0,10.47
2024-09-09,9030.0,9710.0,9010.0,9650.0,357553,322471907700.0,0.044372294372294396,-0.0032819098370070465,0.04765420420930144,-0.4913020558777018,10660.0,13125.833333333334,0.9052532833020638,0.7351914164180051,19.450000762939453,25.61,-596.7822953786867,11.896101973124669,0.009824626340101728,-0.047037903296955785,-70455.0,114405.0,3617378.0,10.83
2024-09-10,9790.0,9790.0,9520.0,9570.0,213899,319798565460.0,-0.00829015544041456,-0.004929158272095169,-0.0033609971683193907,-0.495519240906695,10619.0,13005.166666666666,0.901214803653828,0.73586138842255,19.079999923706055,23.84,-596.7822953786867,11.896101973124669,0.02802394654749496,-0.0173622839318176,-63211.0,14940.0,3631393.0,10.87
2024-09-11,9500.0,9950.0,9500.0,9750.0,225316,325813585500.0,0.018808777429467183,-0.0039865638141910464,0.02279534124365823,-0.4860305745914604,10581.5,12865.0,0.9214194584888721,0.757870190439176,17.690000534057617,24.06,-596.7822953786867,11.896101973124669,0.06708854828464028,0.029258970415440566,-6918.0,21244.0,3651612.0,10.93
2024-09-12,10100.0,10540.0,10000.0,10270.0,699071,343190310060.0,0.05333333333333323,0.023363041639419713,0.02997029169391352,-0.45861887190300493,10547.0,12724.5,0.9737366075661326,0.8071044048882078,17.06999969482422,21.73,-596.7822953786867,11.896101973124669,0.04940463576925236,0.08078957948506671,380719.0,-304490.0,3351540.0,10.03
2024-09-13,10200.0,10200.0,9790.0,9810.0,271555,327818592180.0,-0.0447906523855891,0.001290710708143461,-0.046081363093732564,-0.48286768581971556,10471.5,12586.333333333334,0.9368285345938977,0.7794168277761593,16.559999465942383,21.68,-596.7822953786867,11.896101973124669,0.006684269843839186,0.05097747688482124,2006.0,-79045.0,3282534.0,9.82
2024-09-19,9850.0,9860.0,9190.0,9360.0,341629,312781042080.0,-0.04587155963302747,0.0020929238073543743,-0.047964483440381844,-0.5065893516078019,10394.0,12426.166666666666,0.9005195304983644,0.7532491918934506,16.329999923706055,22.16,-596.7822953786867,11.896101973124669,-0.06407555484020089,-0.04464121076486205,5266.0,-57200.0,3239011.0,9.69
2024-09-20,9600.0,9700.0,9230.0,9250.0,325811,309105196500.0,-0.01175213675213671,0.004870609160551931,-0.01662274591268864,-0.5123879810226676,10270.0,12264.166666666666,0.9006815968841285,0.7542298022694843,16.149999618530273,21.0,-596.7822953786867,11.896101973124669,-0.11066859244680305,-0.0579029595092313,-27761.0,-32690.0,3204768.0,9.59
2024-09-23,9250.0,10420.0,9160.0,9960.0,773111,332831108880.0,0.07675675675675686,0.0033315308605061933,0.07342522589625067,-0.4749604638903533,10202.5,12121.0,0.9762313158539574,0.82171438000165,15.890000343322754,21.49,-596.7822953786867,11.896101973124669,0.008837996543180182,-0.0072730748566388614,21460.0,117777.0,3330242.0,9.97
2024-09-24,9910.0,10100.0,9750.0,9920.0,199009,331494437760.0,-0.004016064257028162,0.011402693211649995,-0.015418757468678157,-0.47706905640484987,10147.5,11988.333333333334,0.9775806848977581,0.8274711525093841,15.390000343322754,22.26,-596.7822953786867,11.896101973124669,0.04138372251488387,-0.05266212401923054,10465.0,-27717.0,3301345.0,9.88
2024-09-25,10070.0,10220.0,9920.0,9930.0,226011,331828605540.0,0.0010080645161290036,-0.013436232444576257,0.01444429696070526,-0.4765419082762257,10088.0,11855.666666666666,0.9843378271213322,0.837574155818596,15.40999984741211,23.91,-596.7822953786867,11.896101973124669,0.07245076538827777,0.007863536035207286,25170.0,-4412.0,3297590.0,9.87
2024-09-26,10260.0,10550.0,10120.0,10400.0,450621,347534491200.0,0.04733131923464251,0.028983329488937226,0.018347989745705284,-0.451765946230891,10052.0,11753.166666666666,1.0346199761241544,0.8848679079397043,15.369999885559082,25.63,-596.7822953786867,11.896101973124669,0.017373529237732388,0.07417600922129441,16672.0,-39447.0,3260126.0,9.76
2024-09-27,10410.0,10510.0,10120.0,10330.0,213927,345195316740.0,-0.006730769230769207,-0.008156267103217485,0.001425497872448278,-0.45545598313125996,10023.0,11660.333333333334,1.0306295520303301,0.885909493725165,16.959999084472656,25.4,-596.7822953786867,11.896101973124669,0.03421778457885882,0.09222425300643133,13748.0,-14275.0,3245501.0,9.71
2024-09-30,10330.0,10330.0,10010.0,10020.0,119925,334836115560.0,-0.030009680542110395,-0.021326302236725714,-0.008683378305384681,-0.4717975751186084,9968.0,11568.5,1.0052166934189406,0.8661451354972555,16.729999542236328,25.44,-348.6567684053801,0.4234175305329873,0.011090109312768881,0.010115648804795985,-22.0,-12641.0,3232285.0,9.67
2024-10-02,9750.0,9950.0,9650.0,9750.0,149724,325813585500.0,-0.026946107784431184,-0.012177705324611043,-0.01476840245982014,-0.4860305745914604,9921.5,11483.666666666666,0.9827143073124024,0.8490319584337175,18.899999618530273,25.89,-348.6567684053801,0.4234175305329873,-0.022026282892756543,0.010766003813654001,1170.0,-11083.0,3219876.0,9.64
2024-10-04,9820.0,10220.0,9790.0,9920.0,199254,331494437760.0,0.017435897435897463,0.0031307534146178817,0.014305144021279581,-0.47706905640484987,9871.0,11393.166666666666,1.0049640360652417,0.8706973478254509,19.209999084472656,25.84,-348.6567684053801,0.4234175305329873,-0.00914663674392524,0.010626850874228322,20534.0,18363.0,3236939.0,9.69
2024-10-07,10050.0,10320.0,9830.0,10280.0,169121,343524477840.0,0.03629032258064524,0.015826658452988474,0.020463664127656767,-0.4580917237743807,9848.5,11315.166666666666,1.0438137787480326,0.9085151198244245,22.639999389648438,25.41,-348.6567684053801,0.4234175305329873,0.020000405689116207,0.012742525256179804,10193.0,4837.0,3243876.0,9.71
2024-10-08,10120.0,10320.0,9980.0,10010.0,128450,334501947780.0,-0.026264591439688734,-0.006136951750242869,-0.020127639689445864,-0.4723247232472326,9833.5,11218.5,1.0179488483246046,0.8922761510005794,21.420000076293945,25.62,-348.6567684053801,0.4234175305329873,0.014641168459490483,-0.008810612305714338,1193.0,-16320.0,3225784.0,9.65
2024-10-10,10110.0,10220.0,9780.0,9780.0,216534,326816088840.0,-0.022977022977022976,0.0018500919258543913,-0.024827114902877367,-0.4844491302055879,9835.5,11125.333333333334,0.9943571755375934,0.8790747842761265,20.93000030517578,23.27,-348.6567684053801,0.4234175305329873,-0.024491090464666465,-0.024954348903207024,19835.0,-37782.0,3186196.0,9.53
2024-10-11,9810.0,10490.0,9810.0,10300.0,365655,344192813400.0,0.053169734151329306,-0.000865664320812809,0.054035398472142115,-0.45703742751713233,9875.0,11048.0,1.0430379746835443,0.9322954380883418,20.459999084472656,21.99,-348.6567684053801,0.4234175305329873,0.009080643879818884,0.04384945202875523,28026.0,71478.0,3265168.0,9.77
2024-10-14,10300.0,10780.0,10220.0,10300.0,313853,344192813400.0,0.0,0.010158275737681466,-0.010158275737681466,-0.45703742751713233,9928.0,10969.166666666666,1.0374697824335213,0.9389956696801641,19.700000762939453,21.81,-348.6567684053801,0.4234175305329873,0.019050007831583282,0.019386032269794184,22010.0,-66307.0,3197759.0,9.57
2024-10-15,10790.0,11010.0,10550.0,10600.0,449019,354217846800.0,0.029126213592232997,0.0038729656111551325,0.025253247981077864,-0.441222983658408,9975.5,10916.5,1.062603378276778,0.9710071909494802,20.639999389648438,21.24,-348.6567684053801,0.4234175305329873,0.06913037071553851,0.024175616123215282,38773.0,-34274.0,3161919.0,9.46
2024-10-16,10140.0,10730.0,10070.0,10580.0,266856,353549511240.0,-0.0018867924528301883,-0.008767906805946746,0.0068811143531165575,-0.44227727991565635,10026.0,10861.833333333334,1.0552563335328147,0.9740528762793267,19.579999923706055,21.65,-348.6567684053801,0.4234175305329873,0.021976086596512956,0.051184370165777704,16359.0,1539.0,3165133.0,9.47
2024-10-17,10590.0,10900.0,10320.0,10810.0,245856,361235370180.0,0.021739130434782705,-0.00040609668786162345,0.02214522712264433,-0.430152872957301,10079.0,10806.833333333334,1.0725270364123425,1.0002930244752548,19.110000610351562,21.09,-348.6567684053801,0.4234175305329873,0.05427958945683875,0.0981567121912994,21176.0,-23436.0,3142634.0,9.4
2024-10-18,11040.0,11040.0,10380.0,10400.0,343021,347534491200.0,-0.037927844588344084,-0.005932618012137847,-0.03199522657620624,-0.4517659462308908,10085.5,10752.5,1.0311833820831888,0.9672169262962101,18.030000686645508,20.75,-348.6567684053801,0.4234175305329873,-0.002968885100445351,0.012126087142951048,27119.0,-69607.0,3073121.0,9.2
2024-10-21,10520.0,10890.0,10260.0,10850.0,269036,362572041300.0,0.04326923076923084,0.0042793459928180955,0.03898988477641274,-0.4280442804428043,10137.5,10701.666666666666,1.0702836004932184,1.0138607693505686,18.3700008392334,20.9,-348.6567684053801,0.4234175305329873,0.029139885322850834,0.061274247657045255,19933.0,42269.0,3115342.0,9.32
2024-10-22,10900.0,10990.0,10300.0,10300.0,308188,344192813400.0,-0.05069124423963134,-0.013136668968500853,-0.037554575271130486,-0.4570374275171322,10184.5,10642.833333333334,1.0113407629240512,0.967787399971812,18.200000762939453,21.7,-348.6567684053801,0.4234175305329873,-0.03055991707092398,-0.0015335755951630947,-39268.0,-62595.0,3052189.0,9.13
2024-10-23,10390.0,10620.0,10240.0,10540.0,221671,352212840120.0,0.023300970873786353,0.011249918918947222,0.012051051954839131,-0.4443858724301528,10249.0,10598.666666666666,1.0283930139525808,0.9944647125424583,19.239999771118164,21.54,-348.6567684053801,0.4234175305329873,0.013486361460121388,0.0036363620065594793,-2438.0,26686.0,3094895.0,9.26
2024-10-24,10450.0,10450.0,10010.0,10070.0,267303,336506954460.0,-0.044592030360531276,-0.00715107863941955,-0.037440951721111726,-0.4691618344754875,10254.5,10557.5,0.9820078989711833,0.9538242955245086,19.079999923706055,22.09,-348.6567684053801,0.4234175305329873,-0.06294447503740308,-0.055949816837196575,804.0,-29634.0,3065553.0,9.17
2024-10-25,10080.0,10170.0,9720.0,9780.0,254190,326816088840.0,-0.028798411122144985,0.0008678667853334598,-0.029666277907478444,-0.48444913020558766,10247.5,10508.0,0.9543791168577702,0.9307194518462124,20.329999923706055,22.12,-348.6567684053801,0.4234175305329873,-0.05505617767375104,-0.05362086816846878,-8862.0,42259.0,3115666.0,9.32
2024-10-28,9720.0,10220.0,9720.0,10180.0,169902,340182800040.0,0.04089979550102241,0.011287984565649944,0.029611810935372462,-0.463363205060622,10260.0,10471.833333333334,0.9922027290448343,0.9721315910935684,19.799999237060547,21.92,-348.6567684053801,0.4234175305329873,-0.03749541869321771,-0.06299894200950906,-481.0,48760.0,3167572.0,9.48
2024-10-29,10120.0,10120.0,9810.0,9870.0,256238,329823598860.0,-0.03045186640471509,0.0020556023809326085,-0.0325074687856477,-0.47970479704797037,10233.5,10432.5,0.9644794058728685,0.9460819554277499,19.34000015258789,21.44,-348.6567684053801,0.4234175305329873,-0.03256193575775368,-0.057951835524026274,-554.0,3559.0,3167561.0,9.48
2024-10-30,9900.0,9960.0,9370.0,9490.0,350810,317125223220.0,-0.03850050658561299,-0.009171827228123597,-0.029328679357489396,-0.4997364259356878,10191.5,10385.333333333334,0.9311681303046656,0.913788676338426,20.350000381469727,21.55,-348.6567684053801,0.4234175305329873,-0.03222433720776463,-0.0993315668363548,-1944.0,-57380.0,3108801.0,9.3
2024-10-31,9410.0,9790.0,9380.0,9600.0,217814,320801068800.0,0.011591148577450028,-0.014511635927306865,0.026102784504756893,-0.4939377965208222,10170.5,10342.333333333334,0.9439063959490683,0.9282238050730008,23.15999984741211,22.65,-348.6567684053801,0.4234175305329873,-0.0357333636383802,-0.03578783061048618,-806.0,71180.0,3179949.0,9.52
2024-11-01,9420.0,9620.0,9360.0,9360.0,134156,312781042080.0,-0.025000000000000022,-0.005394752048473728,-0.019605247951526295,-0.5065893516078016,10151.0,10291.5,0.922076642695301,0.9094884127678181,21.8799991607666,22.95,-348.6567684053801,0.4234175305329873,-0.022831142804258797,-0.025726800654534032,-2195.0,-13155.0,3166389.0,9.48
2024-11-04,9380.0,9620.0,9180.0,9470.0,159810,316456887660.0,0.01175213675213671,0.018333305004740508,-0.006581168252603797,-0.5007907221929361,10128.5,10244.666666666666,0.934985437132843,0.924383419014772,21.979999542236328,22.83,-348.6567684053801,0.4234175305329873,-8.363169937319892e-05,-0.06191977984251029,-1227.0,10923.0,3178056.0,9.51
2024-11-05,9530.0,9640.0,9410.0,9530.0,86676,318461894340.0,0.006335797254487963,-0.004669844775117893,0.011005642029605855,-0.49762783342119116,10091.0,10219.0,0.9444059062530968,0.9325765730502006,20.489999771118164,22.52,-348.6567684053801,0.4234175305329873,-0.015180774174524236,-0.01840666902725674,-426.0,-22113.0,3155868.0,9.44
2024-11-06,9630.0,9700.0,9110.0,9130.0,226711,305095183140.0,-0.04197271773347322,-0.00518839591090392,-0.0367843218225693,-0.5187137585661569,10047.0,10217.5,0.9087289738230317,0.8935649620748716,16.270000457763672,20.72,-348.6567684053801,0.4234175305329873,-0.03235984804556724,-0.025862311492336643,-2613.0,-29327.0,3129542.0,9.37
2024-11-07,9140.0,9220.0,8880.0,9130.0,259508,305095183140.0,0.0,0.0004368514429859971,-0.0004368514429859971,-0.5187137585661569,10014.5,10206.166666666666,0.9116780668031355,0.8945572121429856,15.199999809265137,19.77,-348.6567684053801,0.4234175305329873,-0.02621553123594944,-0.05240194744007953,-17473.0,70047.0,3199457.0,9.57
2024-11-08,9090.0,9270.0,9020.0,9110.0,144961,304426847580.0,-0.0021905805038334725,-0.0013569133277561152,-0.0008336671760773573,-0.5197680548234052,9955.0,10188.5,0.9151180311401306,0.894145359964666,14.9399995803833,19.03,-348.6567684053801,0.4234175305329873,-0.038054840441632654,-0.033630366664630595,7551.0,-12419.0,3188073.0,9.54
2024-11-11,9080.0,9130.0,8670.0,8670.0,266788,289723465260.0,-0.04829857299670692,-0.011514355410196075,-0.03678421758651085,-0.5429625724828675,9873.5,10164.166666666666,0.8781080670481592,0.8529966385176684,14.970000267028809,19.82,-348.6567684053801,0.4234175305329873,-0.0380547362055742,-0.06383341599853765,10548.0,-26555.0,3161783.0,9.46
2024-11-12,8720.0,8720.0,8060.0,8190.0,382275,273683411820.0,-0.05536332179930792,-0.019390378429264832,-0.03597294337004309,-0.5682656826568263,9753.0,10129.5,0.8397416179637035,0.8085295424255886,14.710000038146973,21.62,-348.6567684053801,0.4234175305329873,-0.07359082813263129,-0.11081200139818659,-70705.0,78129.0,3239798.0,9.7
2024-11-13,8070.0,8330.0,7850.0,7850.0,249890,262321707300.0,-0.04151404151404148,-0.02637991614780666,-0.015134125366234819,-0.5861887190300472,9616.5,10087.166666666666,0.8163053085842042,0.7782165457759861,14.020000457763672,24.86,-348.6567684053801,0.4234175305329873,-0.08789128632278875,-0.08916180494185211,-44857.0,44785.0,3284591.0,9.83
2024-11-14,7820.0,7950.0,7400.0,7400.0,530295,247284157200.0,-0.0573248407643312,0.0007364378669059146,-0.05806127863123711,-0.6099103848181336,9446.0,10035.5,0.7834003811136989,0.7373822928603457,14.3100004196167,23.41,-348.6567684053801,0.4234175305329873,-0.10916834736751502,-0.14678623213010322,-148357.0,116238.0,3400543.0,10.18
2024-11-15,7390.0,7830.0,7370.0,7790.0,251093,260316700620.0,0.05270270270270272,-0.0008268357454254138,0.05352953844812813,-0.5893516078017921,9315.5,9982.666666666666,0.8362406741452418,0.7803526111927341,16.139999389648438,21.74,-348.6567684053801,0.4234175305329873,-0.019665865549343797,-0.09242302650589773,6302.0,-441.0,3400672.0,10.18
2024-11-18,8130.0,8310.0,7940.0,8090.0,421309,270341734020.0,0.038510911424903815,0.021602392615596377,0.016908518809307438,-0.5735371639430678,9177.5,9928.833333333334,0.8815036774720785,0.8147986503953133,15.579999923706055,21.09,-348.6567684053801,0.4234175305329873,0.01237677862619846,-0.038730290110079446,10131.0,-31165.0,3369517.0,10.08
2024-11-19,8170.0,8510.0,8030.0,8360.0,322579,279364264080.0,0.03337453646477129,0.0011663835908932718,0.032208152873878015,-0.5593041644702158,9080.5,9886.333333333334,0.9206541490006057,0.8456117873158231,16.350000381469727,20.01,-348.6567684053801,0.4234175305329873,0.10264621013131359,0.029450806133841656,732.0,-28874.0,3340663.0,10.0
2024-11-20,8380.0,8380.0,8070.0,8100.0,172992,270675901800.0,-0.031100478468899517,0.0041829681404848,-0.03528344660938432,-0.5730100158144436,8958.5,9825.833333333334,0.9041692247586092,0.8243575608514968,17.15999984741211,19.93,-348.6567684053801,0.4234175305329873,0.013833225073801136,0.009301484890692158,-145.0,-44052.0,3296610.0,9.87
2024-11-21,8210.0,8270.0,8090.0,8180.0,119653,273349244040.0,0.009876543209876631,-0.0006688002706674023,0.010545343480544034,-0.5687928307854504,8864.0,9773.666666666666,0.9228339350180506,0.8369428054977661,16.8700008392334,19.46,-348.6567684053801,0.4234175305329873,0.007470049745037732,0.0779081070024733,-812.0,-3206.0,3293404.0,9.86
2024-11-22,8180.0,8380.0,8150.0,8170.0,159954,273015076260.0,-0.0012224938875305957,0.008308416972913069,-0.009530910860443664,-0.5693199789140746,8783.5,9726.166666666666,0.9301531280241362,0.8400020563085834,15.239999771118164,18.91,-348.6567684053801,0.4234175305329873,-0.03426901398928395,0.014847657693901506,-45914.0,8986.0,3302390.0,9.88
2024-11-25,8210.0,8440.0,8180.0,8350.0,157319,279030096300.0,0.022031823745410017,0.01323347531043928,0.008798348434970737,-0.5598313125988399,8692.0,9680.0,0.9606534744592728,0.862603305785124,14.600000381469727,18.59,-348.6567684053801,0.4234175305329873,0.009812781055071107,0.0067374873195648055,1606.0,28364.0,3331054.0,9.97
2024-11-26,8360.0,8430.0,8270.0,8390.0,102552,280366767420.0,0.004790419161676551,-0.005516221179449388,0.010306640341125939,-0.5577227200843434,8618.0,9634.5,0.9735437456486423,0.8708287923607868,14.100000381469727,18.5,-348.6567684053801,0.4234175305329873,0.009574077915653012,-0.015164025213187271,-775.0,3335.0,3334339.0,9.98
2024-11-27,8400.0,8410.0,8050.0,8050.0,164907,269005062900.0,-0.040524433849821184,-0.006864117860451935,-0.03366031598936925,-0.5756457564575642,8546.0,9586.833333333334,0.9419611514158671,0.8396933293927434,14.100000381469727,18.2,-348.6567684053801,0.4234175305329873,-0.014555327213272573,-0.013540894593172204,368.0,-36661.0,3297078.0,9.87
2024-11-28,8050.0,8290.0,8010.0,8160.0,98214,272680908480.0,0.013664596273291973,0.0006431580719459262,0.013021438201346047,-0.5698471270426986,8474.0,9537.5,0.9629454802926599,0.855570117955439,14.100000381469727,17.72,-348.6567684053801,0.4234175305329873,-0.010332237446897263,-0.01106479987237019,1850.0,4721.0,3301799.0,9.88
2024-11-29,8160.0,8180.0,7750.0,7910.0,250200,264326713980.0,-0.030637254901960786,-0.019467638965027012,-0.011169615936933774,-0.5830258302583023,8401.5,9491.333333333334,0.9414985419270369,0.83339186626396,13.510000228881836,19.34,-348.6567684053801,0.4234175305329873,-0.03180849372495698,-0.0127035049488603,-19276.0,-15832.0,3285967.0,9.83
2024-12-02,7940.0,7990.0,7590.0,7620.0,195239,254635848360.0,-0.036662452591656125,-0.0005822410804136036,-0.03608021151124252,-0.5983131259884025,8309.0,9436.166666666666,0.9170778673727283,0.8075313068512991,13.34000015258789,19.94,-348.6567684053801,0.4234175305329873,-0.03422838924683025,-0.05758206489507356,-19264.0,33503.0,3319470.0,9.93
2024-12-03,7580.0,7910.0,7580.0,7890.0,105152,263658378420.0,0.03543307086614167,0.018586469456062682,0.016846601410078987,-0.5840801265155505,8227.0,9388.833333333334,0.9590373161541267,0.84036000213019,13.300000190734863,19.07,-348.6567684053801,0.4234175305329873,-0.03040322603809731,-0.05104210382612051,-5678.0,37886.0,3357416.0,10.05
2024-12-04,7600.0,7800.0,7530.0,7650.0,217936,255638351700.0,-0.03041825095057038,-0.014439460920021796,-0.015978790030548584,-0.59673168160253,8153.0,9344.5,0.9383049184349319,0.8186633848788057,13.449999809265137,21.34,-348.6567684053801,0.4234175305329873,-0.03521240013171212,-0.033360577867299845,-1360.0,-5229.0,3352187.0,10.03
2024-12-05,7670.0,7850.0,7500.0,7670.0,120040,256306687260.0,0.002614379084967311,-0.00898940841872975,0.01160378750369706,-0.5956773853452817,8080.0,9310.0,0.9492574257425742,0.8238453276047261,13.539999961853027,20.73,-348.6567684053801,0.4234175305329873,0.012471598883227464,-0.03477822856494883,888.0,13353.0,3365240.0,10.07
2024-12-06,7660.0,7660.0,7080.0,7430.0,224627,248286660540.0,-0.0312907431551499,-0.005606480741801145,-0.025684262413348757,-0.6083289404322612,7996.0,9275.333333333334,0.9292146073036518,0.8010493782793071,12.770000457763672,22.0,-348.6567684053801,0.4234175305329873,-0.03005926494020028,-0.049292875041363815,-1074.0,-9150.0,3356390.0,10.04
2024-12-09,7200.0,8580.0,6980.0,7070.0,2304620,236256620460.0,-0.048452220726783346,-0.027831706489902297,-0.02062051423688105,-0.6273062730627303,7916.0,9239.166666666666,0.8931278423446185,0.7652205285469469,14.1899995803833,23.45,-348.6567684053801,0.4234175305329873,-0.034700989146532746,-0.03383317776700234,-53033.0,-284269.0,3070745.0,9.19
2024-12-10,7030.0,7470.0,7000.0,7400.0,292476,247284157200.0,0.04667609618104662,0.02425675379379899,0.02241934238724763,-0.6099103848181336,7876.5,9201.666666666666,0.9395035866184219,0.8042021372939685,14.180000305175781,21.62,-348.6567684053801,0.4234175305329873,-0.023885434262982175,-0.0282604367898337,1375.0,145753.0,3234218.0,9.68
2024-12-11,7380.0,8050.0,7350.0,7900.0,337891,263992546200.0,0.06756756756756754,0.010203289290534823,0.05736427827703272,-0.5835529783869264,7879.0,9173.833333333334,1.0026653128569616,0.8611449230601529,13.579999923706055,20.6,-348.6567684053801,0.4234175305329873,0.059163106427399303,0.04508263151774761,-8113.0,86472.0,3321340.0,9.94
2024-12-12,8020.0,8200.0,7850.0,7960.0,192473,265997552880.0,0.0075949367088608,0.016216968308627733,-0.008622031599766933,-0.5803900896151816,7907.0,9144.0,1.0067029214619958,0.8705161854768154,13.920000076293945,19.91,-348.6567684053801,0.4234175305329873,0.07116158906451342,0.024856812414283613,-7668.0,17958.0,3339298.0,9.99
2024-12-13,7910.0,8150.0,7800.0,8120.0,159351,271344237360.0,0.0201005025125629,0.00497149338766989,0.015129009124893011,-0.5719557195571953,7923.5,9108.166666666666,1.0247996466208116,0.8915076213654414,13.8100004196167,19.49,-348.6567684053801,0.4234175305329873,0.0638712558021588,0.06567008395252538,244.0,-14240.0,3325058.0,9.95
2024-12-16,8270.0,8410.0,8230.0,8310.0,173641,277693425180.0,0.023399014778325178,-0.002200873263290104,0.025599888041615282,-0.5619399051133366,7934.5,9083.166666666666,1.0473249732182242,0.9148791720949009,14.6899995803833,18.88,-348.6567684053801,0.4234175305329873,0.03210686556674136,0.11189048623102171,-2564.0,2498.0,3327556.0,9.96
2024-12-17,8310.0,8590.0,8210.0,8400.0,161492,280700935200.0,0.010830324909747224,-0.012920972325065838,0.023751297234813062,-0.5571955719557192,7936.5,9067.166666666666,1.0584010584010584,0.9264194989246917,15.869999885559082,18.36,-348.6567684053801,0.4234175305329873,0.06448019440132136,0.11322244107858714,1850.0,18418.0,3345674.0,10.01
2024-12-18,8350.0,8420.0,8210.0,8380.0,127257,280032599640.0,-0.0023809523809523725,0.01124216866104999,-0.013623121042002362,-0.5582498682129675,7950.5,9052.666666666666,1.0540217596377586,0.9256940864570293,27.6200008392334,17.96,-348.6567684053801,0.4234175305329873,0.03572806423442598,0.04223504175955206,9703.0,4884.0,3350458.0,10.03
2024-12-19,8180.0,8230.0,7990.0,8050.0,128818,269005062900.0,-0.039379474940334114,-0.019521580939886873,-0.01985789400044724,-0.5756457564575642,7944.0,9020.833333333334,1.0133434038267874,0.892378752886836,24.09000015258789,20.3,-348.6567684053801,0.4234175305329873,-0.00972971780763654,0.030999179358871753,-1418.0,3508.0,3353966.0,10.04
2024-12-20,8060.0,8070.0,7750.0,7800.0,156769,260650868400.0,-0.03105590062111796,-0.013046364299760804,-0.018009536321357156,-0.5888244596731678,7925.5,8985.5,0.9841650369061888,0.8680652161816259,18.360000610351562,21.45,-348.6567684053801,0.4234175305329873,-0.05149055136380676,-0.0021393660873784137,9812.0,1474.0,3355440.0,10.04
2024-12-23,7910.0,8150.0,7910.0,8090.0,99943,270341734020.0,0.03717948717948727,0.015747814803463767,0.021431672376023503,-0.5735371639430675,7912.5,8954.833333333334,1.022432859399684,0.903422732602505,16.780000686645508,20.07,-348.6567684053801,0.4234175305329873,-0.016435757945780893,-0.006307581752970193,323.0,22217.0,3377657.0,10.11
2024-12-24,8160.0,8200.0,7890.0,7940.0,118691,265329217320.0,-0.018541409147095234,-0.0006101491101250245,-0.01793126003697021,-0.5814443858724299,7890.0,8913.833333333334,1.0063371356147022,0.8907503318811585,14.270000457763672,20.02,-348.6567684053801,0.4234175305329873,-0.014509123982303862,-0.047990139024753464,-1349.0,-2587.0,3375044.0,10.1
2024-12-26,8290.0,8290.0,8030.0,8100.0,182243,270675901800.0,0.02015113350125941,-0.00444581383042042,0.02459694733167983,-0.5730100158144434,7892.5,8876.666666666666,1.0262907823883434,0.9125046939541871,14.729999542236328,20.49,-348.6567684053801,0.4234175305329873,0.028097359670733124,-0.009770070651071272,-1033.0,-6924.0,3368110.0,10.08
2024-12-27,8050.0,8240.0,7910.0,7920.0,133486,264660881760.0,-0.022222222222222254,-0.010248265461727635,-0.01197395676049462,-0.5824986821296781,7880.5,8841.666666666666,1.0050123723114015,0.8957587181903864,15.949999809265137,20.88,-348.6567684053801,0.4234175305329873,-0.005308269465784998,-0.0018861334111186512,423.0,-13113.0,3355585.0,10.04
2024-12-30,7920.0,8090.0,7660.0,8020.0,74585,268002559560.0,0.012626262626262541,-0.0021956483380910496,0.01482191096435359,-0.5772272008434367,7886.0,8812.833333333334,1.0169921379660156,0.9100364998014259,17.399999618530273,21.14,-348.6567684053801,0.4234175305329873,0.0274449015355388,0.030945313874592095,3024.0,-6102.0,3349493.0,10.02
2025-01-02,8020.0,8450.0,8000.0,8420.0,171944,281369270760.0,0.04987531172069826,-0.00022923572524313762,0.050104547445941394,-0.5561412756984709,7926.0,8787.833333333334,1.0623265203128942,0.9581428869459669,17.93000030517578,20.7,-348.6567684053801,0.4234175305329873,0.052952501649800365,0.05961818894450999,10006.0,26716.0,3375171.0,10.1
2025-01-03,8440.0,8950.0,8390.0,8820.0,348050,294735981960.0,0.04750593824228022,0.017916238638119086,0.029589699604161135,-0.5350553505535052,7972.5,8763.5,1.1063029162746942,1.0064471957551206,16.1299991607666,20.31,-348.6567684053801,0.4234175305329873,0.09451615801445612,0.10713914858564133,22372.0,-5960.0,3368871.0,10.08
2025-01-06,8890.0,9440.0,8860.0,9330.0,334722,311778538740.0,0.05782312925170063,0.019132474527359333,0.0386906547243413,-0.508170795993674,8056.5,8752.166666666666,1.1580711226959597,1.066021746995982,16.040000915527344,20.71,-348.6567684053801,0.4234175305329873,0.11838490177444383,0.1212328559783028,15208.0,-1623.0,3358095.0,10.05
2025-01-07,9390.0,9630.0,9300.0,9500.0,413488,317459391000.0,0.018220793140407254,0.001390400068906894,0.01683039307150036,-0.49920927780706353,8148.0,8747.5,1.16593028964163,1.086024578450986,17.81999969482422,20.24,-348.6567684053801,0.4234175305329873,0.0851107474000028,0.15003720581029778,19592.0,37817.0,3395778.0,10.16
2025-01-08,9430.0,9800.0,9250.0,9780.0,300547,326816088840.0,0.02947368421052632,0.011616688751427517,0.0178569954590988,-0.48444913020558755,8265.5,8738.833333333334,1.183231504446192,1.1191425247458662,17.700000762939453,20.2,-348.6567684053801,0.4234175305329873,0.07337804325494046,0.153072290305043,16520.0,-6282.0,3388782.0,10.14
2025-01-09,9870.0,10140.0,9680.0,9700.0,374345,324142746600.0,-0.008179959100204526,0.0003371029924694735,-0.008517062092674,-0.48866631523458076,8397.0,8728.833333333334,1.1551744670715731,1.1112596185057184,17.700000762939453,19.9,-348.6567684053801,0.4234175305329873,0.026170326437925162,0.0944506807664276,8586.0,-41359.0,3346113.0,10.01
2025-01-10,9680.0,9840.0,9600.0,9670.0,186324,323140243260.0,-0.003092783505154628,-0.0024266914960373587,-0.0006660920091172695,-0.49024775962045314,8510.5,8713.333333333334,1.1362434639562893,1.1097934200459065,19.540000915527344,19.92,-348.6567684053801,0.4234175305329873,0.008673841357307532,0.06419488915314919,1762.0,7589.0,3353922.0,10.04
2025-01-13,9600.0,9620.0,9270.0,9350.0,184605,312446874300.0,-0.033092037228541926,-0.01042220321243792,-0.022669834016104007,-0.5071164997364258,8583.0,8692.833333333334,1.0893626936968426,1.075598673236574,19.190000534057617,20.49,-348.6567684053801,0.4234175305329873,-0.031852988117895276,0.0028344004127038858,-20399.0,22391.0,3375302.0,10.1
2025-01-14,9420.0,9590.0,9260.0,9290.0,121757,310441867620.0,-0.0064171122994652885,0.003149088017755375,-0.009566200317220663,-0.5102793885081707,8649.5,8667.5,1.0740505231516273,1.0718200173060282,18.709999084472656,19.25,-348.6567684053801,0.4234175305329873,-0.03290212634244194,-0.023562192976017138,1186.0,-16624.0,3358182.0,10.05
2025-01-15,9410.0,9520.0,9300.0,9390.0,126104,313783545420.0,0.010764262648008671,-0.00023618313969120397,0.011000445787699875,-0.5050079072219292,8713.0,8650.666666666666,1.0776999885228968,1.0854654747225647,16.1200008392334,19.26,-348.6567684053801,0.4234175305329873,-0.021235588545624795,-0.030418742647416064,-854.0,-20714.0,3338457.0,9.99
2025-01-16,9480.0,9680.0,9320.0,9320.0,164547,311444370960.0,-0.007454739084132078,0.012287651411459155,-0.019742390495591233,-0.5086979441222983,8763.5,8625.166666666666,1.063502025446454,1.080558829781067,16.600000381469727,18.14,-348.6567684053801,0.4234175305329873,-0.01830814502511202,-0.0416440710503333,-853.0,-26407.0,3310962.0,9.91
2025-01-17,9370.0,9560.0,9180.0,9480.0,201146,316791055440.0,0.01716738197424883,-0.0015588356121974956,0.018726217586446325,-0.5002635740643121,8817.5,8611.5,1.075134675361497,1.100853509841491,15.970000267028809,17.68,-348.6567684053801,0.4234175305329873,0.009984272878554967,-0.022251761454769703,29617.0,7279.0,3319061.0,9.93
2025-01-20,9640.0,9690.0,9290.0,9420.0,134515,314786048760.0,-0.006329113924050667,-0.0013869350447894835,-0.004942178879261183,-0.503426462836057,8869.5,8592.833333333334,1.0620666328428885,1.0962623892003025,15.970000267028809,18.45,-348.6567684053801,0.4234175305329873,-0.005958351788406091,-0.004524106317926879,-61.0,-36092.0,3283140.0,9.82
2025-01-21,9470.0,9640.0,9140.0,9330.0,186901,311778538740.0,-0.009554140127388533,-0.0008015791322039112,-0.008752560995184622,-0.5081707959936742,8933.5,8580.5,1.0443835003078301,1.0873492220733056,15.0600004196167,18.3,-348.6567684053801,0.4234175305329873,0.0050314777120005205,-0.0037104669958908376,1087.0,15356.0,3298196.0,9.87
2025-01-22,9380.0,9980.0,9230.0,9910.0,471983,331160269980.0,0.06216505894962476,0.011528865406335687,0.050636193543289076,-0.47759620453347396,9039.0,8582.666666666666,1.0963602168381459,1.1546527885661022,15.100000381469727,17.67,-348.6567684053801,0.4234175305329873,0.03694145366884327,0.035925280759698364,-16066.0,69496.0,3492532.0,10.45
2025-01-23,9890.0,9890.0,9210.0,9210.0,413827,307768525380.0,-0.070635721493441,-0.012394709050090102,-0.05824101244335089,-0.514496573537164,9095.0,8566.5,1.0126443100604727,1.0751181929609526,15.020000457763672,17.79,-348.6567684053801,0.4234175305329873,-0.016357379895246438,-0.0025733411880612955,-46965.0,-135704.0,3350774.0,10.03
2025-01-24,9210.0,9750.0,9210.0,9660.0,297984,322806075480.0,0.04885993485342022,0.0084715338468766,0.04038840100654362,-0.49077490774907756,9181.0,8563.0,1.0521729659078531,1.1281093074856943,14.850000381469727,17.96,-348.6567684053801,0.4234175305329873,0.0327835821064818,0.019088842232035996,-1196.0,28461.0,3379871.0,10.11
2025-01-31,9270.0,9520.0,8950.0,8970.0,385318,299748498660.0,-0.0714285714285714,-0.0076592286607691795,-0.06376934276780222,-0.5271481286241434,9224.5,8554.333333333334,0.9724104287495258,1.0485913572068737,16.43000030517578,18.79,-348.6567684053801,0.4234175305329873,-0.08162195420460949,-0.03973832165650504,-14174.0,-117909.0,3259202.0,9.75
2025-02-03,8700.0,8830.0,8400.0,8570.0,248044,286381787460.0,-0.044593088071348985,-0.025193024093922434,-0.01940006397742655,-0.5482340537691092,9257.0,8537.166666666666,0.9257858917575889,1.0038459285867678,18.6200008392334,22.08,-348.6567684053801,0.4234175305329873,-0.04278100573868515,-0.05038582463874697,-12980.0,19008.0,3279642.0,9.81
2025-02-04,8680.0,8950.0,8210.0,8800.0,129468,294067646400.0,0.02683780630105015,0.011304220047816393,0.015533586253233755,-0.5361096468107539,9296.0,8527.833333333334,0.9466437177280551,1.0319151015302832,17.209999084472656,20.91,-348.6567684053801,0.4234175305329873,-0.06763582049199501,-0.08548843192880229,-7594.0,2883.0,3284875.0,9.83
2025-02-05,8860.0,9130.0,8790.0,8790.0,112674,293733478620.0,-0.001136363636363602,0.01111342624428402,-0.012249789880647621,-0.5366367949393781,9314.5,8516.5,0.9436899457834559,1.0321141313920037,15.770000457763672,20.06,-348.6567684053801,0.4234175305329873,-0.016116267604840417,-0.03949720936609902,1256.0,-13291.0,3270881.0,9.79
2025-02-06,8980.0,9230.0,8850.0,9230.0,193898,308436860940.0,0.05005688282138787,0.010951384368703243,0.03910549845268463,-0.5134422772799158,9335.0,8511.5,0.9887520085698982,1.0844152029607002,15.5,19.12,-348.6567684053801,0.4234175305329873,0.04238929482527076,-0.040780111919958006,5947.0,38701.0,3308936.0,9.9
2025-02-07,9260.0,9260.0,8990.0,9040.0,260295,302087673120.0,-0.020585048754062862,-0.005846093673006814,-0.014738955081056049,-0.5234580917237746,9320.5,8510.0,0.9699050480124457,1.062279670975323,16.540000915527344,19.29,-348.6567684053801,0.4234175305329873,0.012116753490980958,0.008250275766788162,-112132.0,46247.0,3355474.0,10.04
2025-02-10,9000.0,9520.0,8720.0,9440.0,258329,315454384320.0,0.04424778761061954,-0.0002577014195069838,0.04450548903012652,-0.5023721665788088,9317.5,8515.166666666666,1.0131473034612288,1.1086101270282438,15.8100004196167,19.95,-348.6567684053801,0.4234175305329873,0.0688720324017551,0.07215582877434124,-21567.0,66862.0,3421439.0,10.24
2025-02-11,9500.0,9530.0,9190.0,9200.0,208096,307434357600.0,-0.025423728813559365,0.007052013135895985,-0.03247574194945535,-0.5150237216657881,9288.5,8516.666666666666,0.9904720891424881,1.0802348336594914,16.020000457763672,19.28,-348.6567684053801,0.4234175305329873,-0.0027092080003848773,0.02414650057165213,-40741.0,-11624.0,3409815.0,10.2
2025-02-12,9160.0,9250.0,8960.0,9100.0,191839,304092679800.0,-0.010869565217391353,0.003678479577159388,-0.01454804479455074,-0.5202952029520296,9258.5,8523.833333333334,0.9828805962088891,1.0675947832547954,15.890000343322754,18.8,-348.6567684053801,0.4234175305329873,-0.0025182977138795692,0.02184824565774901,-52283.0,29097.0,3438972.0,10.29
2025-02-13,9070.0,9370.0,9070.0,9290.0,201007,310441867620.0,0.020879120879120805,0.013647844624626648,0.007231276254494157,-0.5102793885081709,9239.5,8542.166666666666,1.0054656637263921,1.0875460948627398,15.100000381469727,18.03,-348.6567684053801,0.4234175305329873,-0.039792510489511934,-0.010025976540441461,-2949.0,8124.0,3447294.0,10.32
2025-02-14,9430.0,9480.0,9080.0,9310.0,294706,311110203180.0,0.0021528525296017342,0.0030505646904579464,-0.0008977121608562122,-0.5092250922509226,9237.5,8566.5,1.007848443843031,1.0867915718204635,14.770000457763672,17.7,-348.6567684053801,0.4234175305329873,-0.008214480700912796,0.0038152663797583752,-968.0,47074.0,3494168.0,10.46
2025-02-17,9410.0,9670.0,9310.0,9550.0,338295,319130229900.0,0.025778732545649774,0.007475684638216684,0.01830304790743309,-0.49657353716394315,9250.5,8602.333333333334,1.0323766282903626,1.1101639090169333,14.770000457763672,18.06,-348.6567684053801,0.4234175305329873,0.024636612001071034,-0.022387174742935056,-9960.0,3812.0,3498080.0,10.47
2025-02-18,9550.0,9550.0,9260.0,9280.0,281837,310107699840.0,-0.028272251308900542,0.006278735685934178,-0.03455098699483472,-0.5108065366367951,9245.0,8627.166666666666,1.0037858301784748,1.0756718119119835,15.350000381469727,17.88,-348.6567684053801,0.4234175305329873,-0.017145651248257843,-0.024462419788314427,-17263.0,-44313.0,3453767.0,10.34
2025-02-19,9390.0,9800.0,9380.0,9460.0,371797,316122719880.0,0.0193965517241379,0.017020629562167544,0.0023759221619703563,-0.5013178703215605,9252.0,8650.0,1.022481625594466,1.0936416184971098,15.270000457763672,18.49,-348.6567684053801,0.4234175305329873,-0.013872016925431274,-0.00753845283179333,-1860.0,48890.0,3502761.0,10.48
2025-02-20,9640.0,9670.0,9210.0,9310.0,284776,311110203180.0,-0.015856236786469302,-0.006535590528931712,-0.00932064625753759,-0.5092250922509227,9243.5,8665.833333333334,1.0071942446043165,1.0743340705837099,15.65999984741211,18.64,-348.6567684053801,0.4234175305329873,-0.041495711090401954,-0.024090375343825077,-19238.0,-59147.0,3443462.0,10.3
2025-02-21,9320.0,9330.0,9050.0,9240.0,258879,308771028720.0,-0.007518796992481258,0.00019593359598868432,-0.007714730588469942,-0.5129151291512917,9234.5,8684.833333333334,1.0005955926146515,1.0639236984014278,18.209999084472656,18.64,-348.6567684053801,0.4234175305329873,-0.014659454684037176,-0.030907393771438807,-47665.0,-1836.0,3441554.0,10.3
2025-02-24,9080.0,9110.0,8940.0,9100.0,211374,304092679800.0,-0.015151515151515138,-0.0035071681093629126,-0.011644347042152225,-0.5202952029520297,9223.0,8700.166666666666,0.9866637753442481,1.0459569740043295,18.979999542236328,19.48,-348.6567684053801,0.4234175305329873,-0.028679723888159758,-0.06085478872102412,-9684.0,34198.0,3475801.0,10.4
2025-02-25,9010.0,9030.0,8890.0,8930.0,172496,298411827540.0,-0.018681318681318726,-0.005662930573493763,-0.013018388107824963,-0.5292567211386402,9174.0,8712.833333333334,0.973403095705254,1.024924919180519,19.43000030517578,19.6,-348.6567684053801,0.4234175305329873,-0.03237746573844713,-0.039322189834014365,-10692.0,-31316.0,3444457.0,10.31
2025-02-26,8870.0,9080.0,8830.0,8960.0,141492,299414330880.0,0.0033594624860022737,0.0041060296270498675,-0.0007465671410475938,-0.5276752767527677,9161.5,8723.0,0.9780057850788626,1.0271695517597157,19.100000381469727,19.93,-348.6567684053801,0.4234175305329873,-0.025409302291024782,-0.042444679137032315,-8774.0,3526.0,3447983.0,10.32
2025-02-27,9190.0,9500.0,9160.0,9230.0,491603,308436860940.0,0.030133928571428603,-0.007322767208623127,0.03745669578005173,-0.5134422772799158,9140.0,8737.0,1.0098468271334793,1.056426691083896,21.1299991607666,19.32,-348.6567684053801,0.4234175305329873,0.023691740531179173,0.004332662900557005,13263.0,53769.0,3479264.0,10.41
2025-02-28,8970.0,9020.0,8670.0,8940.0,386768,298745995320.0,-0.031419284940411685,-0.033935337352198,0.002516052411786318,-0.5287295730100159,9138.5,8751.833333333334,0.9782787109481862,1.0215002570889908,19.6299991607666,22.86,-348.6567684053801,0.4234175305329873,0.039226181050790454,0.014563445900813266,12018.0,-136697.0,3341957.0,10.0
2025-03-04,8770.0,8790.0,8470.0,8510.0,252144,284376780780.0,-0.04809843400447422,-0.0015240594829495357,-0.046574374521524686,-0.5513969425408541,9135.5,8757.666666666666,0.9315308412237973,0.9717200167472311,23.510000228881836,23.47,-348.6567684053801,0.4234175305329873,-0.006601626329686638,-0.020366581578559195,3982.0,-71318.0,3270674.0,9.79
2025-03-05,8570.0,9070.0,8460.0,8930.0,323779,298411827540.0,0.049353701527614646,0.011550370055151138,0.03780333147246351,-0.52925672113864,9142.0,8774.666666666666,0.9768103259680595,1.01770247682723,21.93000030517578,22.17,-348.6567684053801,0.4234175305329873,-0.00625499063727486,0.030455138001729276,-1779.0,59200.0,3330573.0,9.97
2025-03-06,9470.0,9730.0,8800.0,8880.0,1159237,296740988640.0,-0.005599104143337086,0.00704812895467688,-0.012647233098013966,-0.5318924617817608,9146.5,8795.666666666666,0.9708631717050238,1.009588054723917,24.8700008392334,21.27,-348.6567684053801,0.4234175305329873,-0.021418276147075144,0.018554472044762904,-2253.0,-75174.0,3253553.0,9.74
2025-03-07,8840.0,9050.0,8600.0,8850.0,338264,295738485300.0,-0.0033783783783783994,-0.004922028163322545,0.0015436497849441455,-0.5334739061676331,9127.5,8811.666666666666,0.9695973705834018,1.0043502931719313,23.3700008392334,21.97,-348.6567684053801,0.4234175305329873,0.026699748159393688,-0.01735857395034468,21.0,-40242.0,3214794.0,9.62
2025-03-10,8880.0,9080.0,8730.0,8800.0,195865,294067646400.0,-0.005649717514124242,0.002695520215496794,-0.008345237729621036,-0.5361096468107538,9115.5,8830.833333333334,0.9653886237726949,0.9965084457865433,27.860000610351562,22.13,-348.6567684053801,0.4234175305329873,-0.019448821042690856,-0.028219864091752034,183.0,-11881.0,3202162.0,9.58
2025-03-11,8390.0,8630.0,8360.0,8620.0,280020,288052626360.0,-0.020454545454545503,-0.012756739752421975,-0.007697805702123528,-0.5455983131259885,9074.5,8846.666666666666,0.9499145958455011,0.9743782969103241,26.920000076293945,24.08,-348.6567684053801,0.4234175305329873,-0.014499393646800418,0.010656704727649124,-11017.0,-10084.0,3202037.0,9.58
2025-03-12,8620.0,8940.0,8600.0,8900.0,179700,297409324200.0,0.03248259860788871,0.01466739016029428,0.017815208447594433,-0.5308381655245124,9059.5,8871.166666666666,0.9823941718637894,1.0032502301463544,24.229999542236328,23.08,-348.6567684053801,0.4234175305329873,0.0017721650158498692,-0.009331418297219951,-9102.0,54158.0,3374383.0,10.1
2025-03-13,9020.0,9810.0,8990.0,9430.0,1238263,315120216540.0,0.059550561797752755,-0.0004583527197696835,0.06000891451752244,-0.5028993147074328,9076.0,8910.5,1.0390039665050683,1.0583020032545873,24.65999984741211,23.11,-348.6567684053801,0.4234175305329873,0.07012631726299334,0.06332472931831645,-10000.0,344915.0,3719085.0,11.13
2025-03-14,9470.0,10040.0,9390.0,9890.0,800152,330491934420.0,0.04878048780487809,-0.00282859508715394,0.05160908289203203,-0.47865050079072213,9106.0,8952.0,1.0860970788491104,1.104781054512958,21.770000457763672,22.0,-348.6567684053801,0.4234175305329873,0.1294332058571489,0.11339016242540434,11287.0,36515.0,3755817.0,11.24
2025-03-17,9970.0,10260.0,9850.0,10180.0,672702,340182800040.0,0.029322548028311468,0.01727342700510892,0.012049121023202547,-0.463363205060622,9149.5,8990.0,1.1126291054155966,1.132369299221357,20.510000228881836,20.85,-348.6567684053801,0.4234175305329873,0.12366711843275702,0.13378452117822792,53745.0,65270.0,3844630.0,11.51
2025-03-18,10300.0,10300.0,9860.0,9900.0,368009,330826102200.0,-0.027504911591355596,0.0006320729467728103,-0.028136984538128407,-0.478123352662098,9167.0,9022.333333333334,1.0799607287007744,1.097277127128976,21.700000762939453,20.41,-348.6567684053801,0.4234175305329873,0.03552121937710617,0.11334534234222304,17334.0,-62867.0,3902237.0,11.68
2025-03-19,9820.0,10000.0,9700.0,9760.0,222857,326147753280.0,-0.014141414141414121,0.006231971622814525,-0.020373385764228646,-0.485503426462836,9191.0,9049.666666666666,1.0619083886410619,1.0784927621643523,19.899999618530273,20.33,-348.6567684053801,0.4234175305329873,-0.036461249279154506,0.07515674813039996,654.0,5376.0,3920836.0,11.73
2025-03-20,9880.0,9950.0,9610.0,9690.0,215726,323808578820.0,-0.0071721311475410054,0.003226019771096933,-0.010398150918637938,-0.489193463363205,9202.5,9072.666666666666,1.0529747351263243,1.0680432067014476,19.799999237060547,19.6,-348.6567684053801,0.4234175305329873,-0.05890852122099499,0.0047496826942395876,-1670.0,15312.0,3936101.0,11.78
2025-03-21,9600.0,9890.0,9090.0,9620.0,259683,321469404360.0,-0.007223942208462342,0.0022865211531444274,-0.009510463361606769,-0.4928835002635741,9218.0,9093.0,1.0436103276198743,1.0579566699659078,19.280000686645508,19.66,-348.6567684053801,0.4234175305329873,-0.040282000044473354,-0.056369863559399214,970.0,-8095.0,3943134.0,11.8
2025-03-24,9450.0,9740.0,9410.0,9600.0,168080,320801068800.0,-0.0020790020790020236,-0.0041843628362887575,0.002105360757286734,-0.4939377965208223,9236.0,9113.333333333334,1.0394110004330879,1.0534016093635699,17.479999542236328,19.68,-348.6567684053801,0.4234175305329873,-0.017803253522957974,-0.06631362382531503,-6972.0,1133.0,3944271.0,11.8
2025-03-25,9680.0,9680.0,9240.0,9290.0,228270,310441867620.0,-0.03229166666666672,-0.006177650800823886,-0.026114015865842832,-0.5102793885081708,9245.5,9134.0,1.0048131523443837,1.0170790453251588,17.149999618530273,19.64,-348.6567684053801,0.4234175305329873,-0.03351911847016287,-0.06429065515302945,-6983.0,-35439.0,3928129.0,11.75
2025-03-26,9290.0,9480.0,9130.0,9450.0,165168,315788552100.0,0.017222820236813874,0.01075379411440247,0.006469026122411403,-0.5018450184501845,9271.5,9161.5,1.0192525481313703,1.031490476450363,18.329999923706055,19.67,-348.6567684053801,0.4234175305329873,-0.017539628986144695,-0.0374482432663894,-1393.0,9712.0,3977839.0,11.9
2025-03-27,9300.0,9330.0,9090.0,9200.0,230289,307434357600.0,-0.02645502645502651,-0.013914854299955204,-0.012540172155071305,-0.515023721665788,9283.5,9180.0,0.991005547476706,1.0021786492374727,18.690000534057617,20.44,-348.6567684053801,0.4234175305329873,-0.032185161898502734,-0.03959026450282277,2872.0,-51745.0,3926024.0,11.75
2025-03-28,9200.0,9250.0,8980.0,9050.0,238295,302421840900.0,-0.016304347826086918,-0.018859645097812683,0.002555297271725765,-0.5229309435951502,9274.5,9198.5,0.9757938433338724,0.9838560634886123,21.649999618530273,21.18,-348.6567684053801,0.4234175305329873,-0.003515848760934137,-0.027524503869490236,4039.0,-48207.0,3924617.0,11.74
2025-03-31,8870.0,8910.0,8620.0,8810.0,215822,294401814180.0,-0.026519337016574607,-0.03004709335808231,0.003527756341507704,-0.5355824986821297,9268.0,9210.333333333334,0.9505826499784203,0.956534327385907,22.280000686645508,25.35,2541.0473978370983,0.28431651797134666,-0.006457118541837836,-0.026102108285269265,514.0,-88335.0,3907512.0,11.69
2025-04-01,8810.0,8960.0,8600.0,8830.0,228712,295070149740.0,0.002270147559591429,0.016230481995475943,-0.013960334435884514,-0.5345282024248813,9284.0,9225.5,0.9510986643688065,0.9571296948674869,21.770000457763672,24.21,2541.0473978370983,0.28431651797134666,-0.007877280822651045,-0.013948426855310947,984.0,-50838.0,3861271.0,11.55
2025-04-02,8870.0,8950.0,8710.0,8840.0,137804,295404317520.0,0.0011325028312569874,-0.006159216074421048,0.007291718905678035,-0.5340010542962573,9279.5,9239.166666666666,0.952637534349911,0.9567962478578516,21.510000228881836,24.5,2541.0473978370983,0.28431651797134666,-0.0031408591886987747,-0.013125734072044315,153.0,-50527.0,3817048.0,11.42
2025-04-03,8700.0,8840.0,8510.0,8730.0,143482,291728471940.0,-0.012443438914027105,-0.007646139620185233,-0.004797299293841872,-0.5397996837111227,9272.0,9244.333333333334,0.941544434857636,0.9443623120470197,30.020000457763672,26.09,2541.0473978370983,0.28431651797134666,-0.011465914824048351,-0.005382861210814882,5142.0,-71345.0,3745441.0,11.21
2025-04-04,8630.0,8990.0,8500.0,8830.0,193710,295070149740.0,0.01145475372279492,-0.00855753798798553,0.02001229171078045,-0.5345282024248813,9271.0,9244.5,0.9524323158235357,0.9551625290713397,45.310001373291016,26.8,2541.0473978370983,0.28431651797134666,0.022506711322616613,0.012074133228239803,-270.0,-74848.0,3670457.0,10.98
2025-04-07,8590.0,8590.0,8200.0,8280.0,342996,276690921840.0,-0.0622876557191393,-0.05565784939336682,-0.00662980632577248,-0.5635213494992093,9245.0,9227.0,0.895619253650622,0.8973664246233879,46.97999954223633,44.23,2541.0473978370983,0.28431651797134666,0.008585186091166097,0.0019165705609596184,2900.0,-200188.0,3525888.0,10.55
2025-04-08,8500.0,8630.0,8350.0,8370.0,153931,279698431860.0,0.010869565217391353,0.002589996316183951,0.008279568901207401,-0.5587770163415918,9232.5,9208.166666666666,0.9065800162469537,0.9089757280674764,52.33000183105469,37.83,2541.0473978370983,0.28431651797134666,0.02166205428621537,0.024156473898051534,4637.0,-58293.0,3474595.0,10.4
2025-04-09,8270.0,8530.0,8190.0,8300.0,210652,277359257400.0,-0.008363201911589013,-0.017363340217546153,0.00900013830595714,-0.5624670532419609,9202.5,9183.5,0.9019288236892149,0.9037948494582675,33.619998931884766,40.97,2541.0473978370983,0.28431651797134666,0.01064990088139206,0.025864893298330638,1906.0,-90294.0,3444438.0,10.31
2025-04-10,8850.0,9490.0,8610.0,8830.0,498508,295070149740.0,0.06385542168674707,0.06598949759951966,-0.002134075912772593,-0.5345282024248812,9172.5,9169.0,0.9626601253747615,0.9630275929763333,40.720001220703125,28.2,2541.0473978370983,0.28431651797134666,0.015145631294391948,0.028528116679399917,2269.0,-93448.0,3349299.0,10.02
2025-04-11,8700.0,9420.0,8660.0,9210.0,276530,307768525380.0,0.04303510758776907,-0.005046946739509672,0.048082054327278745,-0.5144965735371637,9138.5,9161.333333333334,1.007824041144608,1.00531218163295,37.560001373291016,31.47,2541.0473978370983,0.28431651797134666,0.05494811672046329,0.05659787929589821,-16750.0,54070.0,3458940.0,10.35
2025-04-14,9410.0,9810.0,9200.0,9380.0,393729,313449377640.0,0.018458197611292082,0.009524286458791664,0.008933911152500418,-0.5055350553505532,9098.5,9161.833333333334,1.0309391657965599,1.023812555711193,30.889999389648438,28.32,2541.0473978370983,0.28431651797134666,0.05488188956700657,0.07216159677417111,2749.0,-37351.0,3421591.0,10.24
2025-04-15,9480.0,9930.0,9340.0,9750.0,277788,325813585500.0,0.03944562899786774,0.008762615781874095,0.03068301321599365,-0.48603057459145993,9091.0,9169.5,1.072489275107249,1.0633077048912154,30.1200008392334,24.48,2541.0473978370983,0.28431651797134666,0.08769897869577281,0.09456504108895736,-463.0,86782.0,3510743.0,10.51
2025-04-16,9640.0,9810.0,9300.0,9330.0,151160,311778538740.0,-0.043076923076923124,-0.012101340324106369,-0.030975582752816755,-0.508170795993674,9069.5,9168.5,1.0287226418214896,1.0176146588864046,32.63999938964844,26.62,2541.0473978370983,0.28431651797134666,0.008641341615677312,0.054589320030183464,-5967.0,-1650.0,3509214.0,10.5
2025-04-17,9220.0,9510.0,9220.0,9450.0,55799,315788552100.0,0.012861736334405238,0.00938943345084664,0.003472302883558598,-0.5018450184501843,9057.5,9170.666666666666,1.0433342533811758,1.030459435882524,29.649999618530273,24.59,2541.0473978370983,0.28431651797134666,0.0031797333467354916,0.060195698826514654,140.0,-14646.0,3468181.0,10.38
2025-04-18,9800.0,9920.0,9560.0,9710.0,247267,324476914380.0,0.02751322751322749,0.005266336449612163,0.022246891063615326,-0.4881391671059565,9062.0,9174.5,1.0715073935113661,1.0583683034497793,29.649999618530273,23.66,2541.0473978370983,0.28431651797134666,-0.005256388805642831,0.034360535562851235,649.0,12081.0,3491307.0,10.45
2025-04-21,9710.0,9940.0,9630.0,9710.0,100998,324476914380.0,0.0,0.0020133526174763716,-0.0020133526174763716,-0.4881391671059565,9067.5,9179.333333333334,1.070857457954232,1.0578110247657782,33.81999969482422,25.08,2541.0473978370983,0.28431651797134666,0.023705841329697552,0.023413271792874446,16.0,4003.0,3493535.0,10.45
2025-04-22,9510.0,9660.0,9510.0,9580.0,79233,320132733240.0,-0.013388259526261548,-0.0007153251270926031,-0.012672934399168945,-0.4949920927780703,9082.0,9183.5,1.054833737062321,1.043175259977133,30.56999969482422,24.85,2541.0473978370983,0.28431651797134666,0.00756060404697001,-0.019942675822288147,-7495.0,-4935.0,3487515.0,10.44
2025-04-23,9850.0,10090.0,9710.0,10030.0,255902,335170283340.0,0.04697286012526103,0.01565170981604136,0.03132115030921967,-0.47127042698998384,9111.0,9185.5,1.1008670837449237,1.0919383811441947,28.450000762939453,22.74,2541.0473978370983,0.28431651797134666,0.016634863292574353,0.04235405723974828,801.0,79924.0,3587325.0,10.74
2025-04-24,10040.0,10100.0,9910.0,10090.0,103376,337175290020.0,0.005982053838484491,-0.001278916515075279,0.00726097035355977,-0.46810753821823897,9155.5,9200.166666666666,1.1020697941128283,1.0967192623322042,26.469999313354492,22.79,2541.0473978370983,0.28431651797134666,0.025909186263610495,0.04614272470974945,-1927.0,25454.0,3437740.0,10.29
2025-04-25,10180.0,10400.0,10080.0,10210.0,246146,341185303380.0,0.01189296333002976,0.009503106239348025,0.002389857090681735,-0.4617817606747492,9213.5,9209.333333333334,1.1081565094697998,1.1086578833067902,24.84000015258789,21.43,2541.0473978370983,0.28431651797134666,0.040971977753461175,0.02628569073681586,510.0,74580.0,3595931.0,10.76
2025-04-28,10240.0,10320.0,9930.0,10040.0,141496,335504451120.0,-0.016650342801175277,0.0010054033478608115,-0.01765574614903609,-0.4707432788613596,9275.0,9227.166666666666,1.0824797843665768,1.088091324530824,25.149999618530273,21.23,2541.0473978370983,0.28431651797134666,-0.008004918704794584,0.010643297205256141,-7598.0,4772.0,3556000.0,10.64
2025-04-29,10150.0,10410.0,10120.0,10380.0,176609,346866155640.0,0.03386454183266929,0.006496949128320217,0.027367592704349075,-0.45282024248813874,9352.5,9257.333333333334,1.1098636728147555,1.1212732248307646,24.170000076293945,20.7,2541.0473978370983,0.28431651797134666,0.012101703645994721,0.05068382430877416,497.0,40423.0,3656122.0,10.94
2025-04-30,10470.0,10660.0,10240.0,10380.0,169374,346866155640.0,0.0,-0.003434063319616709,0.003434063319616709,-0.45282024248813874,9429.5,9283.666666666666,1.1008006787210352,1.1180927076227065,24.700000762939453,20.74,2541.0473978370983,0.28431651797134666,0.013145909874929695,0.0227967373191712,-556.0,-20487.0,3632352.0,10.87
2025-05-02,10280.0,10420.0,9950.0,10100.0,118037,337509457800.0,-0.026974951830443183,0.001243807818561704,-0.028218759649004888,-0.4675803900896147,9498.0,9305.5,1.0633817645820172,1.085379614206652,22.68000030517578,20.93,2541.0473978370983,0.28431651797134666,0.002582896374960897,-0.012682992683393457,2123.0,11007.0,3614026.0,10.82
2025-05-07,10230.0,11360.0,10200.0,11060.0,636850,369589564680.0,0.09504950495049513,0.005473108947152472,0.08957639600334266,-0.4169741697416969,9609.5,9336.0,1.1509443779593111,1.1846615252784918,23.549999237060547,21.01,2541.0473978370983,0.28431651797134666,0.06479169967395448,0.07450354622926747,-11026.0,165929.0,3799797.0,11.37
2025-05-08,11310.0,11830.0,11140.0,11180.0,585024,373599578040.0,0.010849909584086825,0.0022068270778108356,0.00864308250627599,-0.4106483921982071,9754.5,9371.666666666666,1.1461376800451073,1.1929574959985774,22.479999542236328,19.76,2541.0473978370983,0.28431651797134666,0.07000071886061376,0.10080237488457955,-28716.0,62535.0,3839823.0,11.49
2025-05-09,11100.0,11210.0,10900.0,10950.0,176706,365913719100.0,-0.020572450805008913,-0.000856746690896304,-0.01971570411411261,-0.42277279915656235,9883.5,9396.833333333334,1.1079071179238125,1.165286177967755,21.899999618530273,19.48,2541.0473978370983,0.28431651797134666,0.07850377439550604,0.053719078066117865,-8934.0,27687.0,3866247.0,11.57
2025-05-12,11110.0,11580.0,10850.0,11490.0,215569,383958779220.0,0.049315068493150704,0.011663527052247824,0.03765154144090288,-0.3943068002108586,10043.0,9435.0,1.1440804540475953,1.217806041335453,18.389999389648438,19.2,2541.0473978370983,0.28431651797134666,0.02657891983306626,0.08793655618740404,7529.0,2207.0,3881251.0,11.61
2025-05-13,11680.0,11680.0,11110.0,11290.0,245210,377275423620.0,-0.0174064403829417,0.00041799224392180534,-0.017824432626863507,-0.4048497627833415,10166.0,9471.5,1.1105646271886682,1.1919970437628675,18.219999313354492,17.86,2541.0473978370983,0.28431651797134666,0.00011140469992676483,0.09833088320954542,37936.0,-8546.0,3864212.0,11.56
2025-05-14,11460.0,11500.0,11260.0,11300.0,148130,377609591400.0,0.0008857395925598865,0.012325525585337838,-0.011439785992777951,-0.4043226146547173,10270.5,9505.0,1.1002385472956526,1.1888479747501315,18.6200008392334,17.86,2541.0473978370983,0.28431651797134666,0.008387322821261423,-0.0026852987865751965,553.0,7416.0,3877427.0,11.6
2025-05-15,11460.0,11710.0,11000.0,11240.0,222244,375604584720.0,-0.005309734513274322,-0.007274929443336187,0.0019651949300618643,-0.4074855034264622,10363.5,9537.166666666666,1.0845756742413277,1.1785470877094875,17.829999923706055,18.29,2541.0473978370983,0.28431651797134666,-0.027299023689579593,-0.009363186362789322,-5925.0,4848.0,3881730.0,11.62
2025-05-16,11850.0,12940.0,11510.0,12840.0,1189219,429071429520.0,0.14234875444839856,0.0021019659794259127,0.14024678846897265,-0.32314180284659916,10518.0,9592.0,1.2207644038790644,1.3386155129274395,17.239999771118164,18.13,2541.0473978370983,0.28431651797134666,0.13077219740625656,0.15059930622029594,61682.0,199472.0,4090251.0,12.24
2025-05-19,12650.0,12830.0,12350.0,12570.0,461406,420048899460.0,-0.0210280373831776,-0.008927047880695094,-0.012100989502482506,-0.3373748023194511,10680.0,9646.833333333334,1.1769662921348314,1.3030182616057082,18.139999389648438,19.69,2541.0473978370983,0.28431651797134666,0.130110993896552,0.10084677527691055,-1106.0,-31290.0,4047428.0,12.11
2025-05-20,12720.0,13900.0,12720.0,12840.0,432407,429071429520.0,0.021479713603818507,-0.0006222096686224754,0.022101923272440982,-0.32314180284659927,10849.5,9703.166666666666,1.183464675791511,1.323279341795634,18.09000015258789,19.18,2541.0473978370983,0.28431651797134666,0.15024772223893113,0.14077313117621504,-91.0,-2709.0,4057079.0,12.14
2025-05-21,13400.0,14350.0,13170.0,14000.0,996567,467834892000.0,0.09034267912772576,0.009139837362823311,0.08120284176490244,-0.26199261992619866,11064.0,9781.333333333334,1.265365148228489,1.4312977099236641,20.8700008392334,19.48,2541.0473978370983,0.28431651797134666,0.09120377553486092,0.23341575893389543,164843.0,-3629.0,4066303.0,12.17
2025-05-22,14000.0,14380.0,13820.0,13890.0,354562,464159046420.0,-0.007857142857142896,-0.012153564279322238,0.004296421422179342,-0.26779124934106424,11273.0,9858.833333333334,1.2321476093320323,1.4088888137541629,20.280000686645508,19.95,2541.0473978370983,0.28431651797134666,0.10760118645952277,0.2357469854260129,49112.0,-69452.0,3996301.0,11.96
2025-05-23,14600.0,14950.0,14040.0,14320.0,898140,478528260960.0,0.030957523398128073,-0.0006091114258798269,0.0315666348240079,-0.24512387981022613,11510.0,9945.833333333334,1.2441355343179843,1.4397989107666527,22.290000915527344,19.59,2541.0473978370983,0.28431651797134666,0.11706589801108969,0.12706683178104816,211625.0,-178896.0,3796641.0,11.36
2025-05-26,14360.0,14360.0,13600.0,13830.0,504920,462154039740.0,-0.03421787709497204,0.02018055417807396,-0.054398431273046,-0.27095413811280916,11700.0,10027.5,1.182051282051282,1.3792071802543007,22.290000915527344,19.63,2541.0473978370983,0.28431651797134666,-0.018535375026858758,0.08476939001048467,53078.0,38638.0,3848750.0,11.52
2025-05-27,13820.0,13880.0,13330.0,13480.0,340771,450458167440.0,-0.025307302964569733,-0.0027151459332083183,-0.022592157031361415,-0.2894043226146542,11869.5,10102.833333333334,1.1356838956990607,1.3342791626111485,18.959999084472656,20.01,2541.0473978370983,0.28431651797134666,-0.045423953480399515,0.04007530970668227,-347.0,79741.0,3921719.0,11.74
2025-05-28,13580.0,13780.0,12990.0,13070.0,374965,436757288460.0,-0.030415430267062282,0.012486607869818922,-0.042902038136881204,-0.3110173958882441,12012.5,10166.833333333334,1.0880332986472425,1.2855526958574448,19.309999465942383,20.67,2541.0473978370983,0.28431651797134666,-0.11989262644128862,-0.08402957019510138,-27490.0,102319.0,4013404.0,12.01
2025-05-29,13300.0,13300.0,12650.0,13090.0,426385,437425624020.0,0.0015302218821728886,0.018909047087602326,-0.017378825205429438,-0.3099630996309959,12165.0,10236.0,1.0760378133990958,1.278819851504494,19.18000030517578,21.97,2541.0473978370983,0.28431651797134666,-0.08287302037367206,-0.10570481682271016,1493.0,55769.0,4067514.0,12.17
2025-05-30,13040.0,13340.0,12850.0,12980.0,203645,433749778440.0,-0.008403361344537785,-0.008442855949362116,3.949460482433054e-05,-0.3157617290458615,12295.0,10310.5,1.0557137047580316,1.2589108190679406,18.56999969482422,22.55,2541.0473978370983,0.28431651797134666,-0.06024136873748631,-0.13723195704189373,6100.0,-14917.0,4043730.0,12.1
2025-06-02,12910.0,13340.0,12620.0,13030.0,401456,435420617340.0,0.0038520801232666546,0.0004819154551056748,0.00337016466816098,-0.31312598840274064,12427.5,10378.833333333334,1.0484811909072622,1.2554397571981435,18.360000610351562,22.71,2541.0473978370983,0.28431651797134666,-0.013969165932444128,-0.07946336110068675,123426.0,-111875.0,3922234.0,11.74
2025-06-04,13400.0,13940.0,13080.0,13850.0,629585,462822375300.0,0.06293169608595539,0.026628720574011,0.03630297551194439,-0.26989984185556093,12615.0,10461.666666666666,1.0978993261989696,1.3238808347936912,17.610000610351562,22.03,2541.0473978370983,0.28431651797134666,0.0397126347849297,-0.02056822855738094,178634.0,-48189.0,3886682.0,11.63
2025-06-05,14270.0,14340.0,13350.0,13440.0,474869,449121496320.0,-0.029602888086642576,0.014872731601365041,-0.04447561968800762,-0.29151291512915084,12734.0,10538.166666666666,1.055442123449034,1.275364152524949,18.479999542236328,22.49,2541.0473978370983,0.28431651797134666,-0.004802479507902246,-0.022141810108507354,-450.0,-125118.0,3734426.0,11.18
2025-06-09,13700.0,13790.0,13160.0,13580.0,376277,453799845240.0,0.01041666666666674,0.015547365780827604,-0.005130699114160864,-0.28413284132841277,12854.0,10617.833333333334,1.0564804730045123,1.2789803318316668,17.15999984741211,24.84,2541.0473978370983,0.28431651797134666,-0.01330334329022409,-0.00989368401723878,54821.0,-52228.0,3629741.0,10.86
2025-06-10,13630.0,13650.0,12950.0,13260.0,431951,443106476280.0,-0.02356406480117823,0.0056307328724038985,-0.02919479767358213,-0.3010015814443854,12969.5,10695.166666666666,1.0223987046532248,1.2398123763070548,16.950000762939453,24.34,2541.0473978370983,0.28431651797134666,-0.07880111647575061,-0.03912797629564524,-8626.0,-56819.0,3579119.0,10.71
2025-06-11,13320.0,13900.0,13240.0,13750.0,428745,459480697500.0,0.03695324283559587,0.012253404672816659,0.02469983816277921,-0.27517132314180226,13082.5,10776.0,1.0510223581119817,1.2759836674090572,17.260000228881836,22.77,2541.0473978370983,0.28431651797134666,-0.009625658624963784,-0.01779830280102701,-2829.0,51547.0,3717343.0,11.12
2025-06-12,13620.0,15270.0,13580.0,14840.0,1209832,495904985520.0,0.07927272727272738,0.004468459346904652,0.07480426792582273,-0.2177121771217705,13260.0,10866.166666666666,1.1191553544494721,1.3657070110587912,18.020000457763672,22.17,2541.0473978370983,0.28431651797134666,0.07030930841501981,0.02070298961285133,124870.0,-5184.0,3713925.0,11.11
2025-06-13,15270.0,15300.0,13800.0,14140.0,753807,472513240920.0,-0.047169811320754707,-0.008701935204239564,-0.03846787611651514,-0.2546125461254606,13402.0,10937.0,1.0550664079988061,1.292859102130383,20.81999969482422,24.91,2541.0473978370983,0.28431651797134666,0.0610362299720868,0.026710733184343805,24422.0,-231444.0,3437694.0,10.29
2025-06-16,14140.0,14800.0,13900.0,14800.0,574344,494568314400.0,0.04667609618104662,0.01797810863431648,0.02869798754673014,-0.21982076963626715,13580.0,11014.0,1.0898379970544918,1.3437443254040313,19.110000610351562,24.77,2541.0473978370983,0.28431651797134666,0.06503437935603773,0.06053941984523481,72528.0,13178.0,3465340.0,10.37
2025-06-17,15010.0,15600.0,14010.0,14650.0,657528,489555797700.0,-0.010135135135135087,0.0012353433471541386,-0.011370478482289226,-0.2277279915656293,13670.5,11093.166666666666,1.071650634578106,1.3206328220075423,21.600000381469727,25.82,2541.0473978370983,0.28431651797134666,-0.021140367052074227,0.07836373903652771,43157.0,-8960.0,3464229.0,10.37
2025-06-18,14760.0,15320.0,14460.0,15090.0,432277,504259180020.0,0.03003412969283281,0.007419547915751723,0.02261458177708109,-0.204533473906167,13796.5,11182.0,1.093755662668068,1.3494902521910213,20.139999389648438,25.78,2541.0473978370983,0.28431651797134666,0.039942090841522004,0.0762784826508296,101230.0,-41715.0,3422097.0,10.24
2025-06-19,15270.0,15270.0,14550.0,14730.0,454596,492229139940.0,-0.02385685884691846,0.0018673264285051783,-0.02572418527542364,-0.2235108065366362,13891.0,11266.0,1.0603988193794542,1.3074738150186402,20.139999389648438,24.69,2541.0473978370983,0.28431651797134666,-0.014480081980631776,-0.024249970550416777,99989.0,-160361.0,3180560.0,9.52
2025-06-20,14900.0,15820.0,14500.0,14670.0,1016996,490224133260.0,-0.004073319755600768,0.014809922223188776,-0.018883241978789544,-0.22667369530838097,13924.5,11350.166666666666,1.0535387267047291,1.2924920338908388,20.6200008392334,23.97,2541.0473978370983,0.28431651797134666,-0.021992845477132095,-0.004665336412691179,4029.0,-17554.0,3160017.0,9.46
2025-06-23,14260.0,14500.0,14150.0,14280.0,247779,477191589840.0,-0.026584867075664653,-0.0024389501009779435,-0.02414591697468671,-0.24723247232472256,13944.0,11428.166666666666,1.0240963855421688,1.2495442546923539,19.829999923706055,24.76,2541.0473978370983,0.28431651797134666,-0.06875334422889989,-0.05750924093410803,2934.0,6407.0,3163797.0,9.47
2025-06-24,14610.0,15090.0,14480.0,14500.0,614087,484543281000.0,0.01540616246498594,0.029580630340199088,-0.014174467875213148,-0.23563521349499145,13953.0,11515.0,1.0392030387730238,1.2592270950933564,17.479999542236328,25.76,2541.0473978370983,0.28431651797134666,-0.0572036268286894,-0.06031323032703195,111524.0,34836.0,3225550.0,9.65
2025-06-25,14850.0,14930.0,14060.0,14260.0,332638,476523254280.0,-0.016551724137931045,0.0014853873456450728,-0.018037111483576118,-0.24828676858197088,13974.5,11595.166666666666,1.020430069054349,1.229822770982162,16.760000228881836,25.69,2541.0473978370983,0.28431651797134666,-0.056357496333475976,-0.10096492358768916,-13336.0,-44766.0,3147796.0,9.42
2025-06-26,14450.0,14600.0,13610.0,13850.0,402075,462822375300.0,-0.028751753155680237,-0.009230255419046096,-0.01952149773663414,-0.2698998418555608,13993.0,11672.666666666666,0.9897806045880083,1.1865326403563883,16.59000015258789,25.12,2541.0473978370983,0.28431651797134666,-0.05173307709542341,-0.09476223604889966,-56011.0,111910.0,3264211.0,9.77
2025-06-27,14040.0,14040.0,13290.0,13500.0,248620,451126503000.0,-0.02527075812274371,-0.0076699647800621,-0.01760079334268161,-0.28835002635740586,14014.5,11746.833333333334,0.9632880231189126,1.1492458960570933,16.31999969482422,24.27,2541.0473978370983,0.28431651797134666,-0.05515940256289187,-0.09347978741279173,-49195.0,51599.0,3314020.0,9.92
2025-06-30,13500.0,13670.0,13410.0,13480.0,118663,450458167440.0,-0.001481481481481528,0.0051571726106542926,-0.006638654092135821,-0.2894043226146542,14034.0,11824.666666666666,0.9605244406441499,1.1399898517223883,16.729999542236328,23.99,3156.9585884072967,0.39449909085599066,-0.04376094517145157,-0.07597252453024084,1290.0,970.0,3258576.0,9.75
2025-07-01,13610.0,14040.0,13420.0,13440.0,271616,449121496320.0,-0.0029673590504450953,0.005843653825962747,-0.008811012876407842,-0.29151291512915073,14057.0,11901.5,0.9561072775129829,1.129269419821031,16.829999923706055,23.96,3156.9585884072967,0.39449909085599066,-0.03305046031122527,-0.07060906953143553,16809.0,-29717.0,3286171.0,9.83
2025-07-02,13360.0,13490.0,13170.0,13410.0,203393,448118992980.0,-0.0022321428571429047,-0.004722167304111791,0.002490024446968886,-0.2930943595150232,14076.0,11977.666666666666,0.9526854219948849,1.1195836696073247,16.639999389648438,23.95,3156.9585884072967,0.39449909085599066,-0.012959642521574777,-0.05008193360089053,14650.0,40846.0,3283437.0,9.83
2025-07-03,13700.0,14440.0,13620.0,14360.0,366719,479864932080.0,0.07084265473527229,0.013401351567860376,0.05744130316741192,-0.24301528729572947,14101.5,12071.5,1.0183313831861858,1.1895787598889946,16.3799991607666,23.96,3156.9585884072967,0.39449909085599066,0.05112031473797296,0.02688086730315553,34107.0,36320.0,3325479.0,9.95
2025-07-04,14150.0,14300.0,13760.0,13850.0,186906,462822375300.0,-0.03551532033426186,-0.01989236807011341,-0.015622952264148449,-0.2698998418555608,14122.0,12155.166666666666,0.9807392720577822,1.1394331628525594,16.3799991607666,25.48,3156.9585884072967,0.39449909085599066,0.044308375350232354,0.02885870838168869,17594.0,-40825.0,3269476.0,9.78
2025-07-07,13620.0,13850.0,13400.0,13590.0,131380,454134013020.0,-0.01877256317689535,0.0016992356157483623,-0.020471798792643714,-0.28360569319978857,14122.5,12243.666666666666,0.9622942113648434,1.1099616128066212,17.790000915527344,24.87,3156.9585884072967,0.39449909085599066,0.021346552110619754,0.015025563681180798,6609.0,-2270.0,3263368.0,9.77
2025-07-08,13450.0,14140.0,13430.0,14030.0,164447,468837395340.0,0.032376747608535705,0.01813385357595121,0.014242894032584497,-0.2604111755403263,14161.0,12338.0,0.9907492408728197,1.137137299400227,16.809999465942383,23.52,3156.9585884072967,0.39449909085599066,-0.021851857024207666,0.03807947059017314,17682.0,32349.0,3311938.0,9.91
2025-07-09,14060.0,14110.0,13680.0,13790.0,109958,460817368620.0,-0.017106200997861754,0.00603221218865202,-0.023138413186513773,-0.2730627306273057,14163.0,12429.5,0.9736637717997599,1.1094573393941831,15.9399995803833,21.85,3156.9585884072967,0.39449909085599066,-0.02936731794657299,0.012451032956690478,-13891.0,12596.0,3317899.0,9.93
2025-07-10,14010.0,14200.0,13440.0,13510.0,241234,451460670780.0,-0.02030456852791873,0.015792628102076156,-0.03609719662999489,-0.28782287822878166,14096.5,12507.5,0.9583939275706735,1.0801519088546871,15.779999732971191,21.01,3156.9585884072967,0.39449909085599066,-0.044992715783924164,-0.08108746684071633,-44148.0,-2078.0,3301275.0,9.88
2025-07-11,13520.0,13580.0,13320.0,13460.0,184612,449789831880.0,-0.0037009622501850137,-0.0023435193131730037,-0.00135744293701201,-0.2904586188719024,14062.5,12578.333333333334,0.9571555555555555,1.070094077116735,16.399999618530273,21.66,3156.9585884072967,0.39449909085599066,-0.06059305275352067,-0.06682195751357989,2396.0,9531.0,3316002.0,9.92
2025-07-14,13460.0,13480.0,12650.0,12760.0,432565,426398087280.0,-0.0520059435364042,0.008268863804407722,-0.06027480734081192,-0.3273589878755925,13960.5,12634.666666666666,0.9140073779592421,1.009919797382862,17.200000762939453,22.56,3156.9585884072967,0.39449909085599066,-0.09772944690781882,-0.1066249660617481,-96462.0,20876.0,3359984.0,10.05
2025-07-15,12780.0,13310.0,12600.0,12980.0,279088,433749778440.0,0.01724137931034475,0.0041379999184172345,0.013103379391927517,-0.31576172904586136,13877.0,12688.5,0.935360668732435,1.022973558734287,17.3799991607666,22.47,3156.9585884072967,0.39449909085599066,-0.048528870885896414,-0.10776448070240507,-70658.0,81627.0,3497623.0,10.47
2025-07-16,12980.0,13730.0,12860.0,13730.0,313172,458812361940.0,0.05778120184899849,-0.008988376197731962,0.06676957804673045,-0.2762256193990506,13809.0,12761.833333333334,0.9942790933449199,1.07586423058338,17.15999984741211,22.27,3156.9585884072967,0.39449909085599066,0.019598150097846045,-0.017856489469160852,-901.0,83957.0,3597484.0,10.77
2025-07-17,13600.0,13710.0,13210.0,13420.0,232271,448453160760.0,-0.022578295702840534,0.001854818467151187,-0.02443311416999172,-0.2925672113863991,13743.5,12828.0,0.9764616000291046,1.04614904895541,16.520000457763672,21.74,3156.9585884072967,0.39449909085599066,0.055439843268666245,-0.0061924070091576855,36423.0,-40530.0,3550959.0,10.63
2025-07-18,13390.0,13440.0,13080.0,13270.0,135402,443440644060.0,-0.011177347242920965,-0.0013219258436694137,-0.009855421399251552,-0.30047443331576124,13673.5,12887.333333333334,0.9704903645738107,1.0296932388391702,16.40999984741211,20.5,3156.9585884072967,0.39449909085599066,0.032481042477487176,-0.014690385471397227,2298.0,-16189.0,3524964.0,10.55
2025-07-21,13150.0,13690.0,13050.0,13500.0,116254,451126503000.0,0.017332328560663246,0.007132838910933081,0.010199489649730165,-0.28835002635740586,13634.5,12950.5,0.9901353184935274,1.042430794177831,16.649999618530273,20.4,3156.9585884072967,0.39449909085599066,-0.024089045919513108,0.05578391151914486,-855.0,12238.0,3536838.0,10.58
2025-07-22,13500.0,13510.0,12900.0,12950.0,170603,432747275100.0,-0.040740740740740744,-0.012728911533745446,-0.028011829206995298,-0.3173431734317338,13557.0,13006.666666666666,0.9552260824666224,0.9956432598667351,16.5,21.22,3156.9585884072967,0.39449909085599066,-0.027667760956516685,0.014668702920222043,4898.0,-76749.0,3428938.0,10.26
2025-07-23,13020.0,13120.0,12690.0,12940.0,186216,432413107320.0,-0.0007722007722007485,0.004362883329223077,-0.005135084101423826,-0.31787032156035794,13491.0,13055.166666666666,0.9591579571566229,0.9911784606349977,15.369999885559082,21.09,3156.9585884072967,0.39449909085599066,-0.02294742365868896,-0.05723595922793223,-36752.0,2988.0,3445550.0,10.31
2025-07-24,13140.0,14400.0,13140.0,14120.0,993591,471844905360.0,0.09119010819165374,0.002098120027403283,0.08909198816425046,-0.255666842382709,13504.5,13122.333333333334,1.045577400125884,1.0760281454009704,15.390000343322754,21.45,3156.9585884072967,0.39449909085599066,0.055945074855831334,0.05628914310630995,46272.0,288267.0,3785385.0,11.33
2025-07-25,14950.0,15150.0,13780.0,13980.0,832168,467166556440.0,-0.009915014164305958,0.0017552689250597275,-0.011670283089365685,-0.263046916183447,13528.5,13185.166666666666,1.033373988247034,1.060282388037062,14.930000305175781,21.68,3156.9585884072967,0.39449909085599066,0.07228662097346095,0.05447428141619581,41387.0,-289105.0,3439793.0,10.29
2025-07-28,13900.0,14410.0,13780.0,14240.0,311669,475854918720.0,0.01859799713876975,0.004214568137962615,0.014383429000807135,-0.24934106483921922,13566.5,13255.166666666666,1.0496443445251171,1.0742980724497366,15.029999732971191,22.33,3156.9585884072967,0.39449909085599066,0.09180513407569191,0.058658220767272784,4761.0,-59932.0,3383852.0,10.13
2025-07-29,14370.0,14410.0,13920.0,14100.0,230152,471176569800.0,-0.0098314606741573,0.006558628299567104,-0.016390088973724404,-0.2567211386399572,13599.5,13317.166666666666,1.0368028236332218,1.0587837753275848,15.979999542236328,22.34,3156.9585884072967,0.39449909085599066,-0.013676943062282954,0.07027996100054368,-33611.0,15206.0,3399569.0,10.17
2025-07-30,14110.0,14500.0,14060.0,14240.0,178480,475854918720.0,0.0099290780141843,0.007398044876917753,0.0025310331372665473,-0.24934106483921933,13641.0,13381.5,1.0439117366761967,1.0641557373986474,15.479999542236328,22.82,3156.9585884072967,0.39449909085599066,0.0005243731643492788,0.07794607823923405,2011.0,5243.0,3403896.0,10.19
2025-07-31,14490.0,14870.0,14330.0,14510.0,320851,484877448780.0,0.018960674157303403,-0.0027746543609754593,0.021735328518278862,-0.23510806536636739,13648.5,13455.0,1.063120489431073,1.0784095131921219,16.719999313354492,21.85,3156.9585884072967,0.39449909085599066,0.007876272681821006,0.010589418593262456,45179.0,40736.0,3484133.0,10.43
2025-08-01,14270.0,14320.0,13600.0,14320.0,316573,478528260960.0,-0.013094417643004785,-0.038832956878649294,0.02573853923564451,-0.24512387981022613,13672.0,13509.333333333334,1.0473961380924517,1.06000789577576,20.3799991607666,25.87,3156.9585884072967,0.39449909085599066,0.05000490089118992,0.04799824091827265,-29770.0,1864.0,3483454.0,10.42
2025-08-04,14610.0,14980.0,14210.0,14450.0,395055,482872442100.0,0.009078212290502874,0.009085079771212534,-6.867480709660256e-06,-0.23827095413811217,13715.0,13563.833333333334,1.053590958804229,1.0653330548148876,17.520000457763672,24.05,3156.9585884072967,0.39449909085599066,0.04746700027321371,0.033607944436755854,3977.0,-92824.0,3383678.0,10.13
2025-08-05,14700.0,15600.0,14690.0,15210.0,1226890,508269193380.0,0.05259515570934248,0.015963783654991737,0.03663137205435074,-0.19820769636267732,13774.0,13634.833333333334,1.1042543923333816,1.115525186715398,17.850000381469727,22.31,3156.9585884072967,0.39449909085599066,0.06236304380928559,0.086629405464831,44529.0,288919.0,3717847.0,11.13
2025-08-06,15010.0,15020.0,14650.0,14910.0,270042,498244159980.0,-0.01972386587771202,4.37437705207433e-05,-0.019767609648232765,-0.21402214022140165,13830.0,13691.833333333334,1.0780911062906724,1.0889703107691933,16.770000457763672,21.93,3156.9585884072967,0.39449909085599066,0.016856894925408317,0.06433076267933169,-2620.0,-104408.0,3597741.0,10.77
2025-08-07,15350.0,16270.0,15050.0,15550.0,808480,519630897900.0,0.04292421193829643,0.009236631309047283,0.03368758062924915,-0.18028465998945645,13932.0,13762.833333333334,1.1161355153603216,1.129854559986437,16.56999969482422,21.08,3156.9585884072967,0.39449909085599066,0.050551343035367124,0.07628301479030197,43231.0,65386.0,3673724.0,10.99
2025-08-08,15620.0,16130.0,15460.0,15600.0,447865,521301736800.0,0.003215434083601254,-0.0054744963098055655,0.00868993039340682,-0.17764891934633573,14039.0,13834.5,1.1111902557162192,1.1276157432505691,15.149999618530273,20.79,3156.9585884072967,0.39449909085599066,0.022609901374423202,0.059234405948064284,96104.0,-88671.0,3550151.0,10.62
2025-08-11,15610.0,15870.0,15470.0,15680.0,301266,523975079040.0,0.00512820512820511,-0.001009339604710946,0.006137544732916056,-0.17343173431734263,14185.0,13908.5,1.105393020796616,1.1273681561634972,16.25,20.34,3156.9585884072967,0.39449909085599066,0.04851505575557202,0.06537881816169,17017.0,562.0,3540264.0,10.59
2025-08-12,15540.0,15590.0,15030.0,15080.0,277073,503925012240.0,-0.03826530612244894,-0.005257660299674227,-0.03300764582277471,-0.20506062203479125,14290.0,13945.833333333334,1.0552834149755073,1.081326561099492,14.729999542236328,21.15,3156.9585884072967,0.39449909085599066,-0.018180170696451836,-0.004260199715435453,-24055.0,45376.0,3580935.0,10.72
2025-08-13,15230.0,15580.0,14820.0,15100.0,242821,504593347800.0,0.0013262599469496816,0.010802877205813521,-0.00947661725886384,-0.20400632577754294,14358.5,13988.0,1.0516418845979734,1.0794967114669718,14.489999771118164,20.11,3156.9585884072967,0.39449909085599066,-0.036346718348722495,0.006030792673933472,-36889.0,66090.0,3637417.0,10.89
2025-08-14,15100.0,15870.0,15010.0,15170.0,341673,506932522260.0,0.004635761589403931,0.0004000145377232034,0.004235747051680727,-0.20031628887717398,14446.0,14026.833333333334,1.0501176796345009,1.0814985563384465,14.829999923706055,20.46,3156.9585884072967,0.39449909085599066,-0.038248516029957824,-0.02342104090363495,-40718.0,46169.0,3690735.0,11.04
2025-08-18,14790.0,14790.0,14100.0,14250.0,412089,476189086500.0,-0.060646011865524097,-0.01499844500992753,-0.045647566855596566,-0.24881391671059527,14495.0,14031.0,0.9830976198689203,1.0156082959161856,14.989999771118164,21.37,3156.9585884072967,0.39449909085599066,-0.05088843706277968,-0.07775853815263833,-89153.0,53840.0,3745435.0,11.21
2025-08-19,14320.0,14400.0,13790.0,13960.0,193947,466498220880.0,-0.020350877192982453,-0.008094965022273137,-0.012255912170709315,-0.2641012124406954,14518.0,14032.166666666666,0.9615649538503926,0.9948570546244938,15.569999694824219,21.5,3156.9585884072967,0.39449909085599066,-0.053667731974625155,-0.0961519950562637,-32624.0,37658.0,3818640.0,11.43
2025-08-20,13440.0,13520.0,12880.0,13160.0,515693,439764798480.0,-0.05730659025787965,-0.006812489784092879,-0.050494100473786774,-0.30627306273062693,14528.5,14012.833333333334,0.9058058299205011,0.9391391224710681,15.6899995803833,22.13,3156.9585884072967,0.39449909085599066,-0.10839757950009266,-0.11363844970727577,-134369.0,48870.0,3876059.0,11.6
2025-08-21,13330.0,13330.0,12990.0,13050.0,206879,436088952900.0,-0.008358662613981771,0.00372190640417025,-0.012080569018152021,-0.3120716921454925,14534.0,13999.833333333334,0.897894591991193,0.9321539542137406,16.600000381469727,21.38,3156.9585884072967,0.39449909085599066,-0.07483058166264811,-0.11624240146656395,-37861.0,-12953.0,3851053.0,11.52
2025-08-22,13000.0,13400.0,12940.0,13100.0,171468,437759791800.0,0.003831417624521105,0.008590777823202833,-0.004759360198681728,-0.3094359515023718,14483.0,13993.5,0.9045087343782365,0.9361489262872048,14.220000267028809,21.09,3156.9585884072967,0.39449909085599066,-0.06733402969062052,-0.1252375087169264,-29395.0,-5531.0,3849689.0,11.52
2025-08-25,13430.0,13510.0,13160.0,13190.0,127641,440767301820.0,0.006870229007633677,0.012980003725985068,-0.006109774718351391,-0.30469161834475444,14443.5,13995.5,0.913213556270987,0.9424457861455467,14.789999961853027,20.1,3156.9585884072967,0.39449909085599066,-0.02294970393518514,-0.08569971657968123,-2418.0,-9410.0,3836803.0,11.48
2025-08-26,13280.0,13780.0,13160.0,13630.0,173966,455470684140.0,0.03335860500379084,-0.009501971730630165,0.04286057673442101,-0.28149710068529205,14413.0,14004.5,0.9456740442655935,0.973258595451462,14.619999885559082,20.37,3156.9585884072967,0.39449909085599066,0.03199144181738789,-0.030583227674550906,-6073.0,4637.0,3864526.0,11.56
2025-08-27,13890.0,16890.0,13790.0,16550.0,4777211,553047675900.0,0.21423330887747616,0.0024532624251314417,0.21178004645234472,-0.12756984712704206,14535.5,14064.0,1.1385917237109147,1.1767633674630262,14.850000381469727,19.97,3156.9585884072967,0.39449909085599066,0.24853084846841433,0.23169091925158058,158025.0,438774.0,4425139.0,13.24
2025-08-28,16210.0,16680.0,15730.0,16390.0,1006869,547700991420.0,-0.00966767371601207,0.002874081157709263,-0.012541754873721334,-0.13600421718502836,14643.0,14120.0,1.1193061531107014,1.1607648725212465,14.430000305175781,19.31,3156.9585884072967,0.39449909085599066,0.2420988683130444,0.23122973339601127,43412.0,8115.0,4374225.0,13.09
2025-08-29,16520.0,17030.0,16140.0,16360.0,860370,546698488080.0,-0.0018303843807199183,-0.003225602684728046,0.0013952183040081279,-0.13758566157090077,14735.5,14161.833333333334,1.1102439686471446,1.1552176624966164,15.359999656677246,19.52,3156.9585884072967,0.39449909085599066,0.2006335098826315,0.23738431189870113,-5252.0,-70988.0,4291795.0,12.84
2025-09-01,16340.0,16340.0,15480.0,15680.0,439384,523975079040.0,-0.041564792176039145,-0.013521639289566845,-0.0280431528864723,-0.17343173431734252,14803.5,14199.166666666666,1.0592089708514878,1.1042901578731146,15.359999656677246,20.4,3156.9585884072967,0.39449909085599066,-0.039189689456185506,0.21545093373058022,-89120.0,75893.0,4372893.0,13.09
2025-09-02,15910.0,16480.0,15720.0,16090.0,555485,537675958020.0,0.02614795918367352,0.009360745118573988,0.01678721406509953,-0.15181866104375258,14885.5,14241.0,1.0809176715595714,1.1298363878941085,17.170000076293945,19.57,3156.9585884072967,0.39449909085599066,-0.00986072051736464,0.18937757106125874,-27726.0,-121132.0,4251873.0,12.72
2025-09-03,15990.0,16010.0,15630.0,15820.0,235533,528653427960.0,-0.016780609073958952,0.0038046948940684278,-0.02058530396802738,-0.16605166051660442,14916.0,14283.666666666666,1.0606060606060606,1.1075587500875126,16.350000381469727,19.74,3156.9585884072967,0.39449909085599066,-0.03184124278940015,-0.042987779359113354,-15544.0,19046.0,4259644.0,12.75
2025-09-04,15850.0,16180.0,15700.0,15830.0,203705,528987595740.0,0.0006321112515803584,0.00515326390758708,-0.004521152656006722,-0.16552451238798024,14962.0,14318.333333333334,1.0580136345408369,1.105575602374578,15.300000190734863,19.26,3156.9585884072967,0.39449909085599066,-0.00831924255893457,-0.03496717714139874,-1577.0,-31798.0,4220189.0,12.63
2025-09-05,16000.0,16220.0,15320.0,15490.0,511357,517625891220.0,-0.021478205938092243,0.001340289536710726,-0.02281849547480297,-0.18344754876120112,14959.0,14329.166666666666,1.0354970252022193,1.0810119220703693,15.180000305175781,18.43,3156.9585884072967,0.39449909085599066,-0.04792495209883707,-0.05918089092020984,-12891.0,15896.0,4252771.0,12.73
2025-09-08,15360.0,15400.0,15010.0,15360.0,188945,513281710080.0,-0.008392511297611316,0.004514642251792544,-0.01290715354940386,-0.19030047443331496,14947.0,14349.5,1.027630962734997,1.070420572145371,15.109999656677246,18.36,3156.9585884072967,0.39449909085599066,-0.04024680168021355,-0.0440448915831414,-16560.0,5254.0,4261082.0,12.75
2025-09-09,15470.0,15570.0,15170.0,15480.0,219963,517291723440.0,0.0078125,0.012566805038217721,-0.004754305038217721,-0.18397469688982518,14937.0,14360.833333333334,1.0363526812612975,1.077931874891197,15.039999961853027,18.7,3156.9585884072967,0.39449909085599066,-0.04047995406242455,-0.06558641068645865,-12580.0,-41505.0,4201313.0,12.57
2025-09-10,15880.0,16250.0,15310.0,16040.0,554939,536005119120.0,0.036175710594315236,0.016711393890512127,0.01946431670380311,-0.1544544016868731,14985.0,14384.0,1.0704037370704038,1.1151279199110122,15.350000381469727,20.38,3156.9585884072967,0.39449909085599066,0.0018028581161815271,-0.025536790014628163,60706.0,-72109.0,4144343.0,12.4
2025-09-11,17040.0,17050.0,16170.0,16420.0,1351611,548703494760.0,0.023690773067331694,0.008951471735887173,0.014739301331444521,-0.13442277279915557,15051.0,14406.166666666666,1.0909574114676766,1.1397896734037507,14.710000038146973,20.06,3156.9585884072967,0.39449909085599066,0.02944931299702991,-0.006276336027176921,-378580.0,154746.0,4304818.0,12.88
2025-09-12,17100.0,17350.0,16710.0,17170.0,1184698,573766078260.0,0.04567600487210721,0.015351979140073357,0.030324025732033855,-0.09488666315234477,15151.0,14446.833333333334,1.133258530790047,1.1884957487800094,14.760000228881836,20.61,3156.9585884072967,0.39449909085599066,0.06452764376728148,0.0468661851796599,25073.0,-10960.0,4303431.0,12.88
2025-09-15,17450.0,17620.0,16550.0,17080.0,592708,570758568240.0,-0.005241700640652325,0.003466317403372443,-0.008708018044024768,-0.09963099630996204,15292.5,14487.0,1.1168873630864804,1.1789880582591288,15.6899995803833,20.71,3156.9585884072967,0.39449909085599066,0.03635530901945361,0.051065320685038995,-15414.0,-9611.0,4241848.0,12.69
2025-09-16,17140.0,17140.0,16590.0,16610.0,321218,555052682580.0,-0.02751756440281028,0.012417437176589718,-0.0399350015794,-0.12440695835529675,15425.0,14525.833333333334,1.0768233387358184,1.1434800068842865,16.360000610351562,21.03,3156.9585884072967,0.39449909085599066,-0.01831899389139091,0.015884624143856718,-12487.0,21746.0,4233472.0,12.67
2025-09-17,16610.0,16670.0,16020.0,16070.0,313415,537007622460.0,-0.032510535821794084,-0.010499769137849446,-0.022010766683944638,-0.1528729573010005,15570.5,14552.0,1.0320798946726182,1.1043155579989006,15.720000267028809,21.1,3156.9585884072967,0.39449909085599066,-0.0706537863073694,-0.02559045924389103,-36295.0,35034.0,4263816.0,12.76
2025-09-18,16420.0,16630.0,16130.0,16500.0,375219,551376837000.0,0.026757934038581288,0.014032972360339402,0.012724961678241886,-0.13020558777016225,15743.0,14589.333333333334,1.048084863113765,1.13096326082983,15.699999809265137,20.69,3156.9585884072967,0.39449909085599066,-0.04922080658510275,-0.027604798897093663,68208.0,-19446.0,4218824.0,12.62
2025-09-22,16450.0,16740.0,16100.0,16200.0,599723,541351803600.0,-0.018181818181818188,0.0067948567228208745,-0.024976674904639062,-0.14602003162888658,15898.0,14628.5,1.0189961001383823,1.107427282359777,16.100000381469727,20.94,3156.9585884072967,0.39449909085599066,-0.034262479910341814,-0.08290549953376658,4319.0,-70978.0,4065364.0,12.17
2025-09-23,16400.0,16400.0,15390.0,15550.0,793416,519630897900.0,-0.04012345679012341,0.005056733759912779,-0.04518019055003619,-0.18028465998945592,16016.0,14662.666666666666,0.9709040959040959,1.0605165045012277,16.639999389648438,20.98,3156.9585884072967,0.39449909085599066,-0.05743190377643337,-0.119377672039778,-29828.0,-3948.0,4053827.0,12.13
2025-09-24,15800.0,15800.0,15050.0,15380.0,666449,513950045640.0,-0.010932475884244397,-0.004030201757296514,-0.006902274126947883,-0.18924617817606643,16103.5,14694.333333333334,0.9550718787841153,1.0466619785404805,16.18000030517578,21.2,3156.9585884072967,0.39449909085599066,-0.07705913958162314,-0.08634494458732589,-53576.0,31480.0,4078795.0,12.21
2025-09-25,15360.0,15360.0,14820.0,14870.0,568923,496907488860.0,-0.033159947984395366,-0.00029658515731212365,-0.03286336282708324,-0.21613073273589778,16019.5,14718.166666666666,0.9282437029869847,1.0103160493267958,16.739999771118164,20.62,3156.9585884072967,0.39449909085599066,-0.08494582750406732,-0.0971975407304645,-15225.0,-61384.0,4017356.0,12.02
2025-09-26,14750.0,14750.0,14140.0,14270.0,509022,476857422060.0,-0.04034969737726968,-0.0245051456051123,-0.015844551772157378,-0.24775962045334643,15913.5,14732.5,0.8967229082225783,0.9686068216528084,15.289999961853027,21.77,3156.9585884072967,0.39449909085599066,-0.0556101887261885,-0.12576705418086376,-4279.0,-43383.0,3917912.0,11.72
2025-09-29,14270.0,14470.0,14140.0,14380.0,374520,480533267640.0,0.007708479327259932,0.013337048022962428,-0.005628568695702496,-0.24196099103848093,15814.5,14732.833333333334,0.9092921053463594,0.9760512234578096,16.1200008392334,20.96,3156.9585884072967,0.39449909085599066,-0.054336483294943116,-0.10641894797192719,5885.0,-76032.0,3841281.0,11.5
2025-09-30,14560.0,14850.0,14310.0,14400.0,336595,481201603200.0,0.0013908205841446364,-0.001926394291372313,0.0033172148755169495,-0.24090669478123258,15750.5,14742.0,0.9142566902638012,0.9768009768009768,16.280000686645508,20.62,2785.8856324807857,0.3851427363246044,-0.018155905592342925,-0.05792154254637405,3749.0,-110431.0,3730770.0,11.16
2025-10-01,14410.0,15200.0,14410.0,15050.0,663037,502922508900.0,0.04513888888888884,0.009119307241193919,0.03601958164769492,-0.20664206642066324,15698.5,14766.333333333334,0.95869032073128,1.0192103659224814,16.290000915527344,20.55,2785.8856324807857,0.3851427363246044,0.033708227827509374,-0.014999686771731247,23016.0,-106482.0,3627001.0,10.85
2025-10-02,15300.0,16730.0,15280.0,16090.0,1670555,537675958020.0,0.06910299003322251,0.027020970563218283,0.04208201947000423,-0.15181866104375227,15712.0,14800.666666666666,1.0240580448065173,1.08711319309941,16.6299991607666,22.34,2785.8856324807857,0.3851427363246044,0.0814188159932161,0.059945695525356224,37812.0,339891.0,3967826.0,11.87
2025-10-10,16600.0,16680.0,16110.0,16270.0,802183,543690978060.0,0.011187072715972635,0.017296845606320277,-0.006109772890347642,-0.14232999472851773,15734.0,14842.0,1.0340663531206304,1.0962134483223285,21.65999984741211,23.9,2785.8856324807857,0.3851427363246044,0.0719918282273515,0.06968047440716596,-2595.0,-57115.0,3909738.0,11.7
2025-10-13,15750.0,15970.0,15590.0,15870.0,477713,530324266860.0,-0.024585125998770718,-0.0072148806634760865,-0.017370245335294632,-0.16341591987348347,15753.0,14881.333333333334,1.007427156732051,1.0664366992204999,19.030000686645508,28.03,2785.8856324807857,0.3851427363246044,0.018602001244361954,0.057938797767573824,-133.0,19600.0,3897658.0,11.66
2025-10-14,16400.0,16860.0,15330.0,15420.0,1004624,515286716760.0,-0.02835538752362954,-0.006343889728031349,-0.02201149779559819,-0.18713758566156996,15756.0,14914.0,0.9786747905559787,1.0339278530240044,20.809999465942383,30.45,2785.8856324807857,0.3851427363246044,-0.04549151602124046,0.032610085096458685,4700.0,-78629.0,3818082.0,11.43
2025-10-15,15440.0,15940.0,15440.0,15920.0,358348,531995105760.0,0.03242542153048,0.026803779295524244,0.005621642234955759,-0.16078017923036267,15778.0,14966.666666666666,1.008999873241222,1.0636971046770602,20.639999389648438,27.66,2785.8856324807857,0.3851427363246044,-0.03376010089593706,0.002212145683719524,-8882.0,66019.0,3883781.0,11.62
2025-10-16,15980.0,16000.0,15390.0,15420.0,589287,515286716760.0,-0.031407035175879394,0.02490651171388092,-0.05631354688976031,-0.18713758566156985,15747.0,15007.333333333334,0.9792341398361593,1.02749766780685,25.309999465942383,29.89,2785.8856324807857,0.3851427363246044,-0.07270340245040274,-0.09618342067604502,-186894.0,61946.0,3922108.0,11.74
2025-10-17,15420.0,15960.0,14950.0,15000.0,574062,501251670000.0,-0.027237354085603127,0.00013866704044018796,-0.027376021126043315,-0.20927780706378396,15676.0,15028.5,0.9568767542740495,0.9981036031540074,20.780000686645508,34.58,2785.8856324807857,0.3851427363246044,-0.07806792578084787,-0.11744966891174069,-691.0,-7568.0,3913991.0,11.71
2025-10-20,15050.0,17600.0,15050.0,17070.0,4121438,570424400460.0,0.1379999999999999,0.01755187554544957,0.12044812445455033,-0.10015814443858621,15671.0,15089.333333333334,1.08927317975879,1.1312627021295396,18.229999542236328,30.9,2785.8856324807857,0.3851427363246044,0.0367585564387467,0.020368700878104273,45190.0,717105.0,4629906.0,13.86
2025-10-21,17370.0,17380.0,15900.0,16010.0,1697162,535002615780.0,-0.06209724663151728,0.00239866060542826,-0.06449590723694554,-0.15603584607274548,15617.5,15135.0,1.0251320633904275,1.0578130161876445,17.8700008392334,30.62,2785.8856324807857,0.3851427363246044,0.02857619609156148,-0.022115708563243075,-24832.0,-360728.0,4270690.0,12.78
2025-10-22,16120.0,16120.0,15270.0,15600.0,856397,521301736800.0,-0.025608994378513383,0.015649149120932515,-0.0412581434994459,-0.1776489193463353,15567.0,15170.0,1.0021198689535555,1.028345418589321,18.600000381469727,29.98,2785.8856324807857,0.3851427363246044,0.014694073718158895,-0.06899549429764473,-97084.0,-231394.0,4038527.0,12.09
2025-10-23,15560.0,15700.0,15120.0,15310.0,655218,511610871180.0,-0.018589743589743635,-0.009815400269293506,-0.008774343320450129,-0.19293621507643557,15529.0,15209.333333333334,0.9858973533389143,1.0066187428771807,17.299999237060547,30.63,2785.8856324807857,0.3851427363246044,-0.11452839405684156,-0.02145629072833455,-13465.0,-194099.0,3844336.0,11.5
2025-10-24,15540.0,16180.0,15360.0,16000.0,793219,534668448000.0,0.045068582625734877,0.02497166286150554,0.020096919764229337,-0.15656299420136954,15504.0,15260.333333333334,1.0319917440660475,1.0484698892553679,16.3700008392334,31.29,2785.8856324807857,0.3851427363246044,-0.02993556705566669,0.026016650161938104,-12299.0,12927.0,3855497.0,11.54
2025-10-27,16140.0,16230.0,15200.0,15300.0,1205927,511276703400.0,-0.043749999999999956,0.02568506312855945,-0.0694350631285594,-0.19346336320505964,15459.0,15280.0,0.9897147292839122,1.0013089005235603,15.789999961853027,32.94,2785.8856324807857,0.3851427363246044,-0.058112486684780196,-0.16386653742117163,-62622.0,-401954.0,3450462.0,10.33
2025-10-28,15380.0,15900.0,15010.0,15630.0,1192472,522304240140.0,0.021568627450980316,-0.008019176020047092,0.029587803471027407,-0.17606747496046293,15463.0,15307.5,1.0107999741317986,1.0210681038706517,16.420000076293945,33.24,2785.8856324807857,0.3851427363246044,-0.01975033989330266,-0.06978282671319869,-51996.0,-48826.0,3402387.0,10.18
2025-10-29,16070.0,16180.0,15040.0,15310.0,1456063,511610871180.0,-0.02047344849648114,0.017639092208698415,-0.038112540705179554,-0.19293621507643557,15459.5,15325.333333333334,0.9903295708140626,0.9989994779885157,16.920000076293945,32.63,2785.8856324807857,0.3851427363246044,-0.07795980036271155,-0.06663722391893234,-256864.0,-289760.0,3109907.0,9.31
2025-10-30,15310.0,15350.0,14480.0,14510.0,1145680,484877448780.0,-0.05225342913128672,0.001406463955435422,-0.053659893086722144,-0.23510806536636708,15441.5,15332.166666666666,0.9396755496551501,0.946376354722642,16.90999984741211,31.89,2785.8856324807857,0.3851427363246044,-0.06218463032087429,-0.11152277368520436,-212199.0,-81046.0,3020129.0,9.04
2025-10-31,14510.0,14720.0,14420.0,14510.0,481308,484877448780.0,0.0,0.005042980839611966,-0.005042980839611966,-0.23510806536636708,15453.5,15336.666666666666,0.9389458698676675,0.9460986742012606,17.440000534057617,30.4,2785.8856324807857,0.3851427363246044,-0.09681541463151366,-0.13666267428904566,20263.0,-47724.0,2975595.0,8.9
2025-11-03,14550.0,15150.0,14520.0,14890.0,611829,497575824420.0,0.02618883528600957,0.02784421599208775,-0.00165538070607818,-0.21507643647864966,15479.0,15343.0,0.9619484462820596,0.9704751352408264,17.170000076293945,32.89,2785.8856324807857,0.3851427363246044,-0.06035825463241229,-0.06888299186656444,1161.0,37047.0,3012651.0,9.02
2025-11-04,15090.0,15670.0,14700.0,14800.0,921578,494568314400.0,-0.006044325050369337,-0.02371695007974428,0.017672625029374944,-0.21982076963626693,15499.0,15351.0,0.9549003161494289,0.9641065728617029,19.0,35.78,2785.8856324807857,0.3851427363246044,0.010974263483684799,-0.0807981703082169,-659.0,-100420.0,2911709.0,8.71
2025-11-05,14500.0,14500.0,13600.0,14110.0,739540,471510737580.0,-0.046621621621621645,-0.028463781274122413,-0.018157840347499232,-0.25619399051133285,15452.0,15345.333333333334,0.9131504012425576,0.9194977843426883,18.010000228881836,40.51,2785.8856324807857,0.3851427363246044,-0.002140596024202468,-0.06084346995053658,10002.0,-67579.0,2840847.0,8.5
2025-11-06,14300.0,15120.0,14210.0,14800.0,648434,494568314400.0,0.04890148830616581,0.005501428353338111,0.043400059952827696,-0.21982076963626693,15387.5,15338.5,0.9618196588139724,0.9648922645630277,19.5,40.2,2785.8856324807857,0.3851427363246044,0.04291484463470341,0.03621648308901326,13100.0,192834.0,3033691.0,9.08
2025-11-07,14550.0,15420.0,13990.0,14150.0,555224,472847408700.0,-0.04391891891891897,-0.01805310938612159,-0.02586580953279738,-0.25408539799683627,15281.5,15325.833333333334,0.9259562215751072,0.9232776901745419,19.079999923706055,41.88,2785.8856324807857,0.3851427363246044,-0.000623589927468915,0.01539365439582785,-18324.0,-105222.0,2927076.0,8.76
2025-11-10,14260.0,14450.0,13950.0,14360.0,278345,479864932080.0,0.014840989399293347,0.03021933050403658,-0.015378341104743232,-0.24301528729572924,15206.0,15306.0,0.9443640668157306,0.9381941722200444,17.600000381469727,39.75,2785.8856324807857,0.3851427363246044,0.0021559093152870856,0.0016706939971627977,-5197.0,20728.0,2955334.0,8.84
2025-11-11,14560.0,15860.0,14550.0,15550.0,1957667,519630897900.0,0.08286908077994437,0.00813852033365392,0.07473056044629045,-0.18028465998945603,15212.5,15305.166666666666,1.0221857025472474,1.015996776687611,17.280000686645508,38.93,2785.8856324807857,0.3851427363246044,0.03348640980874984,0.058728629414078304,122127.0,666231.0,3617236.0,10.82
2025-11-12,15560.0,15570.0,14840.0,15120.0,787421,505261683360.0,-0.027652733118971096,0.010715007228991213,-0.03836774034796231,-0.20295202952029429,15172.5,15295.833333333334,0.9965397923875432,0.9885044946880959,17.510000228881836,36.1,2785.8856324807857,0.3851427363246044,0.02098447899358491,0.03851872941361523,-16028.0,-329106.0,3330329.0,9.97
2025-11-13,15100.0,15180.0,14730.0,14950.0,367150,499580831100.0,-0.011243386243386277,0.00487658880901054,-0.016119975052396818,-0.21191354770690476,15149.0,15293.666666666666,0.9868638193940195,0.9775288245679039,20.0,33.34,2785.8856324807857,0.3851427363246044,0.020242845045931324,-0.021001305591609287,15422.0,-104537.0,3213556.0,9.62
2025-11-14,14540.0,14950.0,14210.0,14310.0,504628,478194093180.0,-0.04280936454849493,-0.038138079600067876,-0.004671284948427057,-0.24565102793884996,15114.5,15280.5,0.9467729663568096,0.9364876803769511,19.829999923706055,36.66,2785.8856324807857,0.3851427363246044,-0.059159000348786184,0.00019321899276103505,-28092.0,-69938.0,3111712.0,9.31
2025-11-17,14430.0,14830.0,13940.0,14060.0,440945,469839898680.0,-0.017470300489168422,0.019363972289381914,-0.03683427277855034,-0.25882973115445357,14964.0,15262.0,0.9395883453622026,0.9212423011400865,22.3799991607666,34.36,2785.8856324807857,0.3851427363246044,-0.05762553277937421,-0.02126271268104607,-32574.0,-61921.0,3133224.0,9.38
2025-11-18,13920.0,13920.0,13030.0,13060.0,1065706,436423120680.0,-0.07112375533428161,-0.03316742258666017,-0.037956332747621446,-0.311544544016868,14816.5,15242.166666666666,0.8814497350926332,0.8568335647819099,24.690000534057617,39.26,2785.8856324807857,0.3851427363246044,-0.07946189047459884,-0.13394960587495797,-169510.0,26190.0,3159992.0,9.46
2025-11-19,13100.0,13510.0,12560.0,13250.0,516871,442772308500.0,0.014548238897396537,-0.006098235719982692,0.02064647461737923,-0.30152872957300925,14699.0,15230.333333333334,0.9014218654330226,0.8699743932065396,23.65999984741211,39.51,2785.8856324807857,0.3851427363246044,-0.054144130908792554,-0.07493539090961643,-7186.0,70877.0,3230978.0,9.67
2025-11-20,13630.0,13880.0,13430.0,13670.0,346672,456807355260.0,0.03169811320754712,0.019172896290730934,0.012525216916816184,-0.27938850817079525,14617.0,15238.833333333334,0.9352124238899912,0.8970502991261361,26.420000076293945,36.28,2785.8856324807857,0.3851427363246044,-0.004784641213426033,-0.046290198940403426,-9799.0,68408.0,3299124.0,9.87
2025-11-21,12980.0,13170.0,12850.0,13140.0,368014,439096462920.0,-0.038771031455742455,-0.03785162595207736,-0.0009194055036650939,-0.30732735898787483,14474.0,15240.333333333334,0.9078347381511677,0.862185866450865,23.43000030517578,41.38,2785.8856324807857,0.3851427363246044,0.03225228603053032,-0.04253831949564146,9440.0,-58645.0,3240456.0,9.7
2025-11-24,13210.0,13350.0,12800.0,12800.0,303917,427734758400.0,-0.025875190258751957,-0.0018685349946869767,-0.02400665526406498,-0.32525039536109585,14349.0,15235.333333333334,0.8920482263572375,0.8401522776003151,20.520000457763672,38.72,2785.8856324807857,0.3851427363246044,-0.01240084385091389,-0.029710701981156107,-14603.0,-61876.0,3178637.0,9.51
2025-11-25,13110.0,13500.0,13080.0,13400.0,360317,447784825200.0,0.046875,0.0030472666896965706,0.04382773331030343,-0.2936215076436472,14237.5,15238.833333333334,0.9411764705882353,0.8793324073365196,18.559999465942383,37.16,2785.8856324807857,0.3851427363246044,0.018901672542573356,0.05207336407676877,14852.0,152955.0,3331906.0,9.97
2025-11-26,13460.0,13480.0,13140.0,13350.0,270030,446113986300.0,-0.003731343283582045,0.026722645435389047,-0.030453988718971092,-0.2962572482867679,14139.5,15234.166666666666,0.9441635135612999,0.8763196761665117,17.190000534057617,33.06,2785.8856324807857,0.3851427363246044,-0.010632910672732643,0.0009729007404184475,-799.0,-21023.0,3352884.0,10.03
2025-11-27,13370.0,13740.0,13360.0,13480.0,229829,450458167440.0,0.009737827715355696,0.0065742612485271135,0.0031635664668285823,-0.2894043226146541,14088.0,15183.0,0.9568427030096536,0.887835078706448,17.190000534057617,30.79,2785.8856324807857,0.3851427363246044,0.01653731105816092,-0.008388749709569154,-11.0,23086.0,3375826.0,10.1
2025-11-28,13780.0,14230.0,13660.0,14200.0,529612,474518247600.0,0.05341246290801194,-0.015129467569744093,0.06854193047775603,-0.25144965735371566,14072.5,15146.5,1.0090602238408244,0.9375103159145677,16.350000381469727,30.24,2785.8856324807857,0.3851427363246044,0.04125150822561352,0.06107258627185197,27715.0,74207.0,3449917.0,10.32
2025-12-01,14220.0,14410.0,13980.0,14110.0,413505,471510737580.0,-0.006338028169014076,-0.0015840641788168464,-0.00475396399019723,-0.25619399051133296,14033.5,15109.0,1.005451241671714,0.9338804685948773,17.239999771118164,31.55,2785.8856324807857,0.3851427363246044,0.06695153295438738,0.08032527754571972,-56535.0,96590.0,3565607.0,10.67
2025-12-02,14090.0,14350.0,14030.0,14250.0,393215,476189086500.0,0.009922041105598911,0.01901856514165412,-0.009096524036055209,-0.24881391671059486,14006.0,15085.166666666666,1.0174211052406112,0.9446365635116174,16.59000015258789,29.73,2785.8856324807857,0.3851427363246044,0.05469144245150359,0.02740102019936108,17440.0,179445.0,3745286.0,11.21
2025-12-03,14370.0,14500.0,14200.0,14350.0,284875,479530764300.0,0.007017543859649145,0.010355655266902408,-0.0033381114072532636,-0.24354243542435342,14018.0,15056.166666666666,1.0236838350691968,0.9530978447369295,16.079999923706055,29.36,2785.8856324807857,0.3851427363246044,-0.017188599433505702,0.05451689751107891,-5636.0,87795.0,3833571.0,11.47
2025-12-04,14310.0,14310.0,13820.0,13930.0,302349,465495717540.0,-0.029268292682926855,-0.0019299950371037822,-0.027338297645823073,-0.2656826568265675,13974.5,15024.666666666666,0.9968156284661347,0.9271420331011226,15.779999732971191,28.4,2785.8856324807857,0.3851427363246044,-0.039772933089131546,0.024015033398427255,5096.0,-40527.0,3792994.0,11.35
2025-12-05,13950.0,14210.0,13780.0,13940.0,316967,465829885320.0,0.00071787508973431,0.017758375863148768,-0.017040500773414458,-0.26515550869794347,13964.0,14993.166666666666,0.998281294757949,0.929756889249547,15.40999984741211,26.95,2785.8856324807857,0.3851427363246044,-0.047716909826490794,-0.06156739785274323,-10171.0,20743.0,3813399.0,11.41
2025-12-08,14080.0,14080.0,13710.0,13980.0,258893,467166556440.0,0.0028694404591105283,0.013365762753929866,-0.010496322294819338,-0.2630469161834468,13945.0,14968.0,1.0025098601649336,0.9339925173703901,16.65999984741211,27.33,2785.8856324807857,0.3851427363246044,-0.05487512071405687,-0.06730975615736534,-3436.0,65475.0,3878634.0,11.61
2025-12-09,13890.0,14150.0,13880.0,13970.0,218025,466832388660.0,-0.0007153075822603494,-0.002719783554916866,0.0020044759726565164,-0.2635740643120709,13866.0,14944.833333333334,1.0075003605942594,0.9347712141319742,16.93000030517578,27.87,2785.8856324807857,0.3851427363246044,-0.02553234709557728,-0.056208756148653616,1797.0,26775.0,3905575.0,11.69
2025-12-10,14040.0,14580.0,13970.0,14040.0,432020,469171563120.0,0.005010737294201872,-0.002063400970305218,0.0070741382645070905,-0.2598840274117019,13812.0,14920.833333333334,1.0165073848827106,0.9409662105557106,15.770000457763672,27.64,2785.8856324807857,0.3851427363246044,-0.001417708057655731,-0.04579650647689326,17518.0,34923.0,3925107.0,11.75
2025-12-11,14120.0,14290.0,13690.0,13690.0,1012901,457475690820.0,-0.024928774928774877,-0.00589598133313185,-0.019032793595643027,-0.27833421191354696,13749.0,14881.666666666666,0.9957087788202779,0.9199238436555046,14.850000381469727,27.4,2785.8856324807857,0.3851427363246044,-0.00995417935847942,-0.037491002426713216,454419.0,-491399.0,3445665.0,10.31
2025-12-12,13800.0,14300.0,13650.0,14300.0,477366,477859925400.0,0.04455807158509861,0.01375462520267745,0.030803446382421162,-0.24617817606747414,13748.5,14846.333333333334,1.0401134669236645,0.9632007903185972,15.739999771118164,25.05,2785.8856324807857,0.3851427363246044,0.018844791051285226,0.010352944729122404,139902.0,-18191.0,3466770.0,10.37
2025-12-15,14050.0,14050.0,13710.0,13760.0,260246,459814865280.0,-0.03776223776223775,-0.018374640159806055,-0.019387597602431694,-0.2746441750131779,13733.5,14789.5,1.0019295882331525,0.930389803576862,16.5,26.92,2785.8856324807857,0.3851427363246044,-0.007616944815653559,0.0014616694215100479,-8410.0,-78858.0,3387862.0,10.14
2025-12-16,13620.0,13760.0,13140.0,13150.0,343074,439430630700.0,-0.04433139534883723,-0.022358682515971173,-0.02197271283286606,-0.3068002108592507,13738.0,14724.0,0.9571990100451303,0.8930997011681608,16.479999542236328,28.37,2785.8856324807857,0.3851427363246044,-0.010556864052876591,-0.022515519384012528,1570.0,-114341.0,3362052.0,10.06
2025-12-17,13200.0,13620.0,13150.0,13550.0,185551,452797341900.0,0.03041825095057038,0.014323123023099127,0.016095127927471253,-0.2857142857142849,13753.0,14673.0,0.9852395840907439,0.9234648674436039,17.6200008392334,26.78,2785.8856324807857,0.3851427363246044,-0.0252651825078265,-0.013494529721048365,10406.0,30507.0,3261452.0,9.76
2025-12-18,13200.0,13460.0,13100.0,13260.0,134530,443106476280.0,-0.021402214022140265,-0.015259774945072357,-0.006142439077067907,-0.3010015814443851,13732.5,14626.166666666666,0.965592572364828,0.9065943457501966,16.8700008392334,27.86,2785.8856324807857,0.3851427363246044,-0.012020023982462713,-0.000604175202473245,-3735.0,3568.0,3264813.0,9.77
2025-12-19,13400.0,13480.0,13200.0,13300.0,192696,444443147400.0,0.003016591251885359,0.006518957018217142,-0.003502365766331783,-0.2988929889298885,13740.5,14572.833333333334,0.9679414868454569,0.9126571131214474,14.90999984741211,27.27,2785.8856324807857,0.3851427363246044,0.006450323084071563,-0.03490998735122619,7590.0,16166.0,3281075.0,9.82
2025-12-22,13600.0,14300.0,13560.0,14280.0,575646,477191589840.0,0.0736842105263158,0.02123593187902517,0.052448278647290625,-0.24723247232472245,13814.5,14540.833333333334,1.0336964783379783,0.9820620092841996,14.079999923706055,27.19,2785.8856324807857,0.3851427363246044,0.042803473803890935,0.03692588889849613,12139.0,312246.0,3583279.0,10.72
2025-12-23,14270.0,14430.0,13210.0,13210.0,767107,441435637380.0,-0.07492997198879547,0.0027739508344981623,-0.07770392282329364,-0.3036373220875058,13805.0,14501.833333333334,0.9568996740311482,0.9109193090528783,14.0,26.11,2785.8856324807857,0.3851427363246044,-0.028758009942334795,-0.01880532109193145,-10194.0,-224332.0,3336417.0,9.98
2025-12-24,13260.0,13370.0,12570.0,12710.0,959476,424727248380.0,-0.037850113550340625,-0.002112953912415727,-0.0357371596379249,-0.329994728518713,13773.0,14457.333333333334,0.9228200101648152,0.8791386147745088,13.470000267028809,25.99,2785.8856324807857,0.3851427363246044,-0.06099280381392791,-0.0706376086573276,-42176.0,-61285.0,3286946.0,9.84
2025-12-26,12710.0,13500.0,12710.0,13240.0,623295,442438140720.0,0.041699449252557086,0.005125822780658096,0.03657362647189899,-0.3020558777016333,13761.0,14430.166666666666,0.9621393794055665,0.9175223201395226,13.600000381469727,26.2,2785.8856324807857,0.3851427363246044,-0.07686745598931954,-0.027921543108360702,29500.0,276924.0,3643596.0,10.9
2025-12-29,13270.0,13570.0,13130.0,13440.0,275217,449121496320.0,0.015105740181268867,0.02200651840921486,-0.006900778227945992,-0.29151291512915045,13723.0,14416.333333333334,0.9793776870946586,0.932275890772041,14.199999809265137,27.48,2785.8856324807857,0.3851427363246044,-0.0060643113939718996,-0.03131995556997491,-12911.0,95655.0,3724332.0,11.15
2025-12-30,13350.0,13750.0,13320.0,13380.0,260783,447116489640.0,-0.004464285714285698,-0.001514049469747203,-0.0029502362445384955,-0.2946758039008953,13686.5,14399.666666666666,0.9776056698206261,0.9291881756522142,14.329999923706055,28.85,2785.8856324807857,0.3851427363246044,0.026722611999414503,-0.08671847046180403,-11400.0,70523.0,3782595.0,11.32
2026-01-02,13390.0,13880.0,13130.0,13730.0,203406,458812361940.0,0.02615844544095669,0.022652138548563183,0.003506306892393507,-0.27622561939905027,13660.5,14388.5,1.0050876615058013,0.9542342843242868,14.510000228881836,30.6,2785.8856324807857,0.3851427363246044,-0.00634470758009098,-0.005508240746116888,10297.0,70199.0,3866689.0,11.57
2026-01-05,14230.0,14520.0,13910.0,14080.0,342480,470508234240.0,0.02549162418062645,0.03431620365093524,-0.008824579470308791,-0.2577754348972051,13647.0,14372.333333333334,1.0317285850370044,0.9796599948976041,14.899999618530273,33.03,2785.8856324807857,0.3851427363246044,-0.00826850882245378,0.02140433942149922,-71150.0,109585.0,4007575.0,11.99
2026-01-06,14020.0,14440.0,13860.0,14440.0,329963,482538274320.0,0.02556818181818188,0.015246137008857907,0.010322044809323971,-0.23879810226673592,13672.5,14344.833333333334,1.056134576705065,1.0066342120856522,14.75,34.33,2785.8856324807857,0.3851427363246044,0.005003772231408687,-0.0048472422410758,11440.0,71103.0,4325495.0,12.94
2026-01-07,14510.0,14710.0,13870.0,14000.0,420992,467834892000.0,-0.030470914127423865,0.005652456366042946,-0.03612337049346681,-0.2619926199261983,13675.5,14307.0,1.023728565683156,0.978541972461033,15.380000114440918,35.57,2785.8856324807857,0.3851427363246044,-0.03462590515445163,-0.03406983450659662,-3690.0,-109787.0,4199219.0,12.57
2026-01-08,13920.0,14060.0,13260.0,13260.0,272002,443106476280.0,-0.052857142857142825,0.0002878579005514137,-0.05314500075769424,-0.301001581444385,13639.5,14263.5,0.9721763994281315,0.9296455989062993,15.449999809265137,35.21,2785.8856324807857,0.3851427363246044,-0.07894632644183708,-0.08426459901975236,-48890.0,-32604.0,4156403.0,12.44
2026-01-09,13310.0,13390.0,13000.0,13120.0,168226,438428127360.0,-0.010558069381598756,0.007457589378129237,-0.018015658759727993,-0.30838165524512295,13597.0,14225.166666666666,0.9649187320732514,0.9223090532038289,14.489999771118164,34.16,2785.8856324807857,0.3851427363246044,-0.10728403001088904,-0.10578656467187386,-9616.0,-53187.0,4103892.0,12.28
2026-01-12,13230.0,13260.0,12890.0,13050.0,239324,436088952900.0,-0.005335365853658569,0.008388035793012616,-0.013723401646671185,-0.312071692145492,13547.5,14177.333333333334,0.9632773574460233,0.9204834007335653,15.119999885559082,33.5,2785.8856324807857,0.3851427363246044,-0.08488406116409342,-0.11068538684823626,-49199.0,-66009.0,4039797.0,12.09
2026-01-13,13100.0,13200.0,12760.0,12890.0,279234,430742268420.0,-0.01226053639846747,0.014670957401993645,-0.026931493800461115,-0.3205060622034783,13507.5,14135.166666666666,0.9542846566722192,0.9119100116730141,15.979999542236328,32.52,2785.8856324807857,0.3851427363246044,-0.05867055420686029,-0.14793892545802134,-4745.0,-70906.0,3980440.0,11.91
2026-01-14,12950.0,13200.0,12830.0,13150.0,260960,439430630700.0,0.020170674941815347,0.006491007204911803,0.013679667736903545,-0.3068002108592506,13450.0,14104.333333333334,0.9776951672862454,0.9323375794673031,16.75,31.57,2785.8856324807857,0.3851427363246044,-0.026975227710228755,-0.09813588722765099,-919.0,-25785.0,3978847.0,11.91
2026-01-15,13160.0,13240.0,12970.0,13180.0,159851,440433134040.0,0.0022813688212928174,0.01576288994344921,-0.013481521122156392,-0.3052187664733781,13421.0,14039.5,0.9820430668355562,0.9387798710780298,15.84000015258789,32.39,2785.8856324807857,0.3851427363246044,-0.026733347185713963,-0.05847240759211314,-3602.0,-14008.0,3979664.0,11.91
2026-01-16,13360.0,13930.0,13170.0,13260.0,290739,443106476280.0,0.006069802731411222,0.009002601629127582,-0.00293279889771636,-0.301001581444385,13426.5,13993.666666666666,0.9875991509328567,0.9475715204497273,15.859999656677246,31.62,2785.8856324807857,0.3851427363246044,-0.0027346522829692077,-0.04338954773010151,-13976.0,60912.0,4050993.0,12.12
2026-01-19,13130.0,13370.0,13000.0,13170.0,235366,440098966260.0,-0.006787330316742057,0.013204575907852512,-0.01999190622459457,-0.30574591460200223,13407.5,13953.166666666666,0.9822860339362297,0.9438717614878344,15.859999656677246,32.99,2785.8856324807857,0.3851427363246044,-0.03640622624446732,-0.04965805230802489,-26935.0,89733.0,4143096.0,12.4
2026-01-20,13130.0,13190.0,12630.0,13100.0,312830,437759791800.0,-0.005315110098709219,-0.0038555487327501803,-0.001459561365959039,-0.3094359515023713,13399.5,13916.333333333334,0.9776484197171537,0.9413399123332294,20.09000015258789,34.56,2785.8856324807857,0.3851427363246044,-0.024384266488269968,-0.024186119873522816,-50319.0,70331.0,4224367.0,12.64
2026-01-21,12810.0,12850.0,12450.0,12560.0,376728,419714731680.0,-0.04122137404580151,0.004949122607839085,-0.04617049665364059,-0.33790195044807503,13362.5,13859.0,0.9399438727782975,0.9062702936719821,16.899999618530273,35.58,2785.8856324807857,0.3851427363246044,-0.0676219642441942,-0.08403628426406695,20660.0,-191219.0,4017444.0,12.02
2026-01-22,12740.0,12800.0,12400.0,12680.0,375881,423724745040.0,0.009554140127388644,0.008676214905280588,0.0008779252221080558,-0.3315761729045853,13282.5,13815.333333333334,0.9546395633352155,0.9178207788447618,15.640000343322754,36.36,2785.8856324807857,0.3851427363246044,-0.046752132797491575,-0.0696768379198025,-83056.0,35378.0,4016505.0,12.02
2026-01-23,12810.0,13250.0,12620.0,13240.0,411620,442438140720.0,0.04416403785488954,0.00757997239613073,0.03658406545875881,-0.3020558777016332,13284.0,13775.5,0.9966877446552244,0.9611266378715836,16.09000015258789,34.09,2785.8856324807857,0.3851427363246044,-0.008708505972773728,-0.030159973563327336,79385.0,76895.0,4121635.0,12.33
2026-01-26,13450.0,14170.0,13320.0,14040.0,787351,469171563120.0,0.06042296072507547,-0.008112107023489967,0.06853506774856544,-0.2598840274117017,13350.5,13754.333333333334,1.0516460057675743,1.0207692121270873,16.149999618530273,34.35,2785.8856324807857,0.3851427363246044,0.1059970584294323,0.05836700040983267,306094.0,54111.0,4272882.0,12.79
2026-01-27,14310.0,15350.0,14160.0,15190.0,1301731,507600857820.0,0.08190883190883191,0.027327568177603068,0.054581263731228846,-0.19926199261992514,13448.0,13765.666666666666,1.129535990481856,1.103469985713248,16.350000381469727,34.81,2785.8856324807857,0.3851427363246044,0.1597003969385531,0.11440782550702056,203571.0,164957.0,4595127.0,13.75
2026-01-28,15450.0,16340.0,15310.0,16340.0,1196995,546030152520.0,0.07570770243581304,0.016905112104901754,0.058802590330911286,-0.13863995782814859,13593.0,13796.166666666666,1.202089310674612,1.1843869673943246,16.350000381469727,38.68,2785.8856324807857,0.3851427363246044,0.18191892181070557,0.21938091249157243,262148.0,267434.0,4888385.0,14.63
2026-01-29,16780.0,17280.0,15710.0,16930.0,1235005,565746051540.0,0.036107711138310794,0.009754746516441815,0.02635296462186898,-0.1075382182393242,13770.5,13830.166666666666,1.2294397443811045,1.224135645509213,16.8799991607666,38.92,2785.8856324807857,0.3851427363246044,0.1397368186840091,0.24485595189133336,242536.0,382692.0,5310624.0,15.89
2026-01-30,16800.0,18200.0,16600.0,17730.0,1282788,592479473940.0,0.04725339633786185,0.0005956166207805591,0.046657779717081294,-0.06536636794939259,13970.5,13879.0,1.2691027522279088,1.2774695583255278,17.440000534057617,39.58,2785.8856324807857,0.3851427363246044,0.13181333466986156,0.25492966614965584,170273.0,294622.0,5641419.0,16.88
2026-02-02,17170.0,18800.0,16950.0,17560.0,1081048,586798621680.0,-0.00958826847151717,-0.052578679224774216,0.04299041075325705,-0.07432788613600297,14144.5,13936.5,1.2414719502280038,1.2600007175402719,16.34000015258789,47.37,2785.8856324807857,0.3851427363246044,0.11600115509220732,0.22938500915434745,-83242.0,245944.0,5826630.0,17.44
2026-02-03,18350.0,18530.0,17010.0,17760.0,795756,593481977280.0,0.011389521640091216,0.0683702472268708,-0.05698072558677958,-0.06378492356351999,14310.5,13985.833333333334,1.241046783830055,1.269856402311863,18.0,50.14,2785.8856324807857,0.3851427363246044,0.03266746488355876,0.11782301983633903,77020.0,19387.0,5780715.0,17.3
2026-02-04,17400.0,18300.0,17300.0,17880.0,503429,597491990640.0,0.006756756756756799,0.01569946337890671,-0.00894270662214991,-0.057459146020030216,14504.5,14048.0,1.2327208797269813,1.2727790432801822,18.639999389648438,50.7,2785.8856324807857,0.3851427363246044,-0.022933021455672442,0.05007772288327783,-22756.0,119487.0,5696486.0,17.05
2026-02-05,17160.0,17560.0,16830.0,16960.0,459889,566748554880.0,-0.05145413870246085,-0.03863831797289696,-0.012815820729563887,-0.10595677385345151,14689.5,14091.333333333334,1.1545661867320194,1.2035766665089653,21.770000457763672,52.21,2785.8856324807857,0.3851427363246044,-0.07873925293849338,0.010908937531844964,-85803.0,123158.0,5857738.0,17.53
2026-02-06,16100.0,17700.0,15450.0,16980.0,697975,567416890440.0,0.001179245283018826,-0.014414385790020967,0.015593631073039793,-0.10490247759620328,14882.5,14115.166666666666,1.1409373425163782,1.2029613536267136,20.3700008392334,51.48,2785.8856324807857,0.3851427363246044,-0.006164896278674004,-0.020155211112196536,-67616.0,95827.0,5865737.0,17.55
2026-02-09,17640.0,18590.0,17510.0,18350.0,614857,613197876300.0,0.08068315665488801,0.04104817252653592,0.03963498412835209,-0.03268318397469551,15147.5,14169.0,1.2114210265720415,1.2950808102194933,17.360000610351562,47.16,2785.8856324807857,0.3851427363246044,0.042412794471828,-0.023510637737101492,61190.0,88143.0,5983497.0,17.91
2026-02-10,18350.0,18500.0,17000.0,17650.0,387273,589806131700.0,-0.038147138964577665,0.000688915583279659,-0.038836054547857324,-0.06958355297838559,15385.5,14214.0,1.1471840369178772,1.2417335021809484,17.790000915527344,42.0,2785.8856324807857,0.3851427363246044,0.01639256065353456,-0.0053659666981792364,-45719.0,9500.0,5880004.0,17.6
2026-02-11,17520.0,17530.0,16300.0,16450.0,654226,549705998100.0,-0.06798866855524077,0.00995914388662733,-0.0779478124418681,-0.13284132841328286,15550.5,14249.666666666666,1.0578437992347514,1.1544129687244147,17.649999618530273,38.88,2785.8856324807857,0.3851427363246044,-0.07714888286137334,-0.07437107251789743,-22364.0,-196851.0,5595883.0,16.75
2026-02-12,16930.0,17050.0,16420.0,16820.0,403851,562070205960.0,0.022492401215805424,0.031334408657453405,-0.008842007441647981,-0.1133368476541896,15732.5,14295.666666666666,1.0691244239631337,1.1765803157133863,20.81999969482422,40.51,2785.8856324807857,0.3851427363246044,-0.1256258744313734,-0.07039725922998152,-4114.0,76781.0,5674413.0,16.98
2026-02-13,16450.0,16750.0,16290.0,16360.0,213730,546698488080.0,-0.027348394768133222,-0.0027634023422029586,-0.024584992425930263,-0.13758566157090024,15887.5,14350.666666666666,1.0297403619197483,1.1400167239617207,20.600000381469727,41.57,2785.8856324807857,0.3851427363246044,-0.11137481230944635,-0.11057588272895158,-44377.0,30320.0,5703440.0,17.07
2026-02-19,16850.0,17350.0,16630.0,17170.0,442328,573766078260.0,0.04951100244498785,0.030913370707574828,0.018597631737413023,-0.09488666315234445,16087.5,14416.0,1.0672882672882673,1.1910377358490567,20.229999542236328,42.56,2785.8856324807857,0.3851427363246044,-0.014829368130165221,-0.13161323511989065,126058.0,-13465.0,5754251.0,17.22
2026-02-20,17000.0,17210.0,16700.0,16930.0,229207,565746051540.0,-0.013977868375072755,0.023123833749834954,-0.03710170212490771,-0.1075382182393239,16279.0,14470.333333333334,1.0399901713864488,1.1699799589965676,19.09000015258789,43.87,2785.8856324807857,0.3851427363246044,-0.04308906281342495,-0.12987888269694103,-2891.0,8925.0,5730965.0,17.15
2026-02-23,17030.0,17100.0,15980.0,16060.0,361339,536673454680.0,-0.05138806851742472,0.00646636239857723,-0.05785443091600195,-0.15340010542962446,16454.0,14519.0,0.9760544548438069,1.1061367862800469,21.010000228881836,46.34,2785.8856324807857,0.3851427363246044,-0.07635850130349664,-0.10978550117107488,-29952.0,8187.0,5694209.0,17.04
2026-02-24,16110.0,16820.0,15960.0,16570.0,245313,553716011460.0,0.03175591531755906,0.02113383411321279,0.010622081204346268,-0.12651555086979321,16648.5,14581.833333333334,0.9952848604979427,1.1363454526751322,19.549999237060547,48.12,2785.8856324807857,0.3851427363246044,-0.0843340518365634,-0.09032141252508064,-5720.0,69770.0,5784021.0,17.31
2026-02-25,16830.0,16830.0,16230.0,16320.0,213855,545361816960.0,-0.015087507543753764,0.019133435843132984,-0.03422094338688675,-0.1396942540853968,16802.5,14630.5,0.9712840351138223,1.11547793992003,17.93000030517578,49.57,2785.8856324807857,0.3851427363246044,-0.08145329309854243,-0.09995736348603712,-330.0,-15138.0,5745635.0,17.19
2026-02-26,16800.0,17150.0,16310.0,16560.0,409239,553381843680.0,0.014705882352941124,0.03672177881650063,-0.022015896463559503,-0.12704269899841736,16928.5,14684.0,0.9782319756623445,1.1277581040588396,18.6299991607666,54.67,2785.8856324807857,0.3851427363246044,-0.045614758646099984,-0.14057089168700965,-25051.0,7524.0,5751630.0,17.21
2026-02-27,16080.0,16320.0,15710.0,15930.0,312093,532329273540.0,-0.03804347826086951,-0.010010691871955468,-0.028032786388914044,-0.16025303110173839,16965.5,14724.833333333334,0.9389643688662285,1.0818458613000712,19.860000610351562,54.12,2785.8856324807857,0.3851427363246044,-0.0842696262393603,-0.13150197595101598,-10774.0,-9376.0,5816637.0,17.41
2026-03-03,15390.0,16140.0,14760.0,14760.0,542790,493231643280.0,-0.07344632768361581,-0.07242317745620142,-0.0010231502274143933,-0.22192936215076328,16886.5,14734.166666666666,0.8740710034643058,1.0017532944969176,23.56999969482422,62.98,2785.8856324807857,0.3851427363246044,-0.05107183307988794,-0.07467069526242842,-21756.0,-69003.0,5739776.0,17.18
2026-03-04,14300.0,14450.0,12470.0,12510.0,508127,418043892780.0,-0.15243902439024393,-0.12057682152301596,-0.03186220286722796,-0.34053769109119575,16665.5,14707.5,0.7506525456781975,0.8505864354920959,21.149999618530273,80.37,2785.8856324807857,0.3851427363246044,-0.0609181394835564,-0.11715497933400265,126.0,-65994.0,5660149.0,16.94
2026-03-05,13500.0,14700.0,13330.0,14030.0,524361,468837395340.0,0.12150279776179063,0.09627093524752262,0.02523186251426801,-0.26041117554032583,16480.5,14703.833333333334,0.8513091229028246,0.9541729480974349,23.75,73.71,2785.8856324807857,0.3851427363246044,-0.007653490580374345,-0.05770217343284789,77459.0,13749.0,5690544.0,17.03
2026-03-06,13890.0,15120.0,13750.0,15080.0,348796,503925012240.0,0.07483962936564503,0.0001737521912494877,0.07466587717439555,-0.20506062203479072,16356.5,14716.0,0.9219576315226362,1.0247349823321554,29.489999771118164,62.72,2785.8856324807857,0.3851427363246044,0.0680355368214356,0.03897960020510716,-18535.0,15940.0,5696777.0,17.05
2026-03-09,14000.0,14280.0,13130.0,13770.0,328608,460149033060.0,-0.08687002652519893,-0.059625379464992134,-0.027244647060206795,-0.27411702688455364,16157.0,14713.333333333334,0.8522621773844155,0.9358858178522881,25.5,71.82,2785.8856324807857,0.3851427363246044,0.07265309262845676,0.039767739533814406,8216.0,-100410.0,5573061.0,16.68
2026-03-10,14510.0,14620.0,13800.0,14040.0,403257,469171563120.0,0.019607843137254832,0.053451384040097416,-0.033843540902842584,-0.2598840274117018,15965.0,14715.0,0.8794237394300032,0.9541284403669725,24.93000030517578,66.61,2785.8856324807857,0.3851427363246044,0.013577689211346167,0.006947348858386215,-117079.0,32234.0,5617242.0,16.81
2026-03-11,14520.0,14730.0,14010.0,14130.0,410596,472179073140.0,0.0064102564102563875,0.013982665215982237,-0.00757240880572585,-0.2551396942540845,15823.5,14717.5,0.8929756375011849,0.9600815355868864,24.229999542236328,63.19,2785.8856324807857,0.3851427363246044,-0.06866059676877523,0.031237142919888328,-53623.0,12501.0,5595176.0,16.74
2026-03-12,14030.0,14410.0,13880.0,14180.0,318437,473849912040.0,0.0035385704175512345,-0.0047594353573423565,0.008298005774893591,-0.2525039536109639,15683.5,14721.0,0.9041349188637741,0.9632497792269546,27.290000915527344,65.35,2785.8856324807857,0.3851427363246044,-0.03311794393367484,0.014303286180513908,-40257.0,-23612.0,5553658.0,16.62
2026-03-13,14530.0,14530.0,14030.0,14220.0,364260,475186583160.0,0.0028208744710860323,-0.01719603557515781,0.02001691004624384,-0.2503953610964673,15477.0,14724.0,0.918782709827486,0.9657701711491442,27.190000534057617,60.76,2785.8856324807857,0.3851427363246044,0.020742507015411582,-0.040345680947637796,-33052.0,-124126.0,5358829.0,16.04
2026-03-16,14170.0,14310.0,13420.0,13630.0,383489,455470684140.0,-0.04149085794655416,0.011410082410649336,-0.052900940357203496,-0.2814971006852918,15276.0,14723.0,0.8922492799162084,0.9257624125517897,23.510000228881836,54.67,2785.8856324807857,0.3851427363246044,-0.024586024536066065,-0.0660019742446345,-64715.0,-80090.0,5248394.0,15.71
2026-03-17,14070.0,14970.0,14070.0,14330.0,475676,478862428740.0,0.051357300073367584,0.016330149682920903,0.03502715039044668,-0.24459673168160173,15170.0,14723.5,0.944627554383652,0.9732740177267634,22.3700008392334,52.6,2785.8856324807857,0.3851427363246044,0.0021431200794870264,0.0028687170486547675,-5480.0,145361.0,5437711.0,16.27
2026-03-18,14970.0,15300.0,14660.0,14970.0,498672,500249166660.0,0.04466154919748777,0.05044779977463065,-0.005786250577142882,-0.21085925144965656,15077.5,14743.666666666666,0.9928701707842812,1.0153512242544822,25.09000015258789,54.18,2785.8856324807857,0.3851427363246044,-0.023660040543899696,0.0046548752772377355,6319.0,-151478.0,5223877.0,15.63
2026-03-19,14380.0,14980.0,14340.0,14570.0,319839,486882455460.0,-0.026720106880427474,-0.027309494834587222,0.000589387954159748,-0.2319451765946223,14988.0,14767.333333333334,0.9721110221510542,0.9866371721366981,24.059999465942383,55.47,2785.8856324807857,0.3851427363246044,0.029830287767463548,-0.0030537425434961074,-71489.0,3848.0,5193661.0,15.54
2026-03-20,15130.0,15590.0,14870.0,15060.0,424516,503256676680.0,0.03363074811255995,0.003119780226762847,0.030510967885797102,-0.20611491829203937,14882.5,14792.5,1.0119267596169998,1.018083488254183,26.780000686645508,55.64,2785.8856324807857,0.3851427363246044,0.02531410526281397,0.007440315296057154,-10270.0,-9274.0,5204766.0,15.58
2026-03-23,14460.0,14530.0,13900.0,13900.0,307543,464493214200.0,-0.0770252324037185,-0.06494329596420512,-0.012081936439513385,-0.2672641012124401,14731.0,14803.166666666666,0.9435883510963274,0.9389882795347843,26.149999618530273,62.8,2785.8856324807857,0.3851427363246044,0.019018419400443465,0.048259319213747265,-24916.0,-103163.0,5080939.0,15.2
2026-03-24,14400.0,14470.0,13750.0,14170.0,196835,473515744260.0,0.01942446043165469,0.0274096881792536,-0.00798522774759891,-0.25303110173958815,14636.5,14817.666666666666,0.9681276261401291,0.9562909139990552,26.950000762939453,64.99,2785.8856324807857,0.3851427363246044,0.010443803698684806,0.005246941075701672,-10546.0,-34703.0,5054441.0,15.13
2026-03-25,14380.0,14680.0,14270.0,14360.0,232131,479864932080.0,0.013408609738885024,0.015896887298420648,-0.0024882775595356232,-0.24301528729572935,14526.0,14819.0,0.9885722153380146,0.9690262500843512,25.329999923706055,61.5,2785.8856324807857,0.3851427363246044,-0.02255544174664792,0.00854491409330893,-8618.0,19385.0,5070937.0,15.17
2026-03-26,14200.0,14550.0,13520.0,13730.0,343076,458812361940.0,-0.04387186629526463,-0.032212555232489226,-0.011659311062775402,-0.2762256193990504,14396.5,14827.666666666666,0.9537040252839232,0.9259717195333049,27.440000534057617,59.85,2785.8856324807857,0.3851427363246044,-0.022132816369909936,-0.003703784923626219,-54868.0,-125129.0,4948802.0,14.81
2026-03-27,13300.0,13730.0,13010.0,13580.0,223748,453799845240.0,-0.010924981791696986,-0.00395385075697785,-0.006971131034719136,-0.28413284132841254,14247.5,14842.166666666666,0.9531496753816459,0.9149607537084657,31.049999237060547,60.6,2785.8856324807857,0.3851427363246044,-0.02111871965703016,-0.04118588384414246,-22190.0,-31098.0,5026762.0,15.04
2026-03-30,13030.0,13150.0,12920.0,12970.0,198962,433415610660.0,-0.0449189985272459,-0.029706595123391133,-0.015212403403854768,-0.31628887717448523,14099.5,14837.666666666666,0.919890776268662,0.8741266596275246,30.610000610351562,61.43,2785.8856324807857,0.3851427363246044,-0.033842845501349306,-0.04431635080848384,-38043.0,-32744.0,4992173.0,14.94
2026-03-31,12750.0,13300.0,12550.0,12560.0,233654,419714731680.0,-0.0316114109483423,-0.042605092011313905,0.010993681062971605,-0.33790195044807514,13989.5,14823.0,0.8978162193073377,0.8473318491533428,25.25,61.48,698.2937150613384,0.2340855308564091,-0.011189853375602299,-0.025337441997913324,22927.0,-55209.0,4933912.0,14.76
2026-04-01,13130.0,13700.0,13080.0,13600.0,233104,454468180800.0,0.08280254777070062,0.08436291186282063,-0.0015603640921200146,-0.2830785450711642,14044.0,14826.666666666666,0.9683850754770721,0.9172661870503598,24.540000915527344,61.65,698.2937150613384,0.2340855308564091,-0.005779086433003178,-0.024409528530497715,39231.0,58206.0,5002259.0,14.97
2026-04-02,13760.0,13950.0,12960.0,13220.0,336126,441769805160.0,-0.027941176470588247,-0.04465482357189754,0.016713647101309292,-0.3031101739588816,14003.5,14818.166666666666,0.9440497018602492,0.8921481514807276,23.8700008392334,58.91,698.2937150613384,0.2340855308564091,0.026146964072160883,0.003963429633586979,-12915.0,1068.0,5070632.0,15.17
2026-04-03,13390.0,13600.0,12990.0,13150.0,183689,439430630700.0,-0.005295007564296572,0.02736886452087406,-0.03266387208517063,-0.3068002108592507,13907.0,14802.666666666666,0.945566980657223,0.8883534498288597,23.8700008392334,59.1,698.2937150613384,0.2340855308564091,-0.017510589075981353,-0.021729311416864516,-5526.0,-45471.0,5009702.0,14.99
2026-04-06,13200.0,13580.0,12920.0,13000.0,230588,434418114000.0,-0.011406844106463865,0.013581216612441382,-0.024988060718905247,-0.31470743278861285,13868.5,14778.666666666666,0.9373760680679237,0.8796463370624323,24.170000076293945,59.64,698.2937150613384,0.2340855308564091,-0.040938285702766586,-0.031504968731914995,-28280.0,-27425.0,4981079.0,14.91
2026-04-07,13280.0,13400.0,12830.0,13020.0,159187,435086449560.0,0.0015384615384614886,0.00815541561595512,-0.006616954077493631,-0.3136531365313646,13817.5,14762.333333333334,0.942283336348833,0.8819743942917786,25.780000686645508,59.49,698.2937150613384,0.2340855308564091,-0.06426888688156951,-0.04911560387238023,1132.0,-3245.0,4981518.0,14.91
2026-04-08,13790.0,14240.0,13690.0,14130.0,390767,472179073140.0,0.08525345622119818,0.068712500474305,0.016540955746893182,-0.2551396942540846,13817.5,14776.833333333334,1.0226162475122127,0.9562265257554053,21.040000915527344,57.7,698.2937150613384,0.2340855308564091,-0.015064059049505696,-0.031014284033367034,64262.0,146183.0,5187117.0,15.52
2026-04-09,13910.0,14530.0,13870.0,14130.0,316990,472179073140.0,0.0,-0.016063456924312103,0.016063456924312103,-0.2551396942540846,13815.0,14793.666666666666,1.022801302931596,0.9551384601518669,19.489999771118164,53.96,698.2937150613384,0.2340855308564091,0.025987458593711654,-0.031664474210364224,-62163.0,76852.0,5262879.0,15.75
2026-04-10,14330.0,15100.0,14290.0,14410.0,339298,481535770980.0,0.0198159943382874,0.013994498943833644,0.005821495394453757,-0.24037954665260852,13824.5,14816.333333333334,1.0423523454736157,0.9725753110306193,19.229999542236328,49.58,698.2937150613384,0.2340855308564091,0.03842590806565904,0.006820893269260164,-31728.0,70379.0,5314542.0,15.9
2026-04-13,14000.0,14750.0,13960.0,14530.0,193615,485545784340.0,0.00832755031228305,-0.008576739029013014,0.016904289341296064,-0.23405376910911885,13869.5,14843.666666666666,1.047622480983453,0.9788686532977028,19.1200008392334,50.14,698.2937150613384,0.2340855308564091,0.038789241660061924,0.048713243329461475,-20494.0,47683.0,5375919.0,16.09
2026-04-14,15090.0,15470.0,14940.0,15300.0,593499,511276703400.0,0.05299380591878866,0.027395470800653632,0.02559833511813503,-0.19346336320505983,13918.0,14879.5,1.0992958758442304,1.0282603582109613,18.360000610351562,49.87,698.2937150613384,0.2340855308564091,0.04832411985388485,0.08092853252509014,-16517.0,186672.0,5583484.0,16.71
2026-04-15,15830.0,17060.0,15400.0,16800.0,972429,561401870400.0,0.0980392156862746,0.020718048966319014,0.07732116671995559,-0.11439114391143813,14009.5,14939.833333333334,1.1991862664620436,1.1245105367083523,18.170000076293945,51.97,698.2937150613384,0.2340855308564091,0.11982379117938669,0.14170874349815255,15876.0,278618.0,5949456.0,17.8
2026-04-16,16900.0,20900.0,16850.0,20700.0,3757439,691727304600.0,0.2321428571428572,0.022106557771931934,0.21003629937092527,0.0,14316.0,15063.833333333334,1.4459346186085498,1.3741522188907205,17.940000534057617,50.47,698.2937150613384,0.2340855308564091,0.3129558012090159,0.3356815859447657,231120.0,432367.0,6402415.0,19.16
2026-04-17,20250.0,21150.0,19660.0,20550.0,1271555,686714787900.0,-0.007246376811594235,-0.00548178763150986,-0.001764589180084375,-0.007246376811594298,14590.5,15186.833333333334,1.408450704225352,1.353145817100339,17.479999542236328,48.51,698.2937150613384,0.2340855308564091,0.2855928769107965,0.3280955013702276,42650.0,156174.0,6472561.0,19.37
2026-04-20,20600.0,24850.0,20050.0,24050.0,3011394,803673510900.0,0.17031630170316303,0.00438796402695929,0.16592833767620374,0.0,15098.0,15369.333333333334,1.5929262153927672,1.5648043723431941,18.8700008392334,50.32,698.2937150613384,0.2340855308564091,0.37420004786704464,0.47711954970513526,45148.0,296077.0,6729433.0,20.14
2026-04-21,23350.0,23550.0,22150.0,22450.0,994229,750206666100.0,-0.06652806652806653,0.027235556222744206,-0.09376362275081074,-0.06652806652806653,15512.0,15534.166666666666,1.4472666322846828,1.445201437691111,19.5,51.63,698.2937150613384,0.2340855308564091,0.07040012574530863,0.3577575918361895,13443.0,-36568.0,6579605.0,19.69
2026-04-22,22200.0,22200.0,20500.0,21100.0,957648,705094015800.0,-0.060133630289532336,0.004611426514762318,-0.06474505680429465,-0.12266112266112275,15849.0,15674.5,1.3313142785033756,1.3461354429168395,18.920000076293945,52.12,698.2937150613384,0.2340855308564091,0.007419658121098349,0.21569136831193925,-62811.0,-117267.0,6480176.0,19.39
2026-04-23,21500.0,21550.0,20200.0,20600.0,572402,688385626800.0,-0.023696682464455,0.00901846564659059,-0.03271514811104559,-0.14345114345114354,16192.5,15797.166666666666,1.2721939169368535,1.3040313136321915,19.309999465942383,54.03,698.2937150613384,0.2340855308564091,-0.19122382766615098,-0.027060079170031615,-36166.0,104010.0,6606655.0,19.77
2026-04-24,20850.0,21250.0,20200.0,21150.0,612606,706764854700.0,0.02669902912621369,-2.7822894683393606e-05,0.026726852020897085,-0.12058212058212059,16571.0,15915.666666666666,1.2763261118822038,1.3288793013173603,18.709999084472656,53.56,698.2937150613384,0.2340855308564091,-0.07073335289444316,0.0014313620309498454,-55668.0,-49950.0,6514739.0,19.5
2026-04-27,21400.0,21400.0,20450.0,20850.0,380787,696739821300.0,-0.014184397163120588,0.021526848332351856,-0.03571124549547244,-0.13305613305613306,16965.0,16010.0,1.229000884173298,1.3023110555902562,18.020000457763672,54.95,698.2937150613384,0.2340855308564091,-0.04169954158562095,-0.20020822114072634,2200.0,-92617.0,6388568.0,19.12
2026-04-28,20800.0,21700.0,20650.0,21150.0,477276,706764854700.0,0.014388489208633004,0.003928967097520886,0.010459522111112118,-0.12058212058212059,17394.5,16090.166666666666,1.2159015780850269,1.3144674283465057,17.829999923706055,55.0,698.2937150613384,0.2340855308564091,0.00147512863653676,-0.09598507627880348,-46626.0,54140.0,6508605.0,19.48
2026-04-29,21200.0,21900.0,20450.0,21550.0,680876,720131565900.0,0.01891252955082745,0.007510876742699679,0.011401652808127771,-0.10395010395010396,17792.0,16167.166666666666,1.2112185251798562,1.332948465511376,18.809999465942383,55.57,698.2937150613384,0.2340855308564091,-0.013850070576232554,-0.019838366666381058,-993.0,-83894.0,6460021.0,19.33
2026-04-30,24250.0,25250.0,22150.0,22650.0,1918005,756890021700.0,0.051044083526682105,-0.013754470474743319,0.06479855400142542,-0.058212058212058215,18263.5,16249.166666666666,1.2401784980972979,1.3939176368018873,16.889999389648438,54.34,698.2937150613384,0.2340855308564091,0.08665972892066531,0.07767533544608995,-16243.0,-88979.0,6295049.0,18.84
2026-05-04,23900.0,27400.0,22900.0,26100.0,2538964,872177905800.0,0.15231788079470188,0.05123909262993798,0.1010787881647639,0.0,18911.0,16391.5,1.3801491195600444,1.5922886862093157,18.290000915527344,55.87,698.2937150613384,0.2340855308564091,0.1772789949743171,0.15202727158995677,-2469.0,76038.0,6490177.0,19.42
2026-05-06,26700.0,29250.0,24500.0,27900.0,2253519,932328106200.0,0.06896551724137923,0.06451931011822665,0.004446207123152579,0.0,19656.0,16560.5,1.4194139194139195,1.6847317411913891,17.389999389648438,60.07,698.2937150613384,0.2340855308564091,0.1703235492893419,0.1921847242085818,91529.0,25170.0,6417832.0,19.21
2026-05-07,27700.0,27700.0,24800.0,24850.0,857000,830406933300.0,-0.10931899641577059,0.014285176809007982,-0.12360417322477857,-0.10931899641577057,20247.5,16676.666666666668,1.2273120138288678,1.490105936438137,17.079999923706055,61.05,698.2937150613384,0.2340855308564091,-0.01807917793686209,0.058121028872691105,-37997.0,-78905.0,6339721.0,18.97
2026-05-08,23700.0,25000.0,23500.0,24250.0,520446,810356866500.0,-0.024144869215291798,0.0010614342387316178,-0.025206303454023415,-0.1308243727598566,20753.5,16798.166666666668,1.1684776061869082,1.4436099177489605,17.190000534057617,60.53,698.2937150613384,0.2340855308564091,-0.1443642695556494,0.02151307261053992,-26145.0,27317.0,6404187.0,19.16
2026-05-11,25350.0,25700.0,23650.0,23900.0,628937,798660994200.0,-0.014432989690721598,0.04324356286676445,-0.05767655255748605,-0.14336917562724005,21242.0,16913.5,1.1251294605027775,1.4130723977887487,18.3799991607666,65.6,698.2937150613384,0.2340855308564091,-0.20648702923628803,-0.10096203394837155,-52161.0,-11142.0,6343049.0,18.98
2026-05-12,24200.0,24450.0,21450.0,22550.0,730404,753548343900.0,-0.05648535564853552,-0.02289501813613881,-0.033590337512396706,-0.19175627240143353,21649.0,16983.5,1.041618550510416,1.3277592957870874,17.989999771118164,70.14,698.2937150613384,0.2340855308564091,-0.11647319352390617,-0.23563115962553216,-37142.0,161562.0,6601322.0,19.75
2026-05-13,22150.0,25000.0,21550.0,24800.0,846870,828736094400.0,0.0997782705099779,0.026279723130859578,0.07349854737911832,-0.11111111111111086,22162.5,17102.666666666668,1.1190073322053018,1.4500662664691666,17.8700008392334,76.16,698.2937150613384,0.2340855308564091,-0.017768342690764438,-0.16657881936956642,-24606.0,-106372.0,6481767.0,19.4
2026-05-14,24300.0,25500.0,23300.0,24050.0,573587,803673510900.0,-0.030241935483870996,0.017516601168337864,-0.04775853665220886,-0.13799283154121847,22600.0,17229.333333333332,1.0641592920353982,1.3958752515090544,17.260000228881836,72.91,698.2937150613384,0.2340855308564091,-0.00785032678548725,-0.09073318279699671,-32072.0,94780.0,6678644.0,19.99
2026-05-15,24150.0,24650.0,21600.0,22250.0,550248,743523310500.0,-0.07484407484407485,-0.06117089222465677,-0.013673182619418078,-0.20250896057347656,22872.5,17319.833333333332,0.9727839108099245,1.284654394287859,18.43000030517578,74.71,698.2937150613384,0.2340855308564091,0.012066828107491379,-0.07920006196239138,-45707.0,114400.0,6795462.0,20.34
2026-05-18,21300.0,21650.0,20150.0,21050.0,469628,703423176900.0,-0.053932584269662964,0.003050755853320597,-0.05698334012298356,-0.2455197132616486,22890.0,17398.0,0.9196155526430756,1.2099091849637889,17.81999969482422,75.06,698.2937150613384,0.2340855308564091,-0.1184150593946105,-0.07850684952788889,-79074.0,132512.0,6948860.0,20.79
2026-05-19,20900.0,21750.0,19680.0,20200.0,514088,675018915600.0,-0.040380047505938266,-0.032514446642434636,-0.00786560086350363,-0.2759856630824372,22872.5,17448.5,0.8831566291397966,1.1576926383356736,18.059999465942383,75.06,698.2937150613384,0.2340855308564091,-0.07852212360590527,-0.05278211287899581,-110593.0,141771.0,7099528.0,21.25
2026-05-20,20050.0,20200.0,18500.0,18940.0,398403,632913775320.0,-0.06237623762376243,-0.008623884998750997,-0.053752352625011435,-0.321146953405018,22617.0,17482.0,0.8374231772560463,1.0834000686420318,17.440000534057617,75.06,698.2937150613384,0.2340855308564091,-0.11860129361149863,-0.18003301288312556,-57044.0,56365.0,7114755.0,21.29
