query_applicant,index_no,register_status,invention_title,ipc_number,register_number,register_date,application_number,application_date,open_number,open_date,publication_number,publication_date,abstract,drawing,big_drawing,applicant_name
한솔케미칼,1,공개,"음극 활물질, 이를 포함하는 음극 및 리튬 이온 전지",H01M 4/36|H01M 10/0562|H01M 4/62|H01M 4/587|H01M 4/38|H01M 4/133|H01M 4/134|H01M 10/0525|H01M 4/02,,,1020240145265,20241022,1020260058679,20260429,,,"리튬 이온 전지에 사용될 수 있는 음극 활물질(100)에 관한 것으로, 보다 구체적으로는 음극재(110) 및 상기 음극재의 표면 외부에 형성된 코팅부(120)를 포함하고, 상기 코팅부는 산화물계 고체전해질을 포함하는 음극 활물질에 관한 것이다.",http://plus.kipris.or.kr/openapi/fileToss.jsp?arg=ed43a0609e94d6e22d01c5c32ba711cf70c18b34e498a1fc9e62a3c9f68eb59b682bc642f5f5191edd872e1238122119f200a2ed7410700587806ad50798a5f66388bb21438e3426,http://plus.kipris.or.kr/openapi/fileToss.jsp?arg=6c650beb4cee9ce4122b704b88878c93134dde06f571014f6d1c16544865b5d7b70c2eca20c81d65526e2cf955017a36a29b2fb7eaf3fbb2f6bc597aecdbc0d79f91f55f4cb30fd9,주식회사 한솔케미칼
한솔케미칼,2,공개,"폴리아미드 중합체를 포함하는 바인더, 이 바인더를 포함하는 이차전지용 양극 및 이 양극을 포함하는 이차전지",C08G 69/26|C08G 69/42|C08L 77/06|H01M 4/62|H01M 4/131|H01M 10/052|H01M 4/02,,,1020220139371,20221026,1020240058536,20240503,,,"본 발명은 방향족 환을 포함하는 단량체 단위를 포함하는 폴리아미드(polyamide) 중합체를 포함하는 바인더, 이를 포함하는 양극 슬러리, 양극 및 이차전지에 관한 것이다.",http://plus.kipris.or.kr/openapi/fileToss.jsp?arg=ed43a0609e94d6e22d01c5c32ba711cf43b4c8f415defef6fc06b209e160bfac3372bda6b2e70178c089bffc729bcd450abaec20af8b30d0e683c17bb963155cf614a19262838ee2,http://plus.kipris.or.kr/openapi/fileToss.jsp?arg=6c650beb4cee9ce4122b704b88878c93b1bd11bec33dcd6cac554707b1b96cffa2365904ed14fb226eb97fe3af06ee0fde6adcc400f155e41e01c9516f2ef26c4362448bb548f8c5,주식회사 한솔케미칼
한솔케미칼,3,공개,코어-쉘 구조를 갖는 고체전해질 및 이의 제조방법,H01M 10/0562|H01M 10/052,,,1020220112552,20220906,1020240033824,20240313,,,"본 발명은 코어-쉘 구조를 갖는 고체전해질 및 이의 제조방법에 관한 것이다. 상기 고체전해질은 하기 화학식1로 표현되는 제1 전해질을 포함하는 코어부; 및 하기 화학식2로 표현되는 제2 전해질을 포함하고, 상기 코어부의 표면에 코팅된 쉘부;를 포함하고, X1의 이온 반경(Ionic radius)이 X2의 이온 반경 보다 큰 것일 수 있다. [화학식1] Li a PS b X1 c 4≤a≤7, 3≤b≤7, 0003c#c≤2, X1은 Br 또는 I를 포함함 [화학식2] Li d PS e X2 f 4≤d≤7, 3≤e≤7, 0003c#f≤2, X2는 Cl 또는 Br을 포함함.",http://plus.kipris.or.kr/openapi/fileToss.jsp?arg=ed43a0609e94d6e22d01c5c32ba711cfe04ebefba53f35edbac00a0a291121402da6412ec2e33d2a46168f9e8723fc1927544acb5f790eb3584d01a9218f30aba97a542c9b1522d9,http://plus.kipris.or.kr/openapi/fileToss.jsp?arg=6c650beb4cee9ce4122b704b88878c9377144f25b22699cd20275db820b84272d658082836979261ffc5b60fcd8f89ad7c79f7b9bb4f82d642db0110018388568b565f291d4a25ad,현대자동차주식회사|기아 주식회사|주식회사 한솔케미칼
한솔케미칼,4,등록,"(메타)아크릴 변성 우레탄 수지, 이를 포함하는 광경화성 변색 수지 조성물, 및 이 수지 조성물을 이용해 절연처리된 전자부품",B29C 47/00|B29C 47/78|C08L 75/04|C08L 33/06,1011610140000,20120622,1020100034866,20100415,1020110115387,20111021,,20120702,"본 발명은 제조공정 및 사용시 휘발성 유기 용매 등이 발생하지 않아 환경부하가 적은 전자부품의 절연에 적합한 광경화성 수지 조성물, 인쇄회로판용 광경화성 방습절연 코팅제 및 절연처리 된 전자부품 및 그의 제조방법을 제공한다. 본 발명은 (메타)아크릴 변성 우레탄 제조시 카르복실기를 2개 가지는 에틸렌성 불포화 이중결합을 가지는 모노머를 사용함으로써 최종 경화된 광(자외선)경화성 수지의 아크릴 주사슬에 우레탄 성분이 가교되어 있는 효과를 부여함으로써 접착력 등 물성이 우수하도록 설계 하였으며, 특히 비가역성 광변색 염료 또는 가역성 광변색 염료를 비가역 조건이 되게 사용하여 경화전후 색상변화의 특성을 발현함으로써, 외관상의 아름다움 뿐만 아니라 LCD 등의 모듈공정 전극보호제 코팅시 색상변화만으로 경화장비의 이상유무 또는 수지의 경화정도를 판단할 수 있게 하여 품질관리에 획기적인 장점이 부여되어 있는 것을 특징으로 한다. 기존 광경화성 전극보호 방습절연 코팅제로 사용되는 제품들과 비교하여 경화속도, 접착력 등 제반 물성은 동등 이상을 유지하면서 경화정도에 따라 색상과 색상의 농도가 변화해 품질관리를 시감적으로 확인할 수 있어 작업의 편의성 뿐만 아니라 외관적인 은폐력 부여 등의 효과도 함께 가지게 되었다. 본 발명에 의해 제조된 광(자외선) 경화성 방습절연 코팅제는 액정표시장치, 플라즈마 표시...(이하생략)",,,주식회사 한솔케미칼
한솔케미칼,5,등록,"광경화성 변색 수지 조성물, 이를 이용해 절연처리된 전자부품 및 그의 제조방법",C08F 2/44|C08F 2/50|C08J 3/20|C08J 3/24|C08L 33/06|C09D 133/06,1012577530000,20130418,1020100034865,20100415,1020110115386,20111021,,20130424,"본 발명은 제조공정 및 사용시 휘발성 유기용매 등이 발생하지 않아 환경부하가 적은 전자부품의 절연에 적합한 광경화성 수지 조성물, 인쇄회로판용 광경화성 방습절연 코팅제 및 절연처리 된 전자부품 및 그의 제조방법을 제공한다. 본 발명은 광경화성 우레탄변성(메타)아크릴레이트, 카보네이트기도입 우레탄변성 (메타)아크릴레이트 수지에 비가역성 광변색 염료 또는 가역성 광변색 염료를 비가역 조건이 되게 사용하여 경화전후 색상변화의 특성을 발현 함으로써, 외관상의 아름다움 뿐만 아니라 LCD 등의 모듈공정에서 전극보호재 코팅시 색상변화만으로 경화장비의 이상 유무 또는 수지의 경화정도를 판단할 수 있게 하여 품질관리에 획기적인 장점이 부여되어 있는 것을 특징으로 한다. 기존 광경화성 전극보호 방습절연 코팅제에 본 발명의 기술을 적용할 경우 경화 속도, 접착력 등 제반 물성은 동등 수준을 유지하면서 경화정도에 따라 색상과 색상의 농도가 변화해 품질관리를 시감적으로 확인할 수 있어 작업의 편의성 뿐만 아니라 외관적인 은폐력 부여 등의 효과도 함께 가지게 되었다. 본 발명에 의해 제조된 광(자외선) 경화성 방습절연 코팅제는 액정표시장치, 플라즈마 표시장치, 유기발광다이오드 등의 평판디스플레이의 전극 보호제, 전자제품의 콘덴서 등의 방습 보호제로 사용할 수 있다.",,,주식회사 한솔케미칼
한솔케미칼,6,공개,"양자점 분산액, 이를 포함하는 양자점 잉크 조성물, 경화막, 컬러필터 및 디스플레이 장치",C09K 11/02|C09K 11/70|C09D 11/101|C09D 11/03|C09D 11/037|C09D 11/322|C09D 11/38|H10H 20/851,,,1020240130547,20240926,1020260044441,20260402,,,"본 발명은 본 발명은 양자점 분산액, 이를 포함하는 양자점 잉크 조성물, 경화막, 컬러필터 및 디스플레이 장치에 관한 것으로, 리간드층에 화학식 1로 표시되는 벤조티올계 리간드 화합물을 포함하는 양자점을 함유함으로써, 조성물의 열안정성 및 광안정성을 더욱 향상시킬 수 있고, 저점도 구현을 통해 잉크젯 공정에 대한 공정성이 우수하며, 광학특성이 더욱 향상된 고품질의 디스플레이 장치를 제공할 수 있다.",,,주식회사 한솔케미칼
한솔케미칼,7,공개,구형의 고체전해질의 제조방법,H01M 10/0562|C01B 25/14|H01M 10/052,,,1020230045915,20230407,1020240150071,20241015,,,본 발명은 입도 분포가 고르고 구형인 고체전해질을 제조할 수 있는 방법에 대한 것이다.,http://plus.kipris.or.kr/openapi/fileToss.jsp?arg=ed43a0609e94d6e22d01c5c32ba711cfcb7e719508a7bbaf0ff4a8daed9b34cbe10781034a44c67be206d097f4f9563ff91748f807a0217d55af93365989cb3f24cb4a126f883d95,http://plus.kipris.or.kr/openapi/fileToss.jsp?arg=6c650beb4cee9ce4122b704b88878c934cb379fa631e1307a54f870eb7c8d700802d8ee3902e14fdfa546f2c761c86e18e802a370e591c0ada4d5844788769bc937f59171e548b82,현대자동차주식회사|기아 주식회사|주식회사 한솔케미칼
한솔케미칼,8,등록,"양자점 잉크 조성물, 이의 제조방법, 이를 포함하는 경화막, 컬러필터 및 디스플레이 장치",C09D 11/50|C09D 11/322|C09D 11/38|C09K 11/02|C09K 11/62|G02F 1/1335|H10K 59/38,1029450260000,20260324,1020240119506,20240903,1020260033902,20260310,,20260330,"본 발명은 양자점 잉크 조성물, 이의 제조방법, 이를 포함하는 경화막, 컬러필터 및 디스플레이 장치에 관한 것으로, AIGS계 양자점에 특히 적합한 리간드 화합물을 포함하여 양자점의 광학적 특성 및 안정성을 더욱 향상시킬 수 있고, 양자점의 표면의 리간드 화합물을 우수한 효율로 치환하고, 치환된 리간드 화합물이 양자점 표면에 더 강하게 결합하도록 하여 우수한 물성의 양자점 잉크 조성물을 제조할 수 있으며, 이에 따라 광학특성이 더욱 향상된 고품질의 디스플레이 장치를 제공할 수 있다.",,,주식회사 한솔케미칼
한솔케미칼,9,거절,"음극 활물질, 그의 제조방법 및 이를 포함하는 리튬 이차전지",H01M 4/36|H01M 4/38|H01M 4/583|C01B 33/113|C01B 32/182|H01M 10/052|H01M 4/02,,,1020220137966,20221025,1020240057600,20240503,,,"본 발명은 금속 입자 및 나노탄소를 포함하는 코어 및 탄소를 포함하는 쉘층을 포함하고, 상기 나노탄소가 상기 금속 입자 전체를 감싸는 형태를 갖는 것을 특징으로 하는, 리튬 이차 전지용 음극 활물질 및 이의 제조 방법과, 이를 포함하는 리튬 이차 전지에 관한 것이다.",http://plus.kipris.or.kr/openapi/fileToss.jsp?arg=ed43a0609e94d6e22d01c5c32ba711cf43b4c8f415defef6fc06b209e160bface53c02dde095b533acd47e1efd6104107252c838d5ae87a6f8169af41feac83f5beed2abed881a5c,http://plus.kipris.or.kr/openapi/fileToss.jsp?arg=6c650beb4cee9ce4122b704b88878c93b1bd11bec33dcd6cac554707b1b96cffca8d38c1965a1406a1b948337f736c64ec23ecb22d82f5b91d61173d77ebc1d370ebc893a76ff385,주식회사 한솔케미칼
한솔케미칼,10,등록,"음극 활물질, 그의 제조방법 및 이를 포함하는 리튬 이차전지",H01M 4/36|H01M 4/38|H01M 4/62|H01M 10/052|H01M 4/02,1029327860000,20260225,1020220155336,20221118,1020240073473,20240527,,20260305,"본 발명은 적어도 하나의 금속 함유 입자를 포함하는 코어, 상기 코어를 둘러싸는 제1쉘 및 상기 제1 쉘을 둘러싸는 제2쉘을 포함하고, 상기 금속 함유 입자는 Mg, Al, Si, Ca, Fe, Mg, Mn, Co, Ni, Zn 및 Ge로 이루어진 그룹에서 선택된 어느 하나 이상을 포함하는 음극 활물질, 그의 제조방법 및 이를 포함하는 리튬이차전지에 관한 것이다.",http://plus.kipris.or.kr/openapi/fileToss.jsp?arg=ed43a0609e94d6e22d01c5c32ba711cf6d11f9c78b1fe41a8dbe1b821a4f47f72106eb50df856d9ba38e814438c34ccc2f0a6b3bb8f33701088eacb687364db6ca6429e92712f583,http://plus.kipris.or.kr/openapi/fileToss.jsp?arg=6c650beb4cee9ce4122b704b88878c9372ec71bbcfe5c14b4ed6ce6d902c8c07506ed5a1adf0e6422af7b56a52954d2102e4bc6f28a969cf0644e54270e6323da142deea4747c22b,주식회사 한솔케미칼
한솔케미칼,11,등록,"음극 활물질, 그의 제조방법 및 이를 포함하는 리튬 이차전지",H01M 4/38|H01M 4/48|H01M 4/36|H01M 4/587|H01M 4/134|H01M 4/133|H01M 10/052|C01B 33/02|C01B 33/18|C01B 32/215|C01B 32/05|H01M 4/02,1029322180000,20260224,1020240144665,20241022,,,,20260304,"적어도 하나의 금속 함유 입자를 포함하며, 상기 금속 함유 입자는 Si, Al, Sn, Ge, Pb, In, As, Sb, P, 및 Ag로 이루어진 군에서 선택되는 어느 하나 이상을 포함하고, 제조된 음극 활물질 총 중량 100 중량%를 기준으로, 산소 함량이 8 중량% 이하인 음극 활물질, 그의 제조방법 및 이를 포함하는 전극, 이차전지에 관한 것이다.",http://plus.kipris.or.kr/openapi/fileToss.jsp?arg=ed43a0609e94d6e22d01c5c32ba711cf5fdfd92b5b265a5f5fa0005b611475e0184280daca5f490ae63074b402a4624856c50b816f6e5b5ff1daac62ccca32798ded7f988f33d545,http://plus.kipris.or.kr/openapi/fileToss.jsp?arg=6c650beb4cee9ce4122b704b88878c9398743ff941ee7d9e5c87a04d0ce74904b61fd188f8ea8b9b168191717fd02d21ca1f7c5f0a9d37bfa45ec466841827fb2c1c949afef9e702,주식회사 한솔케미칼
한솔케미칼,12,등록,"음극 활물질, 그의 제조방법 및 이를 포함하는 리튬 이차전지",H01M 4/36|H01M 4/38|H01M 4/587|C01B 33/02|H01M 4/134|H01M 10/052|H01M 4/02,1029327840000,20260225,1020220146033,20221104,1020240064246,20240513,,20260304,"본 발명은 적어도 하나의 금속 함유 입자를 포함하는 음극 활물질로서, 상기 음극 활물질의 반지름(r 1 )에 대한 상기 음극 활물질의 중심점과 가장 먼 거리에 위치하는 상기 금속 함유 입자의 상기 음극 활물질의 중심점과 가장 먼 거리의 말단을 연결하는 최장 직선의 길이(r 2 )의 비(r 2 /r 1 )가 0.8 이상, 0.95 이하인 음극 활물질, 그의 제조방법 및 이를 포함하는 리튬이차전지에 관한 것이다.",http://plus.kipris.or.kr/openapi/fileToss.jsp?arg=ed43a0609e94d6e22d01c5c32ba711cf5fdfd92b5b265a5f316e410fc78eedd44521a8a3fa61367b28fae7370d1740fea1c181c22733c979dfc75a580209993fc2753c425e91fa56,http://plus.kipris.or.kr/openapi/fileToss.jsp?arg=6c650beb4cee9ce4122b704b88878c9398743ff941ee7d9eec8a17b05d1117cda4579115a6bd4c80eefd8fae04e748c756ed3428da10230a857361a6d957a4ca73ad9cf2c32d0b26,주식회사 한솔케미칼
한솔케미칼,13,등록,"음극 활물질, 그의 제조방법 및 이를 포함하는 리튬 이차전지",H01M 4/38|H01M 4/36|C01B 32/956|H01M 10/0525|H01M 4/02,1029327850000,20260225,1020250032633,20250313,,,,20260304,"하프 셀(Half Cell)을 대상으로 한 증분 용량 분석(Incremental Capacity Analysis, ICA)에 의해서 측정된 충・방전 사이클의 충전 곡선을 각 셀의 충전 완료 용량으로 정규화한 전압 대비 미분용량 곡선(dQ/dV)으로 변환하였을 때, 0.4V 내지 0.5V 구간에서 관찰되는 피크의 최대 높이(Peak A)가 3.5V -1 이상인 음극 활물질, 이의 제조방법 및 이를 포함하는 전극, 이차전지에 관한 것이다.",http://plus.kipris.or.kr/openapi/fileToss.jsp?arg=ed43a0609e94d6e22d01c5c32ba711cf5fdfd92b5b265a5fc2952209e5e84fad9ef4d7724ca6e3923235015c07c2bc4129451d5f493f72be9567a41000176061dfd2402469340e02,http://plus.kipris.or.kr/openapi/fileToss.jsp?arg=6c650beb4cee9ce4122b704b88878c9398743ff941ee7d9e10cb8bbb9c9df09fdf4d8e704962a9a5bbe2b5b2f503ba641c04ac896976cd51053a451b9d00bbd5c7dbf6135f2638d0,주식회사 한솔케미칼
한솔케미칼,14,등록,"리튬 전지용 음극 활물질, 그의 제조방법 및 이를 포함하는 리튬 이차 전지",H01M 4/36|H01M 4/38|H01M 4/48|H01M 10/052|H01M 4/02,1029322160000,20260224,1020220126382,20221004,1020240047128,20240412,,20260303,"본 발명은 금속 입자를 포함하는 코어부와 비정질 탄소를 포함하는 쉘부를 갖는 1차 입자; 및 복수의 상기 1차 입자들을 둘러싸는 이온 전도성 물질; 을 포함하여 형성되는 2차 입자를 포함하는, 리튬 이차 전지용 음극 활물질 및 이의 제조 방법과, 이를 포함하는 전극 및 리튬 이차 전지에 관한 것이다.",http://plus.kipris.or.kr/openapi/fileToss.jsp?arg=ed43a0609e94d6e22d01c5c32ba711cfa42bf03c92a6573b20a4361dc6739362b6df305d619c54aad6f296dd25e4612186acefad142e7941c10d5a44fd130b7bce6e346ca45c2d0d,http://plus.kipris.or.kr/openapi/fileToss.jsp?arg=6c650beb4cee9ce4122b704b88878c93113102e6bbcd0f98555fd26a10bde68656b4689d19907d46733a8f04e22403d94ede0bed1175277b2fe565e3405751ddf497990ba5c343bf,주식회사 한솔케미칼
한솔케미칼,15,공개,공중합체와 이를 이용하여 제조한 분산액과 상기 분산액을 이용하여 제조한 이차전지용 양극 및 상기 양극을 포함하는 이차전지,C08F 220/18|C08F 220/06|C08F 222/02|C08F 212/14|C08F 230/02|C08F 212/08|C08F 220/44|C01B 32/174|H01M 4/62|H01M 4/13|H01M 10/052|H01M 4/02,,,1020240110246,20240819,1020260026609,20260227,,,"본 발명은 탄소수 5 내지 22의 선형 또는 분지형 지방족 탄화수소를 포함하는 아크릴레이트 계열의 단량체 단위; 치환되거나 치환되지 않은 1개 이상의 방향족 또는 지방족 고리를 포함하는 아크릴레이트 계열의 단량체 단위 및 치환되거나 치환되지 않은 1개 이상의 방향족 또는 지방족 고리를 포함하는 비닐 계열의 단량체 단위로 이루어진 그룹에서 선택된 어느 하나 이상의 단량체 단위; 및 카복실산(COOH), 설폰산(SO 3 H)), 포스폰산(PO 3 H 2 ), 사이아노(CN), 피롤리돈(NC 4 H 6 O), 아마이드, 알킬 아마이드, 디알킬 아마이드, 알코올, 에폭시기, 카프로락탐(C 5 H 10 CNO), 모르폴린(C 4 H 8 NO), 및 옥사졸리돈(C 3 H 4 NO 2 )으로 이루어진 그룹에서 선택된 어느 하나 이상의 관능기를 포함하는 극성 단량체 단위; 를 포함하는 공중합체, 이를 이용하여 제조한 분산액과 상기 분산액을 이용하여 제조한 이차전지용 양극 및 상기 양극을 포함하는 이차전지에 관한 것이다.",,,주식회사 한솔케미칼
한솔케미칼,16,공개,탄소 나노튜브 분산액과 이를 이용하여 제조한 이차전지용 양극 및 상기 양극을 포함하는 이차전지,C01B 32/174|H01M 4/62|H01M 10/052|C08F 220/14|C08F 220/18|C08F 218/08|H01M 4/02,,,1020230146460,20231030,1020250063917,20250509,,,"본 발명은 분산액 및 이를 포함하는 양극 슬러리 조성물에 관한 것으로, 더욱 상세하게는 탄소 나노튜브를 효율적으로 분산시킬 수 있고, 슬러리의 결착력을 향상시킬 수 있는 분산액, 이를 포함하는 양극 슬러리 조성물, 양극 및 이차전지에 관한 것이다.",,,주식회사 한솔케미칼
한솔케미칼,17,거절,"음극 활물질, 그의 제조방법 및 이를 포함하는 리튬 이차 전지",H01M 4/36|H01M 4/38|H01M 10/0525|C01B 33/02|H01M 4/02,,,1020220115649,20220914,1020240036956,20240321,,,"본 발명은, 금속 입자와 비정질 탄소를 포함하는 다공성 구형 입자를 갖는 코어; 및 결정질 탄소 및 비정질 탄소 중 하나 이상을 포함하는 쉘; 을 포함하는 코어-쉘 구조를 가지며, 상기 코어의 금속 입자가 코어의 비정질 탄소를 통해 물리적으로 연결되어 있는 것을 특징으로 하는, 음극 활물질 및 이의 제조 방법과, 이를 포함하는 리튬 이차 전지에 관한 것이다.",http://plus.kipris.or.kr/openapi/fileToss.jsp?arg=ed43a0609e94d6e22d01c5c32ba711cfdfc7ca85b2676c399988f0295622f67d3b897f3a50c736823df7567b4b223030a7fa840a7b3dcc159b8173b9b3bbb5f35e2d91e5b1f6ce1c,http://plus.kipris.or.kr/openapi/fileToss.jsp?arg=348aaf18c46825cf02d6c2de1c78338e7e8384424434c26bada1b947c35cdac4ce97784bd6e022fcaf4de52d58874543c52ee2075f956b6cb313d6330de999c716351798567d879b,주식회사 한솔케미칼
한솔케미칼,18,등록,"무용매형 양자점 조성물, 그 제조방법, 및 이를 포함하는 경화막, 컬러필터 및 디스플레이 장치",C09K 11/02|C09K 11/54|C09K 11/60|C07C 323/22,1026846360000,20240709,1020210128262,20210928,1020230045423,20230404,,20240716,"본 발명은 무용매형 양자점 조성물, 그 제조방법 및 이를 포함하는 경화막, 컬러필터 및 디스플레이 장치에 관한 것이다. 구체적으로 본 발명에 따른 무용매형 양자점 조성물은 2종 이상의 리간드로 표면 개질된 양자점을 포함하며 점도가 낮고 광특성이 우수할 뿐만 아니라 QD 합성 후 해당 용액에서 바로 리간드 치환하여 제조할 수 있어 공정이 간소화된다.",,,주식회사 한솔케미칼|삼성디스플레이 주식회사
한솔케미칼,19,공개,리사이클링을 통한 고강도 탄소섬유 습식부직포의 제조 방법,D04H 1/4242|D04H 1/4382|D01F 8/18|D01F 1/10|D06M 23/06|D06C 7/00|D06M 101/40,,,1020230051305,20230419,1020240154855,20241028,,,"본 발명은 리사이클링을 통한 고강도 탄소섬유 습식부직포의 제조 방법에 관한 것이다. 보다 구체적으로, 본 발명은 탄소섬유 습식부직포의 제조시 탄소섬유 분산액을 여과하여 생성된 여과액을 탄소섬유 습식부직포 상단에 스프레이 도포하는 단계를 포함함으로써 건조효율, 분산성, 인장강도 및 표면결합력이 현저히 개선된 탄소섬유 부직포를 제조할 수 있고, 상기 여과액은 재사용할 수 있으므로 기존 공정 대비 공정 비용을 획기적으로 절감할 수 있는 탄소섬유 습식부직포의 제조방법에 관한 것이다.",http://plus.kipris.or.kr/openapi/fileToss.jsp?arg=ed43a0609e94d6e22d01c5c32ba711cf908c1cdbed7cf646bca9153754287cf9c515976cfc34da6681fcaec9a717162bbbedecfe8b1beaccddf95b1193a486cfa2b975ec38d848cd,http://plus.kipris.or.kr/openapi/fileToss.jsp?arg=6c650beb4cee9ce4122b704b88878c9360acbdcd394169cf9172631114a1a429c7a1e2265871b268b12a9cd21af5645e82080ec8707e110533385aaccd7bd642a656a5828ee5b917,주식회사 한솔케미칼
한솔케미칼,20,등록,"양자점 분산액, 이를 포함하는 양자점 잉크 조성물, 경화막, 컬러필터 및 디스플레이 장치",C09K 11/02|C09K 11/70|C09D 11/037|C09D 11/101|C09D 11/322|C09D 11/38|G02B 5/20,1029205170000,20260127,1020250030414,20250310,,,,20260130,"본 발명은 본 발명은 양자점 분산액, 이를 포함하는 양자점 잉크 조성물, 경화막, 컬러필터 및 디스플레이 장치에 관한 것으로, 일말단에 방향족 탄화수소기를 가지고, 타말단에 티올기를 갖는 화학식 1로 표시되는 화합물을 리간드층에 포함하는 양자점을 함유함으로써, 조성물의 굴절률, 열안정성 및 광안정성을 더욱 향상시킬 수 있고, 저점도 구현을 통해 잉크젯 공정에 대한 공정성이 우수하며, 광학특성이 더욱 향상된 고품질의 디스플레이 장치를 제공할 수 있다.",,,주식회사 한솔케미칼
한솔케미칼,21,공개,"폴리아미드 중합체를 포함하는 바인더, 이 바인더를 포함하는 이차전지용 양극 및 이 양극을 포함하는 이차전지",C08G 69/32|C08G 69/42|H01M 4/62|H01M 4/13|H01M 10/052|H01M 4/02,,,1020230156397,20231113,1020250070317,20250520,,,"본 발명은 술폰(sulfone)을 포함하는 디아민 단량체 단위, 카르복실산을 포함하는 디아민 단량체 단위 및 적어도 하나의 방향족 환을 포함하는 단량체 단위를 포함하는 폴리아미드 중합체, 이를 포함하는 양극용 바인더, 양극 슬러리, 양극 및 이차전지에 관한 것이다.",http://plus.kipris.or.kr/openapi/fileToss.jsp?arg=ed43a0609e94d6e22d01c5c32ba711cfb64526f5b1ad5d348dac7a596a503765102a846bab39c7d26cb5bf49b1a704b889d4ea14eae267306c71f63c379319efc5c1859d5bf19a6d,http://plus.kipris.or.kr/openapi/fileToss.jsp?arg=6c650beb4cee9ce4122b704b88878c9372a0444bb10194dc56413029e57888f1028f14d3ad7ff25775c4bab1cbd7559e0e5fc72e5b7f001e8b50ef3bb205d8dac841e4e294b1c460,주식회사 한솔케미칼
한솔케미칼,22,등록,"이온 전도성 고분자, 이를 포함하는 리튬이차전지용 전극 및 리튬이차전지",C08F 220/18|H01M 4/62|H01M 10/0565|H01M 10/052|C08F 220/56|C08F 236/04|C08F 220/70|C08F 220/08,1024868020000,20230105,1020200104587,20200820,1020210022505,20210303,,20230111,"본 발명은 본 발명은 하기 화학식 1로 표시되는 제1 단량체를 포함하는 이온 전도성 고분자, 이를 포함하는 리튬이차전지용 전극 및 리튬이차전지에 관한 것이다: 003c#화학식 1003e# 상기 화학식 1 중, A, L 1 내지 L 2 , L 11 , a1 내지 a2, a11, R 1 내지 R 3 , 및 n1 내지 n2는 상세한 설명에서 정의된 바와 같다.",http://plus.kipris.or.kr/openapi/fileToss.jsp?arg=ed43a0609e94d6e22d01c5c32ba711cf4f9bcdc9262a82c6b0b546e27af64b172898ff85347b29c167b74fbb7b3e942f49d2807ef2a47e26688caa35fd7859eab7f1bf74094c86b3,http://plus.kipris.or.kr/openapi/fileToss.jsp?arg=6c650beb4cee9ce4122b704b88878c9399b33d910b68746d8b9c3efea5ece745d6c4cc22e391ef581b5d2b7cee679c16882d749206caf872c9a0ca6485db39672b167dacd23c66cc,삼성에스디아이 주식회사|주식회사 한솔케미칼
한솔케미칼,23,등록,보호용 수지를 가지는 액정 표시 장치의 제조 방법,G02F 1/1339|G02F 1/1345|G02F 1/1333,1012229920000,20130110,1020100086653,20100903,1020120024052,20120314,,20130117,"본 발명은 육안으로 경화 정도를 정량적으로 확인할 수 있음과 아울러 경화성이 좋은 보호용 수지를 가지는 액정 표시 장치의 제조 방법을 제공하는 것이다. 본 발명에 따른 액정 표시 장치의 제조 방법은 합착제에 의해 컬러 필터 기판과 액정층을 사이에 두고 합착되는 박막트랜지스터 기판 상에 신호 전송 필름을 부착하는 단계와; 상기 합착제와 신호 전송 필름 사이에 상기 합착제와 접촉되도록 보호용 수지를 도포하고 상기 보호용 수지를 150~350mJ의 광에너지로 광경화함과 동시에 무색에서 유색으로 변화시키는 단계와; 상기 색변화된 보호용 수지의 색값을 통해 상기 보호용 수지의 경화 여부를 판단하는 단계를 포함하며, 상기 보호용 수지는 20~60 중량부의 광경화성 우레탄 변성(메타)아크릴레이트 올리고머와, 40~80 중량부의 광경화 가능 아크릴 단량체와, 0.5~10 중량부의 광개시제와, 0.1~3 중량부의 광변색 염료와, 0.1~10 중량부의 첨가제로 이루어지는 것을 특징으로 한다.",http://plus.kipris.or.kr/openapi/fileToss.jsp?arg=ed43a0609e94d6e22d01c5c32ba711cf49e640728359644ecf3ee90478307068a6603ec841b4ea5266f9ab09266f9bdcf5e97249b502713afac925f722ef273e4d99d690c0261bdc,http://plus.kipris.or.kr/openapi/fileToss.jsp?arg=452306798ef1fd03bf8e5ba4e1dbf7267f50948f79d08cc3ba08b1ce9cda881c37f8f07c793d9cd377d2e6afb05fd9a9a197156c9a36c00d5558734da59a6f0056b95d0ccbc426b8,엘지디스플레이 주식회사|주식회사 케이씨씨|주식회사 한솔케미칼
한솔케미칼,24,공개,코팅 품질이 우수한 리튬이차전지용 복합 양극 활물질 및 이의 제조방법,H01M 4/36|H01M 4/525|H01M 4/505|H01M 4/02,,,1020240072183,20240603,1020250173139,20251210,,,본 발명은 코팅 품질이 우수한 리튬이차전지용 복합 양극 활물질 및 이의 제조방법에 대한 것이다.,http://plus.kipris.or.kr/openapi/fileToss.jsp?arg=ed43a0609e94d6e22d01c5c32ba711cf1de8065d03824b653f189d171bf7272cb31c84a90f9bdf7dd425e503b5cc294e99ee305b6f3cd2ee08bf8fc9c528ea677133edab21fd93c3,http://plus.kipris.or.kr/openapi/fileToss.jsp?arg=6c650beb4cee9ce4122b704b88878c93244aaf850f337055c9ffbc107a5ca47aec96fbf48e2191cbc2804f16320a12fa29961560d7cc5133a2d407b1b6b3b196243a7a841de630b9,현대자동차주식회사|기아 주식회사|주식회사 한솔케미칼
한솔케미칼,25,공개,"공중합체, 상기 공중합체를 포함하는 점도 저감제 및 양극 슬러리 조성물, 상기 양극 슬러리 조성물을 포함하는 양극, 및 상기 양극을 포함하는 이차전지",C08F 212/08|C08F 220/18|C08F 220/06|H01M 4/62|H01M 4/13|H01M 10/052|H01M 4/02,,,1020230142897,20231024,1020250059029,20250502,,,"본 발명은 공중합체 및 이를 포함하는 점도 저감제에 관한 것으로, 더욱 상세하게는 점도가 낮으면서, 분산성이 우수한 양극 슬러리 조성물을 제조할 수 있고, 양극 활물질과 집전체 사이의 결착력이 우수한 양극을 제조할 수 있는 공중합체와 이를 포함하는 점도 저감제, 양극 슬러리 조성물, 양극 및 이차전지에 관한 것이다.",,,주식회사 한솔케미칼
한솔케미칼,26,등록,"재생 양자점 잉크 조성물의 제조방법, 이에 의해 제조된 재생 양자점 잉크 조성물, 이를 포함하는 컬러필터 및 디스플레이 장치",C09D 11/322|C09D 11/36|C09K 11/02|G02B 5/20,1028781900000,20251024,1020240042379,20240328,1020250145235,20251013,,20251103,"본 발명은 재생 양자점 잉크 조성물의 제조방법, 상기 제조방법에 의해 제조된 재생 양자점 잉크 조성물, 상기 재생 양자점 잉크 조성물의 경화물을 포함하는 컬러필터 및 디스플레이 장치에 관한 것으로, 고가의 양자점이 적용된 제조비용을 절감할 수 있고, 재생 양자점 잉크 조성물의 점도 및 장기 보관 안정성이 양호하여 잉크젯 공정에 효과적으로 적용될 수 있으며, 광학특성이 더욱 향상된 고품질의 디스플레이 장치를 제공할 수 있다.",http://plus.kipris.or.kr/openapi/fileToss.jsp?arg=ed43a0609e94d6e22d01c5c32ba711cff0b851ef961ec9a7043fbec0edde559515f6c74b0867ebfb7fd0b35b6725f4adc4cf7532543b9b8fb0bc26e777836bc2506649f0df4bb717,http://plus.kipris.or.kr/openapi/fileToss.jsp?arg=6c650beb4cee9ce4122b704b88878c9324f0ab33db7d39ad8d13b11164c03c37793930ce2d49aafb5341d3fc136ce73dd165e50c97baa70430d46b955f8e2429e378f45cacd8fbe3,주식회사 한솔케미칼|삼성디스플레이 주식회사
한솔케미칼,27,거절,폴리아마이드이미드 바니쉬 제조방법 및 이로부터 얻어진 필름,C08G 73/14|C09D 179/08|C08J 5/18|C08K 5/00|C08K 5/08,,,1020220009879,20220124,1020230113970,20230801,,,"본 발명은 방향족 다이아민 모노머와 방향족 다이안하이드라이드 모노머를 고온축합반응시켜 말단에 아민기를 가지는 폴리이미드 프리폴리머를 생성하는 단계; 상기 전구체 폴리머의 생성 후에, 방향족 다이카르보닐 모노머를 반응시켜 중합액을 제조하는 단계; 및 상기 중합액에 알킬렌 옥사이드를 첨가하여 중합액에 존재하는 산 부산물을 고휘발성 화합물로 전환시키는 단계를 포함하는 것인, 폴리아마이드이미드 바니쉬 제조방법 및 이로부터 얻어진 필름에 관한 것이다.",http://plus.kipris.or.kr/openapi/fileToss.jsp?arg=ed43a0609e94d6e22d01c5c32ba711cf3e946f524c211bf8c0a18bdd972e5701f7954c070010e86904daff9dfdd8083c533504a0f50d86ea325c7dfc4a98eb68cbb42b26b9410fe5,http://plus.kipris.or.kr/openapi/fileToss.jsp?arg=6c650beb4cee9ce4122b704b88878c9377645caea41c5bfe15dc125c521270919f140b7b80594a45dc0ad54aeaf924c6423fe0484a395bc22721102808f0e2a63c1c0c0b08e10a97,주식회사 한솔케미칼
한솔케미칼,28,등록,금속 산화물 또는 금속-규소 산화물 박막 증착용 유기 금속 전구체 및 이를 이용한 박막 증착 방법,C23C 16/40|C07F 19/00,1012160680000,20121220,1020100134946,20101224,1020120072986,20120704,,20121227,"본 발명은 유기금속 화학 증착법(MOCVD) 및 원자층 증착법(ALD)에 의하여 우수한 박막 특성, 두께, 단차피복성을 확보할 수 있으며, 휘발성이 높고 실온에서 액체 상태로 존재하고 열적으로 안정한 실리콘이 함유된 신규한 단일 유기금속 전구체 화합물을 제공한다. 또한 상기한 유기 금속 전구체 화합물을 이용하여 유기 금속 화학 증착법 및 원자층 증착법을 통해 금속 산화물과 금속 규소 산화물 박막을 형성하는 박막 증착 방법을 제공한다.",http://plus.kipris.or.kr/openapi/fileToss.jsp?arg=ed43a0609e94d6e22d01c5c32ba711cfa95f89e00b50a9bbde344c713960a452d94367fcbe1429b58a5d573f2e96163bf39b6001d079483f6c642ff847fe407e35c28ebb35950494,http://plus.kipris.or.kr/openapi/fileToss.jsp?arg=452306798ef1fd03bf8e5ba4e1dbf726bccd41aa5590346e41d8b2428ba16f39b0201a2d756030c050a112ce3f0dcd7612e3e6ce06348b1643aa3d3d71169cc39e7150d201aa8b08,주식회사 한솔케미칼
한솔케미칼,29,등록,"폴리아미드 중합체를 포함하는 바인더, 이 바인더를 포함하는 이차전지용 양극 및 이 양극을 포함하는 이차전지",H01M 4/62|H01M 4/131|H01M 10/052|C08L 77/06|C08G 69/42|C08G 69/32|H01M 4/02,1028538230000,20250828,1020220147607,20221108,1020240066611,20240516,,20250902,"본 발명은 유리전이온도가 100℃ 이상, 250℃ 이하인 폴리아미드(polyamide) 중합체를 포함하는 바인더, 이를 포함하는 양극 슬러리, 양극 및 이차전지에 관한 것이다.",http://plus.kipris.or.kr/openapi/fileToss.jsp?arg=ed43a0609e94d6e22d01c5c32ba711cf881899b93e5ec2c33a1844e629d9348bb63877412128a7f002bd89e2b1cc6d8665580adeec52cfd0eb970cd132bb128663aa84c3c83a6b28,http://plus.kipris.or.kr/openapi/fileToss.jsp?arg=6c650beb4cee9ce4122b704b88878c930f176f371e30f3475345e00a4a3c69b02074418c4760b876952a930ad8d74917626e648fa65829d1cc8662061ca12987c01a2577d7f32f02,주식회사 한솔케미칼
한솔케미칼,30,등록,황화물계 고체 전해질 제조 방법 및 이로부터 제조된 황화물계 고체 전해질,H01M 10/0562|C01B 25/14|H01B 1/10,1022989790000,20210901,1020190097268,20190809,1020210017657,20210217,,20210906,"본 발명은 황화물계 고체 전해질 제조 방법 및 이로부터 제조된 황화물계 고체 전해질에 관한 것으로써, 보다 상세하게는, 두 개 이상의 황화물계 화합물을 포함함으로써, 고체 전해질의 대기안정성을 향상시키고 유독 가스 발생이 감소되는 황화물계 고체 전해질 제조 방법 및 이로부터 제조된 황화물계 고체 전해질에 관한 것이다.",http://plus.kipris.or.kr/openapi/fileToss.jsp?arg=ed43a0609e94d6e22d01c5c32ba711cfce2fc95668044306a8ba3776585de112526268dc9c9e15d65cd473c5bb9f7d5a101a47597ca3f480953f73c515235ee0db141685d429f4fa,http://plus.kipris.or.kr/openapi/fileToss.jsp?arg=6c650beb4cee9ce4122b704b88878c9370572aa78c287f203c2e68da8c7cf4a87a612d932b45dfb09a2af1acc1f5331e5c040dc2444f35d338e778fa21ee7c4027fb83b217c1534e,현대자동차주식회사|기아 주식회사|주식회사 한솔케미칼
한솔케미칼,31,등록,광경화성 조성물의 광경화시에 경화 전후 색상의 변화를 통해 광경화성 조성물의 품질을 측정하는 방법,C08F 2/44|C08F 2/50|C08J 3/20|C08J 3/24,1011862650000,20120920,1020100034864,20100415,1020110115385,20111021,,20120927,"본 발명은 광경화성 수지 조성물의 광경화시에 경화 전후 색상을 변화시키는 방법과, 이러한 경화 전후 색상 변화를 통해 광경화 수지의 품질을 관리하는 방법에 관한 것이다. 본 발명에 따른 경화 전후 색상을 변화시키는 방법은 광경화성 우레탄변성(메타)아크릴레이트, 카보네이트기도입 우레탄변성 (메타)아크릴레이트 수지에 비가역성 광변색 염료 또는 가역성 광변색 염료를 비가역 조건이 되게 사용하는 것을 포함하며, 본 발명에 따른 경화 전후 색상 변화를 통해 광경화 수지의 품질을 관리하는 방법은 LCD 등의 모듈공정에서 전극보호재 코팅시 색상변화만으로 경화장비의 이상 유무 또는 수지의 경화정도를 판단할 수 있게 하여 품질관리에 획기적인 장점이 부여되어 있는 것을 특징으로 한다. 기존 광경화성 전극보호 방습절연 코팅제에 본 발명의 기술을 적용할 경우 경화 속도, 접착력 등 제반 물성은 동등 수준을 유지하면서 경화정도에 따라 색상과 색상의 농도가 변화해 품질관리를 시감적으로 확인할 수 있어 작업의 편의성 뿐만 아니라 외관적인 은폐력 부여 등의 효과도 함께 가지게 되었다. 본 발명에 따른 광경화성 수지 조성물의 광경화시에 경화 전후 색상을 변화시키는 방법과, 이러한 경화 전후 색상 변화를 통해 광경화 수지의 품질을 관리하는 방법은 액정표시장치, 플라즈마 표시장치, 유기발광다이오드 등의 평판디스플레이의 전극 보...(이하생략)",,,주식회사 한솔케미칼
한솔케미칼,32,공개,광 경화성 조성물 및 표시 장치의 제조 방법,C08F 290/06|C08F 2/44|C08F 2/50|C08K 5/00|C09D 11/00,,,1020230143124,20231024,1020250059600,20250507,,,"본 개시의 실시예에 따른 광 경화성 조성물은, 광 경화형 올리고머; 단관능 (메타)아크릴레이트 모노머 및 다관능 (메타)아크릴레이트 모노머를 포함하는 광 경화형 모노머; 산화 방지제 및 표면 첨가제를 포함하는 기능성 원료; 및 광 개시제; 를 포함하고, 상기 광 경화형 올리고머는 하기 화학식 1을 만족하며, 상기 광 경화형 올리고머는 (메타)아크릴레이트, 폴리에테르계 (메타)아크릴레이트, 에폭시 (메타)아크릴레이트, 및 우레탄 (메타)아크릴레이트 중 하나 이상을 포함하며, 상기 광 경화성 조성물의 전체에 대하여, 15 중량% 내지 25 중량%로 포함되고, 500g/mol 내지 10000g/mol의 중량평균분자량을 갖을 수 있다.",http://plus.kipris.or.kr/openapi/fileToss.jsp?arg=ed43a0609e94d6e22d01c5c32ba711cf965da9994007687c5746f9f582f4698610ae118a0b9e794be4df796061c279d0ad88b8cef6a046f0c89591ab82850255b92ce486404aa33a,http://plus.kipris.or.kr/openapi/fileToss.jsp?arg=6c650beb4cee9ce4122b704b88878c93d25b0acb2956c4dd567bcc2b99910476e4f3bed07f84112663a439cf36da66b36e74845df32d477c9329006d475336e3ce22fac7fb62355d,삼성디스플레이 주식회사|주식회사 한솔케미칼
한솔케미칼,33,공개,입자간 결합력이 강화된 황화물계 고체전해질 및 이의 제조방법,H01M 10/0562|C01B 25/14|H01M 10/052,,,1020230077590,20230616,1020240176659,20241224,,,"본 발명은 1차 입자가 응집된 2차 입자를 포함하는 황화물계 고체전해질에 관한 것으로서, 상기 1차 입자간 결합력이 높아 균일하고 안정된 양질의 슬러리를 제공할 수 있다.",http://plus.kipris.or.kr/openapi/fileToss.jsp?arg=ed43a0609e94d6e22d01c5c32ba711cf052faa187564542d83008c9f297b01bd3fac60e114501e61cd90fb9ffacd1be460165f16875c114a719f5e2f22acf6e48417b69e592de70b,http://plus.kipris.or.kr/openapi/fileToss.jsp?arg=6c650beb4cee9ce4122b704b88878c9330c74598a2c8757e268dfae945e2ec6d02fe977514e9cdbf1645ff8a0a79ea7b50a6f58cf3be452f2863afa797e9e0b1edf02340fe696b6d,현대자동차주식회사|기아 주식회사|주식회사 한솔케미칼
한솔케미칼,34,등록,"공중합체를 포함하는 바인더, 상기 바인더를 포함하는 이차전지용 음극 및 상기 음극을 포함하는 이차전지",C08F 290/12|C08F 220/18|C08F 8/10|C08F 8/08|C08F 212/08|C08F 236/08|H01M 4/62|H01M 4/13|H01M 10/052|H01M 4/02,1027246760000,20241028,1020240075525,20240611,,,,20241101,"본 발명은 스타이렌 계열의 제1 단량체 단위, 하이드록시기를 포함하는 탄소수 4 이상, 7 이하의 제2 단량체 단위, 및 이중 결합을 포함하는 탄소수 4 이상, 7 이하의 제3 단량체 단위를 포함하는 주쇄를 포함하고, 상기 주쇄의 상기 제2 단량체 단위가 그래프팅된 고분자 사슬을 포함하는,공중합체와 공중합체를 포함하는 음극 슬러리, 음극 및 이차전지에 관한 것이다.",http://plus.kipris.or.kr/openapi/fileToss.jsp?arg=ed43a0609e94d6e22d01c5c32ba711cf5172d1aa06b17a2060f01748f081e25f1d6616f2284ce5bae26877aa8ff8877eb4ffb57f1748f855125d896c38b60e4e6737317d5b635b33,http://plus.kipris.or.kr/openapi/fileToss.jsp?arg=6c650beb4cee9ce4122b704b88878c93fe41ef1acadada653a041b5532cf56874a1564b63522eb8992fe28574e2b39ef722ba5b3d6abcc5939f06999a301be20fd63dc30cb6b1edf,주식회사 한솔케미칼
한솔케미칼,35,등록,"음극 활물질, 그의 제조방법 및 이를 포함하는 리튬 이차전지",H01M 4/36|H01M 4/38|H01M 4/48|H01M 4/58|H01M 4/583|H01M 4/587|H01M 4/62|H01M 10/052|C01B 33/02,1026882880000,20240722,1020210082927,20210625,1020230000615,20230103,,20240726,"본 발명은 금속 탄화물로 표면의 전체 또는 일부가 코팅된 금속 입자를 포함하는 쉘을 포함하고는 음극 활물질, 그의 제조방법 및 이를 포함하는 리튬이차전지에 관한 것이다.",http://plus.kipris.or.kr/openapi/fileToss.jsp?arg=ed43a0609e94d6e22d01c5c32ba711cf0bc8de717c9f9eb3a73b73ad304c85b13eef5edb22403cb3f4652b77af9b6b0a8007ae6bf4b929f4636bb9ed95e320fa1cc7a20ed8893ea3,http://plus.kipris.or.kr/openapi/fileToss.jsp?arg=6c650beb4cee9ce4122b704b88878c93d8beff9b615101aad6bf06d603f39db96d9db30bd817b2ba38e712b8991d8e19984a89bc1ac65cb56e30b128f788e43b4388804e8ba8b628,주식회사 한솔케미칼
한솔케미칼,36,등록,폴리아마이드이미드 바니쉬 제조방법 및 이로부터 얻어진 필름,C08G 73/14|C08G 73/10|C09D 179/08|C08J 5/18,1025735950000,20230829,1020210100882,20210730,1020230018871,20230207,,20230901,"본 발명은 방향족 디아민 모노머와 방향족 디안하이드라이드 모노머를 반응시켜 말단에 아민기를 가지는 폴리아믹산 전구체 폴리머를 생성하는 단계, 또는 지방족고리 디아민 모노머와 방향족 디안하이드라이드 모노머를 반응시켜 말단에 안하이드라이드기를 가지는 올리고머를 제조한 후 방향족 디아민 모노머와 반응시켜 말단에 아민기를 가지는 폴리아믹산 전구체 폴리머를 생성하는 단계; 상기 전구체 폴리머의 생성 후에, 방향족 디카르보닐 클로라이드 모노머 또는 지방족고리 디카르보닐 모노머를 반응시켜 중합액을 제조하는 단계; 및 상기 중합액에 알킬렌 옥사이드를 첨가하여 중합액에 존재하는 산 부산물들을 고휘발성 화합물로 전환시키는 단계를 포함하는 것인, 폴리아마이드이미드 바니쉬 제조방법 및 이로부터 얻어진 필름에 관한 것이다.",http://plus.kipris.or.kr/openapi/fileToss.jsp?arg=ed43a0609e94d6e22d01c5c32ba711cff1397bf20b07aa7abaf49f8043021caeaf9201a6ea899eac9cff8165836002fb414151b06a976aa95037f6289bb249781e60562acdd32ab1,http://plus.kipris.or.kr/openapi/fileToss.jsp?arg=6c650beb4cee9ce4122b704b88878c9382d7fa1c2e1e8cc1bf5ee02d59f0010a296b2e9c33e5858c3c3f0a7e5f8c692f87d5d7d3831d9c5a0b81eaab4f91a7724008a34754fb9ddb,주식회사 한솔케미칼
한솔케미칼,37,등록,"양자점 조성물, 이를 포함하는 컬러필터 및 화상표시장치",C09K 11/02|G02B 5/20|G02F 1/1335|C08F 2/44|C08F 220/56|C08F 220/18|C08K 9/04|C08K 5/37|C08J 5/18,1025785290000,20230911,1020210001692,20210106,1020220099448,20220713,,20230914,"본 발명은 양자점 조성물, 이를 포함하는 컬러필터 및 화상표시장치에 관한 것으로서, 보다 상세하게는 양자점, 적어도 2종의 광중합성 모노머 및 티올 화합물을 포함하여 광특성이 우수할 뿐만 아니라 점도가 낮은 특성을 나타낼 수 있다.",http://plus.kipris.or.kr/openapi/fileToss.jsp?arg=ed43a0609e94d6e22d01c5c32ba711cf934c6d4a8a0b7782dec1c407d6d3723b8ada4847b9fe9ceaaefba7a7cfd153be724d935fa405b2da53c57e04dd30b478cb167a3ec12bfdf8,http://plus.kipris.or.kr/openapi/fileToss.jsp?arg=6c650beb4cee9ce4122b704b88878c93c919d02bd4f848bc300de00cacad2792189f1293785c4d155d8fde40f4530f68c6b6a025472652064c5a034fb2c90022ed385bdc883c7745,주식회사 한솔케미칼|삼성디스플레이 주식회사
한솔케미칼,38,취하,에피클로로히드린의 비대칭 고리열림 반응에 의한 키랄화합물 제조방법,C07B 57/00|C07B 53/00|C07D 303/08|B01J 31/26,,,1020010031150,20010604,1020020092502,20021212,,,"본 발명은 키랄 촉매 존재 하에서 친핵체(nucleophile)와의 반응을 통한 라세믹 에피클로로히드린(racemic epichlorohydrin)의 비대칭 고리열림 반응(asymmetric ring opening reaction)에 의한 키랄 화합물을 제조함에 있어서, 종래의 방법과 달리 DKR(Dynamic Kinetic Resolution)반응을 적용하고, 특히 하기 화학식 2와 화학식 3의 염을 사용하여 다양한 기능기를 가진 친핵체가 부가된 키랄 화합물을 고수율과 높은 광학순도로 제조하는 방법이다. [화학식 2] [화학식 3] 상기 화학식 2와 화학식 3에서 R 1 , R 2 , R 3 , R 4 , R 5 , R 6 , X a , X, Y, m 및 n은 명세서에서 정의한 바와 같다.",http://plus.kipris.or.kr/openapi/fileToss.jsp?arg=ed43a0609e94d6e2d625a3dcb0746fe4473881283d6a4c2c4a20203da9c96fc87f85e9bfe02a3ffecd9a6517540d74fe,http://plus.kipris.or.kr/openapi/fileToss.jsp?arg=452306798ef1fd035bfb5ff666db4c9cfad0bf93f73520e64bccecfbf5adaa2f3fe47cd6b035d2fc6927c0b0b680cbda,주식회사 한솔케미칼|에이치엘비제약 주식회사
한솔케미칼,39,취하,"(메타)아크릴 변성 우레탄 수지, 이를 포함하는 광경화성 변색 수지 조성물 및 광경화성 조성물의 광경화시에 경화 전후 색상의 변화를 통해 광경화성 조성물의 품질을 측정하는 방법",C08G 18/67|C08F 299/06|C08L 33/06|C08L 75/04|C09K 9/02|C09D 175/04,,,1020100035870,20100419,1020110116451,20111026,,,"본 발명은 광경화성 수지 조성물의 광경화시에 경화 전후 색상을 변화시키는 방법과, 이러한 경화 전후 색상 변화를 통해 광경화 수지의 품질을 관리하는 방법에 관한 것이다. 본 발명에 따른 경화 전후 색상을 변화시키는 방법은 광경화성 우레탄변성(메타)아크릴레이트, 카보네이트기도입 우레탄변성 (메타)아크릴레이트 수지에 비가역성 광변색 염료 또는 가역성 광변색 염료를 비가역 조건이 되게 사용하는 것을 포함하며, 본 발명에 따른 경화 전후 색상 변화를 통해 광경화 수지의 품질을 관리하는 방법은 LCD 등의 모듈공정에서 전극보호재 코팅시 색상변화만으로 경화장비의 이상 유무 또는 수지의 경화정도를 판단할 수 있게 하여 품질관리에 획기적인 장점이 부여되어 있는 것을 특징으로 한다. 기존 광경화성 전극보호 방습절연 코팅제에 본 발명의 기술을 적용할 경우 경화 속도, 접착력 등 제반 물성은 동등 수준을 유지하면서 경화정도에 따라 색상과 색상의 농도가 변화해 품질관리를 시감적으로 확인할 수 있어 작업의 편의성 뿐만 아니라 외관적인 은폐력 부여 등의 효과도 함께 가지게 되었다. 본 발명에 따른 광경화성 수지 조성물의 광경화시에 경화 전후 색상을 변화시키는 방법과, 이러한 경화 전후 색상 변화를 통해 광경화 수지의 품질을 관리하는 방법은 액정표시장치, 플라즈마 표시장치, 유기발광다이오드 등의 평판디스플레이의 전극 보...(이하생략)",,,주식회사 한솔케미칼
한솔케미칼,40,등록,"리튬 이차 전지용 음극 활물질, 이의 제조방법 및 이를 포함하는 리튬 이차 전지",H01M 4/36|H01M 4/38|H01M 4/587|H01M 4/02,1029604130000,20260428,1020220116487,20220915,1020240037673,20240322,,,"본 발명은 금속입자를 포함하는 다공성 코어 및 상기 코어 외부에 형성된 탄소 쉘층을 포함하는 리튬 이차 전지용 음극 활물질에 있어서, 상기 코어는 중공층을 포함하고, 상기 코어의 반경 대비 상기 중공층의 반경의 비율이 0.2 이상 0.4 이하인, 리튬 이차 전지용 음극 활물질에 관한 것이다.",http://plus.kipris.or.kr/openapi/fileToss.jsp?arg=ed43a0609e94d6e22d01c5c32ba711cf41623f34ce19120c5303eb058ceb9627d1ec477fb2e3341827e3e7054f3d8e6a0cb292f5a60159cedd64bd40cc654233b4b87a8d450134aa,http://plus.kipris.or.kr/openapi/fileToss.jsp?arg=348aaf18c46825cf02d6c2de1c78338ef7013926e63d97cf1aab8bb1cfd5e271b09ec1d6599b3c7d4f92936a6a91df146329cf6bddcc6c286a7bcc91ca38c914e85384f6015a3058,주식회사 한솔케미칼
한솔케미칼,41,등록,"양자점 함유 감광성 조성물, 양자점 광학 시트, 백라이트 유닛 및 디스플레이 장치",G03F 7/105|G03F 7/027|G03F 7/004|C09K 11/02|C09K 11/66,1029583670000,20260423,1020250000672,20250103,,,,20260428,"본 발명은 양자점 함유 감광성 조성물, 양자점 광학 시트, 백라이트 유닛 및 디스플레이 장치에 관한 것으로, 본 발명의 양자점 함유 감광성 조성물은 페로브스카이트 양자점과의 상용성이 우수한 고분자 매트릭스를 형성할 수 있는 구성성분과 페로브스카이트 양자점의 안정성을 저해하지 않는 광확산제를 포함함으로써, 외부 자극으로부터 페로브스카이트 양자점의 열화를 방지하여 우수한 광학 특성을 유지하고, 더욱 향상된 초기 휘도 및 광 안정성을 나타낼 수 있으며, 이에 따라 고품질의 백라이트 유닛 및 디스플레이 장치를 제공할 수 있다.",http://plus.kipris.or.kr/openapi/fileToss.jsp?arg=ed43a0609e94d6e22d01c5c32ba711cfe75f3dc56104b1fb9b3187ddfdb0f0b5a8c8b2f0b67144f7d69c8347cdf0fc02a80f0e9da6982fa87b954e2ce4e45b0a57bc8fd1fd85ae70,http://plus.kipris.or.kr/openapi/fileToss.jsp?arg=6c650beb4cee9ce4122b704b88878c93c24520523a540c06504a1e9b21416a2eecb1f775fa3ebe27b4d8efd601369f52d2164781dbcf5ff8b7701120b706b0667cea3c45f870689b,주식회사 한솔케미칼
한솔케미칼,42,공개,"신규 조성물, 이를 포함하는 전구체 조성물, 및 이를 이용한 박막의 제조방법",C23C 16/40|C07F 5/00|C23C 16/455,,,1020230185358,20231219,1020250094887,20250626,,,"본 발명은 기상 증착을 통하여 박막 증착이 가능한 기상 증착용 전구체 조성물에 관한 것으로, 구체적으로는 원자층 증착법 (Atomic Layer Deposition, ALD) 또는 화학 기상 증착법 (Chemical Vapor Deposition, CVD)에 적용 가능하고, 반응성, 휘발성 및 열적 안정성이 우수한 신규 조성물, 상기 신규 조성물을 포함하는 전구체 조성물, 상기 전구체 조성물을 이용한 박막의 제조방법에 관한 것이다.",http://plus.kipris.or.kr/openapi/fileToss.jsp?arg=ed43a0609e94d6e22d01c5c32ba711cfc903a5fe738956da9a1ee1417ef05923ed43739bfc365d918187e79b654039259dbac212a1a24c01201d4b85d66796cb613d22d361419e91,http://plus.kipris.or.kr/openapi/fileToss.jsp?arg=6c650beb4cee9ce4122b704b88878c9379a1d31dff44ff0aed04a92771259d80c3cee646209366b1eb759f8456c742d347a7ae90f4eee86c9442b7d1aefd464f4d82d17c14c75cf3,주식회사 한솔케미칼
한솔케미칼,43,공개,반도체 패키지용 액상 에폭시 수지 조성물 및 이를 사용한 반도체 패키지,C08L 63/00|C08K 3/013|C08K 3/22|C08K 3/36|C08K 3/38|C08G 59/20|C08G 59/24|C08G 59/42|C08G 59/68|H10W 74/40,,,1020250148554,20251015,1020260057322,20260428,,,"본 발명은 에폭시 수지, 산무수물 경화제, 경화촉진제, 및 무기충전재를 포함하고, 상기 에폭시 수지는 디사이클로펜타디엔(dicyclopentadiene, DCPD)형 및 비스페놀 A형 에폭시 수지를 포함하는 반도체 패키지용 액상 에폭시 수지 조성물 및 이를 사용한 반도체 패키지에 관한 것이다.",,,주식회사 한솔케미칼
한솔케미칼,44,공개,유기 실리콘 전구체를 이용한 고온에서의 박막 형성 방법 및 이로부터 제조된 박막,H10P 10/00|C23C 16/40|C23C 16/455,,,1020230036432,20230321,1020240142023,20240930,,,본 발명은 유기 실리콘 화합물을 이용하여 고온에서도 우수한 특성의 박막을 제조할 수 있는 방법 및 이로부터 제조된 박막에 관한 것이다.,http://plus.kipris.or.kr/openapi/fileToss.jsp?arg=ed43a0609e94d6e22d01c5c32ba711cf29f3a01beb4bd35d52629286c7264def258459361334bf349cde6dc884791783c2612d5d094b81f8e7c6306e578aff546990e7a34041d3ee,http://plus.kipris.or.kr/openapi/fileToss.jsp?arg=348aaf18c46825cf02d6c2de1c78338e2bd3a9276dafcb92462dda294ff40c81448544f02cb07defe9bf0ccceb22091d1ff346983e4db2058496c2f44424a34e1321c750f5ccfed1,주식회사 한솔케미칼
한솔케미칼,45,공개,"차광성 감광성 수지 조성물, 이의 경화물, 패턴의 형성 방법 및 감광성 수지 조성물의 제조 방법",G03F 7/075|G03F 7/004|G03F 7/031|G03F 7/032|G03F 7/20,,,1020230161057,20231120,1020250074222,20250527,,,"본 발명은 차광성 감광성 수지 조성물, 이의 경화물, 패턴의 형성 방법 및 감광성 수지 조성물의 제조 방법에 관한 것으로, 구체적으로 폴리실세스퀴옥산 바인더를 포함하여 내화학성이 우수하고, OLED 공정에서 차광성이 저하되지 않고 도막의 변형이 없는 차광성 감광성 수지 조성물, 이의 경화물, 패턴의 형성 방법 및 감광성 수지 조성물의 제조 방법에 관한 것이다.",,,주식회사 한솔케미칼
한솔케미칼,46,거절,분리막용 공중합체 및 이를 포함하는 이차전지,C08F 220/18|H01M 50/42|C08F 230/04|H01M 50/446|H01M 10/052|C08F 220/06|C08F 218/08,,,1020230147595,20231031,1020250064008,20250509,,,"본 발명은 황 원자 포함 단량체 단위, 아크릴로나이트릴 계열의 단량체 단위, 탄소수 1 내지 20의 선형 알킬기를 포함하는 아크릴레이트 계열의 단량체 단위 및 비닐아세테이트 계열의 단량체 단위를 포함하는 공중합체와 이를 포함하는 슬러리 조성물, 분리막 및 이차전지에 관한 것이다.",,,주식회사 한솔케미칼
한솔케미칼,47,공개,이차전지 분리막 코팅용 바인더 및 이를 포함하는 이차전지,H01M 50/451|H01M 50/431|H01M 50/446|H01M 10/052|C08L 33/26|C08F 220/56|C08F 226/10|C08F 220/06,,,1020230170528,20231130,1020250083264,20250610,,,"본 발명은 (메타)아크릴아마이드계 단량체, 비닐피롤리돈 및 (메타)아크릴산 단량체로부터 유래되어 카르복실산기를 포함하는 공중합체 A; 및 (메타)아크릴아마이드계 단량체, 비닐피롤리돈 및 (메타)아크릴레이트계 단량체로부터 유래되어 알코올기를 포함하는 공중합체 B의 혼합물을 포함하는 이차전지 분리막 코팅용 바인더, 이를 포함하는 이차전지용 분리막 및 이차전지에 관한 것이다.",,,주식회사 한솔케미칼
한솔케미칼,48,등록,"음극 활물질, 그의 제조방법 및 이를 포함하는 리튬 이차전지",H01M 4/36|H01M 4/38|H01M 4/587|C01B 33/02|H01M 10/052|H01M 4/02,1029523480000,20260409,1020220161487,20221128,1020240078865,20240604,,20260420,"본 발명은 금속 입자를 포함하는 코어 및 상기 코어 외부에 형성된 쉘층을 포함하고, 상기 쉘층은 금속 탄화물 입자 및 탄소계 물질을 포함하며, 상기 금속 탄화물 입자의 상기 쉘층 내의 수밀도(number density)(개수/㎛ 2 )가 50 이상 100 이하인 것을 특징으로 하는, 리튬 이차 전지용 음극 활물질 및 이의 제조 방법과, 이를 포함하는 리튬 이차 전지에 관한 것이다.",http://plus.kipris.or.kr/openapi/fileToss.jsp?arg=ed43a0609e94d6e22d01c5c32ba711cf4eeb0ce0ac289daccfd21b607421256a3dd7bfb8227724b1867e353ed54a1d07e3841507ff2808c90177369f441ccc0e72f6c9e7c750d62f,http://plus.kipris.or.kr/openapi/fileToss.jsp?arg=6c650beb4cee9ce4122b704b88878c9306ccbc7e3469db21beffa0f911f0bae4103f6811461eed3b8f45161d6971f22d0a6bac6842326379f021b3c115e3c352fa0b2725ca136868,주식회사 한솔케미칼
한솔케미칼,49,공개,"리튬 이차전지용 음극 활물질, 이의 제조방법, 이를 포함하는 음극 및 리튬 이차전지",H01M 4/36|H01M 4/38|H01M 4/587|H01M 4/133|H01M 4/134|H01M 10/052|C01B 33/021|C01B 32/05|H01M 4/02,,,1020240137425,20241010,1020260051590,20260417,,,"본 발명은 리튬 이차전지용 음극 활물질, 이의 제조방법, 이를 포함하는 음극 및 리튬 이차전지 관한 것이다. 본 발명의 리튬 이차전지용 음극 활물질은 코어 및 상기 코어를 감싸는 쉘을 포함하고, 상기 코어는 인편상 실리콘 입자 및 비정질 탄소가 인터링킹(interlinking)된 다공성 구조체를 포함하고, 상기 쉘은 인편상 실리콘 입자, 비정질 탄소 및 결정질 탄소를 포함할 수 있다.",http://plus.kipris.or.kr/openapi/fileToss.jsp?arg=ed43a0609e94d6e22d01c5c32ba711cf67761ab95d00af8018d5674b82c5409df4834ca718e13da8292334225f91a19be625bf8bda340d0f06b4a63bffb1005d1ce225bb58293559,http://plus.kipris.or.kr/openapi/fileToss.jsp?arg=6c650beb4cee9ce4122b704b88878c939a1e965003a7ac7002452fc88d03ed54cc85ecff767e2409c69df491fde0c2db3afb330b1cacbe19a0557b4a7ebb476c23ccfd63d9d7b722,현대자동차주식회사|기아 주식회사|주식회사 한솔케미칼
한솔케미칼,50,등록,"리튬 이차 전지용 음극 활물질, 이의 제조방법 및 이를 포함하는 리튬 이차 전지",H01M 4/36|H01M 4/38|H01M 10/052|H01M 4/02,1029523410000,20260409,1020220143433,20221101,1020240061740,20240508,,20260420,"본 발명은 코어 및 상기 코어 외부에 형성된 쉘층을 포함하는 리튬 이차 전지용 음극 활물질에 있어서, 상기 코어는 금속을 함유하고, 상기 쉘층은 탄소를 함유하며, 상기 코어 및 쉘층 사이에 복수의 공극이 형성된 공극층을 포함하고, 상기 코어 중심과 상기 공극의 중심을 잇는 선과 상기 공극의 장축선이 이루는 각도가 60˚ 이상 90˚ 이하인, 리튬 이차 전지용 음극 활물질에 관한 것이다.",http://plus.kipris.or.kr/openapi/fileToss.jsp?arg=ed43a0609e94d6e22d01c5c32ba711cf4eeb0ce0ac289daccfd21b607421256a982e866febaf0f78785af97a5a8703f18a67e1344ff31b9aa82ff08640b94a78f1b436a755ba2170,http://plus.kipris.or.kr/openapi/fileToss.jsp?arg=6c650beb4cee9ce4122b704b88878c9306ccbc7e3469db21beffa0f911f0bae499d81752d59f12ba787c26eb6d3e490ca7285c676560992f8214579d88c6879d0dabbd7f1d70b3b4,주식회사 한솔케미칼
한솔케미칼,51,공개,"바인더용 폴리아미드 중합체, 이를 포함하는 슬러리, 전극, 분리막 및 이차전지",C08G 69/40|C08G 69/26|C08G 69/42|H01M 4/62|H01M 4/13|H01M 10/0525,,,1020240128237,20240923,1020260042801,20260331,,,"본 발명은 에틸렌글라이콜(Ethylene Glycol)기반 단량체의 중합을 통해 형성된 -CH 2 CH 2 O-를 포함하는 단량체 단위를 포함하는 바인더용 폴리아미드 중합체, 이를 포함하는 슬러리, 전극, 분리막 및 이차전지에 관한 것이다.",,,주식회사 한솔케미칼
한솔케미칼,52,등록,"리튬 이차 전지용 음극 활물질, 이의 제조방법 및 이를 포함하는 리튬 이차 전지",H01M 4/36|H01M 4/38|H01M 10/052|H01M 4/02,1029524400000,20260409,1020220162834,20221129,1020240079688,20240605,,20260415,"본 발명은 코어부 및 상기 코어 외부에 형성된 쉘부를 포함하는 리튬 이차 전지용 음극 활물질에 있어서, 상기 코어부는 금속 입자를 포함하는 다공성 구형 입자이고, 상기 쉘부는 탄소를 함유하며, 상기 코어부의 금속 입자간 거리가 하기 식을 만족하는 것을 특징으로 하는, 리튬 이차 전지용 음극 활물질에 관한 것이다. 0.6×(금속 입자의 장경 평균+금속 입자의 단경 평균)≤(금속 입자간 거리)≤0.85×(금속 입자의 장경 평균+금속 입자의 단경 평균)",http://plus.kipris.or.kr/openapi/fileToss.jsp?arg=ed43a0609e94d6e22d01c5c32ba711cfe5497a51e6e6cbdc83fb79c6c0c11f5908d6a34c9afc66c7e2f09826a579336c1c800159bda5389aabdb5a12762302b884efc846231f197e,http://plus.kipris.or.kr/openapi/fileToss.jsp?arg=6c650beb4cee9ce4122b704b88878c93ef63f0b613c7ca21d00c52ec7dbaa42f5559c93ee738b4c96f6d02677f06076e96a0cd249d792ff0f9c63f8c9810ca7e0e91274543be942c,주식회사 한솔케미칼
한솔케미칼,53,등록,"음극 활물질, 그의 제조방법 및 이를 포함하는 리튬 이차 전지",H01M 4/36|H01M 4/38|H01M 4/48|H01M 4/587|H01M 10/052|H01M 4/02,1029525610000,20260409,1020220163040,20221129,1020240079774,20240605,,20260414,"본 발명은, 금속 입자 및 탄소를 포함하는 다공성 구형 입자인 코어부; 및 결정질 탄소 및 비정질 탄소 중 하나 이상을 포함하는 쉘부; 를 가지며, 상기 코어부의 금속 입자들은 상기 탄소를 통해 서로 연결되어 있고, 상기 쉘부의 외부 표면에 폴리머를 포함하는 코팅층을 갖는 것을 특징으로 하는, 음극 활물질 및 이의 제조 방법과, 이를 포함하는 리튬 이차 전지에 관한 것이다.",http://plus.kipris.or.kr/openapi/fileToss.jsp?arg=ed43a0609e94d6e22d01c5c32ba711cfd29fd2a37b7527da0ca838b569edf55326464888b429e13a8964af9b0ce6dc1b7e8300e24ea4617813e2b0abbc38d741df3adc634dd55a2e,http://plus.kipris.or.kr/openapi/fileToss.jsp?arg=6c650beb4cee9ce4122b704b88878c93830b621b6ce0b3c34cfbc56d7ceedbe4e993f9a4e3ef665d80c83067b8fb74f2415573280d347b466662d5f89838edc0db683d4129e20344,주식회사 한솔케미칼
한솔케미칼,54,공개,"바인더용 폴리아미드 중합체, 이를 포함하는 슬러리, 전극, 분리막 및 이차전지",C08G 69/32|C08G 69/40|C08G 69/26|C08G 69/42|H01M 4/62|H01M 4/13|H01M 10/0525,,,1020250109553,20250808,1020260050939,20260415,,,"본 발명은 에테르기, 탄소수 1 내지 10의 선형 또는 분지형 탄화수소기, 또는 이들의 조합을 포함하는 제1 단량체 단위를 포함하는 바인더용 폴리아미드 중합체, 이를 포함하는 슬러리, 전극, 분리막, 이차전지 무지부 절연 코팅층용 슬러리 조성물 및 이차전지에 관한 것이다.",,,주식회사 한솔케미칼
한솔케미칼,55,거절,안정적인 돔 형성 및 유지가 가능한 경화성 실리콘 조성물 및 그 경화물,C08L 83/04|C08L 77/12|C08G 77/20|C08K 9/06|C08K 3/34|C08K 5/5419|C08K 5/54,,,1020220134003,20221018,1020240053901,20240425,,,"본 발명은 경화성 실리콘 조성물 및 그 경화물에 관한 것이다. 더욱 상세하게는, 광 투과율이 높고 일정한 돔 형상으로 제조하는 것이 가능하여 광학기능이 우수하면서도, 접착성이 우수하여 안정적으로 돔 형성이 가능하고 돔의 박리없이 오래 유지될 수 있는 광학용 경화성 실리콘 조성물 및 그 경화물에 관한 것이다.",http://plus.kipris.or.kr/openapi/fileToss.jsp?arg=ed43a0609e94d6e22d01c5c32ba711cfdb30c28d6c233b9feb3698c780f52a2be13268af03ae7af50dd7704b7312a063be0ff9d90e5141e28f426a2227744e3f23b4389a6899ed7e,http://plus.kipris.or.kr/openapi/fileToss.jsp?arg=6c650beb4cee9ce4122b704b88878c938d45359b3eade85b962c81a90e7b80faf8e76c21de98d4fefab54498d0651b2449b81751791469dfd956d12f7d9c8f771eac5a6a40920190,주식회사 한솔케미칼
한솔케미칼,56,등록,고분자량의 수분산성 음이온 고분자 분산액 및 그 제조방법,C08F 2/20|C08J 3/02,1022561430000,20210518,1020190159336,20191203,,,,20210526,"본 발명은 수처리, 준설, 토양복원 및/또는 원유처리에 있어 보다 효과적인 고분자량의 수분산성 음이온 고분자 분산액 및 이의 제조방법에 관한 것으로서, 보다 상세하게는 특정 분자량 조절제 및/또는 구조화제를 사용하여 중합속도와 염석속도 간의 균형 조절 및 분자구조 변경을 통해 입자 크기가 작고 균일하며 높은 분자량을 가질 뿐만 아니라 공중합된 음이온성 고분자 입자가 서로 정전기적 반발력에 의해 안정적으로 분산되도록 하여 고유동성을 가진 수분산성 음이온 고분자 분산액을 제공할 수 있다.",http://plus.kipris.or.kr/openapi/fileToss.jsp?arg=ed43a0609e94d6e22d01c5c32ba711cfe29e7aacaab4e5f81000b474322ac3117004d02db57bf0547ffed2129d7943378f5d3ed6ec355461da412f4dc31e33b545f650988a70b35a,http://plus.kipris.or.kr/openapi/fileToss.jsp?arg=6c650beb4cee9ce4122b704b88878c93b9d11a69450b116343e25733ebb1af1b8df3c3c662fda27c66c6df218525a177fedfbda18a776683ceae50e3bb386576a531562c36c8646b,주식회사 한솔케미칼
한솔케미칼,57,등록,"공중합체를 포함하는 바인더, 상기 바인더를 포함하는 이차전지용 음극, 상기 음극을 포함하는 이차전지, 및 상기 공중합체의 중합방법",C08F 265/06|C08F 220/06|C08F 216/14|C08F 218/08|C08F 220/14|H01M 4/62|H01M 10/052|H01M 4/02,1025355270000,20230518,1020220044461,20220411,,,,20230526,"본 발명은 비닐알코올-아크릴산-시아노에틸화된 비닐알코올 공중합체(poly(vinyl alcohol-co-acrylic acid-co-cyanoethylated vinyl alcohol), PVA-PAA-CEPVA) 및 그 제조방법과 공중합체를 포함하는 음극 슬러리, 음극 및 이차전지에 관한 것이다.",,,주식회사 한솔케미칼
한솔케미칼,58,등록,"바인더 조성물, 상기 바인더 조성물 포함하는 이차전지용 음극 및 상기 음극을 포함하는 이차전지",C08L 31/04|C08L 33/06|C08L 33/02|C08L 29/04|C08L 9/06|C08K 5/42|C08K 5/053|H01M 4/62|H01M 4/02,1025382860000,20230525,1020220108872,20220830,,,,20230601,"본 발명은 비닐 알코올 계열의 단량체 단위, 비닐 아세테이트 단량체 단위, 아크릴레이트 계열의 단량체 단위 및 아크릴산 계열의 단량체 단위를 포함하는 공중합체를 포함하는 제1 바인더, 스타이렌 부타디엔 고무 입자를 포함하는 제2 바인더, 또는 상기 제1 바인더 및 제2 바인더의 조합을 포함하고, 상기 제1 바인더의 상기 공중합체는 D-솔비톨로 가교되며, 상기 제2 바인더의 상기 스타이렌 부타디엔 고무 입자는 2-아크릴아미도-2-메틸프로판-술폰산을 포함하는 바인더 조성물을 포함하는 음극 슬러리, 음극 및 이차전지에 관한 것이다.",,,주식회사 한솔케미칼
한솔케미칼,59,등록,단차피복성이 우수한 루테늄 화합물 및 이를 이용하여 증착시킨 박막,C01G 55/00|C23C 16/06,1014047140000,20140530,1020120025377,20120313,1020130043557,20130430,,20140620,"본 발명은 1-에틸-1,4-싸이클로헥사다이엔, 1,3-부타다이엔, 또는 이소프렌의 특정 리간드 구조를 포함하고 있고, 열적 안정성, 기화 특성 및 단차 피복성이 우수한 루테늄 화합물과 이를 이용하여 증착시킨 박막에 관한 것이다.",http://plus.kipris.or.kr/openapi/fileToss.jsp?arg=ed43a0609e94d6e22d01c5c32ba711cf78acab8f1351089eb801f199d86ab6dee4fa7d7b02c886f064ff8bec898f30b8ab7547dbf68997e683609c7771464e027efa8535ea1e60ae,http://plus.kipris.or.kr/openapi/fileToss.jsp?arg=2ba38663aa11ff0f6ca91af6061a2e00cd416657a5fb869bd0c950f3344c29ebfb330a7ffdcf24774c68e6aba125e38695fadd2985237ff6970845dd33b5d86590a8a94948b0afec,주식회사 한솔케미칼
한솔케미칼,60,등록,이중 경화형 수지 조성물 및 이를 이용한 디스플레이용 접착제,C08F 290/06|C08F 220/34|C08F 220/14|C08F 2/50|C09J 4/06|C09J 5/00,1025283490000,20230427,1020210051840,20210421,1020220145134,20221028,,20230503,"본 발명은 이중 경화 가능한 하이브리드(Hybrid) 수지 조성물, 및 이를 이용하는 디스플레이용 접착제에 관한 것으로서, 보다 상세하게는 습기 경화형 성분과 광경화성 성분을 소정 비율로 혼용함에 따라 UV 경화 후 초기 접착력이 우수하고, 이후 습기 경화시 높은 경화도를 통해 고접착 특성을 지속적으로 발휘하여 높은 신뢰성을 나타낼 수 있다.",,,주식회사 한솔케미칼
한솔케미칼,61,등록,오가노메탈 폴리실록산 및 이의 제조방법,C08G 77/04|C08G 77/06|C08L 83/04,1015212270000,20150512,1020120127606,20121112,1020140060816,20140521,,20150518,"본 발명은 유기 폴리실록산 구조내의 실록시 그룹(SiO-)과 유기금속화합물의 금속원자가 화학적 결합으로 연결된 구조단위체로 이루어진 신규의 오가노메탈 폴리실록산과 이의 제조방법, 그리고 상기한 오가노메탈 폴리실록산을 포함하는 EL용 수지조성물에 관한 것이다.",,,주식회사 한솔케미칼
한솔케미칼,62,공개,UV 경화 가능한 양극 무지부 절연 코팅 실리콘 수지 조성물 및 그 경화물,C09D 183/04|C09D 7/63|C09D 7/65|C08K 5/56|C08G 77/20|C08G 77/12|H01M 4/66|H01M 4/70,,,1020240010091,20240123,1020250115093,20250730,,,"본 발명은 UV 경화 가능한 양극 무지부 절연 코팅 실리콘 수지 조성물 및 그 경화물에 관한 것이다. 상세하게는, 양극 무지부 코팅을 위한 절연성 실리콘 수지 조성물에 있어서, 상기 실리콘 수지 조성물은 비닐 터미네이트 폴리 디 메틸 실록산(Vinyl terminated polydimethylsiloxane), 하이드라이드 터미네이트 폴리 디 메틸 실록산(Hydride terminated polydimethylsiloxane) 및 하이드라이드 폴리 디 메틸 실록산(Hydride polydimethylsiloxane), 백금촉매 및 경화를 지연시키는 경화지연제를 포함하는 것을 특징으로 한다.",http://plus.kipris.or.kr/openapi/fileToss.jsp?arg=ed43a0609e94d6e22d01c5c32ba711cf5d70042457c04dabe5ebce9341f57cbe9bb1a6d6107a0deadf555f102b388cc85912db7662f284fdc3e920ab8f6132c783d5e61231122c43,http://plus.kipris.or.kr/openapi/fileToss.jsp?arg=6c650beb4cee9ce4122b704b88878c93e551744fcad1b183da6d83200a3d33678e3226855802f9b043aa0b78f35814adeedc7337b0d7337c06de7fa06d6d54278f1e5119a4aeb824,주식회사 한솔케미칼
한솔케미칼,63,공개,폐리튬 이차전지로부터 유가금속을 용매 추출 공정에서 선택성을 높여 고효율로 회수하는 방법,H01M 10/54|C22B 3/08|C22B 3/16|C22B 26/12|C22B 3/00|C22B 47/00,,,1020240006506,20240116,1020250111860,20250723,,,"본 발명은 침출 공정에서 글루콘산을 첨가함으로써 유가금속의 침출 효율을 높이면서도, 후속 공정인 용매 추출 공정에 영향을 주지 않아 유가금속의 선택성과 회수율이 매우 높은 특징을 갖는 폐리튬(Li) 이차전지의 유가금속 회수 방법에 관한 것이다.",http://plus.kipris.or.kr/openapi/fileToss.jsp?arg=ed43a0609e94d6e22d01c5c32ba711cf36a56657452d24e09fa2ac6c003d3faa69a36f007a38359589c9fa76a6263ee78836978affb46fa82e0b8e9c6fc831dfb50db98a1304ae7b,http://plus.kipris.or.kr/openapi/fileToss.jsp?arg=6c650beb4cee9ce4122b704b88878c93fdbad851934fecbd8bf73bbbafc432a8cf2f74519dc2e7ee0bd97113099f5d9e801cd26611cf316bf01dd135ca2fedf52c4d7d1bd1568aa0,주식회사 한솔케미칼
한솔케미칼,64,등록,"공중합체를 포함하는 분산제, 상기 분산제를 포함하는 이차전지용 양극 및 상기 양극을 포함하는 이차전지",C08F 220/18|C08F 220/30|C08F 212/08|C08K 3/04|H01M 4/62|H01M 4/139|H01M 4/13|H01M 4/02,1025350320000,20230517,1020220020310,20220216,,,,20230530,"본 발명은 전압이 0V에서 6V까지 0.5mV/s 속도로 인가되는 선형 주사 전위법(Linear sweep voltammetry) 측정에서 하기 식 1을 만족시키는 공중합체와 이를 포함하는 분산제, 분산액, 양극용 슬러리 조성물, 양극 및 이차전지에 관한 것이다. [식 1] 0≤(인가 전압 4.2V에서 측정된 전류값-인가 전압 3V에서 측정된 전류값)/(인가 전압 3V에서 측정된 전류값)≤3",,,주식회사 한솔케미칼
한솔케미칼,65,등록,"열경화성 수지 조성물, 이로부터 제조된 광반도체 장치 탑재용 광반사판 및 광반도체 장치",C08L 63/00|C08L 83/06|C08K 5/1539|C08K 5/49|C08K 3/36|C08K 3/22|C08K 5/5435|F21V 7/22,1016131490000,20160411,1020140083074,20140703,1020160004586,20160113,,20160418,"본 발명은 열경화성 수지 조성물, 이로부터 제조된 광반도체 장치 탑재용 반사판 및 광반도체 장치에 관한 것으로서, 보다 상세하게는, 에폭시 수지 1 ~ 20 중량%; 산무수물 경화제 1 ~20 중량; 경화촉진제 0.05 ~ 1.0 중량%; 무기충진제 30 ~ 60 중량%; 백색안료 10 ~ 50 중량%; 폴리실록산 1 ~ 20 중량%; 및 커플링제 0.5 ~ 10 중량%를 포함하는 열경화성 수지 조성물, 이로부터 제조된 광반도체 장치 탑재용 반사판 및 광반도체 장치에 관한 것이다. 본 발명에 따른 열경화성 수지 조성물은 내열변색성 및 내광열화성을 나타낼 수 있어, 광반도체 장치의 재질로 적용할 경우 우수한 광반사율을 나타낼 수 있도록 할 수 있다.",,,주식회사 한솔케미칼
한솔케미칼,66,등록,새로운 전자 주개 리간드를 가지는 갈륨 착화합물 및 이의제조방법,C07F 5/00|C23C 16/18|C23C 16/455,1009652700000,20100614,1020080065145,20080704,1020100004795,20100113,,20100622,"본 발명은 새로운 전자 주개 리간드를 가지는 갈륨 착화합물 및 이의 제조방법에 관한 것으로서, 보다 상세하게는 특정 구조의 전자 주개 작용기를 포함하는 리간드가 결합되어 있으며, 휘발성이 높고 유기 용매에 대한 용해도가 우수하며, 할로겐 성분을 함유하지 않으므로 갈륨 박막 또는 갈륨(Ga)을 포함하는 화합물 박막 제조용 선구물질로 유용한 갈륨 착화합물 및 이의 제조방법에 관한 것이다. 갈륨 선구물질, 갈륨 착화합물, 휘발성, 유기금속 화학 기상 증착법, 원자층 증착법",http://plus.kipris.or.kr/openapi/fileToss.jsp?arg=ed43a0609e94d6e22d01c5c32ba711cf95d53fb121c7d22ec6e1c37c53412dce1861485028d1d09af383757cce65fdfc1bb09ad7e33d5e3037f1ebaa940e5dda69b0110e61846c74,http://plus.kipris.or.kr/openapi/fileToss.jsp?arg=452306798ef1fd03bf8e5ba4e1dbf726e50544e8510cbfc4810f2ea2f5fa8c5e63886c1253b80488df2b61982886bc20fe99d1530b516b810314160374201561c3c94b5abb95a322,주식회사 한솔케미칼
한솔케미칼,67,등록,"공중합체 조성물을 포함하는 바인더, 상기 바인더를 포함하는 이차전지용 음극 및 상기 음극을 포함하는 이차전지",H01M 4/62|H01M 4/587|H01M 4/583|H01M 10/0525|C08L 33/02|C08L 33/06|C08L 33/26|C08L 39/06|C08L 53/00|H01M 4/02,1025382850000,20230525,1020220127868,20221006,,,,20230601,"본 발명은 아크릴산 계열의 단량체 단위 및 아크릴아마이드 계열의 단량체 단위를 포함하는 제1 공중합체 및 비닐 피롤리돈 계열의 단위, 하이드록실기를 포함하는 아크릴레이트 계열의 단량체 단위 및 아크릴아마이드 계열의 단량체 단위를 포함하는 제2 공중합체를 포함하는 공중합체 조성물과 공중합체 조성물을 포함하는 음극 슬러리, 음극 및 이차전지에 관한 것이다.",http://plus.kipris.or.kr/openapi/fileToss.jsp?arg=ed43a0609e94d6e22d01c5c32ba711cff6f66e2093e1c3588f74ee46a56923d35f1fb37d1d6250ff5dbb2521371eddba5ec4286147916cadec56365b22396f9877f31225b4563676,http://plus.kipris.or.kr/openapi/fileToss.jsp?arg=6c650beb4cee9ce4122b704b88878c93ea5faaf49118c1e4be6158f34a278b8ce9ef1bd2e9c1c649017c7a24bcf7b1f94fa3c1f2a727f8c00553c813b984604723471d09c6c249e8,주식회사 한솔케미칼
한솔케미칼,68,공개,글루콘산 및 글리콜계 첨가제를 이용한 폐리튬 이차전지의 유가금속 회수 방법,H01M 10/54|C22B 3/08|C22B 3/16,,,1020240003469,20240109,1020250108921,20250716,,,"본 발명은 황산, 글루콘산 및 글리콜계 첨가제가 혼합된 용액을 사용하여 폐양극활물질로부터 유가금속인 리튬, 니켈, 코발트 및 망간 등을 침출하여 회수하는 방법에 관한 것으로, 종래에 비해 황산의 사용량을 줄이면서도 유가금속의 침출율이 더 높은 특징이 있어, 폐양극활물질 내 유가금속의 침출 공정에 따른 환경오염을 줄여 공정 지속성을 늘리고, 자원 회수율을 높일 수 있는 방법을 제공한다.",,,주식회사 한솔케미칼
한솔케미칼,69,등록,"코발트 전구체, 이의 제조방법 및 이를 이용한 박막의 제조방법",C07F 15/06|C23C 16/18|C23C 16/455,1021233310000,20200610,1020180165373,20181219,,,,20200617,"본 발명은 기상 증착을 통하여 박막 증착이 가능한 기상 증착 화합물에 관한 것으로서, 구체적으로는 원자층 증착법(Atomic Layer Deposition, ALD) 또는 화학 기상 증착법(Chemical Vapor Deposition, CVD)에 적용가능하고 반응성, 휘발성 및 열적 안정성이 우수한 신규 코발트 전구체와 이의 제조방법 및 이를 이용한 박막의 제조방법에 관한 것이다.",,,주식회사 한솔케미칼
한솔케미칼,70,공개,"양자점 조성물, 그 제조방법, 그의 경화물, 및 이를 포함하는 표시장치",C08F 283/00|C08G 75/045|C08G 73/06|C09K 11/02|C09D 11/30|C09D 11/38,,,1020230045555,20230406,1020240149682,20241015,,,"본 발명은 양자점 조성물, 그 제조방법, 그의 경화물, 및 이를 포함하는 표시장치에 관한 것으로, 구체적으로는 전기수력학(Electrohydrodynamic) 잉크젯 프린팅용 양자점 조성물, 그 제조방법, 그의 경화물, 및 이를 포함하는 표시장치에 관한 것이다.",http://plus.kipris.or.kr/openapi/fileToss.jsp?arg=ed43a0609e94d6e22d01c5c32ba711cfcb7e719508a7bbaf0ff4a8daed9b34cbe10781034a44c67b198f9a95421ca48c3dc8f454040031cccbdeb3782463c146c23a63b45b8bdec3,http://plus.kipris.or.kr/openapi/fileToss.jsp?arg=6c650beb4cee9ce4122b704b88878c934cb379fa631e1307a54f870eb7c8d700802d8ee3902e14fd603d32fd6cbb85eafdb41b373474da7517afbf9282af87c958a9ef36ff30106b,삼성전자주식회사|주식회사 한솔케미칼
한솔케미칼,71,공개,"음극 활물질, 그의 제조방법 및 이를 포함하는 리튬 이차전지",H01M 4/36|H01M 4/587|H01M 4/38|H01M 4/48|H01M 4/133|H01M 4/134|H01M 10/0525|H01M 4/02,,,1020250058884,20250507,1020250071218,20250521,,,"본 발명은 금속 함유 입자를 포함하는 음극 활물질로서, 상기 음극 활물질은코어; 및 상기 코어를 둘러싸는 쉘;을 포함하고, 상기 금속 함유 입자는 상기 쉘에 포함되고, 상기 음극 활물질의 중심점과 상기 금속 함유 입자의 중심점을 연결하는 직선과 상기 금속 함유 입자의 장축이 이루는 각도 중 적어도 하나가 60°이상, 90°이하인 상기 금속 함유 입자를 포함하며, 상기 금속 함유 입자 중, 상기 각도 중 적어도 하나가 60°이상, 90°이하인 금속 함유 입자의 개수의 비율이 40% 이상이고, 상기 음극 활물질 총 중량 100 중량%를 기준으로 40 중량% 이상, 80 중량% 이하의 탄소계 물질을 포함하는, 음극 활물질, 그의 제조방법 및 이를 포함하는 리튬이차전지에 관한 것이다.",http://plus.kipris.or.kr/openapi/fileToss.jsp?arg=ed43a0609e94d6e22d01c5c32ba711cf85c8c7fe54948709fa53d1f1b8cd78a1758f1107fa96f8c5222f5c74183bca02045746c8f4b8ea3b1c4cf3a3a48e2a8af906bc0e046cab84,http://plus.kipris.or.kr/openapi/fileToss.jsp?arg=6c650beb4cee9ce4122b704b88878c93191078e9070af38dd45f2bab12015fc17490f276316e0007bbe324b744ed07c56f653121cd59ddf8251f3ac9da712b7fcae8322058c7b805,주식회사 한솔케미칼
한솔케미칼,72,공개,"공중합체 입자, 이를 포함하는 바인더 조성물, 슬러리, 전극, 및 상기 전극을 포함하는 이차전지",C08F 236/12|C08F 236/10|C08F 236/06|C08F 212/08|C08F 222/02|C08F 220/14|C08F 220/44|C08F 212/36|H01M 4/62|H01M 4/13|H01M 10/0525,,,1020240125817,20240913,1020260039853,20260323,,,"본 발명은 공중합체 입자, 상기 공중합체 입자를 포함하는 바인더 조성물, 슬러리, 및 전극, 그리고 상기 전극을 포함하는 이차전지에 관한 것으로, 더욱 상세하게는 바인더에 가교제를 도입하여 전지 내 저항을 개선하고 전지의 수명 연장 및 출력 성능을 향상시킬 수 있는 공중합체 입자, 상기 공중합체 입자를 포함하는 바인더 조성물, 슬러리, 및 전극, 그리고 상기 전극을 포함하는 이차전지에 관한 것이다.",,,주식회사 한솔케미칼
한솔케미칼,73,공개,2종의 실리콘 전구체 화합물을 이용하여 박막을 형성하는 방법,C23C 16/455|C23C 16/44|C23C 16/34|C23C 16/40|C23C 16/52,,,1020240073014,20240604,1020250173750,20251211,,,"본원은 2종의 실리콘 전구체 화합물을 이용한 실리콘 박막 제조방법에 관한 것으로, 구체적으로는 저온에서도 원자층 증착법(Atomic Layer Deposition, ALD)을 통해, 우수한 박막 특성을 갖고, 전구체에 따른 모폴로지(morphology)를 조절할 수 있는 실리콘 박막의 제조방법에 관한 것이다.",http://plus.kipris.or.kr/openapi/fileToss.jsp?arg=ed43a0609e94d6e22d01c5c32ba711cf0b77a1d1cebe14210d4fa9a47b8897fb4baa8dd8d16441d167f3c1bd8f0a44bb34df82fec8a26c50e6bbf4060f1ad78532b5bccdbf993fdf,http://plus.kipris.or.kr/openapi/fileToss.jsp?arg=6c650beb4cee9ce4122b704b88878c93bfb814a53f1d83b599e1b8aa873613e342805469a849825fca1292d1cca9abb3734a3fb46b0e870d0adb1c7f461a46ad324d16fa5e10da4a,에스케이하이닉스 주식회사|주식회사 한솔케미칼
한솔케미칼,74,공개,"신규 화합물, 이의 제조방법, 이를 포함하는 전구체 화합물 및 이를 이용한 박막의 제조방법",C07F 5/00|C07F 5/06|C23C 16/455|C23C 16/40|C23C 16/34|C23C 16/18|C23C 16/20,,,1020250001298,20250106,1020260041579,20260327,,,"본 발명은 박막 증착이 가능한 화합물에 관한 것으로, 구체적으로는 원자층 증착법 (Atomic Layer Deposition, ALD) 또는 화학 기상 증착법 (Chemical Vapor Deposition, CVD)에 적용 가능하고, 반응성, 휘발성 및 열적 안정성이 우수한 신규 화합물로서, 상기 화합물의 제조방법, 상기 화합물을 포함하는 전구체 화합물 및 상기 전구체 화합물을 이용한 박막의 제조방법에 관한 것이다.",http://plus.kipris.or.kr/openapi/fileToss.jsp?arg=ed43a0609e94d6e22d01c5c32ba711cfa46ecf484ff93076f831101cc14a677e4f1ef72d5aad06fa5ebad888059324a0d8e151d1026bb01b6d8211b477779e0a2fbebfa88ebaa893,http://plus.kipris.or.kr/openapi/fileToss.jsp?arg=6c650beb4cee9ce4122b704b88878c93f39bb631064a09682c03d4280213cd3fdc2a5c96ffc60b2bb069d06af7f3c49f6c7d3e0f9d9aaef6fe7b537378a176c2606de5046d64ae21,주식회사 한솔케미칼
한솔케미칼,75,거절,"리튬 이차 전지용 음극 활물질, 이의 제조방법 및 이를 포함하는 리튬 이차 전지",H01M 4/36|H01M 4/38|H01M 4/62|H01M 10/052|C01B 33/02|H01M 4/02,,,1020220159267,20221124,1020240077121,20240531,,,"본 발명은 코어 및 상기 코어를 둘러싸는 제1 쉘층을 포함하는 복합체; 및 복수개의 복합체 및 상기 복수개의 복합체를 둘러싸는 제2 쉘층;을 포함하는 리튬 이차 전지용 음극 활물질에 관한 것으로, 상기 복합체는 금속입자 및 탄소를 포함하고, 상기 복합체 간의 인접거리는 80 nm 내지 300 nm이다.",http://plus.kipris.or.kr/openapi/fileToss.jsp?arg=ed43a0609e94d6e22d01c5c32ba711cf12b4464dc36c6b64afff618f92373906530467612df50df87ba3ef9a1badb91e94f7ee5af767746a63adb18f9fd3326331b231bd66885293,http://plus.kipris.or.kr/openapi/fileToss.jsp?arg=6c650beb4cee9ce4122b704b88878c93249d66df1dac679c30a9bf68b37ac3c5858a3c04ac1d8d45d6d8b316597357c14317fceecdf59c254fdec49408b257aa9ed243c87436e9a4,주식회사 한솔케미칼
한솔케미칼,76,공개,"신규 화합물, 이를 포함하는 전구체 조성물, 및 이를 이용한 박막의 제조방법",C07F 7/00|C07F 7/28|C23C 16/18|C23C 16/455,,,1020230082470,20230627,1020250000985,20250106,,,"본 발명은 기상 증착을 통하여 박막 증착이 가능한 기상 증착 화합물에 관한 것으로, 구체적으로는 원자층 증착법 (Atomic Layer Deposition, ALD) 또는 화학 기상 증착법 (Chemical Vapor Deposition, CVD)에 적용 가능하고, 반응성, 휘발성 및 열적 안정성이 우수한 신규 화합물, 상기 신규 화합물을 포함하는 전구체 조성물, 상기 전구체 조성물을 이용한 박막의 제조방법에 관한 것이다.",http://plus.kipris.or.kr/openapi/fileToss.jsp?arg=ed43a0609e94d6e22d01c5c32ba711cf9a5ec7d906dd1a1479de60be731cc065ab46bfa0a59a7408bc792e0d97d22a382f7dac40cc9c5167f34cbe412a83d4f2a898f2ec1ad98daa,http://plus.kipris.or.kr/openapi/fileToss.jsp?arg=6c650beb4cee9ce4122b704b88878c933b8dcba8c2c799a345d6a6458ba19c3b03d903d7f497d4ab53a47b57e51822b0a1efc118cf5782d43dd5b7b72333a6b28c49857d2fc27017,주식회사 한솔케미칼
한솔케미칼,77,공개,"프리프레그, 이를 포함하는 무기 섬유 복합 재료, 및 무기 섬유 복합 재료의 제조방법",D04H 1/4382|D04H 1/4242,,,1020240122161,20240909,1020260036705,20260317,,,"이에 본 발명은 무기 섬유와 열가소성 섬유를 혼합하여 무기 섬유 습식부직포 제조하고 이를 통해 프리프레그를 형성하여 공정 단계를 단순화하고 생산성을 향상시킨 프리프레그, 이를 포함하는 무기 섬유 복합 재료, 및 무기 섬유 복합 재료의 제조방법에 관한 것이다.",,,주식회사 한솔케미칼
한솔케미칼,78,공개,습식부직포를 포함하는 복합재 및 이의 제조방법,B29C 70/12|D04H 1/4209|B29C 70/34|B29C 70/54|B29B 15/12|B29K 105/08,,,1020240123121,20240910,1020260037345,20260317,,,"본 발명은 무기 섬유를 포함하는 복합재 및 이의 제조방법에 관한 발명으로, 본원의 무기 섬유를 포함하는 습식 부직포와 수지를 혼합하여 제조한 복합재는 인장강도와 굽힘강도 등에서 우수한 물성을 나타낸다.",,,주식회사 한솔케미칼
한솔케미칼,79,등록,"음극 활물질, 그의 제조방법 및 이를 포함하는 리튬 이차 전지",H01M 4/36|H01M 4/38|H01M 4/48|H01M 4/587|H01M 4/62|H01M 4/02,1029343760000,20260227,1020220120761,20220923,1020240041584,20240401,,20260309,"본 발명은, 특정 형상의 코어-쉘 구조를 가지며, 상기 코어는 금속 입자를 포함하는 다공성 금속 입자 코어로서, 공극률이 20% 이상이고, 상기 쉘은 탄소를 포함하는 것을 특징으로 하는, 리튬 이차 전지용 음극 활물질 및 이의 제조 방법과, 이를 포함하는 리튬 이차 전지에 관한 것이다.",http://plus.kipris.or.kr/openapi/fileToss.jsp?arg=ed43a0609e94d6e22d01c5c32ba711cf9d2f907aab1d5be15ff3f230696456b1d0b40823c412b7a7415eab419a5ed30657c66988cc8dbc21e58e578ba16f3f30f56f8ceda338e824,http://plus.kipris.or.kr/openapi/fileToss.jsp?arg=6c650beb4cee9ce4122b704b88878c93edddbfcc89e5f0c1511e7da4ace9206e9cc0226d55036bfe1de521a5e3c5f9fdad241e91a59679491aabe5766a517cf28fa0a70b9167a7a8,주식회사 한솔케미칼
한솔케미칼,80,공개,무용매형 양자점 잉크 및 이의 제조 방법,C09D 11/037|C09D 11/322|C09K 11/02,,,1020240043424,20240329,1020250145956,20251013,,,"본 발명은 무용매형 양자점 잉크에 관한 것이다. 상세하게는, 무용매형 양자점 잉크에 관한 것으로, 상기 무용매형 양자점 잉크는 표면에 제1 리간드 또는 유기물을 포함하는 양자점 및 광중합성 모노머를 포함하고, 상기 양자점의 표면은 제2 리간드 및 제3 리간드로 결합 또는 치환되는 것을 특징으로 한다.",http://plus.kipris.or.kr/openapi/fileToss.jsp?arg=ed43a0609e94d6e22d01c5c32ba711cff65f6b5fe7a7ae0584f674ea4203383a160b5884dce67d5f78f872e99fc5c5836f37a33adfcf3f31d14ca503dbf5eb8c0cf8db0ba61297e9,http://plus.kipris.or.kr/openapi/fileToss.jsp?arg=6c650beb4cee9ce4122b704b88878c93522e59d419c828ebb188cd9ea1095751660c98de84ce6fef2b028ee708cfb94b6b7b53888255e25140f8dd0cbdbede20af5d2f9d6ac87f93,주식회사 한솔케미칼
한솔케미칼,81,등록,"음극 활물질, 그의 제조방법 및 이를 포함하는 리튬 이차전지",H01M 4/36|H01M 4/38|H01M 4/48|H01M 4/587|H01M 4/62|H01M 10/052,1029327870000,20260225,1020210092992,20210715,1020230012315,20230126,,20260304,"본 발명은 금속 입자를 포함하는 코어; 및 상기 코어를 둘러싸는 쉘;을 포함하고, 상기 코어의 공극 부피가 0.1 cc/g 이하인 음극 활물질, 그의 제조방법 및 이를 포함하는 리튬이차전지에 관한 것이다.",http://plus.kipris.or.kr/openapi/fileToss.jsp?arg=ed43a0609e94d6e22d01c5c32ba711cf5fdfd92b5b265a5fdc9ab734cd1c82c2c251bc737c9a633064c225a155c6afe723231bda8fa2e71fe9463796a423d87277e8a423fbb35712,http://plus.kipris.or.kr/openapi/fileToss.jsp?arg=6c650beb4cee9ce4122b704b88878c9398743ff941ee7d9e7a088204fb12f5c78a64f38bd4af4ae754f08afc3adc928e77e1631d610afdf3a48e32fca9056f4e7b67d04e78519f11,주식회사 한솔케미칼
한솔케미칼,82,공개,"중합체 조성물을 포함하는 바인더, 상기 바인더를 포함하는 이차전지용 음극 및 상기 음극을 포함하는 이차전지",H01M 4/62|H01M 4/13|H01M 10/052|H01M 4/02,,,1020240067230,20240523,1020250167914,20251202,,,"본 발명은 아크릴산 계열의 단량체 단위 및 아크릴레이트 계열의 단량체 단위를 포함하고, 가교성 단량체에 의해서 가교된 제1 중합체 및 스타이렌 계열의 단량체 단위 및 부타디엔 계열의 단량체 단위를 포함하는 제2 중합체를 포함하는 중합체 조성물 조성물과 중합체 조성물을 포함하는 음극 슬러리, 음극 및 이차전지에 관한 것이다.",http://plus.kipris.or.kr/openapi/fileToss.jsp?arg=ed43a0609e94d6e22d01c5c32ba711cfb24ff13427454d051527fed7deff6fad744ac64c0bffe51ad32823e0476b15c0ea9e00a6e04297b033f81c86dd9266aa706450aaf345108e,http://plus.kipris.or.kr/openapi/fileToss.jsp?arg=6c650beb4cee9ce4122b704b88878c938c314aa81352cfa6309459dba4268c38787e4f1ccd87151691c1bf92444eae3725d4b580beef90ec387e9222c9f25292436a596cd849b99e,주식회사 한솔케미칼
한솔케미칼,83,등록,천연 첨가제를 포함하는 과산화수소 살균 소독제,A01N 35/04|A01N 37/00|A01N 59/00|A01P 1/00,1029311540000,20260223,1020230089547,20230711,1020250009675,20250120,,20260226,"본 발명에 의한 과산화수소 살균 소독제는 케톤계 화합물, 플라보노이드계 화합물 및 베타인계 화합물을 포함하는 것을 특징으로 한다.",,,주식회사 한솔케미칼
한솔케미칼,84,등록,"공중합체를 포함하는 분산제, 상기 분산제를 포함하는 이차전지용 양극, 및 상기 양극을 포함하는 이차전지",C08F 220/30|C08F 212/08|C08F 220/18|H01M 4/62|H01M 4/139|H01M 4/13|H01M 4/02,1029302600000,20260219,1020220151289,20221114,1020240070004,20240521,,20260224,"본 발명은 공중합체, 이를 포함하는 분산제, 이를 포함하는 분산액, 이를 포함하는 양극용 슬러리 조성물, 및 이를 포함하는 양극에 대한 것으로, 본 발명의 공중합체는 공중합체 100 mol%를 기준으로, 5 mol% 이상, 60 mol% 이하의 상기 치환되거나 치환되지 않은 1개 이상의 방향족 고리를 포함하는 아크릴레이트 계열의 단량체 단위 및 치환되거나 치환되지 않은 1개 이상의 방향족 고리를 포함하는 비닐 계열의 단량체 단위로 이루어진 그룹에서 선택된 어느 하나 이상의 단량체 단위, 5 mol% 이상, 80 mol% 이하의 상기 탄소수 5 내지 22의 선형 또는 분지형 지방족 탄화수소를 포함하는 아크릴레이트 계열의 단량체 단위 및 5 mol% 이상, 60 mol% 이하의 상기 사이아노(CN), 피롤리돈(NC 4 H 6 O), 카복실산(COOH), 카프로락탐(C 5 H 10 CNO), 모르폴린(C 4 H 8 NO) 및 옥사졸리돈(C 3 H 4 NO 2 )으로 이루어진 그룹에서 선택된 어느 하나 이상을 포함하는 극성 단량체 단위를 포함할 수 있다.",http://plus.kipris.or.kr/openapi/fileToss.jsp?arg=ed43a0609e94d6e22d01c5c32ba711cfa2f46d41e0664ecc80bcb75a4f46cbba8c8b6c85ee16f6c907454c171a9433112cda9819ed6388afd5b8c8b02656e0b2a5d3fc40af537283,http://plus.kipris.or.kr/openapi/fileToss.jsp?arg=6c650beb4cee9ce4122b704b88878c93eaf7b040a31fed875c304b6950548c85a8a38088f38cc8bbcac88e5bc23673401dd90f50059a894308aacd30a50eba5a833d3f1a1db04f24,주식회사 한솔케미칼
한솔케미칼,85,공개,"신규 화합물, 이의 제조방법, 이를 포함하는 전구체 화합물 및 이를 이용한 박막의 제조방법",C07F 5/00|C07F 5/06|C23C 16/455|C23C 16/40|C23C 16/34|C23C 16/18|C23C 16/20,,,1020240106182,20240808,1020260022731,20260220,,,"본 발명은 박막 증착이 가능한 화합물에 관한 것으로, 구체적으로는 원자층 증착법 (Atomic Layer Deposition, ALD) 또는 화학 기상 증착법 (Chemical Vapor Deposition, CVD)에 적용 가능하고, 반응성, 휘발성 및 열적 안정성이 우수한 신규 화합물로서, 상기 화합물의 제조방법, 상기 화합물을 포함하는 전구체 화합물 및 상기 전구체 화합물을 이용한 박막의 제조방법에 관한 것이다.",http://plus.kipris.or.kr/openapi/fileToss.jsp?arg=ed43a0609e94d6e22d01c5c32ba711cf8074c39df5f3940a84ba9b4d1dce5f640c3997900921a86a49d206f1be91fc6015ef1fe19c73d6526e86852e6a57f41fa4bbe475c9bbd01d,http://plus.kipris.or.kr/openapi/fileToss.jsp?arg=6c650beb4cee9ce4122b704b88878c93f8ee6873af8eb5949c9fbd01c327b29b931de2f4c2e5368fec537cb8fc17dfa31e8c9dbf2b9f82b73704bc637af88548e86e8ab47bbe095d,주식회사 한솔케미칼
한솔케미칼,86,등록,비납계 페로브스카이트 입자의 제조방법,C01D 17/00|C09K 11/61|C09K 11/02,1026022790000,20231109,1020220001302,20220105,1020230105820,20230712,,20231114,"본 발명은 납(Pb)을 비포함하여 친환경적이며, 제조공정이 간편하고 대량생산이 가능할 뿐만 아니라 다양한 물질을 자유롭게 도핑하여 발광 특성을 개선할 수 있는 비(非)납계 페로브스카이트 입자의 제조방법을 제공한다.",http://plus.kipris.or.kr/openapi/fileToss.jsp?arg=ed43a0609e94d6e22d01c5c32ba711cfd0792bd55b5756e006aac4768bd288f24b4f4f5575357d0e6a1408dcf460833fe3d18ec1319d6ce3402b31a7f0dff12ab9e4d61330b56998,http://plus.kipris.or.kr/openapi/fileToss.jsp?arg=6c650beb4cee9ce4122b704b88878c937075e17ea58c449980538b9c276d144e18216b903094767873184497a9d33de310ee188bf9b6c957bc6b340fc8950837a885ad4c9b0ebd24,주식회사 한솔케미칼
한솔케미칼,87,등록,"Out-gas의 배출이 감소된 양자점의 개질방법, 그 양자점, 및 이를 포함하는 조성물, 경화막, 컬러필터 및 디스플레이 장치",C09K 11/02|C09K 11/56|C09K 11/55|C07C 323/22,1026846370000,20240709,1020210114740,20210830,1020230032192,20230307,,20240716,"본 발명은 양자점의 개질방법, 그 양자점, 및 이를 포함하는 조성물, 경화막, 컬러필터 및 디스플레이 장치에 관한 것이다. 더욱 상세하게는, 양자점 조성물의 경화 시 배출되는 가스(Out-gas)를 감소시켜 이로부터 제조되는 제품의 품질이 향상되는 양자점의 개질방법, 그 양자점, 및 이를 포함하는 조성물, 경화막, 컬러필터 및 디스플레이 장치에 관한 것이다.",,,주식회사 한솔케미칼|삼성디스플레이 주식회사
한솔케미칼,88,등록,"무용매형 양자점 조성물, 그 제조방법, 및 이를 포함하는 경화막, 컬러필터 및 디스플레이 장치",C09K 11/02|C09K 11/54|C09K 11/55|C09K 11/60|C07C 323/22,1023677050000,20220222,1020210104174,20210806,,,,20220228,"본 발명은 양자점 조성물, 그 제조방법 및 이를 포함하는 경화막, 컬러필터 및 디스플레이 장치에 관한 것이다. 구체적으로 본 발명에 따른 무용매형 양자점 조성물은 2종 이상의 리간드로 표면 개질된 양자점을 포함하며 점도가 낮고 광특성이 우수할 뿐만 아니라 QD 합성 후 해당 용액에서 바로 리간드 치환하여 제조할 수 있어 공정이 간소화된다.",,,주식회사 한솔케미칼
한솔케미칼,89,등록,양자점 복합 입자 및 그 제조방법,C09K 11/02|C09K 11/54|C09K 11/64|C08L 101/00|C08L 23/08|C08K 3/013|C08J 3/20,1026895700000,20240724,1020210091939,20210714,1020230011568,20230125,,20240729,"본 발명은 LED 패키지의 발광 소재로서 사용될 수 있는 양자점 복합 입자로서, 보다 상세하게는 양자점(QD); 및 상기 양자점 상에 형성되고, 유기물과 무기물을 함유하는 제1 유/무기 복합층;을 포함하며, 상기 유기물은 폴리에틸렌계 고분자 및 (메타)아크릴산이 공중합된 공중합체를 포함하는 양자점 복합 입자 및 그 제조방법, 상기 양자점 복합 입자를 포함하여 높은 안정성과 우수한 발광효율을 확보할 수 있는 LED 디바이스를 제공한다.",http://plus.kipris.or.kr/openapi/fileToss.jsp?arg=ed43a0609e94d6e22d01c5c32ba711cf743751e94c1008d7f0a59bfd61d072ffee69ac839fdec2803f33c6cdca4da29903b10216e13fee67ac49fb637979766e69fbe49ce4bff1b6,http://plus.kipris.or.kr/openapi/fileToss.jsp?arg=6c650beb4cee9ce4122b704b88878c93ea585cc90ba42a3f256b738ff67f805e3458ce779690b3f314f0c851eaa437d5968e82a5b20bedd48d8c5418aece9f536cfbdd18b5a5569d,주식회사 한솔케미칼
한솔케미칼,90,등록,"무용매형 양자점 조성물, 그 제조방법, 및 이를 포함하는 경화막, 컬러필터 및 디스플레이 장치",C09K 11/02|C09K 11/70|C09K 11/88|C09K 11/56|C07C 323/22,1023198740000,20211026,1020210011711,20210127,,,,20211102,"본 발명은 양자점 조성물, 그 제조방법 및 이를 포함하는 경화막, 컬러필터 및 디스플레이 장치에 관한 것이다. 구체적으로 본 발명에 따른 무용매형 양자점 조성물은 2종의 리간드로 표면 개질된 양자점을 포함하며 점도가 낮고 광특성이 우수할 뿐만 아니라 저장안정성이 높게 나타난다.",,,주식회사 한솔케미칼
한솔케미칼,91,등록,"양자점의 제조방법, 및 이에 의해 제조된 양자점",C09K 11/02|C09K 11/88|B82Y 40/00|B82Y 20/00,1025730720000,20230828,1020200154689,20201118,1020220067915,20220525,,20230831,"본 발명은 양자점의 제조방법 및 이에 의해 제조된 양자점에 대한 것으로서, 상기 양자점은 ZnSeTe계 다중 코어 및 적어도 1층의 쉘을 포함한다. 본 발명은 ZnSeTe계 코어의 입경을 균일하게 제어하여 좁은 반치폭(full width at half maximum, FWHM)을 가지는 동시에 양자 효율이 높은 양자점을 제조할 수 있는 방법을 제공한다.",http://plus.kipris.or.kr/openapi/fileToss.jsp?arg=ed43a0609e94d6e22d01c5c32ba711cfe1ef95557d882e7e2b09982dda11a2289f8b471c7ed615c2b416f6e705701d5b115ee32509d6a5a8f14205634ae676879ffbf2bfb27adb5f,http://plus.kipris.or.kr/openapi/fileToss.jsp?arg=6c650beb4cee9ce4122b704b88878c933e009a17b4a1bca498ce9f2d27824c179854201b32ef26cac0e0a92688b4aafa0b4355ba75819f85aa44b4e01a53babe5e503213a4cfe37e,주식회사 한솔케미칼
한솔케미칼,92,공개,고굴절 화합물 및 이의 제조방법,C07F 9/44|C07F 9/40|C07F 9/655,,,1020240040489,20240325,1020250143900,20251010,,,"본 발명은 고굴절 화합물 및 이의 제조방법에 관한 것이다. 상세하게는, 고굴절 화합물에 있어서, 상기 고굴절 화합물은 인 및 황 원소를 포함하고, 아크릴기 및 에폭시기 화합물 중 선택되는 하나의 작용기를 포함하는 것을 특징으로 한다.",http://plus.kipris.or.kr/openapi/fileToss.jsp?arg=ed43a0609e94d6e22d01c5c32ba711cf103729edc42411606fa7831bbcf8870964756e508cfc1871f49b4d2a9c3a0de60b93dbd87f1bd2476bc3d23774f031a0735d8764d97486e4,http://plus.kipris.or.kr/openapi/fileToss.jsp?arg=6c650beb4cee9ce4122b704b88878c933104015e29aa5af8ab0b9d910ba8d7804089a08c2ce72e99f4a302dc61f55c6a1d704b9db0fe7beb19f695c4c05ba4470e39822c82ea5b1d,주식회사 한솔케미칼
한솔케미칼,93,공개,고순도 및 고분자량의 정공수송층 화합물의 제조 방법,C08G 61/12|H10K 85/10|H10K 30/86|H10K 30/50,,,1020230161179,20231120,1020250075756,20250529,,,"본 발명은 정공수송층 화합물의 제조 방법에 관한 것으로, 구체적으로 정공수송층 화합물로서 폴리(트리아릴아민)계 고분자를 고순도 및 고분자량으로 수득할 수 있는 제조방법에 관한 것이다.",http://plus.kipris.or.kr/openapi/fileToss.jsp?arg=ed43a0609e94d6e22d01c5c32ba711cfab33cdfc523979453af58b171253d46dcdeb7c16d110d33289587a5170078d7d3b6b809629c3f51be8c2014f969045f6f6bc821daf0bbf0c,http://plus.kipris.or.kr/openapi/fileToss.jsp?arg=6c650beb4cee9ce4122b704b88878c931792d097891e809a9364a3680364f4eb5db3b88aad05328ef922914e326578f124204fcc666d33c57ffca341ea2d6ee8d6af1bb2f364bee4,주식회사 한솔케미칼
한솔케미칼,94,등록,양자점 함유 경화성 조성물 및 이를 이용한 양자점 광학 시트,C09K 11/02|C09K 11/62|G03F 7/105,1027064630000,20240909,1020210114738,20210830,1020230032190,20230307,,20240912,"본 발명은 유기 리간드가 결합된 비카드뮴계 양자점을 제조하는 단계; 및 상기 비카드뮴계 양자점에 결합된 유기 리간드를 말단에 2개 이상의 티올기를 가지는 모노머로 리간드 치환하는 단계를 포함하는 양자점 제조방법, 이에 따라 제조한 양자점을 함유하는 경화성 조성물 및 이를 이용한 양자점 광학 시트에 관한 것이다.",http://plus.kipris.or.kr/openapi/fileToss.jsp?arg=ed43a0609e94d6e22d01c5c32ba711cfb53038034b7cbce79183a589f5530e354a97273bf51060758023eba36da8dbcc047611d277984a67fcc0788b83a67e827927f18442ff6c68,http://plus.kipris.or.kr/openapi/fileToss.jsp?arg=6c650beb4cee9ce4122b704b88878c934af51683d908e4a72193d40884e9603d018ac7bce16642c602d89a85dbad629e6964f5b85946add6dad7da10b169ce6452b0a424e51bc1ec,주식회사 한솔케미칼
한솔케미칼,95,공개,분리막용 공중합체 및 이를 포함하는 이차전지,C08F 220/28|C08F 220/18|C08F 220/44|C08F 220/06|C08F 218/08|C08F 212/08|H01M 50/42|H01M 50/446,,,1020220130798,20221012,1020240050872,20240419,,,"본 공중합체 총 중량 100 중량%를 기준으로, 1 중량% 이상, 40 중량% 이하의 적어도 하나 이상의 산소 원자를 포함하는 탄소수 2 이상, 6 이하의 헤테로 고리(heterocyclic) 구조를 포함하는 단량체 단위를 포함하는 공중합체 및 이를 포함하는 코어-쉘 입자, 슬러리 조성물, 분리막 및 이차전지에 관한 것이다.",,,주식회사 한솔케미칼
한솔케미칼,96,등록,"코어-쉘 구조의 전분-비닐 공중합체, 이를 포함하는 종이 코팅액, 및 이의 제조방법",C08F 251/02|C08F 265/06|C08L 3/02|C09D 103/04|C09J 103/04,1010195650000,20110225,1020090128077,20091221,,,,20110308,"본 발명은 경성의 코어 및 연성의 쉘의 이중층 구조를 갖는 코어-쉘 구조의 전분-비닐 공중합체, 이를 포함하는 종이 코팅액, 및 이의 제조방법을 제공한다. 구체적으로, 본 발명은 연질 비닐 단량체에 대한 경질 비닐 단량체의 중량비가 1.2∼8.0인 연질 비닐 단량체 및 경질 비닐 단량체의 혼합물과 전분이 중합되어 형성된 코어; 및 상기 코어 상에, 연질 비닐 단량체에 대한 경질 비닐 단량체의 중량비가 0.1∼0.8인 연질 비닐 단량체 및 경질 비닐 단량체의 혼합물이 중합되어 형성된 쉘로 이루어진 코어-쉘 구조의 전분-비닐 공중합체로서, 우수한 접착력 및 인쇄물성을 갖는 전분-비닐 공중합체, 이를 포함하는 종이 코팅액, 및 이의 제조방법을 제공한다. 종이 코팅, 전분, 전분계 공중합체, 코어, 쉘, 다중 구조",,,대상 주식회사|주식회사 한솔케미칼
한솔케미칼,97,공개,"광산란 잉크 조성물, 이를 포함하는 광산란 화소, 컬러필터 및 디스플레이 장치",C09D 11/38|C09D 11/101|C09D 7/61|C09D 7/63|C08K 3/22|G02B 5/20|G02F 1/1335|H10K 59/38,,,1020240058357,20240502,1020250159360,20251111,,,"본 발명은 광산란 잉크 조성물, 이를 포함하는 광산란 화소, 컬러필터 및 디스플레이 장치에 관한 것으로, 적절한 점도를 유지하여 잉크젯 공정성이 우수하면서도, 동시에 도막의 투과율을 향상시킬 있고, 고온 공정에서 아웃가스의 발생을 줄이고, 경도가 우수한 도막을 제조할 수 있으며, 이에 따라 광학특성이 더욱 향상된 고품질의 디스플레이 장치를 제공할 수 있다.",,,주식회사 한솔케미칼
한솔케미칼,98,등록,과산화수소 및 디카르복실산을 포함하는 녹조 제거제,A01N 59/00|A01N 37/06|A01N 35/06|A01N 43/16|A01N 25/22|A01P 13/00,1029105630000,20260106,1020240032045,20240306,1020250135551,20250915,,20260112,"본 발명에 의한 녹조 제거제는 과산화수소, 디카르복실산 화합물, 퀴논계 화합물 및 플라보노이드계 화합물을 포함하는 것을 특징으로 한다.",,,주식회사 한솔케미칼
한솔케미칼,99,공개,분리막용 공중합체 및 이를 포함하는 이차전지,C08F 220/44|C08F 220/18|C08F 220/20|H01M 50/42|H01M 50/446|H01M 50/449|H01M 50/431|H01M 10/052,,,1020230163116,20231122,1020250075968,20250529,,,"본 발명은 아크릴로나이트릴 계열의 단량체 단위, 탄소수 1 내지 20의 선형 알킬기를 포함하는 아크릴레이트 계열의 단량체 단위, 탄소수 3내지 10의 분지형 알킬기를 포함하는 아크릴레이트 계열의 단량체 단위, 아크릴산 계열의 단량체 단위 및 하이드록실 그룹을 포함하는 탄소수 1 내지 20의 선형 또는 분지형 알킬기를 포함하는 단량체 단위를 포함하는 공중합체 및 이를 포함하는 슬러리 조성물, 분리막 및 이차전지에 관한 것이다.",http://plus.kipris.or.kr/openapi/fileToss.jsp?arg=ed43a0609e94d6e22d01c5c32ba711cfab33cdfc523979453af58b171253d46d577301dfb531e264758403418048353799f060cbf2b27420ed1fca18ede262f2643b8addcb704181,http://plus.kipris.or.kr/openapi/fileToss.jsp?arg=6c650beb4cee9ce4122b704b88878c931792d097891e809a9364a3680364f4eb14b390dedd18796c8ff44317d95a1d4661ffe3364bef5697d58056a5a1a713846014bc890f8a3524,주식회사 한솔케미칼
한솔케미칼,100,등록,과산화수소 및 아스코르빈산을 포함하는 녹조 제거제,A01N 59/00|A01N 43/08|A01N 35/06|A01N 43/16|A01N 25/22|A01P 13/00,1029105600000,20260106,1020240032043,20240306,1020250135549,20250915,,20260109,"본 발명에 의한 녹조 제거제는 과산화수소, 아스코르빈산, 퀴논계 화합물 및 플라보노이드계 화합물을 포함하는 것을 특징으로 한다.",,,주식회사 한솔케미칼
한솔케미칼,1,등록,열적 안정성 및 반응성이 우수한 기상 증착 전구체 및 이의 제조방법,C07F 15/04|C23C 16/18|H10P 10/00,1019623550000,20190320,1020170123967,20170926,,,,20190326,"본 발명은 기상 증착을 통하여 박막 증착이 가능한 기상 증착 화합물에 관한 것으로서, 구체적으로는 원자층 증착법(Atomic Layer Deposition, ALD) 또는 화학 기상 증착법(Chemical Vapor Deposition, CVD)에 적용가능하고 열적 안정성 및 반응성이 우수한 니켈 및 코발트 전구체 및 이의 제조방법에 관한 것이다.",http://plus.kipris.or.kr/openapi/fileToss.jsp?arg=ed43a0609e94d6e22d01c5c32ba711cfc7114a25409959077ea5cc6dba24b436948c760aedd655fa559854193d00ec0e252c520bf144b2a3427341a5f362039879d392ccc686d332,http://plus.kipris.or.kr/openapi/fileToss.jsp?arg=2ba38663aa11ff0f6ca91af6061a2e00f866be588924361ba0eb72f5e34e4f50a0cab87cc8b6e7ea842800c5ead4ca69fede2d0bfdabd2e78de7701027d8a94c096f6439f0f49984,주식회사 한솔케미칼
한솔케미칼,2,등록,2종의 실리콘 전구체 화합물을 이용하여 박막을 형성하는 방법,C23C 16/455|C23C 16/44|C23C 16/34|C23C 16/40|H10P 10/00,1028583920000,20250908,1020230093074,20230718,1020250012910,20250131,,20250911,"본원은 2종의 실리콘 전구체 화합물을 이용한 실리콘 박막 제조방법에 관한 것으로, 구체적으로는 저온에서도 원자층 증착법(Atomic Layer Deposition, ALD)을 통해, 우수한 박막 특성을 갖고, 전구체에 따른 모폴로지(morphology)를 조절할 수 있는 실리콘 박막의 제조방법에 관한 것이다.",http://plus.kipris.or.kr/openapi/fileToss.jsp?arg=ed43a0609e94d6e22d01c5c32ba711cf93620285adc8d8bfea6ea8272b77e272ecc169bdd5204064d35a110f67a6d8493a4f4711732125c4f72ae2103eb97b988d3c73399b46049a,http://plus.kipris.or.kr/openapi/fileToss.jsp?arg=6c650beb4cee9ce4122b704b88878c93ef07ad877c9124f5e73919454b5158926cce3ea8356cd6f9463a62c813cf3b644880a3f3f2a0a9c903c6269fa5da6f1438c4b8040bcc4f7d,주식회사 한솔케미칼
한솔케미칼,3,등록,원자층 증착용(ALD) 유기금속 전구체 화합물 및 이를 이용한 ALD 증착법,C07F 7/10|C07F 7/30|C07F 7/22|C23C 16/455|C23C 16/18|H10P 14/40|H10P 10/00,1017872040000,20171011,1020150164082,20151123,1020170059742,20170531,,20171018,"본 발명은 유기금속 전구체 화합물에 관한 것으로서, 보다 상세하게는 원자층 증착법(Atomic Layer Deposition; ALD)을 통하여 박막 증착이 가능한 유기금속 전구체 화합물 및 이를 이용한 ALD 증착법에 관한 것이다.",http://plus.kipris.or.kr/openapi/fileToss.jsp?arg=ed43a0609e94d6e22d01c5c32ba711cf2674eff003f6eb97a1de9742621ec11bff0fc35e91e95e3a8b1005895f0faaa652a9b9537c4caeb48b76daceb372c30b06ff3e030e1065a4,http://plus.kipris.or.kr/openapi/fileToss.jsp?arg=2ba38663aa11ff0f6ca91af6061a2e00f8643b9638766959457781dd17510533c46a294359afebd963a7b0cc65cd9d066b5ec817c1db3155a0ac27a79493a5bf64a69d4eaf24425b,주식회사 한솔케미칼
한솔케미칼,4,등록,실리콘 전구체 및 이를 이용한 실리콘 함유 박막의 제조방법,C23C 16/40|C23C 16/34|C23C 16/455|C23C 16/30|H10P 10/00,1023644760000,20220214,1020200054948,20200508,1020210136551,20211117,,20220218,"본 발명은 기상 증착을 통하여 박막 증착이 가능한 기상 증착 화합물에 관한 것으로서, 구체적으로는 원자층 증착법(Atomic Layer Deposition, ALD) 또는 화학 기상 증착법(Chemical Vapor Deposition, CVD)에 적용가능하고, 특히 고온에서 ALD 증착이 가능하면서도 높은 증착율이 가능한 실리콘 전구체 및 이를 이용한 실리콘 함유 박막의 제조방법에 관한 것이다.",http://plus.kipris.or.kr/openapi/fileToss.jsp?arg=ed43a0609e94d6e22d01c5c32ba711cf050e8a09dedb652cdd3c3393a35cd32ef60226d68474b85da2627a98fe385b8f15d82330c91ec1c25bd7bb2c7510a2c86ec04e0bf48d8a47,http://plus.kipris.or.kr/openapi/fileToss.jsp?arg=6c650beb4cee9ce4122b704b88878c938ebc634dac5eb456d2dad6b0ab04fcfc772294023d08f849a34e50997cb66b0d53c9cbc466e29a2b51fef5dcd895eef31dce385cd57d4cb6,주식회사 한솔케미칼
한솔케미칼,5,등록,"반도체층 및 그 제조방법, 그리고 이를 포함하는 트랜지스터.",H10P 10/00|H10D 30/67|H10D 48/00|C23C 16/40|C23C 16/455|C23C 16/56,1023217290000,20211029,1020200045913,20200416,1020210128128,20211026,,20211105,"반도체층 제조방법이 제공된다. 상기 반도체층 제조방법은, 기판을 준비하는 단계, 및 인듐(In)을 포함하는 제1 전구체 및 제1 반응 소스를 반응시키는 제1 유닛 공정(first unit process), 갈륨(Ga)을 포함하는 제2 전구체 및 제2 반응 소스를 반응시키는 제2 유닛 공정(second unit process)을 수행하여, 상기 기판 상에 상기 인듐 및 상기 갈륨을 포함하는 반도체층을 형성하는 단계를 포함할 수 있다.",http://plus.kipris.or.kr/openapi/fileToss.jsp?arg=ed43a0609e94d6e22d01c5c32ba711cfb07afd173b9d3e3a8aecebd2a8ab9be2029ce129382c4b1791cf97727592aba84fcbf107c6d93e7ec57b1c5faa9dff934b456beda6102e18,http://plus.kipris.or.kr/openapi/fileToss.jsp?arg=6c650beb4cee9ce4122b704b88878c932b2cbf3ba221ae6c748611d6d2dcfb7c16b9873776ec3c7522d7df3ff87dc8da3dcf89f9f29e97168a0191257279f8d1555710a92bdbb8ff,주식회사 한솔케미칼
한솔케미칼,6,거절,질소를 함유하는 실리콘 박막의 플라즈마 원자층 증착 방법 및 반도체 소자의 더블 패터닝 방법,H10P 10/00|H10P 95/90|H10P 76/00,,,1020170055376,20170428,1020180121096,20181107,,,"본 발명은 기판이 장입된 반응기에 소스 기체로서 실릴렌([1,3-bis(1,1-dimethylethyl)-4,4-dimethyl-1,3-diaza-2 silacyclopent-2-ylidene, tBu_Si])을 공급하여 상기 기판에 흡착시키는 제 1 단계; 및 상기 반응기 내에 질소(N) 성분을 함유하는 플라즈마를 발생시켜 상기 기판 상에 질소를 함유하는 실리콘 단위막을 형성하는 제 2 단계; 를 포함하는 단위사이클을 적어도 1회 이상 수행하는 질소를 함유하는 실리콘 박막의 플라즈마 원자층 증착 방법을 제공한다.",http://plus.kipris.or.kr/openapi/fileToss.jsp?arg=ed43a0609e94d6e22d01c5c32ba711cf6d26903cd243e347911f3ec1a37a4d0bc8a86cff8f01d01f5309956c3c0e4a08178422605b063c23929539b22dafbf8945eefdc6e82392c2,http://plus.kipris.or.kr/openapi/fileToss.jsp?arg=2ba38663aa11ff0f6ca91af6061a2e00624f2144648d5a403af5fc7cb6f50387ce83ab332094f5eaaffa5c6645522ea2d0ff05d9c5993920cb194ecbd9ab342452eb0a648eeb06cb,(주)아이작리서치|주식회사 한솔케미칼
한솔케미칼,7,등록,실리콘 전구체 및 이를 이용한 실리콘 함유 박막의 제조방법,C07F 7/10|C23C 16/40|C23C 16/455|H10P 10/00,1021571370000,20200911,1020190011855,20190130,1020200066122,20200609,,20200917,"본 발명은 기상 증착을 통하여 박막 증착이 가능한 기상 증착 화합물에 관한 것으로서, 구체적으로는 원자층 증착법(Atomic Layer Deposition, ALD) 또는 화학 기상 증착법(Chemical Vapor Deposition, CVD)에 적용가능하고, 특히 고온 증착이 가능한 실리콘 전구체 및 이를 이용한 실리콘 함유 박막의 제조방법에 관한 것이다.",http://plus.kipris.or.kr/openapi/fileToss.jsp?arg=ed43a0609e94d6e22d01c5c32ba711cf225a057ae408b83d213d23e67efcb1d3e81d1de1c2d85e13a360cc8b2c0108a005afee4950eb189ca3e64aa09364e0e408f469e3ad616fca,http://plus.kipris.or.kr/openapi/fileToss.jsp?arg=2ba38663aa11ff0f6ca91af6061a2e0099e5ba2fce0a6a31929f0602e8b591ccec6970d535f4c74c558c17420ae0d34fb166bc479c7ee1388ffbe10c531d259468467719cc442bcf,주식회사 한솔케미칼
한솔케미칼,8,등록,말레산을 이용한 폐리튬이차전지의 유가금속 회수 방법,H01M 10/54,1029072110000,20251229,1020230009473,20230125,1020240117297,20240801,,20260102,"본 발명은 폐리튬이차전지의 양극활물질로부터 유가금속을 회수하기 위한 방법을 제공한다. 구체적으로, 본 발명은 종래에 비해 황산의 사용량을 줄이면서도, 유가금속의 침출 효율이 더 높은 말레산, 황산, 과산화수소 및 과산화물 안정제를 포함하는 혼합 용액을 제공함으로써, 환경오염을 줄여 공정 지속성을 늘리고 자원의 회수율을 높일 수 있는 방법을 제공한다.",,,주식회사 한솔케미칼|전북대학교산학협력단
한솔케미칼,9,공개,광경화성 코팅 조성물 및 이를 이용한 코팅 필름,C09D 175/04|C09D 133/10|C09D 5/20|C09D 7/40|C08G 18/81|C08G 18/69|C08G 18/48,,,1020240014219,20240130,1020250118616,20250806,,,"본 발명에 따른 광경화형 코팅 조성물은 낮은 부착력(5 kgf/inch 이하)으로도 디스플레이 패널에 대한 밀착성이 뛰어날 뿐만 아니라 박리성이 용이하여 제거가 용이한 보호필름으로 사용될 수 있다. 본 발명에 따른 광경화형 코팅 조성물은 코팅 후 필요한 부위만 경화시켜 코팅할 수 있어 원가를 절감시켜 경제적이며, 이형필름 및 보호필름이라는 부가적인 폐기물이 발생하지 않아 친환경적이다.",,,주식회사 한솔케미칼
한솔케미칼,10,공개,"공중합체계 전도성 고분자, 이의 제조 방법, 이를 이용한 전극, 및 이를 포함하는 리튬 이차 전지",C08G 61/12|C08F 220/56|C08F 220/06|C08L 65/00|H01M 4/62|H01M 4/13|H01M 10/052|H01M 4/02,,,1020230146486,20231030,1020250062023,20250508,,,"본 실시예들은, PAM-PAA 공중합체계 전도성 고분자, 이의 제조 방법, 이를 이용한 전극, 및 이를 포함하는 리튬 이차 전지에 대한 것으로, 아마이드기를 포함하는 제1 단량체와 카르복실기를 포함하는 제2 단량체에 있어서 제2 단량체에 대한 제1 단량체의 몰비는 75:25 내지 10:90인, 공중합체계 전도성 고분자를 제공한다.",,,주식회사 한솔케미칼
한솔케미칼,11,등록,"도전재, 이를 포함하는 리튬 이차 전지용 활물질 조성물 및 리튬 이차 전지",H01M 4/62|C01B 32/158|C01B 32/174|H01M 4/1393|H01M 4/583|H01M 10/052|H01M 4/02,1029025440000,20251216,1020220131372,20221013,1020240051560,20240422,,20251219,본 발명은 탄소 나노 튜브 및 전도성 고분자의 복합체를 포함하는 도전재 에 관한 것이다.,http://plus.kipris.or.kr/openapi/fileToss.jsp?arg=ed43a0609e94d6e22d01c5c32ba711cff1aaff2108ce1e2738c61ba74472396216bcff9f65334b7434e23d7ee5e4949a1ff8b09e1811203f28551c10cb7d1684b82fa1bad4cd60f9,http://plus.kipris.or.kr/openapi/fileToss.jsp?arg=6c650beb4cee9ce4122b704b88878c93a28a20b11008a3086cc4a0371dac83f63d6653b6d640ab6af894a4eaf06b4433116b788b765e2b0adc1e8af5ab5cdd63d20763b8ba02dbb9,주식회사 한솔케미칼
한솔케미칼,12,등록,역삼투 방식을 이용한 과산화수소 정제 시스템 및 그에 의해 제조되는 과산화수소,C01B 15/013,1016037850000,20160309,1020140010121,20140128,1020150089465,20150805,,20160315,"본 발명은 역삼투 방식을 이용한 과산화수소 정제 시스템 및 그에 의해 제조되는 과산화수소에 관한 것으로, 본 발명에 의한 역삼투 방식을 이용한 과산화수소 정제 시스템은, 원료 과산화수소에 함유된 유기 탄소 및 양이온을 제거하는 역삼투 멤브레인; 상기 역삼투 멤브레인을 통과한 원료 과산화수소에서 소디움 이온을 제거하는 처리 수지; 상기 역삼투 멤브레인의 전방에 설치되어 상기 원료 과산화수소에 함유된 유기 탄소를 제거하여 전처리하는 전처리 수지; 및 상기 전처리 수지에서 누출되는 레진을 포집하는 전처리 필터를 포함하며, 상기 전처리 수지와 상기 전처리 필터가 전처리 라인 상에 구비된다. 본 발명에 의하면, 전처리 수지와 전처리 필터를 통해 원료 과산화수소를 전처리하여 고가인 멤브레인의 수명을 연장시키며, 간단한 구조를 통해 반도체/LCD 등 용도인 전자급(electronic grade) 품질의 과산화수소로 정제 가능하므로 경제적이고, 기존에 적용하지 않았던 바닷물 정제용 역삼투 설비를 적용하여 과산화수소 정제 설비의 적용 분야를 확장 가능한 효과가 있다.",http://plus.kipris.or.kr/openapi/fileToss.jsp?arg=ed43a0609e94d6e22d01c5c32ba711cf41a02c920996413c36dc8909f6ad31f531079165dd3c2c33bca8c18610690cc858267b87917b4efed809c197be12e3cabcea6ff7987f8016,http://plus.kipris.or.kr/openapi/fileToss.jsp?arg=2ba38663aa11ff0f6ca91af6061a2e00b4589c98d439c8980ddf22dbf52c7f35d5b554a79eca86025fa0962b57dd7d09cad804bd942ef10bf143365364e272390951f63741467123,주식회사 한솔케미칼
한솔케미칼,13,등록,"금속 산화물 박막, 금속-규소 산화물 박막, 또는 금속-게르마늄 산화물 박막 및 이의 제조 방법",C07F 7/30|C23C 16/40|C23C 16/455,1018386170000,20180308,1020150018207,20150205,1020160096480,20160816,,20180314,"본 발명은 반도체 소자에 적용되는 4족 화합물들을 이용한 금속 산화물 박막, 금속-규소 산화물 박막, 금속 -게르마늄 산화물 박막 증착용 금속 전구체 및 이를 이용한 박막 증착 방법에 관한 것으로서, 보다 상세하게는 금속 화학 증착법(Metal Organic Chemical Vapor Deposition; MOCVD) 및 원자층 증착법(Atomic Layer Deposition; ALD)을 통하여 금속 산화물 박막과 금속-규소 산화물 박막, 금속-게르마늄 산화물 박막 증착에 사용되는 금속 전구체 화합물과 이를 이용하여 박막을 증착시키는 방법에 관한 것이다.",http://plus.kipris.or.kr/openapi/fileToss.jsp?arg=ed43a0609e94d6e22d01c5c32ba711cf1f42a59ea6987c0fb36206a16a612cef5f7284f9a3a9fc5c0f633fee36dd2d64e338bcfc00876e2e5d01c377b08c8603d184a75a8f6519a3,http://plus.kipris.or.kr/openapi/fileToss.jsp?arg=2ba38663aa11ff0f6ca91af6061a2e0040656bc5dd74a467f345e71d0fc7bf4c32e784481d5ffc1abd568f843e34e06abb2d4d93d50a15b223878d024f022b569bdb4b91d87f82ab,주식회사 한솔케미칼
한솔케미칼,14,등록,"원자층 증착용(ALD), 화학 기상 증착용(CVD) 전구체 화합물 및 이를 이용한 ALD/CVD 증착법",C07F 5/06|C07F 3/06|C23C 16/40|C23C 16/34|C23C 16/18|C23C 16/455,1020878580000,20200305,1020180044802,20180418,1020190121468,20191028,,20200312,"본 발명은 전구체 화합물에 관한 것으로서, 보다 상세하게는 원자층 증착법(Atomic Layer Deposition; ALD) 또는 화학 기상 증착법(Chemical Vapor Deposition; CVD)을 통하여 박막 증착에 이용가능한 비발화성(Nonpyrophoric)의 전구체 화합물 및 이를 이용한 ALD/CVD 증착법에 관한 것이다.",http://plus.kipris.or.kr/openapi/fileToss.jsp?arg=ed43a0609e94d6e22d01c5c32ba711cfdd4b3dda66e5ec1994c2acb76bc126f2941c0d50f0d682de53975002b806488221a7c8d05c7a94568c7aaae4cd7a1e3e03f15c94e2decb71,http://plus.kipris.or.kr/openapi/fileToss.jsp?arg=2ba38663aa11ff0f6ca91af6061a2e0039894105b237e7463e8da1f1f7bfa5186ebc9cee88887f54cfbdcf0ff6900930b4b66d58d6e758eb9218412aabb89ee882b56c3834e5de52,주식회사 한솔케미칼
한솔케미칼,15,등록,"무용제형 열경화성 양자점 수지 조성물, 이로부터 제조된 양자점 수지 복합체, 이를 적용한 LED 패키지 및 디스플레이 장치",C08G 59/32|C08G 59/34|C08G 59/42|C08L 63/00|C08K 3/013|C09K 11/00|G02F 1/017,1024863140000,20230104,1020220050837,20220425,,,,20230110,"본 발명은 무용제형 열경화성 양자점 수지 조성물, 이로부터 제조된 양자점 수지 복합체, 이를 적용한 LED 패키지 및 디스플레이 장치에 관한 것으로, 구체적으로 디스플레이의 장시간 구동 후에도 광특성 유지능이 우수한 무용제형 열경화성 양자점 수지 조성물, 이로부터 제조된 양자점 수지 복합체, 이를 적용한 LED 패키지 및 디스플레이 장치에 관한 것이다.",,,주식회사 한솔케미칼
한솔케미칼,16,등록,자외선 경화형 수지 조성물 및 이를 이용하여 제조한 광학 부재,C08K 5/00|C08K 5/13|C08K 5/353|C08F 20/18|C08F 2/50,1019480970000,20190208,1020170066523,20170530,1020180130667,20181210,,20190214,"본 발명은 비페닐계 화합물로서 흡수 파장이 340 ~ 420nm 범위이고 형광 파장이 360 ~ 440nm 범위인 유기형광체 또는 옥사졸계 화합물로서 흡수 파장이 340 ~ 420nm 범위이고 형광 파장이 360 ~ 440nm 범위인 유기형광체, 광중합성 화합물, 및 흡수 파장이 360 ~ 440nm인 광중합 개시제를 포함하는 자외선 경화형 수지 조성물 및 이를 이용하여 제조한 광학 부재에 관한 것이다. 본 발명에 따른 자외선 경화형 수지 조성물은 광원으로서 메탈 할라이드 램프뿐만 아니라 UV-LED를 사용하였을 때의 경화 성능 또한 우수하여, 차광부가 존재하는 광학 기재에 대해 경화 공정의 추가 없이 자외선의 조사 만으로도 차광 영역에 위치하는 수지 조성물을 충분히 경화시킬 수 있어 접착제로서 유용하게 사용될 수 있다.",http://plus.kipris.or.kr/openapi/fileToss.jsp?arg=ed43a0609e94d6e22d01c5c32ba711cf863fefab289101db4815cf695142b855f9aef5056457105acc7b83664dd6a30d32cb3a56f72281aaa57afc61d8f11df27efcfaf48b72dbe5,http://plus.kipris.or.kr/openapi/fileToss.jsp?arg=2ba38663aa11ff0f6ca91af6061a2e001b1dea5c2da2fa98bdda24e2a02f427806f47cb351b2287ce49419ca886dd369aed9f83faf42c2534bb7bdbd9fb89f309103068760b9dab8,주식회사 한솔케미칼
한솔케미칼,17,공개,아민 화합물로 이루어진 공중합체 및 이를 이용하는 전계발광소자,C08G 61/12|H10K 85/10|H10K 50/15|H10K 50/17,,,1020230173508,20231204,1020250084646,20250611,,,"본 발명은 아민 화합물로 이루어진 공중합체 및 이를 이용하는 전계발광소자에 관한 것이다. 상세하게는, 상기 공중합체는 아릴 아민(aryl amine), 플루오렌(Fluorene), 나프탈렌(Naphthalene) 및 방향족 헤테로사이클릭기를 구성단위로 형성되는 고분자 화합물을 포함하는 것을 특징으로 한다.",,,주식회사 한솔케미칼
한솔케미칼,18,등록,분리막용 공중합체 및 이를 포함하는 이차전지,C08F 216/06|C08F 218/08|C08F 220/06|C08F 220/10|C08L 29/04|C08L 53/00|C08J 5/22,1025041870000,20230222,1020210128913,20210929,,,,20230302,"본 발명은 전체 공중합체 중량 100 중량%를 기준으로, 3 중량% 이상, 38 중량% 이하의 비닐 아세테이트 기재의 단량체 단위, 57 중량% 이상, 81 중량% 이하의 비닐 알코올 기재의 단량체 단위, 0.7 중량% 이상, 18중량% 이하의 아크릴레이트 기재의 단량체 단위 및 14 중량% 이상, 38 중량% 이하의 아크릴산 기재의 단량체 단위를 포함하고, 전체 공중합체 중량 100 중량%를 기준으로, 1 중량% 미만의 아민계 유기 화합물을 포함하는 공중합체 및 이를 이용한 슬러리 조성물, 분리막 및 이차전지에 관한 것이다.",,,주식회사 한솔케미칼
한솔케미칼,19,등록,"코발트 화합물, 이를 포함하는 전구체 조성물, 및 이를 이용한 박막의 제조방법",C07F 15/06|C23C 16/18|C23C 16/40|C23C 16/34|C23C 16/42,1025043100000,20230222,1020200094049,20200728,1020220014227,20220204,,20230228,"본 발명은 기상 증착을 통하여 박막 증착이 가능한 기상 증착 화합물에 관한 것으로, 구체적으로는 원자층 증착법 (Atomic Layer Deposition, ALD) 또는 화학 기상 증착법 (Chemical Vapor Deposition, CVD)에 적용가능하고, 반응성, 휘발성 및 열적 안정성이 우수한 신규 코발트 함유 화합물, 상기 코발트 화합물을 포함하는 전구체 조성물, 상기 전구체 조성물을 이용한 박막의 제조방법, 및 상기 전구체 조성물로 제조된 코발트-함유 박막에 관한 것이다.",http://plus.kipris.or.kr/openapi/fileToss.jsp?arg=ed43a0609e94d6e22d01c5c32ba711cfe98b6330a25570aa494446c7041373a7ab92dd3d5b2b8e3aa080229ef0e013b75b658809858b02fcaa0d406aea030404661a09ad440e3666,http://plus.kipris.or.kr/openapi/fileToss.jsp?arg=6c650beb4cee9ce4122b704b88878c93a90cc6b6c887ebf5daa0d2a5f82a89ffbf6f353fdfd653252abc07fdad6e147759020d4b7b522bc75b39e6c21f30aee2a298fae8c4298d97,주식회사 한솔케미칼
한솔케미칼,20,등록,"리튬 이온 이차전지 음극용 코어-쉘 구조의 바인더 및 이의 제조방법, 및 상기 바인더를 포함하는 슬러리",H01M 4/62|H01M 4/13|H01M 4/587|H01M 4/38|H01M 10/0525|H01M 4/02,1016987450000,20170117,1020160158628,20161125,,,,20170123,"본 발명은 씨앗(seed) 중합을 통하여 상반된 특성을 지니는 코어와 쉘의 이중층 구조를 지녀 활물질과 금속 기재 및 활물질간의 접착력을 향상시키고, 전해액 내 안정성 및 슬러리 분산성을 향상시킨 리튬 이온 이차전지 음극용 바인더 및 이를 이용한 전극용 슬러리, 이를 이용한 전극 및 우수한 충방전 사이클 특성을 지닌 리튬 이온 이차전지에 관한 것이다.",http://plus.kipris.or.kr/openapi/fileToss.jsp?arg=ed43a0609e94d6e22d01c5c32ba711cf58e5ba0200e18f4946de172d2dfc578b94fb0b208e8427303ef8d060f4b463ceef7ceb8fb5b683f8b1c796f640bcc6b19b96b10e4443feae,http://plus.kipris.or.kr/openapi/fileToss.jsp?arg=2ba38663aa11ff0f6ca91af6061a2e00f91e12c42cfccef11a10180001dd698769ac5a2fa4bd8577e56e5d6fa0468800f976508c656cacc490330531a4d4bfb64dd89edf48c31a3b,주식회사 한솔케미칼|삼성에스디아이 주식회사
한솔케미칼,21,등록,자외선 경화형 수지 조성물 및 이를 이용하여 제조한 광학 부재,C08K 5/00|C08K 5/353|C08K 5/3417|C08K 5/13|C08F 20/18|C08F 2/50|C09K 11/06|C09K 11/08,1019480980000,20190208,1020170078050,20170620,1020180138023,20181228,,20190214,"본 발명은 비페닐계 화합물로서 흡수 파장이 340 ~ 420nm 범위이고, 형광 파장이 360 ~ 440nm 범위인 유기형광체 또는 옥사졸계 화합물로서 흡수 파장이 340 ~ 420nm 범위이고, 형광 파장이 360 ~ 440nm 범위인 유기형광체, 광중합성 화합물, 흡수 파장이 360 ~ 440nm인 광중합 개시제, 및 365 nm 파장을 흡수하였을 때 370 ~ 440 nm 범위에서 발광하는 무기형광체를 포함하는 자외선 경화형 수지 조성물 및 이를 이용하여 제조한 광학 부재에 관한 것이다. 본 발명에 따른 자외선 경화형 수지 조성물은 광원으로서 메탈 할라이드 램프뿐만 아니라 UV-LED를 사용하였을 때의 경화성능 또한 우수하여, 차광부가 존재하는 광학 기재에 대해 경화 공정의 추가 없이 자외선의 조사만으로도 차광 영역에 위치하는 수지 조성물을 충분히 경화시킬 수 있어 접착제로서 유용하게 사용될 수 있다.",http://plus.kipris.or.kr/openapi/fileToss.jsp?arg=ed43a0609e94d6e22d01c5c32ba711cf863fefab289101db4815cf695142b855a5cdf88db6df07dafaa9c7172cdcf4d6bbdabfcf26c4939c01fe9e60d414f620b392b82ee7a89708,http://plus.kipris.or.kr/openapi/fileToss.jsp?arg=2ba38663aa11ff0f6ca91af6061a2e001b1dea5c2da2fa98bdda24e2a02f4278fc7c8d08e3a5e1e78eaa66d767e883f7125e75f8f9b7f067bf628fab557b4f2b4225c8e4c4b08524,주식회사 한솔케미칼
한솔케미칼,22,등록,양자점 광학 필름 및 이에 포함되는 양자점 조성물,C08J 7/04|C09K 11/02|C08J 5/18|C09D 133/06|C08K 3/22|C08F 220/18|C08F 2/44,1025081110000,20230306,1020200061578,20200522,1020210144345,20211130,,20230310,"본 발명은 양자점 광학 필름 및 이에 포함되는 양자점 조성물에 관한 것으로서, 상기 양자점 광학 필름은 베이스 필름; 및 상기 베이스 필름 상에 배치되고, 고분자 매트릭스(polymer matrix); 및 상기 고분자 매트릭스 내에 분산된 복수의 양자점을 포함하는 양자점 함유층을 포함하고, 상기 고분자 매트릭스는 2관능 (메타)아크릴레이트 모노머 및 3관능 (메타)아크릴레이트 모노머와, 4관능 이상의 다관능성 (메타)아크릴레이트 모노머를 포함하는 광중합성 모노머; 및 산화아연, 이산화티타늄 및 이들의 혼합물로 이루어진 군에서 선택된 광확산제를 포함하는 광경화성 조성물의 경화물을 포함한다.",http://plus.kipris.or.kr/openapi/fileToss.jsp?arg=ed43a0609e94d6e22d01c5c32ba711cfbc5f2555b2e18a0329c167ad86ef316788f0cb22b8cb5244e0fdf96c1bfda87054cffa2f20e184d3f5dd66d6cb941cc61becc7e2fd08c6c5,http://plus.kipris.or.kr/openapi/fileToss.jsp?arg=6c650beb4cee9ce4122b704b88878c9310b7528e802490de9341f2587f81d08666194e18801eb1c8e390ae574c45d785be8f9b6715ab4da807d6a92631a44d9e59187531d51898ca,주식회사 한솔케미칼
한솔케미칼,23,등록,양자점 광학 필름 및 이에 포함되는 양자점 조성물,B32B 27/20|B32B 27/30|B32B 27/08|G02B 1/04|G02B 5/02,1022360410000,20210330,1020190088878,20190723,1020210011682,20210202,,20210405,"본 발명은 양자점 광학 필름, 및 상기 양자점 광학 필름에 구비되는 양자점 조성물에 관한 것으로서, 보다 상세하게는 4관능 이상의 다관능성 (메타)아크릴레이트 모노머를 포함하여 높은 가교 밀도 및 유리전이온도(Tg) 향상을 통해 개선된 기체 및 수증기 배리어 특성을 나타낼 수 있다.",http://plus.kipris.or.kr/openapi/fileToss.jsp?arg=ed43a0609e94d6e22d01c5c32ba711cf602d596fbf8231c60262ae8a5f206f9b0900bb382aaca5a06bf1b6f2fb71da01653d363e46ea92df7f778ac3872870238b0ba81931ca5550,http://plus.kipris.or.kr/openapi/fileToss.jsp?arg=6c650beb4cee9ce4122b704b88878c93ef4ad01377cdfbca1f1d418d858006972cc5afb8db885ae8a85bbe1096d28672ad0fe883a5934eebfca11e59c8ab8f95dab4a89bf04502a3,주식회사 한솔케미칼
한솔케미칼,24,등록,양자점 광학 필름 및 이의 제조방법,B32B 27/20|B32B 27/30|B32B 27/40|B32B 27/38|B32B 27/28|G02B 5/20,1019565310000,20190305,1020170103398,20170816,1020190018817,20190226,,20190311,"본 발명은 양자점을 포함하는 광학 필름에 관한 것으로서, 더 상세하게는 양자점과 고분자의 복합체인 양자점 함유층을 포함하는 광학 필름에 관한 것이다.",http://plus.kipris.or.kr/openapi/fileToss.jsp?arg=ed43a0609e94d6e22d01c5c32ba711cf4dea1f3de0601c45b8a71545a004f56f7fa81f6961e91ebc569df4b3a6718329810315d155221062d486924703faa6c33e8d36c573dda2e8,http://plus.kipris.or.kr/openapi/fileToss.jsp?arg=2ba38663aa11ff0f6ca91af6061a2e00512f180c10c067dd1947256385eb2285bd2e2e10bed806be3699c6cd09dfb8a9408ae90a2698cf7e058de2da00325bc65407bb07f942a91f,주식회사 한솔케미칼
한솔케미칼,25,공개,"폴리아크릴산의 염 단량체 단위 포함 중합체 수용액의 제조 방법, 폴리아크릴산의 염 단량체 단위 포함 중합체 수용액, 음극 슬러리, 음극 및 이차전지",C08F 20/06|C08F 6/02|H01M 4/62|H01M 4/13|H01M 10/052|H01M 4/02,,,1020230148847,20231101,1020250063396,20250508,,,"본 발명은 폴리아크릴산의 염 단량체 단위 포함 중합체를 포함하는 수용액을 50 ℃ 이상, 95 ℃ 이하에서 교반시키면서, 산을 첨가하는 pH 중화 단계를 포함하는 폴리아크릴산의 염 단량체 단위 포함 중합체 수용액의 제조 방법, 제조 방법에 의해서 제조된 폴리아크릴산의 염 단량체 단위 포함 중합체 수용액, 이를 포함하는 음극 슬러리, 음극 및 이차전지에 관한 것이다. -",,,주식회사 한솔케미칼
한솔케미칼,26,등록,"양자점 조성물, 그 제조방법, 그의 경화물, 및 이를 포함하는 표시장치",C09K 11/02|C09K 11/70|C09K 11/88|C09D 11/38|C08F 2/44|C08F 271/02|C08F 220/30|C08F 222/10|H10K 59/38|G02F 1/1335,1028984940000,20251205,1020230131930,20231004,1020250049061,20250411,,20251209,"본 발명은 양자점 조성물, 그 제조방법, 그의 경화물, 및 이를 포함하는 표시장치에 관한 것으로, 구체적으로는 전기수력학(Electrohydrodynamic) 잉크젯 프린팅용 양자점 조성물, 그 제조방법, 그의 경화물, 및 이를 포함하는 표시장치에 관한 것이다.",,,삼성전자주식회사|주식회사 한솔케미칼
한솔케미칼,27,등록,"공중합체 입자, 이를 포함하는 바인더 조성물, 슬러리, 전극, 및 상기 전극을 포함하는 이차전지",C08J 3/12|C08J 3/24|C08F 267/10|C08F 257/02,1028955150000,20251201,1020250029788,20250307,,,,20251208,"본 발명은 코어부; 및 상기 코어부를 둘러싸고 있는 쉘부;를 포함하며, 상기 코어부; 및 쉘부;의 총 중량 100 중량%를 기준으로, 상기 코어부의 함량은 65 중량% 이상, 97 중량% 이하이고, 상기 쉘부의 함량은 3 중량% 이상, 35 중량% 이하인 공중합체 입자, 상기 공중합체 입자를 포함하는 바인더 조성물, 슬러리, 전극, 및 상기 전극을 포함하는 이차전지에 관한 것이다.",,,주식회사 한솔케미칼
한솔케미칼,28,등록,탄소재료를 포함하는 분산액 및 이를 이용한 황화리튬 이차전지,C09K 23/34|C01B 32/174|C08F 220/18|H01M 4/62|H01M 4/58|H01M 4/136|H01M 10/052|H01M 4/02,1028917310000,20251124,1020240160147,20241112,,,,20251204,"본 발명은 공중합체 및 비극성 용매를 포함하는 분산액, 양극 슬러리 조성물, 양극 및 리튬 이차전지에 관한 것으로서, 본 발명의 분산액을 이용하면 비극성 용매에서 탄소 재료를 분산시킬 수 있어 탄소 재료를 포함하는 황화리튬 이차전지를 제조할 수 있다.",http://plus.kipris.or.kr/openapi/fileToss.jsp?arg=ed43a0609e94d6e22d01c5c32ba711cf613fae601b450fe2a9cf0deb66577f4f3bfaabc0a2096ed1cd774a2fa9b49b55c4a9926b583a3b7308faa5dfc7e65b24fe0f51fd4c2f4ed0,http://plus.kipris.or.kr/openapi/fileToss.jsp?arg=6c650beb4cee9ce4122b704b88878c9381600c8d64fb69b4112144cd3ac6e682855d60cb7403baa1dfbd64e771c0a4ec10209d33bca8ccd462a7663f063db506790793c30776214e,주식회사 한솔케미칼
한솔케미칼,29,등록,"PAA-PVA 공중합체계 전도성 고분자, 이의 제조 방법, 이를 이용한 전극, 및 이를 포함하는 리튬 이차 전지",C08F 218/08|C08F 220/18|C08F 8/00|C08G 81/02|H01M 4/62|H01M 4/133|H01M 10/052,1028775780000,20251023,1020220140426,20221027,1020240059314,20240507,,20251029,"PAA-PVA 공중합체계 전도성 고분자, 이의 제조 방법, 이를 이용한 전극, 및 이를 포함하는 리튬 이차 전지에 대한 것으로, D90이 30 ㎛ 이하이고, D10이 9 ㎛ 이하이고, Span 값이 1.1 내지 2.1 범위인, PAA-PVA 공중합체계 전도성 고분자를 제공한다.",,,주식회사 한솔케미칼
한솔케미칼,30,등록,저굴절 고분자 화합물 및 이의 제조방법,C08G 79/08|C08G 77/20|C08G 77/08,1028731130000,20251014,1020240014628,20240131,1020250119691,20250808,,20251021,"본 발명은 저굴절 고분자 화합물 및 이의 제조방법에 관한 것이다. 상세하게는, 저굴절 고분자 화합물에 있어서, 상기 고분자 화합물은 화학식 1로 표시되는 제1 실란 화합물, 화학식 2로 표시되는 제2 실란 화합물, 화학식 3으로 표시되는 제3 실란 화합물, 화학식 4로 표시되는 붕산 화합물 및 화학식 5로 표시되는 보록신 화합물을 포함하는 것으로, 불소계 화합물을 포함하지 않는 것을 특징으로 한다. [화학식 1] [화학식 2] [화학식 3] [화학식 4] [화학식 5] 이때, 화학식 1 내지 화학식 3, 화학식 5의 R은 탄소수 1 내지 20의 알킬기이다.",,,주식회사 한솔케미칼
한솔케미칼,31,공개,"탄소섬유 습식부직포용 바인더, 이를 포함하는 탄소섬유 분산액, 그의 제조방법 및 그로부터 제조된 탄소섬유 습식부직포",C08L 33/26|C08L 3/02|C08F 220/56|C08F 220/06|D04H 1/4242,,,1020220127300,20221005,1020240047801,20240412,,,"본 발명은 탄소섬유 습식부직포용 바인더, 이를 포함하는 탄소섬유 분산액, 그의 제조방법 및 그로부터 제조된 탄소섬유 습식부직포에 관한 것으로, 구체적으로 고강도의 탄소섬유 습식부직포 제작을 위한 바인더와 이를 포함하는 탄소섬유 분산액, 그의 제조방법 및 그로부터 제조된 탄소섬유 습식부직포에 관한 것이다. 특히, 상기 바인더는 탄소섬유의 분산을 저해하지 않으면서 소량 사용으로도 탄소섬유 습식부직포의 인장강도 및 표면의 결합력 등의 물성을 크게 향상시킬 수 있다.",http://plus.kipris.or.kr/openapi/fileToss.jsp?arg=ed43a0609e94d6e22d01c5c32ba711cfafe09ec83c3258deada8628de5f878ca0f305873c7fb02795c1eac2c6ecc0ea93ebd98676c192bd6b44dd6b32d9f5a826280a23884feb1e5,http://plus.kipris.or.kr/openapi/fileToss.jsp?arg=6c650beb4cee9ce4122b704b88878c93ceb91d785b8d7da07f7d252e60781ed3a95bc0b7e89c7bab0c347f1850d80922a6bc89f02024718a91adc669fcc81b9448faa6a064949bbe,주식회사 한솔케미칼
한솔케미칼,32,등록,음극 활물질 및 이를 포함하는 음극 및 리튬 이차 전지,H01M 4/38|H01M 4/36|H01M 4/48|H01M 4/134|H01M 4/131|H01M 10/0525|H01M 4/02,1028708460000,20251002,1020240167632,20241121,,,,20251015,"복수 개의 실리콘 1차 입자들이 조립된 2차 입자; 상기 실리콘 1차 입자들 사이에 충진되어 상기 실리콘 1차 입자의 표면을 둘러싸고, 상기 2차 입자의 표면을 둘러싸는 비정질 탄소; 및 상기 비정질 탄소 내부에 존재하거나 상기 2차 입자와 독립적으로 존재하고, 0.5μm 2 이하의 단면적을 갖는 미립자 실리콘;을 포함하는 음극 활물질로서, 상기 미립자 실리콘의 비율이 6.5면적% 이하(단, 0면적% 제외)인, 음극 활물질이 제공된다.",http://plus.kipris.or.kr/openapi/fileToss.jsp?arg=ed43a0609e94d6e22d01c5c32ba711cfbc9f22dbc6a44697d64d64e4efb2bdd582ea7edb9b71c2fb2561f6f107280ca4b9585bb788b50b47293d583d7c1b7cb85854e1577f004e41,http://plus.kipris.or.kr/openapi/fileToss.jsp?arg=6c650beb4cee9ce4122b704b88878c93b1533be7776e569a96d7af6f2b18c5201e69956f9f5fb9f25dd0b7a95a64582dff86dd42f2f2d72a65791e49750a7dd831b92a71b865775a,주식회사 한솔케미칼
한솔케미칼,33,등록,분리막용 공중합체 및 이를 포함하는 이차전지,C08F 228/02|C08F 220/24|C08F 220/06|C08F 220/18|C08F 220/44|C08F 220/56|C08F 212/08|C08L 41/00|C08K 3/013|H01M 50/446,1028667180000,20250925,1020220136478,20221021,1020240056182,20240430,,20251001,"본 발명은 공중합체 총 중량 100 중량%를 기준으로, 3 중량% 이상, 30 중량% 이하의 설파이드기를 포함하는 단량체 단위, 설포네이트기를 포함하는 단량체 단위, 설폰기를 포함하는 단량체 단위, 플루오르기를 포함하는 단량체 단위, 펄플루오르알킬기를 포함하는 단량체 단위 또는 이들의 조합을 포함하는 공중합체와 이를 포함하는 슬러리 조성물, 분리막 및 이차전지에 관한 것이다.",,,주식회사 한솔케미칼
한솔케미칼,34,거절,돔 형상이 가능한 경화성 실리콘 조성물 및 그 경화물,C08L 83/04|C08K 9/06|C08K 3/36|C08K 5/5419|C08K 5/549|C08G 77/20|C08G 77/12,,,1020210116460,20210901,1020230033466,20230308,,,"본 발명은 경화성 실리콘 조성물 및 그 경화물에 관한 것이다. 더욱 상세하게는, 광 투과율이 높고 일정한 돔 형상으로 제조하는 것이 가능하여 광학기능이 우수한 광학용 경화성 실리콘 조성물 및 그 경화물에 관한 것이다.",http://plus.kipris.or.kr/openapi/fileToss.jsp?arg=ed43a0609e94d6e22d01c5c32ba711cf6aaaae8338c734dc3b318f7bb42d4f1241c1273b723439ebb5399f1276e8610aebf214c4037b094e9439330b42c4e6bbaa177dc20c56dbad,http://plus.kipris.or.kr/openapi/fileToss.jsp?arg=6c650beb4cee9ce4122b704b88878c93c09125d18b5071eddeccbb9b0b317cc887c7fc644419fb2f7dcb3631debca314c90c2644d7fd58524cf3464dc06be3971d83c8ca448980f0,주식회사 한솔케미칼
한솔케미칼,35,공개,돔 형상이 가능한 경화성 실리콘 조성물 및 그 경화물,C08L 83/04|C08K 9/06|C08K 3/36|C08K 5/5419|C08K 5/549|C08G 77/20|C08G 77/12,,,1020250002031,20250107,1020250011221,20250121,,,"본 발명은 경화성 실리콘 조성물 및 그 경화물에 관한 것이다. 더욱 상세하게는, 광 투과율이 높고 일정한 돔 형상으로 제조하는 것이 가능하여 광학기능이 우수한 광학용 경화성 실리콘 조성물 및 그 경화물에 관한 것이다.",http://plus.kipris.or.kr/openapi/fileToss.jsp?arg=ed43a0609e94d6e22d01c5c32ba711cf1131a4f5d4edd2797f3f3e8b992cefe187c90fb44f83195b387a134f1be5c262dfa018b364b462af5103d4c877e25feff9fe77d61035849e,http://plus.kipris.or.kr/openapi/fileToss.jsp?arg=6c650beb4cee9ce4122b704b88878c93082149907f82002404051901c07fac2d8f202865a2b07b41ab53f400bdcb5547b579b823ea8a7d69dbe3f74b30ff5de7ec1407a04dcb8b1c,주식회사 한솔케미칼
한솔케미칼,36,등록,아세트산을 이용한 폐리튬이차전지의 유효금속 회수 방법,C22B 3/16|C22B 3/08|C22B 3/22|C22B 7/00,1028118740000,20250520,1020220039959,20220330,1020230140992,20231010,,20250526,"본 발명은 폐리튬이차전지의 양극활물질로부터 유효한 금속 성분을 회수하기 위한 방법으로, 종래에 비해 낮은 농도의 아세트산과 황산의 혼합 산 용액을 사용하여 황산의 단독 사용과 유사한 수준의 침출 효율을 갖는 방법을 제공한다.",,,주식회사 한솔케미칼|전북대학교산학협력단
한솔케미칼,37,등록,산화물 박막 형성을 위한 기상 증착용 유기금속 전구체 화합물 및 이의 제조방법,C07F 15/06|C07F 15/02|C23C 16/18|C23C 16/455|C23C 16/40,1021392850000,20200723,1020197003101,20160930,1020190020148,20190227,,20200730,"본 발명은 기상 증착을 통하여 박막 증착이 가능한 유기금속 화합물에 관한 것으로서, 구체적으로는 원자층 증착법(Atomic Layer Deposition, ALD) 또는 화학 기상 증착법(Chemical Vapor Deposition, CVD)에 적용 가능한 Co 또는 Fe 전구체 및 이의 제조방법에 관한 것이다.",,,주식회사 한솔케미칼
한솔케미칼,38,등록,물성 조절이 용이한 광경화성 광학용 수지 조성물 및 이를 이용하여 제조한 평판디스플레이,C08L 75/14|C08G 18/62|C08G 18/83|G02B 1/04,1014673940000,20141125,1020130082016,20130712,,,,20141201,"본 발명은 (A) 1 분자 내 이소시아네이트기를 1개와 아크릴레이트를 1개 가지는 이소시아네이트 화합물 포함하는 혼합물을 이용하여 공중합시켜 얻은 (메타)아크릴 변성 우레탄 수지; (B) 광중합성 단량체; (C) 광중합 개시제; 및 (D) 기능성 첨가제를 포함하는 이루어진 광경화성 광학용 수지 조성물에 관한 것이다. 본 발명에 따른 광경화성 광학용 수지 조성물은 (메타)아크릴 변성 우레탄 화합물의 우레탄 성분의 비율, 광반응성 관능기 수 등을 조절하여 물성 조절의 폭을 확대함으로써 물리적 특성 조절이 용이하고 광특성이 우수하다. 이에 본 발명에 따른 수지 조성물은 액정표시장치, 플라즈마 표시장치, 유기발광다이오드 등 평판디스플레이의 표시부와 보호부를 접합하는 광학용 접착제로 사용할 수 있다.",http://plus.kipris.or.kr/openapi/fileToss.jsp?arg=ed43a0609e94d6e22d01c5c32ba711cff414686d7f0fc7fec5caa32ae342e09a357d039a05714b302a007ee8c98508c83c470c8e6854e7601b477a3da227ea1fb6c27b69020ab52a,http://plus.kipris.or.kr/openapi/fileToss.jsp?arg=2ba38663aa11ff0f6ca91af6061a2e005067f0dc1cf24161f1bb8d661db6432f25c6221a1c3ee639c4ecf6d1b5ef3e240fbbfff3b86ed8e23ade1a9dec25ad7f1b0ee5afe30bb4ec,주식회사 한솔케미칼
한솔케미칼,39,등록,분리막용 공중합체 및 이를 포함하는 이차전지,C08F 220/56|C08F 220/06|C08F 220/44|C08F 220/28|C08L 33/26|C08K 3/013|H01M 50/446|H01M 50/449|H01M 50/414,1024616670000,20221027,1020210142451,20211025,,,,20221103,"본 발명은 전체 공중합체 중량 100 중량%를 기준으로, 0 중량% 초과, 15 중량% 이하의 아크릴로나이트릴 계열의 단량체 단위, 0 중량% 초과, 5 중량% 이하의 수산기(-OH)를 포함하는 아크릴레이트 계열의 단량체 단위, 80 중량% 초과, 95 중량% 미만의 아크릴아마이드 계열의 단량체 단위 및 0 중량% 초과, 15 중량% 이하의 아크릴산 계열의 단량체 단위를 포함하는 공중합체와 이를 포함하는 슬러리 조성물, 분리막 및 이차전지에 관한 것이다.",,,주식회사 한솔케미칼
한솔케미칼,40,등록,분리막용 공중합체 및 이를 포함하는 이차전지,C08F 220/14|C08F 297/02|C08F 220/44|C08F 220/56|C08F 220/06|C08L 55/00|C08K 3/013|H01M 50/42|H01M 50/446,1024682770000,20221114,1020210137117,20211015,,,,20221121,"본 발명은 전체 공중합체 중량 100 중량%를 기준으로, 5 중량% 초과, 70 중량% 이하의 아크릴로나이트릴 기재의 단량체 단위, 15 중량% 이상, 90 중량% 미만의 아크릴레이트 기재의 단량체 단위, 1 중량% 이상, 20 중량% 이하의 아크릴아마이드 기재의 단량체 단위 및 1 중량% 이상, 10 중량% 이하의 아크릴산 기재의 단량체 단위를 포함하는 공중합체 및 이를 포함하는 코어-쉘 입자, 슬러리 조성물, 분리막 및 이차전지에 관한 것이다.",,,주식회사 한솔케미칼
한솔케미칼,41,등록,"이차전지용 바인더 조성물, 바인더, 이를 포함하는 전극 조성물, 및 이의 제조방법",H01M 4/62|H01M 4/587|H01M 10/0525|C08L 51/02|C08L 1/02,1016864750000,20161208,1020160022302,20160225,,,,20161214,"전분(Starch) 및 불포화탄화수소(Unsaturated Hydrocarbon) 단량체를 포함하는 전분 그라프팅 공중합체가 포함된 이차전지용 바인더 조성물에 있어서, 상기 전분은 덱스트로오스 당량(D.E., Dextrose Equivalent)(%)이 1 내지 50 이며, 상기 전분 그라프팅 공중합체 100 중량부에 대해 상기 전분이 1 중량부 내지 30 중량부 포함되고, 상기 불포화탄화수소 단량체는 비닐계 단량체, 공액디엔(Conjugated Diene)계 단량체, 아크릴산 에스테르계 단량체, 니트릴계 단량체, (메타)아크릴레이트계 단량체, (메타)아크릴산계 단량체, 및 (메타)아크릴아마이드계 단량체로 이루어진 군에서 선택되는 어느 하나 또는 2 이상인, 전분 그라프팅 이차전지용 바인더 조성물, 바인더, 전극 조성물, 전극 및 리튬 이온 이차전지에 관한 것이다.",http://plus.kipris.or.kr/openapi/fileToss.jsp?arg=ed43a0609e94d6e22d01c5c32ba711cf2d884e5f88d0e1ef84b4c3fce98018ea3524a255809e43509c77763e2e3781c3400ac38d3c207b4a4af08dfdf6792a58a5060b537bbe2546,http://plus.kipris.or.kr/openapi/fileToss.jsp?arg=2ba38663aa11ff0f6ca91af6061a2e00d31ee510ee4f2a263b540b3fcdd61b4bbd2d2bb8ee8a7437651ce3b38611c989d151d32ec5b67783f2de9ac18906895155d910b7abbc5a4e,주식회사 한솔케미칼
한솔케미칼,42,등록,탄소 나노튜브 분산액과 이를 이용하여 제조한 이차전지용 양극 및 상기 양극을 포함하는 이차전지,C08K 3/04|C08L 25/08|C08L 33/08|C08L 53/00|C08F 220/18|C08F 212/08|C08F 226/00|H01M 4/62|H01M 4/13|H01M 4/139|H01M 4/02,1024651510000,20221104,1020220095365,20220801,,,,20221110,"본 발명은 공중합체; 용매; 및 탄소 나노튜브를 포함하고, 상기 공중합체는 치환되거나 치환되지 않은 1개 이상의 방향족 고리를 포함하는 단량체 단위 및 탄소수 5 내지 22의 선형 또는 분지형 지방족 탄화수소를 포함하는 아크릴레이트 계열의 단량체 단위를 포함하는, 분산액, 양극용 슬러리 조성물, 양극 및 이차전지에 관한 것이다.",,,주식회사 한솔케미칼
한솔케미칼,43,등록,양자점 광학 시트 및 이의 제조방법,B32B 7/023|B32B 27/08|B32B 27/32,1020615380000,20191226,1020180082684,20180717,,,,20200102,"본 발명은 양자점과 고굴절 아크릴레이트 모노머를 포함하는 광학시트에 관한 것으로, 적은 양의 양자점을 사용하면서 동일한 색좌표와 향상된 휘도를 구현할 수 있는 양자점 광학시트를 제공한다.",http://plus.kipris.or.kr/openapi/fileToss.jsp?arg=ed43a0609e94d6e22d01c5c32ba711cf084065b0df9384fcbf7f1c1962128eee140319e6146fc49b0ac7dd9c2ca14b494a698b1858a4af715edaa78f8d018500cd4bab9bcc487656,http://plus.kipris.or.kr/openapi/fileToss.jsp?arg=2ba38663aa11ff0f6ca91af6061a2e00fcc91010876aa2a5dd3991fe3e187873200e8be67178decead1a49889c5b4c85821c7002934209402c79b248818bbcfdbf71696493174cc2,주식회사 한솔케미칼
한솔케미칼,44,등록,공중합체 분산제 및 이를 이용한 분산액,C08F 220/28|C08F 220/30|C08L 33/14|C08L 53/00|C08K 3/04|H01M 4/62|H01M 4/139,1024651500000,20221109,1020210084505,20210629,,,,20221114,"본 발명은 치환되거나 치환되지 않은 2개 이상의 방향족 고리를 포함하는 모노머, 탄소수 5 내지 22의 선형 또는 분지형 지방족 탄화수소를 포함하는 모노머, 및 사이아노(CN), 피롤리돈(NC 4 H 6 O) 및 카복실산(COOH)으로 이루어진 그룹에서 선택된 어느 하나를 포함하는 극성 모노머 중 선택된 2 이상의 모노머를 포함하는 공중합체 및 이를 이용한 분산액에 관한 것이다.",,,주식회사 한솔케미칼
한솔케미칼,45,등록,양자점-고분자 복합체의 제조방법 및 이로부터 제조된 양자점-고분자 복합체를 포함하는 양자점 광학 필름,C08F 292/00|C08F 220/14|C08J 5/18|B32B 27/08|G02B 1/04,1024582550000,20221019,1020200071673,20200612,1020210154546,20211221,,20221024,"본 발명은 양자점-고분자 복합체의 제조방법 및 이로부터 제조된 양자점-고분자 복합체를 포함하는 양자점 광학 필름에 관한 것으로서, 보다 상세하게는 양자점 표면의 리간드를 티올기로 치환한 후 상기 티올기와 반응성 모노머간의 티올엔 반응을 통하여 양자점-고분자 복합체를 제조한다. 이를 포함하는 양자점 광학 필름은 향상된 배리어 특성을 나타낼 수 있다.",http://plus.kipris.or.kr/openapi/fileToss.jsp?arg=ed43a0609e94d6e22d01c5c32ba711cf84863b2627232d90926e6a658a34159a081a58db525d57963cdc91eb48b2cbf1c93f755baff2fd284c9091441532fefd18b25822a67801ce,http://plus.kipris.or.kr/openapi/fileToss.jsp?arg=6c650beb4cee9ce4122b704b88878c9347ca84ac396ea542deb9a3e976b8ab9b7b110b5a108a2e30284cd47205a5ab3509210a786a86346960a4d719b18c4749d6787fbea4cabbb0,주식회사 한솔케미칼
한솔케미칼,46,등록,양자점 광학 필름 및 이에 포함되는 양자점 조성물,C08J 7/04|C08J 5/18|C09D 133/06|C09D 181/04|C08K 3/013|C08K 3/16|C08K 5/00|B32B 27/08,1023413100000,20211215,1020200000948,20200103,1020210087791,20210713,,20211222,"본 발명은 양자점 광학 필름 및 이에 포함되는 양자점 조성물에 관한 것으로서, 상기 양자점 광학 필름은 베이스 필름; 및 상기 베이스 필름 상에 배치되고, 고분자 매트릭스(polymer matrix); 및 상기 고분자 매트릭스 내에 분산된 복수의 양자점을 포함하는 양자점-함유층을 포함하고, 상기 고분자 매트릭스는 말단에 탄소-탄소 불포화 결합을 갖는 제1 광중합성 모노머; 말단에 티올기(thiol group)를 함유하는 제2 광중합성 모노머; 및 할로겐화합물 및 산소제거제로 이루어진 군에서 선택된 1종의 배리어 물질을 포함하는 조성물의 경화물을 포함한다.",http://plus.kipris.or.kr/openapi/fileToss.jsp?arg=ed43a0609e94d6e22d01c5c32ba711cfcd0a72d00e4cd4f3ad8771d39157138680663eff1a865593d36e35846a676b89821e77a1e7c472a8dd76bab25b1977686243afd9e875853c,http://plus.kipris.or.kr/openapi/fileToss.jsp?arg=6c650beb4cee9ce4122b704b88878c93be0a03f0d8f01d5b31b09e05d1f98a0ba2584c57acc682f1baec3ee38e579141ee859833523a75a45771f3207a05211e0545666d290f7e89,주식회사 한솔케미칼
한솔케미칼,47,등록,열적 안정성이 우수한 기상 증착용 전구체 및 이의 제조방법,C23C 16/18|C23C 16/455|C07F 7/00,1019230400000,20181122,1020170031848,20170314,1020180046841,20180509,,20181128,"본 발명은 기상 증착을 통하여 박막 증착이 가능한 기상 증착 화합물에 관한 것으로서, 구체적으로는 원자층 증착법(Atomic Layer Deposition, ALD) 또는 화학 기상 증착법(Chemical Vapor Deposition, CVD)에 적용가능하고 열적 안정성이 우수하며, 점도 및 기화율이 낮은 기상 증착 지르코늄, 티타늄, 하프늄 전구체 및 이의 제조방법에 관한 것이다.",http://plus.kipris.or.kr/openapi/fileToss.jsp?arg=ed43a0609e94d6e22d01c5c32ba711cf1bcf35cea12755e02e24e282ae9835b26f955415ee4cbcde03caac7f6a55eafea077dca3b96a7e5e7fc172e60a315356f2c454cccdecc139,http://plus.kipris.or.kr/openapi/fileToss.jsp?arg=2ba38663aa11ff0f6ca91af6061a2e00afaa20a23a125d7c411b91f126ff5c6a0fe28205eaa0eaf3c389df14ed82b88e3e387633e4ebf56facd3e89fbc2ed78c820e647f900db8e7,주식회사 한솔케미칼
한솔케미칼,48,등록,패드 프린팅 공정 적용이 가능한 무용제형 자외선 경화형 블랙잉크 조성물,C09D 11/101|C09D 11/104|B41F 17/00|B41M 1/00|B41M 7/00|G02F 1/13,1023163220000,20211018,1020200030990,20200312,1020210115357,20210927,,20211025,"본 발명은 (A) 우레탄아크릴레이트 올리고머; (B) 2 이상의 반응성 모노머의 혼합물인 반응성 모노머; (C) 광반응 개시제; (D) 블랙 안료; 및 (E) 첨가제를 포함하는 무용제형 자외선 경화형 블랙잉크 조성물, 이를 이용한 베젤패턴의 형성방법, 이에 따라 제조한 베젤패턴 및 이를 포함하는 디스플레이 기판에 관한 것이다. 본 발명에 따른 자외선 경화형 블랙잉크 조성물은 얇은 두께에서도 차광특성이 우수하여, 패드 인쇄 후 자외선 경화 만으로 기재 위에 원하는 얇은 두께로 차광효과가 뛰어나며, 부착력이 우수한 패턴형성이 가능하다.",,,주식회사 한솔케미칼
한솔케미칼,49,등록,분리막용 공중합체 및 이를 포함하는 이차전지,C08F 220/44|C08F 220/06|C08F 220/14|C08F 220/18|C08F 218/08|C08L 33/20|C08L 53/00|H01M 50/414|H01M 10/052,1028539370000,20250828,1020220143654,20221101,1020240061833,20240508,,20250902,"본 발명은 아크릴로나이트릴(acrylonitrile) 계열의 단량체 단위, 아크릴레이트(acrylate) 계열의 단량체 단위, 아크릴산(acrylic acid) 계열의 단량체 단위, 비닐아세테이트(vinyl acetate) 계열의 단량체 단위 및 사이클로펜틸(cyclopentyl), 사이클로헥실(cyclohexyl), 사이클로옥틸(cyclooctyl), 테트라하이드로퓨란(tetrahydrofuran), 퓨란(furan), 다이옥세인(dioxane) 또는 이들의 조합을 포함하는 고리형 단량체 단위를 포함하는 공중합체 및 이를 포함하는 슬러리 조성물, 분리막 및 이차전지에 관한 것이다.",,,주식회사 한솔케미칼
한솔케미칼,50,등록,"신규 조성물, 이를 포함하는 전구체 조성물, 및 이를 이용한 박막의 제조방법",C07F 5/00|C23C 16/455|C23C 16/40|C23C 16/04,1028515760000,20250825,1020230109807,20230822,1020250028752,20250304,,20250829,"본 발명은 기상 증착을 통하여 박막 증착이 가능한 기상 증착용 전구체 조성물에 관한 것으로, 구체적으로는 원자층 증착법 (Atomic Layer Deposition, ALD) 또는 화학 기상 증착법 (Chemical Vapor Deposition, CVD)에 적용 가능하고, 반응성, 휘발성 및 열적 안정성이 우수한 신규 조성물, 상기 신규 조성물을 포함하는 전구체 조성물, 상기 전구체 조성물을 이용한 박막의 제조방법에 관한 것이다.",http://plus.kipris.or.kr/openapi/fileToss.jsp?arg=ed43a0609e94d6e22d01c5c32ba711cffdf99049287415e97d0076b802e7295a2efc5dec623f50ad8b8d4068dc7de17afaa55d3724787675945a84e1d7c4a561ce8b0607c6ace9b0,http://plus.kipris.or.kr/openapi/fileToss.jsp?arg=6c650beb4cee9ce4122b704b88878c93a14cbc72e9fa6209c941a11475168ab2ce1dcce8d7650c64b6a78693eab7a127857908a027ce7152f6e1545bf8049dd1b4d62436a9d8b5fa,주식회사 한솔케미칼
한솔케미칼,51,소멸,스테인레스 강철 무질산 산세 처리액,C23G 1/08|C11D 1/66,1006665270000,20070103,1020050013240,20050217,1020060092458,20060823,,20070109,"본 발명은 스테인레스 강철 산세 처리액에 관한 것으로서, 더욱 상세하게는 환경문제 및 산세 방법의 경제성에 영향을 미치며 기존의 스테인레스 강철의 산세 처리액으로 사용되어온 질산을 전혀 사용하지 않고, 불산-과산화수소-황산의 기본 산세처리액에 아세트아니리드, 1-하이드록시에틸리덴(1,1-디포스폰산) 및 비이온성 계면활성제를 첨가함으로써 산세능력이 우수하며, 과산화수소의 분해가 억제된 안정적인 스테인레스 강철 산세 처리액에 관한 것이다. 스테인레스 강철 산세 처리액, 불산-과산화수소-황산, 아세트아니리드, 1-하이드록시에틸리덴(1,1-디포스폰산), 비이온성 계면활성제",http://plus.kipris.or.kr/openapi/fileToss.jsp?arg=ed43a0609e94d6e2d625a3dcb0746fe407489d23bbfec2437182c92fc2bf439e9f22df488fdca6744a0d17552cf46248,http://plus.kipris.or.kr/openapi/fileToss.jsp?arg=452306798ef1fd035bfb5ff666db4c9c592fb536ea920a4d6f70affd9f55297df6ca16d3bc8fc65186fe75312558a413,주식회사 한솔케미칼
한솔케미칼,52,등록,이차전지 분리막 코팅용 바인더 조성물 및 이를 포함하는 이차전지,C08L 51/00|C08K 5/25|C08J 3/24|C08F 265/06|C08F 220/58|C08F 220/44|C08F 220/06|C08F 220/18|C08F 212/36|C09D 1/00|C09D 7/40|C09D 7/65|H01M 50/42|H01M 50/46|H01M 50/491,1028399450000,20250724,1020240165277,20241119,,,,20250801,"적어도 2 이상의 코어-쉘 입자 및 제1 가교제를 포함하고, 상기 코어-쉘 입자의 쉘은 아크릴아마이드 계열의 단량체 단위 및 아크릴레이트 계열의 단량체 단위를 포함하는 제1 공중합체를 포함하는 조성물, 및 이를 포함하는 바인더, 슬러리, 분리막 및 이차전지에 관한 것이다.",,,주식회사 한솔케미칼
한솔케미칼,53,등록,"감광성 수지 조성물, 이의 경화물, 패턴의 형성 방법 및 감광성 수지 조성물의 제조 방법",G03F 7/075|G03F 7/004|G03F 7/031|G03F 7/032|H10K 50/10|H10K 59/10|H10K 59/122,1028399150000,20250724,1020230161036,20231120,1020250074210,20250527,,20250729,"본 발명은 감광성 수지 조성물, 이의 경화물, 패턴의 형성 방법 및 감광성 수지 조성물의 제조 방법에 관한 것으로, 구체적으로 폴리실세스퀴옥산 바인더를 포함하고, 저장안정성, 표면코팅성 및 해상도가 우수한 감광성 수지 조성물, 이의 경화물, 패턴의 형성 방법 및 감광성 수지 조성물의 제조 방법에 관한 것이다.",,,주식회사 한솔케미칼
한솔케미칼,54,등록,잉크젯 프린팅용 전자수송층 조성물 및 그 제조방법,C09D 11/322|C09D 11/36|C09D 11/033|C09D 11/037|C09K 11/54|H10K 50/16|H10K 71/13,1026456040000,20240305,1020210091490,20210713,1020230011528,20230125,,20240311,"본 발명은 금속산화물 나노입자; 및 점도, 극성 및 증기압 중 하나 이상이 상이한 적어도 3종의 용매;를 포함하여 잉크젯 토출이 가능한 잉크젯 프린팅용 전자수송층 조성물 및 그 제조방법, 상기 조성물로부터 형성된 전자수송층을 구비하는 발광소자를 제공한다.",http://plus.kipris.or.kr/openapi/fileToss.jsp?arg=ed43a0609e94d6e22d01c5c32ba711cf6a440934cb1b3719fb406c0146f8891d7d3d0878cf386c24a75e232059d2f06d6686ef407a38b5d08594e1db26321a0e1d9e65da7131cedb,http://plus.kipris.or.kr/openapi/fileToss.jsp?arg=6c650beb4cee9ce4122b704b88878c93678db4c649addf67d84d087ce12d02f1feeab772c8afeb5fb527fb1b731162de22ebe3c310fab982a50585d629174bfefbd4d4dc61bdf6b4,주식회사 한솔케미칼
한솔케미칼,55,등록,발광층 잉크 조성물 및 이를 이용한 전계 발광 소자,C09D 11/38|C09D 11/36|C09D 11/322|C09K 11/02|C09K 11/08|H10K 50/115|H10K 50/17|H10K 71/13,1026690500000,20240521,1020210124890,20210917,1020230041889,20230327,,20240524,"본 발명은 잉크젯 프린팅 방식에 적용 가능한 전계 발광용 발광층 잉크 조성물 및 상기 조성물로부터 형성된 발광층을 구비하는 발광소자를 제공한다. 본 발명에서는 양자점 용액에 분산제를 소량 혼합하여 잉크화함으로써 잉크젯 프린팅을 통한 발광층 형성이 가능하게 하고, 분산제 첨가에 따른 커피링 현상을 개선할 수 있다.",http://plus.kipris.or.kr/openapi/fileToss.jsp?arg=ed43a0609e94d6e22d01c5c32ba711cffe89f095d4c9d43e0cb9f3f97a545f8eb954466045535ed2f0251cc6d6c3dff16d35e1ba0af23e5661f54e3c8d0db2a7670a4cb520d0eb9b,http://plus.kipris.or.kr/openapi/fileToss.jsp?arg=6c650beb4cee9ce4122b704b88878c93340fb99400c07cabff8d1de93646085eba021e938d28d03de9192c5be05ec7da80dff2e657d5b6008541e933ea6e879076bc9c478cb65aff,주식회사 한솔케미칼
한솔케미칼,56,등록,망간을 선택적으로 회수할 수 있는 혼합 용제 추출제 및 이를 사용한 망간 회수 방법,C22B 3/32|C22B 3/38|C22B 3/08|C22B 47/00,1028305490000,20250702,1020220179514,20221220,1020240097457,20240627,,20250709,"본 발명은 리튬이차전지의 양극활물질에서 망간(Mn)을 고순도로 분리하기 위한 용매추출 방법 및 이에 사용되는 혼합 용제 추출제에 관한 것으로, 유기인산 물질(Di-(2-ethylhexyl)phosphoric acid, D2EHPA)과 카르복실산(3-(hexyloxy)-2,2-dimethylpropanoic acid, HDPA)이 25:75의 비율로 혼합된 혼합 용제 추출제를 사용하여 용매 추출 방법으로, 망간(Mn), 코발트(Co), 니켈(Ni) 및 리튬(Li)이 혼합된 금속혼합물로부터 망간(Mn)을 효과적으로 분리 회수할 수 있는 장점이 있다.",http://plus.kipris.or.kr/openapi/fileToss.jsp?arg=ed43a0609e94d6e22d01c5c32ba711cf9be8e8790ba3fd7d5fd050f15e39000786067d736e0744f1b3d442a15e87a4da51d3b1515bbf4a2c6bee98135ac1d3edee24ad5ffe06e547,http://plus.kipris.or.kr/openapi/fileToss.jsp?arg=6c650beb4cee9ce4122b704b88878c93bb0d2882b02f0f3d9e7fcd1742e7fba35bcc2025b7a299f4b97e130233cfa11c5764b27255b65dadcc5bc3fb511d2e47578592b333fada9d,주식회사 한솔케미칼|원광대학교산학협력단
한솔케미칼,57,등록,"리튬 이차 전지용 음극 활물질, 이의 제조 방법 및 이를 포함하는 리튬 이차전지",H01M 4/36|H01M 4/38|H01M 4/587|H01M 4/62|C01B 33/02|C01B 32/21|C01B 32/05|H01M 10/052,1024337490000,20220812,1020200067579,20200604,1020210150769,20211213,,20220819,"본 발명은 인편상 나노 실리콘 절편들이 인탱글형으로(entangled) 연결된 다공성 코어; 및 상기 코어를 감싸는 쉘 층을 포함하고, 상기 쉘 층은 탄소계 물질 및 실리콘을 포함하는 리튬 이차 전지용 음극 활물질, 이의 제조방법 및 이를 포함하는 리튬 이차 전지를 제공한다.",http://plus.kipris.or.kr/openapi/fileToss.jsp?arg=ed43a0609e94d6e22d01c5c32ba711cf6d700c835b1db5cdd8b92491a76c1fece5871ba51d0783b83b385d15f22f54fc5f3f52d02409c3cf5478f7d1bfd33b73fb9c16158b841409,http://plus.kipris.or.kr/openapi/fileToss.jsp?arg=6c650beb4cee9ce4122b704b88878c93b7a941ad1cc2c219ef95436c2d9564f584a23387bdf3a9de8776cd56bf5716dadd350237fd9d83163f2ee99843946ed5a9b4122714a06b7d,주식회사 한솔케미칼
한솔케미칼,58,등록,양자점 나노입자 및 이의 제조방법,C09K 11/02|C09K 11/70|C09K 11/88,1023098480000,20210930,1020190114539,20190918,1020210033165,20210326,,20211008,본 발명은 양자점; 및 상기 양자점 표면에 결합되고 금속 할라이드 및 금속 옥시할라이드 중 적어도 하나를 함유하는 표면 처리층을 포함하는 양자점 나노입자 및 이의 제조방법을 제공한다.,http://plus.kipris.or.kr/openapi/fileToss.jsp?arg=ed43a0609e94d6e22d01c5c32ba711cfefd7d0d8f17f74e55917179481ffb1541a91d87a9516d41d26f919ccc136a8312e4abc7f0cdc596a65f73024d727cbe8802737a1712b4571,http://plus.kipris.or.kr/openapi/fileToss.jsp?arg=6c650beb4cee9ce4122b704b88878c9355ef5528e00ebb71d7a0bebbabd37ccdc7075011a01c84a0f5d690a6c6e4115bcdd96a5ff0cb65fd7d5eb15c46c3bc51d0e7ec2113350092,주식회사 한솔케미칼
한솔케미칼,59,등록,"공중합체를 포함하는 바인더, 상기 바인더를 포함하는 이차전지용 음극 및 상기 음극을 포함하는 이차전지",C08F 220/08|C08F 218/08|C08F 216/06,1026605920000,20240422,1020220152779,20221115,,,,20240426,"본 발명은 아크릴레이트 계열의 단량체 및 비닐 아세테이트 계열의 단량체를 공중합하고 가수분해하여 제조한 공중합체, 이를 포함하는 음극 슬러리, 음극 및 이차전지에 관한 것이다.",,,주식회사 한솔케미칼
한솔케미칼,60,공개,전기화학 장치용 촉매 잉크 슬러리 조성물 및 이의 제조 방법,H01M 4/86|H01M 4/88|H01M 4/92|H01M 8/1004|H01M 8/10,,,1020230189661,20231222,1020250098399,20250701,,,"본 발명은 전기화학 장치용 촉매 잉크 슬러리 조성물 및 이의 제조 방법에 관한 것으로, 보다 구체적으로는 막전극접합체(Membrane Electrode Assembly)의 촉매층을 형성할 수 있는 촉매 잉크 슬러리 조성물 및 이의 제조 방법에 관한 것이다.",http://plus.kipris.or.kr/openapi/fileToss.jsp?arg=ed43a0609e94d6e22d01c5c32ba711cf6cc98209b668ff49586075f8249ac46db3c378e779a2e5df456b4f7ce306e4d00997fc80c2df40fa69ef52f3478831fa1c968ea0b0114000,http://plus.kipris.or.kr/openapi/fileToss.jsp?arg=6c650beb4cee9ce4122b704b88878c93b92e947dc15209da6f6da52f7c56cdd6c92115664b022552140debdd8af7fc258e5c2707b5d258594bfd0676a99caa0c1e5cec0203bcf191,주식회사 한솔케미칼
한솔케미칼,61,등록,"실릴아민 리간드가 포함된 유기금속화합물, 및 이를 전구체로 이용한 금속 산화물 또는 금속-규소 산화물의 박막 증착 방법",C23C 16/40|C07F 7/28|C07F 19/00|C23C 16/455,1012846640000,20130704,1020100140183,20101231,1020120078025,20120710,,20130711,"본 발명은 유기금속 화학 기상 증착법(MOCVD) 및 원자층 증착법(ALD)에 의하여 우수한 박막 특성, 두께, 단차피복성을 확보할 수 있으며, 휘발성이 높고 실온에서 액체 상태로 존재하며 열적으로 안정한 실리콘이 함유된 신규한 단일 유기금속 전구체 화합물을 제공한다. 또한 본 발명은 상기 유기 금속 전구체 화합물을 이용하여 유기금속 화학 증착법(MOCVD, Metal Organic Chemical Vapor Deposition) 또는 원자층 증착법(ALD, Atomic Layer Deposition)을 통하여 금속 산화물 또는 금속-규소 산화물 박막을 형성하는 박막 증착 방법을 제공한다.",http://plus.kipris.or.kr/openapi/fileToss.jsp?arg=ed43a0609e94d6e22d01c5c32ba711cf81367046cecd92b5044ae15b6034f06e593a248901a1a923a3ac0bce4541567d258cebb16ec55768dfd70b695fc39161ff538153394f2e05,http://plus.kipris.or.kr/openapi/fileToss.jsp?arg=452306798ef1fd03bf8e5ba4e1dbf726543401efe25cf8eebfe5b23bf31ebd26004da03a5a71c017a2bc08b5f30b9ff51281ddef352ca03e5506dc1331c6e75e1084a40c44b568f6,주식회사 한솔케미칼|삼성전자주식회사
한솔케미칼,62,등록,"유기금속 화합물, 이를 포함하는 전구체 조성물, 및 이를 이용한 박막의 제조방법",C07F 13/00|C23C 16/18|C23C 16/40|C23C 16/34|C23C 16/42,1024328330000,20220810,1020200094537,20200729,1020220014653,20220207,,20220818,"본 발명은 기상 증착을 통하여 박막 증착이 가능한 기상 증착 화합물에 관한 것으로, 구체적으로는 원자층 증착법 (Atomic Layer Deposition, ALD) 또는 화학 기상 증착법 (Chemical Vapor Deposition, CVD)에 적용 가능하고, 반응성, 휘발성 및 열적 안정성이 우수한 유기금속 함유 화합물, 상기 유기금속 화합물을 포함하는 전구체 조성물, 상기 전구체 조성물을 이용한 박막의 제조방법, 및 상기 전구체 조성물로 제조된 유기금속 함유 박막에 관한 것이다.",http://plus.kipris.or.kr/openapi/fileToss.jsp?arg=ed43a0609e94d6e22d01c5c32ba711cfd520783c5082d3262e0c2c9f4e1ab9048d672d74c8455a7fca29d141b2defac017ab37da35821a383f4e8f42aa6a8189384eb7ea47e8c910,http://plus.kipris.or.kr/openapi/fileToss.jsp?arg=6c650beb4cee9ce4122b704b88878c93447c36859efd00508f6f0d24d1df6778b9059ddd0577146abba5aaf7d039d7b404d34c76fcf2d0d85dc24668fada381229a03813cd576a69,주식회사 한솔케미칼
한솔케미칼,63,등록,"리튬 이차 전지용 음극 활물질, 이의 제조 방법 및 이를 포함하는 리튬 이차전지",H01M 4/36|H01M 4/38|H01M 4/587|H01M 4/62|H01M 10/052|C01B 33/02|C01B 32/21|C01B 32/05,1024337380000,20220812,1020200068281,20200605,1020210151442,20211214,,20220819,"본 발명은 인편상 나노 실리콘 절편들이 인탱글형으로(entangled) 연결된 다공성 코어; 및 상기 코어를 감싸는 쉘 층을 포함하는 리튬 이차 전지용 음극 활물질이되, 상기 쉘 층은 탄소계 물질 및 실리콘을 포함하고, 상기 쉘 층은 상기 음극 활물질의 평균 입경(D50)을 기준으로 10 초과 내지 60% 미만의 두께를 가지는 것인 리튬 이차 전지용 음극 활물질, 이의 제조방법 및 이를 포함하는 리튬 이차 전지를 제공한다.",http://plus.kipris.or.kr/openapi/fileToss.jsp?arg=ed43a0609e94d6e22d01c5c32ba711cf6d700c835b1db5cdd8b92491a76c1fecfdd395793ac036da1c04017dca84e2c00cc36bebdebb87ad08ccac0127c3d0ce0648f4f44047e6ab,http://plus.kipris.or.kr/openapi/fileToss.jsp?arg=6c650beb4cee9ce4122b704b88878c93b7a941ad1cc2c219ef95436c2d9564f5ccaadb6105f1c2517b724404028dc9a2c67b3e0cbb11bf2e9b09ebd24de503afe0f508feebd85426,주식회사 한솔케미칼
한솔케미칼,64,등록,"양자점의 제조방법, 및 이에 의해 제조된 양자점",C09K 11/88|C09K 11/56,1022770410000,20210707,1020190114756,20190918,1020210033252,20210326,,20210714,"본 발명은 양자점의 제조방법, 및 이에 의해 제조된 양자점에 대한 것으로, 상기 양자점의 제조방법은 (S100) 제1 아연 전구체, 제1 카르복실산계 화합물 및 제1 유기 용매를 포함하는 제1 용액을 가열하는 단계; (S200) 제1 셀레늄 전구체를, 제2 유기 용매에 투입하여 제2 용액을 형성하는 단계; (S300) 상기 가열된 제1 용액에 상기 제2 용액을 투입하여 ZnSe 코어를 형성하는 단계; 및 (S400) 상기 ZnSe 코어 상에 적어도 1층의 쉘을 형성하는 단계;를 포함하고, 상기 제2 유기 용매는 상기 제1 유기 용매와의 극성도(polarity index) 차이가 0 내지 0.4 범위이다.",http://plus.kipris.or.kr/openapi/fileToss.jsp?arg=ed43a0609e94d6e22d01c5c32ba711cfa2cf7f533c7503d0d15c6b94ec73ac74648522e1143d0ad914f2e7c2ecfca43748ece6039057e11fc14273d2490307f8272131fb0b98cd25,http://plus.kipris.or.kr/openapi/fileToss.jsp?arg=6c650beb4cee9ce4122b704b88878c938ab90a61cb5906725e01ecc603a549d62e19aafba39315b6903b5d99c2961f65492c37cdcd9b2aa10f8e45bc459575e5a45fa095d3af0cec,주식회사 한솔케미칼
한솔케미칼,65,등록,양자점-고분자 복합체 입자 및 이의 제조방법,C09K 11/02,1022759020000,20210705,1020190114522,20190918,1020210033160,20210326,,20210712,"본 발명은 양자점; 및 상기 양자점의 표면을 감싸도록 형성된 (메타)아크릴계 고분자 코팅층을 포함하는 양자점-고분자 복합체 입자 및 그 제조방법, 상기 고분자 코팅층을 포함하여 높은 안정성과 우수한 발광효율을 확보할 수 있는 양자점의 응용처를 확대하는 기술에 관한 것이다.",http://plus.kipris.or.kr/openapi/fileToss.jsp?arg=ed43a0609e94d6e22d01c5c32ba711cf5c4dbfaa67a4b378d0e024e4b773a28967497e6d9bc0aa2fa0dea2cabdd43c271d49eeada9843b08d9ab100c306470d650e5cc6bf8d87884,http://plus.kipris.or.kr/openapi/fileToss.jsp?arg=6c650beb4cee9ce4122b704b88878c931660da04fe01ed8c4b7c396e35bd6b3733ece55ab433e0c7faec3c756644848a7a4446632ab664d2110017a497f960b85374d475e227df60,주식회사 한솔케미칼
한솔케미칼,66,등록,"공중합체 조성물을 포함하는 바인더, 상기 바인더를 포함하는 이차전지용 음극 및 상기 음극을 포함하는 이차전지",H01M 4/62|H01M 10/052|C08L 29/04|C08L 39/02|C08L 33/02|C08L 53/00|C08F 220/06|C08F 220/14|C08F 220/18|C08F 220/56|C08F 216/06|H01M 4/02,1024326370000,20220810,1020220031922,20220315,,,,20220817,"본 발명은 비닐 알코올(vinyl alcohol)의 단량체 단위 및 비닐 아민(vinyl amine) 계열의 단량체 단위를 포함하는 제1 공중합체 및 비닐 알코올의 단량체 단위 및 아크릴산(acrylic acid) 염 계열의 단량체 단위를 포함하는 제2 공중합체를 포함하는 공중합체 조성물과 공중합체 조성물을 포함하는 음극 슬러리, 음극 및 이차전지에 관한 것이다.",,,주식회사 한솔케미칼
한솔케미칼,67,등록,"양자점의 제조방법, 및 이에 의해 제조된 양자점",C09K 11/88|C09K 11/56,1022770440000,20210707,1020190114757,20190918,1020210033253,20210326,,20210714,"본 발명은 양자점의 제조방법, 및 이에 의해 제조된 양자점에 대한 것으로, 상기 양자점의 제조방법은 제1 아연 전구체, 제1 카르복실산계 화합물 및 제1 유기 용매를 포함하는 제1 용액을 가열하는 단계; 제1 셀레늄(Se) 전구체와 텔레늄(Te) 전구체의 제1 혼합물을, 제2 유기 용매에 투입하여 제2 용액을 형성하는 단계; 상기 가열된 제1 용액과 상기 제2 용액을 혼합하여 ZnSeTe 코어를 형성하는 단계; 및 상기 ZnSeTe 코어 상에 적어도 1층의 쉘을 형성하는 단계를 포함하고, 상기 제2 유기 용매는 상기 제1 유기 용매와의 극성도(polarity index) 차이가 0 내지 0.4 범위이다.",http://plus.kipris.or.kr/openapi/fileToss.jsp?arg=ed43a0609e94d6e22d01c5c32ba711cfa2cf7f533c7503d0d15c6b94ec73ac74648522e1143d0ad914f2e7c2ecfca43751f5ee2281616f5af51485c56c464209b273b9ff15cc0872,http://plus.kipris.or.kr/openapi/fileToss.jsp?arg=6c650beb4cee9ce4122b704b88878c938ab90a61cb5906725e01ecc603a549d62e19aafba39315b6903b5d99c2961f651ea243c531f4a5d6098d01a6b65e7accaf1c3d846225367a,주식회사 한솔케미칼
한솔케미칼,68,등록,"희토류 전구체, 이의 제조방법 및 이를 이용하여 박막을 형성하는 방법",C07F 5/00|C23C 16/40|C23C 16/455,1021387070000,20200722,1020180165384,20181219,1020200076357,20200629,,20200728,"본 발명은 기상 증착을 통하여 박막 증착할 수 있는 화합물에 관한 것으로서, 구체적으로는 원자층 증착법(Atomic Layer Deposition, ALD) 또는 화학 기상 증착법(Chemical Vapor Deposition, CVD)에 적용가능하고 열적 안정성 및 반응성이 우수한 희토류 화합물, 이를 포함하는 희토류 전구체, 이의 제조방법 및 이를 이용하여 박막을 형성하는 방법에 관한 것이다.",,,주식회사 한솔케미칼
한솔케미칼,69,등록,나노입자의 대량 정제 시스템 및 이를 이용한 나노입자의 대량 정제방법,B04B 5/10|B04B 1/00|B04B 15/00|B01D 3/00,1024203650000,20220708,1020200042375,20200407,1020210124826,20211015,,20220714,"본 발명은 대량 합성된 나노입자 합성원액으로부터 나노입자를 고수율 및 고순도로 정제하고, 사용된 용매를 회수하여 재사용할 수 있는 나노입자의 대량 정제 시스템 및 이를 이용한 나노입자의 대량 정제방법을 제공한다.",http://plus.kipris.or.kr/openapi/fileToss.jsp?arg=ed43a0609e94d6e22d01c5c32ba711cf9c498ddc3b8e20062264ac5f4ac1b3c7542192b1d4bac85b282d27ba65b2603b99fb57396dcf9bca41e8d223923719dcae77e1b01a6f4ea2,http://plus.kipris.or.kr/openapi/fileToss.jsp?arg=6c650beb4cee9ce4122b704b88878c936475fd7d37c91ff6cefc8ac724ae22d54806de9b7dd730ab43b77d28b6e9206dd59cf6d7fa200dd4a786c2f105330ee02d04c57250b358fa,주식회사 한솔케미칼
한솔케미칼,70,등록,신규한 계면활성제를 이용한 친환경 에멀젼 고분자 응집제의 제조 방법,C08F 2/28|C08F 2/30|C08F 20/56,1015462140000,20150813,1020150065813,20150512,,,,20150820,"W/O형 에멀젼 고분자 응집제의 제조시, HLB 7.5를 갖는 신규한 계면활성제를 사용함으로써, 높은 W/O 비율을 통해 유기계 오일 함량을 감소시킬 수 있는 신규한 계면활성제를 이용한 친환경 에멀젼 고분자 응집제의 제조 방법에 대하여 개시한다. 본 발명에 따른 신규한 계면활성제를 이용한 친환경 에멀젼 고분자 응집제의 제조 방법은 (a) 비이온성 수용성 단량체와 양이온성 수용성 단량체를 물에 용해한 후, 킬레이트제를 첨가하여 수성상의 제1 용액을 형성하는 단계; (b) 유기계 오일에 HLB 7.5의 계면활성제를 첨가하여 유성상의 제2 용액을 형성하는 단계; (c) 상기 수성상의 제1 용액에 유성상의 제2 용액을 분산시켜 유화시키는 단계; 및 (d) 상기 (c) 단계의 결과물을 가열 및 교반시킨 후, 개시제를 투입하여 중합시켜 고분자 응집제를 형성하는 단계;를 포함하는 것을 특징으로 한다.",http://plus.kipris.or.kr/openapi/fileToss.jsp?arg=ed43a0609e94d6e22d01c5c32ba711cfa6543d2bb6598b6a3b477ce7df0b9096c848e0f21bbf43fe6866fd8b51c8bb171c7b5a5f245faf5b7bbd0f13c3f5d6c4cc1d95c4737734eb,http://plus.kipris.or.kr/openapi/fileToss.jsp?arg=2ba38663aa11ff0f6ca91af6061a2e0010f2b5b87a0f316e652e8c50df35c150916ee8321d9e654b574482fe412b9c8f7e25b1cf6e1c4e7908b85f2deb1dadec505412d123b50d90,주식회사 한솔케미칼
한솔케미칼,71,등록,이중 경화형 접착제 조성물,C09J 4/00|C09J 133/04|C08K 5/37|C09J 11/00,1022781540000,20210712,1020190158833,20191203,1020210069269,20210611,,20210716,"본 발명은 적어도 1종의 광경화성 화합물; 광 개시제; 열 개시제; 및 티올기 함유 화합물;을 포함하는 이중 경화형 접착제 조성물에 관한 것으로서, 보다 상세하게는 광 개시제, 열 개시제, 및 티올기 함유 화합물을 소정의 비율로 포함함으로써, 자외선 경화과정에서 발생되는 발열로 열 경화가 동시에 진행되면서 자외선이 투과될 수 없는 차광부까지 충분히 경화 가능한 접착제 조성물을 제공한다.",http://plus.kipris.or.kr/openapi/fileToss.jsp?arg=ed43a0609e94d6e22d01c5c32ba711cfed1cc70a41359672ef4f651ffb1f01152d92850f3f46c7eabc9ee88f9fc928bb0948d2f158eafa88bc5f8cb91de969cad6868ee6a3dc62f6,http://plus.kipris.or.kr/openapi/fileToss.jsp?arg=6c650beb4cee9ce4122b704b88878c93cc4e82cf361c9d11cd5cd4eb93f97115ac6757e364dd5f265735181627db9faa47223e351ac425affd9cc0201c9c2adf42ffafb8eb579544,주식회사 한솔케미칼
한솔케미칼,72,등록,"4족 금속 원소-함유 화합물, 이를 포함하는 전구체 조성물, 및 이를 이용한 박막의 제조 방법",C07F 7/00|C23C 16/40|C23C 16/18|C23C 16/455,1024282760000,20220728,1020200114508,20200908,1020220033590,20220317,,20220804,"본 발명은 열적 안정성이 우수한 신규 4족 금속 원소-함유 화합물, 상기 화합물을 포함하는 전구체 조성물, 및 상기 전구체 조성물을 이용한 박막의 제조 방법에 관한 것이다.",http://plus.kipris.or.kr/openapi/fileToss.jsp?arg=ed43a0609e94d6e22d01c5c32ba711cfa2c01f720026fd0a803280a0a4bf7eeb156d603f9fd55e47797b5bbd4573f1edcce7f652418cdc66cdf3f38c869dcd6bca17be14b647b864,http://plus.kipris.or.kr/openapi/fileToss.jsp?arg=6c650beb4cee9ce4122b704b88878c93f2936c0c9d7c228963516ff5f316307fdbbd28008c4e683e88bb1823be2f70bb8a1796e2fb3a2327e0f70fec1f628a0ca28d0ba2b04a18e6,주식회사 한솔케미칼
한솔케미칼,73,등록,"공중합체를 포함하는 바인더, 그를 포함하는 이차전지용 음극, 상기 음극을 포함하는 이차전지, 및 상기 공중합체의 중합방법",C08F 220/06|C08F 220/18|C08F 216/06|C08F 8/32|H01M 4/62|H01M 10/052|H01M 4/02,1027485570000,20241226,1020220020297,20220216,1020230123301,20230823,,20250102,"본 발명은 비닐 알코올의 단량체 단위, 아크릴레이트 계열의 단량체 단위 및 아크릴산 계열의 단량체 단위를 포함하고, 적어도 하나의 상기 아크릴산 계열의 단량체가 질소를 포함하는 유기 화합물과 복합화된 공중합체 및 그 제조방법과 공중합체를 포함하는 음극 슬러리, 음극 및 이차전지에 관한 것이다.",http://plus.kipris.or.kr/openapi/fileToss.jsp?arg=ed43a0609e94d6e22d01c5c32ba711cf8ae6e4468c790674789cfd92fe682c90033797530ff756488b3e3ff1f716afd468000a1b668f710f20f80fe59ee5735cea4b16619b8e5f60,http://plus.kipris.or.kr/openapi/fileToss.jsp?arg=6c650beb4cee9ce4122b704b88878c93211331cc19a5715d1deb07731fd53f8b7e33405421b1d895221d7456119bd9e9c323ac45ad0746df48327223c9ead2dd6331c9b9e44612a8,주식회사 한솔케미칼
한솔케미칼,74,등록,나노셀룰로오스 기반 이차전지 전극용 수계 바인더 및 슬러리,H01M 4/62|H01M 4/139,1027250190000,20241029,1020220003527,20220110,1020230108124,20230718,,20241101,"본 발명은, 고무질 중합체를 포함하는 코어; 및 상기 코어의 표면에 아크릴계 또는 비아크릴계 단량체가 화학 반응을 통해 결합하여 형성되는 쉘;을 포함하는 코어-쉘 구조의 라텍스 입자; 및 상기 라텍스 입자 표면의 작용기와 상호작용하는 나노셀룰로오스;를 포함하는, 나노셀룰로오스 기반 이차전지 전극용 수계 바인더 및 이를 포함하는 이차전지 전극용 슬러리를 제공한다.",http://plus.kipris.or.kr/openapi/fileToss.jsp?arg=ed43a0609e94d6e22d01c5c32ba711cf5172d1aa06b17a204df33f9e61042af6d24d05502df2ea98c7b4e321fcc5fe9e5db634023244b8e3c8dffce18275cb82023499664883d480,http://plus.kipris.or.kr/openapi/fileToss.jsp?arg=6c650beb4cee9ce4122b704b88878c93fe41ef1acadada6514049844eefb1dfa950ffd11dc7ac4ed70227dcee5508ed5049ece228f6b453a42434ae0ba0ba2d80a3846d93f589fac,주식회사 한솔케미칼
한솔케미칼,75,등록,"공중합체 조성물을 포함하는 바인더, 상기 바인더를 포함하는 이차전지용 음극 및 상기 음극을 포함하는 이차전지",H01M 4/62|C08L 39/02|C08L 29/04|C08L 31/04|C08L 33/02|C08L 33/04|C08L 33/26|H01M 4/139|H01M 4/02,1025584490000,20230718,1020220132245,20221014,,,,20230724,"본 발명은 비닐 알코올(vinyl alcohol)의 단량체 단위 및 비닐 아민(vinyl amine) 계열의 단량체 단위를 포함하는 제1 공중합체, 비닐 알코올의 단량체 단위 및 아크릴산(acrylic acid) 염 계열의 단량체 단위를 포함하는 제2 공중합체 및 가교제를 포함하는 공중합체 조성물과 공중합체 조성물을 포함하는 음극 슬러리, 음극 및 이차전지에 관한 것이다.",http://plus.kipris.or.kr/openapi/fileToss.jsp?arg=ed43a0609e94d6e22d01c5c32ba711cf8abe72dadd45f065bd65ee6e7d0af3eb8c9e0c5c93cd918e41594be77e416d6e2295a6ed905d2fbcd7360cbe30790233c10f59e320361dbc,http://plus.kipris.or.kr/openapi/fileToss.jsp?arg=6c650beb4cee9ce4122b704b88878c9373db39d46ed5abc43948a0829707c541609961726ce372b1e66135decd9585f168a63c37b93ede8689885c7e9400e62d85d02cdb4de1405b,주식회사 한솔케미칼
한솔케미칼,76,등록,"이차전지용 바인더, 이를 포함하는 슬러리, 전극 및 이차전지",H01M 4/62|H01M 4/04|H01M 4/133,1028029840000,20250428,1020220037533,20220325,1020230139908,20231006,,20250502,"본 발명은, 수용성 고분자 및 전도성 고분자를 포함하고, 수용성 고분자는 제1 공중합체를 포함하고, 전도성 고분자는 제2 공중합체 및 전도성 단량체의 중합체를 포함하고, 제2 공중합체는 50% 이상의 가수분해도를 갖고, FT-IR 스펙트럼에서 3250cm -1 내지 3350cm -1 에서 나타나는 흡광도 피크가 22% 이상인, 이차전지용 바인더, 이를 포함하는 슬러리, 전극 및 이차전지를 제공한다.",http://plus.kipris.or.kr/openapi/fileToss.jsp?arg=ed43a0609e94d6e22d01c5c32ba711cf6563f000c9eb3b4aa14fb40777046b971ebafd689a95a86ad3565e5414f65ba0116380d51188c7660a804063884fede482ad8571d7c4b195,http://plus.kipris.or.kr/openapi/fileToss.jsp?arg=6c650beb4cee9ce4122b704b88878c93877f79c6d89a60cb8f440e2afd0d8595072b5dac7e7739e2137e6185b99e5de3cad13ffc45c02579e6bf0023cb974e8e9f3b19d4d773c707,주식회사 한솔케미칼|에스케이온 주식회사
한솔케미칼,77,등록,"공중합체를 포함하는 바인더, 상기 바인더를 포함하는 이차전지용 음극 및 상기 음극을 포함하는 이차전지",C08F 220/56|C08F 220/06|C08F 212/14|C08F 8/36|H01M 4/62|H01M 4/133|H01M 10/0525|H01M 4/02,1026618180000,20240424,1020220147993,20221108,,,,20240430,"본 발명은 아크릴산 계열의 단량체 단위, 아크릴아마이드 계열의 단량체 단위 및 술폰산기를 포함하는 단량체 단위를 포함하는 공중합체 및 이를 포함하는 공중합체 조성물, 음극 슬러리, 음극 및 이차전지에 관한 것이다.",http://plus.kipris.or.kr/openapi/fileToss.jsp?arg=ed43a0609e94d6e22d01c5c32ba711cfd77b540d52d3ff716f400b61a1ce4d736bda88c997b098c711a2005b60f169d294805aa3bf78597bd6d3d224bdc4bc498bd4ce8a017b5e25,http://plus.kipris.or.kr/openapi/fileToss.jsp?arg=6c650beb4cee9ce4122b704b88878c93e579713553f198184e668f3b5488247ba8d7438969e5f6915ac1a131dc4a9a37da8432686486326c0d5486d4461b2c5742778cb74d4b01dc,주식회사 한솔케미칼
한솔케미칼,78,등록,"PAA-PVA 공중합체의 제조 방법, 이를 포함하는 바인더 및 이를 포함하는 리튬 이차 전지",C08F 220/18|C08F 218/08|H01M 4/62|H01M 10/052,1028152680000,20250527,1020220137743,20221024,1020240057239,20240502,,20250530,"PAA-PVA 공중합체의 제조 방법, 이를 포함하는 바인더 및 이를 포함하는 리튬 이차 전지에 대한 것으로, 비닐기를 포함하는 제1 모노머 및 아크릴레이트계 제2 모노머를 반응기에 투입하는 단계; 및 상기 반응기에 투입된 각각의 모노머의 반응에 의해 공중합체를 수득하는 단계;를 포함하되, 상기 비닐기를 포함하는 제1 모노머 및 아크릴레이트계 제2 모노머를 반응기에 투입하는 단계;는 다단계의 투입 단계로 이루어지고, 상기 다단계의 투입 단계 중 초기 투입 단계에서 투입되는 제1 모노머의 함량은 일정 수준 이상이며, 이로 인해 호변이성질화 (enol-keto tautomerism) 현상이 감소한 것인 PAA-PVA 공중합체의 제조 방법을 제공한다.",http://plus.kipris.or.kr/openapi/fileToss.jsp?arg=ed43a0609e94d6e22d01c5c32ba711cf6a29009236fe986fc8204219138a60c5bf1ebb748e8bdea9b1076071567a33b3c25106712271c0782695ee0cfae4f148a8b2360ee5c71658,http://plus.kipris.or.kr/openapi/fileToss.jsp?arg=6c650beb4cee9ce4122b704b88878c93a91394be48642158bec2f5c128c37afe7252d2dc0a5509c7f6b34832ee096435980904e87fd526c4ad766f38cc5feb3e460b585ea2652375,주식회사 한솔케미칼
한솔케미칼,79,등록,"양자점 광학 시트, 이를 포함하는 백라이트 유닛 및 디스플레이 장치",G02F 1/13357|C09K 11/02|G02F 1/00|C09D 7/61,1028183850000,20250604,1020240166077,20241120,,,,20250611,"본 발명은 양자점 광학 시트, 이를 포함하는 백라이트 유닛 및 디스플레이 장치에 관한 것으로, 본 발명의 양자점 광학 시트는 종래 높은 단가의 배리어 필름을 적용하지 않고도 열적 안정성 및 배리어 특성이 모두 우수하여 백라이트 유닛 및 디스플레이 장치의 제조에 효과적으로 적용될 수 있으며, 이에 따라 제조 단가를 낮추면서도 고품질의 디스플레이 장치를 제공할 수 있다.",http://plus.kipris.or.kr/openapi/fileToss.jsp?arg=ed43a0609e94d6e22d01c5c32ba711cfca919f71edc257ef5c108fd7badf447ed2376f0aabe38fdb5af8f5133591b576d2c91260fbdbe75fe5b50855d7b253e6a6a8585aae84cdf8,http://plus.kipris.or.kr/openapi/fileToss.jsp?arg=6c650beb4cee9ce4122b704b88878c9397b4c2030ae3ce3d762cd23975ddab6b24436eb634565b33a4142589506c4fad32f60afaf08e1c8e0d0232a03a60eee0466873199f6c7e69,주식회사 한솔케미칼
한솔케미칼,80,공개,폴리우레아를 이용한 영역 선택적 성막 방법,C23C 16/04|C23C 16/455|C23C 16/06|C23C 16/22,,,1020230162022,20231121,1020250075000,20250528,,,"본 발명은 영역 선택적 성막 방법에 관한 것으로, 영역 선택적 성막 방법은, 서로 다른 재료로 이루어진 적어도 두 영역을 갖는 기판을 준비하고, 상기 기판 상에 폴리우레아 막을 형성하고, 상기 폴리우레아 막을 어닐링하여 상기 적어도 두 영역 중 적어도 하나의 영역 상의 폴리우레아 막을 선택적으로 제거하고, 상기 폴리우레아 막이 제거된 영역 또는 상기 폴리우레아 막이 제거되지 않은 나머지 영역 중 어느 한 영역에 타겟막을 형성하는 단계를 포함한다.",http://plus.kipris.or.kr/openapi/fileToss.jsp?arg=ed43a0609e94d6e22d01c5c32ba711cfc17d465d221df212c0fc5c1d392d0b3b9c4b2487bab7d5cdaa6ddfab059c5655a9c0700092f78fda07eccd6d3b81a096479e8278faa053d9,http://plus.kipris.or.kr/openapi/fileToss.jsp?arg=6c650beb4cee9ce4122b704b88878c9385f595290fd0a5ae9795b1d907314b6261124e330c35d8bcfac1131515442d4cce1754cc704b1ab39538f091a0385cfd8fe49e8407f9bbf1,삼성전자주식회사|주식회사 한솔케미칼
한솔케미칼,81,등록,탄소나노튜브 분산액과 이를 이용하여 제조한 이차전지용 양극 및 상기 양극을 포함하는 이차전지,C01B 32/174|H01M 4/62|H01M 4/139|C08K 3/04|C08F 220/30|C08F 220/18|C08L 33/06|C08L 33/14|C08L 55/00|H01M 4/02,1028146740000,20250526,1020220141368,20221028,1020240060109,20240508,,20250530,"본 발명은 공중합체, 용매 및 탄소 재료를 포함하고, 미반응 단량체의 함량이 상기 공중합체 1 g 당 10,000 ppm 이하인 분산액, 분산액의 제조방법, 슬러리 조성물, 양극 및 이차전지에 관한 것이다.",,,주식회사 한솔케미칼
한솔케미칼,82,등록,"감광성 수지 조성물, 이의 경화물, 패턴의 형성 방법 및 감광성 수지 조성물의 제조 방법",G03F 7/075|G03F 7/004|G03F 7/105|G03F 7/031|G03F 7/20,1028133610000,20250522,1020230160210,20231120,1020250073818,20250527,,20250528,"본 발명은 감광성 수지 조성물, 이의 경화물, 패턴의 형성 방법 및 감광성 수지 조성물의 제조 방법에 관한 것으로, 구체적으로 폴리실세스퀴옥산 바인더를 포함하고 현상성 및 패턴특성이 우수한 감광성 수지 조성물, 이의 경화물, 패턴의 형성 방법 및 감광성 수지 조성물의 제조 방법에 관한 것이다.",,,주식회사 한솔케미칼
한솔케미칼,83,거절,"음극 활물질, 그의 제조방법 및 이를 포함하는 리튬 이차전지",H01M 4/36|H01M 4/48|H01M 4/38|H01M 4/58|H01M 4/62|H01M 4/587|H01M 10/052|H01M 4/02,,,1020210113694,20210827,1020230031454,20230307,,,"본 발명은 금속 함유 입자를 포함하는 음극 활물질로서, 상기 음극 활물질의 중심점과 상기 금속 함유 입자의 중심점을 연결하는 직선과 상기 금속 함유 입자의 장축이 이루는 각도 중 적어도 하나가 60°이상, 90°이하인 상기 금속 함유 입자를 포함하는 음극 활물질, 그의 제조방법 및 이를 포함하는 리튬이차전지에 관한 것이다.",http://plus.kipris.or.kr/openapi/fileToss.jsp?arg=ed43a0609e94d6e22d01c5c32ba711cf211854d0905fd459350070154c6458f2b3246e4cb8c898632d62236676ba77c9a98c7dc8ea21452d6c5bd12b1e8fa68443723d5571fd730a,http://plus.kipris.or.kr/openapi/fileToss.jsp?arg=6c650beb4cee9ce4122b704b88878c93e9db62b534c4c46bb553dcc2c8e6120377409484b6b460f4ce5bedccefb50d4820ccf54a52013da7ce2a4c5ead29ecdc7e238eab1b56f087,주식회사 한솔케미칼
한솔케미칼,84,등록,전극 보호를 위한 광경화형 수지 조성물 및 그 제조방법,C08F 290/06|C08F 2/50|C08F 2/44,1027939800000,20250407,1020220113661,20220907,1020240034525,20240314,,20250415,"본 발명은 전극 보호를 위한 광경화형 수지 조성물 및 그 제조방법에 관한 것으로, 구체적으로 디스플레이 패널 등의 ITO/Ag 전극과 연성회로기판이 연결된 전극 부위를 외부 요소로부터 보호하기 위한 광경화형 수지 조성물 및 그 제조방법에 관한 것이다.",,,주식회사 한솔케미칼
한솔케미칼,85,등록,탄소 섬유 분산액 및 탄소 종이의 제조방법,D21H 13/50|D21H 21/08|D21H 21/18|D21H 17/37|D21H 25/04,1027769780000,20250228,1020220081800,20220704,1020240003926,20240111,,20250311,"본 발명은 용매에 탄소 섬유와 웨팅제(wetting agent)를 투입하고 교반하여 친수화된 탄소 섬유를 포함하는 용액을 제조하는 제1 단계; 및 공중합체 용액을 상기 친수화된 탄소 섬유를 포함하는 용액에 투입하여 상기 친수화된 탄소 섬유를 분산시키는 제2단계;를 포함하고, 상기 공중합체는 아크릴산 계열의 단량체 단위; 및 아크릴아마이드 계열의 단량체 단위;를 포함하는 탄소 섬유 분산액 및 탄소 종이의 제조방법과 이에 의해서 제조된 탄소 섬유 분산액 및 탄소 종이에 관한 것이다.",http://plus.kipris.or.kr/openapi/fileToss.jsp?arg=ed43a0609e94d6e22d01c5c32ba711cfe0b42425a525fefb567ea26925b836ee223e4de49b74d927b4066168ef0750309abc5d637cba5eb91c34a95b365f28b499026a96f85399d6,http://plus.kipris.or.kr/openapi/fileToss.jsp?arg=6c650beb4cee9ce4122b704b88878c93992fcf23a48277868fcaf0a54d537b7a611e8db38097d38fb48babc4cfe9e7871753cb59f971e42db654ad1713a33b00cbd3c4d3c45b9962,주식회사 한솔케미칼
한솔케미칼,86,등록,"공중합체를 포함하는 바인더, 상기 바인더를 포함하는 이차전지용 음극 및 상기 음극을 포함하는 이차전지",C08F 220/18|C08F 218/08|C08F 8/12|H01M 4/13|H01M 4/139|H01M 10/052|H01M 4/02,1027663210000,20250206,1020230191508,20231226,,,,20250214,"본 발명은 전체 공중합체 중량 100 몰%를 기준으로, 65몰% 이상, 99몰% 이하의 아크릴산 계열의 단량체 단위, 또는 아크릴레이트 계열의 단량체 단위와 아크릴산 계열의 단량체 단위의 조합; 및 1 몰% 이상, 35 몰% 이하의 비닐 알코올 계열의 단량체 단위, 또는 비닐 아세테이트 계열의 단량체 단위와 비닐 알코올 계열의 단량체 단위의 조합;을 포함하고, 수평균 분자량이 150,000 이상, 230,000 이하인 공중합체, 이를 포함하는 음극 슬러리, 음극 및 이차전지에 관한 것이다.",http://plus.kipris.or.kr/openapi/fileToss.jsp?arg=ed43a0609e94d6e22d01c5c32ba711cf57b01c10f191499492eab09ad5f15ea13b4f8f3d2001457eaaf619d87a9ffcfb0b6d036bc14794d2f9098d65c6bb3702a37635788309c224,http://plus.kipris.or.kr/openapi/fileToss.jsp?arg=6c650beb4cee9ce4122b704b88878c937126eb669ce5743b1abc558622e4b81d36d5c93262fc29340df5c897685df2a9cb91c064b96f201370d123923346a1fd359ee2f0bdf26694,주식회사 한솔케미칼
한솔케미칼,87,등록,유기 금속 화합물을 이용하여 박막을 형성하는 방법 및 이로부터 제조된 박막,C23C 16/40|C23C 16/455|H10N 97/00,1026614980000,20240423,1020210159545,20211118,1020230072875,20230525,,20240429,"본 발명은 유기 금속 화합물(특히, 희토류 금속을 포함하는 유기 금속 화합물)을 증착하여 우수한 특성의 박막을 제조하는 방법 및 제조된 박막에 관한 것이다.",http://plus.kipris.or.kr/openapi/fileToss.jsp?arg=ed43a0609e94d6e22d01c5c32ba711cfb2501e72f3c6823e7d4b9ae7a2745dbfff40ecee303725105a19c21f43a54e2a1c8d678a947e9af6a1146120ec796b7dca3a9465885e5826,http://plus.kipris.or.kr/openapi/fileToss.jsp?arg=6c650beb4cee9ce4122b704b88878c9359bc4eb7540c7e8068d8634482be15f20ad9d573acc465cebc1ede687d2ba6bfaf0d4f52bc3939bd16de0c7d98fafb8171da280752742a95,주식회사 한솔케미칼|연세대학교 산학협력단
한솔케미칼,88,등록,"전지의 무지부 코팅용 조성물, 이를 이용하여 전지의 무지부를 코팅하는 방법 및 전지의 무지부 코팅용 조성물을 포함하는 전극",H01M 4/62|H01M 4/13|H01M 4/139|H01M 10/42|H01M 50/586|C09D 5/00|C09D 7/61|C09D 7/45|C09D 7/47|C08L 29/04|C08L 33/02|C08K 3/22,1027390440000,20241202,1020230143509,20231025,,,,20241209,"본 발명은 전지의 무지부 코팅용 조성물, 상기 전지의 무지부 코팅용 조성물을 이용하여 전지의 무지부를 코팅하는 방법 및 상기 전지의 무지부 코팅용 조성물을 포함하는 전극에 관한 것으로, 보다 구체적으로는 내열성이 우수하고, 전해액 안정성이 우수하며, 무지부 코팅층과 무지부 사이의 접착력이 우수하여 안정적인 코팅층을 형성할 수 있는 전지의 무지부 코팅용 조성물, 전지의 무지부 코팅 방법, 및 무지부가 코팅된 전극에 관한 것이다.",,,주식회사 한솔케미칼
한솔케미칼,89,거절,긴 가사시간 및 우수한 열전도성을 갖는 우레탄계 방열 접착제 조성물,C09J 175/04|C09J 11/04,,,1020230038607,20230324,1020240143386,20241002,,,"본 발명은 가사시간이 길고, 완전 경화 시간이 짧은 우레탄 방열 접착제 조성물에 관한 것으로, 보다 상세하게는 소정의 조성을 갖는 주제부와 경화제부를 구성하고, 이들의 함량과 물성을 각각 조절하여 공정의 작업 안정성과 취급성이 개선되고, 열전도도 및 기계적 특성이 우수한 우레탄계 방열 접착제 조성물을 제공한다.",,,주식회사 한솔케미칼
한솔케미칼,90,등록,"내충격성, 내환경성 및 저장안정성이 우수한 이중 경화형 조성물",C09J 4/00|C09J 11/06|C09J 135/02|C08K 5/37|C08F 265/06|C08F 2/50|C08F 2/38|C08F 220/10|C08F 220/28,1027322770000,20241115,1020220166555,20221202,1020240082681,20240611,,20241120,"본 발명은 적어도 1종의 광경화성 화합물; 광 개시제; 열 개시제; 및 티올기 함유 화합물을 포함하는 이중 경화형 조성물에 관한 것으로서, 보다 상세하게는 소정 물성을 갖는 특정 구성 성분과 그 함량을 조절함으로써 내충격성, 내환경성, 및 저장안정성이 동시에 우수한 이중 경화형 조성물을 제공한다.",http://plus.kipris.or.kr/openapi/fileToss.jsp?arg=ed43a0609e94d6e22d01c5c32ba711cf21caa215be650f612e8d539500a6147ee01a4b2c133c3dbd3a8a5d9552e9a0ed1f0dd29452429b9c6f1b64de86d698623900d3fe9ef7ecce,http://plus.kipris.or.kr/openapi/fileToss.jsp?arg=6c650beb4cee9ce4122b704b88878c93878c971b8065682a060f10ae7e35b06992e671894938f8dc91fb82cdee3eaef30c581f71b478ca235d1654aa1fffc7735abb60494baf05ce,주식회사 한솔케미칼
한솔케미칼,91,등록,"공중합체 입자, 이를 포함하는 바인더 조성물, 슬러리, 전극, 및 상기 전극을 포함하는 이차전지",C08F 236/06|C08F 236/10|C08F 220/20|H01M 4/62|H01M 4/13|H01M 4/139|H01M 10/0525,1027282930000,20241105,1020230130254,20230927,,,,20241111,"본 발명은 공중합체 입자, 상기 공중합체 입자를 포함하는 바인더 조성물, 슬러리, 및 전극, 그리고 상기 전극을 포함하는 이차전지에 관한 것으로, 더욱 상세하게는 활물질과 금속 기재 및/또는 활물질간의 접착력이 우수하고, 유연성이 뛰어나서 두꺼운 전극의 생산이 가능하며, 전해액 내 안정성 및 슬러리 분산성이 우수하여 높은 초기 방전 용량을 지니고 충방전 사이클 특성이 뛰어난 이차전지를 생산할 수 있는 공중합체 입자, 상기 공중합체 입자를 포함하는 바인더 조성물, 슬러리, 및 전극, 그리고 상기 전극을 포함하는 이차전지에 관한 것이다.",http://plus.kipris.or.kr/openapi/fileToss.jsp?arg=ed43a0609e94d6e22d01c5c32ba711cf002077c29e94db138633f3ad7816d597bd4c03465c27fbb4dec729aeb5f3ef7a6ef593777ab4cecca216f44ae7620d24ee5272d95e3808ae,http://plus.kipris.or.kr/openapi/fileToss.jsp?arg=6c650beb4cee9ce4122b704b88878c93f23b655bf20cbb365cbd3d1af7f6fdf49e06944ebe8b7a37d85f12b372bbadb94f6e09a69447b19bc90cf36ea6e8d7721fcb8e08d25a2279,주식회사 한솔케미칼
한솔케미칼,92,거절,"비극성 용제에 분산 가능한 금속산화물 나노입자, 이를 포함하는 잉크젯 프린팅용 전자수송층 잉크 조성물, 그의 제조방법, 및 이를 포함하는 발광소자 및 디스플레이",C09D 11/322|C09D 11/36|C09D 7/62|H10K 50/16|H10K 71/13,,,1020230050939,20230418,1020240154376,20241025,,,"본 발명은 금속산화물 나노입자와 이를 포함하는 잉크젯 프린팅용 전자수송층 잉크 조성물, 그의 제조방법, 및 이를 포함하여 제조되는 발광소자 및 디스플레이에 관한 것으로, 구체적으로 비극성 용제에 분산 가능하여 극성 용제 타입의 발광층이 식각되는 것을 방지할 수 있는 금속산화물 나노입자, 이를 포함하는 잉크젯 프린팅용 전자수송층 잉크 조성물, 그의 제조방법, 및 이를 포함하는 발광소자 및 디스플레이에 관한 것이다.",http://plus.kipris.or.kr/openapi/fileToss.jsp?arg=ed43a0609e94d6e22d01c5c32ba711cf361ad9284007f352a0bc13b8638f073bc02ea78ad211e88ff6ca246df0ac5a1664f0b86149ea1e1448eaaa12a21b0934f09f6d94490f8798,http://plus.kipris.or.kr/openapi/fileToss.jsp?arg=6c650beb4cee9ce4122b704b88878c9338c015289c613e266521992a8b90f0400a34cf5d610e6e45463140dbbeb2a2150f5bce48dc905769124bf5d25e55da83137f6d7d3f8230f1,삼성전자주식회사|주식회사 한솔케미칼
한솔케미칼,93,등록,"음극 활물질, 그의 제조방법 및 이를 포함하는 리튬 이차전지",H01M 4/36|H01M 4/48|H01M 4/485|H01M 4/62|H01M 4/587|H01M 10/052|H01M 4/02,1027020020000,20240829,1020210079783,20210621,1020220169559,20221228,,20240904,"본 발명은 리튬 함유 산화물 입자로 표면의 전체 또는 일부가 코팅된 실리콘 함유 입자를 포함하는 코어; 및 상기 코어를 둘러싸는 쉘을 포함하는 음극 활물질, 그의 제조방법 및 이를 포함하는 리튬이차전지에 관한 것이다.",http://plus.kipris.or.kr/openapi/fileToss.jsp?arg=ed43a0609e94d6e22d01c5c32ba711cfa2ac87768a49edaaf5f7cc581f2168fcf23294f66ff8cfc86316d777327ae2ab357f0d3777d3df3b8730a59aa8ceed03c4dd4ee828d8e05e,http://plus.kipris.or.kr/openapi/fileToss.jsp?arg=6c650beb4cee9ce4122b704b88878c9302b6ccca3435e9c3aa5680213f133dc04d604a407c2aeaf72c150cec086486ec9595b8553c62831563d57a4fd522f3ef2163cde19d420e3e,주식회사 한솔케미칼
한솔케미칼,94,등록,초연질 습기경화형 내수코팅제 조성물 및 이를 포함하는 초연질 습기경화형 내수코팅제,C09D 5/16|C09D 183/04|C09D 7/40|C08K 3/011|C08L 83/06,1026958390000,20240812,1020210102309,20210804,1020230020660,20230213,,20240816,본 발명은 수지의 초연질 특성에 의해 인쇄회로기판 어셈블리에 도포 후에도 커넥터 체결이 가능하도록 배합된 습기경화형 컨포멀코팅 내수코팅제 조성물에 관한 것이다.,http://plus.kipris.or.kr/openapi/fileToss.jsp?arg=ed43a0609e94d6e22d01c5c32ba711cfca7343dcf130f83b1ec0e6c1a83fa7b74075a1654fd094f297dcec9ceee9acc5cce0ba54116e43b9880057ce224d3c1db8a861da2b5f19de,http://plus.kipris.or.kr/openapi/fileToss.jsp?arg=6c650beb4cee9ce4122b704b88878c93befecd7c9cf6d8fe91767f05a46d8620e233959e7a46cce6756061bbddcac1ef456b396c686e25383bf031a4311c5382b74b66f7fb46ab08,주식회사 한솔케미칼
한솔케미칼,95,등록,"음극 활물질, 그의 제조방법 및 이를 포함하는 리튬 이차전지",H01M 4/36|H01M 4/38|H01M 4/48|H01M 4/58|H01M 4/583|H01M 4/62|H01M 4/587|H01M 10/052|C01B 33/06,1026942210000,20240807,1020210082918,20210625,1020230000609,20230103,,20240813,"본 발명은 코어 및 코어를 둘러싸는 쉘을 포함하고, 알칼리 금속 함유물로 표면의 전체 또는 일부가 코팅된 금속 입자를 포함하는 음극 활물질, 그의 제조방법 및 이를 포함하는 리튬이차전지에 관한 것이다.",http://plus.kipris.or.kr/openapi/fileToss.jsp?arg=ed43a0609e94d6e22d01c5c32ba711cfead3bd35abcd07edda55deeb5980ce02a2b71de7abe369fc8ddecc5e8a9019fe8eb59d1e9190a6edb4fa44bc4019bcbcbb6be89d55a395b3,http://plus.kipris.or.kr/openapi/fileToss.jsp?arg=6c650beb4cee9ce4122b704b88878c939c7a81f4c7db7c2625572645ef759cd2e5e5d1dad11284aa3c708da936d5e6d8c5aaa2ce95931bb11caa7c81ec10f64afac9b8e86f065316,주식회사 한솔케미칼
한솔케미칼,96,등록,비납계 페로브스카이트 코어-쉘 입자 및 그 제조방법,C09K 11/67|C09K 11/58|C09K 11/61|C09K 11/54|B82Y 40/00,1026953600000,20240809,1020220113510,20220907,1020240034472,20240314,,20240816,"본 발명은 페로브스카이트 코어-쉘 입자 및 그 제조방법에 관한 것으로, 구체적으로 납을 포함하지 않아 친환경적이며, 페로브스카이트 결정구조와 이에 쉘을 더하여 발광특성이 우수하고 제조가 간편하며, 안정성이 우수해진 비납계 페로브스카이트 코어-쉘 입자 및 그 제조방법에 관한 것이다.",http://plus.kipris.or.kr/openapi/fileToss.jsp?arg=ed43a0609e94d6e22d01c5c32ba711cfca7343dcf130f83b8537244645a6ce5a12d1879549df38c7abe893b484a488b02fa8359eaa1fd43000e65975ff038ad6176c8499db84a167,http://plus.kipris.or.kr/openapi/fileToss.jsp?arg=6c650beb4cee9ce4122b704b88878c93befecd7c9cf6d8fe4088e8a74bdc0890b9c9ccd32eedd7792566f05a059c95d864a5f365895c835d23efc02547d581cf9b450ae1d30fc0ec,주식회사 한솔케미칼
한솔케미칼,97,등록,고휘도 실리콘수지 조성물 및 그 경화물,C08L 83/04|C08K 9/06|C08K 3/36|C08G 77/12|C08G 77/20|C08K 5/5419|C08K 3/22,1026919360000,20240731,1020220010720,20220125,1020230114490,20230801,,20240806,"본 발명은 실리콘수지 조성물 및 그 경화물에 관한 것이다. 더욱 상세하게는, 광 투과율이 높아 광학기능이 우수하고 고휘도의 광특성을 가지는 고휘도 실리콘수지 조성물 및 그 경화물에 관한 것이다.",http://plus.kipris.or.kr/openapi/fileToss.jsp?arg=ed43a0609e94d6e22d01c5c32ba711cf4893544a714626615f20aeb38ae90995102ec43883f682bedfcec36f8a17f563611adc3d2cf5d2f0b3bbcb69e49077bd08afdf2b22871ebf,http://plus.kipris.or.kr/openapi/fileToss.jsp?arg=6c650beb4cee9ce4122b704b88878c93c84b81bbf751471c758ba5385df88f25a2fd82a31621993b13b2aaa3e8675ecaa3ecf0425f17d7edc3faf47bee05321863a893c9b1538284,주식회사 한솔케미칼
한솔케미칼,98,등록,"친수성 양자점, 이를 포함하는 친수성 용제형 양자점 잉크 조성물 및, 이를 포함하는 발광소자 및 디스플레이",C09K 11/02|C09D 11/38|H10K 50/115,1026837600000,20240705,1020230062699,20230515,,,,20240710,"본 발명은 친수성 양자점과 이를 포함하는 친수성 용제형 양자점 잉크 조성물, 그리고 이를 포함하여 제조되는 발광소자 및 디스플레이에 관한 것으로, 구체적으로는 점도가 높은 극성 용매에 분산이 가능하여 점도 조절이 용이한, 친수성 양자점, 이를 포함하는 친수성 용제형 양자점 잉크 조성물 및, 이를 포함하는 발광소자 및 디스플레이에 관한 것이다.",http://plus.kipris.or.kr/openapi/fileToss.jsp?arg=ed43a0609e94d6e22d01c5c32ba711cf7bd11b745f5bb5a6fc06de10c841e42d8e2b9c7a69436aeadfebb98ce434d4e759cd6e65b2c528c5e99e2b54fed99b918f72bb54b8b6ca73,http://plus.kipris.or.kr/openapi/fileToss.jsp?arg=6c650beb4cee9ce4122b704b88878c938a1d9d6b083f0a92073c6507731d8ee85d2c2dd8beaab9b1bb96cecf9280a0cb5c36fe76097a87bea04d547e00b69785dd01b37709c59eab,삼성전자주식회사|주식회사 한솔케미칼
한솔케미칼,99,등록,"5족 금속 화합물, 이를 포함하는 증착용 전구체 조성물 및 이를 이용하여 박막을 형성하는 방법",C07F 9/00|C07F 17/00|C23C 16/18|C23C 16/40|C23C 16/455,1026826820000,20240703,1020210131555,20211005,1020230048755,20230412,,20240709,"본 발명은 기상 증착을 통하여 박막 증착할 수 있는 화합물에 관한 것으로서, 구체적으로는 원자층 증착법(Atomic Layer Deposition, ALD) 또는 화학 기상 증착법(Chemical Vapor Deposition, CVD)에 적용가능하고 열적 안정성 이 우수한 5족 금속 화합물, 이를 포함하는 전구체 및 이를 이용하여 박막을 형성하는 방법에 관한 것이다.",http://plus.kipris.or.kr/openapi/fileToss.jsp?arg=ed43a0609e94d6e22d01c5c32ba711cf66b532a156c4392b7f91020417c5124626abc48f772eea220eaad717858b3f0b49479508cdf9c991db32f2fdc7cfa2b11e3b1cd32a05fef7,http://plus.kipris.or.kr/openapi/fileToss.jsp?arg=6c650beb4cee9ce4122b704b88878c938826990045ec5c6d9adf90d2e82fe50f329631994d60b981a2e7792c25b067201b1cf696293b9b2d7c78468a0a44b9122b125d0b59d494ff,주식회사 한솔케미칼
한솔케미칼,100,등록,"음극 활물질 조성물, 그의 제조방법 및 이를 포함하는 리튬 이차전지",H01M 4/36|H01M 4/48|H01M 4/38|H01M 4/58|H01M 4/62|H01M 4/587|H01M 10/052|H01M 4/02,1026764860000,20240614,1020210101142,20210802,1020230019530,20230209,,20240620,"금속 함유 입자를 포함하는 코어 및 상기 코어를 둘러싸는 쉘을 포함하는 제1 음극 활물질; 및 중공 코어 및 상기 중공 코어를 둘러싸는 쉘을 포함하는 제2 음극 활물질;을 포함하고, 상기 금속 함유 입자는 Mg, Al, Si, Ca, Fe, Mg, Mn, Co, Ni, Zn 및 Ge로 이루어진 그룹에서 선택된 어느 하나 이상을 포함하는 음극 활물질 조성물, 그의 제조방법 및 이를 포함하는 리튬이차전지에 관한 것이다.",http://plus.kipris.or.kr/openapi/fileToss.jsp?arg=ed43a0609e94d6e22d01c5c32ba711cf28dccbef02564c5199aad62d8eb1782938a427385dca0e5f3a29c789506140749afafb890829f915194fb2a3650ddbf67840c09dec50a5e2,http://plus.kipris.or.kr/openapi/fileToss.jsp?arg=6c650beb4cee9ce4122b704b88878c936925b075a6e23cc98da1aacce1d5de79daa9a620960e0e367baeeff8ec64fcfd9ee21f117d31d29d93640f27aff5d9f58f254c22c59f035b,주식회사 한솔케미칼
한솔케미칼,1,등록,황화 리튬의 제조방법,C01B 17/22|H01M 10/0562,1026665220000,20240510,1020220149912,20221110,,,,20240516,"본 발명은 황화 리튬의 제조방법에 관한 것이다. 본 발명의 황화 리튬의 제조방법은 리튬을 포함하는 리튬염으로부터 가스상의 황화수소를 이용한 기상법으로 수행된 황화 리튬의 제조방법에 있어서, 상기 가스상의 황화수소를 상압보다 낮은 저기압 상태에서 주입하여 반응온도 및 수분증발의 온도를 현저하게 낮춰 수행하여 상기 황화 리튬의 입경이 상기 리튬염의 입경 대비 동일 또는 더욱 미립화되어 비표면적이 개선된 황화 리튬을 제공함으로써, 황화물계 고체전해질 제조시 별도로 분쇄하는 후공정을 생략할 수 있고, 상기 가스상의 황화수소를 상압보다 낮은 저기압 상태에서 주입하여 반응온도를 현저하게 낮춰 제조비용을 절감할 수 있다. 나아가, 상기 수득된 비표면적이 개선된 황화 리튬은 고체 전해질의 반응성을 높일 수 있으므로 황화물계 고체전해질 및 그를 구비한 전고체형 리튬 전지 적용에 유용하다.",http://plus.kipris.or.kr/openapi/fileToss.jsp?arg=ed43a0609e94d6e22d01c5c32ba711cf9940cf183a4cd1ef5938f72d2a17a051880daf6ae601610695fbe2f63a139848576226e374314ec45252d3d938dd92917f9743c3fa4d4759,http://plus.kipris.or.kr/openapi/fileToss.jsp?arg=6c650beb4cee9ce4122b704b88878c93db8b76472a45e38fb6a0c794f62d46ea8952c156fbb937d34e542f83954a206e50eacd7c67fa6e571aa62d2b46a66ecd7b2f730aa831a41b,전북대학교산학협력단|주식회사 한솔케미칼
한솔케미칼,2,등록,황화 리튬 미분말의 제조방법,C01B 17/22|H01M 10/0562,1026643450000,20240502,1020220149913,20221110,,,,20240509,"본 발명은 황화 리튬 미분말의 제조방법에 관한 것이다. 본 발명의 황화 리튬 미분말의 제조방법은 Li 원료물질로서 미분화된 수산화 리튬을 사용하되, 상기 미분화된 수산화 리튬이 담긴 반응기에 가스상의 황화수소를 주입하여 반응시키되, 상기 가스상의 황화수소를 상압보다 낮은 저기압 상태에서 주입하여 반응온도를 현저하게 낮추고 상기 가스상의 황화수소의 주입압력과 반응 부산물인 물을 제거하기 위한 진공펌프의 배출압력을 일정하게 유지하여 반응기 내에 미분화된 수산화 리튬의 날리는 현상을 억제할 수 있으며, 상기 수득된 황화 리튬(Li 2 S) 미분말은 고체 전해질의 반응성을 높일 수 있으므로 황화물계 고체전해질 및 그를 구비한 전고체형 리튬 전지 적용에 유용하다.",http://plus.kipris.or.kr/openapi/fileToss.jsp?arg=ed43a0609e94d6e22d01c5c32ba711cff3527578397cf9472eed27b372116fdfc015e06662f7aaa0998636570d8e0042b67f04037b5750e92af39af315160d404cf96e96585b317a,http://plus.kipris.or.kr/openapi/fileToss.jsp?arg=6c650beb4cee9ce4122b704b88878c93a813e787ca61f48c17c7d142d3354605ab545fae6f7707fa5acd9c7cbed8837cbff8d8934d134f8bd56ec35861d691a285bb79fc5eab0da6,전북대학교산학협력단|주식회사 한솔케미칼
한솔케미칼,3,등록,분리막용 공중합체 및 이를 포함하는 이차전지,C08F 220/44|C08F 220/18|C08F 220/06|C08F 218/08|C08F 216/06|C08K 3/013|C08J 3/12|C08L 33/20|H01M 50/42|H01M 10/0525,1026605940000,20240422,1020220127830,20221006,1020240048606,20240416,,20240429,"본 발명은 아크릴로나이트릴 계열의 단량체, 아크릴레이트 계열의 단량체 및 아크릴산 계열의 단량체로 이루어진 그룹에서 선택된 2종 이상의 단량체와 비닐 아세테이트 계열의 단량체를 공중합하고 가수분해하여 제조한 공중합체 및 이를 포함하는 코어-쉘 입자, 슬러리 조성물, 분리막 및 이차전지에 관한 것이다.",,,주식회사 한솔케미칼
한솔케미칼,4,등록,과산화수소를 포함하는 녹조 제거제,A01N 59/00|A01N 37/02|A01N 35/04|A01N 43/16|A01N 25/22|A01P 13/00,1026471330000,20240308,1020230017159,20230209,,,,20240313,"본 발명에 의한 녹조 제거제는 과산화수소, 카르복실산 화합물, 케톤 화합물 및 플라보노이드계 화합물을 포함하는 것을 특징으로 한다.",http://plus.kipris.or.kr/openapi/fileToss.jsp?arg=ed43a0609e94d6e22d01c5c32ba711cfe04ebefba53f35ed82464ccd17948bdc00abb2bafc04abec504dd8b894bf6e946189ca11379622078214b727cdf8596efe4d6e191795daf7,http://plus.kipris.or.kr/openapi/fileToss.jsp?arg=6c650beb4cee9ce4122b704b88878c9377144f25b22699cdaf55898678f27112d42c8ee7eba0cfb5244e5e774bf60d5a19222cfbc3b01ece9f8bd4d9bd55e18b45be8e90e8fbcb60,주식회사 한솔케미칼
한솔케미칼,5,등록,"코어-쉘 입자, 이를 포함하는 바인더 조성물, 슬러리, 및 전극, 및 상기 전극을 포함하는 이차전지",H01M 4/62|H01M 4/133|H01M 4/1393|H01M 10/0525|C08F 257/02|C08F 212/08|C08F 236/10|C08F 220/06|H01M 4/02,1026418430000,20240223,1020230115558,20230831,,,,20240229,"본 발명은 코어-쉘 입자, 상기 코어-쉘 입자를 포함하는 바인더 조성물, 슬러리, 및 전극, 그리고 상기 전극을 포함하는 이차전지에 관한 것으로, 더욱 상세하게는 쉘 부분이 암모늄 작용기를 포함하는 코어-쉘 입자를 바인더로서 적용하여, 활물질과 금속 기재 및/또는 활물질간의 접착력을 향상시키고 전해액 내 안정성 및 슬러리 분산성을 향상시킨 코어-쉘 입자, 상기 코어-쉘 입자를 포함하는 조성물, 슬러리, 및 전극, 그리고 상기 전극을 포함하는 이차전지에 관한 것이다.",http://plus.kipris.or.kr/openapi/fileToss.jsp?arg=ed43a0609e94d6e22d01c5c32ba711cfc3afe23cccc6843c8716532964c5b61e36dd7404789857da0d4b20850ea465ee3741e50ed34876f08a3a70b46c8ba588baec9541ebdbf9e0,http://plus.kipris.or.kr/openapi/fileToss.jsp?arg=6c650beb4cee9ce4122b704b88878c93a222d008a0e7861e257cf1cebdef2e7726f47b43c9f536bf240a55ba19ca92f4bb97a61cf4f9da1f2d39f6cc8a9d50154d48d8ae31222b18,주식회사 한솔케미칼
한솔케미칼,6,등록,이차전지 분리막 코팅용 바인더 및 이를 포함하는 이차전지,H01M 50/449|H01M 50/414|H01M 50/451,1026300390000,20240123,1020210047159,20210412,1020220141068,20221019,,20240129,"본 발명은 (메타)아크릴로니트릴로부터 유도되는 제1 구조 단위; (메타)아크릴산, (메타)아크릴산염 또는 (메타)아크릴레이트로부터 유도되는 제2 구조 단위; 및 (아세트)아미드계로부터 유도되는 제3 구조 단위를 포함하는 (메타)아크릴계 공중합체를 함유하여 이루어지는 이차전지 분리막 코팅용 바인더, 이를 포함하는 이차전지용 분리막 및 이차전지에 관한 것이다.",,,주식회사 한솔케미칼
한솔케미칼,7,등록,하이브리드 경화형 조성물 및 이를 이용한 경화 코팅층,C08F 290/06|C08F 220/28|C08F 222/10|C09D 4/00,1026289220000,20240119,1020210127777,20210928,1020230045205,20230404,,20240125,"본 발명은 (A) 우레탄 아크릴레이트 올리고머, (B) 이소시아네이트 말단 우레탄 아크릴레이트 올리고머, (C) 아크릴레이트 모노머 및 (D) 광중합 개시제를 포함하는 경화성 조성물, 이를 포함하는 경화 코팅층 및 이를 포함하는 전자 제품에 관한 것이다.",http://plus.kipris.or.kr/openapi/fileToss.jsp?arg=ed43a0609e94d6e22d01c5c32ba711cf1022a6eb4651dd83c8a3f403ce3228e98b295ef4d7f1c3e29097685b8d7936026c1973df494a5e022129285708fdba9df3b727196867c99c,http://plus.kipris.or.kr/openapi/fileToss.jsp?arg=6c650beb4cee9ce4122b704b88878c931bb7005d29f142f54d93c9d895db99f31e0561150bd9fa92e85c04bbf59e3a2d55fc140f8a986ce5b16f9fe17222e6dee2701a2c26f3e3f6,주식회사 한솔케미칼
한솔케미칼,8,거절,유기 금속 화합물 제조방법 및 이의 방법으로 얻어진 유기 금속 화합물을 이용한 박막,C07F 11/00|C23C 16/18|C23C 16/455,,,1020210052409,20210422,1020220145619,20221031,,,"본 발명은 금속 헥사카보닐(metal hexacarbonyl) 화합물과 헥사하이드로-1,3,5-트리아진(hexahydro-1,3,5-triazine) 화합물을 반응시키는 단계를 포함하는 높은 수율의 유기 금속 화합물의 제조방법 및 제조된 유기 금속 화합물을 증착하여 제조한 우수한 특성의 박막에 관한 것이다.",http://plus.kipris.or.kr/openapi/fileToss.jsp?arg=ed43a0609e94d6e22d01c5c32ba711cf233397abd8f4854193578d59321ff0bce0a7f5c557e06deb8a5d6da2c50720bdbb27a0b8a7694ed7f1ee052f8ceeef21aa0cc90243834d32,http://plus.kipris.or.kr/openapi/fileToss.jsp?arg=6c650beb4cee9ce4122b704b88878c939e16345f9d8905239f41f3094ab792be0b7fa896570e9e84f94110ad2fc336055525d0d813a182f88af8bcfb57cf7fde26c09fb9a6bbd166,주식회사 한솔케미칼|연세대학교 산학협력단
한솔케미칼,9,등록,분리막용 공중합체 조성물 및 이를 포함하는 이차전지,C08L 39/06|C08L 33/26|C08F 226/10|C08F 220/56|C08F 220/44|C08K 3/013|H01M 50/42|H01M 50/446,1026129260000,20231207,1020220167645,20221205,,,,20231213,"본 발명은 전체 공중합체 중량 100 중량%를 기준으로, 전체 공중합체 중량 100 중량%를 기준으로, 30 중량% 이상, 80 중량% 이하의 아크릴레이트 계열의 단량체 단위, 아크릴로나이트릴 계열의 단량체 단위, 비닐아마이드 계열의 단량체 단위 및 아크릴아마이드 계열의 단량체 단위로 이루어진 그룹에서 선택된 1종 이상의 단량체 단위와 20중량% 이상, 70 중량% 이하의 비닐피롤리돈의 단량체 단위를 포함하는 공중합체 조성물과 이를 포함하는 슬러리 조성물, 분리막 및 이차전지에 관한 것이다.",,,주식회사 한솔케미칼
한솔케미칼,10,등록,고밀도 방열 복합체의 제조방법 및 이로부터 제조된 방열 복합체,C09K 5/08|C08L 63/00|C08L 91/04|C08J 3/24|C08K 3/04|C08K 3/38|C08K 9/12,1026157720000,20231214,1020210088688,20210706,1020230007862,20230113,,20231219,"본 발명은 핫프레스 공법 적용을 통해 매트릭스의 경화 및 고밀도 압축가공이 동시에 구현된 고밀도 방열 복합체의 제조방법 및 상기 방법으로부터 제조되어, 높은 잠열 및 방열 특성과 우수한 리키지(Leakage) 특성을 확보하고 고온 조건 하에서 유용하게 적용될 수 있는 고밀도 방열 복합체를 제공한다. 본 발명에 따른 고밀도 방열 복합체 및 그 제조방법은, 열이 발생하는 부품 소재의 하우징 및 계면 플레이트 소재와 배터리 시스템의 열제어 소재 등의 다양한 부품에 활용될 수 있다.",http://plus.kipris.or.kr/openapi/fileToss.jsp?arg=ed43a0609e94d6e22d01c5c32ba711cfa0c19fcc94713e7e8867f765fcb0ece0ac3ebe719d2821175f8926ca5a3473dfb1133e3c99836e544cd2bf4c30c4dea7ce98c1fed0cd2c44,http://plus.kipris.or.kr/openapi/fileToss.jsp?arg=6c650beb4cee9ce4122b704b88878c93e70ee2d649143797c614087b21f6ee449fa9975ad26194f0cf9b5aadea1bded35c10c9d6fab42615e40d9e0868c10026385e3f997fd07e45,주식회사 한솔케미칼
한솔케미칼,11,등록,"방열 복합체 조성물, 상기 조성물을 이용하는 방열 복합체 및 그 제조방법",C09K 5/08|C08K 3/04|C08K 3/38|C08K 9/12|C08L 63/00|C08L 91/06,1026157710000,20231214,1020210088581,20210706,1020230007810,20230113,,20231219,"본 발명은 적어도 하나 이상의 상변화 물질, 에폭시 수지, 경화제 및 방열 필러를 포함하는 방열 복합체 조성물, 상기 조성물을 이용하여 높은 잠열 특성 및 열전도도 특성과, 우수한 리키지(Leakage) 특성을 동시에 확보할 수 있는 방열 복합체 및 그 제조방법을 제공한다. 본 발명에 따른 방열 복합체는 고온 조건 하에서 유용하게 적용될 수 있으므로, 열이 발생하는 부품 소재의 하우징, 계면 플레이트 소재 및/또는 배터리 시스템의 열제어 소재 등의 다양한 부품에 활용될 수 있다.",http://plus.kipris.or.kr/openapi/fileToss.jsp?arg=ed43a0609e94d6e22d01c5c32ba711cfa0c19fcc94713e7e8867f765fcb0ece0ac3ebe719d282117621ed5c071228660f93adbaa48c7111a045e1c3198e0d3c73662177d876a7e18,http://plus.kipris.or.kr/openapi/fileToss.jsp?arg=6c650beb4cee9ce4122b704b88878c93e70ee2d649143797c614087b21f6ee449fa9975ad26194f05506eab97e54957ec0b2fb07288c822a7581419a08adab05fb7bef1c564ec4d0,주식회사 한솔케미칼
한솔케미칼,12,등록,이차전지용 음극 슬러리 조성물,H01M 4/133|H01M 4/62|H01M 4/1393|H01M 10/0525,1025635890000,20230804,1020200180564,20201222,1020220089910,20220629,,20230809,"본 발명은 음극 활물질; 및 (메타)아크릴산 단량체, 아크릴로니트릴계 단량체 및 (메타)아크릴아마이드 단량체의 공중합체를 포함하는 바인더를 포함하고, 상기 바인더의 제타 전위의 절대값을 상기 음극 활물질의 비표면적 당 산소함량으로 나눈 값이 0.6x10 -5 mV・m 2 /g 내지 2.0x10 -5 mV・m 2 /g 인 이차전지용 음극 슬러리 조성물에 관한 것이다.",http://plus.kipris.or.kr/openapi/fileToss.jsp?arg=ed43a0609e94d6e22d01c5c32ba711cf69cc0a5d33b67ba912351a5c75f6ee9ff82e96e20ba25c5bf7c20e8aeff3af3e7a21d095251cf2244f8de211073b714dc6dd3f5bf99c424d,http://plus.kipris.or.kr/openapi/fileToss.jsp?arg=6c650beb4cee9ce4122b704b88878c931eb13cf8fa86937cb7037a11ab78e3bf04f2598d9faa1182b1c43afef760846f61fe34156970a7af2106a9ec2efae97d95606d609432b48e,주식회사 한솔케미칼
한솔케미칼,13,등록,분리막용 공중합체 및 이를 포함하는 이차전지,C08F 220/18|C08F 220/06|C08F 220/44|C08F 218/08|C08F 220/56|C08L 33/06|H01M 50/411|H01M 50/431|H01M 10/0525,1025584480000,20230718,1020220073328,20220616,,,,20230724,"본 발명은 공중합체 총 중량 100 중량%를 기준으로, 15 중량% 이하의 비닐아세테이트 단량체 단위, 10중량% 이상, 55 중량% 이하의 아크릴레이트 계열의 단량체 단위, 및 1 중량% 이상, 10 중량% 이하의 알칼리 금속 및 알칼리 금속을 포함하는 아세테이트 염 화합물로 이루어진 그룹에서 선택된 1 종 이상과 결합된 아크릴산 계열의 단량체 단위를 포함하는 공중합체와 이를 포함하는 슬러리 조성물, 분리막 및 이차전지에 관한 것이다.",,,주식회사 한솔케미칼
한솔케미칼,14,등록,분리막용 중합체 조성물 및 이를 포함하는 이차전지,H01M 50/42|H01M 50/446|H01M 50/403|C08L 33/14|C08L 33/02|C08L 29/04|C08L 33/20|C08L 33/26|C08L 101/06|C08L 101/08|C08F 2/04|C08F 2/22|C08F 8/12,1025586680000,20230719,1020220139396,20221026,,,,20230727,"본 발명은 카르복실기 또는 알코올기를 포함하는 입자형 중합체; 및 카르복실기 또는 알코올기를 포함하는 사슬형 중합체;를 포함하는 중합체 조성물과 이를 포함하는 슬러리 조성물, 분리막 및 이차전지에 관한 것이다(단, 상기 입자형 중합체가 카르복실기를 포함하는 경우, 상기 사슬형 중합체는 알코올기를 포함하고, 상기 입자형 중합체가 알코올기를 포함하는 경우, 상기 사슬형 중합체는 카르복실기를 포함한다).",,,주식회사 한솔케미칼
한솔케미칼,15,등록,저장안정성이 우수한 안료 함유형 광 습기 경화성 수지조성물,C08F 290/06|C08F 220/18|C08F 2/50|C08F 2/44|C08L 75/04,1025942780000,20231023,1020210173794,20211207,1020230085539,20230614,,20231026,"본 발명은 우수한 저장안정성을 발휘하는 안료 함유형 광 습기 경화형 수지조성물로서, 보다 구체적으로 디스플레이 장치에서 발생하는 빛샘을 효과적으로 차폐할 뿐만 아니라 안료를 포함하더라도 다양한 보관 조건 하에서 우수한 저장안정성을 지속적으로 확보할 수 있는 광 습기 경화형 수지 조성물 및 이를 포함하는 디스플레이 장치를 제공한다.",,,주식회사 한솔케미칼
한솔케미칼,16,등록,안료를 포함하는 저경도 자외선 경화형 수지조성물,C08F 290/06|C08F 220/18|C08F 2/50|C08F 2/44,1025942770000,20231023,1020210170890,20211202,1020230082925,20230609,,20231026,"본 발명은 저경도 및 내크랙 특성을 발휘하는 안료 함유형 자외선 경화성 수지조성물로서, 보다 구체적으로 디스플레이 장치에서 발생하는 빛샘을 효과적으로 차폐할 뿐만 아니라 저경도 및 우수한 신뢰성을 부여할 수 있는 자외선 경화형 수지 조성물 및 이를 포함하는 디스플레이 장치를 제공한다.",http://plus.kipris.or.kr/openapi/fileToss.jsp?arg=ed43a0609e94d6e22d01c5c32ba711cf876f0dc7711caf52c37c4c4abbef555cc3f3336f1aecbb219d6175385e7466c32e1ff012d4d02cc6f20c40a1d90ab3c40042e3ca9a18b0d4,http://plus.kipris.or.kr/openapi/fileToss.jsp?arg=6c650beb4cee9ce4122b704b88878c93984a92449a3219d260026cfc0b28515b34286a176c3c5899c4ca04e2f98c87bb5bd8212965e9139e1d63685106cddeba51a4b5620285a598,주식회사 한솔케미칼
한솔케미칼,17,등록,저장안정성 및 경화성이 우수한 광 습기 경화형 수지 조성물,C08F 283/00|C08F 2/50|C08F 2/44|C09J 4/06,1025818540000,20230919,1020210161395,20211122,1020230075116,20230531,,20230922,"본 발명은 광(UV) 및 습기에 의한 이중 경화가 가능한 하이브리드 (Hybrid)형 수지 조성물로서, 보다 상세하게는 원료 정제 및 특정 수분제거 첨가제의 사용으로 인해 우수한 저장안정성을 지속적으로 확보할 수 있고, 광 경화 및 습기 경화에 의해 자외선이 투과될 수 없는 차광부에서도 충분히 경화가 가능하여 고접착력 및 높은 신뢰성을 발휘할 수 있다.",,,주식회사 한솔케미칼
한솔케미칼,18,등록,"방열용 수지 조성물, 방열 부재 및 전자기기",C08K 9/08|C08K 3/013|C08K 5/54|C08L 63/00,1025791490000,20230912,1020230088893,20230710,1020230107779,20230718,,20230915,"본 발명은 방열용 수지 조성물, 방열 부재 및 전자기기에 대한 것으로서, 상기 방열용 수지 조성물은 열경화성 수지; 필러; 및 경화제를 포함하고, 상기 필러는 폴리도파민 코팅층을 함유하는 제1 필러, 및 폴리도파민 코팅층을 비(非)-함유하는 제2 필러를 포함한다.",http://plus.kipris.or.kr/openapi/fileToss.jsp?arg=ed43a0609e94d6e22d01c5c32ba711cfef56dcc2d52eb28ba3babd62418a8f1c5597366cc89f2361286b32ba374061013dbd957ae3e6190e9555d1ed67fd1a0188e57fe8d279b486,http://plus.kipris.or.kr/openapi/fileToss.jsp?arg=6c650beb4cee9ce4122b704b88878c93f6548c790985d9b49e3b381c40c0be1108fa12977ed6ccb42f1a5662d144e9b7e73517f56e129555e1b89eeb3a5fe12f6f6304d06550026d,주식회사 한솔케미칼
한솔케미칼,19,소멸,폴리에틸렌 대체 친환경 내수/내유제 및 이를 적용한 식품 포장용지 및 그 제조 방법,D21H 27/10|D21H 19/10|D21H 19/32,1010897650000,20111129,1020090056086,20090623,1020100137850,20101231,,20111207,"본 발명은 폴리에틸렌 대체 친환경 내수/내유제 및 이를 적용한 식품 포장용기의 용지 및 그 제조방법에 관한 것으로, 더 자세하게는 내수성과 블록킹성이 우수한 유리전이온도가 다른 코어-쉘 구조의 라텍스 내수/내유제에 대한 것이고, 제지공장의 초지기에서 원지를 생산함과 동시에 인체에 무해한 코팅재료를 사용하여 제지기 내에 연결되어 설치되어 있는 도공기인 온머신코터(On-machine Coater)에서 온머신 배리어코팅 가능한 식품 포장용 용지에 대한 것이며, 이러한 코팅된 식품 포장용 용지는 제지공장에서 원료로 재활용이 가능하고 식품포장용 용기로 사용될 수 있는 열접착 기능을 갖는다. 내수제, 내유제, 포장용지, 라텍스, 열접착, 온머신 배리어 코팅, 재활용",http://plus.kipris.or.kr/openapi/fileToss.jsp?arg=ed43a0609e94d6e22d01c5c32ba711cf934ac22dea27e69d855ce7cabb1c275b28c0cd224d985ddc6aa33d6515145e9e523e771b51dd19b73ee4b41814f07245c8a2aa3f25541a09,http://plus.kipris.or.kr/openapi/fileToss.jsp?arg=452306798ef1fd03bf8e5ba4e1dbf72636b89d4fb40752adf6db532d809fb427bb410290c6e6dd4dd232986cb72ac4a85d8c6dc85e074b30204cac2c530272ba08470d4638e1df45,한솔홀딩스 주식회사|주식회사 한솔케미칼
한솔케미칼,20,등록,유기 금속 화합물 제조방법 및 이를 이용하여 박막을 형성하는 방법,C07F 5/00|C23C 16/40|C23C 16/455,1025692010000,20230817,1020210072719,20210604,1020220164225,20221213,,20230823,"본 발명은 유기 금속 화합물(특히, 희토류 금속을 포함하는 유기 금속 화합물)의 제조방법 및 제조된 유기 금속 화합물을 증착하여 우수한 특성의 박막을 제조하는 방법에 관한 것이다.",http://plus.kipris.or.kr/openapi/fileToss.jsp?arg=ed43a0609e94d6e22d01c5c32ba711cfd9b0f53ab44d325294b98982b5ac1e2cf7faf2a8eb8fa0b88f8cff28f7af8eb922c15e9d069ade0d4224aecc15e40ce83ee15bba0e396350,http://plus.kipris.or.kr/openapi/fileToss.jsp?arg=6c650beb4cee9ce4122b704b88878c937a45c2220a77af0559cfc6a6c95b1e46e1ee42d485ce769012ffb46bd8b9a4f41cb658361ad63841a726833025154e6ade180f94b07f6aeb,주식회사 한솔케미칼
한솔케미칼,21,등록,"신규 화합물, 이를 포함하는 전구체 조성물, 및 이를 이용한 박막의 제조방법",C07F 15/06|C23C 16/40|C23C 16/455,1025572820000,20230714,1020200179319,20201221,1020220089044,20220628,,20230720,"본 발명은 기상 증착을 통하여 박막 증착이 가능한 기상 증착 화합물에 관한 것으로, 구체적으로는 원자층 증착법 (Atomic Layer Deposition, ALD) 또는 화학 기상 증착법 (Chemical Vapor Deposition, CVD)에 적용가능하고, 반응성, 휘발성 및 열적 안정성이 우수한 신규 화합물, 상기 신규 화합물을 포함하는 전구체 조성물, 상기 전구체 조성물을 이용한 박막의 제조방법, 및 상기 전구체 조성물로 제조된 박막에 관한 것이다.",http://plus.kipris.or.kr/openapi/fileToss.jsp?arg=ed43a0609e94d6e22d01c5c32ba711cf0c9257d0be841e3bff6c44c00a504c319df5d9ddca5519348697ff19320809f3ab0739b673435045bcc704ad38677356683acb2d62888bf5,http://plus.kipris.or.kr/openapi/fileToss.jsp?arg=6c650beb4cee9ce4122b704b88878c93d5e7e1f4f77ebfff2a563cf2590758351492d240154137561352d0cc17e729865d930644da57839f2f273a7167e49202cab6ac12217332d6,주식회사 한솔케미칼
한솔케미칼,22,등록,"희토류 전구체, 이의 제조방법 및 이를 이용하여 박막을 형성하는 방법",C07F 7/08|C07F 5/00|C07F 19/00|C23C 16/40|C23C 16/455,1025572770000,20230714,1020200149843,20201111,1020220063907,20220518,,20230720,"본 발명은 기상 증착을 통하여 박막 증착할 수 있는 화합물에 관한 것으로서, 구체적으로는 원자층 증착법(Atomic Layer Deposition, ALD) 또는 화학 기상 증착법(Chemical Vapor Deposition, CVD)에 적용가능하고 열적 안정성 및 반응성이 우수한 희토류 화합물, 이를 포함하는 희토류 전구체, 이의 제조방법 및 이를 이용하여 박막을 형성하는 방법에 관한 것이다.",http://plus.kipris.or.kr/openapi/fileToss.jsp?arg=ed43a0609e94d6e22d01c5c32ba711cf0c9257d0be841e3bff6c44c00a504c31347fa7756799a10e77ed5a9bf5531fb3e86c4516c02c354ff5ae5135d22cc3ab0df35c5f43afcbc9,http://plus.kipris.or.kr/openapi/fileToss.jsp?arg=6c650beb4cee9ce4122b704b88878c93d5e7e1f4f77ebfff2a563cf259075835c0076577b678654ca8a19e06db2e9ca31385e48c26c7b825997d19297aceb76db5b70d409364e5ab,주식회사 한솔케미칼
한솔케미칼,23,거절,"방열용 수지 조성물, 방열 부재 및 전자기기",C08K 9/08|C08K 3/013|C08K 5/54,,,1020200117673,20200914,1020220035659,20220322,,,"본 발명은 방열용 수지 조성물, 방열 부재 및 전자기기에 대한 것으로서, 상기 방열용 수지 조성물은 열경화성 수지; 필러; 및 경화제를 포함하고, 상기 필러는 폴리도파민 코팅층을 함유하는 제1 필러, 및 폴리도파민 코팅층을 비(非)-함유하는 제2 필러를 포함한다.",http://plus.kipris.or.kr/openapi/fileToss.jsp?arg=ed43a0609e94d6e22d01c5c32ba711cf21cc9d0e5a290b1d697559ca7cfe33b6baf60617cd09b43cf487d5c79b76c5d6403344063d7536fb15da5baebebf763b228ecccff27fe193,http://plus.kipris.or.kr/openapi/fileToss.jsp?arg=6c650beb4cee9ce4122b704b88878c9323ec0db980c6cdcf5192224c820bd9cf7cc3faab0605ed869d6851ab1ab01941a2b0ac8f2f01f10ede85e0fa7c12cd8b7f78c3d17d097cf0,주식회사 한솔케미칼
한솔케미칼,24,취하,"아지리딘으로부터 2,3-디아미노프로판 알코올을 제조하는 방법",C07D 225/00,,,1020000046394,20000810,1020000063913,20001106,,,"본 발명은 아지리딘으로부터 1,2-디아미노프로판올을 제조하는 방법에 관한 것이다. 본 발명의 목적은 상기 구조식 (1)의 아지리딘 알코올로부터 구조식 (2)의 1,2-디아미노알코올 유도체를 제조하는 것이며 R은 수소, 알킬, 페닐 또는 치환된 페닐, 2-사이아졸릴 및 2-프로펜일을 포함하고, R 1 과 R 2 는 수소, (CH 2 ) 4 -, (CH 2 ) 5 -, (CH 2 ) 6 - 및 몰포린을 포함한다. 아지리딘, 1,2-디아미노프로판 알코올",http://plus.kipris.or.kr/openapi/fileToss.jsp?arg=ed43a0609e94d6e2d625a3dcb0746fe4a849d4c575423efe1ec99a7bfac78e7aa48bdfbfaf09a632ce003a9188049a5b,http://plus.kipris.or.kr/openapi/fileToss.jsp?arg=452306798ef1fd035bfb5ff666db4c9c20f465ffcfa4530306cf3ffe1c34fdf1858b66e6365c3b9cdf79a3c39f636d20,(주)켐바이오넥스|주식회사 한솔케미칼
한솔케미칼,25,취하,(2R)- 및 (2S)-아지리딘-2-카르복실산 에스테르 및(2R)- 및 (2S)-2-히드록시메틸 아지리딘 제조 방법,C07D 203/18,,,1020000046387,20000810,1020010000195,20010105,,,"본 발명은 여러 가지의 키랄 화합물을 만들 수 있는 출발 재료 물질인 (2R)- 및 (2S)-아지리딘-2-카르복실산 에스테르 및 이의 환원된 화합물인 (2R)- 및 (2S)-2-히드록시메틸 아지리딘의 제조방법에 관한 것이다. 본 발명의 목적물인 상기 구조식 (1), (2)의 화합물에서 R 1 은 (1R)- 혹은 (1S)-페닐에틸을 나타내며 R 2 는 (-)-멘톨, 메틸 혹은 에틸을 나타낸다. 광학 활성 아지리딘, 아지리딘-2-카르복실산 에스테르, 2-히드록시메틸 아지리딘",http://plus.kipris.or.kr/openapi/fileToss.jsp?arg=ed43a0609e94d6e2d625a3dcb0746fe4a849d4c575423efe1ec99a7bfac78e7a7277f3254183f8ef6e363ce53e8389c2,http://plus.kipris.or.kr/openapi/fileToss.jsp?arg=452306798ef1fd035bfb5ff666db4c9c20f465ffcfa4530306cf3ffe1c34fdf11cb0f08bf136328e64ae4d78c616b7c6,(주)켐바이오넥스|주식회사 한솔케미칼
한솔케미칼,26,거절,페닐알라닌 또는 호모페닐알라닌을 포함하는알파아미노산과 그 유도체의 제조방법 및 그 중간체,C07D 203/08,,,1020037001903,20010810,1020030031969,20030423,,,"본 발명은 구조식(1) 또는 구조식(2)로 표시되는 페닐알라닌 또는 호모페닐알라닌을 포함하는 다양한 (D)-또는 (L)- 알파아미노산 및 그 유도체, 및 이들을 구조식(5)의 아지리딘으로부터 입체선택적 합성 방법에 의하여 제조하는 방법에 관한 것이다. 상기 생성물은 출발물질인 광학적으로 순수한 아지리딘의 입체화학을 그대로 유지하면서 제조되므로 산업 분야에서 다양한 유용성을 갖는다. (1) (2) (5)",http://plus.kipris.or.kr/openapi/fileToss.jsp?arg=ed43a0609e94d6e2d625a3dcb0746fe48a5b4c0b52d0e809cb90375cd018eda3c62f5ef13be280ca73d16aea98e979b5,http://plus.kipris.or.kr/openapi/fileToss.jsp?arg=452306798ef1fd035bfb5ff666db4c9cc65478d250ecc07413833dbd239371376eb388f3ee24053e53b207296caf9a1b,주식회사 이매진|주식회사 한솔케미칼
한솔케미칼,27,취하,아지리딘으로부터 페닐알라닌 및 호모페닐알라닌을포함하는 알파아미노산 및 그 유도체의 제조방법,C07D 203/08,,,1020000046389,20000810,1020010000196,20010105,,,"본 발명은 페닐알라닌과 페닐에 여러 치환체를 가진 치환페닐알라닌 그리고 이보다 탄소 사슬이 하나 더 긴 호모페닐알라닌을 포함하는 여러가지의 (D)-및 (L)-알파아미노산 및 그 유도체를 아지리딘으로부터 입체선택적 합성방법으로 제조하는 것에 관한 것이다. 본 발명의 목적물인 상기 구조식 (1)의 화합물의 아릴은 페닐, 4-메톡시페닐, 4-플루오로페닐을 가리키며 (2)의 화합물의 알킬은 벤질 n-헥실을 나타내며 이들은 모두 공통적으로 입체선택적으로 합성된 (2R)- 및 (2S)-[1'-페닐에틸]아지리딘-2-카르복실산 에틸에스테르에서부터 입체선택적인 반응들을 거쳐 합성된다. 페닐알라닌, 호모페닐알라닌, 알파아미노산",http://plus.kipris.or.kr/openapi/fileToss.jsp?arg=ed43a0609e94d6e2d625a3dcb0746fe4a849d4c575423efe1ec99a7bfac78e7a7277f3254183f8efc5a814ce5725de25,http://plus.kipris.or.kr/openapi/fileToss.jsp?arg=452306798ef1fd035bfb5ff666db4c9c20f465ffcfa4530306cf3ffe1c34fdf11cb0f08bf136328ef24cb3bfb866bef5,주식회사 한솔케미칼|(주)켐바이오넥스
한솔케미칼,28,거절,"원자층 증착용(ALD), 화학 기상 증착용(CVD) 전구체 화합물 및 이를 이용한 ALD/CVD 증착법",C23C 16/455|C23C 16/18|C23C 16/40|C23C 16/34|C07F 5/06,,,1020200006636,20200117,1020210093011,20210727,,,"본 발명은 전구체 화합물에 관한 것으로서, 보다 상세하게는 원자층 증착법(Atomic Layer Deposition; ALD) 또는 화학 기상 증착법(Chemical Vapor Deposition; CVD)을 통하여 박막 증착에 이용 가능한 주기율표 상 13족의 금속을 포함하는 전구체 화합물 및 이를 이용한 박막의 제조방법에 관한 것이다.",http://plus.kipris.or.kr/openapi/fileToss.jsp?arg=ed43a0609e94d6e22d01c5c32ba711cf3ad9ff96706ce2159e02a1bd1d38072c169868efcdc3d673cc79ee13c8ce71096846b1322390d4a2a4eb4ed13a6244f0281359e720db2ef5,http://plus.kipris.or.kr/openapi/fileToss.jsp?arg=6c650beb4cee9ce4122b704b88878c939b15de3fa694359a5ab0ac3d7c95f803e0ed870bf755e1de8e58428641472a953ca0c3f931d71083349c9606d3a490a948504a7a3be186e9,주식회사 한솔케미칼
한솔케미칼,29,소멸,오염 토양 복원용 조성물,B09C 1/08|A62D 3/38,1008111050000,20080229,1020060046586,20060524,1020070112972,20071128,,20080306,"본 발명은 오염 토양 복원용 조성물에 관한 것으로서, 더욱 상세하게는 과산화수소에 비이온성 계면활성제를 일정량 포함하는 오염 토양 복원용 조성물을 제공하며, 상기 조성물 중 과산화수소의 산화에 의하여 유류 또는 소수성 용매로 오염된 토양의 오염물질을 분해할 수 있고, 비이온성 계면활성제 사용으로 상기 과산화수소의 소모량을 감소시키면서도 과산화수소 산화에 의하여 발생된 라디칼이 오염 토양에 깊이 침투할 수 있으므로 이를 오염 토양에 적용하여 광범위하게 미치는 유류 또는 소수성 용매로 오염된 토양을 저비용으로 정화 복원할 수 있도록 한 개선된 오염 토양 복원용 조성물에 관한 것이다. 유류, 오염 토양, 과산화수소, 비이온성 계면활성제, 복원",,,주식회사 한솔케미칼
한솔케미칼,30,소멸,종이 도공용 라텍스 조성물,C08F 236/06|C08F 220/06|C08F 222/02|C08F 212/08|C08F 212/12|C08F 220/14|C08F 220/18|C08F 220/44|C08F 220/20|C08F 220/32|C08F 2/22,1005180330000,20050922,1019980036982,19980908,1020000019067,20000406,,20051221,"본 발명은 종이 도공용 라텍스 조성물에 관한 것으로서, 더욱 상세하게는 지방족 공역디엔계 단량체(a)와, 에틸렌계 불포화 산 단량체(b)와, 그리고 (a), (b)단량체와 공중합이 가능한 비닐계 단량체(c)로 이루어진 단량체 혼합물을 특정 함량비로 두 단계로 나누어 유화공중합시켜 내블리스터성 및 접착강도가 균형적으로 상승되도록 하는 다음 수학식 1로 표시되는 조건을 만족하는 종이 도공용 라텍스 조성물에 관한 것이다. w &gt; 2200×S+5000000 상기 수학식 1에서 : X는 공중합체 라텍스의 겔함량을 나타내고; M w 는 테트라하이드로퓨란 가용분의 중량평균분자량을 나타내고; Z는 그라프트율을 나타내고; S는 겔의 팽윤도를 나타낸다.",,,주식회사 한솔케미칼
한솔케미칼,31,소멸,용융형 감열전사 리본,B41M 5/44|B41M 5/36|B41M 5/30|B41J 2/325,1003085180000,20010829,1019990034164,19990818,1020010018275,20010305,,20010926,"본 발명은 용융형 감열전사 리본에 관한 것으로서, 더욱 상세하게는 염화비닐/초산비닐/반응성기(-OH, -COOH)함유 아크릴단량체로 구성되는 삼원공중합체를 블랙잉크층의 전사 잉크 분산 바인더 성분으로 사용하여, 플라스틱 카드 및 바코드 라벨지의 문양 및 바코드 인쇄에 대한 전사감도를 향상시키고, 기존 열전사 리본보다 인쇄기재에 대한 탁월한 인쇄화상의 접착성 및 내마모성을 가지는 용융형 감열전사 리본에 관한 것이다. 용융형 감열전사 리본",http://plus.kipris.or.kr/openapi/fileToss.jsp?arg=ed43a0609e94d6e2d625a3dcb0746fe44a0c992e2b72e4831887d166a36f776fc6dc4f928c788964785eae60b85c503d,http://plus.kipris.or.kr/openapi/fileToss.jsp?arg=452306798ef1fd035bfb5ff666db4c9c12c88b449407c1584113954f04996403cdfecd70108c6ee3f6e20afebbb0a52e,주식회사 한솔케미칼
한솔케미칼,32,소멸,승화형 감열전사 잉크층 조성물,C09D 11/03|B41M 5/392|B41M 5/26|B41M 5/035,1003288810000,20020305,1019990031854,19990803,1020010016766,20010305,,20020320,"본 발명은 승화형 감열전사 잉크층 조성물에 관한 것으로서, 더욱 상세하게는 승화형 감열전사 잉크층 조성물중에 전사 촉진제로서 다음 화학식 1로 표시되는 화합물을 단독 또는 혼합하여 첨가함으로써, 염료층내에서 염료의 재결정화를 야기하지 않으면서, 잉크층으로부터 잉크수용체로의 염료 전사효율을 증대시켜 동일한 인가에너지에서 보다 높은 감도를 얻거나, 또는 동일한 감도를 얻을 때 필요로 하는 인가에너지를 감소시키게 되는 승화형 감열전사 잉크층 조성물에 관한 것이다. 상기 화학식 1에서 : R은 수소원자, 하이드록시기 또는 카르복시기를 나타낸다. 승화형 감열전사",http://plus.kipris.or.kr/openapi/fileToss.jsp?arg=ed43a0609e94d6e2d625a3dcb0746fe44a0c992e2b72e4830f6b725b991d9d2320117c2f45af8ac76893909d3b399955,http://plus.kipris.or.kr/openapi/fileToss.jsp?arg=452306798ef1fd035bfb5ff666db4c9c12c88b449407c158e5488517fa07c82292cae759cf8cb9efbc72ef9fe616e821,주식회사 한솔케미칼
한솔케미칼,33,거절,인쇄회로기판 보호용 자외선 경화형 컨포멀 코팅제 조성물,C09D 5/22|C09K 11/06|C09D 4/06,,,1020170073841,20170613,1020180135608,20181221,,,"본 발명은 자외선 경화형 컨포멀 코팅제 조성물에 관한 것으로, 더욱 상세하게는 비페닐계 화합물로서 흡수 파장이 340 ~ 420nm 범위이고, 형광 파장이 360 ~ 440nm 범위인 유기형광체 또는 옥사졸계 화합물로서 흡수 파장이 340 ~ 420nm 범위이고, 형광 파장이 360 ~ 440nm 범위인 유기형광체(A), 광중합성 화합물(B), 및 흡수 파장이 360 ~ 440nm인 광중합 개시제(C)를 포함하는 조성물로서, 반도체 소자와 기판 사이 영역과 같이 자외선이 도달하지 않는 차광 영역이 존재하는 경우에도 경화 공정의 추가 없이 자외선의 조사만으로도 쉽게 경화가 가능하여, 먼지, 습기, 오염 등의 환경적 노출로부터 인쇄회로기판 또는 기판 상에 장착된 디바이스 등을 보호할 수 있는 컨포멀 코팅제로서 널리 사용될 수 있다.",http://plus.kipris.or.kr/openapi/fileToss.jsp?arg=ed43a0609e94d6e22d01c5c32ba711cfc6f398f441c2657b1541038f1683e008bbfe02a5ebfbd6fed24d77455e9b9a719d0a3a37a4b9583d40ef9fd07a1fcb8de56b64fe477d6f62,http://plus.kipris.or.kr/openapi/fileToss.jsp?arg=2ba38663aa11ff0f6ca91af6061a2e00b936bb1073462ecf447cfc5cc4dbbcea80ec47ec6118a549c3a39e176ae2adfd89a0f7d4c8e537642f6e7a56f791af3f4e53edf32de429a5,주식회사 한솔케미칼
한솔케미칼,34,소멸,감열전사 잉크리본의 내열윤활층 조성물,B41M 5/36|B41M 5/44|B41J 31/00,1002828240000,20001201,1019980054429,19981211,1020000039178,20000705,,20010302,"본 발명은 감열전사 잉크리본의 내열윤활층 조성물에 관한 것으로서, 더욱 상세하게는 기재필름의 한쪽면에 접착층과 잉크층이 차례로 형성되어 있고 반대쪽면에는 접착층과 내열윤활층이 형성되어 있는 감열전사 잉크리본에 있어서, 내열윤활층 조성물중에 이소시아네이트 경화제와 함께 바인더 성분과 윤활제로 이소시아네이트와 반응성이 좋은 하이드록시함유 물질을 각각 함유시켜 이소시아네이트(NCO)기와 하이드록시(OH)기의 화학적 결합에 따른 그물망 구조의 내열윤활층을 형성하여 내열윤활성이 우수하며 잉크층 염료의 내열윤활층 전이가 적고 프린팅시 열전사헤드가 잉크리본위를 주행하여도 내열윤활층의 박리에 의한 열전사헤드의 오염에 우려가 전혀 없는 감열전사 잉크리본의 내열윤활층 조성물에 관한 것이다.",,,주식회사 한솔케미칼
한솔케미칼,35,소멸,감열전사 잉크리본의 내열층 조성물,B41M 5/36|B41J 31/00|B41M 5/44,1002828230000,20001201,1019980054428,19981211,1020000039177,20000705,,20010302,"본 발명은 감열전사 잉크리본의 내열층 조성물에 관한 것으로서, 더욱 상세하게는 기재필름의 한쪽면에 접착층과 잉크층이 차례로 형성되어 있고 반대쪽면에는 내열층이 형성되어 있는 감열전사 잉크리본에 있어서, 내열층 조성물중에 니트로셀룰로즈, 폴리비닐아세탈계 고분자 및 폴리아크릴레이트계 고분자 중에서 선택된 바인더 성분과 함께 윤활제로서 액상의 실리콘-아크릴 그라프트 고분자와 고상의 아연스테아릴포스페이트를 일정 함량비로 함께 함유시켜 기재 필름과의 우수한 접착력으로 프린팅시 열전사헤드가 잉크리본위를 주행하여도 내열층의 박리에 의한 열전사헤드의 오염에 우려가 전혀 없고 내열윤활성이 우수하며 잉크층 염료의 내열층 전이가 적은 감열전사 잉크리본의 내열층 조성물에 관한 것이다.",,,주식회사 한솔케미칼
한솔케미칼,36,소멸,"조립식 바닥재, 및 이의 제조 방법",E04F 15/02|C09D 123/00,1009134380000,20090814,1020070111601,20071102,1020090045665,20090508,,20090821,"본 발명은 상부면과 하부면, 및 4개의 측면을 포함하는 바닥재에 있어서, 상기 4개의 측면 중 적어도 한 면은 아크릴레이트계 중합체 코팅층을 포함하는 것인 바닥재를 제공한다. 상기 바닥재는 내수성, 및 내습성이 우수하고, 수명 특성이 우수하여 장기간 사용에 따른 외관 변화가 적고, 시공 후 결합 부위에서 접착이 이루어져 바닥재 간의 연결 부위에서 발생하는 소음이 감소되고, 난방시의 건조나 스팀 청소기 등에 대한 내구성이 우수하다. 바닥재, 라텍스, 코팅층, 고밀도섬유판, 모양지, 아크릴레이트계 중합체, 스틸렌-부타디엔-아크릴레이트공중합체",http://plus.kipris.or.kr/openapi/fileToss.jsp?arg=ed43a0609e94d6e2d625a3dcb0746fe484b73ac8e410bb22930dc4a8c1afcb3506b6f4f3203b3108e8b49371f0b17a49,http://plus.kipris.or.kr/openapi/fileToss.jsp?arg=452306798ef1fd035bfb5ff666db4c9cf44e6e9608087f4007ee086cd5b56fb45dc1664ff3a3a2caf971693bbb364df5,주식회사 한솔홈데코|주식회사 한솔케미칼
한솔케미칼,37,거절,광경화성 광학용 수지 조성물 및 이를 이용하여 제조한 평판디스플레이,C08L 75/14|C08G 18/62|C08G 18/83|G02B 1/04,,,1020130082014,20130712,1020150007696,20150121,,,"본 발명은 (A) (a1) 수평균 분자량 3,000 ~ 20,000의 글리콜계 디올 화합물 및 (a2) 수평균 분자량 1,000 ~ 4,000의 글리콜계 외 디올 화합물로 이루어진 군에서 선택된 1종 이상을 포함하는 혼합물을 이용하여 공중합시켜 얻은 (메타)아크릴 변성 우레탄 수지; (B) 광중합성 단량체; (C) 광중합 개시제; 및 (D) 기능성 첨가제를 포함하는 이루어진 광경화성 광학용 수지 조성물에 관한 것이다. 본 발명에 따른 광경화성 광학용 수지 조성물은 빠른 경화속도를 구현하고 넘침 제어가 가능하여 액정표시장치, 플라즈마 표시장치, 유기발광다이오드 등 평판디스플레이의 표시부와 보호부를 접합하는 광학용 접착제로 사용할 수 있다. 또한 본 발명은 평판디스플레이 패널의 표시부와 보호부의 넓은 면적을 최소한의 두께로 접합시키는 것이 가능하여, 평판디스플레이의 경량화에 기여할 수 있다.",http://plus.kipris.or.kr/openapi/fileToss.jsp?arg=ed43a0609e94d6e22d01c5c32ba711cf13eaf00463ed462326b71b820b76d52a18aa42a72e38e5e910a240371c44b0bbe060df510dbe302b9c9f2c93a298ef9ac39cc7ff3f7ca2da,http://plus.kipris.or.kr/openapi/fileToss.jsp?arg=2ba38663aa11ff0f6ca91af6061a2e00f86daac179ef363ec302d2fc712d8e385d986d3d8de4ceed2ca584ed409be88a15c6b1946ca06c06fc50c94db545c8dc92f0e7b6d00af025,주식회사 한솔케미칼
한솔케미칼,38,소멸,이중구조의 스틸렌 부타디엔계 라텍스의 제조방법,C08F 236/10|C08F 2/24|C08F 2/44|C08L 9/08,1003435440000,20020625,1020000012498,20000313,1020010091130,20011023,,20020720,"본 발명은 접찹력 및 경직도가 우수한 이중구조의 스틸렌 부타디엔계 라텍스의 제조방법에 관한 것으로서, 더욱 상세하게는 입경 및 상반된 물성(접착력, 경직도)을 가지는 두 종류의 씨앗라텍스를 서로 다른 단량체와 서로 다른 유화제를 사용하는 이중 유화제 시스템(Dual Surfactant System)하에서 제조하여 이 두 씨앗 라텍스를 반응 시작 전 적정비율로 혼합함으로써, 제조된 최종 라텍스의 입자경 분포를 조절하고, 라텍스의 접착력, 경직도(Stiffness) 및 유동성 향상 효과를 극대화시킨 새로운 이중구조의 스틸렌 부타디엔계 라텍스의 제조방법에 관한 것이다. 이중 유화제, 단량체, 씨앗 라텍스",,,주식회사 한솔케미칼
한솔케미칼,39,거절,광경화성 무황변 수지 조성물 및 이를 이용하여 제조한 평판디스플레이,C08L 75/14|C08L 33/14|C08G 18/83|C09J 175/14,,,1020130082013,20130712,1020150007695,20150121,,,"본 발명은 (A) (a1) 수평균 분자량 1,000 ~ 4,000의 디올 화합물을 포함하는 혼합물을 이용하여 공중합시켜 얻은 (메타)아크릴 변성 우레탄 수지; (B) 광중합성 단량체; (C) 광중합 개시제; 및 (D) 기능성 첨가제를 포함하는 광경화성 무황변 수지 조성물에 관한 것이다. 본 발명에 따른 광경화성 무황변 수지 조성물은 광특성이 우수하고 외부 환경에 장시간 노출되어도 투명한 색상이 변색되는 황변이 발생하지 않아, 평판디스플레이의 우수한 광특성 발현을 유지시킬 뿐 아니라 평판디스플레이의 고화질 유지에 기여 할 수 있다. 또한 평판디스플레이 패널의 화상 표시부와 보호부의 넓은 면적을 최소의 두께로 접합시키는 것이 가능하여, 평판디스플레이의 경량화에 기여할 수 있다.",http://plus.kipris.or.kr/openapi/fileToss.jsp?arg=ed43a0609e94d6e22d01c5c32ba711cf13eaf00463ed462326b71b820b76d52a18aa42a72e38e5e910a240371c44b0bb5924d67ff28726159ae715d4f156058eba9af89004fc44a2,http://plus.kipris.or.kr/openapi/fileToss.jsp?arg=2ba38663aa11ff0f6ca91af6061a2e00f86daac179ef363ec302d2fc712d8e385d986d3d8de4ceed2ca584ed409be88a925b888c97bf035c7c9f17a751f99bd3201aae92050af710,주식회사 한솔케미칼
한솔케미칼,40,거절,향 발산 열전사 기록용 수용지,B41M 3/00|B41M 5/44,,,1019990021235,19990608,1020010001795,20010105,,,"본 발명은 향 발산 열전사 기록용 수용지에 관한 것으로서, 더욱 상세하게는 열전사 기록용 수용지를 제조시 향료를 적정량 첨가함으로써, 종래의 열전사 기록용 수용지가 열전사 기록 리본으로부터 염료 등을 단순히 구현하는 매체로만 국한되었던 것에 반해, 염료 전사후에도 사진 등의 화상에서 지속적으로 향을 발산할 수 있는 기능성을 부여한 향 발산 열전사 기록용 수용지에 관한 것이다. 열전사 기록용 수용지, 향료",http://plus.kipris.or.kr/openapi/fileToss.jsp?arg=ed43a0609e94d6e2d625a3dcb0746fe44a0c992e2b72e483eb55cb06c966e9ff797be67572fbf664b4ee4e7948025d01,http://plus.kipris.or.kr/openapi/fileToss.jsp?arg=452306798ef1fd035bfb5ff666db4c9c12c88b449407c158d14a57df6d8a210e17b28107e5866d1559d449be2ff735fc,주식회사 한솔케미칼
한솔케미칼,41,소멸,리파아제를 이용한 아지리딘-2-카르복시산 에스테르의 입체선택적 가아민분해 방법,C07B 57/00,1004837230000,20050408,1020010020162,20010416,1020010068029,20010713,,20050418,"본 발명은 아지리딘-2-카르복시산 에스테르로부터 리파아제를 이용한 광학분리를 통하여 광학활성의 가아민분해산물인 아지리딘-2-카르복시산 유도체 및 반응하지 않고 남아 있는 광학활성 산물인 아지리딘-2-카르복시산 에스테르를 각각 수득하는 방법에 관한 것이다. 본 발명은 상기 구조식 (1)의 라세믹 혼합물 또는 부분입체이성질체 혼합물인 아지리딘-2-카르복시산 에스테르를 아민으로 포화된 알코올 용매에서 리파아제를 이용하여 가아민분해(aminolysis)시켜 구조식 (2)의 광학활성 가아민분해 산물인 아지리딘-2-카르복시산 아미드 및 반응하지 않고 남아 있는 구조식 (3)의 광학활성 산물인 아지리딘-2-카르복시산 에스테르를 각각 수득하는 방법에 관한 것이며 R 1 은 벤질, (R)-페닐에틸, 또는 (S)-페닐에틸이고, R 2 는 메틸, 에틸, n-부틸을 포함한다. 아지리딘-2-카르복시산, 리파아제",http://plus.kipris.or.kr/openapi/fileToss.jsp?arg=ed43a0609e94d6e2d625a3dcb0746fe4473881283d6a4c2c6187f8882c30bf708f97c2cefb68008b5e2844ee9a59b974,http://plus.kipris.or.kr/openapi/fileToss.jsp?arg=452306798ef1fd035bfb5ff666db4c9cfad0bf93f73520e615ea1b5651cbec24d6f2613409eecaa0a67a8a698e729c03,주식회사 이매진|주식회사 한솔케미칼
한솔케미칼,42,거절,네오펜틸글리콜의 제조방법,C07C 29/141|C07C 29/94|C07C 31/20|C07C 45/45|C07C 47/19,,,1019960074806,19961228,1019980055573,19980925,,,"본 발명은 네오펜틸글리콜의 제조방법에 관한 것으로서, 더욱 상세하기로는 포름알데하이드와 이소부틸알데하이드를 염기성 수용액에서 반응시키되 이소부틸알데하이드를 적정량 분할투입하고 포름알데하이드를 저농도로 유지하여 알돌반응을 수행하고, 중간체 화합물의 분리없이 곧바로 카니짜로반응을 유발시켜 네오펜틸글리콜의 합성을 극대화시킴과 아울러, 제조 공정 중에 발생하는 폐수의 화학적 산소 요구량의 수준을 경감시키는 효과를 가지고 있어 산업적으로 유리한 네오펜틸글리콜의 제조방법에 관한 것이다.",,,주식회사 한솔케미칼
한솔케미칼,43,소멸,고속 인쇄용 도공지에 사용되는 고 접착력 라텍스의제조방법,C08F 2/22,1003356410000,20020423,1020000008159,20000221,1020010082816,20010831,,20020508,"본 발명은 고속 인쇄용 도공지에 사용되는 고 접착력 라텍스의 제조방법에 관한 것으로, 더욱 상세하게는 반연속식 반응공정중에 투입되는 단량체 혼합물과 연쇄이동제 및 개시제의 투입속도를 조절하여 최종 생산된 공중합체 라텍스의 겔함량 분포 및 분자량 분포가 적절한 범위내에서 입자내에 포괄적으로 균일한 분포를 갖으며, 특히 내블리스터성 및 접착강도가 균형적으로 상승하므로 고속 인쇄용 도공지에 유용한 라텍스의 제조방법에 관한 것이다. 이렇게 제조된 본 발명의 공중합체 라텍스를 함유하는 종이도공용 조성물을 안료와 함께 종이에 도포한 결과, 도공층의 균일한 피막형성에 의하여 각 공중합체 라텍스의 겔함량 및 분자량에 따라 내블리스터성과 접착강도가 균형적으로 상승하는 효과를 나타내었다. 공중합체 라텍스, 내블리스터성, 접착강도",,,주식회사 한솔케미칼
한솔케미칼,44,소멸,아지리딘-2-카르복시산 에스테르로부터 이소세린 및 그유도체들을 제조하는 방법,C07D 263/24|C07D 203/08,1004202630000,20040213,1020010020163,20010416,1020010068164,20010720,,20040302,"본 발명은 아지리딘-2-카르복시산 에스테르를 아실 할라이드와 반응시켜 β-아미노-α-히드록시산 에스테르의 작용기를 가지는 중간체를 제조하고 이들로부터 이소세린 및 이소세린올을 제조하는 방법에 관한 것이다. 본 발명은 상기 구조식 (1)의 아지리딘-2-카르복시산 에스테르를 알킬, 아릴 클로로포메이트, 보다 바람직하게는 메틸, 에틸, 또는 벤질클로로포메이트와 반응시켜 구조식 (2)의 화합물을 제조하거나 또는 아세틸클로라이드와 반응시켜 구조식(3)의 화합물을 제조한 후, 이들의 작용기 변환을 통해 구조식 (4)의 이소세린 및 구조식 (5)의 이소세린올을 제조하는 방법에 관한 것이다. 이때 구조식 (1), (2) 및 (3)의 R 1 은 (R)-페닐에틸, 또는 (S)-페닐에틸이고, R 2 는 에틸 또는 멘톨일을 포함한다. 아지리딘, 이소세린, 이소세린올",http://plus.kipris.or.kr/openapi/fileToss.jsp?arg=ed43a0609e94d6e2d625a3dcb0746fe4473881283d6a4c2c6187f8882c30bf708f97c2cefb68008b63e2fb7d97ed674d,http://plus.kipris.or.kr/openapi/fileToss.jsp?arg=452306798ef1fd035bfb5ff666db4c9cfad0bf93f73520e615ea1b5651cbec24d6f2613409eecaa0f71ae6f30cec507d,주식회사 이매진|주식회사 한솔케미칼
한솔케미칼,45,거절,2-(4-디부틸아미노-2-히드록시벤조일)벤조산의 제조방법,C07C 227/02|C07C 229/52|C07C 213/08|C07C 213/10|C07C 215/76,,,1019960033687,19960814,1019980014628,19980525,,,"본 발명은 다음 구조식(Ⅰ)로 표시되는 2-(4-디부틸아미노-2-히드록시벤조일)벤조산의 제조방법에 관한 것으로서, 더욱 상세하게 설명하면 m-아미노페놀을 출발물질로 하여 다음 구조식(Ⅰ)로 표시되는 2-(4-디부틸아미노-2-히드록시벤조일)벤조산을 제조하는 통상의 제조방법에 있어서, m-아미노페놀과 부틸 할라이드를 반응시킬때 산화마그네슘 또는 트리에틸아민을 염기로 사용하고 유기용매 대신에 물을 용매로 사용하거나 또는 반응용매 없이 반응을 수행하여 경제적으로 유리한 효과를 가지고, 또한 반응이 완전히 완료된 후에 수산화나트륨용액을 사용한 염석(salting out) 효과에 의해 목적 화합물을 분리·정제하므로 통상적으로 불순물로서 존재하는 로다민계 화합물의 존재를 완전히 배제할 수 있는 효과를 가지는 새로운 2-(4-디부틸아미노-2-히드록시벤조일)벤조산의 제조방법에 관한 것이다.",http://plus.kipris.or.kr/openapi/fileToss.jsp?arg=ed43a0609e94d6e2d625a3dcb0746fe477b8e79b56045f07c485b2d1f654259ed1bfb7604230621d28d11c0ae153a0e5,http://plus.kipris.or.kr/openapi/fileToss.jsp?arg=452306798ef1fd035bfb5ff666db4c9c6468d92a0531fdc4627ea240590d3409aa665f33ae28060dce3f0bd15367389c,주식회사 한솔케미칼
한솔케미칼,46,취하,열전사형 화상보호 필름,B41M 5/40|B41M 5/42,,,1019980062273,19981230,1020000045700,20000725,,,"본 발명은 열전사형 화상보호 필름에 관한 것으로서, 더욱 상세하게는 칼라 필름과 화상보호 필름이 한 리본에 연속적으로 연결되어 있는 카드용 열전사 기록 리본에서의 화상보호 필름의 보호층에는 아크릴계 이형액과 로진 수지가 최적비로 함유되어 있어 내구성이 우수함은 물론이고 전사시 이형성도 우수한 화상보호 필름에 관한 것이다.",http://plus.kipris.or.kr/openapi/fileToss.jsp?arg=ed43a0609e94d6e2d625a3dcb0746fe4eb5d6d2c6e2df8a4f32b31b0d85ed85c1162e90527a00ade3459533a6da5904e,http://plus.kipris.or.kr/openapi/fileToss.jsp?arg=452306798ef1fd035bfb5ff666db4c9c0d81ea1410c778cb6655ca52cfc71aa1733fc9ed96136f7821a79ec86fc90c82,주식회사 한솔케미칼
한솔케미칼,47,취하,"2-에틸-5,6,7,8-테트라하이드로안트라퀴논의 제조방법",C07C 46/00|C07C 50/18,,,1019980037624,19980911,1020000019500,20000415,,,"본 발명은 2-에틸-5,6,7,8-테트라하이드로안트라퀴논의 제조방법에 관한 것으로서, 더욱 상세하기로는 2-에틸안트라퀴논을 원료물질로 사용하고 지지체에 담지된 팔라듐 촉매와 비점이 70 ∼ 102℃인 특정 유기용매 존재하에서 고온고압 조건으로 수소환원반응시킨 다음, 산소 또는 공기로 산화반응시켜서 결론적으로는 원료물질의 구조에서 치환기가 치환되지 않은 방향족 고리만이 선택적으로 수소첨가된 다음 화학식 1로 표시되는 2-에틸-5,6,7,8-테트라하이드로안트라퀴논의 제조방법에 관한 것이다.",http://plus.kipris.or.kr/openapi/fileToss.jsp?arg=ed43a0609e94d6e2d625a3dcb0746fe4eb5d6d2c6e2df8a4fd86569364d610635afb19f96e72463a324dfba239595ddf,http://plus.kipris.or.kr/openapi/fileToss.jsp?arg=452306798ef1fd035bfb5ff666db4c9c0d81ea1410c778cb15aef7fd8164a152ff79e5a88d497181aa57e0363217f9b9,주식회사 한솔케미칼
한솔케미칼,48,거절,승화형 감열전사 잉크리본,B41M 5/382|B41J 31/08|B41M 5/395,,,1019970072623,19971223,1019990053054,19990715,,,"본 발명은 승화형 감열전사 잉크리본에 관한 것으로서, 더욱 상세하게는 감열전사 잉크리본의 전사잉크층 조성물중에 바인더 성분으로 폴리비닐포말을 필수적으로 함유시켜 전사감도를 상승시키고, 기재 필름과의 접착력을 개선하여 인쇄시 염료층이 기재필름으로부터 박리되는 현상을 감소시킬 수 있는 승화형 감열전사 잉크리본에 관한 것이다.",,,주식회사 한솔케미칼
한솔케미칼,49,소멸,라세믹화합물의 비대칭 개환반응에 의한 키랄화합물의제조방법,C07B 57/00|C07B 53/00|C07D 303/08|C07C 213/02|B01J 31/26,1004725720000,20050207,1020010061831,20011008,1020030034287,20030509,,20050307,"본 발명은 키랄 살렌금속촉매하에서 라세믹 에폭시화합물의 비대칭 개환반응을 수행하여 입체선택성이 우수한 키랄 에폭사이드 또는 키랄 알코올과 같은 키랄화합물을 제조하는 방법에 있어, 키랄 살렌금속촉매의 활성화 및 안정화를 목적으로 때로는 반응용매겸 다음 화학식 1로 표시되는 화합물을 추가로 함유시키는데 그 특징이 있고, 이로써 고 광학순도의 키랄화합물을 얻으면서도 사용된 키랄살렌금속촉매를 고온에서도 안정한 상태로 보존하며 촉매를 분리하여 재사용시 촉매의 활성을 유지시키는 효과를 갖는다. 따라서, 키랄 살렌금속촉매와 화학식 1의 화합물이 함께 포함된 본 발명의 반응계는 기존의 키랄 살렌금속촉매 반응계와는 달리 첫 반응은 물론 재사용시에도 촉매를 활성화시키는 첨가물이 별도로 첨가될 필요없는 경제적이고 실용적인 시스템이다. 화학식 1 상기 화학식 1에서 : R, Y, n 및 A는 각각 발명의 상세한 설명에서 정의한 바와 같다. 키랄 살렌금속촉매, 라세믹 에폭시화합물, 키랄 에폭사이드, 입체선택적 가수분해",http://plus.kipris.or.kr/openapi/fileToss.jsp?arg=ed43a0609e94d6e2d625a3dcb0746fe4473881283d6a4c2c9c936cfdcee292af473c7745087d9e70fed8ba22a4340a8e,http://plus.kipris.or.kr/openapi/fileToss.jsp?arg=452306798ef1fd035bfb5ff666db4c9cfad0bf93f73520e60e0ea40aabdd27019c73724987172bb477c47dd7a6901973,주식회사 한솔케미칼
한솔케미칼,50,소멸,아르부틴 제조용 중간체의 제조방법,C07H 1/00|C07H 15/203,1004604530000,20041129,1020030003017,20030116,1020040065830,20040723,,20041208,"본 발명은 아르부틴 제조용 중간체의 제조방법에 관한 것으로서, 더욱 상세하게는 다음 화학식 1로 표시되는 베타-D-글루코스펜타아세테이트와 다음 화학식 2로 표시되는 모노 또는 다이 트리메틸실릴 하이드로퀴논을 루이스 산 촉매 존재 하에서 β-O-글리코실레이션 반응하여 다음 화학식 3으로 표시되는 아르부틴 제조용 중간체를 제조하는 방법에 관한 것이다. 상기에서, Ac는 아세틸 그룹을 나타내고; R은 트리메틸실릴 그룹이고 R 1 과 R 2 는 각각 수소원자 또는 트리메틸실릴 그룹을 나타내며, 단 R 1 과 R 2 둘 중의 적어도 하나는 트리메틸실릴 그룹이다. 아르부틴, 베타-D-글루코스펜타아세테이트, 하이드로퀴논, 루이스 산",http://plus.kipris.or.kr/openapi/fileToss.jsp?arg=ed43a0609e94d6e2d625a3dcb0746fe48a5ee3d6a139d53e2c46b98e937e1713058978168c834586f14b3f84c230c538,http://plus.kipris.or.kr/openapi/fileToss.jsp?arg=452306798ef1fd035bfb5ff666db4c9c1531c25f20055517f73fdef63668261777510a0b380f5eeca7e6d91e4570478a,주식회사 한솔케미칼
한솔케미칼,51,거절,(E)-터비나핀 또는 이의 염산염의 제조방법,C07C 209/68|C07C 211/30,,,1020020006517,20020205,1020030066186,20030809,,,"본 발명은 (E)-터비나핀 또는 이의 염산염의 제조방법에 관한 것으로서, 더욱 상세하게는 N-메틸-1-나프탈렌메탄아민 또는 이의 염산염과 (E)-1,3-클로로프로펜을 출발물질로 하고, 상기 출발물질을 약염기 존재 하에 수용성 유기용매 또는 이의 수용액 상에서 반응시켜 (E)-N-(3-클로로-2-프로펜일)-N-메틸-1-나프탈렌메탄아민을 중간체로 제조한 후에, 팔라디움(Ⅱ)을 사용한 3,3-디메틸-1-부틴과의 커플링 반응을 수행하여 고수율, 고순도의 다음 화학식 1로 표시되는 (E)-터비나핀 또는 이의 염산염을 경제적으로 제조하는 방법에 관한 것이다. (E)-터비나핀, (E)-터비나핀 염산염",http://plus.kipris.or.kr/openapi/fileToss.jsp?arg=ed43a0609e94d6e2d625a3dcb0746fe454c99e47ce599fba9671d5d3178c4c2f45c1ee5154954cb4ef310462b30c10a1,http://plus.kipris.or.kr/openapi/fileToss.jsp?arg=452306798ef1fd035bfb5ff666db4c9cf9a9b73d316615831eec0f9c3b42ec963e6509d226a7e2d04c06960f29c395dc,주식회사 한솔케미칼
한솔케미칼,52,거절,트리메틸올프로판 디알릴 에테르의 제조방법,C07C 41/06|C07C 43/178,,,1019980026821,19980703,1020000007460,20000207,,,"본 발명은 트리메틸올프로판 디알릴 에테르의 제조방법에 관한 것으로서, 더욱 상세하게는 트리메틸올프로판, 알릴 할라이드 및 금속 염기를 사용한 반응에서의 트리메틸올프로판 금속염과 알릴 할라이드의 원활한 반응을 위하여 4급 암모늄염을 상전이 촉매로 첨가시켜 제조수율의 향상과 디-알릴 에테르의 함량이 보다 증가되도록 하며, 경우에 따라서는 일정량의 유기용매를 선택적으로 사용하여 상전이 촉매를 보다 활성화시키는 다음 화학식 1로 표시되는 트리메틸올프로판 디알릴 에테르의 개선된 제조방법에 관한 것이다.",http://plus.kipris.or.kr/openapi/fileToss.jsp?arg=ed43a0609e94d6e2d625a3dcb0746fe4eb5d6d2c6e2df8a4cd8b5f86059631689094404bf38b85373c53272c614e405b,http://plus.kipris.or.kr/openapi/fileToss.jsp?arg=452306798ef1fd035bfb5ff666db4c9c0d81ea1410c778cb6d9f7e028e1492419908196b6695777eab24873150355a7b,주식회사 한솔케미칼
한솔케미칼,53,취하,종이도공용 고접착성 스틸렌-부타디엔계 라텍스의 제조방법,D21H 19/56|C09J 109/04|C08F 236/10|C08L 9/06,,,1019980064118,19981231,1020000047315,20000725,,,"본 발명은 종이도공용 고접착성 스틸렌-부타디엔계 라텍스의 제조방법에 관한 것으로서, 더욱 상세하게는 씨앗 라텍스를 초기에 소량 투입하고, 나머지 씨앗 라텍스를 단량체와 같이 연속적으로 투입하면서 중합반응을 진행하는 한편, 씨앗 라텍스의 불연속적 다수 투입법을 동시에 적용하여 라텍스의 입도분포를 넓게함으로써, 저전단 영역과 고전단 영역에서 우수한 작업성을 부여하고, 이중구조 라텍스 뿐만 아니라 삼중구조 라텍스의 접착력이 증가되어 도공액에 라텍스 투입량을 줄여도 동일한 접착효과를 얻을 수 있으므로 원가절감 효과를 얻을 수 있는 종이도공용 고접착성 스틸렌-부타디엔계 라텍스의 제조방법에 관한 것이다.",,,주식회사 한솔케미칼
한솔케미칼,54,거절,네오펜틸글리콜의 분리회수방법,C07C 29/86|C07C 29/141|C07C 31/20|C07C 45/45|C07C 47/19,,,1019960074807,19961228,1019980055574,19980925,,,"본 발명은 네오펜틸글리콜의 분리회수방법에 관한 것으로서, 더욱 상세하기로는 포름알데하이드와 이소부틸알데하이드의 알돌반응 및 카니짜로반응후 얻은 반응액을 감압농축하여 네오펜틸글리콜을 분리회수하되 농축과정에서 수층과 유기층의 수분함량을 특정 범위로 조정하여 적은 추출용매 사용으로도 추출율을 극대화하는 네오펜틸글리콜의 분리회수방법에 관한 것이다.",http://plus.kipris.or.kr/openapi/fileToss.jsp?arg=ed43a0609e94d6e2d625a3dcb0746fe477b8e79b56045f072bc9dd49cefb9629c2ef7b62fa2ece49ce1c1d721787da37,http://plus.kipris.or.kr/openapi/fileToss.jsp?arg=452306798ef1fd035bfb5ff666db4c9c6468d92a0531fdc4dbc23560d1fda981cb058e9b5e86f0bfea96adb402e80960,주식회사 한솔케미칼
한솔케미칼,55,거절,네오펜틸글리콜의 정제방법,C07C 29/82|C07C 29/44|C07C 29/14|C07C 31/20,,,1019960074808,19961228,1019980055575,19980925,,,"본 발명은 네오펜틸글리콜의 정제방법에 관한 것으로서, 더욱 상세하기로는 포름알데하이드와 이소부틸알데하이드의 반응후 반응생성물을 추출 및 세척하여 유기층을 회수하고 유기층에 순수를 특정량 유입하여 공비증류(azeotropic distillation)하므로써 고순도 네오펜틸글리콜을 정제하는 방법에 관한 것이다.",http://plus.kipris.or.kr/openapi/fileToss.jsp?arg=ed43a0609e94d6e2d625a3dcb0746fe477b8e79b56045f072bc9dd49cefb9629c2ef7b62fa2ece49c39cf1dabdfe5d9b,http://plus.kipris.or.kr/openapi/fileToss.jsp?arg=452306798ef1fd035bfb5ff666db4c9c6468d92a0531fdc4dbc23560d1fda981cb058e9b5e86f0bf433150d2c05e1c49,주식회사 한솔케미칼
HANSOL,3,등록,식품 정렬용 플레이트 자동 투입 및 적재장치,A21B 1/46|B65G 60/00|B65G 21/20|A23P 30/00,1019821660000,20190520,1020170151245,20171114,1020190054556,20190522,,20190524,"본 발명은 식품 정렬용 플레이트 자동 투입 및 적재장치에 관한 것으로, 더욱 상세하게는 식품 공급공간 내에 배치된 구간 이송 컨베이어부에, 식품 공급부에서 공급되는 오븐 가열을 요하는 쿠키 반죽이나 증숙처리를 요하는 만두 등 후가공을 요하는 식품의 식품 플레이트들의 단계적인 공급공정과, 이송공정, 및 적재대의 적재레일에 식품들이 정렬된 식품 플레이트들을 정형화되게 적층시켜 배출하는 적재공정을 순차적으로 수행하는 식품 정렬용 플레이트 자동 투입 및 적재장치에 관한 것이다.",http://plus.kipris.or.kr/openapi/fileToss.jsp?arg=ed43a0609e94d6e22d01c5c32ba711cfddeb5e7a94a915bf59d10d2594e77ab0bad2ba47eeb8ae0ffcb09444dfd23f654ed9a23854556293bcf8d57e667137fb9f9617694aa2e417,http://plus.kipris.or.kr/openapi/fileToss.jsp?arg=2ba38663aa11ff0f6ca91af6061a2e00364cbf9c4829c2a3e75ceda707ccaa9b44906bffb4b9965ea6cba7d26c434660a1ca0fd3c232e92f362a840972409a1321d0bb3d9a323859,(주)한솔기계
HANSOL,4,등록,자동차용 대쉬 아우터의 조립 구조,B60R 13/02|F16B 5/06|B60R 11/00,1022477580000,20210428,1020190132691,20191024,,,,20210506,"대쉬 아우터에 영구자석을 갖춘 장착수단을 조립하고, 장착수단을 대쉬 패널에 구성한 장착 돌기에 끼워서 조립할 수 있게 구성함으로써, 장착 돌기에 맞춰서 장착수단을 끼우기만 하면 자력으로 쉽고 신속하게 장착할 수 있게 하여 작업효율을 높이면서도 작업자가 안전하게 작업할 수 있다. 특히, 대쉬 아우터를 사이에 두고 제1클립과 제2클립을 조립할 때, 그 사이에 영구자석을 삽입하여 조립함으로써, 미리 작업대 등에서 장착수단을 쉽고 편리하게 장착한 다음, 조립 현장에서 장착 돌기에 맞춰서 장착수단을 끼우기만 하면 조립할 수 있다. 이때, 제1클립에 대쉬 아우터에 압착하게 압착 돌기를 돌출 형성하므로, 제1클립과 제2클립을 하나로 결합할 때 결합력을 높여 대쉬 아우터를 더욱 견고하게 고정할 수 있다.",http://plus.kipris.or.kr/openapi/fileToss.jsp?arg=ed43a0609e94d6e22d01c5c32ba711cf454560368d7a37690e761f102dd235517d3b3e302e90ef68bbeb46dac111e2bdf7258a1bed0f6e7df5fa6a7820a921dfee440fd98fe1d239,http://plus.kipris.or.kr/openapi/fileToss.jsp?arg=6c650beb4cee9ce4122b704b88878c93df9f185acdb9df3632061b471aaf6ee25cc2a9e9e0b1a21ea985bd238d2338c8830fb12e17256b076e6e76e116f6ae46a44c95bba17a68f8,주식회사 대한솔루션
HANSOL,5,소멸,버스용 비상 탈출 장치,B60R 21/00|B60R 99/00|B25D 17/02|B25D 17/28,1019665460000,20190401,1020170124986,20170927,1020180072520,20180629,,20190405,"본 발명은 버튼 또는 레버를 단순히 조작하는 동작만으로 윈도우를 용이하게 파쇄시킬 수 있도록 함으로써, 버스 승객의 비상 탈출이 원활하게 이루어질 수 있도록 한 버스용 비상 탈출 장치에 관한 것이다. 이를 위해, 본 발명은 스프링의 탄성복원력에 의하여 전진 또는 각회전 가능한 가격부재와, 스프링의 압축 상태를 해제하는 버튼 또는 레버를 포함하는 비상탈출모듈을 윈도우 글래스의 상단 또는 일측 차체패널면에 장착하여, 상기 버튼 또는 레버를 해제 조작하는 동시에 스프링의 탄성복원력에 의하여 가격부재가 전진 또는 회전하면서 윈드우 글래스를 파쇄시킬 수 있도록 한 것을 특징으로 하는 버스용 비상 탈출 장치를 제공한다.",http://plus.kipris.or.kr/openapi/fileToss.jsp?arg=ed43a0609e94d6e22d01c5c32ba711cf38921b8aaa7b229ee8f228b86b00e5601359370d62146a4bb47f0c93676eb1360a49c714c41235e183d4520f37d2c837474fd175d035b3c8,http://plus.kipris.or.kr/openapi/fileToss.jsp?arg=2ba38663aa11ff0f6ca91af6061a2e007b78b0c03607749a80922486e04986f40a6db98e90588a753cf85f56a8c60930038684e9f5ad63ff1cba47b6ed1f4a81bbabb374fcdd9526,강원대학교산학협력단|현한솔|이원형|양주석|최지훈|김연덕|정제윤
HANSOL,7,소멸,녹화식생이 가능한 콘크리트 블록,E02D 17/20|B28B 3/02,1002475640000,19991213,1019980013515,19980415,1019990080343,19991105,,20000315,"본 발명은 녹화식생이 가능한 콘크리트 블록에 관한 것으로서, 더욱 상세하게는 일정한 크기의 조골재, 시멘트, 물, 첨가제 등으로 구성된 콘크리트 조성물을 성형하여 강도와 안정성을 가질 뿐만 아니라 식물의 뿌리가 정착할 수 있도록 일정한 공극율 및 연속공극이 형성됨으로써 제방이나 옹벽 등의 사면의 안정을 가져올 수 있고 인간에게 보다 친숙한 환경을 제공할 수 있는 녹화식생이 가능한 콘크리트 블록에 관한 것이다.",,,한솔개발주식회사|한솔홀딩스 주식회사|월송환경복원 주식회사
HANSOL,8,등록,자동차용 글라스 파괴 장치,B60R 21/00|B60R 99/00,1029502580000,20260403,1020240170520,20241126,,,,20260409,"본 발명은 A 필러에 탄성 지지를 받는 회전식 해머를 장착하고, A 필러에 장착된 와이어에 연결되어 강제 회전할 수 있게 구성함으로써, 긴급 상황이 발생했을 때 와이어를 잡아당기는 간단한 동작만으로 쉽게 글라스가 파손되게 하여 안전하고 신속하게 탈출하여 인명피해를 줄일 수 있다. 특히, 본 발명은 회전식 해머를 A 필러의 상부에 장착함으로, 회전식 해머가 글라스의 상부 모서리 부분을 가격하여 글라스가 쉽게 파손되어 신속하게 탈출할 수 있다. 또한, 본 발명은 A 필러를 자동차 실내 측에서 마감하는 필러 트림에 커버를 구성하고, 이 커버를 개방하여 와이어를 잡아당길 수 있게 구성함으로써, 정상적인 상황에서는 와이어가 외부에 노출하지 않게 하면서도 필요할 때 신속하게 와이어를 잡아당겨 신속하게 대피할 수 있다.",http://plus.kipris.or.kr/openapi/fileToss.jsp?arg=ed43a0609e94d6e22d01c5c32ba711cfa0f02787fc53beab6a6da6342cde11fd2b99c8ab0e9d12fc165eb7bda661cee8d91d910707d4f902dbea0e6485ab5de5808fd2dbb85d90b8,http://plus.kipris.or.kr/openapi/fileToss.jsp?arg=6c650beb4cee9ce4122b704b88878c9344e96d51d5a9da236adf7799361dca635ff0dadb0e7e8733fe5906dc82da52b1aa5d9757710298274da6d9166dfcb94a2b0de6170c3ee679,주식회사 대한솔루션
HANSOL,10,공개,자동차용 컵 홀더 안정화 유지장치,B60N 3/10|B60R 7/04|B60R 7/08|B60R 11/00,,,1020240068529,20240527,1020250169750,20251204,,,"본 발명은 자동차용 컵 홀더 안정화 유지장치에 관한 것으로, 컵 홀더가 자동차의 주행 방향을 따라 상하로 제자리 회전할 수 있게 컵 홀더 플레이트에 장착되고, 자동차가 언덕을 오르내리는 것을 감지하여 이 컵 홀더가 상하로 움직이면서 수평 상태를 유지할 수 있게 제어하도록 구성함으로써, 자동차가 주행하면서 언덕을 오르내릴 때처럼 차체가 앞뒤로 기울어지더라도 컵 홀더에 끼워서 사용하는 컵의 내용물이 쏟아지거나 넘치는 것을 방지하여 쾌적한 실내 환경을 조성할 수 있다. 특히, 본 발명은 기울기 센서, 자이로스코프, 수평기, 그리고 레이저 수평 측정기를 사용하여 차체의 기울기를 검출하고, 이를 바탕으로 컵 홀더가 수평 상태를 유지할 수 있게 구성함으로써, 컵에 담긴 내용물을 안정적으로 수평 상태를 유지하게 한다.",http://plus.kipris.or.kr/openapi/fileToss.jsp?arg=ed43a0609e94d6e22d01c5c32ba711cf613fae601b450fe2a9cf0deb66577f4f42aff006edb28036d77c2c993919a669cbbea951e7a7023d4541f25fc84e4410de1a6ddcf355c996,http://plus.kipris.or.kr/openapi/fileToss.jsp?arg=6c650beb4cee9ce4122b704b88878c9381600c8d64fb69b4112144cd3ac6e682f184eb62e807a0005d533d559b5236461cde23b1a9e55a0d986b1ea1a89514fcb44140e8567ca27c,주식회사 대한솔루션
HANSOL,12,공개,리튬금속전지용 기공 구조 변화를 통한 기능성 분리막의 제조방법 및 그 기능성 분리막,H01M 50/403|H01M 50/411|H01M 50/491,,,1020240131296,20240927,1020260045931,20260406,,,"아세톤과 탈이온수로 이루어진 용매에, PVdF-HFP를 용해 후 UV 중합으로 얻은 P(AN-VIPS-VMSN)이 균일하게 혼합되어 있는 고분자 용액을 캐스팅 방식으로 고정시켜 얻은 전구체를 진공압 상태에서 용매를 증발시켜 건조함으로써, 높은 전기화학안전창과 높은 열적 안정성을 가지면서도 기공성 고분자 분리막을 쉽게 제작할 수 있다. 특히, 고분자에 필러로 VMSN을 가교제로 추가함으로써, 고분자와의 화학적 결합을 유도하여 분리막의 물성 증가를 도모함과 동시에, 다공성 실리카 나노 입자가 골고루 분산될 수 있게 하여 액체 전해질의 흡수율 개선으로 전해질 용량의 증가로 전지 용량과 전력 밀도를 향상시킬 수 있다. 또한, 고분자에 모노머로 VIPS를 첨가함으로써, 리튬염의 해리도 향상과 균일한 리튬이온 흐름 유도가 원활하게 이루어지게 하여 충・방전이 신속하게 이루어질 뿐만 아니라, 리튬덴드라이트의 성장을 억제하여 안정성을 얻을 수 있다.",http://plus.kipris.or.kr/openapi/fileToss.jsp?arg=ed43a0609e94d6e22d01c5c32ba711cfcccad921db724efc48324327c7716909b9cc166f9dc99d5974fc4d1d28178fb3bace24eb3e84c20e09f5270434cf3846fe5101970cf02315,http://plus.kipris.or.kr/openapi/fileToss.jsp?arg=6c650beb4cee9ce4122b704b88878c931e29801e589c7b646dad3867640cca69805dfb0f82d12f74826bb61430d2622e33948fec3a15ed39a082f0522439bbbff8dd3b13e3021ab3,주식회사 대한솔루션|인하대학교 산학협력단
HANSOL,14,공개,푸리에 적외선 분광법을 이용한 폴리우레탄 폼의 황변에 따른 흡음성능 정량적 판별방법,G01N 21/3563|G01N 21/84|G01N 21/35,,,1020240114104,20240826,1020260029691,20260305,,,"본 발명은 폴리우레탄 폼을 크리스탈 위에 올려놓은 다음 적외선을 조사하여 반사하게 한 다음, 푸리에 적외선 분광법을 통해 황변이 발생하는 C-H 결합의 피크(P)를 디콘볼루션(Deconvolution)하여, 파수 2,900cm-1에서의 피크(P1) 세기와 2,850cm-1에서의 피크(P2) 세기로 분리한 다음, 이를 통해 정량적 수치( )를 계산함으로써, 황변에 대한 정량적 수치를 얻을 수 있을 뿐만 아니라, 황변으로 흡음 성능이 저하하는 것을 정량적으로 확인할 수 있게 한다. 또한, 본 발명은 여러 개의 폴리우레탄 폼 샘플에 대해 상술한 판별방법으로 정량적 판별이 가능하게 구성함으로써, 샘플에 대해 상대적으로 황변 정도와 흡음 성능 저하 정도를 쉽게 비교하여 분석할 수 있게 한다.",http://plus.kipris.or.kr/openapi/fileToss.jsp?arg=ed43a0609e94d6e22d01c5c32ba711cf6d11f9c78b1fe41aeb93c7f024d19fa164b79328e2b41f0464415cbbc1f56445be4d620b9b097d54dbc37da8d372d7138818abe8aa4b6cf3,http://plus.kipris.or.kr/openapi/fileToss.jsp?arg=6c650beb4cee9ce4122b704b88878c9372ec71bbcfe5c14bd16038dc7e12dd43b7c31595385a0d0fea96f5055c53222c9b2d802a04bb5679071cf5471d09cbd9ffb6368a35f7d1e3,주식회사 대한솔루션
HANSOL,17,등록,만두 성형시스템,A23P 20/20|A23P 30/10|A23P 30/20,1023855630000,20220407,1020200081608,20200702,1020220003854,20220111,,20220509,본 발명은 반죽시트에서 만두피를 성형하여 성형틀의 성형홈에 투입하는 만두피 성형 투입공정과; 상기 만두피가 투입된 성형틀 내에 만두속을 충진하는 만두속 충진공정과; 상기 만두속이 충진된 만두피를 봉합하는 만두피 봉합공정; 및 상기 성형이 완료된 만두를 취출하는 만두 취출공정을 포함하는 만두의 성형에 따른 일련의 공정을 연속적으로 수행하는 만두 성형시스템에 관한 것이다.,http://plus.kipris.or.kr/openapi/fileToss.jsp?arg=ed43a0609e94d6e22d01c5c32ba711cf516dca98402ede50810364e5c1036b0359a53db1c5ff47ca76f87416aeb7251bb4d236576b3cf2763f404bdcdcd4fa5677afa462d4e76c01,http://plus.kipris.or.kr/openapi/fileToss.jsp?arg=6c650beb4cee9ce4122b704b88878c93f21a874e61d0689f81acdf5d328d42e79f01923573308d99393e3b7297e70960e5f86da765dc453f50f7cc5389de651bfda30116a77182a7,(주)한솔기계
HANSOL,18,등록,헤드 라이너의 OHC 플레이트 고정용 지그,B60R 13/02,1020969310000,20200330,1020180101511,20180828,1020200024611,20200309,,20200406,"본 발명은 OHC 플레이트를 부착하지 않을 때는 가압 봉을 지지 튜브에 끼워넣어서 보관하고, OHC 플레이트를 부착할 때는 가압 봉의 길이 중간 부분이 지지 튜브 끝에 끼워서 ""T""자 형태가 되게 하여 OHC 플레이트 양쪽을 가압할 수 있게 구성하므로, 정해진 위치에서 같은 힘을 OHC 플레이트에 가하게 하여 쉽고도 정확한 위치에 부착할 수 있다. 특히, 본 발명은 이처럼 필요할 때만 꺼내서 OHC 플레이트를 고정하게 구성하므로, 고정용 지그의 설치 공간을 최소화하면서도 부착 작업을 쉽고도 신속하게 진행할 수 있고 또한, OHC 플레이트가 작아 손으로 누르기 어려울 때도 가압 봉으로 균일하게 눌러서 부착하므로, 좁은 공간에서도 쉽고 정확하게 정해진 위치에 OHC 플레이트를 부착하여 작업할 수 있다.",http://plus.kipris.or.kr/openapi/fileToss.jsp?arg=ed43a0609e94d6e22d01c5c32ba711cf5b8844cae83a15d828a36b5aacb21f265d445576f9fb301e9f8d4e309883c1f8633e3e6945d08ecf19e645ffe6bb3cdff2347812a5fa25cb,http://plus.kipris.or.kr/openapi/fileToss.jsp?arg=2ba38663aa11ff0f6ca91af6061a2e003c357a75c77de555939ed257607f7336673062d30a758367107600db22dc79a0d1e11f7ae5542aa7676937fe648db4db5bb92c0344cdce3b,주식회사 대한솔루션
HANSOL,19,공개,식품 포장용 용기,B65D 5/20|B65D 5/56|B65D 25/14|B65D 5/42,,,1020240115094,20240827,1020260030420,20260306,,,"본 발명은 식품 포장용 용기에 관한 것으로, 종이 재질 기반으로 제조되어 마련되어 분리 배출이 용이한 식품 포장용 용기를 제공하기 위한 것이다.",http://plus.kipris.or.kr/openapi/fileToss.jsp?arg=ed43a0609e94d6e22d01c5c32ba711cfe341aa53914b9e8c378cd9d26df603ac00637c429f0d6cf6e22196c905c25c87adc97339e080f5d3845a72ffb7e2c7064b9e67cb53fe1223,http://plus.kipris.or.kr/openapi/fileToss.jsp?arg=348aaf18c46825cf02d6c2de1c78338eac833154c0a37dac68ae507a52b5ccc1998c218a3e696e9f27f92d20edb57687cf0fff6ddb75015d75a64b66d1e53b1bd933a364d4dfde38,한솔제지 주식회사
HANSOL,21,등록,패널 표면오염 측정장치,G01N 21/94|G01N 21/47|G01N 21/03|H02S 40/22|H02S 50/10,1028806220000,20251030,1020240158234,20241108,,,,20251104,"패널 표면오염 측정장치는 발광부, 투과창, 직광 수광부, 오염도 산출부를 포함한다. 직광 수광부는 투과창이 눕혀진 상태에서 출력광이 공기만을 통과한 후 수신되는 제1 직광과 투과창이 세워진 상태에서 출력광이 공기 및 투과창을 통과한 후 수신되는 제2 직광을 순차 수신한다.",http://plus.kipris.or.kr/openapi/fileToss.jsp?arg=ed43a0609e94d6e22d01c5c32ba711cf704e5620fd06d9a6d0c47e62a39e4e71c77b4d31722fae1d620d39c964022508bdab7ae953bfdca1537e07fddba5b1953dfef5d5395a06c1,http://plus.kipris.or.kr/openapi/fileToss.jsp?arg=6c650beb4cee9ce4122b704b88878c939a3444d13e28908eb6ef28939e646033326392cb46967cd4e37f04e67e24340e721504d248d8ae27b0936a262ac9e7a1efa9f1f8f2709e81,(주)한솔엠에스
HANSOL,26,등록,적외선-LED를 이용한 경화 장치,B29C 35/08|B29C 35/00|G21K 5/10|F21V 29/89|F21V 29/74|F21V 29/67,1018319290000,20180219,1020160100817,20160808,1020180016868,20180220,,20180223,"본 발명은 도장, 코팅 및 접착 중 어느 하나를 위한 물질이 도포된 제 1형태의 제품 또는 제 2형태의 제품을 이송시키는 이송유닛; 상기 이송유닛의 이송경로 상에 설치되며, 상기 이송유닛을 통해 이송되는 제 1형태의 제품에 도포된 물질 전체를 경화시키거나 상기 이송유닛을 통해 이송되는 제 2형태의 제품에 도포된 물질을 전체 또는 부분적으로 경화시키기 위해 적외선을 선택적으로 조사하는 다수의 적외선-LED 및 상기 다수의 적외선-LED가 배치되는 기판을 포함하는 적외선-LED 조사기; 상기 적외선-LED 조사기에 의해 발생되는 열을 방열시키는 방열유닛; 및 상기 이송유닛, 적외선-LED 조사기 및 방열유닛을 제어하는 컨트롤러; 를 포함하는 구성이다. 본 발명에 의하면, 적외선-LED를 이용하여 투과율이 높은 적외선을 제품에 조사함으로써 제품의 두께에 따라 달라지는 경화 속도의 차이를 최소화시킬 수 있으며, 적외선-LED 조사기가 제품의 크기 또는 형태에 따라 면 타입(type) 또는 바 타입(bar type) 마련될 수 있기 때문에 제품의 형태에 따라 제품에 도포된 물질을 전체 또는 부분적으로 선택하여 경화시킬 수 있다.",http://plus.kipris.or.kr/openapi/fileToss.jsp?arg=ed43a0609e94d6e22d01c5c32ba711cf0be624c503e0f0d30af8eb1548deaf74f3f1b93e2fea20735d3696fff76872e464dce9ca8d9a12c53f5b9fb0348bb0777247c4d4c0c0c9d0,http://plus.kipris.or.kr/openapi/fileToss.jsp?arg=2ba38663aa11ff0f6ca91af6061a2e002661ef30e0f156794eb76f2df02efe1d8bfe45dfebc25dbea2001b90f2ba15549c3f20b3cca06a5484f94561493225a2a90b4b3a0566990f,한솔테크닉스(주)
HANSOL,27,공개,아쿠아포닉스 시스템,A01G 31/02|A01K 63/00|A01K 63/04|A01K 63/06|H04N 23/00|G06T 7/00|G06Q 50/02|A01G 7/04|A01G 31/00,,,1020240103809,20240805,1020260021151,20260213,,,"본 발명의 일실시예는 재배공간 내부에 마련되고, 공급된 물을 이용하여 재배하는 재배수조, 내부에 마련된 전해수기를 이용하여 상기 재배수조로부터 공급된 물을 소독하는 소독수조 및 상기 소독수조로부터 소독된 물을 제공받고, 수생동물의 생육 환경을 조성하는 수족관을 포함하되, 상기 수족관으로부터 배출된 물이 상기 소독수조 또는 상기 재배수조로 공급됨에 따라 물의 순환구조를 가지는 아쿠아포닉스 시스템을 제공한다.",http://plus.kipris.or.kr/openapi/fileToss.jsp?arg=ed43a0609e94d6e22d01c5c32ba711cfa17bd37caf22baa5f9627e227bb146d6db3a612db02abc7cbc4b77cc856b2bee93bafb65127255f440bd9c2a928bf517dec6beb6ea2c8c89,http://plus.kipris.or.kr/openapi/fileToss.jsp?arg=6c650beb4cee9ce4122b704b88878c93fad9a74797c12f8b91630499053f1df18e39b0a440a8c5437ebba99c48c188aa61e11c2a82ff0ad0077c17f186086b1346453e9baff18dc3,찬솔사회적협동조합
HANSOL,28,등록,락토바실러스 및 비타민 배양물을 유효성분으로 함유하는 피부장벽 강화용 화장료 조성물,A61K 8/67|A61Q 19/00,1025195910000,20230404,1020220178147,20221219,,,,20230410,"본 발명은 락토바실러스 및 비타민 배양물을 유효성분으로 함유하는 화장료 조성물에 관한 것으로서, 구체적으로는 양배추에서 분리된 균주인 락토바실러스 플란타룸 Wikim 126(기탁번호:KFCC11872P)을 비타민 C, 비오틴(Biotin), 판토텐산(Pantothenic Acid)을 함유한 배지에서 배양하여 제조되는 배양물을 유효성분으로 함유하여 피부 보습, 피부 장벽강화 및 피부 진정활성이 우수한 화장료 조성물에 관한 것이다.",http://plus.kipris.or.kr/openapi/fileToss.jsp?arg=ed43a0609e94d6e22d01c5c32ba711cff01840c6cbc04cf037211e78e962d7921ee502d18a6e20f546e572011b712845ae31259fda6c67bbb577d9cc9ae3ee18a6c6564aa89657f9,http://plus.kipris.or.kr/openapi/fileToss.jsp?arg=6c650beb4cee9ce4122b704b88878c93bc74857729d6cf94d8bdc0edf47dadcdcf86a6c7aae520694c1c13776018a518e7ae5d92bd0fa03733f120e211718d12261ec9ce54017b6f,(주)한솔바이오텍|주식회사 트리엔바이오
HANSOL,33,등록,자동차용 대시 인너 인슐레이션 마운팅 클립,B60R 13/08|B60R 13/02,1029137630000,20260113,1020240131007,20240926,,,,20260120,"보강 패드를 대시 인너 인슐레이션에 장착할 때 사용되는 클립을 대시 패널에 미리 장착해 놓은 스터드에 대고 강제로 눌러서 끼움 조립할 수 있게 구성함으로써, 보강 패드가 대시 패널에 견고하게 고정되게 하여 보강 패드에 주름이 생기는 현상을 방지할 수 있게 할 뿐만 아니라, 대시 인너 인슐레이션을 견고하게 고정하는 효과를 얻을 수 있다. 또한, 클립을 대시 패널에 구성된 스터드에 대고 강제로 누름에 따라, 클립의 장착 구멍에 스터드가 강제로 끼워지면서 쉽고 편리하면서도 간편하게 조립하여 안전하게 사용할 수 있다. 그리고 장착 구멍에 압착 부분이 일체로 돌출하게 구성함으로, 클립을 스터드에 조립할 때 장착 구멍과 스터드 사이에 압착 부분이 강제로 끼게 하여 더 강하게 조립하여 안전하고 편리하게 사용할 수 있다.",http://plus.kipris.or.kr/openapi/fileToss.jsp?arg=ed43a0609e94d6e22d01c5c32ba711cf3806c5186cce0de8fdaae8cc79fec59d3a35a46fbd3353e4cf7adedd755a6e163ddb5c6cc60318bbcb052e617c5c60c280f06a439efabe0b,http://plus.kipris.or.kr/openapi/fileToss.jsp?arg=6c650beb4cee9ce4122b704b88878c93619136053475114d72c4a91d2e45c9c5615fa3574689ea984a6af89f14d63afc9852b1f2659c8ce1290eb188d0ca76f0d98067eaed0a1d5d,주식회사 대한솔루션
HANSOL,34,등록,하이브리드형 안테나 패턴 연결 구조를 가지는 안테나 유닛,H01Q 1/22|H01Q 9/04|H01Q 7/00|H01Q 1/38,1019415300000,20190117,1020170044270,20170405,1020180113064,20181015,,20190123,"본 발명은 하이브리드형 안테나 패턴 연결 구조를 가지는 안테나 유닛을 개시한 것으로, 이러한 본 발명은 무선 전자 결제를 위한 MST용 안테나 패턴부를 복수로 구성시 이를 솔레노이드 타입과 루프 타입이 혼용되도록 하이브리드형으로 구성하거나, 루프 타입을 이루는 WPT용 안테나 패턴부가 적용되는 안테나 유닛인 경우 무선 전자 결제를 위한 MST용 안테나 패턴부를 솔레노이드 타입으로 구성하는 하이브리드형으로 구성한 것이고, 이에따라 MST용 안테나 패턴부에서 무선 전자결제를 위한 데이터를 송수신시 그 송수신에 따른 방사 성능을 높여 접촉 방식과 비접촉 방식 모두에서 무선 전자 결제가 오류없이 원활하게 이루어질 수 있도록 하는 한편, 루프 타입을 이루는 MST용 안테나 패턴부와 WPT용 안테나 패턴부를 모두 적용하는데 따른 실장 면적을 줄이도록 하면서도 그 면적 대비 데이터 송수신에 따른 방사 성능은 개선시킨 것이다.",http://plus.kipris.or.kr/openapi/fileToss.jsp?arg=ed43a0609e94d6e22d01c5c32ba711cff43ddae0ba289d85d26c6b4d0a4da4b6d8cbd15a077390ccd9684d74c767285078dc34c5e10c20c08ab9b37afa952dce268d5a87ecc031d5,http://plus.kipris.or.kr/openapi/fileToss.jsp?arg=2ba38663aa11ff0f6ca91af6061a2e00c017c89eb39696a8c62255e80de03f12e30e79edf8660689ee2b164b3e2364f875332e56006b88f20cb4e2cb96bceb22621c815c4c5a00c4,한솔테크닉스(주)
HANSOL,36,등록,고정상 건조장치를 이용한 슬러지 연료화 장치 및 연료화 방법,C10L 5/46|C02F 11/127|C02F 11/13|F26B 21/20|F26B 3/04|F26B 23/00,1011764270000,20120817,1020110106452,20111018,,,,20120830,"본 발명은 고정상 건조장치를 이용한 슬러지 연료화 장치 및 연료화 방법에 관한 것으로서, 습슬러지를 저장하는 습슬러지 저장부와, 슬러지를 건조시키는 건조부와, 건조슬러지를 이송시키는 이송부와, 건조슬러지를 소정범위의 입자사이즈에 따라 분리하는 선별부와, 건조슬러지를 배출하는 배출부와, 건조슬러지를 회송하는 회송부와, 건조슬러지와 습슬러지를 혼합하는 혼합부와, 건조슬러지를 저장하는 건조슬러지 저장부를 포함하는 것을 특징으로 한다. 따라서, 본 발명에 따르면 경제적이고 효율적으로 슬러지를 건조할 수 있을 뿐 아니라, 폐 슬러지를 연료화하여 재활용할 수 있는 효과를 제공한다.",http://plus.kipris.or.kr/openapi/fileToss.jsp?arg=ed43a0609e94d6e22d01c5c32ba711cf9c8b407fa29026028e30d6ff1bdd67ffbf70bdef5a75514b95db5ce6002006d5d6b5e37eb1ad6c5475883aaf20b74a65d3b574e53191c635,http://plus.kipris.or.kr/openapi/fileToss.jsp?arg=452306798ef1fd03bf8e5ba4e1dbf7260412ec21cbddc73cb85c5736ab14bf0c2be1890a57ee09a80bddbdea2296b8f74531a1f16c024f8975f0d1c0268dbeef28f375b41fd2b12f,(주)포스코이앤씨|한솔이엠이(주)|주식회사 포스코엔지니어링|수도권매립지관리공사
HANSOL,37,공개,"3차원 입체 형상의 진공 증착 장치, 이를 이용하는 3차원 입체 형상의 진공 증착 방법 및 이를 이용하여 제조된 반도체 제조 공정용 부품",C23C 14/50|C23C 14/22|C23C 14/24|C23C 14/08|C23C 14/06|C23C 16/458,,,1020220182719,20221223,1020240100760,20240702,,,"본 발명은 3차원 입체 형상의 진공 증착 장치, 이를 이용하는 3차원 입체 형상의 진공 증착 방법 및 이를 이용하여 제조된 반도체 제조 공정용 부품에 관한 것으로, 구체적으로 진공 증착 과정에서 3차원 입체 형상을 갖는 피증착물을 자전 및 회전시켜 피증착물의 상면 및 측면 모두를 단차 없이 증착층을 형성시킬 수 있는 3차원 입체 형상의 진공 증착 장치, 이를 이용하는 3차원 입체 형상의 진공 증착 방법 및 이를 이용하여 제조된 반도체 제조 공정용 부품에 관한 것이다.",http://plus.kipris.or.kr/openapi/fileToss.jsp?arg=ed43a0609e94d6e22d01c5c32ba711cfbc45856b34c20333f8bfddd7a5ace4efdd9eb639e766046c03b772dc38365d73a759b51b3e2d80d3160be21a9779d2bbed24d5bae8fd1586,http://plus.kipris.or.kr/openapi/fileToss.jsp?arg=6c650beb4cee9ce4122b704b88878c938229e78164455f17df5e9902cdedda3cab209c788ddccdfe47bd96fed070e9f5dd87384dc538f5a7f4123bc58f229ffa1f8eaa621c9e8762,한솔아이원스 주식회사
HANSOL,40,등록,뒷좌석 탑승자의 두부 상해를 줄일 수 있는 자동차용 헤드라이너,B60R 21/04|B60R 13/02|B60R 21/00,1021704950000,20201021,1020190121119,20190930,,,,20201029,"DLO 최상단점을 헤드라이너의 뒤쪽 가장자리로 설정함으로써, 이 DLO 최상단점과 어퍼 루프를 구획한 선으로 정해지는 UR 교점의 중심 위치에 리어 헤더 포인트가 기존 위치에서 뒤로 밀리게 된다. 따라서, 뒷좌석 탑승자가 헤드라이너에 부딪힐 때 턱이 회전할 수 있는 공간 확보로 두부에 가해지는 HIC값을 낮춰서 두부 상해 정도를 줄일 수 있다. 특히, DLO 최상단점과 리어 헤더 포인트 사이가 112㎜ 이상이면 DLO 최상단점에서 112㎜가 되는 지점을 리어 헤더 포인트로 설정하거나, DLO 최상단점을 지나는 XY면과 리어 헤더 포인트가 이루는 각도가 0.5~10° 범위이거나 XY면에서 Z축 방향의 높이 차이를 1~10㎜로 설정함으로써, 턱이 회전할 수 있는 공간을 확보하여 두부 상해 정도를 줄일 수 있다.",http://plus.kipris.or.kr/openapi/fileToss.jsp?arg=ed43a0609e94d6e22d01c5c32ba711cf98a27862ad924afadade04018ec0820f9d3a5ce25d9d2579f2a20f7acba10bf3c82b2ed2f8d6afe7984a54ba7206087c87c03bacdc57018b,http://plus.kipris.or.kr/openapi/fileToss.jsp?arg=2ba38663aa11ff0f6ca91af6061a2e00b98c097737c793f0b3d9a1a8dc53956389a6482b56d4bae1169ebf599efb9746140d84f8a0495256dd1c9e28a43a44208eea8a14056c8876,주식회사 대한솔루션
HANSOL,41,등록,클린룸 설치용 밴드형 파이프 고정기구,F16L 3/04|F16L 3/24,1021678500000,20201014,1020200090143,20200721,,,,20201020,"본 발명은 클린룸에 설치용 밴드형 파이프 고정기구에 관한 것으로, 더욱 상세하게는 호(弧) 형상으로 이루어지되 파이프 상부 외면을 감싸도록 설치되는 밴드부재 및 파이프 하부 외면을 감싸되 상기 밴드부재 양측이 삽입 고정되어 파이프가 브라켓에 설치될 수 있도록 하는 받침부재를 포함하되, 상기 받침부재는 파이프 하면을 지지하는 받침체 및 상기 받침체와 탈착 가능하게 구비되어 상기 밴드부재를 단계별로 고정하는 한 쌍의 고정체를 포함하는 것을 특징으로 한다.",http://plus.kipris.or.kr/openapi/fileToss.jsp?arg=ed43a0609e94d6e22d01c5c32ba711cfd1215f8ed0965305d693287775ea58087200f14c79d63034d42d3b30bf8cc62a1ce913d8b68b6cb22b3902c8dfd556c0e165cfde760e233c,http://plus.kipris.or.kr/openapi/fileToss.jsp?arg=2ba38663aa11ff0f6ca91af6061a2e00f8f275395694091440d19c7f9bf68e9723687181c9e5490c3be8bdfec1c7b55c7bce2d34395d6a09fed439a50e9239b590b3a096dc2f275c,주식회사 한솔세미텍
HANSOL,42,등록,스컴 저감 기능을 갖는 2상 혐기소화조,C02F 3/28|C02F 1/40,1011846480000,20120914,1020120037283,20120410,,,,20120920,"산발효조와 메탄발효조가 일체형으로 형성된 혐기소화조에 관한 것으로, 스컴 저감 기능을 갖는 2상 혐기소화조가 개시된다. 산발효조와 메탄발효조의 공간을 분할하고, 하부에 1 이상의 통수구가 형성된 원통형 경계벽, 경계벽 상부의 내측에 이격하여 고정 설치되는 드래프트 튜브 및 드래프트 튜브 내부에서 회전하도록 설치되어 산발효조 상부로 공급된 유기성 폐수를 하강 및 교반시키는 상부 교반기를 포함하여 구성된다. 이에 의해 유기성 폐수 중 비중이 낮은 물질을 강제적으로 하강시켜 스컴 발생을 억제하고, 스컴이 산발효조의 수면 중앙부에 모이게 함으로써 스컴을 효율적으로 제거할 수 있다.",http://plus.kipris.or.kr/openapi/fileToss.jsp?arg=ed43a0609e94d6e22d01c5c32ba711cf898eb2061a6a81b200a7fbc1f1499257ca77d26ea13987bd347cc667306dabbbc716b2426fcad9aee6079e75af52a10622186e8c9d5a607f,http://plus.kipris.or.kr/openapi/fileToss.jsp?arg=452306798ef1fd03bf8e5ba4e1dbf72659c4e8d2eec4c118a9f787e42e0595763454d566b007761e7bb59a00977748d1e95c39f939dd6429345d882d2ef805026285a214639a802f,(주)포스코이앤씨|한솔이엠이(주)|주식회사 포스코엔지니어링|수도권매립지관리공사|주식회사 건화
HANSOL,43,등록,자동차의 헤드 라이닝에 브래킷을 부착하는 방법 및 그 헤드 라이닝,B60R 13/02|B62D 25/06|B29C 65/02|B60R 11/00|B29L 31/30,1017867110000,20171011,1020160087225,20160711,,,,20171018,"본 발명은 헤드 라이닝과 접촉하는 브래킷 면적을 넓히고 또한 열 융착 필름을 이용하여 브래킷을 헤드 라이닝에 부착할 수 있게 구성하므로, 공정 수를 줄이면서도 불필요한 구성을 없애 비용 저감과 더불어 중량 감소로 연비를 높일 수 있게 한 자동차의 헤드 라이닝에 브래킷을 부착하는 방법 및 그 헤드 라이닝을 제공하는 데 그 목적이 있다.",http://plus.kipris.or.kr/openapi/fileToss.jsp?arg=ed43a0609e94d6e22d01c5c32ba711cf2674eff003f6eb977900132d15a4b5e6ad280c7527527d22da3443f8f15ff31506cd7f9c058f86a47d51c73532002e29552dd5a5534645ab,http://plus.kipris.or.kr/openapi/fileToss.jsp?arg=2ba38663aa11ff0f6ca91af6061a2e00f8643b96387669593f444f30efb04e54f92404bac49d7283cca6ba4a84b8b25601214f98870d0398c4883c1dda3a3afa1cc79f40927791f5,현대자동차주식회사|기아 주식회사|주식회사 대한솔루션
HANSOL,45,등록,부단류 공법용 플러깅 장치,F16L 55/11|F16L 41/16,1027389680000,20241202,1020230109238,20230821,,,,20241204,"본 발명의 부단류 공법용 플러깅 장치는, 배관에 형성된 분기공을 마감하는 부단류 공법용 플러깅 장치에 있어서, 클램프 삽입공이 형성되며, 상기 분기공을 마감하도록 상기 배관의 외주면을 감싸는 하우징; 및 상기 클램프 삽입공을 향하도록 상기 하우징에 설치된 캠 가이드; 상기 하우징의 클램프 삽입공에 설치되며 상기 캠 가이드와 캠 동작에 의해 인출 및 압축되며 상기 배관의 내주면을 고정하는 클램프;를 포함하는 것을 특징으로 한다. 이에 따라, 하우징과 클램프의 사이에 분기공을 배치하여 분기공의 내측과 외측을 클램핑하여 분기공을 안정적으로 마감(밀폐)하는 효과를 제공한다.",http://plus.kipris.or.kr/openapi/fileToss.jsp?arg=ed43a0609e94d6e22d01c5c32ba711cf410fe6683e78da47892574cb478b2e5ea50560d9d865844c5b0e7d1d7d0b9ce1fc492d8c94b071347fff8ac494f69b6f95fd6e527ac65454,http://plus.kipris.or.kr/openapi/fileToss.jsp?arg=6c650beb4cee9ce4122b704b88878c936266278aac885cf0baf4e5faf3e61c0590773b4da4cef856d3f5af04ccd551312ac481469a1f1529997089953d267c03ff932decbf1864d1,전한솔
HANSOL,47,소멸,전기포트 및 가전기기,A47J 27/21,1023371740000,20211203,1020210105562,20210810,,,,20211209,"냉각 기능을 갖는 전기포트 및 가전기기를 개시한다. 가전기기는 안착부를 포함하는 본체 및 상기 안착부에 안착되고 전열부를 포함하는 가열용기를 포함하고, 상기 본체는 상기 가열용기의 바닥면을 마주보게 배치되고, 상기 가열용기를 향해 공기를 토출하는 벤트홀을 포함하고, 상기 본체는 상기 벤트홀에서 토출되는 공기를 이용하여 상기 가열용기를 냉각 가능하다.",http://plus.kipris.or.kr/openapi/fileToss.jsp?arg=ed43a0609e94d6e22d01c5c32ba711cfdeeb133d86672edf2902876b3bc3560ad877bfc1e12776c15b83809c0a99de2598bb0a660110709b5a206759627bce3a57526e8d6d58abe4,http://plus.kipris.or.kr/openapi/fileToss.jsp?arg=6c650beb4cee9ce4122b704b88878c93984206dfc1566914e6373bcd978217f0d4f334eedf920ce1bd1ec697e864ef5ec163d8179487d23bb8896ff40198d23525af2d457978fdcb,주한솔
HANSOL,48,등록,자동차용 룸램프 브래킷,B60Q 3/51|B60R 13/02|F16F 15/04|B60R 11/00,1021447540000,20200810,1020190035696,20190328,,,,20200818,"본 발명은 룸램프 브래킷을 구성하는 브래킷 보디의 가장자리에 자리를 돌출 형성하고, 이 자리에 완충 패드를 장착할 수 있게 구성하므로, 완충 패드의 장착 위치를 쉽게 확인하여 정해진 위치에 신속하고 정확하게 설치할 수 있어 조립효율과 더불어 품질을 높일 수 있게 한 자동차용 룸램프 브래킷을 제공한다. 특히, 자리에 리브를 돌출 형성하고, 이 리브가 자리 위에 설치하는 완충 패드의 가장자리를 둘러싸게 구성하므로, 완충 패드이 장착 위치를 더욱 신속하고 정확하게 알 수 있게 한 자동차용 룸램프 브래킷을 제공한다. 또한, 브래킷 보디의 각 변에 하나씩 자리를 형성하므로, 브래킷 보디 주변에 여러 개의 완충 패드를 안정적으로 부착할 수 있어 룸램프를 편리하게 이용할 수 있게 한 자동차용 룸램프 브래킷을 제공한다.",http://plus.kipris.or.kr/openapi/fileToss.jsp?arg=ed43a0609e94d6e22d01c5c32ba711cfe6a5f97cf56c93e7a67fcce0a662bc4422833c2a73159cea5c5c00719778660e551159cef301185a3490b2d27846049e8dcb83e7fb59c7e0,http://plus.kipris.or.kr/openapi/fileToss.jsp?arg=2ba38663aa11ff0f6ca91af6061a2e005a16bdfc1a31e6be38c56b392dec4a43f1b45553c7da0317b69e58dd0596d41edfed36e2ab0def89743ea04fd462f2cda1f9fec335284a40,주식회사 대한솔루션
HANSOL,49,등록,차량의 헤드라이닝 가결합용 브라켓 및 이를 이용한 헤드라이닝의 장착 방법,B60R 13/02|B62D 25/06,1014160450000,20140701,1020130056106,20130520,,,,20140709,"본 발명은 차체에 장착된 가결합용 브라켓의 결합부가 탄성변형되어 일정 범위의 간격 내에서 유동될 수 있도록 구성함으로써, 헤드라이닝의 가결합된 위치가 원하는 위치로부터 벗어나더라도 이 결합부의 탄성 변형되는 간격을 이용하여 헤드라이닝을 정확한 장착 위치에 설치할 수 있게 한 차량의 헤드라이닝 가결합용 브라켓 및 이를 이용한 헤드라이닝의 장착 방법을 제공하는데 그 목적이 있다. 이러한 목적을 달성하기 위한 본 발명에 따른 차량의 헤드라이닝 가결합용 브라켓은, 차체(P)에 걸 수 있도록 구성된 후크(120) 및 헤드라이닝(L)에 가결합되는 결합부(110)를 포함하되, 상기 결합부(110)는 자체 탄성변형이 가능하도록 후크(120)에 일체로 형성된 것을 특징으로 한다.",http://plus.kipris.or.kr/openapi/fileToss.jsp?arg=ed43a0609e94d6e22d01c5c32ba711cf4878fc68a5d9d8fe02ff4d942fefa409464234d7eb0ffe18f24d83ed80e96b03b1614a97f85c080ea02496cca814c2f1103026bc69ecc039,http://plus.kipris.or.kr/openapi/fileToss.jsp?arg=2ba38663aa11ff0f6ca91af6061a2e00459b7a6be83650c14823c43963d2625b97b3ee8d63c73f922e2d206c23741527d12ccf522f6cbf2ae35f808610094846e2156094684a62d8,주식회사 대한솔루션
HANSOL,50,등록,앞유리의 양측 가장자리에서 흘러내리는 수분을 배수하는 자동차용 대시 인슐레이션,B60R 13/07|B60R 13/08,1028173340000,20250602,1020230161037,20231120,1020250074802,20250528,,20250611,"본 발명은 A 필러나 유리창의 측면 가장자리를 따라 흘러내리는 수분이 대시 패널에 닿음에 따라, 이러한 수분이 정해진 경로를 따라 흐르도록 유도로를 형성하고, 이 유도로의 끝에는 배수 구멍을 형성하여 유도된 수분이 대시 패널과 마주하는 대시 인슐레이션 면으로 유도될 수 있게 구성함으로써, 수분이 대시 인슐레이션 면을 타고 아래로 흘러 클러스터 전자기기 등에 맺히는 현상을 미리 방지하여 안전운행을 할 수 있게 한다. 또한, 본 발명은 유도로를 대시 인슐레이션의 상부 모서리 부분에 각각 형성하는데, 조수석 쪽에 형성된 유도로는 집수된 수분이 대시 인슐레이션의 측면 가장자리를 통해 중력을 받아 자연스럽게 흘러내리도록 구성함으로써, 주변 전자 기기에 영향을 주지 않고 안심하고 안전하게 사용할 수 있게 한다.",http://plus.kipris.or.kr/openapi/fileToss.jsp?arg=ed43a0609e94d6e22d01c5c32ba711cfca919f71edc257efb6395d0327a29fe05ab93515eda4e47fb4216fabba6c46b6b0cffb9be772b5031844a6f66cb23d0909cfa42d1624a242,http://plus.kipris.or.kr/openapi/fileToss.jsp?arg=6c650beb4cee9ce4122b704b88878c9397b4c2030ae3ce3dd3726d5c054dcd2fd44d0f1534cfa1ac4d62e20cd012e67b05fd58d7629de2871a5e1af3af779789321cd6d296c72fc5,주식회사 대한솔루션
HANSOL,51,등록,자동차용 헤드라이너 패드 자동 부착장치,B62D 65/14|B62D 65/18|B23P 21/00|B62D 65/02,1014160320000,20140701,1020120105547,20120924,1020140039440,20140402,,20140708,"본 발명은 악조건에서 수동으로 이루어지던 패드의 부착 고정을 자동 로봇 암을 이용하여 자동화함으로써, 작업환경의 개선과 함께 안전성의 확보 그리고 작업효율의 개선을 통해 품질을 높일 수 있게 한다. 특히, 본 발명은 자동 로봇 암에 복수의 진공흡입기가 구비된 진공장치를 장착하고, 각 진공흡입기를 통해 패드를 흡착한 다음 헤드라이너에 부착할 수 있도록 패드 정렬판을 구비함으로써, 약 25개 전후의 패드를 부착하는데 있어서 진공흡입기의 흡착 순서를 미리 정해놓을 수 있게 되어 자동 로봇 암의 이송거리를 최소화하여 작업효율을 더욱 더 향상시켜 준다. 이러한 목적을 달성하기 위한 본 발명에 따른 자동차용 헤드라이너 패드 자동 부착장치는, 차체와의 틈새와 단차를 방지하기 위하여 헤드라이너의 테두리 부분에 복수의 패드를 부착시켜 주는 자동차용 헤드라이너 패드 자동 부착장치에 있어서, 이송된 헤드라이너를 미리 정해진 위치에 정렬시켜 주는 프레임; 복수의 진공흡입기를 포함하는 흡입장치가 구비되며, 상기 프레임에 장착되어 다축을 이용하여 다방향으로 움직이는 적어도 하나의 자동 로봇 암; 및 프레임의 측부에 설치되며, 윗면에는 상기 진공흡입기가 진공흡입하여 고정시키는 패드를 삽입할 수 있도록 복수의 패드삽입홈으로 구성된 패드열이 적어도 1열 형성된 패드 정렬판;을 포함하여 이루어진 것을 특징으로 한다.",http://plus.kipris.or.kr/openapi/fileToss.jsp?arg=ed43a0609e94d6e22d01c5c32ba711cf2df6ff546cb7e20cbef3a4e14f58681cc2dbf52b5b27c886165a189a95190dc6445dcf273ce5d2a3b851b73b90c0d7955887b4644faba42c,http://plus.kipris.or.kr/openapi/fileToss.jsp?arg=2ba38663aa11ff0f6ca91af6061a2e00c7c5fb536c1cba6844a51db60b6dc1fca6309b32e0ad93da36a4dd678f308bdd37bef39a4767f1b4bd0f013bdc4819ceb62772eda7b67190,주식회사 대한솔루션
HANSOL,52,거절,A 필러의 사각지대를 없애주는 디스플레이 시스템,B60R 1/23|B60R 11/02|B60K 35/60|B60K 35/28|B60R 11/00,,,1020230081801,20230626,1020250000231,20250103,,,"A 필러에 가려 발생하는 사각지대 부분을 카메라로 촬영한 다음, 그 영상을 A 필러 트림 면에 설치된 디스플레이를 통해 보여줄 수 있게 구성함으로써, 마치 A 필러가 없는 상태로 사각지대 부분을 눈으로 직접 보는 것과 같은 효과로, 사각지대가 발생하지 않게 하면서도 현실적으로 더 정확하게 장해물 등을 확인하여 신속하게 적절한 대처를 할 수 있게 한 A 필러의 사각지대를 없애주는 디스플레이 시스템을 제공한다. 또한, 사각지대에 장해물이 있는지 센서로 검출하고, 장해물이 있으면 경고수단을 통해 운전자에 경고할 수 있게 구성함으로써, 운전자가 디스플레이를 통해 눈으로 확인함과 동시에 경고수단을 통해 장애물을 확인하여 적절하고 안전하게 조치할 수 있게 한 A 필러의 사각지대를 없애주는 디스플레이 시스템을 제공한다.",http://plus.kipris.or.kr/openapi/fileToss.jsp?arg=ed43a0609e94d6e22d01c5c32ba711cfafcfef8e4c1dbd199f355d3d9ddc64773dc40ee826b2c48d76b6fb5a7454d541b1043f82d757d6f786d412e1bc736defc02bd51767044aab,http://plus.kipris.or.kr/openapi/fileToss.jsp?arg=6c650beb4cee9ce4122b704b88878c93ba01442f876df834d1c7896c6fa611b615d5bae89df0b23284bace02c05ea8cc1150b5fff1352c9b82efc889147eee0ecbc2a80dbd22b1c8,주식회사 대한솔루션
HANSOL,53,거절,차량 충돌 사고가 발생시 자동차용 끼임 방지 시트 조립 구조,B62D 25/08|B60N 2/42|B62D 25/20,,,1020180134656,20181105,1020200051906,20200514,,,"본 발명은 자동차 충돌사고가 발생했을 때 엔진을 통해 전달받은 충격으로 움직이도록 플로어 패널에 장착한 안전 프레임에 자동차용 시트를 장착하므로, 충돌사고가 발생하여 엔진이 밀리더라도 엔진이 안전 프레임이 밀리면서 자동차용 시트도 함께 뒤로 밀리게 하여 운전자나 탑승자가 끼는 사고를 방지할 수 있다. 특히, 안전 프레임을 자동차의 주행방향과 나란하게 설치하므로, 엔진에 가해진 충격력이 이 안전 프레임에 가해졌을 때 안전 프레임과 자동차용 시트가 함께 뒤로 밀리면서 이러한 끼임 현상을 방지할 수 있다. 또한, 자동차의 주행 방향과 나란하게 2열로 안전 프레임을 배치하므로, 자동차의 충돌 사고가 정면에서 발생하지 않더라도 충격력을 받은 쪽의 안전 프레임이 뒤로 후퇴하면서 이러한 끼임 현상을 방지할 수 있다.",http://plus.kipris.or.kr/openapi/fileToss.jsp?arg=ed43a0609e94d6e22d01c5c32ba711cfa836d78eeac3b4e8a66d0cc15330a4fd64e06ffd402c0884455ad385d1f9a4c116adcca3d9dc127588bdb82625b5f2d60188ae438ca45c74,http://plus.kipris.or.kr/openapi/fileToss.jsp?arg=2ba38663aa11ff0f6ca91af6061a2e00d667b52935638ba6f1c6c8c1097552446a46306d18464187d2f5c43fb23d6818b3c5594857e6447c69a55f6866994375ee57907c7056f138,주식회사 대한솔루션
HANSOL,54,거절,자동차 필러 플레이트에 장착되는 비상 탈출 망치,B60R 21/00|B60R 99/00|B25D 1/00|B60R 11/00,,,1020220168671,20221206,1020240084159,20240613,,,"본 발명은 필러 플레이트에 형성된 수납공간에 해머를 수납하고 커버로 마감했다가 사용할 때는 커버를 개방하여 해머를 꺼내서 사용할 수 있게 구성함으로써, 해머를 사용하지 않을 때는 자동차 실내에서 해머가 보이지 않게 하여 자동차 실내의 미감과 미관을 개선할 수 있다. 특히, 본 발명은 수납공간을 마감하는 커버가 위에서 아래로 회전하면서 개방하게 구성함으로, 손으로 커버를 누르면 커버가 중력을 받아 쉽게 개방하여 신속하게 해머를 꺼내서 긴급 상황에 대처할 수 있다. 또한, 본 발명은 이러한 비상 탈출 망치는 루프패널을 지지하는 여러 개의 필러 중 적어도 하나에 장착함으로, 긴급한 상황이 발생했을 때 비상 탈출 망치 주변에 있는 운전자나 탑승자가 바로 비상 탈출 망치를 사용하여 신속하고 안전하게 탈출할 수 있다.",http://plus.kipris.or.kr/openapi/fileToss.jsp?arg=ed43a0609e94d6e22d01c5c32ba711cf3613093faf7c9395a879835ff7e53b1cd7f2fb6575a07845cdd93af21f72b602d1f1ab6dc7f9189b597aa05a2252292c3cc4e6ea7ea1f447,http://plus.kipris.or.kr/openapi/fileToss.jsp?arg=6c650beb4cee9ce4122b704b88878c9354006a114ef49fe2f7910295b303ae3a65ac0d149a6e26b5d209238b9d82ffef860887cbe06d34eee4a1eca4b1288f341af58522bbdb3c80,주식회사 대한솔루션
HANSOL,55,거절,자동차용 다용도 선바이저,B60J 3/02|B60Q 3/252|B60R 16/04,,,1020220012811,20220128,1020230116190,20230804,,,"원터치 커플링을 통해 피벗에서 선바이저를 분리할 수 있게 구성하고, 운전자와 앞좌석 탑승자만 이용하던 선바이저를 뒷좌석 탑승자가 활용할 수 있게 할 뿐만 아니라, 자동차 실외에서도 선바이저를 조명 등으로 사용할 수 있게 하여 다양하게 활용할 수 있게 한다. 특히, 상기 선바이저에 흡착판이나 자석과 같은 부착수단을 갖춤으로써, 선바이저를 뒷좌석 문의 창문에 부착하거나 루프패널 또는 자동차 패널에 부착하는 등 원하는 위치에 쉽고 편리하게 부착하거나 떼어낼 수 있게 하여 편리하게 사용할 수 있게 한다. 또한, 상기 선바이저에 보조 배터리와 LED 조명을 갖춤으로, 보조 배터리를 통해 휴대단말 충전과 같이 충전 효과와 더불어 자동차 실내외에서 조명이 필요할 때 언제든지 쉽고 편리하게 조명으로 사용할 수 있게 한다.",http://plus.kipris.or.kr/openapi/fileToss.jsp?arg=ed43a0609e94d6e22d01c5c32ba711cf3583621afd3c3488ea8279c56856aea3f2a63c77b9a1aab4f81415e5de10025a535994405853918ce94806e3746b87d689915ea329d86fc4,http://plus.kipris.or.kr/openapi/fileToss.jsp?arg=6c650beb4cee9ce4122b704b88878c93843c1f1a18635ba839cefaf2896a4ea955a78bdbaf448e0c9790cf1b1e10991633bc32816cd97d53f3edf5fd0ad5e104ff2f4da286be0f22,주식회사 대한솔루션
HANSOL,56,거절,사용이 편리한 필기 노트,B42D 5/04|B42F 13/00|B42F 13/16|B42F 3/04|B42F 3/00|B42D 1/00,,,1020210035606,20210319,1020220138451,20221013,,,"본 발명은 링또는 스프링으로 철 한 속지를 보호하는 커버에 받침판을 구성하고, 양쪽의 속지 매수의 차이로 높이 차이가 발생할 때 이 받침판이 링 또는 스프링에 걸쳐지게 하여 속지를 바쳐줄 수 있게 구성함으로써, 글을 쓸 때 손이 링 또는 스프링을 쉽게 넘으면서 글을 쓸 수 있어 링 또는 스프링 가까운 부분까지 쉽고 편리하게 필기할 수 있게 한다. 특히, 받침판을 필기 노트의 양쪽 면에 구성된 각 커버에 각각 구성함으로써, 오른손으로 글을 쓰거나 왼손 또는 양손으로 글을 쓰는 것과 상관없이 항상 편리하게 이용할 수 있게 한다. 그리고 링 또는 스프링을 이용하는 노트와 다이어리 그리고 플래너 등에 적용할 수 있음으로, 링 또는 스프링로 속지를 철 하는 것이라면 어떠한 것이라도 적용하여 편리하게 이용할 수 있다.",http://plus.kipris.or.kr/openapi/fileToss.jsp?arg=ed43a0609e94d6e22d01c5c32ba711cf45c72fa7c7c227fc57e7207250834f436bf0204cbe51b5677a9f237edf0ebc2455b2499e268ae44f05905640f771d8d6ff28f02ea53dd659,http://plus.kipris.or.kr/openapi/fileToss.jsp?arg=6c650beb4cee9ce4122b704b88878c934fe33cd899c586256c074fbf387dc003624709022cedf7a908756bde720be18528bc53abc76b2dded99bb51e55d814626583748ab85f7c5c,주식회사 대한솔루션
HANSOL,57,거절,자동차의 어시스트핸들 장착용 고정 브래킷,B60N 3/02,,,1020220012817,20220128,1020230116194,20230804,,,"어시스트핸들을 회전 지지하게 고정 브래킷에 형성된 지지 구멍 내면에 핀과 선 접촉 또는 점 접촉하는 적어도 세 개의 지지 돌기를 구성함으로써, 핀과 선이 접촉하여 발생하는 마찰저항을 최소화하면서도 이들 사이의 간격을 최소화하여 소음이나 이음이 발생하지 않아 쾌적한 실내 환경을 조성하면서도 어시스트핸들이 원활하게 동작할 수 있게 한다. 특히, 이웃한 두 개의 지지 돌기 사이 간격을 같게 제작함으로써, 어시스트핸들을 통해 핀에 전해진 외력에 대해 각 지지 돌기에 균일하게 분산하여 흡수할 수 있게 구성하여 내구성을 개선할 수 있다. 또한, 이러한 지지 돌기를 짝수 개로 형성하여 서로 마주하게 돌출 형성함으로, 이러한 외력 분산 효과를 높이면서도 외력이 어느 한쪽으로 쏠리지 않고 균일하게 분산하여 흡수할 수 있다.",http://plus.kipris.or.kr/openapi/fileToss.jsp?arg=ed43a0609e94d6e22d01c5c32ba711cf3583621afd3c3488ea8279c56856aea3f2a63c77b9a1aab4f81415e5de10025a2e6c750d74b03110d3634dcf545d2c08cba1ef5f4f5f8dd5,http://plus.kipris.or.kr/openapi/fileToss.jsp?arg=6c650beb4cee9ce4122b704b88878c93843c1f1a18635ba839cefaf2896a4ea955a78bdbaf448e0c9790cf1b1e109916f77acc7f1e8bf609a84f5dba8318d62dbac2bf1aefed832f,주식회사 대한솔루션
HANSOL,58,거절,진동 충격 방지용 자동차 시트,B60N 2/50|B60N 2/54|B60N 2/52|B60N 2/68,,,1020210037567,20210323,1020220132355,20220930,,,"본 발명은 자동차 시트와 플로어 패널 사이에 제진기를 장착하여 일체로 조립할 수 있게 구성함으로써, 플로어 패널을 통해 자동차 시트로 전해지는 진동을 제진기에서 흡수할 수 있게 하여 안전하면서도 쾌적한 실내 환경을 조성할 수 있다. 특히, 앞좌석과 같이 쿠션의 위치 등을 조절할 수 있도록 시트 트랙을 갖춘 자동차 시트일 때는, 제진기를 시트 트랙과 플로어 패널 사이에 장착함으로써, 이러한 자동차 시트의 위치 조절에 방해를 주지 않으면서도 플로어 패널을 통해 전해지는 진동 충격을 흡수하여 안전하고 편리하게 이용할 수 있다. 또한, 쿠션의 크기를 고려하여 적절한 개수의 제진기를 장착함으로써, 쿠션에 가해지는 탑승자의 체중을 고려하여 진동 충격을 충분하게 흡수할 수 있게 하여 쾌적한 실내 환경을 조성할 수 있다.",http://plus.kipris.or.kr/openapi/fileToss.jsp?arg=ed43a0609e94d6e22d01c5c32ba711cfb9f4724bf38f2b3bdb7892b956584fc74df6190e0ad1199f9394e0a2ba9617fcb873480d32768037002d4bbfdca081693ab6d3ec8be08b53,http://plus.kipris.or.kr/openapi/fileToss.jsp?arg=6c650beb4cee9ce4122b704b88878c93c3f70cc4e505417745cafecf986c7d7517f08704fdee5580c819d376fa67b829e74456761ec7e705f7886b6738b3f7b4a3628b976842c9e8,주식회사 대한솔루션
HANSOL,59,거절,자동차용 헤드 라이닝의 조립 이송 장치,B29C 63/48|B60R 13/02|B05B 1/32|B05B 12/02,,,1020170057772,20170509,1020180123752,20181120,,,"본 발명은 2열의 분사 노즐에 각각 전자식 밸브를 장착하여 분사하는 물의 흐름을 차단할 수 있게 구성하여 분사 노즐에서 물을 분사하지 않을 때는 전자식 밸브로 물 흐름을 차단함으로써, 분사 노즐의 내부 샤프트 파손으로 생길 수 있는 누수 현상을 방지하여 헤드 라이닝의 품질이 떨어지는 것을 방지하고, 또한 분사 노즐의 교환 시기를 늦춰 유지 보수가 쉬우면서도 교체 비용을 줄일 수 있게 한다. 특히, 본 발명은 분사 노즐에서 물을 분사할 때는 분사시기보다 조금 일찍 전자식 밸브가 열려서 물 분사를 방해하지 않게 하고, 물 분사를 끝냈을 때는 이보다 조금 늦게 전자식 밸브를 닫음으로써, 분사 노즐에 물방울이 맺히거나 아래로 떨어지는 것을 방지할 수 있게 한다.",http://plus.kipris.or.kr/openapi/fileToss.jsp?arg=ed43a0609e94d6e22d01c5c32ba711cf5a8ddb7927ba24ad2e7ef70b06b09a4b9b49f5c15518440d900f7c77cbd9d50ac043328dd45ee8d82cbeec394987718ecaac22df499f8fb7,http://plus.kipris.or.kr/openapi/fileToss.jsp?arg=2ba38663aa11ff0f6ca91af6061a2e002dea0f9a881eb85aa4ff9e4b3d2f98d2d7e4ab1fad5244750f85b690f839b743848d539e522369b4b051c2403ac63d14d23a812fa52c90a6,주식회사 대한솔루션
HANSOL,60,거절,자동차 필러 플레이트에 장착되는 코트 훅,B60R 7/10|B60R 13/02|B60R 11/00,,,1020220168665,20221206,1020240084156,20240613,,,"필러 플레이트에 형성된 수납공간에 수납하게 했다가 사용할 때만 돌출하게 해서 사용함으로써, 어시스트핸들을 사용할 때 방해하지 않게 하고, 코트 훅을 사용하지 않을 때는 수납공간 안에 수납하게 되어 자동차 실내의 미감과 미관을 개선할 수 있다. 특히, 수납공간을 마감하는 커버 안쪽에 코트 훅이 구성되게 하고, 커버가 위 아래로 회전하면서 개방하게 구성함으로써, 코트 훅에 하중이 걸리더라도 충분히 안전하게 지지하여 편리하게 사용할 수 있다. 또한, 코트 훅을 A 필러에 장착되는 필러 플레이트를 제외한 다른 필러 플레이트에 장착할 수 있게 구성함으로써, 코트 훅에 옷걸이를 걸었을 때 운전 시야를 방해하지 않게 하면서도 코트 훅이 필요할 때는 언제든지 수납 상태에서 신속하게 돌출하게 하여 편리하게 사용할 수 있다.",http://plus.kipris.or.kr/openapi/fileToss.jsp?arg=ed43a0609e94d6e22d01c5c32ba711cf3613093faf7c9395a879835ff7e53b1cd7f2fb6575a07845cdd93af21f72b6028cbae43a3ba7a873d64079392b2f078450a3a5800472af29,http://plus.kipris.or.kr/openapi/fileToss.jsp?arg=6c650beb4cee9ce4122b704b88878c9354006a114ef49fe2f7910295b303ae3a65ac0d149a6e26b5d209238b9d82ffef1961c4feba88e56414619bb330ef184decd0208d657152c8,주식회사 대한솔루션
HANSOL,61,거절,자동차용 패널에 장착하는 와이어 하네스,B60R 16/02|H02G 3/04|B60R 11/00|H01B 7/17,,,1020170059692,20170515,1020180125645,20181126,,,"본 발명은 패널에 관통하게 끼우는 와이어에 흡차음 커버를 추가 구성하고, 이 흡차음 커버가 와이어에 형성한 걸림 턱을 타고 넘음에 따라 와이어가 관통하는 패널 부분을 감쌀 수 있게 구성하므로, 와이어가 관통하는 패널 부분을 통해 실내 측으로 전해질 수 있는 소음을 차단하여 쾌적한 승차 환경을 조성할 수 있게 한 자동차용 패널에 장착하는 와이어 하네스를 제공하는 데 그 목적이 있다. 특히, 본 발명은 흡차음 커버를 깔때기 형상으로 형성하고 걸림 턱을 넘음에 따라 와이어를 끼운 장착 구멍보다 넓게 펼쳐지면서 패널을 덮을 수 있게 구성하므로, 흡차음 커버를 쉽고 편리하게 장착하여 편리하게 사용할 수 있게 한 자동차용 패널에 장착하는 와이어 하네스를 제공하는 데 다른 목적이 있다.",http://plus.kipris.or.kr/openapi/fileToss.jsp?arg=ed43a0609e94d6e22d01c5c32ba711cf2dd2847651fae090d888556ccd2be115e22755630e140d7e96d4555673d48cb70cdb45cb6ff3b7e1fbc38ce67b8fd831fafdc87b42e53a49,http://plus.kipris.or.kr/openapi/fileToss.jsp?arg=2ba38663aa11ff0f6ca91af6061a2e0077f4167a994488e6e703a46b23bc9c61bfc94d169b73790109c7432a931b06c1c3dc4476cdca17edf7bc051807e99abb956997c11bb0ae0a,주식회사 대한솔루션
HANSOL,62,거절,자동차용 펜더 인슐레이션,B60R 13/08,,,1020190155024,20191128,1020210066959,20210608,,,"본 발명은 펜더 인슐레이션을 필라 아우터 패널에 고정할 때 사용하는 결합 부분을 일체로 돌출하게 형성함으로써, 별도로 고정구를 제작하지 않아도 될 뿐만 아니라 고정 위치에 고정구를 조립하지 않아 발생할 수 있는 조립 불량 문제를 한꺼번에 해결하고, 별도의 제조공정을 거치지 않고 펜더 인슐레이션을 바로 조립하여 사용할 수 있게 하여 조립 효율을 높일 수 있게 한다. 특히, 본 발명은 결합 부분을 펜더 인슐레이션 장착에 사용하는 장착 구멍에 관통하게 끼워지는 기둥 부분과, 이 기둥 부분에 길이 방향을 따라 미리 정한 간격으로 여러 개의 변형 부분을 돌출 형성함으로, 결합 부분이 끼워지는 장착 구멍의 두께에 맞게 적당한 위치에 있는 변형 부분을 통해 항상 펜더 인슐레이션을 더욱더 견고하게 고정할 수 있게 한다.",http://plus.kipris.or.kr/openapi/fileToss.jsp?arg=ed43a0609e94d6e22d01c5c32ba711cf7b0e361c92e46d5c8bb55b03b2039b586ebab880169a2f4a02ce40cfb3994c27240d30993d5e3beef37d562aa8dc586eda18c768130e2bec,http://plus.kipris.or.kr/openapi/fileToss.jsp?arg=6c650beb4cee9ce4122b704b88878c935dfcb5bec532bdc80c645f0dc84abda442424eef822c2e1ac6f92d1bfe456811ca004c98df18b1e5662dac078877974bb8ff92558033baf9,주식회사 대한솔루션
HANSOL,63,거절,자동차용 러기지 사이드 트림,B60R 5/04|B60J 5/10|B60R 11/00,,,1020170079425,20170623,1020190000945,20190104,,,"본 발명은 트렁크 패널과 마주하는 러기지 사이드 트림에 네트 훅 플레이트를 장착하고, 이 네트 훅 플레이트를 트렁크 패널에 구성한 핀에 끼워서 러기지 사이드 트림을 조립할 수 있게 구성하므로, 부품 수를 줄이면서도 억지 끼움 방식으로 러기지 사이드 트림을 트렁크 패널에 신속하고 편리하게 조립할 수 있게 한 자동차용 러기지 사이드 트림을 제공한다. 특히, 본 발명은 트렁크 패널에 장착한 핀을 이처럼 러기지 사이드 트림을 고정할 때 사용할 뿐만 아니라 러기지 사이드 트림을 장착한 뒤에는 네트 훅을 걸 수 있게 구성하므로, 별도로 네트를 고정하기 위한 수단(네트 훅 어셈블리)을 갖추지 않으면서도 쉽게 네트 훅을 걸어서 편리하게 사용할 수 있게 한 자동차용 러기지 사이드 트림을 제공한다.",http://plus.kipris.or.kr/openapi/fileToss.jsp?arg=ed43a0609e94d6e22d01c5c32ba711cf3b7fa5ae289a286869f015bdf56f926a77a23e423e3a7b353e87bc66f1fcdaf9dc2ad844b4b57f431b06b26b41bdf1d03b0fe26f31943e65,http://plus.kipris.or.kr/openapi/fileToss.jsp?arg=2ba38663aa11ff0f6ca91af6061a2e0082aa4ca14443151234a50ed86bcc734132f250c0204fe72620d144d88a912d58f5d921aef13740d615bff15b6b9526f65f6db46d59acb852,주식회사 대한솔루션
HANSOL,64,거절,자동차 실내의 환기장치,B60H 1/24|B60H 1/00,,,1020230055884,20230428,1020240159059,20241105,,,"본 발명은 자동차에서 가장 뒤에 설치되는 필러 내부와 트렁크 사이에 덕트를 구성하고, 이 덕트에 배기 팬을 장착하여 자동차 내기가 상기 덕트를 통해 트렁크 외부로 배출할 수 있게 구성하고, 시트에 운전자나 탑승자가 앉았을 때 자동차 실내의 산소 농도를 검출하여 설정 농도보다 낮으면 이 배기 팬이 작동하여 내기를 배출함에 따라 발생한 음압으로 외기가 자동차 실내로 유입하게 하여 이산화탄소 농도를 낮출 수 있게 한 자동차 실내의 환기장치를 제공하는데 그 목적이 있다.",http://plus.kipris.or.kr/openapi/fileToss.jsp?arg=ed43a0609e94d6e22d01c5c32ba711cfbc2473614032e46f3582fedb30d2b7b2e5daf537ffb2b5d9760c75280bf18b312cbbbe28b01fc08c27e63738cdbae59fbe43d6a93efe3a21,http://plus.kipris.or.kr/openapi/fileToss.jsp?arg=6c650beb4cee9ce4122b704b88878c93d4c396a94fe92668e41448f0a106a177f8bbf4b6fe1822af99f2c382178afc10b0dba4a286652cb1304585716cf5c107975371b408809fd4,주식회사 대한솔루션
HANSOL,65,거절,자동차용 스피드 너트,F16B 37/08|F16B 37/02,,,1020160115493,20160908,1020180028576,20180319,,,"본 발명은 바닥의 가장자리에 형성하는 플랜지를 이 바닥과 이루는 각도가 둔각이 아닌 각도, 바람직하게는 직각을 이루게 구성하므로, 플랜지의 가장자리가 고정 대상물에 닿지 않게 하여 이 가장자리로 발생할 수 있는 고정 대상물의 찢어지거나 파손되는 것을 방지하여 고정 대상물의 품질을 높일 수 있게 할 뿐만 아니라 찢어지거나 파손된 고정 대상물로 생길 수 있는 소음을 미리 방지할 수 있게 한 자동차용 스피드 너트를 제공하는 데 그 목적이 있다. 또한, 본 발명은 바닥에 형성하여 돌기를 향해 돌출하여 그 외주에 접촉해서 걸림 작용을 하는 부채꼴 형상의 탄성 편을 형성할 때, 이 탄성 편의 부채꼴 각도를 넓게 형성함으로써, 각 탄성 편이 돌기와 접촉하는 접촉 면적을 늘려 돌기를 고정하는 결합력을 높일 수 있다.",http://plus.kipris.or.kr/openapi/fileToss.jsp?arg=ed43a0609e94d6e22d01c5c32ba711cf48eff43f46c194410a3d42a5900e6510cc0769e091df667387c10e08e5482f6a04f2910304df7482c2d2cd93fac9be2e66d8f46a56353d24,http://plus.kipris.or.kr/openapi/fileToss.jsp?arg=2ba38663aa11ff0f6ca91af6061a2e007a7191d6b323af462c5b5ca1512d46119644287a4531769c4564951a1e9fb5672a0799cbc909f68d52924e35563b1c1523670264c080e73a,주식회사 대한솔루션
HANSOL,66,거절,자동차용 패널 사이에 충진되는 충진재,B62D 29/00|B60R 13/08|B62D 25/20,,,1020210026310,20210226,1020220122109,20220902,,,"본 발명은 패널 사이에 형성된 공간에 압축된 메모리 폼으로 이루어진 충진재를 삽입함으로, 시간이 지남에 따라 메모리 폼이 원래 형태로 팽창하면서 공간 형상대로 충진하게 되어 차종이나 공간의 크기와 형상에 따라 다르게 형성되는 공간도 한 종류의 충진재를 이용해서 쉽게 충진할 수 있을 뿐만 아니라 공간 형상에 맞게 충진할 수 있게 되어 소음 성능을 개선할 수 있다. 특히, 본 발명은 충진재가 패널 사이에 형성된 공간마다 하나씩 삽입하여 팽창하게 해서 충진할 수 있게 구성함으로, 공간마다 충전 효과를 한층 더 높이면서도 소음 성능을 개선할 수 있다. 또한, 본 발명은 충진재가 이웃하면서 서로 연결된 적어도 두 개의 공간을 한 번에 충진할 수 있는 크기로 구성함으로써, 공간 충진 작업을 더욱 신속하게 할 수 있다.",http://plus.kipris.or.kr/openapi/fileToss.jsp?arg=ed43a0609e94d6e22d01c5c32ba711cfcf35ef8c68c8142a3da00e74f34142ebd3d80e1c344dc531187246251295dfcb17c8b4518b3dde123113e5a3c89bcf9231fe2d42c7280222,http://plus.kipris.or.kr/openapi/fileToss.jsp?arg=6c650beb4cee9ce4122b704b88878c93196c8a559ae5d55366d920d10347fbb43010f5a16670c8aec173e679a21890e9b54759c8d74c13bfcea47897731c42584651d423a01923ce,주식회사 대한솔루션
HANSOL,68,거절,태양전지 패널을 장착한 차량용 와이퍼 시스템,H02S 40/10|H02S 10/40|B08B 1/00|B60L 8/00|B60K 16/00|B62D 25/06|B60L 53/51,,,1020180016838,20180212,1020190097430,20190821,,,"본 발명은 루프패널에 와이퍼 시스템을 장착하므로, 태양전지 패널에 묻은 이물을 닦을 수 있게 구성하므로, 태양전지 패널의 표면이 오염되어 태양전지 패널 성능이 떨어지는 것을 막아 오래 사용할 수 있을 뿐만 아니라 유지 보수를 쉽게 할 수 있다. 특히, 본 발명은 스크루-스크루 너트를 이용하여 와이핑 작용이 이루어지게 구성하므로, 와이퍼 양쪽을 고정한 스크루 너트가 스크루의 길이 방향으로 움직이면서 태양전지 패널을 닦을 수 있게 하여 와이핑 효과를 높일 수 있다. 또한, 본 발명은 통상 자동차 차체를 조립할 때 보디 패널과 루프패널 사이에 장착하는 루프 가니쉬를 장착하는 홈 부분에 와이퍼를 안내하기 위한 레일을 장착하므로, 자동차의 외관을 해치지 않으면서도 쉽게 장착하여 편리하고 안전하게 사용할 수 있다.",http://plus.kipris.or.kr/openapi/fileToss.jsp?arg=ed43a0609e94d6e22d01c5c32ba711cf91c926459ec82cf69ad6c12e3a266b660aa986cfe630db9c8dad11977c93c44256370760efb9390e40be7af9438a7f961316e5d3029715bb,http://plus.kipris.or.kr/openapi/fileToss.jsp?arg=2ba38663aa11ff0f6ca91af6061a2e002c42e15f50368dcc48f86c38403ddf11e06ccbb311f71f4f508228b63f481f164515061f40fb7d6ca15c0d24bf770ad63adf0e095a9eeba2,주식회사 대한솔루션
HANSOL,69,등록,방사성능이 개선된 안테나 유닛,H01Q 7/04|H01Q 1/38|G06K 19/077,1020166130000,20190826,1020180020980,20180222,,,,20190830,"본 발명은 방사 성능이 개선된 안테나 유닛을 개시한 것으로, 이러한 본 발명은 인식률이 개선된 안테나 유닛은, 안테나 유닛에 포함되는 기판 일면과 타면에 형성되는 MST용 안테나 패턴부 위에 각각 차폐층을 구성하여, 루프 타입의 MST용 안테나 패턴부를 기판을 사이에 두고 지향성을 가지는 지그재그 형태의 솔레노이드(Solenoid) 타입으로 구조화시킨 것이고, 이에따라 MST용 안테나 패턴부에서 무선전자결제를 위한 송수신 데이터의 방사거리를 높이면서 접촉 방식과 비접촉 방식 모두에서 무선전자결제의 X-Y-Z축에 대한 송수신 데이터의 인식률을 개선하여, 다양한 서비스 분야에서 비접촉 방식의 간편한 무선전자결제를 활성화시킨 것이다.",http://plus.kipris.or.kr/openapi/fileToss.jsp?arg=ed43a0609e94d6e22d01c5c32ba711cfa7c65927e879da0a9a74b20142c96f564df8e0a68be22681f0f1c7060df857e9275a4ed9a44ea27432a9f8519bf75654d083957635c163b0,http://plus.kipris.or.kr/openapi/fileToss.jsp?arg=2ba38663aa11ff0f6ca91af6061a2e00cac00c2345e4ed821d99019e410e4d813eaff98633ebc86a0172256320a2e29ed73f45875a87d58692c99cddf232f2ecfb7cdaf0c142d0f9,한솔테크닉스(주)
HANSOL,71,등록,AI를 이용하여 공동주택에서 도배 마감하자를 감지하고 관리하는 시스템 및 그 방법,G06Q 50/08|G06K 7/14|G06K 7/10|G06V 10/764|G06F 3/04817|G06N 3/0464|G06Q 50/10|G06T 7/00,1027892940000,20250326,1020240087831,20240703,,,,20250401,"AI를 이용하여 공동주택의 도배 마감하자를 감지하고 관리하는 모바일 장치의 동작 방법을 개시한다. 상기 방법은, 공동주택에 기 설치된 QR코드를 독출하고, QR코드로부터 공동주택의 개별 세대정보를 획득하고, 모바일 장치의 위치를 설정하고, 모바일 장치의 움직임에 따라 모바일 장치의 위치값을 변경하면서, 모바일 장치의 카메라에 의해 촬영되는 비디오 프레임을 획득하고, 도배 마감하자가 기 학습된 딥러닝 기반의 객체 탐지 모델을 이용하여, 비디오 프레임으로부터 실시간으로 도배 마감하자의 위치, 크기 및 유형을 추출하며, 추출된 도배 마감하자의 위치 및 크기를 추출된 도배 마감하자를 비디오 프레임 내에 표시하되, 모바일 장치가 움직임에 따라 추출된 도배 마감하자 위치를 트래킹하여 화면에 표시하고, 화면에 표시된 도배 마감하자에 대응하는 제1 사용자 입력에 응답하여, 비디오 프레임 내에서 추출된 도배 마감하자를 크롭(crop)하여 표시하고, 도배 마감하자가 크롭하여 표시된 화면에서 수신된 제2 사용자 입력에 응답하여, 크롭된 도배 마감하자의 이미지, 위치, 크기 및 유형을 도배 마감하자 관리 서버로 전송한다.",http://plus.kipris.or.kr/openapi/fileToss.jsp?arg=ed43a0609e94d6e22d01c5c32ba711cfb882ff2bbe0977f9a62f900f35e47d720aa01900e1805e0454ffee72a61fb69ad73f210efe7da067b4a8074b999e672eac12d6a65ed774b5,http://plus.kipris.or.kr/openapi/fileToss.jsp?arg=6c650beb4cee9ce4122b704b88878c9382897c2e23e1008c7bd2a017dbceb3a0bad113674277bbd366786eb421b1110906e759670f068560155007756806889f78d59b0f10710754,주식회사 한솔데코|서울주택도시개발공사
HANSOL,72,등록,자동차의 실내 손잡이 조립용 클립 모듈,B60N 3/02,1012750240000,20130610,1020120016129,20120217,,,,20130617,"본 발명은 실내 손잡이를 고정시키기 위한 클립과 차체 패널과의 접촉면적을 최소화함으로써, 최소한의 조립력을 이용하여 클립의 조립성능을 높일 수 있도록 한 자동차의 실내 손잡이 조립용 클립 모듈을 제공하는데 그 목적이 있다. 또한, 본 발명은 실내 손잡이를 고정시켜 주기 위한 한쌍의 클립을 베이스 플레이트에 일체로 형성함으로써, 클립의 장착위치라든가 실내 손잡이의 체결 위치를 고정시켜 놓을 수 있게 하여 원터치 방식으로 쉽고 빠르게 조립 동작이 이루어질 수 있도록 한 자동차의 실내 손잡이 조립용 클립 모듈을 제공하는데 다른 목적이 있다.",http://plus.kipris.or.kr/openapi/fileToss.jsp?arg=ed43a0609e94d6e22d01c5c32ba711cf7095983f88e4d6fc8396489b1500fea5590ed61216592d175ad70edd33435279f0eb1f2b56de78df8f7aecda27ce28f7d479d0787f632084,http://plus.kipris.or.kr/openapi/fileToss.jsp?arg=452306798ef1fd03bf8e5ba4e1dbf726f103768f8f17bab0babfc97593e86398d650d14ab6f1ea68f3a726bdbcc69732641e9d350571585ba3fe235cf0cb56926de8d02a343e9f13,(주)대한솔루션
HANSOL,74,등록,감열기록재료,B41M 5/333|B41M 5/337|B41M 5/323,1021362270000,20200715,1020187016145,20161209,1020180094881,20180824,,20200722,"본 발명은 감열기록재료에 관한 것으로 무색 또는 담색의 류코염료, 현색제로 비(非)페놀계의 설포닐 우레아기를 함유한 일반식 (1)의 화합물, 증감제로서 일반식 II-1, II-2, II-3 중 하나 이상을 포함하고, 바인더 및 기타 충진제를 포함하는 감열기록재료에 관한 것이다. 본 발명의 감열기록재료는 비페놀계 현색제를 사용하여 발색 이미지의 백그라운드 흐려짐 현상을 개선하고, 발색감도, 내수성, 내유성, 내가소제성 등에서 탁월한 효과를 나타낸다.",,,한솔제지 주식회사|백규철|안정옥
HANSOL,75,등록,만두 성형장치,A23P 20/20|A23P 30/00,1019217070000,20181116,1020170046606,20170411,1020180114661,20181019,,20181122,"본 발명은 만두 성형장치에 관한 것으로, 더욱 상세하게는 반죽시트에서 만두피를 성형하여 성형틀의 성형홈에 투입하는 만두피 성형 투입공정과; 상기 만두피가 투입된 성형틀 내에 만두속을 충진하는 만두속 충진공정과; 상기 만두속이 충진된 만두피를 봉합하는 만두피 봉합공정; 및 상기 성형이 완료된 만두를 취출하는 만두 취출공정을 포함하는 만두의 성형에 따른 일련의 공정을 연속적으로 수행하는 만두 성형장치에 관한 것이다.",http://plus.kipris.or.kr/openapi/fileToss.jsp?arg=ed43a0609e94d6e22d01c5c32ba711cf1549a2ad678c01e64347be10730035e19609d6d2361e6610cd5acd5acf2bb248a445fd4e285a3123ed6b900ef8ba2c630d7444b96d60c52c,http://plus.kipris.or.kr/openapi/fileToss.jsp?arg=2ba38663aa11ff0f6ca91af6061a2e009563e94b78fbae4a0bd21393a2a9ae4f349e1af7affd191aeedc26f32b3e5ea9199a66f5dea10ec5cb5ee228c50e03f1ee730e028ef12e2e,(주)한솔기계
HANSOL,76,거절,소음 저감 기능을 가진 도심항공 모빌리티용 프로펠러 보호구,B64U 30/29|B64U 30/26|B64U 20/20|G10K 11/172|B64U 10/14,,,1020210050899,20210420,1020220144513,20221027,,,"본 발명은 각 프로펠러를 보호하려고 설치되는 보호구 본체에 프로펠러에 마주하게 적어도 하나의 공명기를 설치함으로써, 도심항공 모빌리티를 조종 중 충돌 사고가 발생하더라도 프로펠러를 보호할 수 있을 뿐만 아니라, 프로펠러에서 발생하는 소음을 줄여 쾌적한 주변 환경과 실내 환경을 조성할 수 있게 한다. 특히, 보호구 본체에 여러 개의 공명기를 장착하되 주파수 대역이 다른 공명기를 장착함으로써, 도심항공 모빌리티의 주행 속도나 중량 변화 등으로 발생하는 다른 주파수 대역의 소음도 모두 흡수하여 소음 성능을 한층 더 개선할 수 있다. 또한, 프로펠러와 마주하는 면이 안으로 오목하게 들어가도록 형성함으로써, 프로펠러에서 공명기를 향해 발생한 소음이 공명기 쪽으로 집중하게 해서 소음 흡수 성능을 더욱더 높일 수 있다.",http://plus.kipris.or.kr/openapi/fileToss.jsp?arg=ed43a0609e94d6e22d01c5c32ba711cfeedd937577549ae69ab4485d04e1df0e0046ebd8c8f8c528dda9b9d3f0fb1ae37beb3947d2d29eea198e21d6a34bb223b066c73cfe7eec2b,http://plus.kipris.or.kr/openapi/fileToss.jsp?arg=6c650beb4cee9ce4122b704b88878c932283d99c6f64c7b41cade251bd5c5f203b63f1250fd5819cd8b72755623827c0b3b4712bda701e7b5a6b7d70a2e10fa5f8125bbda98c75b8,주식회사 대한솔루션
HANSOL,77,거절,이탈 방지 기능이 강화된 자동차용 룸램프 클립,B60Q 3/51|B60R 13/02|B60R 11/00,,,1020210161859,20211123,1020230075560,20230531,,,"본 발명은 룸램프에 장착되는 탄성 클립에 탄성 돌기를 형성하되, 탄성 돌기가 헤드 라이너에 형성된 장착 구멍에 룸램프를 삽입할 때는 쉽게 들어가게 하고, 반대로 삽입 방향과 반대 방향으로 룸램프가 당겨질 때는 루프패널과 마주하는 헤드 라이너 면에 장착된 플레이트에 걸리게 구성함으로, 조립 공정에서 룸램프를 쉽고 정확하게 조립할 수 있을 뿐만 아니라 자동차가 주행할 때 진동 등이 룸램프에 전해지더라도 헤드 라이너에서 룸램프가 이탈하거나 분리되지 않게 하여 안전하고 편리하게 사용할 수 있다. 특히, 탄성 돌기가 장착 구멍과 룸램프 사이에 형성되되, 룸램프를 조립하는 방향과 반대로 갈수록 점차 넓어지게 형성함으로, 쉽게 제작하면서도 룸램프를 견고하게 고정하여 이탈이나 분리 없이 안전하고 편리하게 이용할 수 있다.",http://plus.kipris.or.kr/openapi/fileToss.jsp?arg=ed43a0609e94d6e22d01c5c32ba711cfc7cb9c00fa78a9e426cf45ab786c046b9a3530d72aa6b0f15f93e9309891ccf9fdf94321fe2f86ec5eaa00c12f2809d7a6ac186c6a69e843,http://plus.kipris.or.kr/openapi/fileToss.jsp?arg=6c650beb4cee9ce4122b704b88878c9377c32c9825f1526984c603e3d5b6278a305752d504bad45d6385a8d7f6ca50a4a20df37594ab8a3d57592b75f80f6d88676655461509e882,주식회사 대한솔루션
HANSOL,79,등록,클린룸 설치용 밴드형 파이프 고정기구,F16L 3/04|F16L 3/24,1022409560000,20210409,1020200187868,20201230,,,,20210415,"본 발명은 클린룸에 설치용 밴드형 파이프 고정기구에 관한 것으로, 더욱 상세하게는 파이프 하부 외주면이 안착되게 브라켓에 설치되는 안착부와, 상기 안착부 외부로 인출 가능하게 상기 안착부 내부에 삽입되되 인출시에 그 외면이 해당 파이프 상부 외주면을 가압하며, 가압력이 유지될 수 있게 일측이 상기 안착몸체와 탈착 가능하게 결합하는 가압부 및 브라켓을 관통하도록 상기 안착부 하부에 구비되되 조임 정도에 따라 승강하여 상기 안착부와 상기 가압부에 의해 고정된 파이프가 해당 브라켓에 고정될 수 있도록 하는 고정부를 포함하는 것을 특징으로 한다.",http://plus.kipris.or.kr/openapi/fileToss.jsp?arg=ed43a0609e94d6e22d01c5c32ba711cf798f9d27cde242520cc1244ad29ee8ee5c58df0c18379438c98caf4cd96914ecabf81a71bd4d89984618386baed2993315a89353c1816d3e,http://plus.kipris.or.kr/openapi/fileToss.jsp?arg=6c650beb4cee9ce4122b704b88878c93b5b9301c85ba76d0d3cbc135f753f30734e40f81ae7a52b04c8b2e4db36cf84f6d33562edc8432a219ae91b589854f34450875f22eafc117,주식회사 한솔세미텍
HANSOL,80,거절,태양전지용 프탈로시아닌 화합물,C09B 47/06|C08L 71/02|H10F 10/00|C08K 3/22,,,1020070095045,20070919,1020080028783,20080401,,,"본 발명은 하기 화학식 I로 표시되는 프탈로시아닌 화합물을 포함하는 전해질, 및 이를 이용한 태양전지를 제공한다. 본 발명에 의하면, 프탈로시아닌 화합물을 태양전지에 적용함으로써 태양전지의 에너지 변환 효율이 증가하였다. 알콕시쇄 기를 함유하는 프탈로시아닌 유도체는 양호한 용해도를 제공하여, 고가의 진공 증착 방법을 사용하지 않고도 스핀 코팅을 통해 코팅 공정이 수행되게 하였다. &lt;화학식 I&gt; X-MPc-(R)n &lt;화학식 II&gt; X-MPc-(OR')n 상기 식에서, Pc는 프탈로시아닌 잔기이고, M은 구리, 철, 니켈, 코발트, 망간, 알루미늄, 팔라듐, 주석, 인듐, 납, 티타늄, 루비듐, 바나듐, 갈륨, 테르븀, 세륨, 란탄 및 아연으로 이루어진 군에서 선 택된 금속이고, X는 부재하거나, 할로겐, -OH 또는 =O이고, R은 독립적으로 수소, 알킬, 시클릭 알킬, 아릴알킬, 히드록시알킬, 아미노, 알킬아미노, 알콕시, 알킬티오, 아릴, 아릴옥시, 아릴티오, 할로겐 및 히드록시기로부터 선택되고, R'은 독립적으로 수소, 알킬, 시클릭 알킬, 아릴알킬, 히드록시알킬 및 아릴기로 이루어진 군에서 선택되고, n은 1과 16 사이의 정수이다. 염료 감응형 태양전지 소자; 나노결정성 다공성 이산화 티탄 필름; 전해질; 티타닐프탈로시아닌",http://plus.kipris.or.kr/openapi/fileToss.jsp?arg=ed43a0609e94d6e2d625a3dcb0746fe484b73ac8e410bb227fdab87ba94cb7252c6b7db4258f4f0b4f74634958c4f09f,http://plus.kipris.or.kr/openapi/fileToss.jsp?arg=452306798ef1fd035bfb5ff666db4c9cf44e6e9608087f40b65012aac02261d54eedb2260d08b610c9e24258c086fa35,한국솔베이정밀화학 주식회사
HANSOL,81,소멸,이중 구조를 갖는 엘이디 및 그 엘이디의 구동장치,H10H 29/01|H10H 20/819|H10H 20/816|H10H 20/00|H05B 37/02,1008507840000,20080731,1020070028004,20070322,,,,20080806,"본 발명의 이중 구조를 갖는 엘이디는 일정한 면적을 갖도록 마련되는 베이스와, 상기 베이스에 상부에 마련되며, 전류의 인가에 따라 발광하는 제1소자 및, 상기 제1소자의 인접하게 상기 베이스의 상부에 마련되며, 전류의 인가에 따라 발광하는 제2소자를 포함한다. 그리고 본 발명의 이중 구조를 갖는 엘이디 구동장치는 일정한 면적을 갖도록 마련되는 베이스와, 상기 베이스에 상부에 가장자리를 따라 마련되며, 전류의 인가에 따라 발광하는 제1소자와, 상기 베이스의 중앙에 마련되며, 전류의 인가에 따라 발광하는 제2소자 및, 상기 제1,2소자에 전류를 인가하는 제어부를 포함한다. 소자, 이중, 멀티, 개별소자, 개별구동, 균일도, LED, 엘이디",http://plus.kipris.or.kr/openapi/fileToss.jsp?arg=ed43a0609e94d6e2d625a3dcb0746fe484b73ac8e410bb223b075756f85d565cee19c0b5cc13f289c0f127fc920e0be9,http://plus.kipris.or.kr/openapi/fileToss.jsp?arg=452306798ef1fd035bfb5ff666db4c9cf44e6e9608087f40b2ad1371f67c74ae1c18b7ffd6004b5ea8362329d1e299f7,한솔테크닉스(주)
HANSOL,84,취하,전기포트 및 가전기기,A47J 27/21,,,1020210171869,20211203,1020230023536,20230217,,,"냉각 기능을 갖는 전기포트 및 가전기기를 개시한다. 가전기기는 안착부를 포함하는 본체 및 상기 안착부에 안착되고 전열부를 포함하는 가열용기를 포함하고, 상기 본체는 상기 가열용기의 바닥면을 마주보게 배치되고, 상기 가열용기를 향해 공기를 토출하는 벤트홀을 포함하고, 상기 본체는 상기 벤트홀에서 토출되는 공기를 이용하여 상기 가열용기를 냉각 가능하다.",http://plus.kipris.or.kr/openapi/fileToss.jsp?arg=ed43a0609e94d6e22d01c5c32ba711cf8e78f7ef2f894b2243bdb641e8cf02f164cb814bd9b3c1548fd0a0d3823696189200e3f8453e4a599067e821c82ea638e846ac6d34deb54e,http://plus.kipris.or.kr/openapi/fileToss.jsp?arg=6c650beb4cee9ce4122b704b88878c934de04a47a9ab51acdd4831904b35609d6ffcfe6918dd011259ba80fe3d7915c270817152dc19d32997447b06eed832e2c8493cb459b2c625,주한솔
HANSOL,85,취하,전기포트 및 가전기기,A47J 27/21,,,1020210145906,20211028,1020230022076,20230214,,,"냉각 기능을 갖는 전기포트 및 가전기기를 개시한다. 가전기기는 안착부를 포함하는 본체 및 상기 안착부에 안착되고 전열부를 포함하는 가열용기를 포함하고, 상기 본체는 상기 가열용기의 바닥면을 마주보게 배치되고, 상기 가열용기를 향해 공기를 토출하는 벤트홀을 포함하고, 상기 본체는 상기 벤트홀에서 토출되는 공기를 이용하여 상기 가열용기를 냉각 가능하다.",http://plus.kipris.or.kr/openapi/fileToss.jsp?arg=ed43a0609e94d6e22d01c5c32ba711cf0d90a09e6647343c944ec41191a65652ebc3e6124671d6d096f660a59f6ab88844fb00c87d47a65b1e48fd28c20873510744b30cb0dead4c,http://plus.kipris.or.kr/openapi/fileToss.jsp?arg=6c650beb4cee9ce4122b704b88878c932103a4090ff727c6d64dc73f07cd6607b131ca170034cf4a4e31ccc0a0513b11a7465bc733079c34c06793be5ea986309b96843321db7ffc,주한솔
HANSOL,86,등록,스크래치 방지형 파우치 제조장치,B31B 70/02|B31B 70/14|B31B 70/62|B65D 75/04,1023005450000,20210903,1020210001993,20210107,,,,20210910,"본 발명은 스크래치 방지형 파우치 제조장치에 관한 것으로서, 보다 상세하게는 파우치용 필름이 공급되는 필름공급부와, 상기 필름을 잘라 파우치의 양면을 각각 구성하는 제1필름과 제2필름으로 나누는 커터와, 상기 제1필름과 제2필름의 비인쇄면이 만나도록 하는 필름역전부 및 이 두 필름의 테두리를 접착하여 파우치를 제조하는 필름접착부로 이루어지되, 상기 제1필름과 제2필름을 양측으로 당겨 나눌 때 가이드가 각각의 필름의 비인쇄면에 밀착되도록 하여, 인쇄면에 가이드와의 마찰에 의한 스크래치가 발생하는 것을 근본적으로 차단하는 스크래치 방지형 파우치 제조장치에 관한 것이다.",http://plus.kipris.or.kr/openapi/fileToss.jsp?arg=ed43a0609e94d6e22d01c5c32ba711cf822f2340f900dfaf80fb0d2b291b53864c27af03ca6ad92a6aaa291eca161e694c5c4bcf3047dd60ef4ae03473c7c15a869d00cd04bd2ea5,http://plus.kipris.or.kr/openapi/fileToss.jsp?arg=6c650beb4cee9ce4122b704b88878c9306dd6d1088c5dae8788367b217691bb64df6a8c91e00b3a61d94dde4d0a4aa9130544c30fee7804c87437ed676737269952f3763993ee426,(주)한솔오토팩
HANSOL,87,등록,폴리페놀계 화합물 및 3가 철염을 포함하는 초분자 졸을 함유하는 항균 및 항바이러스용 코팅 필름,C09D 5/14|B05D 1/02|A01N 55/02|A01N 25/04,1026904920000,20240726,1020230064892,20230519,,,,20240805,"본 발명의 목적은 다양한 병원성 미생물들을 살균 또는 예방할 수 있는 일액형 항균 및 항바이러스용 코팅 조성물에 관한 것으로, 기재의 물리적 특성과 상관없이 기재 상에 분사하여 다양한 병원성 미생물들을 비활성화하는 살균 효과를 가질 수 있다. 또한, 본 발명에 따른 코팅 방법은 우수한 편의성 및 경제성을 가지고 있어서, 생활용품뿐만 아니라 온실, 축사, 양계장 등의 다양한 시설물의 살균 및 질병예방 방법에 널리 활용될 수 있다.",http://plus.kipris.or.kr/openapi/fileToss.jsp?arg=ed43a0609e94d6e22d01c5c32ba711cfb7b82589e1a84f5a5e644fd8f6db4c80f9d0c66c20311413e3400fe51701c87bde579e203c04d4358c7e7b187f4edb81307ba55aeeab7531,http://plus.kipris.or.kr/openapi/fileToss.jsp?arg=6c650beb4cee9ce4122b704b88878c9302bcd3483e99a26a264398f7b9045bba91cd85c7c9aec10a546c59dbc5d536bd72e5116564609dbc7beaa61119b38498e2900fbbeb059db8,한국과학기술원|농업회사법인 주식회사 한솔루트원
HANSOL,89,소멸,자동 급지 및 압축 기능을 갖는 문서 세단기,B02C 18/16|B02C 18/06|B02C 23/02|B02C 23/18,1017642880000,20170727,1020140186064,20141222,1020160076185,20160630,,20170803,"본 발명은 자동 급지가 가능함과 더불어 세단된 문서 조각에 물을 분사하고 압축하여 문서 압축성 및 보안성을 향상시킬 수 있으며, 문서의 자동 급지 중 문서의 모서리 부분에 스테이플러와 같은 결합구가 있을 경우 세단 전에 이를 자동으로 감지하여 절단할 수 있도록 한는 자동 급지 및 압축 기능을 갖는 문서 세단기에 관한 것으로, 본 발명에 따른 문서 세단기는 상부면에 세단될 문서 더미가 적재되는 문서적재부와, 문서적재부에서 이송된 문서가 투입되는 투입구가 형성되어 있는 본체와; 상기 본체 내측의 하부에 외부로 인출 가능하게 설치되며, 세단된 문서 조각이 낙하하여 수납되는 수거함과; 상기 문서적재부에 회전 가능하게 설치되어 상기 문서적재부에 적재된 문서 더미 중 최하측의 문서와 마찰 접촉하여 문서를 투입구로 이송하는 급지롤러와; 상기 투입구의 하측에 설치되어 투입구를 통해 투입된 문서를 여러 조각으로 절단하는 세단커터와; 상기 본체의 하부에 설치되어 상기 수거함 내측으로 물을 분사하는 노즐과; 상기 노즐에 물을 공급하는 물공급수단과; 상기 본체의 내부에서 상기 수거함의 상측에 상하로 이동 가능하게 설치되어, 수거함에 수거된 문서 조각을 압축하는 가압판과; 상기 가압판을 상하로 이동시키는 승강수단을 포함하는 것을 특징으로 한다.",http://plus.kipris.or.kr/openapi/fileToss.jsp?arg=ed43a0609e94d6e22d01c5c32ba711cf255e7959f54101e975b099873eee8918215950834f71a9a1fcb7ce21de75e1eb33b6e40c4bc1c1aa3239f9304e269c5ccd546b900d3313c0,http://plus.kipris.or.kr/openapi/fileToss.jsp?arg=2ba38663aa11ff0f6ca91af6061a2e00f9d93e1fe14096c7e807e22402bee6498f7228b731ac2d563dc2b345b91c033c97b5a7f04591e9f02418b51ff05475b4e127447151e65bfc,최하람|박영훈|김경래|현한솔
HANSOL,90,소멸,이중종이컵 제조장치의 회전테이블,B31C 7/02|B65D 81/38|A47G 19/03,1004969590000,20050614,1020030069548,20031007,1020050033703,20050413,,20050623,"본 발명은 이중종이컵 제조장치의 회전테이블에 관한 것으로, 더욱 상세하게는 이중종이컵 제조장치의 커버지성형장치에서 둥글게 말아서 부착시킨 커버지의 하단에 실리콘을 도포하는 공정부터 커버지의 하단을 내측으로 말아서 컬링부를 형성하는 것과, 하단부에 컬링부를 형성한 커버지의 내부에 내측컵을 삽입시키는 것, 내측컵의 외부면에 풀칠하여 내측컵의 외부면에 커버지를 부착시키는 것, 커버지와 내측컵을 결합하여 제작완료된 이중종이컵을 배출시키는 일련의 작업을 한 개의 회전테이블에서 이루어질 수 있도록 함으로서, 이중종이컵 제조장치의 구조가 간단해지고 기계의 제작비용을 절감시킬 수 있도록 함과 동시에, 종래에 2개의 회전테이블이 설치되어 1,2차 회전테이블의 회전타이밍이 일치하지 않아 발생하던 문제는 전혀 발생하지 않도록 하기 위한 것이다. 이중종이컵, 커버지, 내측컵, 회전테이블, 이중종이컵 제조장치",http://plus.kipris.or.kr/openapi/fileToss.jsp?arg=ed43a0609e94d6e2d625a3dcb0746fe48a5ee3d6a139d53e3f90d1665a40aa58d2a24a73c4d25bb20dab5744c6447f08,http://plus.kipris.or.kr/openapi/fileToss.jsp?arg=452306798ef1fd035bfb5ff666db4c9c1531c25f200555176ef64c7c097aa1619f02d6f5c289988a6947ab2b26a766ba,한솔에코패키징 주식회사|샹하이 싸트후안바오즈치 요우시안꽁시
HANSOL,91,거절,일회용 종이컵,A47G 19/22|B65D 3/04,,,1020030067696,20030930,1020050031529,20050406,,,"본 발명은 일회용 종이컵에 관한 것으로, 더욱 상세하게는 옆지의 하부 양측에 절취부를 형성하여 옆지를 둥글게 말았을 때 옆지의 양단부가 상부에서만 겹쳐지고 하단에서는 겹쳐지지 아니함에 따라 밑굽전둘레가 종이 3겹으로 형성되어 옆지의 하단부를 밑지의 밑지수직부에 내측으로 접어서 널링(knurling)공구로 결합시킬 때, 옆지 하단부와 밑지수직부가 틈새없이 견고하게 밀착되도록 하고, 다른예로서 옆지의 네모서리부에 절취부를 형성한 뒤에 옆지의 겹쳐지는 부분과 옆지와 밑지의 결합부에 각각 비닐지를 부착시킨 상태에서 열가공으로 컬링부와 밑굽을 형성하여 컬링부와 밑굽에 겹침부위가 없이 비닐지에 의해 컬링부와 밑굽의 맞댄 부위가 연결되도록 하며, 또 다른예로서 옆지 일측의 중앙부에 겹침부를 형성하고 겹침부 상하에 경사절취부를 형성하며 옆지의 타측단에는 상기 일측의 상하 경사절취부와 맞닿는 경사돌출부를 구비하고 이 옆지가 둥글게 말려서 경사절취부와 경사돌출주가 맞닿고 겹침부가 겹쳐지는 내부면에 비닐지를 부착시킨 상태로 상부에 컬링부를 형성함과 동시에 하부에 밑굽을 접어 넣으며 형성하여 서로 맞닿은 컬링부와 밑굽이 겹쳐지지 않고 비닐지에 의해 연결되도록 하는 일회용 종이컵에 관한 것이다. 일회용 종이컵, 옆지, 밑지, 비닐지, 컬링부, 겹침부, 틈새",http://plus.kipris.or.kr/openapi/fileToss.jsp?arg=ed43a0609e94d6e2d625a3dcb0746fe48a5ee3d6a139d53eee05776e0cc315a1775e04a6977ee5634c4fc66515b4ef6f,http://plus.kipris.or.kr/openapi/fileToss.jsp?arg=452306798ef1fd035bfb5ff666db4c9c1531c25f2005551704178bbb8843434d4a751fb427aeb0a697ebc391fc8e2954,한솔에코패키징 주식회사|샹하이 싸트후안바오즈치 요우시안꽁시
HANSOL,92,등록,에어컨의 필터 살균 장치,F24F 1/0071|F24F 8/90|F24F 8/22|F24F 8/167|F24F 11/70|F24F 11/61|B08B 1/00,1024557120000,20221013,1020210032671,20210312,1020220128069,20220920,,20221019,"본 발명은 에어컨의 필터 살균장치를 개시한다. 이러한 본 발명은 에어컨 본체 내부에 장착되는 필터에 인접하도록 살균모듈을 설치하되 살균모듈을 슬라이드 직선 이동이 가능하도록 구성한 것이고, 이에 따라 외부 이물질에 의해 오염되는 필터의 살균 처리 능력을 향상시키면서 동작 효율성을 개선하고, 살균모듈 적용에 따른 공간 제약의 문제, 공기 유동 제약의 문제, 그리고 전력 소비 증가 또는 유지 보수 제약 등의 문제를 개선하는 것이다.",http://plus.kipris.or.kr/openapi/fileToss.jsp?arg=ed43a0609e94d6e22d01c5c32ba711cf8c16c1c75d8a911a8a1525c82e066c790320a179c78a890906ab6448e9167089b719854ddeef46b7574dcbcd575b0f468c92acb8d7f4c150,http://plus.kipris.or.kr/openapi/fileToss.jsp?arg=6c650beb4cee9ce4122b704b88878c93996c5d82e20eebd69432da90e9920177e469fcb7697ac20a57d588e7481b0cc5d81193ab3144a367650033f34131230c961c392487787419,한솔테크닉스(주)
HANSOL,94,등록,휴대용 전자기기의 안테나 유닛,H01Q 1/22|H01Q 1/38|H01Q 1/24,1026134450000,20231208,1020220000266,20220103,1020230105109,20230711,,20231213,"본 발명은 휴대용 전자기기의 안테나 유닛을 개시한다. 이러한 본 발명은 평면 솔레노이드 구조를 이루는 NFC용 안테나 패턴부의 일면과 타면에 각각 분할된 차폐재를 구성하거나, 또는 NFC용 안테나 패턴부와 WPC용 안테나 패턴부를 접힘이 가능한 연결부로 연결하면서 NFC용 안테나 패턴부와 WPC용 안테나 패턴부 사이에 분할된 차폐재를 구성한 것이고, 이에 따라 휴대단말이나 웨어러블 단말과 같은 휴대용 전자기기에 NFC용 안테나 패턴부를 적용시 휴대용 전자기기의 상,하 및 좌,우 방향에 대하여 근거리 무선 통신을 위한 넓은 방사 패턴을 가질 수 있도록 하는 한편, 휴대용 전자기기로의 NFC용 안테나 패턴부와 WPC용 안테나 패턴부가 분리없이 용이하게 실장할 수 있도록 하면서, 기판으로의 실장 공간 절약과 부품 비용 및 실장 비용을 절감하는 것이다.",http://plus.kipris.or.kr/openapi/fileToss.jsp?arg=ed43a0609e94d6e22d01c5c32ba711cf1bbf22426dc1248002005a90666bb3f5ca28cf4d727cef5f0f862d1097f0f2fa7aa1838aa44aa0e0662dbb3370cb1d5960ce0509eb9c37f2,http://plus.kipris.or.kr/openapi/fileToss.jsp?arg=6c650beb4cee9ce4122b704b88878c93fb0737bf0459050a5183db581b6f52d58b0d6f67c0665e326204d2343b17ee81150ffc882e8d7f510283df212a5f3a3ff52679d5c79a8c37,한솔테크닉스(주)
HANSOL,95,소멸,버섯 재배용 액상 유황 조성물 및 이의 공급을 위한 버섯 배지,C05G 3/00|C05D 9/00|A01G 18/20,1020727710000,20200128,1020170084015,20170703,1020190004015,20190111,,20200203,"본 발명은 버섯 재배용 액상 유황 조성물 및 이의 공급을 위한 버섯 배지에 관한 것이고, 구체적으로 모세관 현상에 의하여 버섯 배지로 공급될 수 있는 버섯 재배용 액상 유황 조성물 및 이의 공급을 위한 버섯 배지에 관한 것이다. 버섯 재배용 액상 유황 조성물 및 이의 공급을 위한 버섯 배지는 물 전체 중량에 대하여 0.001 내지 0.10 wt%의 양으로 용해된 유황; 물 전제 중량에 대하여 0.0001 내지 0.05 wt%의 양으로 존재하여 나트륨 이온; 및 광물로부터 추출된 K 성분, Al 성분, 마그네슘 성분, 철 성분, 몰리브덴 성분, 규소 성분, 칼슘 성분, 게르마늄 성분, 인 성분, 티타늄 및 니오븀 성분으로 구성된 그룹으로부터 선택된 적어도 하나의 성분 1 내지 50 ppm을 포함하고, 25 ℃에서 표면 장력이 70 내지 75 dyne/㎝가 된다.",http://plus.kipris.or.kr/openapi/fileToss.jsp?arg=ed43a0609e94d6e22d01c5c32ba711cf9a20e721cb4ca1bbfd1eed6370492adc44fff2de13b88d7b9e4db93e37f0df2aa2dc40dac6e55c9b73b6fb6b9a313dcb84ee55a47679a8fd,http://plus.kipris.or.kr/openapi/fileToss.jsp?arg=2ba38663aa11ff0f6ca91af6061a2e00a427f3c1a9edf665b070b2cc329b946297b10de9d3828e03deada56932528fc1daba0b99e07e756b3e868a0b6c822784281f7893869dd26c,농업회사법인 주식회사 유황버섯팜 한솔
HANSOL,96,소멸,커브드형 회로기판,H05K 1/02|H05K 1/03|H05K 1/09|H05K 3/46,1019163790000,20181101,1020160008199,20160122,1020170088179,20170801,,20181108,"본 발명은 커브드형 회로기판을 개시한 것으로, 이러한 본 발명은 일정곡률의 굴곡성을 유지하는 커브드형 회로기판을 구성함에 있어, 그 회로기판을 다단 적층 구조를 이루는 시트부재로 제작하되, 다단 적층되는 시트부재에 각각 함유되는 경화성수지의 함지율(RC)을 차별화시킨 것이며, 이에따라 회로기판을 일정곡률의 굴곡성이 일정하게 유지되도록 제작한 후 이를 가전기기 등에 적용시 공간 활용도를 극대화시킬 수 있고, 더불어 다단 적층 구조를 이루는 시트부재 사이에 열가소성 수지로 이루어진 보강시트를 추가 구성하여, 일정비율의 함지율을 가지는 시트부재내 경화성수지의 유실로 인해 커브드형 회로기판의 굴곡성이 변형되는 것을 방지하도록 한 것이다.",http://plus.kipris.or.kr/openapi/fileToss.jsp?arg=ed43a0609e94d6e22d01c5c32ba711cfe68f88c5ac65b30706b761fbcd904ae4fb69a1dce218af5a27b4cbe4e657605f246a266878a68e6f844e778a06f43d7526d907620a86ff89,http://plus.kipris.or.kr/openapi/fileToss.jsp?arg=2ba38663aa11ff0f6ca91af6061a2e00960146235155ddda74b76b1eabffa3f45604c5d7c31da90e34a0a7a8033215d76727cf85e0dcaebbb6b58e140de683b513b948bb30678a6b,한솔테크닉스(주)
HANSOL,97,소멸,커브드형 리지드 기판 및 이를 이용한 3차원 안테나 제조방법,H05K 1/02|H05K 1/03|H01Q 1/38,1015543040000,20150914,1020150055325,20150420,,,,20150918,"본 발명은 커브드형 리지드 기판 및 그 제조방법을 개시한 것으로, 이러한 본 발명은 일정곡률의 굴곡성을 가지는 커브드형 리지드 기판으로부터 3차원 안테나를 휴대용 단말기에 보다 용이하게 적용하여, 휴대용 단말기내에서의 공간 활용도를 극대화킬 수 있는 것이다.",http://plus.kipris.or.kr/openapi/fileToss.jsp?arg=ed43a0609e94d6e22d01c5c32ba711cfb7cdca9d0eec23d6f7b137d1c457a6a30633b5f94144bd5840d009e608cd7d416282d6f7edccbda0f051b71d1dcec0971a03575e3e89e679,http://plus.kipris.or.kr/openapi/fileToss.jsp?arg=2ba38663aa11ff0f6ca91af6061a2e00506c38fc1ea148ac99be25394852a6f00cf87de1bcb92daca8aa5d7a7d21d5f7e899ecd1e335e092b6c461958083a270d86daf1dbff5e55c,한솔테크닉스(주)
HANSOL,98,포기,고내수성감열기록지의제조방법,B41M 5/42,,,1019880001496,19880215,1019900005919,19900507,1019920000368,19920113,내용 없음.,http://plus.kipris.or.kr/openapi/fileToss.jsp?arg=ed43a0609e94d6e2d625a3dcb0746fe4d9dbc9ae00e0ab5f255a00707d98a1f56dabfcc92f0f43223f71c8bdb3639d03,http://plus.kipris.or.kr/openapi/fileToss.jsp?arg=452306798ef1fd035bfb5ff666db4c9cba499f3326dbcc969ed5d88f531f822ca4086c094f4f8bec858939d67c6683dc,한솔홀딩스 주식회사
HANSOL,99,소멸,시트형화장용팩,A61K 8/90|A61K 8/02|A61Q 19/00,1002905370000,20010302,1019980022811,19980617,1020000002207,20000115,,20010917,"본 발명은 시트형 화장용 팩(pack)에 관한 것으로서, 더욱 상세하게는 보호 필름층과 화장조성물을 지지하는 기재층 사이에 다음 화학식 1로 표시되는 양이온계 수용성 공중합체와 부분가교된 수용성 폴리머를 함유한 화장원료조성층이 도입되어 있어 각전이 효과적인 제거와 모공을 청결히 하여 코피부에 유연성을 부여하며, 또한 건조 시간을 단축하여 시트를 제거후 피부에 잔유물이 존재하지 않으면서 제거시 쉽게 박리되어 피부의 통증을 방지할 수 있는 시트형 화장용 팩(pack)에 관한 것이다. [화학식 1] 상기 화학식 1에서 x는 0.6 ~ 0.8이다.",http://plus.kipris.or.kr/openapi/fileToss.jsp?arg=ed43a0609e94d6e2d625a3dcb0746fe4eb5d6d2c6e2df8a4800a64173bc0e38b20e640d7feb79ee54bf0455c43fcfc02,http://plus.kipris.or.kr/openapi/fileToss.jsp?arg=452306798ef1fd035bfb5ff666db4c9c0d81ea1410c778cb703542d82082633d7766671ab8f0bf920d25d9d402b5971a,한솔홀딩스 주식회사|한솔파텍 주식회사
HANSOL,100,소멸,포어 마이크로스피어 점착제용 씨드고분자 입자의 제조방법,C08F 212/08|C08F 218/08|C08F 220/14|C08F 220/18|C08F 220/06|C08F 2/44|C08F 2/18|C09J 125/14|C08J 3/12,1004111880000,20031202,1020000062037,20001020,1020020031533,20020502,,20031218,"본 발명은 포어 마이크로스피어 점착제용 씨드고분자 입자의 제조방법에 관한 것으로서, 더욱 상세하게는 씨드고분자 입자(Seed polymer prticle) 제조시 이온성 공단량체, 개시제의 조성과 함량을 변화시키고, 교반속도를 조절하여 씨드현탁중합(Seeded suspension polymerization)하여 제조하는 것으로, 점착력 및 점착제 전이현상 등의 물성이 개선된 포어 마이크로스피어 점착제 제조에 유용한 씨드고분자 입자의 제조방법에 관한 것이다. 씨드고분자 입자, 씨드현탁중합, 포어 마이크로스피어 점착제",http://plus.kipris.or.kr/openapi/fileToss.jsp?arg=ed43a0609e94d6e2d625a3dcb0746fe4a849d4c575423efe1fd0bc78ed9babb1d7b5af3d73cb456d15e83148eaaf319c,http://plus.kipris.or.kr/openapi/fileToss.jsp?arg=452306798ef1fd035bfb5ff666db4c9c20f465ffcfa45303af8c4de366f2357b665bdea7a0626ed3aaf050ea11514a30,한솔홀딩스 주식회사|한솔파텍 주식회사
HANSOL,1,거절,평면형의 압력센서 어셈블리,G06F 3/041|G06F 3/044|H01B 5/00,,,1020180033417,20180322,1020190111370,20191002,,,본 발명은 입력 장치의 단위 셀 구조를 이루는 평면형 압력센서 어셈블리를 개시한 것이다. 이러한 본 발명은 누름판의 저면부에 이중 또는 다중의 루프 타입 전극을 수평 갭 공간이 형성되도록 수평적으로 나란하게 반복 배열한 후 그 수평 갭 공간에 센서부 및/또는 밀도가 높은 솔리드(solid) 타입 또는 발포 타입으로 이루어진 탄성 구조물을 구성하는 것이다.,http://plus.kipris.or.kr/openapi/fileToss.jsp?arg=ed43a0609e94d6e22d01c5c32ba711cf1f19ce6b9b00ab08f359b015fd68fbcc09d86ccf11dc6ce5dfa87e87af7ecde20d81b56eaed6e4e31f94e000a30573054d7e70fdd06fffa1,http://plus.kipris.or.kr/openapi/fileToss.jsp?arg=2ba38663aa11ff0f6ca91af6061a2e00478c5a56a5162e04307065e8bf5061bdc4716d4fe393c18603e2b18fbece146aaf50caaa82183850317fa9990afa437e95fd23d354629462,한솔테크닉스(주)
HANSOL,3,소멸,제지 선별장치,B65G 69/24|B65G 57/03|B07C 5/02,1007753990000,20071105,1020060036972,20060425,1020070105033,20071030,,20071112,"작업자의 피로도를 경감시키고 생산성을 효율적으로 향상시키도록, 재단공정에 연결되어 재단된 제품이 일정량씩 적층된 상태로 공급되는 공급컨베이어와, 선별이 완료된 정상 제품을 출고 및 포장공정으로 이송하는 출고컨베이어와, 공급컨베이어에 연결되어 설치되고 공급컨베이어로부터 공급되는 재단된 제품이 이송되어 적치되며 높낮이가 조절되는 선별전 적치대와, 선별전 적치대와 이웃하여 출고컨베이어와 연결되어 설치되고 적층되는 선별된 정상 제품을 정돈하기 위한 스토퍼가 설치되고 높낮이가 조절되는 선별후 적치대를 포함하는 제지 선별장치를 제공한다. 제지 공정, 선별, 컨베이어, 불량, 적치대, 높이 조절, 스토퍼, 재단",http://plus.kipris.or.kr/openapi/fileToss.jsp?arg=ed43a0609e94d6e2d625a3dcb0746fe46c22163f668395d4bc63c00de8e1eab34ed9d1443bfba5fdfe33b10f280270ba,http://plus.kipris.or.kr/openapi/fileToss.jsp?arg=452306798ef1fd035bfb5ff666db4c9cfe49d03e6a3dce0128dec02e56a797e2d06ca3e1c3215c315b2a978d7f6cfa8a,한솔이엠이(주)
HANSOL,4,거절,광택지의제조방법,D21H 23/56|D21H 21/30,,,1019870011968,19871028,1019890006918,19890616,1019900006344,19900828,내용 없음,http://plus.kipris.or.kr/openapi/fileToss.jsp?arg=ed43a0609e94d6e2d625a3dcb0746fe42e363d68bdf37543d2985842ff5b39b238140822f9192fc5fcaea0ed92add7a3,http://plus.kipris.or.kr/openapi/fileToss.jsp?arg=452306798ef1fd035bfb5ff666db4c9c1be337fa210204e888fe513e812496ea3baf73e6fb4985d0b03a2b200cbf6390,한솔홀딩스 주식회사
HANSOL,6,거절,펄라이트를 이용하여 벌크가 증가된 인쇄용지 및 이의제조방법,B41M 5/50|D21F 11/14,,,1020070115134,20071112,1020090048989,20090515,,,"본 발명은 충전제로 펄라이트를 이용하여 벌크가 증가된 인쇄용지 및 이의 제조방법에 관한 것으로서, 더욱 상세하게는 주로 건축, 원예 등의 소재산업에 사용되고, 제지산업에서 사용된 적이 없는 무기질인 펄라이트(perlite)를 인쇄 용지 제조공정에서 충전제로 사용함으로써 기존의 인쇄용지에 비해 벌크가 월등히 향상되어 종이의 품질과 원가 절감 측면에서 매우 효율적인 인쇄용지 및 이의 제조방법에 관한 것이다. 충전제, 펄라이트, 벌크, 인쇄용지",http://plus.kipris.or.kr/openapi/fileToss.jsp?arg=ed43a0609e94d6e2d625a3dcb0746fe484b73ac8e410bb22693929ea521a97d1f211a38e85ec634ffada6a8692b929f5,http://plus.kipris.or.kr/openapi/fileToss.jsp?arg=452306798ef1fd035bfb5ff666db4c9cf44e6e9608087f4031d3b9d4948a3416b7e3bf9cf052780b66f19537e2dbc35b,한솔홀딩스 주식회사
HANSOL,7,소멸,접착층을 갖는 승화형 감열전사 잉크리본,B41J 31/06|B41J 31/08,1001843540000,19981218,1019960019188,19960531,1019970074008,19971210,,19990515,"본 발명은 접착층을 갖는 승화형 감열전사 잉크리본에 관한 것으로서, 이면에 내열층이 형성된 기재필름상에 잉크층이 형성되어 있는 잉크리본에서 기재필름과 잉크층 사이에 새로운 조성의 접착층을 형성하여서 잉크층과 기재필름과의 사이에 접착력을 크게 향상시키므로써 감열전사시 잉크층이 기재필름으로부터 떨어지는 현상을 방지하도록 개선한 승화형 감열전사 잉크리본에 관한 것이다.",http://plus.kipris.or.kr/openapi/fileToss.jsp?arg=ed43a0609e94d6e2d625a3dcb0746fe477b8e79b56045f071a5e87767618ce1f8614e5119230be7e9345b04318072a61,http://plus.kipris.or.kr/openapi/fileToss.jsp?arg=452306798ef1fd035bfb5ff666db4c9c6468d92a0531fdc45fccac0e7f4fc7e6584b3cb34d4ea927c9ad83fc09e158db,한솔홀딩스 주식회사
HANSOL,8,취하,고지재생용탈묵제및이를이용한탈묵방법,D21C 5/02,,,1019910022976,19911214,1019930013366,19930721,,,"하기한 일반식을 갖는 3가지 화합물(I),(Ⅱ),(Ⅲ)의 조성물로서 이들 화합물(I),(Ⅱ),(Ⅲ)의 중량비가(I):(Ⅱ):(Ⅲ)=20∼60:30∼60:10∼50이 되는 고지 재생용 탈묵제로서, 종래의 탈묵제에 비하여 부상법으로 탈묵시에 탈묵 공정에서 적정 기포를 발생시키고, 탈묵펄프의 백색도를 향상시키며, 초지 공정에서의 기포발생을 최소화함으로써 양질의 재생펄프를 제조할 수 있고 작업효율도 향상시킬 수 있다. (I) R 1 COO(C 2 H 4 O) k (C 3 H 6 O) ℓ H (Ⅱ) R 2 COO(C 2 H 4 O) m (C 3 H 6 O) n H (Ⅲ) R 3 COO(C 2 H 4 O) p (C 3 H 6 O) q H (상기식에서 R 1 , R 2 는 각각 탄소수가 11∼17인 알킬기, R 3 은 탄소수가 13∼17인 알킬기이고, k, m, p는 각각 10∼25인 정수, ℓ, n, q는 각각 3∼13인 정수이며, k:ℓ, m:n, p:q는 각각 2:1∼3:1 범위내이다.)",http://plus.kipris.or.kr/openapi/fileToss.jsp?arg=ed43a0609e94d6e2d625a3dcb0746fe47ffb885893ce8d76f4263250c0b7e6351ef12ec6cc38835166a24723b08028e8,http://plus.kipris.or.kr/openapi/fileToss.jsp?arg=452306798ef1fd035bfb5ff666db4c9c300a8d24ba002902b76814ba7bc84bd7adf0e7c0e628cc0514ed3099fc344d20,한솔홀딩스 주식회사
HANSOL,9,소멸,포지티브형 포토레지스트 조성물,G03F 7/039|G03F 7/023|G03F 7/022,1004479500000,20040831,1020010072978,20011122,1020030042264,20030528,,20040908,"본 발명은 포지티브형 포토레지스트 조성물에 관한 것으로서, 더욱 상세하게는 알카리 가용성 노볼락수지, O -나프타퀴논디아지드술폰산에스테르계 용해억제제, 용제 및 기타 첨가제로 구성된 조성물 중에 p -t-부틸페놀 노볼락수지를 용해억제보조제로 함유시켜 값비싼 용해억제제의 과다 사용을 줄일 수 있으면서도 우수한 해상성과 고감도의 감광성을 가지는 포지티브형 포토레지스트 조성물에 관한 것이다. 포지티브형 포토레지스트",http://plus.kipris.or.kr/openapi/fileToss.jsp?arg=ed43a0609e94d6e2d625a3dcb0746fe4473881283d6a4c2ccba64c8eb16f5466fcc8eb92b321e2ff5dc97352e9a1a7e3,http://plus.kipris.or.kr/openapi/fileToss.jsp?arg=452306798ef1fd035bfb5ff666db4c9cfad0bf93f73520e6952b0d67316c75f386d4f4b1503acc9de771887856e734ae,한솔홀딩스 주식회사
HANSOL,10,소멸,시트형향발산점착제의제조방법,A61L 9/04|A61L 9/013|A61L 9/12,1002957410000,20010502,1019980043896,19981020,1020000026387,20000515,,20021019,"본 발명은 시트형 향 발산 점착제의 제조방법에 관한 것으로, 더욱 상세하게는 많은 양의 방향성 물질을 미리 다공성 실리카 계통의 담지체에 함침시킨 다음에 이를 수용성 고분자와 혼합·코팅한 향 발산 조성물층과 향 발산에 도움을 주는 향 발산 강화 조절층을 동시에 도입함으로써, 향 발산력을 증대시켜 향의 발산을 효과적으로 조절함과 동시에 향 발산 지속력이 개선되고, 이와 더불어 다층코팅된 제품에 점착처리를 하여 부착 및 제거가 용이하여 간편하게 사용할 수 있도록 한 시트형 향 발산 점착제의 제조방법에 관한 것이다.",http://plus.kipris.or.kr/openapi/fileToss.jsp?arg=ed43a0609e94d6e2d625a3dcb0746fe4eb5d6d2c6e2df8a432de4b775fd7754f19d04fc4ea6169cebc247572244a3cb0,http://plus.kipris.or.kr/openapi/fileToss.jsp?arg=452306798ef1fd035bfb5ff666db4c9c0d81ea1410c778cb75acdd51fb1e30dac6a4b0234f0e2d6b6458c9ef0519e428,한솔파텍 주식회사|한솔홀딩스 주식회사
HANSOL,11,소멸,종이 도공용 라텍스 입자,C08F 212/08|C08F 220/14|C08F 236/06|C08F 220/06|C08F 220/44|C08J 3/12|C08F 2/22|D21H 19/20,1002019620000,19990317,1019960039696,19960913,1019980020977,19980625,,19990615,"본 발명은 종이도공용 라텍스입자에 관한 것으로서, 더욱 상세하기로는 스틸렌을 주성분으로 하는 모핵, 모핵과의 상용성이 좋으면서 블리스터 접착제와의 상용성이 적은 단량체가 주성분으로 유화중합되어 내피층을 형성하고, 그리고 블리스터 접착제와 상용성이 좋고 접착력이 우수한 단량체가 주성분으로 유화중합되어 외프층을 형성하고 있는 3중 구조를 가지고 있어 도공지의 접착강도, 인쇄적성 등의 일반물성을 향상시킴은 물론이고 후가공시 블리스터 접착제와의 상용성을 증기시켜 블리스터 팩 적성을 현저히 개선시키는 종이 도공용 라텍스입자에 관한 것이다.",http://plus.kipris.or.kr/openapi/fileToss.jsp?arg=ed43a0609e94d6e2d625a3dcb0746fe477b8e79b56045f0763c8a1e3b343bbc2eeea68f1f09c9a445fdd6970ae98368f,http://plus.kipris.or.kr/openapi/fileToss.jsp?arg=452306798ef1fd035bfb5ff666db4c9c6468d92a0531fdc4ca27cb4cd3858d5f43a80bfb1f953a926fb6327baa4486f2,한솔홀딩스 주식회사
HANSOL,12,거절,캐리어테이프용 도전 열접착테이프,C09J 7/20|C09J 123/04,,,1019970027279,19970625,1019990003412,19990115,,,"본 발명은 판지를 지지체로 하는 캐리어테이프용 도전 열접착테이프에 관한 것으로서, 더욱 상세하게는 도전층, 투명 열가소성 필름층 및 실란트층이 연속적으로 적층되어 있어 이를 캐리어테이프의 커버테이프로 적용시켜 포장공정의 용이성, 적절한 박리강도, 대전방지성, 투명성 등을 크게 향상시키는 캐리어테이프용 도전 열접착테이프에 관한 것이다.",http://plus.kipris.or.kr/openapi/fileToss.jsp?arg=ed43a0609e94d6e2d625a3dcb0746fe48bfcdbc58470855730dee0c5a51392f857d80709562e97e9506e7ce618a1c30f,http://plus.kipris.or.kr/openapi/fileToss.jsp?arg=452306798ef1fd035bfb5ff666db4c9c93fedfa9c20efe974ff42e8b03bbdbe34dcf8a0270b0e7cbc422656db6a40b69,한솔홀딩스 주식회사
HANSOL,13,소멸,인쇄품질 평가 시스템,G06F 3/12|G01N 21/25|G01N 21/27|G01N 21/88,1005217210000,20051007,1019970080806,19971231,1019990060565,19990726,,20060112,"본 발명은 인쇄품질 평가 시스템에 관한 것으로, 인쇄물의 품질을 결정하는 인쇄농도, 인쇄망점 그리고 인쇄가늠맞춤을 하나의 시스템 내에서 임의로 설정된 위치에 대하여 보다 정확하게 반복적으로 계측하고, 측정된 값을 다시 여러 품질인자로 처리하여 그 결과를 제시할 수 있는 통합된 인쇄품질 평가 시스템을 제공하는 데 있다. 이러한 목적을 달성하기 위해 본 발명은 상술한 인쇄품질을 결정하는 기본인자를 보다 정확하게 측정가능한 수단을 갖춘 측정헤드부와, 샘플을 안정하게 안착시켜주면서 상기 측정헤드부가 샘플의 상부에서 고속으로 정밀하게 이동시켜주는 3축을 포함하는 테이블부와, 이 측정헤드부로부터 제공된 품질인자를 분석하여 계측치를 보여주는 운용시스템부로 이루어진 것이다.",http://plus.kipris.or.kr/openapi/fileToss.jsp?arg=ed43a0609e94d6e2d625a3dcb0746fe48bfcdbc58470855783d045ddb2b1a80163869579f9c249ca4b9723857051c15d,http://plus.kipris.or.kr/openapi/fileToss.jsp?arg=452306798ef1fd035bfb5ff666db4c9c93fedfa9c20efe97161872411bf061affc557accc51c0a2ba61e05d88ae3f4fa,한솔홀딩스 주식회사
HANSOL,14,취하,감열전사 잉크리본의 내열층 조성물,B41J 31/06|B41J 31/08|B41M 5/40,,,1019970081969,19971231,1019990061685,19990726,,,"본 발명은 감열전사 잉크리본의 내열층 조성물에 관한 것으로서, 더욱 상세하게는 기재필름의 한쪽면에 접착층과 잉크층이 차례로 형성되어 있고 반대쪽면에는 내열층이 형성되어 있는 감열전사 잉크리본에 있어서, 내열층 조성물중에 통상의 바인더와 함께 윤활제로서 그라프트된 실리콘-아크릴 고분자를 함유시켜 기재 필름과의 우수한 접착력으로 프린팅시 열전사헤드가 잉크리본위를 주행하여도 내열층의 박리에 의한 열전사헤드의 오염에 우려가 전혀 없고 내열윤활성이 우수하며 잉크층 염료의 내열층 전이가 적은 감열전사 잉크리본의 내열층 조성물에 관한 것이다.",http://plus.kipris.or.kr/openapi/fileToss.jsp?arg=ed43a0609e94d6e2d625a3dcb0746fe48bfcdbc5847085578a6b3874e66893ea4d95e4bba35ce1cf439a5e051a9c0f1a,http://plus.kipris.or.kr/openapi/fileToss.jsp?arg=452306798ef1fd035bfb5ff666db4c9c93fedfa9c20efe97d767258cb0f7955eeea5b897791e0704724cd1cbfd781038,한솔홀딩스 주식회사
HANSOL,15,소멸,내광성이 향상된 잉크젯 프린터용 필름,B41M 5/50|B41M 5/52|C09D 11/54|C09D 11/30|B41J 2/01,1002675010000,20000705,1019980027157,19980706,1020000007698,20000207,,20001016,"본 발명은 내광성이 향상된 잉크젯 프린터용 필름에 관한 것으로서, 더욱 상세하게는 플라스틱 기재 필름상에 잉크흡수층 및 잉크정착층이 각각 코팅되어 있는 복합층 구조 또는 플라스틱 기재 필름상에 잉크흡수층이 코팅되어 있는 단일층 구조의 잉크젯 프린터용 필름에 있어서, 상기 잉크흡수층에 수용성 단량체와 알킬피페리디닐 아크릴레이트의 공중합체를 포함시켜 장시간 빛에 노출되어도 칼라 화상의 선명도, 투광성 등이 우수한 잉크젯 프린터용 필름에 관한 것이다.",http://plus.kipris.or.kr/openapi/fileToss.jsp?arg=ed43a0609e94d6e2d625a3dcb0746fe4eb5d6d2c6e2df8a44cab672e96d5809d95c1259a10e1760f76b102a5fb28b731,http://plus.kipris.or.kr/openapi/fileToss.jsp?arg=452306798ef1fd035bfb5ff666db4c9c0d81ea1410c778cb60bd0eae10b3a2686e19351d3815e623cce81577958bc723,한솔홀딩스 주식회사|한솔파텍 주식회사
HANSOL,16,취하,잉크젯 프린터용 필름,B41M 5/50|B41M 5/52|B41J 2/01,,,1019970081967,19971231,1019990061683,19990726,,,"본 발명은 잉크젯 프린터용 필름에 관한 것으로서, 더욱 상세하게는 플라스틱 기재 필름위에 잉크 정착층과 잉크 흡수층이 각각 코팅되어 있는 복합층 구조 또는 플라스틱 기재 필름위에 잉크 정착층과 잉크 흡수층이 혼합되어 코팅되어 있는 단일층 구조의 필름에 있어서, 상기 잉크 흡수층에는 통상적으로 함유되는 수용성 고분자이외에도 분자 단위내에 친수성기와 친유성기가 적절히 조절된 다음 화학식 1로 표시되는 화합물을 함유시킴으로써 선명한 칼라 화상과 우수한 투광도, 내수성, 내습성, 번짐성 및 잉크 흡수력을 개선시켜 인쇄적성을 향상시킨 잉크젯 프린터용 필름에 관한 것이다. 화학식 1 상기 화학식 1에서: R 1 , R 2 , R 3 , R 4 , R 5 , R 6 , m 및 a는 각각 발명의 상세한 설명에서 정의한 바와 같다.",http://plus.kipris.or.kr/openapi/fileToss.jsp?arg=ed43a0609e94d6e2d625a3dcb0746fe48bfcdbc5847085578a6b3874e66893ea4d95e4bba35ce1cf0965f43c4af5c4e6,http://plus.kipris.or.kr/openapi/fileToss.jsp?arg=452306798ef1fd035bfb5ff666db4c9c93fedfa9c20efe97d767258cb0f7955eeea5b897791e0704b200f4e642de51a3,한솔홀딩스 주식회사
HANSOL,17,소멸,치약을 편리하게 배출할 수 있는 압축식 치약짜개,A47K 5/122|A47K 5/12|B65D 35/28|B05B 11/04,1012986710000,20130814,1020130052949,20130510,,,,20130826,"본 발명은 욕실 또는 화장실의 바닥면에 흡착하여 고정하는 흡착구(110)와; 상기 흡착구(110)의 상부에 설치하되 중앙에는 상부에서 하부방향으로 갈수록 점차 지름이 줄어드는 축경부(121)를 형성하고, 상기 축경부(121)의 일측에는 배수공(122)을 구비하는 받침대(120)와; 상기 받침대(120)의 상부에 설치하되 내부가 비어있는 중공형태의 하부몸체(130)와; 상기 하부몸체(130)의 내부 벽면에 형성하되 상부에서 하부방향으로 갈수록 점차 내측으로 경사지도록 경사부(132)를 형성하는 한 쌍의 압착몸체(131)와; 상기 하부몸체(130)의 외경에 삽입하여 상하방향으로 이동할 수 있도록 설치하되 양측면에 통공(141)을 구비하는 상부몸체(140)와; 상기 통공(141)의 내부에 관통하여 내측 또는 외측으로 이동할 수 있도록 압착돌기(151)를 마련하는 손잡이(150)와; 상기 손잡이(150)의 상부와 하부에서 상기 상부몸체(140)를 바라보는 방향으로 돌출하되 일측면에 걸림턱(161)을 마련하는 지지대(160)와; 상기 상부몸체(140)의 외경 상부 및 하부에 각각 형성하여 상기 지지대(160)가 내부에 삽입하여 내측 또는 외측으로 이동할 수 있고 일측에 상기 걸림턱(161)과 맞닿도록 지지턱(171)을 구비하는 고정몸체(170)와; 상기 고정몸체(170)의 내부에 삽입하여 상기 걸림턱(161...(이하생략)",http://plus.kipris.or.kr/openapi/fileToss.jsp?arg=ed43a0609e94d6e22d01c5c32ba711cfa2db6cc8c6a5b66ba2e6b94f8f3483c260bd5fc311b041566dd022be8f1247e283c353db83bdcf159a113a7b9e9fb10905a83562d7144d04,http://plus.kipris.or.kr/openapi/fileToss.jsp?arg=452306798ef1fd03bf8e5ba4e1dbf726a8cb7a436c3317cef17a0ec9044a9d9378b8d6f083c92b392a713c768e80fb6a721529bfdb343c54377303f33d10e1f634fe3b73d7680a42,박한솔
HANSOL,19,소멸,셀룰라아제를이용한펄프의전처리방법,D21H 23/16|D21C 3/00,1000503730000,19920331,1019880014997,19881115,1019900008109,19900602,1019910008263,19911012,"본 발명은 펄프를 전처리하여 섬유의 팽윤과 유연성을 증가시키고 백색도 및 불투명도의 감소없이 고해될 수 있도록 하기 위해 셀룰라아제를 이용한 펄프의 전처리 방법에 관한 것이다. 종래 펄프의 고해시 소요동력을 줄이기 위해 알칼리성 제재나 셀룰라아제로 사전 처리를 하는 방법이 제시되고 있으나,그 효과나 수율면에 있어서 만족스럽지 못했다. 본 발명은 셀룰라아제를 이용하여 수율의 저하없이 펄프를 전처리할 수 있는 방법을 제공한다. 본 발명의 펄프의 전처리 방법은 여과지 분해 능력이 우수한 통상의 균주를 제지 공정의 폐기물로 배출되는 슬러리중의 섬유소를 기질로 하여 배양시키고,이 배양액으로 부터 균체만을 제거하여 얻어지는 셀룰라아제로서 펄프를 전처리한다. 이 때 1.2-1.7% 농도의 셀룰로오스 상등액을 미처리 펄프에 1.5G/L 투입하고,pH 4-7의 분위기하에서 반응 온도 40-60℃로 60-180분간 반응시킨다. 상등액은 슬러지의 섬유소를 기질로 하여 만델 배지에서 pH 6.0, 온도 32℃로 5일간 배양하여 생산되는 배양액을 6000RPM으로 원심 분리하여 얻어진다.",http://plus.kipris.or.kr/openapi/fileToss.jsp?arg=ed43a0609e94d6e2d625a3dcb0746fe4d9dbc9ae00e0ab5f450b271a63529d0698ec7804bd6d2e7f8bde6a129371cc54,http://plus.kipris.or.kr/openapi/fileToss.jsp?arg=452306798ef1fd035bfb5ff666db4c9cba499f3326dbcc9632ad24fa74151f8a3b6ad83954c377cac342c9fe2abd984b,한솔홀딩스 주식회사
HANSOL,20,소멸,잉크젯 프린터용 필름,B41M 5/50|B41M 5/52|B41J 2/01|B41M 5/44,1002381080000,19991012,1019970081964,19971231,1019990061680,19990726,,20000115,"본 발명은 잉크젯 프린터용 필름에 관한 것으로서, 더욱 상세하게는 플라스틱 기재 필름위에 잉크 정착층과 잉크 흡수층이 각각 코팅되어 있는 복합층 구조의 필름 또는 플라스틱 기재 필름위에 잉크 정착층과 잉크 흡수층이 혼합되어 코팅되어 있는 단일층 구조의 필름에 있어서, 상기 잉크 흡수층에는 통상적으로 함유되는 수용성 고분자이외에도 분자 단위내에 친수성기와 친유성기가 적절히 조절된 다음 화학식 1로 표시되는 화합물을 함유시킴으로써 선명한 칼라 화상과 우수한 투광도, 내수성, 내습성, 번짐성 및 잉크 흡수력을 개선시켜 인쇄적성을 향상시킨 잉크젯 프린터용 필름에 관한 것이다. 화학식 1 상기 화학식 1에서: R 1 , R 2 , R 3 , R 4 , R 5 , R 6 , m 및 a는 각각 발명의 상세한 설명에서 정의한 바와 같다.",http://plus.kipris.or.kr/openapi/fileToss.jsp?arg=ed43a0609e94d6e2d625a3dcb0746fe48bfcdbc5847085578a6b3874e66893ea4d95e4bba35ce1cf0231acc3db005ba0,http://plus.kipris.or.kr/openapi/fileToss.jsp?arg=452306798ef1fd035bfb5ff666db4c9c93fedfa9c20efe97d767258cb0f7955eeea5b897791e07046288c4ed2810d806,한솔홀딩스 주식회사
HANSOL,21,소멸,잉크젯프린터용투명필름,B41M 5/50|B41M 5/52|B41J 2/01,1002550420000,20000209,1019970081963,19971231,1019990061679,19990726,,20000501,"본 발명은 잉크젯 프린터용 투명 필름에 관한 것으로서, 더욱 상세하게는 기재필름, 언더코팅층 및 잉크 흡수층이 적층되어 있는 통상의 잉크젯 프린터용 투명필름에 있어서, 잉크 흡수층에는 바인더로서 내구성, 투광성이 우수한 수용성 고분자를 바인더로 도입하고, 그리고 충전제로서 무기 충전제와 유기 충전제로 변성 스타치가 함께 함유되어 있어 잉크 흡수력 뿐만 아니라 내광성, 투광성도 함께 향상시켰으며, 기재필름과 잉크 흡수층 사이에는 언더 코팅층을 기재 필름 바로 위에 코팅하여 잉크 흡수층의 기재에 대한 접착력을 증가시킴으로써 다양한 잉크젯 프린팅 방식을 가져올 수 있고 여러 회사의 잉크젯 프린터에서 동시에 사용 가능하고 여러 종류의 잉크젯 프린터에서의 잉크 흡수력이 우수하며 색상과 화상의 품질이 뛰어난 잉크젯 프린터용 투명 필름에 관한 것이다.",http://plus.kipris.or.kr/openapi/fileToss.jsp?arg=ed43a0609e94d6e2d625a3dcb0746fe48bfcdbc5847085578a6b3874e66893ea4d95e4bba35ce1cfdfbf368dcbfbb584,http://plus.kipris.or.kr/openapi/fileToss.jsp?arg=452306798ef1fd035bfb5ff666db4c9c93fedfa9c20efe97d767258cb0f7955eeea5b897791e07049babdf3f6b3727eb,한솔홀딩스 주식회사
HANSOL,22,거절,즉석식품용 용기를 수납하기 위한 포장상자,B65D 5/32|B65D 5/02|B65D 5/42,,,1020070096538,20070921,1020090030881,20090325,,,"본 발명은 즉석식품용 용기를 수납하기 위한 포장상자에 관한 것이다. 본 발명은, 사각형 형태의 바닥면; 상기 바닥면의 네 변으로부터 연장되고, 상기 바닥면과 함께 즉석식품용 용기가 수용되기 위한 공간을 형성하는 네 개의 측면; 상기 네 개의 측면 중 서로 대향하여 위치하는 두 측면의 윗변으로부터 연장되고, 상기 공간을 덮는 두 개의 상면; 상기 두 개의 상면과 연결되지 않은 두 측면의 윗변으로부터 연장되고, 상기 두 개의 상면을 덮은 후 고정되는 두 개의 덮개; 및 상기 네 개의 측면 중 서로 이웃하는 측면들의 옆변을 연결하는 네 개의 접힘면;을 포함하되, 상기 접힘면에는 상기 바닥면의 꼭지점으로부터 연장되는 접힘선이 형성되고, 상기 접힘선은 상기 접힘면을 제1면과 제2면으로 균등하게 양분하고, 상기 접힘선이 접혔을 경우 상기 접힘선은 상기 공간 내에 위치하는 것을 특징으로 하는 즉석식품용 용기를 수납하기 위한 포장상자를 제공한다. 본 발명에 의하면, 첫째, 포장상자의 이동이나 보관 시 즉석식품용 용기가 손상될 가능성이 종래에 비해 매우 낮고, 둘째, 즉석식품용 용기의 인출이 매우 용이하며, 셋째, 사용자의 파지가 매우 용이한 효과가 발생한다. 즉석식품, 포장상자, 용기, 슬릿, 바닥면, 측면, 덮개",http://plus.kipris.or.kr/openapi/fileToss.jsp?arg=ed43a0609e94d6e2d625a3dcb0746fe484b73ac8e410bb22acf8bea17544a965ba0159898d28b7e1a42efbf38f03af59,http://plus.kipris.or.kr/openapi/fileToss.jsp?arg=452306798ef1fd035bfb5ff666db4c9cf44e6e9608087f40b9014e7a476c213e4eb0f30f7804889d4dad46b917bd9153,한솔홀딩스 주식회사
HANSOL,23,소멸,열전사형 오버레이 필름,B41M 5/44|B41M 5/36|B41M 5/42,1002381060000,19991012,1019970072094,19971222,1019990052601,19990715,,20000115,"본 발명은 열전사형 오버레이 필름에 관한 것으로서, 더욱 상세하게는 보호층과 접착층으로 구성된 일반적인 열전사형 오버레이 필름에서 여러 가지 분자량 분포를 가지는 아크릴계 수지를 보호층에 함유시켜 고분자의 분자량 분포비 변화에 의해서도 물성의 조절이 가능하고 특히 내구성 및 전사성이 우수한 특성을 가지는 열전사형 오버레이 필름에 관한 것이다.",http://plus.kipris.or.kr/openapi/fileToss.jsp?arg=ed43a0609e94d6e2d625a3dcb0746fe48bfcdbc584708557f73adf3cab00959efc5cb5b0b33e443285abc2c754e6e38e,http://plus.kipris.or.kr/openapi/fileToss.jsp?arg=452306798ef1fd035bfb5ff666db4c9c93fedfa9c20efe9756faad4f25858da66cad0a073d316a60a009fc2e779c6db6,한솔홀딩스 주식회사
HANSOL,24,소멸,포어 마이크로스피어 구조의 리포지션어블 점착제 및 그제조방법,C09J 133/08|C09J 125/06|C09J 131/04|C09J 11/08,1003698450000,20030114,1020000062036,20001020,1020020031532,20020502,,20030130,"본 발명은 포어 마이크로스피어 구조의 리포지션어블(Repositionable) 점착제 및 그 제조방법에 관한 것으로서, 더욱 상세하게는 씨드현탁중합(Seeded suspenion polymerization)에 의하여 포어 마이크로스피어(Pore Microsphere) 구조 형성을 위한 기본(Base) 점착제를 제조하고, 마이크로스피어 형태를 유지하면서 용제식 코팅을 위한 용제화 과정을 통하여 점착제의 포어 구조를 발현시킴으로써, 종래 마이크로스피어 구조 또는 할로우 마이크로스피어 구조를 가지는 점착제와 달리 구조상 외부에서 가하는 힘에 의한 변형이 용이하여 점착력이 우수할 뿐만 아니라, 용제화 과정에서 녹아나온 씨드폴리머가 점착제를 피착제에 잘 붙어있도록 하는 바인더 역할을 하여 최종 응용제품의 점착제 전이현상을 개선시킬 수 있는 포어 마이크로스피어 구조의 리포지션어블(Repositionable) 점착제 및 그 제조방법에 관한 것이다. 포어 마이크로스피어, 리포지션어블 점착제, 씨드현탁중합",http://plus.kipris.or.kr/openapi/fileToss.jsp?arg=ed43a0609e94d6e2d625a3dcb0746fe4a849d4c575423efe1fd0bc78ed9babb1d7b5af3d73cb456d0d4622510dfa4aa2,http://plus.kipris.or.kr/openapi/fileToss.jsp?arg=452306798ef1fd035bfb5ff666db4c9c20f465ffcfa45303af8c4de366f2357b665bdea7a0626ed3b7f4a75cc453a94d,한솔홀딩스 주식회사|한솔파텍 주식회사
HANSOL,25,취하,민물 어류로부터의 메탈로티오네인 단백질을 암호화하는유전자 및 이의 이용,C12N 15/63|C07K 14/46|C02F 3/34,,,1019970034823,19970725,1019990006240,19990125,,,"본 발명은 민물 어류로부터의 메탈로티오네인 단백질을 암호화하는 유전자 및 이의 이용에 관한 것으로서, 더욱 상세하게는 민물어류인 붕어의 간으로부터 추출한 RNA집단으로부터 cDNA집단을 합성한 후 이들로부터 메탈로티오네인 단백질을 암호화하는 cDNA 유전자를 분리·동정하고, 이를 이용하여 유전자 조작에 의해 신규한 재조합 벡터 pMT 543을 합성한 다음, 이를 대장균에 형질전환시킨 균주 HBMT 543(KCTC 8806P) 및 이의 이용에 관한 것이다.",http://plus.kipris.or.kr/openapi/fileToss.jsp?arg=ed43a0609e94d6e2d625a3dcb0746fe48bfcdbc5847085578d7648bc4864bdc88574419f5a8cdc58d12286b6fd84c5ab,http://plus.kipris.or.kr/openapi/fileToss.jsp?arg=452306798ef1fd035bfb5ff666db4c9c93fedfa9c20efe97fea8ef8fbfc3c818d03a0b624caa5a431cb61ee647df2625,한솔홀딩스 주식회사
HANSOL,26,소멸,연쇄상구균 속의 균체와 이를 이용한 항종양제,C12N 1/20|A61K 35/744|A61P 35/00|A61P 37/04|C12R 1/46,1001834420000,19981216,1019960072380,19961226,1019980053292,19980925,,19990401,"본 발명은 연쇄상구균 속의 균체와 이를 이용한 항종양제에 관한 것으로서, 더욱 상세하게는 연쇄상구균 속에 속하는 신균주인 스트렙토코커스 아갈라스티아 (Streptococcus agalactiae) HS-026 (KCTC0281BP)균과 이 신균주의 배양물을 처리하여 얻어지는 수득물을 유효 활성성분으로 함유하는 항암작용 및 면역작용을 지닌 신규의 항종양제에 관한 것이다.",http://plus.kipris.or.kr/openapi/fileToss.jsp?arg=ed43a0609e94d6e2d625a3dcb0746fe477b8e79b56045f079f3b7435df0ce249bb50717c2963ce3bd4ddb209859fc168,http://plus.kipris.or.kr/openapi/fileToss.jsp?arg=452306798ef1fd035bfb5ff666db4c9c6468d92a0531fdc4af960a191a9d8c70c920399f8597b94778d1e81ddbbc133b,한솔홀딩스 주식회사
HANSOL,27,소멸,축광지,D21H 19/38|D21H 19/10|D21H 19/82,1001816810000,19981208,1019960017840,19960525,1019970075106,19971210,,19990515,"축광 안료(평균 입도 5-20㎛) 50-90%, 탄산칼슘 또는 크레이 10-50%를 혼합한 안료 혼합물과 바인더로 라텍스를 안료 혼합물에 대해 5-30파트%, 윤활제 0.1-5파트%를 포함하는 축광 안료 코팅 조성물을 기재층 위에 5-20/m 2 로 도포하여 형성하는 축광지는 축광 능력을 필요로 하는 다양한 물품에 손쉽게 적용할 수 있는 우수한 축광 제품 및 축광 반제품이다.",http://plus.kipris.or.kr/openapi/fileToss.jsp?arg=ed43a0609e94d6e2d625a3dcb0746fe477b8e79b56045f07a3974480bf2d313825ced484e5460e41e725b37ebab58459,http://plus.kipris.or.kr/openapi/fileToss.jsp?arg=452306798ef1fd035bfb5ff666db4c9c6468d92a0531fdc4ac14c28c2b72d55d930d64874beed83057e1f9dcf0e1f811,한솔홀딩스 주식회사|한솔파텍 주식회사
HANSOL,28,거절,마스킹테이프용 내열성 점착 조성물,C09J 11/08|C08L 9/00|C09J 123/16|C09J 11/06|C09J 9/00,,,1020000035728,20000627,1020020000673,20020105,,,"본 발명은 마스킹테이프용 내열성 점착 조성물에 관한 것으로서, 더욱 상세하게는 고무성분으로서 에틸렌 프로필렌 디엔 모노머(EPDM)를 기재로 하고, 여기에 점착부여제, 페놀수지, 가교제, 산화방지제, 가황촉진제 및 용매 성분으로 이루어진 점착 조성물 중에, 유연성을 부여하기 위해 히드록시기가 치환된 액상 폴리부타디엔(hydroxyl-terminated Polybutadiene: HTPB)을 첨가 사용함으로써, 탄성과 점성을 적절히 유지하면서도 3차원 굴곡면을 갖는 피착체의 모서리 라운딩 등에서 일정한 점착력 및 내열성을 동시에 유지하여 용이한 작업성을 갖게 하는 마스킹테이프용 내열성 점착 조성물에 관한 것이다. 액상 폴리부타디엔, 내열성, 마스킹테이프",http://plus.kipris.or.kr/openapi/fileToss.jsp?arg=ed43a0609e94d6e2d625a3dcb0746fe4a849d4c575423efe76e1a06a4a2438b9e79e2aab7e029f50af1b00ed9d845f3c,http://plus.kipris.or.kr/openapi/fileToss.jsp?arg=452306798ef1fd035bfb5ff666db4c9c20f465ffcfa45303ac3684ead0ea69ae3e293ae2b79b2ce56e0b58711abd659e,한솔홀딩스 주식회사
HANSOL,29,소멸,승화형열전사기록용색소,B41M 5/035|B41M 5/385,1001995630000,19990305,1019920024520,19921216,1019940013874,19940716,,19990615,"하기 일반식(I)으로 표시되는 승화형 열전사 기록용 색소는 발색감도가 우수하다. [상기식(I)에서 A는 로 이루어진 군에서 선택되며, R은 탄소수 1 6의 직쇄형 혹은 분지형 알킬, 탄소수 5 7의 시클로알킬로 이루어진 군에서 선택되며, R 1 및 R 2 는 수소원자, 탄수소 1 4의 직쇄형 혹은 분지형 알킬, 히드록시알킬, 할로알킬, 탄소수 5 7의 아릴, 아랄킬 혹은 시클로알킬로 이루어진 군에서 선택되며, R 3 는 수소원자, 할로겐 원자, 수산기, 포밀아미노 알킬카아보닐아미노, 알콕시카아보닐아미노, 알킬설포닐아미노기, 탄소수 1 4의 알킬, 일콕시기로 이루어진 군에서 선택되며, R 4 는 수소원자, 할로겐 원자, 수산기, 아미노기, 시아노기, 페녹시유도체, 모노 혹은 디 알킬아민, 탄소수 1 4의 직쇄형 혹은 분지형 알킬로 이루어진 군에서 선택된다.]",http://plus.kipris.or.kr/openapi/fileToss.jsp?arg=ed43a0609e94d6e2d625a3dcb0746fe47ff5cc4f761815a5e00ec282a31346f13a5ca3bd8eaeeff90a2dfa106def188d,http://plus.kipris.or.kr/openapi/fileToss.jsp?arg=452306798ef1fd035bfb5ff666db4c9ca47c5778cb0d4a5d205f55fb692ff6e2b645116a18a5f003886fe4d909edfc13,한솔홀딩스 주식회사
HANSOL,30,소멸,항암활성을 나타내는 신규 캠토쎄신 유도체,C07D 491/22,1001834410000,19981216,1019960071685,19961224,1019980052668,19980925,,19990501,"본 발명은 항암활성을 나타내는 신규 캠토쎄신 유도체에 관한 것이다. 상기 화학식에서, R 1 은 수소원자 또는 할로겐원자이고; R 2 는 수소원자, 할로겐원자, 하이드록시, 아미노, 아닐린, 할로아닐린, C 1 ~ C 7 알킬아미노, C 1 ~ C 7 알콕시, 페녹시, C 1 ~ C 7 아미노알콕시, 머캅토, C 1 ~ C 4 알킬설파이드, C 1 ~ C 4 알킬설피닐 또는 C 1 ~ C 4 알킬설포닐기이고; R 3 은 수소원자 또는 -CH 2 -Q이며(이때 Q는 수소원자, 할로겐원자, 하이드록시, 피페라지닐, 피페리디닐, 4-피페리디노피페리디닐, 이미다졸일, 피라졸일, 4-(1-피롤리딘일)피페리디닐, 3-피롤일, 숙신이미도 또는 프탈이미도기이다.",http://plus.kipris.or.kr/openapi/fileToss.jsp?arg=ed43a0609e94d6e2d625a3dcb0746fe477b8e79b56045f077fb8265cadf92b7c64ff22d49593006cc5fd774d8ec8395a,http://plus.kipris.or.kr/openapi/fileToss.jsp?arg=452306798ef1fd035bfb5ff666db4c9c6468d92a0531fdc405eefd8ec96ec053a9c2c5adf59c7f98691f984ff466e0d1,한솔홀딩스 주식회사
HANSOL,31,소멸,이중 마루판용 유. 무기 복합보드 및 그 제조방법,D21J 1/04|D21H 17/48|E04C 2/26|E04C 2/16,1001635780000,19980908,1019960010211,19960404,1019970070342,19971107,,19990115,"충분히 탈수, 건조, 분쇄한 제지슬러지에 수분을 함유하지 않고 경화제가 첨가된 미분말의 노보락 페놀수지를 혼합기를 사용하여 건식으로 혼합하고, 상기 혼합물을 예비 가압 프레스를 사용하여 판상으로 예비 가압한 후 고압 열프레스를 사용하여 가열 가압하여 성형하여 제조되는 이중 마루판 기판용 유·무기 복합보드는 파티클 보드를 사용하는 제품에 비하여 강도, 난연성, 가공성 및 내수성이 우수하며, 시멘트, 석고 계열의 제품보다는 경량이며, 작업성, 강도, 단열성이 좋고 분진이 발생하지 않으며, 스틸 제품보다 가벼우면서 강도가 우수하고 작업성이 뛰어나며, 제지슬러지에 함유된 목질섬유에서 기인된 천연 목재 질감과 무기물에 기인된 시멘트 콘크리트 제품의 질감을 고루 갖추고 있을 뿐만 아니라, 폐자원을 재활용하여서 제조하므로써 기타의 이중 마루판 제품보다 저렴한 가격으로 제조가 가능하다.",,,한솔홀딩스 주식회사
HANSOL,32,취하,고지재생용탈묵제및이를이용한탈묵방법,D21C 5/02,,,1019910012610,19910723,1019930002606,19930223,,,내용 없음.,http://plus.kipris.or.kr/openapi/fileToss.jsp?arg=ed43a0609e94d6e2d625a3dcb0746fe47ffb885893ce8d768a5b5876e7008f76804504448a5569b71b472ffc78048203,http://plus.kipris.or.kr/openapi/fileToss.jsp?arg=452306798ef1fd035bfb5ff666db4c9c300a8d24ba00290285c705c096c2af9bfba4f1b000643d32777f4054a3f33b34,한솔홀딩스 주식회사
HANSOL,33,소멸,"2,6-디시아노-4'디알킬아미노아조벤젠유도체의제조및그정제방법",C07C 253/14|C07C 253/34|C07C 245/08,1002081580000,19990415,1019930023227,19931103,1019950014060,19950615,,19990715,"본 발명은, 승화형 색소로 사용되어지는 2,6-디시아노-4'-디알킬아미노아조 벤젠 유도체의 제조방법에 관한 것으로서, 다음의 (Ⅱ-1) 내지(Ⅱ-4) 반응 단계로 이루어지는 것을 특징으로 하는 2,6-디시아노-4'-디알킬아미노아조벤젠 유도체의 제조 방법을 제공한다. (여기에서, R 1 은 수소원자, 탄소수 1 6의 알킬기, 알콕시기, 탄소수 2 6의 알콕시알킬기, 또는 할로겐 원자를 나타내며, X는 수소원자, 탄소수 1 4의 알콕시기, 메틸기, 또는 할로겐 원자를 나타내며, Y는 메틸기, 메톡시기, 포르밀아미노기, 탄소수 1 6의 알킬카르보닐아미노기, 알킬술포닐아미노기, 또는 알콕시카르보닐아미노기를 나타내며, R 2 , R 3 는 각각 탄소수 1 6의 알킬기, 탄소수 2 6의 알콕시알킬기, 아랄킬기, 페닐유도체 또는 히드록시 알킬기를 나타낸다.)",http://plus.kipris.or.kr/openapi/fileToss.jsp?arg=ed43a0609e94d6e2d625a3dcb0746fe4a72d80343096ba6bc5ca014ba5c153c67576cd71d8f2fa02dae40ff24aceb756,http://plus.kipris.or.kr/openapi/fileToss.jsp?arg=452306798ef1fd035bfb5ff666db4c9cfa17084e55cd1b28e3846f7bda8336ad5e82a8ad3ecf1c3a57f3a429c198bfb1,한솔홀딩스 주식회사
HANSOL,34,거절,시트형 화장조성물,A61K 8/02|A61K 8/25|A61K 8/72|A61Q 19/00,,,1019980022812,19980617,1020000002208,20000115,,,"본 발명은 시트형 화장조성물에 관한 것으로서, 더욱 상세하게는 수용성 폴리머와 음이온성, 양이온성, 양쪽성 염생성기를 가지는 이온성 고분자 이외에도 실리카 파우더를 추가로 함유시킨 화장조성물을 보호필름층과 화장조성물을 지지하는 지지층 사이에 도입하여 사용함으로써 각전의 효과적인 제거와 화장조성물의 건조 시간을 단축하여 박리시 쉽게 박리되고 모공을 청결히 할 수 있으며, 사용시 적용감이 우수하고 고함수율로 건조 속도를 개선한 시트형 화장조성물에 관한 것이다.",,,한솔홀딩스 주식회사|한솔파텍 주식회사|주식회사 한웅메디칼
HANSOL,35,등록,차량용 필러 플레이트의 케이블 장착 구조,B60R 16/02|B60R 13/02|B62D 25/04|F16B 2/02,1013956780000,20140509,1020130053542,20130513,,,,20140515,"본 발명은 필러 플레이트에 장착구멍을 갖는 거치대를 형성하고 케이블에는 후크를 장착한 다음, 이 후크를 거치대에 형성된 장착구멍에 끼워 고정시키면서 거치될 수 있게 함으로써, 케이블을 필러 플레이트에 견고하게 고정시켜 케이블이 빠지거나 흔들리는 것을 방지하고 특히 이러한 케이블에 움직임에 의한 소음 발생을 사전에 방지할 수 있게 한 차량용 필러 플레이트의 케이블 장착 구조를 제공하는데 그 목적이 있다. 이러한 목적을 달성하기 위한 본 발명에 따른 차량용 필러 플레이트의 케이블 장착 구조는, 헤드라이닝(L)에 장착되어 필러의 강성을 보강해 주는 필러 플레이트(100)를 포함하되, 상기 필러 플레이트(100)에는 케이블(200)을 거치할 수 있으며 장착구멍(111)이 형성된 거치대(110)가 구비되고, 이 거치대(110)에는 상기 케이블(200)에 구비된 후크(210)가 장착구멍(111)에 압입되어 고정된 것을 특징으로 한다.",http://plus.kipris.or.kr/openapi/fileToss.jsp?arg=ed43a0609e94d6e22d01c5c32ba711cfea03cf2a31af9196e55e2ae6e6e2377e9a75a51c1ac5a64d4a8a020883fbb4170964d1680300c024a7889246c5de8001980fc86857923da7,http://plus.kipris.or.kr/openapi/fileToss.jsp?arg=2ba38663aa11ff0f6ca91af6061a2e00f9d62bb9462f787871624f9fa5b55ead5f4d7a68987b04448256b82e98f2226620c616e86690ca5fcebe3c6fe3b1a3ec458351ba6763d63e,주식회사 대한솔루션
HANSOL,36,등록,인테리어 유리판재,B32B 17/06|B32B 17/10|C03C 17/00|C03B 31/00|B44C 5/04|C03C 27/06,1015183390000,20150430,1020130081964,20130712,1020150007671,20150121,,20150507,"본 발명은 인테리어 유리판재에 관한 것으로 보다 상세하게는 크랙이 형성된 인테리어 유리판재 및 그의 제조방법에 관한 것으로서, 제1유리와; 상기 제1유리에 접합되는 제2유리와; 크랙이 형성된 상기 제2유리의 가장자리에 인접하면서 상기 제1유리에 접합되는 조각유리와; 상기 제2유리 및 상기 조각유리 위로 접합되는 제3유리를 포함하는 인테리어 유리판재를 제공하여, 원하는 형상대로 스케치하여 원하는 모양의 크랙을 형성할 수 있고, 크랙을 형성시킨 뒤에 제3유리를 접합하기 때문에 크랙형성과정에서 제3유리의 파손위험이 사라지는 장점이 있다.",http://plus.kipris.or.kr/openapi/fileToss.jsp?arg=ed43a0609e94d6e22d01c5c32ba711cfae189f637a969b65364059533db2a298b1e3444699c9011d906a2140dddd2553027c42296c570490c7a464c16380f1625a34f2a0199b8b88,http://plus.kipris.or.kr/openapi/fileToss.jsp?arg=2ba38663aa11ff0f6ca91af6061a2e00b507fecb20462af74d59f3d6ebac1d8f0a781f566906f1cf028d2adba0db026f9b9848ba6157fdf776009c5765931108cc7d53d1bfc6767d,그라스한솔(주)|최환종|최칠식
HANSOL,37,등록,전기차용 플로어 매트의 MSD 커버,B60N 3/04,1021113770000,20200511,1020190028513,20190313,,,,20200518,"본 발명은 MSD(Manual Service Disconnect)가 외부에 노출하도록 플로어 매트에 개구부를 형성하고, 개구부를 개폐할 수 있게 커버를 장착하므로, 플로어 매트 전체를 탈거하지 않고도 전원을 차단할 수 있어 쉽고 편리하게 전원을 차단하여 안전하게 작업할 수 있다. 특히, 드라이버와 같은 수공구로 MSD 커버를 개폐할 수 있게 구성하므로, 작업자가 쉽고 편리하게 MSD를 차단하여 안전하게 작업할 수 있을 뿐만 아니라 작업 효율을 높일 수 있게 한다. 또한, MSD를 덮는 부분을 완전히 분리하지 않고 폐곡선 형태로 절개하여 덮개 부분을 구성하고, 이 덮개 부분을 마감판 위에 덮어서 사용할 수 있게 구성하므로, 이 덮개 부분을 통해 플로어 매트와 일체감을 주면서도 쉽게 여닫을 수 있게 한다.",http://plus.kipris.or.kr/openapi/fileToss.jsp?arg=ed43a0609e94d6e22d01c5c32ba711cfe877033966a752b1815c4260c64095ba7da5e166b2ba2032a6e91758b054bfa26570327a365aa6754d2336b87c68d424c4d7ac9f0e06889a,http://plus.kipris.or.kr/openapi/fileToss.jsp?arg=2ba38663aa11ff0f6ca91af6061a2e00aea810b93aa0176a2c289310302e9b9e745381cbb6a2c87866a2fd9f17db58b8a5bc3752b2776480c9578b9e80869a4a0561eb32aaccb344,주식회사 대한솔루션
HANSOL,38,등록,인테리어 유리판재,C03C 27/06|C03B 31/00|B32B 17/10|B44C 5/04|C03C 17/00,1015183380000,20150430,1020130081962,20130712,1020150007670,20150121,,20150507,"본 발명은 인테리어 유리판재에 관한 것으로 보다 상세하게는 크랙이 형성된 인테리어 유리판재 및 그의 제조방법에 관한 것으로서, 제1유리와; 상기 제1유리상에 접합되면서 크랙이 형성된 제2유리와; 상기 제2유리상에 접합되는 제3유리;를 포함하되, 상기 크랙은 제1크랙과; 상기 제1크랙과 사이각을 이루면서 상기 제1크랙으로부터 연장되는 제2크랙;을 포함하는 것을 특징으로 하는 인테리어 유리판재를 제공하여, 원하는 형상대로 스케치하여 원하는 모양의 크랙을 형성할 수 있고, 원하는 크랙부위로 색감을 입힐 수 있으며, 크랙을 형성시킨 뒤에 제3유리를 접합하기 때문에 크랙형성과정에서 제3유리의 파손위험이 사라지는 장점이 있다.",http://plus.kipris.or.kr/openapi/fileToss.jsp?arg=ed43a0609e94d6e22d01c5c32ba711cfae189f637a969b65364059533db2a298b1e3444699c9011d906a2140dddd2553b83c8387e6b1ab97608b37632e40165487328139f4c98477,http://plus.kipris.or.kr/openapi/fileToss.jsp?arg=2ba38663aa11ff0f6ca91af6061a2e00b507fecb20462af74d59f3d6ebac1d8f0a781f566906f1cf028d2adba0db026fbced40109a85ee1efd3d1c1173afd584a76075ccbe49c4f6,그라스한솔(주)|최환종|최칠식
HANSOL,39,등록,인테리어 유리판재,C03C 27/06|B32B 17/10|C03C 19/00|B44C 5/04,1015183400000,20150430,1020130081973,20130712,1020150007676,20150121,,20150507,"본 발명은 인테리어 유리판재에 관한 것으로 보다 상세하게는 무늬부재가 설치된 인테리어 유리판재 및 그의 제조방법에 관한 것으로서, 제1유리와; 상기 제1유리에 접착되는 제2유리와; 상기 제2유리에 형성되는 홈과; 상기 홈에 설치되는 무늬부재와; 상기 제2유리의 상부를 덮으면서 접착되는 제3유리;를 포함하는 것을 특징으로 하는 인테리어 유리판재를 제공하여, 제2유리에 형성된 홈에 무늬부재를 설치한 뒤 제3유리로 제2유리를 덮으면서 부착되기 때문에 다양한 홈 형상에 다양한 무늬부재를 설치할 수 있어 자연무늬 효과를 극대화 할 수 있는 강점이 있다.",http://plus.kipris.or.kr/openapi/fileToss.jsp?arg=ed43a0609e94d6e22d01c5c32ba711cfae189f637a969b65364059533db2a298b1e3444699c9011d906a2140dddd255379520112cef516f503439b067597a4ae3bedc00b9f6c05ee,http://plus.kipris.or.kr/openapi/fileToss.jsp?arg=2ba38663aa11ff0f6ca91af6061a2e00b507fecb20462af74d59f3d6ebac1d8f0a781f566906f1cf028d2adba0db026f17f0392725db587a742138ae83079ddff7113dfaf8e6bb8f,그라스한솔(주)|최환종|최칠식
HANSOL,41,공개,자동차 창문용 모기장,B60J 1/20|E06B 9/52|H02S 10/40,,,1020240114144,20240826,1020260029705,20260305,,,"본 발명은 강제로 감긴 스크린을 강제로 잡아당겨서 사용하는 창문용 모기장을 글라스와 도어 트림 또는 도어 이너 패널 사이에 장착함으로써, 모기장이 필요할 때, 운전자나 탑승자가 언제든지 쉽고 편리하게 모기장을 펼쳐서 쉽고 편리하게 사용할 수 있다. 특히, 본 발명은 스크린에 장착된 종이자석을 통해 윈도 오프닝의 가장자리 부분에 밀착하도록 스크린을 고정할 수 있게 구성함으로써, 스크린과 자동차 도어 사이에 틈새가 생기지 않게 하여 이물과 곤충 침입 방지 효과를 한층 더 높일 수 있다. 또한, 본 발명은 스크린의 바깥 면에 감을 수 있는 태양광 패널을 구비함으로써, 모기장을 사용할 때 태양광 패널을 통해 전력을 얻을 수 있고, 이렇게 얻은 전력은 배터리 충전이나 휴대단말에 활용할 수 있어 연비를 높일 수 있다.",http://plus.kipris.or.kr/openapi/fileToss.jsp?arg=ed43a0609e94d6e22d01c5c32ba711cf6d11f9c78b1fe41aeb93c7f024d19fa164b79328e2b41f0464415cbbc1f5644580b58333f5da8a65191651b2eb7396062e6ce8bf8219e601,http://plus.kipris.or.kr/openapi/fileToss.jsp?arg=6c650beb4cee9ce4122b704b88878c9372ec71bbcfe5c14bd16038dc7e12dd43b7c31595385a0d0fea96f5055c53222c64f835f2ec4fef2afe2618e61d63ecdeffb42090b2ae3341,주식회사 대한솔루션
HANSOL,43,등록,건물의 채광개방부에 설치하기 적합한 각도조절 태양열 집열장치,F24S 20/70|F24J 2/36|F24J 2/54|F24J 2/46,1010338050000,20110502,1020100086990,20100906,,,,20110513,"본 발명은 건축물의 남쪽을 향하는 발코니 또는 베란다, 파사드, 테라스 등의 난간이 설치되는 부분을 이용하여 각도 가변형으로 태양열 집열장치를 설치함으로써 효과적으로 집열할 수 있도록 한 장치에 관한 것이다. 본 발명은 남향인 채광개방부의 난간에 중첩되는 형태로 집열장치를 설치하는 구조를 갖도록 하며, 동시에 집열장치의 태양광 흡수각도를 조절할 수 있도록 집열장치를 프레임에 설치하면서 프레임과 집열장치가 힌지로 결합되게 하고, 집열장치를 젖힐 수 있는 전후진장치를 구성함으로써 집열장치를 필요한 각도로 조절할 수 있도록 함을 특징으로 하는 것이다.",http://plus.kipris.or.kr/openapi/fileToss.jsp?arg=ed43a0609e94d6e22d01c5c32ba711cf3f93fbaa3507f2576d53980ef866d30ed12171b9b3c959233fc089a388678df4869d2dee6be4aff95398b30559c8cb4da2a116845b317345,http://plus.kipris.or.kr/openapi/fileToss.jsp?arg=452306798ef1fd03bf8e5ba4e1dbf726f77bf88e0e577d95444ade58c38b55e90fa1ae7af803d61da25a2b0913af8805fe776ce7f84c6d3b9e188fe38422f13f5ef639949585b178,세한에너지 주식회사
HANSOL,44,등록,차량용 선글라스 케이스,B60R 7/08|B60R 11/00,1011439890000,20120502,1020100085373,20100901,1020120023231,20120313,,20120509,"본 발명의 차량용 선글라스 케이스는 일면에 대향하는 한 쌍의 힌지 지지부가 구비되며 차량의 실내에 장착되는 장착 브라켓 및 내부에 선글라스를 수납 인출할 수 있도록 수납공간이 형성되고, 상기 힌지 지지부에 탄성 지지되어 개폐되도록 설치되는 회전 지지부가 구비된 케이스를 포함하고, 상기 각 힌지 지지부에는 그 테두리로부터 상기 케이스와 회전 간섭이 생기지 않도록 연장 형성된 클립 지지부와, 상기 각 클립 지지부와 연통하도록 상기 장착 브라켓에 형성된 장착구멍과, 상기 장착구멍을 통하여 상기 각 클립 지지부에 장착되며, 상기 케이스에 구비된 스톱퍼의 열림 위치에서 탄성 변형되면서 회전 위치에 걸림 및 해제시켜 주는 플라스틱 클립을 포함한다. 상기와 같은 발명은 플라스틱 클립을 사출성형하고 클립방식으로 끼워서 사용하기 때문에 제조가 용이할 뿐만 아니라 쉽게 조립할 수 있으며, 이는 제조단가를 낮추면서도 조립시간을 줄일 수 있는 효과가 있다.",http://plus.kipris.or.kr/openapi/fileToss.jsp?arg=ed43a0609e94d6e22d01c5c32ba711cfe0609be52a04f2b7b1572024d17f4b2b4256c53d1ff0d7e1fbfd383937d901d84031b0299bbc0b6edbedb65c2e60d70bd8b9307be2eed599,http://plus.kipris.or.kr/openapi/fileToss.jsp?arg=452306798ef1fd03bf8e5ba4e1dbf726da94f3cd48383f0ff215998c8988d7077c537b660dd42eed8096832c7fffddcc9d2cd72f7ae83f77db151d104448335e6105fb7f8b8a0f72,기아 주식회사|주식회사 대한솔루션|한국TRW자동차부품산업 주식회사
HANSOL,46,공개,안전 기능을 가진 자동차용 러기지 보드,B60R 5/04|B60Q 1/52|B60Q 1/26|B60Q 1/46,,,1020240042351,20240328,1020250145223,20251013,,,"본 발명은 트렁크 바닥에 설치되는 러기지 보드를 프런트 부분과 리어 부분으로 나누되 리어 부분이 프런트 부분을 기준으로 위로 젖혀질 수 있게 구성하고, 또한 리어 부분에는 트렁크 바닥과 마주하는 면에 사인 보드를 갖춤으로써, 사인 보드를 별도로 구입하여 보관하지 않고도 트렁크 리드를 개방한 상태에서 이 리어 부분만 젖혀서 바로 사인 보드로 활용할 수 있다. 특히, 사인 보드를 리어 부분에 장착과 분리할 수 있게 구성함으로써, 사고 차량의 위치에 따라 사인 보드의 부착 위치를 변경할 수 있게 하여 후방에서 주행하는 자동차 운전자가 쉽게 사인 보드를 식별할 수 있다. 또한, 리어 부분을 위로 젖혀 사인 보드 일부가 트렁크 위로 돌출하게 구성함으로써, 멀리서도 쉽게 사인 보드를 식별하여 안전하게 운행할 수 있다.",http://plus.kipris.or.kr/openapi/fileToss.jsp?arg=ed43a0609e94d6e22d01c5c32ba711cff65f6b5fe7a7ae0584f674ea4203383a1d53618c96d9cb747f5d91b5f5d5b25349f9cf3d4dbe878ecb9b321b5528f89ff45ec7b7f69dfee3,http://plus.kipris.or.kr/openapi/fileToss.jsp?arg=6c650beb4cee9ce4122b704b88878c93522e59d419c828ebb188cd9ea10957513a65d7874a948ea37ce6b64eacca08d52649ee8182e8bc4c422d636887894c9a64df964960871b81,주식회사 대한솔루션
HANSOL,49,공개,비상용 튜브로 사용할 수 있는 자동차용 어시스트핸들,B60N 3/02|B60R 21/02|B60R 21/00,,,1020230129023,20230926,1020250045737,20250402,,,"본 발명은 어시스트핸들을 분리할 수 있게 구성하고, 그 안에 팽창 튜브를 장착하여 분리된 어시스트핸들에서 팽창시킬 수 있게 구성함으로써, 운전자나 탑승자가 항상 쉽고 편리할 뿐만 아니라 익숙하게 사용하는 어시스트핸들을 사용하여 비상용 튜브로 사용할 수 있어 인명사고를 줄일 수 있다. 특히, 본 발명은 팽창 튜브에 가스를 공급하는 인플레이터로 자동차에서 운전자와 탑승자의 안전을 위해 설치되는 에어백에 가스를 공급하는 에어백 인플레이터를 사용하고, 스트링을 사용하여 수동으로 인플레이터가 동작하게 구성함으로써, 차체에서 분리된 어시스트핸들에서 이 스트링을 잡아당겨 쉽게 팽창 튜브를 팽창시켜서 안전하게 사용할 수 있다. 또한, 볼락 핀 방식으로 버튼을 누르는 간단한 조작으로 어시스트핸들을 신속하게 분리할 수 있다.",http://plus.kipris.or.kr/openapi/fileToss.jsp?arg=ed43a0609e94d6e22d01c5c32ba711cf8f9910ee3a8688e537fad9d72c5e1a951272a8446615dc0c8e8367792c796ba95ed4a4e3632c477056e6b8a438cd425c386fe2c8cf8da827,http://plus.kipris.or.kr/openapi/fileToss.jsp?arg=6c650beb4cee9ce4122b704b88878c935c1c50069204212c3fb2c169cc24e21dfccfc61d7329733c96621840a0b4e261170b8fa69d3dfaf3a722920aad913170f15dd9c9f4454754,주식회사 대한솔루션
HANSOL,50,공개,A 필러와 필러 트림 사이에 설치되는 와이어링 장착용 자동차의 와이어링 고정구,B60R 16/02|B62D 25/04|B60R 13/02,,,1020230164040,20231123,1020250076869,20250530,,,"A 필러와 필러 트림 사이에 설치되는 와이어링 장착에 사용되는 자동차의 와이어링 고정구에 관한 것으로, 와이어링에 장착에 사용되는 와이어링 고정구에 거치 부분을 형성하여 와이어링 고정구에 삽입된 와이어링이 이 거치 부분에 거치될 수 있게 구성함으로써, 와이어링이 아래로 처지면서 필러 트림을 A 필러에 장착할 때 사용되는 장착 구멍이 와이어링에 가려지지 않게 하여 쉽고 편리하게 필러 트림을 조립할 수 있다. 특히, 거치 부분에 가이드를 구성하고, 이 가이드가 필러 트림이 조립되는 장착 구멍 위에 형성된 가이드 구멍에 관통하게 삽입될 수 있게 구성함으로써, 거치 부분이 견고하게 지지가 되어 와이어링의 중량을 충분히 버텨 아래로 처지는 현상을 방지하여 쉽고 편리하게 필러 트림을 조립하여 안전하게 사용할 수 있다.",http://plus.kipris.or.kr/openapi/fileToss.jsp?arg=ed43a0609e94d6e22d01c5c32ba711cf6a29009236fe986f984eb9f5000a5fff0376c02d0e6481923a5e8886dd36e703a431c241668749cd2d752fa2a9de67bd145a265f0ca52bf0,http://plus.kipris.or.kr/openapi/fileToss.jsp?arg=6c650beb4cee9ce4122b704b88878c93a91394be4864215886416e35d82aa5edab94dd08e5b543d748c4af12ea4b57a54bf598b31d0ad63cc7b8a251f1df0691058e003c06bb4ccf,주식회사 대한솔루션
HANSOL,51,공개,자동차용 헤드 라이너의 가거치 장치,B60R 13/02|B60R 13/08,,,1020240084056,20240626,1020260000977,20260105,,,"본 발명은 루프패널에 미리 장착된 고정 돌기의 헤드 부분이 헤드 라이너에 장착된 조립 브래킷에 슬라이딩 방식으로 끼워지면서 조립이 되게 하되, 이때 상기 고정 돌기가 조립 브래킷에 안으로 갈수록 좁아지게 형성된 거치 구멍에 가조립 되게 구성함으로써, 자동차의 진행 방향으로 헤드 라이너를 밀면 고정 돌기가 좁아진 거치 구멍에 닿아 더는 움직이지 못하게 되어 정해진 위치에서 신속하고 정확하게 헤드 라이너 조립 작업을 할 수 있게 한다. 또한, 본 발명은 상기 고정 돌기가 서로 마주하는 한 쌍의 변 길이가 긴 육각형 단면 형상으로 이루어지게 구성하고, 상기 거치 구멍의 안쪽이 ""V""자 형태로 대칭인 홈 형상으로 형성함으로써, 이처럼 헤드 라이너를 조립할 때 조립 위치가 더욱 더 정확하게 맞춰질 수 있게 한다.",http://plus.kipris.or.kr/openapi/fileToss.jsp?arg=ed43a0609e94d6e22d01c5c32ba711cf3e0a9073d3d020277439b5bea5eafdf029880b9283a27d222c0c5cbd76355b567a374a98937ed2ccdad9a555395fb95ddac4f20daa835750,http://plus.kipris.or.kr/openapi/fileToss.jsp?arg=6c650beb4cee9ce4122b704b88878c936982c57ccb65cf3ee71f93f8ea05a961fe08df105dc89a06ed74a01ceef2e25968c3eb8b94e49ced9d0dc3154f286e46a67a475f98fc3d71,주식회사 대한솔루션
HANSOL,52,등록,한글 창제 원리를 이용한 파닉스 한글 학습 교재,G09B 17/00|G09B 19/08,1029572290000,20260421,1020240034292,20240312,1020250137825,20250919,,20260424,"본 발명은 파닉스 한글 학습 교재 및 이를 이용한 파닉스 한글 학습 방법에 관한 것으로, 더욱 상세하게는 파닉스 기반으로 한글을 학습하되, 한글 창제 원리를 적용하여 한글 학습을 더 쉽게 학습시키고, 한글 자소 블록을 사용할 수 있도록 하여 한글을 쉽고 재미있게 학습할 수 있도록 하는 한글 창제 원리를 이용한 파닉스 한글 학습 교재 및 이를 이용한 파닉스 한글 학습 방법에 관한 것이다.",http://plus.kipris.or.kr/openapi/fileToss.jsp?arg=ed43a0609e94d6e22d01c5c32ba711cff6ddb10904035fb4c91de3b29294af02b76056c092ac7f0d31759e47cce614fb4fd574a1c0ce42a49b2598d231abb4663dcade18a7ffc6d7,http://plus.kipris.or.kr/openapi/fileToss.jsp?arg=6c650beb4cee9ce4122b704b88878c9320166a997e8a830bee08806fbb4e0ff07f39b84fc85356fa015ce8a9a271a4d741b9ec27b658698b50b5856f315b57722ec0ec36d84c1f6d,주식회사 한솔교육
HANSOL,53,등록,유리 타일 조립체의 제조 방법,B32B 37/12|B32B 17/06|B32B 38/00|E04F 13/14,1029577340000,20260422,1020210049266,20210415,1020220139770,20221017,,20260424,"본 발명은 작은 조각의 형태를 갖는 유리 타일들로 구성된 유리 타일 조립체의 제조 방법에 관한 것으로서, 패턴 인쇄되는 유리 타일의 제조 효율을 높일 수 있는 유리 타일 조립체의 제조 방법에 관한 것이다.",http://plus.kipris.or.kr/openapi/fileToss.jsp?arg=ed43a0609e94d6e22d01c5c32ba711cff6ddb10904035fb4f4f61f2ddbcf6b54d6b55765f1cc40b1a2960cce4b38c15e750117636ea5d70a485874f0aa81ab4f9a6e3704e626b56f,http://plus.kipris.or.kr/openapi/fileToss.jsp?arg=6c650beb4cee9ce4122b704b88878c9320166a997e8a830bd3aaf8b4cf63a94dfeb05a41812a97a875a8abdb103f60c7ad1c16e80bdfcf4f609700a19af172b8edb6c65274e162bd,한솔접합유리 주식회사|주식회사 베르베르 월드와이드
HANSOL,54,등록,"스파이더 실크 단백질, 거머리 추출물, 봉독 추출물 및 뱀독 유사 펩타이드 복합물로 제조된 포이즌 컴플렉스를 유효성분으로 함유하는 항노화 화장료 조성물",A61K 8/98|A61K 8/64|A61Q 19/08,1015086140000,20150330,1020140110559,20140825,,,,20150408,"본 발명은 스파이더 실크 단백질, 거머리 추출물, 봉독 추출물 및 뱀독 유사 펩타이드 복합물을 포함하는 화장료 조성물에 관한 것이다. 상기 스파이더 실크 단백질, 거머리 추출물, 봉독 추출물 및 뱀독 유사 펩타이드 복합물은 피부세포에 독성이 없으며 주름 개선 효과, 피부 탄력 개선 효과, 염증 매개 인자 발현 억제에 효과적이고 보습 관련 인자 발현 증가 및 우수한 피부 세포 재생 및 피부 자극 완화 효과를 갖고 있어서 이를 유효성분으로 함유하는 화장료는 항노화에 우수한 효과를 나타낸다.",,,한솔바이오 주식회사|주식회사 더마랩|한솔생명과학(주)
HANSOL,55,공개,강성이 개선된 전기차용 엔진룸 흡음재,B32B 5/18|B32B 5/24|B32B 5/02|B32B 7/12|B32B 29/00|B32B 29/08,,,1020240042373,20240328,1020250147769,20251014,,,"본 발명은 폴리우레탄 폼 시트의 양면에 케미칼 부직포와 (주름) 크라프트지를 일체로 적층하여 구성함으로써, (주름) 크라프트지를 통해 신율 증대로 강성을 보강할 수 있을 뿐만 아니라, 종이 재질을 재활용할 수 있어 ESG 경영에 요구되는 친환경성을 만족할 수 있다. 또한, 본 발명은 (주름) 크라프트지의 사용으로 복잡한 형상의 엔진룸 흡음재도 쉽게 성형할 수 있어 성형성과 강성 개선을 통해 2,000㎐ 이상의 고주파 영역에서의 흡음 성능을 개선할 수 있다. 그리고 본 발명은 폴리우레탄 폼 시트와 (주름) 크라프트지를 부착에 폴리올레핀계 바인더를 사용함으로, 폴리우레탄 폼의 성형온도 조건과 비슷한 폴리올레핀계 바인더를 통해 (주름) 크라프트지의 점착력을 높여 성형성과 강성 그리고 흡음 성능을 개선할 수 있다.",http://plus.kipris.or.kr/openapi/fileToss.jsp?arg=ed43a0609e94d6e22d01c5c32ba711cfa28b2376f0be49627ddbebc9ec2f1246c26d1b3563d50178ea0ed5c8abfcee0375bde7402673259db9eb726433f12479848d54a8cdcf8713,http://plus.kipris.or.kr/openapi/fileToss.jsp?arg=6c650beb4cee9ce4122b704b88878c938a75e82334deae9478c4877d53984cf034cf718b745d09aea2b9368ca7dce57f3fef568fc7c4a7e48bdacee7deb2a10f371827c477cf1e37,주식회사 대한솔루션
HANSOL,56,등록,배전반의 압력가스 방출장치,H02B 13/025|H02B 1/28,1025522490000,20230703,1020230001005,20230104,,,,20230705,"본 발명은 내부에 각종 구성품들을 수용하기 위한 공간을 가지며 전면 및 후면은 전면도어 및 후면도어가 설치된 함체, 상기 함체의 상면에 덮혀지는 상부덮개, 상기 상부덮개에 관통 형성되며 상기 함체의 내부 공간에 발생한 압력가스를 외부로 방출하는 방출구, 상기 방출구에 덮혀지며 일측은 상기 상부덮개에 힌지 결합된 상태에서 상기 힌지를 기점으로 회전하며 상기 방출구를 개방 및 폐쇄시키는 도어, 상기 함체의 내부 공간에 설치되며 상기 함체의 내부 공간에서 발생한 압력가스의 압력을 측정하는 압력측정센서, 상기 압력측정센서에서 측정된 압력데이터를 입력받아 기 입력되어 있는 압력데이터와 비교 판단하는 제어부, 상기 도어의 상단에 설치되어 있는 브라켓에 일단이 연결되는 와이어, 상기 와이어의 타단이 외경으로 수회 감겨지는 윈치드럼, 상기 윈치드럼에 설치되며 상기 제어부의 제어신호에 따라 전원공급부에서 공급되는 전류를 인가받아 상기 윈치드럼을 구동시켜 상기 와이어를 상기 윈치드럼에 감아주거나 풀어주도록 하는 모터로 구성한 도어 강제 개폐수단을 포함하여 상기 도어의 개방 및 폐쇄동작을 자동 제어하는 것을 특징으로 하는 배전반의 압력가스 방출장치를 제공한다.",http://plus.kipris.or.kr/openapi/fileToss.jsp?arg=ed43a0609e94d6e22d01c5c32ba711cf6c4c884220388ec4fc7f40bb2a5236f8f108c44ee8414f588c6a7bd28cdf98c59175d039c3064674062f003220f81e5c03f9e28ac1d0de82,http://plus.kipris.or.kr/openapi/fileToss.jsp?arg=6c650beb4cee9ce4122b704b88878c937eb68216e5e65b9963b233042045315cca75d44928f2363df8482ec8fcfd67000b2e46a9d38d2329a2048377f657512f93b7a9bc251ab6c8,주식회사 범한솔루션
HANSOL,57,공개,리튬금속전지용 미세상 분리 유도 반고체 전해질 및 그 제조방법,H01M 10/0565|H01M 10/052,,,1020240141958,20241017,1020260055724,20260424,,,"고분자 매트릭스용 모노머와 이온전도성 소재를 일정 비율로 혼합하고, UV 중합하여 기계적 물성을 높인 다음, 코인 셀에 조립한 상태에서 열적 경화함으로써, 낮은 계면 저항을 가져 계면 안정화로 리튬이온 이동의 가역성을 높여 액체 전해질 기반의 기존 리튬금속 전지에서 발생하는 리튬 덴드라이트 성장을 억제하여 충・방전이 안정적으로 이루어질 뿐만 아니라 오랫동안 안정적으로 반복해서 충・방전할 수 있다. 또한, 이처럼 반고체 전해질에 0.5~1㎛ 정도의 미세상이 균일하게 분포함에 따라, 고분자 기반의 구조용 상과 기공을 통해 빠른 이온전달이 가능한 이온수송용 상이 명확하게 구분되어, 2개 고분자 네트워크가 상호 침입 고분자 망상 와 PVEC 고분자 매트릭스가 구조용 상을 이루고 이온전도성 소재가 이온수송용 상을 채우면서 이온전도도와 기계적 특성을 동시에 향상할 수 있다.",http://plus.kipris.or.kr/openapi/fileToss.jsp?arg=ed43a0609e94d6e22d01c5c32ba711cff6ddb10904035fb4c91de3b29294af021c3f3b6bd87f643d25a1b5c7f1948224ce7266e185c5482892abb5fa7f475f5e7c6d7862af37835f,http://plus.kipris.or.kr/openapi/fileToss.jsp?arg=6c650beb4cee9ce4122b704b88878c9320166a997e8a830bee08806fbb4e0ff03fa049630283bd43c71233be00ad640ff83d08f5d398c1edaac83159574c8c325f31b7b0e9646c03,주식회사 대한솔루션|인하대학교 산학협력단
HANSOL,58,공개,조립식 동바리 테이블 기구 및 그 조립방법,E04G 11/48|E04G 17/04|E04G 25/04,,,1020240142190,20241017,1020260055819,20260424,,,"본 발명의 일면에 의하면, 건축물의 시공 현장에서 조립 가능한 동바리 테이블 기구에 있어서: 한 쌍의 하부멍에(21)에서 하측으로 멍에헤드(22)와 연결되는 동시에 상측으로 지지로드(24)와 연결되는 하부부재(20); 및 한 쌍의 상부멍에(31)에서 하측으로 멍에헤드(32)와 수직재(34)를 갖추고, 각각의 지지로드(24)에 높이 조절가능하게 결합되는 상부부재(30);를 포함하는 것을 특징으로 한다. 이에 따라, 각종 건축물의 슬라브 데크를 시공하는 현장에서 보측면과의 연결부를 지지함에 설계조건에 맞추어 편리하게 결합되면서 구조적 안정성을 유지하므로 생산성을 향상하고 안전사고를 방지하는 효과가 있다.",http://plus.kipris.or.kr/openapi/fileToss.jsp?arg=ed43a0609e94d6e22d01c5c32ba711cff6ddb10904035fb4c91de3b29294af02d24f1e2388c208dbbe145d1f679eb30dc4c0745c15ddecda0ce7f4f01ce66077952202d0efd4cd25,http://plus.kipris.or.kr/openapi/fileToss.jsp?arg=6c650beb4cee9ce4122b704b88878c9320166a997e8a830bee08806fbb4e0ff04ed4d0c58f5124bcc523905bdd5f074ab523a50c5eba08bd09a35b3babb00b4160407bd353cb1517,주식회사 한솔건업
HANSOL,60,공개,자동차용 플로어 카펫의 브리지,B60N 3/04,,,1020240081582,20240624,1020250179798,20251231,,,"센터 터널을 기준으로 양쪽으로 양분된 부분에 각각 한쪽이 장착된 한 쌍의 브리지를 연결할 때, 서로 마주하여 중첩된 부분에 형성된 장착 돌기가 관통 구멍에 강제로 끼워져서 걸림 작용할 수 있게 구성함으로써, 누구든지 쉽고 편리하게 조립할 수 있을 뿐만 아니라, 한 번 조립된 상태에서는 쉽게 이탈하거나 분리되지 않게 하여 불량률을 줄일 수 있다. 특히, 관통 구멍이 브리지의 길이 방향을 따라 일정 간격을 두고 여러 개를 관통하게 형성함으로, 구획된 플로어 카펫 사이의 간격을 고려하여 정해진 간격에 맞춰 쉽고 신속하게 조립할 수 있다. 또한, 장착 돌기가 화살촉 형상으로 돌출하게 구성함에 따라, 장착 돌기 위에 관통 구멍을 대고 누르면 누구든지 쉽고 편리하면서도 정확하게 원하는 위치에 조립하여 사용할 수 있다.",http://plus.kipris.or.kr/openapi/fileToss.jsp?arg=ed43a0609e94d6e22d01c5c32ba711cf1199f4cf644f44ea40f001e2c413635c420c79b7b8a40229e7f6add016cdd2c5603b0c42be63b93d7cf4bca39b2eb89c03d7c04093f03e1d,http://plus.kipris.or.kr/openapi/fileToss.jsp?arg=6c650beb4cee9ce4122b704b88878c93c9c19e2d7538f5530582b0dec27d1adc93343e29c6d3e45896cfcafa330cc1893bdb33879ec6a0bee02803da946d50814a1998df74c9dc7b,주식회사 대한솔루션
HANSOL,61,등록,제지 소각로 비산재를 이용한 판지 중심층 소재 제조 방법,B09B 3/00|B09B 5/00|B09B 3/20|B03C 1/00|B07B 1/34|B07B 13/04|D21C 9/00|D21F 13/00|C01F 11/18|B09B 101/30,1025218060000,20230411,1020220045780,20220413,,,,20230417,본 발명은 제지 소각로에서 발생한 비산재(Fly Ash)로부터 판지 중심층 재료로 사용하는 방법으로 비산재의 특성을 보다 개선하여 중심층 소재를 제조하는 방법에 관한 것이다. 본 발명은 특히 보일러에서 발생하는 이산화탄소를 활용하여 비산재의 특성을 개선하여 이를 판지 중심층 소재로 사용하는 방법에 관한 것이다.,http://plus.kipris.or.kr/openapi/fileToss.jsp?arg=ed43a0609e94d6e22d01c5c32ba711cf384885554e2e6ea38bc6dae3fedab1ee957dcaee156b268f321da6eacc23b59dcf39a2a4ac5c97cb2f3f52b0dbc7eed752f9a5a29803be6d,http://plus.kipris.or.kr/openapi/fileToss.jsp?arg=6c650beb4cee9ce4122b704b88878c93c41dc40f5f98538472ab873fd0039eb66a7cacac61e7d8d0e2283aece758a2f205db5da91a6c2ec39a37bba9e94d8dbf9cbc4528fe1f7c8f,한솔제지 주식회사|태경산업 주식회사
HANSOL,62,거절,반도체 장치 부품 코팅 방법,C23C 16/44|C23C 16/06|C23C 16/455|C23C 16/56|H01J 37/32,,,1020230135039,20231011,1020250052021,20250418,,,"본 발명는 반도체 공정 챔버 및 그 제조 방법에 관한 것으로, 해결하고자 하는 기술적 과제는 ALD(Atomic Layer Deposition) YAG(Yttrium Aluminum Garnet) 결정화 코팅을 반도체 부품에 적용하여 표면 조도 및 내구성을 개선하고 반도체 수소 공정에 적용하는 반도체 장치 부품 코팅 방법을 제공하는데 있다. 이를 위해 본 발명에 따른 예시적 반도체 공정 챔버의 제조 방법은 반도체 공정 챔버 부품의 부식 및 파티클의 발생을 방지하기 위해 ALD(Atomic Layer Deposition) 코팅 공정으로 상기 반도체 공정 챔버 부품 상에 YAG(Yttrium Aluminium Garnet) 코팅층을 제공하는 단계; 및 상기 YAG 코팅층을 열처리하여 단일 결정상의 YAG 코팅층을 제공하는 단계를 포함하는, 방법을 제공한다.",http://plus.kipris.or.kr/openapi/fileToss.jsp?arg=ed43a0609e94d6e22d01c5c32ba711cfdf16d1ed973aee0d054e50d263ba5edcba6b5ad3b0b7c02100b80fa81be718ac7b6a3547c2f2035f234b8ca920091ceec13fde4093d65cbf,http://plus.kipris.or.kr/openapi/fileToss.jsp?arg=6c650beb4cee9ce4122b704b88878c93717cb67b4b52e8106f3ca86d4a71ebbc81781bbfd6da9df1dc01e34dd784a18d0529e0ed52d9cff0a9e3d1c4d4bb598c57c2b52209b5354a,한솔아이원스 주식회사
HANSOL,63,공개,폴리에스터 단일소재를 적용한 자동차 내장재,B32B 5/26|C09D 175/02,,,1020240027098,20240226,1020250130958,20250902,,,"흡음과 차음성능이 있는 폴리에스터 계열의 소재를 사용하여 다층으로 구성하고 층 사이의 접착 소재로도 폴리에스터 계열의 소재를 사용함으로써, 기존 내장재와 같거나 유사한 흡음 성능을 얻을 수 있을 뿐만 아니라, 단일 소재로 쉽게 재활용할 수 있게 한 폴리에스터 단일소재를 적용한 자동차 내장재를 제공한다. 특히, 각 층의 중량을 다르게 구성함으로써, 내장재가 설치되는 위치에서 요구되는 흡음 성능에 맞춰 조절하여 사용할 수 있게 한 폴리에스터 단일소재를 적용한 자동차 내장재를 제공한다. 또한, 층을 적층할 때 흡음성능을 가진 층과 차음성능을 가진 층 중 적어도 하나를 추가함으로, 흡음성능과 더불어 차음성능을 선택적으로 보완하여 소음 성능을 개선할 수 있게 한 폴리에스터 단일소재를 적용한 자동차 내장재를 제공한다.",http://plus.kipris.or.kr/openapi/fileToss.jsp?arg=ed43a0609e94d6e22d01c5c32ba711cf881899b93e5ec2c32e7801a01aba4a811fde0a580cd750474c2167eb877cf0cc07aaf60cebca61617d9047d984d8f58c0407378d7636c27f,http://plus.kipris.or.kr/openapi/fileToss.jsp?arg=6c650beb4cee9ce4122b704b88878c930f176f371e30f34709be56dd5c4be9eab845f56b2dcb72ca6e3ddaa9b593478265440fd6506cb7ce7977aa2a1bf7b3122b7981d9243b9cf4,주식회사 대한솔루션
HANSOL,64,공개,블라인드 장치용 가이드 레일 조립체 및 가이드 레일 조립체의 조립 방법,E06B 9/58|E06B 9/42,,,1020240121488,20240906,1020260035490,20260313,,,"본 발명의 실시예에 따른 가이드 레일 조립체는 블라인드 장치의 스크린의 이동을 가이드하는 이너 레일을 수용하기 위한 내부공간을 제공하는 가이드 레일을 포함하고, 상기 가이드 레일은: 구조물에 고정되는 제1 외벽과 상기 제1 외벽으로부터 수직한 방향으로 절곡된 제2 외벽을 포함하고, 상기 제1 외벽과 상기 제2 외벽 사이에 마련되는 지지벽을 포함하는 고정 레일; 상기 제2 외벽 및 상기 지지벽과 체결되어 상기 고정 레일의 개방된 공간 중 일부를 덮고, 상기 고정 레일과 체결 시 상기 제2 외벽과 수직하게 배치되는 제3 외벽을 포함하는 제1 결합 레일; 및 상기 제1 결합 레일과 체결되는 제2 결합 레일을 포함할 수 있다.",http://plus.kipris.or.kr/openapi/fileToss.jsp?arg=ed43a0609e94d6e22d01c5c32ba711cf5784d55e496cc0bc3246ad75367b53017c95a2c659205b07ffdf709bafa71e885e51a6a7078c115334e9a2a0dcc0452e152680e5a4a8121f,http://plus.kipris.or.kr/openapi/fileToss.jsp?arg=6c650beb4cee9ce4122b704b88878c936347d5a3c9c91e55772827e8a2e83c7b821862f1aa0135f762b51fd945de4656f3fb956f8601b8e28457bf91a97265835b3d6d92254c65a8,(주)한솔아이엠비
HANSOL,67,등록,전면 영상 표출이 가능한 태양광 시스템,H10F 19/80|H10F 19/30|H10H 29/01|H10F 19/90|H10F 10/00,1025769430000,20230906,1020210153838,20211110,1020230067997,20230517,,20230912,"본 발명은 전면 영상 표출이 가능한 태양광 시스템을 개시한다. 이러한 본 발명은 건축물에 PV모듈을 설치시 PV모듈의 전면으로 영상 표출이 가능하도록 구성한 것이고, 이에 따라 PV모듈을 통한 태양광 에너지의 효율적인 집열로 전기 에너지를 확보하는 등 발전량을 증대시키면서도 확보된 전기 에너지를 통해 건축물 외부로 다양한 종류의 영상을 표출시키는 것이다.",http://plus.kipris.or.kr/openapi/fileToss.jsp?arg=ed43a0609e94d6e22d01c5c32ba711cf011d36b8acbeb82b7afb3c1c4d7f4c70f1ae35c96f4d7ba3b84ccd94e6d84c4efadc9fd6c768bda1b952d525dcd49ff535cd6fb476c315fa,http://plus.kipris.or.kr/openapi/fileToss.jsp?arg=6c650beb4cee9ce4122b704b88878c93f20a6af5e6e2f3c4d4d5718631fe840a233cbafca786e9cf2b10c6ef9b8d4a3e10b68fc2bb5e4e35d6d2b263c029e09153488a8074ebf218,한솔테크닉스(주)
HANSOL,68,공개,내플라즈마성 반도체 제조 공정용 부품 및 그의 제조방법,H01J 37/32|C23C 16/44,,,1020220182718,20221223,1020240100759,20240702,,,"본 발명은 내플라즈마성 반도체 제조 공정용 부품 및 그의 제조방법에 관한 것으로, 구체적으로 기재 상에 코팅층을 다단으로 구비하여 반도체 제조 공정용 부품의 가공결 및 피트의 노출을 방지하며, 초경면 상태의 균일한 코팅층을 형성하고 반도체 제조 공정용 부품의 수명을 향상시킬 수 있는 내플라즈마성 반도체 제조 공정용 부품 및 그의 제조방법에 관한 것이다.",http://plus.kipris.or.kr/openapi/fileToss.jsp?arg=ed43a0609e94d6e22d01c5c32ba711cfbc45856b34c20333f8bfddd7a5ace4efdd9eb639e766046c03b772dc38365d7307cf8d7c74cf06f959ff1676a8d8f78293cb028ab626bbbd,http://plus.kipris.or.kr/openapi/fileToss.jsp?arg=6c650beb4cee9ce4122b704b88878c938229e78164455f17df5e9902cdedda3cab209c788ddccdfe47bd96fed070e9f50eecd717ad7694f7a0e85b3a2238c71263f05e65534228b7,한솔아이원스 주식회사
HANSOL,69,등록,만두 제조장치,A23P 20/20,1017355150000,20170508,1020150053644,20150416,1020160123519,20161026,,20170515,"본 발명은 만두 제조장치에 관한 것으로, 더욱 상세하게는 다중 압출을 통해 만두피의 내부에 만두소를 투입한 다음, 상기 만두소가 투입된 만두피를 압착 성형하여 만두소가 만두피에 의해 밀봉되어진 만두를 성형하는 만두 제조장치에 관한 것이다.",http://plus.kipris.or.kr/openapi/fileToss.jsp?arg=ed43a0609e94d6e22d01c5c32ba711cf4a101e0235c7ed8e119dfd54852ff71b163a7cb6e02f90d53cf6d6875c391b610fc048119ecd2f0a5a2c9cf2b72332cf15973799aa033954,http://plus.kipris.or.kr/openapi/fileToss.jsp?arg=2ba38663aa11ff0f6ca91af6061a2e002482c8deb9573b40fc92f0b1cb49ac4a54384a470a2e959f5fce95abb046cd32cb61ec8ba18b1d024944c1f8fd91008d1064bb11ceee312b,(주)한솔기계
HANSOL,70,등록,화학적 지식 기반 3차원 그래프 인공 신경망을 이용한 분자의 구현 및 해석 방법,G16C 20/70|G16C 20/80|G16C 20/20|G16C 20/50|G06N 3/02,1029551220000,20260416,1020220160757,20221125,1020240078122,20240603,,20260421,"화학적 지식 기반 3차원 그래프 인공 신경망을 이용한 분자의 구현 및 해석 방법이 개시된다. 3차원 그래프 인공 신경망(graph neural network)을 이용한 분자 구현 방법으로, 원자 간의 결합 차수에 따른 엣지 가중치(edge weight)를 고려한 가중 결합 행렬(weighted bond matrix)에 의해 공유 분자 그래프(covalent molecular graph)가 임베딩(embedding)되고, 분자 내에서 비공유 원자의 상대적인 위치 정보를 포함하는 비공유 인접 행렬(noncovalent adjacency matrix)에 의해 비공유 분자 그래프(noncovalent molecular graph)가 임베딩되는 분자 구현 방법을 제공한다.",http://plus.kipris.or.kr/openapi/fileToss.jsp?arg=ed43a0609e94d6e22d01c5c32ba711cfdfcee068a43725a8e23643d570e76bb7622c43b35a294b6d2f6490f94e7d7238d55baff3e90157c0f3c727415303b9b7565e1daee3d84ec3,http://plus.kipris.or.kr/openapi/fileToss.jsp?arg=6c650beb4cee9ce4122b704b88878c932b45af062ab7597f5c33d6ca49043b9bb15a9c9af7d8456e5f954b2e9518988e2bdf839ff1065a9b6b850d923f204cbb4a11168e965126ef,한국과학기술원|농업회사법인 주식회사 한솔루트원
HANSOL,71,공개,자동차용 낙수 유도장치,B60R 13/07|B60J 5/10,,,1020240070604,20240530,1020250171621,20251209,,,"테일 게이트의 가장자리 부분에 유도 가이드를 장착하고, 테일 게이트를 개방하면 유도 가이드가 돌출하여 테일 게이트를 타고 내리는 빗물 등이 유도 가이드를 통해 양쪽으로 흘러내리도록 유도함으로써, 운전자나 작업자가 빗물을 뒤집어쓰지 않고 안전하고 편리하게 작업할 수 있다. 특히, 유도 가이드가 변형되는 재질로 제작되고, 여러 개의 액추에이터로 수납과 인출 동작이 이루어지게 구성함으로써, 복잡한 3차원 형상으로 이루어진 테일 게이트에의 가장자리 부분에 맞춰 안정적으로 낙수 유도 효과를 얻을 수 있다. 또한, 테일 게이트가 어느 정도 각도만큼 개방되면 유도 가이드가 동작하게 구성함으로, 테일 게이트가 열리는 동안 테일 게이트 면을 따라 흐르는 빗물도 유도 가이드를 통해 집수하여 양쪽으로 유도하여 배수할 수 있다.",http://plus.kipris.or.kr/openapi/fileToss.jsp?arg=ed43a0609e94d6e22d01c5c32ba711cf71389d9057c97461c89bd7691eb7f75101f7a2616c094b2895dc1dda27137f79e839b3aec12b42a40b21c6558d634ad01c0fc59cbf15e694,http://plus.kipris.or.kr/openapi/fileToss.jsp?arg=6c650beb4cee9ce4122b704b88878c933c9a35f17d2d8d16852776866d9f2a20ab35e3e7e612c92c0b56234923d73d3a845970e6ed37003447f8dafb80b17bc7b02b992c2ba0252c,주식회사 대한솔루션
HANSOL,72,공개,자동차용 OHC 브래킷,B60R 11/02|B60R 16/02|B60R 11/00,,,1020240040985,20240326,1020250144001,20251010,,,"OHC 브래킷의 폭 두께 중 중간 부분이 위로 돌출하게 하여 와이어링을 지지하는 이탈 방지 턱을 형성하고, 이탈 방지 턱의 한쪽에서 와이어링을 감싸 탄성 지지하는 훅이 일체로 돌출하게 형성함으로, OHC 브래킷이 헤드 라이너에 견고하게 부착된 상태에서 와이어링을 안정적으로 쉽고 편리하게 조립할 수 있을 뿐만 아니라, 접착제 사용 없이 조립할 수 있다. 특히, 훅이 와이어링 일부를 감싸 탄성 지지하고, 그 끝이 바깥으로 꺾여 개방 각도가 넓게 구성함으로써, 이탈 방지 턱과 훅 사이에 와이어링을 대고 누르면 누구든지 쉽고 편리하게 조립할 수 있다. 또한, 와이어링을 OHC 브래킷의 바깥 가장자리에서 안쪽으로 강제로 끼워서 조립할 수 있게 구성함으로써, 와이어링을 쉽고 편리하게 조립하여 안전하게 사용할 수 있다.",http://plus.kipris.or.kr/openapi/fileToss.jsp?arg=ed43a0609e94d6e22d01c5c32ba711cf103729edc42411606fa7831bbcf8870964756e508cfc1871668100516487ac0079076a2167df23eae86d4706af32c51c9eb8e16bac29496d,http://plus.kipris.or.kr/openapi/fileToss.jsp?arg=6c650beb4cee9ce4122b704b88878c933104015e29aa5af8ab0b9d910ba8d7804089a08c2ce72e99a3cc83d9c57a58e7a0b0af209859688ab42d754af3474fd4d35326c194f08b29,주식회사 대한솔루션
HANSOL,74,공개,음향 시스템과 연계된 자동차용 헤드 라이너,B60R 13/02|B60K 35/10|B60K 35/26|B60K 35/80|B60R 16/03|B32B 5/18|B32B 5/02|B32B 7/022|B32B 17/04|B32B 17/06,,,1020240069834,20240529,1020250171504,20251209,,,"본 발명은 다양한 기능을 갖는 헤드 라이너에 자동차의 오디오 시스템과 연계하여 제어할 수 있도록 구성함으로써, 헤드 라이너에 부가 기능을 추가할 수 있을 뿐만 아니라, 차별화된 헤드 라이너로 복합적인 기능을 갖출 수 있게 한 다. 특히, 본 발명은 음성이나 스크린 터치 그리고 손으로 조작하는 방식 등을 사용하여 오디오 시스템을 제어할 수 있게 구성함으로써, 자동차 실내에 탑승한 운전자와 탑승자는 어디에 있든지 위치에 상관없이 오디오 시스템을 제어하여 편리하게 사용할 수 있게 한다. 또한, 본 발명은 헤드 라이너를, 폴리우레탄 폼 시트과 아쿠스틱 패널 시트 그리고 폴리에스터 섬유로 이루어진 패브릭을 차례로 적층하여 일체로 제조함으로써, 음향 효과가 우수한 층 구조를 통해 음향 효과를 한층 더 개선할 수 있다.",http://plus.kipris.or.kr/openapi/fileToss.jsp?arg=ed43a0609e94d6e22d01c5c32ba711cf71389d9057c97461c89bd7691eb7f75101714dc267c147ec6162c90fc0db423abc0b8953fe44bbcec3033107d63a9dd2fa451845c6463a4a,http://plus.kipris.or.kr/openapi/fileToss.jsp?arg=6c650beb4cee9ce4122b704b88878c933c9a35f17d2d8d16852776866d9f2a2074ee272979c9e29c1219a37abfb3886e30314de3ed30d0dd3fd0d60d635259a5a46f57e944ecf3be,주식회사 대한솔루션
HANSOL,75,등록,강성을 보강한 자동차용 루프 댐핑 패드,B32B 5/24|B32B 5/18|B32B 29/02|B32B 29/00|B62D 25/06,1021082550000,20200429,1020180109489,20180913,1020200031192,20200324,,20200508,"본 발명은 두 장의 크레프트 사이에 유리섬유를 심지 형태로 삽입하여 강화 크래프트지를 제작하고, 이 강화 크래프트지를 폴리우레탄 폼의 적어도 한쪽 면에 장착하므로, 크래프트지로 강성을 보강하면서도 유리섬유로 진동과 소음 개선 효과를 얻을 수 있을 뿐만 아니라 자동차를 경량화할 수 있다. 특히, 본 발명은 유리섬유를 직물 형태로 제작하여 강화 크래프트지 제작에 사용하므로, 강화 크래프트지를 연속 생산하여 롤 형태로 공급할 수 있어 작업 효율과 생산성을 향상할 수 있다. 또한, 본 발명은 강화 크래프트지나 폴리우레탄 폼에 부착하는 크래프트지에서 외부에 노출하는 면에 올레핀계 수지로 코팅층을 형성하므로, 수분이나 습기가 크래프트지나 폴리우레탄 폼 등에 흡수되는 것을 방지하여 성능이 떨어지는 것을 막을 수 있다.",http://plus.kipris.or.kr/openapi/fileToss.jsp?arg=ed43a0609e94d6e22d01c5c32ba711cf256e2718e37ce03e03e654bcd15e26a61fd530d099bedb5fcf6a3bd364b6506ef385e44faa689c55d34e101032f9d91982d334175118ca38,http://plus.kipris.or.kr/openapi/fileToss.jsp?arg=2ba38663aa11ff0f6ca91af6061a2e00bc004a70381928125f0e7a0e963630b9f56b45ac19d4c37f95b52588d55d7c075716e33238e834678d6a30c1fd06866628ae487de367d087,주식회사 대한솔루션
HANSOL,76,공개,자동차 창문용 모기장,B60J 1/20|E06B 9/52,,,1020240098323,20240725,1020260015430,20260203,,,"본 발명은 강제로 감긴 스크린을 강제로 잡아당겨서 사용하는 창문용 모기장을 글라스와 도어 트림 또는 도어 이너 패널 사이에 장착함으로써, 모기장이 필요할 때, 운전자나 탑승자가 언제든지 쉽고 편리하게 모기장을 펼쳐서 쉽고 편리하게 사용할 수 있게 한다. 특히, 본 발명은 이러한 스크린에 장착된 종이자석을 통해 윈도 오프닝의 가장자리 부분에 밀착하도록 스크린을 고정할 수 있게 구성함으로써, 스크린과 자동차 도어 사이에 틈새가 생기지 않게 하여 이물과 곤충 침입 방지 효과를 한층 더 높일 수 있게 한다. 또한, 본 발명은 이러한 종이자석 중 스크린 상부에 설치되는 부분에는 손잡이를 구성함으로, 운전자나 탑승자가 손으로 이 손잡이를 잡아 쉽게 스크린을 펼치거나 감기게 해서 한층 더 편리하게 사용할 수 있게 한다.",http://plus.kipris.or.kr/openapi/fileToss.jsp?arg=ed43a0609e94d6e22d01c5c32ba711cf89f235a07b561017d60cfdb4856a7dc5854f03a2547915b910c5528ed3648e9f8d02c85b5ab8ea88cdf33b7efd6002be6bb57b66fd90c97b,http://plus.kipris.or.kr/openapi/fileToss.jsp?arg=6c650beb4cee9ce4122b704b88878c9387ea99194bc6c5403a36ba838a4a99fcb7c0a98144b7645e8fc3db7af32a1abca1cb727030bad632dec31d1efbde77c59bf40e54642a755e,주식회사 대한솔루션
HANSOL,79,공개,자동차용 사이드 스텝,B60R 3/00,,,1020240098316,20240725,1020260015428,20260203,,,"자동차에 설치되는 베이스 위에 설치되는 발판이, 시저 메커니즘으로 높낮이 조절이 이루어질 수 있게 구성함으로써, 지상고가 높거나 키가 작은 사용자도 쉽고 편리하면서도 안전하게 원하는 작업을 할 수 있다. 특히, 발판을 2~4개의 서브 발판으로 구획하고, 각 서브 발판이 시저 메커니즘을 통해 각각 높낮이 조절할 수 있게 구성함으로써, 상기 발판을 계단처럼 단차지게 높이 조절하여 사이드 스텝을 계단처럼 활용하여 더욱 편리하고 안전하게 사용할 수 있다. 또한, 시저 메커니즘을 구성할 때 길이가 다른 두 개의 부재를 사용함으로써, 상기 시저 메커니즘을 사용하지 않고 접었을 때는 하나의 평면 형태가 되게 하여 차지하는 공간을 최소화하여 장착 공간이 좁은 곳에서도 쉽게 설치하여 편리하고 안전하게 사용할 수 있다.",http://plus.kipris.or.kr/openapi/fileToss.jsp?arg=ed43a0609e94d6e22d01c5c32ba711cf89f235a07b561017d60cfdb4856a7dc5854f03a2547915b910c5528ed3648e9ff03b5354f364745b6f70bd15b7712a62b0977fd1aefe8f20,http://plus.kipris.or.kr/openapi/fileToss.jsp?arg=6c650beb4cee9ce4122b704b88878c9387ea99194bc6c5403a36ba838a4a99fcb7c0a98144b7645e8fc3db7af32a1abc3489f1bd59359979284f71a0aca54a546f0e78604d7c7ccb,주식회사 대한솔루션
HANSOL,80,등록,유기성 고농도 폐수의 무방류 처리방법,C02F 11/121|C02F 1/28|B07B 1/28|C02F 9/00|C02F 101/30|C02F 103/20,1013323590000,20131118,1020130021893,20130228,,,,20131122,"본 발명은 유기성 고농도 폐수의 무방류를 위한 건조 처리방법에 관한 것으로서, 함수율 95 중량% 이상의 유기성 고농도 폐수에 함수율을 70~85 중량% 수준으로 낮추기 위한 부형첨가제를 미리 결정된 양만큼 첨가하는 부형첨가제 첨가 단계; 상기 부형첨가제가 첨가된 유기성 고농도 폐수를 150~200rpm의 무중력 교반혼합기에서 3~15분 교반하여 상기 유기성 고농도 폐수 내의 수분이 상기 부형첨가제 입자에 흡착·흡수되도록 함으로써 상기 유기성 고농도 폐수의 함수율을 70~85 중량% 수준으로 낮추어 조정하는 함수율 조정 단계; 및 함수율이 70~85 중량% 수준으로 조정된 유기성 고농도 혼합폐기물을 고풍량/고속기류와 함께 고속회전 터빈과 벤투리관이 갖춰진 탈수건조 설비 내로 유입시킴으로써 상기 유기성 고농도 혼합폐기물 내의 수분만을 기류와 함께 대기중으로 방출시켜 무방류로 폐수를 처리하는 동시에 잔존되는 건조물은 최종적으로 사용되는 퇴비원료 및 고형화 연료(RDF)의 원료가 되도록 건조 분말화하는 무방류 처리 및 건조 분말화 단계를 포함한다.",http://plus.kipris.or.kr/openapi/fileToss.jsp?arg=ed43a0609e94d6e22d01c5c32ba711cfecf68337a440b09197bfe58e43ce92812a6df1fa5dace28e9945a103316a3fc41ea2a05856dd812d685f1e566ff50d0466104de750e78dee,http://plus.kipris.or.kr/openapi/fileToss.jsp?arg=2ba38663aa11ff0f6ca91af6061a2e004a4f8f5fed73797ff3e29bf92d519fba0176a64b8b38bda6ab7792ca9edf8b6db481561e571019e161e853ea983f32b3776232079f3bbfe7,김남천|한솔엔지니어링 주식회사
HANSOL,81,공개,안전 커터 칼,B26B 5/00|B26B 29/06,,,1020240069836,20240529,1020250170850,20251208,,,"커터 날이 장착되고 탄성 지지를 받아 항상 본체 안으로 수납하게 하는 슬라이더가, 강제로 본체 쪽으로 눌리면 본체 내에 형성된 턱에 걸리게 하여 안정적으로 작업할 수 있게 하고, 때에 따라 상기 슬라이더 양쪽에 구성된 해제 버튼을 서로 마주하게 누르면 슬라이더가 본체 밖으로 이동하면서 걸림 작용이 해제됨과 동시에 본체 안으로 수납될 수 있게 구성함으로써, 칼날이 자동으로 본체 안으로 수납하게 해서 작업자와 작업중인 대상물을 보호할 수 있다. 특히, 커터 날을 사용하던 작업자가 본체 양쪽에 구성된 해제 버튼을 서로 마주하여 움직이게 누르는 간단한 동작만으로, 커터 날이 본체 안에 수납하게 되므로, 누구든지 안정적으로 커터 날을 사용하고 사용 후에는 안전하게 커터 날을 본체 안에 수납하게 해서 보관할 수 있다.",http://plus.kipris.or.kr/openapi/fileToss.jsp?arg=ed43a0609e94d6e22d01c5c32ba711cfaa7d4894f8d750f0da59af2096751c7b797a41ac58a680fe116c0214c87cb9559815a8e149610ba38bde281ab2c50e1c8bf1c62f2c2bc1a8,http://plus.kipris.or.kr/openapi/fileToss.jsp?arg=6c650beb4cee9ce4122b704b88878c93c2c399bff88f441c389d4e62e04fa4ddc18e28390d17e4b3e2953f3f863ef763a8e973911c3ba3a6e9e83d898de281114c186eff5c2c3704,주식회사 대한솔루션
HANSOL,82,거절,판매물품 공유를 기반으로 하는 온라인 쇼핑몰 판매통합관리 서비스 시스템과 방법,G06Q 30/06|G06Q 10/08|G06Q 10/06|G06Q 30/02,,,1020100114102,20101116,1020120052792,20120524,,,"본 발명은 판매물품 공유를 기반으로 하여 판매, 배송, 결제, 정산의 판매운영관리 및 판매관리를 통한 각 공유물품별 통계정보를 이용한 판매 운영 컨설팅정보 제공이 가능한 판매물품공유를 기반으로 하는 온라인 쇼핑몰 판매통합관리 시스템에 관한 것이다. 종래 인터넷 기반의 상품정보공유 시스템에 따르면 자신의 판매상품을 다른 쇼핑몰을 통해서 판매가 가능하다는 점에서 상품의 유통이득에 대한 매력이 있을 수 있으나, 실제 해당 상품판매는 각 온라인 쇼핑몰에서 등록하고, 판매가 개별적으로 이루어지게 됨에 따라서 그이대한 정보를 상품공유를 제공한 입장에서 얻기 어려울 뿐만 아니라 이에 따른 이득 또한 얻을 수 없었다. 본 발명 시스템은 온라인 쇼핑몰의 구축 및 상품등록, 판매, 결제, 배송, 정산이 모두 중앙의 쇼핑몰 관리시스템에서 본점시스템으로 이루어지도록 하고, 각 온라인 쇼핑몰을 각 지점으로 하여 본점시스템에서 이를 판매상품을 공유 관리할 수 있도록 함으로써, 신규창업자의 판매아이템 확보가 용이함은 물론 온라인 쇼핑몰관리가 용이해지도록 하며, 또한 판매물품별 판매정보의 구축이 가능하게 됨에 따라서 향후 판매상품 선택에 대한 다양한 컨설팅정보를 제공할 수 있도록 한다.",http://plus.kipris.or.kr/openapi/fileToss.jsp?arg=ed43a0609e94d6e22d01c5c32ba711cf8d8359c71b72a1259e40f997e46019fb87420a353c8704f4ce8508923e8255f9d86268aec474d93b91de59eb0b8a687fad36ae60fe4c4ed6,http://plus.kipris.or.kr/openapi/fileToss.jsp?arg=452306798ef1fd03bf8e5ba4e1dbf72667571c50e4867b31e9ba6157a87b2baadd6eedeaf3e78965cec7ee1175d4cc472ca3858b9e5268565cd958bc239a3e781ae794096e55bd69,(주)한솔서플라이|고경수
HANSOL,83,등록,단열겸용 방범셔터,E06B 9/15|E06B 9/40|E06B 9/58|E06B 9/68|E06B 9/17,1018707450000,20180619,1020170098974,20170804,,,,20180626,"본 발명은 단열겸용 방범셔터에 관한 것으로, 일측에 전동모터 또는 풀리를 갖는 권취롤과, 이 권취롤이 축설 내장되며, 하측 일부분에 슬라트의 출입구를 갖는 셔터박스와; 상기 권취롤에 감겨 회전에 따라 상기 셔터박스의 출입구를 통해 인출되어 수직 하 방향으로 승강되어 창문을 차단하는 슬라트와; 상기 셔터박스의 양쪽 끝단에 하 방향으로 연장되어 상기 슬라트의 승강을 안내하는 가이드홈을 갖는 가이드프레임과; 미닫이 창문을 포함하여 기 설치된 창틀과 동일한 폭을 갖는 사각틀로 바깥쪽 면의 상측에는 슬라트를 포함한 상기 셔터박스가 양측에는 상기 슬라트를 가이드하는 상기 가이드프레임이 유기적으로 설치되고, 안쪽 면이 상기 창틀에 부착 설치되는 셔터설치프레임을 포함하는 것을 특징으로 하는 단열겸용 방범셔터를 제공함으로써, 단열성능, 기밀성능, 방범성능을 유지하면서, 기존 일체형에 비해 제품의 제작비용을 절감은 물론, 간편 설치로 인해 시공비용을 절감하는 효과를 기대할 수 있다.",http://plus.kipris.or.kr/openapi/fileToss.jsp?arg=ed43a0609e94d6e22d01c5c32ba711cf63fd8b11eaa29dfcfe887d715ef20b70f37ee105b7f2f63cc57a983d056ffd2fa0be959349e658a910930d4ef6814e6e9c1d57af154753b4,http://plus.kipris.or.kr/openapi/fileToss.jsp?arg=2ba38663aa11ff0f6ca91af6061a2e00dd536c99e12a41d52e90756c86d4d10144554d9b9ec87c1b7635f85a1ac22cbed95d05d058ed9cdc87669da54077c1f2dab5f36f7fa266b6,주식회사 한솔에이치더블유디
HANSOL,85,등록,공정 최적화를 위한 공정 관리 방법 및 그 시스템,G05B 23/02|G05B 19/418|G06Q 10/04|G06Q 10/0635|G06Q 10/0633|G06Q 10/0639|G06N 20/00,1029519420000,20260408,1020250040488,20250328,,,,20260415,"본 발명은 공정 관리 방법 및 그 시스템에 관한 것이다. 본 공정 관리 방법은, 데이터 입력부에서 제조 현장에 설치된 기기나 센서로부터 수집된 센서 데이터, 이상 정보, 및 공정 정보를 포함하는 공정 관련 데이터를 입력받는 과정, AI 구조 생성부에서 공정 관련 데이터에 머신러닝을 활용한 클러스터링을 적용하여, 제조 현장의 공정 과정에서 특정 결과에 대한 센서 데이터들의 계층적인 관계와 특정 결과에 영향을 미친 센서를 랭킹순으로 확인할 수 있는 특성요인도를 생성하는 과정, AI 룰 생성부에서 공정 관련 데이터에 머신러닝을 활용한 클러스터링을 적용하여, 제조 현장의 각 공정 과정에서 사용되는 센서마다 안전 구간 및 위험 구간을 분석하여, 관리 범위를 산정할 수 있는 관리 룰을 생성하는 과정, 및 통합 관리부에서 특성요인도와 관리 룰을 이용하여 제조 현장의 공정을 관리하는 과정을 포함한다. 본 발명에 따르면, 머신러닝에 기반하여 공정 관리의 최적화 운영이 가능하도록 하는 관리 구조의 설정을 위한 특성요인도와 관리 범위 산정을 위한 관리 룰을 자동 생성하여 공정을 관리할 수 있다.",http://plus.kipris.or.kr/openapi/fileToss.jsp?arg=ed43a0609e94d6e22d01c5c32ba711cfe5497a51e6e6cbdc6bdbaa0b16fcdf26d71d2754e117ebe68bc248935d9cd06cb3a90c934d96daf119a7ed6ec7811b3aadaabdc533200c43,http://plus.kipris.or.kr/openapi/fileToss.jsp?arg=6c650beb4cee9ce4122b704b88878c93ef63f0b613c7ca21aa831138fdeb45588322f10c3a5b5a7ac9b67d382ec4b2ed02856e68e8e4f2b9adf8c2a7c9ff4f40778d22229a945d38,한솔코에버 주식회사
HANSOL,87,등록,유동상 소각로,F23G 5/30|F23G 7/00|F23C 10/20|F23C 10/28,1022431410000,20210416,1020200084646,20200709,,,,20210422,"유동상 소각로가 개시된다. 개시된 본 발명의 예시적인 일 실시 예에 따른 유동상 소각로는, ⅰ)상하 수직 방향으로 배치되며, 상부 측에 건조 슬러지 투입부, 유동사 투입부, 및 배가스 배출부를 형성하고, 하부 측에 유동사 배출부를 형성하는 소각로 본체와, ⅱ)소각로 본체의 원형 단면적을 기준으로, 소각로 본체의 내부 중심 방향에 수직한 방향을 따라 원형 단면적을 복수 개의 화상 부하 영역들로 구획하고, 화상 부하 영역들에 각각 구비되는 적어도 하나의 산소농도 측정 센서를 가지며, 소각로 본체의 하부 내벽 면에 설치되는 센서 조립체와, ⅲ)가열 챔버를 통해 설정된 온도로 승온된 유동 공기를 각 화상 부하 영역에 대응하여 유동시키는 복수 개의 유동공기 공급챔버들과, 각 유동공기 공급챔버에 설치되는 다수 개의 유동공기 분사노즐들을 포함하며, 센서 조립체를 상측에 두고 소각로 본체의 하부 내측에 설치되는 유동공기 분사유닛과, ⅳ)각 유동공기 공급챔버의 유동공기 유입 통로에 설치되며, 유동공기 유입 통로와 연결되는 밸브 통로를 형성하고, 전기적인 신호에 의해 밸브 통로의 개도량을 조절하는 밸브체와, ⅴ)산소농도 측정 센서로부터 획득한 측정 데이터와 기 설정된 기준 데이터를 비교 판단하여 밸브체에 전기적인 제어 신호를 인가하는 제어기를 포함할 수 있다.",http://plus.kipris.or.kr/openapi/fileToss.jsp?arg=ed43a0609e94d6e22d01c5c32ba711cfbc361e4acb32cb4b6fed6130a5a03850144738f21986e7a07a83ce591b0b9bd26c78c885865dd1a34ec73a02e6e3fb298e27064a3f1938c4,http://plus.kipris.or.kr/openapi/fileToss.jsp?arg=6c650beb4cee9ce4122b704b88878c93afe91e9f897091207d1deed40e2bd495e71f4d7dcc10094285bb4e52dcfe9404dbbb07346b9191bfccda0d6451176ea7db94a8b1aec698a1,한솔이엠이(주)
HANSOL,88,공개,전기 자동차에 포함된 배터리의 연결을 제어하는 방법 및 디바이스,B60L 3/00|H02J 7/00|G08B 17/10|G08B 25/00|H01M 10/48,,,1020240135549,20241007,1020260050380,20260415,,,"일 실시 예에 따라, 수신부가 하나 이상의 센서를 이용하여 온도를 포함한 센싱 정보를 획득하는 단계; 프로세서가 상기 센싱 정보에 기초하여 배터리의 화재 리스크를 나타내는 리스크 레벨을 결정하는 단계; 상기 프로세서가 상기 리스크 레벨에 기초하여 상기 배터리를 전기 자동차로부터 분리하는 복수의 분리 방식 중 어느 하나를 결정하는 단계; 및 상기 프로세서가 상기 결정된 분리 방식에 따라 상기 배터리를 전기 자동차로부터 전기적 또는 물리적으로 분리하는 단계;를 포함하는, 전기 자동차에 포함된 배터리의 연결을 제어하는 방법 및 이에 대한 디바이스에 대해 개시된다.",http://plus.kipris.or.kr/openapi/fileToss.jsp?arg=ed43a0609e94d6e22d01c5c32ba711cfe5497a51e6e6cbdc485e73b58d2abd0c4eedfef35b40fe905e640e3ae392feb31ab25f927b4347d73d2938f3f091ca41a821dec93ab6c980,http://plus.kipris.or.kr/openapi/fileToss.jsp?arg=6c650beb4cee9ce4122b704b88878c93ef63f0b613c7ca213866075cbc3df3ab6df18e43302a17eb06fedbfd5818d5d6c8fa4ff5a16dde050c28af6eb25e86b9b37a03e0103604a4,한솔테크닉스(주)
HANSOL,89,등록,자동차의 내장재용 차음 시트의 제조방법 및 그 제조방법으로 제조한 차음 시트를 이용한 자동차용 내장재,B29C 48/00|B60R 13/08|B29C 44/12|C08J 5/18|C08K 5/00|C08K 5/02|B29K 67/00,1021067890000,20200427,1020180106249,20180906,1020200028524,20200317,,20200507,"본 발명은 자동차용 내장재에 사용하는 차음 시트를 제조할 때 항균제를 혼합하여 성형하므로, 자동차 내장재 자체나 자동차 내부에서 발생할 수 있는 균이나 곰팡이 등에 대한 항균・항곰팡이 기능을 얻을 수 있다. 특히, 본 발명은 이처럼 항균・항곰팡이 효능을 가진 항균제를 수지와 무기질 그리고 화이트 오일과 함께 혼합하여 압출 성형하므로, 시트 형태로 제작하여 다양한 형태의 자동차 내장재에 알맞은 형태로 성형하여 사용할 수 있다. 또한, 본 발명은 이처럼 항균・항곰팡이 기능을 가진 차음 시트의 양쪽 면에 각각 PET(Polyethylene terephthalate)와 흡음재를 구성하여 자동차용 내장재를 제조하므로, 항균・항곰팡이 기능과 더불어 흡차음 성능을 함께 얻을 수 있다.",http://plus.kipris.or.kr/openapi/fileToss.jsp?arg=ed43a0609e94d6e22d01c5c32ba711cff4bb6d04336a3d43c3e083b4328e1c8d5f5b2a97dbcd9f86c8d9e0db2e17b1e77a92c5e682fea563723baf12e33bd9bc6947ddbc809e7a12,http://plus.kipris.or.kr/openapi/fileToss.jsp?arg=2ba38663aa11ff0f6ca91af6061a2e00436613a0f8cfc225a45aa759657fa807716742adfd2d4550e930e8b7a20684b4f7060e8dfc296d5b06a15723dbfcf719b188a277c0fc6e84,주식회사 대한솔루션
HANSOL,90,등록,자동차용 보조 손잡이의 내구성 시험장치,G01M 13/00|G01M 17/007|G01N 3/56,1017308340000,20170421,1020160089814,20160715,,,,20170428,"본 발명은 보조 손잡이를 설치한 장착 브래킷이 실제 차량에 장착한 것과 같은 상태가 되게 지그에 장착하여 내구성 시험을 할 수 있게 지그를 구성하므로, 차종에 따라 장착 브래킷의 형상이나 헤드 라이닝 등에 장착하는 위치와 각도 등이 다르더라도 이에 상관없이 범용으로 실차 조건과 같은 상태에서 내구성을 시험할 수 있다. 특히, 본 발명은 장착 브래킷을 고정하여 장착 각도와 위치 그리고 간격 등을 조절하는 암의 조절과, 이 암에 장착하여 장착 브래킷을 직접 고정하는 장착 지그의 조절을 나사 체결 방식을 통해 조절할 수 있게 구성하므로, 체결량에 따른 피치를 통해 미세하게 장착 위치를 조절하여 장착 브래킷을 고정할 수 있어 시험 정밀도를 높일 수 있다.",http://plus.kipris.or.kr/openapi/fileToss.jsp?arg=ed43a0609e94d6e22d01c5c32ba711cffdd830ea9acf285bdf3da73e5eb68b5c277f13adae45aaca5c7f37c8b666aca28f249353fb97d076eb51641faf61647f7f05b220b82d1e00,http://plus.kipris.or.kr/openapi/fileToss.jsp?arg=2ba38663aa11ff0f6ca91af6061a2e0004536feda9072f7bf3712883a89518461f37498412d09021ba84e35fc4661be788c1ca5b1db6ca5ee6f8033e70c6be237c84e4c812a2bc25,주식회사 대한솔루션
HANSOL,91,등록,재분산성이 향상된 셀룰로오스 복합재 및 이의 제조 방법,C08J 3/22|C08G 18/64|C08G 18/42|C08G 18/48,1029524810000,20260409,1020220179972,20221221,1020240098308,20240628,,20260414,"본 발명은 셀룰로오스 섬유 및 폴리올의 블렌드를 포함하고, 상기 셀룰로오스 섬유는 전체 중량의 5 내지 80 중량%의 범위로 포함되어 있는 고상의 셀룰로오스 복합재 및 이의 제조방법을 제공한다. 본 발명에 따른 셀룰로오스 복합재는 셀룰로오스 섬유 및 폴리올이 화학적 결합 없이 혼합한 후 열건조에 의해 수분을 증발시켜 수득된 고상의 블렌드로서, 상기 셀룰로오스 섬유의 함량이 전체 중량의 5 내지 80%로 높고 셀룰로오스의 높은 비표면적으로 인해 고상을 유지할 수 있으며, 상기 폴리올에 의해 셀룰로오스 섬유의 표면 히드록실기에 의한 수소결합이 효과적으로 억제될 수 있다. 따라서, 상기 셀룰로오스 복합재는 마스터 배치(master batch)로서 폴리우레탄의 원료인 폴리올에 재분산될 때 분산성이 향상되어, 연질 및 경질 폼(foam), 탄성체, 접착제, 코팅, 실란트 등의 다양한 폴리우레탄의 제조에 적용될 수 있다.",http://plus.kipris.or.kr/openapi/fileToss.jsp?arg=ed43a0609e94d6e22d01c5c32ba711cfd29fd2a37b7527da0ca838b569edf553655ab3c66e2ea8c4bfc939b3512ed500bdaf235b6e443938a2cae174acc109c040b31772b237f5e4,http://plus.kipris.or.kr/openapi/fileToss.jsp?arg=6c650beb4cee9ce4122b704b88878c93830b621b6ce0b3c34cfbc56d7ceedbe45a2964ca27a0c9cf9a29bd9a005a00e789159f69051396b62fa984dc7106d594dac7761dc5834bcb,한솔제지 주식회사
HANSOL,93,등록,관리 시스템 및 그를 위한 기계 학습 장치 및 관리 방법,G05B 23/02|G06N 7/00|G06N 20/00,1022424760000,20210414,1020207003132,20190206,1020200098471,20200820,,20210419,"관리 대상 항목과 복수의 요인의 관련에 대한 전문가 지식에 따라 특성요인도를 작성한다. 이 특성요인도에서, 복수의 요인은 관리 대상 항목이 설정된 제조 또는 서비스의 현장에서 취득되는 데이터이며, 복수의 요인 각각에는 관리 대상 항목에 대한 중요도가 부여되어 있다. 기계 학습에서는, 먼저 특성요인도의 관리 대상 항목과 복수의 요인의 관계에 따라 확률 모델의 링크 구조를 설정하고, 복수의 요인의 각각에 부여된 중요도에 따라 확률 모델의 각 노드 치를 설정한다. 그리고, 제조 또는 서비스의 현장에서 취득된 데이터를 이용하여 링크 구조 또는 각 노드 치를 학습한다.",http://plus.kipris.or.kr/openapi/fileToss.jsp?arg=ed43a0609e94d6e22d01c5c32ba711cf107f4ebb86399505303dad975841051cff944ed26d4af48c8ea4b91ebd521a2c91b85aa2a0b0f60bcaf115ad90974d82534ca94d76ebb30e,http://plus.kipris.or.kr/openapi/fileToss.jsp?arg=6c650beb4cee9ce4122b704b88878c93b0962ee0f5d1e528dd6fcc1e222963eb5bd98eae9793e5d993f6eaad5f3c17c5b056fafaa03145ad2ba06312d9f3a2aaffd6abcfa7beb89f,한솔코에버 주식회사|오웰 가부시키가이샤
HANSOL,94,공개,자동차에 장착되는 디스플레이를 이용한 자동 미러링 장치,B60K 35/29|B60K 35/81|G06F 3/14,,,1020240094243,20240717,1020260011916,20260126,,,"본 발명은 자동차에 장착되는 디스플레이를 이용한 자동 미러링 장치에 관한 것으로, 디스플레이에 무선 미러링 프로토콜을 사용할 수 있는 무선 통신모듈을 갖추고, 이 디스플레이를 중심으로 일정 범위 내에 휴대단말을 부착하거나 고정할 수 있게 구성함으로써, 디스플레이와 휴대단말 사이에 무선 통신을 통해 무선 미러링 프로토콜로 연결되어 휴대단말의 화면을 디스플레이에 미러링시켜 넓은 디스플레이를 통해 편리하고 편안하게 볼 수 있다. 특히, 본 발명은 디스플레이 주변에 자석 판을 설치하거나 클립을 장착하여 자기력으로 휴대단말을 고정하거나 클립에 걸어서 고정할 수 있게 구성함으로써, 휴대단말을 고정하는 것만으로도 무선 통신을 통해 무선 미러링 프로토콜이 연결되어 디스플레이와 휴대단말 사이에 미러링이 이루어질 수 있다.",http://plus.kipris.or.kr/openapi/fileToss.jsp?arg=ed43a0609e94d6e22d01c5c32ba711cfc5a39adac032d3bed4e0ef5494e931ae4361b6702be28b8db0719c15e112a87e455331a9ee90527346d5d4d46cf96b003e28afcb494183e1,http://plus.kipris.or.kr/openapi/fileToss.jsp?arg=6c650beb4cee9ce4122b704b88878c93a8d36a32326809827db0b17ea679ae52e79cc4963e5a862471eb5cf4d65997a180cd49d73a3b0cd5d4f669fe19a8d3625b01186ef31308a8,주식회사 대한솔루션
HANSOL,96,등록,차량의 모듈헤드라이너용 보조손잡이 고정구,B60N 3/02|B60R 13/02|B62D 25/06,1013912300000,20140425,1020130053546,20130513,,,,20140502,"본 발명은 본 발명은 제조공정 수를 줄이고, 소요되는 금속판의 크기를 줄임으로써 그 제조원가를 줄일 수 있게 되는 차량의 모듈헤드라이너용 보조손잡이 고정구를 제공하는 것을 목적으로 한다. 또한, 본 발명은 고정구의 장착시 탄성변형이 일어나는 지지암과 리테이닝암의 연결부위의 폭을 넓게 형성함으로써, 고정구를 이용하여 보조손잡이를 장착한 뒤에 이 보조손잡이에 외력이 가해지더라도 고정구가 모듈헤드라이너 브라켓으로부터 이탈되는 것을 방지할 수 있게 하는 것을 다른 목적으로 한다. 그리고, 본 발명은 보조손잡이 사용 중에 보조손잡이 고정구에서 발생될 수 있는 소음을 줄이는 것을 또 다른 목적으로 한다.",http://plus.kipris.or.kr/openapi/fileToss.jsp?arg=ed43a0609e94d6e22d01c5c32ba711cf46ba945bb0aeb2d5bcde8e9ef7cdec104669f9efb1644b2c88325316fe0e518e5b9fd08e4b993cee05adbae65396177854efba0637e2ca7d,http://plus.kipris.or.kr/openapi/fileToss.jsp?arg=2ba38663aa11ff0f6ca91af6061a2e00040bc8bf26585af72e33bdf3a817c8a5c0bde5b3f4749e4c5b17f067cba263c57f3c7ff0f6524cf1c8dc96553a1cd71e4abe6ad71558a601,주식회사 대한솔루션
HANSOL,98,등록,엘리베이터용 살균 소독 장치,A61L 2/22|A61L 2/18|A61L 2/24|A61L 2/26,1025271470000,20230425,1020210122487,20210914,1020230039319,20230321,,20230428,"도어를 개방하면 에어 커튼 형태로 살균 소독이 이루어질 수 있게 구성함으로써, 이용자 의류나 피부 등에 달라붙은 이물, 해충 등을 제거하여 이물이나 해충이 다른 층으로 이동하는 것을 방지하여 안전하면서도 편리하게 살균 소독이 이루어질 수 있다. 또한, 이용자가 층 버튼을 누르면 배기 팬이 동작하게 구성함으로써, 엘리베이터 내에 부유한 이물, 먼지, 해충, 불쾌한 냄새 등이 배출 구멍을 통해 외부로 배출할 수 있게 구성함으로써, 엘리베이터를 통해 이물이나 먼지 그리고 해충, 불쾌한 냄새 등이 다른 층으로 이동하는 것을 방지한다. 이때, 배기 팬이 엘리베이터가 멈출 때까지 동작하게 구성함으로써, 혹시 배출되지 않고 남아있는 이물, 먼지, 해충, 불쾌한 냄새가 다른 층으로 이동하는 것을 최소화할 수 있다.",http://plus.kipris.or.kr/openapi/fileToss.jsp?arg=ed43a0609e94d6e22d01c5c32ba711cf799f31d28ceda74e105cbc8be2a3f181ead7000e88b523fe9c0708eb3f153ef176e97f3823c2dac0d30b79fe2fb79868153fb2ecc3700bb8,http://plus.kipris.or.kr/openapi/fileToss.jsp?arg=6c650beb4cee9ce4122b704b88878c93bdce5604bdd44424cb31f21f24a391bd0d54fe4359e29f5b2b36d5ece6ece9c2a4980e64aac561120aeeb1c51d34d6d5f95f91d5e4c59c57,주식회사 대한솔루션
HANSOL,99,공개,인공지능을 이용한 축사 내 동물의 상태 감지 방법 및 장치,A01K 29/00|A01K 11/00|G06V 40/10|G06Q 50/02|G06N 3/08,,,1020240064288,20240517,1020250164933,20251125,,,"본 발명은 인공지능 기반 가축의 상태를 판단하는 스마트 축사 시스템에 있어서, 가축을 사육할 수 있는 내부 공간을 구비하도록 형성된 하우징; 하우징에 설치되고, 가축을 촬영하여 영상 데이터를 생성하는 센서부; 및 센싱값을 기설정된 가축 상태 판단 모델에 입력하여, 가축의 상태값을 산출하는 메인 서버를 포함할 수 있다.",http://plus.kipris.or.kr/openapi/fileToss.jsp?arg=ed43a0609e94d6e22d01c5c32ba711cf0a2afacd7f602dde704e300b4e06e281b134188d995bf235db1ef2d2efb8f5485e0767db3270cc4fea0e31f02125d3f41fa6bd59161dde3f,http://plus.kipris.or.kr/openapi/fileToss.jsp?arg=6c650beb4cee9ce4122b704b88878c9351e45af83499bdddebbba02f743a357bc6ee3867995bd62652788342aed827682488884cf8e59bf86165f5ca4555bddf77e1a65d98e45150,농업회사법인 주식회사 한솔루트원
HANSOL,100,등록,동력 전달축,F16D 3/79,1016180970000,20160428,1020140193167,20141230,,,,20160509,"다이아프램의 특정 부위에 응력이 집중되는 현상을 완화하여 피로 수명이 향상되는 동력 전달축이 게시된다. 동력 전달축은 반경 방향으로 내측에 위치하는 허브부와, 상기 허브부의 반경 방향으로 외측에 위치하는 림부와, 상기 허브부와 림부의 사이에 위치하는 플렉서블 다이아프램부로 구성되는 플렉서블 커플링을 포함하며, 동력장치를 연결하는 것으로서, 상기 플렉서블 다이아프램부는 허브부로부터 림부로 갈수록 축 방향 두께가 작아지다 커져 최소 두께 구간을 갖고; 상기 플렉서블 다이아프램부는 축 방향 일면에 컨투어드(Contoured)한 제1 측면과, 타면에 컨투어드한 제2 측면을 가지며; 상기 제1 측면은 제1 변곡점을 갖고, 상기 제2 측면은 제2 변곡점을 가지며; 상기 제1 변곡점은 제2 변곡점에 대해 반경 방향으로 서로 다른 위치에 형성된다. 따라서, 다이아프램의 특정 부위에 응력이 집중되는 현상을 완화하여 다이아프램의 피로 특성이 향상되고, 동력 전달축의 수명을 연장시킬 수 있다.",http://plus.kipris.or.kr/openapi/fileToss.jsp?arg=ed43a0609e94d6e22d01c5c32ba711cf229a2e930ea17b0782b2ba1c4e38f38b57ee5130ff36745df287eaf3d592f39af175bf614c65ad0dffea191917f47c8b31c2299fb8353e8d,http://plus.kipris.or.kr/openapi/fileToss.jsp?arg=2ba38663aa11ff0f6ca91af6061a2e001fcfcc377694b98107ca8606807094d6df93c0892a78d705da81f6dfe05c57f1a0f849b1bff2d1090f85c2fa46edf0e69fea1e71b4a4cd77,한솔아이원스 주식회사
HANSOL,1,등록,깐마늘 선별 장치 및 방법,B07C 5/342|B07C 5/02|B07C 5/36|A23N 15/00,1029525670000,20260409,1020250173526,20251117,,,,20260413,"실시예에 따른 깐마늘 선별 시스템은, 깐마늘을 세척 및 이동시키는 투명 슬라이드, 상기 투명 슬라이드 상에 물살을 형성하여 상기 깐마늘을 회전 및 자세 전환시키는 물살 형성부, 상기 투명 슬라이드의 상부 및 하부에 배치되어 상기 깐마늘의 모든 면을 촬영하는 멀티 카메라, 상기 멀티 카메라로부터 획득된 영상을 딥러닝 기반으로 분석하여 썩음, 곰팡이, 건조, 색상 편차, 크기 편차를 포함하는 결함을 검출하는 제어부, 및 상기 제어부의 검출 결과에 따라 상기 깐마늘을 고속으로 분류하는 기계식 분류장치를 포함한다.",http://plus.kipris.or.kr/openapi/fileToss.jsp?arg=ed43a0609e94d6e22d01c5c32ba711cf63f773a6b81dd6f1e355414251d4b02551ebf1ee541a0db0ad2e5953b73038a84f5fda508bd2918cb46df486d66ebc907b54d63e38cfff93,http://plus.kipris.or.kr/openapi/fileToss.jsp?arg=6c650beb4cee9ce4122b704b88878c93007b4ee1f644be945c346e8c8baa3b815ab5bcb8c46c198ff7159ea5cc2b121a998fde6056c58bdf66e75cead657137c7a7a985fcd980344,이한솔
HANSOL,2,등록,에어 벤트 기능을 가진 자동차용 보조 손잡이,B60N 3/02|B60H 1/00|B60H 1/34,1017335970000,20170428,1020160082650,20160630,,,,20170510,"본 발명은 보조 손잡이를 통해 에어 컨디셔닝 장치를 통해 공급받은 냉기나 외기를 배출할 수 있게 구성하므로, 헤드 라이닝에 구성하던 에어 벤트 그릴 등을 없앨 수 있을 뿐만 아니라 통상 필수적으로 구성하는 보조 손잡이를 통해 유체 분출이 가능하게 구성하므로 자동차 실내 미관을 해치지 않으면서도 안전하고 편리하게 온기나 냉기를 분출하여 쉽고 편리하게 사용할 수 있게 한 에어 벤트 기능을 가진 자동차용 보조 손잡이를 제공하는 데 그 목적이 있다. 특히, 본 발명은 헤드 라이닝에 에어 벤트 등을 장착하지 않아도 되므로 헤드 라이닝의 미관을 해치지 않으면서도 헤드 라이닝을 다양하고 간단하게 설계할 수 있어 자동차 실내 환경을 원하는 형태로 조성할 수 있게 한 자동차용 보조 손잡이를 제공하는 데 다른 목적이 있다.",http://plus.kipris.or.kr/openapi/fileToss.jsp?arg=ed43a0609e94d6e22d01c5c32ba711cf2c02a6d7ba1830fd27037de875c8511fff62a84e00f2e6543a27c04d6b37dc20a5e8adf0f28b00414b10d334726d6df321d359c2c29eeec6,http://plus.kipris.or.kr/openapi/fileToss.jsp?arg=2ba38663aa11ff0f6ca91af6061a2e00bf958c8d26d4c023e9fc59304f6d9a0a1c064c60435d592c9885731e72ce8d798da04197e5efad91bb1176b9631350e5d5bc714587f07fe2,주식회사 대한솔루션
HANSOL,3,등록,선루프를 갖춘 자동차용 헤드 라이너에 장착되는 오프닝 브래킷,B60R 13/02|B60J 7/043,1025255650000,20230420,1020210166725,20211129,,,,20230425,"단판 형태로 제작된 판 브래킷에서 한쪽 가장자리에는 여러 개의 탄성 돌기를 일체로 형성하고 다른 한쪽 가장자리에는 상기 탄성 돌기와 마주하는 위치에 클립 부재를 일체로 형성함으로써, 클립 부재가 탄성 돌기에 강제로 끼워져서 일체로 조립되게 하여 조립이 쉬울 뿐만 아니라 조립 상태가 쉽게 풀리지 않고, 또한 단판으로 이루어짐에 따라 연결 부분에서 생길 수 있는 금이 생기거나 주름과 같은 싱크 현상이 발생하지 않게 하여 미관과 미감을 높일 수 있다. 특히, 판 브래킷과 탄성 돌기 그리고 클립 부재가 조립되어 이루어진 폭 단면이 직각 삼각형 형상과 유사하게 이루어지게 구성함으로, 오프닝 브래킷의 강성을 보강할 수 있을 뿐만 아니라 클립 부재가 탄성 돌기에서 쉽게 이탈하거나 분리되지 않아 견고하게 고정할 수 있다.",http://plus.kipris.or.kr/openapi/fileToss.jsp?arg=ed43a0609e94d6e22d01c5c32ba711cfe2a058c9399c3aebd7846b3ae71c3dfafa9c550c4a077436673e01f96a5c46127b4266c6a84804f64bf7b8e2d8c3c37ba97615c56559317d,http://plus.kipris.or.kr/openapi/fileToss.jsp?arg=6c650beb4cee9ce4122b704b88878c933744d974fb3f91fa263776dd24985296b763111fb38a4a73072c5b0ca4330c5cc0e09a9b5e7f9ae4d60c4d1d596c5c2e2f8fee87b2d49f80,주식회사 대한솔루션
HANSOL,4,등록,자동차용 헤드 라이너 후부 장착용 브래킷,B60R 13/02|B60R 11/00,1025276680000,20230426,1020210161882,20211123,,,,20230502,"헤드 라이너에 장착되어 그 장착 면에 슬라이딩 방식으로 끼워져서 조립되는 클립을 지지하는 장착용 브래킷을 설치하되, 장착용 브래킷은 헤드 라이너를 자동차가 주행하는 방향을 잡아당김에 따라 루프패널에 고정된 클립에서 장착용 브래킷이 슬라이딩하면서 분리 작용이 이루어지게 하여 헤드 라이너의 파손 없이 쉽고 편리하게 헤드 라이너를 장착하거나 분리할 수 있다. 특히, 판재를 ' ' 형상으로 꺾어서 그 사이에 클립이 강제로 끼워져서 조립되게 구성함으로, 판재를 이용하여 장착용 브래킷을 쉽게 제작하여 사용하고 조립과 분리할 수 있다. 또한, 장착용 브래킷에 클립의 목이 끼워지는 입구 부분에 오버랩 구간이 있게 제작함으로, 이 목 부분이 쉽게 오버랩 구간을 통해 장착용 브래킷에서 클립을 쉽게 고정하거나 분리할 수 있다.",http://plus.kipris.or.kr/openapi/fileToss.jsp?arg=ed43a0609e94d6e22d01c5c32ba711cf40e2d19f28431e423b571b4e3dbb1755e8b423f23525cbef4fb8d7f433d1a81dd1bd942f1c7bedaa4672883d7cc3b9395470758682af3ba8,http://plus.kipris.or.kr/openapi/fileToss.jsp?arg=6c650beb4cee9ce4122b704b88878c93cd0772a3f16193c41b62ee3d33611f8966402107dc90414635362664bcb62fff27670007d83afae406563cc5bd7e474681765a3ae94c2fb6,주식회사 대한솔루션
HANSOL,5,등록,머플 챔버 일체형 유동상 소각로,F23G 5/30|F23G 5/46,1022431400000,20210416,1020200084645,20200709,,,,20210422,"머플 챔버 일체형 유동상 소각로가 개시된다. 본 발명의 일 실시 예에 따른 머플 챔버 일체형 유동상 소각로는 상하 수직 방향으로 배치되고, 상부 일측에 유동사가 투입되는 유동사 투입구와, 건조 슬러지가 투입되는 건조 슬러지 투입구가 각각 형성되며, 상부 타측에 상기 건조 슬러지의 소각 후에 발생되는 배가스를 배출시키는 배가스 배출구가 형성되고, 하단부 중앙으로 상기 건조 슬러지를 소각한 불연물이 상기 유동사와 함께 배출되는 유동사 배출구가 형성되는 소각로 본체, 및 상기 소각로 본체의 하부 내측에서, 상기 소각로 본체의 내벽과 일정간격을 두고 배치되고, 상기 소각로 본체와의 사이에 유동사 배출통로를 형성하는 가열 챔버와, 상기 가열 챔버 바디의 내부에 저장된 유동 공기를 가열하도록 상기 가열 챔버 바디의 일측에 일체로 장착된 머플 챔버 바디와, 상기 머플 챔버 바디의 선단에 탈부착 가능하게 장착되는 기동버너를 포함하며, 상기 기동버너를 통해 상기 가열 챔버 바디로 화염을 가하여 상기 가열 챔버 바디의 상면에 장착되는 복수개의 유동 공기 분사노즐을 통해 상기 소각로 본체로 고온의 유동 공기를 분사하도록 구성되는 머플 챔버 유닛을 포함한다.",http://plus.kipris.or.kr/openapi/fileToss.jsp?arg=ed43a0609e94d6e22d01c5c32ba711cfbc361e4acb32cb4b6fed6130a5a03850144738f21986e7a07a83ce591b0b9bd2d75b6a8b463d930a576b59b99ba373f788676275825370db,http://plus.kipris.or.kr/openapi/fileToss.jsp?arg=6c650beb4cee9ce4122b704b88878c93afe91e9f897091207d1deed40e2bd495e71f4d7dcc10094285bb4e52dcfe9404966c394c42602f5d14cad1db0f1b9bc16548b089a9c68de1,한솔이엠이(주)
HANSOL,6,등록,동력전달축용 플렉시블 커플링,F16D 3/72,1013898870000,20140422,1020120040195,20120418,1020130117229,20131025,,20140429,"본 발명은 동력전달축용 플렉시블 커플링에 관한것으로써, 더욱 상세하게는 플렉시블 커플링의 다이어프램부재에 표면을 굴곡시킨 굴곡부를 형성하여 다이어프램부재의 구조를 개선함으로써, 상기 다이어프램부재에 작용하는 전단 및 비틀림 응력을 최소화함과 동시에 축방향 강성 및 축직각방향의 연성을 최대화하여 고속화(고속회전) 및 고강도화를 달성하여 내구성을 향상할 수 있고, 이로인해 고속회전 및 고부하 조건에서 진동과 충격을 원활하게 흡수하면서도 파손을 방지할 수 있는 동력전달축용 플렉시블 커플링에 관한 것이다.",http://plus.kipris.or.kr/openapi/fileToss.jsp?arg=ed43a0609e94d6e22d01c5c32ba711cf01315bfa5c627b4711b792da1089bba737b92d28880e4b36aff7b42f917daac2c289b35a5ea2fba5ccddc6f26d6db6464ac3e9c422a07e71,http://plus.kipris.or.kr/openapi/fileToss.jsp?arg=2ba38663aa11ff0f6ca91af6061a2e009d0247551203ace25e7defa0d00e93b9c1e48427451805764a51af1865940c8390f0e6fed3e7e84609b06f74719076cc4145d4824d25a549,한솔아이원스 주식회사
HANSOL,7,등록,흡음 성능이 개선된 자동차용 헤드 라이너,B32B 17/06|B32B 17/02|B32B 5/18|B32B 5/02|B32B 7/12|B60R 13/02|B60R 13/08,1029509190000,20260406,1020230167601,20231128,1020250081976,20250609,,20260410,"본 발명은 폴리우레탄 폼의 양면에 설치되어 헤드 라이너의 강성 보강에 사용되는 부직포 중에서 적어도 하나를 PP 멜트블로운(Meltblown) 부직포로 대체함으로써, PP 섬유를 공기로 불어 결합시킴에 따라 미세한 구멍과 더 높은 표면 면적을 가지게 되어 흡음 성능을 높일 수 있을 뿐만 아니라, 그만큼 같은 두께에 비해 가볍게 제작할 수 있다. 특히 본 발명은 PP 멜트블로운 부직포를 제조할 때 접착용 파우더를 일정량 추가하여 제작함으로써, 섬유 사이의 접착력을 높여 강성 보강과 더불어 흡음 성능을 한층 더 개선할 수 있다. 또한, 본 발명은 폴리우레탄 폼의 양면에 각각 부착되는 부직포를 PP 멜트블로운 부직포로 대체함으로써, 이러한 흡음 성능과 헤드 라이너의 중량 감소 효과를 더욱더 높일 수 있게 한다.",http://plus.kipris.or.kr/openapi/fileToss.jsp?arg=ed43a0609e94d6e22d01c5c32ba711cfca75a482526924a7afd25ba8c116ee3a104cf10cd7822b56cd8ef34f0a237b0c6d58db7c4fdbae047ac96b7368c54bb9398e89a065a27f63,http://plus.kipris.or.kr/openapi/fileToss.jsp?arg=6c650beb4cee9ce4122b704b88878c931eb030fee3770e33603ce407f09124a9bd3ffd97a53e8db69c0b84d431f4997e7ad24878348efa2db7c8bf673eecab34e86406c84e76cfba,주식회사 대한솔루션
HANSOL,8,등록,자동차용 러기지 보드 회전 장치,B60R 5/04|F16H 21/12|B60R 11/00,1023913720000,20220422,1020200109903,20200831,1020220028650,20220308,,20220427,"모터와 핀으로 회전할 수 있게 장착된 러기지 보드 사이를 링크로 연결하고, 링크가 모터 구동으로 움직이면서 러기지 보드가 강제로 하게 구성함으로써, 버튼을 조작 조작으로 누구나 쉽게 러기지 보드를 자동으로 회전시켜서 편리하게 사용할 수 있을 뿐만 아니라 러기지 보드 위에 수화물이 있더라도 편리하게 열어서 사용할 수 있다. 또한, 모터와 링크를 포함하는 링크 구조가 러기지 보드의 양쪽에 하나씩 구성함으로써, 러기지 보드를 안정적으로 회전시킬 수 있다. 그리고 차체에 마주하게 고정된 두 개의 핀이 끼워지도록 러기지 보드에 ""C"" 자 형태의 지지 브래킷이 구비되게 구성함으로써, 핀 위에 지지 브래킷이 걸쳐지게 한 다음 러기지 보드를 누르면 지지 브래킷이 핀에 강제로 끼워지게 하여 쉽고 편리하게 조립할 수 있다.",http://plus.kipris.or.kr/openapi/fileToss.jsp?arg=ed43a0609e94d6e22d01c5c32ba711cf044ec2921f9540ca2ce1a4d6cefdf79801a5c1575e178c73b1497208c33da9941d845f009a7f44ac615fc4132e54e664d6bfc460297cce07,http://plus.kipris.or.kr/openapi/fileToss.jsp?arg=6c650beb4cee9ce4122b704b88878c93e49b7527165d374bd78915d3f58ad33379c1a182edd70696978a1594c9f2a5027a8a790fc622d8db4f2b697ccfff1d87b6f236a81d005ee2,주식회사 대한솔루션
HANSOL,9,공개,자동차용 테이블 겸용 글로브 박스,B60R 7/06|B60N 3/00,,,1020230115070,20230831,1020250032348,20250307,,,"글로브 박스에 수납할 수 있도록 테이블을 구성하고, 글로브 박스를 개방한 다음, 테이블을 인출하여 사용할 수 있게 구성함으로써, 조수석 탑승자도 테이블을 사용할 수 있고, 사용하지 않을 때는 글로브 박스 안에 수납해서 자동차 실내의 미관과 미감을 해치지 않게 한다. 특히, 테이블을 누르면 쉽게 고정 상태가 바로 해제가 되고, 글로브 박스에서 인출한 테이블을 펼친 다음 자동차가 주행하는 앞쪽으로 밀면 펼쳐진 상태가 유지될 수 있게 구성함으로써, 구조가 간단하면서도 손으로 쉽게 누르는 구성을 통해 필요할 때 바로 테이블을 펼쳐서 편리하게 사용할 수 있다. 또한, 글로브 박스가 덜 열린 상태에서 테이블을 사용할 수 있게 구성함으로써, 충분한 넓이의 테이블을 확보하여 조수석 탑승자가 편리하게 사용할 수 있다.",http://plus.kipris.or.kr/openapi/fileToss.jsp?arg=ed43a0609e94d6e22d01c5c32ba711cf7c6eea605f5b888645cce1d40f87344941ff93d21a3d36d8c7ad086a707d384aded735a97c4f6f0d4dade8011f665a8caeaabfb9829c910d,http://plus.kipris.or.kr/openapi/fileToss.jsp?arg=6c650beb4cee9ce4122b704b88878c9375e27486a6964472ccf85e18ea8818d10089a2abb28bca053acfda91ac4f976eb6cf7cc4e8b5ef7cd301200a5957230682a4237f328a43b8,주식회사 대한솔루션
HANSOL,10,등록,자동차용 FMH 부재,B60R 13/08|B60R 13/02|B29C 45/14|B29K 23/00,1029509220000,20260406,1020240057596,20240430,1020250158330,20251106,,20260410,"본 발명은 베이스 플레이트에 리브를 일체로 압출 성형할 때, 리브의 끝부분에 EPDM(Ethylene Propylene Diene Monomer)를 인서트 사출하여 일체로 이루어지게 구성함으로써, EPDM가 루프패널과 맞닿게 하여 소음 성능을 개선할 수 있을 뿐만 아니라, 쉽고 편리하게 제작하면서도 제조 비용을 줄일 수 있다. 특히, 본 발명은 리브의 길이가 짧을수록 EPDM의 돌출 길이가 길게 형성함으로써, 루프패널과 맞닿아 눌릴 때, 짧은 길이의 리브도 안정적으로 루프패널과 닿게 하여 소음이 새지 않게 하여 소음 성능을 개선할 수 있다. 또한, 본 발명은 EPDM이 리브에서 돌출되는 길이가 2~5㎜ 정도로 형성함으로써, 루프패널과의 접촉 효율이 이루어지게 하면서도 소음 성능이 우수하게 이루어질 수 있다.",http://plus.kipris.or.kr/openapi/fileToss.jsp?arg=ed43a0609e94d6e22d01c5c32ba711cfca75a482526924a7f365ef39ea47826bf644c129adbc933edf9de20f0f14c917709f58885394288d326522bc14eef717c3a0e1da2147453c,http://plus.kipris.or.kr/openapi/fileToss.jsp?arg=6c650beb4cee9ce4122b704b88878c931eb030fee3770e3302eb992ed6decaf65e8fbe434231b73d395bc532f5fa8a6b8ded7b050bfa321248fb1aafb1dbf2b8138c3007b617f6fb,주식회사 대한솔루션
HANSOL,11,등록,전기 자동차용 플로어 매트의 MSD 커버,B60N 3/04|B60R 13/02|B60R 13/08,1021058930000,20200423,1020190012393,20190131,,,,20200504,"본 발명은 MSD가 외부에 노출하도록 플로어 매트에 개구부를 형성하고, 이 개구부를 개폐할 수 있게 커버를 장착하므로, 플로어 매트 전체를 탈거하지 않고도 전원을 차단할 수 있어 쉽고 편리하게 전원을 차단하여 안전하게 작업할 수 있다. 특히, 본 발명은 압입과 같이 강제로 끼워서 조립하는 방식으로 MSD 커버를 구성하므로, 별도의 공구가 없이도 쉽고 편리하게 조립하여 안전하면서도 편리하게 사용할 수 있다. 또한, 본 발명은 구조적인 강성을 보강할 수 있는 판 위에 플로어 매트와 같은 재질로 이루어진 소음 덮개를 갖춰서 조립하므로, 전기 자동차에 장착한 플로어 매트와 일체감을 느끼게 하면서도 플로어 매트 전체를 분리하지 않고 신속하면서도 쉽고 편리하게 전원을 차단하여 원하는 작업을 할 수 있다.",http://plus.kipris.or.kr/openapi/fileToss.jsp?arg=ed43a0609e94d6e22d01c5c32ba711cf506d9d8184437a9948e4c4d699b022b919204e48074a8b535b33b0adebaae353b20fdc56ad69888b3a88998c306dd3e2f4e1fdae95cca5f1,http://plus.kipris.or.kr/openapi/fileToss.jsp?arg=2ba38663aa11ff0f6ca91af6061a2e00a90c8b47e792ea0a65304557e47d847a925069089039cb5c0436d714dbffbed67749250463ecc4f71f07c40c8228a208bf2c84681c87e08b,주식회사 대한솔루션
HANSOL,12,등록,무장 장착대,B64D 1/06|B64D 7/08|F41F 3/065,1018532640000,20180424,1020170060323,20170516,,,,20180430,간단한 구조로 이루어지면서도 고도의 내구성을 가질 뿐 아니라 매우 안정적인 구동 신뢰성을 확보할 수 있는 개선된 구조의 무장 장착대가 개시된다. 무장 장착대는 항공기에 결합되는 본체; 상기 본체에 회전 가능하게 구비되어 외부 장착물을 구속 또는 구속해제하는 후크부; 상기 외부 장착물을 구속 해제하는 방향으로 탄성력을 제공하는 스프링부; 상기 스프링부의 탄성 가압력을 후크부로 전달하는 링크부; 전력 공급에 따라 구동되어 상기 외부 장착물에 대한 후크부의 구속 상태를 해제하는 솔레노이드; 및 상기 솔레노이드의 구동에 따라 상기 외부 장착물에 대한 후크부의 구속 상태를 유지하거나 상기 외부 장착물에 대한 후크부의 구속 상태를 해제하는 레버스프링 조립부를 포함한다.,http://plus.kipris.or.kr/openapi/fileToss.jsp?arg=ed43a0609e94d6e22d01c5c32ba711cf8be18a70060c011452eae69a18e9dc1d9a4a80955a61c84d24673792127bdef952dbc6caf657934c8e73fa72d4d867e3f18dab9aff5d48d4,http://plus.kipris.or.kr/openapi/fileToss.jsp?arg=2ba38663aa11ff0f6ca91af6061a2e00c25ddc8011d988eeb43f0012d4a5911bd82de48fb0e7128d1f6879ac5d099e9b02389d3550c91aea8d3aac40d2826bff64dd088540442455,한솔아이원스 주식회사
HANSOL,13,거절,타이어용 교체 시기 감지 장치,B60C 11/24|G08C 17/02|G01R 31/364,,,1020240040527,20240325,1020250143554,20251002,,,"트레드 부분에 폐회로, 검출 모듈과 경고장치를 장착하고, 트레드 부분이 타이어를 교체할 정도로 마모가 됨에 따라, 폐회로가 개방이 되고 이에 관한 정보를 검출 모듈의 근거리 무선 모듈에서 제어기에 출력하여 경고 장치가 동작할 수 있게 구성함으로써, 주행할 때도 타이어의 교체 시기에 도달하면 바로 통지할 수 있게 하여 안전 주행이 이루어질 수 있다. 특히, 폐회로와 검출 모듈과 경고 장치가 트레드 부분을 성형할 때 인서트 방식으로 일체가 되게 구성함으로써, 쉽게 제작하여 편리하면서도 안전하게 사용할 수 있다. 또한, 폐회로와 검출 모듈과 경고 장치가 트레드 부분의 폭 방향을 따라 적어도 두 개 설치되므로, 트레드 부분에서 어디든 마모되더라도 이를 검출하여 타이어 교체 시기를 신속하고 정확하게 경고할 수 있다.",http://plus.kipris.or.kr/openapi/fileToss.jsp?arg=ed43a0609e94d6e22d01c5c32ba711cfd425841bf85ad0f001cbce94a2bb50dd0d07422152d065f1f6813d83af1ab511aa21ccd764e489eb84933ebee269de54e928ab45bf025682,http://plus.kipris.or.kr/openapi/fileToss.jsp?arg=6c650beb4cee9ce4122b704b88878c93d845279955cad7839625ecf41240f81db727cc2a88e22862a54c371e06f0d34ce9f42403df7f75a86dc4d60f849f21170cc233beb326bdb1,주식회사 대한솔루션
HANSOL,14,등록,소독수 제조장치 및 방법,B01F 23/40|B01F 35/71|B01F 35/00|C02F 1/50|B01F 25/00|B01D 3/00,1022654710000,20210609,1020200159291,20201124,,,,20210630,"소주를 가열하여 알코올과 증류수를 기체 상태로 분리되도록 가열하는 가열부; 가열부로부터 전달된 알코올을 액체 상태로 냉각시키는 제1 냉각부; 가열*로부터 전달된 증류수를 액체 상태로 냉각시키는 제2 냉각부; 제1 냉각부로부터 전달된 알코올과 제2 냉각부로부터 전달된 증류수를 혼합시키는 혼합부; 가열부로부터 혼합부까지 알코올과 증류수가 이동되도록 배치되는 복수의 연결관에 각각 구비되는 밸브; 및 밸브의 개방 및 폐쇄를 제어하는 제어부;를 포함하고, 제어부는 알코올과 증류수가 서로 상이한 시점에서 제1 냉각부와 제2 냉각부로 각각 전달되도록 밸브의 개방 및 폐쇄를 제어하는 것을 특징으로 하는 소독수 제조 장치가 제공된다.",http://plus.kipris.or.kr/openapi/fileToss.jsp?arg=ed43a0609e94d6e22d01c5c32ba711cf8b07c42cde312482c1058476bcf4490572fdcd20d8098fe4202bfbbc9777be1e3615d44749d5fa8cf93b72a0b0829487a1490195231e90ab,http://plus.kipris.or.kr/openapi/fileToss.jsp?arg=6c650beb4cee9ce4122b704b88878c93965aeb7e7414abb345ae11b1cd2df99d26c337ab6360632ccdb7e44fae2e26c5897b13d1eebc541fd1143213c2a068942701314868ca04d4,찬솔사회적협동조합
HANSOL,15,등록,전기차용 배터리 점검구 커버 겸 플로어 매트 고정구,B60N 3/04,1029509210000,20260406,1020230084023,20230629,1020250001603,20250107,,20260410,"본 발명은 플로어 매트를 고정하는 장착 브래킷이 장착되는 장착 구멍을 통해 배터리 점검 기능을 할 수 있게 구성하되, 이 장착 브래킷에는 한쪽에 플로어 매트를 탈부착할 수 있게 구성하고, 다른 한쪽에는 상기 장착 구멍에 미리 설치되는 플랜지에 탈부착할 수 있게 구성함으로써, 하나의 장착 브래킷을 사용하여 플로어 매트를 고정할 수 있을 뿐만 아니라, 장착 구멍에서 장착 브래킷을 분리함에 따라 장착 구멍을 통해 바로 배터리를 점검할 수 있는 점검구 기능을 할 수 있게 한 전기차용 배터리 점검구 커버 겸 플로어 매트 고정구를 제공하는데 그 목적이 있다.",http://plus.kipris.or.kr/openapi/fileToss.jsp?arg=ed43a0609e94d6e22d01c5c32ba711cfca75a482526924a7afd25ba8c116ee3afbc049991256e002e803d1d892c97204f9ee0912ff14f3109b0ca90c23844907cdb7057e1fc1610c,http://plus.kipris.or.kr/openapi/fileToss.jsp?arg=6c650beb4cee9ce4122b704b88878c931eb030fee3770e33603ce407f09124a93efa04e28898b89d0f04ca18f919b17153aec59523478208a9b7352f110ff44ee1cdfc7d97a2107c,주식회사 대한솔루션
HANSOL,16,등록,인공지능 기반의 논문 데이터 전산해석 전처리 자동화 장치 및 방법,G06F 16/34|G06F 16/332|G06F 16/2455|G06F 40/284|G06N 3/0455|G06N 3/08,1029504070000,20260406,1020220085724,20220712,1020240008634,20240119,,20260409,"본 발명은 딥러닝 방식으로 학습을 수행하는 인공지능 기반의 논문 데이터 전산해석 전처리 자동화장치 및 방법에 관한 것으로, 연관 키워드를 포함한 논문 해석 조건 정보를 입력받는 조건 정보 입력부, 학습용 논문 데이터를 수집하는 수집부, 상기 조건 정보 입력부로 입력된 논문 해석 조건에 따라 상기 수집부로 수집된 논문 데이터에 자동화 알고리즘을 적용하여 논문 해석 조건에 부합한 적어도 하나 이상의 논문을 탐색하는 탐색부, 상기 탐색부에서 탐색된 논문 데이터들의 유동적 해석을 수행하는 해석부 및 상기 해석부의 해석 결과를 가시적인 형태로 제공하는 결과 제공부를 포함하는, 인공지능 기반의 논문 데이터 전산해석 전처리 자동화장치에 의해 연구원 수기 작업인 논문 탐색, 정확도 확인, 필요 격자수준확인, 수치 기법 확인 및 입력 변수 확인 등의 과정을 자동화하여 인공지능 기반으로 논문 데이터 기반의 유동 해석 전처리를 자동화하는 인공지능 기반의 논문 데이터 전산해석 전처리 자동화장치 및 방법을 제공할 수 있다는 효과가 도출된다.",http://plus.kipris.or.kr/openapi/fileToss.jsp?arg=ed43a0609e94d6e22d01c5c32ba711cfa0f02787fc53beab71cd9396fd79b0b0167213d5d311854af1a7290910f62ff86e5a2ae927d073a497851b7a6bab3f7c159a5d74b9e7cf59,http://plus.kipris.or.kr/openapi/fileToss.jsp?arg=6c650beb4cee9ce4122b704b88878c9344e96d51d5a9da231ad250a446a205cdc93cefbe6bc58395bcb50fa939125b1d68e2a8ce567975cf9113ef3047b03e2fa5d50354ff0da758,남한솔
HANSOL,17,등록,일체형 선바이저를 갖춘 자동차용 헤드 라이너,B60R 13/02|B60J 3/02,1029509200000,20260406,1020240040538,20240325,1020250143561,20251002,,20260409,"헤드 라이너의 일부를 절개한 자리 면에 개폐할 수 있는 선바이저를 장착함으로써, 선바이를 별도로 제작함에 따른 비용을 줄일 수 있을 뿐만 아니라, 선바이저를 헤드 라이너에 직접 장착하여 모듈화할 수 있다. 특히, 선바이저의 힌지 부분이 요철 형태로 결합 된 턱이 강제로 턱을 타고 넘어가면서 회전시킬 수 있게 구성함으로써, 자신의 체형이나 운전습관에 따라 원하는 각도로 쉽게 조절하여 안전하게 사용할 수 있다. 또한, 힌지 부분에 호 형상의 랙 기어를 구성하고, 선바이저가 회전할 때, 탄성 지지를 받는 스토퍼가 이 랙 기어를 강제로 타고 넘어갈 수 있게 구성함으로써, 선바이저의 회전 각도 조절이 쉽게 이루어지고, 회전 고정 위치에서 선바이저가 임의로 회전하지 않게 하여 더욱 안전하고 편리하게 사용할 수 있다.",http://plus.kipris.or.kr/openapi/fileToss.jsp?arg=ed43a0609e94d6e22d01c5c32ba711cfa0f02787fc53beab6a6da6342cde11fddeca543676e0e6fe54e1108e476f769c40be99743f8f30101c470268869e95367e67d2e9c7da11e6,http://plus.kipris.or.kr/openapi/fileToss.jsp?arg=6c650beb4cee9ce4122b704b88878c9344e96d51d5a9da236adf7799361dca638ff4539bc803ec50600156fbd78044e812d68a637f752d9aff9a30b075b277f0cbc98a3af50369bc,주식회사 대한솔루션
HANSOL,18,소멸,배기로용 무촉매 탈질시스템,F23J 15/00|B01D 53/34|B01D 53/56|F23G 5/44|F23J 15/04,1005967350000,20060627,1020050115272,20051130,,,,20060704,"환원제의 공급을 수두압력을 이용하여 행하므로 유량계가 안정적으로 유량을 측정할 수 있어 환원제의 공급량을 배기가스에 포함된 환경오염물질의 배출량에 대응하여 자동으로 제어하는 것이 가능하도록, 공정수를 소정 압력으로 공급하는 공정수공급장치와, 공정수공급장치에 연결된 공정수공급관을 통하여 공정수의 교축작용에 의하여 환원제가 희석 혼합되는 라인믹서와, 라인믹서에 0.2∼2kgf/㎠ 범위의 수두압력으로 환원제를 공급하도록 라인믹서의 설치 위치보다 높은 위치에 설치되는 약품탱크와, 약품탱크와 라인믹서를 연결하는 약품공급관에 설치되는 유량제어밸브와, 유량제어밸브와 라인믹서 사이에 설치되어 약품공급관에 흐르는 환원제의 유량을 측정하는 유량계와, 희석액을 배기가스 중에 분사하는 분사노즐과, 배기가스에 포함된 환경오염물질의 배출량을 측정하는 센서와, 센서로부터 측정된 환경오염물질 배출량의 변화에 대응하여 유량제어밸브를 제어하는 제어부를 포함하는 배기로용 무촉매 탈질시스템을 제공한다. 배기가스, 질소산화물, 요소수용액, 라인믹서, 유량제어밸브, 무촉매 탈질장치",http://plus.kipris.or.kr/openapi/fileToss.jsp?arg=ed43a0609e94d6e2d625a3dcb0746fe407489d23bbfec243b7d2bc86ebe7c7807a3bf8850583a4e0c2b5ab04aa834ba7,http://plus.kipris.or.kr/openapi/fileToss.jsp?arg=452306798ef1fd035bfb5ff666db4c9c592fb536ea920a4d05cf43b7b3b10224d6d903f4197fb83c23f97986c25d6b1c,한솔이엠이(주)
HANSOL,19,등록,조립형 학습 교구,G09B 1/02|G09B 5/02|A61B 5/11|A61B 5/00,1022704620000,20210623,1020200139178,20201026,,,,20210629,"본 발명은 다수의 부품을 조립하는 능력을 모니터링하여 발달 장애여부 또는 발달 장애의 정도를 판단하는 것으로서, 서로 상이한 형상의 구성품을 포함하는 각각의 조립체를 단계별로 조립할 수 있는 조립형 학습 교구에 있어서, 조립형 학습 교구는, 다수의 플레이트; 및 플레이트와 조립수단을 통해 결합될 수 있는 베이스;를 포함하는, 조립형 학습 교구가 제공된다.",http://plus.kipris.or.kr/openapi/fileToss.jsp?arg=ed43a0609e94d6e22d01c5c32ba711cf8b23fcb37182cf3d2d9ed8e0c91d7f3b6d764da32c75bee9de43be0e02e1d57c385dc3d66de14f99d2d68a07d5d7ca457a7fef15c8fc4a74,http://plus.kipris.or.kr/openapi/fileToss.jsp?arg=6c650beb4cee9ce4122b704b88878c93cbb83bf3c06e650ab9654f026cfa7bae78ee542eb9c42ef87b4df4998d421b2d9e164522f49a9d4db9760687148d6c0cc9bc9eea77a20060,찬솔사회적협동조합
HANSOL,20,공개,플로어 매트를 고정할 수 있는 자동차용 풋 레스트,B60N 3/06|B60N 3/04,,,1020240068541,20240527,1020250169755,20251204,,,"운전자가 페달 조작에 사용하지 않는 발을 올려놓는 풋 레스트의 하부에 턱을 형성하고, 이 턱이 운전석 하부에 장착되는 플로어 매트의 가장자리를 덮어 가거치할 수 있게 구성함으로써, 운전자의 발로 인해 플로어 매트가 감기거나 접히는 것을 방지하여 플로어 매트로 인해 발생하는 사고를 미리 예방할 수 있다. 또한, 풋 레스트 면에서 적어도 상부에 벨크로를 추가하여 구성함으로써, 풋 레스트 면을 덮는 부분을 벨크로에 고정하여, 플로어 매트로 인해 발생할 수 있는 사고를 미리 예방하여 안전하고 편리하게 페달을 조작할 수 있다. 그리고 상기 턱이 운전자의 신발 뒤꿈치가 걸리도록 구성함으로써, 플로어 매트를 가거치할 때 신발이 플로어 매트의 가장자리 부분과 접촉하지 않게 하여 플로어 매트의 접힘이나 말림을 방지할 수 있다.",http://plus.kipris.or.kr/openapi/fileToss.jsp?arg=ed43a0609e94d6e22d01c5c32ba711cf613fae601b450fe2a9cf0deb66577f4f42aff006edb28036d77c2c993919a669be2aa284f255ff6f916093da03581d7e3c2f339068b3fb28,http://plus.kipris.or.kr/openapi/fileToss.jsp?arg=6c650beb4cee9ce4122b704b88878c9381600c8d64fb69b4112144cd3ac6e682f184eb62e807a0005d533d559b523646adc0ef0a41d4e128fc89872b64ef0a2176d945e6cfde8906,주식회사 대한솔루션
HANSOL,21,소멸,배기로용 무촉매 탈질시스템,F23J 15/00|B01D 53/34|B01D 53/56|F23G 5/44|F23J 15/04,1005967360000,20060627,1020050115273,20051130,,,,20060704,"환원제의 공급을 수두압력을 이용하여 행하므로 유량계가 안정적으로 유량을 측정할 수 있어 환원제의 공급량을 배기가스에 포함된 환경오염물질의 배출량에 대응하여 자동으로 제어하는 것이 가능하도록, 공정수를 소정 압력으로 공급하는 공정수공급장치와, 공정수공급장치에 연결된 공정수공급관을 통하여 공정수의 교축작용에 의하여 환원제가 희석 혼합되는 라인믹서와, 라인믹서에 0.2∼2kgf/㎠ 범위의 수두압력으로 환원제를 공급하도록 라인믹서의 설치 위치보다 높은 위치에 설치되는 보조탱크와, 환원제가 저장되고 보조탱크로 환원제를 공급하는 약품탱크와, 보조탱크와 라인믹서를 연결하는 약품공급관에 설치되는 유량제어밸브와, 유량제어밸브와 라인믹서 사이에 설치되어 약품공급관에 흐르는 환원제의 유량을 측정하는 유량계와, 희석액을 배기가스 중에 분사하는 분사노즐과, 배기가스에 포함된 환경오염물질의 배출량을 측정하는 센서와, 센서로부터 측정된 환경오염물질 배출량의 변화에 대응하여 유량제어밸브를 제어하는 제어부를 포함하는 배기로용 무촉매 탈질시스템을 제공한다. 배기가스, 질소산화물, 요소수용액, 라인믹서, 유량제어밸브, 무촉매 탈질장치",http://plus.kipris.or.kr/openapi/fileToss.jsp?arg=ed43a0609e94d6e2d625a3dcb0746fe407489d23bbfec243b7d2bc86ebe7c7807a3bf8850583a4e0178ba569f31847e4,http://plus.kipris.or.kr/openapi/fileToss.jsp?arg=452306798ef1fd035bfb5ff666db4c9c592fb536ea920a4d05cf43b7b3b10224d6d903f4197fb83ce72c0223185a74b4,한솔이엠이(주)
HANSOL,29,등록,다축 토네이도 화염 연출기 및 이를 포함하는 무대장치 제어 시스템,A63J 5/02|F23D 14/58|F23D 14/30,1025240130000,20230417,1020210068912,20210528,1020220160816,20221206,,20230420,"본 발명은 다축 토네이도 화염 연출기에 관한 것이다. 구체적으로 본 발명의 일 실시예에 따르면, 상하 방향으로 연장되는 소정의 제1 회전축을 중심으로 회전할 수 있는 회전부; 및 상기 회전부에 지지되며, 화염을 분사할 수 있는 하나 이상의 분사모듈을 포함하고, 상기 하나 이상의 분사모듈은, 상기 회전부에 지지되는 바디부; 및 상기 제1 회전축과 수직인 방향을 따라 연장되는 소정의 제2 회전축을 중심으로 회전 가능하게 상기 바디부에 지지되며, 화염을 분사할 수 있는 분사부를 포함하는, 다축 토네이도 화염 연출기가 제공될 수 있다.",http://plus.kipris.or.kr/openapi/fileToss.jsp?arg=ed43a0609e94d6e22d01c5c32ba711cf0d946eecef13572fd8546b11643af2481c15bf620ce83cd7f3bf9ea72eeb7ab2c61b124dbdc6c22cb441738348cde25c1019e5da699ce676,http://plus.kipris.or.kr/openapi/fileToss.jsp?arg=6c650beb4cee9ce4122b704b88878c9354df3841f7853d7e0b5f5f12f19d40126f0684f6cc572e2c098ad25638abef0293bec6dec183d1871f0f5c8a27bb96db7cb783f2bc5e8411,(주)한솔에프엑스
HANSOL,35,공개,자동차 시트 백의 후면에 장착되는 거치장치,B60N 3/00|B60R 11/00,,,1020240132671,20240930,1020260046717,20260407,,,"본 발명은 그물망의 양쪽 가장자리 부분을 차지하는 고정 바가 시트 백 후면에 구성된 가이드를 따라 슬라이딩 안내를 받는 거치대가, 사용되지 않을 때는 시트 백의 후면 안쪽에 수납되게 하고, 사용할 때만 시트 백의 후면에서 밖으로 인출해서 거치할 수 있게 구성함으로써, 승차하거나 차에서 내릴 때 불편함이 없게 하면서도 거치대가 필요할 때는 언제든지 쉽고 편리하게 사용할 수 있게 한다. 특히, 본 발명은 상기 고정 바가 유연한 재질로 제작되어 휠 수 있게 구성됨에 따라, 중간 부분에서 휘어 내각이 둔각을 이루도록 제작된 가이드에 강제로 끼워지더라도 이 가이드의 형상을 따라 강제로 그물망을 시트 백 후면 안쪽으로 수납할 수 있게 할 뿐만 아니라, 거치대가 차지하는 공간을 최소화할 수 있게 한다.",http://plus.kipris.or.kr/openapi/fileToss.jsp?arg=ed43a0609e94d6e22d01c5c32ba711cf4d58f58347a001bdfba25d5ad3898623f7eaca8511b3b01e1aa10daa98c3fe049ea69b5a359b84c423479664f23c148a75866c83ba393c0e,http://plus.kipris.or.kr/openapi/fileToss.jsp?arg=6c650beb4cee9ce4122b704b88878c93b015cd2c8242ca4694d5903529730faa005519711ae8a188ff41284640b71e7774b264fe9ef723daa6e037272dc5c948854fbb3322ce7236,주식회사 대한솔루션
HANSOL,36,공개,반도체 부품 보호를 위한 ALD 코팅 적용 방법,C23C 16/44|C23C 16/455|C23C 16/40|H10W 74/01,,,1020230084770,20230630,1020250002948,20250107,,,"본 발명는 반도체 공정 챔버 및 그 제조 방법에 관한 것으로, 해결하고자 하는 기술적 과제는 반도체 공정 부품의 내구성을 향상시킴과 동시에 반도체 제조를 위한 주공정 전에 사전 준비 시간없이 안정적인 공정 환경을 제공하고, 반도체 제조를 위한 공정 환경의 시즈닝 타임의 단축이 가능한 반도체 공정 챔버 및 그 제조 방법을 제공한다. 이를 위해 본 발명에 따른 예시적 반도체 공정 챔버의 제조 방법은 반도체 공정 챔버 부품의 부식 및 파티클의 발생을 방지하기 위해 ALD(Atomic Layer Deposition) 방식으로 상기 반도체 공정 챔버 부품 상에 ALD 코팅막을 제공하는 단계; 및 상기 ALD 코팅막 상에 시즈닝 타임의 단축을 위해 주공정의 환경으로 플라즈마 표면 개질층을 제공하는 단계를 포함할 수 있다.",http://plus.kipris.or.kr/openapi/fileToss.jsp?arg=ed43a0609e94d6e22d01c5c32ba711cf29af1ed9ae3e78d663377f30d6514528bce17b61ff4ce3b5a88a96b9bd0aac290319ae7b7c949bbdfa158c4e2f26463bfd8ec941ee2a2c9d,http://plus.kipris.or.kr/openapi/fileToss.jsp?arg=6c650beb4cee9ce4122b704b88878c93b2b4840edc80116063ee6424ee4c587b695a5c240c7e2639202fd1a1fe30b8aed141747036a6e34e8f96d7f0e88e918e9415562754c9f501,한솔아이원스 주식회사
HANSOL,37,등록,플로라이드화 이트륨 옥사이드 코팅막의 형성 방법 및 이에 따른 플로라이드화 이트륨 옥사이드 코팅막,H10P 10/00|H10P 95/90|H10P 50/20,1021065330000,20200424,1020170065284,20170526,1020180129366,20181205,,20200506,"본 발명의 일 실시예는 플로라이드화 이트륨 옥사이드 코팅막의 형성 방법 및 이에 따른 플로라이드화 이트륨 옥사이드 코팅막에 관한 것으로, 해결하고자 하는 기술적 과제는 높은 경도로 인해 부식성 가스 및 고속 충돌 이온 입자에 대하여 높은 에칭 저항성을 갖고, 이에 따라 에칭 공정 중 반도체/디스플레이 부품을 보호할 수 있는 플로라이드화 이트륨 옥사이드 코팅막의 형성 방법 및 이에 따른 플로라이드화 이트륨 옥사이드 코팅막을 제공한다. 이를 위해 본 발명의 일 실시예는 이트륨(Y), 산소(O) 및 불소(F)를 포함하는 전처리 전 YOF 분말을 제공하는 단계; 상기 전처리 전 YOF 분말을 전처리하여 전처리 후 YOF 분말을 제공하는 단계; 이송 가스 공급부로부터 이송 가스를 공급받고, 분말 공급부로부터 상기 전처리 후 YOF 분말을 공급받아, 상기 전처리 후 YOF 분말을 에어로졸 상태로 이송하는 단계; 및 상기 에어로졸 상태로 이송된 상기 전처리 후 YOF 분말을 공정 챔버 내의 기재에 충돌 및 파쇄시켜, 상기 기재에 YOF 코팅막을 형성하는 단계를 포함하는 플로라이드화 이트륨 옥사이드 코팅막의 형성 방법을 제공한다.",http://plus.kipris.or.kr/openapi/fileToss.jsp?arg=ed43a0609e94d6e22d01c5c32ba711cfe205a6ad127f3e7ec455ba52e9d42a4cff0e0bb2a83581e50fb0433aee7bb17d5df5cdd1c2da404f9176b2cb67330bcd33ab24d76fc2aa0f,http://plus.kipris.or.kr/openapi/fileToss.jsp?arg=2ba38663aa11ff0f6ca91af6061a2e00ba10c147f8b08c294ed0a1f134a4c209efff24ed7e29951f63e6a2c4af555e1c72b29c6c7874c936ae3f800d182efbf9325417e5d7fe528d,한솔아이원스 주식회사
HANSOL,41,등록,합성수지제창호 및 금속제창호에 개스킷을 가지는 커튼월용 유리창 고정기구,E04B 2/96|E06B 3/267,1029482480000,20260331,1020240088368,20240704,1020260006318,20260113,,20260403,개스킷 사용으로 유리창과 단열재의 공간 들뜸으로 인한 단열성과 기밀성능 저하요인을 원천적으로 차단하여 별도의 틈새 막음 조치 없이 단열성과 기밀성능을 향상할 수 있는 커튼월용 유리창 고정기구가 개시된다. 상기 유리창 고정기구는 프레임과 유리창 지지부재 중 적어도 하나에 형성되고 상기 프레임을 기준으로 좌우 대칭으로 배치되는 한 쌍의 개스킷 결합홈 및 한 쌍의 상기 개스킷 결합홈에 각각 결합되고 상기 프레임과 상기 유리창 사이와 상기 유리창 지지부재와 상기 유리창 사이에 중 적어도 하나에 배치될 수 있게 된 적어도 한 쌍의 개스킷을 포함하여 구성된다.,http://plus.kipris.or.kr/openapi/fileToss.jsp?arg=ed43a0609e94d6e22d01c5c32ba711cf41a9b8a7a2ab213d3c427d9ccd807f6f836e5ece1535b5270e4bf35e2be614ba7054445c7d3d4cd8b74af2ab9c6b04933aa3447ea8ac8538,http://plus.kipris.or.kr/openapi/fileToss.jsp?arg=6c650beb4cee9ce4122b704b88878c935f63de9e82a1cedb09dcc04d595e6d03f4ec28cdf78ee01ce27b118dea570574e320bcafee2da9fa1dd1c75df5ff76bb4cd4464e3860f474,주식회사 한솔에이치더블유디
HANSOL,42,거절,자동차용 트렁크 카펫 및 그 제조방법,B60N 3/04|D05C 17/02,,,1020230160997,20231120,1020250074186,20250527,,,"본 발명은 한 면에 터프팅 가공하여 카펫을 제조할 때, 트렁크 바닥에 트렁크 카펫을 장착했을 때 트렁크 실내에 노출하지 않는 부분을 비터프팅 영역으로 설정하고, 비터프팅 영역에는 터프팅 처리하지 않음으로써, 트렁크 실내에 노출하지 않는 부분에 터프팅 처리하지 않아 그만큼 원가를 절감할 수 있을 뿐만 아니라, 제조 공정 시간을 줄여 생산성을 높일 수 있다. 특히, 트렁크를 개방했을 때 트렁크 입구의 가장자리 부분은 비터프팅 영역에서 제외하여 터프팅 처리함으로써, 트렁크 내부의 미감과 미관을 해치지 않으면서도 제조비용을 줄일 수 있고, 생산 효율을 높일 수 있다. 또한, 이 기술을 SUV에 적용함으로써, 휠 하우스 부분처럼 터프팅 처리하지 않는 영역을 넓게 확보하여 비용 절감과 생산성을 한층 더 높일 수 있다.",http://plus.kipris.or.kr/openapi/fileToss.jsp?arg=ed43a0609e94d6e22d01c5c32ba711cf36ce5b34e42baa8f0969903589c378a5b9b7409f693caffa369fef9d2807701feceda2d365ce46a343079a60a0b61f6c402a20925885215c,http://plus.kipris.or.kr/openapi/fileToss.jsp?arg=6c650beb4cee9ce4122b704b88878c9382ea0a710fbcb321936a40c2e68a7f886f1224767351c57516385fb5d4623855a5de7e92ae1745a8f37a26dcac8b59f84ba3a9a921cd5c54,주식회사 대한솔루션
HANSOL,43,등록,금속제 창호 커튼월 유리규격에 적합하게 사용될 수 있는 유리창 고정기구,E04B 2/96|E06B 3/267,1029475910000,20260330,1020240088367,20240704,1020260006317,20260113,,20260402,"한 종류의 유리창 고정기구로 캡 방식의 복층 유리창의 커튼월, 캡 방식의 삼복층 유리창의 커튼월, 히든바 방식의 복층 유리창의 커튼월 및 히든바 방식의 삼복층 유리창의 커튼월을 선택적으로 설치할 수 있도록 해주는 커튼월에 적합하게 사용될 수 있는 유리창 고정기구가 개시된다. 상기 유리창 고정기구는 한쪽 측면에 장착부를 구비하고 건축물의 벽체 또는 슬리브에 고정하기 위한 프레임, 상기 장착부에 결합하기 위한 결합부와 상기 결합부에서 외측으로 연장된 연장부와 상기 연장부의 단부에 설치된 제1돌기부를 가지는 제1연장부재, 상기 제1돌기부에 결합 가능한 제1돌기결합부와 상기 제1돌기결합부의 단부에 설치된 제2돌기부를 가지는 제2연장부재 및 상기 제2연장부재를 상기 제1연장부재에 고정하기 위한 고정구를 포함하여 구성된다.",http://plus.kipris.or.kr/openapi/fileToss.jsp?arg=ed43a0609e94d6e22d01c5c32ba711cf5947b6e4e94c94e6810837178f672307407a02ef632384c73b4f3f79a807a5325e8873c18f2a7e07f69a7e150358adc9fe049cc6ffc86a34,http://plus.kipris.or.kr/openapi/fileToss.jsp?arg=6c650beb4cee9ce4122b704b88878c9332d21d906c15a9e50452a6a032afb112fe1a60b1cf797ee3329fd641bcd2a6bc83684fe199d9264537db331a09b07b843105b5c2d6443660,주식회사 한솔에이치더블유디
HANSOL,44,등록,음성 출력 기능을 갖는 무선 태그 단말기 및 그 운용 방법,G06K 19/077|G06K 19/07|G08B 3/10|G08B 21/04|G06F 40/58|H05B 47/105|F21Y 115/10,1029486790000,20260401,1020240139966,20241015,,,,20260406,"본 발명은 음성 출력 기능을 갖는 무선 태그 단말기 및 그 운용 방법에 관한 것이다. 본 발명에 따른 음성 출력 기능을 갖는 무선 태그 단말기의 운용 방법은, 무선 태그 단말기를 소지한 관리 대상자가 이동할 때 주변의 스마트 싱스 이용자의 네트워크 영역에 진입 시, 스마트 싱스 이용자의 단말기가 스마트 싱스 네트워크를 통해 무선 태그 단말기의 위치 정보를 관리자 단말기로 전송하는 단계; 관리자 단말기가 무선 태그 단말기의 위치 정보를 수신하고, 위급 상황으로 판단되면 관리자의 휴대폰의 앱을 통해 위급 상황 동작 신호를 스마트 싱스 이용자의 단말기로 전송하는 단계; 스마트 싱스 이용자의 단말기가 위급 상황 동작 신호를 수신하여 스마트 싱스 이용자의 네트워크를 통해 관리 대상자의 무선 태그 단말기로 전송하는 단계; 및 관리 대상자의 무선 태그 단말기가 위급 상황 동작 신호를 수신하고, 음성 저장 모듈에 저장되어 있는 위급 상황을 대비한 음성을 출력 장치를 통해 출력하는 단계를 포함한다. 이와 같은 본 발명에 의하면, 음성 출력 기능 및 LED를 이용한 표시장치를 통해 추적이 필요한 대상자를 조기에 발견하고 주변에 도움을 요청할 수 있도록 함으로써 위급 상황에 대해 즉각적인 대처가 가능하다.",http://plus.kipris.or.kr/openapi/fileToss.jsp?arg=ed43a0609e94d6e22d01c5c32ba711cfcccad921db724efc48324327c771690943012b90e4623cd1dae91d80a58fd4d46c7974c3af9a98bc7bb0986d9b00ef4910c8e5ae2792725c,http://plus.kipris.or.kr/openapi/fileToss.jsp?arg=6c650beb4cee9ce4122b704b88878c931e29801e589c7b646dad3867640cca69aed07ec66fac4f082fadbca4ede5e8b3d3a020d14fb6d5c0330dd15592427282042326e79308d88a,한솔테크닉스(주)
HANSOL,45,등록,"서브PCB, 이를 포함하는 PCB 조립체 및 이를 이용한 전자기기",H05K 1/14|H05K 7/14|H05K 3/34,1023997670000,20220516,1020200104752,20200820,1020220023184,20220302,,20220519,"본 발명은, 일면으로 장착홀이 관통 형성된 메인PCB와; 메인PCB에 체결되어 메인PCB와 전기적으로 연결되는 서브PCB;를 포함하여 구성되되, 서브PCB는, 장착홀에 삽입되고, 삽입방향에 대하여 후방 두께면으로 날개부가 형성되어 메인PCB에 걸림 체결되도록 구성됨을 특징으로 하는 PCB 조립체를 제공할 수 있다. 상기한 바에 따르면 별도의 커넥터(소켓)가 불필요하기 때문에 소요부품에 따른 제조비용을 저감시킬 수 있으며, 이에 따른 경제성을 향상시킬 수 있다.",http://plus.kipris.or.kr/openapi/fileToss.jsp?arg=ed43a0609e94d6e22d01c5c32ba711cf1095602f9cfea1fd00377550b3694afbbff76910b1c35fe99c699ea9f8a133a50209dc2dbe2752ca12a714071fbb981d9238527f5ffcdf50,http://plus.kipris.or.kr/openapi/fileToss.jsp?arg=6c650beb4cee9ce4122b704b88878c93f8f018fcd9212542e250d1dae8ab7960a08884acaea428da79d1444603eedc0604809b507319a39cea6bab9b199e0bb2c3fdd15844f25967,한솔테크닉스(주)
HANSOL,47,공개,자동차용 운전자의 의료 정보 열람 시스템,G16H 10/65|G06F 21/32|B60K 35/00|B60R 25/25|B60R 11/02|B60R 11/00,,,1020230068816,20230530,1020240171208,20241209,,,"운전자가 시동 걸 때 운전자의 지문을 스캔하고, 그 지문과 저장장치에 미리 저장된 의료 정보를 매칭시켜 놓고, 외부기기를 저장장치에 연결하여 의료 정보를 볼 수 있도록 구성함으로, 운전자의 의식이 없거나 부상으로 운전자가 자신의 의료 정보를 정확하게 설명할 수 없는 상황에서도 저장장치를 통해 운전자의 의료 정보를 정확하게 확인하여 적절한 조치를 취할 수 있다. 이때, 시동 버튼으로 지문을 스캔할 수 있게 구성함으로써, 운전자와 의료 정보를 매칭시켜 바로 선택할 수 있게 구성함으로, 운전자와 운전자의 의료 정보를 바로 확인하여 필요할 때 적절하게 조치할 수 있다. 또한, 저장장치를 센터 암 레스트의 수납함에 장착함으로, 저장장치를 안전하게 보관하고, 필요할 때 운전자의 의료 정보를 쉽게 출력하여 볼 수 있다.",http://plus.kipris.or.kr/openapi/fileToss.jsp?arg=ed43a0609e94d6e22d01c5c32ba711cf4547f2ee98594573105baa0a07608891ebe40487fa9bbb2d18e39b3b41d69c8ca4671afbce03afa7ec7e45d3ad521a393d2186b9c1e5452e,http://plus.kipris.or.kr/openapi/fileToss.jsp?arg=6c650beb4cee9ce4122b704b88878c937b4f32412194f3d2902ad278acc989e70c0cd91a93765bc7a05ed29c94964e69de4c00a35c1b0cabdfb4b85730deb18bf3d8c9abcd5b90e4,주식회사 대한솔루션
HANSOL,48,등록,자동차용 안전띠 보조장치,B60R 22/20|B60R 22/10|B60N 2/68,1018474420000,20180404,1020170016199,20170206,,,,20180424,"본 발명은 머리받이 암에 걸어서 고정하여 등받이 뒤에 밀착하게 장착하는 프레임 양쪽에 각각 조절 암을 구성하고, B필러에 고정한 안전띠가 이 두 개의 조절 암에 끼워서 높이를 조절하여 사용할 수 있게 구성하므로, 조절 암의 위치 조절에 따라 체형에 알맞은 높이로 쉽고 편리하게 조절하여 사용할 수 있다. 특히, 본 발명은 보조장치를 사용하지 않을 때는 조절 암과 걸림 부분을 접어서 프레임과 하나의 평면을 이루도록 구성하므로, 본 발명에 따른 보조장치가 차지하는 크기를 최소화하여 쉽고 편리하게 보관하거나 운반할 수 있고, 또한 트렁크 등에서 차지하는 보관면적을 최소화하여 작은 공간에도 쉽게 보관할 수 있다.",http://plus.kipris.or.kr/openapi/fileToss.jsp?arg=ed43a0609e94d6e22d01c5c32ba711cf787a0e87611219df0cf964ea3e08caa8ebb61a239f61952784420ef850cb7ddf0a6b32b76aac51fcd22693b949affa10ac329c8dbc40ff3a,http://plus.kipris.or.kr/openapi/fileToss.jsp?arg=2ba38663aa11ff0f6ca91af6061a2e005ce20d72d90455abeb33f0ec75ec92e7c4696783c745ba26f50adce80354710ade799142bf26da4ac12c47c789860d2f1e060f9ca72b5b87,주식회사 대한솔루션
HANSOL,49,공개,천연 이탄을 이용한 자동차 내장재용 흡음재 및 그 제조방법,B29C 44/02|B29C 44/34|B29C 44/56|B60R 13/08|B29K 507/04|B29K 75/00|B29K 105/00,,,1020240131077,20240926,1020260045071,20260403,,,"폴리우레탄 폼을 제조할 때 천연 이탄을 첨가하여 골고루 분산하게 한 상태에서 내장재용 흡음재를 제조함으로써, 천연 소재를 첨가하여 친환경적이면서도 소음 성능과 충분한 세기의 기계적 강성과 내구성을 얻을 수 있다. 특히, 폴리올에 천연 이탄을 첨가한 다음 골고루 혼합하여 분산한 다음, 이소시아네이트와 계면 활성제 등을 첨가하여 폴리우레탄 폼을 형성함으로써, 천연소재인 천연 이탄의 사용으로 친환경적이면서도 흡음 성능과 기계적 강성 그리고 내구성을 한층 더 개선할 수 있다. 또한, 천연 이탄의 입자 크기가 100~200㎛인 것을 사용함으로, 혼합물 내에 균일하게 분산하게 할 수 있을 뿐만 아니라, 복잡한 형상의 폴리우레탄 폼을 성형할 때도 천연 이탄의 쏠림 현상 없이 골고루 분산시켜 균일한 성능을 얻을 수 있다.",http://plus.kipris.or.kr/openapi/fileToss.jsp?arg=ed43a0609e94d6e22d01c5c32ba711cf41a9b8a7a2ab213d3c427d9ccd807f6f01ce777762fddebd78c89ee9c96a99ca463e9d8a753ae9ec4bfebce1a13c5c7b220a2df6106543a2,http://plus.kipris.or.kr/openapi/fileToss.jsp?arg=6c650beb4cee9ce4122b704b88878c935f63de9e82a1cedb09dcc04d595e6d037b0ef0c69392dde0e30621ab1d787a329e54e21ef7d57ea9f8cc72ed3160ab9a47ccf2cf3adf0eca,주식회사 대한솔루션
HANSOL,51,공개,사용 위치가 조절되는 자동차용 어시스트핸들,B60N 3/02|B60N 2/02,,,1020240024788,20240221,1020250128495,20250828,,,"메모리 시트가 적용된 자동차의 어시스트핸들이 헤드 라이너나 차체에 장착된 리니어 서보 모터에 의해 구동하되, 메모리 시트를 조절할 때 이 어시스트핸들도 함께 위치 조절이 이루어지도록 구성함으로써, 메모리 시트의 위치가 변하더라도 어시스트핸들도 같이 움직이게 되어 항상 안정적인 자세로 어시스트핸들을 이용할 수 있게 한 사용 위치가 조절되는 자동차용 어시스트핸들을 제공한다. 특히, 하나의 리니어 서보 모터에 두 개의 어시스트핸들이 장착되되, 이 어시스트핸들이 서로 같은 방향으로 움직이거나 서로 반대방향으로 움직이도록 구성함으로써, 자동차 실내의 배치의 배열 방향에 따라 어시스트핸들 사이의 간격이 멀어지거나 가까워지도록 조절하여 편리하게 사용할 수 있게 한 사용 위치가 조절되는 자동차용 어시스트핸들을 제공한다.",http://plus.kipris.or.kr/openapi/fileToss.jsp?arg=ed43a0609e94d6e22d01c5c32ba711cfbc1808a92c06af33fc3fabf25798ea2932a19bd5ce72b1ff45562645603f0a9ae6e2eb6649eddd97a2a35ed5578bc09ba780c89734b291b5,http://plus.kipris.or.kr/openapi/fileToss.jsp?arg=6c650beb4cee9ce4122b704b88878c93fe63ff13cf57aae4f2c6a2f80afc37eed97d2f1fab27829bd5a469ebb819ae0c8e9e1d1048e74b3a18034382b5f54fd3da6e7e536d2bc5a5,주식회사 대한솔루션
HANSOL,52,공개,자동차용 헤드 레스트의 위치 조절 장치,B60N 2/809|B60N 2/888|B60N 2/02|B60R 21/02,,,1020240130994,20240926,1020260044626,20260402,,,"에어백이 전개함과 동시에, 운전자와 조수석 탑승자의 헤드 위치를 검출하여, 그 위치에 맞춰 헤드 레스트의 상하 높이가 자동으로 조절되어 뒤로 젖혀지는 헤드 부분을 받쳐줄 수 있게 구성함으로써, 헤드 부분이 과하게 젖혀지거나 꺾이는 것을 방지하여 부상 정도를 줄일 수 있다. 특히, 헤드 레스트가 랙-피니언 구조로 상하 높이 조절이 이루어지게 구성함으로써, 구조가 간단하여 쉽게 구성할 수 있을 뿐만 아니라, 피니언의 회전량 조절로 헤드 레스트의 높이 조절이 쉽고 원활하게 이루어질 수 있다. 또한, 헤드 부분의 위치를 검출하는 위치 센서로 위치 감지에 사용되는 레이더 센서를 사용함으로써, 정확한 헤드 위치를 신속하고 정확하게 검출하여 헤드 레스트가 정해진 위치에 오게 제어하여 목 부분의 부상을 최소화할 수 있다.",http://plus.kipris.or.kr/openapi/fileToss.jsp?arg=ed43a0609e94d6e22d01c5c32ba711cf5947b6e4e94c94e6810837178f67230720ab203dcd8f239cc2dc9ce9a836cd4fbfa013ca8dc45eae7eacd472d28563dc2490afa09364df74,http://plus.kipris.or.kr/openapi/fileToss.jsp?arg=6c650beb4cee9ce4122b704b88878c9332d21d906c15a9e50452a6a032afb112d582026a55c3f0df6d112c69562cad2bcd30d4176febf0f6fe049df54df680de5d48cf53e62fa566,주식회사 대한솔루션
HANSOL,53,거절,자동차용 내장재,B32B 5/32|B32B 5/18|B32B 5/02|B32B 5/24|B32B 7/12|B32B 27/12|B32B 27/36|B32B 37/12|B60R 13/02,,,1020230164021,20231123,1020250077624,20250602,,,"본 발명은 열가소성 폼과 같이 재활용할 수 있는 소재를 사용하여 자동차용 내장재를 제작함에 따라, 자동차 내장재의 제조 과정이나 내장재의 폐기 과정에서도 자원을 재활용을 할 수 있게 한 자동차용 내장재를 제공하는데 그 목적이 있다. 특히, 본 발명은 내장재의 기재로 사용되는 폼을 밀도가 다른 두 가지 종류의 폼을 구성하여 일체로 형성함으로써, 재활용할 수 있게 하면서도 기존 자동차용 내장재와 같거나 유사한 특성을 얻을 수 있게 한 자동차용 내장재를 제공하는데 다른 목적이 있다. 또한, 본 발명은 이처럼 이루어진 자동차용 내장재로 러기지 보드, 대시 인슐레이션, 헤드 라이너, 플로어 카펫, 차체의 제진재, 그리고 플로어 카펫을 제작하는 기재로 사용할 수 있는 자동차용 내장재를 제공하는데 또 다른 목적이 있다.",http://plus.kipris.or.kr/openapi/fileToss.jsp?arg=ed43a0609e94d6e22d01c5c32ba711cf10add4f4d6d868b37df2e8ab23ad5e7782f1d9ea341a5c4ca753059271dbb8d26e398bcf0654ac7cc6e8a01df76efd3729c0b6240fd612d9,http://plus.kipris.or.kr/openapi/fileToss.jsp?arg=6c650beb4cee9ce4122b704b88878c936e4618879a672b2f7ffe30363c6a15c842888cacaf48d1b2c72d6a11dbb630539bbed84087c720dcb127a304969a98d9d9ff8061bcbb9e00,주식회사 대한솔루션
HANSOL,54,공개,재활용이 쉬운 단일 소재로 이루어진 자동차용 휠 하우스 패드 및 그 제조방법,B29C 44/02|B29C 44/36|B29C 37/00|B62D 25/18|B62D 29/00|B29K 19/00|B29K 71/00,,,1020240131060,20240926,1020260044653,20260402,,,"본 발명은 TPEE(Thermo Polyether-Ester Elastomer)을 발포 성형기에 투입하여 휠 하우스 페드를 발포 성형함으로써, 기존 휠 하우스 패드와 유사하거나 유수한 물성을 가질 뿐만 아니라, 내가수분해성 시험을 통한 전후비교에서 표면손상・끈적임・부스러짐・갈라짐이 거의 발생하지 않았고, VOCs 방출량 시험평가에서 8대 관리기준 항목 중 알데히드류 및 TVOC 수치가 개선되었으며, 단일 재질로 이루어져서 쉽게 재활용할 수 있게 한 재활용이 쉬운 단일 소재로 이루어진 자동차용 휠 하우스 패드 및 그 제조방법을 제공하는데 그 목적이 있다.",http://plus.kipris.or.kr/openapi/fileToss.jsp?arg=ed43a0609e94d6e22d01c5c32ba711cf5947b6e4e94c94e6810837178f672307341db2f29b0fb6f70d50114b902fc514e705dbfd4a3832285c62d613d14e5fcdd36082ffb86c356f,http://plus.kipris.or.kr/openapi/fileToss.jsp?arg=6c650beb4cee9ce4122b704b88878c9332d21d906c15a9e50452a6a032afb112bb82f6677542f77a61695b2552cc176b4b002b4f0a41f46871da8d9eea4a114b48f939b334d29c55,주식회사 대한솔루션
HANSOL,55,거절,자동차용 흡음재,B32B 5/24|B32B 5/26|B32B 5/18|B32B 5/02|B32B 7/12|B60R 13/08,,,1020230165148,20231124,1020250077777,20250602,,,"본 발명은 두 장의 부직포 사이에 장착되는 폴리우레탄 폼 면에 면 펠트층을 추가하여 일체로 구성함으로써, 기존 흡음재와 같거나 유사한 흡음 성능을 가지면서도 재활용 소재를 사용하여 재활용률을 높일 수 있게 한 자동차용 흡음재를 제공하는데 그 목적이 있다. 특히, 본 발명은 상기 면 펠트층 면에도 저융점 접착용 섬유(LMF: Low Melting Fiber), 핫멜트 필름, 또는 저융점 PP(Polypropylene)와 같은 열가소성인 저융점 고분자 접착층을 사용함에 따라, 낮은 온도에서도 쉽게 접착 성능을 얻을 수 있을 뿐만 아니라, 재활용할 수 있게 한 자동차용 흡음재를 제공하는데 다른 목적이 있다.",http://plus.kipris.or.kr/openapi/fileToss.jsp?arg=ed43a0609e94d6e22d01c5c32ba711cf10add4f4d6d868b37df2e8ab23ad5e774e1b8f26a29790fb733bf23cb62081b03fb552f38393540f33e4844c95d5703a5325bdb000da50cf,http://plus.kipris.or.kr/openapi/fileToss.jsp?arg=6c650beb4cee9ce4122b704b88878c936e4618879a672b2f7ffe30363c6a15c8f5945fbebe8ad2e9cff84738fba90a86269c5152071c551f2927283c07c00c1cb67e5bf6879bf754,주식회사 대한솔루션
HANSOL,57,공개,림을 교체하기 쉬운 자동차용 스티어링 휠,B62D 1/10|B62D 1/08|B62D 1/06|B62D 1/04,,,1020240131027,20240926,1020260044637,20260402,,,"본 발명은 경음기와 에어백 등이 장착되는 허브에서, 이 허브와 림을 연결하는 스포크 부분을 분리한 다음, 분리된 허브와 림 부분에 버클과 버클 플러그를 각각 구성하여 허브에서 림을 탈・장착할 수 있게 구성함으로써, 원하는 형상과 색상을 가진 림으로 언제든지 쉽고 편리하게 교체하여 사용할 수 있다. 특히, 본 발명은 허브 가장자리에는 멀티펑션 스위치를 구성함으로써, 버클과 버클 플러그가 분리되게 하여 림 부분을 교체하더라도 멀티펑션 스위치 조작에 영향을 주지 않으면서도 림 부분을 한층 더 쉽고 편리하면서도 신속하게 교체하여 사용할 수 있다. 또한, 본 발명은 림과 허브 사이를 연결하는 스포크가 1~3개인 것을 사용함으로, 스포크가 허브에 버클로 연결되어 언제든지 쉽게 스포크를 분리하여 림 교체를 할 수 있다.",http://plus.kipris.or.kr/openapi/fileToss.jsp?arg=ed43a0609e94d6e22d01c5c32ba711cf5947b6e4e94c94e6810837178f672307341db2f29b0fb6f70d50114b902fc514776b59bb2203e9ed84ecbff4d5b1c466b09ebff2098f279d,http://plus.kipris.or.kr/openapi/fileToss.jsp?arg=6c650beb4cee9ce4122b704b88878c9332d21d906c15a9e50452a6a032afb112bb82f6677542f77a61695b2552cc176b827b9d4cdcbdf533c04daa3c274efddde43480443343c950,주식회사 대한솔루션
HANSOL,58,등록,무한 창조가 가능한 창의력 발달 놀이용 교구,G09B 1/36|G09B 1/38|G09B 1/40,1021031160000,20200414,1020190132079,20191023,,,,20200423,"본 발명은 무한 창조가 가능한 창의력 발달 놀이용 교구를 개시한다. 본 발명의 일 측면에 따른 무한 창조가 가능한 창의력 발달 놀이용 교구는, 일측에는 벽돌블록 또는 연결블록과의 연결을 위한 오목 또는 돌출된 형태의 블록 결합부를 구비하고, 일상의 사물과 블록 간의 연결을 위한 중간 매개체 역할을 하는 링크블록; 및 상기 링크블록과 연결되어 무한 창조가 가능하며, 사용자의 상상력에 기반해 다양한 형상의 표현을 가능하게 하는 입체, 면, 선, 점 중 어느 하나의 형태를 갖는 연결블록;을 포함한다.",http://plus.kipris.or.kr/openapi/fileToss.jsp?arg=ed43a0609e94d6e22d01c5c32ba711cf49227396bac5c313ca23607d69d2c26c2b4ebbf950856d5c44cec56f448550e9984f9c62ee475067cef792204fa0947ec3b6c2c590d23b94,http://plus.kipris.or.kr/openapi/fileToss.jsp?arg=2ba38663aa11ff0f6ca91af6061a2e00a6898876165e2d312c0b08beae06b91c8241dd518c12a2cb4a7cb3534c52f2f26a5e814b51d27528feaac0ec4173c98dccc6d3d9211475ac,주식회사 한솔교육
HANSOL,59,등록,한글 교육과 놀이가 가능한 블록,A63H 33/04|A63H 33/08|A63H 33/06|A63H 9/00|G09B 19/00,1019679840000,20190404,1020170087645,20170711,1020190006666,20190121,,20190410,"본 발명은 한글 교육과 놀이가 가능한 블록을 개시한다. 본 발명의 일 측면에 따른 한글 교육과 놀이가 가능한 블록은, 한글 교육이 가능하도록 자음과 모음으로 구성되는 자소 블록; 및 상기 자소 블록과 결합될 수 있는 입체 블록;을 포함하고, 상기 자소 블록과 상기 입체 블록의 결합에 의해 동물 또는 사물 형상이 형성될 수 있다.",http://plus.kipris.or.kr/openapi/fileToss.jsp?arg=ed43a0609e94d6e22d01c5c32ba711cfa3f9a45bb2853f4be767485b1fe80179a30a7b5229e27a3372e82d3228afc5e56a260b40d3478f59682b4e8a91a0bb2357facbb1634a9e64,http://plus.kipris.or.kr/openapi/fileToss.jsp?arg=2ba38663aa11ff0f6ca91af6061a2e0058c53053752588ebaba362f1dd938ae44ee6540a061f22c0a9012a8a281bee8c70bf70865a05d7d4b909c4b450b19c13c14392eb331392ca,주식회사 한솔교육
HANSOL,60,등록,보행자 검지를 이용한 어린이보호구역 단속방법,G08G 1/16|G08G 1/04|G08G 1/054|G08G 1/07|G08G 1/017|G01S 13/91|G08B 21/18|G08B 3/10,1020988830000,20200402,1020190175990,20191227,,,,20200410,"본 발명은 레이더센서를 이용하여 횡단보도 내 보행자를 검지함과 동시에 보행자 검지 시 디스플레이 수단 및 도로표지병들을 통해 보행자가 보행 중임을 나타내는 정보를 표출함으로써 운전자가 이를 사전에 즉각적으로 인지하여 사고를 효과적으로 방지할 수 있으며, 보행자의 위치 및 속도와, 감지차량의 위치 및 속도를 활용 및 분석하여 차량 및 보행자의 충돌을 예측함과 동시에 충돌 예측 시, 이에 대한 정보를 외부로 표출함으로써 보행자의 안전한 보행을 유도할 수 있고, 디스플레이 수단이 감지차량의 차량속도 뿐만 아니라 차량번호를 함께 디스플레이 하도록 구성됨으로써 차량운전자에게 과속에 대한 경각심을 주는 효과를 극대화시킬 수 있어 교통사고를 더욱 효과적으로 방지할 수 있으며, 디스플레이 수단이 컨트롤러로부터 전송받은 디스플레이 정보를 통해 감지차량의 단속 여부에 대응되는 색상으로 정보를 출력함으로써 가시성 및 시인성을 높여 운전자가 주행 상태에서 빠르고 정확하게 자신의 속도를 인지할 수 있는 어린이보호구역 단속방법에 관한 것이다.",http://plus.kipris.or.kr/openapi/fileToss.jsp?arg=ed43a0609e94d6e22d01c5c32ba711cfe2092bb34cb89564259f45f6276af8685dec6e4637da9a0ece95b869a393dadd5d9bb73ab8d47b726688c933e7af8ef7f283bd1be15b1dad,http://plus.kipris.or.kr/openapi/fileToss.jsp?arg=2ba38663aa11ff0f6ca91af6061a2e004a14046a476ba110b212f2fc80b469515b932327fe204c13dffe5af9f5c01d674e57eccc2f70c3a2aa4b35ce1d368d2224d412235d4bc264,주식회사 한솔리드텍
HANSOL,61,공개,감정분석 기반의 정신건강 관리 시스템 및 방법,G16H 50/20|G16H 10/20|G16H 50/50|G16H 20/70|G16H 10/60|G16H 50/70|A61B 5/16|G06F 40/35|G06F 40/205,,,1020240082834,20240625,1020250130171,20250901,,,"본 기술은 감정분석 기반의 정신건강 관리 시스템 방법이 개시되어 있고, 본 기술에 대한 구체적인 실시예에 의거하면, 오픈 소스 우울증 진단 도구에 의거 생성된 질의에 대한 상담 대상자의 응답으로 작성된 문장 데이터세트와 매칭되는 감정 형태로 감정 정량적 지표를 생성하고 감정 정량적 지표를 상담 대상자에서 제공함에 따라, 객관화된 감정 정량적 지표를 상담 대상자에게 비대면으로 제공할 수 있고, 객관화된 감정 정량적 지표를 반영하여 제공받은 전문가의 정신건강 지표를 상담 대상자에게 비대면으로 제공함에 따라 상담 대상자의 정신건강 상태를 객관화하여 계측할 수 있고, 이에 상담 대상자의 의료정보 보호를 극대화할 수 있다.",http://plus.kipris.or.kr/openapi/fileToss.jsp?arg=ed43a0609e94d6e22d01c5c32ba711cf6f7a05a60dad72ffaf7ba5d008f873ad72aa84811df52977042001052473dbee869b93b98817ee7dccd8ee48fa2f4775e9ceab884c11eeac,http://plus.kipris.or.kr/openapi/fileToss.jsp?arg=6c650beb4cee9ce4122b704b88878c93a353fc7beed6666e9eb7d70d8b971e1072613fb3f470ca2e472636282d43baa32ced0bd3725687f97d6cb1c1e9c1c85c8014f2e018a486e7,주식회사 한솔루션
HANSOL,62,공개,탈·부착형 자동차용 선글라스 케이스,B60R 7/08|A45C 11/04|B60R 11/00,,,1020240027108,20240226,1020250130965,20250902,,,"본 발명은 선글라스 케이스를 헤드 라이너에 탈・부착할 수 있게 구성함으로써, 운전자가 자동차 밖으로 나갈 때 선글라스 케이스를 분리해서 가지고 나갈 수 있게 하고, 자동차 밖에서 선글라스를 벗어야 하는 상황이 발생했을 때, 편리하게 보관할 수 있다. 또한, 선글라스 케이스와 헤드 라이너에 각각 영구자석을 장착하여 선글라스 케이스를 장착하거나 분리할 수 있도록 구성함으로써, 운전자가 쉽게 선글라스 케이스를 분리하거나 조립하여 편리하게 사용할 수 있다. 그리고 선글라스 케이스에 스트랩 핀을 구성함으로, 스트랩이나 고리 등을 이 스트랩 핀에 끼우거나 걸어서 고정할 수 있어, 선글라스 케이스를 혁대나 가방 등에 매달아 놓을 수 있으므로, 선글라스 케이스를 분실하지 않고 필요할 때 신속하고 편리하게 사용할 수 있다.",http://plus.kipris.or.kr/openapi/fileToss.jsp?arg=ed43a0609e94d6e22d01c5c32ba711cf881899b93e5ec2c32e7801a01aba4a811fde0a580cd75047b3659bf06a461cb4e96791f098e0c2f627baaae77b85ab64e79cfc9c6e3ac934,http://plus.kipris.or.kr/openapi/fileToss.jsp?arg=6c650beb4cee9ce4122b704b88878c930f176f371e30f34709be56dd5c4be9eab845f56b2dcb72ca4ac69f220761cb4c99c08e79336486c0468509a0eddae1dafb77030370d39f5e,주식회사 대한솔루션
HANSOL,63,등록,음식물 쓰레기 자원화 시스템,B09B 3/00|B01F 27/72|F26B 15/26|F26B 25/00|B02C 23/08|B01D 53/00,1006882790000,20070222,1020060063174,20060705,,,,20070302,"본 발명은 음식물 쓰레기를 사료/퇴비 등으로 자원화하기 위한 전 공정이 자동화된 전용의 설비에 의해 수행되도록 하며, 처리과정 중에 발생되는 악취 등을 해소할 수 있도록 하여 양질의 제품 생산 및 청결한 처리공정을 구현할 수 있도록 한 음식물 쓰레기 자원화 처리 시스템에 관한 것이다. 이를 위해 본 발명은, 음식물 쓰레기를 파쇄기, 탈수기, 건조기, 냉각건조기, 분쇄기에 의해 각각의 과정이 수행되어 사료/퇴비의 형태로 제조하는 자원화 설비에 있어서, 상기 탈수과정을 수행하기 전, 후의 구간에 음식물 쓰레기를 고온증자하기 위한 증자기와 진공쿠커가 각각 설치되고, 상기 진공쿠커와 건조기에는 음식물 쓰레기에서 유출되는 악취와 유해가스를 흡입하여 중화시킨 후 외부로 배출하기 위한 탈취유닛이 각각 설치되며, 상기 냉각건조기와 분쇄기 사이에는 진동채가 설치된 것을 특징으로 하는 음식물 쓰레기 자원화 시스템을 제공한다. 음식물 쓰레기, 자원화, 사료, 퇴비",http://plus.kipris.or.kr/openapi/fileToss.jsp?arg=ed43a0609e94d6e2d625a3dcb0746fe46c22163f668395d4cc98b6048d371c4bb7da7564ec15d73299018951d2d19c70,http://plus.kipris.or.kr/openapi/fileToss.jsp?arg=452306798ef1fd035bfb5ff666db4c9cfe49d03e6a3dce01539ebaca32049044510fe670c24e1e9ab85bdf3bc9ded7f2,한솔이엠이(주)|대륙기계주식회사
HANSOL,64,등록,보행자 검지를 이용한 어린이보호구역 단속시스템,G08G 1/052|G08G 1/04|G08G 1/09,1021019560000,20200410,1020190175939,20191227,,,,20200529,"본 발명은 레이더센서를 이용하여 횡단보도 내 보행자를 검지함과 동시에 보행자 검지 시 디스플레이 수단 및 도로표지병들을 통해 보행자가 보행 중임을 나타내는 정보를 표출함으로써 운전자가 이를 사전에 즉각적으로 인지하여 사고를 효과적으로 방지할 수 있으며, 보행자의 위치 및 속도와, 감지차량의 위치 및 속도를 활용 및 분석하여 차량 및 보행자의 충돌을 예측함과 동시에 충돌 예측 시, 이에 대한 정보를 외부로 표출함으로써 보행자의 안전한 보행을 유도할 수 있고, 디스플레이 수단이 감지차량의 차량속도 뿐만 아니라 차량번호를 함께 디스플레이 하도록 구성됨으로써 차량운전자에게 과속에 대한 경각심을 주는 효과를 극대화시킬 수 있어 교통사고를 더욱 효과적으로 방지할 수 있는 어린이보호구역 단속시스템에 관한 것이다.",http://plus.kipris.or.kr/openapi/fileToss.jsp?arg=ed43a0609e94d6e22d01c5c32ba711cfb392f19e55cad503fd927b14c4320b57789aaf0102e9c614426ac189efb6d519df6a612665c54c849669080f699b61307841511afdf7b40a,http://plus.kipris.or.kr/openapi/fileToss.jsp?arg=2ba38663aa11ff0f6ca91af6061a2e0098e0d8975c2fe00470b826da7fbb8bdb3b4092cec68d2bff8ed0e56ecd903bdeba2cd94a94fce26599b458f7d80a9364fc17589ae6a5a1f6,주식회사 한솔리드텍
HANSOL,65,등록,태양열 온수시스템을 이용한 다목적 건조기,A23B 7/01|A23B 7/02|F24J 3/00,1011355550000,20120404,1020120009338,20120131,,,,20120413,"본 발명은 태양열을 집열하여 온수를 얻는 태양열 온수 시스템의 열을 농산물 등을 건조하는 다목적 건조기에 공급하여 건조에 사용토록 한 것으로, 집열판과, 열교환기와, 축열조로 구성되는 태양열 온수 시스템을 구비하고, 건조기의 내부 상부에 온수를 순환시키면서 송풍에 열교환이 이루어지는 방열기를 구성하며, 태양열 온수 시스템의 축열조에 저장되는 온수를 건조기의 방열기에 공급하도록 연결함을 특징으로 한 것인바, 태양열 온수시스템의 남는 열을 효과적으로 사용하고 건조에 따르는 에너지를 절감하면서 효과적인 건조를 할 수 있게 된 것이다.",http://plus.kipris.or.kr/openapi/fileToss.jsp?arg=ed43a0609e94d6e22d01c5c32ba711cf65a21b931bf6c93ace9a07799bbe6d2d9eb0be1cdbdefe93bbffdaa2d8dab5d20897e7b7be3b90323a0beae2ce605477f981454e32f27041,http://plus.kipris.or.kr/openapi/fileToss.jsp?arg=452306798ef1fd03bf8e5ba4e1dbf7264d982db53552985a0b7200e7d263f03a26fc2bf95638f46269127173870228d8623db20ade7730ac94f2cc4112b13fa66f264b9fa8e27177,경상북도|세한에너지 주식회사
HANSOL,66,등록,음식물 쓰레기의 사료화 방법,A23K 10/26|A23K 10/37|A23K 30/20|A23N 17/00,1005666390000,20060324,1020060020974,20060306,,,,20060331,"본 발명은 음식물 쓰레기를 이용한 사료의 제조방법에 관한 것으로, 음식물 쓰레기를 전용수거 차량으로 운송 계량 후 호퍼에 투입하고 2단 스크류 콘베어를 이용하여 음식물 쓰레기를 배출하는 투입공정 단계와, 투입된 음식물의 이물질인 금속물질과 비닐을 선별하는 선별공정 단계와, 선별된 음식물을 파쇄하여 일정크기의 소립자로 분쇄하는 공정단계와, 분쇄된 음식물 원료를 저장하는 공정단계와, 액상 싸이클론을 이용하여 스팀에 의한 고온 비중 분리공정 단계와, 분리된 고성 물질을 원심분리에 의한 탈수 공정단계와, 탈수된 원료를 고온, 고압하에서 원료를 알파화시켜, 증발에 의한 수분 및 염분이 제거되는 고온 증자공정 단계와, 가열에 의한 원료의 수분을 10% 이내로 조정하는 건조 공정 단계와, 냉풍건조기에 의한 냉각 공정단계와, 냉각된 원료의 분체의 입도를 분쇄하여 균일화하여 사료를 제조하여 포장하는 공정 단계들에 의해 제조됨을 특징으로 하는 음식물 쓰레기를 이용한 사료의 제조방법에 관한 것이다. 가정이나 식당에서 배출되는 음식물 쓰레기를 사료화하여 자원화함으로써 자연 환경을 보호하고 경제적 가치를 발생하는 잇점이 있도록 한 것이다. 음식물 쓰레기, 사료화, 고온 증자",http://plus.kipris.or.kr/openapi/fileToss.jsp?arg=ed43a0609e94d6e2d625a3dcb0746fe46c22163f668395d43c102825c06b9d21e5bb9823a9c6ae200c14b4bb8920b901,http://plus.kipris.or.kr/openapi/fileToss.jsp?arg=452306798ef1fd035bfb5ff666db4c9cfe49d03e6a3dce0145d77da90264fe524e25b3fc8b4461d70f2fa8d36384777f,한솔이엠이(주)|이범도
HANSOL,67,등록,태양광모듈을 활용한 태양열 온수난방 과승방지 시스템,F24S 10/00|F24S 40/00|H10F 99/00|F24S 50/00|F24J 2/34,1013875560000,20140415,1020130034634,20130329,,,,20140421,"본 고안은 태양열 온수난방장치가 과하게 집열하는 것을 방지하는 시스템에 관한 것이며, 특히 태양광모듈에 의한 전원을 반사판을 이격시키는 장치와 방열기를 활용하는 과승방지 시스템에 사용토록 함으로서 태양열 온수난방 장치를 원활하고 안정적으로 사용할 수 있도록 하려는 것이다. 본 발명은 진공관의 후면에 설치되는 반사판을 구성시 하부에 힌지를 주어 동력으로 회동이 가능하도록 구성함으로써 온도 과승시 �K사판을 젖혀 집열율을 낮추도록 하며, 이러한 집열기에서의 과승방지장치로도 부족할 경우에는 집열된 온수를 저장하는 온수탱크에 방열기를 연결하여 적정온도 이상일 때 작동토록 하였다. 그리고 집열기의 상부에는 태양광모듈을 일체로 설치하여 그에 의한 전원을 상기 반사판의 구동 및 팬히터의 구동에 사용토록 함을 특징으로 한다.",http://plus.kipris.or.kr/openapi/fileToss.jsp?arg=ed43a0609e94d6e22d01c5c32ba711cfcb7bb1b1ffd573c7431d9c053540965d9dda11ff87c693d151a13baf1eec28dc25f79fa88988841df21aff5eccd29039fd00596d4e3f5937,http://plus.kipris.or.kr/openapi/fileToss.jsp?arg=2ba38663aa11ff0f6ca91af6061a2e006e70fa03a06186467d160167566caade3aadd62b3b5205d1a236a817b5c12bd29dd595a07124ec76809e308fd45c2b7a6ba0dc7764819130,세한에너지 주식회사
HANSOL,68,등록,요금관리시스템 연계 유수율제고시스템,G06Q 50/26|G06Q 50/06|G06Q 20/14|H04L 9/32|G01D 4/00,1010423040000,20110610,1020100072897,20100728,,,,20110617,"본 발명은 요금관리시스템 연계 유수율제고시스템에 관한 것으로, 수용가의 검침유량정보를 기록하고 관리하는 요금관리시스템(110);과 ,상수도 관망에 설치된 하나 이상의 다수의 유량/수압 원격 감지 제어 장치(TM/TC)(121)와 연결되어 상기 유량/수압 원격 감지 제어 장치(TM/TC)(121)에서 수집된 유량,수압,수위,수질정보를 실시간으로 수집, 분석, 제어하는 블록 감시 제어 시스템(120);과, 상기 요금관리시스템(110) 및 상기 블록 감시 제어 시스템(120)과 각각 인터페이스를 통하여 연결되며, 상기 요금관리시스템(110)에서 수집된 검침유량정보와 상기 블록 감시 제어 시스템(120)에서 수집된 유량,수압,수위,수질정보를 이용하여 각 블록별로 월별 또는/및 일일 유량 변동율, 유수율 및 누수율을 계산하고, 상기 일일 유량 변동율이 10%이상인 경우 해당 블록에 누수상태 경보를 발생시키는 유수율 및 누수율 분석 시스템(130);과, 상기 요금관리시스템(110), 상기 블록 감시 제어 시스템(120) 및 상기 유수율 및 누수율 분석 시스템(130)과 각각 인터페이스를 통하여 연결되며, 상기 요금관리시스템(110)에서 수집된 수용가의 검침유량정보, 상기 블록 감시 제어 시스템(120)에서 수집,분석된 유량,수압,수위,수질정보 및 상기 유수율 및 누수율 분석 시스템(130)에서 계산된 월별 또...(이하생략)",http://plus.kipris.or.kr/openapi/fileToss.jsp?arg=ed43a0609e94d6e22d01c5c32ba711cf6bdbb231ab695ae455706903e50ecc9eeaac24b42edebf568692a2fa7e0b4c1057b365fd28bad894641474f0b0275bf5b1b93785f49bcfa0,http://plus.kipris.or.kr/openapi/fileToss.jsp?arg=452306798ef1fd03bf8e5ba4e1dbf7266aa316a9066fdd4f83d669bc4133a27ce8bf5e6e83118d5597cde62d7f28cc85e1a054148e6ec0905df5dcad7bc5209b250d56904022fb27,(주) 한일네트워크엔지니어링|한솔코에버 주식회사|(주)더블유앤이케이
HANSOL,69,공개,블라인드 장치,E06B 9/42|E06B 9/58,,,1020240121489,20240906,1020260035491,20260313,,,"본 발명의 실시예에 따른 블라인드 장치는 빛을 차단하는 재질로 구성되는 스크린; 고정 레일, 제1 결합 레일 및 제2 결합 레일이 상호 체결됨으로써 상기 스크린의 일부가 통과하는 내부공간을 형성하고, 상기 내부공간과 연통되는 개방구가 형성된 가이드 레일; 상기 가이드 레일의 상기 내부공간에 배치되어 상기 스크린이 팽팽하게 당겨지도록 상기 스크린의 이동을 가이드 하는 이너 레일; 및 상기 가이드 레일의 상기 내부공간에 마련되어 상기 가이드 레일이 체결되는 방향으로 상기 제1 결합 레일 및 상기 제2 결합 레일을 가압하기 위해 탄성력을 제공하는 탄성부재를 포함할 수 있다.",http://plus.kipris.or.kr/openapi/fileToss.jsp?arg=ed43a0609e94d6e22d01c5c32ba711cf5784d55e496cc0bc3246ad75367b53017c95a2c659205b07ffdf709bafa71e884795c9f2b81f43ef137923da87e0e2d349de614a66910591,http://plus.kipris.or.kr/openapi/fileToss.jsp?arg=6c650beb4cee9ce4122b704b88878c936347d5a3c9c91e55772827e8a2e83c7b821862f1aa0135f762b51fd945de465618d89b3102c81ba7c413d6a9e286108b773f0ac8af55ed84,(주)한솔아이엠비
HANSOL,70,등록,보조필터를 구비하는 클린룸용 공기정화장치,B01D 46/52|B01D 46/00,1017101460000,20170220,1020160131831,20161012,,,,20170227,"본 발명은 반도체 공정을 위한 클린룸에 설치되어 공기를 정화하기 위한 공기정화장치에 관한 것으로서, 본 발명에 의하면, 복수의 주름이 형성된 주필터 여재; 상기 주필터 여재와 함께 배치되는 촉매용 보조필터 여재; 상기 주필터 여재와 상기 보조필터 여재의 상부에 결합되고, 상기 주필터 여재와 상기 보조필터 여재의 상부를 폐쇄하는 상부 커버; 상기 주필터 여재와 상기 보조필터 여재의 하부에 결합되고, 상기 주필터 여재와 상기 보조필터 여재의 하부를 개방하는 하부 커버; 및 상기 주필터 여재의 외측면에 결합되는 여재 보호 커버를 포함하는 클린룸용 공기정화장치가 제공된다.",http://plus.kipris.or.kr/openapi/fileToss.jsp?arg=ed43a0609e94d6e22d01c5c32ba711cf951cb4729b7c8c406e9c7bb5fc71eabb4672c1f48b17e7989b82e809f454e6af97ef9a11389b889fc66391dcdfc163511f2b44a213906722,http://plus.kipris.or.kr/openapi/fileToss.jsp?arg=2ba38663aa11ff0f6ca91af6061a2e006ddaf164acbafd488b9804bed03f607d825900a759eb1ec75409ce649d8284d39c0a5708065721a348c2740f76f94ccfed19b7d2a1bc2d7e,한솔아이원스 주식회사
HANSOL,71,공개,자동차용 소음전달 홀 차단 팩,B62D 25/24|C06D 5/10|C06B 45/16,,,1020240057589,20240430,1020250158325,20251106,,,"팽창 포켓 내에 가스 발생 포켓이 삽입된 형태로 제작하되, 상기 팽창 포켓 밖으로 돌출된 손잡이 한쪽을 잡아당김에 따라, 상기 가스 발생 포켓 안에 구획되었던 두 종류의 물질이 섞이면서 가스가 발생하게 해서 상기 팽창 포켓이 팽창할 수 있게 구성함으로써, 홀의 지름이 다르더라도 본 발명에 따른 홀 차단 팩을 통해 다양한 홀의 소음 전달 효과를 얻을 수 있다. 또한, 홀 안에서 팽창 포켓이 팽창함에 따라, 홀의 단면 형상이 원, 타원, 슬롯 등 다양한 형태라도 홀을 마감하는 효과를 얻을 수 있다. 그리고 이러한 물질로, 아지드화나트륨과 산화철을 사용함으로써, 이때 발생하는 가스로 질소를 사용할 수 있어 겨울에도 쉽게 얼거나 수축하지 않아 온도 변화에도 홀 마감 효과가 떨어지지 않고 일정하게 유지할 수 있다.",http://plus.kipris.or.kr/openapi/fileToss.jsp?arg=ed43a0609e94d6e22d01c5c32ba711cf54055e23745caed2abe4e7725a100fe9bba0b72cf66c6aa23c42acdb91b20d50652cf359abb3b7107e3097b78ad5656d1b7ac7e55b9c2b2c,http://plus.kipris.or.kr/openapi/fileToss.jsp?arg=6c650beb4cee9ce4122b704b88878c939956ce5ed44ff2a318f3ec5d3f27e09875c196e3273a5561bd409a624a0579f62372b2939e45626dce6b060dc98191b5bd71ba3fad093140,주식회사 대한솔루션
HANSOL,72,등록,클린룸용 공기정화장치,B01D 46/52|B01D 46/00|B01D 46/42,1017408660000,20170522,1020160131830,20161012,,,,20170529,"본 발명은 반도체 공정을 위한 클린룸에 설치되어 공기를 정화하기 위한 공기정화장치에 관한 것으로서, 본 발명에 의하면, 복수의 주름이 형성된 주필터 여재(140); 상기 주필터 여재의 주름 사이에 배치되는 다수개의 보조필터 여재(170); 상기 주필터 여재와 상기 보조필터 여재의 상부에 결합되고, 상기 주필터 여재와 상기 보조필터 여재의 상부를 폐쇄하는 상부 커버(110); 상기 주필터 여재와 상기 보조필터 여재의 하부에 결합되고, 상기 주필터 여재와 상기 보조필터 여재의 하부를 개방하는 하부 커버(120); 상기 주필터 여재의 외측면에 결합된 여재 보호 커버(130); 및 상기 주필터 여재의 내측면에 결합된 간격 유지 부재(150)를 포함하며, 상기 간격유지 부재는 점도가 2,000 ~ 20,000 cps/180 ℃인 접착제를 사용하여 제작된 것이며, 상기 보조필터 여재는 모재에 아민기를 갖는 물질이 코팅된 것이며, 상기 보조필터 여재는 상기 상부 커버와 상기 하부 커버의 사이에 판형태로 세워지고, 상기 보조필터 여재의 일 측단이 상기 주필터 여재의 골부에 배치된 상태에서 상기 보조필터 여재의 양면은 상기 주필터 여재와 이격되며, 상기 보조필터 여재의 상단 및 하단은 상기 상부 커버 및 상기 하부 커버와 각각 연결되어서 상기 상부 커버와 상기 하부 커버 사이를 지지하는 것을 특징으로 하는 클린룸용...(이하생략)",http://plus.kipris.or.kr/openapi/fileToss.jsp?arg=ed43a0609e94d6e22d01c5c32ba711cfbaf1d34e5f3ae5d9800b451529cbff6fad69579f52a8bfcd388218eaa7c859c8b873024c9e012350015f972a89062005e5dce55f1c9bd98b,http://plus.kipris.or.kr/openapi/fileToss.jsp?arg=2ba38663aa11ff0f6ca91af6061a2e0020b5d6ded3ef5b965fb01d7fdf05077e87c8413a674303295aef9ec51542d79326cdbb46f2fb13776bbbc364083136de7f481ee30b3c9eae,한솔아이원스 주식회사
HANSOL,74,등록,음식물 쓰레기의 퇴비화 방법,C05F 9/02|C05F 17/90|C05F 17/02,1005856100000,20060525,1020060020957,20060306,,,,20060607,"본 발명은 음식물 쓰레기를 이용한 퇴비의 제조방법에 관한 것으로, 음식물 쓰레기를 전용수거 차량으로 운송 계량 후 호퍼에 투입하고 2단 스크류 콘베어를 이용하여 음식물 쓰레기를 배출하는 투입공정 단계와, 투입된 음식물의 이물질인 금속물질과 비닐을 선별하는 선별공정 단계와, 선별된 음식물을 파쇄하여 일정크기의 소립자로 분쇄하는 공정단계와, 분쇄된 음식물 원료를 저장하는 공정단계와, 액상 싸이클론을 이용하여 스팀에 의한 고온 비중 분리공정 단계와, 분리된 고성 물질을 원심분리에 의한 탈수 공정단계와, 탈수된 원료를 고온, 고압하에서 원료를 알파화 시켜, 증발에 의한 수분 및 염분이 제거되는 고온 증자공정 단계와, 수분함량이 37 내지45%로 조절되게 하는 냉풍건조기에 의한 냉각 공정단계와, 냉각된 원료의 분체의 입도를 분쇄하여 균일화하여 퇴비를 제조하여 포장하는 공정 단계들에 의해 제조됨을 특징으로 하는 음식물 쓰레기를 이용한 퇴비의 제조방법에 관한 것이다. 가정이나 식당에서 배출되는 음식물 쓰레기를 퇴비화하여 자원화 함으로써 자연 환경을 보호하고 경제적 가치를 발생하는 잇점이 있도록 한 것이다. 음식물 쓰레기, 퇴비화, 고온 증자.",http://plus.kipris.or.kr/openapi/fileToss.jsp?arg=ed43a0609e94d6e2d625a3dcb0746fe46c22163f668395d43c102825c06b9d21e97e31205f45bb3c1c90d15a999eaeeb,http://plus.kipris.or.kr/openapi/fileToss.jsp?arg=452306798ef1fd035bfb5ff666db4c9cfe49d03e6a3dce0145d77da90264fe52ace0f6a400b5494075010f30402a85fc,한솔이엠이(주)|대륙기계주식회사
HANSOL,75,등록,경사진 플레이트를 지니는 엘리베이터 로프용 슬러지 제거 장치,B66B 7/12|B08B 1/34|B08B 1/12,1022472260000,20210427,1020190138588,20191101,,,,20210503,"본 발명은 경사진 플레이트를 지니는 엘리베이터 로프용 슬러지 제거 장치에 관한 것으로, 로프가 감겨지는 풀리부, 로프의 일지점에서 로프를 기준으로 대칭되어 위치되는 롤러부, 롤러부의 회전 동력을 제공하는 회전 모터부, 회전 모터부의 회전 방향을 제어하는 제어부 및 내부에 풀리부, 롤러부, 회전 모터부 및 제어부가 삽입되는 박스 형태의 케이스부를 포함하고, 롤러부는 동일한 형상의 제1 롤러 및 제2 롤러로 구비되되, 풀리부의 축을 기준으로 풀리부가 시계방향으로 회전할 경우, 로프가 승강하여, 제1 롤러는 반시계 방향으로 회전하고, 제2 롤러는 시계 방향으로 회전하고, 풀리부의 축을 기준으로 풀리부가 반시계 방향으로 회전할 경우, 로프가 하강하여, 제1 롤러는 시계 방향으로 회전하고, 제2 롤러는 반시계 방향으로 회전할 수 있다. 이로 인해, 제1 롤러 및 제2 롤러는 동시에 로프의 승강 또는 하강 방향과 반대로 회전하여 로프의 표면에 이물질 제거량을 향상시킬 수 있다.",http://plus.kipris.or.kr/openapi/fileToss.jsp?arg=ed43a0609e94d6e22d01c5c32ba711cfdf7040ed98259331a0ce0f9430075d760b5363fc11dc839d1458f318b8a2281184a5322de11dd73595dc848a2399b0d164698a90ca23f86a,http://plus.kipris.or.kr/openapi/fileToss.jsp?arg=6c650beb4cee9ce4122b704b88878c939bbb6249eaeaf818caa8a08d56bd38e95aa72e644ab8ef7d2a39ff984286e9d031175e1eb7e33924bb23dce03b397d9f9eb69cae344d2486,한솔엘리베이터 주식회사
HANSOL,76,등록,공정 장비의 코팅 방법 및 이를 이용한 코팅 구조,C23C 4/12|C23C 4/129|C23C 4/131|C23C 4/134|C23C 4/126|C23C 24/04,1012499510000,20130327,1020120118617,20121024,,,,20130403,"본 발명은 열용사 코팅으로 형성된 제1코팅층 상에 저온분사 코팅으로 형성된 제2코팅층을 형성하여, 반도체 공정 및 실사용 중에 공정 장비에서 발생하는 파티클을 저감하는 공정 장비의 코팅 방법 및 이를 이용한 코팅 구조를 제공한다. 이를 위해 본 발명은 공정 장비의 표면에 열용사 코팅을 이용해 제1코팅층을 증착하는 단계 및 상기 제1코팅층 상에 저온분사 코팅을 이용해 제2코팅층을 증착하는 단계를 포함하는 것을 특징으로 하는 공정 장비의 코팅 방법 및 이를 이용한 코팅 구조를 개시한다.",http://plus.kipris.or.kr/openapi/fileToss.jsp?arg=ed43a0609e94d6e22d01c5c32ba711cff42f76ed88d9d1afae0aa27dfb6fb413fcd3d3fa4ecbe410d25193c863058ebb88844498bc9ca586e7d54401c246f6759b5c86fbeb669908,http://plus.kipris.or.kr/openapi/fileToss.jsp?arg=452306798ef1fd03bf8e5ba4e1dbf7267258c053c9cafbad216373afde5aaefc6e1bf96bc366253e11e3038ed1d47debbe298615aa2cdaf7a607a5f58cbcbc3f9e2fb050d8344f1f,한솔아이원스 주식회사
HANSOL,77,등록,제지 슬러지 소각로 비산재와 탄산염을 이용한 판지 중심층 소재 제조 방법,B09B 5/00|D21C 9/00|D21F 13/00|D21H 17/63|B09B 3/20|B03C 1/00|B07B 1/34|B07B 13/04|C01F 11/18|B09B 101/30,1025355920000,20230518,1020220065233,20220527,,,,20230530,본 발명은 제지 슬러지 소각로에서 발생한 비산재(Fly Ash)로부터 판지 중심층 소재를 제조하는 방법으로 비산재의 특성을 보다 개선하여 중심층 소재를 제조하는 방법에 관한 것이다. 본 발명은 수용성 탄산염을 활용하여 비산재의 특성을 개선하여 이를 판지 중심층 소재로 사용하는 방법에 관한 것이다.,http://plus.kipris.or.kr/openapi/fileToss.jsp?arg=ed43a0609e94d6e22d01c5c32ba711cfa51ccfc45c9fbc29c9b42e436ad1afbae0c11dc9de12c6635de77504f7a7eff7b8e5dbda3d8c4e3990ee0734f05177499c1d7789d2c7c201,http://plus.kipris.or.kr/openapi/fileToss.jsp?arg=6c650beb4cee9ce4122b704b88878c930139dc09ac13341c9f82fb27b26b363b7b25df1a5444e4d908ce605cad8a51e7b379833eec7bb1b6e40bfe7e014f64e370d3a56252fd7776,한솔제지 주식회사
HANSOL,78,등록,두부 각설기 장치,B26D 3/18|B26D 1/08|B26D 7/06,1025214780000,20230410,1020210126636,20210924,1020230043579,20230331,,20230413,"본 발명은 두부 각설기 장치에 관한 것으로, 더욱 상세하게는 각종의 음식물에 투입되어 식미와 영양을 제공하는 음식물인 두부를, 요하는 두께와 너비를 갖는 각설기 형태로 규격화되게 절단 가공하는 두부 각설기 장치에 관한 것이다.",http://plus.kipris.or.kr/openapi/fileToss.jsp?arg=ed43a0609e94d6e22d01c5c32ba711cfaf51ec731f58e7ac9896f5390b84489ff9c6ec775ee728b931420e8062c8982a59bd8bf466e1ca46917bee3b61698df45f10eebb9f235dd6,http://plus.kipris.or.kr/openapi/fileToss.jsp?arg=6c650beb4cee9ce4122b704b88878c932b13095ca8ebcd2cc9e9cda3e9750ff5758873251a33dd8fa0197bb182d83bc9c07a64771e3baf4b81bf7709b09cf3e6a2f7cf394d5f9cf8,(주)한솔기계
HANSOL,80,등록,투명 불소계 박막의 형성 방법 및 이에 따른 투명 불소계 박막,H10P 10/00|H10P 50/20,1020842350000,20200226,1020160180180,20161227,1020170077830,20170706,,20200303,"본 발명의 일 실시예는 투명 불소계 박막의 형성 방법 및 이에 따른 투명 불소계 박막에 관한 것으로, 해결하고자 하는 기술적 과제는 내부에 기공이 없거나 극히 작고 또한 나노 구조를 가져 광 투과율이 높을 뿐만 아니라 경도 및 접합 강도가 높아 표시 장치의 투명 윈도우를 보호할 수 있는 투명 불소계 박막의 형성 방법 및 이에 따른 투명 불소계 박막을 제공하는데 있다. 이를 위해 본 발명은 이송 가스 공급부로부터 이송 가스를 공급받고, 분말 공급부로부터 YF3 분말을 공급받아, 상기 YF3 분말을 에어로졸 상태로 이송하는 단계; 및 상기 에어로졸 상태로 이송된 YF3 분말을 공정 챔버 내의 기재에 충돌 및 파쇄시켜, 상기 기재에 YF3 투명 불소계 박막을 형성하는 단계로 이루어진 투명 불소계 박막의 형성 방법 및 이에 따른 투명 불소계 박막을 개시한다.",http://plus.kipris.or.kr/openapi/fileToss.jsp?arg=ed43a0609e94d6e22d01c5c32ba711cf80c7915a48fa2bb4e7e765c8ac351979678965c33d06147717b380be2b6dc95745eae4fd5d5efab35212782ef1c6eaa8f20d1e606c1bb0f7,http://plus.kipris.or.kr/openapi/fileToss.jsp?arg=2ba38663aa11ff0f6ca91af6061a2e00ce5e4f3c76c8143eb9796469d81bbf848e67cc9c1fe631325aaceff9bee7009aa913690418b34fb1d6c168f157448a32815109ff87cc68f4,한솔아이원스 주식회사
HANSOL,81,등록,철근 일체형 보 거푸집 성형을 위한 무해체 거푸집과 철근구조물의 결합장치 및 이를 이용한 철근 일체형 보 거푸집의 조립방법,E04G 13/04|E04G 17/16|E04G 19/00|E04G 17/065,1029187180000,20260122,1020240123992,20240911,,,,20260128,"본 기술은 거푸집과 다수의 철근구조물(늑근, 주근, 보강근, 보조근 및 측압근 등)이 서로 결합한 무해체 방식의 보를 제작함에 있어서, 철근구조물을 무해체 거푸집을 지상에 선조립하여 현장에 공급될 수 있게 상기 철근구조물과 상기 무해체 거푸집을 상호 결합시키는 결합장치에 관한 것으로, 더욱 상세하게는 소정의 길이를 갖되 길이방향으로 이웃하게 철근과 결합하기 위한 다수의 결합클립이 형성되며, 일측에는 결합공이 형성된 텐션바 및 상기 결합공과 회전 가능하게 체결되되, 회전 방향에 대응하여 상기 텐션바를 밀거나 당겨 결합클립과 철근 간의 결합에 의해 거푸집과 철근구조물을 서로 결합 또는 해제시키는 텐션부재를 포함한다.",http://plus.kipris.or.kr/openapi/fileToss.jsp?arg=ed43a0609e94d6e22d01c5c32ba711cf3420c4ac842c9b3bdd55d3c4bc2c8d009a7f304292451f137268d9f50ac173c7518c40b09b56e33bf48e00b9d79bbaff5cfbf0d907464db2,http://plus.kipris.or.kr/openapi/fileToss.jsp?arg=6c650beb4cee9ce4122b704b88878c9314633df4e92da0c54c1e79f573ab3ec4eee2f401deb4ce834e1cfdc38b6cabffe0cff92068046a5a980251ed0b603484aa31594b10ce0a26,주식회사 한솔건업
HANSOL,82,등록,추락 억제가 가능한 스마트 승강기 도어 시스템,B66B 13/14|B66B 13/24|B66B 5/00,1025770390000,20230906,1020230069710,20230531,,,,20230911,"본 발명은 추락 억제가 가능한 스마트 승강기 도어 시스템에 관한 발명으로, 보다 상세하게는 승강기 도어 및 부근에 설치된 센서부에서 감지되는 충격량 정보를 이용하여 승강기 도어의 이상 유무를 실시간으로 판단하고, 이를 토대로 사용자에게 경고음을 송출시켜 추락 사고를 사전에 억제할 수 있으며, 저장된 충격량 및 충격횟수 데이터를 분석하여 고장 시점을 사전에 예측할 수 있는 시스템에 관한 발명이다.",http://plus.kipris.or.kr/openapi/fileToss.jsp?arg=ed43a0609e94d6e22d01c5c32ba711cf379ec98652200d9692221b88a1e5d3a3e442f91bb003dc38e4f9b291c955cbd3e983febd7ad77ea06451b94ed4b5e6e61ce77367b9abc8d2,http://plus.kipris.or.kr/openapi/fileToss.jsp?arg=6c650beb4cee9ce4122b704b88878c93c6fad75af9e120b57a3479cc0216a7916b5a80dedd7ae3861ef8ace32887f4cb8731ea1cdffffcfe0176d811bdfa70ff184cbb332f3e6ef2,한솔엘리베이터 주식회사
HANSOL,83,공개,헤드 라이너의 쿼터 윈도 부분의 처짐을 방지하는 장치,B60R 13/02|B60J 1/10,,,1020240094240,20240717,1020260011914,20260126,,,"헤드 라이너의 쿼터 윈도 부분에 영구자석을 갖춘 고정 브래킷을 갖추고 루프패널에 장착될 때, 쿼터 패널에 구성된 자성 브래킷에 고정되게 구성함으로써, 쿼터 윈도 부분의 처짐을 방지하여 품질을 개선할 수 있다. 특히, 고정 브래킷을 제작할 때, 영구자석이 자성 브래킷이 영구자석에 달라붙는 방향과 교차하게 슬라이딩시켜 장착할 수 있게 구성함으로써, 영구자석의 이탈이나 빠짐 없이 견고하게 고정하여 사용할 수 있다. 또한, 자성 브래킷이 영구자석에 달라붙는 면을 기준으로 양쪽에서 넓게 벌어지게 경사면을 구성하고, 경사면 끝에 쿼터 패널의 형상에 맞게 부착 면을 형성함으로써, 복잡한 쿼터 패널 형상에도 쉽게 부착할 수 있을 뿐만 아니라, 고정 면에 강한 외력이 가해지더라도 분산시켜 안전하고 편리하게 사용할 수 있다.",http://plus.kipris.or.kr/openapi/fileToss.jsp?arg=ed43a0609e94d6e22d01c5c32ba711cfc5a39adac032d3bed4e0ef5494e931ae4361b6702be28b8db0719c15e112a87ebb64acf2308f5325a23fec68df1a7a31caa68b2b597ab0ee,http://plus.kipris.or.kr/openapi/fileToss.jsp?arg=6c650beb4cee9ce4122b704b88878c93a8d36a32326809827db0b17ea679ae52e79cc4963e5a862471eb5cf4d65997a1520b02205302f27194e9235ce65216ca6e7cd55d6f1488fc,주식회사 대한솔루션
HANSOL,84,등록,액화바이오메탄 제조장치,F25J 1/00|F25J 1/02|F25J 3/04|C02F 11/04|C10L 3/00,1010278090000,20110331,1020100013492,20100212,,,,20110407,"본 발명은 혐기성소화조나 매립지에서 발생하는 바이오가스의 성분 중 불순물 및 이산화탄소를 제거/분리한 바이오메탄을 콜드박스와 질소냉매를 공급하는 질소 팽창사이클을 이용한 열교환을 통해 이동성 및 저장성이 우수한 액화바이오메탄으로 액화시킴으로써, 전체 시스템 구성을 소형화하고 효율은 향상시키며, 이동성 및 저장성을 향상시켜 수요처의 범위를 원거리까지 확대하도록 바이오메탄을 액화시켜 액화바이오메탄으로 변환시키기 위한 것으로, 바이오가스 전처리 공정을 통해 불순물이 제거되고 이산화탄소가 분리된 상태의 바이오메탄을 저장하는 완충탱크; 상기 완충탱크로부터 바이오메탄을 공급받아 질소냉매와의 열교환을 통해 액화시키며, 바이오매탄에 잔존하는 이산화탄소를 분리하는 콜드박스; 및 질소를 냉각시켜 상기 콜드박스에 질소냉매를 공급 및 순환시키기 위한 질소 팽창사이클을 포함하는 액화바이오메탄 제조장치를 제공한다.",http://plus.kipris.or.kr/openapi/fileToss.jsp?arg=ed43a0609e94d6e22d01c5c32ba711cfcfd7911356ea6fd535c4af7e2a9c02f7ed6d599de8c76b874397bbc599e9e29197256eef71332d8857349e05eb0571b49d705e6b88d8ff4a,http://plus.kipris.or.kr/openapi/fileToss.jsp?arg=452306798ef1fd03bf8e5ba4e1dbf726342118d3d6a2947fe90b587a0896f76c5efd8debc5daa552a037015c37a42707a07a5507b4acdd511675d1dbcd6d6a555deeb4375999f3e3,한솔이엠이(주)
HANSOL,86,등록,수분 및 가스 차단성 종이의 제조방법,D21H 23/56|D21H 21/16|D21H 21/18|D21H 19/64|D21H 17/33|D21H 19/40|D21H 19/38|D21H 27/10,1019680440000,20190404,1020180079142,20180709,,,,20190619,"본 발명은 종이의 표면을 사이징 또는 코팅 과정을 통해 배리어 물질의 종이 침투를 억제하고, 칼렌더링 공정을 통해 종이의 밀도 및 평활도를 높임으로써, 배리어성을 나타내는 물질을 종이 기재에 직접 코팅할 수 있는 고차단성 종이의 제조방법을 제공한다.",http://plus.kipris.or.kr/openapi/fileToss.jsp?arg=ed43a0609e94d6e22d01c5c32ba711cf35d74f50fa144a0de6c28ee93b9ed7eb24ed2efc988ae16787ce78b6ce1e973d359ac70f027c4ad8474395b7e1963f56f4cd4286f3d73462,http://plus.kipris.or.kr/openapi/fileToss.jsp?arg=2ba38663aa11ff0f6ca91af6061a2e0081ce58be133be4c52d9d34929ad9066ca55a2c118e56554b746b94d7c1d8f7aedb64a016198d6c97e71967c7ef9de4aa328dddd63044d92c,한솔제지 주식회사
HANSOL,87,등록,제지용 목분의 제조방법 및 이를 이용한 벌크가 증가된제지의 제조방법,D21B 1/06|D21C 3/22,1008983830000,20090512,1020080067656,20080711,,,,20090521,"제지의 제조방법에 있어서, 제지의 벌크의 향상을 위하여, 목분을 도입하는 것을 특징으로 한다. 수분함량이 10 중량% 미만이 되도록, 목재료를 건조하는 단계, 건조된 목재료를 그라인더로 분쇄하는 단계, 길이 가중치 평균 섬유장이 0.3 mm이하이고 목분을 분급하는 단계를 포함하는 것을 특징으로 하는 피브릴화가 방지된, 제지용 목분을 도입하여, 벌크가 향상되고 스팀의 사용량이 감소되는 제지의 제조방법 및 제조된 제지에 관한 것이다. 목분, 목질섬유분, 제지, 재생펄프",http://plus.kipris.or.kr/openapi/fileToss.jsp?arg=ed43a0609e94d6e2d625a3dcb0746fe47b96eebc40c820756cb9b7aeb90ddba4a0c81478aa9bd301b519b8399a40b4d8,http://plus.kipris.or.kr/openapi/fileToss.jsp?arg=452306798ef1fd035bfb5ff666db4c9c8b05d8ff1d8292516f1cc999c1247c2979d46d650fc5ccd931fe86d23920dac6,한솔홀딩스 주식회사
HANSOL,89,등록,차량용 배터리패드 제조 방법,H01M 50/20|H01M 50/116|H01M 50/572|H01M 10/625,1013049460000,20130902,1020110082051,20110818,1020130019831,20130227,,20130906,"본 발명은 배터리패드의 폴리우레탄 폼을 크로즈 셀 및 경질 타입 구조로 적용하여, 엔진룸에서 발생되어 배터리로 전달되는 열을 차단하는 동시에 배터리 내구수명과 신뢰성을 향상시킬 수 있도록 한 열해차단 성능이 우수한 배터리패드 및 그 제조 방법에 관한 것이다. 이를 위해, 본 발명은 다수의 클로즈 셀을 갖는 경질의 폴리우레탄 폼을 제조하여, 그 양표면에 바인더를 매개로 부직포를 적층 접합하여서 된 것을 특징으로 하는 열해차단 성능이 우수한 배터리패드 및 그 제조 방법을 제공한다.",http://plus.kipris.or.kr/openapi/fileToss.jsp?arg=ed43a0609e94d6e22d01c5c32ba711cfbc87135d587efaff8da60032e72e84b7717a17a7155bd555562eef0ef15ec81e058d552c14d4b9e01d2995079c9e41f308fb28115837c109,http://plus.kipris.or.kr/openapi/fileToss.jsp?arg=452306798ef1fd03bf8e5ba4e1dbf7265d0577ff74c17191b397628d29d206cdd4e9a0a9566b390be0400ff9b12dc3ded7b50191a56b3a245a740875befd4d852bc51bab792622ba,현대자동차주식회사|기아 주식회사|주식회사 대한솔루션
HANSOL,90,등록,잉크젯 전사용지 및 그 제조방법,B41M 5/52,1025281800000,20230427,1020200165238,20201201,1020220076591,20220608,,20230503,"본 발명은 고품질의 고속 출력에 적합한 잉크젯 전사용지에 관한 것이다. 본 발명에 따른 잉크젯 전사용지는 고속화된 출력기의 요구에 적합하도록 잉크 건조성, 전사 농도 및 전사 효율이 개선되고, 도공액(도공칼라)의 유동성이 개선되어 생산 속도가 향상될 수 있고, 다양한 초지 방식에 용이하게 적용될 수 있다.",http://plus.kipris.or.kr/openapi/fileToss.jsp?arg=ed43a0609e94d6e22d01c5c32ba711cfaec1677c112fbac7169d63c999525ff42dfb2c10613d67665c777db7161730795c953ad939dcefbaa3081bfb87aeccc081a5fdd8536e9636,http://plus.kipris.or.kr/openapi/fileToss.jsp?arg=6c650beb4cee9ce4122b704b88878c9344035906f8c58b80671843b5fc1b1a6d0bba93788ce2fa8c0d147e865fe51f109cc63204f7d9b1e6b38ce7f2efa4c1a4e4a52db343e07dd1,한솔제지 주식회사
HANSOL,91,등록,수성 그라비아용 섬유 전사지,B41M 5/42|B41M 3/12|B41M 1/10|B41M 1/26|D06P 5/24,1016236850000,20160517,1020150067423,20150514,,,,20160523,"본 발명은 열에 의해 팽창하지 않는 원단의 특성에 맞도록 친환경적이고 저렴한 전사지를 제조할 수 있는 수성잉크를 이용하여 섬유에 그라비아 인쇄를 위한 전사지에 관한 것이다. 본 발명은 점도를 가지는 수성잉크를 이용하여 열에 의해 팽창하지 않는 조직구조를 가지는 섬유에 그라비아 인쇄를 하기 위하여 원지와, 원지 후면에 형성되는 후면코팅층과, 원저 전면에 형성되고 수성잉크의 염료를 걸러지도록 제1 크기의 공극을 가지는 1차 코팅층과, 1차 코팅층 상면에 형성되어 수지 성분이 걸러지도록 하는 2차 코팅층을 포함한다. 이와 같이 구성되는 수성 그라비아용 섬유전사지에 의하면, 섬유 조직 내에 수지층이 코팅되고, 수지층 내에 염료 성분이 침투하여 일체화됨으로써 결뢰도가 향상되는 그라비아 인쇄를 할 수 있는 이점이 있다.",http://plus.kipris.or.kr/openapi/fileToss.jsp?arg=ed43a0609e94d6e22d01c5c32ba711cf79d529093dd7472b98d50e94395eab340aecc417913f5ed142dcd6f04ce44f9b1fbdf5b778744cfd279473036e1238bcca2ad24529c2c738,http://plus.kipris.or.kr/openapi/fileToss.jsp?arg=2ba38663aa11ff0f6ca91af6061a2e000e1c5064106dd770727fe7cff7ca54531e7fcf28ca160d70b421482977b85b58d4404c91179fefc8b62dc7665852c849b77f6195a3c60030,주식회사 컴마트|한솔제지 주식회사
HANSOL,92,공개,자동차용 흡음재,B32B 5/24|B32B 5/18|B32B 5/02,,,1020240084062,20240626,1020260001593,20260106,,,"부직포 사이에 설치되는 폴리우레탄 폼 시트에 대해 폴리우레탄 폼을 구성하는 셀의 적어도 일부가 깨지게 함으로써, 셀의 크기가 달라짐에 따라 그만큼 흡음성능도 달라져 하나의 폴리우레탄 폼 시트로 흡음할 수 있는 주파수 대역을 넓힐 수 있다. 특히, 폴리우레탄 폼 시트의 양쪽 면 중 적어도 한 면에 대해서 적어도 부분적으로 셀이 깨지게 함으로써, 셀 깨짐으로 폴리우레탄 폼 시트의 강성이 약해지는 것을 최소화하면서도 다른 대역의 주파수에 대해서도 흡음 성능을 개선할 수 있다. 또한, 한 쌍의 롤러 사이로 폴리우레탄 폼 시트가 통과하게 해서 그 표면이 일정 두께만큼 눌려 셀이 깨지도록 구성함으로써, 흡음재 제조 공정에서 쉽게 셀이 깨지게 하여 시트의 강성이 떨어지는 것을 최소화하면서도 흡음 성능을 개선할 수 있다.",http://plus.kipris.or.kr/openapi/fileToss.jsp?arg=ed43a0609e94d6e22d01c5c32ba711cf27164f953bc744f479f8dacc8076d4a1e9175a84148bfff2914278428cb082a65d7cd64d2f0c8d48eb4248c4f5e039d110b2368c70a13b9a,http://plus.kipris.or.kr/openapi/fileToss.jsp?arg=6c650beb4cee9ce4122b704b88878c935c4f62e39d70525e145be2dee140bc8571ea36dbd6a0de4a4797731a94379945e5d0d0ab534f33b2e9c1ab0f8638ca920003143da614bdde,주식회사 대한솔루션
HANSOL,93,등록,분말 증착 장치,C23C 24/00|C23C 24/04,1012467660000,20130318,1020120106189,20120925,,,,20130326,"본 발명은 코팅 원자재의 형상에 제약을 받지 않으며, 입체적으로 코팅할 수 있는 분말 증착 장치를 제공한다. 또한, 본 발명은 진공 챔버 내에서 비산하는 분말이 필터와 리저브 탱크의 스크린을 순차적으로 거친 후 진공 펌프로 투입되는 분말 증착 장치를 제공한다. 이를 위해 본 발명은 진공 챔버, 상기 진공 챔버 내로 삽입된 기체 공급관; 상기 기체 공급관에 세라믹 분말을 공급하는 분말 공급부, 상기 진공 챔버 내부에 고정되며, 상기 기체 공급관의 끝단과 결합한 다관절 로봇 및 상기 진공 챔버 내부에 고정되며, 회전 가능한 턴 테이블을 포함하는 것을 특징으로 하는 분말 증착 장치를 개시한다.",http://plus.kipris.or.kr/openapi/fileToss.jsp?arg=ed43a0609e94d6e22d01c5c32ba711cf3279a225e277e3729b65ea1c8e3fa62726f4eb65e2d745f2d1e849b7b93d5f76fcf8445ebb432129454a36ea79b3a368d91d01db289fc77e,http://plus.kipris.or.kr/openapi/fileToss.jsp?arg=452306798ef1fd03bf8e5ba4e1dbf726ec432174d61fcf7ce35b57b5dbbad61eae78c387a863b8415d94598683ac0ae197daa19e700f3c146b4608787c39bc5bce3aa6e439712e05,한솔아이원스 주식회사
HANSOL,94,등록,자동차 정비용 이동식 리프트,B66F 7/28|B66F 7/06,1025115150000,20230314,1020210038421,20210325,1020220133391,20221005,,20230317,"본 발명은 이동식 리프트의 승강프레임의 상단면을 선택적으로 확장하거나 줄일 수 있도록 하는 가변구조를 갖게 하여 전기자동차의 배터리모듈을 승강시킬 수 있도록 함과, 승강프레임의 상판을 소정폭의 길이내에서 작업자가 사방으로 쉽게 이동시킬 수 있도록 하여 배터리모듈을 자동차의 장착위치에 정확히 위치시키어 체결하거나 결합할 수 있도록 하는 자동차 정비용 이동식 리프트이다. 전후방으로 이동륜(20)이 장착되면서 어느 한측에 핸들바(11)를 구비하는 베이스프레임(10)과, 상기 베이스프레임(10)과 상부에 위치하는 승강프레임(30)의 사이에 구비되는 X형 승강링크(40) 및 상기 승강링크(40)를 작동시키는 에어실린더(50)에 의하여 절첩되도록 하여 승강프레임(30)이 승강되도록 함과, 상기 베이스프레임(10)의 전, 후단부에 스톱퍼(12)를 구비하면서 후방에 이동식 리프트의 승강을 제어하는 승강제어부(13) 및 록킹수단(14)을 포함하며, 상기 승강프레임(30)의 상단에 슬라이딩수단(70)에 의해 소정거리 범위내에서 임의방향으로 수평 이동할 수 있도록 하는 선반프레임(60)을 구비하고, 상기 선반프레임(60)을 승강프레임(30)과 양쪽부에서 잠금걸쇠(31)로 걸 수 있게 구비함과, 상기 선반프레임(60)의 양측단에 가변 확장수단(90)에 의해 펼치거나 접을 수 있도록 하는 가변 확장판(80)을 포함한 ...(이하생략)",http://plus.kipris.or.kr/openapi/fileToss.jsp?arg=ed43a0609e94d6e22d01c5c32ba711cfd90e51f3ed8abf748d2d144dbaab587533f737e3071a4d94b0c76449e090b7979ad235615c0b3eadf4e765707ac4e537a38c83166cac8665,http://plus.kipris.or.kr/openapi/fileToss.jsp?arg=6c650beb4cee9ce4122b704b88878c9373c403ef61cb63851121d4eb33dc398642f3b3adea420f1629647d7f18c217341a696c46626e92e8f29cd61a2534bf8b40347b7626e7711d,주식회사 한솔엔지니어링
HANSOL,95,등록,시저스형 차량정비 리프트용 사다리,B66F 7/28|B66F 7/06|B66F 7/08|E06C 1/34,1016297470000,20160607,1020140139608,20141016,1020160044749,20160426,,20160614,"본 발명은 사다리를 탈착수단에 의하여 승강프레임의 측면부에 선택되는 가로 또는 세로 방향으로 탈착 가능하게 결합될 수 있도록 하여 작업자가 원하는 방향으로 사다리를 결합하여 안전하게 오르고 내릴 수 있도록 하는 시저스형 차량정비 리프트용 사다리를 제공함에 있다. 본 발명은 베이스프레임과 상단의 승강프레임의 사이에 구비되는 X형 링크가 유압실린더에 의하여 절첩되도록 하여 승강프레임이 승강되도록 하는 시저스형 차량정비 리프트로서, 상기 승강프레임의 측면 중앙부에 탈착수단으로 사다리를 탈착할 수 있도록 결합하되 승강프레임의 측면부에 사다리를 탈착수단에 의하여 가로 또는 세로방향으로 선택하여 결합하면서 소정각도로 경사지게 구비되도록 연결함을 특징으로 한다.",http://plus.kipris.or.kr/openapi/fileToss.jsp?arg=ed43a0609e94d6e22d01c5c32ba711cf182be7845a27a27f347a080e76bbdc781d80be56a00a8dbcc8caa975c2290ac0d049030753df3b7b4d77a82af3831999605adb5b3afe5ccc,http://plus.kipris.or.kr/openapi/fileToss.jsp?arg=2ba38663aa11ff0f6ca91af6061a2e0093f51cb5d10b5ffe052d5ac55daee2999bd79c31e4918678f05219407e0f3efa586f25cf44dc504e53bbf11872f3873146239220d227e7a7,주식회사 한솔엔지니어링
HANSOL,96,공개,자동차용 마운팅 클립,F16B 21/08|B60R 13/02,,,1020240068517,20240527,1020250169744,20251204,,,"본 발명은 플랜지에 형성된 훅에 일체로 형성된 탄성 걸림 부분이 플랜지를 관통하여 구성되어, 조립된 마운팅 클립을 분리할 때는 탄성 걸림 부분이 바깥으로 벌림에 따라, 탄성 걸림 부분이 플랜지에 형성된 조작 구멍의 가장자리에 걸려 지렛대 원리로 걸림 해제되게 구성함으로, 누구든지 쉽고 편리하게 조립하거나 분리할 수 있고, 마운팅 클립의 파손 없이 언제든지 걸림을 해제할 수 있다. 이때, 본 발명은 탄성 걸림 부분은 마주하게 두 개를 구성함으로, 한 손으로 탄성 걸림 부재가 벌어지게 하거나, 양손으로 탄성 걸림 부분을 잡아 쉽게 벌어지게 하여 걸림을 해제할 수 있다. 또한, 본 발명은 지지 부분의 끝과 탄성 걸림 부분의 턱 사이가 밖으로 갈수록 좁아지게 함으로, 장착 구멍에 대고 누르면 쉽게 조립할 수 있다.",http://plus.kipris.or.kr/openapi/fileToss.jsp?arg=ed43a0609e94d6e22d01c5c32ba711cf613fae601b450fe2a9cf0deb66577f4f42aff006edb28036d77c2c993919a669b1b68c90e35843f86bba83d7063e3427b1c46e5a5fef2830,http://plus.kipris.or.kr/openapi/fileToss.jsp?arg=6c650beb4cee9ce4122b704b88878c9381600c8d64fb69b4112144cd3ac6e682f184eb62e807a0005d533d559b52364698dccb9ea8290ea33aec2d65e7e86addfbc0c4fb8e9afb15,주식회사 대한솔루션
HANSOL,99,공개,제지용 펄프를 포함하는 수세 가능한 부직포 및 이의 제조방법,D04H 1/4282|D04H 1/425|D06C 7/00,,,1020230092970,20230718,1020250012869,20250131,,,"본 발명은 제지용 천연 펄프를 포함하는 수세 가능한 부직포에 관한 것으로, 본 발명에 따르면, 천연펄프 원료를 사용하고 소량의 첨가제 외에 추가의 구성 성분을 최소화하여 친환경적이면서도 수세 가능한 부직포를 제공할 수 있다.",http://plus.kipris.or.kr/openapi/fileToss.jsp?arg=ed43a0609e94d6e22d01c5c32ba711cfdc17deaeacfec77c5f10da551f99e46714676443ac27ce002930fdb259b06c98fe15955dc2a6715bc3e9e4362312f5148629b47717f5ec1f,http://plus.kipris.or.kr/openapi/fileToss.jsp?arg=6c650beb4cee9ce4122b704b88878c93ba584b05a3f5a6875c74ca28b4cb3e4289666ba1446d67353e1168594d3e6df9cf0b174c3571a858e0ffcd337b3a8a8a516f711208d264b9,한솔제지 주식회사
HANSOL,100,공개,반도체 장비 부품의 오염물 세정 방법,B08B 3/10|B08B 3/02|H10P 72/00,,,1020220010000,20220124,1020230043654,20230331,,,"본 개시는 반도체 장비 부품의 오염물 세정 방법에 관한 것으로, 해결하고자 하는 기술적 과제는 반도체 장비, 부품 및 부속품 등의 유분 및 오염물을 제거하여 세정성을 향상시킬 수 있는 오염물 세정 방법을 제공하는데 있다. 이를 위해 본 개시는 반도체 장비 부품을 입고하는 단계; 및 상기 입고된 반도체 장비 부품의 오염물을 포화증기로 세정하는 단계를 포함하는, 반도체 장비 부품의 오염물 세정 방법을 제공한다.",http://plus.kipris.or.kr/openapi/fileToss.jsp?arg=ed43a0609e94d6e22d01c5c32ba711cff34bd1078935a81a49c052e402b27c962ea3b9bbf8817c980a9cfe0b16f5af05048e042e2c37d96acec6ef5eb76382ff0888916006502dea,http://plus.kipris.or.kr/openapi/fileToss.jsp?arg=6c650beb4cee9ce4122b704b88878c936f8ea4d1bcb0ee2947a12dbfa09c1f59838648db015c070d0948358c63e7cb075988cc430e3dfdf6e6e60bfcceda288580551435d3e0df91,한솔아이원스 주식회사
HANSOL,1,공개,자동차용 선바이저,B60J 3/02,,,1020240081577,20240624,1020250179796,20251231,,,"선바이저를 상부 보디와 하부 보디로 나누고, 그 사이에 롤업 스크린 장치를 장착함으로써, 상부 보디와 하부 보디 사이의 간격을 임의로 조절하여 햇빛 가리개로도 사용할 수 있게 한다. 특히, 상부 보디와 하부 보디가 텔레스코프 형태로 길이 조절이 이루어지는 텔레스코프 지지대로 지지가 됨에 따라, 상부 보디와 하부 보디 사이가 안전적으로 넓이 조절이 이루어질 뿐만 아니라, 하나의 평면 상태를 유지하게 하여 선바이저를 원하는 방향으로 쉽게 방향을 조절하여 편리하게 사용할 수 있다. 또한, 스크린을 감거나 풀어주는 롤업 스크린 장치에 래칫 휠을 구성하여 스크린을 급격하게 잡아당겼다가 놓으면 쉽게 감기고, 풀 때는 스크린을 잡아당김에 따라 쉽게 풀리게 하여, 누구든지 쉽고 편리하게 넓이를 조절하여 사용할 수 있다.",http://plus.kipris.or.kr/openapi/fileToss.jsp?arg=ed43a0609e94d6e22d01c5c32ba711cf1199f4cf644f44ea40f001e2c413635c420c79b7b8a40229e7f6add016cdd2c5c1d9a781f489031cbb8c7417967a7404b2ffe4f174c05f70,http://plus.kipris.or.kr/openapi/fileToss.jsp?arg=6c650beb4cee9ce4122b704b88878c93c9c19e2d7538f5530582b0dec27d1adc93343e29c6d3e45896cfcafa330cc189efdd335651eed52d2119d7633b5219e0fd0c12070168f397,주식회사 대한솔루션
HANSOL,2,등록,탈부착이 용이한 블라인드,E06B 9/42|E06B 9/56,1026313220000,20240125,1020210079487,20210618,1020220169273,20221227,,20240129,"본 발명은 스크린이 롤 형태로 감기는 권취봉을 쉽게 탈 부착할 수 있도록 구성한 것으로, 더욱 상세하게는 브라켓이 고정된 상태에서 권취봉을 브라켓 방향으로 밀어서 권취봉이 고정되도록 함으로써, 간단한 조작으로 탈부착이 이루어지면서도 구조가 간단하도록 한 탈부착이 용이한 블라인드에 관한 것이다. 본 발명의 목적은 권취봉을 회전 가능하게 지지하는 권취봉 고정부위의 구성을 개선하여 구조가 간단하면서도 간단한 조작에 의해 권취봉이 탈부착 할 수 있도록 하는 탈부착이 용이한 블라인드를 제공함에 있다. 상기한 목적을 실현하기 위하여 본 발명은, 블라인드 스크린(1)이 감기는 권취봉(2)의 한쪽 끝이 제1 권취봉 고정구(3)를 통해 제1 브라켓(6)에 고정되는 구동장치(4)에 의해 회전구동 가능하게 연결되어 구동장치(4)에 의해 회전 구동되도록 연결되는 것에 있어서, 권취봉(2)의 다른 한쪽 끝에 연결되는 것으로, 내부 중심에 동심원상으로 관통부가 형성되고, 관통부의 안쪽 내주면에 복수개의 걸림홈(a)이 형성되며, 관통부에 이동 가능하게 장착되는 고정부재(11)의 바깥쪽 끝에 동심원상으로 누름대(11a)가 돌출 형성되고, 고정부재(11)의 안쪽 끝단에 걸림턱(b)이 형성된 한 쌍의 돌출부(11b)가 구비되어, 돌출부(11b)가 관통부의 걸림홈(a)에 탈착되도록 되고, 관통부의 내측 끝단부와 고정부재(11)의...(이하생략)",http://plus.kipris.or.kr/openapi/fileToss.jsp?arg=ed43a0609e94d6e22d01c5c32ba711cfd678b55c9a7ea1b3e4e8abaaf6e07edec4b930303d1d346bc1347e1ae1fb2a03bb2ada2054ca12c42eae3dd01a6b735a584e570b0e1a722b,http://plus.kipris.or.kr/openapi/fileToss.jsp?arg=6c650beb4cee9ce4122b704b88878c93edd78153d233f936557389cd0af2199c5971706daabe37791b5f1ca8efe00fdd9f03836343ed20356a2a55dd9363cd342905bc7263a7eb31,(주)한솔아이엠비|다이텍연구원
HANSOL,3,공개,자동차용 윈드 실드 차광 장치,B60J 3/04|B60J 1/00|B60J 1/02|F04B 49/03,,,1020240084060,20240626,1020260000980,20260105,,,"본 발명은 가장자리가 밀폐된 이중창 구조로 유리창을 구성하고, 펌프를 사용하여 이중창 구조 안으로 차광액을 공급하거나 배출하여 차광 효과를 얻을 수 있게 구성함으로써, 차광이 필요하지 않을 때는 유리창에서 차광액이 배출되게 하고 이중창 구조로 소음 성능을 개선할 뿐만 아니라, 주간이나 야간에 상관없이 안전하게 주행할 수 있게 한 자동차용 윈드 실드 차광 장치를 제공하는데 그 목적이 있다. 특히, 본 발명은 차광액이 유리창의 하부에서 강제로 이중창 구조에 채워지게 구성함으로써, 차광액을 배출할 때는 중력을 이용하여 쉽고 신속하게 배출하여 안전하고 편리하게 사용할 수 있게 한 자동차용 윈드 실드 차광 장치를 제공하는데 다른 목적이 있다.",http://plus.kipris.or.kr/openapi/fileToss.jsp?arg=ed43a0609e94d6e22d01c5c32ba711cf3e0a9073d3d020277439b5bea5eafdf029880b9283a27d222c0c5cbd76355b567fea870bf777d5c35b2db5e7ba40439b125aafaabba005aa,http://plus.kipris.or.kr/openapi/fileToss.jsp?arg=6c650beb4cee9ce4122b704b88878c936982c57ccb65cf3ee71f93f8ea05a961fe08df105dc89a06ed74a01ceef2e2596d3ab19e846de85fd2c51b7d42154f6a46b00e830c60e673,주식회사 대한솔루션
HANSOL,4,공개,"내플라즈마성 유리, 반도체 제조 공정을 위한 챔버 내부용 부품 및 그들의 제조방법",C03C 3/083|C03C 3/078|C03C 3/087|C03C 4/00|C03B 1/00|C03B 19/02|C03B 11/12|H10P 72/00,,,1020240077157,20240613,1020250176857,20251222,,,"본 발명은 고함량의 Si계 산화물을 포함하더라도 용이하게 용융시킬 수 있으며, 식각과정에서 발생하는 불순물 최소화하고, 식각 저항성이 증가된 내플라즈마성 유리, 반도체 제조 공정을 위한 챔버 내부용 부품 및 그들의 제조방법에 관한 것이다.",http://plus.kipris.or.kr/openapi/fileToss.jsp?arg=ed43a0609e94d6e22d01c5c32ba711cf49b4f5e7ac452dc279b6a1dbd1a6ea3b6a05eee76dd8d883be3912835e045930642ca44d9be48e233992a11f05990ee18ac7fcf7fceb336f,http://plus.kipris.or.kr/openapi/fileToss.jsp?arg=6c650beb4cee9ce4122b704b88878c937dd748dc92c451b67d8bb4698fdb64de484cdbc317fd8d828fb099c32ec0c8c90988f637e99893c9014d89a20be3fbd2fef604d5a011f768,한솔아이원스 주식회사
HANSOL,5,공개,금형 가공용 절삭공구,B23B 25/06|B23B 31/02|B24B 41/04,,,1020240056885,20240429,1020250157774,20251105,,,"본 발명은 절삭공구가 장착되는 척에 레이저 포인터를 장착과 분리할 수 있게 구성함으로써, 금형 면에 마킹이 필요할 때, 이 척에 레이저 포인터를 장착하여 마킹 위치를 표시할 수 있어, 금형 면이 편평하지 않거나 굴곡이 많거나 사면이 심하거나 좁은 틈 사이에도 정확한 위치에 마킹할 수 있게 한다. 특히, 본 발명은 금형 면에 닿지 않은 위치에서 레이저 포인터로 마킹 위치를 표시할 수 있게 구성함으로써, 금형 면이나 절삭 공구 등의 파손 없이도 정해진 마킹 위치를 정확하게 지정해 줄 수 있게 한다. 또한, 본 발명은 밀링 척, 드릴 척, 엔드밀 척, 그리고 그라인더 척 등 레이저 포인터를 장착하거나 분리할 수 있는 절삭 공구라면 어떠한 것에든지 장착하여 마킹 위치를 쉽고 정확하게 설정할 수 있게 한다.",http://plus.kipris.or.kr/openapi/fileToss.jsp?arg=ed43a0609e94d6e22d01c5c32ba711cf747bc370f562d35e59a9daa1fdd4818bb9bf225c601ceae2263f4a4d7886cfc216d5b2f0b0af9f89db947eaf657a08df2e7ac03584e8c49c,http://plus.kipris.or.kr/openapi/fileToss.jsp?arg=6c650beb4cee9ce4122b704b88878c937293b8b70102745be607d9350b9127b511cbc773478acc5f9c4123415e7340028f38156b440b6359155c72e26e999129829623afef787c76,주식회사 대한솔루션
HANSOL,6,등록,회전식 연속 증숙기,A47J 27/16|A47J 27/04,1029385570000,20260309,1020250057609,20250430,,,,20260313,"본 발명은 다수의 찜솥이 등각 회전되면서 곡물가루 등의 증숙재료를 연속적으로 증숙할 수 있는 회전식 연속 증숙기를 제공코자 하는 것이다. 즉, 본 발명은 복수의 받침암(13)이 등간격으로 구비되는 회전바디(10); 상기 받침암(13)상에서 횡축(21)을 중심으로 원호운동 가능하게 설치되는 찜솥(20); 상기 찜솥(20) 내부로 스팀을 공급하도록 구비되는 로터리밸브(30); 상기 찜솥(20) 내부로 증숙재료를 투입하도록 구비되는 로딩부(40); 상기 스팀관(31)을 통한 스팀 공급을 on/off 제어하도록 구비되는 스팀제어부(50); 상기 찜솥(20) 내에 응축수를 배출하도록 구비되는 응축수배출부(60); 상기 찜솥(20)을 선회하여 증숙물을 배출하도록 구비되는 언로딩부(70); 및 상기 찜솥(20) 개구(20a)를 개폐하도록 구비되는 덮개(80);를 포함하는 것을 특징으로 한다. 상기 회전식 연속 증숙기를 이용하면, 자동 스팀 공급 제어, 응축수 배출, 덮개 개폐 등의 동작이 찜솥의 등각 회전 위치와 연동되어 제어되므로, 증숙 품질의 일관성과 작업의 효율을 확보할 수 있고, 증숙 완료 시 찜솥이 자동으로 기울어져 증숙물을 배출하도록 구조 개선되어, 기존에 찜솥을 수작업으로 들어 올리거나 내용물을 퍼내는 수작업 개입 없이도 연속적으로 재료를 증숙할 수 있다는 장점이 있다.",http://plus.kipris.or.kr/openapi/fileToss.jsp?arg=ed43a0609e94d6e22d01c5c32ba711cf5784d55e496cc0bcce31c213e5842b51fa116bd001bce7ba0396839eb100c823e8fc83148a3deaa91aff95cf4f85d95cff5e0e207595c9a5,http://plus.kipris.or.kr/openapi/fileToss.jsp?arg=6c650beb4cee9ce4122b704b88878c936347d5a3c9c91e557f36e38a3db792208d50019dba009a492b7b726a1fcd6d50a37f9d6a1af7997aa12011c08ee96ba5b6bd49546006b6c9,주식회사 한솔기계
HANSOL,7,등록,자동차용 매트 고정구,B60N 3/04,1013770640000,20140317,1020130026059,20130312,,,,20140325,"본 발명은 분할핀 형태로 이루어진 고정돌기에 고정덮개를 끼워서 매트를 고정시킴에 있어서, 고정덮개에 간격유지돌기를 더 구성하여 분할핀 사이의 간격을 일정하게 유지할 수 있게 함으로써, 분할핀 사이의 간격 때문에 분할핀이 반복적인 변형으로 인하여 파손되거나 걸림 기능을 상실하는 것을 방지할 수 있게 한 자동차용 매트 고정구를 제공하는데 그 목적이 있다. 이러한 목적을 달성하기 위한 본 발명에 따른 자동차용 매트 고정구는, 분할핀이 구비된 고정돌기; 및 상기 분할핀을 감싸주면서 자동차 매트를 고정시켜 주는 고정덮개;를 포함하는 자동차용 카매트 고정구에 있어서, 상기 고정덮개에는 상기 분할핀이 끼워지는 중앙에 이 분할핀 사이로 끼워져서 그 간격을 유지할 수 있도록 간격유지돌기가 더 형성된 것을 특징으로 한다.",http://plus.kipris.or.kr/openapi/fileToss.jsp?arg=ed43a0609e94d6e22d01c5c32ba711cf80b2682b4a07ccefa219caec940c6764cb718ab701f05b9252e5cea16878cb4749ab741f51006bce45d20e63da0995e4835865d159093e50,http://plus.kipris.or.kr/openapi/fileToss.jsp?arg=2ba38663aa11ff0f6ca91af6061a2e00584dbe57bb4e01dc5f12a056b55e65ca74b58a6d6e13c61d2056df2fb6974e16e2b9eec2c0d0833da8fe95ccb07102ed25207be40bcdfeca,주식회사 대한솔루션
HANSOL,8,등록,강성을 보강한 자동차용 헤드 라이너 및 그 제조방법,B29C 63/00|B29C 63/02|B29C 65/40|B29L 31/30,1018424720000,20180321,1020160166397,20161208,,,,20180328,"본 발명은 루프패널과 마주하는 헤드 라이너에 장착하는 구성의 강성 보강 등을 목적으로 사용하는 플레이트를 설치하는 헤드 라이너 부분에 자외선 경화제를 주입한 다음 자외선을 조사하여 경화하므로, 별도로 플레이트를 장착하지 않더라도 헤드 라이너에 부분적으로 강성을 보강하여 헤드 라이너에 장착하는 구성을 편리하게 장착하여 안전하게 사용할 수 있는 강성을 보강한 자동차용 헤드 라이너 및 그 제조방법을 제공하는 데 그 목적이 있다. 특히, 본 발명은 자외선 경화제를 폴리우레탄 폼과 같이 헤드 라이너를 구성하는 층 안에 주입하여 경화하므로, 헤드 라이너의 두께가 두꺼워지지 않게 하면서도 원하는 부분에 원하는 강도를 얻을 수 있는 강성을 보강한 자동차용 헤드 라이너 및 그 제조방법을 제공하는 데 다른 목적이 있다.",http://plus.kipris.or.kr/openapi/fileToss.jsp?arg=ed43a0609e94d6e22d01c5c32ba711cfdd68fdb7ed08565029c4c21b64428bcb5c0feea7442f3567b78fd87292ab69a1a0472215d451086d3ca9806b1299c36d28ec4c7c39e371f9,http://plus.kipris.or.kr/openapi/fileToss.jsp?arg=2ba38663aa11ff0f6ca91af6061a2e00a6c68fe383653015677a335600d4cc183d8fa228c8f97a84c29ad722fee3459abd52f21b6f8d28058c57ff76eb76075f08fcaafe2e95465c,주식회사 대한솔루션
HANSOL,9,등록,패브릭 텐션 장치,E06B 9/42|E06B 9/60,1026691950000,20240521,1020200162443,20201127,1020220074213,20220603,,20240523,"본 발명은 패브릭 텐션 장치에 관한 것으로서, 보다 상세하게는 수평 또는 경사진 창에 설치되는 패브릭 텐션 장치에서 블라인드지의 권취 시 두께가 보다 얇아지도록 함과 아울러 블라인드지의 처짐을 방지할 수 있도록 한 패브릭 텐션 장치에 관한 것이다. 본 발명의 목적은, 수평 또는 경사진 창에 설치되는 패브릭 텐션 장치에서 블라인드지가 처지는 것을 방지함과 아울러 블라인드지를 권취할 때 부피가 최소화되도록 구성한 패브릭 텐션 장치를 제공함에 있다. 상기한 목적을 실현하기 위하여 본 발명은, 창문이 설치된 천정에 고정브라켓(1)으로 고정 설치되고 블라인드지(2)의 양측단을 가이드하도록 가이드수단이 구성되고 내측에 개구부(2)가 형성된 2개의 프레임(3)과, 상기한 프레임(3)의 사이에 위치됨과 아울러 상기한 블라인드지(4)가 권취되는 권취봉(5)과, 상기한 프레임(3)과 권취봉(5)의 사이에 설치되어 권취봉(5)을 회전시키도록 구성된 구동수단과, 상기한 구동 수단에 의해 블라인드지(4)가 권취되거나 풀릴 때 스프링(15)의 탄성에 의해 블라인드지(4)를 팽팽하게 유지하도록 구성된 팽창 수단으로 구성함을 특징으로 한다.",http://plus.kipris.or.kr/openapi/fileToss.jsp?arg=ed43a0609e94d6e22d01c5c32ba711cfbf0164881e823c2601b52bc6f49c784bf023003bc457aae6f9ee0430bf36bcb7d5aad42f7d725e3e084c723a1562bc4eb02c66fee9be7ba8,http://plus.kipris.or.kr/openapi/fileToss.jsp?arg=6c650beb4cee9ce4122b704b88878c93787864106243e43d5c0a90942d1550cb3e9ab7db7c5ad996119a1fecc0947d73028ca558411e89cd20a8f930b06b201755126aad26de935b,(주)한솔아이엠비|다이텍연구원
HANSOL,10,공개,내플라즈마성 부재 및 그의 제조방법,C23C 4/134|C23C 4/06|C23C 4/11,,,1020240121830,20240906,1020260035624,20260313,,,"본 발명은 내플라즈마성 부재 및 그의 제조방법에 관한 것으로, 구체적으로 코팅층을 적층하는 과정에서 무기물의 표면을 용융시키고, 상기 무기물이 기판과 적층되는 속도를 조절하여 코팅층의 기공율을 최소화하고, 코팅층의 밀도를 높게 구현하여 내플라즈마성을 향상시킬 수 있는 내플라즈마성 부재 및 그의 제조방법에 관한 것이다.",http://plus.kipris.or.kr/openapi/fileToss.jsp?arg=ed43a0609e94d6e22d01c5c32ba711cf5784d55e496cc0bc3246ad75367b53017c95a2c659205b0720b2558795e2c0d033b12634d3b3f4af121c61742584f54a582ba5bc33114b4a,http://plus.kipris.or.kr/openapi/fileToss.jsp?arg=6c650beb4cee9ce4122b704b88878c936347d5a3c9c91e55772827e8a2e83c7b821862f1aa0135f7f26dd11223fbdd1337067f7be4b262e14150e4abb23c13113eceb2c3656ba12a,한솔아이원스 주식회사|한국재료연구원
HANSOL,11,등록,흡차음이 가능한 차량용 카페트,B60N 3/04,1013787900000,20140321,1020130055131,20130515,,,,20140327,"본 발명은 카페트를 구성하는 흡음층에 흡차음이 가능하도록 핫멜트 필름을 더 구비함으로써, 구조가 간단하면서도 카페트의 중량 증가를 최소화하고, 특히 흡음과 차음 효과를 동시에 얻을 수 있도록 한 차량용 카페트를 제공하는데 그 목적이 있다. 특히, 본 발명은 상기 핫멜트 필름을 천공이 형성된 핫멜트 필름과 그렇지 않은 핫멜트 필름의 2층 레이어 구조로 구성함으로써, 구조가 간단하면서도 흡차음 효과를 더욱 더 높일 수 있게 한 흡차음이 가능한 차량용 카페트를 제공하는데 다른 목적이 있다. 또한, 본 발명은 이러한 2층 레이어 구조의 핫멜트 필름을 흡음층 사이에 위치하도록 배치함으로써, 이 흡음층을 통해 흡음 성능을 얻으면서 핫멜트 필름을 통해 흡차음 효과가 이루어지게 하여 흡차음 효과를 더욱 향상시킬 있게 한 흡차음이 가능한 차량용 카페트를 제공하는데 또 다른 목적이 있다.",http://plus.kipris.or.kr/openapi/fileToss.jsp?arg=ed43a0609e94d6e22d01c5c32ba711cfbf04d1a6e8189eeea58d87231f6530150446a8ad2166f571c5317faf6e733a319d308a0c22c456ee94ecc568e3f842cba4b77d765492b45b,http://plus.kipris.or.kr/openapi/fileToss.jsp?arg=2ba38663aa11ff0f6ca91af6061a2e008d8b3ac05c24950d66713a8e7d36c2542877ed163609bfe16119b8dffa2330c5e63afc20a98615ca74ea459f875228eda6a3ef7aafbcb5dc,주식회사 대한솔루션
HANSOL,12,등록,천연섬유 복합 기재와 이를 이용한 자동차용 헤드 라이닝의 제조방법,B32B 27/12|B32B 27/32|B32B 7/12|B32B 37/12|B32B 27/40|B60R 13/02,1017175040000,20170313,1020150092638,20150630,1020170003750,20170110,,20170320,"본 발명은 천연섬유를 함유한 층을 통한 단열 효과와 더불어 다층 구조의 층간 사이의 부착 물질에 열 차단 물질을 코팅하여 루프패널을 통해 실내로 들어오는 열기를 차단할 수 있게 구성함으로써, 별도로 열 차단 층을 구성하지 않으면서도 열 차단 효과를 높일 수 있을 뿐만 아니라 중량 증가를 최소화하면서도 열 차단 효과를 최대한 높일 수 있게 한 천연섬유 복합 기재와 이를 이용한 자동차용 헤드 라이닝의 제조방법을 제공하는 데 그 목적이 있다. 특히, 본 발명은 열 차단 효과를 위해 핫멜트 필름에 바르는 열 차단물질에 탄소나노튜브를 첨가하여 제조하므로, 이 탄소나노튜브를 통해 열 차단 효과를 최대한 높이면서도 그 중량 증가를 가능한 줄일 수 있게 하여 자동차의 연비를 개선할 수 있게 한 천연섬유 복합 기재와 이를 이용한 자동차용 헤드 라이닝의 제조방법을 제공하는 데 다른 목적이 있다. 또한, 본 발명은 이러한 열 차단 물질을 다층 구조의 경우 층 사이 결합을 위해 사용되는 여러 층의 핫멜트 필름에 적용하므로, 차종에 따라 루프패널을 통해 들어오는 열기를 충분하여 차단할 수 있도록 선택적으로 여러 층의 핫멜트 필름에 열 차단 물질을 코팅하여 사용할 수 있게 한 천연섬유 복합 기재와 이를 이용한 자동차용 헤드 라이닝의 제조방법을 제공하는 데 또 다른 목적이 있다.",http://plus.kipris.or.kr/openapi/fileToss.jsp?arg=ed43a0609e94d6e22d01c5c32ba711cfd395162c7a9498b8bbcf60cb75167f8c76c96946c3c7b395793e0239e694620216f8799ed0e1a99a15c536af40d0b3d5ea0bbc4cd5d1050b,http://plus.kipris.or.kr/openapi/fileToss.jsp?arg=2ba38663aa11ff0f6ca91af6061a2e00c4bf6b987f6e4502cb165d8eba1e2464e2b2cf1c2371fc57e8397b61223499f013e030b185af35e1e9f1c685ae7972db0a60a04b93b02317,주식회사 대한솔루션
HANSOL,13,등록,차량용 보조매트 고정구,B60N 3/04,1016081980000,20160328,1020140078321,20140625,1020160001729,20160107,,20160404,"본 발명은 차량용 보조매트 고정구에 관한 것으로, 더욱 상세하게는 카페트의 상면에 위치하고, 상면 중심에는 보조매트가 끼워져 고정되는 매트고정후크를 돌출 형성하고, 저면 일측에는 체결후크를 하향으로 연장형성한 판 상의 상부부재와, 상기 카페트를 사이에 두고 상기 상부부재의 하부에 위치하며, 타측은 상기 상부부재의 타측 저면에서 연장형성한 연결리브와 연결된 판 상의 하부부재와, 상기 하부부재의 일측에 형성하여, 상기 하부부재가 연결리브를 축으로 회동하여 상기 상부부재와 체결될 시, 상기 상부부재의 체결후크와 상응하여 상기 상부부재와 상기 하부부재가 서로 체결토록 하는 체결홈 및 상기 하부부재의 상면에 일정한 간격으로 형성하여, 상기 상부부재와 상기 하부부재가 서로 체결될 시, 상기 상부부재와 상기 하부부재 사이에 위치하는 상기 카페트를 저면을 침투하여 고정력을 강화시키는 복수의 스파이크를 포함하여, 차량용 보조매트 고정구가 장착되는 카페트의 두께에 제약을 받지않아 모든 차량에 적용 가능한 우수한 호환성을 가지고, 차량용 보조매트 고정구가 카페트에 친밀하게 결합 고정되며, 카페트에 대해 차량용 보조매트 고정구의 고정력을 배가 시키는 차량용 보조매트 고정구을 제공한다.",http://plus.kipris.or.kr/openapi/fileToss.jsp?arg=ed43a0609e94d6e22d01c5c32ba711cf651756bfc1f4dcccb040ba5b0acf40a4ddbf0e998b6e8784d646b61cca291d7404a49a6928b9fb39f538ae6fd6e5ed51a68423a6c55c447e,http://plus.kipris.or.kr/openapi/fileToss.jsp?arg=2ba38663aa11ff0f6ca91af6061a2e0076c025db56e5c8d6add330e715a06ad476120eb53e2b99d16f87c44875ccf6af89df0bd4e4f21a1aeff16e26c50ecaeba4d690a6b2227b21,주식회사 휴림에이텍|(주)협진피엘|주식회사 대한솔루션
HANSOL,14,등록,"내플라즈마성 유리, 반도체 제조 공정을 위한 챔버 내부용 부품 및 그들의 제조 방법",C03C 4/20|C03C 3/091|C03C 3/085|C03B 11/06|C03B 25/00|H10P 72/00,1029366830000,20260304,1020210134958,20211012,1020230052339,20230420,,20260311,"본 발명은 내플라즈마성 유리, 반도체 제조 공정을 위한 챔버 내부용 부품 및 그들의 제조방법에 관한 것으로, 구체적으로 내플라즈마성 유리 성분들의 함량을 조절하여 용융 온도를 낮게 구현하고, 열팽창계수를 감소시켜 고온 사용시 열충격에 손상을 방지할 수 있으며, 광투과율 및 내구성을 향상시킨 내플라즈마성 유리, 반도체 제조 공정을 위한 챔버 내부용 부품 및 그들의 제조 방법에 관한 것이다.",http://plus.kipris.or.kr/openapi/fileToss.jsp?arg=ed43a0609e94d6e22d01c5c32ba711cf534dc94e82c6d264b1b139f6ac8278c66dfae9e63a95fee6db78ae7333139e5ac3a45baf1d9c709375843d9cfda87e8423ed178e0f61296d,http://plus.kipris.or.kr/openapi/fileToss.jsp?arg=6c650beb4cee9ce4122b704b88878c938f08177cd09eb52af803f8a109e5f67f2f8593e467b8224dc2a4acacf8bca4600b763a56479f1d91f447b31fc539e4cabbe0b361fcd2fe76,한솔아이원스 주식회사
HANSOL,15,공개,"내플라즈마 유리, 반도체 제조 공정을 위한 챔버 내부용 부품 및 그들의 제조 방법",C03C 3/085|C03B 11/12|C03B 25/00,,,1020210072961,20210604,1020220164859,20221214,,,"본 발명은 내플라즈마 유리, 반도체 제조 공정을 위한 챔버 내부용 부품 및 그들의 제조방법에 관한 것으로, 구체적으로 내플라즈마 유리의 성분 함량을 조절하여 열팽창계수를 감소시켜 고온 사용시 열충격에 손상을 방지할 수 있는 내플라즈마 유리 및 그 제조 방법에 관한 것이다.",http://plus.kipris.or.kr/openapi/fileToss.jsp?arg=ed43a0609e94d6e22d01c5c32ba711cf98e12aed270d9156c04f1b20c8156b94ab0c91d2ba175d7a1b3006e62fcb1f8c9992164f446abcc16a43716b4b1c23c1c409a400fe902965,http://plus.kipris.or.kr/openapi/fileToss.jsp?arg=6c650beb4cee9ce4122b704b88878c930a5e83769a406dc2acee50a275184bb396655806f6625f56ba89cac418d217c7c249dae102e789574869a558d7d6924550d5a810a395b9c9,한솔아이원스 주식회사
HANSOL,17,공개,2주식 리프트의 타이어 포크형 받침장치용 스톱퍼장치,B66F 7/16|B66F 7/28,,,1020230112591,20230828,1020250031308,20250307,,,"본 발명은 포크 받침수단의 구성으로 이루는 양 포크의 폭을 간편하게 조정할 수 있도록 하기 위해 지지횡바에 가동바를 끼워 단계적인 위치에 각각 작업자가 손쉽게 가동바를 걸어주어 지지할 수 있도록 하는 2주식 리프트의 타이어 포크형 받침장치용 스톱퍼장치를 제공함에 있다. 본 발명은 고정횡바(310)에 끼워지는 가동바(330)를 스톱퍼수단(350)으로 제어되도록 구성하는 2주식 리프트의 타이어 포크형 받침장치용 스톱퍼장치로서, 상기 스톱퍼수단(350)은, 고정횡바(310)의 소정위치 상면에 일체로 고정되게 구비하는 ""ㄷ""형 브라켓(351)과, 상기 브라켓(351)에 축설되는 축핀(352)에 축설한 회동 축관(353)의 한측으로 연결되는 회동판(355)과, 상기 회동판(355)의 저면에 형성하는 스톱퍼(356)를 구비함과, 상기 스톱파(356)가 위치하는 고정횡바(350)에 형성한 소정크기의 통공(311)을 통해 스톱퍼(356)가 유입되어 가동바(330)에 일정간격으로 형성한 걸림공(331)에 선택적으로 끼워 걸려 지지되도록 구성함을 특징으로 한다",http://plus.kipris.or.kr/openapi/fileToss.jsp?arg=ed43a0609e94d6e22d01c5c32ba711cf7c6eea605f5b888645cce1d40f8734491fb27523023d5a13db9daca7143d78eef9179910891306bc647478e506bf7db1b317287e12dacb5b,http://plus.kipris.or.kr/openapi/fileToss.jsp?arg=6c650beb4cee9ce4122b704b88878c9375e27486a6964472ccf85e18ea8818d1e6331a32201d135e352c274c1f7edf6755f6673fb8199a78b79ab835092171bd0adbad6c78c34f64,주식회사 한솔엔지니어링
HANSOL,19,공개,자동차용 와이어링 장착용 브래킷,B60R 16/02|B60R 13/08,,,1020240084055,20240626,1020260000976,20260105,,,"스터드에 강제로 끼워서 조립되는 브래킷의 두께 부분에 여러 개의 와이어링 고정부를 일체로 구성함으로써, 대시 인슐레이션에 와이어링을 설치할 때 와이어링의 분배 방향에 맞는 와이어링 고정부로 와이어링을 쉽고 편리하게 조립하여 사용할 수 있다. 특히, 브래킷에 형성되어 스터드에 강제로 삽입되는 강제 조립부가 대시 인슐레이션의 두께만큼 그 길이를 형성함으로, 브래킷을 스터드에 견고하게 고정해서 대시 인슐레이션의 이탈을 방지하면서도 그 소음 성능이 떨어지는 것을 미리 예방할 수 있다. 또한, 와이어링 고정부가 상기 강제 조립부를 기준으로 하는 가상의 원상에 같은 간격으로 4개가 일체로 이루어지도록 구성함으로써, 각 와이어링 고정부에 와이어링을 고정하는 방법에 따라 여러 방향으로 분배 방향을 바꿔서 조립할 수 있다.",http://plus.kipris.or.kr/openapi/fileToss.jsp?arg=ed43a0609e94d6e22d01c5c32ba711cf3e0a9073d3d020277439b5bea5eafdf029880b9283a27d222c0c5cbd76355b56ea81f71da9d5a4e9afd85179d6fcf5766e3494f38cda2ba1,http://plus.kipris.or.kr/openapi/fileToss.jsp?arg=6c650beb4cee9ce4122b704b88878c936982c57ccb65cf3ee71f93f8ea05a961fe08df105dc89a06ed74a01ceef2e259a420eef9a1cb70604cc8ed3bae77c4372143ab93558980de,주식회사 대한솔루션
HANSOL,20,등록,만두의 후처리 장치,A23B 2/80|A23L 5/10|A23P 20/20|B65G 37/00,1020936480000,20200320,1020180091976,20180807,1020200016645,20200217,,20200326,"본 발명은 만두 성형장치를 통해 성형이 완료된 만두들을 순차적으로 이동시키면서 스팀을 통해 만두를 증숙하고, 증숙된 만두를 냉각하여 동결처리하는 만두의 후처리 장치에 관한 것으로, 본 발명에서는 성형된 만두들의 증숙공간을 제공하는 터널형의 증숙챔버와; 상기 증숙챔버 내에 스팀을 분출하여 증숙챔버를 통과하는 만두들을 증숙 처리하는 스팀 분사헤드를 포함하여 구성된 증숙 처리부와; 중숙 처리된 만두들의 동결공간을 제공하는 터널형의 동결챔버와; 상기 동결챔버 내에 냉기를 발산하여 동결챔버를 통과하는 만두들을 동결하는 냉동기를 포함하여 구성된 동결 처리부; 및 성형된 만두들을 이송벨트에 안착하여 증숙 처리부와 동결 처리부를 순차적으로 통과되도록 하는 이송 컨베이어부를 포함하되, 적어도 상기 이송 컨베이어부는, 성형된 만두들을 이송벨트에 안착하여 길이방향으로 이동하는 둘 이상의 이송 컨베이어들이 상하 이격하여 배치된 복층 이송형으로 구성된 것을 특징으로 한다.",http://plus.kipris.or.kr/openapi/fileToss.jsp?arg=ed43a0609e94d6e22d01c5c32ba711cfcf65a27949f3a7d7c7776a1c1d52735270ce529fc32dce6d75d80ae4bacaac7650f5f36318d4b503a160d17a720b506ec65b12081bee9207,http://plus.kipris.or.kr/openapi/fileToss.jsp?arg=2ba38663aa11ff0f6ca91af6061a2e001b716878f37bc794ebdcc3720ceb9cfb26e875a9159684d9dc696ddd6511616f65273a7a7e09926f31b7566ad94345db0813942fdb8d4046,(주)한솔기계
HANSOL,21,공개,패각을 이용한 자동차용 친환경 TPE 시트,C08J 5/18|C08K 11/00|C08K 3/30|C08K 3/26|C08K 3/34|C08K 5/09|C08K 3/04|C08L 21/00|C08L 23/06|C08L 23/08|C08L 23/12|C08L 23/16|C08L 91/00,,,1020240057582,20240430,1020250158864,20251107,,,"본 발명은 고무계 수지와 무기충전제 그리고 첨가제를 혼합하여 TPE 시트를 제조하되, 무기 충전제에 굴, 전복, 홍합, 꼬막, 바지락, 피조개 등의 패각류 분말을 첨가하여 사용함으로써, 기존 TPE와 비교하여 인장강도와 인열강도가 유사하면서도 친환경적으로 TPE 시트를 제조할 수 있게 한 패각을 이용한 자동차용 친환경 TPE 시트를 제공하는데 그 목적이 있다. 특히, 본 발명은 상기 패각류 분말이 자동차용 친환경 TPE 시트 전체 중량 중 3~20wt%을 차지하게 첨가하여 혼합함으로써, 친환경적이면서도 재활용이 쉬운 패각을 이용한 자동차용 친환경 TPE 시트를 제공하는데 다른 목적이 있다.",http://plus.kipris.or.kr/openapi/fileToss.jsp?arg=ed43a0609e94d6e22d01c5c32ba711cf87ae9397fb997ca794b1927feb460edc7ce767bcc722445959702f608a1b38c22f8f044fd8f3ac0feb0136ca67ef8cffb1be547c6b9b81cd,http://plus.kipris.or.kr/openapi/fileToss.jsp?arg=6c650beb4cee9ce4122b704b88878c937ef3a9d836d53887319d1252499ebb7f2aa2ab659ab0cc5e68031f5dd2aea86fd240fc3acef231acfe79a236ce8ef5776ac677eb6c4a4aea,주식회사 대한솔루션
HANSOL,22,등록,버스를 활용한 광고 설계 방법 그 시스템,G06Q 30/02,1023923840000,20220426,1020210099936,20210729,,,,20220429,"본 발명은 버스를 활용한 광고 설계 방법 및 그 시스템에 관한 것으로, 광고주의 요구조건을 토대로 버스노선정보를 분석하여 광고주 및 광고대상에 대한 최적화된 광고 서비스를 설계하는 동시에, 빅데이터를 활용하여 유동인구분포, 소비자 유형 및 상권을 분석하고, 분석된 유동인구분포, 소비자 유형 및 상권 정보와 광고주의 요구조건을 토대로 버스노선정보를 분석하여 비용대비 최고의 광고효과를 얻을 수 있는 광고 서비스 설계가 가능하다.",http://plus.kipris.or.kr/openapi/fileToss.jsp?arg=ed43a0609e94d6e22d01c5c32ba711cf8c7953e6c33d33555b4e5c629bf7e836874b54a665878d930cf4a81a573e9dee65dba9194af4dc35acb22eba6a28cfff73777813c2a0efd7,http://plus.kipris.or.kr/openapi/fileToss.jsp?arg=6c650beb4cee9ce4122b704b88878c9376963968b34b8d695d7aaa4253ed3da41c076c973eaf88c1febdd80809b152141ca412f5bc22c6828ff584dd4cb7f9c4bd728a9447d33bb1,주식회사 한솔애드|장동대
HANSOL,24,등록,잔피 유입 방지구조를 갖는 만두 성형장치,A23P 20/20|A23P 30/00,1023823410000,20220330,1020190179594,20191231,1020210085972,20210708,,20220404,"본 발명은 잔피 유입 방지구조를 갖는 만두 성형장치에 관한 것으로, 더욱 상세하게는 튜브형의 만두피 내에 만두속이 충진된 튜브형 만두롤을 성형홈부가 형성된 성형롤러 사이에 통과하여, 튜브형 만두롤을 설정된 길이로 제단 및 가장자리부를 봉합한 반원형의 만두를 연속하여 성형하는 잔피 유입 방지구조를 갖는 만두 성형장치에 관한 것이다.",http://plus.kipris.or.kr/openapi/fileToss.jsp?arg=ed43a0609e94d6e22d01c5c32ba711cf79cc4611d13a84444091b9d4c2df81099db79e6e69816ae8997d6d7db49ba7a1623c9dfe06859cf76fd271bd1b1ea3228be1c785c914dff2,http://plus.kipris.or.kr/openapi/fileToss.jsp?arg=6c650beb4cee9ce4122b704b88878c9387113c1bd0757356fd7aa39953f7c85198c8073e9b5cf666f225b720a313a758700a1db729e9239bbdebd4ebd189abdc6ed682610e34ed05,(주)한솔기계
HANSOL,25,등록,신뢰성 향상을 위한 배터리 관리 시스템 및 방법,G01R 31/389|G01R 23/16|G01R 23/02|G01R 31/396,1029346050000,20260227,1020240094496,20240717,1020260012022,20260126,,20260305,"본 발명은 신뢰성 향상을 위한 배터리 관리 시스템 및 방법을 개시한다. 본 발명의 일 실시예에 따른 신뢰성 향상을 위한 배터리 관리 시스템은 적어도 2개의 배터리 서브 조립체를 포함하는 배터리 조립체; 적어도 하나의 상기 배터리 서브 조립체의 전기화학적 임피던스 분광(EIS) 측정을 수행하는 복수의 EIS 측정부; 상기 복수의 EIS 측정부의 적어도 하나의 EIS 측정 결과에 기초하여 상기 배터리 조립체의 상태를 진단하는 배터리 모니터링 유닛(BMU);을 포함한다. 본 발명의 신뢰성 향상을 위한 배터리 관리 시스템 및 방법에 의하면, 종래의 NTC(negative temperature coefficient) 온도 센서 기반 측정에만 의존하지 아니하고, 전기화학적 임피던스 분광(EIS) 측정을 통하여 배터리의 열폭주를 확실하게 방지할 수 있다.",http://plus.kipris.or.kr/openapi/fileToss.jsp?arg=ed43a0609e94d6e22d01c5c32ba711cf6d11f9c78b1fe41aeb93c7f024d19fa19165e0d68f8f5fc3fcee3f25e8c180b0e3bdaff3824447e2e205446deaedf337dcc80902e5938100,http://plus.kipris.or.kr/openapi/fileToss.jsp?arg=6c650beb4cee9ce4122b704b88878c9372ec71bbcfe5c14bd16038dc7e12dd4383fea2bbd05065dca4235d52dee88c8fe2d00cf18db272f195ca2906949ce99166c23051e571b59f,한솔테크닉스(주)
HANSOL,27,등록,배터리 SOC 측정 속도 개선 장치 및 방법,G01R 31/382|G01R 31/389|G01R 23/02|H02J 7/00|B60L 58/12,1029346090000,20260227,1020240094506,20240717,1020260012025,20260126,,20260305,"본 발명은 배터리 SOC 측정 속도 개선 장치 및 방법을 개시한다. 본 발명의 일 실시예에 따른 배터리 SOC 측정 속도 개선 장치는, 배터리; 및 상기 배터리를 충전 또는 방전시키되, 상기 배터리를 충전 시, 상기 충전 중단 후에는 일시 방전을 수행하고, 상기 배터리를 방전 시, 상기 방전 중단 후에는 일시 충전을 수행하며, 상기 배터리의 전압이 평형상태에 도달하게 하여, 상기 배터리의 SOC(State of Charge)를 측정하는 배터리 관리 시스템(BMS)을 포함한다. 본 발명의 배터리 SOC 측정 속도 개선 장치 및 방법은 전기화학 임피던스 분광법(EIS) 측정 방법을 이용하여 배터리 충전 상태(SOC)를 측정함에 있어서 평형상태에 도달하기 위한 대기 시간을 요구하지 않으므로, 신속한 SOC 측정이 가능하다는 장점이 있다.",http://plus.kipris.or.kr/openapi/fileToss.jsp?arg=ed43a0609e94d6e22d01c5c32ba711cf6d11f9c78b1fe41aeb93c7f024d19fa19165e0d68f8f5fc3febaa30e9f2b9ccb740310e83f993404eca4662d55e80f526d6af6e753d5a6c0,http://plus.kipris.or.kr/openapi/fileToss.jsp?arg=6c650beb4cee9ce4122b704b88878c9372ec71bbcfe5c14bd16038dc7e12dd4383fea2bbd05065dcd5bf0de69f0f2783ad2259e76cf6469a606ef7ae782e081af832871d9fa3e38d,한솔테크닉스(주)
HANSOL,28,거절,자동차용 스마트 레인 커버,B60J 5/04|B60R 11/00,,,1020240114943,20240827,1020260030342,20260306,,,"레인 롤러 장치를 자동차 도어의 프레임 상부에 장착하고, 도어를 열 때 비가 오는 것을 감지하면 레인 롤러 장치에 강제로 감긴 스크린의 가장자리가 차체에 고정되게 하여 도어와 프레임 사이에 스크린이 펼쳐져서 비를 피할 수 있게 한다. 특히, 레인 롤러 커버 밖으로 돌출한 스크린의 가장자리에 자성체를 구비하고, 이 자성체에 마주하는 차체 프레임에 전자석을 갖춤으로써, 스크린을 펼칠 필요가 있을 때 이 전자석이 스크린의 가장자리를 고정하여 자동으로 스크린이 펼쳐지거나 감길 수 있다. 또한, 자동차 주변에 비가 오는 것을 감지하는 레인 센서를 통해 얻은 신호로 전자석이 작동하도록 구성함으로써, 운전자는 자동차 도어를 개방하는 동작만으로 비가 올 때 스크린이 펼쳐지게 되어 더욱 편리하고 편안하게 사용할 수 있다.",http://plus.kipris.or.kr/openapi/fileToss.jsp?arg=ed43a0609e94d6e22d01c5c32ba711cfe341aa53914b9e8c378cd9d26df603ac73d075e8cf0a498719a06fc7cc455f447d82eeb70f15b3971b093823286694baa3b53136bdb6fe86,http://plus.kipris.or.kr/openapi/fileToss.jsp?arg=348aaf18c46825cf02d6c2de1c78338eac833154c0a37dac68ae507a52b5ccc1cf2aa7dad24b9a9711199f5e6f4358ec7b3916dc9671561370d6ba9cad74580604cde565e628fddd,주식회사 대한솔루션
HANSOL,30,취하,접착 주머니,A41D 27/20|A41D 1/06,,,1020190072690,20190619,1020200144705,20201230,,,"본 발명은 접착 주머니에 관한 것으로서 주머니가 없는 바지에 주머니 역할을 부여해 물건을 휴대할 수 있게하도록 함으로써 기존의 주머니가 없어서 간단한 보관조차 어려운 문제점을 해소 하도록 한 것이다. 즉 본 발명은, 주머니 없는 바지에 있어서 기존의 바지 역할과 편안하게 입을 수 있고 시원한 통풍을 할 수 있게 넉넉한 바지 폭과 밴딩으로 허리를 고정하고 ity원단으로 구성한 밴딩바지, 조그만한 물체를 휴대할 수 있게 천 조각을 주머니 모양으로 붙이는 면은 거친 면으로 형성한 주머니, 주머니 고정할 수 있게 바지에 벨크로를 붙이고 주머니에도 붙여서 연결하는 구성한 벨크로로 구성한 것이다. 따라서, 본 발명은 주머니가 없는 바지에 주머니 역할을 부여해 물건을 휴대할 수 있게하도록 함으로써 기존의 주머니가 없어서 간단한 보관조차 어려운 문제점을 해소하도록 한 효과를 갖는 것이다.",http://plus.kipris.or.kr/openapi/fileToss.jsp?arg=ed43a0609e94d6e22d01c5c32ba711cf26868696fbcae11402e408d449fd3b6a385aa3afefce0dd8553208c0933e61886728a2fbd48cd6918ea676aceecae9155df92513cd15e5b8,http://plus.kipris.or.kr/openapi/fileToss.jsp?arg=2ba38663aa11ff0f6ca91af6061a2e0055355236080415cc782c004b7c9caad675249f323c87e5e0907c8bb630df07cda04fc783f3c4d33c31fabfc4951b277f39415af1ceebbada,임지현|오한솔|김다민|하지혜
HANSOL,31,등록,끼움 고정식 전자부품,H05K 3/34,1025105270000,20230310,1020210042339,20210331,1020220135961,20221007,,20230316,"본 발명은 납땜 없이도 고정이 가능하고, 납땜할 경우에는 들뜸이나 틀어짐 없이 납땜이 가능하도록 구성된 끼움 고정식 전자부품에 관한 것으로, 상단에 히트싱크가 장착되는 전자부품 베이스 및 상기 전자부품 베이스 길이 양단에 마련되어 전자부품 베이스를 인쇄회로기판에 고정시키도록 형성되는 전자부품 고정체를 포함하는 전자부품에 있어서, 상기 전자부품 고정체는, 전자부품 고정체 베이스 및 상기 전자부품 고정체 베이스의 하단에서 하방으로 돌출 형성되어 인쇄회로기판을 삽입 관통하는 고정핀을 포함하고, 상기 고정핀은, 삽입 방향을 기준으로 하는 가상선에서 양측으로 절개되어 제1 고정핀과 제2 고정핀을 형성하되, 상기 제1 고정핀 및 제2 고정핀 중 하나 이상에는 인쇄회로기판을 삽입 관통할 때 인쇄회로기판 하측으로 노출된 위치에 걸림촉을 형성하는 끼움 고정식 전자부품을 제공할 수 있다.",http://plus.kipris.or.kr/openapi/fileToss.jsp?arg=ed43a0609e94d6e22d01c5c32ba711cf071874377d524e787afa7eab19db7b517e5ea872853a4168d34d49ec33d6fa306371de28a3303f6bb6d4e3df941bb6c81e01c4f9bda32c56,http://plus.kipris.or.kr/openapi/fileToss.jsp?arg=6c650beb4cee9ce4122b704b88878c939ad01f52bb39b86d518d4743bcb1e2959687259a796344dded718964fcfce2d96a67d01535f2184b82f0b4dd632d4e013106e6cbd0478f00,한솔테크닉스(주)
HANSOL,32,등록,영양 생식 두부 제조 방법,A23L 11/00|A23L 29/256|A23L 29/281|A23L 25/00|A23L 13/50,1021093930000,20200506,1020180101214,20180828,1020200024482,20200309,,20200512,"본 발명에 따른 영양 생식 두부 제조 방법은, 콩을 선별하여 세척, 불림, 분쇄, 가열, 간수를 부어 응고, 살균, 냉각, 저온보관하고 간수를 분리하여 순두부를 제조하는 단계, 상기 순두부에 우유, 두유 및 첨가제를 혼합하여 베이스를 제조하는 단계, 상기 베이스를 직접 가열하는 단계 및 상기 베이스를 저온에서 냉각하는 단계를 포함할 수 있다.",http://plus.kipris.or.kr/openapi/fileToss.jsp?arg=ed43a0609e94d6e22d01c5c32ba711cf7c4fc0dcae11f764da3701e72068c12b5b26e96036fb46b258427c321fd9ed894669eb28467f1bca617c661d3b0d6e26b454c4e7c887c034,http://plus.kipris.or.kr/openapi/fileToss.jsp?arg=2ba38663aa11ff0f6ca91af6061a2e0059eb5de92f25e3c65b6cdf410ebf2e9e294a3fa3222056f0c33ee29b891b268692c45fd85dd385259129ab0d12d42a8b0e672fcae425f831,채찬규|채찬솔
HANSOL,33,등록,통합 모니터링 시스템 및 그 방법,G06Q 50/10|G06Q 50/04|H04L 12/66|G06F 15/16|G06Q 50/50,1019567030000,20190305,1020160117936,20160913,1020180030333,20180322,,20190313,"본 발명은 통합 모니터링 시스템 및 그 방법에 관한 것이다. 본 통합 모니터링 시스템은, 제조 현장에 설치되는 스마트 센서 및 스마트 기기, 제조 현장의 소정 생산 라인이나 설비 단위로 각각 설치되어, 스마트 센서 및 스마트 기기 중 적어도 하나로부터 전달되는 제조 현황과 관련된 데이터를 실시간으로 측정 및 분석하는 제1 내지 제n 스마트 게이트웨이, 및 제1 내지 제n 스마트 게이트웨이와 통신 가능하게 연결되며, 제1 내지 제n 스마트 게이트웨이를 통해 측정 및 분석된 데이터에 기초하여, 생산운영 최적화에 필요한 분석 정보를 제공하는 통합 모니터링 제어 장치를 포함한다. 본 발명에 따르면, 제조 현황과 관련된 데이터의 분석을 통해, 사전 진단 기능을 제공할 수 있으며, 비효율적인 장비에 대한 분석 및 기존 장비에 대한 개선도 가능하며, 이를 통해 생산 운영의 최적화를 실현할 수 있다.",http://plus.kipris.or.kr/openapi/fileToss.jsp?arg=ed43a0609e94d6e22d01c5c32ba711cfcbad4f401686b16ff768b2a4f0e0a9be7179515abcb676a962adaa200b4ff7d32c7a6fd33398de84e975438322eef0e7c164d8c243123e2c,http://plus.kipris.or.kr/openapi/fileToss.jsp?arg=2ba38663aa11ff0f6ca91af6061a2e00f69fd805982bd604a2b08cbd011b477593cc1d342b83ef65f1f0d75ec75c4702ef15f74563d5a448e6d64d6ee477d7764bef5b8e69f4d483,한솔코에버 주식회사
HANSOL,34,등록,자동차의 플로어 카펫용 흡음재,B60N 3/04|A47G 27/02,1016016580000,20160303,1020140143920,20141023,,,,20160310,"본 발명은 2개의 흡음 층 사이에 흡음재의 강성을 보완할 수 있는 강성보강 층을 구성하되, 이 강성보강 층에 구멍이나 격자를 형성함으로써, 기본적으로 흡음재의 강성 보완을 통해 흡음재에 반복적인 하중이 가해지더라도 흡음재가 꺼지거나 눌리는 것을 방지하여 흡음재의 품질을 높이고, 특히 구멍이나 격자를 형성한 만큼 강성보강 층의 중량을 줄여 자동차 연비를 높이며, 또한 구멍이나 격자를 통과한 소음이 이웃한 흡음 층을 통해 2번에 걸쳐 흡음이 이루어지게 하여 흡음 성능을 높일 수 있게 한 자동차의 플로어 카펫용 흡음재를 제공하는 데 그 목적이 있다. 특히, 본 발명은 강성보강 층으로 얇은 두께로도 높은 강성과 유연성 그리고 내충격성과 차음성까지 갖춘 친환경 소재인 발포 폴리프로필렌(EPP)를 이용함으로써, 이처럼 운전자와 탑승자의 발부분을 통해 전달된 반복 하중에도 충분히 견딜 수 있을 뿐만 아니라 구멍이나 격자를 통해 2개의 흡음 층을 통해 2번에 걸친 흡음 효과를 얻을 수 있을 뿐만 아니라 중량 감소를 통해 연비를 높일 수 있게 한 자동차의 플로어 카펫용 흡음재를 제공하는 데 다른 목적이 있다.",http://plus.kipris.or.kr/openapi/fileToss.jsp?arg=ed43a0609e94d6e22d01c5c32ba711cf67405b5b3740b02888ab5a642b74ec62b0a7ccc32b9fdec89eae7328edafda138d8fcb296537ef4fe2a0f466e18c3578bb3578c7822982a4,http://plus.kipris.or.kr/openapi/fileToss.jsp?arg=2ba38663aa11ff0f6ca91af6061a2e008da6cf2ba9115ff18bc89e8746512d49b97fa5de4e41c43c4500aa605abb3f6c619ff9b3063774e61b845c6c2a59392222b9ef9f1460cb7e,주식회사 대한솔루션
HANSOL,35,등록,차량의 브레이크액 교환장치,B60T 17/04|B60T 17/06|B60T 17/08,1013705410000,20140227,1020120125521,20121107,,,,20140310,"본 발명은 브레이크액을 교환할 때 주입할 때 가압력과 배출할 때 흡입력을 동시에 수행하도록 하여 신속성과 이물질을 배출할 수 있도록 하면서 폐브레이크액의 배출량 및 상태를 육안으로 확인할 수 있도록 하는 차량의 브레이크액 교환장치이다. 본 발명은 함체(10)의 한 측에 구비하는 에어주입구(20)는 흡입밸브(21)와 주입밸브(22) 및 폐액배출밸브(23)의 조작에 의하여 에어를 선택적으로 공급되도록 함과, 상기 함체(10)의 내부에 구비하면서 주입밸브(22)의 조작으로 작동하는 주입실린더(30)의 가압으로 주입호스(31)를 통해 리저버탱크(40)에 브레이크액을 가압시키어 공급되도록 구성함과, 상기 함체(10)의 내부 후방에 구비하면서 흡입밸브(21)의 조작으로 진공발생기(52)의 연계 작동에 의해 진공상태를 갖게 하면서 흡입호스(51)로 연결하는 폐액저장탱크(50)를 구비함과, 상기 폐액저장탱크(50)에 폐액배출밸브(23)의 조작으로 에어 압력에 의하여 하부로 연결되는 폐액배출호스(53)를 통해 배출되도록 구성함을 특징으로 한다. 또, 상기 함체(10)의 전면 한 측에 육안으로 내부를 확인할 수 있도록 형성하면서 흡입호스(51)의 라인에 의하여 폐브레이크액을 입출되는 예비저장 투명탱크(80)를 구비함을 특징으로 한다.",http://plus.kipris.or.kr/openapi/fileToss.jsp?arg=ed43a0609e94d6e22d01c5c32ba711cf5ca85b8bd4744faff76d3bbf639ab0654b7a7045125dc3afedb9817cac19e260c34434e60dfbe8ad2a5dd1d64692ad26d8604773b1163c0b,http://plus.kipris.or.kr/openapi/fileToss.jsp?arg=2ba38663aa11ff0f6ca91af6061a2e0041e084a1788fde2423f8969e409e3b5254836cad97c8c7d46e176fb88b8cffbb6def414829883c86503b9c124a3ba393c02c8802d21f4394,주식회사 한솔엔지니어링
HANSOL,36,공개,확장형 유체 차단 장치,F16L 55/10|F16L 41/04|F16L 41/16|F16L 55/18,,,1020240007144,20240117,1020250112400,20250724,,,"본 발명의 확장형 유체 차단 장치는, 상커버; 상기 상커버와 결합하는 하커버; 상기 상커버와 하커버의 둘레를 감싸는 밸브시트; 상기 밸브시트를 둘레 방향으로 팽창시키는 밀판; 및 상기 밀판을 구동시키는 구동 수단;을 포함하는 것을 특징으로 한다. 이에 따라, 기계적인 구동수단에 의해 밸브시트의 확장 및 축소를 물리적으로 구현하여 상수도관과 같은 배관내 파지력을 높여주는 효과를 제공한다.",http://plus.kipris.or.kr/openapi/fileToss.jsp?arg=ed43a0609e94d6e22d01c5c32ba711cfa7dc0766d6ef9addc14d15a092b42e04e27905a7a48859c7111b8b8f77a52e51225cb8be851df3119e3bcd58f9671f7bf95487c7c5452ee6,http://plus.kipris.or.kr/openapi/fileToss.jsp?arg=6c650beb4cee9ce4122b704b88878c93dedaf8bbe799cae144c372f62e7093e9b28e32ded8cb8c43ad6d17b418609ef5b149d2271685ed80825ede3395e8a67173723999620416cd,전한솔|전한별
HANSOL,37,거절,자동차용 대시 인너 인슐레이션 및 그 제조방법,B32B 27/12|B32B 37/06|B32B 37/14|B32B 38/00|B60R 13/08|B29C 53/02,,,1020230081791,20230626,1020250000228,20250103,,,"본 발명은 대시 인너 인슐레이션 형상으로 형성된 TPE 시트 면에 극세사 시트를 적층한 다음, 상기 TPE 시트와 극세사 시트를 열 성형 방식으로 성형품을 일체로 성형함으로써, 기존 폴리우레탄과 비교하여 가벼우면서도 전기차에서 발생하는 고주파도 차단할 수 있는 극세사 시트를 TPE 시트 전면에 쉽게 부착하여 편리하게 사용할 수 있게 한 자동차용 대시 인너 인슐레이션 및 그 제조방법을 제공하는데 그 목적이 있다. 특히, 본 발명은 열 성형할 때, 극세사 시트에만 열이 가해지도록 구성함으로써, 예열된 극세사 시트가 미리 대시 인너 인슐레이션 형상으로 성형된 TPE 시트 면 전체에 골고루 부착되게 한 자동차용 대시 인너 인슐레이션 및 그 제조방법을 제공하는데 다른 목적이 있다.",http://plus.kipris.or.kr/openapi/fileToss.jsp?arg=ed43a0609e94d6e22d01c5c32ba711cfafcfef8e4c1dbd199f355d3d9ddc64773dc40ee826b2c48dc714d89796d09dc290832655ecadfd316e49684ce25c19023797a483abeee166,http://plus.kipris.or.kr/openapi/fileToss.jsp?arg=6c650beb4cee9ce4122b704b88878c93ba01442f876df834d1c7896c6fa611b615d5bae89df0b232ba9c5ae5f31b0b8abd428120acd125297e0918fe05bb04af5ad0cd41a394f980,주식회사 대한솔루션
HANSOL,38,공개,단속 정확성 및 신뢰도를 높인 레이저 신호를 이용한 측주형 무인 단속시스템,G08G 1/052|G08G 1/04|G08G 1/16|G01S 7/48,,,1020240075666,20240611,1020250175943,20251218,,,"본 발명은 도로의 갓길에 차량 주행-방향으로 이격되게 설치되는 전방 레이저기와 후방 레이저기가 각각 3개의 레이저-센서들을 송수신함과 동시에 컨트롤러가 각 레이저-센서의 검지-신호를 분석하여, 에러 및 오류가 발생한 검지-신호를 필터링한 후, 잔여 검지-신호들을 이용하여 차량 정보를 생성함으로써 차량 검지의 정확성 및 정밀도를 높여, 단속 정확성 및 신뢰도를 개선할 뿐만 아니라 다른 차선의 차량-간섭으로 인한 에러 및 오류를 현저히 절감시킬 수 있는 측주형 무인 단속시스템에 관한 것이다.",http://plus.kipris.or.kr/openapi/fileToss.jsp?arg=ed43a0609e94d6e22d01c5c32ba711cf4e9b9487d5c23549dd6486fe1382e9fac2b96e397d7599a71d2f6b5c915f7128d07d019a113188964986057d7445819cad3ccbfbae6cb396,http://plus.kipris.or.kr/openapi/fileToss.jsp?arg=6c650beb4cee9ce4122b704b88878c93b9bedcd5a156dc1c1e2ea3da1090f16e5a859a0acf7c88f2657eb38edd05df02865df933424a190b1f9cb38ff3bd04294abfc710cd1f8991,주식회사 한솔리드텍
HANSOL,39,공개,자동차용 타프 모기장,E04H 15/06|E04H 15/58|E04H 15/54|E04H 15/60,,,1020240094251,20240717,1020260011918,20260126,,,"어느 하나의 측면 폴이, 자동차 패널과 자동차 도어 사이에 고정되고 한쪽에 센터 폴이 조립된 보조 폴을 고정할 수 있게 구성함으로써, 폴을 견고하게 고정하면서도 모기장을 쉽게 설치하거나 회수하여 편리하게 사용할 수 있다. 특히, 바닥에서 센터 폴 상단까지 길이와 이와 마주하거나 가장 가까이 있는 측면 폴의 길이를 다른 폴보다 길게 구성함으로써, 모기장의 중간 부분이 위로 돌출하여, 낙엽 등이 타프 모기장 위에 떨어지더라도 자연스럽게 경사면을 따라 아래로 떨어지도록 유도할 수 있게 하여 안전하게 사용할 수 있다. 또한, 타프 모기장의 여러 측면 중, 적어도 자동차 도어와 마주하는 측면에는 적어도 하나의 지퍼를 사용하여 개폐할 수 있게 구성함으로써, 자동차와 타프 모기장 사이를 쉽고 편리하게 드나들 수 있다.",http://plus.kipris.or.kr/openapi/fileToss.jsp?arg=ed43a0609e94d6e22d01c5c32ba711cfc5a39adac032d3bed4e0ef5494e931ae4361b6702be28b8db0719c15e112a87e8be86f36c5f773420be9c31c4de44bf8d573e53f35fe9cf5,http://plus.kipris.or.kr/openapi/fileToss.jsp?arg=6c650beb4cee9ce4122b704b88878c93a8d36a32326809827db0b17ea679ae52e79cc4963e5a862471eb5cf4d65997a15c267e69ede9c495ab77a07037a1e93c789ce861a24fc34c,주식회사 대한솔루션
HANSOL,43,공개,머신러닝 기술을 활용한 최적의 공정 제어 산출 방법,G05B 13/04|G06N 20/00,,,1020240108434,20240813,1020260024587,20260223,,,"본 발명은 머신러닝 기술을 활용한 최적의 공정 제어 산출 방법으로서, 오픈 라리브러리 형태로 라이선스 부담이 적고 낮은 컴퓨터 퍼포먼스에서 사용 가능하며 적용 후 전문가의 도움을 최소화할 수 있는 것을 특징으로 한다.",,,한솔코에버 주식회사
HANSOL,46,등록,루프 랙을 이용한 자동차 도어 가드,B60R 13/04|B60R 9/04|B60R 11/00,1029282330000,20260211,1020240150712,20241030,,,,20260219,"본 발명은 루프 랙에 길이 방향을 따라 자리 면을 구성하고, 이 자리 면에 띠 형태로 이루어진 가드 보디를 보관해 두었다가 필요할 때 루프 랙에서 이 가드 보디를 분리하여 자동차 측면에 부착해서 사용할 수 있게 구성함으로써, 자동차의 전체 미관과 미감을 해치지 않으면서도 도어 찍힘 현상을 방지하여 편리하고 안전하게 사용할 수 있다. 특히, 가드 보디 면 중 어느 한 면에 종이 자석을 부착함으로, 자동차 측면에 쉽게 부착하여 사용하거나, 루프 랙에도 쉽게 탈부착할 수 있어 누구든지 쉽고 편리하게 사용할 수 있다. 또한, 가드 보디를 2~5개로 분할함으로써, 도어 찍힘 등이 발생할 수 있는 위치나 이와 유사한 파손이 발생할 우려가 있는 부분에 절절한 길이를 가진 가드 보디를 선택적으로 선택하여 사용할 수 있다.",http://plus.kipris.or.kr/openapi/fileToss.jsp?arg=ed43a0609e94d6e22d01c5c32ba711cf4527cb7b86ef8d1a53ca4d9ce7cdbe8203db5487f3b100bed79a498c4f9217a5d43f2c7dd6e0d48dd18740234cfca1753b093e81652bee47,http://plus.kipris.or.kr/openapi/fileToss.jsp?arg=6c650beb4cee9ce4122b704b88878c9382dcea52baf30ef00bd6a33e2ce8d97e1b6c2a5acae0baa295b83e8ac9e2b95b415c455f9fde979688c69426a1c6ac922192d0e9749b1fc8,주식회사 대한솔루션
HANSOL,47,공개,커튼월 및 금속제 창호에 적합하게 사용될 수 있는 코너 마감기구,E04B 2/96|E06B 3/267,,,1020240097906,20240724,1020260014902,20260202,,,"한 종류의 마감기구로 다양한 코너 각도의 건축물의 코너를 마감할 수 있고, 만들기 쉬우며 가벼운 커튼월 및 금속제 창호에 적합하게 사용될 수 있는 코너 마감기구를 제공할 수 있다. 상기 커튼월 및 금속제 창호에 적합하게 사용될 수 있는 코너 마감기구는 일단에 원호형으로 형성된 제1원호부가 형성되고, 타단에 건축물의 코너 일측에 설치되는 제1유리창 고정부의 제1고정부에 결합하기 위한 제1결합부가 형성된 제1마감부재 및 일단에 상기 제1원호부를 수용하도록 결합되어 상기 제1마감부재와 회동 가능하게 연결하는 원호형으로 형성된 제2원호부가 형성되고, 타단에 건축물의 타측에 설치되는 제2유리창 고정부의 제2고정부에 결합하기 위한 제2결합부가 형성된 제2마감부재를 포함하여 구성되어, 상기 제1유리창 고정부와 상기 제2유리창 고정부가 이루는 각도에 따라 상기 제1마감부재와 상기 제2마감부재 간의 각도를 조정할 수 있게 된 것을 포함한다.",http://plus.kipris.or.kr/openapi/fileToss.jsp?arg=ed43a0609e94d6e22d01c5c32ba711cf334a539b7a939bedf22311c29b367d1427fbbf715d3afd7788ce251a2b24602c099a929b6d83dbdd28c533a93f669c1d59b9cc278f39a908,http://plus.kipris.or.kr/openapi/fileToss.jsp?arg=348aaf18c46825cf02d6c2de1c78338e669cd2fcc473a7af01785953e3e88e0db7338c7be6b67735b36e1cc86375561bc81dd201d2163cbf263bfb78066447c56ac9443a60102bc8,주식회사 한솔에이치더블유디
HANSOL,48,등록,회전식 고압분사수단을 부착한 생물학적 탈취장치,B01D 53/84|A61L 9/00,1006869370000,20070220,1020060072663,20060801,,,,20070226,"본 발명은 수처리 및 퇴비화시설 등과 산업현장에서 발생하는 악취 및 휘발성 유기화합물을 무해한 물질로 분해 배출하는 생물학적 탈취장치에서 장기적 운전에 따른 미생물의 과잉성장과 먼지등의 이물질에 의해 담체간 공극이 감소하여 담체층의 압력손실이 증가되어 통과흐름의 불균일현상으로 인하여 생물학적 탈취장치의 효율을 저하시키는 것을 방지하기 위해 회전식 고압분사수단을 부착한 생물학적 탈취장치에 관한 것이다. 본 발명에서는 생물학적 탈취시스템을 구성하는 미생물반응층 내부에 회전하는 축을 설치하고 이 축의 내부를 통해 고압의 세정수가 분사되어 미생물반응층에 충전된 미생물담체 표면 및 담체간 공극을 막고 있는 바이오매스와 먼지를 수세하여 제거한다. 아울러 고압분사수단은 간헐적으로 가동되며, 필요에 따라서는 연속적으로 가동할 수 있는데 수세작용과 함께 탈취장치 내부의 습도, pH 및 영양제의 공급을 위한 역할도 한다. 따라서 고압분사수단이 부착된 생물학적 탈취장치를 이용하여 보다 안정적 제거효율을 유지할 수 있으며 장기간 사용에 따른 압력손실의 증가로 인한 생물학적 탈취장치의 가동중단 등의 부작용을 막을 수 있다. 생물학적 탈취장치, 악취, 휘발성유기화합물, 수세, 바이오매스, 회전고압분 사수단",http://plus.kipris.or.kr/openapi/fileToss.jsp?arg=ed43a0609e94d6e2d625a3dcb0746fe46c22163f668395d4d5026e7a0dc93c0149aaba5381ff5edefcbe64ab89edf9ca,http://plus.kipris.or.kr/openapi/fileToss.jsp?arg=452306798ef1fd035bfb5ff666db4c9cfe49d03e6a3dce01ec48d68bdde8b70cf4db40f90d851cc5564e82e6daf307b8,주식회사 엔바이온|한솔이엠이(주)
HANSOL,49,등록,유입식 변압기 콘서베이터(conservator)의 내부에 설치되는 공기주머니의 제조방법,H01F 27/14|H01F 27/32|H01F 41/00|A63B 41/00,1012414090000,20130304,1020120123603,20121102,,,,20130311,"본 발명은 변압기유를 통해 철심과 권선 등을 냉각하는 유입식 변압기에 있어서 변압기유가 공기와의 접촉에 의해 산화되는 것을 방지할 수 있도록 유입식 변압기 콘서베이터(conservator)의 내부에 설치되는 공기주머니의 제조방법이 관한 것으로, 본 발명은 상부고무판재와 하부고무판재를 겹쳐 공기주머니 형상을 제조하는 단계; 상기 상부고무판재와 하부고무판재가 겹쳐진 경계선에 라이너를 접착제를 사용하여 접착하는 단계; 상기 상부고무판재와 하부고무판재가 겹쳐진 경계선에 열과 압력을 가하여 상부고무판재와 하부고무판재와 일체화 되는 것을 특징으로 한다. 본 발명에 의하면 상부고무판재와 하부고무판재가 겹쳐지는 경계선에 상기 고무판재와 동일한 재질로 이루어진 접착제를 라이너에 발라 접착한 후 열과 압력을 가하여 상부고무판재와 하부고무판재가 라이너에 의하여 한 몸체가 되도록 하여 공기주머니의 두께를 줄일 수 있음과 더불어 상부고무판재와 하부고무판재가 떨어지는 것을 방지할 수 있고, 상부고무판재 또는 하부고무판재에 장착되는 걸이수단을 상기 고무판재와 동일한 재질의 접착제를 사용하여 열과 압력을 가함으로써 걸이수단이 고무판재와 분리되는 현상을 방지할 수 있다.",http://plus.kipris.or.kr/openapi/fileToss.jsp?arg=ed43a0609e94d6e22d01c5c32ba711cf392ecb2a3263acadd21ef791cef38334b0918b6579e1889d62e8d0c4a5172b2f13109765e552dcafb4871707071e0a661ff491107d89c8da,http://plus.kipris.or.kr/openapi/fileToss.jsp?arg=452306798ef1fd03bf8e5ba4e1dbf7261a94b9a6641bfe9d2deb5469b7902bb1f02d69791854ec90adf0674cbfb3f1a28ccae1a575ae5ec9defd01e9b8bbbfc5479d71c85ea0bdbf,주식회사 한솔테크
HANSOL,50,공개,자동차용 트렁크 리드의 개폐핸들,B62D 25/12|B60R 7/12|B60R 11/00,,,1020240084057,20240626,1020260000978,20260105,,,"본 발명은 트렁크 리드를 개폐할 때 사용되는 손잡이에 탄성 거치 돌기를 형성함으로, 트렁크 리드 손잡이에 우산을 거치해 놓고 필요할 때 꺼내서 바로 사용할 수 있게 한다. 특히, 본 발명은 상기 탄성 거치 돌기를 제작할 때, 절곡 부분이 개폐핸들과 마주하게 형성하여 개폐핸들과 탄성 거치 돌기 사이로 쉽게 우산을 삽입하여 보관할 수 있게 하고, 길이 부재 형태로 제작된 탄성 거치 돌기에서 방향이 바뀌는 부분에는 연약 부분을 형성하여 쉽게 휘게 하여 우산 형태를 안정적으로 지지 고정해 줄 수 있게 한다. 또한, 본 발명은 개폐핸들로 풀 업 핸들이나 플랩 핸들 등을 이용함으로써, 핸들 면이 넓어 탄성 거치 돌기를 형성하더라도 핸들 조작에 불편함이 없이 편리하게 우산을 거치하여 필요할 때 편리하게 사용할 수 있다.",http://plus.kipris.or.kr/openapi/fileToss.jsp?arg=ed43a0609e94d6e22d01c5c32ba711cf3e0a9073d3d020277439b5bea5eafdf029880b9283a27d222c0c5cbd76355b56914f048644e5913d4b30d0702c6063646d0bc9e98d0d11ca,http://plus.kipris.or.kr/openapi/fileToss.jsp?arg=6c650beb4cee9ce4122b704b88878c936982c57ccb65cf3ee71f93f8ea05a961fe08df105dc89a06ed74a01ceef2e259053d6e0a1086e8ab2c7a2e53e27d54239db0182a1d139005,주식회사 대한솔루션
HANSOL,51,등록,자동차용 헤드 라이너 후부의 장착 장치,B60R 13/02,1029282470000,20260211,1020240150703,20241030,,,,20260219,"본 발명은 가이드 안내로 정해진 위치에 정확하게 안내하면서 듀얼 락을 통해 헤드 라이너를 루프패널에 고정할 수 있게 구성함으로써, 누구든지 정해진 위치에 신속하고 정확하게 헤드 라이너를 조립할 수 있다. 특히, 가이드와 듀얼 락이 베이스에 구성되게 함으로써, 차종마다 다른 보디 패널에 형성되는 가이드 구멍과 듀얼 락 위치에 따라 헤드 라이너에 부착하는 조립 브래킷의 장착 위치를 조절하여 신속하고 편리하면서도 정확하게 정해진 위치에 헤드 라이너를 조립할 수 있다. 또한, 가이드가 상기 베이스에 밖으로 갈수록 좁아지게 형성함으로써, 이 가이드가 가이드 구멍에 쉽게 끼워질 수 있게 할 뿐만 아니라, 상기 가이드가 가이드 구멍 안으로 들어갈수록 정해진 위치에 맞춰 헤드 라이너가 안착될 수 있도록 안내할 수 있다.",http://plus.kipris.or.kr/openapi/fileToss.jsp?arg=ed43a0609e94d6e22d01c5c32ba711cf4527cb7b86ef8d1a53ca4d9ce7cdbe8203db5487f3b100bed79a498c4f9217a5618bea573e427a4881b68e73b10c6b03d1529789decc4f4c,http://plus.kipris.or.kr/openapi/fileToss.jsp?arg=6c650beb4cee9ce4122b704b88878c9382dcea52baf30ef00bd6a33e2ce8d97e1b6c2a5acae0baa295b83e8ac9e2b95b82f95c88a32da712bded1a0db16f0d78708caad73aba1639,주식회사 대한솔루션
HANSOL,52,공개,자동차용 휠 가드,B62D 25/18|B60R 13/08|B32B 5/26,,,1020240081578,20240624,1020250179797,20251231,,,"본 발명은 두 개의 PET 펠트층을 일체로 성형할 때, 그 사이에서 적어도 일부에 PET 중공사 펠트층을 삽입하여 일체로 성형함으로써, 성형 공정을 줄이면서도 흡습성과 보온성 그리고 복원력이 우수한 PET 중공사를 통해 흡음성능을 개선할 수 있게 한다. 특히, 본 발명은 상기 PET 중공사의 폭 단면이 팔각별 형상으로 이루어진 팔엽 중공사를 사용함으로써, PET 중공사 사이에 흡음 공간이 충분하게 만들어지게 하여 흡음 성능을 한층 더 높일 수 있게 한다. 또한, 본 발명은 상기 PET 중공사 펠트층을 휠 가드 면의 적어도 일부, 바람직하게는 기존에 흡음 성능을 얻기 위해 설치되는 신슐레이션이 장착되는 부분에만 삽입하여 일체로 제작함으로써, 휠 가드의 중량 증가를 최소화하면서도 흡음 성능을 개선할 수 있다.",http://plus.kipris.or.kr/openapi/fileToss.jsp?arg=ed43a0609e94d6e22d01c5c32ba711cf1199f4cf644f44ea40f001e2c413635c420c79b7b8a40229e7f6add016cdd2c522615a7d8320c13054ef55e28ba5240739d3a82ec5c4e382,http://plus.kipris.or.kr/openapi/fileToss.jsp?arg=6c650beb4cee9ce4122b704b88878c93c9c19e2d7538f5530582b0dec27d1adc93343e29c6d3e45896cfcafa330cc1894eaed8850e780893286bc70a8429c912615a80b5ee20de5a,주식회사 대한솔루션
HANSOL,53,등록,무용접 조립방식을 갖는 거푸집,E04G 13/04|E04C 3/293|E04C 5/01,1029271160000,20260209,1020230140670,20231019,1020250056687,20250428,,20260212,"본 기술은 무용접 방식으로 조립에 의해 거푸집을 형성하되 콘크리트 타설 등과 같은 시공 과정에서 해당 거푸집의 변형 방지 및 유실을 방지할 수 있는 무용접의 거푸집에 관한 것으로, 더욱 상세하게는 복수의 플레이트 단부에 각각 형성된 절곡부가 결속부재와 보강부재에 의해 형상이 변형되지 않도록 바닥부재와 측면부재를 이루도록 서로 조립되어 형성되는 거푸집에 있어서, 각각의 절곡부는 돌출편, 일측이 상기 돌출편과 직각을 이루도록 연장 형성되되 외면에는 상기 결속부재가 관통 삽입되는 슬롯이 형성된 연장편, 상기 연장편 타측과 이어지게 소정의 경사각을 갖도록 상기 돌출편과 대향되게 절곡 형성된 경사편을 포함하되, 각각의 바닥부재와 측면부재는 이웃하는 서로 다른 두 종류의 플레이트에 형성된 연장편과 돌출편이 면접되게 경사편이 억지 끼움하여 형성되며, 억지 끼움 하는 한 쌍의 경사편은 서로 다른 경사각을 갖도록 성형되어 콘크리트가 거푸집 외부로 유실되지 않도록 하는 것을 특징으로 한다.",http://plus.kipris.or.kr/openapi/fileToss.jsp?arg=ed43a0609e94d6e22d01c5c32ba711cf49c3c651e04e87fb9bf0e7fe1919ba906be3dae30f8093e151bf430b288f691b5b80e9235aefba11dc65234d06628d98ba05e24c4cc83659,http://plus.kipris.or.kr/openapi/fileToss.jsp?arg=6c650beb4cee9ce4122b704b88878c93aca9ee610b7c159a981962a77715a8bc56790c111322122b3a26494b94bf8d0f0b2632014c24b11b61f37a05470150a07b84882c776a3443,주식회사 한솔건업
HANSOL,54,등록,광반사율 및 보온성이 우수한 블라인드용 직물의 제조방법,D03D 11/00|D03D 1/06|D03D 1/00|D03D 15/25|D03D 15/283,1019713730000,20190416,1020170177861,20171222,,,,20190422,"본 발명은 PET필름코팅이 된 알루미늄플랫사와 합성섬유로 이중직으로 제직한 광반사율 및 보온성이 우수한 블라인드용 직물의 제조방법에 관한 것으로서 본 발명에 의하면, 기존의 알루미늄 스프레이 방식, 알루미늄 증착 방식으로 제조되던 블라인드용 직물과는 다른 방식인 알루미늄플랫사를 이용해 합성섬유사와 이중제직하여 75% 이상의 광반사율을 갖는 제직 기술로서, 최적의 슬리팅 조건과 제직 밀도를 확립하여 블라인드를 경사 줄이 발생하지 않으며 제직 후 평활도를 향상시켜 난반사가 발생하지 않도록 제조할 수 있다.",http://plus.kipris.or.kr/openapi/fileToss.jsp?arg=ed43a0609e94d6e22d01c5c32ba711cfbfe601cbeef7d5bfeca44f5d3978c5d5cb099436322d84009969f9f404615f01a2bdd2c1d990f9733dabfae6ebbc0188de54a7ffa9541e3b,http://plus.kipris.or.kr/openapi/fileToss.jsp?arg=2ba38663aa11ff0f6ca91af6061a2e00886af91f34de66a6339db44ab59cf0bfb194c157f9506f5e19025cdb7f79c4944d5014480bc4ee2b716b981780b42fde649e2c5951e15572,(주)한솔아이엠비|다이텍연구원
HANSOL,55,등록,식품 포장용 용기,B65D 8/00|B65D 6/00|B65D 1/26|B65D 1/42,1029260120000,20260206,1020240018950,20240207,1020250122822,20250814,,20260211,"본 발명은 식품 포장용 용기에 관한 것으로, 종이 재질로 마련되어 분리 배출이 용이한 식품 포장용 용기를 제공한다.",http://plus.kipris.or.kr/openapi/fileToss.jsp?arg=ed43a0609e94d6e22d01c5c32ba711cfdeb45b1ed6b3ecf2ba0c5cdde13fa6323ede20d77a08e8fc7839203fd98e1834dd6adf13ee287eb33292011036c4012b0b64a175700cd5ba,http://plus.kipris.or.kr/openapi/fileToss.jsp?arg=6c650beb4cee9ce4122b704b88878c930f54a37150e9f4937a5fe164f5b87312273962abe3865c2fdb384ce5a12c1cffbcdb77b113f2e9ae62bacae61a6fb4350a7ef2cef5d51a13,한솔제지 주식회사
HANSOL,56,등록,펠렛 공급 장치 및 이를 포함하는 펠렛난로,F24B 13/04|F24B 1/08|F24B 1/02|F23K 3/16|B65G 15/30|B65G 47/18|B65G 45/10|B65G 45/18|F23B 50/12,1022194990000,20210218,1020190069976,20190613,1020200143553,20201224,,20210225,"펠렛 공급호퍼와, 펠렛 공급호퍼에서 공급되는 펠렛 연료를 연소실로 공급하는 펠렛 공급덕트와, 펠렛 공급호퍼에서 낙하하는 펠렛을 펠렛 공급덕트로 이송시키는 이송벨트와, 이송벨트를 주행 구동시키는 벨트 구동부를 포함하며, 이송벨트에는 펠렛과 함께 공급되는 펠렛 가루를 통과시켜 걸러내기 위한 다수의 통과공이 형성된 것을 특징으로 하는 펠렛 공급 장치 및 이를 포함하는 펠렛 난로가 개시된다.",http://plus.kipris.or.kr/openapi/fileToss.jsp?arg=ed43a0609e94d6e22d01c5c32ba711cffaa94bae013d11bf0fed559d6d9353c2352c672a54807a287f92812675692f710b1a301079ee5cd11d81d146f605e35555e358d19497a39a,http://plus.kipris.or.kr/openapi/fileToss.jsp?arg=6c650beb4cee9ce4122b704b88878c936be951684ea5c2127916518a0880a7d5bad362c11d81001dd28284b2b29364859f209a53fca09e611f38dd58736502428773ddbd6ecd1a37,(주)한솔일렉트로닉스
HANSOL,57,등록,매립형 섹스티아,E04G 15/06|E04B 1/94|F16L 5/04|F16L 5/10,1019154370000,20181030,1020180046842,20180423,,,,20181105,"본 발명은 매립형 섹스티아에 관한 것으로, 보다 구체적으로는, 공동주택 등의 상하층 간 연결 구조를 형성하는 오·배수 입상 배관시 필요한 오·배수 파이프를 통합시키고 비용감축과 시공의 편리성을 제공하도록 하기 위해, 단면 중 한 측은 수직으로 일자형을 형성하며, 다른 측은 상부에 엘보 파이프(115)에서 배출되는 오·폐수를 하층의 입상 파이프(1b)로 전달하기 위해 수직으로 폭이 감소하는 형태로 형성되는 매립형 섹스티아 본체(121); 및 매립형 섹스티아 본체(121)의 하단부에 체결 및 분리가 가능하며, 높이를 차별화하여 층고에 맞는 높이를 제공하며, 매립형 섹스티아 받침(132)에 내화충전재(131)가 삽입되어 제공되는 매립형 섹스티아 받침(132); 을 포함하는 매립형 섹스티아에 관한 것이다. 이에 의해, 수직 관통부에 들어가는 별도의 관통 슬리브를 쓸 필요가 없으며, 내화충전재 시공을 별도로 할 필요가 없도록 하는 효과를 제공한다. 또한, 내화충전재를 매립형 섹스티아 받침 내부로 각 층당 1개소에만 사용하게 함으로써, 비용절감의 효과를 제공할 뿐만 아니라, 섹스티아 자체가 슬라브에 매립이 되기 때문에 입상 파이프 배관 작업시, 별도로 섹스티아를 사용할 필요가 없는 효과를 제공한다. 또한, 입상 파이프 배관 작업 시 당해 층에서의 개별적인 배관 시공이 가능하고, 편심된 원반을 이용하여 파이프...(이하생략)",http://plus.kipris.or.kr/openapi/fileToss.jsp?arg=ed43a0609e94d6e22d01c5c32ba711cf43a91dde73d2c02087a059789738851061a918cde923ca3b3a034f755a55a5f1c373f557ea93c00718e1e20094a1441d5a667c839d3afbd6,http://plus.kipris.or.kr/openapi/fileToss.jsp?arg=2ba38663aa11ff0f6ca91af6061a2e0087c11b556d12a3758a18df9adf875689d94b77b5289935c9389be29b3d73eb47e8713333bd99b36193ee8da1d83de632692c46644ed1f326,최한솔
HANSOL,58,취하,유기 전기 전자 소자의 봉지층 형성 방법 및 이에 따른 유기 전기 전자 소자의 봉지층,H10K 71/00|H10P 10/00|H10P 14/24,,,1020160181090,20161228,1020170077836,20170706,,,"본 발명의 일 실시예는 유연성 및 밀도를 향상시킨 유기 전기 전자 소자의 봉지층 형성 방법 및 이에 따른 유기 전기 전자 소자의 봉지층을 제공한다. 이를 위해 본 발명에 일 실시예는 이송 가스 공급부로부터 이송 가스를 공급받고, 분말 공급부로부터 세라믹 분말을 공급받아, 상기 세라믹 분말을 에어로졸 상태로 이송하는 단계 및 상기 에어로졸 상태로 이송된 상기 세라믹 분말을 공정 챔버 내에 위치된 유기 전기 전자 소자 표면에 충돌 및 파쇄시켜, 상기 유기 전기 전자 소자 표면에 봉지층을 형성하는 단계를 포함하는 것을 특징으로 하는 유기 전기 전자 소자의 봉지층 형성 방법 및 이에 따른 유기 전기 전자 소자의 봉지층을 개시한다.",http://plus.kipris.or.kr/openapi/fileToss.jsp?arg=ed43a0609e94d6e22d01c5c32ba711cf6b034d7f6ef5d3d0bc20bb9b9115da8e419fca4784986afe17851ef668b7afa59ee833a602576ce1ae2ca12074968a83a0baf3cf79432a88,http://plus.kipris.or.kr/openapi/fileToss.jsp?arg=2ba38663aa11ff0f6ca91af6061a2e0055db215f8327de07765179f7671f8e3e7a48a434f0128b6fdfed3c8a2ef672c24c1efcd4a18fb8b7e4c04059e076f1c6cc8f40618f05d809,한솔아이원스 주식회사
HANSOL,59,소멸,UV LED가 결합된 전기포트,A47J 27/21|A61L 2/10,1022045860000,20210113,1020200077052,20200624,,,,20210119,"UV LED가 결합된 전기포트가 제공 된다. 본 발명의 일 실시예에 따른 UV LED가 결합된 전기포트는 전기포트 내부 측면부에 상기 전기포트의 내부를 둘러싸며 설치되고, 자외선을 반사시키는 재질로 이루어진 반사부, 및 전기포트 내부의 하단 측부에 위치하여 상기 전기포트의 하측에서 상기 반사부가 위치한 방향을 향해 자외선을 조사하는 제1 살균부를 포함하고, 상기 반사부는, 상기 전기포트의 하측에서 조사된 자외선을 반사시켜 상기 전기포트의 내부의 상측으로 전달할 수 있다.",http://plus.kipris.or.kr/openapi/fileToss.jsp?arg=ed43a0609e94d6e22d01c5c32ba711cf1ead725c7e832212e2d1c1a9cc89fa71dccc8962f0ce9af4af6d776d85e021fef5a059e02a8a19958b56a2f58db8df3c5e16ff6e880c2406,http://plus.kipris.or.kr/openapi/fileToss.jsp?arg=6c650beb4cee9ce4122b704b88878c935d7cca487aa6c0740b829825b2d962df809767f1b4cd0a53ec6714f4450fae476b343e8a8139edfa454b7b2c115e6be274fe30c5057e2116,주한솔
HANSOL,60,등록,"다용도 루프 드레인, 그리고 이의 시공 방법",E04D 13/04,1019409530000,20190115,1020180046843,20180423,,,,20190121,"본 발명은 다용도 루프 드레인, 그리고 이의 시공 방법에 관한 것이다. 본 발명은, 하단에 해당하는 일 측이 플랜지(130)와 결합하고, 상단에 해당하는 타측에는 상단 망(110)이 거치되는 상부 몸체(120); 및 플랜지 몸체(131) 및 플랜지 거치부(132)로 이루어져서 상부 몸체(120)와 하부 몸체(140) 사이를 체결하고, 하부 몸체(140) 사이에서 방수층 표면의 물 흐름을 제공하는 공간을 형성하기 위해 형성되는 플랜지(130); 을 포함하며, 플랜지 몸체(131)는 단면이 링 형상인 원통형으로 형성되며, 플랜지(130)의 정방향 입상 상태에서 플랜지 몸체(131)는 플랜지 몸체(131)의 내경은 유지한 상태로 플랜지 몸체(132)의 하단으로 갈수록 외경이 점증적으로 커지는 구조로 이루어지며, 플랜지 거치부(132)는 플랜지 몸체(131)에서 최대의 외경을 갖는 끝단에 평판 형의 테두리를 이루는 것을 특징으로 한다. 이에 의해, 방수시트 또는 방수액으로 이루어진 방수층이 철근 콘크리트 슬라브를 덮게끔 시공하며, 루프 드레인의 구성 요소를 통해 방수층을 눌러 고정할 수 있어서, 철근 콘크리트 슬라브와 루프 드레인의 만나는 취약지점에 대해 완벽한 방수가 이루어 짐으로써, 누수를 막을 수 있는 효과를 제공한다. 또한, 본 발명은, 방수층에서 흐르는 소량의 물을 배관을 통해 배출할 수 있도...(이하생략)",http://plus.kipris.or.kr/openapi/fileToss.jsp?arg=ed43a0609e94d6e22d01c5c32ba711cf7ccd657424a32bef0c2c32c8331dcad6fee70628d643a01916fbb1924daf4c2c96a12c4fa7e0c92bbd075d22553cd91ae94f5fc1bb3b72c2,http://plus.kipris.or.kr/openapi/fileToss.jsp?arg=2ba38663aa11ff0f6ca91af6061a2e000731dae9dce44c2215a688fc5e9b68394bc0618356a05ff84fa1c8caa1575a2cee748a0463b46e1efb0d3afe3ae7d54bc94e0ca3fe287c8e,최한솔
HANSOL,61,등록,도로공사용 순환골재 생산장치,B02C 1/04|B07B 1/00|B03C 1/00|B07B 13/04|B65G 19/00|B02C 13/286,1008965090000,20090429,1020080083792,20080827,,,,20090508,"본 발명은 도로공사용 순환골재 생산장치 및 생산방법에 관한 것으로서, 수집된 건축폐기물 중 골재의 원료인 원석을 골라 호퍼(1)에 넣는 투입과정(S10)과; 상기 호퍼(1)에서 1차 조크러셔(10)에 투입되어 170㎜ 이하의 골재로 파쇄하는 제1 파쇄과정(S20)과; 상기 1차 조크러셔(10)에서 파쇄되어 제1 컨베이어(3)를 따라 이동되면서 골재 중 철재 이물질을 1차 자력분리장치(4)를 통해 분리하는 1차 자력분리과정(S30)과; 상기 1차 자력분리장치(4)를 통과한 골재 중 60㎜ 이상의 골재를 1차 스크린(5)을 통해 분리하는 제1 선별과정(S40)과; 상기 1차 스크린(5)을 통과하지 못한 60㎜ 이상의 골재를 제2 컨베이어(8)를 따라 이동시키면서 골재 중에 포함된 이물질 중 비중이 가벼운 이물질을 1차 이물질 분리장치(6)를 통해 송풍하여 분리하는 1차 이물질 분리과정(S50)과; 상기 1차 이물질 분리과정(S50)을 거쳐 선별된 골재를 2차 조크러셔(20)에서 50㎜ 이하로 파쇄하는 제2 파쇄과정(S70)과; 상기 2차 조크러셔(20)에서 파쇄된 골재를 제3 컨베이어(11)를 따라 이동시키면서 재차 철재 이물질을 2차 자력분리장치(12)를 통해 분리하는 2차 자력분리과정(S80)과; 상기 2차 자력분리과정(S80)을 거쳐 선별된 골재 중 40㎜ 정방형 사각망으로 된 2차 스크린(13)...(이하생략)",http://plus.kipris.or.kr/openapi/fileToss.jsp?arg=ed43a0609e94d6e2d625a3dcb0746fe47b96eebc40c8207530ca288434db9161a7f4c42852eafda41d07c9462f14bbb0,http://plus.kipris.or.kr/openapi/fileToss.jsp?arg=452306798ef1fd035bfb5ff666db4c9c8b05d8ff1d8292516e30ac43e31c62e457518237c9725fd4eb2e7d057afa6059,(주)한솔산업개발|(주)한솔건설산업
HANSOL,62,공개,두꺼운 책을 쉽게 펼 수 있게 해 주는 접이식 고리,B42D 9/00,,,1020230140114,20231019,1020250056407,20250428,,,"본 발명은 두꺼운 책을 쉽게 펼 수 있게 해 주는 접이식 고리에 관한 것으로서 스프링에 의하여 책을 쉽게 펼칠 수 있게 함과 동시에 다른 책이나 종이와 함께 있어도 다른 종이를 상하지 않게 함으로써 가방에 넣고 다른 종이나 책을 넣으면 찢어질 수 있는, 두꺼운 책에는 활용하기 어려운 문제점을 해소하도록 함으로써 기존의 가방에 넣고 다른 종이나 책을 넣으면 찢어질 수 있는, 두꺼운 책에는 활용하기 어려운 문제점을 해소 하도록 한 것이다. 즉 본 발명은, 스프링 노트에 있어서 책을 쉽게 펼칠 수 있게 함과 동시에 다른 책이나 종이와 함께 있어도 다른 종이를 상하지 않게 접이식으로 구성한 스프링으로 구성한 것이다. 따라서, 본 발명은 스프링에 의하여 책을 쉽게 펼칠 수 있게 함과 동시에 다른 책이나 종이와 함께 있어도 다른 종이를 상하지 않게 함으로써 가방에 넣고 다른 종이나 책을 넣으면 찢어질 수 있는, 두꺼운 책에는 활용하기 어려운 문제점을 해소하도록 함으로써 기존의 가방에 넣고 다른 종이나 책을 넣으면 찢어질 수 있는, 두꺼운 책에는 활용하기 어려운 문제점을 해소하도록 한 효과를 갖는 것이다.",http://plus.kipris.or.kr/openapi/fileToss.jsp?arg=ed43a0609e94d6e22d01c5c32ba711cfbc464f0344d09260401504e4f4eef6c9851fde9a77caf22d5f399835b7bca2d1d2fe53efd351b4cdd7dec47a9083d7cbf83e5d934138be5f,http://plus.kipris.or.kr/openapi/fileToss.jsp?arg=6c650beb4cee9ce4122b704b88878c9341682f32baa2b85fb9fd98b30aa306ece4b108fc7d211807227226f4aeaf932169a3d8af9bc26a9f407591acf10fe48c24ca0769678edd60,서한솔
HANSOL,63,등록,UV LED가 결합된 전기포트,A47J 27/21|A61L 2/10,1024578620000,20221019,1020210004363,20210113,1020210158752,20211231,,20221021,"UV LED가 결합된 전기포트가 제공 된다. 본 발명의 일 실시예에 따른 UV LED가 결합된 전기포트는 전기포트 내부 측면부에 상기 전기포트의 내부를 둘러싸며 설치되고, 자외선을 반사시키는 재질로 이루어진 반사부, 및 전기포트 내부의 하단 측부에 위치하여 상기 전기포트의 하측에서 상기 반사부가 위치한 방향을 향해 자외선을 조사하는 제1 살균부를 포함하고, 상기 반사부는, 상기 전기포트의 하측에서 조사된 자외선을 반사시켜 상기 전기포트의 내부의 상측으로 전달할 수 있다.",http://plus.kipris.or.kr/openapi/fileToss.jsp?arg=ed43a0609e94d6e22d01c5c32ba711cf2b5fca3c80ad333234f9e00cbbf1429abc6096cbe4032dba1679058b12e6a01ec612739103d1030155f20c0426cb762660900ff9bd5564ed,http://plus.kipris.or.kr/openapi/fileToss.jsp?arg=6c650beb4cee9ce4122b704b88878c93ff8241e3f2628fbd60aace523793bde1cf7624866320145765a09414a51dcfe4b124761cf51c6b370cbacffbd57f71565613513d9341a0c3,주한솔
HANSOL,64,등록,플라톤식 교육을 적용한 논술 교재 및 이를 이용한 논술 학습 방법,G09B 19/04|G09B 19/08|B42D 1/00,1029247790000,20260204,1020230146439,20231030,1020250061996,20250508,,20260209,"본 발명은 논술 교재 및 이를 이용한 논술 학습 방법에 관한 것으로, 더욱 상세하게는 플라톤식 교육을 적용한 논술 교재 및 이를 이용한 논술 학습 방법에 관한 것이다.",http://plus.kipris.or.kr/openapi/fileToss.jsp?arg=ed43a0609e94d6e22d01c5c32ba711cf4ab1ea921e975fab3420f87370b7e846ddbe67a5fab2fe37a6fdb5d8419978d1becd86556516f7a3858c830377c3f34ac66fd3737d524816,http://plus.kipris.or.kr/openapi/fileToss.jsp?arg=6c650beb4cee9ce4122b704b88878c93a31692d3b6dae94442f88fa2183391392f1bfefe5f4e7989fcb36ce85944545b072414a7a63be2ce55b5a55c22474a8eaac3d49969b7077e,주식회사 한솔교육
HANSOL,65,거절,자동차 부착용 우산,B60J 5/04|B60J 7/12,,,1020240068547,20240527,1020250169759,20251204,,,"자동차 도어와 자동차 프레임 사이에 자동차 부착용 우산을 장착하고, 자동차 도어를 개방했을 때, 자동차 도어와 자동차 프레임 사이에 막 부재가 펼쳐지도록 구성함으로써, 운전자나 탑승자가 손으로 잡지 않고도 자동차 도어 개방만으로 쉽게 펼쳐서 사용하고 자동차 도어를 닫으면 함께 접힌다. 특히, 띠 형태로 이루어지며 탄성 변형되게 제작되고, 한쪽이 서로 겹쳐서 접힐 수 있게 구성된 부챗살을 통해 막 부재가 펼쳐지거나 접힐 수 있게 구성함으로써, 자동차 도어를 개폐하는 동작에 따라 막 부재가 막 부재를 쉽게 접히거나 펼쳐진다. 또한, 부챗살이 자동차 도어의 위치에 따라 상부 가장자리 형상이나, 가장자리와 필러 부분을 잇는 형상으로 형성함으로써, 자동차 도어를 개방했을 때 비에 노출하는 부분을 최소화할 수 있다.",http://plus.kipris.or.kr/openapi/fileToss.jsp?arg=ed43a0609e94d6e22d01c5c32ba711cf613fae601b450fe2a9cf0deb66577f4f42aff006edb28036d77c2c993919a669965ae2df4dccd0762bacffa8bd103d84a2e556cc82a8cbca,http://plus.kipris.or.kr/openapi/fileToss.jsp?arg=6c650beb4cee9ce4122b704b88878c9381600c8d64fb69b4112144cd3ac6e682f184eb62e807a0005d533d559b523646ee0b813a177deb0d585830bed67535f5460a692f47f6f073,주식회사 대한솔루션
HANSOL,66,등록,플라톤식 교육을 적용한 독서논술 프로그램의 토론 교재 및 이를 이용한 독서논술토론 학습 방법,G09B 19/04|G09B 19/08|G09B 19/22|B42D 1/00,1029247800000,20260204,1020230146440,20231030,1020250061997,20250508,,20260209,"본 발명은 독서논술 프로그램의 토론 교재 및 이를 이용한 독서논술토론 학습 방법에 관한 것으로, 더욱 상세하게는 이야기(픽션) 및 정보 이야기(논픽션)에 대한 흥미를 유발하고, 질문으로 이야기의 주제를 파악하며, 주제에 대한 자기 생각을 표현하도록 학습하는 플라톤식 교육을 적용한 독서논술 프로그램의 토론 교재 및 이를 이용한 독서논술토론 학습 방법에 관한 것이다.",http://plus.kipris.or.kr/openapi/fileToss.jsp?arg=ed43a0609e94d6e22d01c5c32ba711cf4ab1ea921e975fab3420f87370b7e846ddbe67a5fab2fe37a6fdb5d8419978d11d500fd0d5e61a904aae14e71be59da084a1c32eb29461b5,http://plus.kipris.or.kr/openapi/fileToss.jsp?arg=6c650beb4cee9ce4122b704b88878c93a31692d3b6dae94442f88fa2183391392f1bfefe5f4e7989fcb36ce85944545bc57c8cadafe0e527fef470873e6bdd29aaa19372ec56e59a,주식회사 한솔교육
HANSOL,67,거절,탈취 기능을 갖춘 자동차용 HVAC,B60H 3/00|B60H 1/00,,,1020230130048,20230927,1020250046520,20250403,,,"자동차용 HVAC의 입구 부분에 탈취 장치를 장착하고, HVAC가 동작할 때 탈취 장치가 자동/수동으로 조작하게 구성함으로써, 탈취제가 자동차 실내에 골고루 퍼질 수 있게 하여 탈취 효과를 높일 수 있을 뿐만 아니라, 자동차가 주차된 상태에서는 탈취제 분사가 이루어지지 않게 하여 운전자와 탑승자의 취향에 맞게 탈취 효과를 조절할 수 있다. 특히, 탈취장치를 수동으로 조작할 때는, HVAC가 동작하는지 확인하여 HVAC가 동작하게 한 상태에서 탈취제 분사가 이루어지게 량을 분사하게 해서 운전자의 취향에 맞게 탈취 효과를 적절하게 조절하여 사용할 수 있다. 또한, HVAC가 동작할 때만 탈취 장치가 자동으로 동작하게 구성함으로써, 주차 상태에서는 탈취 작용이 이루어지지 않게 하여 탈취제 소비량을 줄일 수 있다.",http://plus.kipris.or.kr/openapi/fileToss.jsp?arg=ed43a0609e94d6e22d01c5c32ba711cf1cc9d96c33bed504dd7c42fee8329d83d4f126fc45de1f70e7df89af3192427b3fb1f0e3e3bc13c8ad18d9824692debfa1b0854d8ae34fbe,http://plus.kipris.or.kr/openapi/fileToss.jsp?arg=6c650beb4cee9ce4122b704b88878c932ca3fbd5ad424834d7f7c240abd5f1082aae569400b0c9e8c7727009f4c0893c54cb20d472f0073a739ffd3606ec1cc6ce94dc6405b44100,주식회사 대한솔루션
HANSOL,68,등록,자동차용 뒷좌석 발 받침대,B60N 3/06|B60R 11/00,1022183140000,20210216,1020190077621,20190628,1020210002237,20210107,,20210223,"서로 마주하게 설치한 각 뒷문 트림에 적어도 한 번 접을 수 있는 두 개의 받침대 본체를 구성하고, 때에 따라 펼쳐서 하나로 연결할 수 있게 구성하므로, 발 받침이 필요할 때 편하게 펼쳐서 사용하고 사용하지 않을 때는 쉽게 접어서 보관할 수 있게 한 자동차용 뒷좌석 발 받침대를 제공한다. 특히, 각 받침대 본체가 뒷문 트림에 간단한 물품 등을 보관할 수 있게 형성한 포켓에 수납과 인출할 수 있게 구성하므로, 주행 중이라도 누구든지 발 받침이 필요할 때 펼쳐서 편리하게 사용할 수 있는 자동차용 뒷좌석 발 받침대를 제공한다. 또한, 각 받침대 본체에 적어도 하나의 연약 부분을 형성하여 접을 수 있게 구성하므로, 받침대 본체를 쉽게 펼치거나 접어서 편리하게 사용할 수 있는 자동차용 뒷좌석 발 받침대를 제공한다.",http://plus.kipris.or.kr/openapi/fileToss.jsp?arg=ed43a0609e94d6e22d01c5c32ba711cf15313e7443132aadff978b873a05a862328afedf6c482b8e1c89edf518ecf1ac10c80fa51611a0d9885735bea2c3d4df7299880f345311b4,http://plus.kipris.or.kr/openapi/fileToss.jsp?arg=6c650beb4cee9ce4122b704b88878c933221e12e53ba0a02878d13f6fb73c572ce3bc4a194634803b9265ea63680c045054039744d526eab1c614d64b4eeee9b527d6ba444bf4f31,주식회사 대한솔루션
HANSOL,69,등록,전해 커패시터 케이스 및 이를 포함하는 전해 커패시터 장치,H01G 9/08,1025097790000,20230309,1020210132304,20211006,,,,20230314,"본 발명은 전해 커패시터 케이스 및 이를 포함하는 전해 커패시터 장치를 개시한다. 본 발명에 따르면, 전해 커패시터의 일단이 삽입되는 커패시터 삽입부 및 상기 커패시터 삽입부에서 작은 단면적으로 가지면서 연장되어 형성되며, 외주연을 따라 형성되는 돌기부 및 내부에 형성된 홈을 포함하는 기판 결합부를 포함하되, 상기 기판 결합부는 단위 전해 커패시터를 수용하는 복수의 슬롯을 포함하는 기판의 개별 슬롯의 일단에 형성되는 요철부에 끼워지는 커패시터 케이스 및 이를 포함하는 전해 커패시터 장치가 제공된다.",http://plus.kipris.or.kr/openapi/fileToss.jsp?arg=ed43a0609e94d6e22d01c5c32ba711cfe5a52eba3e574b42a503459dbf75c43942c96b91884a8d479bbbcf2e9cd1d32cfc6a15e36bc80d18c7df4582ba8ab39ebea74da9c070366e,http://plus.kipris.or.kr/openapi/fileToss.jsp?arg=6c650beb4cee9ce4122b704b88878c93e6ca5b307df07affe1ddd1b0abeb1eaea1e8b75113381768838187a92de788f8716932dd5fe837191d51c1cbd4b2a86641562c29ed4463c9,한솔테크닉스(주)
HANSOL,70,등록,자동차용 보조 손잡이,B60N 3/02|G06F 3/033|B60R 11/00,1018333060000,20180222,1020160078341,20160623,1020180000754,20180104,,20180302,"본 발명은 헤드 라이닝에 장착한 보조 손잡이에 터치 펜 또는 볼펜을 끼워놓고 때에 따라 빼내서 사용할 수 있게 구성하므로, 운전자나 탑승자가 자동차 안에 들어와서 앉은 상태에서도 쉽게 손이 닿는 보조 손잡이에서 터치 펜이나 볼펜을 꺼내서 쉽고 편리할 뿐만 아니라 안전하게 사용할 수 있게 한 자동차용 보조 손잡이를 제공하는 데 그 목적이 있다. 특히, 본 발명은 근래 들어서 개인들이 많이 사용하는 터치스크린을 갖춘 휴대용 단말, 예를 들어서 스마트폰이나 태블릿 PC 그리고 PDA와 같은 휴대용 단말을 편리하게 사용할 수 있게 하는 터치 펜을 보조 손잡이에서 꺼내 사용할 수 있게 하므로, 이러한 휴대용 단말을 이용하는 데 어려움이 있는 노인이나 노약자들도 터치 펜을 통해 쉽고 편리하게 사용할 수 있다.",http://plus.kipris.or.kr/openapi/fileToss.jsp?arg=ed43a0609e94d6e22d01c5c32ba711cf2e021ffa7b529c0ae8775c48517e4f733256648609b0175c689cdc7fdfadb01130ee100be8072cb4471d9ea26aafdce02e7e86acfc4a015b,http://plus.kipris.or.kr/openapi/fileToss.jsp?arg=2ba38663aa11ff0f6ca91af6061a2e0032fd60b924a31f78476cd9070302abe11be653e95ac26e88e4b3fc270c97254bb35256cecc53fafecc34b8c7bd9ad7bc477c1b1222bdbbf3,주식회사 대한솔루션
HANSOL,71,공개,자동차용 램프 하우징,B60Q 3/51|F21W 106/00,,,1020240098309,20240725,1020260016680,20260204,,,"본 발명은 램프 하우징을 사출하여 성형할 때, 클립 부분을 일체로 사출함으로써, 클립 부분을 별도로 제작하지 않아도 될 뿐만 아니라, 클립 부분을 잘못 조립하거나 이러한 잘못된 조립으로 발생하는 소음이나 이음이 발생하거나 램프 하우징이 탈거하는 현상을 미리 예방할 수 있다. 특히, 본 발명은 클립 부분 주변에 돌출 부분을 일체로 성형하되, 이 돌출 부분에는 이중 사출 방식으로 이음 방지용 돌기를 일체로 성형함으로써, 램프 하우징을 조립했을 때 헤드 라이너나 차체 패널 또는 트림 등에 부딪히면서 발생할 수 있는 소음과 이음을 미리 예방할 수 있다. 또한, 본 발명은 램프 하우징으로 OHC 램프, 룸램프, 트렁크 램프, 글로브 박스 램프 및 맵 램프용 램프 하우징에 적용함으로써, 다양한 램프에 적용할 수 있다.",http://plus.kipris.or.kr/openapi/fileToss.jsp?arg=ed43a0609e94d6e22d01c5c32ba711cfbd6328206df4f29611ea102080bb30dab7373761b30f75fd5110a5fe9d3fcd8ef702b2a180150a1b436dadd81bc0957e4a66c1d04ce83d25,http://plus.kipris.or.kr/openapi/fileToss.jsp?arg=6c650beb4cee9ce4122b704b88878c93603fe2afa8150707aaf1d47aae946ea8e5e63976415717355cf218988871686ff623b18775bf5888f966e4b94907aa9f79f73a9504718f46,주식회사 대한솔루션
HANSOL,72,등록,상황인지 메신저 제공 방법 및 그 시스템,G06Q 50/50|G06Q 50/04|H04L 12/66|H04L 65/40,1019267990000,20181203,1020160117937,20160913,1020180030334,20180322,,20181210,"본 발명은 상황인지 메신저 제공 방법 및 그 시스템에 관한 것이다. 본 발명에 따른 상황인지 메신저 제공 시스템은, 제조 현장에 설치되는 스마트 센서 및 스마트 기기, 및 스마트 센서 및 스마트 기기 중 적어도 하나로부터 전달되는 제조 현황과 관련된 데이터를 실시간으로 측정 및 분석하며, 측정 및 분석한 데이터에 기초하여 제조 현장의 현재 상황을 인지하여, 통보할 상황정보가 있다고 판단되는 경우, 미리 설정된 단말기로 상황정보를 전송하는 제1 내지 제n 스마트 게이트웨이를 포함한다. 본 발명에 따르면, 제조 현장의 현재 상황을 인지하며, 인지된 결과에 따라 생산 운영 최적화를 지원하기 위한 메신저 기능을 제공할 수 있다.",http://plus.kipris.or.kr/openapi/fileToss.jsp?arg=ed43a0609e94d6e22d01c5c32ba711cf26d2b3a7de2d5023a4e087b35d9e9bca599f1c245a135327d78120a1128f1be73e6c8ec671325cb09274c2c5547c9d9936bd6531efecfa58,http://plus.kipris.or.kr/openapi/fileToss.jsp?arg=2ba38663aa11ff0f6ca91af6061a2e00ff3cb44f09009db4bd00876d5daa49068f30c080300a21c87d65aa2a4c91336b71de0132a75a1665789a00f17b16dfa839fad3a92123800f,한솔코에버 주식회사
HANSOL,73,등록,구동 줄이 한 줄로 형성되는 블라인드용 구동장치,E06B 9/42|E06B 9/78,1020719410000,20200123,1020180049177,20180427,1020190124998,20191106,,20200131,"본 발명은 블라인드용 구동장치에 관한 것으로서, 보다 상세하게는 블라인드지가 감겨지는 회전 드럼을 한 줄로 형성되는 구동 줄에 의해 정, 역방향으로 회전 구동되도록 하여 블라인드의 사용이 편리하고 안전사고를 미연에 방지하도록 하는 구동 줄이 한 줄로 형성되는 블라인드용 구동장치에 관한 것이다. 본 발명의 목적은 먼저 한 줄로 형성된 구동 줄을 계속 당길 경우 회전구동부가 구동되도록 하여 블라인드지가 회전 드럼에 감기도록 하고, 당겨진 구동 줄을 놓으면 구동 줄이 원 상태로 복귀되어 짧게 형성되도록 하며, 구동 줄을 약간만 당겼다가 놓으면 블라인드지가 자중에 의해 하부로 펼쳐지거나 또는 정지되는 상태가 되도록 되어 블라인드의 사용이 편리하도록 할 뿐 아니라 어린아이들이 실수 또는 장난에 의해 구동 줄이 목 등이 감기는 일이 없도록 구동 줄을 한 줄로 구성하여 안전사고를 미연에 방지하도록 하는 구동 줄이 한 줄로 형성되는 블라인드용 구동장치를 제공함에 있다. 상기한 목적을 실현하기 위하여 본 발명은 통상의 블라인드지(70)가 감기는 회전 드럼(3)을 회전 구동 가능하게 하는 것에 있어서, 고정프레임(1)의 측면 지지대(2)에 선단 끝 부분이 고정되는 축으로, 그 축의 선단부 외주면에 결합부(10a)가 형성되고, 결합부(10a) 후단에 회전부(10b)가 동심원상으로 형성되며, 회전부(10b) 후단에 ...(이하생략)",http://plus.kipris.or.kr/openapi/fileToss.jsp?arg=ed43a0609e94d6e22d01c5c32ba711cf42f17eb85fac218f53054d9fe6a1b1d97921dfc67dcb7aadfd24f657fde8ac079812b9eed6374c9f3ab44e8255c064e7fd5d8c53b15e4487,http://plus.kipris.or.kr/openapi/fileToss.jsp?arg=2ba38663aa11ff0f6ca91af6061a2e00eceb8db3faaf97c1ac5765e470ef6c7a68400550169e82d962bb3088c185f7cfc9ebb2b8edc40ed6fb29b277b26a421c459ed8f0568bd938,(주)한솔아이엠비
HANSOL,77,등록,자동차용 헤드 라이닝 기재,B32B 17/10|B60R 13/02|B32B 27/12|B32B 27/32|B32B 27/30|B32B 27/36|B32B 5/02,1020838990000,20200226,1020160092794,20160721,1020180011402,20180201,,20200424,"본 발명은 천연섬유층의 양쪽 면을 습기가 침투하지 못하는 보강층으로 보강하여 기재를 구성하므로, 천연섬유가 습기를 머금는 것을 방지하여 기재가 습기를 머금었다가 배출하는 것을 반복함에 따라 생길 수 있는 영구 변형 현상이나 중량 증가로 발생할 수 있는 안전사고를 미리 방지할 수 있게 한 자동차용 헤드 라이닝 기재를 제공하는 데 그 목적이 있다. 특히, 본 발명은 천연섬유층에 천연섬유와 함께 합성수지를 첨가하여 구성하므로 기재의 구조적 강성을 보강하여 기재의 성형성과 굴곡 강도를 높이고, 또한 보강층을 글라스 매트와 열가소성 수지 시트로 구성하여 이러한 구조적 강성과 더불어 부착 효과를 얻을 수 있게 하여 접착제를 사용하지 않고 제작할 수 있게 한 자동차용 헤드 라이닝 기재를 제공하는 데 다른 목적이 있다.",http://plus.kipris.or.kr/openapi/fileToss.jsp?arg=ed43a0609e94d6e22d01c5c32ba711cf25e3e07ae38103ddffc0c689c24ffcb22e6e7f10677053382e5c9522bd064130653880ed7e4f35a73cb52273636f18ba1b340af5967e2a51,http://plus.kipris.or.kr/openapi/fileToss.jsp?arg=2ba38663aa11ff0f6ca91af6061a2e00d0c1d95bdf26f35c8d765de363d9d6d11764f3dfd8ec68d2f284c1e08a1637c38f0fb74a5ffc831098dbb0345d53b73fe0420ba0ae292ad4,주식회사 대한솔루션
HANSOL,82,등록,화재를 진압할 수 있는 자동차용 후드 인슐레이션,A62C 3/07|B60R 13/08,1018306740000,20180213,1020160166404,20161208,,,,20180222,"본 발명은 후드 인슐레이션에 분사 노즐을 장착하여 엔진룸에서 발생한 화재를 초기에 진압할 수 있을 뿐만 아니라 위에서 아래로 소화 약제를 분출할 수 있어 화재 진압 효과를 높여 재산 피해와 인명 피해를 줄일 수 있다. 또한, 본 발명은 소화 약제로 액화 이산화탄소를 이용하므로, 유류나 전기 화재 등에 효과가 좋아 엔진룸 내에서 발생한 화재에서도 초기 화재 진압 효과를 높일 수 있게 한 화재를 진압할 수 있다. 그리고, 본 발명은 실제 화재를 진압하기 위한 구성, 예를 들어서 감지 센서와 분사 노즐 등을 후드 인슐레이션을 제작할 때 인서트 방식으로 제작하므로, 후드 인슐레이션을 장착하는 과정만으로 화재 진압 효과를 얻을 수 있어 장착 과정을 없앨 수 있어 편리하게 장착하여 사용할 수 있다.",http://plus.kipris.or.kr/openapi/fileToss.jsp?arg=ed43a0609e94d6e22d01c5c32ba711cfa265c1bef38b20f91516f8722058ddcfc713417d64105907e7c11321e6ffdb04ac54322ff8fc9f9ec38d5a2b80782c796c8b7c45aa47332d,http://plus.kipris.or.kr/openapi/fileToss.jsp?arg=2ba38663aa11ff0f6ca91af6061a2e00df4b7db78ba4acea3cb66ea0b42df7f062b9f0d4316e223daa21261d0b52ebe5d7929a14af943869bc2a8d3facd8506994a4a3179a18cb19,주식회사 대한솔루션
HANSOL,83,등록,자동차용 헤드 라이닝 기재,B32B 17/10|B32B 7/12|B60R 13/02|B32B 27/08|B32B 27/12|B32B 27/30|B32B 27/32|B32B 27/34|B32B 27/36,1020839020000,20200226,1020160092780,20160721,1020180011401,20180201,,20200424,"본 발명은 열가소성 수지층의 양쪽 면을 보강층으로 보강하여 기재를 구성하므로, 기재 전체의 중량을 줄이면서도 요구하는 굴곡 강도를 만족할 수 있게 하여 중량 증가로 발생할 수 있는 안전사고를 미리 방지할 수 있다. 특히, 본 발명은 보강층을 구성하는 글라스 매트를 통해 기재의 구조적 강성을 보강하여 기재의 성형성과 굴곡 강도를 높이고, 또한 글라스 매트의 양면에 각각 열가소성 수지 시트를 구성하여 별도로 접착제 등을 사용하지 않고서도 바로 부착할 수 있을 뿐만 아니라 성형성과 굴곡 강성을 더욱 높일 수 있다. 그리고, 본 발명은 폴리우레탄 폼을 이용하지 않으므로 폴리우레탄을 시트 형태로 제작할 때 생기는 문제, 예를 들어 분진 등이 생기지 않으므로 쾌적한 작업환경에서 작업자가 안전하게 작업할 수 있다.",http://plus.kipris.or.kr/openapi/fileToss.jsp?arg=ed43a0609e94d6e22d01c5c32ba711cf25e3e07ae38103ddffc0c689c24ffcb22e6e7f10677053382e5c9522bd06413044665451da9740e64faf8167e9089ca2aa48960c03907a5a,http://plus.kipris.or.kr/openapi/fileToss.jsp?arg=2ba38663aa11ff0f6ca91af6061a2e00d0c1d95bdf26f35c8d765de363d9d6d11764f3dfd8ec68d2f284c1e08a1637c36765c403593ea4d3ba436a5e3caa1080fbfed202af74ee1b,주식회사 대한솔루션
HANSOL,85,공개,반도체 식각 공정용 부품 및 이의 제조방법,H10P 50/20|H10P 50/00|H10P 50/26|H01J 37/32,,,1020230058679,20230504,1020240161482,20241112,,,"본 발명은 반도체 식각 공정용 부품 및 이의 제조방법에 관한 것으로, 구체적으로 반도체 식각 공정에서 사용되는 부품의 표면에 금속불화물을 포함하는 코팅층을 포함함으로써 내플라즈마성을 향상시킬 수 있는 반도체 식각 공정용 부품 및 이의 제조방법에 관한 것이다.",http://plus.kipris.or.kr/openapi/fileToss.jsp?arg=ed43a0609e94d6e22d01c5c32ba711cfc1d832a3b5acd337a1a8b9013710b7068799d4849da9cbc059836651d9647c937432fb425be4d6a02a61243846c7af56e9dab203b4131bac,http://plus.kipris.or.kr/openapi/fileToss.jsp?arg=6c650beb4cee9ce4122b704b88878c93b92fcee5d8e41b04a889ed2c0aa17bcd0d73ec8b133fcda0ee9e43f9a29bccda4e907d5adf00b84b6cc31962812a02359e7d4c650a8e23ee,한솔아이원스 주식회사
HANSOL,86,등록,차음성능을 개선한 자동차용 플로어 카펫,B32B 5/26|B32B 27/12|B32B 27/34|B32B 27/08|B32B 27/32|B60N 3/04,1018354420000,20180228,1020160162455,20161201,,,,20180309,"본 발명은 두 개의 PO 필름층 사이에 나일론 필름층을 삽입하여 제작한 통기성 필름층을 이용하여 플로어 카펫을 제작하므로, 나일론 필름층이 플로어 카펫을 열성형할 때도 우수한 내열성을 가지게 하여 열변형을 최소화하여 차음성능을 개선한 자동차용 플로어 카펫을 제공한다. 또한, 본 발명은 이러한 통기성 필름층에 0.1~3㎜의 통기 구멍을 선택적으로 형성할 수 있게 구성하므로, 차종에 따라 다른 소음 특성에 알맞은 차음성능을 얻을 수 있도록 통기량을 조절하여 제작할 수 있게 한 자동차용 플로어 카펫을 제공한다. 그리고, 본 발명은 상기 통기성 필름층을 기존 통기성 필름층과 같거나 유사한 두께와 중량으로 제작하므로, 플로어 카펫의 중량 증가 없이 차음 성능을 높일 수 있게 한 자동차용 플로어 카펫을 제공한다.",http://plus.kipris.or.kr/openapi/fileToss.jsp?arg=ed43a0609e94d6e22d01c5c32ba711cf0a9ff95f66c7c480f6db233bb7bff3bbfd3ca29a6797faddf3622746cbc9eb907b636fc74aad05813ecfd42bd0d1976f95b909b1a91d8be6,http://plus.kipris.or.kr/openapi/fileToss.jsp?arg=2ba38663aa11ff0f6ca91af6061a2e008b6ebf1c8bf5aeea9e554d1965d6a9e4a93f8553c04f8b67ac5d912693e82d3fa14edf79c909207812951bb320d932fc037d6c408e373589,주식회사 대한솔루션
HANSOL,87,등록,설비 제어 특성 로그 데이터와 에너지 소비패턴 모델을 활용한 인공지능 기반의 이상 탐지 방법 및 장치,G05B 23/02|G05B 19/418,1029190270000,20260129,1020210174274,20211207,1020230085776,20230614,,20260204,"본 발명은 이상 탐지 방법 및 장치에 관한 것이다. 본 이상 탐지 장치는, 설비 기기와, 설비 기기를 제어하는 제어기가 설치된 제조 현장으로부터 데이터를 수집하는 데이터 수집부, 제조 현장에서 수집되는 데이터 중에서 제어기로부터 수집한 로그 데이터와, 제조 현장의 소정 생산 라인이나 설비 단위로 각각 설치되는 에너지 미터기로부터 수집한 전류 소비 데이터로부터 생성한 에너지 소비 패턴 데이터를 이용한 머신러닝 학습을 통해 이상탐지 모델에 생성하는 데이터 가공부, 및 제조 현장에서 수집되는 데이터를 실시간으로 측정 및 분석한 데이터와 이상탐지 모델로부터 생성한 분석 예측값에 기초하여, 제조 현장에서 이상 발생 여부를 감지하고, 이상이 감지되면, 이상발생 신호를 출력하는 데이터 분석부를 포함한다. 본 발명에 따르면, 머신러닝 기반으로 제조 현장의 공정상의 이상 여부를 탐지함으로써, 이상 원인에 대해 신속한 파악 및 조치가 가능하다.",http://plus.kipris.or.kr/openapi/fileToss.jsp?arg=ed43a0609e94d6e22d01c5c32ba711cfbd6328206df4f2961f3d1bdb883462f2b33c87380c203d4ed8d5039dd4d595557dce998522dc14bbb2d33989c4c7e88494422bed869124e2,http://plus.kipris.or.kr/openapi/fileToss.jsp?arg=6c650beb4cee9ce4122b704b88878c93603fe2afa81507073bcf55bc9053fd0ce86ab521bcbcb3aac78931729d2d61aa2812d8750d6a7df11f3a505fbe67df0bd47ca231f695703a,한솔코에버 주식회사
HANSOL,88,등록,차량 카펫의 매트 고정용 클립,B60N 3/04|F16B 5/06|F16B 2/20,1014979160000,20150225,1020140038418,20140401,,,,20150305,"본 발명은 클립을 구성하는 본체와 고정 브래킷이 체결 방식으로 카펫에 장착하여 결합력을 높이고, 특히 본체가 고정 브래킷에 체결된 상태에서 걸림 돌기에 걸려 더는 돌아가지 않게 함으로써, 결합력을 얻기 위해 체결된 고정 브래킷을 본체에 고정하여 체결 상태를 유지할 수 있어 클립의 결합력 향상과 더불어 결합 상태를 계속하여 유지할 수 있게 한 차량 카펫의 매트 고정용 클립을 제공하는 데 그 목적이 있다. 특히, 본 발명은 카펫에 고정 브래킷을 끼운 다음 그 위로 본체를 맞춰 손으로 돌려 체결하는 방식으로 쉽게 카펫에 클립을 장착하여 매트를 끼워 설치할 수 있으므로, 누구든지 비숙련자라도 쉽고 신속하게 카펫에 클립을 장착할 수 있게 한 차량 카펫의 매트 고정용 클립을 제공하는 데 다른 목적이 있다.",http://plus.kipris.or.kr/openapi/fileToss.jsp?arg=ed43a0609e94d6e22d01c5c32ba711cfb382becd130200497b27a284aa86c69e041be6e912aa682d57e39012cc5f1046ea4e17505d91114b47e4d4807ef304bc4b388a1072a44d85,http://plus.kipris.or.kr/openapi/fileToss.jsp?arg=2ba38663aa11ff0f6ca91af6061a2e00e848b090a323d619bd076930c2fc8fa664008c13039ad9c13584f915dbf27ca7f949d046d6990b85ed76279f2ebc5ba53c4b9c39272d4283,주식회사 대한솔루션
HANSOL,90,등록,성화봉,F23D 14/76|F23D 14/14,1022130160000,20210201,1020190064325,20190531,1020200137630,20201209,,20210205,"본 발명의 실시예에 따른 성화봉은, 내부에 연료 캔(12)을 수용하도록 하는 공간이 마련되고 상측이 개방된 보디(10); 상기 보디(10)의 공간에 설치되고, 위쪽에 열린 형태로 화염 토출구(22)가 형성된 하우징 유닛(20); 상기 보디(10)의 내부에 배치되고 상기 연료 캔(12)이 장착되는 홀더 유닛(30); 상기 하우징 유닛(20)의 바닥에서 위쪽을 향하여 설치되고 상기 홀더 유닛(30)에 파이프(32)로 연결되어 연료를 받아 불꽃을 피우는 노즐(40); 및 상기 하우징 유닛(20)의 내부에 채워지고 상기 노즐(40)을 둘러싸도록 배치되며 금속 섬유가 뭉쳐져 구성된 메탈 파이버 유닛(50);을 포함한다.",http://plus.kipris.or.kr/openapi/fileToss.jsp?arg=ed43a0609e94d6e22d01c5c32ba711cfebae3bf135b685f1a3259825a338c7b03eaa0542c0a944e20c621cddeef527c80cd78244e08f29b6c876f03e2a048b368ac70767a4c6a9dd,http://plus.kipris.or.kr/openapi/fileToss.jsp?arg=6c650beb4cee9ce4122b704b88878c93b49b9f6cdc01b07436561e85778cbaae4284c7e9fd79245e8959c79d49837e1fe4d3d3f8dae51e1d3ca1bf2c6007bdd444a61d535e2de3f0,(주)한솔에프엑스
HANSOL,91,등록,플래시 애니메이션 만화를 이용한 자율 학습 시스템 및 그운영방법,G09B 5/06|G09B 7/00|G09B 19/00|G06T 13/00|G06Q 50/20,1006913310000,20070228,1020060075047,20060809,,,,20070312,"본 발명은 플래시 애니메이션으로 제작된 학습 만화를 읽으면서 자연스럽게 학습 내용을 획득하고, 학습 만화에 포함되어 있는 상세 정보를 제공받거나 미션을 수행하면서 지식뿐만 아니라 사이버머니, 아이템 등을 획득하여 육성게임이나 개인미디어를 통해 획득한 사이버머니 및 아이템을 이용할 수 있도록 하는 플래시 애니메이션 학습 만화를 이용한 자율 학습 시스템 및 그 운영방법에 관한 것으로, 학습만화 제공서버, 육성 서비스 서버 및 개인 미디어 제공서버로 이루어진 자율 학습 시스템을 이용하여, 학습자가 플래시 애니메이션 형태로 제공되는 만화를 보면서 교과내용을 학습할 수 있도록 하며, 학습 내용에서 학습내용과 관련된 상세정보를 클릭하여 보게 되는 경우 사이버 머니 및 아이템 등과 같은 보상이 이루어지도록 하며, 상기 보상으로 받은 사이버 머니 및 아이템을 육성 서비스 서버에서 제공하는 펫을 육성시키는데 이용되도록 하거나 개인 미디어 제공서버에서 제공하는 개인 미디어를 꾸미는데, 이용할 수 있도록 하며, 육성 서비스 서버에서 육성되는 펫이 개인 미디어 제공서버를 통해서도 노출될 수 있도록 하는데 그 특징이 있다. 학습만화, 플래시, 애니메이션, 자율학습, 육성게임, 개인미디어",http://plus.kipris.or.kr/openapi/fileToss.jsp?arg=ed43a0609e94d6e2d625a3dcb0746fe46c22163f668395d400b34896c918c8c7123dbb57741a055d841477975cea452d,http://plus.kipris.or.kr/openapi/fileToss.jsp?arg=452306798ef1fd035bfb5ff666db4c9cfe49d03e6a3dce01d5d11fc619ff66265d8f0f70652c05fef425eb43a333ff97,주식회사 한솔교육
HANSOL,92,등록,자동차용 인슐레이션,B60R 13/08|B32B 27/00|B32B 9/04|B32B 27/08|B60R 11/00,1014973790000,20150224,1020130120330,20131010,,,,20150303,"본 발명은 인슐레이션을 구성하는 흡음층에 흡차음이 가능하도록 핫멜트 필름을 더 갖추고, 이런 인슐레이션 구조의 양면 중에서 적어도 한 면에 에어레이드(Airlaid) 펠트층을 더 갖춤으로써, 구조가 간단하면서도 인슐레이션의 중량 증가를 최소화하면서 흡음과 차음 효과를 동시에 얻을 수 있고, 에어 분사를 통한 에어레이드 펠트층의 두께 조절을 통해 인슐레이션를 원하는 두께만큼 쉽게 제작할 수 있도록 한 자동차용 인슐레이션을 제공하는 데 그 목적이 있다. 특히, 본 발명은 상기 핫멜트 필름을 천공이 형성된 핫멜트 필름과 그렇지 않은 핫멜트 필름의 2층 레이어 구조로 구성함으로써, 구조가 간단하면서도 흡차음 효과를 동시에 얻을 수 있게 한 자동차용 인슐레이션을 제공하는 데 다른 목적이 있다. 또한, 본 발명은 이러한 2층 레이어 구조의 핫멜트 필름을 흡음층 사이에 위치하도록 배치함으로써, 이 흡음층을 통해 흡음 성능을 얻으면서 핫멜트 필름을 통해 흡차음 효과가 이루어지게 하여 흡차음 효과를 더욱 향상시킬 있게 한 자동차용 인슐레이션을 제공하는 데 또 다른 목적이 있다.",http://plus.kipris.or.kr/openapi/fileToss.jsp?arg=ed43a0609e94d6e22d01c5c32ba711cf98ed4646ce19102135d2be35fcc65225af6d9790a46c62b621b5ffba13fdf89b170de47581a368571b40fa7265bf18c387d75835adee568b,http://plus.kipris.or.kr/openapi/fileToss.jsp?arg=2ba38663aa11ff0f6ca91af6061a2e00877b80863277d076c783aa48277c64a87f035d4759b6a012f9cd2aeef0384c37c8792eeb5c9842d72d2321fa6235ab8f3d8f59b3c02c8ec3,주식회사 대한솔루션
HANSOL,93,등록,전기 자동차용 배터리 팩의 소음 저감장치,H01M 50/20|H01M 50/24|B60R 13/08|B60L 50/64,1020839010000,20200226,1020180079130,20180709,1020200005767,20200117,,20200303,"본 발명은 플로어 패널 하부와 배터리 팩 사이의 틈새를 흡차음 부재나 에어백으로 충전하여 틈새를 없애주므로, 이 틈새를 통해 증폭하여 전기 자동차 실내로 전해지는 특정 소음을 차단하거나 줄일 수 있게 하여 쾌적한 실내 환경을 조성할 수 있다. 특히, 본 발명은 두 개의 부직포 사이에 폴리우레탄 폼, 글라스 울, 또는 레진 펠트를 삽입하여 시트 형태로 구성하거나, EPDM 시트 형태로 제작하여 플로어 패널과 배터리 팩 사이의 틈새를 없앨 수 있게 구성하므로, 저렴하면서도 쉽게 제작하여 소음 성능을 개선할 수 있다. 또한, 본 발명은 에어백을 소음 저감장치로 사용하므로, 틈새 형상이 복잡하더라도 형상에 따라 변형하면서 틈새를 메워 특정 주파수 대역의 소음이 증폭하는 것을 막아 소음 성능을 개선할 수 있다.",http://plus.kipris.or.kr/openapi/fileToss.jsp?arg=ed43a0609e94d6e22d01c5c32ba711cf80c7915a48fa2bb45e99761fcd772f61240b26b1eea29ef8e05d70c6eb54b0f18d799a9774efda7f3a1e4bff332d8a12fcf21c4019df4c34,http://plus.kipris.or.kr/openapi/fileToss.jsp?arg=2ba38663aa11ff0f6ca91af6061a2e00ce5e4f3c76c8143e0f43d704cdc21062a9743f6b0f77f987cd3dc1ba99a323e0803c57b6ef5cb5bd78834d5fa634d601887c2c343e099ef8,주식회사 대한솔루션
HANSOL,94,공개,내플라즈마성 복합체 및 이의 제조방법,C04B 37/00|C04B 35/14,,,1020240086075,20240701,1020260003958,20260108,,,본 발명은 광학적 특성이 향상된 내플라즈마성 복합체의 제조방법 및 내플라즈마성 복합체에 관한 것이다.,http://plus.kipris.or.kr/openapi/fileToss.jsp?arg=ed43a0609e94d6e22d01c5c32ba711cf07b32c006d8333cd367257806a05840d3f0558989ef8d5a3b5ed3612a8d1b562dbda8c2ef0e04f11980598b5265234c4c7e9f88a3773fef2,http://plus.kipris.or.kr/openapi/fileToss.jsp?arg=6c650beb4cee9ce4122b704b88878c932942d288804c57275ab1421bfba962cc3fc4e625ddd7498cbbdadf57bffea0366cd0847c7b6cfbb20c35faf8af1fdc3335d9e71db9bd3c29,한솔아이원스 주식회사
HANSOL,95,공개,정전기력 현미경(EFM) 분석법을 이용한 셀룰로스 나노파이버의 비결정성과 결정성(친수성과 소수성)의 정량적 판별 방법,G01N 27/60|G01N 27/416|G01Q 60/30|G01Q 60/40,,,1020240098306,20240725,1020260015424,20260203,,,"본 발명은 은 페이스트가 도포된 실리콘 기판과 금속 코팅된 AFM 팁 사이에 은 페이스트가 도포된 CNFs를 고정하고, 상기 실리콘 기판과 금속 코팅된 AFM 팁 사이에 전압을 인가하여 전위차가 발생하게 한 다음, 원자힘 현미경(AFM)을 사용하여 EFM분석법으로 EFM 이미지와 EFM 전위를 수치를 얻음과 동시에, AFM(Atomic Force Microscopy) 이미지를 얻음으로써, 비교하고자 하는 CNFs에 대해 얻은 이미지와 EFM 전위를 상대적으로 비교하여 CNFs의 친수성과 소수성을 정량적으로 판단할 수 있다. 특히, 본 발명은 CNFs를 수분산한 다음 용액을 건조하여 얻음으로써, CNFs가 골고루 분산되게 하여 CNFs 전반에 걸쳐 친수성과 소수성에 대해 정량적으로 판단할 수 있다.",http://plus.kipris.or.kr/openapi/fileToss.jsp?arg=ed43a0609e94d6e22d01c5c32ba711cf89f235a07b561017d60cfdb4856a7dc5854f03a2547915b910c5528ed3648e9fc8b26563f090bebad8ef483ed448b184274e86d19e752fcc,http://plus.kipris.or.kr/openapi/fileToss.jsp?arg=6c650beb4cee9ce4122b704b88878c9387ea99194bc6c5403a36ba838a4a99fcb7c0a98144b7645e8fc3db7af32a1abc1122938fd2b9fa475d31b1466ba62d14cdd7d3c7003081be,주식회사 대한솔루션
HANSOL,96,등록,자동차용 퍼스널 모빌리티 무선 충전장치,B60L 53/12|B62H 3/00,1022183190000,20210216,1020190117858,20190925,,,,20210223,"자동차에 거치대를 갖추고, 이 거치대에 퍼스널 모빌리티를 거치하면 무선 방식으로 충전할 수 있게 구성함으로, 자동차로 이동 중에도 퍼스널 모빌리티를 충분하게 충전할 수 있어 언제 어디서든지 쉽고 편리하게 충전하여 안전하게 사용할 수 있다. 특히, 거치대를 트렁크나 도어 사이드 등 퍼스널 모빌리티를 거치할 수 있는 곳이라면 어디든지 거치할 수 있게 구성함으로, 퍼스널 모빌리티를 거치할 수 있는 공간만 확보하면 충분히 퍼스널 모빌리티의 거치・충전하여 안전하면서도 편리하게 사용할 수 있다. 또한, 거치대에 퍼스널 모빌리티를 유선으로 충전할 수 있게 구성하므로, 한 번에 두 대의 퍼스널 모빌리티를 동시에 충전하거나 때에 따라 다른 종류의 퍼스널 모빌리티 등에도 충전할 수 있게 하여 편의성을 더욱더 높일 수 있다.",http://plus.kipris.or.kr/openapi/fileToss.jsp?arg=ed43a0609e94d6e22d01c5c32ba711cf15313e7443132aadff978b873a05a862f14cd2d06bcc30b90def3c7ca8280ad6cb026232db84c015996635308f5338cd25c1179a07311f77,http://plus.kipris.or.kr/openapi/fileToss.jsp?arg=6c650beb4cee9ce4122b704b88878c933221e12e53ba0a02878d13f6fb73c57290d9d2142f8d7ad6b477071183e5fdbf008cc5c23789c9fc0a0373b9f63708b7320862cd09bab073,주식회사 대한솔루션
HANSOL,97,공개,고주파 유도 가열을 이용한 유리 조성물의 용융 방법,C03B 5/02|H05B 6/02,,,1020230011163,20230127,1020230022193,20230214,,,"본 발명은 고주파 유도 가열을 이용한 유리 조성물의 용융 방법에 관한 것으로, 구체적으로 고주파 유도에 의하여 가열되지 않는 유리 조성물을 특정한 용기를 구비하고, 상기 용기를 고주파 유도 원리를 이용하여 가열함으로써, 상기 용기 내에 구비된 유리 조성물을 용이하게 용융시킬 수 있는 고주파 유도 가열을 이용한 유리 조성물의 용융 방법에 관한 것이다.",,,한솔아이원스 주식회사
HANSOL,98,등록,플래시 애니메이션 만화를 이용한 자율 학습 시스템 및 그운영방법,G09B 5/00|G09B 7/00|G06Q 50/20|G06T 13/00|G09B 19/00,1006913300000,20070228,1020060075045,20060809,,,,20070312,"본 발명은 캐릭터 또는 만화 한 컷 또는 캐릭터의 말풍선이 학습자가 예상할 수 없는 순서나 크기를 갖는 플래시 형태로 제공되어 학습자가 학습 만화를 흥미롭게 보면서 자신도 모르는 사이에 학습이 이루어질 수 있도록 하는 플래시 애니메이션 학습 만화를 이용한 자율 학습 시스템 및 그 운영방법에 관한 것으로, 플래시 애니메이션 만화를 이용한 자율 학습 시스템에 있어서, 학습 만화를 제작하여 학년별, 교과별로 분류되어 검색될 수 있도록 DB가 구비되어 있으며, 학습자의 요청에 따라 DB에 등록된 학습만화를 플래시 애니메이션 형태로 제공하며, 학습자가 플래시 애니메이션 학습만화를 보면서 아이템이나 사이버 머니로 보상받을 수 있는 보상서비스가 제공되도록 하는 학습만화 제공서버; 및 학습자가 데이터 통신망을 통해 상기 학습만화 제공서버로 온라인 접속을 이룬 후 상기 학습만화 제공서버에서 제공하는 학습만화 서비스를 제공받을 수 있도록 하는 학습자 단말기를 포함하여 이루어진 것을 특징으로 한다. 학습만화, 플래시, 애니메이션, 자율학습, 예문학습",http://plus.kipris.or.kr/openapi/fileToss.jsp?arg=ed43a0609e94d6e2d625a3dcb0746fe46c22163f668395d400b34896c918c8c7123dbb57741a055d862a6dee6e12a2e8,http://plus.kipris.or.kr/openapi/fileToss.jsp?arg=452306798ef1fd035bfb5ff666db4c9cfe49d03e6a3dce01d5d11fc619ff66265d8f0f70652c05fe0e4580a1d3646a0b,주식회사 한솔교육
HANSOL,99,등록,보안감시관리자의 보안감시장치조작정보 저장 시스템,H04N 21/442|H04N 7/18|H04N 21/231|H04N 21/4367,1014944480000,20150211,1020140148923,20141030,,,,20150223,"보안감시관리자의 보안감시장치 조작 정보 저장 시스템이 개시된다. 하나 이상의 수만큼 설치되어 촬영하는 감시카메라 감시카메라들부터 촬영된 영상신호를 전송받아 녹화하고 보안감시관리자의 명령에 따라 영상신호를 전송하는 중앙제어부 중앙제어부로부터 영상신호를 전송받아 출력부에 디스플레이하며, 출력부에 디스플레이된 모든 영상정보 즉, 보안감시장치조작정보를 IP신호로 변환하여 중앙제어부와 보안서버에 전송하는 보안감시모니터 보안감시모니터로부터 IP신호를 전송받아 저장 및 재생하며 접속통제방법을 구비된 보안서버를 구비한다. 본 발명에 따르면, 보안감시관리자의 보안감시조작정보를 확인할 수 있도록 하여 보안감시관리자의 근무태만 및 종래의 보안감시시스템에서 보안감시관리자의 보안감시장치조작정보 저장시스템을 구성할 때 최소비용으로 가능하게 된다.",http://plus.kipris.or.kr/openapi/fileToss.jsp?arg=ed43a0609e94d6e22d01c5c32ba711cf1f3ca3e270cfe5a2df744d11d082aaa22be7fe8cca5a66482263c3b80ef874b07bdbee4ab85ac489b837af96b35fbfba8364ab88c6bdb3fc,http://plus.kipris.or.kr/openapi/fileToss.jsp?arg=2ba38663aa11ff0f6ca91af6061a2e00bdb783be2364f1fdb1afaa552d40fc338f51de5435095b63c744edc362dd6b15d5bda8309e8eb457c4c70fcad45ee0ae84ac50882e370192,주식회사 한솔오리온텍
HANSOL,100,공개,훅 위치를 조절해서 사용하는 자동차용 레일 코트 훅,B60R 7/10|B60R 11/00,,,1020230083361,20230628,1020250001158,20250106,,,"본 발명은 코트나 옷걸이 등을 걸게 제작된 훅 보디가 레일을 따라 움직일 수 있게 구성함으로써, 코트나 옷걸이 등을 걸 때 훅 보디를 사용하기 편리한 위치로 위치를 조절한 다음 걸 수 있게 구성함으로써, 코트나 의류가 구겨지거나 접히지 않게 하면서도 어시스트핸들을 편리하게 사용할 수 있다. 특히, 본 발명은 훅 보디를 안내하는 레일이 헤드 라이너의 양쪽 가장자리 중 적어도 하나에 길이 방향으로 길게 형성함으로, 훅 보디에 코트나 옷걸이 등을 걸 때 주변에 있는 탑승자나 다른 구성과 서로 부딪히거나 닿지 않도록 쉽고 편리하게 위치를 조정하여 안전하게 사용할 수 있다. 또한, 본 발명은 이처럼 길이가 긴 레일에 2~4개의 훅 보디가 구성되게 함으로, 여러 벌의 의류나 코트 등을 한 번에 걸어서 보관할 수 있다.",http://plus.kipris.or.kr/openapi/fileToss.jsp?arg=ed43a0609e94d6e22d01c5c32ba711cf9a5ec7d906dd1a1479de60be731cc06590ec8fe0b44fa9414d7b7ef2a37ef6e33a423e7222a2a75b606782631a42d3cb8dc7d390b8b7df62,http://plus.kipris.or.kr/openapi/fileToss.jsp?arg=6c650beb4cee9ce4122b704b88878c933b8dcba8c2c799a345d6a6458ba19c3b62cdf231478b3f36b2b1beff07bc3f91d954d06a51e2b1fca6f76e36d340475c9341a3f0beaaf640,주식회사 대한솔루션
HANSOL,1,등록,차량용 선바이저 및 그 제조방법,B32B 5/18|B29C 65/00|B60J 3/02|C09J 175/04|C09J 121/00|C09J 7/00|C09J 11/00,1008226630000,20080410,1020070008447,20070126,,,,20080417,"본 발명은 차량에 구비되는 선바이저 및 그 제조방법에 관한 것으로, 본 발명은 구조가 간단하면서도 강도가 우수할 뿐만 아니라 중량을 현저하게 감소시킨 차량용 선바이저 및 그 제조방법을 제공하는 것에 그 목적이 있다. 상기한 목적을 달성하기 위한 본 발명에 따르면, 본 발명의 특징에 따르면, 밀도가 15~50㎏/㎥이며 상호 적층 형성된 한 쌍의 폴리우레탄폼시트(10)와, 이 한 쌍의 폴리우레탄폼시트(10) 사이에 배치된 보강와이어(30)와, 상기 폴리우레탄폼시트(10)의 외측면에 적층된 한 쌍의 보강시트(20)를 포함하여 구성된 것을 특징으로 하는 차량용 선바이저(1)가 제공된다. 선바이저, 폴리우레탄폼시트, 접착제, 보강와이어, 외피",http://plus.kipris.or.kr/openapi/fileToss.jsp?arg=ed43a0609e94d6e2d625a3dcb0746fe484b73ac8e410bb22145b1133247db0b978d0504d5ff345652192af103e698c45,http://plus.kipris.or.kr/openapi/fileToss.jsp?arg=452306798ef1fd035bfb5ff666db4c9cf44e6e9608087f40685e89b1da7ec054dbde21a542dc490c0acb77235aa02e33,주식회사 대솔오시스|주식회사 대한솔루션
HANSOL,2,취하,전동 보드 시스템 및 이의 제어방법,A63C 17/12|A63C 17/14|A63C 17/26,,,1020170009699,20170120,1020180085955,20180730,,,"전동 보드 시스템 및 이의 제어방법이 개시된다. 본 발명의 전동 보드 시스템은, 사용자가 발을 올려 탑승하는 데크, 상기 데크 하단에 연결된 바퀴, 상기 바퀴를 회전시키는 모터, 각도정보를 포함하는 주행 정보를 센싱하는 센서, 전원을 공급하는 배터리를 포함하는 전동 보드; 주행 정보를 수신하며, 사용자의 조작에 따라 전동 보드의 도로면의 경사에 따라 추가적인 조작 없이 전동 보드의 현재 속도를 유지, 가속 및 감속 중 어느 하나로 동작하는 정속 모드 또는 일반 모드 중 하나로 선택되는 동작모드를 설정하고, 상기 동작모드에 따라 제어신호를 생성하는 사용자 단말;을 포함한다. 이에 따라, 에너지 소비가 적으면서도 사용자 단말의 편리한 동작 기능을 다양하게 지원하여 사용자가 쉽게 전동보드를 조작할 수 있다.",http://plus.kipris.or.kr/openapi/fileToss.jsp?arg=ed43a0609e94d6e22d01c5c32ba711cfb7ee0f7252ee5085687bbc87eb81a6baca3e64a1a62eb0813d835ba22777b583cafede7c1616deaad3a14b89327ba285b7d8d420afdb3897,http://plus.kipris.or.kr/openapi/fileToss.jsp?arg=2ba38663aa11ff0f6ca91af6061a2e00df452ed22e32539073136db4d4869737299d38e7c401328e8082f7407c2d3b33c3952a32ae5b97ca1524b6c57b19ede890936fdbf9e33dcb,김호현|장세현|이병도|주현국|허한솔
HANSOL,4,공개,주기 데이터 분석 기반의 전력 추이 상황적 불량 이상 검증 방법,G05B 23/02,,,1020230191969,20231226,1020250100432,20250703,,,"본 발명은 주기 데이터 분석 기반의 전력 추이 상황적 불량 이상 검증 방법에 관한 것이다. 본 불량 이상 검증 방법은, 설비 기기와, 설비 기기를 제어하는 제어기가 설치된 제조 현장에서 제어기로부터 로그 데이터를 수집하고, 소정 생산 라인이나 설비 단위로 각각 설치되는 에너지 미터기로부터 전력 소비 데이터를 수집하는 과정, 시계열 분해 방식을 통해 전력 소비 데이터를 분해하여 주기 데이터를 추출하는 과정, 주기 데이터에 대응하는 주파수 스펙트럼을 생성하는 과정, 주파수 스펙트럼을 일정 주파수 구간별로 나누어 시계열 데이터로 변환하여 전력 소비 패턴 데이터를 생성하는 과정, 전력 소비 패턴 데이터의 시계열 예측을 통해 분석 예측값을 생성하고, 제조 현장에서 수집되는 전력 소비 데이터로부터 실시간 생성한 전력 소비 패턴 데이터와 분석 예측값에 기초하여, 제조 현장에서 불량이나 이상 발생 여부를 감지하는 과정을 포함한다. 본 발명에 따르면, 제조 현장에서 수집된 데이터에서 시계열 분해 방식으로 주기 데이터를 추출하고, 추출한 주기 데이터의 시계열 예측을 기반으로 제조 현장의 기기 불량이나 이상 여부를 탐지할 수 있다",http://plus.kipris.or.kr/openapi/fileToss.jsp?arg=ed43a0609e94d6e22d01c5c32ba711cfd1decb79741282eb9cae2eeefefa1f92529bef78a73078c4683c1d0690e337f4e462d578bd7ef35b43ed20857fa10ccff06af804616fafd4,http://plus.kipris.or.kr/openapi/fileToss.jsp?arg=348aaf18c46825cf02d6c2de1c78338e49576747ae5d8733fb5f1ac3496d8ab7171591fbed046c41095ade9c218f5fcb6adce9fe1bcf796c633b9cc6c32baef2db0eba128070c531,한솔코에버 주식회사
HANSOL,5,거절,"보행자 내비게이션 시스템, 그리고 보행자 안내 서버",G01C 21/34|G01C 21/36|G01S 19/13|G08G 1/09|H04W 4/60|H04W 4/02|G06F 21/31|G06F 16/901,,,1020210110258,20210820,1020230027934,20230228,,,"본 발명은 보행자 내비게이션 시스템, 그리고 보행자 안내 서버에 관한 것으로, 보다 구체적으로는, 보행자의 시간절약 및 신호로 인해 다급하게 뛰는 상황의 빈도를 줄여 위험한 상황의 발생을 예방하도록 하기 위한 보행자 내비게이션 시스템, 그리고 보행자 안내 서버에 관한 것이다.",http://plus.kipris.or.kr/openapi/fileToss.jsp?arg=ed43a0609e94d6e22d01c5c32ba711cfe98b6330a25570aafa1a0c8d4ecc6eb48d31b2e89a23454b95b588392067fc9933e5ddeca662423485f3259de4f1684e675a3dea2b83405f,http://plus.kipris.or.kr/openapi/fileToss.jsp?arg=6c650beb4cee9ce4122b704b88878c93a90cc6b6c887ebf50c0b0fc6f28a0b98338c85995053c73f76a7e123b30e106fb4942ef9b24511a151ba025133dc74acd6321f6d35234e75,최선우|김승연|김한솔|최민수|공도일
HANSOL,6,공개,에너지 최적화를 위한 룰 관리 시스템,G05B 23/02|G06Q 50/06|G06Q 50/10,,,1020230112735,20230828,1020250031372,20250307,,,"본 발명은 룰 관리 시스템 및 그 방법에 관한 것이다. 본 룰 관리 시스템은, 제조 현장에 설치된 다수의 센서로부터 제조 현황과 관련된 데이터를 입력받는 입력부, 및 입력부로부터 전달되는 데이터와 제조 현장의 에너지 관리를 위한 전문가 정보에 기초하여, 에너지 관리를 위한 피쉬본 다이어그램 데이터를 생성하고, 피쉬본 다이어그램 데이터와 제조 현장의 컴포넌트 및 리소스와 관련된 데이터베이스를 이용하여 제조 현장의 에너지 관리를 위한 에너지 관리 룰을 생성하며, 입력부로부터 전달되는 데이터를 실시간으로 측정 및 분석한 데이터를 이용하여 에너지 관리 룰을 이상 여부를 테스트하는 통합 서버를 포함한다. 본 발명에 따르면, 공장 에너지 관리의 최적화 운영이 가능하도록 하는 에너지 관리 룰을 효율적으로 생성하여 관리할 수 있다.",http://plus.kipris.or.kr/openapi/fileToss.jsp?arg=ed43a0609e94d6e22d01c5c32ba711cf7c6eea605f5b888645cce1d40f8734491fb27523023d5a132b5aae6daeb763986afe3bc6d1f46274abfea4993f4b88ce075c247a811e75b0,http://plus.kipris.or.kr/openapi/fileToss.jsp?arg=6c650beb4cee9ce4122b704b88878c9375e27486a6964472ccf85e18ea8818d1e6331a32201d135eb1a84ac29a64d978340a321eb757d4c035bed00f4a8994d987c32aec22b7129e,한솔코에버 주식회사
HANSOL,7,등록,비점오염물질 처리장치,C02F 1/52|B01D 35/00|C02F 103/00,1008940220000,20090410,1020080088752,20080909,,,,20090417,"본 발명은 비점오염물질 처리장치에 관한 것이다. 본 발명은 초기 강우 유출수에 포함되어 있는 비점오염물질을 처리하여 정화된 유출수를 방수하는 비점오염물질 처리장치에 있어서, 상기 초기 강우 유출수가 유입되도록 내측에 상향 돌출되게 형성되는 가변웨어가 구비되며, 일측에 유입관이 형성되는 우수관; 상단에 파지부가 형성되며, 외면에 스크린이 형성되고, 상기 유입관을 통해 상기 초기 강우 유출수가 유입되어 상기 유출수와 고형물을 분리하는 고형물 분리기와, 상기 고형물 분리기를 감싸는 중공의 형상으로 형성되어 상기 유출수와 유분성분을 분리하는 유수 분리기 및 상기 고형물 분리기의 하부에 형성되어 상기 고형물이 저장되는 침사조를 포함하는 제 1 처리부; 상기 제 1 처리부에서 처리된 상기 유출수가 유입되도록 제 1 유입공이 형성되고, 상기 유출수에 포함되는 오염물질이 침전되는 여과침전저류조가 형성되며, 미세 오염물질과 상기 유출수를 정화하는 미세여과벽체가 구비된 제 2 처리부; 상기 제 2 처리부에서 처리된 상기 유출수가 유입되는 제 3 유입공이 형성되며, 상기 유출수를 최종적으로 정화하기 위해 외주에 다수의 정유공이 형성된 카트리지 다공성 필터와, 상기 카트리지 다공성 필터의 내부에 구비되며 외주에 다수의 유출입공이 형성된 유출입 부재와, 상기 카트리지 다공성 필터 및 상기 유출입 부재가 고정되는 고정부 ...(이하생략)",http://plus.kipris.or.kr/openapi/fileToss.jsp?arg=ed43a0609e94d6e2d625a3dcb0746fe47b96eebc40c8207570c3a6c029347495e06b929dea13724b4b486882ec4c018f,http://plus.kipris.or.kr/openapi/fileToss.jsp?arg=452306798ef1fd035bfb5ff666db4c9c8b05d8ff1d82925131ebe6f004b39747aef58b341411874dc4dbed3b7ab3c9ef,주식회사 한솔환경산업|주식회사 유니에코
HANSOL,8,공개,치매 예방을 위한 지령 카드가 포함된 윷놀이 세트,A63F 3/00|A63F 3/04|G09B 19/22|A63F 1/04,,,1020230075645,20230613,1020240175559,20241220,,,"본 발명은 윷놀이 장치 및 윷놀이 방법에 관한 것으로, 보다 상세하게는 윷가락과 윷놀이 말판, 이동말 및 상기 말판의 특정 칸에 대응되는 과제를 제공하여 사용자에게 회상 및 행동을 유도하는 카드를 이용한 윷놀이 장치 및 윷놀이 방법에 관한 것으로, 사용자들은 윷놀이를 즐기면서 자신에 대한 정보를 회상하고 움직임을 통해 신체를 자극하여 치매를 예방할 수 있는 것을 특징으로 한다.",http://plus.kipris.or.kr/openapi/fileToss.jsp?arg=ed43a0609e94d6e22d01c5c32ba711cf3457278603aa05379508cabd0f08cde7ae687ca434b79e68c8c47243a6043e88a44176aa48de6b0751af91a10521def7a9bab664cd7497c2,http://plus.kipris.or.kr/openapi/fileToss.jsp?arg=6c650beb4cee9ce4122b704b88878c93775579985ae3279d3b423bde67f9b6326e18a9ff12cc8b6d9966f3ecf0416db7862c8af9fbda9373f02860f6c0751614166b5cd26fcd9699,이래호|양찬솔
HANSOL,9,공개,생산공정 에너지 및 설비상태 데이터 처리를 위한 전력 사용 패턴 분석 및 상태 분석 방법,G05B 23/02|G06N 20/00,,,1020230191965,20231226,1020250100428,20250703,,,"본 발명은 상태 분석 방법 및 그 시스템에 관한 것이다. 본 상태 분석 방법은, 설비 기기가 설치된 제조 현장에서 소정 생산 라인이나 설비 단위로 각각 설치되는 에너지 미터기와 에너지 미터기에 연결된 센서나 측정 장치로부터 에너지 관련 데이터를 수집하는 과정, 에너지 관련 데이터를 전처리한 데이터를 학습 데이터로 이용한 머신러닝 학습을 통해, 제조 현장의 설비 상태와 설비 SoH(State of Health) 상태를 분석하는데 사용할 수 있는 상태분석 모델을 생성하는 과정, 및 제조 현장에서 실시간으로 수집되는 에너지 관련 데이터와 상태분석 모델에 기초하여, 제조 현장의 설비 SoH 상태를 판단하는 과정을 포함한다. 본 발명에 따르면, 머신러닝 기반으로 제조 현장의 설비 SoH 상태를 판단하여, 필요한 조치를 신속하게 할 수 있다",http://plus.kipris.or.kr/openapi/fileToss.jsp?arg=ed43a0609e94d6e22d01c5c32ba711cfd1decb79741282eb9cae2eeefefa1f92529bef78a73078c4683c1d0690e337f451727fa33df3e3686c818ecd211697d867045c0eb486fe3a,http://plus.kipris.or.kr/openapi/fileToss.jsp?arg=348aaf18c46825cf02d6c2de1c78338e49576747ae5d8733fb5f1ac3496d8ab7171591fbed046c41095ade9c218f5fcb1d168e7e28866db230e11586246285ad82bb19fd7011fe22,한솔코에버 주식회사
HANSOL,10,공개,고방열성과 낮은 BLT를 가진 그리스 조성물 및 그 제조방법,C10M 169/04|C10M 171/06|C10M 107/50|C09K 5/14|C10N 20/06|C10N 50/10|C10N 70/00,,,1020230097916,20230727,1020250017332,20250204,,,"자동차의 전력 반도체 제품에 사용되는 그리스 조성물을 제조할 때, 방열효과를 내는 방열 필러가 평균 입경이 0.5 내지 5㎛인 것을 사용함으로써, 부품 사이의 그리스 두께를 나타내는 BLT(Bond Line Thickness)가 20㎛ 이하이고, 열전도성 4~5W/mK인 고방열성과 낮은 BLT를 가진 그리스 조성물 및 그 제조방법을 제공한다. 특히, 방열 필러로, 산화알루미늄, 질화알루미늄, 질화붕 소, 산화아연, 수산화알루미늄 및 수산화마그네슘 중 적어도 2종을 선택해서 사용하되, 평균 입경이 각각 다른 3종을 사용함으로써, 평균 입경이 큰 입자 사이의 공간에 평균 입경이 작은 다른 종류의 방열 필러가 채워지게 되어 실질적으로 방열 효과가 있는 방열 필러량을 늘려 방열 효과를 한층 더 높일 수 있게 한다. 본 명세서는 인천광역시와 인천테크노파크의 '2023년 미래자동차 부품산업 육성 지원사업(미래자동차 부품 기술개발 지원사업)'의 도움으로 작성되었다.",http://plus.kipris.or.kr/openapi/fileToss.jsp?arg=ed43a0609e94d6e22d01c5c32ba711cf14196bb3950514c051683012865e617f6c2fe8a3e18038968400b03504f6da586a3b2602649ee59e644aaca41ab05bfa33031d71029d21c1,http://plus.kipris.or.kr/openapi/fileToss.jsp?arg=6c650beb4cee9ce4122b704b88878c93369ec08af6388ff698522fc27611c6afce9614ae4185b97174e0f5e8d2befa58c39e941d6b1b3329e08a973cc64b1375c6451aa42008f2e7,주식회사 대한솔루션
HANSOL,11,거절,자동차용 어시스트핸들에 일체로 형성된 코트 훅,B60R 7/10|B60N 3/02,,,1020230164004,20231123,1020250076860,20250530,,,"탑승자가 손으로 잡는 손잡이 부재에서 일부를 구획하여 매립형의 코트 훅으로 구성하고, 코트 훅이 필요할 때만 손잡이 부재에서 코트 훅을 강제로 젖혀서 사용할 수 있게 구성함으로써, 손잡이 부재와 코트 훅이 일체로 구성되어 자동차 실내에 설치되는 모든 어시스트핸들의 형상과 모양을 일치하게 제작할 수 있어 디자인의 통일감을 주고, 동시에 자동차 실내의 미감과 미관을 개선할 수 있다. 이때, 코트 훅이 손잡이 부재의 길이 중간 부분에 위치하도록 장착함으로써, 어느 한쪽으로 쏠림이 없이 옷걸이 등을 걸어서 편리하고 안전하게 사용할 수 있다. 또한, 코트 훅이 손잡이 부재에 매립되게 설치하여 사용하되, 사용되지 않을 때는 이 손잡이 부재 면과 같은 면을 이루게 구성함으로써, 어시스트핸들과도 일체감을 느낄 수 있다.",http://plus.kipris.or.kr/openapi/fileToss.jsp?arg=ed43a0609e94d6e22d01c5c32ba711cf6a29009236fe986f984eb9f5000a5fff0376c02d0e6481923a5e8886dd36e7032f6e353d1f41e5b42b095b8f35f906454834ee1d3a8160ae,http://plus.kipris.or.kr/openapi/fileToss.jsp?arg=6c650beb4cee9ce4122b704b88878c93a91394be4864215886416e35d82aa5edab94dd08e5b543d748c4af12ea4b57a5cce9fa78843f9a02ecb1668c7a2bbd23080a44f1f6ca3fdf,주식회사 대한솔루션
HANSOL,12,거절,자동차용 온열 박스,B60H 1/00|B60N 3/10|B60H 1/04|B60R 7/06,,,1020240056902,20240429,1020250157781,20251105,,,"동력발생장치에 연결된 히트 코어를 갖춘 온열용 박스를 자동차 실내에 장착하고, 엔진 시동 후에 히트 코어로 공급받은 열기로 온열용 박스 내부를 일정 온도로 유지하게 함으로써, 손난로와 핫팩처럼 열을 가해서 다시 사용할 수 있는 물품에 대해 필요할 때 데워서 바로 재사용할 수 있다. 특히, 온열용 박스를 글로브 박스 내에 구성함으로써, 운전자나 탑승자가 자동차에서 타고 내릴 때, 글로브 박스를 열고 누구든지 쉽고 편리하게 손난로나 핫팩 등을 쉽게 꺼내서 사용하거나 보관할 수 있다. 또한, 동력발생장치와 히트 코어 사이에 스위치를 장착함으로써, 여름철과 같이 열기가 필요하지 않을 때나, 실내에서 소품을 말려야 할 때처럼, 선택적으로 히트 코어를 통해 열기를 공급하거나 차단하여 편리하고 안전하게 사용할 수 있다.",http://plus.kipris.or.kr/openapi/fileToss.jsp?arg=ed43a0609e94d6e22d01c5c32ba711cf747bc370f562d35e59a9daa1fdd4818bb9bf225c601ceae25974bb6bc7ef06ffc6fa97cf22f23165caf2c28884aa561f6185327fcf2b49fc,http://plus.kipris.or.kr/openapi/fileToss.jsp?arg=6c650beb4cee9ce4122b704b88878c937293b8b70102745be607d9350b9127b511cbc773478acc5f2964b7abbb962b414861a9f9001ad8f14ae807f9f1c23fde9e40e872c5b93ac8,주식회사 대한솔루션
HANSOL,13,등록,동력전달축의 성능 시험 장치,G01M 13/02|F16D 3/79,1015929610000,20160202,1020140106706,20140818,,,,20160212,"본 발명은 동력전달축의 성능 시험 장치에 관한것으로써, 더욱 상세하게는 양단부에 플렉시블 커플링이 결합된 동력전달축을 모터로 회전시켜 그 성능을 시험함에 있어서, 상기 동력전달축의 축편심 변위를 이동수단을 통해 간편하게 조절할 수 있어 상기 동력전달축의 변위에 따른 성능 시험의 편의성을 향상하고, 또한 상기 동력전달축의 일단부에 결합된 고정 스핀들과 상기 모터의 회전축을 연결수단을 통해 유동가능하게 연결함으로써 상기 모터의 설치위치가 정밀할 필요가 없어 설치가 간편하고 모터의 회전축 길이를 짧게 할 수 있음은 물론 진동과 충격을 원활하게 흡수하므로 모터의 내구성도 향상할 수 있는 동력전달축의 성능 시험 장치에 관한 것이다.",http://plus.kipris.or.kr/openapi/fileToss.jsp?arg=ed43a0609e94d6e22d01c5c32ba711cf1253d94d1bc32a7cb78dd06aef1bdbc9c7240e051de417cb77d1e5e9dc4d46b7ccc55fa6893b8b732c1ae83335e7f0e3e1f8d682a35d51b9,http://plus.kipris.or.kr/openapi/fileToss.jsp?arg=2ba38663aa11ff0f6ca91af6061a2e00eace8902f518c9bde9d01c7926e158327598d8d5b6fa2cd4c55c510f5fdc7da6ffaa662b70b2dab0b6e611da6416b5a692145cdcde9f7194,한솔아이원스 주식회사
HANSOL,14,등록,폴리우레탄 폼 시트의 커팅 장치,B26D 3/00|B26D 7/06|B26D 7/26|B26D 7/27|B60R 13/08|B29C 44/56|B29C 59/04,1029171900000,20260120,1020240094229,20240717,,,,20260127,"폴리우레탄 폼 블록이 한 방향으로 진퇴하면서 원하는 두께로 커팅될 때, 커팅된 부분에서 폴리우레탄을 구성하는 일부 셀의 벽이 깨지게 하여 하나의 폴리우레탄 폼 시트에 대해 보정등가흡음면적을 넓혀 흡음 성능을 개선할 수 있다. 특히, 폴리우레탄 폼 시트의 양쪽 면 중 적어도 한 면에 대해서 적어도 부분적으로 셀이 깨지게 함으로써, 셀 깨짐으로 폴리우레탄 폼 시트의 강성이 약해지는 것을 최소화하면서도 다른 대역의 주파수에 대해서도 흡음 성능을 개선할 수 있다. 또한, 한 쌍의 롤러 사이로 커팅된 폴리우레탄 폼 시트가 통과하게 해서 폴리우레탄 폼 시트 표면이 일정 두께만큼 눌려 셀이 깨지도록 구성함으로, 커팅 공정에서 쉽게 셀이 깨지게 하여 시트의 강성이 떨어지는 것을 최소화하면서도 흡음 성능을 개선할 수 있다.",http://plus.kipris.or.kr/openapi/fileToss.jsp?arg=ed43a0609e94d6e22d01c5c32ba711cfc0cfea9a6d02681a12c5d48c751a7ebaf97eca95e5b39d0eb1c2132022ebb3691d9990c12fb02378af3fc4e57e4ce3ca0c66ffdff7917a8a,http://plus.kipris.or.kr/openapi/fileToss.jsp?arg=6c650beb4cee9ce4122b704b88878c93b144c06a58faaf7bd8db83f7243104563dbb3d491855c8f98ece70a1152be8b7c3370b76b55936e8e8b404685af484140e89a92666a39350,주식회사 대한솔루션
HANSOL,15,거절,자동차용 헤드 라이너 및 그 제조방법,B32B 37/14|B32B 37/12|B32B 5/20|B32B 17/06|B32B 5/24|B60R 13/02,,,1020230163991,20231123,1020250076852,20250530,,,"본 발명은 자동차용 헤드 라이너 및 그 제조방법에 관한 것으로, 기재를 헤드 라이너 형상으로 미리 성형한 다음, 기재 면에 헤드 라이너 형상에 맞는 두께에 맞춰 경질 또는 반경질의 폴리우레탄을 부분적으로 발포성형하여 일체로 성형함으로써, 의도하지 않은 BSR(Buzz, Squeak, Rattle)과 중량을 줄이면서도, 생산과정을 간소화할 수 있게 한다. 특히, 본 발명은 폴리우레탄으로 밀도 10~40㎏/㎥인 경질 또는 반경질의 폴리우레탄을 사용함으로써, 헤드 라이너에서 요구되는 구조적 강성을 어느 정도 보강하면서도 BSR를 개선할 수 있게 한다. 또한, 본 발명은 상기 폴리우레탄에 면밀도가 20~200g/㎡인 유리섬유를 추가 사용함으로써, 폴리우레탄의 강성 보강과 소음 성능을 한층 더 개선할 수 있게 한다.",http://plus.kipris.or.kr/openapi/fileToss.jsp?arg=ed43a0609e94d6e22d01c5c32ba711cf6a29009236fe986f984eb9f5000a5ffff55f6dc9942dd93fc0fcda2a3c652d848e0cf7fc904c246f3c6a617490b7540724f0b270b75bdaa8,http://plus.kipris.or.kr/openapi/fileToss.jsp?arg=6c650beb4cee9ce4122b704b88878c93a91394be4864215886416e35d82aa5ed705e42d877b85dfb7205bc997f30e37bc9a6556ba6bafe5221ef6cc4d562829716e05545c3d1393b,주식회사 대한솔루션
HANSOL,16,등록,SUV에 장착되는 라이트 겸용 후진 보조등,B60Q 1/24|B60Q 1/22,1029137680000,20260113,1020230165134,20231124,1020250077774,20250602,,20260120,"테일 게이트에 라이트를 장착하고, 자동차가 후진할 때 이 라이트가 회전하여 자동차 후방을 비추게 하고, 테일 게이트가 열릴 때는 라이트가 회전하여 테일 게이트 아래를 비춰 조명으로 사용할 수 있다. 특히, 라이트가 하이 스탑 마운팅 램프가 장착되는 근처에 설치됨에 따라, 높은 위치에서 자동차 후방을 넓게 비춰 안전하게 후진할 수 있게 할 뿐만 아니라, 테일 게이트를 개방했을 때도 편리하게 조명으로 활용할 수 있다. 또한, 원기둥 형상으로 이루어지되 길이 방향의 단면이 등변사다리꼴 형상으로 이루어진 케이스에서, 양측 면 및 서로 마주하는 이 양측 면 사이를 통해 세 곳에서 조사할 수 있게 LED를 장착하여 라이트를 구성함으로, LED에서 조사하는 빛의 조사 범위를 넓혀 더욱 안전하고 편리하게 사용할 수 있다.",http://plus.kipris.or.kr/openapi/fileToss.jsp?arg=ed43a0609e94d6e22d01c5c32ba711cf3806c5186cce0de8bf28452b5a9d627599cacf35bcc10893729dcda14674eeeec6b9dea73492111428ca703ffa4999c202c300ffeee71054,http://plus.kipris.or.kr/openapi/fileToss.jsp?arg=6c650beb4cee9ce4122b704b88878c93619136053475114d0955a106c7f5d8fd7b4d96bed7c9c5359770e6dfb94115adfcd4e65aa63a42f4bfecd700ee64aa1a9972d8511494bdbc,주식회사 대한솔루션
HANSOL,17,등록,열차단 기능을 가진 자동차용 플로어 카펫,B60N 3/04|B32B 27/12|B32B 7/022|B32B 7/027|B32B 17/02|B32B 17/10,1029137520000,20260113,1020230042051,20230330,1020240146892,20241008,,20260120,"흡음재와 차음재 사이에 무기질 섬유 소재의 열차단 시트를 삽입함으로써, 기존 MICA 시트보다 우수한 열 차단 효과를 얻을 수 있고, 이에 따라 전기차의 배터리 부분에서 화재가 발생하더라도 그 열기가 실내로 전달되는 것을 충분히 차단하여 운전자와 탑승자가 안전하게 탈출할 수 있다. 특히, 열 차단 효과가 우수한 무기질 섬유 소재로 이루어진 열차단 시트를 두께 0.5~2㎜로 제작하여 사용함으로써, 기존 MICA 시트보다 가벼우면서도 늘어나는 중량을 최소화하여 연비 개선과 더불어, 열 차단 효과를 얻을 수 있다. 또한, 무기질 섬유 소재로, 실리카, 알루미나, 유리섬유, 그리고 바이오 솔루블 유리를 사용함으로써, 내열성과 내화성이 우수할 뿐만 아니라 열 충격에도 강하고, 환경친화적인 소재를 사용할 수 있다.",http://plus.kipris.or.kr/openapi/fileToss.jsp?arg=ed43a0609e94d6e22d01c5c32ba711cf3806c5186cce0de8bf28452b5a9d62754cc780043386445bb07f181a815fdf94864ae962b32cb81459d6d852ac9768c4cd30018145f28c8b,http://plus.kipris.or.kr/openapi/fileToss.jsp?arg=6c650beb4cee9ce4122b704b88878c93619136053475114d0955a106c7f5d8fd911b8b9abbe2b1bf971d31f6b30dc4f1aa17e3d68dba6a53d8e6136ae8dd5209a22187ff4185e365,주식회사 대한솔루션
HANSOL,18,공개,배터리 상태 진단 주파수 특정이 가능한 전기화학적 임피던스 분광법 측정 시스템 및 방법,G01R 31/389|G01R 23/16|G01R 23/02|G01R 27/08|G01R 31/396|G01R 31/367,,,1020240094487,20240717,1020260012018,20260126,,,"본 발명은 배터리 상태 진단 주파수 특정이 가능한 전기화학적 임피던스 분광법 측정 시스템 및 방법을 개시한다. 본 발명의 일 실시예에 따른 배터리 상태 진단 주파수 특정이 가능한 전기화학적 임피던스 분광법 측정 시스템은 복수의 주파수를 갖는 입력 신호를 배터리에 인가하는 복수의 입력부; 및 배터리로부터의 입력 신호에 대응하는 응답 출력 신호를 분석하는 복수의 분석부;를 포함하고, 복수의 입력부는 배터리에 병렬로 연결되고, 각각의 입력부는 상이한 주파수를 배터리에 입력하도록 구성되고, 각각의 분석부는 입력부에 의해 인가된 주파수를 가진 입력 신호에 대응하는 응답 출력 신호를 분석하도록 구성된다. 본 발명의 배터리 상태 진단 주파수 특정이 가능한 전기화학적 임피던스 분광법 측정 시스템 및 방법에 의하면, 배터리의 상태 진단을 위한 주파수 특정이 신속하고 정확하게 수행될 수 있고 이에 의해, 정확한 배터리 상태 진단이 가능하다.",http://plus.kipris.or.kr/openapi/fileToss.jsp?arg=ed43a0609e94d6e22d01c5c32ba711cfc5a39adac032d3bed4e0ef5494e931ae4361b6702be28b8d75255dd3dce5122e7a45828929c425a9a767da9a75bda885f78ea3663fd7f866,http://plus.kipris.or.kr/openapi/fileToss.jsp?arg=6c650beb4cee9ce4122b704b88878c93a8d36a32326809827db0b17ea679ae52e79cc4963e5a8624de0bf75f1520265723fbd371cb8f4a5e5be051b0edd34c93db509ab82fabbdb2,한솔테크닉스(주)
HANSOL,19,등록,자동차용 빔프로젝터 스크린 장치,G03B 21/58|B60R 11/02,1028979750000,20251204,1020220156879,20221122,1020240077501,20240603,,20251210,"본 발명은 본체 안에 스크린을 수납할 수 있게 구성하고, 이 본체를 자동차 실내에 장착함으로써, 스크린을 별도로 챙기거나 보관하지 않고도 스크린이 필요할 때는 언제든지 바로 본체에서 펼쳐 편리하게 사용할 수 있다. 특히, 본체 안의 스크린을 X자형 링크로 필요할 때 위로 펼쳐지게 해서 사용할 수 있게 구성함으로써, 본체만 자동차 안에 매립되게 설치함에 따라, 스크린 장치의 장착이 쉬울 뿐만 아니라, 자동차 실내와 일체로 구성하여 미관과 미감을 해치지 않게 하면서도 필요할 때 쉽게 펼쳐서 편리하게 사용할 수 있다. 또한, 본체를 실내 공간과 연결된 트렁크 바닥에 설치함으로, 운전자와 탑승자가 자동차 실내로 드나들 때는 불편함을 느끼지 않게 하면서도 스크린이 필요할 때는 언제든지 쉽게 펼쳐서 편리하게 사용한다.",http://plus.kipris.or.kr/openapi/fileToss.jsp?arg=ed43a0609e94d6e22d01c5c32ba711cf1de8065d03824b6509b37514fa5bd83dbd667e697b342d79765b65796e5bd6095068ac2b003c691b68d945bf360305611441fcfd89ed15fe,http://plus.kipris.or.kr/openapi/fileToss.jsp?arg=6c650beb4cee9ce4122b704b88878c93244aaf850f3370552b47f44262248735e5a4d610b99dffa606b6c4e3b2672af53d04935230067a426ec3ee55b79466111cb94f14304f144b,주식회사 대한솔루션
HANSOL,20,등록,자동차용 플로어 매트 훅,B60N 3/04|F16B 5/06,1029072890000,20251229,1020230147444,20231031,1020250062450,20250508,,20260105,"본 발명은 베이스에 형성된 고정판을 플로어 카펫에 형성된 조립 구멍에 관통하게 삽입한 다음, 관통된 고정판 부분을 회전시켜서 턱에 걸어서 고정할 수 있게 구성함으로써, 부품 수를 하나로 줄이면서도 누구든지 쉽고 편리하게 조립하여 플로어 매트를 안전하고 편리하게 사용할 수 있게 한다. 특히, 본 발명은 이처럼 접힌 고정판이 회전 중심이 되는 가장자리 부분과, 이 가장자리와 접하는 양쪽 가장자리 부분이 각각 턱에 걸려 걸림 작용이 이루어지게 구성함으로써, 3점 고정 지지를 통해 고정판을 더욱 견고하게 지지 고정할 수 있게 한다. 또한, 본 발명은 이처럼 고정판을 회전시켜 턱에 턱이 걸리도록 할 때, 회전 중심이 되는 부분에 형성된 턱 부분이 라운드 지게 형성함으로써, 강제로 회전시켜 턱에 걸릴 수 있게 한다.",http://plus.kipris.or.kr/openapi/fileToss.jsp?arg=ed43a0609e94d6e22d01c5c32ba711cf3e0a9073d3d02027b27a31834d3c2c3673191c71f06a74f0a51ea1f9272947d54d1e244d36a176573947b83cc075d76a1172fa0dba3fb790,http://plus.kipris.or.kr/openapi/fileToss.jsp?arg=6c650beb4cee9ce4122b704b88878c936982c57ccb65cf3e3572fcc0e45691e2e3b3f5bbf6e19e1c27ccab6388a03fe9459aa6c4e3fc79a4bf281693ac9f09b2203240d5e8c68688,주식회사 대한솔루션
HANSOL,21,취하,곰팡이 제거 테이프 및 이의 제조방법,B32B 27/06|B32B 27/08|B32B 37/06|B32B 27/30|A01N 59/06|A01N 25/12|A01N 25/04,,,1020180011714,20180131,1020190092673,20190808,,,"본 발명은 곰팡이 제거 테이프 및 이의 제조방법에 관한 것으로서, 보다 상세하게는 고흡수성 폴리머 및 PVA 필름을 포함하여 인체에 유해한 염소기체가 휘발 및 노출되는 것을 방지하며, 테이프 타입으로 형성되어 흘러내림 없이 오염부위에 적용가능한 곰팡이 제거 테이프 및 이의 제조방법에 관한 것이다. 본 발명에 따른 곰팡이 제거 테이프는 실리콘 테이프층;과 염소 기체의 휘발을 방지하기 위한 SAP층;과 상기 SAP층의 하부에 형성되는 제 1PVA 필름층;과 염소 함유 살균성 물질을 포함하는 살균층;과 상기 살균층의 하부에 형성되는 제 2PVA 필름층; 및 상기 제 2PVA 필름층을 보호하기 위한 보호필름층;이 순차적으로 적층된 것을 특징으로 한다.",http://plus.kipris.or.kr/openapi/fileToss.jsp?arg=ed43a0609e94d6e22d01c5c32ba711cfed772961c6f038903174a68b91878276730d8be18b702205b03846aeca9823a27ff7dce421004f672b2253ecc350af78e7093fd5fa79d3a9,http://plus.kipris.or.kr/openapi/fileToss.jsp?arg=2ba38663aa11ff0f6ca91af6061a2e005d0e17fb720e0327c0bd6d29df2ef158f23528f2bd975ced50dc3666946aa27ae1d1622c84200b94259a226688edca1aa252f990303a11ca,국립금오공과대학교 산학협력단|이지원|윤준형|이한솔|이미진
HANSOL,22,거절,자동차용 프로젝터 스크린,G03B 21/58|H04N 21/4363|H04N 21/41|B60R 11/02|B60R 11/00,,,1020230097891,20230727,1020250017317,20250204,,,"트렁크 플로어에 탄성 지지를 받아 강제로 감기는 스크린 커버를 포함하는 프로젝터 스크린을 장착함으로, 프로젝터 스크린을 별도로 휴대하거나 관리하지 않으면서도 필요할 때는 언제든지 쉽고 편리하게 사용할 수 있다. 특히, 스크린 커버를 헤드 라이너에 장착해서 사용할 수 있게 구성함으로써, 프로젝터 스크린의 이용자가 자동차 실내나 실외에서 앉거나 누운 자세에 맞춰 스크린 커버의 장착 각도를 쉽게 조절하여 원하는 방향에서 편리하게 사용할 수 있다. 또한, 프로젝터가 휴대단말, 태블릿 PC, 및 자동차의 사운드 시스템과 단거리통신으로 통신할 수 있게 구성함으로, 휴대단말 등을 통해 다양한 영상을 바로 스크린 커버로 보여줄 수 있게 할 뿐만 아니라, 자동차의 사운드 시스템을 그대로 활용하여 음향 효과를 높일 수 있다.",http://plus.kipris.or.kr/openapi/fileToss.jsp?arg=ed43a0609e94d6e22d01c5c32ba711cf14196bb3950514c051683012865e617f6c2fe8a3e1803896f96ee3db7a3aa1a7f36c386f5eb55b231faa7d9958a96ecd194d9158cb27ba2d,http://plus.kipris.or.kr/openapi/fileToss.jsp?arg=6c650beb4cee9ce4122b704b88878c93369ec08af6388ff698522fc27611c6afce9614ae4185b971d29a2d6d7dfc272c09159fe9c956aeb6c2037f693c7252fae46463accc17e1dd,주식회사 대한솔루션
HANSOL,23,공개,재활용이 쉬운 자동차용 대시 인슐레이션,B32B 27/06|B32B 5/08|B32B 27/34|B32B 27/36|B32B 5/20|B32B 5/02|B32B 7/06|B60R 13/08,,,1020240068521,20240527,1020250169746,20251204,,,"성형 시트 면에 미리 추가된 생분해 필름 면에 폴리우레탄 폼을 발포 성형하여 자동차용 대시 인슐레이션을 성형함으로써, 일정 시간이 지나면 생분해 필름이 분해되면서 성형 시트에서 폴리우레탄 폼이 분리되어 폐차시 폴리우레탄 폼을 쉽게 분리하여 자원재활용률을 높일 수 있다. 특히, 생분해 필름이 1년 정도 지나면 생분해가 이루어지게 구성함으로써, 통상적으로 신차가 출고되고 얼마 지나지 않아 성형 시트와 폴리우레탄 폼이 분리되게 하여 사고나 침수와 같은 원인 등으로 폐차할 상황이 발생하더라도 쉽게 분리하여 재활용할 수 있다. 또한, 성형 시트의 층 구조가 다양하더라도 폴리우레탄 폼이 쉽게 분리될 수 있게 구성함으로써, 분리된 폴리우레탄 폼을 분쇄한 다음 흡음과 단열 등의 기능이 필요한 부분에 재활용할 수 있다.",http://plus.kipris.or.kr/openapi/fileToss.jsp?arg=ed43a0609e94d6e22d01c5c32ba711cf613fae601b450fe2a9cf0deb66577f4f42aff006edb28036d77c2c993919a6692f9d02ff4d292fe3c0b4a25b6a2acc8167ccbef79e6288f1,http://plus.kipris.or.kr/openapi/fileToss.jsp?arg=6c650beb4cee9ce4122b704b88878c9381600c8d64fb69b4112144cd3ac6e682f184eb62e807a0005d533d559b523646a90fec97be78e5dbb16defa8a946641fb5c35aa7ca62b5b2,주식회사 대한솔루션
HANSOL,24,등록,자동차용 루프 덕트,B60H 1/00|B60R 13/02,1029137590000,20260113,1020230129033,20230926,1020250045740,20250402,,20260120,"본 발명은 루프 덕트 외면으로 PET 펠트층을 사용하고 그 내면으로 나이론 필름을 사용함으로써, 루프 덕트의 충분한 강성을 얻을 수 있고, 나이론 필름을 통해 통과 유체의 유동 저항을 줄여 충분한 유량을 공급할 수 있다. 특히, 기존과 같은 형태로 루프 덕트를 제작할 때, 루프 덕트의 두께를 얇게 제작할 수 있어, 유동 저항을 줄이고 단면적을 늘려 전체 유량을 늘릴 수 있으므로, 뒷좌석에서 필요한 충분한 유량을 공급하고, 에너지 소비 효율을 개선할 수 있다. 또한, PET 펠트층이 면밀도가 800±50g/㎡인 것을 사용하고, 나이론 필름이 두께 30~50㎛인 것을 사용함으로써, 루프 덕트의 전체 중량을 최소화하면서도 폴리우레탄으로 제조할 때와 비교하여 약 50~60% 정도 비용 절감 효과를 얻을 수 있다.",http://plus.kipris.or.kr/openapi/fileToss.jsp?arg=ed43a0609e94d6e22d01c5c32ba711cf3806c5186cce0de8bf28452b5a9d6275e998812b3c2d5eb8ff8855ac23c901119ac8bd3519a9fdd437e980f21172f4a30cb79be55543a7b2,http://plus.kipris.or.kr/openapi/fileToss.jsp?arg=6c650beb4cee9ce4122b704b88878c93619136053475114d0955a106c7f5d8fdbc6c21f2aae222720ecc61927337d6e02c6d6ff5f2ea83082d9614f2f848f5a95ec9f03c53b5c67f,주식회사 대한솔루션
HANSOL,25,등록,매듭풀 함유 리포좀 및 이를 포함하는 화장료 조성물,A61K 8/14|A61K 8/9789|A61K 8/67|A61K 8/64|A61Q 19/00,1018302690000,20180212,1020170085086,20170704,,,,20180329,"본 발명은 매듭풀 함유 리포좀 및 이를 포함하는 화장료 조성물에 관한 것으로, 더욱 상세하게는 레시틴으로 이루어진 나노 구조체인 일반 리포좀보다 구조적으로 훨씬 안정되게 피부에 침투시킬 수 있는 새로운 구조체인 매듭풀 함유 리포좀과 이를 포함하는 화장료 조성물에 관한 것이다. 본 발명은 매듭풀추출, 카렌둘라꽃추출물, 효모추출물 및 육지면추출물를 리포좀 제조에 적용함으로써 기존 리포좀과 같은 나노 구조체보다 구조적으로 훨씬 안정되게 피부에 침투시킬 수 있는 입자 형태를 구현할 수 있으며, 이에 따라 기존 매듭풀 추출물이 갖는 미백효과를 의미 있게 개선할 수 있다.",http://plus.kipris.or.kr/openapi/fileToss.jsp?arg=ed43a0609e94d6e22d01c5c32ba711cf4feab0ae63bc3e0e2c7700e4055e03178a1421e5066f17c4b610c6794d19a9d07ecbeeaebf90c7607c15282056525bb0fba27678915214f5,http://plus.kipris.or.kr/openapi/fileToss.jsp?arg=2ba38663aa11ff0f6ca91af6061a2e00430fafabc6c4847dbc945f7716353ed7d5a2dc2c2ad898d96cc8e05641b5f7617ea57ebb5b2524c381e40c8a7c8203a922b2372e5363795f,한솔생명과학(주)
HANSOL,26,등록,FBD 머신러닝 기반의 동적 모니터링 시스템 및 그 방법,G05B 19/418|G06Q 10/06|G06N 20/00|G06Q 50/04,1020730850000,20200129,1020180000123,20180102,1020190088581,20190729,,20200303,"본 발명은 동적 모니터링 시스템 및 그 방법에 관한 것이다. 본 동적 모니터링 시스템은, 스마트 센서 기반으로 제조 현장에서, 공정 관련 정보, 기기 관련 정보, 및 환경 관련 정보 중 적어도 하나를 수집하는 스마트 센서부, 스마트 센서부로부터 전달되는 데이터를 실시간으로 측정 및 분석하는 제1 내지 제n 스마트 게이트웨이, 및 제1 내지 제n 스마트 게이트웨이와 통신 가능하게 연결되며, 제1 내지 제n 스마트 게이트웨이를 통해 측정 및 분석된 데이터와, FBD(Fish Bone Diagram) 데이터를 이용한 머신러닝을 통해 학습된 패턴에 기초하여, 제조 현장의 생산운영에 필요한 분석 및 예측 정보를 제공하는 동적 모니터링 제공부를 포함한다. 본 발명에 따르면, FBD 데이터를 이용한 머신러닝을 통해 학습된 패턴에 기초하여, 제조 현장의 생산운영에 필요한 분석 및 예측 정보를 제공할 수 있다.",http://plus.kipris.or.kr/openapi/fileToss.jsp?arg=ed43a0609e94d6e22d01c5c32ba711cf80c7915a48fa2bb45e99761fcd772f6159ee99bea96a9e6a40c47a863363b5722012f8204edca3d39003c207c6211190f9b4d71b6077fa79,http://plus.kipris.or.kr/openapi/fileToss.jsp?arg=2ba38663aa11ff0f6ca91af6061a2e00ce5e4f3c76c8143e0f43d704cdc21062a795cb183c7343a9aed0c155b8955c1ed7c6fe88eedaf820a49a8cb227f615e551ef68c464051a70,한솔코에버 주식회사
HANSOL,27,등록,고속용 엘리베이터의 로프 그리스 자동주입기,B66B 7/12|F16N 7/14|F16N 5/02|F16N 25/00,1018232960000,20180123,1020170066070,20170529,,,,20180130,"본 발명은 고속용 엘리베이터의 로프 그리스 자동주입기에 관한 것으로, 더욱 상세하게는 엘리베이터의 권상기와 본체를 연결하는 로프에 가해지는 마모 및 마찰 부하를 최소화하기 위해 로프에 윤활유가 원활하게 공급되면서도 설치가 용이하도록 하는 고속용 엘리베이터의 로프 그리스 자동주입기에 관한 것이다. 본 발명에 따른 고속용 엘리베이터의 로프 그리스 자동주입기는, 엘리베이터에 사용되는 다수 개의 로프(30)를 이격 되게 감싸면서 형성되는 앵커(50)에 지지 되고, 상기 로프(30)에 도포될 윤활액(10)이 공급되도록 하는 공급부(100); 상기 공급부(100)에 연결형성되어 공급부(100) 내의 윤활액(10)이 로프(30)에 공급되는 양을 조절하는 공급조절부(200); 및 상기 공급조절부(200)에 연결되고 다수 개의 상기 로프(30) 각각을 감싸면서 각각의 로프(30) 외면에 윤활액(10)을 직접 도포하는 노즐부(300);를 포함한다.",http://plus.kipris.or.kr/openapi/fileToss.jsp?arg=ed43a0609e94d6e22d01c5c32ba711cf3e865a2488c54696e7804b0259239cf44298597042733689f04230295a57ccb01a3e42b2f7d1e2d7532931b8f6c6a8ff849c9f9a1adfacf2,http://plus.kipris.or.kr/openapi/fileToss.jsp?arg=2ba38663aa11ff0f6ca91af6061a2e00b3875397c5daf6192ed56e0cade7185de1840fcaa6102c42662c7ccd64cf3d1f2ac160272a80b24df2b347bf7745e090872f328a36b8872f,한솔엘리베이터 주식회사
HANSOL,28,등록,미세 LED 패키지 생산 장치 및 방법,H10H 20/00|H10H 20/85|H10H 29/20,1020413340000,20191031,1020180030206,20180315,1020190108768,20190925,,20191106,"미세 LED 패키지 생산 장치 및 방법을 개시한다. 본 실시예의 일 측면에 의하면, 미세 LED 패키지 생산 장치에 있어서, R LED, G LED 및 B LED가 각각 배치된 필름을 배치하고 이동시키는 LED 필름 이송부와 상기 미세 LED 패키지가 전사될 상대 기판을 배치하고 이동시키는 기판 이송부와 시트(Sheet)를 이용하여 상기 미세 LED 패키지 또는 상기 R LED, G LED 및 B LED를 일시적으로 배치하거나 회전시키는 시트 이송부와 상기 R LED, G LED 및 B LED를 몰딩하는 몰딩부와 몰딩된 R LED, G LED 및 B LED에 대해 상기 R LED, G LED 및 B LED 각각이 상기 미세 LED 패키지 내 적어도 하나씩 포함되도록 다이싱하는 다이싱부 및 상기 미세 LED 패키지 생산 장치 내 각 구성을 제어하여, 상기 R LED, G LED 및 B LED가 각각 배치된 필름으로부터 상기 R LED, G LED 및 B LED 각각이 적어도 하나씩 포함된 상기 미세 LED 패키지가 생성되어 상기 상대 기판으로 이동하도록 제어하는 제어부를 포함하는 미세 LED 패키지 생산 장치를 제공한다.",http://plus.kipris.or.kr/openapi/fileToss.jsp?arg=ed43a0609e94d6e22d01c5c32ba711cf67b89a235f48e4b147227a35345ed29df41292f4b2256eb8e044441d469e8fad29c566ec94bd82c9bbee70525a405dd92c9f60fca7983b65,http://plus.kipris.or.kr/openapi/fileToss.jsp?arg=2ba38663aa11ff0f6ca91af6061a2e00cd3649c602a325b8dd0b04d7689a63740333805de6b019417eac08255e56a42926d02ee98210b1d4f80331ee823e542891bc3b8324e9e978,한국광기술원|한솔테크닉스(주)
HANSOL,30,등록,미세 LED 패키지 생산 장치 및 방법,H10H 20/00|H10H 29/20|H10H 20/85,1020508660000,20191126,1020180030210,20180315,1020190108769,20190925,,20191202,"미세 LED 패키지 생산 장치 및 방법을 개시한다. 본 실시예의 일 측면에 의하면, 미세 크기 LED와 함께 각 LED를 제어하는 드라이버를 포함하여 칩 사이즈의 패키지로 생산하는 장치 및 방법을 제공한다.",http://plus.kipris.or.kr/openapi/fileToss.jsp?arg=ed43a0609e94d6e22d01c5c32ba711cf40607e27ff3a10935a3554c92157e58bf44ba9b768fee521cca8abd1657e997197ca12a1ad83a8324afdc9ea15962fe998ae8e367b6b1faa,http://plus.kipris.or.kr/openapi/fileToss.jsp?arg=2ba38663aa11ff0f6ca91af6061a2e0082944443c8105ec5fd7b4782f57e8e90abec1aa4f073029c6cd507e5569f343ad930c2dad92d68b79e8aec0b64e9631b8bf18d9848909ff7,한국광기술원|한솔테크닉스(주)
HANSOL,31,등록,생약 성분을 포함하는 피부 외용제 조성물,A61K 8/9789|A61K 8/9728|A61K 9/00|A61Q 19/00,1014986910000,20150226,1020140065347,20140529,,,,20150306,"본 발명은 참당귀, 상황버섯, 자소엽, 황금, 인삼, 갈근, 및 형개를 유효성분으로 포함하는 피부 외용제 조성물에 관한 것으로, 본 발명에 따른 피부 외용제 조성물은 지속적인 보습효과를 제공하고, 세균에 대한 살균력을 발휘함과 함께, 피부 재생 촉진 효과 및 항염증 효과를 발휘함으로써, 부작용 없이 소양증의 증상을 억제할 수 있으므로, 스팟케어(spot care) 등을 위한 화장료 조성물 또는 약학 조성물로 유용하게 사용될 수 있다.",http://plus.kipris.or.kr/openapi/fileToss.jsp?arg=ed43a0609e94d6e22d01c5c32ba711cf61247719cb2ded23a561025e9970b94697319b48452d6eabf73869bc435a5822f4fa41ec0773b59538f57379c7986b19e1c916255e9d1ca7,http://plus.kipris.or.kr/openapi/fileToss.jsp?arg=2ba38663aa11ff0f6ca91af6061a2e0019b76939a529d3aaf62a7e26642788cc90096d1af8f259f3e8374c7a68d6cd5b552c9e8ce1b7b58c448dd7f1723bd820571beb410a2667d6,한솔생명과학(주)
HANSOL,32,등록,헤드 라이너에 장착되는 자동차용 안전 삼각대,B60Q 1/52|B60Q 1/26|B60R 13/02,1029159700000,20260116,1020240056917,20240429,1020250157787,20251105,,20260121,"헤드 라이너 후부에 안전 삼각대를 장착하여 실내로 펼쳐서 사용할 수 있게 구성함으로써, 안전 삼각대가 필요할 때 누구든지 쉽게 안전 삼각대를 펼쳐서 후방에서 주행하는 운전자에게 사고 상황을 인식할 수 있게 하여 안전 운행을 할 수 있다. 특히, 제3 부재의 양단에 각각 제1 부재와 제2 부재의 한쪽이 제자리 회전할 수 있게 장착하고, 상기 제1 부재와 제2 부재에는 다른 한쪽에서 길이 방향으로 가이드를 형성하고, 중첩된 가이드 부분이 지지 핀에 끼워져서 슬라이딩할 수 있게 구성함으로써, 제3 부재를 아래로 내려서 쉽게 안전 삼각대를 펼쳐서 사용할 수 있다. 또한, 스탠드에 걸쳐서 사용할 수 있도록 구성함으로써, 사고가 발생한 자동차 후방에 안전 삼각대를 설치할 수 있게 하여, 더욱 안전하게 사용할 수 있다.",http://plus.kipris.or.kr/openapi/fileToss.jsp?arg=ed43a0609e94d6e22d01c5c32ba711cf0e7c795b18b4544531f3d17dd07a5e34784d08d52707452dd857054377cc1bfe1a6b1f0e2310f6e771a97215d4d71e95fc423e0ac2a0f0f9,http://plus.kipris.or.kr/openapi/fileToss.jsp?arg=6c650beb4cee9ce4122b704b88878c93f82775ac22e0453bc5df55126190df1ff5a8aa67f0914aeac4782e48888fc6a18f8a4a57df3cbff5162e0cfa1ef2e9e45fe1bac946e6339f,주식회사 대한솔루션
HANSOL,33,등록,자동차 정비용 타이어 리프트,B66F 7/02|B66F 7/28|B66F 17/00|B60S 5/00|B60S 9/04,1012266570000,20130121,1020100090378,20100915,1020110104867,20110923,,20130205,"본 발명은 타이어를 승강시키는 리프트를 제공하여 작업자가 서서 작업할 수 있는 높이로 승강시킨 자동차로부터 타이어를 간편하게 탈착할 수 있도록 하는 자동차 정비용 타이어 리프트이다. 본 발명은 타이어를 승강하도록 구비하는 타이어 리프트로서, 이동 가능하도록 바퀴를 구비한 베이스에 수직으로 세워지면서 내부에 승강실을 형성하고 상단에 캡을 구비한 지주; 상기 베이스에 모터 및 감속기에 의하여 설정된 회전속도로 구동력을 제공하는 구동수단; 상기 승강실에 구비되어 구동수단에 의하여 작동되도록 하면서 타이어 안착수단을 승강시키어 주는 승강수단; 상기 지주의 한 측에 형성한 보조 지주에 설치하여 타이어 안착수단이 승강할 때 균형되게 지지하면서 가이드 기능을 수행하도록 하는 안내 지지수단; 을 각각 구비함을 특징으로 한다.",http://plus.kipris.or.kr/openapi/fileToss.jsp?arg=ed43a0609e94d6e22d01c5c32ba711cfc6ca07067467ded6c49a619b1e91961d00a0cb5b178e548cfca2dadab4d88bc2f77e706e2f4fa53d90f94221a3b8e750fd12494ada2ad260,http://plus.kipris.or.kr/openapi/fileToss.jsp?arg=452306798ef1fd03bf8e5ba4e1dbf726f46fb3d8fef3200171e72e754d2cb55a84c4b542f6b9bd17cd834176d8e6b5eb320c76d01d5a3abe76f0c74c5c20117f3218dc0b2f4ff480,주식회사 한솔엔지니어링
HANSOL,34,등록,부처손 및 목단피 추출물을 포함하는 피부 염증 개선용 화장료 조성물,A61K 8/97|A61K 8/9789|A61Q 19/00,1023683020000,20220223,1020210186253,20211223,,,,20220302,"본 발명은 부처손 및 목단피 추출물을 포함하는 피부 염증 개선용 화장료 조성물에 관한 것으로서, 보다 상세하게는, 부처손 및 목단피 추출물을 유효성분으로 포함함으로써 염증을 억제하는 효과가 우수하며, 피부 적용 시 자극, 발적 등의 안전성 문제가 발생하지 않는 피부 염증 개선용 화장료 조성물에 관한 것이다. 이를 위해, 상기 피부 염증 개선용 화장료 조성물은, 부처손 추출물 및 목단피 추출물을 유효성분으로 포함하는 것을 특징으로 한다. 본 발명에 따른 피부 염증 개선용 화장료 조성물은, 세포독성을 나타내지 않으면서도 항염증 활성이 우수하며, 피부 적용 시 세포 독성, 자극, 발적 등의 안전성 문제가 발생하지 않고, 염증 유발 인자의 발현을 감소시켜 실질적인 피부 염증 개선 효과를 나타낼 수 있다.",http://plus.kipris.or.kr/openapi/fileToss.jsp?arg=ed43a0609e94d6e22d01c5c32ba711cfbc0611bcc707d633b85b6fd82b80c72d5167f53fb684434a66c2eeeb952a795395a1e378a327c73d70494ce4bab2284eae08cf02e5b62e87,http://plus.kipris.or.kr/openapi/fileToss.jsp?arg=6c650beb4cee9ce4122b704b88878c93fa9d95005e8e5e8a1e77f84cf15365c4217e63f586e26dd598e7330228b37a0340da8333b02f76181f4b27cbc9b8b8683dcc1883f67bf1c7,한솔생명과학(주)
HANSOL,35,공개,전기화학 임피던스 분광법을 이용하여 배터리의 임피던스 정보를 획득하는 방법 및 이를 이용한 장치,G01R 31/389|G01R 23/02|G01R 23/16|G01R 23/00|G01R 19/25,,,1020240037558,20240319,1020250140727,20250926,,,"전기화학 임피던스 분광법을 이용하여 배터리의 임피던스 정보를 획득하는 방법 및 이를 이용한 장치가 개시된다. 일 실시예에 따른 전기화학 임피던스 분광법을 이용한 배터리의 임피던스 정보 획득 방법은, 배터리에 시계열적으로 상이한 주파수를 갖는 전류 신호를 인가하는 단계; 상기 배터리로부터 상기 인가된 전류신호에 대응하는 전압신호를 획득하는 단계; 및 상기 전압 신호를 기초로 상기 배터리의 임피던스 정보를 획득하는 단계를 포함하되, 상기 전압 신호를 기초로 상기 배터리의 임피던스 정보를 획득하는 단계는, 상기 전압 신호 중 일부에 대해서는 제1 신호처리 방식으로 상기 배터리의 임피던스 정보를 획득하고, 상기 전압 신호 중 나머지에 대해서는 제2 신호처리 방식으로 상기 배터리의 임피던스 정보를 획득하는 단계를 포함할 수 있다.",http://plus.kipris.or.kr/openapi/fileToss.jsp?arg=ed43a0609e94d6e22d01c5c32ba711cf35c9256aefb5185ee47c3b1cfc5e406fd1bac7903c3e0a0976634ee8a4571d852fdc6c6b9a872905e3059b2084dfe127b05c87ea5f82aab8,http://plus.kipris.or.kr/openapi/fileToss.jsp?arg=6c650beb4cee9ce4122b704b88878c932de9b094ff4e017091f19325f68ef3c29ea61f25d702c892bdd85cc8f4f80274de58e819f48242a067eb709431ad7b94550687e463e9324f,한솔테크닉스(주)|한국과학기술원
HANSOL,36,등록,자동차 정비용 에어실린더 오일펌핑장치,F04B 9/123|F04B 53/10|F04B 53/14,1022064750000,20210118,1020190034110,20190326,1020200113626,20201007,,20210125,"본 발명은 에어펌핑장치에 이중의 판상형 밸브를 적용하여 안정적으로 오일을 원활하게 공급하거나 배출할 수 있도록 하는 자동차 정비용 에어실린더의 오일펌핑장치를 제공함에 있다. 본 발명은 제1실린더부(110)의 내부에 에어공급으로 승강작동을 수행하는 에어실린더수단(100)과, 상기 에어실린더수단(100)의 하단부에 제2실린더부(210) 연결로 연동되도록 하여 오일을 흡입 및 배출되도록 하는 오일펌핑수단(200)으로 이루어지는 자동차 정비용 에어실린더의 오일펌핑장치로서, 상기 에어실린더수단(100)은, 상, 하부 수직관체(111,112)를 체결 연결하고 상단에 체결하는 상단캡(120)의 저면에 압축스프링(121)을 구비하고 하부 수직관체(112)에 제1닛플(113)을 체결하여 이루어지는 제1실린더부(110); 상기 제1실린더부(110)의 하방부에 스냅 링(131)으로 상 하단을 지지하면서 밀폐되도록 구비하는 구획구(130); 상기 구획구(130)의 중앙부를 관통되도록 끼워지고 상부위치로 제1실린더부(110)의 내면에 구비하는 패킹(p)에 끼워져 위치하면서 중심선상의 상부에 형성하는 통로(141)가 하단에서 한측으로 경사지게 형성한 제1승강봉(140); 상기 제1승강봉(140)의 상단으로 통로(141)에 체결되는 수직연동관(151)의 상단에 체결되어 구비하는 피스톤(150); 상기 피스톤(150)의 ...(이하생략)",http://plus.kipris.or.kr/openapi/fileToss.jsp?arg=ed43a0609e94d6e22d01c5c32ba711cf08c96aa671661aa626d7f3605d8c23ec4db6c69302486d6163c2042976a4b6942456ed08a56d9c1b2cbdc46c76350330e9102b92a3525d1b,http://plus.kipris.or.kr/openapi/fileToss.jsp?arg=6c650beb4cee9ce4122b704b88878c9375a66c2112157e5440d8a41feb5c9a1d9592d84da040ca3f903b64e9540a1ddbde7946733b0270e8029233c4d27bfed343d9cb5ada3b78d8,주식회사 한솔엔지니어링
HANSOL,37,공개,흡음성능이 개선된 자동차용 내장재 및 그 제조방법,B29C 70/34|B60R 13/08|B29C 70/12|B29C 44/12|B29C 44/56|B29C 65/02|B29C 63/02,,,1020230068997,20230530,1020240171298,20241209,,,"통상적으로 흡음 시트-차음시트-폴리우레탄 폼으로 이루어지는 자동차용 내장재에서, 상기 흡음 시트를 펠트 시트 면에 면밀도가 50~300g/㎡인 고흡음성 저데니어 PET층과 펠트 시트를 일체로 형성하여 사용함으로써, 기존 펠트와 달리 굵기가 가는 섬유를 사용하는 고흡음성 저데니어 PET층으로 넓은 표면적과 많은 공기층으로 소음이 이 고흡음성 저데니어 PET층을 통과하면서 열에너지로 변환하게 해서 흡음 성능을 개선할 수 있을 뿐만 아니라, 전기차에도 사용할 수 있다. 이때, 고흡음성 저데니어 PET층과 상기 펠트 시트 니들 펀칭, 저융점 소재 접착, 또는 필름 접착 등의 방법으로 흡음 시트를 구성함으로써, 서로 다른 이종 재질도 쉽게 일체로 부착하여 하나의 흡음층으로 쉽게 제작하여 흡음 성능을 높일 수 있다.",http://plus.kipris.or.kr/openapi/fileToss.jsp?arg=ed43a0609e94d6e22d01c5c32ba711cf4547f2ee98594573105baa0a07608891ebe40487fa9bbb2de00a34ab865f969a54e4841b054c2c8f6939804b1c4d0015508608eb654bb22e,http://plus.kipris.or.kr/openapi/fileToss.jsp?arg=6c650beb4cee9ce4122b704b88878c937b4f32412194f3d2902ad278acc989e70c0cd91a93765bc769dd9274a295c77eb2eca93992f85eade8d714f382bfbb225f81ed8412c477cd,주식회사 대한솔루션
HANSOL,38,공개,타이어 리프트 제어장치,B66F 9/075|B66F 9/18|B60B 29/00,,,1020230166312,20231127,1020250079298,20250604,,,"본 발명은 DC모터의 관성회전력을 조절하여 타이어 승강위치를 정확하게 맞추도록 함과 아울러, DC모터의 과부하를 방지하는 타이어 리프트 제어장치에 관한 것이다. 본 발명에 따른 타이어 리프트 제어장치는, 사용자의 조작명령을 입력하는 조이스틱; 상기 조이스틱의 입력에 따라 접점S/W가 온되어 신호를 인가하는 제1릴레이; 상기 제1릴레이의 접점S/W의 온신호에 의하여 동작되며 설정값이 세팅되는 타이머; 상기 타이머의 설정값에 따라 온/오프 동작되는 제2릴레이; 상기 제2릴레이에 로드를 걸어주는 저항; 상기 제2릴레이에서 보내는 전기적인 제어신호에 의하여 작동하는 DC모터; 및 상기 DC모터가 설정된 회전속도로 구동력을 제공하도록 하는 감속기를 포함한다.",http://plus.kipris.or.kr/openapi/fileToss.jsp?arg=ed43a0609e94d6e22d01c5c32ba711cff3a2680d184059594c21971ff8b23b1f14d1caa0c3a43f9940c156ec1ac0b3b249121d71de39ae80016f947690bdcca0f35adf471b1cb980,http://plus.kipris.or.kr/openapi/fileToss.jsp?arg=6c650beb4cee9ce4122b704b88878c9351e454fd4c7cb3812817c2fbd904dbc6b0e9dcd2bd2d213f6a1b718cdc75107f22677a073b2e77146cae450971a874bb925822db481119ac,주식회사 한솔엔지니어링
HANSOL,40,거절,열차단 기능을 가진 자동차용 대시 인슐레이션 및 그 제조방법,B60R 13/08|B05D 1/26,,,1020230161021,20231120,1020250074201,20250527,,,"본 발명은 미리 대시 인슐레이션을 성형한 다음, 열차단 효과가 필요한 부분에 맞게 제작된 틀을 사용하여 알루미늄 스프레이를 도포함으로써, 열차단이 필요한 부분에 정확하게 알루미늄 스프레이를 도포하여 제조비용을 줄이면서도 정해진 열차단 효과를 충분히 얻을 수 있게 한 열차단 기능을 가진 자동차용 대시 인슐레이션 및 그 제조방법을 제공하는데 그 목적이 있다. 또한, 본 발명은 이처럼 알루미늄 스프레이를 도포할 때, 10㎛~2㎜의 두께로 도포하여 열차단 효과를 얻을 수 있게 구성함으로써, 대시 인슐레이션의 전체 중량이 늘어나는 것을 최소화하면서도 정해진 부분에서 충분한 열 차단 효과를 얻을 수 있게 한 열차단 기능을 가진 자동차용 대시 인슐레이션 및 그 제조방법을 제공하는데 다른 목적이 있다.",http://plus.kipris.or.kr/openapi/fileToss.jsp?arg=ed43a0609e94d6e22d01c5c32ba711cf36ce5b34e42baa8f0969903589c378a537e2fe8ef424c849df56fc514ddae1cc5a8a59548a92902c258c7c14a42090a6581cf350f30b4721,http://plus.kipris.or.kr/openapi/fileToss.jsp?arg=6c650beb4cee9ce4122b704b88878c9382ea0a710fbcb321936a40c2e68a7f882bbb7a797caa2d82fd07353b11f1588fb330d02495a56478e5fbc99ee4f1d43b38089717deae680b,주식회사 대한솔루션
HANSOL,41,공개,열차단 기능이 있는 부직포의 제조방법 및 그 부직포를 적용한 자동차용 헤드 라이너 기재,D04H 1/4382|D06M 15/564|D06M 11/46|D06M 11/79|D06M 13/12,,,1020230083353,20230628,1020250001153,20250106,,,"본 발명은 부직포를 제작할 때, 티타늄옥사이드, 알루미늄 도핑 산화아연, 그리고 광산란성 실리카를 첨가하여 일체로 제작함으로써, 자외선과 적외선 차단 효과와 더불어, 단열 효과를 높여 열 차단 효과를 얻을 수 있게 한다. 이때, 본 발명은 부직포의 양쪽 면 중에서 적어도 한 면에, 상술한 티타늄옥사이드, 알루미늄 도핑 산화아연, 그리고 광산란성 실리카를 포함하는 열차단층을 일체로 코팅함으로써, 열차단 효과를 얻을 수 있게 한다. 또한, 본 발명은 부직포를 제작할 때 열차단 효과가 있는 티타늄옥사이드, 알루미늄 도핑 산화아연, 그리고 광산란성 실리카를 부직포를 제작할 때 직접 첨가함으로써, 중량이 늘어나는 것을 최소화하면서도 열차단 효과를 한층 더 높일 수 있게 한다.",http://plus.kipris.or.kr/openapi/fileToss.jsp?arg=ed43a0609e94d6e22d01c5c32ba711cf9a5ec7d906dd1a1479de60be731cc06590ec8fe0b44fa9414d7b7ef2a37ef6e3ad38558e71e25f3892a15c4d5d66de689e6a1f1847f4c5a1,http://plus.kipris.or.kr/openapi/fileToss.jsp?arg=6c650beb4cee9ce4122b704b88878c933b8dcba8c2c799a345d6a6458ba19c3b62cdf231478b3f36b2b1beff07bc3f91cdcf2bf529b85d99f5dc4d23cb36da87da389f573e0133ae,주식회사 대한솔루션
HANSOL,42,등록,만두 성형시스템용 만두속 배합 공급장치,A23P 20/20|A23P 30/00,1022126680000,20210201,1020190024484,20190304,1020200106246,20200914,,20210205,"본 발명은 만두 성형 시스템용 만두속 배합 공급장치에 관한 것으로, 더욱 상세하게는 만두 성형 시스템에 배치되어 공급된 각종 속재료를 연속적으로 배합하고, 배합된 만두속을 공급관을 통해 만두 성형 시스템에 의해 형성된 만두피에 공급함에 있어, 공급되는 만두속의 짖눌림 발생을 억제하여 만두속을 구성하는 속재료의 식감이나 맛의 변화가 최소화되도록 한 만두성형시스템용 만두속 배합 공급장치에 관한 것이다.",http://plus.kipris.or.kr/openapi/fileToss.jsp?arg=ed43a0609e94d6e22d01c5c32ba711cfebae3bf135b685f1a3259825a338c7b0681c73de8d9a4d27fc8f10a0a1da9c7bae7489ff0fcf9b422d81d15d8def30d84c6f3ac11b0e86b2,http://plus.kipris.or.kr/openapi/fileToss.jsp?arg=6c650beb4cee9ce4122b704b88878c93b49b9f6cdc01b07436561e85778cbaae8b593a593cbd6ea139392b1d36e41f4cddd728a6028bc819fcd65e9450d350f2cbd874ec991762ab,(주)한솔기계
HANSOL,43,공개,인공지능 기반 가축의 상태를 판단하고 축사 내 IOT장치를 제어하는 방법 및 장치,A01K 1/00|A01K 29/00|A01K 11/00|G06V 40/10|G06V 40/20|G06Q 50/02|G06N 3/08,,,1020240064287,20240517,1020250164932,20251125,,,"본 발명은 인공지능 기반 가축 상태에 따라 능동적으로 동작하는 스마트 축사 시스템에 있어서, 가축을 사육할 수 있는 내부 공간을 구비하도록 형성된 하우징; 하우징의 일 면과 타 면에 각각 형성되어 외기의 내부 유입을 제어하는 복수의 개폐구; 하우징 내부의 환기, 온도 제어, 습도 제어, 조도 제어, 살균 수행 중 어느 하나의 기능을 수행하는 IOT장치; 하우징에 설치되며, 온도, 습도, 소리, 이산화탄소농도, 바이러스 감지유무 및 가축의 움직임 감지 중 적어도 하나를 측정하는 센서부; 및 센서부로부터 수신된 센싱값을 기설정된 딥러닝 모델에 입력하고, 출력값을 바탕으로 IOT장치를 제어하는 메인 서버를 포함할 수 있다.",http://plus.kipris.or.kr/openapi/fileToss.jsp?arg=ed43a0609e94d6e22d01c5c32ba711cf0a2afacd7f602dde704e300b4e06e281b134188d995bf235db1ef2d2efb8f548484474f9ca7e17236bbae56276e7b1c5b15fc9dc50d124af,http://plus.kipris.or.kr/openapi/fileToss.jsp?arg=6c650beb4cee9ce4122b704b88878c9351e45af83499bdddebbba02f743a357bc6ee3867995bd62652788342aed82768c7052d5bfb98b2d65873b3e290c69d6847847eeb99a803f7,농업회사법인 주식회사 한솔루트원
HANSOL,44,공개,친환경 기반 축사의 지열교환 및 공기정화 방법 및 장치,A01K 1/00|G06Q 50/02,,,1020240064289,20240517,1020250164934,20251125,,,"본 발명은 지열교환 및 공기정화 기능을 갖춘 스마트 축사 시스템에 있어서, 동물을 사육할 수 있는 내부 공간을 구비하도록 형성된 하우징; 하우징의 일 면과 타 면에 각각에 형성되어 외기의 내부 유입을 제어하는 복수의 개폐구; 하우징 내부에 설치되며, 동물이 사육되는 공간을 사방으로 경계짓도록 형성된 사육공간; 하우징 또는 사육공간 중 적어도 하나에 설치되는 센서부; 하우징 또는 사육공간의 일 영역에 위치하며, 사육공간 내부의 공기, 온도 및 습도 중 적어도 하나를 제어하기 위한 환경제어기; 및 센서부의 센싱값에 따라 환경제어기를 제어하는 메인 서버를 포함할 수 있다.",http://plus.kipris.or.kr/openapi/fileToss.jsp?arg=ed43a0609e94d6e22d01c5c32ba711cf0a2afacd7f602dde704e300b4e06e281b134188d995bf235db1ef2d2efb8f5487f041234f8a22991f524ffc90b8e10ea25e704133f9f2baf,http://plus.kipris.or.kr/openapi/fileToss.jsp?arg=6c650beb4cee9ce4122b704b88878c9351e45af83499bdddebbba02f743a357bc6ee3867995bd62652788342aed82768f03c8556d6d1809dcbf8946352adf75b6a20f9638a2c2863,농업회사법인 주식회사 한솔루트원
HANSOL,45,공개,자동차의 헤드 레스트에 설치되는 흡음장치,B60N 2/879|B60N 2/80,,,1020230164047,20231123,1020250076875,20250530,,,"내부에 여러 개의 흡음 구멍이 형성된 적어도 하나의 흡음판이 구비된 흡음 용기를 헤드 레스트에 장착함으로써, 운전할 때 소음이 발생하더라도 이 흡음 구멍을 통과하게 하여 소음을 제거하게 되므로 운전자나 탑승자의 머리 주변으로 전달된 소음을 제거하여 쾌적한 실내 환경에서 주행 운전을 할 수 있다. 특히, 상기 흡음판이 적어도 3장이 구비되고, 이웃한 두 장의 흡음판 사이의 간격이 같거나 다르게 형성함으로써, 다양한 흡음 효과를 얻을 수 있게 하고, 운전자가 느끼는 소음 대역에 맞춰 적절한 간격과 흡음 구멍의 지름으로 제작해서 사용할 수 있다. 또한, 흡음 용기를 헤드 레스트의 양쪽 측면 중 어느 한쪽에 설치함으로써, 운전자와 탑승자의 머리 주변에서 느끼는 소음을 줄여 쾌적한 환경에서 안전하게 운전할 수 있다.",http://plus.kipris.or.kr/openapi/fileToss.jsp?arg=ed43a0609e94d6e22d01c5c32ba711cf6a29009236fe986f984eb9f5000a5fff0376c02d0e6481923a5e8886dd36e703377d9b025facbfa79377a3e68dbfe9e5a1c1f8e58c6ed98f,http://plus.kipris.or.kr/openapi/fileToss.jsp?arg=6c650beb4cee9ce4122b704b88878c93a91394be4864215886416e35d82aa5edab94dd08e5b543d748c4af12ea4b57a5cec21bd6a4c5f05833b263ea632c4da8a86b5de69d8ee8a7,주식회사 대한솔루션
HANSOL,46,공개,태양광발전 방음판 및 태양광발전 방음벽,E01F 8/00|H02S 30/10|H02S 40/34,,,1020240089295,20240705,1020260007481,20260114,,,"태양광발전 방음판 및 태양광발전 방음벽이 제공된다. 제공된 방음벽은 전면플레이트와 후면플레이트가 연결플레이트에 의해 연결되는 H빔 구조로 구성되어 지면에 대하여 수직설치는 다수의 지주; 상기 지주의 전면플레이트와 후면플레이트의 사이 공간에 적층방식으로 설치되며, 솔라셀모듈과 정션박스를 포함하는 다수의 태양광발전 방음판; 및 상기 태양광발전 방음판이 상기 전면플레이트와 후면플레이트의 사이 공간에서 유동하는 것을 방지할 수 있도록 상기 후면플레이트에 설치되어 상기 태양광발전 방음판의 사각프레임을 가압하는 서포트;를 포함하며, 상기 서포트와 상기 연결플레이트의 사이 공간과 연통하도록 상기 전면플레이트, 상기 후면플레이트 및 상기 연결플레이트 중 어느 하나에 다수개를 천공하되, 상기 태양광발전 방음판들에서 인출되는 전선을 수직방향 또는 수평방향으로 연결할 수 있도록 상기 전선이 인출되는 위치와 대응하는 위치에 천공되어 상기 전면플레이트, 상기 후면플레이트 및 상기 연결플레이트 중 어느 하나의 외부로 인출하는 다수의 전선배선공; 을 포함하여 구성된다.",http://plus.kipris.or.kr/openapi/fileToss.jsp?arg=ed43a0609e94d6e22d01c5c32ba711cf4b372a57a759e13f953895dedbf134e3a733988a0ca06c4c670da1a4a8f2f61ffca0660d95749a4ca058ae4fa858d76b404a7b816cafe435,http://plus.kipris.or.kr/openapi/fileToss.jsp?arg=6c650beb4cee9ce4122b704b88878c934e130e8d8fc3826ef1a537ea073f910284f1d61157d716be00e74515b7421ede030695fcb1dbf2193d38934d1216f92a5da1ab30c08e2984,주식회사 태산|한솔테크닉스(주)
HANSOL,47,등록,방화 기능을 갖는 금속제 창,E04B 2/96|E04B 1/94|E06B 3/26,1029112450000,20260107,1020240074941,20240610,1020250175507,20251217,,20260113,"본 발명은, 건축물의 벽체 또는 슬리브에 고정되는 고정부; 상기 고정부 일 면으로부터 외부로 이어지는 연장부; 및 상기 연장부 선단에 배치되어 유리를 지지하는 지지부;를 포함하고, 상기 고정부, 연장부 및 지지부는 일체의 유리섬유 성형물로 이루어지며, 상기 고정부 및 지지부는 외면을 감싸는 금속의 커버를 더 포함하는 것을 특징으로 하는 방화 기능을 갖는 금속제 창에 관한 것이다.",http://plus.kipris.or.kr/openapi/fileToss.jsp?arg=ed43a0609e94d6e22d01c5c32ba711cff32860ffd65cdb04745ed97038f2013097c3850bd6a9438025b36ec8c13260f4138cc4d47f4f58dcc66d578c752ec5ff1e4efccc345394e7,http://plus.kipris.or.kr/openapi/fileToss.jsp?arg=6c650beb4cee9ce4122b704b88878c93c5393eb02f74fc2aac9d563244ff3a326f792f37b4cfdc39e4ed26fc62181109e1d36093c60dc46bfb14cd87ba38e8e4267f372dd1676b5c,주식회사 한솔에이치더블유디
HANSOL,48,공개,역률 개선을 위해 듀티비와 관련된 정보를 제공하는 방법 및 디바이스,H02M 1/42|H02M 1/00|H02M 1/08,,,1020240061328,20240509,1020250161909,20251118,,,"현재 주기에서 샘플링되어 획득되는 현재 입력 샘플링 전압, 현재 출력 샘플링 전압, 현재 샘플링 전류 및 상기 현재 주기에서의 현재 듀티비에 대한 정보 중 적어도 하나를 포함하는 현재 주기 정보를 획득하는 단계; 컨버팅에 이용되는 인덕터의 인덕턴스 및 상기 컨버팅에 이용되는 스위칭 주파수에 대한 정보를 포함하는 컨버팅 동작 상황 정보를 획득하는 단계; 역률 개선을 위해 타게팅된 타겟 전류에 대한 정보를 포함하는 타겟 정보를 획득하는 단계; 상기 현재 주기 정보, 상기 컨버팅 동작 상황 정보 및 상기 타겟 정보를 이용하여 상기 역률 개선을 위해 다음 주기에서 이용될 다음 듀티비를 결정하는 단계; 상기 다음 듀티비에 대한 정보를 제공하는 단계;를 포함하는, 방법, 그 방법을 수행하기 위한 디바이스 및 기록매체가 개시된다.",http://plus.kipris.or.kr/openapi/fileToss.jsp?arg=ed43a0609e94d6e22d01c5c32ba711cf4f46923aa4e93bca920dd0b198c5f8faea19b687a8ec774d2298702d8bd8eb251fbe000b283b1d54876d66d70e540c287d7e6b2b3aaab600,http://plus.kipris.or.kr/openapi/fileToss.jsp?arg=6c650beb4cee9ce4122b704b88878c934c7a6ba4ce65e830389779dca2032667bee82e9825c281de2c8501c4e98f6aae74597896e7e47ec515cfc6c48174adacc31a0b18c4042883,한솔테크닉스(주)
HANSOL,49,공개,금속제 창호 커튼월 내진구조에 적합하게 사용될 수 있는 연결기구 및 이를 위한 완충부재,E04B 2/96|E04H 9/02|E06B 3/267|E04B 1/98,,,1020240088366,20240704,1020260006316,20260113,,,"커튼월 등의 수평부재의 큰 신축이나 강한 진동을 완충하여줄 수 있어서 수평부재의 압력에 의해 수직부재가 변형되는 것을 방지할 수 있고, 커튼월 등의 수평부재의 진동을 이중으로 완충하여줄 수 있고, 이중의 복원력을 제공할 수 있는 연결기구와 이를 위한 완충부재가 개시된다. 상기 연결기구는 수직부재의 측면에 수평부재의 단부를 연결하기 위한 연결기구에 있어서, 상기 측면과 평행하게 배치되는 바닥부와 상기 바닥부의 상하 양단에서 측방으로 연장된 외측 연장부와 두 외측 연장부 사이의 상기 바닥부에서 측방으로 연장되고 장공이 형성된 돌출연결부를 가지는 브래킷, 상기 측면과 평행하게 배치되고 바깥쪽 가장자리에 상기 수평부재의 단부를 탄성적으로 받쳐주기 위한 제1완충부가 형성되는 베이스와 상기 베이스에서 측방으로 연장되고 상기 수평부재의 일측과의 연결을 위한 체결공이 형성된 제2완충부를 구비하여 상기 돌출연결부를 사이에 두고 상기 브래킷의 내측에 대향되게 배치되는 한 쌍의 완충부재, 상기 브래킷의 바닥부와 상기 완충부재의 베이스를 상기 수직부재에 고정하기 위한 제1체결구, 상기 장공을 통해 상기 수평부재를 상기 돌출연결부에 고정하기 위한 제2체결구 및 상기 체결공을 통해 상기 수평부재를 상기 제2완충부에 고정하기 위한 제3체결구를 포함하여 구성된다.",http://plus.kipris.or.kr/openapi/fileToss.jsp?arg=ed43a0609e94d6e22d01c5c32ba711cff32860ffd65cdb04745ed97038f20130df223af1951228c75c03ff8e8161002791a445bc8a86c335b61e2c8f34bd67f315d892411a8cedba,http://plus.kipris.or.kr/openapi/fileToss.jsp?arg=6c650beb4cee9ce4122b704b88878c93c5393eb02f74fc2aac9d563244ff3a32ad23bcf2086aff907a54f6b66be310a033da5d3d107224dc614cb8c56152b8920293eddce13f8f37,주식회사 한솔에이치더블유디
HANSOL,50,거절,가전기기용 스틸 패널,D06F 37/20|A47L 15/42,,,1020230081766,20230626,1020250000216,20250103,,,"본 발명은 스틸로 이루어진 패널에서 가장자리 부분만 제외하고 오목하거나 볼록한 형상으로 하나의 복곡을 형성함으로써, 고유 진동수가 높아짐에 따라 동강성이 개선되어 소음과 진동이 개선되어 제진재나 흡음재 그리고 차음재 사용을 최소화할 수 있게 한 가전기기용 스틸 패널을 제공한다. 특히, 본 발명은 식기세척기에서 발생하는 소음과 진동과 유사한 대역을 발생하는 스타일러, 세탁기, 가스스토브 및, 냉장고와 같은 가전기기에도 적용하여 다양하게 사용할 수 있게 한 가전기기용 스틸 패널을 제공한다. 그리고 본 발명은 스틸 패널이 적어도 한 번 절곡되어 이루어졌을 때는 각 평면에 하나씩 이처럼 복곡을 형성함으로써, 스틸 패널 전체에서 골고루 소음과 진동 효과를 개선할 수 있게 한 가전기기용 스틸 패널을 제공한다.",http://plus.kipris.or.kr/openapi/fileToss.jsp?arg=ed43a0609e94d6e22d01c5c32ba711cfafcfef8e4c1dbd199f355d3d9ddc64773dc40ee826b2c48dc714d89796d09dc2443280c17bd471933c4f618ef5eea8198253481edc4f3031,http://plus.kipris.or.kr/openapi/fileToss.jsp?arg=6c650beb4cee9ce4122b704b88878c93ba01442f876df834d1c7896c6fa611b615d5bae89df0b232ba9c5ae5f31b0b8a11ffa5bc2b9ed38735c687901d95193581fcb0d9ad7b5873,주식회사 대한솔루션
HANSOL,52,등록,매설 배관에 대한 AC 간섭 완화 장치,F16L 1/028|F16L 58/00|F16L 1/11|G01R 19/10|G01R 19/165,1023792860000,20220323,1020210184448,20211222,,,,20220329,"본 발명은 매설 배관(Pipe Line)에 대한 AC(교류 전압) 간섭 완화 장치에 관한 것이다. 더 상세하게는, 매설 배관에 유입되는 AC 간섭 전압 및 전류를 용이하게 측정하고, 이것에 의해 상기 매설 배관에 유입되는 AC 간섭을 완화시키는 장치를 제공함으로써, AC 간섭 전압 및 전류에 의한 상기 매설 배관이 부식되는 현상을 방지하고, 또한 감전과 같은 인체의 위험을 방지할 수 있는 장치를 제공하는 것이다.",http://plus.kipris.or.kr/openapi/fileToss.jsp?arg=ed43a0609e94d6e22d01c5c32ba711cf047e9a0dc2b06d6c09e3d8346cf6b19945c9504a7343a2fda85f172ac98f06cd59c186c0b0bddc90421b394f962af6fe9c5148516e13dc0c,http://plus.kipris.or.kr/openapi/fileToss.jsp?arg=6c650beb4cee9ce4122b704b88878c93221179325cbd088b7b474114ee89d72460935f1b2cc2a6249648ff40a9fbb55e04287507ec3ffbdb8e06382ae5fc78027a4cfcb7d2d2f67a,주식회사 한솔이피씨|송재순
HANSOL,54,소멸,무선충전 기반의 전원 허브 장치,H02J 50/10|H02J 7/00|H02J 50/40|H04B 5/00,1016754950000,20161107,1020140180358,20141215,1020160072565,20160623,,20161122,"본 발명은 무선 충전 기반의 전원 허브 장치를 개시한 것으로, 이러한 본 발명은 외부전원과 연결되는 전원 송신 기능의 멀티 허브 받침대를 구성한 것이며, 이에따라 허브 받침대에 발열용기, 조명등, 미니 선풍기, 통신단말기 등의 다양한 제품이 하나 또는 복수로 올려질 때, 제품들에 자기유도방식으로 각각 전원 공급이 용이하게 이루어질 수 있도록 하면서, 제품에 대한 전원공급의 편의성과 호환성을 극대화시킴은 물론 그 사용상의 편의성을 높인 것이다.",http://plus.kipris.or.kr/openapi/fileToss.jsp?arg=ed43a0609e94d6e22d01c5c32ba711cfdd5b7204712173135e1443c5b1d2d08b3c3a5fef680aba60291faa642f360adaac555b50ea30c7842e9e1247a089ad57e7764f72c798ea20,http://plus.kipris.or.kr/openapi/fileToss.jsp?arg=2ba38663aa11ff0f6ca91af6061a2e0047016ba524efa869cb17360ae0120859f771c80213773774cbe1c917f837edf65b8e8da7473635cc3e64fd3e445c635d74808ac673003634,한솔테크닉스(주)
HANSOL,55,등록,배터리 최적화 지능형 알고리즘을 이용하는 배터리 관리 방법 및 장치,G01R 31/367|G01R 31/396|G01R 31/3842|H02J 7/00|G01R 31/392|G01R 31/36|H01M 10/42|H01M 10/48|H01M 10/052|B60L 58/12,1019268050000,20181203,1020150123913,20150902,1020170027891,20170313,,20181210,"본 발명은 배터리 관리 방법 및 장치에 관한 것이다. 본 발명에 따른 배터리 관리 방법은, 배터리의 충전 특성, 방전 특성, 온도 특성, 및 수명 특성에 기초하여, 배터리의 특성을 모델링하고, 모델링 결과를 행렬화된 데이터로 저장한다. 그리고, 배터리 상태 정보를 획득하여, 배터리 상태 정보와 행렬화된 데이터에 기초하여, 배터리의 잔존용량을 산출한다. 본 발명에 따르면, 배터리의 잔존용량을 정확하게 파악하여, 배터리를 최적의 상태로 관리할 수 있다.",http://plus.kipris.or.kr/openapi/fileToss.jsp?arg=ed43a0609e94d6e22d01c5c32ba711cf26d2b3a7de2d5023640649340a8ddfc0f4ad89998b4c909b243c045e2030b36a8b3db8995cf928dd26dcf50f63e5b037d160fa3d1c7fde36,http://plus.kipris.or.kr/openapi/fileToss.jsp?arg=2ba38663aa11ff0f6ca91af6061a2e00ff3cb44f09009db4eadf440a0d77700c470db188277e4d61a256c20cda345164a9d4a1029becb204779e5547a98c713f95e473693bee1531,한솔코에버 주식회사
HANSOL,56,소멸,배터리 충전크래들,H02J 7/00|H01M 10/42,1015027670000,20150310,1020130137005,20131112,,,,20150317,"본 발명은 배터리 충전크래들을 개시한 것으로, 이러한 본 발명은 평판형 배터리와 곡선형 배터리를 모두 충전시킬 수 있도록 하는 충전 크래들을 구성한 것이며, 이에따라 복수의 휴대단말기를 사용하는 사용자가 필요에 따라 평판형 배터리와 곡선형 배터리를 선택적으로 충전시키거나 또는 평판형 배터리와 곡선형 배터리를 동시에 충전시킬 수 있도록 하면서 배터리 충전의 효율성과 편의성을 높이고, 특히 충전크래들의 휴대 편의성을 높인 것이다.",http://plus.kipris.or.kr/openapi/fileToss.jsp?arg=ed43a0609e94d6e22d01c5c32ba711cfc4860e9d1808bef3f389f918596c9a8ca9b3234cbc25385470aa052d4d5a86dcdbf7e15cc91decbe9fa6a6eb0434f044b1ca94fdf0df8a0c,http://plus.kipris.or.kr/openapi/fileToss.jsp?arg=2ba38663aa11ff0f6ca91af6061a2e005647f4605f9afa6643c78a867cf6f64f12ccccc32937ac1dac7289177fd5dfbc881aea994b0149ae7c07933fc395f5258fd61f98aa990471,한솔테크닉스(주)
HANSOL,58,거절,무선전력전송 기반의 송신모듈 어셈블리,H02J 50/00|H02J 7/00|H01F 38/14|H02J 50/40,,,1020150089703,20150624,1020170000595,20170103,,,"본 발명은 무선전력전송 기반의 송신모듈 어셈블리를 개시한 것으로, 이러한 본 발명은 안착홈을 가지는 플레이트형의 페라이트 코어를 주물 제작한 후 이에 코일이 안착될 수 있도록 하면서 코일에 자동화장비(SMD)와 연결되는 컨텍단자를 연결 구성한 것이며, 이에따라 자동화 장비(SMD)를 이용한 송신코일과 전원라인의 납땜 연결 작업이 간편하고 신속하게 이루어질 수 있도록 하면서 제품 제작의 편의성을 증진시킴은 물론, 납땜시의 유해성분으로 인한 인명피해를 방지할 수 있는 것이다.",http://plus.kipris.or.kr/openapi/fileToss.jsp?arg=ed43a0609e94d6e22d01c5c32ba711cfa1133a012d1bf2c454ae181f3a7d620599ba7ef825ebf5c2f6d9ad9ab187140434e145e347764ee7eb7924803c64d1c564db9b24825d3865,http://plus.kipris.or.kr/openapi/fileToss.jsp?arg=2ba38663aa11ff0f6ca91af6061a2e00fe9d102ca70f1547b15f63e72744e5278642b39d47c8945da5ca012b6e9d090a1d7740cfa143364f1f3aaa420bc0b9a05ff05cbc8812f676,한솔테크닉스(주)
HANSOL,60,거절,자동차용 러기지 사이드 트림에 장착되는 무선 스피커,B60R 11/02|B60R 16/023|B60R 11/00,,,1020200153280,20201117,1020220067033,20220524,,,"본 발명은 자동차의 러기지 사이드 트림에 장착되는 스피커를 분리하여 무선 스피커로 구성하고, 자동차에 장착된 오디오 시스템과 무선 통신할 수 있게 구성함으로써, 캠핑할 때처럼 야외에 나가서도 자동차를 기준으로 일정 범위 안에서는 무선 스피커를 쉽고 편리하게 이용할 수 있게 한다. 특히, 본 발명은 지지대를 구성하여 무선 스피커를 세워서 사용할 수 있게 구성함으로써, 무선 스피커를 사용하는 장소에서 원하는 각도로 세워서 편리하게 사용할 수 있게 한다. 또한, 본 발명은 지지대를 세워서 사용할 때 바닥이나 지면에 닿는 부분에 밀림 방지용 패드를 갖춤으로써, 무선 스피커를 세워서 사용할 때 바닥이나 지면에서 밀리지 않게 하여 쓰러지거나 떨어지지 않고 안전하고 편리하게 사용할 수 있게 한다.",http://plus.kipris.or.kr/openapi/fileToss.jsp?arg=ed43a0609e94d6e22d01c5c32ba711cffd13a069cca3f261d6b79a9a3688a70534855c8c9b42b1176267f859ccceb57d8e06318f3cdd7947e09e917acd63f70085048e03711a4070,http://plus.kipris.or.kr/openapi/fileToss.jsp?arg=6c650beb4cee9ce4122b704b88878c9342ccb1cfdaa745293333f1771397b1c67f5e1f7564707cd29c5a4a680f0f1078f6b0ae8dd0a452715484290ecc34704cd71f0f0c771e3f26,주식회사 대한솔루션
HANSOL,61,등록,정전척,H10K 71/00|H10P 72/70,1016616400000,20160926,1020150038177,20150319,1020160112434,20160928,,20160930,"본 발명의 일 실시예는 정전척에 관한 것으로, 해결하고자 하는 기술적 과제는 경량이며, 처짐 현상이 작은 8세대용 디스플레이를 위한 정전척을 제공하는데 있다. 이를 위해 본 발명은 제1면과 상기 제1면의 반대면인 제2면을 갖는 알루미늄 재질의 베이스 기판; 상기 베이스 기판의 제1면에 코팅된 세라믹 재질의 절연층; 및 상기 베이스 기판의 제2면에 형성된 알루미늄 재질의 처짐 방지 구조물을 포함하는 정전척을 제공한다.",http://plus.kipris.or.kr/openapi/fileToss.jsp?arg=ed43a0609e94d6e22d01c5c32ba711cf1e293f585a24d14f67a134671f76a3e2ff1ffc972f8928ea046d337f74da6f3989600cf08a89d77183f035ffbf5da70cafb65348dcc1b9e5,http://plus.kipris.or.kr/openapi/fileToss.jsp?arg=2ba38663aa11ff0f6ca91af6061a2e00c30225285da7c5bef8a1f69cc14af1475c28e44f64d5826b2db0b206d8a9a51dc4cf8049e1de8a96fe59a76b10267c166167d2200d3e0dab,한솔아이원스 주식회사
HANSOL,62,등록,"내플라즈마성 유리, 반도체 제조 공정을 위한 챔버 내부용 부품 및 그들의 제조방법",C03C 3/095|C03C 3/087|C03C 3/062|C03C 4/00|C03B 19/09|C03B 11/12|H10P 72/00,1028645740000,20250922,1020230185339,20231219,1020250094871,20250626,,20250925,"본 발명은 내플라즈마성 유리, 반도체 제조 공정을 위한 챔버 내부용 부품 및 그들의 제조방법에 관한 것으로, 구체적으로 내플라즈마 유리에 포함되는 Zr계 산화물을 포함하고 그의 함량을 조절함으로써, 화학적 에칭 및 물리적 에칭 저항성을 향상시키고 광투과율을 향상시킬 수 있는 내플라즈마성 유리, 반도체 제조 공정을 위한 챔버 내부용 부품 및 그들의 제조방법에 관한 것이다.",http://plus.kipris.or.kr/openapi/fileToss.jsp?arg=ed43a0609e94d6e22d01c5c32ba711cfef6af86810fb2d14d616d893b0626426bb2e00b03b4b189cd6bafe6f3655fff2e720887388ed1e77b2f150e6a347353bfece764b81402058,http://plus.kipris.or.kr/openapi/fileToss.jsp?arg=6c650beb4cee9ce4122b704b88878c93a2aea52fec0f959514f3aa603d1c6beac07d87dcb2a18276363eb0988f45ee63b1f369c95781052cfeb80859cad485300486791bd61e2742,한솔아이원스 주식회사
HANSOL,63,거절,SNS 기반의 소프트웨어 로봇 원격 제어 서비스 시스템 및 방법,G06Q 10/10|H04L 51/00|H04L 9/40,,,1020200105028,20200821,1020220023370,20220302,,,"SNS 기반의 소프트웨어 로봇 원격 제어 서비스 시스템 및 방법을 개시한다. 본 발명은 RPA와 관련된 작업을 사용자의 권한에 따라 사용할 수 있는 RPA 작업 목록을 제공하고, 그 실행 권한을 부여하여 로봇이 작동되는 상태, 예상 소요 시간, 작업의 결과물을 제공할 수 있다.",http://plus.kipris.or.kr/openapi/fileToss.jsp?arg=ed43a0609e94d6e22d01c5c32ba711cfbc0611bcc707d6331b805b38e8dab8cf98f0c033bf7661ec54c1d0acffdd4ad550eb0ae12cdf54df8b8f3111f0dd51a4eaa7d7e504c459ac,http://plus.kipris.or.kr/openapi/fileToss.jsp?arg=6c650beb4cee9ce4122b704b88878c93fa9d95005e8e5e8a6efe5350815fe3cd18423db97f20ed19b3c6f4cfde9e597a07045f5f23e7e3948db0a46f8586b23a67cca3844494808d,한솔피엔에스 주식회사
HANSOL,65,취하,무선 전력 송신을 위한 어댑터 및 이를 포함하는 무선 전력 송신기,H02J 50/10|H02J 50/70|H02J 50/00|H02J 7/04|H02J 7/00|H02M 7/5387|H01F 38/14,,,1020210085211,20210630,1020230003737,20230106,,,"본 발명은 무선 전력 송신을 위한 어댑터 및 이를 포함하는 무선 전력 송신기를 개시한다. 본 발명에 따르면, 전송 코일을 포함하는 전송 패드; 및 상용 교류 전원에 포함되는 전기적인 노이즈를 제거하는 EMI 필터, 교류 전압을 직류 전압으로 변환하는 AC/DC 컨버터, 상기 모바일 기기의 충전을 위한 파라미터를 결정하는 컨트롤러, 상기 컨트롤러로부터 공급되는 직류 전압을 교류 전압으로 변환하여 상기 전송 코일에 공급하는 풀 브리지 회로 및 상기 모바일 기기의 무선 충전을 위한 Inband 통신 시그널을 분석하고, 동작 주파수를 제어하는 마이크로 컨트롤러 유닛을 구비하는 어댑터를 포함하는 무선 전력 송신기가 제공된다.",http://plus.kipris.or.kr/openapi/fileToss.jsp?arg=ed43a0609e94d6e22d01c5c32ba711cfed68d684f2baa77bcf553f544775f59db5c0fc44c07793b241e36e6a9b508fa0557a86868533ad65fbeee6635b87e44d881225715fd10717,http://plus.kipris.or.kr/openapi/fileToss.jsp?arg=6c650beb4cee9ce4122b704b88878c93a728c779fe4778cfa8f329f62c8958282814637b08d0752d14fa2d64fd96a545f148e83f59401bae1159a371416fa8804b9f9001f8f0a739,한솔테크닉스(주)
HANSOL,66,등록,흡음성능이 우수한 흡음재 및 그 제조방법과 그 이용방법,B32B 5/24|B32B 5/02,1012239020000,20130113,1020100108538,20101103,1020120046964,20120511,,20130117,"본 발명은 발포폴리우레탄의 양면중에서 어느 한면에 강화발수부직포를 부착하여 흡음재를 제작함으로써, 폴리우레탄폼의 낮은 강성도와 내열성 그리고 내습성을 보완하여 흡음성능을 향상시킬 수 있도록 한 흡음재 및 그 제조방법과 그 이용방법을 제공하는데 그 목적이 있다. 특히, 본 발명은 강화발수부직포의 표면에 중점도(PPG)/실리콘계 발수제로 코팅처리하여 발수성을 향상시킴으로써, 내습기성이 뛰어난 흡음성능이 우수한 흡음재 및 그 제조방법과 그 이용방법을 제공하는데 다른 목적이 있다.",http://plus.kipris.or.kr/openapi/fileToss.jsp?arg=ed43a0609e94d6e22d01c5c32ba711cf49e640728359644ecf3ee90478307068a561048638c595476ac9790e561c0bbd16265267f67d512ba83c673ccee4520e47f9345f773f7528,http://plus.kipris.or.kr/openapi/fileToss.jsp?arg=452306798ef1fd03bf8e5ba4e1dbf7267f50948f79d08cc3ba08b1ce9cda881c9dc427dd177f8777ab1baa8ff90a5476c68ca9959567e0cd257d8c69853dc7d1c430914ffbc0e3f6,주식회사 대한솔루션
HANSOL,67,공개,"내플라즈마성 유리, 반도체 제조 공정을 위한 챔버 내부용 부품 및 그들의 제조방법",C03C 3/087|C03C 3/06|C03C 4/00|C03B 19/09|C03B 11/12|H10P 72/00,,,1020230185338,20231219,1020250094870,20250626,,,"본 발명은 내플라즈마성 유리, 반도체 제조 공정을 위한 챔버 내부용 부품 및 그들의 제조방법에 관한 것으로, 구체적으로 내플라즈마 유리에 포함되는 Si계 산화물을 고함량으로 포함하더라도 용이하게 용융시킬 수 있으며, 식각 저항성 및 광투과율을 향상시킬 수 있는 내플라즈마성 유리, 반도체 제조 공정을 위한 챔버 내부용 부품 및 그들의 제조방법에 관한 것이다.",http://plus.kipris.or.kr/openapi/fileToss.jsp?arg=ed43a0609e94d6e22d01c5c32ba711cfc903a5fe738956da9a1ee1417ef05923ed43739bfc365d918187e79b654039253df32bc1588d5b68cef7af221b27ef2051e1f101766cf506,http://plus.kipris.or.kr/openapi/fileToss.jsp?arg=6c650beb4cee9ce4122b704b88878c9379a1d31dff44ff0aed04a92771259d80c3cee646209366b1eb759f8456c742d3591cb98bb0a43913895f0ec9c78449a53b961cce4bef0bb4,한솔아이원스 주식회사
HANSOL,68,소멸,대면적 정전척,H10K 71/00|H10P 72/70,1016616410000,20160926,1020150038180,20150319,1020160112436,20160928,,20160930,"본 발명의 일 실시예는 대면적 정전척에 관한 것으로, 해결하고자 하는 기술적 과제는 경량이며, 처짐 현상이 작고, 또한 공정 온도에 영향받지 않는 8세대용 디스플레이를 위한 대면적 정전척을 제공하는데 있다. 이를 위해 본 발명은 제1면과 상기 제1면의 반대면인 제2면을 갖는 티타늄 재질의 베이스 기판; 상기 베이스 기판의 제1면에 코팅된 세라믹 재질의 절연층; 및 상기 베이스 기판의 제2면에 부착된 알루미늄 재질의 처짐 방지 구조물을 포함하는 대면적 정전척을 제공한다.",http://plus.kipris.or.kr/openapi/fileToss.jsp?arg=ed43a0609e94d6e22d01c5c32ba711cf1e293f585a24d14f67a134671f76a3e2ff1ffc972f8928ea046d337f74da6f3983bf39c1d1c33fa88bdeb7139376ac56851c525a0950e416,http://plus.kipris.or.kr/openapi/fileToss.jsp?arg=2ba38663aa11ff0f6ca91af6061a2e00c30225285da7c5bef8a1f69cc14af1475c28e44f64d5826b2db0b206d8a9a51db03437aa7c5c3dcaf042e50eef697de15369857ca2b0511c,한솔아이원스 주식회사|엘지전자 주식회사
HANSOL,69,공개,"내플라즈마성 유리, 반도체 제조 공정을 위한 챔버 내부용 부품 및 그들의 제조 방법",C03C 3/095|C03C 3/083|C03C 3/062|C03C 4/00|C03B 11/12|H10P 72/00|H01J 37/32,,,1020230106815,20230816,1020240051815,20240422,,,"본 발명은 내플라즈마성 유리, 반도체 제조 공정을 위한 챔버 내부용 부품 및 그들의 제조방법에 관한 것으로, 구체적으로 내플라즈마성 유리 성분들의 함량을 조절하고, SrO를 추가로 포함하여 용융 온도를 낮게 구현하고, 열팽창계수를 감소시켜 고온 사용시 열충격에 손상을 방지할 수 있으며, 광투과율 및 내구성을 향상시킬 수 있는 내플라즈마성 유리, 반도체 제조 공정을 위한 챔버 내부용 부품 및 그들의 제조 방법에 관한 것이다.",http://plus.kipris.or.kr/openapi/fileToss.jsp?arg=ed43a0609e94d6e22d01c5c32ba711cf353dadbd91b9390d7d416739a588908decea7e83588a0ab59b21631599b519946410748d9d39206e9a9fc3f3bf8e87416c40bd7131f624dc,http://plus.kipris.or.kr/openapi/fileToss.jsp?arg=6c650beb4cee9ce4122b704b88878c93a7bf73403f99bd92e63ab5bc495453db0ff612d052cba21d109f70ea5154a810243fbe5961a7697c1bbc612493ca67e59f6bcc92eea4b235,한솔아이원스 주식회사
HANSOL,70,거절,반도체 공정 챔버 및 그 제조 방법,C23C 16/44|C23C 16/455|C23C 16/40|C23C 16/30|C23C 16/56|C23C 16/505|H10W 74/01,,,1020230084769,20230630,1020250002947,20250107,,,"본 발명는 반도체 공정 챔버 및 그 제조 방법에 관한 것으로, 해결하고자 하는 기술적 과제는 반도체 공정 부품의 내구성을 향상시킴과 동시에 반도체 제조를 위한 주공정 전에 사전 준비 시간없이 안정적인 공정 환경을 제공하고, 반도체 제조를 위한 공정 환경의 시즈닝 타임의 단축이 가능한 반도체 공정 챔버 및 그 제조 방법을 제공한다. 이를 위해 본 발명에 따른 예시적 반도체 공정 챔버의 제조 방법은 반도체 공정 챔버 부품의 부식 및 파티클의 발생을 방지하기 위해 ALD(Atomic Layer Deposition) 방식으로 상기 반도체 공정 챔버 부품 상에 ALD 코팅막을 제공하는 단계; 및 상기 ALD 코팅막 상에 시즈닝 타임의 단축을 위해 주공정의 환경으로 플라즈마 표면 개질층을 제공하는 단계를 포함할 수 있다.",http://plus.kipris.or.kr/openapi/fileToss.jsp?arg=ed43a0609e94d6e22d01c5c32ba711cf29af1ed9ae3e78d663377f30d6514528bce17b61ff4ce3b5a88a96b9bd0aac29d827eae0138dc27543ee73d23e7ec17f5d60e281c07c5895,http://plus.kipris.or.kr/openapi/fileToss.jsp?arg=6c650beb4cee9ce4122b704b88878c93b2b4840edc80116063ee6424ee4c587b695a5c240c7e2639202fd1a1fe30b8ae86b48527e24423ca0e353af852e560ac207675b66fca75f8,한솔아이원스 주식회사
HANSOL,71,포기,기판 형상 가공 방법,H10H 20/00|H10H 20/81,,,1020180122999,20181016,1020200042640,20200424,,,"본 발명은 Epi 공정 시 기판의 회전중심과 무게중심이 일치되도록 기판을 제조함으로써 Epi 품질이 향상되도록 하는 기판 형상 가공 방법에 관한 것이다. 본 발명에 따른 기판 제조방법은 잉곳(ingot)을 기판 형태로 절단(slicing)하는 단계와, 상기 기판의 양면을 그라인딩 또는 래핑하는 단계와, 상기 기판의 모서리를 가공(edge grinding)하는 단계와, 상기 기판을 열처리하는 단계와, 상기 열처리 된 기판을 세라믹 블록에 마운팅 하는 단계와, 상기 마운팅 된 기판의 상면을 다이아몬드 패드로 그라인딩 하는 그라인딩 단계를 포함하며, 상기 세라믹 블록은 그 상면의 중앙부는 평평하되 가장자리 영역은 서로 다른 2개의 기울기를 가지는 2중으로 테이퍼진 형상으로 형성되는 것을 특징으로 한다.",http://plus.kipris.or.kr/openapi/fileToss.jsp?arg=ed43a0609e94d6e22d01c5c32ba711cf25e3e07ae38103dd90e25776270c3823049edf887752fd4d4c0544cd8ae1819808da9004173d9c57f08f4024bb543c85888ad72dac331a8b,http://plus.kipris.or.kr/openapi/fileToss.jsp?arg=2ba38663aa11ff0f6ca91af6061a2e00d0c1d95bdf26f35c756c317984ca575f2c4b77c6a5bc40ba04aafeb625b4748fe4dd925399c2f04c08f91c80649cb895f6b4bc85abfb07a4,한솔테크닉스(주)
HANSOL,72,공개,인공지능 기반 축사 내 바이러스 발생을 예측하고 제거하는 방법 및 장치,A01K 1/00|A61L 9/14|A01K 29/00|G06Q 50/02|G16H 50/50|G16H 50/20|G06N 3/088,,,1020240064286,20240517,1020250164931,20251125,,,"본 발명은 질병 예측 및 예방이 가능한 능동형 스마트 축사 시스템에 있어서, 동물을 사용할 수 있는 내부 공간을 구비하도록 형성된 하우징; 하우징의 일 면과 타 면에 각각 형성되어 외기의 내부 유입을 제어하는 복수의 개폐구; 개폐구에서 들어오는 외기로 소독약을 분사하여 바이러스를 제거하도록 동작하는 인젝터; 및 외부 서버로부터 날씨 데이터 및 온도 데이터 중 적어도 하나와 시간별 가축 질병 발생 데이터가 포함된 통계 데이터를 수신하고, 수신된 통계 데이터를 질병 예측 모델에 입력하여 바이러스의 발생 시점을 산출하고, 산출된 발병 시점에 인젝터를 동작하는 메인 서버를 포함할 수 있다.",http://plus.kipris.or.kr/openapi/fileToss.jsp?arg=ed43a0609e94d6e22d01c5c32ba711cf0a2afacd7f602dde704e300b4e06e281b134188d995bf235db1ef2d2efb8f548db27a134d65d9b4e89fd0c0191576b150c240a179a4e2a5a,http://plus.kipris.or.kr/openapi/fileToss.jsp?arg=6c650beb4cee9ce4122b704b88878c9351e45af83499bdddebbba02f743a357bc6ee3867995bd62652788342aed82768182b3b41c7812200869b112c2f3f3d786ae412b1f1964af0,농업회사법인 주식회사 한솔루트원
HANSOL,74,소멸,기판 제조 방법,H10P 52/00,1015524650000,20150905,1020140031145,20140317,,,,20150910,"본 발명은 기판의 측면 가공량이 많은 경우에도 칩 발생 빈도와 직경 편차가 증가하는 것을 방지할 수 있는 기판 제조 방법에 관한 것이다. 본 발명에 따른 기판 제조 방법은 잉곳(ingot)을 기판 형태로 절단(slicing)하는 절단 단계와, 상기 절단된 기판을 양면 랩핑하는 단계와, 상기 랩핑된 기판을 열처리 하는 단계와, 상기 열처리된 기판의 측면을 가공하는 측면가공단계를 포함하되, 상기 측면가공단계는 복수의 단계로 이루어지되, 초기단계에서는 상기 기판을 제1회전속도로 회전시키면서 상기 기판의 라운드 구역을 연마하고, 중간단계에서는, 상기 기판의 라운드 구역을 연마할 때에는 상기 기판을 상기 제1회전속도로 회전시키면서 연마하고, 상기 기판의 플랫 구역을 연마할 때에는 상기 기판을 상기 제1회전속도 보다 느린 제2회전속도로 회전시키면서 연마하고, 마무리단계에서는, 상기 기판의 상기 기판의 라운드 구역을 연마할 때에는 상기 기판을 상기 제1회전속도 보다 느린 제3회전속도로 회전시키면서 연마하고, 상기 기판의 플랫 구역을 연마할 때에는 상기 기판을 상기 제2회전속도 보다 느린 제4회전속도로 회전시키면서 연마하는 것을 특징으로 한다.",http://plus.kipris.or.kr/openapi/fileToss.jsp?arg=ed43a0609e94d6e22d01c5c32ba711cf2f47ed4cf330e088b5a8faf0d286a736c5d63eba71d93c808d8568a5866f2b31fe78d66e163d83ca246c09f9bfb0bb88cfa73dfea60ae254,http://plus.kipris.or.kr/openapi/fileToss.jsp?arg=2ba38663aa11ff0f6ca91af6061a2e0097a0db123a73b77898c6c1734a0895715aea4b511a2c8fdbb71e7af6e90a8676041bcc7b65359be16fdf136079baec87348f04d30659e332,한솔테크닉스(주)
HANSOL,75,소멸,정전척 재생 방법,H10P 72/70|H02N 13/00,1011239680000,20120228,1020090125352,20091216,1020110068409,20110622,,20120323,"본 발명은 손상된 DLC층과 실리콘층을 제거한 후, 새로 실리콘층과 글래스층을 형성함으로써, 손상된 정전척을 폐기하지 않고 다시 재생하여 사용할 수 있는 정전척의 재생 방법에 관한 것이다. 이를 위해, 본 발명의 실시예에 따른 정전척의 재생 방법은 바디층, 절연층, 제 1 실리콘층 및 DLC층이 차례로 증착되어 형성된 정전척에 있어서, 적어도 상기 DLC층이 에싱된 정전척을 준비하는 정전척 준비 단계; 상기 DLC층 및 제 1 실리콘층을 제거하는 DLC층 및 제 1 실리콘층 제거 단계; 상기 절연층의 상부에 제 2 실리콘층을 형성하는 제 2 실리콘층 형성 단계; 및 상기 제 2 실리콘층의 상부에 글래스층을 형성하는 글래스층 형성 단계를 포함하는 것을 특징으로 한다. 정전척, 바디층, 절연층, 실리콘층, DLC층",http://plus.kipris.or.kr/openapi/fileToss.jsp?arg=ed43a0609e94d6e22d01c5c32ba711cf4d7f0f1fb9414e14c4ea008043ec3240ce920d45df5482c6447484831bcb854d094914e3cd641ca04443e812ca4a27561431ddece97b9f01,http://plus.kipris.or.kr/openapi/fileToss.jsp?arg=452306798ef1fd03bf8e5ba4e1dbf726f84a72b64adb32fed41a8453eec98fa971c7bac33a4d559407d7634e6a742fa8573b83bf867bd4fddb769f0267fa33255e7bbcebb0922787,한솔아이원스 주식회사
HANSOL,77,거절,내플라즈마 코팅막 및 이의 형성 방법,C23C 28/04|C23C 28/00|C23C 4/04|C23C 4/10|C25D 11/18|H01J 37/32|C23C 16/44|C23C 14/56|H10P 72/00,,,1020200049587,20200423,1020210131150,20211102,,,"본 발명은 제2코팅막을 통해 플라즈마 및 부식 가스에 대한 저항성을 높임과 동시에, 제1코팅막을 통해 아노다이징 처리된 모재와 제2코팅막 사이에 발생될 수 있는 크랙이나 박리를 방지하여 신뢰성을 향상시킬 수 있는 내플라즈마 코팅막 및 이의 형성 방법에 관한 것이다. 일예로, 본 발명은 아노다이징층이 형성된 모재를 준비하는 단계, 아노다이징층 상에 고경도 세라믹 파우더를 이용하여 제1코팅막을 형성하는 단계 및, 제1코팅막 상에 이트륨 계열의 세라믹 파우더를 이용하여 제2코팅막을 형성하는 단계를 포함하는 내플라즈마 코팅막 및 이의 형성 방법을 개시한다.",http://plus.kipris.or.kr/openapi/fileToss.jsp?arg=ed43a0609e94d6e22d01c5c32ba711cf89e4ea5eca0c1e613e038bec2283fd4e4cf739ec0d4d163c029d3a0429cca4757be9e1ca829ec8041a21079b979cebc7e7073a459782334c,http://plus.kipris.or.kr/openapi/fileToss.jsp?arg=6c650beb4cee9ce4122b704b88878c93023a42a95c40171ae5bd59e1b7c1a17b944aee7d17e477373f9f7be5956a5588841b1f26749f4c3e20ef239a20c32e1b4a559ad1b7c0e52d,한솔아이원스 주식회사
HANSOL,78,소멸,이온주입장치의 소스 헤드 아크 챔버,H10P 30/00|H01J 37/08|H01J 27/08,1007116990000,20070419,1020050068974,20050728,,,,20070427,"본 발명은 이온주입장치의 소스헤드 아크 챔버가 고온의 영향을 최소로 받으며, 소스가스인 화학적 가스에 대한 부식성을 제거할 수 있을 뿐만 아니라 오염으로부터 절연성을 가질 수 있는 구조를 이루도록 한 이온주입장치의 소스 헤드 아크 챔버에 관한 것으로서, 이온주입장치의 소스 헤드 아크 챔버에 있어서, 베이스플레이트의 일면에 각 모서리부가 라운드 형상을 갖는 펜스가 돌출 형성되고, 상기 펜스내부에 아크생성실이 마련되고, 상기 펜스의 개방되는 상부면에 아크 슬릿을 갖는 커버가 설치되며, 필라멘트에 의해 발생되는 열전자를 방출하는 캐소드가 상기 아크생성실의 상단면 하부에 설치되고, 상기 캐소드가 외부 환경으로부터 분리될 수 있도록 상기 캐소드의 상부에 캐소드 리펠러가 마련되고, 상기 캐소드와 대응되는 아크생성실의 하단면 내측에 사각형 플레이트를 가지는 리펠러가 마련되는 것을 특징으로 한다. 이온주입기, 소스 헤드, 아크 챔버, 리펠러",http://plus.kipris.or.kr/openapi/fileToss.jsp?arg=ed43a0609e94d6e2d625a3dcb0746fe407489d23bbfec243865ccb0c5c84e3427033f5a2f66bc49016d411dc1b86893f,http://plus.kipris.or.kr/openapi/fileToss.jsp?arg=452306798ef1fd035bfb5ff666db4c9c592fb536ea920a4dadb21b97f2dfc893e842994b8af73a2e33f493386b143608,한솔아이원스 주식회사|이문기|김병기|엄홍국
HANSOL,79,소멸,기판 제조방법,H10H 20/81|H10H 20/819|H10P 54/00,1017665780000,20170802,1020160008561,20160125,1020170088557,20170802,,20170808,"본 발명은 공정시간 및 원가를 절감할 수 있고, 고품질화 추세에 적합한 기판 제조방법에 관한 것이다. 본 발명에 따른 기판 제조방법은 잉곳(ingot)을 기판 형태로 절단(slicing)하는 단계와, 상기 기판의 응력이 해소되도록 에칭액을 이용하여 상기 기판을 습식 에칭하는 단계와, 상기 절단된 기판를 마운팅 하는 단계와, 상기 기판의 전면을 다이아몬드 휠로 그라인딩(grinding)하는 단계를 포함한다.",http://plus.kipris.or.kr/openapi/fileToss.jsp?arg=ed43a0609e94d6e22d01c5c32ba711cf4c166a7c2189ad60477de8aebf2152f4cf1342d0613ed2a6c62e6f69a20c9c76fdc46716e2afc216c8bd3613230eb5ae2224a96ad1607c4a,http://plus.kipris.or.kr/openapi/fileToss.jsp?arg=2ba38663aa11ff0f6ca91af6061a2e00418f0b339ceb18bd1411e4ebebaba6deb3665ec8e255d0d0fcd8aea23a52af0944fdabf2e8e89b408e45d7394813a9813764a904036c2089,한솔테크닉스(주)
HANSOL,81,소멸,차량용 무선충전장치,H02J 50/00|H02J 50/10|B60R 16/03|H02J 7/00,1016044320000,20160311,1020140173279,20141204,,,,20160318,"본 발명은 차량용 무선충전장치를 개시한 것으로, 이러한 본 발명은 차량내에 배터리와 전기적으로 배선되는 무선 충전용 송신부를 고정하고, 무선 충전용 수신부를 가지는 부재를 상기 송신부에 근접시, 송신부에서 수신부로의 전력 송신이 이루어지도록 구성한 것이며, 이에따라 차량내에서 차량 전용 케이블없이 부재에 대한 동작 전원 공급 또는 부재에 수납되는 휴대용 제품의 전원 무선 충전이 용이하게 이루어질 수 있도록 하면서 그 사용상의 편의성을 높인 것이다.",http://plus.kipris.or.kr/openapi/fileToss.jsp?arg=ed43a0609e94d6e22d01c5c32ba711cfab4045ffc8aa4c170c6d8893916d08581fbfa96166e144305c25f283ebfc14a8f069630b0def2a671aded36116ece56a2ad72fc178bdbdf5,http://plus.kipris.or.kr/openapi/fileToss.jsp?arg=2ba38663aa11ff0f6ca91af6061a2e00372ba2f2fde29f123a1aa91ed0d72fbafc2804a88373950b7d44cbd7919837db978c61810bc4490fe7f551c76aff98598f7d9205b8f58c9d,한솔테크닉스(주)
HANSOL,82,소멸,기판 제조방법,H10P 10/00|H10P 50/00,1015256140000,20150528,1020130032743,20130327,1020130053422,20130523,,20150604,"본 발명은 평탄도가 우수한 웨이퍼를 제작할 수 있을 뿐 아니라, 웨이퍼 제작시 슬러리의 발생량을 감소시키며 생산효율을 증가시킬 수 있는 기판 제조방법에 관한 것이다. 본 발명에 따른 기판 제조방법은 잉곳(ingot)을 웨이퍼 형태로 절단(slicing)하는 단계와, 상기 절단된 웨이퍼의 양면을 랩핑하는 단계와, 상기 웨이퍼의 양면 중 전면을 다이아몬드 휠로 그라인딩(grinding)하는 단계와, 상기 그라인딩 된 웨이퍼의 면을 연마패드로 연마하는(polishing) 단계를 포함한다.",http://plus.kipris.or.kr/openapi/fileToss.jsp?arg=ed43a0609e94d6e22d01c5c32ba711cf7c642066032b0274d32263937d10de6e51f3784065cd7d4bbef43a80b41ae446616933d480529e99c59ae71c6d00b59851b9ed044dccc1a5,http://plus.kipris.or.kr/openapi/fileToss.jsp?arg=2ba38663aa11ff0f6ca91af6061a2e006707054bb6e04dc9950537a3121b6f260cb8f9fbe71993d14faf544ec4570ed49c96f36e6d3195fcca72a773fc976a03aad2cc07394598a3,한솔테크닉스(주)
HANSOL,83,공개,"내플라즈마성 유리, 반도체 제조 공정을 위한 챔버 내부용 부품 및 그들의 제조 방법",C03C 3/095|C03C 4/00|C03B 19/09|C03B 25/02|H10P 72/00,,,1020230076784,20230615,1020240055626,20240429,,,"본 발명은 내플라즈마성 유리, 반도체 제조 공정을 위한 챔버 내부용 부품 및 그들의 제조방법에 관한 것으로, 구체적으로 내플라즈마성 유리 성분들의 함량을 조절하여 용융 온도를 낮게 구현하고, 열팽창계수를 감소시켜 고온 사용시 열충격에 손상을 방지할 수 있으며, 광투과율 및 내구성을 향상시키고, 적절한 유전 상수를 가지며, 용융물의 점도를 조절하여 성형성을 향상시킨 내플라즈마성 유리, 반도체 제조 공정을 위한 챔버 내부용 부품 및 그들의 제조 방법에 관한 것이다.",http://plus.kipris.or.kr/openapi/fileToss.jsp?arg=ed43a0609e94d6e22d01c5c32ba711cfb2501e72f3c6823e2bd5bef5e94236dfa403c955acf4d200f734fd8d7c234327f3df624543de755f1e12c818c5bf8d07b4079f59c39c166f,http://plus.kipris.or.kr/openapi/fileToss.jsp?arg=6c650beb4cee9ce4122b704b88878c9359bc4eb7540c7e806d258d8ecbddf3aa590e112ec74569e87aaf8e9c7f8bdc49a02cf4c6126c3e1551545811023db54b8364ec5590f60d49,한솔아이원스 주식회사
HANSOL,84,소멸,엘이디 백라이트 유닛의 디밍 검사 방법,G02F 1/13|H10P 74/00|G02F 1/1335,1011694350000,20120723,1020100080370,20100819,1020120017640,20120229,,20120727,"본 발명은 엘이디 백라이트유닛(Back Light Unit:BLU)의 디밍 검사 방법에 관한 것이다. 좀 더 자세하게는 컴퓨팅 장치를 이용하여 디스플레이 패널에 실장된 엘이디 백라이트 유닛의 디밍 불량 여부를 신속하고 편리하게 자동으로 테스트할 수 있는 방법에 관한 것이다. 본 발명에서는, 기 설정된 검사 기준을 갖는 검사 대상 모델이 선정되는 모델 선정 단계; 상기 선정된 검사 대상 모델에 부합되는 검사 대상물이 검사 장치에 연결되었는지를 판단하는 검사 대상물 확인 단계; 상기 검사 대상물에 대한 검사 측정값을 표시하고, 상기 검사 측정값이 상기 검사 기준에 부합하는지를 비교하여 부합 여부를 표시하는 검사 단계; 상기 검사 대상물의 검사 양품 여부를 표시하는 결과 표시 단계를 포함하는 엘이디 백라이트 유닛의 디밍 검사 방법이 제시된다.",http://plus.kipris.or.kr/openapi/fileToss.jsp?arg=ed43a0609e94d6e22d01c5c32ba711cf0a4625f6c2f817c03eb64d5e158812da961a28941d5708824828547f2f1b023bdf91505a99c20f78518952ef68b2b8b878aef159aeae8f99,http://plus.kipris.or.kr/openapi/fileToss.jsp?arg=452306798ef1fd03bf8e5ba4e1dbf7268dc6f47904e8d4b78e5f0b1ff893d84e9cc48837295e590e98968018fcb742a772ab8377c9ebb636a93c6f1bf277b80f97caeab350561551,한솔테크닉스(주)
HANSOL,85,포기,기판 세정 장치,H10P 72/00|B08B 3/12,,,1020170159920,20171128,1020190061484,20190605,,,"본 발명은 기판의 가장자리부분까지 효율적으로 세정할 수 있도록 구조가 개선된 기판 세정 장치에 관한 것이다. 본 발명에 따른 기판 세정 장치는 기판을 세정하기 위한 세정액이 저장되는 세정조와, 내부에 복수의 기판이 수납되며, 하면에는 상기 수납된 기판의 일측 가장자리가 외부로 노출되도록 슬릿이 관통 형성되어 있으며, 상기 세정조의 내부에 배치되는 카세트와, 원통 형상으로 형성되어 상기 세정조의 내부에 회전 가능하게 설치되며, 상기 슬릿을 통해 노출된 기판 가장자리에 접촉되어 회전 시 상기 기판을 회전 시키는 회전롤러와, 상기 기판의 타측 가장자리에 접촉되며, 상기 기판의 회전 시 상기 기판의 가장자리를 세정하는 브러시를 포함하는 것을 특징으로 한다.",http://plus.kipris.or.kr/openapi/fileToss.jsp?arg=ed43a0609e94d6e22d01c5c32ba711cf12ae3924dc1c43e324b0b2d416d4231f31dd6dd6644a72c38004669d2ed0106743ff2a7f6190e5305e3190a7e5abf2b43ccf863862af4eb9,http://plus.kipris.or.kr/openapi/fileToss.jsp?arg=2ba38663aa11ff0f6ca91af6061a2e008722a6b5c4a35721494c6de52585596f14ae92660f8e931edbf42effb4fe64a719692be13fa248aac4db514bc1e48ff1347372421b04fa42,한솔테크닉스(주)
HANSOL,86,거절,GPS 기반의 위치 공유 시스템,G06Q 50/00|G06Q 50/10|G01S 19/14|H04W 4/02,,,1020210069801,20210531,1020220161724,20221207,,,"GPS 공유방을 개설하고 개설된 GPS 공유방을 공유할 수 있게 구성하고 공유자 위치와 도착시각 등을 표시할 수 있게 구성함으로써, 공유자가 직접 통화하거나 문자를 하지 않고도 정해진 장소를 쉽게 찾아갈 수 있을 뿐만 아니라 기다릴 때도 도착시각을 쉽게 알 수 있어 편리하게 이용할 수 있다. 특히, 자동차나 개인이 들고 다니는 휴대단말에 구성된 GPS를 이용해서 GPS 공유방을 개설할 수 있게 구성함으로써, 언제 어디서나 GPS 공유방을 쉽게 개설하고 편리하게 이용할 수 있다. 또한, 일정 시간이 지나면 개설된 GPS 공유방이 자동으로 삭제되게 하거나 삭제할 수 있게 메시지를 보내거나 GPS 공유방의 유지시간을 연장할 수 있게 구성함으로써, 공유자가 모두 정해진 자리에 모일 때까지 편리하게 이용할 수 있다.",http://plus.kipris.or.kr/openapi/fileToss.jsp?arg=ed43a0609e94d6e22d01c5c32ba711cfd70e3e9720d035a1534963cb1de68474865d184928c84ad6902e45fb43d2f3093b62fdf342e16e740f2801b749084c768b9a61e52b8f5790,http://plus.kipris.or.kr/openapi/fileToss.jsp?arg=6c650beb4cee9ce4122b704b88878c93635c7d0dbb1c9eb53c86806fd483a07089760e1805bda25b4efdf368c4fbc7558a796c1d72562e2b4628b2595eb8728a017e87033ad99a94,주식회사 대한솔루션
HANSOL,87,거절,기판 제조방법,H10P 52/00,,,1020110075300,20110728,1020130013577,20130206,,,"본 발명은 평탄도가 우수한 웨이퍼를 제작할 수 있을 뿐 아니라, 웨이퍼 제작시 슬러리의 발생량을 감소시키며 생산효율을 증가시킬 수 있는 기판 제조방법에 관한 것이다. 본 발명에 따른 기판 제조방법은 잉곳(ingot)을 웨이퍼 형태로 절단(slicing)하는 단계와, 상기 절단된 웨이퍼의 양면을 랩핑하는 단계와, 상기 웨이퍼의 양면 중 전면을 다이아몬드 휠로 그라인딩(grinding)하는 단계와, 상기 그라인딩 된 웨이퍼의 면을 연마패드로 연마하는(polishing) 단계를 포함한다.",http://plus.kipris.or.kr/openapi/fileToss.jsp?arg=ed43a0609e94d6e22d01c5c32ba711cffe6d686c5f5364e5ff63d1dd43f13a846fe03e7e30a6e3a10ede94ea9499a6e13f3b4972bc562262670b2c4c6b304df76ebbf2562b6b7699,http://plus.kipris.or.kr/openapi/fileToss.jsp?arg=452306798ef1fd03bf8e5ba4e1dbf726931bbaa47d3919ac7b284883597e9c2e38e871e3380ec6aeae6770c03cf7518cf777735eef1e9f19fcbc55491644c333995595ea6d6df50b,한솔테크닉스(주)
HANSOL,88,등록,고정형 국소 배기장치,F24F 13/02|F24F 11/74|F24F 13/08|H10P 10/00|F24F 11/52,1017874630000,20171012,1020170023267,20170222,,,,20171018,"본 발명은 반도체 제조과정에서 발생하는 오염가스를 흡입하여 덕트를 통해 배출하기 위한 배기장치에 관한 것으로서, 구체적으로는 반도체 제조과정에서 발생하는 오염가스를 흡입하여 덕트를 통해 배출하기 위한 배기장치에 있어서, 상기 오염가스를 흡입하도록 입구가 넓게 벌어진 형태의 후드; 상기 후드 상단에 탈착하도록 설치되면서 상하 길이가 조절되는 주름관; 상기 주름관을 커버하여 내부에 수용하면서 상기 주름관의 상하 길이조절에 따라 하부로 출입하도록 하는 수용관; 상기 수용관의 상단에 결합되어 오염가스는 수직방향으로 흐르도록 하는 한편, 일측을 통해 상기 주름관과 결합된 와이어를 풀거나 감으면서 길이를 조절하는 전동부; 상기 전동부의 상단에 설치되면서 외부로부터 유입되는 압축공기를 이용하여 상승하는 오염가스의 흐름을 가속시키기 위한 기류 가속부; 상기 기류 가속부의 상단에 설치되면서 상승하는 기류의 흐름을 개폐하기 위한 개폐부; 및 상기 개폐부의 상단에 설치되면서 상기 덕트와 연결되는 연결관;을 포함하고, 상기 후드와 주름관을 탈착시키는 결합수단은, 상기 후드의 상단에 설치되면서 외면에 걸림홈이 형성된 결합구; 상기 주름관의 하단에 설치되면서 상기 결합구가 끼워지도록 형성된 삽입구; 및 상기 삽입구를 관통하여 결합하되, 중심에 축 설치된 핀을 회전시켜 상기 핀의 단부가 상기 걸림홈으로 출입하도록 형성된 잠금...(이하생략)",http://plus.kipris.or.kr/openapi/fileToss.jsp?arg=ed43a0609e94d6e22d01c5c32ba711cf2674eff003f6eb977ff9ff9851d7075119f14f4da0416c5ce58ee3aaa31b22018a46da34d0b3a5d6c07e5783de5edcc32bbf12adb3369b6a,http://plus.kipris.or.kr/openapi/fileToss.jsp?arg=2ba38663aa11ff0f6ca91af6061a2e00f8643b9638766959792705d69de206100cfe51d87caffa10cba1147c21d5d1008d6d65ddcbf5649078fa28b4003980cb80815ec340067d38,김선혜|(주)한솔이엔지
HANSOL,89,소멸,살균용 발광소자가 구비된 LED 모듈,H10H 20/00|H10H 20/85|A61L 2/08,1010170910000,20110216,1020090060843,20090703,1020110003198,20110111,,20110225,"본 발명은 LED 모듈의 내부에 증식할 수 있는 세균 및 공기 속의 냄새분자, 유해물질을 발생시키는 분자 등을 박멸할 수 있는 살균용 발광소자가 구비된 LED 모듈에 관한 것이다. 본 발명에 따른 살균용 발광소자가 구비된 LED 모듈은 일면이 개방된 수용부를 갖는 케이스; 상기 케이스 내부에 설치되며, 하나 또는 다수의 LED들이 실장되는 인쇄회로기판; 상기 인쇄회로기판상에 실장되며, 외부로부터 전원을 인가받아 일정 파장대의 살균 광을 발산하는 적어도 하나 이상의 살균용 발광소자를 포함하여 이루어진 것을 특징으로 한다. 본 발명의 살균용 발광소자가 구비된 LED 모듈에 따르면, LED 모듈 내부에 증식할 수 있는 세균 및 각종 유해물질을 발생시키는 분자, 냄새분자 등을 박멸하고 세균이 증식할 수 있는 환경을 제공하지 않으므로 인쇄회로기판의 부식 방지와 LED 모듈의 고장 및 수명단축을 방지하고, LED 모듈의 제 기능을 향상시키며, 아울러 깨끗하고 친환경적인 조명장치를 제공하여 제품의 상품성과 신뢰성을 향상시킨다.",http://plus.kipris.or.kr/openapi/fileToss.jsp?arg=ed43a0609e94d6e22d01c5c32ba711cf69d9db948974defc97c04e111402e67a4984d9f49df7e9eefc99e4ec742d301870868cf947317577a81fd4c881cf8e95b347f7151e3216bf,http://plus.kipris.or.kr/openapi/fileToss.jsp?arg=452306798ef1fd03bf8e5ba4e1dbf726dff0e7b5682373393bd8e47bc5499b1ffb26c9f3ac6bbbdf348139abfee2eaf92e3acaad1fde35ee1c29965b0efd67e31eb1a4929c6bd6e9,한솔테크닉스(주)
HANSOL,90,취하,"내플라즈마성 유리, 반도체 제조 공정을 위한 챔버 내부용 부품 및 그들의 제조 방법",C03C 3/095|C03C 3/087|C03C 3/062|C03C 4/00|C03B 11/12|H01J 37/32|H10P 72/00,,,1020220131088,20221013,1020240051434,20240422,,,"본 발명은 내플라즈마성 유리, 반도체 제조 공정을 위한 챔버 내부용 부품 및 그들의 제조방법에 관한 것으로, 구체적으로 내플라즈마성 유리 성분들의 함량을 조절하고, Ge계 산화물을 포함하여 용융 온도를 낮게 구현하고, 열팽창계수를 감소시켜 고온 사용시 열충격에 손상을 방지할 수 있으며, 광투과율 및 내구성을 향상시킬 수 있는 내플라즈마성 유리, 반도체 제조 공정을 위한 챔버 내부용 부품 및 그들의 제조 방법에 관한 것이다.",http://plus.kipris.or.kr/openapi/fileToss.jsp?arg=ed43a0609e94d6e22d01c5c32ba711cf353dadbd91b9390dc460273e346b077aec4b484da19a1f2180ab2e54c37c9ecb1bf290a727fcc195cc2bd55ced66195d8081f8b3e6b8c38b,http://plus.kipris.or.kr/openapi/fileToss.jsp?arg=6c650beb4cee9ce4122b704b88878c93a7bf73403f99bd9217f92d690c3dd26c7f77451c547fcb8d05d602a8cdf65c72ff16fbe5d9e9761c8187dbefdff8b9a28bb592f5e3c23281,한솔아이원스 주식회사
HANSOL,91,거절,자동차용 헤드라이너 기재 및 그 제조 방법,B32B 27/18|B32B 7/12|B60R 13/02|B32B 27/28|B32B 27/12|B32B 37/10|B32B 38/00,,,1020170129777,20171011,1020190040597,20190419,,,"본 발명은 이러한 점을 고려한 것으로, 무기 또는 유기 섬유로 이루어진 섬유상 입자에 열가소성 수지를 포함하게 하여 헤드라이너 기재를 제작하므로, 헤드라이너에서 요구하는 기계적 강도와 더불어 경량화할 수 있게 한 자동차용 헤드라이너 기재 및 그 제조 방법을 제공하는 데 그 목적이 있다. 이때, 본 발명은 열가소성 수지를 포함한 제1 섬유상 입자와 제2 섬유상 입자를 결착하여 중심층을 구성하므로, 이들 섬유상 입자 표면에 코팅부를 형성하여 서로 불규칙하게 결착하게 하므로, 제1 섬유상 입자와 제2 섬유상 사이에 기공을 포함하여 3차원적인 그물 구조인 망목 구조를 형성하여 기계적 강성을 얻을 수 있게 한 자동차용 헤드라이너 기재 및 그 제조 방법을 제공하는 데 다른 목적이 있다.",http://plus.kipris.or.kr/openapi/fileToss.jsp?arg=ed43a0609e94d6e22d01c5c32ba711cf8a90b67c35f42936a4d8b7efcb87d565a92b4bbb43c709da9b86df74a799516f7365b575c82b4d7dea100b6ef8fead60ab72c4ab2814a7d1,http://plus.kipris.or.kr/openapi/fileToss.jsp?arg=2ba38663aa11ff0f6ca91af6061a2e006f7ebbb896d99d6db3fdac42d480733fa86ec0cfd83e182b502569d30d10519c4cd211ef4eb4d7c23518d43c6a8423909dbcb5bcb29a44bf,주식회사 대한솔루션|(주)엘엑스하우시스
HANSOL,92,소멸,기판 적층 구조물과 이의 제조방법,B32B 37/10|H10W 20/00|B32B 38/04|B32B 27/40|B32B 37/12|G06F 3/041|B32B 38/00,1020166120000,20190826,1020170177364,20171221,1020190075625,20190701,,20190830,"본 발명은 기판 적층 구조물과 이의 제조방법을 개시한 것으로, 이러한 본 발명은 기판의 적층 구조물로 구성시, 그 기판의 적층 구조물에서 회로부와 단자부를 하나의 제조공정을 통해 일체로 구성한 것이며, 이에따라 이방성 전도성 접착필름(ACF)을 통한 회로부와 단자부 연결 공정은 물론, 단자부에 대한 FPCB 제조공정을 없애면서 제조공정을 단순화하고, 제조 비용을 절감하면서도 기판 두께를 슬림화시킨 것이다.",http://plus.kipris.or.kr/openapi/fileToss.jsp?arg=ed43a0609e94d6e22d01c5c32ba711cfa7c65927e879da0a2b29899449f3d0d61f803ddaaf11ea864085693a68c8142773405309f97cc391ccc4c502a2509a669fe482d2303d544f,http://plus.kipris.or.kr/openapi/fileToss.jsp?arg=2ba38663aa11ff0f6ca91af6061a2e00cac00c2345e4ed821dde58a1e28df58664f88ed894ae895a3e18e543fc393dac8a40f6eb109ad3e06765df8dc384ddedd88cc52730ba3ee4,한솔테크닉스(주)
HANSOL,93,취하,"내플라즈마성 유리, 반도체 제조 공정을 위한 챔버 내부용 부품 및 그들의 제조 방법",C03C 3/087|C03C 3/062|C03C 4/00|C03B 11/12|H01J 37/32|H10P 72/00,,,1020220131086,20221013,1020240051433,20240422,,,"본 발명은 내플라즈마성 유리, 반도체 제조 공정을 위한 챔버 내부용 부품 및 그들의 제조방법에 관한 것으로, 구체적으로 내플라즈마성 유리 성분들의 함량을 조절하여 용융 온도를 낮게 구현하고, 열팽창계수를 감소시켜 고온 사용시 열충격에 손상을 방지할 수 있으며, 광투과율 및 내구성을 향상시키고, 적절한 유전 상수를 갖는 내플라즈마성 유리, 반도체 제조 공정을 위한 챔버 내부용 부품 및 그들의 제조 방법에 관한 것이다.",http://plus.kipris.or.kr/openapi/fileToss.jsp?arg=ed43a0609e94d6e22d01c5c32ba711cf353dadbd91b9390dc460273e346b077aec4b484da19a1f2180ab2e54c37c9ecb11a9e7e183a837f9d685fc870d3deee8f5d13576e14a629f,http://plus.kipris.or.kr/openapi/fileToss.jsp?arg=6c650beb4cee9ce4122b704b88878c93a7bf73403f99bd9217f92d690c3dd26c7f77451c547fcb8d05d602a8cdf65c728d34712f8c85bd83d6268a53d1d5c792766f2ee21c333b45,한솔아이원스 주식회사
HANSOL,94,등록,플로라이드화 옥사이드 박막의 형성 방법 및 이에 따른 플로라이드화 옥사이드 박막,H10P 10/00|H10P 95/90,1020623970000,20191227,1020170065283,20170526,1020180129365,20181205,,20200103,"본 발명의 일 실시예는 플로라이드화 옥사이드 박막의 형성 방법 및 이에 따른 플로라이드화 옥사이드 박막에 관한 것으로, 해결하고자 하는 기술적 과제는 내부에 기공이 없거나 극히 작고 또한 나노 구조를 가져 광 투과율이 높을 뿐만 아니라 경도 및 접합 강도가 높아 표시 장치의 투명 윈도우를 보호할 수 있는 플로라이드화 옥사이드 박막의 형성 방법 및 이에 따른 플로라이드화 옥사이드 박막을 제공하는데 있다. 이를 위해 본 발명의 일 실시예에 따른 플로라이드화 옥사이드 박막의 형성 방법은 0.1 ㎛ 내지 3 ㎛의 입경 범위에 제1피크를 갖고, 100 ㎛ 내지 3000 ㎛의 입경 범위에서 제2피크를 갖는 전처리 전 YOF 분말(yttrium oxyfluoride powder)을 제공하는 단계; 전처리 공정을 통하여 0.1 ㎛ 내지 3 ㎛의 입경 범위에서 제1피크를 갖고, 3 ㎛ 내지 12 ㎛의 입경 범위에서 제2피크를 갖는 전처리 후 YOF 분말을 제공하는 단계; 이송 가스 공급부로부터 이송 가스를 공급받고, 분말 공급부로부터 상기 전처리 후 YOF 분말을 공급받아, 상기 전처리 후 YOF 분말을 에어로졸 상태로 이송하는 단계; 및 상기 에어로졸 상태로 이송된 상기 전처리 후 YOF 분말을 공정 챔버 내의 기재에 충돌 및 파쇄(분사)시켜, 상기 기재에 플로라이드화 옥사이드 박막을 형성하는 단계를 포함한다.",http://plus.kipris.or.kr/openapi/fileToss.jsp?arg=ed43a0609e94d6e22d01c5c32ba711cffd52fd7f1d82f05eecf4019d5b5dbda6153367b617ed799b1cac7d8b56e757dd0b41871e20a48b85ed4a0b21a97368d52874e15705546a00,http://plus.kipris.or.kr/openapi/fileToss.jsp?arg=2ba38663aa11ff0f6ca91af6061a2e0046810ad903b4811d8b8b913193129a39f94f17122875310695534bd809b98919081f5494647084aa70549df19d32b16f8f42a6d88ba6982e,한솔아이원스 주식회사
HANSOL,95,등록,균일한 두께의 구조물 형성 장치 및 그 방법,H10P 72/00|H10P 10/00,1027129590000,20240927,1020190099873,20190814,1020200026054,20200310,,20241004,본 발명의 실시예는 균일한 두께의 구조물 형성 장치 및 그 방법에 관한 것이다. 이를 위해 본 발명은 기재가 안착되는 안착 테이블; 상기 기재 상에 구조물을 에어로졸 디포지션 방식으로 형성하는 노즐을 이동 및 회전시키는 노즐 이송부; 상기 기재 상의 구조물이 형성될 표면의 법선 방향에 대하여 상기 노즐의 분사 각도를 센싱하는 노즐 분사 각도 센서; 및 상기 노즐 분사 각도 센서로부터 얻은 상기 노즐의 분사 각도가 0° 내지 40°가 되도록 상기 노즐의 분사 각도를 제어하는 제어부를 포함하는 균일한 두께의 구조물 형성 장치 및 그 방법을 개시한다.,http://plus.kipris.or.kr/openapi/fileToss.jsp?arg=ed43a0609e94d6e22d01c5c32ba711cfb3042b78c92272b7f4a431bd616a44c45cf2f15baa36687bfdec2b4a9a4615d9dba4d858ca95d295cfba0365575732b3c5b244ffefb27695,http://plus.kipris.or.kr/openapi/fileToss.jsp?arg=6c650beb4cee9ce4122b704b88878c93f6fbeec53361eb7e4ac8b2bde294b9bcb042232a38b838b90412b294ccecd796368712d88a5f9da05f86eae797bbac6cc2f6971931a5e193,한솔아이원스 주식회사
HANSOL,96,등록,반도체 설비용 이중배관 센터지지 구조물,H10P 72/00|F16L 7/02|F16L 55/168,1027070640000,20240910,1020220139461,20221026,1020240058579,20240503,,20240913,"본 발명은 외관과 내관의 이중구조배관에서 내고나이 외관 내에서 센터를 유지하되 해당 내관의 파손이 발생시에 유체가 외부로 유출되지 않고 탱크내부로 안전하게 재유입될 수 있도록 안내할 수 있는 반도체 설비용 이중배관 센터지지 구조물에 관한 것으로, 더욱 상세하게는 반도체 생산설비에 사용되되 외관과 외관 내측에 관통 삽입되는 내관을 포함하는 이중배관의 센터지지 구조물에 있어서, 상기 구조물은 내관 외부에 길이방향으로 서로 이웃하게 다수 구비되되 외관 내면과 내관 외면 간의 간격을 유지하는 이너소켓과, 서로 마주보는 한 쌍의 상기 이너소켓을 지지하는 이너지지브라켓과, 내측으로 내관이 관통 삽입되게 외관과 끼움 결합하는 마감소켓과, 상기 마감소켓과 결합하되 내측으로 내관이 관통 삽입되며, 내관이 파손시에 내용물이 외부로 방출되지 않게 탱크에 유입될 수 있도록 안내하는 비산방지소켓 및 상기 비상방지소켓에 지지되게 상기 마감소켓 내측에 형상맞춤으로 결합하되 외관 내부에서 내관의 센터가 유지될 수 있도록 가이드하는 센터라이징소켓을 포함하는 것을 특징으로 한다.",http://plus.kipris.or.kr/openapi/fileToss.jsp?arg=ed43a0609e94d6e22d01c5c32ba711cf79a33a33ce0bc1f8b376351a9037e05dc25774d2f59bdc775a6b09cea6174610a0ac3f0f1dabaaad7d9c1f3016b9cfd212cd3473d69b255e,http://plus.kipris.or.kr/openapi/fileToss.jsp?arg=6c650beb4cee9ce4122b704b88878c93aa29320620c84c0e4a652f451a54ef1fe9b6a8aeff959bc55883b4d76a173c6ed5fbee5d404c690d7f79c9b56f5d16e9ff04cb1b9b30246f,주식회사 한솔세미텍
HANSOL,97,소멸,슬러지 건조장치 및 건조 방법,C02F 11/12|C02F 11/13|C02F 1/04|F26B 21/20|F26B 25/22|C02F 11/121|F26B 17/28|F26B 25/04,1005674090000,20060328,1020040031836,20040506,1020050106799,20051111,,20060404,"본 발명은 슬러지 건조장치 및 건조 방법에 관한 것으로, 유입된 슬러지가 디스크를 통해 이송되면서 회전축과 디스크 내부에서 순환되는 스팀에 의해 건조되고 건조된 슬러지의 일부가 재순환되어 투입되는 슬러지와 함께 디스크를 따라 원활히 이송되는 일련의 과정으로 슬러지의 고착현상을 감소시키면서 회전축이 원활히 회전할 수 있게 하는데, 그 목적이 있다. 이를 위해 본 발명에서는 함수율 약 80%정도의 탈수된 슬러지와 건조된 슬러지가 혼합되어 투입되도록 혼합건조드럼의 상부 일측에 슬러지투입구가 형성되고, 상기 혼합건조드럼의 내부 중심에 스팀이 순환되어 슬러지를 간접가열시키면서 건조시키도록 형성된 회전축의 주연에 슬러지를 회전이송시키는 원형의 디스크가 일정하게 형성되며, 상기 회전축은 상기 혼합건조드럼 외부의 구동모터에 회전가능하도록 연결되고, 건조된 함수율 약 10%의 슬러지 일부가 재순환되도록 재순환관은 일단이 상기 혼합건조드럼의 하부 일측에 연통되면서 타단이 상기 투입구의 일측에 연통되며, 상기 재순환관의 일측에는 건조된 슬러지 일부가 외부로 배출되도록 슬러지배출관이 상기 재순환관에 분기되어 형성된 것을 특징으로 하는 슬러지 건조장치가 제공된다.",http://plus.kipris.or.kr/openapi/fileToss.jsp?arg=ed43a0609e94d6e2d625a3dcb0746fe4598c4c077876d4f9cb205658bb2df089483b0965d294ea6cfe1cfb2a0d67e0b9,http://plus.kipris.or.kr/openapi/fileToss.jsp?arg=452306798ef1fd035bfb5ff666db4c9ccf2ab65a398793484a739a4e643df7dac3bfc2b1d0577fc85e0c434f9283b1fe,한솔이엠이(주)|한솔홀딩스 주식회사
HANSOL,99,거절,기판 표면 세정 장치,H10P 72/00,,,1020170159917,20171128,1020190061481,20190605,,,"본 발명은 기판 세정 시 기판과 브러시 사이 간격을 조정하는 과정을 간소화 하면서도, 동시에 효율적으로 기판을 세정할 수 있도록 구조가 개선된 기판 표면 세정 장치에 관한 것이다. 본 발명에 따른 기판 표면 세정 장치는 기판이 지지되며, 회전 가능하게 설치되는 기판고정척과, 상기 기판고정척의 상부에 설치되며, 이동 및 회전가능하게 설치되는 샤프트와, 상기 샤프트에 결합되며, 상기 기판의 상면에 접촉되어 상기 기판의 상면을 세정하는 브러시와, 상기 샤프트에 설치되며, 상기 브러시가 상기 기판의 상면에 밀착되도록 상기 브러시를 상기 기판으로 탄성바이어스하는 탄성부재를 포함하는 것을 특징으로 한다.",http://plus.kipris.or.kr/openapi/fileToss.jsp?arg=ed43a0609e94d6e22d01c5c32ba711cf12ae3924dc1c43e324b0b2d416d4231f31dd6dd6644a72c38004669d2ed01067895d7b952847777728075fc6cde51eff94daaa54db2ffa2c,http://plus.kipris.or.kr/openapi/fileToss.jsp?arg=2ba38663aa11ff0f6ca91af6061a2e008722a6b5c4a35721494c6de52585596f14ae92660f8e931edbf42effb4fe64a7b75e34297ddf4ce9b9e55bb838f5456c416277549a663e96,한솔테크닉스(주)
HANSOL,100,소멸,웨이퍼 그라인딩 장치,H10P 52/00|B24D 7/18,1014596070000,20141103,1020130019890,20130225,1020140105993,20140903,,20141107,"본 발명은 웨이퍼 표면의 스크래치 및 깨짐 현상이 방지되도록 구조가 개선된 웨이퍼 그라인딩 장치에 관한 것이다. 본 발명에 따른 웨이퍼 그라인딩 장치는 회전 가능하게 설치되며, 상면에 웨이퍼가 배치되는 척 테이블과, 상기 척 테이블의 상방에 회전 가능하게 설치되는 스핀들과, 상기 스핀들의 하단에 결합되며, 상기 웨이퍼를 그라인딩하는 그라인딩 휠을 포함하며, 상기 그라인딩 휠은, 상기 스핀들의 하단에 결합되는 휠본체와, 상기 휠본체에 원주 방향을 따라 복수로 결합되며 상기 웨이퍼에 접촉되어 상기 웨이퍼를 그라인딩하는 그라인딩 팁을 포함하며, 상기 그라인딩 팁의 하단부는 상측에서 하측으로 갈수록 두께가 감소되도록 형성되는 것을 특징으로 한다.",http://plus.kipris.or.kr/openapi/fileToss.jsp?arg=ed43a0609e94d6e22d01c5c32ba711cf5177166975384dfccfa174ef878ab077a8a88cff2861713c477ca3f15873652b87c11096eb2cdd1bc775e649f2ffee986e5f0c30c9b81719,http://plus.kipris.or.kr/openapi/fileToss.jsp?arg=2ba38663aa11ff0f6ca91af6061a2e00e9afc4e94d19d56cec957e3f958bddcfb418c89ab688fc535ae3c1d7a321f6964d0c12fbae54a8dda3271d4be272a6399ba1a7e2287549ba,한솔테크닉스(주)
