date,open,high,low,close,volume,market_cap,return,market_return,abnormal_return,mdd,ma20,ma60,ma20_ratio,ma60_ratio,vix,vkospi,eps,psr,car_3,car_5,inst_net_buy,foreign_net_buy,foreign_holding_shares,foreign_holding_pct
2023-08-21,43100.0,44050.0,42000.0,43450.0,493279,504038249000.0,0.03699284009546533,0.001716929058943828,0.0352759110365215,-0.14970645792563617,43900.0,37074.166666666664,0.989749430523918,1.1719750949672953,17.1299991607666,16.03,740.1732702781451,146.2460746456743,0.1465952630856161,0.09496463776277286,35038.0,4678.0,79193.0,0.69
2023-08-22,45450.0,45550.0,42100.0,42200.0,500330,489537724000.0,-0.028768699654775576,0.0027662393459739754,-0.03153493900074955,-0.17416829745596882,43595.0,37301.666666666664,0.9680009175364147,1.1313167418792727,16.969999313354492,15.33,740.1732702781451,146.2460746456743,0.05472042354154483,0.09580488385841057,270.0,-49608.0,29561.0,0.26
2023-08-23,42800.0,44950.0,42300.0,42950.0,603636,498238039000.0,0.017772511848341166,-0.0040703690660103264,0.021842880914351492,-0.15949119373776927,43372.5,37538.333333333336,0.9902588045420485,1.144163743728633,15.979999542236328,14.97,740.1732702781451,146.2460746456743,0.025583852950123442,0.13690320499921804,-14794.0,-1378.0,28124.0,0.24
2023-08-24,45700.0,47750.0,43050.0,43850.0,1457889,508678417000.0,0.020954598370197974,0.012843716479993939,0.008110881890204036,-0.1418786692759297,43282.5,37767.5,1.0131115346849189,1.161051168332561,17.200000762939453,13.94,740.1732702781451,146.2460746456743,-0.001581176196194023,0.08467418634610036,19984.0,-21913.0,5809.0,0.05
2023-08-25,42300.0,42750.0,40700.0,40700.0,329935,472137094000.0,-0.07183580387685295,-0.0073059012806685475,-0.06452990259618441,-0.2035225048923681,42762.5,37944.166666666664,0.9517684887459807,1.0726286429622471,15.680000305175781,14.86,740.1732702781451,146.2460746456743,-0.03457613979162888,-0.03083516775585693,-46176.0,-3314.0,2172.0,0.02
2023-08-28,40700.0,41450.0,39600.0,40050.0,244838,464596821000.0,-0.01597051597051602,0.009634248420563818,-0.025604764391079837,-0.21624266144814114,42280.0,38114.166666666664,0.9472563859981078,1.0507903885257013,15.079999923706055,14.18,740.1732702781451,146.2460746456743,-0.08202378509706021,-0.09171584318345827,-44783.0,10027.0,11885.0,0.1
2023-08-29,40550.0,43700.0,40100.0,43350.0,395847,502878207000.0,0.08239700374531833,0.0034402633874863753,0.07895674035783196,-0.15166340508806295,41992.5,38345.0,1.032327201285944,1.1305254922414918,14.449999809265137,13.49,740.1732702781451,146.2460746456743,-0.011177926629432289,0.01877583617512324,11719.0,27881.0,38980.0,0.34
2023-08-30,43450.0,44450.0,42650.0,43400.0,396612,503458228000.0,0.0011534025374855261,0.003549957254152636,-0.0023965547166671097,-0.1506849315068496,41637.5,38588.333333333336,1.042329630741519,1.1246922645013604,13.880000114440918,13.05,740.1732702781451,146.2460746456743,0.05095542125008501,-0.005463599455895363,-1609.0,-10805.0,27101.0,0.24
2023-08-31,43200.0,44550.0,42950.0,44550.0,303751,516798711000.0,0.026497695852534475,-0.0019326536683672568,0.028430349520901732,-0.1281800391389436,41592.5,38856.666666666664,1.0711065696940554,1.1465214034485718,13.569999694824219,12.78,740.1732702781451,146.2460746456743,0.10499053516206658,0.014855868174802334,-4248.0,41410.0,68358.0,0.6
2023-09-01,45200.0,49650.0,44350.0,47950.0,2286775,556240139000.0,0.07631874298540975,0.00291046773204906,0.07340827525336069,-0.06164383561643862,41857.5,39170.0,1.1455533655856178,1.2241511360735255,13.09000015258789,12.53,740.1732702781451,146.2460746456743,0.09944207005759531,0.15279404602434743,3830.0,-20525.0,49212.0,0.43
2023-09-04,48450.0,48750.0,45900.0,48250.0,696378,559720265000.0,0.006256517205422307,0.008128878932546657,-0.0018723617271243498,-0.05577299412915882,42187.5,39480.833333333336,1.1437037037037037,1.2221119952719672,13.09000015258789,12.49,740.1732702781451,146.2460746456743,0.09996626304713807,0.17652644868830292,3102.0,-8658.0,39988.0,0.35
2023-09-05,47550.0,48500.0,46400.0,47650.0,433021,552760013000.0,-0.012435233160621784,-0.0009170328075382983,-0.011518200353083485,-0.06751467710371856,42570.0,39766.666666666664,1.11933286351891,1.1982397317686506,14.010000228881836,12.42,740.1732702781451,146.2460746456743,0.060017713173152853,0.08605150797738748,3710.0,-9137.0,30151.0,0.26
2023-09-06,47500.0,49100.0,46050.0,46500.0,620768,539419530000.0,-0.02413431269674715,-0.007296100290745344,-0.016838212406001807,-0.0900195694716247,42935.0,40025.833333333336,1.0830324909747293,1.161749703316608,14.449999809265137,12.46,740.1732702781451,146.2460746456743,-0.030228774486209642,0.07160985028805278,-3305.0,319.0,31589.0,0.27
2023-09-07,45500.0,48750.0,45300.0,47700.0,570396,553340034000.0,0.02580645161290329,-0.005882979865309057,0.03168943147821235,-0.06653620352250524,43180.0,40304.166666666664,1.1046780917091246,1.183500465212447,14.399999618530273,12.69,740.1732702781451,146.2460746456743,0.0033330187191270566,0.0748689322453634,33296.0,18999.0,50750.0,0.44
2023-09-08,47800.0,48050.0,45800.0,46700.0,307933,541739614000.0,-0.02096436058700213,-0.00022763694551453106,-0.020736723641487598,-0.08610567514677141,43475.0,40564.166666666664,1.0741805635422657,1.1512624031883643,13.84000015258789,12.4,740.1732702781451,146.2460746456743,-0.005885504569277056,-0.01927606664948489,-4173.0,-20168.0,29687.0,0.26
2023-09-11,47150.0,47150.0,45500.0,46050.0,286188,534199341000.0,-0.013918629550321193,0.0036111094873485516,-0.017529739037669745,-0.09882583170254433,43727.5,40814.166666666664,1.0531130295580584,1.128284705065643,13.800000190734863,12.42,740.1732702781451,146.2460746456743,-0.006577031200944994,-0.034933443960030286,-22672.0,1006.0,30803.0,0.27
2023-09-12,47250.0,51600.0,42550.0,44850.0,3277991,520278837000.0,-0.026058631921824116,-0.007939287576219978,-0.018119344345604138,-0.12230919765166368,44002.5,41063.333333333336,1.0192602693028805,1.0922152772140594,14.229999542236328,12.4,740.1732702781451,146.2460746456743,-0.05638580702476148,-0.04153458795255094,31584.0,22927.0,51135.0,0.45
2023-09-13,45200.0,47450.0,42500.0,42950.0,988543,498238039000.0,-0.0423634336677815,-0.0007412054400879331,-0.04162222822769357,-0.15949119373776938,44255.0,41276.666666666664,0.9705118065755282,1.0405394492449327,13.479999542236328,12.64,740.1732702781451,146.2460746456743,-0.07727131161096745,-0.0663186037742427,6483.0,-14526.0,35926.0,0.31
2023-09-14,43350.0,46350.0,43200.0,46350.0,846715,537679467000.0,0.07916181606519213,0.015066848992755011,0.06409496707243711,-0.09295499021526453,44567.5,41567.5,1.0399955124249733,1.115053828110904,12.819999694824219,12.02,740.1732702781451,146.2460746456743,0.004353394499139407,-0.033913068180017936,73955.0,119724.0,157837.0,1.37
2023-09-15,48800.0,48800.0,43500.0,43600.0,1082638,505778312000.0,-0.0593311758360302,0.011034338002821498,-0.0703655138388517,-0.14677103718199647,44652.5,41822.5,0.9764290913162756,1.0425010460876323,13.789999961853027,11.73,740.1732702781451,146.2460746456743,-0.047892774994108156,-0.08354185837738204,-46973.0,-128614.0,28996.0,0.25
2023-09-18,42600.0,42650.0,40700.0,40850.0,422992,473877157000.0,-0.06307339449541283,-0.01021038038758526,-0.052863014107827566,-0.2005870841487284,44522.5,42031.666666666664,0.9175136167106519,0.9718862762203101,14.0,12.85,740.1732702781451,146.2460746456743,-0.05913356087424215,-0.11887513344753986,-41011.0,-3413.0,25795.0,0.22
2023-09-19,41000.0,41150.0,38500.0,38550.0,428227,447196191000.0,-0.05630354957160344,-0.006023959864415618,-0.05027958970718782,-0.24559686888454055,44340.0,42169.166666666664,0.8694181326116374,0.9141750489101437,14.109999656677246,12.95,740.1732702781451,146.2460746456743,-0.1735081176538671,-0.15103537880912354,-15010.0,874.0,26504.0,0.23
2023-09-20,38700.0,39150.0,37850.0,38150.0,193773,442556023000.0,-0.01037613488975353,0.00020710660905720601,-0.010583241498810736,-0.253424657534247,44100.0,42293.333333333336,0.8650793650793651,0.9020334174022698,15.140000343322754,13.03,740.1732702781451,146.2460746456743,-0.11372584531382612,-0.11999639208024071,-15739.0,5754.0,32162.0,0.28
2023-09-21,37100.0,37450.0,36150.0,36250.0,238327,420515225000.0,-0.04980340760157276,-0.01749006528086894,-0.03231334232070382,-0.2906066536203527,43720.0,42377.5,0.8291399817017383,0.8554067606630877,17.540000915527344,13.96,740.1732702781451,146.2460746456743,-0.09317617352670238,-0.21640470147338164,-5756.0,10769.0,42739.0,0.37
2023-09-22,35250.0,36700.0,35200.0,36300.0,185343,421095246000.0,0.0013793103448276334,-0.0027197493291392094,0.004099059673966843,-0.28962818003913937,43500.0,42461.666666666664,0.8344827586206897,0.8548887231620678,17.200000762939453,14.18,740.1732702781451,146.2460746456743,-0.03879752414554771,-0.1419401279605631,-9046.0,-3067.0,39666.0,0.35
2023-09-25,36250.0,36650.0,35550.0,35850.0,118327,415875057000.0,-0.012396694214875992,-0.0049319108757653884,-0.007464783339110603,-0.29843444227005916,43290.0,42535.833333333336,0.8281358281358281,0.8428187998354328,16.899999618530273,14.1,740.1732702781451,146.2460746456743,-0.03567906598584758,-0.09654189719184614,2344.0,13795.0,54102.0,0.47
2023-09-26,36350.0,36750.0,35650.0,36100.0,138798,418775162000.0,0.0069735006973501434,-0.013138298127302384,0.020111798824652527,-0.29354207436399254,42927.5,42589.166666666664,0.8409527692038903,0.8476333965992917,18.940000534057617,14.74,740.1732702781451,146.2460746456743,0.016746075159508766,-0.02615050866000579,5022.0,-9329.0,43827.0,0.38
2023-09-27,36750.0,37350.0,36000.0,37200.0,174775,431535624000.0,0.030470914127423754,0.0008526688027992169,0.029618245324624537,-0.27201565557729984,42617.5,42651.666666666664,0.8728808588021353,0.8721816263530148,18.219999313354492,15.08,740.1732702781451,146.2460746456743,0.04226526081016646,0.014050978163429484,14778.0,-3456.0,41059.0,0.36
2023-10-04,36400.0,37450.0,35850.0,36350.0,149747,421675267000.0,-0.022849462365591378,-0.024088616269088647,0.0012391539034972698,-0.28864970645792604,42207.5,42612.5,0.8612213469170171,0.853036080962159,18.579999923706055,18.09,740.1732702781451,146.2460746456743,0.050969198052774334,0.04760347438763057,-7151.0,-6690.0,33637.0,0.29
2023-10-05,37000.0,37200.0,34550.0,34550.0,140315,400794511000.0,-0.04951856946354882,-0.0008687086868636174,-0.048649860776685205,-0.3238747553816051,41537.5,42561.666666666664,0.8317785133915137,0.8117633238046756,18.489999771118164,17.34,740.1732702781451,146.2460746456743,-0.0177924615485634,-0.005145446063021475,-2971.0,4460.0,37973.0,0.33
2023-10-06,34050.0,36100.0,34000.0,35900.0,160557,416455078000.0,0.0390738060781477,0.002134249710466385,0.036939556367681314,-0.29745596868884583,40920.0,42535.0,0.8773216031280547,0.8440108146232514,17.450000762939453,17.39,740.1732702781451,146.2460746456743,-0.010471150505506621,0.03925889364377044,30203.0,335.0,38282.0,0.33
2023-10-10,36100.0,36350.0,33150.0,34050.0,159621,394994301000.0,-0.05153203342618384,-0.0025531721669164176,-0.048978861259267426,-0.3336594911937382,40240.0,42542.5,0.8461729622266402,0.8003760944937416,17.030000686645508,17.56,740.1732702781451,146.2460746456743,-0.06068916566827132,-0.02983176644014951,4357.0,2957.0,40105.0,0.35
2023-10-11,34600.0,36200.0,34550.0,35700.0,136667,414134994000.0,0.048458149779735615,0.019770412829307027,0.02868773695042859,-0.3013698630136991,39700.0,42555.833333333336,0.8992443324937027,0.838897918420898,16.09000015258789,16.74,740.1732702781451,146.2460746456743,0.016648432058842477,-0.03076227481434546,-314.0,20592.0,60688.0,0.53
2023-10-12,36700.0,37000.0,36200.0,36450.0,117428,422835309000.0,0.021008403361344463,0.012138374782074246,0.008870028579270217,-0.28669275929549953,39137.5,42545.0,0.9313318428617056,0.8567399224350688,16.690000534057617,15.7,740.1732702781451,146.2460746456743,-0.01142109572956862,-0.02313140013857251,2819.0,-2781.0,59679.0,0.52
2023-10-13,36350.0,37650.0,35800.0,37050.0,171568,429795561000.0,0.016460905349794164,-0.009545114307944469,0.026006019657738633,-0.27495107632093996,38655.0,42497.5,0.9584788513775708,0.8718159891758339,19.31999969482422,15.95,740.1732702781451,146.2460746456743,0.06356378518743744,0.05152448029585133,4468.0,-17974.0,41525.0,0.36
2023-10-16,36500.0,36500.0,35100.0,36250.0,95125,420515225000.0,-0.021592442645074206,-0.00810614697839751,-0.013486295666676695,-0.2906066536203528,38165.0,42425.0,0.9498231363815014,0.854449027695934,17.209999084472656,17.07,740.1732702781451,146.2460746456743,0.021389752570332154,0.0010986282614933174,-398.0,-12409.0,28036.0,0.24
2023-10-17,36750.0,38000.0,36500.0,37700.0,162906,437335834000.0,0.040000000000000036,0.009822485361272948,0.030177514638727088,-0.2622309197651669,37807.5,42295.0,0.9971566488130662,0.8913583165858848,17.8799991607666,16.18,740.1732702781451,146.2460746456743,0.042697238629789025,0.08025500415948783,8479.0,22931.0,51689.0,0.45
2023-10-18,37000.0,37750.0,36000.0,37700.0,130761,437335834000.0,0.0,0.0009878081020509022,-0.0009878081020509022,-0.2622309197651669,37545.0,42180.833333333336,1.0041283792781994,0.8937708674951103,19.219999313354492,16.0,740.1732702781451,146.2460746456743,0.01570341086999949,0.05057945910700834,11011.0,-14045.0,37943.0,0.33
2023-10-19,36900.0,37200.0,35300.0,35350.0,144295,410074847000.0,-0.06233421750663126,-0.019004323467974538,-0.043329894038656724,-0.30821917808219224,36995.0,42013.333333333336,0.9555345316934721,0.8413995556966042,21.399999618530273,18.23,740.1732702781451,146.2460746456743,-0.014140187501980539,-0.0016204635109186016,-13638.0,-16208.0,22067.0,0.19
2023-10-20,34650.0,35700.0,33000.0,35000.0,154556,406014700000.0,-0.00990099009900991,-0.016888835169912575,0.006987845070902665,-0.31506849315068536,36565.0,41805.833333333336,0.9571995077259674,0.8372037395100365,21.709999084472656,19.53,740.1732702781451,146.2460746456743,-0.03732985706980496,-0.02063863809775457,780.0,4658.0,26511.0,0.23
2023-10-23,34500.0,35300.0,34000.0,34000.0,60026,394414280000.0,-0.02857142857142858,-0.007570518092105294,-0.021000910479323287,-0.3346379647749515,36222.5,41548.333333333336,0.9386431085651183,0.8183240402743792,20.3700008392334,19.65,740.1732702781451,146.2460746456743,-0.057342959447077346,-0.02815325291040116,752.0,-4413.0,22093.0,0.19
2023-10-24,34600.0,36400.0,33800.0,36400.0,140270,422255288000.0,0.07058823529411762,0.011238763360034154,0.059349471934083464,-0.28767123287671287,36115.0,41350.0,1.0078914578430016,0.8802902055622733,18.969999313354492,18.82,740.1732702781451,146.2460746456743,0.04533640652566284,0.0010187043849552158,4570.0,36019.0,58161.0,0.51
2023-10-25,36950.0,37600.0,35750.0,36250.0,202528,420515225000.0,-0.004120879120879106,-0.008533670010735572,0.004412790889856466,-0.2906066536203528,36020.0,41164.166666666664,1.0063853414769572,0.8806202805838412,20.190000534057617,18.56,740.1732702781451,146.2460746456743,0.04276135234461664,0.006419303376862584,-16054.0,-16454.0,41798.0,0.36
2023-10-26,34500.0,35200.0,34000.0,34100.0,119135,395574322000.0,-0.05931034482758624,-0.027120285831646607,-0.03219005899593963,-0.332681017612525,35912.5,40971.666666666664,0.9495301079011487,0.832282471626734,20.68000030517578,21.14,740.1732702781451,146.2460746456743,0.0315722038280003,0.01755913841957968,-3796.0,-10169.0,31721.0,0.28
2023-10-27,34300.0,34850.0,32400.0,32950.0,111645,382233839000.0,-0.03372434017595305,0.0016223795352929837,-0.03534671971124603,-0.35518590998043104,35745.0,40669.166666666664,0.9218072457686389,0.8101960945023872,21.270000457763672,20.02,740.1732702781451,146.2460746456743,-0.0631239878173292,-0.02477542636256902,650.0,-4301.0,27545.0,0.24
2023-10-30,32200.0,33550.0,32200.0,32950.0,73860,382233839000.0,0.0,0.0033611066642211807,-0.0033611066642211807,-0.35518590998043104,35600.0,40390.0,0.925561797752809,0.8157959891062144,19.75,20.03,740.1732702781451,146.2460746456743,-0.07089788537140684,-0.007135622547466913,570.0,8614.0,36435.0,0.32
2023-10-31,33500.0,33900.0,31700.0,31800.0,93237,368893356000.0,-0.03490136570561453,-0.014091907946449322,-0.020809457759165206,-0.377690802348337,35385.0,40101.666666666664,0.8986858838490887,0.7929844977349237,18.139999389648438,19.89,740.1732702781451,146.2460746456743,-0.05951728413463242,-0.08729455224071558,786.0,470.0,36905.0,0.32
2023-11-01,32100.0,32700.0,31550.0,31550.0,102464,365993251000.0,-0.00786163522012584,0.010346870908308992,-0.01820850612843483,-0.38258317025440364,35102.5,39785.833333333336,0.8987963820240723,0.7929958318496952,16.8700008392334,18.79,740.1732702781451,146.2460746456743,-0.04237907055182122,-0.10991584925900688,-16721.0,2616.0,39517.0,0.34
2023-11-02,32600.0,34700.0,32550.0,34700.0,218091,402534574000.0,0.09984152139461178,0.018057342643990504,0.08178417875062127,-0.32093933463796526,35020.0,39606.666666666664,0.9908623643632211,0.8761151321326377,15.65999984741211,17.49,740.1732702781451,146.2460746456743,0.042766214863021235,0.004058388487554021,7825.0,80470.0,119740.0,1.04
2023-11-03,35250.0,35650.0,34800.0,35250.0,114484,408914805000.0,0.015850144092218965,0.01076341350071175,0.005086730591507216,-0.310176125244619,35055.0,39483.333333333336,1.0055626872058194,0.892781764457577,14.90999984741211,16.7,740.1732702781451,146.2460746456743,0.06866240321369366,0.04449183879030727,6878.0,5211.0,124698.0,1.09
2023-11-06,36100.0,37000.0,35050.0,36800.0,175026,426895456000.0,0.04397163120567371,0.05659239143152339,-0.012620760225849681,-0.2798434442270065,35100.0,39402.5,1.0484330484330484,0.9339508914408984,14.890000343322754,18.65,740.1732702781451,146.2460746456743,0.07425014911627881,0.03523218522867877,14468.0,5654.0,130538.0,1.14
2023-11-07,37150.0,39000.0,36800.0,38300.0,391295,444296086000.0,0.040760869565217295,-0.02334193325312295,0.06410280281834024,-0.2504892367906074,35312.5,39374.166666666664,1.0846017699115045,0.9727189993439015,14.8100004196167,18.23,740.1732702781451,146.2460746456743,0.05656877318399778,0.12014444580618422,10649.0,-28215.0,102542.0,0.89
2023-11-08,38950.0,38950.0,37200.0,37500.0,196139,435015750000.0,-0.02088772845953002,-0.00914083868273785,-0.011746889776792169,-0.2661448140900203,35402.5,39345.833333333336,1.059247228303086,0.9530869427088848,14.449999809265137,17.56,740.1732702781451,146.2460746456743,0.039735152815698394,0.12660606215782688,11242.0,-13331.0,89053.0,0.78
2023-11-09,37250.0,38200.0,37050.0,37600.0,82258,436175792000.0,0.002666666666666595,0.0022546727699972458,0.00041199389666934927,-0.2641878669275938,35460.0,39259.166666666664,1.060349689791314,0.957738107872896,15.289999961853027,16.84,740.1732702781451,146.2460746456743,0.052767906938217424,0.04523387730387496,-11749.0,595.0,89488.0,0.78
2023-11-10,36900.0,37850.0,36600.0,37400.0,84925,433855708000.0,-0.005319148936170248,-0.0071774170834456585,0.0018582681472754103,-0.26810176125244706,35477.5,39202.5,1.0541892748925374,0.9540207894904662,14.170000076293945,17.13,740.1732702781451,146.2460746456743,-0.009476627732847409,0.04200541485964315,220.0,5399.0,94499.0,0.82
2023-11-13,37600.0,37600.0,35150.0,35750.0,147347,414715015000.0,-0.044117647058823484,-0.0024484377708658966,-0.04166920928795759,-0.30039138943248617,35452.5,39115.0,1.0083915097665892,0.9139716221398441,14.760000228881836,17.68,740.1732702781451,146.2460746456743,-0.03939894724401283,0.012956965797535247,-1912.0,5924.0,100411.0,0.87
2023-11-14,35900.0,36700.0,35900.0,36700.0,69090,425735414000.0,0.02657342657342654,0.012268275582657084,0.014305150990769455,-0.2818003913894333,35402.5,39070.833333333336,1.0366499540992868,0.9393196118161459,14.15999984741211,17.35,740.1732702781451,146.2460746456743,-0.02550579014991272,-0.03684068603003554,-3058.0,18780.0,118681.0,1.03
2023-11-15,38100.0,38900.0,37700.0,38050.0,218717,441395981000.0,0.03678474114441421,0.02195414440563037,0.014830596738783841,-0.25538160469667404,35420.0,39073.333333333336,1.0742518351214003,0.9738099300460672,14.180000305175781,17.24,740.1732702781451,146.2460746456743,-0.01253346155840429,-0.010263199514459531,-3313.0,36429.0,155230.0,1.35
2023-11-16,38700.0,41400.0,38700.0,41000.0,629845,475617220000.0,0.07752956636005259,0.000607241738174169,0.07692232462187842,-0.19765166340508894,35702.5,39088.333333333336,1.1483789650584693,1.0489063232848674,14.319999694824219,16.98,740.1732702781451,146.2460746456743,0.10605807235143172,0.06624713121074954,44131.0,11583.0,166107.0,1.45
2023-11-17,41250.0,41450.0,40150.0,41000.0,303684,475617220000.0,0.0,-0.007366763854689928,0.007366763854689928,-0.19765166340508894,36002.5,39073.333333333336,1.1388098048746615,1.0493089916396519,13.800000190734863,16.55,740.1732702781451,146.2460746456743,0.0991196852153522,0.07175562691816406,35889.0,-35805.0,130910.0,1.14
2023-11-20,41000.0,41850.0,39900.0,41600.0,232949,482577472000.0,0.014634146341463428,0.008644189999986063,0.005989956341477365,-0.1859099804305292,36382.5,39042.5,1.143406857692572,1.065505538835884,13.40999984741211,16.68,740.1732702781451,146.2460746456743,0.09027904481804572,0.11941479254759901,29394.0,-25444.0,105770.0,0.92
2023-11-21,42450.0,43950.0,41900.0,42450.0,598335,492437829000.0,0.02043269230769229,0.007715145744958685,0.012717546562733606,-0.169275929549903,36685.0,39046.666666666664,1.1571486983780837,1.087160662455182,13.350000381469727,16.18,740.1732702781451,146.2460746456743,0.0260742667589009,0.11782718811956316,86458.0,-26590.0,78997.0,0.69
2023-11-22,42200.0,44750.0,41350.0,44450.0,363448,515638669000.0,0.04711425206124842,0.000509886527636727,0.04660436553361169,-0.13013698630137088,37095.0,39071.666666666664,1.1982747000943523,1.1376530307554495,12.850000381469727,15.88,740.1732702781451,146.2460746456743,0.06531186843782266,0.14960095691439101,38530.0,7023.0,86080.0,0.75
2023-11-23,44900.0,46950.0,44050.0,45300.0,733654,525499026000.0,0.01912260967379087,0.001297929620974081,0.017824680052816788,-0.11350293542074455,37655.0,39095.833333333336,1.2030274863895898,1.1586912501332196,12.850000381469727,15.13,740.1732702781451,146.2460746456743,0.07714659214916209,0.09050331234532938,86299.0,22460.0,109340.0,0.95
2023-11-24,45650.0,47400.0,44500.0,47000.0,501032,545219740000.0,0.03752759381898452,-0.007288417473718778,0.044816011292703295,-0.08023483365949213,38357.5,39200.833333333336,1.2253144756566512,1.1989541038668394,12.460000038146973,15.04,740.1732702781451,146.2460746456743,0.10924505687913177,0.12795255978334275,56708.0,26104.0,135239.0,1.18
2023-11-27,47900.0,50900.0,47600.0,50300.0,942460,583501126000.0,0.07021276595744674,-0.00038851201365586174,0.0706012779711026,-0.015655577299413925,39225.0,39371.666666666664,1.2823454429572976,1.2775684714049866,12.6899995803833,15.2,740.1732702781451,146.2460746456743,0.1332419693166227,0.19256388141296799,132067.0,57798.0,191148.0,1.66
2023-11-28,51900.0,55200.0,49750.0,54000.0,1490779,626422680000.0,0.07355864811133195,0.010458194856441727,0.06310045325489022,0.0,40335.0,39549.166666666664,1.3387876534027519,1.365389072673255,12.6899995803833,15.35,740.1732702781451,146.2460746456743,0.17851774251869612,0.2429467881051246,8420.0,170214.0,363406.0,3.16
2023-11-29,53500.0,55000.0,51300.0,52200.0,763321,605541924000.0,-0.033333333333333326,-0.0007732500968862244,-0.0325600832364471,-0.033333333333333375,41367.5,39695.833333333336,1.261860155919502,1.314999475175816,12.979999542236328,14.6,740.1732702781451,146.2460746456743,0.10114164798954572,0.1637823393350658,13407.0,50959.0,414077.0,3.6
2023-11-30,52500.0,52600.0,50100.0,51300.0,374445,595101546000.0,-0.017241379310344862,0.006143312435775039,-0.0233846917461199,-0.05000000000000006,42197.5,39808.333333333336,1.215711831269625,1.2886749005652083,12.920000076293945,14.46,740.1732702781451,146.2460746456743,0.007155678272323218,0.12257296753612912,-21059.0,33191.0,447001.0,3.89
2023-12-01,50400.0,50700.0,49150.0,49250.0,507326,571320685000.0,-0.0399610136452242,-0.011943418240254688,-0.02801759540496951,-0.08796296296296302,42897.5,39830.0,1.1480855527711404,1.2365051468742154,12.630000114440918,14.5,740.1732702781451,146.2460746456743,-0.08396237038753651,0.049739360838456315,-93708.0,52585.0,499814.0,4.35
2023-12-04,49050.0,49850.0,48050.0,49350.0,373293,572480727000.0,0.0020304568527917954,0.003968024625650157,-0.0019375677728583618,-0.08611111111111126,43525.0,39848.333333333336,1.1338311315336014,1.2384457735580743,13.079999923706055,14.61,740.1732702781451,146.2460746456743,-0.05333985492394777,-0.022799484905504652,-12083.0,19834.0,519091.0,4.52
2023-12-05,48400.0,49800.0,45500.0,46300.0,488154,537099446000.0,-0.06180344478216815,-0.00821882036474264,-0.05358462441742551,-0.14259259259259266,43925.0,39825.833333333336,1.054069436539556,1.1625619886589524,12.850000381469727,14.84,740.1732702781451,146.2460746456743,-0.08353978759525338,-0.13948456257782038,-71574.0,75162.0,593975.0,5.17
2023-12-06,46700.0,47250.0,45100.0,47250.0,360021,548119845000.0,0.02051835853131756,0.0004409502953583999,0.02007740823595916,-0.12500000000000003,44412.5,39838.333333333336,1.0638896707008163,1.1860435928544533,12.970000267028809,14.56,740.1732702781451,146.2460746456743,-0.03544478395432471,-0.08684707110541412,-14657.0,-18761.0,574787.0,5.0
2023-12-07,46550.0,46550.0,44500.0,44550.0,271137,516798711000.0,-0.05714285714285716,-0.0013263769880978993,-0.05581648015475926,-0.1750000000000001,44760.0,39785.833333333336,0.9953083109919572,1.1197453029763524,13.0600004196167,16.85,740.1732702781451,146.2460746456743,-0.08932369633622561,-0.11927885951405348,-16704.0,-25485.0,548188.0,4.77
2023-12-08,46050.0,48050.0,45800.0,47600.0,582586,552179992000.0,0.06846240179573515,0.010344825221486165,0.058117576574248986,-0.11851851851851856,45270.0,39800.833333333336,1.0514689639938148,1.1959548585666129,12.350000381469727,14.76,740.1732702781451,146.2460746456743,0.022378504655448883,-0.03314368753483499,41525.0,-24976.0,548067.0,4.77
2023-12-11,48500.0,49600.0,47650.0,47900.0,381508,555660118000.0,0.006302521008403339,0.0029827072599022397,0.0033198137485010992,-0.11296296296296304,45877.5,39831.666666666664,1.044084791019563,1.2025607766015316,12.630000114440918,14.59,740.1732702781451,146.2460746456743,0.0056209101679908224,-0.027886306013475526,-8820.0,-57367.0,465208.0,4.05
2023-12-12,48700.0,49500.0,46350.0,46450.0,461618,538839509000.0,-0.030271398747390377,0.003924158016217261,-0.03419555676360764,-0.13981481481481484,46365.0,39858.333333333336,1.0018332794133507,1.1653773782145096,12.069999694824219,14.45,740.1732702781451,146.2460746456743,0.027241833559142448,-0.008497238359657655,-13330.0,-78672.0,386183.0,3.36
2023-12-13,47000.0,47300.0,45200.0,45700.0,246023,530139194000.0,-0.016146393972012896,-0.009707095193917548,-0.006439298778095348,-0.1537037037037037,46747.5,39904.166666666664,0.9775923846194984,1.1452438133027045,12.1899995803833,14.3,740.1732702781451,146.2460746456743,-0.037315041793201886,-0.03501394537371216,1723.0,-4167.0,382225.0,3.33
2023-12-14,46650.0,48300.0,45700.0,46150.0,308606,535359383000.0,0.009846827133479286,0.013351079279824818,-0.0035042521463455323,-0.14537037037037034,47005.0,39900.833333333336,0.9818104456972663,1.156617447421733,12.479999542236328,14.11,740.1732702781451,146.2460746456743,-0.04413910768804852,0.017298282634701567,1572.0,-30495.0,352337.0,3.07
2023-12-15,46600.0,47350.0,44500.0,45100.0,271818,523178942000.0,-0.02275189599133265,0.007617435666441796,-0.030369331657774445,-0.16481481481481486,47210.0,39925.833333333336,0.9553060792205041,1.1295944563878857,12.279999732971191,13.98,740.1732702781451,146.2460746456743,-0.040312882582215326,-0.07118862559732186,-22892.0,921.0,353292.0,3.08
2023-12-18,45500.0,46500.0,45450.0,46200.0,171557,535939404000.0,0.024390243902439046,0.0012872914044133044,0.02310295249802574,-0.14444444444444454,47440.0,40015.0,0.9738617200674536,1.1545670373609895,12.5600004196167,14.27,740.1732702781451,146.2460746456743,-0.010770631306094236,-0.05140548684779722,-1433.0,11752.0,365499.0,3.18
2023-12-19,46450.0,47000.0,45200.0,45200.0,215211,524338984000.0,-0.02164502164502169,0.000658369110713819,-0.022303390755735508,-0.16296296296296311,47577.5,40125.833333333336,0.950028900215438,1.1264563560466034,12.529999732971191,13.85,740.1732702781451,146.2460746456743,-0.029569769915484212,-0.03951332083992509,-5407.0,-38584.0,327141.0,2.85
2023-12-20,45850.0,46650.0,44550.0,44800.0,232187,519698816000.0,-0.008849557522123908,0.017811605431193644,-0.026661162953317552,-0.1703703703703705,47595.0,40236.666666666664,0.9412753440487446,1.1134123104962308,13.670000076293945,14.78,740.1732702781451,146.2460746456743,-0.02586160121102732,-0.059735185015147296,-22821.0,-25227.0,303095.0,2.64
2023-12-21,44350.0,51000.0,44200.0,48250.0,2032043,559720265000.0,0.0770089285714286,-0.00546227633789631,0.08247120490932491,-0.10648148148148158,47742.5,40436.666666666664,1.0106299418756872,1.1932239716428985,13.649999618530273,14.93,740.1732702781451,146.2460746456743,0.03350665120027185,0.02624027204052315,52384.0,-63415.0,239019.0,2.08
2023-12-22,51300.0,62200.0,51200.0,57800.0,5644919,670504276000.0,0.19792746113989645,-0.0001961560917969063,0.19812361723169336,0.0,48282.5,40795.0,1.197121110133071,1.416840299056257,13.029999732971191,14.97,740.1732702781451,146.2460746456743,0.2539336591877007,0.25473322092999096,-28332.0,285939.0,527189.0,4.59
2023-12-26,58200.0,60500.0,56000.0,58500.0,1822012,678624570000.0,0.01211072664359869,0.00118486873042567,0.01092585791317302,0.0,48692.5,41172.5,1.2014170560147868,1.4208512963750075,12.989999771118164,16.25,740.1732702781451,146.2460746456743,0.2915206800541913,0.24255612634513823,48436.0,-73020.0,454696.0,3.96
2023-12-27,57900.0,59000.0,56100.0,58000.0,818431,672824360000.0,-0.008547008547008517,0.004191944079145138,-0.012738952626153655,-0.00854700854700857,48892.5,41537.5,1.1862760137035333,1.396328618718026,12.430000305175781,16.55,740.1732702781451,146.2460746456743,0.19631052251871273,0.2521205644747201,-17258.0,-11443.0,443343.0,3.86
2023-12-28,57000.0,58400.0,56300.0,57200.0,490263,663544024000.0,-0.01379310344827589,0.01598623657810405,-0.02977934002637994,-0.022222222222222237,49142.5,41870.833333333336,1.1639619473978735,1.3661060802069858,12.470000267028809,17.78,740.1732702781451,146.2460746456743,-0.031592434739360575,0.2490023874016577,-9291.0,913.0,444376.0,3.87
2024-01-02,56500.0,61700.0,56300.0,59300.0,1075913,687904906000.0,0.036713286713286664,0.005472126908107056,0.031241159805179608,0.0,49542.5,42253.333333333336,1.196952111823182,1.403439570842537,13.199999809265137,18.61,740.1732702781451,146.2460746456743,-0.011277132847353988,0.1977723422975124,-17495.0,-23195.0,420620.0,3.66
2024-01-03,57200.0,58000.0,55000.0,56700.0,635417,657743814000.0,-0.04384485666104554,-0.02340990506003271,-0.02043495160101283,-0.04384485666104556,49915.0,42622.5,1.1359310828408293,1.3302833010733768,14.039999961853027,18.28,740.1732702781451,146.2460746456743,-0.018973131822213163,-0.020786226535193797,-48871.0,-1568.0,419785.0,3.65
2024-01-04,56000.0,61500.0,55800.0,57400.0,1318385,665864108000.0,0.012345679012345734,-0.007781981661760362,0.020127660674106096,-0.03204047217537938,50317.5,42980.833333333336,1.1407561981417995,1.3354789925742094,14.130000114440918,18.2,740.1732702781451,146.2460746456743,0.030933868878272874,-0.011584423774260721,66234.0,42393.0,462154.0,4.02
2024-01-05,57800.0,59100.0,55400.0,58100.0,467773,673984402000.0,0.012195121951219523,-0.003455690848449544,0.015650812799669067,-0.02023608768971331,50907.5,43381.666666666664,1.141285665177037,1.3392754235660227,13.350000381469727,17.8,740.1732702781451,146.2460746456743,0.015343521872762333,0.016805341651562,-7582.0,6.0,461639.0,4.02
2024-01-08,58000.0,58500.0,54500.0,54600.0,402594,633382932000.0,-0.06024096385542166,-0.0039797094949381995,-0.05626125436048346,-0.07925801011804377,51275.0,43696.666666666664,1.0648464163822526,1.249523228316424,13.079999923706055,17.77,740.1732702781451,146.2460746456743,-0.020482780886708296,-0.009676572682541518,-29250.0,-41645.0,420701.0,3.66
2024-01-09,56500.0,63600.0,56500.0,58500.0,3064149,678624570000.0,0.0714285714285714,-0.0025625152658005357,0.07399108669437193,-0.01349072512647554,51972.5,44064.166666666664,1.1255952667275964,1.3276093575656713,12.760000228881836,17.42,740.1732702781451,146.2460746456743,0.03338064513355754,0.03307335420665081,-10306.0,14281.0,434149.0,3.78
2024-01-10,58800.0,58900.0,55300.0,56700.0,445797,657743814000.0,-0.03076923076923077,-0.007519798940771039,-0.023249431828459732,-0.04384485666104556,52427.5,44391.666666666664,1.0814934910113967,1.2772667542706966,12.6899995803833,16.79,740.1732702781451,146.2460746456743,-0.005519599494571259,0.030258873979203904,22170.0,-83731.0,350471.0,3.05
2024-01-11,56500.0,58500.0,54700.0,57400.0,586116,665864108000.0,0.012345679012345734,-0.0006726885933950877,0.013018367605740822,-0.03204047217537938,52902.5,44744.166666666664,1.0850148858749586,1.28284878848267,12.4399995803833,17.14,740.1732702781451,146.2460746456743,0.06376002247165302,0.02314958091083863,-22640.0,9524.0,359928.0,3.13
2024-01-12,56700.0,60800.0,56300.0,57300.0,643011,664704066000.0,-0.0017421602787456303,-0.005991477514635801,0.004249317235890171,-0.03372681281618885,53445.0,45070.833333333336,1.072130227336514,1.271332162337062,12.699999809265137,16.77,740.1732702781451,146.2460746456743,-0.00598174698682874,0.011748085347059734,-8313.0,15930.0,375982.0,3.27
2024-01-15,57800.0,62600.0,57700.0,60500.0,737126,701825410000.0,0.055846422338568846,0.00037224664385804296,0.0554741756947108,0.0,54185.0,45450.833333333336,1.1165451693273045,1.3311087072110888,12.699999809265137,16.84,740.1732702781451,146.2460746456743,0.0727418605363418,0.123483515402254,-8491.0,1220.0,377872.0,3.29
2024-01-16,59500.0,60500.0,57100.0,57500.0,508805,667024150000.0,-0.04958677685950408,-0.011243077943121627,-0.03834369891638245,-0.04958677685950405,54752.5,45820.0,1.0501803570613213,1.2549105194238324,13.84000015258789,17.18,740.1732702781451,146.2460746456743,0.021379794014218523,0.011148729791499612,3500.0,-84987.0,292718.0,2.55
2024-01-17,59900.0,60500.0,56200.0,58900.0,795325,683264738000.0,0.024347826086956514,-0.0246998840386079,0.049047710125564414,-0.02644628099173541,55442.5,46218.333333333336,1.062361906479686,1.2743860661353719,14.789999961853027,19.31,740.1732702781451,146.2460746456743,0.06617818690389277,0.08344587174552376,21479.0,-73788.0,218472.0,1.9
2024-01-18,58300.0,62500.0,57000.0,62500.0,1153818,725026250000.0,0.06112054329371808,0.0016996333530645558,0.05942090994065352,0.0,56257.5,46693.333333333336,1.110962982713416,1.3385208452312964,14.130000114440918,18.32,740.1732702781451,146.2460746456743,0.07012492114983548,0.12984841408043646,37407.0,43357.0,262140.0,2.28
2024-01-19,65000.0,67000.0,61500.0,64700.0,1936593,750547174000.0,0.0351999999999999,0.013401399423117244,0.021798600576882654,0.0,57232.5,47165.0,1.1304765648888306,1.3717799215519983,13.300000190734863,17.64,740.1732702781451,146.2460746456743,0.1302672206431006,0.14739769742142894,30503.0,13829.0,273331.0,2.38
2024-01-22,67600.0,69500.0,64900.0,66900.0,1281952,776068098000.0,0.03400309119010814,-0.0033929538128794068,0.037396045002987544,0.0,58337.5,47675.833333333336,1.14677523034069,1.403226652217231,13.1899995803833,18.01,740.1732702781451,146.2460746456743,0.11861555552052372,0.12931956672970568,33463.0,-78040.0,196813.0,1.71
2024-01-23,66100.0,76700.0,63400.0,75900.0,2403243,880471878000.0,0.13452914798206272,0.005786519447535943,0.12874262853452678,0.0,59720.0,48372.5,1.2709310113864702,1.5690733371233656,12.550000190734863,17.39,740.1732702781451,146.2460746456743,0.18793727411439698,0.2964058941806149,38323.0,-14262.0,180637.0,1.57
2024-01-24,74100.0,75000.0,70100.0,71300.0,963252,827109946000.0,-0.06060606060606055,-0.003598858081355627,-0.057007202524704925,-0.06060606060606053,60395.0,49011.666666666664,1.1805613047437702,1.454755670418608,13.140000343322754,17.07,740.1732702781451,146.2460746456743,0.1091314710128094,0.19035098153034558,3317.0,-80354.0,98964.0,0.86
2024-01-25,72200.0,78000.0,68000.0,70700.0,2046863,820149694000.0,-0.008415147265077194,0.00026325024590123647,-0.00867839751097843,-0.06851119894598161,61005.0,49640.833333333336,1.1589213998852552,1.424230724034313,13.449999809265137,16.92,740.1732702781451,146.2460746456743,0.06305702849884343,0.12225167407871362,43406.0,11013.0,109861.0,0.96
2024-01-26,68200.0,73700.0,68100.0,68600.0,607614,795788812000.0,-0.02970297029702973,0.003327465211538483,-0.03303043550856821,-0.09617918313570502,61535.0,50254.166666666664,1.1148127082148371,1.3650609402205456,13.260000228881836,16.96,740.1732702781451,146.2460746456743,-0.09871603554425157,0.06742263799326276,-20391.0,-13547.0,96760.0,0.84
2024-01-29,68000.0,69600.0,62900.0,66100.0,902080,766787762000.0,-0.036443148688046656,0.008912369774300766,-0.04535551846234742,-0.1291172595520423,61980.0,50830.0,1.0664730558244595,1.3004131418453668,13.600000381469727,17.27,740.1732702781451,146.2460746456743,-0.08706435148189406,-0.015328925472072208,11917.0,44385.0,142118.0,1.24
2024-01-30,66100.0,67300.0,63200.0,66200.0,498387,767947804000.0,0.001512859304084735,-0.0007357462347190591,0.002248605538803794,-0.1277997364953888,62325.0,51355.0,1.0621740874448455,1.289066303183721,13.3100004196167,17.11,740.1732702781451,146.2460746456743,-0.07613734843211184,-0.1418229484677952,22367.0,-29206.0,112743.0,0.98
2024-01-31,64900.0,66800.0,60300.0,60700.0,527449,704145494000.0,-0.08308157099697888,-0.000688315903487613,-0.08239325509349127,-0.20026350461133077,62525.0,51779.166666666664,0.970811675329868,1.1722861511225557,14.350000381469727,17.02,740.1732702781451,146.2460746456743,-0.1255001680170349,-0.16720900103658154,-22536.0,33033.0,145180.0,1.26
2024-02-01,59900.0,60900.0,56600.0,57800.0,656741,670504276000.0,-0.047775947281713305,0.01816909740937711,-0.06594504469109042,-0.23847167325428203,62545.0,52129.166666666664,0.9241346230713886,1.1087842698425385,13.880000114440918,16.79,740.1732702781451,146.2460746456743,-0.1460896942457779,-0.22447564821669352,-9477.0,37517.0,183451.0,1.6
2024-02-02,59200.0,60700.0,58300.0,60300.0,353036,699505326000.0,0.04325259515570945,0.028653390328863715,0.014599204826845735,-0.20553359683794464,62655.0,52495.833333333336,0.9624132152262389,1.1486625922692277,13.850000381469727,17.79,740.1732702781451,146.2460746456743,-0.13373909495773595,-0.17684600788127958,41831.0,2958.0,186511.0,1.62
2024-02-05,61400.0,64000.0,60400.0,61200.0,438519,709945704000.0,0.014925373134328401,-0.009176732189415726,0.024102105323744127,-0.1936758893280632,62985.0,52890.833333333336,0.97165991902834,1.1571003166900375,13.670000076293945,18.06,740.1732702781451,146.2460746456743,-0.027243734540500553,-0.10738838409518803,6939.0,-36534.0,149754.0,1.3
2024-02-06,61900.0,67500.0,58700.0,66200.0,858737,767947804000.0,0.08169934640522869,-0.0058310688725821125,0.0875304152778108,-0.12779973649538862,63370.0,53367.5,1.0446583556888118,1.2404553333021033,13.0600004196167,17.59,740.1732702781451,146.2460746456743,0.12623172542840067,-0.02210657435618102,41714.0,20112.0,169899.0,1.48
2024-02-07,65200.0,68200.0,64700.0,66300.0,417789,769107846000.0,0.0015105740181269312,0.012957118075381135,-0.011446544057254204,-0.1264822134387351,63850.0,53849.166666666664,1.038371182458888,1.2312168247728996,12.829999923706055,17.62,740.1732702781451,146.2460746456743,0.10018597654430073,0.048840136680056045,1578.0,-19252.0,150159.0,1.31
2024-02-08,71200.0,75100.0,68700.0,69000.0,1645084,800428980000.0,0.040723981900452566,0.004115600944536446,0.03660838095591612,-0.0909090909090908,64430.0,54403.333333333336,1.070929691137669,1.2683046381961889,12.789999961853027,17.24,740.1732702781451,146.2460746456743,0.11269225217647272,0.15139356232706258,-17810.0,61872.0,211406.0,1.84
2024-02-13,75000.0,89700.0,74000.0,87300.0,4393011,1012716666000.0,0.26521739130434785,0.011189405665662733,0.2540279856386851,0.0,65930.0,55246.666666666664,1.3241316547853785,1.5801858332327743,15.850000381469727,18.02,740.1732702781451,146.2460746456743,0.27918982253734703,0.39082234313890196,-1262.0,202193.0,393854.0,3.43
2024-02-14,83500.0,98200.0,82600.0,91900.0,4564739,1066078598000.0,0.05269186712485685,-0.01102790261611497,0.06371976974097182,0.0,67500.0,56144.166666666664,1.3614814814814815,1.6368574948421475,14.380000114440918,17.98,740.1732702781451,146.2460746456743,0.35435613633557306,0.43044000755612966,-50500.0,57191.0,472107.0,4.11
2024-02-15,93500.0,96200.0,89800.0,91300.0,1683206,1059118346000.0,-0.006528835690968404,-0.00252626420353963,-0.004002571487428774,-0.006528835690968403,69190.0,56982.5,1.3195548489666136,1.6022463036897292,14.010000228881836,17.79,740.1732702781451,146.2460746456743,0.31374518389222816,0.3389070207908901,-59021.0,59897.0,528686.0,4.6
2024-02-16,93000.0,95500.0,87200.0,87700.0,1219193,1017356834000.0,-0.03943044906900328,0.013375147403939414,-0.052805596472942695,-0.045701849836779114,70630.0,57760.833333333336,1.2416820048138184,1.5183298948249246,14.239999771118164,17.41,740.1732702781451,146.2460746456743,0.006911601780600352,0.2975479683752016,-20074.0,-37193.0,492694.0,4.29
2024-02-19,85700.0,90000.0,84500.0,85000.0,780066,986035700000.0,-0.030786773090079822,0.011892357134607678,-0.0426791302246875,-0.07508161044613715,71755.0,58484.166666666664,1.1845864399693402,1.4533848192530743,14.239999771118164,18.02,740.1732702781451,146.2460746456743,-0.09948729818505897,0.21826045719459797,-32929.0,2699.0,494462.0,4.3
2024-02-20,85400.0,87200.0,83700.0,84000.0,586862,974435280000.0,-0.0117647058823529,-0.008383504070968772,-0.003381201811384127,-0.08596300326441791,72720.0,59176.666666666664,1.155115511551155,1.4194783980172365,15.420000076293945,18.09,740.1732702781451,146.2460746456743,-0.09886592850901432,-0.039148730255471276,-15592.0,-35334.0,463508.0,4.03
2024-02-21,82300.0,88500.0,81300.0,84900.0,886002,984875658000.0,0.010714285714285676,-0.0016856036040868716,0.012399889318372548,-0.07616974972796524,73620.0,59850.833333333336,1.1532192339038305,1.4185266147784075,15.34000015258789,18.5,740.1732702781451,146.2460746456743,-0.03366044271769908,-0.09046861067807055,-3744.0,8481.0,472116.0,4.11
2024-02-22,91400.0,110300.0,86000.0,110300.0,6216748,1279526326000.0,0.29917550058892806,0.004130674778095367,0.2950448258108327,0.0,75340.0,60934.166666666664,1.4640297318821343,1.8101502988197646,14.539999961853027,18.22,740.1732702781451,146.2460746456743,0.3040635133178211,0.20857878662019091,16620.0,43852.0,515970.0,4.49
2024-02-23,118000.0,120500.0,110000.0,113500.0,2875606,1316647670000.0,0.02901178603807808,0.0012873813898293118,0.02772440464824877,0.0,77450.0,62042.5,1.4654615881213686,1.8293911431679897,13.75,18.31,740.1732702781451,146.2460746456743,0.335169119777454,0.2891087877413824,-4162.0,122864.0,639227.0,5.56
2024-02-26,111200.0,115100.0,105000.0,105700.0,1127793,1226164394000.0,-0.06872246696035245,-0.007729457369378134,-0.06099300959097431,-0.06872246696035246,79200.0,62965.833333333336,1.3345959595959596,1.6786881774507338,13.739999771118164,17.94,740.1732702781451,146.2460746456743,0.26177622086810715,0.27079490837509557,-25735.0,-23215.0,596545.0,5.19
2024-02-27,104800.0,108800.0,101600.0,104300.0,1013836,1209923806000.0,-0.013245033112582738,-0.008322388687417193,-0.0049226444251655455,-0.08105726872246696,80985.0,63804.166666666664,1.2878928196579613,1.6346894795271991,13.430000305175781,17.16,740.1732702781451,146.2460746456743,-0.03819124936789109,0.26925346576131415,3681.0,-31005.0,564655.0,4.92
2024-02-28,102200.0,107700.0,100500.0,106600.0,803340,1236604772000.0,0.02205177372962619,0.010376941287856711,0.011674832441769478,-0.06079295154185013,83010.0,64710.833333333336,1.284182628598964,1.647328499864783,13.84000015258789,16.83,740.1732702781451,146.2460746456743,-0.05424082157437038,0.2685284088847111,-6986.0,10075.0,559763.0,4.87
2024-02-29,103500.0,107000.0,101500.0,106500.0,567191,1235444730000.0,-0.0009380863039399889,-0.0037439086579440506,0.0028058223540040617,-0.06167400881057262,85025.0,65630.83333333333,1.2525727727139078,1.6227129017103243,13.399999618530273,16.77,740.1732702781451,146.2460746456743,0.009558010370607994,-0.02371059457211755,-26118.0,58553.0,619308.0,5.39
2024-03-04,109800.0,110800.0,103300.0,104000.0,764521,1206443680000.0,-0.023474178403755874,0.012076291955720242,-0.035550470359476116,-0.08370044052863429,87190.0,66543.33333333333,1.1927973391443973,1.562891348995642,13.489999771118164,17.33,740.1732702781451,146.2460746456743,-0.021069815563702576,-0.08698546957984243,-25616.0,-35928.0,582914.0,5.07
2024-03-05,104800.0,106500.0,99000.0,99000.0,632577,1148441580000.0,-0.04807692307692313,-0.009299777885502847,-0.03877714519142028,-0.12775330396475765,89250.0,67370.83333333333,1.1092436974789917,1.469478631950028,14.460000038146973,17.13,740.1732702781451,146.2460746456743,-0.07152179319689234,-0.0647696051802884,-10541.0,-11515.0,571790.0,4.98
2024-03-06,98200.0,107900.0,98200.0,102900.0,912205,1193683218000.0,0.039393939393939315,-0.0029855485773883084,0.04237948797132762,-0.09339207048458147,91380.0,68314.16666666667,1.1260669730794484,1.506276150627615,14.5,17.25,740.1732702781451,146.2460746456743,-0.031948127579568775,-0.017467472783795235,31503.0,11907.0,583982.0,5.08
2024-03-07,107800.0,108100.0,98000.0,98900.0,905464,1147281538000.0,-0.0388726919339164,0.002320708000328686,-0.04119339993424509,-0.12863436123348013,93265.0,69175.0,1.060419235511714,1.429707264185038,14.4399995803833,17.25,740.1732702781451,146.2460746456743,-0.03759105715433775,-0.0703357051598098,-22919.0,-90554.0,492533.0,4.29
2024-03-08,102500.0,106000.0,95800.0,98800.0,855191,1146121496000.0,-0.0010111223458038054,0.01236203798886315,-0.013373160334666956,-0.1295154185022026,94895.0,70079.16666666667,1.041150745560883,1.4098341161781318,14.739999771118164,17.25,740.1732702781451,146.2460746456743,-0.012187072297584423,-0.08651468784848082,18632.0,-50612.0,441164.0,3.84
2024-03-11,95800.0,96300.0,91100.0,91900.0,569230,1066078598000.0,-0.06983805668016196,-0.007651989112750335,-0.06218606756741163,-0.19030837004405285,96175.0,70817.5,0.9555497790486093,1.2977018392346524,15.220000267028809,18.05,740.1732702781451,146.2460746456743,-0.11675262783632367,-0.11315028505641633,-4892.0,-11138.0,415290.0,3.61
2024-03-12,92700.0,96700.0,90700.0,96300.0,574599,1117120446000.0,0.04787812840043526,0.008259884044588661,0.0396182443558466,-0.15154185022026428,97540.0,71624.16666666667,0.9872872667623539,1.3445182608290962,13.84000015258789,17.8,740.1732702781451,146.2460746456743,-0.035940983546231986,-0.03475489550914945,30404.0,-11124.0,404372.0,3.52
2024-03-13,104300.0,107800.0,96800.0,97800.0,1866344,1134521076000.0,0.015576323987538832,0.00438510166965056,0.011191222317888272,-0.1383259911894274,98065.0,72480.0,0.9972977107020854,1.349337748344371,13.75,16.93,740.1732702781451,146.2460746456743,-0.011376600893676758,-0.0659431611625888,-55556.0,-110409.0,294579.0,2.56
2024-03-14,98100.0,98200.0,92800.0,93500.0,396725,1084639270000.0,-0.04396728016359919,0.00935187901816592,-0.05331915918176511,-0.1762114537444935,98145.0,73276.66666666667,0.9526720668398798,1.2759859891734522,14.399999618530273,16.51,740.1732702781451,146.2460746456743,-0.002509692508030237,-0.07806892041010882,1444.0,-27463.0,246320.0,2.14
2024-03-15,91600.0,102800.0,91000.0,101500.0,1262208,1177442630000.0,0.0855614973262031,-0.01909691244850842,0.10465840977471152,-0.10572687224669619,98655.0,74199.16666666667,1.0288378693426588,1.3679398915082155,14.40999984741211,16.83,740.1732702781451,146.2460746456743,0.06253047291083469,0.03996264969926966,36437.0,148689.0,395332.0,3.44
2024-03-18,100000.0,104400.0,99000.0,103900.0,508501,1205283638000.0,0.02364532019704435,0.007124536670298998,0.016520783526745353,-0.084581497797357,99465.0,75179.16666666667,1.0445885487357363,1.382031812891426,14.329999923706055,17.12,740.1732702781451,146.2460746456743,0.06786003411969177,0.11866950079342664,13556.0,-36506.0,359005.0,3.12
2024-03-19,101500.0,101700.0,97100.0,97900.0,473544,1135681118000.0,-0.0577478344562079,-0.011046884790124278,-0.046700949666083624,-0.13744493392070503,100110.0,76040.83333333333,0.9779242832883828,1.2874661640127565,13.819999694824219,16.78,740.1732702781451,146.2460746456743,0.07447824363537325,0.03235030677149642,-21454.0,-105250.0,253923.0,2.21
2024-03-20,101800.0,107200.0,100200.0,103800.0,1489614,1204123596000.0,0.06026557711950975,0.012789080406100384,0.047476496713409366,-0.08546255506607948,101100.0,77017.5,1.0267062314540059,1.3477456422241698,13.039999961853027,16.92,740.1732702781451,146.2460746456743,0.017296330574071095,0.06863558116701751,-14977.0,136900.0,391407.0,3.41
2024-03-21,105600.0,106500.0,102400.0,105000.0,654355,1218044100000.0,0.011560693641618602,0.024058308276944107,-0.012497614635325505,-0.07488986784140983,102105.0,78020.83333333333,1.0283531658586749,1.3457943925233646,12.920000076293945,17.53,740.1732702781451,146.2460746456743,-0.011722067587999763,0.10945712571345712,41895.0,-78402.0,312805.0,2.72
2024-03-22,105000.0,105500.0,101800.0,102000.0,379076,1183242840000.0,-0.02857142857142858,-0.0022868852074020563,-0.026284543364026525,-0.1013215859030838,101690.0,78916.66666666667,1.003048480676566,1.2925026399155226,13.0600004196167,17.13,740.1732702781451,146.2460746456743,0.008694338714057337,-0.021485827425280934,8774.0,-45566.0,267231.0,2.33
2024-03-25,102000.0,103600.0,100600.0,100800.0,214397,1169322336000.0,-0.0117647058823529,-0.003998453735807317,-0.0077662521465455825,-0.11189427312775332,101055.0,79633.33333333333,0.9974766216416803,1.265801590623692,13.1899995803833,17.35,740.1732702781451,146.2460746456743,-0.04654841014589761,-0.04577286309857187,-6184.0,-1092.0,266029.0,2.32
2024-03-26,101500.0,103300.0,98100.0,99500.0,412065,1154241790000.0,-0.012896825396825351,0.007130418233622926,-0.020027243630448277,-0.12334801762114535,100745.0,80316.66666666667,0.9876420666038017,1.2388462336584354,13.239999771118164,17.34,740.1732702781451,146.2460746456743,-0.054078039141020384,-0.019099157062936523,-12747.0,836.0,266924.0,2.32
2024-03-27,98500.0,101600.0,96800.0,100100.0,372322,1161202042000.0,0.0060301507537687815,-0.0007181413757374466,0.006748292129506228,-0.11806167400881058,100535.0,81018.33333333333,0.9956731486546974,1.2355228240521694,12.779999732971191,17.14,740.1732702781451,146.2460746456743,-0.02104520364748763,-0.05982736164683966,-8656.0,16210.0,284130.0,2.47
2024-03-28,99200.0,127900.0,99000.0,123000.0,5097496,1426851660000.0,0.22877122877122869,-0.003371930231562792,0.23214315900279148,0.0,101355.0,82115.0,1.213556311972769,1.4978992875844852,13.010000228881836,16.88,740.1732702781451,146.2460746456743,0.21886420750184943,0.18481341199127732,-46967.0,243137.0,527707.0,4.59
2024-03-29,123900.0,124400.0,112800.0,113000.0,1344437,1310847460000.0,-0.08130081300813008,0.00029492626354388207,-0.08159573927167396,-0.08130081300813008,101680.0,83010.0,1.1113296616837136,1.3612817732803277,13.010000228881836,16.84,740.1732702781451,146.2460746456743,0.15729571186062374,0.12950221608362988,-23319.0,26547.0,554094.0,4.82
2024-04-01,114500.0,116600.0,110200.0,110200.0,643624,1278366284000.0,-0.024778761061946875,0.00044790330764010733,-0.025226664369586982,-0.10406504065040643,101990.0,83901.66666666667,1.0804980880478479,1.3134423233547208,13.649999618530273,17.13,740.1732702781451,146.2460746456743,0.12532075536153053,0.11204180386058848,9779.0,-61579.0,492275.0,4.29
2024-04-02,111700.0,112300.0,104000.0,106300.0,703797,1233124646000.0,-0.03539019963702361,0.0019287025104317568,-0.03731890214745537,-0.13577235772357713,102355.0,84716.66666666667,1.0385423281715598,1.2547708046429273,14.609999656677246,17.1,740.1732702781451,146.2460746456743,-0.1441413057887163,0.0947501453435814,-6306.0,-103349.0,388564.0,3.38
2024-04-03,104100.0,107900.0,100700.0,107300.0,514063,1244725066000.0,0.00940733772342428,-0.01677706449345362,0.0261844022168779,-0.1276422764227641,102575.0,85536.66666666667,1.0460638557153303,1.2544327968512528,14.329999923706055,17.63,740.1732702781451,146.2460746456743,-0.03636116430016445,0.11418625543095307,10060.0,-45585.0,343348.0,2.99
2024-04-04,109000.0,112500.0,104300.0,107400.0,840735,1245885108000.0,0.0009319664492077884,0.012940678942136907,-0.012008712492929119,-0.1268292682926828,103000.0,86416.66666666667,1.0427184466019417,1.2428158148505304,16.350000381469727,17.2,740.1732702781451,146.2460746456743,-0.023143212423506587,-0.12996561606476753,15892.0,-93182.0,249672.0,2.17
2024-04-05,103800.0,107000.0,101200.0,101300.0,429883,1175122546000.0,-0.056797020484171346,-0.010134952247447093,-0.04666206823672425,-0.1764227642276422,103125.0,87130.0,0.9823030303030303,1.1626305520486628,16.030000686645508,18.12,740.1732702781451,146.2460746456743,-0.03248637851277547,-0.09503194502981782,-35269.0,-52273.0,198192.0,1.73
2024-04-08,102400.0,103700.0,98100.0,99800.0,368093,1157721916000.0,-0.014807502467917066,0.0012673822054141137,-0.01607488467333118,-0.18861788617886166,103520.0,87848.33333333333,0.964064914992272,1.1360488721091275,15.1899995803833,18.16,740.1732702781451,146.2460746456743,-0.07474566540298455,-0.08588016533356202,-12394.0,18102.0,216338.0,1.88
2024-04-09,99400.0,103800.0,98600.0,103000.0,351595,1194843260000.0,0.03206412825651306,-0.004595879043729489,0.03666000730024255,-0.16260162601626008,103855.0,88608.33333333333,0.9917673679649511,1.1624188846045331,14.979999542236328,18.09,740.1732702781451,146.2460746456743,-0.026076945609812885,-0.011901255885864104,12189.0,7604.0,224059.0,1.95
2024-04-11,101500.0,105800.0,100800.0,104900.0,327672,1216884058000.0,0.01844660194174752,0.0006654130944596659,0.017781188847287854,-0.14715447154471542,104210.0,89401.66666666667,1.0066212455618462,1.173356201413098,14.90999984741211,18.03,740.1732702781451,146.2460746456743,0.03836631147419922,-0.02030446925545415,9824.0,-7635.0,215796.0,1.88
2024-04-12,107000.0,113500.0,105200.0,110200.0,880797,1278366284000.0,0.05052430886558623,-0.009287131298912232,0.059811440164498464,-0.10406504065040655,105045.0,90230.0,1.0490742062925413,1.2213232849384905,17.309999465942383,17.59,740.1732702781451,146.2460746456743,0.11425263631202887,0.05151568340197343,38591.0,43250.0,258810.0,2.25
2024-04-15,107000.0,108200.0,100200.0,101400.0,677039,1176282588000.0,-0.07985480943738654,-0.004247166636245692,-0.07560764280114085,-0.17560975609756097,105040.0,90961.66666666667,0.9653465346534653,1.1147552998515857,19.229999542236328,18.45,740.1732702781451,146.2460746456743,0.0019849862106454674,0.022570108837556835,-1628.0,-116976.0,140067.0,1.22
2024-04-16,99600.0,100700.0,95200.0,96900.0,459583,1124080698000.0,-0.044378698224852076,-0.022767887712661805,-0.02161081051219027,-0.21219512195121956,104690.0,91595.0,0.925589836660617,1.057918008624925,18.399999618530273,19.95,740.1732702781451,146.2460746456743,-0.03740701314883266,0.017034182998697744,-1754.0,-11885.0,129690.0,1.13
2024-04-17,98600.0,100600.0,96500.0,96800.0,303237,1122920656000.0,-0.0010319917440660964,-0.009752322097280164,0.008720330353214067,-0.21300813008130087,104635.0,92166.66666666667,0.9251206575237731,1.0502712477396021,18.209999084472656,20.02,740.1732702781451,146.2460746456743,-0.08849812296011705,-0.010905493948330736,5860.0,-6401.0,122775.0,1.07
2024-04-18,95200.0,101700.0,94500.0,101200.0,310136,1173962504000.0,0.045454545454545414,0.019549729843763686,0.02590481561078173,-0.1772357723577237,104505.0,92775.0,0.9683747189129707,1.0908111021288063,18.0,19.42,740.1732702781451,146.2460746456743,0.013014335451805525,-0.0027818671848368615,3544.0,24905.0,148036.0,1.29
2024-04-19,99400.0,99800.0,90700.0,95200.0,486615,1104359984000.0,-0.059288537549407105,-0.016259856736606904,-0.0430286808128002,-0.2260162601626018,104015.0,93246.66666666667,0.9152526077969524,1.0209480231643668,18.709999084472656,21.22,740.1732702781451,146.2460746456743,-0.008403534848804406,-0.10562198816213553,20084.0,-26252.0,121841.0,1.06
2024-04-22,93000.0,94400.0,90200.0,92000.0,271599,1067238640000.0,-0.03361344537815125,0.014499175274454101,-0.048112620652605353,-0.2520325203252034,103515.0,93515.0,0.8887600830797469,0.9837993904721167,16.940000534057617,19.8,740.1732702781451,146.2460746456743,-0.06523648585462383,-0.07812696601360003,-22359.0,3181.0,125143.0,1.09
2024-04-23,93900.0,95900.0,92100.0,92100.0,182929,1068398682000.0,0.0010869565217390686,-0.002441554862655071,0.0035285113843941396,-0.2512195121951222,103080.0,93861.66666666667,0.8934807916181606,0.9812312445620327,15.6899995803833,18.93,740.1732702781451,146.2460746456743,-0.08761279008101142,-0.05298764411701562,3860.0,3389.0,128806.0,1.12
2024-04-24,95500.0,97100.0,94600.0,95800.0,263141,1111320236000.0,0.04017372421281218,0.020102774693337322,0.020070949519474857,-0.221138211382114,102895.0,94280.0,0.9310462121580252,1.0161221892235892,15.970000267028809,18.02,740.1732702781451,146.2460746456743,-0.024513159748736357,-0.04163702495075483,6167.0,32676.0,161499.0,1.41
2024-04-25,93400.0,94800.0,91500.0,91500.0,198473,1061438430000.0,-0.044885177453027114,-0.017613709357189533,-0.02727146809583758,-0.25609756097561,102465.0,94661.66666666667,0.8929878495095886,0.9666003486099617,15.369999885559082,18.82,740.1732702781451,146.2460746456743,-0.003672007191968585,-0.09481330865737414,-14134.0,-33855.0,128288.0,1.12
2024-04-26,93700.0,93700.0,91100.0,91700.0,170679,1063758514000.0,0.002185792349726823,0.010541637704252427,-0.008355845354525604,-0.2544715447154473,100900.0,95088.33333333333,0.908820614469772,0.9643664662682068,15.029999732971191,18.32,740.1732702781451,146.2460746456743,-0.015556363930888328,-0.06014047319909954,-753.0,1961.0,130186.0,1.13
2024-04-29,93000.0,93500.0,91600.0,92100.0,153265,1068398682000.0,0.004362050163576825,0.011711595459254598,-0.007349545295677773,-0.2512195121951222,99855.0,95520.0,0.9223373892143608,0.9641959798994975,14.670000076293945,18.13,740.1732702781451,146.2460746456743,-0.04297685874604096,-0.01937739784217196,-1521.0,1868.0,132225.0,1.15
2024-04-30,92400.0,93300.0,91000.0,91100.0,147385,1056798262000.0,-0.010857763300760048,0.0017191517906378628,-0.012576915091397911,-0.2593495934959352,98900.0,96026.66666666667,0.9211324570273003,0.9486948069980561,15.649999618530273,18.14,740.1732702781451,146.2460746456743,-0.028282305741601288,-0.03548282431796401,786.0,-1530.0,130698.0,1.14
2024-05-02,89600.0,89700.0,86500.0,86900.0,279979,1008076498000.0,-0.046103183315038376,-0.0031240596669277476,-0.04297912364811063,-0.29349593495934984,97930.0,96511.66666666667,0.8873685285407944,0.9004092769440655,14.680000305175781,17.88,740.1732702781451,146.2460746456743,-0.06290558403518631,-0.0985328974855495,-44739.0,10128.0,140639.0,1.22
2024-05-03,88500.0,89300.0,86600.0,86700.0,171978,1005756414000.0,-0.0023014959723820505,-0.0026158477397215663,0.00031435176733951575,-0.29512195121951246,96900.0,96951.66666666667,0.8947368421052632,0.8942600264736724,13.489999771118164,17.51,740.1732702781451,146.2460746456743,-0.055241686972169024,-0.0709470776223724,2827.0,6050.0,146346.0,1.27
2024-05-07,88300.0,89700.0,86800.0,86800.0,224450,1006916456000.0,0.0011534025374855261,0.021568250799290256,-0.02041484826180473,-0.2943089430894312,95870.0,97378.33333333333,0.9053927193073954,0.8913687165180482,13.229999542236328,17.21,740.1732702781451,146.2460746456743,-0.06307962014257584,-0.08300608052965153,-9175.0,-7768.0,138323.0,1.2
2024-05-08,86800.0,88600.0,86600.0,87000.0,129127,1009236540000.0,0.0023041474654377225,0.00390948557844828,-0.001605338113010557,-0.29268292682926866,95155.0,97725.0,0.9142977247648574,0.8902532617037605,13.0,16.46,740.1732702781451,146.2460746456743,-0.02170583460747577,-0.07726187334698431,-1000.0,9907.0,147952.0,1.29
2024-05-09,86600.0,86700.0,81700.0,82300.0,385878,954714566000.0,-0.05402298850574716,-0.011988909369448297,-0.04203407913629886,-0.33089430894308974,94280.0,97991.66666666667,0.8729316928298685,0.839867335657794,12.6899995803833,16.49,740.1732702781451,146.2460746456743,-0.06405426551111415,-0.10671903739188526,-49440.0,18858.0,167088.0,1.45
2024-05-10,82300.0,83100.0,80000.0,80100.0,225603,929193642000.0,-0.026731470230862753,0.005711353708842237,-0.03244282393970499,-0.3487804878048784,93135.0,98176.66666666667,0.860041874698019,0.8158761416494075,12.550000190734863,16.29,740.1732702781451,146.2460746456743,-0.07608224118901441,-0.09618273768347962,-19254.0,36098.0,203136.0,1.77
2024-05-13,81200.0,81500.0,78500.0,79300.0,149726,919913306000.0,-0.009987515605493158,-0.00015395119317540562,-0.009833564412317752,-0.35528455284552884,91855.0,98043.33333333333,0.8633171846932666,0.8088260293067692,13.600000381469727,16.6,740.1732702781451,146.2460746456743,-0.0843104674883216,-0.10633065386313689,2814.0,18051.0,221226.0,1.93
2024-05-14,79400.0,82500.0,79400.0,80800.0,202620,937313936000.0,0.018915510718789497,0.0011477396305963339,0.017767771088193163,-0.34308943089430927,90385.0,97858.33333333333,0.8939536427504564,0.8256833858468875,13.420000076293945,16.73,740.1732702781451,146.2460746456743,-0.02450861726382958,-0.068148034513139,-17900.0,32353.0,253963.0,2.21
2024-05-16,83500.0,85000.0,82300.0,82700.0,298280,959354734000.0,0.023514851485148425,0.008299300226324968,0.015215551258823456,-0.3276422764227646,89450.0,97715.0,0.9245388485187256,0.8463388425523205,12.420000076293945,15.98,740.1732702781451,146.2460746456743,0.023149757934698867,-0.051327145141304986,1555.0,-20913.0,231724.0,2.02
2024-05-17,81700.0,81700.0,79400.0,80200.0,158726,930353684000.0,-0.030229746070132957,-0.010308711519251723,-0.019921034550881234,-0.34796747967479713,88615.0,97590.0,0.9050386503413643,0.8218055128599242,11.989999771118164,15.98,740.1732702781451,146.2460746456743,0.013062287796135386,-0.029214100555887357,1052.0,-5314.0,226670.0,1.97
2024-05-20,80100.0,80300.0,78600.0,79200.0,121536,918753264000.0,-0.012468827930174564,0.006430171780684724,-0.018898999710859288,-0.35609756097561013,87735.0,97493.33333333333,0.9027184134040007,0.8123632385120351,12.149999618530273,15.95,740.1732702781451,146.2460746456743,-0.023604483002917065,-0.015670276327041655,-1348.0,25091.0,252335.0,2.2
2024-05-21,79900.0,81200.0,78000.0,80800.0,185788,937313936000.0,0.02020202020202011,-0.006549615133097486,0.026751635335117596,-0.34308943089430943,86715.0,97440.0,0.9317880412846682,0.8292282430213465,11.859999656677246,15.85,740.1732702781451,146.2460746456743,-0.012068398926622925,0.020914923420393694,6716.0,-6845.0,245322.0,2.14
2024-05-22,80900.0,81000.0,79200.0,79300.0,105580,919913306000.0,-0.01856435643564358,-0.00026428896812680236,-0.01830006746751678,-0.35528455284552896,85920.0,97346.66666666667,0.922951582867784,0.8146144363785782,12.289999961853027,15.71,740.1732702781451,146.2460746456743,-0.01044743184325847,-0.015152915135316247,470.0,-10791.0,234462.0,2.04
2024-05-23,80700.0,81100.0,77700.0,79000.0,185360,916433180000.0,-0.003783102143757877,-0.000605811125338529,-0.003177291018419348,-0.3577235772357729,85270.0,96825.0,0.9264688636097104,0.8159049832171443,12.770000457763672,15.22,740.1732702781451,146.2460746456743,0.0052742768491814696,-0.03354575741255905,-5561.0,15434.0,249416.0,2.17
2024-05-24,79000.0,79000.0,74100.0,74700.0,293822,866551374000.0,-0.0544303797468354,-0.012568827435069041,-0.04186155231176636,-0.39268292682926875,84400.0,96178.33333333333,0.8850710900473934,0.7766822049318107,11.930000305175781,15.43,740.1732702781451,146.2460746456743,-0.06333891079770249,-0.05548627517344418,-68704.0,57162.0,306487.0,2.67
2024-05-27,75600.0,76600.0,74100.0,75700.0,172637,878151794000.0,0.01338688085676032,0.013167841677408365,0.00021903917935195416,-0.3845528455284558,83395.0,95678.33333333333,0.9077282810720068,0.791192711690212,11.930000305175781,15.21,740.1732702781451,146.2460746456743,-0.04481980415083375,-0.036368236283232935,1815.0,20063.0,325586.0,2.83
2024-05-28,75900.0,84300.0,75600.0,84000.0,693657,974435280000.0,0.10964332892998674,-5.1374620775979096e-05,0.10969470355076272,-0.31707317073170793,83020.0,95340.0,1.0118043844856661,0.8810572687224669,12.920000076293945,15.07,740.1732702781451,146.2460746456743,0.06805219041834831,0.046574831932412186,33313.0,-7434.0,317863.0,2.77
2024-05-29,86300.0,90800.0,84500.0,87300.0,892742,1012716666000.0,0.03928571428571437,-0.0167288125289502,0.05601452681466457,-0.29024390243902504,82800.0,95018.33333333333,1.0543478260869565,0.9187700619178756,14.279999732971191,15.66,740.1732702781451,146.2460746456743,0.16592826954477924,0.12088942621459353,52217.0,-31746.0,282419.0,2.46
2024-05-30,85300.0,88200.0,84100.0,85300.0,247097,989515826000.0,-0.02290950744558995,-0.015635194658214502,-0.007274312787375448,-0.3065040650406511,82460.0,94665.0,1.0344409410623332,0.9010722019753868,14.470000267028809,16.82,740.1732702781451,146.2460746456743,0.15843491757805184,0.11679240444563743,10277.0,-3213.0,278622.0,2.43
2024-05-31,84700.0,85100.0,80800.0,83000.0,229274,962834860000.0,-0.026963657678780728,0.00040982839640180124,-0.02737348607518253,-0.325203252032521,82055.0,94315.0,1.0115166656510877,0.8800296877485023,12.920000076293945,16.9,740.1732702781451,146.2460746456743,0.02136672795210659,0.13128047068222126,-11848.0,20493.0,299187.0,2.6
2024-06-03,83100.0,89100.0,82800.0,85900.0,333713,996476078000.0,0.03493975903614466,0.017447240930936747,0.01749251810520791,-0.3016260162601632,82005.0,94096.66666666667,1.047497103835132,0.912890998618442,13.109999656677246,16.69,740.1732702781451,146.2460746456743,-0.017155280757350067,0.14855394960807722,22247.0,19789.0,319793.0,2.78
2024-06-04,86600.0,89900.0,85700.0,86100.0,412881,998796162000.0,0.002328288707799775,-0.007612216023114016,0.00994050473091379,-0.3000000000000006,81975.0,93816.66666666667,1.05032021957914,0.9177473796411441,13.15999984741211,16.64,740.1732702781451,146.2460746456743,5.953676093917171e-05,0.04879975078822829,68667.0,-14226.0,305208.0,2.66
2024-06-05,90000.0,90400.0,85500.0,86300.0,299231,1001116246000.0,0.0023228803716608404,0.010292589060746815,-0.007969708689085975,-0.298373983739838,81950.0,93606.66666666667,1.0530811470408785,0.9219428815611423,12.630000114440918,16.56,740.1732702781451,146.2460746456743,0.019463314147035726,-0.01518448471552225,20267.0,-40149.0,264992.0,2.31
2024-06-07,87300.0,88500.0,82700.0,84000.0,243301,974435280000.0,-0.02665121668597914,0.012333118377021668,-0.03898433506300081,-0.3170731707317078,81800.0,93360.0,1.0268948655256724,0.8997429305912596,12.220000267028809,16.64,740.1732702781451,146.2460746456743,-0.03701353902117299,-0.04689450699114761,-9293.0,-9685.0,255933.0,2.23
2024-06-10,83300.0,83400.0,79600.0,80400.0,260722,932673768000.0,-0.042857142857142816,-0.007896660490227081,-0.034960482366915735,-0.3463414634146346,81705.0,93168.33333333333,0.9840279052689553,0.8629541510885316,12.739999771118164,17.17,740.1732702781451,146.2460746456743,-0.08191452611900252,-0.05448150328288082,-52360.0,34957.0,290600.0,2.53
2024-06-11,80500.0,80600.0,79300.0,79500.0,125875,922233390000.0,-0.011194029850746245,0.0015364255505607716,-0.012730455401307017,-0.35365853658536633,81675.0,92888.33333333333,0.9733700642791552,0.8558663628370984,12.850000381469727,17.16,740.1732702781451,146.2460746456743,-0.08667527283122356,-0.08470447678939574,-7133.0,15615.0,301853.0,2.63
2024-06-12,80800.0,80900.0,78100.0,80800.0,139196,937313936000.0,0.01635220125786163,0.008446266222939869,0.007905935034921763,-0.34308943089430943,81750.0,92605.0,0.9883792048929664,0.8725230819070244,12.039999961853027,17.4,740.1732702781451,146.2460746456743,-0.03978500273330099,-0.08673904648538777,-7408.0,16645.0,319054.0,2.78
2024-06-13,82000.0,87200.0,80300.0,84800.0,515194,983715616000.0,0.04950495049504955,0.00979410061260455,0.039710849882445,-0.31056910569105745,81950.0,92460.0,1.0347773032336791,0.9171533636166991,11.9399995803833,16.52,740.1732702781451,146.2460746456743,0.034886329516059744,-0.0390584879138568,26211.0,3513.0,314834.0,2.74
2024-06-14,85300.0,87200.0,80700.0,81000.0,275034,939634020000.0,-0.04481132075471694,0.0012813685608217273,-0.04609268931553867,-0.3414634146341468,81865.0,92118.33333333333,0.9894338239785012,0.8793037940330373,12.65999984741211,16.03,740.1732702781451,146.2460746456743,0.0015240956018280905,-0.04616684216639466,-19714.0,-45581.0,268846.0,2.34
2024-06-17,80400.0,81800.0,78500.0,78500.0,111212,910632970000.0,-0.030864197530864224,-0.005191314094416866,-0.025672883436447358,-0.36178861788617933,81780.0,91695.0,0.9598923942284177,0.8560990239380555,12.75,16.71,740.1732702781451,146.2460746456743,-0.03205472286954103,-0.036879243235926285,1580.0,802.0,269479.0,2.35
2024-06-18,79800.0,80100.0,75000.0,77200.0,130322,895552424000.0,-0.016560509554140124,0.007222704534604274,-0.023783214088744398,-0.37235772357723623,81680.0,91350.0,0.9451518119490695,0.8451012588943624,12.300000190734863,16.34,740.1732702781451,146.2460746456743,-0.09554878684073043,-0.047932001923363665,2238.0,-13966.0,255489.0,2.22
2024-06-19,78500.0,82000.0,78300.0,79900.0,221914,926873558000.0,0.03497409326424861,0.012087961009859871,0.022886132254388736,-0.35040650406504115,81635.0,90951.66666666667,0.9787468610277454,0.8784885745176009,12.300000190734863,16.33,740.1732702781451,146.2460746456743,-0.02656996527080302,-0.03295180470389669,2873.0,4875.0,259972.0,2.26
2024-06-20,79900.0,80500.0,77200.0,77300.0,132414,896712466000.0,-0.03254067584480602,0.003682012633419385,-0.03622268847822541,-0.371544715447155,81535.0,90490.0,0.9480591157171767,0.8542380373521936,13.279999732971191,16.56,740.1732702781451,146.2460746456743,-0.03711977031258107,-0.1088853430645671,-12931.0,-23324.0,235741.0,2.05
2024-06-21,77000.0,78000.0,75400.0,76700.0,91325,889752214000.0,-0.0077619663648124115,-0.008323701492828017,0.0005617351280156058,-0.37642276422764276,81420.0,90068.33333333333,0.9420289855072463,0.8515756555208083,13.199999809265137,16.52,740.1732702781451,146.2460746456743,-0.012774821095821065,-0.06223091862101282,2920.0,-1392.0,238186.0,2.07
2024-06-24,75900.0,76000.0,69600.0,70800.0,323645,821309736000.0,-0.07692307692307687,-0.007014441621247536,-0.06990863530182934,-0.42439024390243946,81225.0,89568.33333333333,0.8716528162511542,0.7904579371429635,13.329999923706055,17.02,740.1732702781451,146.2460746456743,-0.10556958865203914,-0.1064666704863948,-40843.0,-25781.0,211944.0,1.84
2024-06-25,69500.0,70000.0,66900.0,69300.0,179338,803909106000.0,-0.021186440677966156,0.003493980308245881,-0.024680420986212037,-0.4365853658536589,80905.0,89065.0,0.8565601631543168,0.7780834222197271,12.84000015258789,16.98,740.1732702781451,146.2460746456743,-0.09402732116002577,-0.10736387738386244,-14010.0,30344.0,242981.0,2.12
2024-06-26,70000.0,72000.0,69500.0,69700.0,112716,808549274000.0,0.005772005772005873,0.006365419762104585,-0.0005934139900987123,-0.4333333333333337,80190.0,88558.33333333333,0.8691856840004988,0.7870518490637057,12.550000190734863,16.74,740.1732702781451,146.2460746456743,-0.09518247027814009,-0.1308434236283499,899.0,4641.0,247666.0,2.16
2024-06-27,68600.0,69700.0,67400.0,67500.0,122930,783028350000.0,-0.031563845050215256,-0.0028616930551543796,-0.028702151995060876,-0.45121951219512235,79200.0,87633.33333333333,0.8522727272727273,0.7702548497527577,12.239999771118164,16.57,740.1732702781451,146.2460746456743,-0.053975986971371626,-0.12332288714518536,-24000.0,18539.0,266233.0,2.32
2024-06-28,67600.0,68800.0,66500.0,67500.0,116885,783028350000.0,0.0,0.004942425621584867,-0.004942425621584867,-0.45121951219512235,78310.0,86875.0,0.8619588813689184,0.7769784172661871,12.4399995803833,16.1,740.1732702781451,146.2460746456743,-0.034237991606744456,-0.12882704789478583,-11023.0,6048.0,272497.0,2.37
2024-07-01,66600.0,69400.0,66500.0,67900.0,97930,787668518000.0,0.00592592592592589,0.0023196596192052166,0.0036062663067206735,-0.4479674796747972,77555.0,86170.0,0.8755077042099155,0.7879772542648253,12.220000267028809,16.05,740.1732702781451,146.2460746456743,-0.03003831130992507,-0.05531214628623582,-3796.0,8343.0,283753.0,2.47
2024-07-02,67700.0,68400.0,64500.0,65300.0,187666,757507426000.0,-0.038291605301914555,-0.008362110708840187,-0.02992949459307437,-0.469105691056911,76525.0,85486.66666666667,0.8533159098333878,0.7638618108087031,12.029999732971191,15.88,740.1732702781451,146.2460746456743,-0.03126565390793856,-0.06056121989309815,-38572.0,54110.0,338363.0,2.95
2024-07-03,65400.0,65700.0,62800.0,63500.0,164838,736626670000.0,-0.027565084226646275,0.004728717675748673,-0.03229380190239495,-0.48373983739837445,75395.0,84756.66666666667,0.8422309171695735,0.7492036024698155,12.09000015258789,15.55,740.1732702781451,146.2460746456743,-0.05861703018874864,-0.09226160780539439,-44722.0,41154.0,379568.0,3.3
2024-07-04,64000.0,68600.0,63900.0,67500.0,235357,783028350000.0,0.06299212598425208,0.011070086196011797,0.05192203978824028,-0.45121951219512246,74455.0,84091.66666666667,0.9065878718689141,0.802695471211971,12.09000015258789,16.36,740.1732702781451,146.2460746456743,-0.010301256707229034,-0.011637416022093228,-3294.0,4600.0,388442.0,3.38
2024-07-05,68300.0,68700.0,66300.0,66800.0,135708,774908056000.0,-0.010370370370370363,0.013200294461459317,-0.02357066483182968,-0.45691056910569156,73595.0,83516.66666666667,0.9076703580406278,0.7998403512272999,12.479999542236328,16.72,740.1732702781451,146.2460746456743,-0.003942426945984345,-0.03026565523233804,-21188.0,3292.0,391017.0,3.4
2024-07-08,66000.0,68200.0,65500.0,66900.0,123244,776068098000.0,0.0014970059880239361,-0.001561709133657052,0.0030587151216809882,-0.4560975609756102,72920.0,82968.33333333333,0.9174437739989029,0.8063317329904984,12.369999885559082,16.81,740.1732702781451,146.2460746456743,0.03141009007809159,-0.030813206417377725,-38617.0,26426.0,417140.0,3.63
2024-07-09,68300.0,72400.0,68000.0,69300.0,648497,803909106000.0,0.03587443946188351,0.003366228449555475,0.03250821101232804,-0.43658536585365904,72410.0,82406.66666666667,0.9570501311973484,0.8409513793382412,12.510000228881836,16.28,740.1732702781451,146.2460746456743,0.011996261302179345,0.03162449918802468,-24641.0,-63774.0,352874.0,3.07
2024-07-10,71000.0,71800.0,68600.0,68800.0,281003,798108896000.0,-0.00721500721500723,0.00021277523272456023,-0.00742778244773179,-0.4406504065040655,71810.0,81805.0,0.9580838323353293,0.8410243872623923,12.850000381469727,16.08,740.1732702781451,146.2460746456743,0.028139143686277235,0.05649051864268784,7260.0,-69262.0,283550.0,2.47
2024-07-11,69900.0,70700.0,68200.0,68300.0,196739,792308686000.0,-0.007267441860465129,0.008145114697546862,-0.015412556558011992,-0.444715447154472,70985.0,81106.66666666667,0.9621751074170599,0.8421009370376459,12.920000076293945,16.12,740.1732702781451,146.2460746456743,0.009667872006584255,-0.010844077703564436,2744.0,8779.0,297550.0,2.59
2024-07-12,66500.0,67200.0,65200.0,66700.0,148690,773748014000.0,-0.02342606149341142,-0.0118802969187628,-0.01154576457464862,-0.4577235772357728,70270.0,80528.33333333333,0.949195958445994,0.8282799014839498,12.460000038146973,16.44,740.1732702781451,146.2460746456743,-0.0343861035803924,0.0011808225536166228,-7611.0,6324.0,303736.0,2.64
2024-07-15,66800.0,67900.0,65200.0,67900.0,112084,787668518000.0,0.01799100449775115,0.0013720412583129171,0.016618963239438234,-0.4479674796747971,69740.0,80045.0,0.9736162890737023,0.8482728465238304,13.119999885559082,16.47,740.1732702781451,146.2460746456743,-0.010339357893222378,0.014741070671373868,-205.0,16260.0,319366.0,2.78
2024-07-16,67400.0,67600.0,66100.0,67000.0,98061,777228140000.0,-0.013254786450662692,0.0018071690773633353,-0.015061955528026028,-0.4552845528455288,69230.0,79548.33333333333,0.9677885309836776,0.8422552326677701,13.1899995803833,16.34,740.1732702781451,146.2460746456743,-0.009988756863236414,-0.032829095868980196,-13167.0,9951.0,329285.0,2.87
2024-07-17,67000.0,67000.0,63300.0,63300.0,176961,734306586000.0,-0.055223880597014885,-0.007955105432469245,-0.04726877516454564,-0.4853658536585369,68400.0,78916.66666666667,0.9254385964912281,0.8021119324181626,14.479999542236328,16.53,740.1732702781451,146.2460746456743,-0.045711767453133434,-0.07267008858579405,-39677.0,-23977.0,305384.0,2.66
2024-07-18,61800.0,61900.0,59500.0,61600.0,185210,714585872000.0,-0.026856240126382325,-0.006661276600713917,-0.020194963525668408,-0.499186991869919,67615.0,78356.66666666667,0.9110404496043777,0.7861488067384182,15.930000305175781,16.79,740.1732702781451,146.2460746456743,-0.08252569421824008,-0.07745249555345046,-17782.0,47331.0,353814.0,3.08
2024-07-19,60400.0,60900.0,58300.0,58400.0,205701,677464528000.0,-0.051948051948051965,-0.010228950278764692,-0.04171910166928727,-0.5252032520325206,66700.0,77796.66666666667,0.8755622188905547,0.7506748361112301,16.520000457763672,17.27,740.1732702781451,146.2460746456743,-0.10918284035950132,-0.10762583264808911,-40322.0,11146.0,365484.0,3.18
2024-07-22,57800.0,58200.0,56700.0,57200.0,91175,663544024000.0,-0.020547945205479423,-0.011429228684484594,-0.00911871652099483,-0.5349593495934962,66020.0,77215.0,0.8664041199636474,0.7407887068574759,14.90999984741211,18.39,740.1732702781451,146.2460746456743,-0.07103278171595051,-0.13336351240852218,3940.0,27063.0,392597.0,3.42
2024-07-23,57900.0,58800.0,55900.0,56300.0,115338,653103646000.0,-0.01573426573426573,0.003900846842884942,-0.01963511257715067,-0.5422764227642279,65370.0,76556.66666666667,0.861251338534496,0.7354029694779466,14.720000267028809,17.47,740.1732702781451,146.2460746456743,-0.07047293076743277,-0.13793666945764682,-92.0,7208.0,399096.0,3.47
2024-07-24,56000.0,57000.0,55000.0,55100.0,109774,639183142000.0,-0.02131438721136769,-0.005615879344131214,-0.015698507867236478,-0.5520325203252036,64640.0,75950.0,0.8524133663366337,0.7254772876892692,18.040000915527344,17.42,740.1732702781451,146.2460746456743,-0.04445233696538198,-0.10636640216033766,-29178.0,25410.0,424441.0,3.69
2024-07-25,53600.0,54400.0,52600.0,54100.0,101423,627582722000.0,-0.01814882032667875,-0.01742120747532938,-0.0007276128513493685,-0.5601626016260165,63970.0,75323.33333333333,0.8457089260590902,0.7182369341062973,18.459999084472656,18.77,740.1732702781451,146.2460746456743,-0.03606123329573652,-0.08689905148601862,17834.0,14401.0,438964.0,3.82
2024-07-26,54600.0,54900.0,52300.0,53000.0,92351,614822260000.0,-0.020332717190388205,0.007839448385284387,-0.028172165575672592,-0.5691056910569108,63245.0,74671.66666666667,0.838010909953356,0.7097738990692587,16.389999389648438,17.98,740.1732702781451,146.2460746456743,-0.04459828629425844,-0.07335211539240394,4568.0,-4377.0,434962.0,3.79
2024-07-29,52900.0,53400.0,51700.0,52500.0,82832,609022050000.0,-0.009433962264150941,0.012310160750865329,-0.02174412301501627,-0.5731707317073174,62475.0,74028.33333333333,0.8403361344537815,0.7091879235427877,16.600000381469727,17.51,740.1732702781451,146.2460746456743,-0.05064390144203823,-0.08597752188642538,1912.0,12628.0,447585.0,3.9
2024-07-30,52200.0,52200.0,50600.0,51600.0,82948,598581672000.0,-0.017142857142857126,-0.009886020980063637,-0.00725683616279349,-0.5804878048780491,61790.0,73440.0,0.8350865835895775,0.7026143790849673,17.690000534057617,17.78,740.1732702781451,146.2460746456743,-0.05717312475348235,-0.0735992454720682,10662.0,15743.0,463367.0,4.03
2024-07-31,51600.0,52700.0,50100.0,52200.0,93337,605541924000.0,0.011627906976744207,0.011869154695422157,-0.00024124771867795047,-0.5756097560975613,61225.0,72865.0,0.8525928950592079,0.7163933301310643,16.360000610351562,17.51,740.1732702781451,146.2460746456743,-0.02924220689648771,-0.05814198532350967,1617.0,-406.0,462868.0,4.03
2024-08-01,54300.0,55500.0,53000.0,53200.0,116124,617142344000.0,0.019157088122605304,0.0025228338003158157,0.016634254322289488,-0.5674796747967483,60510.0,72305.0,0.8791935217319451,0.7357720766198741,18.59000015258789,17.12,740.1732702781451,146.2460746456743,0.009136170440818048,-0.040780118149870814,1135.0,674.0,463605.0,4.04
2024-08-02,51200.0,51700.0,49200.0,50000.0,131633,580021000000.0,-0.06015037593984962,-0.03653768351000408,-0.02361269242984554,-0.5934959349593499,59670.0,71688.33333333333,0.8379420144126026,0.6974635575291191,23.389999389648438,21.77,740.1732702781451,146.2460746456743,-0.007219685826234001,-0.03622064500404376,30457.0,-16748.0,446677.0,3.89
2024-08-05,48400.0,49200.0,39050.0,40750.0,260263,472717115000.0,-0.18500000000000005,-0.08767684570805523,-0.09732315429194482,-0.6686991869918701,58362.5,70995.83333333333,0.6982223174127222,0.5739773460883855,38.56999969482422,45.86,740.1732702781451,146.2460746456743,-0.10430159239950088,-0.11179967628097232,28396.0,22843.0,469834.0,4.09
2024-08-06,41000.0,44500.0,40850.0,44050.0,184673,510998501000.0,0.08098159509202452,0.03301175560759462,0.0479698394844299,-0.6418699186991873,57100.0,70395.0,0.7714535901926445,0.6257546700759997,27.709999084472656,43.08,740.1732702781451,146.2460746456743,-0.07296600723736046,-0.05657300063374893,22217.0,20350.0,490176.0,4.27
2024-08-07,44000.0,45550.0,42900.0,44500.0,130214,516218690000.0,0.010215664018161208,0.01834149894208781,-0.0081258349239266,-0.6382113821138214,55885.0,69815.0,0.7962780710387403,0.6373988397908759,27.850000381469727,30.17,740.1732702781451,146.2460746456743,-0.057479149731441526,-0.06445758783899758,-27178.0,8493.0,498653.0,4.34
2024-08-08,43000.0,47000.0,42800.0,44850.0,192212,520278837000.0,0.00786516853932584,-0.004547534093197969,0.012412702632523809,-0.6353658536585368,54712.5,69215.83333333333,0.8197395476353667,0.647973127535848,23.790000915527344,29.02,740.1732702781451,146.2460746456743,0.05225670719302711,-0.06867913952876326,462.0,-30753.0,467806.0,4.07
2024-08-09,46500.0,47000.0,44500.0,44900.0,121667,520858858000.0,0.0011148272017837968,0.012398630834713043,-0.011283803632929246,-0.6349593495934962,53622.5,68585.83333333333,0.837335073896219,0.6546541438343682,20.3700008392334,26.53,740.1732702781451,146.2460746456743,-0.006996935924332037,-0.05635025073184696,-4713.0,11631.0,479473.0,4.17
2024-08-12,44900.0,46950.0,44650.0,46500.0,126726,539419530000.0,0.03563474387527843,0.011539859287814425,0.024094884587464005,-0.6219512195121955,52552.5,68024.16666666667,0.8848294562580277,0.6835805902314128,20.709999084472656,24.49,740.1732702781451,146.2460746456743,0.025223783587058568,0.06506778814756187,3868.0,7863.0,487306.0,4.24
2024-08-13,46950.0,47150.0,45150.0,45600.0,67821,528979152000.0,-0.01935483870967747,0.0012221483833785296,-0.020576987093056,-0.6292682926829272,51482.5,67464.16666666667,0.8857378720924586,0.6759143742974665,18.1200008392334,23.64,740.1732702781451,146.2460746456743,-0.007765906138521239,-0.0034790384299240307,-3107.0,-1032.0,486267.0,4.23
2024-08-14,46900.0,47250.0,46000.0,46200.0,97383,535939404000.0,0.013157894736842035,0.008773602899103672,0.004384291837738363,-0.6243902439024392,50627.5,66887.5,0.9125475285171103,0.6907120164455242,16.190000534057617,22.1,740.1732702781451,146.2460746456743,0.00790218933214637,0.009031088331740933,-25040.0,20564.0,506849.0,4.41
2024-08-16,47000.0,47350.0,46100.0,46750.0,111568,542319635000.0,0.011904761904761862,0.019939489683777678,-0.008034727779015816,-0.6199186991869923,49885.0,66345.0,0.9371554575523704,0.704649935940915,14.800000190734863,19.9,740.1732702781451,146.2460746456743,-0.02422742303433345,-0.011416342079798691,-1183.0,7185.0,514030.0,4.47
2024-08-19,48900.0,49750.0,47750.0,48050.0,252693,557400181000.0,0.027807486631016065,-0.008479022260793778,0.03628650889180984,-0.6093495934959352,49367.5,65829.16666666667,0.9733124018838305,0.7299196151655167,14.649999618530273,23.22,740.1732702781451,146.2460746456743,0.03263607295053239,0.0361539704449404,19427.0,-57290.0,456845.0,3.98
2024-08-20,48850.0,57900.0,48850.0,56100.0,1155059,650783562000.0,0.16753381893860553,0.008327141632430868,0.15920667730617466,-0.5439024390243906,49312.5,65519.166666666664,1.1376425855513308,0.8562379965150148,15.880000114440918,21.03,740.1732702781451,146.2460746456743,0.1874584584189687,0.17126576316365105,-4817.0,-68984.0,387514.0,3.37
2024-08-21,54800.0,56500.0,54000.0,54700.0,245245,634542974000.0,-0.024955436720142554,0.001668749585800322,-0.026624186305942876,-0.5552845528455288,49232.5,65169.166666666664,1.1110546894835729,0.839353988977405,16.270000457763672,21.18,740.1732702781451,146.2460746456743,0.16886899989204163,0.16521856395076417,1128.0,-40664.0,346795.0,3.02
2024-08-22,55100.0,55500.0,52300.0,52600.0,179679,610182092000.0,-0.038391224862888484,0.002421223468043854,-0.04081244833093234,-0.5723577235772361,49107.5,64645.833333333336,1.071119482767398,0.8136641959394134,17.549999237060547,21.16,740.1732702781451,146.2460746456743,0.09177004266929945,0.12002182378209347,-1965.0,-16365.0,330563.0,2.88
2024-08-23,50900.0,52800.0,50200.0,52400.0,164993,607862008000.0,-0.0038022813688213253,-0.002208533773056409,-0.001593747595764916,-0.5739837398373988,49022.5,64064.166666666664,1.0688969350808302,0.8179299400340805,15.859999656677246,21.28,740.1732702781451,146.2460746456743,-0.06903038223264013,0.12646280396534437,-9679.0,413.0,331114.0,2.88
2024-08-26,53000.0,53400.0,50500.0,50500.0,120536,585821210000.0,-0.0362595419847328,-0.0013620851098514741,-0.03489745687488133,-0.5894308943089436,48897.5,63484.166666666664,1.032772636637865,0.7954739370709232,16.149999618530273,20.96,740.1732702781451,146.2460746456743,-0.07730365280157858,0.0552788381986532,-1698.0,-25919.0,305245.0,2.66
2024-08-27,50500.0,52100.0,49400.0,51500.0,94695,597421630000.0,0.01980198019801982,-0.003246841091737118,0.023048821289756938,-0.5813008130081304,48847.5,62959.166666666664,1.0543016531040483,0.8179904964858176,15.430000305175781,19.76,740.1732702781451,146.2460746456743,-0.013442383180889306,-0.08087901781776452,-1161.0,-1658.0,303491.0,2.64
2024-08-28,51100.0,52400.0,49800.0,52000.0,138137,603221840000.0,0.009708737864077666,0.00021570256577119196,0.009493035298306474,-0.5772357723577239,48867.5,62394.166666666664,1.0641019082212104,0.8334112430382115,17.110000610351562,19.38,740.1732702781451,146.2460746456743,-0.002355600286817916,-0.04476179621351517,-1117.0,-8425.0,295053.0,2.57
2024-08-29,49300.0,49450.0,47500.0,48000.0,180288,556820160000.0,-0.07692307692307687,-0.010242300824938821,-0.06668077609813805,-0.6097560975609758,48657.5,61759.166666666664,0.9864871808046036,0.7772125595390698,15.649999618530273,19.8,740.1732702781451,146.2460746456743,-0.03413891951007464,-0.07063012398072088,-1257.0,-16740.0,278309.0,2.42
2024-08-30,48300.0,48450.0,47500.0,47900.0,103638,555660118000.0,-0.002083333333333326,0.004518694188624606,-0.006602027521957932,-0.6105691056910573,48392.5,61119.166666666664,0.9898228031203182,0.7837148739484341,15.0,18.81,740.1732702781451,146.2460746456743,-0.06378976832178951,-0.0756384039069139,-4584.0,6689.0,284939.0,2.48
2024-09-02,48050.0,48100.0,46550.0,46550.0,100899,539999551000.0,-0.028183716075156573,0.002501557882098382,-0.030685273957254955,-0.6215447154471548,48220.0,60495.0,0.9653670676068021,0.7694850814116869,15.0,19.34,740.1732702781451,146.2460746456743,-0.10396807757735094,-0.07142622098928753,-14132.0,3784.0,288682.0,2.51
2024-09-03,46500.0,49650.0,46350.0,47250.0,149113,548119845000.0,0.015037593984962516,-0.006105974333271202,0.02114356831823372,-0.6158536585365857,48545.0,59942.5,0.9733237202595529,0.7882554114359595,20.719999313354492,19.73,740.1732702781451,146.2460746456743,-0.016143733160979168,-0.07333147396081074,7.0,9993.0,298413.0,2.6
2024-09-04,43800.0,44800.0,42600.0,43500.0,161974,504618270000.0,-0.07936507936507942,-0.03146021686730205,-0.04790486249777737,-0.6463414634146344,48517.5,59342.5,0.8965837069098779,0.7330328179635168,21.31999969482422,26.04,740.1732702781451,146.2460746456743,-0.057446568136798604,-0.13072937175689459,8963.0,-3290.0,294905.0,2.57
2024-09-05,43600.0,44150.0,41700.0,42050.0,105591,487797661000.0,-0.033333333333333326,-0.002053645663301795,-0.03127968767003153,-0.6581300813008132,48395.0,58696.666666666664,0.8688914144023143,0.7163950252711682,19.899999618530273,25.5,740.1732702781451,146.2460746456743,-0.05804098184957518,-0.09532828332878807,7796.0,-1252.0,293754.0,2.56
2024-09-06,41850.0,42200.0,39400.0,39650.0,182388,459956653000.0,-0.057074910820451796,-0.012121906698941975,-0.04495300412150982,-0.6776422764227645,48135.0,57944.166666666664,0.8237249402721513,0.6842794069003207,22.3799991607666,26.81,740.1732702781451,146.2460746456743,-0.12413755428931872,-0.13367925992833996,-57919.0,52774.0,346313.0,3.01
2024-09-09,38250.0,41000.0,37950.0,40850.0,97647,473877157000.0,0.030264817150063017,-0.0032819098370070465,0.033546726987070064,-0.6678861788617889,47932.5,57275.0,0.8522401293485631,0.7132256656481886,19.450000762939453,25.61,740.1732702781451,146.2460746456743,-0.04268596480447129,-0.06944725898401494,4322.0,12315.0,358586.0,3.12
2024-09-10,41150.0,41400.0,39850.0,40000.0,52558,464016800000.0,-0.020807833537331732,-0.004929158272095169,-0.015878675265236564,-0.6747967479674799,47607.5,56633.333333333336,0.8402037494092317,0.7062978222483813,19.079999923706055,23.84,740.1732702781451,146.2460746456743,-0.02728495239967632,-0.10646950256748522,-2783.0,-6368.0,352218.0,3.07
2024-09-11,40450.0,40900.0,39200.0,39650.0,57478,459956653000.0,-0.008750000000000036,-0.0039865638141910464,-0.004763436185808989,-0.6776422764227645,47310.0,56007.5,0.8380891989008666,0.707940900772218,17.690000534057617,24.06,740.1732702781451,146.2460746456743,0.01290461553602451,-0.06332807625551684,-1629.0,5165.0,357327.0,3.11
2024-09-12,41650.0,43600.0,41600.0,42750.0,163078,495917955000.0,0.0781841109709962,0.023363041639419713,0.05482106933157649,-0.6524390243902441,47137.5,55388.333333333336,0.9069212410501193,0.7718231877952637,17.06999969482422,21.73,740.1732702781451,146.2460746456743,0.034178957880530936,0.02277268074609118,3021.0,25884.0,383333.0,3.34
2024-09-13,42800.0,42950.0,41450.0,42000.0,61037,487217640000.0,-0.01754385964912286,0.001290710708143461,-0.018834570357266323,-0.6585365853658539,46900.0,54800.0,0.8955223880597015,0.7664233576642335,16.559999465942383,21.68,740.1732702781451,146.2460746456743,0.031223062788501177,0.04889111451033468,-525.0,-18709.0,364584.0,3.17
2024-09-19,41950.0,42400.0,40100.0,40950.0,72927,475037199000.0,-0.025000000000000022,0.0020929238073543743,-0.027092923807354397,-0.6670731707317076,46545.0,54204.166666666664,0.8797937479858202,0.7554769774771313,16.329999923706055,22.16,740.1732702781451,146.2460746456743,0.00889357516695577,-0.011748536284089783,-7792.0,3080.0,367659.0,3.2
2024-09-20,42650.0,42950.0,40850.0,40950.0,69267,475037199000.0,0.0,0.004870609160551931,-0.004870609160551931,-0.6670731707317076,45787.5,53706.666666666664,0.8943488943488943,0.7624751737835155,16.149999618530273,21.0,740.1732702781451,146.2460746456743,-0.05079810332517265,-0.0007404701794051505,-2358.0,-6379.0,361317.0,3.15
2024-09-23,40500.0,42450.0,40200.0,41800.0,76223,484897556000.0,0.020757020757020683,0.0033315308605061933,0.01742548989651449,-0.6601626016260166,45142.5,53248.333333333336,0.9259566926953536,0.7850010954959467,15.890000343322754,21.49,740.1732702781451,146.2460746456743,-0.014538043071391837,0.02144845590291833,138.0,13163.0,374487.0,3.26
2024-09-24,41850.0,43050.0,41800.0,42950.0,62092,498238039000.0,0.027511961722487932,0.011402693211649995,0.016109268510837937,-0.6508130081300817,44660.0,52802.5,0.9617107030900134,0.8134084560390134,15.390000343322754,22.26,740.1732702781451,146.2460746456743,0.028664149246800497,-0.017263344917820223,1570.0,647.0,375229.0,3.27
2024-09-25,43700.0,44200.0,42450.0,42500.0,84491,493017850000.0,-0.010477299185098987,-0.013436232444576257,0.00295893325947727,-0.6544715447154476,44165.0,52385.833333333336,0.9623004641684592,0.8112880390690868,15.40999984741211,23.91,740.1732702781451,146.2460746456743,0.0364936916668297,0.00453015869892337,1109.0,4954.0,380195.0,3.31
2024-09-26,44500.0,46100.0,43700.0,45200.0,166110,524338984000.0,0.06352941176470583,0.028983329488937226,0.03454608227576861,-0.6325203252032524,43900.0,52014.166666666664,1.029612756264237,0.868994024063957,15.369999885559082,25.63,740.1732702781451,146.2460746456743,0.053614284046083815,0.06616916478204637,4668.0,-4064.0,375990.0,3.27
2024-09-27,45950.0,46200.0,44500.0,44500.0,91578,516218690000.0,-0.015486725663716783,-0.008156267103217485,-0.007330458560499298,-0.6382113821138216,43550.0,51624.166666666664,1.0218140068886337,0.8619993865921969,16.959999084472656,25.4,740.1732702781451,146.2460746456743,0.03017455697474658,0.06370931538209901,-1312.0,-13934.0,362007.0,3.15
2024-09-30,44050.0,44200.0,42600.0,43050.0,65546,499398081000.0,-0.032584269662921383,-0.021326302236725714,-0.01125796742619567,-0.6500000000000004,43102.5,51253.333333333336,0.9987819732034104,0.8399453694068678,16.729999542236328,25.44,845.3302090786368,3.7349311997121846,0.01595765628907364,0.03502585805938885,1434.0,369.0,362376.0,3.15
2024-10-02,41650.0,42650.0,41100.0,42050.0,53022,487797661000.0,-0.023228803716608626,-0.012177705324611043,-0.011051098391997582,-0.6581300813008134,42805.0,50895.833333333336,0.9823618736128957,0.8261972984036021,18.899999618530273,25.89,845.3302090786368,3.7349311997121846,-0.02963952437869255,0.007865491156553328,1106.0,-787.0,361590.0,3.15
2024-10-04,42050.0,43450.0,41900.0,42650.0,44325,494757913000.0,0.014268727705113005,0.0031307534146178817,0.011137974290495123,-0.6532520325203256,42542.5,50481.666666666664,1.002526884879826,0.8448611707220444,19.209999084472656,25.84,845.3302090786368,3.7349311997121846,-0.01117109152769813,0.01604453218757118,3898.0,2674.0,364126.0,3.17
2024-10-07,43000.0,44550.0,42250.0,44250.0,47921,513318585000.0,0.0375146541617819,0.015826658452988474,0.02168799570879343,-0.6402439024390247,42427.5,50105.833333333336,1.0429556301926817,0.8831307066708799,22.639999389648438,25.41,845.3302090786368,3.7349311997121846,0.02177487160729097,0.0031864456205960012,-461.0,4669.0,368818.0,3.21
2024-10-08,43900.0,44550.0,42800.0,43400.0,40590,503458228000.0,-0.019209039548022555,-0.006136951750242869,-0.013072087797779686,-0.6471544715447158,42235.0,49714.166666666664,1.027583757547058,0.8729905962418493,21.420000076293945,25.62,845.3302090786368,3.7349311997121846,0.019753882201508866,-0.0025551836166843866,-125.0,-6229.0,362570.0,3.16
2024-10-10,43800.0,44450.0,42050.0,42200.0,58975,489537724000.0,-0.027649769585253448,0.0018500919258543913,-0.02949986151110784,-0.6569105691056915,42170.0,49262.5,1.0007114062129476,0.8566353717330627,20.93000030517578,23.27,845.3302090786368,3.7349311997121846,-0.020883953600094096,-0.020797077701596556,-835.0,-17138.0,345423.0,3.01
2024-10-11,42300.0,45050.0,42300.0,43800.0,146576,508098396000.0,0.03791469194312791,-0.000865664320812809,0.03878035626394072,-0.6439024390243906,42257.5,48845.833333333336,1.0365023960243744,0.8966987972362023,20.459999084472656,21.99,845.3302090786368,3.7349311997121846,-0.003791593044946806,0.029034376954341745,8990.0,32294.0,377991.0,3.29
2024-10-14,43300.0,45400.0,43200.0,43900.0,75820,509258438000.0,0.0022831050228311334,0.010158275737681466,-0.007875170714850332,-0.6430894308943094,42470.0,48439.166666666664,1.0336708264657406,0.9062913964250693,19.700000762939453,21.81,845.3302090786368,3.7349311997121846,0.0014053240379825471,0.01002123194899629,-963.0,-17379.0,360587.0,3.14
2024-10-15,44850.0,45200.0,42900.0,43200.0,85408,501138144000.0,-0.015945330296127547,0.0038729656111551325,-0.01981829590728268,-0.6487804878048785,42587.5,48047.5,1.0143821543880247,0.8991102554763515,20.639999389648438,21.24,845.3302090786368,3.7349311997121846,0.011086889641807707,-0.03148505966707982,-5050.0,-11133.0,349530.0,3.04
2024-10-16,42500.0,42700.0,40750.0,40850.0,94528,473877157000.0,-0.05439814814814814,-0.008767906805946746,-0.045630241342201394,-0.667886178861789,42630.0,47596.666666666664,0.9582453671123622,0.8582533790881715,19.579999923706055,21.65,845.3302090786368,3.7349311997121846,-0.0733237079643344,-0.06404321321150153,-2286.0,-22135.0,327363.0,2.85
2024-10-17,41400.0,41600.0,40100.0,41550.0,63079,481997451000.0,0.017135862913096656,-0.00040609668786162345,0.01754195960095828,-0.6621951219512199,42725.0,47172.5,0.9724985371562317,0.8808097938417511,19.110000610351562,21.09,845.3302090786368,3.7349311997121846,-0.047906577648525794,-0.01700139209943541,-296.0,-5778.0,321567.0,2.8
2024-10-18,41550.0,41550.0,38950.0,39150.0,111064,454156443000.0,-0.0577617328519856,-0.005932618012137847,-0.051829114839847756,-0.6817073170731711,42545.0,46770.0,0.9202021389117405,0.8370750481077613,18.030000686645508,20.75,845.3302090786368,3.7349311997121846,-0.07991739658109087,-0.10761086320322388,-8038.0,-45338.0,276143.0,2.4
2024-10-21,39200.0,39400.0,38350.0,38800.0,60291,450096296000.0,-0.008939974457215838,0.0042793459928180955,-0.013219320450033933,-0.6845528455284556,42385.0,46390.0,0.9154181903975463,0.8363871524035352,18.3700008392334,20.9,845.3302090786368,3.7349311997121846,-0.04750647568892341,-0.11295501293840748,-10636.0,17378.0,293462.0,2.55
2024-10-22,38550.0,39300.0,37000.0,37050.0,95771,429795561000.0,-0.045103092783505105,-0.013136668968500853,-0.03196642381500425,-0.6987804878048783,42190.0,46034.166666666664,0.8781701825077033,0.8048369870205102,18.200000762939453,21.7,845.3302090786368,3.7349311997121846,-0.09701485910488594,-0.12510314084612906,-17029.0,15145.0,308594.0,2.69
2024-10-23,37250.0,39000.0,36700.0,38750.0,86891,449516275000.0,0.045883940620782715,0.011249918918947222,0.03463402170183549,-0.6849593495934962,42080.0,45726.666666666664,0.9208650190114068,0.8474267385916314,19.239999771118164,21.54,845.3302090786368,3.7349311997121846,-0.010551722563202692,-0.04483887780209217,1535.0,24947.0,333485.0,2.9
2024-10-24,38000.0,38600.0,37250.0,37300.0,42174,432695666000.0,-0.03741935483870973,-0.00715107863941955,-0.03026827619929018,-0.6967479674796752,41855.0,45410.0,0.8911719029984471,0.8214049768773398,19.079999923706055,22.09,845.3302090786368,3.7349311997121846,-0.027600678312458937,-0.09264911360234063,754.0,-7806.0,325674.0,2.83
2024-10-25,37500.0,37950.0,36650.0,36850.0,47855,427475477000.0,-0.012064343163538882,0.0008678667853334598,-0.012932209948872342,-0.700406504065041,41550.0,45105.833333333336,0.8868832731648616,0.8169675023555711,20.329999923706055,22.12,845.3302090786368,3.7349311997121846,-0.008566464446327027,-0.05375220871136521,1968.0,799.0,326339.0,2.84
2024-10-28,36850.0,38350.0,36850.0,38350.0,70500,444876107000.0,0.04070556309362283,0.011287984565649944,0.029417578527972887,-0.6882113821138215,41342.5,44843.333333333336,0.9276168591642983,0.8551995837359696,19.799999237060547,21.92,845.3302090786368,3.7349311997121846,-0.013782907620189633,-0.011115309733358392,-16453.0,20273.0,346668.0,3.02
2024-10-29,37900.0,38400.0,36950.0,38300.0,48412,444296086000.0,-0.0013037809647978849,0.0020556023809326085,-0.0033593833457304934,-0.6886178861788621,40997.5,44598.333333333336,0.934203305079578,0.8587764864157853,19.34000015258789,21.44,845.3302090786368,3.7349311997121846,0.013125985233370052,0.017491730735915367,-1645.0,-4936.0,341734.0,2.97
2024-10-30,38150.0,38850.0,37600.0,37650.0,35113,436755813000.0,-0.016971279373368175,-0.009171827228123597,-0.007799452145244579,-0.6939024390243906,40655.0,44350.833333333336,0.9260853523551839,0.8489130230548091,20.350000381469727,21.55,845.3302090786368,3.7349311997121846,0.018258743036997815,-0.024941743111164705,-347.0,-6218.0,335538.0,2.92
2024-10-31,37000.0,40450.0,36500.0,39500.0,195117,458216590000.0,0.049136786188578974,-0.014511635927306865,0.06364842211588584,-0.6788617886178866,40477.5,44149.166666666664,0.9758507812982521,0.8946941240869024,23.15999984741211,22.65,845.3302090786368,3.7349311997121846,0.05248958662491077,0.06897495520401131,-4056.0,35319.0,370906.0,3.23
2024-11-01,38500.0,40700.0,38200.0,38950.0,73549,451836359000.0,-0.013924050632911356,-0.005394752048473728,-0.008529298584437628,-0.6833333333333336,40322.5,43928.333333333336,0.9659619319238638,0.8866714724741055,21.8799991607666,22.95,845.3302090786368,3.7349311997121846,0.04731967138620363,0.07337786656844603,1567.0,-17393.0,353554.0,3.08
2024-11-04,38950.0,40450.0,38500.0,40100.0,100522,465176842000.0,0.029525032092426295,0.018333305004740508,0.011191727087685788,-0.6739837398373987,40195.0,43710.0,0.9976365219554671,0.9174102036147335,21.979999542236328,22.83,845.3302090786368,3.7349311997121846,0.066310850619134,0.05515201512815893,296.0,-1951.0,351912.0,3.06
2024-11-05,40100.0,40750.0,39400.0,40050.0,57327,464596821000.0,-0.0012468827930174342,-0.004669844775117893,0.0034229619821004587,-0.6743902439024393,39985.0,43544.166666666664,1.0016256096036014,0.9197558034945362,20.489999771118164,22.52,845.3302090786368,3.7349311997121846,0.0060853904853486185,0.06193436045598988,413.0,1220.0,353130.0,3.07
2024-11-06,40250.0,41200.0,38700.0,39100.0,83286,453576422000.0,-0.02372034956304614,-0.00518839591090392,-0.01853195365214222,-0.6821138211382116,39770.0,43516.666666666664,0.9831531305003771,0.8985063194178476,16.270000457763672,20.72,845.3302090786368,3.7349311997121846,-0.003917264582355973,0.05120185894909224,417.0,-3643.0,349487.0,3.04
2024-11-07,39250.0,39500.0,38000.0,39500.0,56134,458216590000.0,0.010230179028132946,0.0004368514429859971,0.00979332758514695,-0.6788617886178865,39635.0,43440.833333333336,0.9965939195155796,0.9092827408927852,15.199999809265137,19.77,845.3302090786368,3.7349311997121846,-0.005315664084894811,-0.0026532355816466513,-1655.0,10416.0,359710.0,3.13
2024-11-08,39900.0,41100.0,39800.0,40700.0,100226,472137094000.0,0.030379746835442978,-0.0013569133277561152,0.03173666016319909,-0.6691056910569108,39480.0,43377.5,1.0309017223910841,0.9382744510402858,14.9399995803833,19.03,845.3302090786368,3.7349311997121846,0.022998034096203823,0.03761272316599007,4746.0,14454.0,374143.0,3.26
2024-11-11,40800.0,40800.0,36300.0,37100.0,176590,430375582000.0,-0.0884520884520884,-0.011514355410196075,-0.07693773304189233,-0.6983739837398376,39140.0,43248.333333333336,0.9478794072560041,0.8578365254923118,14.970000267028809,19.82,845.3302090786368,3.7349311997121846,-0.03540774529354629,-0.05051673696358805,1901.0,-55125.0,318433.0,2.77
2024-11-12,36800.0,36800.0,34050.0,34450.0,147469,399634469000.0,-0.0714285714285714,-0.019390378429264832,-0.052038192999306565,-0.7199186991869921,38702.5,43074.166666666664,0.8901233770428267,0.7997833194683589,14.710000038146973,21.62,845.3302090786368,3.7349311997121846,-0.0972392658779998,-0.10597789194499507,-26539.0,27485.0,345716.0,3.01
2024-11-13,33850.0,36750.0,33850.0,35400.0,148288,410654868000.0,0.027576197387518153,-0.02637991614780666,0.05395611353532481,-0.7121951219512197,38430.0,42889.166666666664,0.9211553473848556,0.8253832552897974,14.020000457763672,24.86,845.3302090786368,3.7349311997121846,-0.07501981250587408,-0.03348982475752804,-1447.0,39362.0,385117.0,3.35
2024-11-14,35200.0,35900.0,33150.0,33150.0,103845,384553923000.0,-0.06355932203389836,0.0007364378669059146,-0.06429575990080427,-0.730487804878049,38010.0,42681.666666666664,0.8721389108129439,0.7766800734116912,14.3100004196167,23.41,845.3302090786368,3.7349311997121846,-0.062377839364786025,-0.10757891224347926,7276.0,-31752.0,353362.0,3.08
2024-11-15,32700.0,35050.0,32700.0,34350.0,90232,398474427000.0,0.03619909502262453,-0.0008268357454254138,0.03702593076804994,-0.7207317073170734,37770.0,42484.166666666664,0.90945194598888,0.8085365136031071,16.139999389648438,21.74,845.3302090786368,3.7349311997121846,0.02668628440257048,-0.10228964163862841,6779.0,13752.0,367247.0,3.2
2024-11-18,35150.0,35900.0,34450.0,34900.0,75691,404854658000.0,0.01601164483260553,0.021602392615596377,-0.005590747782990846,-0.7162601626016263,37575.0,42286.666666666664,0.9288090485695276,0.8253192495664513,15.579999923706055,21.09,845.3302090786368,3.7349311997121846,-0.03286057691574518,-0.03094265637972693,-630.0,1486.0,368641.0,3.21
2024-11-19,35000.0,35800.0,33850.0,33950.0,96724,393834259000.0,-0.027220630372492782,0.0011663835908932718,-0.028387013963386054,-0.7239837398373985,37420.0,42051.666666666664,0.9072688401924105,0.8073401767666759,16.350000381469727,20.01,845.3302090786368,3.7349311997121846,0.0030481690216730417,-0.007291477343806418,697.0,-18606.0,349984.0,3.05
2024-11-20,34400.0,34450.0,33200.0,33550.0,55522,389194091000.0,-0.01178203240058906,0.0041829681404848,-0.01596500054107386,-0.7272357723577237,37160.0,41675.833333333336,0.9028525296017222,0.8050228949631081,17.15999984741211,19.93,845.3302090786368,3.7349311997121846,-0.04994276228745076,-0.07721259142020509,-402.0,-6833.0,343188.0,2.99
2024-11-21,33550.0,33700.0,32850.0,33400.0,76100,387454028000.0,-0.0044709388971684305,-0.0006688002706674023,-0.003802138626501028,-0.7284552845528457,36965.0,41320.833333333336,0.9035574191803057,0.8083089644045578,16.8700008392334,19.46,845.3302090786368,3.7349311997121846,-0.04815415313096094,-0.016718970145901846,3248.0,-2428.0,340849.0,2.97
2024-11-22,33600.0,34400.0,31850.0,31950.0,126873,370633419000.0,-0.04341317365269459,0.008308416972913069,-0.05172159062560766,-0.7402439024390245,36720.0,40976.666666666664,0.8700980392156863,0.7797120312372896,15.239999771118164,18.91,845.3302090786368,3.7349311997121846,-0.07148872979318255,-0.10546649153955945,4862.0,-11406.0,329447.0,2.87
2024-11-25,32450.0,34550.0,32450.0,33400.0,274349,387454028000.0,0.04538341158059467,0.01323347531043928,0.03214993627015539,-0.7284552845528457,36472.5,40660.0,0.9157584481458633,0.8214461387112642,14.600000381469727,18.59,845.3302090786368,3.7349311997121846,-0.0233737929819533,-0.06772580748641321,4199.0,34133.0,363674.0,3.17
2024-11-26,33550.0,33900.0,33200.0,33750.0,61171,391514175000.0,0.010479041916167775,-0.005516221179449388,0.015995263095617163,-0.7256097560975611,36245.0,40380.833333333336,0.9311629190233136,0.8357925583507027,14.100000381469727,18.5,845.3302090786368,3.7349311997121846,-0.00357639125983511,-0.023343530427409998,-447.0,-2135.0,361039.0,3.14
2024-11-27,34050.0,34050.0,31500.0,31950.0,110803,370633419000.0,-0.053333333333333344,-0.006864117860451935,-0.04646921547288141,-0.7402439024390245,35960.0,40055.0,0.8884872080088988,0.7976532268131319,14.100000381469727,18.2,845.3302090786368,3.7349311997121846,0.001675983892891142,-0.05384774535921755,-9695.0,-27499.0,333985.0,2.91
2024-11-28,31950.0,32550.0,31450.0,32200.0,41377,373533524000.0,0.00782472613458518,0.0006431580719459262,0.007181568062639254,-0.7382113821138213,35595.0,39725.0,0.904621435594887,0.8105726872246696,14.100000381469727,17.72,845.3302090786368,3.7349311997121846,-0.023292384314624992,-0.042864038670077265,1203.0,2712.0,336720.0,2.93
2024-11-29,32200.0,32250.0,30550.0,31100.0,86837,360773062000.0,-0.03416149068322982,-0.019467638965027012,-0.01469385171820281,-0.7471544715447156,35202.5,39443.333333333336,0.8834599815354023,0.7884729147299924,13.510000228881836,19.34,845.3302090786368,3.7349311997121846,-0.053981499128444965,-0.0058362997626724145,813.0,-9472.0,327139.0,2.85
2024-12-02,31400.0,31600.0,30250.0,30300.0,48070,351492726000.0,-0.025723472668810254,-0.0005822410804136036,-0.02514123158839665,-0.753658536585366,34712.5,39150.0,0.8728844076341375,0.7739463601532567,13.34000015258789,19.94,845.3302090786368,3.7349311997121846,-0.03265351524396021,-0.06312746762122445,-2193.0,2833.0,329978.0,2.87
2024-12-03,30200.0,31400.0,30200.0,31100.0,51787,360773062000.0,0.0264026402640265,0.018586469456062682,0.007816170807963818,-0.7471544715447156,34265.0,38892.5,0.907631694148548,0.7996400334254676,13.300000190734863,19.07,845.3302090786368,3.7349311997121846,-0.03201891249863564,-0.0713065599088778,-1703.0,20673.0,350678.0,3.05
2024-12-04,30350.0,31000.0,29800.0,30200.0,73474,350332684000.0,-0.02893890675241162,-0.014439460920021796,-0.014499445832389823,-0.7544715447154473,33820.0,38608.333333333336,0.892962743938498,0.7822145478091949,13.449999809265137,21.34,845.3302090786368,3.7349311997121846,-0.031824506612822656,-0.03933679026838621,-4731.0,6964.0,357406.0,3.08
2024-12-05,30450.0,31350.0,30050.0,30750.0,74294,356712915000.0,0.01821192052980125,-0.00898940841872975,0.027201328948531,-0.7500000000000002,33382.5,38395.833333333336,0.9211413165580769,0.8008681497558329,13.539999961853027,20.73,845.3302090786368,3.7349311997121846,0.020518053924104995,-0.019317029382494466,-686.0,20022.0,377547.0,3.26
2024-12-06,30350.0,30450.0,27850.0,29450.0,117922,341632369000.0,-0.042276422764227606,-0.005606480741801145,-0.03666994202242646,-0.7605691056910572,32820.0,38185.833333333336,0.8973187081048142,0.771228422407961,12.770000457763672,22.0,845.3302090786368,3.7349311997121846,-0.023968058906285283,-0.041293119686718116,6152.0,-20987.0,356422.0,3.07
2024-12-09,28800.0,28800.0,27450.0,27550.0,86049,319591571000.0,-0.06451612903225812,-0.027831706489902297,-0.03668442254235582,-0.7760162601626018,32342.5,37984.166666666664,0.8518203602071578,0.7253022092538558,14.1899995803833,23.45,845.3302090786368,3.7349311997121846,-0.04615303561625128,-0.052836310640677286,4898.0,18460.0,374762.0,3.23
2024-12-10,27600.0,29200.0,27600.0,29150.0,71375,338152243000.0,0.05807622504537213,0.02425675379379899,0.03381947125157314,-0.763008130081301,32077.5,37789.166666666664,0.9087366534175045,0.7713850971398329,14.180000305175781,21.62,845.3302090786368,3.7349311997121846,-0.03953489331320914,-0.026833010197067964,607.0,23843.0,398633.0,3.44
2024-12-11,29350.0,31950.0,28950.0,31550.0,123236,365993251000.0,0.0823327615780447,0.010203289290534823,0.07212947228750988,-0.7434959349593497,31885.0,37648.333333333336,0.9894934922377293,0.8380185045818761,13.579999923706055,20.6,845.3302090786368,3.7349311997121846,0.0692645209967272,0.05979590792283174,10216.0,30964.0,429729.0,3.71
2024-12-12,32100.0,32850.0,31200.0,32150.0,161280,372953503000.0,0.019017432646592614,0.016216968308627733,0.002800464337964881,-0.738617886178862,31835.0,37523.333333333336,1.0098947699073346,0.8568002132006751,13.920000076293945,19.91,845.3302090786368,3.7349311997121846,0.1087494078770479,0.03539504331226562,43292.0,-39331.0,389970.0,3.36
2024-12-13,32800.0,33950.0,31900.0,33600.0,97410,389774112000.0,0.04510108864696738,0.00497149338766989,0.04012959525929749,-0.7268292682926831,31797.5,37370.833333333336,1.0566868464501926,0.8990968892853161,13.8100004196167,19.49,845.3302090786368,3.7349311997121846,0.11505953188477225,0.11219458059398957,1946.0,18.0,390171.0,3.36
2024-12-16,35400.0,36750.0,34700.0,35300.0,247883,409494826000.0,0.05059523809523814,-0.002200873263290104,0.05279611135852824,-0.7130081300813009,31817.5,37259.166666666664,1.1094523454074017,0.9474178613763952,14.6899995803833,18.88,845.3302090786368,3.7349311997121846,0.09572617095579061,0.20167511449487363,-2646.0,-44132.0,345964.0,2.98
2024-12-17,36950.0,40600.0,36350.0,38300.0,788561,444296086000.0,0.08498583569405094,-0.012920972325065838,0.09790680801911678,-0.688617886178862,32035.0,37215.0,1.1955673482128921,1.029154910654306,15.869999885559082,18.36,845.3302090786368,3.7349311997121846,0.1908325146369425,0.26576245126241727,19369.0,-85121.0,259769.0,2.24
2024-12-18,37900.0,43050.0,37800.0,42500.0,942490,493017850000.0,0.10966057441253274,0.01124216866104999,0.09841840575148275,-0.6544715447154473,32482.5,37240.833333333336,1.3083968290618024,1.14122043455884,27.6200008392334,17.96,845.3302090786368,3.7349311997121846,0.24912132512912777,0.29205138472639014,23142.0,9411.0,267886.0,2.31
2024-12-19,40800.0,43650.0,40550.0,41100.0,418343,476777262000.0,-0.03294117647058825,-0.019521580939886873,-0.013419595530701378,-0.6658536585365855,32867.5,37229.166666666664,1.2504753936259223,1.1039731393396754,24.09000015258789,20.3,845.3302090786368,3.7349311997121846,0.18290561823989815,0.2758313248577239,-1555.0,-74418.0,192925.0,1.66
2024-12-20,42000.0,42500.0,40200.0,40650.0,258941,471557073000.0,-0.010948905109489093,-0.013046364299760804,0.002097459190271711,-0.6695121951219514,33302.5,37190.833333333336,1.2206290819007581,1.0930112706984247,18.360000610351562,21.45,845.3302090786368,3.7349311997121846,0.08709626941105308,0.2377991887886981,10256.0,-13316.0,181424.0,1.56
2024-12-23,41650.0,43350.0,40750.0,41150.0,295405,477357283000.0,0.012300123001230068,0.015747814803463767,-0.003447691802233699,-0.6654471544715449,33690.0,37168.333333333336,1.2214306915998814,1.107125241020582,16.780000686645508,20.07,845.3302090786368,3.7349311997121846,-0.014769828142663366,0.18155538562793616,7028.0,-20008.0,161638.0,1.39
2024-12-24,41950.0,43350.0,41000.0,41100.0,253754,476777262000.0,-0.0012150668286755595,-0.0006101491101250245,-0.000604917718550535,-0.6658536585365855,34057.5,37100.0,1.2067826469940541,1.1078167115902966,14.270000457763672,20.02,845.3302090786368,3.7349311997121846,-0.001955150330512523,0.08304365989026885,7759.0,-6971.0,154647.0,1.33
2024-12-26,38150.0,39150.0,36800.0,36900.0,427104,428055498000.0,-0.1021897810218978,-0.00444581383042042,-0.09774396719147738,-0.7000000000000002,34305.0,36973.333333333336,1.075644949715785,0.9980165885322755,14.729999542236328,20.49,845.3302090786368,3.7349311997121846,-0.10179657671226161,-0.11311871305269128,-19856.0,25997.0,181359.0,1.56
2024-12-27,36500.0,38050.0,36500.0,37750.0,149310,437915855000.0,0.023035230352303593,-0.010248265461727635,0.03328349581403123,-0.6930894308943092,34582.5,36885.0,1.0915925684956265,1.0234512674528942,15.949999809265137,20.88,845.3302090786368,3.7349311997121846,-0.06506538909599668,-0.06641562170795867,8649.0,16874.0,198534.0,1.71
2024-12-30,37750.0,39150.0,37200.0,39100.0,119288,453576422000.0,0.03576158940397356,-0.0021956483380910496,0.03795723774206461,-0.6821138211382116,34982.5,36835.833333333336,1.1177017079968556,1.0614664163065854,17.399999618530273,21.14,845.3302090786368,3.7349311997121846,-0.02650323363538154,-0.030555843156165774,-6803.0,4142.0,200203.0,1.73
2025-01-02,39100.0,41600.0,37600.0,41500.0,182762,481417430000.0,0.0613810741687979,-0.00022923572524313762,0.06161030989404104,-0.6626016260162603,35542.5,36816.666666666664,1.1676162340859535,1.1272068809416027,17.93000030517578,20.7,845.3302090786368,3.7349311997121846,0.13285104345013687,0.03450215854010896,2488.0,-149.0,199909.0,1.72
2025-01-03,41550.0,45400.0,40750.0,43000.0,423054,498818060000.0,0.03614457831325302,0.017916238638119086,0.01822833967513393,-0.6504065040650409,36137.5,36795.833333333336,1.189899688689035,1.168610576378666,16.1299991607666,20.31,845.3302090786368,3.7349311997121846,0.11779588731123958,0.05333541593379343,6101.0,-24983.0,174733.0,1.51
2025-01-06,43200.0,45650.0,43200.0,44750.0,311656,519118795000.0,0.04069767441860472,0.019132474527359333,0.02156519989124539,-0.636178861788618,36865.0,36818.333333333336,1.2138885121388852,1.2154270970078311,16.040000915527344,20.71,845.3302090786368,3.7349311997121846,0.10140384946042036,0.1726445830165162,12968.0,-6212.0,169331.0,1.46
2025-01-07,45700.0,45750.0,43500.0,44200.0,260859,512738564000.0,-0.012290502793296132,0.001390400068906894,-0.013680902862203026,-0.6406504065040652,37537.5,36851.666666666664,1.1774891774891776,1.1994030120754375,17.81999969482422,20.24,845.3302090786368,3.7349311997121846,0.026112636704176295,0.12568018434028194,-2831.0,-22073.0,147451.0,1.27
2025-01-08,43350.0,45550.0,43200.0,45050.0,169986,522598921000.0,0.019230769230769162,0.011616688751427517,0.007614080479341645,-0.6337398373983743,38317.5,36872.5,1.1757030077640764,1.221777747643908,17.700000762939453,20.2,845.3302090786368,3.7349311997121846,0.01549837750838401,0.09533702707755898,-1104.0,2633.0,152476.0,1.31
2025-01-09,45800.0,46650.0,44600.0,44650.0,228689,517958753000.0,-0.008879023307436174,0.0003371029924694735,-0.009216126299905647,-0.6369918699186995,39172.5,36885.0,1.1398302380496521,1.210519181238986,17.700000762939453,19.9,845.3302090786368,3.7349311997121846,-0.015282948682767028,0.024510590883612293,-2248.0,-28252.0,124422.0,1.07
2025-01-10,44650.0,45200.0,43850.0,44300.0,113776,513898606000.0,-0.007838745800671898,-0.0024266914960373587,-0.005412054304634539,-0.6398373983739839,39930.0,36903.333333333336,1.1094415226646632,1.2004335651702647,19.540000915527344,19.92,845.3302090786368,3.7349311997121846,-0.007014100125198541,0.0008701969038438229,-2741.0,3442.0,127839.0,1.1
2025-01-13,43300.0,43950.0,42350.0,42900.0,134199,497658018000.0,-0.03160270880361171,-0.01042220321243792,-0.021180505591173793,-0.6512195121951221,40497.5,36937.5,1.0593246496697326,1.1614213197969543,19.190000534057617,20.49,845.3302090786368,3.7349311997121846,-0.03580868619571398,-0.04187550857857536,-28313.0,10822.0,138539.0,1.19
2025-01-14,43000.0,43900.0,42950.0,43400.0,79778,503458228000.0,0.011655011655011593,0.003149088017755375,0.008505923637256219,-0.6471544715447156,41060.0,36968.333333333336,1.0569897710667315,1.1739777286867137,18.709999084472656,19.25,845.3302090786368,3.7349311997121846,-0.018086636258552113,-0.019688682079116115,343.0,2207.0,140745.0,1.21
2025-01-15,43400.0,46650.0,43000.0,44900.0,366087,520858858000.0,0.034562211981566726,-0.00023618313969120397,0.03479839512125793,-0.6349593495934962,41625.0,37064.166666666664,1.0786786786786786,1.2114126402410235,16.1200008392334,19.26,845.3302090786368,3.7349311997121846,0.022123813167340356,0.00749563256280017,23535.0,14713.0,155417.0,1.34
2025-01-16,46350.0,50900.0,45850.0,47550.0,653644,551599971000.0,0.059020044543429906,0.012287651411459155,0.04673239313197075,-0.6134146341463417,42237.5,37210.0,1.1257768570583013,1.277882289707068,16.600000381469727,18.14,845.3302090786368,3.7349311997121846,0.0900367118904849,0.06344415199467657,10311.0,14120.0,169369.0,1.46
2025-01-17,47650.0,48900.0,46800.0,47100.0,223156,546379782000.0,-0.009463722397476393,-0.0015588356121974956,-0.007904886785278897,-0.6170731707317075,42677.5,37377.5,1.1036260324526976,1.260116380175239,15.970000267028809,17.68,845.3302090786368,3.7349311997121846,0.07362590146794978,0.06095131951403221,18694.0,-28270.0,141244.0,1.22
2025-01-20,47700.0,49150.0,47500.0,48600.0,242220,563780412000.0,0.031847133757961776,-0.0013869350447894835,0.03323406880275126,-0.6048780487804881,42982.5,37541.666666666664,1.130692723782935,1.2945615982241954,15.970000267028809,18.45,845.3302090786368,3.7349311997121846,0.07206157514944311,0.11536589390795726,10962.0,-1397.0,139939.0,1.21
2025-01-21,48850.0,48950.0,46200.0,47200.0,251360,547539824000.0,-0.028806584362139898,-0.0008015791322039112,-0.028005005229935986,-0.6162601626016263,43287.5,37706.666666666664,1.0903840600635288,1.2517680339462518,15.0600004196167,18.3,845.3302090786368,3.7349311997121846,-0.002675823212463624,0.07885496504076506,-18612.0,-14809.0,124927.0,1.08
2025-01-22,47500.0,47700.0,46150.0,47300.0,130251,548699866000.0,0.0021186440677967155,0.011528865406335687,-0.009410221338538971,-0.615447154471545,43620.0,37880.833333333336,1.0843649701971572,1.248652572761071,15.100000381469727,17.67,845.3302090786368,3.7349311997121846,-0.004181157765723698,0.034646348580968156,-3116.0,905.0,125607.0,1.08
2025-01-23,49100.0,50400.0,47000.0,47000.0,366269,545219740000.0,-0.006342494714587699,-0.012394709050090102,0.006052214335502404,-0.6178861788617888,43912.5,38025.0,1.0703102761172787,1.2360289283366206,15.020000457763672,17.79,845.3302090786368,3.7349311997121846,-0.031363012232972554,-0.006033830215500191,7116.0,-30978.0,94637.0,0.82
2025-01-24,47450.0,48250.0,46550.0,47000.0,136495,545219740000.0,0.0,0.0084715338468766,-0.0084715338468766,-0.6178861788617888,44207.5,38170.0,1.0631680144771816,1.2313335079905685,14.850000381469727,17.96,845.3302090786368,3.7349311997121846,-0.011829540849913167,-0.006600477277097894,6998.0,-3223.0,91392.0,0.79
2025-01-31,46400.0,48000.0,45050.0,45250.0,188288,524919005000.0,-0.037234042553191515,-0.0076592286607691795,-0.029574813892422336,-0.6321138211382116,44625.0,38296.666666666664,1.0140056022408963,1.1815649751936637,16.43000030517578,18.79,845.3302090786368,3.7349311997121846,-0.03199413340379653,-0.06940935997227149,-7822.0,-12412.0,78188.0,0.67
2025-02-03,43550.0,43700.0,38850.0,39700.0,312154,460536674000.0,-0.1226519337016575,-0.025193024093922434,-0.09745890960773507,-0.6772357723577237,44722.5,38300.0,0.8876963497121136,1.0365535248041775,18.6200008392334,22.08,845.3302090786368,3.7349311997121846,-0.135505257347034,-0.13886326435007057,-44302.0,-6480.0,71870.0,0.62
2025-02-04,40850.0,43100.0,40500.0,41850.0,196997,485477577000.0,0.05415617128463479,0.011304220047816393,0.0428519512368184,-0.6597560975609759,44860.0,38348.333333333336,0.9329023629068213,1.0913120952670694,17.209999084472656,20.91,845.3302090786368,3.7349311997121846,-0.084181772263339,-0.0866010917747132,1368.0,27365.0,99517.0,0.86
2025-02-05,42650.0,43500.0,42450.0,43200.0,115925,501138144000.0,0.032258064516129004,0.01111342624428402,0.021144638271844984,-0.6487804878048783,44945.0,38400.0,0.9611747691623095,1.125,15.770000457763672,20.06,845.3302090786368,3.7349311997121846,-0.033462320099071685,-0.07150866783837062,-435.0,-3047.0,96397.0,0.83
2025-02-06,44400.0,45000.0,43250.0,44600.0,142289,517378732000.0,0.03240740740740744,0.010951384368703243,0.021456023038704197,-0.6373983739837401,45025.0,38475.833333333336,0.9905607995558023,1.1591691754564553,15.5,19.12,845.3302090786368,3.7349311997121846,0.08545261254736758,-0.041581110952789824,5521.0,-2631.0,93635.0,0.81
2025-02-07,44850.0,52400.0,43450.0,51500.0,1058277,597421630000.0,0.1547085201793721,-0.005846093673006814,0.1605546138523789,-0.5813008130081304,45362.5,38682.5,1.1352989804353817,1.3313513862857882,16.540000915527344,19.29,845.3302090786368,3.7349311997121846,0.20315527516292808,0.14854831679201141,48758.0,77747.0,171368.0,1.48
2025-02-10,50500.0,54600.0,49750.0,54000.0,731398,626422680000.0,0.04854368932038833,-0.0002577014195069838,0.04880139073989531,-0.5609756097560978,45852.5,38924.166666666664,1.1776893299165803,1.3873129375495088,15.8100004196167,19.95,845.3302090786368,3.7349311997121846,0.2308120276309784,0.2948086171396418,36436.0,-81716.0,89047.0,0.77
2025-02-11,53500.0,56300.0,52600.0,53100.0,488223,615982302000.0,-0.01666666666666672,0.007052013135895985,-0.023718679802562703,-0.5682926829268296,46255.0,39130.833333333336,1.1479840017295428,1.3569861788444746,16.020000457763672,19.28,845.3302090786368,3.7349311997121846,0.1856373247897115,0.2282379861002607,21830.0,-10322.0,79110.0,0.68
2025-02-12,53200.0,53800.0,51800.0,52900.0,214010,613662218000.0,-0.0037664783427495685,0.003678479577159388,-0.007444957919908957,-0.5699186991869922,46667.5,39394.166666666664,1.1335511865859538,1.3428384067014998,15.890000343322754,18.8,845.3302090786368,3.7349311997121846,0.017637753017423652,0.19964838990850675,5291.0,-4642.0,73292.0,0.63
2025-02-13,54100.0,58600.0,53900.0,54300.0,730546,629902806000.0,0.026465028355387554,0.013647844624626648,0.012817183730760906,-0.5585365853658539,47167.5,39725.0,1.1512164096040707,1.3668974197608559,15.100000381469727,18.03,845.3302090786368,3.7349311997121846,-0.018346453991710754,0.19100955060056346,45050.0,-8974.0,64045.0,0.55
2025-02-14,60000.0,61500.0,56700.0,57400.0,890802,665864108000.0,0.057090239410681365,0.0030505646904579464,0.05403967472022342,-0.5333333333333337,47892.5,40091.666666666664,1.1985175131805605,1.4317189773435877,14.770000457763672,17.7,845.3302090786368,3.7349311997121846,0.05941190053107537,0.08449461146840798,39741.0,12368.0,77364.0,0.67
2025-02-17,58900.0,60000.0,57700.0,58400.0,256413,677464528000.0,0.017421602787456525,0.007475684638216684,0.00994591814923984,-0.5252032520325206,48642.5,40512.5,1.2005961864624557,1.441530391854366,14.770000457763672,18.06,845.3302090786368,3.7349311997121846,0.07680277660022417,0.045639138877752505,-2917.0,-6567.0,70390.0,0.61
2025-02-18,57800.0,57900.0,55100.0,55600.0,451840,644983352000.0,-0.047945205479452024,0.006278735685934178,-0.0542239411653862,-0.5479674796747971,49177.5,40866.666666666664,1.1305983427380408,1.3605220228384993,15.350000381469727,17.88,845.3302090786368,3.7349311997121846,0.009761651704077057,0.015133877514929006,-86626.0,-6223.0,64625.0,0.56
2025-02-19,56000.0,57000.0,53700.0,54700.0,393616,634542974000.0,-0.01618705035971224,0.017020629562167544,-0.033207679921879785,-0.5552845528455288,49535.0,41196.666666666664,1.1042697082870698,1.3277773282628045,15.270000457763672,18.49,845.3302090786368,3.7349311997121846,-0.07748570293802615,-0.010628844487041822,-46739.0,6317.0,70112.0,0.6
2025-02-20,54700.0,54900.0,51400.0,51700.0,260235,599741714000.0,-0.054844606946983565,-0.006535590528931712,-0.04830901641805185,-0.5796747967479677,49765.0,41492.5,1.0388827489199237,1.2460083147556786,15.65999984741211,18.64,845.3302090786368,3.7349311997121846,-0.13574063750531784,-0.07175504463585458,-29568.0,13510.0,84766.0,0.73
2025-02-21,51700.0,53300.0,51200.0,52600.0,131893,610182092000.0,0.01740812379110257,0.00019593359598868432,0.017212190195113886,-0.572357723577236,49965.0,41810.0,1.0527369158410889,1.2580722315235588,18.209999084472656,18.64,845.3302090786368,3.7349311997121846,-0.06430450614481775,-0.10858252916096411,-2587.0,-16001.0,68483.0,0.59
2025-02-24,51000.0,52000.0,50500.0,52000.0,125631,603221840000.0,-0.011406844106463865,-0.0035071681093629126,-0.007899675997100952,-0.5772357723577238,50205.0,42120.0,1.0357534110148392,1.2345679012345678,18.979999542236328,19.48,845.3302090786368,3.7349311997121846,-0.03899650222003892,-0.1264281233073049,-8128.0,-244.0,68043.0,0.59
2025-02-25,50900.0,51700.0,50500.0,51300.0,91146,595101546000.0,-0.013461538461538414,-0.005662930573493763,-0.007798607888044651,-0.582926829268293,50405.0,42442.5,1.0177561749826407,1.2086941155681217,19.43000030517578,19.6,845.3302090786368,3.7349311997121846,0.0015139063099682826,-0.08000279002996336,-11139.0,-2281.0,65212.0,0.56
2025-02-26,50800.0,50900.0,48750.0,49050.0,222152,569000601000.0,-0.04385964912280704,0.0041060296270498675,-0.04796567874985691,-0.6012195121951223,50507.5,42703.333333333336,0.9711428995693708,1.1486222777300756,19.100000381469727,19.93,845.3302090786368,3.7349311997121846,-0.06366396263500251,-0.09476078885794048,-29133.0,-4176.0,60576.0,0.52
2025-02-27,49800.0,50500.0,47650.0,48100.0,155860,557980202000.0,-0.01936799184505611,-0.007322767208623127,-0.012045224636432983,-0.6089430894308946,50562.5,42942.5,0.9512978986402967,1.1201024625953309,21.1299991607666,19.32,845.3302090786368,3.7349311997121846,-0.06780951127433454,-0.05849699707632161,-518.0,-351.0,59981.0,0.52
2025-02-28,46700.0,47650.0,46200.0,46950.0,132653,544639719000.0,-0.023908523908523938,-0.033935337352198,0.010026813443674065,-0.6182926829268296,50647.5,43192.5,0.9269954094476529,1.0869942698385135,19.6299991607666,22.86,845.3302090786368,3.7349311997121846,-0.04998408994261583,-0.06568237382776143,-2894.0,23293.0,83677.0,0.72
2025-03-04,45450.0,48100.0,44100.0,47600.0,143357,552179992000.0,0.013844515441959526,-0.0015240594829495357,0.015368574924909062,-0.6130081300813011,51042.5,43449.166666666664,0.93255620316403,1.0955330942288881,23.510000228881836,23.47,845.3302090786368,3.7349311997121846,0.013350163732150144,-0.04241412290575142,3807.0,-8057.0,75586.0,0.65
2025-03-05,47700.0,48800.0,46700.0,46850.0,84876,543479677000.0,-0.01575630252100846,0.011550370055151138,-0.027306672576159596,-0.6191056910569109,51292.5,43711.666666666664,0.9133888970122338,1.0717962405154993,21.93000030517578,22.17,845.3302090786368,3.7349311997121846,-0.001911284207576469,-0.06192218759386636,-3037.0,-20694.0,54907.0,0.47
2025-03-06,47400.0,47650.0,45500.0,45800.0,93794,531299236000.0,-0.022411953041622246,0.00704812895467688,-0.029460081996299126,-0.6276422764227645,51422.5,43970.0,0.8906607029996597,1.0416192858767341,24.8700008392334,21.27,845.3302090786368,3.7349311997121846,-0.04139817964754966,-0.04341659084030858,-9511.0,-2966.0,52163.0,0.45
2025-03-07,45750.0,46700.0,45250.0,45800.0,113897,531299236000.0,0.0,-0.004922028163322545,0.004922028163322545,-0.6276422764227645,51482.5,44215.0,0.8896226873209343,1.0358475630442157,23.3700008392334,21.97,845.3302090786368,3.7349311997121846,-0.05184472640913618,-0.02644933804055305,-2702.0,-4961.0,46233.0,0.4
2025-03-10,46000.0,47700.0,45800.0,45850.0,141366,531879257000.0,0.0010917030567685337,0.002695520215496794,-0.0016038171587282601,-0.627235772357724,51200.0,44475.833333333336,0.8955078125,1.0308969290438628,27.860000610351562,22.13,845.3302090786368,3.7349311997121846,-0.02614187099170484,-0.038079968642955375,-12033.0,-24380.0,21414.0,0.18
2025-03-11,44100.0,46500.0,44050.0,46250.0,91311,536519425000.0,0.008724100327153872,-0.012756739752421975,0.021480840079575847,-0.6239837398373986,50812.5,44734.166666666664,0.9102091020910209,1.0338853598107338,26.920000076293945,24.08,845.3302090786368,3.7349311997121846,0.02479905108417013,-0.03196770348828859,-5442.0,9572.0,31399.0,0.27
2025-03-12,46450.0,49350.0,46200.0,48650.0,167335,564360433000.0,0.051891891891891806,0.01466739016029428,0.037224501731597526,-0.6044715447154476,50590.0,45054.166666666664,0.9616525004941688,1.0798113382040138,24.229999542236328,23.08,845.3302090786368,3.7349311997121846,0.05710152465244511,0.03256347081946853,-308.0,10281.0,41015.0,0.35
2025-03-13,49300.0,49350.0,47100.0,47100.0,123509,546379782000.0,-0.031860226104830414,-0.0004583527197696835,-0.03140187338506073,-0.6170731707317076,50300.0,45380.0,0.9363817097415507,1.0379021595416482,24.65999984741211,23.11,845.3302090786368,3.7349311997121846,0.027303468426112643,0.030621679430706927,-9763.0,-32080.0,15594.0,0.13
2025-03-14,47250.0,49350.0,47250.0,49350.0,139649,572480727000.0,0.047770700636942776,-0.00282859508715394,0.050599295724096716,-0.5987804878048784,50052.5,45716.666666666664,0.9859647370261225,1.079475027342326,21.770000457763672,22.0,845.3302090786368,3.7349311997121846,0.05642192407063351,0.0762989469914811,7314.0,25408.0,41255.0,0.36
2025-03-17,50000.0,51700.0,49650.0,51200.0,262362,593941504000.0,0.037487335359675855,0.01727342700510892,0.020213908354566934,-0.5837398373983742,49742.5,46044.166666666664,1.0293008996331106,1.1119758203174488,20.510000228881836,20.85,845.3302090786368,3.7349311997121846,0.03941133069360292,0.09811667250477629,691.0,-24189.0,17652.0,0.15
2025-03-18,51900.0,51900.0,50000.0,50600.0,117449,586981252000.0,-0.01171875,0.0006320729467728103,-0.01235082294677281,-0.5886178861788621,49352.5,46351.666666666664,1.0252773415733751,1.0916543813598936,21.700000762939453,20.41,845.3302090786368,3.7349311997121846,0.05846238113189084,0.06428500947842763,106.0,-8074.0,9919.0,0.09
2025-03-19,49850.0,50900.0,49700.0,50500.0,91649,585821210000.0,-0.0019762845849802257,0.006231971622814525,-0.00820825620779475,-0.5894308943089434,49097.5,46633.333333333336,1.0285656092469067,1.082916368834882,19.899999618530273,20.33,845.3302090786368,3.7349311997121846,-0.00034517080000062705,0.01885225153903536,-7874.0,-443.0,11539.0,0.1
2025-03-20,50500.0,51100.0,48950.0,49500.0,98164,574220790000.0,-0.01980198019801982,0.003226019771096933,-0.023027999969116753,-0.5975609756097565,48837.5,46870.0,1.0135653954440746,1.056112652016215,19.799999237060547,19.6,845.3302090786368,3.7349311997121846,-0.043587079123684314,0.027226124954979336,4395.0,2666.0,16548.0,0.14
2025-03-21,50100.0,51500.0,49550.0,49600.0,174527,575380832000.0,0.002020202020202033,0.0022865211531444274,-0.0002663191329423942,-0.5967479674796751,48732.5,47058.333333333336,1.017801261991484,1.0540109792810342,19.280000686645508,19.66,845.3302090786368,3.7349311997121846,-0.0315025753098539,-0.023639489902059774,8882.0,-2171.0,16647.0,0.14
2025-03-24,49600.0,50100.0,48200.0,48400.0,52535,561460328000.0,-0.024193548387096753,-0.0041843628362887575,-0.020009185550807995,-0.6065040650406507,48522.5,47156.666666666664,0.9974753980112319,1.0263660139959003,17.479999542236328,19.68,845.3302090786368,3.7349311997121846,-0.04330350465286714,-0.0638625838074347,731.0,3856.0,20626.0,0.18
2025-03-25,48700.0,49150.0,46350.0,46500.0,86230,539419530000.0,-0.039256198347107474,-0.006177650800823886,-0.03307854754628359,-0.6219512195121955,48247.5,47246.666666666664,0.9637805067620084,0.9841964159729082,17.149999618530273,19.64,845.3302090786368,3.7349311997121846,-0.05335405223003398,-0.08459030840694548,-5100.0,3982.0,37197.0,0.32
2025-03-26,46500.0,46950.0,45500.0,46600.0,39038,540579572000.0,0.0021505376344086446,0.01075379411440247,-0.008603256479993826,-0.621138211382114,48012.5,47345.833333333336,0.9705805779744858,0.9842471178385989,18.329999923706055,19.67,845.3302090786368,3.7349311997121846,-0.06169098957708541,-0.08498530867914456,3522.0,-41.0,37028.0,0.32
2025-03-27,45900.0,46000.0,43650.0,43700.0,78149,506938354000.0,-0.0622317596566524,-0.013914854299955204,-0.04831690535669719,-0.6447154471544718,47745.0,47388.333333333336,0.9152790868153733,0.9221679034924207,18.690000534057617,20.44,845.3302090786368,3.7349311997121846,-0.0899987093829746,-0.110274214066725,-2766.0,-475.0,77816.0,0.67
2025-03-28,43700.0,43700.0,41400.0,41550.0,63625,481997451000.0,-0.04919908466819223,-0.018859645097812683,-0.030339439570379545,-0.6621951219512198,47417.5,47395.833333333336,0.8762587652238097,0.8766593406593406,21.649999618530273,21.18,845.3302090786368,3.7349311997121846,-0.08725960140707056,-0.14034733450416215,4413.0,2685.0,104648.0,0.9
2025-03-31,39700.0,40700.0,38200.0,38550.0,105323,447196191000.0,-0.07220216606498198,-0.03004709335808231,-0.042155072706899666,-0.6865853658536589,46997.5,47423.333333333336,0.8202563966168414,0.8128909819357559,22.280000686645508,25.35,497.1053627368664,2.728955297371578,-0.1208114176339764,-0.16249322166025382,2295.0,-1834.0,103780.0,0.89
2025-04-01,39100.0,41200.0,39000.0,40550.0,56799,470397031000.0,0.05188067444876787,0.016230481995475943,0.03565019245329193,-0.6703252032520328,46645.0,47470.0,0.8693321899453318,0.8542237202443649,21.770000457763672,24.21,497.1053627368664,2.728955297371578,-0.03684431982398728,-0.0937644816606783,6377.0,1625.0,105697.0,0.91
2025-04-02,41400.0,41500.0,39450.0,39750.0,33986,461116695000.0,-0.019728729963008673,-0.006159216074421048,-0.013569513888587625,-0.6768292682926832,46290.0,47480.833333333336,0.8587167854828257,0.8371799147024237,21.510000228881836,24.5,497.1053627368664,2.728955297371578,-0.020074394142195362,-0.0987307390692721,1326.0,-13946.0,92513.0,0.8
2025-04-03,38400.0,39400.0,37750.0,38650.0,32535,448356233000.0,-0.02767295597484276,-0.007646139620185233,-0.02002681635465753,-0.6857723577235775,45932.5,47433.333333333336,0.8414521308441735,0.8148278285312719,30.020000457763672,26.09,497.1053627368664,2.728955297371578,0.002053862210046775,-0.07044065006723244,-136.0,-1007.0,91574.0,0.79
2025-04-04,37400.0,40450.0,37400.0,39400.0,63127,457056548000.0,0.019404915912031084,-0.00855753798798553,0.027962453900016615,-0.6796747967479677,45612.5,47373.333333333336,0.8637983009043574,0.8316915282859555,45.310001373291016,26.8,497.1053627368664,2.728955297371578,-0.005633876343228539,-0.012138756596836275,5951.0,-737.0,96221.0,0.83
2025-04-07,37250.0,38250.0,34450.0,34450.0,96021,399634469000.0,-0.12563451776649748,-0.05565784939336682,-0.06997666837313066,-0.7199186991869923,45042.5,47201.666666666664,0.7648332130765388,0.7298471099184352,46.97999954223633,44.23,497.1053627368664,2.728955297371578,-0.06204103082777157,-0.03996035226306727,-4421.0,-8808.0,114146.0,0.98
2025-04-08,35650.0,36800.0,34950.0,35400.0,52946,410654868000.0,0.027576197387518153,0.002589996316183951,0.024986201071334202,-0.7121951219512198,44500.0,47055.0,0.7955056179775281,0.752311125278929,52.33000183105469,37.83,497.1053627368664,2.728955297371578,-0.01702801340177984,-0.050624343645024994,6732.0,-132.0,114003.0,0.98
2025-04-09,34350.0,35450.0,33000.0,34000.0,72214,394414280000.0,-0.039548022598870025,-0.017363340217546153,-0.022184682381323872,-0.723577235772358,43767.5,46870.833333333336,0.7768321242931399,0.7253978131389457,33.619998931884766,40.97,497.1053627368664,2.728955297371578,-0.06717514968312033,-0.05923951213776124,-6072.0,-1171.0,112826.0,0.97
2025-04-10,37900.0,37950.0,36100.0,37400.0,58221,433855708000.0,0.10000000000000009,0.06598949759951966,0.034010502400480425,-0.6959349593495937,43282.5,46750.0,0.8640905677814359,0.8,40.720001220703125,28.2,497.1053627368664,2.728955297371578,0.036812021090490754,-0.005202193382623288,10539.0,-5935.0,106777.0,0.92
2025-04-11,36300.0,37700.0,36300.0,37350.0,44486,433275687000.0,-0.0013368983957219305,-0.005046946739509672,0.003710048343787742,-0.6963414634146344,42682.5,46634.166666666664,0.875065893516078,0.8009149228927289,37.560001373291016,31.47,497.1053627368664,2.728955297371578,0.015535868362944294,-0.02945459893885216,-7154.0,-5170.0,101546.0,0.88
2025-04-14,38800.0,40750.0,38550.0,40600.0,99447,470977052000.0,0.08701472556894241,0.009524286458791664,0.07749043911015074,-0.6699186991869921,42152.5,46595.833333333336,0.9631694442796987,0.8713225431458463,30.889999389648438,28.32,497.1053627368664,2.728955297371578,0.11521098985441891,0.11801250854442924,46.0,2135.0,110268.0,0.95
2025-04-15,42400.0,42400.0,41050.0,41150.0,63385,477357283000.0,0.013546798029556717,0.008762615781874095,0.004784182247682622,-0.6654471544715449,41680.0,46558.333333333336,0.9872840690978887,0.8838374798639699,30.1200008392334,24.48,497.1053627368664,2.728955297371578,0.08598466970162111,0.09781048972077766,-2993.0,-17457.0,92587.0,0.8
2025-04-16,40600.0,40600.0,39050.0,39100.0,51292,453576422000.0,-0.049817739975698716,-0.012101340324106369,-0.03771639965159235,-0.6821138211382116,41110.0,46461.666666666664,0.95110678666991,0.8415539692219393,32.63999938964844,26.62,497.1053627368664,2.728955297371578,0.04455822170624102,0.08227877245050919,-4482.0,-1408.0,92993.0,0.8
2025-04-17,38600.0,41250.0,38450.0,41250.0,46085,478517325000.0,0.054987212276214725,0.00938943345084664,0.045597778825368085,-0.6646341463414637,40697.5,46356.666666666664,1.0135757724675962,0.8898396490975768,29.649999618530273,24.59,497.1053627368664,2.728955297371578,0.01266556142145836,0.09386604887539685,1998.0,948.0,99071.0,0.85
2025-04-18,40650.0,40800.0,39950.0,40600.0,43924,470977052000.0,-0.015757575757575748,0.005266336449612163,-0.02102391220718791,-0.6699186991869921,40247.5,46248.333333333336,1.008758307969439,0.8778694727737936,29.649999618530273,23.66,497.1053627368664,2.728955297371578,-0.013142533033412174,0.06913208832442119,-1155.0,-14663.0,83526.0,0.72
2025-04-21,40400.0,43050.0,40200.0,42500.0,102961,493017850000.0,0.046798029556650356,0.0020133526174763716,0.044784676939173984,-0.6544715447154473,39952.5,46146.666666666664,1.0637632188223516,0.9209765963594337,33.81999969482422,25.08,497.1053627368664,2.728955297371578,0.06935854355735416,0.03642632615344443,-1659.0,-11023.0,84369.0,0.73
2025-04-22,41700.0,42400.0,41250.0,41800.0,64324,484897556000.0,-0.016470588235294126,-0.0007153251270926031,-0.015755263108201523,-0.6601626016260165,39717.5,46056.666666666664,1.0524328066972997,0.907577621770283,30.56999969482422,24.85,497.1053627368664,2.728955297371578,0.00800550162378455,0.015886880797560288,160.0,-11194.0,72335.0,0.62
2025-04-23,43200.0,43250.0,42250.0,43100.0,59518,499978102000.0,0.031100478468899517,0.01565170981604136,0.015448768652858158,-0.6495934959349595,39542.5,45986.666666666664,1.0899664917493836,0.9372281820817628,28.450000762939453,22.74,497.1053627368664,2.728955297371578,0.04447818248383062,0.06905204910201079,355.0,-1469.0,79614.0,0.69
2025-04-24,43600.0,44000.0,42000.0,42050.0,60175,487797661000.0,-0.02436194895591648,-0.001278916515075279,-0.0230830324408412,-0.6581300813008132,39460.0,45904.166666666664,1.065636087176888,0.9160388490514659,26.469999313354492,22.79,497.1053627368664,2.728955297371578,-0.023389526896184565,0.0003712378358015078,-1321.0,-7467.0,53592.0,0.46
2025-04-25,43000.0,43400.0,42000.0,42500.0,43857,493017850000.0,0.010701545778834642,0.009503106239348025,0.0011984395394866176,-0.6544715447154473,39507.5,45829.166666666664,1.0757451116876542,0.9273570324574962,24.84000015258789,21.43,497.1053627368664,2.728955297371578,-0.0064358242484964245,0.022593589582476037,-2454.0,5721.0,61651.0,0.53
2025-04-28,42500.0,42500.0,41050.0,41400.0,43611,480257388000.0,-0.025882352941176467,0.0010054033478608115,-0.02688775628903728,-0.6634146341463417,39650.0,45765.0,1.0441361916771752,0.904621435594887,25.149999618530273,21.23,497.1053627368664,2.728955297371578,-0.04877234919039186,-0.049078843645735226,-2680.0,3193.0,68853.0,0.59
2025-04-29,41550.0,42600.0,41500.0,42350.0,35731,491277787000.0,0.022946859903381744,0.006496949128320217,0.016449910775061527,-0.6556910569105693,39740.0,45809.166666666664,1.0656768998490187,0.9244874570227939,24.170000076293945,20.7,497.1053627368664,2.728955297371578,-0.009239405974489134,-0.016873669762472177,1683.0,4707.0,81533.0,0.7
2025-04-30,42100.0,42350.0,40700.0,41150.0,40528,477357283000.0,-0.02833530106257376,-0.003434063319616709,-0.02490123774295705,-0.6654471544715449,39810.0,45797.5,1.0336598844511429,0.8985206616081663,24.700000762939453,20.74,497.1053627368664,2.728955297371578,-0.0353390832569328,-0.057223676158287384,-4380.0,-5901.0,76144.0,0.66
2025-05-02,41300.0,42400.0,41000.0,41300.0,30764,479097346000.0,0.0036452004860267895,0.001243807818561704,0.0024013926674650854,-0.664227642276423,39942.5,45765.833333333336,1.0339863553858673,0.9024199275296345,22.68000030517578,20.93,497.1053627368664,2.728955297371578,-0.006049934300430437,-0.0317392510499811,1043.0,3357.0,79713.0,0.69
2025-05-07,42050.0,43150.0,41800.0,42900.0,59610,497658018000.0,0.03874092009685226,0.005473108947152472,0.03326781114969979,-0.6512195121951221,40117.5,45737.5,1.069358758646476,0.9379611915823995,23.549999237060547,21.01,497.1053627368664,2.728955297371578,0.010767966074207824,0.00033012056023207226,-252.0,9235.0,93909.0,0.81
2025-05-08,43750.0,43900.0,42250.0,43200.0,40500,501138144000.0,0.006993006993007089,0.0022068270778108356,0.004786179915196254,-0.6487804878048782,40555.0,45599.166666666664,1.0652200715078288,0.9473857343884209,22.479999542236328,19.76,497.1053627368664,2.728955297371578,0.04045538373236113,0.032004056764465605,226.0,-2043.0,96304.0,0.83
2025-05-09,43250.0,43250.0,41550.0,42300.0,42617,490697766000.0,-0.02083333333333337,-0.000856746690896304,-0.019976586642437066,-0.6560975609756099,40900.0,45404.166666666664,1.0342298288508558,0.9316325594200239,21.899999618530273,19.48,497.1053627368664,2.728955297371578,0.018077404422458976,-0.0044224406530329885,-6758.0,-9856.0,82811.0,0.71
2025-05-12,42850.0,44100.0,42250.0,44100.0,61197,511578522000.0,0.042553191489361764,0.011663527052247824,0.03088966443711394,-0.6414634146341465,41405.0,45254.166666666664,1.0650887573964498,0.9744959027713839,18.389999389648438,19.2,497.1053627368664,2.728955297371578,0.015699257709873127,0.051368461527038,2800.0,23328.0,110289.0,0.95
2025-05-13,45100.0,45300.0,42900.0,42950.0,68291,498238039000.0,-0.02607709750566889,0.00041799224392180534,-0.026495089749590695,-0.6508130081300814,41682.5,45088.333333333336,1.0304084447909794,0.9525745758326248,18.219999313354492,17.86,497.1053627368664,2.728955297371578,-0.015582011954913821,0.02247197910998222,-2667.0,-10031.0,97269.0,0.84
2025-05-14,43750.0,44400.0,43500.0,43750.0,30152,507518375000.0,0.0186263096623982,0.012325525585337838,0.006300784077060362,-0.644308943089431,42002.5,44912.5,1.0416046663889054,0.9741163373225716,18.6200008392334,17.86,497.1053627368664,2.728955297371578,0.010695358764583607,-0.004495047962657206,783.0,3523.0,102905.0,0.89
2025-05-15,43700.0,44150.0,42200.0,42500.0,45811,493017850000.0,-0.02857142857142858,-0.007274929443336187,-0.021296499128092394,-0.6544715447154472,42097.5,44664.166666666664,1.0095611378347882,0.9515457954736273,17.829999923706055,18.29,497.1053627368664,2.728955297371578,-0.04149080480062273,-0.030577727005945854,-5646.0,-8841.0,89503.0,0.77
2025-05-16,41950.0,42000.0,41100.0,41500.0,37673,481417430000.0,-0.02352941176470591,0.0021019659794259127,-0.025631377744131822,-0.6626016260162603,42115.0,44382.5,0.9853971269144011,0.9350532304399256,17.239999771118164,18.13,497.1053627368664,2.728955297371578,-0.040627092795163855,-0.03623251810764061,-4276.0,3361.0,95693.0,0.83
2025-05-19,40800.0,40800.0,39900.0,40700.0,37399,472137094000.0,-0.01927710843373498,-0.008927047880695094,-0.010350060553039886,-0.6691056910569106,42195.0,44134.166666666664,0.9645692617608721,0.9221880251505825,18.139999389648438,19.69,497.1053627368664,2.728955297371578,-0.0572779374252641,-0.07747224309779444,-7386.0,7616.0,103550.0,0.89
2025-05-20,40900.0,41200.0,40000.0,40050.0,37580,464596821000.0,-0.01597051597051602,-0.0006222096686224754,-0.015348306301893544,-0.6743902439024392,42135.0,43890.0,0.9505161979352083,0.9125085440874915,18.09000015258789,19.18,497.1053627368664,2.728955297371578,-0.05132974459906525,-0.06632545965009728,1987.0,922.0,107801.0,0.93
2025-05-21,40200.0,40700.0,40000.0,40000.0,20609,464016800000.0,-0.0012484394506866447,0.009139837362823311,-0.010388276813509956,-0.6747967479674799,42105.0,43695.0,0.9500059375371096,0.915436548804211,20.8700008392334,19.48,497.1053627368664,2.728955297371578,-0.036086643668443386,-0.0830145205406676,959.0,-1774.0,106741.0,0.92
2025-05-22,39650.0,39700.0,38700.0,39000.0,44070,452416380000.0,-0.025000000000000022,-0.012153564279322238,-0.012846435720677785,-0.6829268292682928,41930.0,43468.333333333336,0.9301216312902456,0.8972048617767723,20.280000686645508,19.95,497.1053627368664,2.728955297371578,-0.038583018836081284,-0.07456445713325299,-13645.0,9004.0,116731.0,1.01
2025-05-23,39050.0,39400.0,38550.0,38750.0,27286,449516275000.0,-0.0064102564102563875,-0.0006091114258798269,-0.0058011449843765606,-0.684959349593496,41777.5,43247.5,0.9275327628508169,0.8960055494537257,22.290000915527344,19.59,497.1053627368664,2.728955297371578,-0.0290358575185643,-0.05473422437349773,-6123.0,3936.0,121014.0,1.04
2025-05-26,38550.0,39850.0,38550.0,39350.0,34003,456476527000.0,0.015483870967741842,0.02018055417807396,-0.00469668321033212,-0.6800813008130083,41590.0,43048.333333333336,0.9461408992546285,0.9140888148979829,22.290000915527344,19.63,497.1053627368664,2.728955297371578,-0.023344263915386465,-0.049080847030789965,3435.0,-25.0,125158.0,1.08
2025-05-27,39050.0,39400.0,38500.0,38700.0,26793,448936254000.0,-0.016518424396442133,-0.0027151459332083183,-0.013803278463233815,-0.6853658536585368,41422.5,42875.833333333336,0.9342748506246605,0.9026063633359895,18.959999084472656,20.01,497.1053627368664,2.728955297371578,-0.024301106657942495,-0.047535819192130235,-1272.0,-2968.0,122151.0,1.05
2025-05-28,39250.0,40050.0,39100.0,40000.0,36006,464016800000.0,0.03359173126614978,0.012486607869818922,0.02110512339633086,-0.6747967479674799,41297.5,42740.833333333336,0.9685816332707791,0.9358731891828657,19.309999465942383,20.67,497.1053627368664,2.728955297371578,0.002605161722764926,-0.01604241898228942,1893.0,-752.0,123047.0,1.06
2025-05-29,40600.0,40750.0,39650.0,40050.0,29234,464596821000.0,0.0012499999999999734,0.018909047087602326,-0.017659047087602353,-0.6743902439024393,41230.0,42625.833333333336,0.971380063060878,0.9395710738792985,19.18000030517578,21.97,497.1053627368664,2.728955297371578,-0.010357202154505307,-0.020855030349213988,3046.0,-3722.0,120448.0,1.04
2025-05-30,39700.0,40050.0,39050.0,39400.0,21507,457056548000.0,-0.01622971285892638,-0.008442855949362116,-0.007786856909564266,-0.6796747967479677,41082.5,42489.166666666664,0.9590458224304753,0.9272951928923059,18.56999969482422,22.55,497.1053627368664,2.728955297371578,-0.0043407806008357586,-0.022840742274401693,414.0,-4974.0,118347.0,1.02
2025-06-02,39500.0,39950.0,38900.0,39100.0,21111,453576422000.0,-0.0076142131979695105,0.0004819154551056748,-0.008096128653075185,-0.6821138211382116,40980.0,42360.0,0.954123962908736,0.9230406043437205,18.360000610351562,22.71,497.1053627368664,2.728955297371578,-0.033542032650241804,-0.02624018771714476,-1354.0,-6113.0,111245.0,0.96
2025-06-04,40250.0,40750.0,40000.0,40700.0,46087,472137094000.0,0.04092071611253201,0.026628720574011,0.014291995538521007,-0.6691056910569108,40950.0,42275.0,0.9938949938949939,0.9627439384979303,17.610000610351562,22.03,497.1053627368664,2.728955297371578,-0.0015909900241184438,0.0018550862846100635,9311.0,7614.0,121010.0,1.04
2025-06-05,41950.0,44600.0,41550.0,44000.0,145734,510418480000.0,0.08108108108108114,0.014872731601365041,0.0662083494797161,-0.6422764227642279,41005.0,42245.0,1.0730398731861968,1.0415433779145462,18.479999542236328,22.49,497.1053627368664,2.728955297371578,0.07240421636516192,0.0469583123679953,-22.0,25447.0,148973.0,1.28
2025-06-09,45400.0,45500.0,44100.0,44200.0,67340,512738564000.0,0.00454545454545463,0.015547365780827604,-0.011001911235372974,-0.6406504065040652,41055.0,42217.5,1.0766045548654244,1.0469591993841416,17.15999984741211,24.84,497.1053627368664,2.728955297371578,0.06949843378286413,0.05361544822022468,2215.0,-13787.0,131534.0,1.13
2025-06-10,44700.0,44800.0,43450.0,43750.0,47132,507518375000.0,-0.010180995475113086,0.0056307328724038985,-0.015811728347516985,-0.6443089430894311,41127.5,42175.833333333336,1.0637651206613579,1.0373239019185552,16.950000762939453,24.34,497.1053627368664,2.728955297371578,0.03939470989682614,0.04559057678227196,-396.0,746.0,137588.0,1.19
2025-06-11,44900.0,47150.0,44000.0,45900.0,154881,532459278000.0,0.049142857142857155,0.012253404672816659,0.036889452470040496,-0.6268292682926832,41217.5,42130.0,1.1136046582155639,1.089484927605032,17.260000228881836,22.77,497.1053627368664,2.728955297371578,0.010075812887150537,0.09057615790538764,3357.0,-3828.0,138175.0,1.19
2025-06-12,45700.0,45750.0,44850.0,45000.0,73626,522018900000.0,-0.019607843137254943,0.004468459346904652,-0.024076302484159595,-0.6341463414634149,41320.0,42095.0,1.0890609874152952,1.0690105713267608,18.020000457763672,22.17,497.1053627368664,2.728955297371578,-0.002998578361636084,0.05220785988270704,-4085.0,-10924.0,128786.0,1.11
2025-06-13,45300.0,45550.0,42050.0,42800.0,141289,496497976000.0,-0.04888888888888887,-0.008701935204239564,-0.04018695368464931,-0.6520325203252034,41272.5,41985.833333333336,1.0370101156944698,1.0193914614056327,20.81999969482422,24.91,497.1053627368664,2.728955297371578,-0.027373803698768406,-0.054187443281658365,-10408.0,-19300.0,108542.0,0.94
2025-06-16,42100.0,43500.0,41900.0,43000.0,39109,498818060000.0,0.004672897196261738,0.01797810863431648,-0.013305211438054743,-0.6504065040650407,41297.5,41849.166666666664,1.0412252557660875,1.0274995519624048,19.110000610351562,24.77,497.1053627368664,2.728955297371578,-0.07756846760686364,-0.056490743484340133,1822.0,3845.0,115493.0,1.0
2025-06-17,43950.0,46000.0,42850.0,44000.0,95306,510418480000.0,0.023255813953488413,0.0012353433471541386,0.022020470606334275,-0.6422764227642278,41422.5,41739.166666666664,1.062224636369123,1.0541657515922296,21.600000381469727,25.82,497.1053627368664,2.728955297371578,-0.031471694516369775,-0.018658544530488874,-2917.0,3484.0,120071.0,1.04
2025-06-18,44100.0,45100.0,43650.0,45000.0,51948,522018900000.0,0.022727272727272707,0.007419547915751723,0.015307724811520984,-0.6341463414634149,41637.5,41647.5,1.0807565295706996,1.0804970286331712,20.139999389648438,25.78,497.1053627368664,2.728955297371578,0.024022983979800516,-0.040240272189008386,1956.0,4147.0,122136.0,1.05
2025-06-19,45700.0,45700.0,44050.0,44500.0,40294,516218690000.0,-0.011111111111111072,0.0018673264285051783,-0.01297843753961625,-0.6382113821138213,41860.0,41564.166666666664,1.0630673674151936,1.0706337590472563,20.139999389648438,24.69,497.1053627368664,2.728955297371578,0.02434975787823901,-0.02914240724446504,-2341.0,-10835.0,110108.0,0.95
2025-06-20,44750.0,45050.0,43850.0,43900.0,52411,509258438000.0,-0.013483146067415741,0.014809922223188776,-0.028293068290604517,-0.643089430894309,42055.0,41469.166666666664,1.0438711211508738,1.0586178486023754,20.6200008392334,23.97,497.1053627368664,2.728955297371578,-0.025963781018699783,-0.01724852185042025,-1621.0,-2386.0,103673.0,0.89
2025-06-23,43000.0,43350.0,42250.0,43150.0,50605,500558123000.0,-0.017084282460136713,-0.0024389501009779435,-0.01464533235915877,-0.6491869918699189,42262.5,41381.666666666664,1.0209997042295178,1.0427322888557735,19.829999923706055,24.76,497.1053627368664,2.728955297371578,-0.055916838189379536,-0.018588642771524277,-3246.0,3963.0,109952.0,0.95
2025-06-24,44100.0,46400.0,44100.0,45800.0,112753,531299236000.0,0.06141367323290847,0.029580630340199088,0.031833042892709384,-0.6276422764227644,42615.0,41370.0,1.0747389416871993,1.1070824268793813,17.479999542236328,25.76,497.1053627368664,2.728955297371578,-0.011105357757053902,-0.008776070485149168,2282.0,21740.0,136025.0,1.17
2025-06-25,47750.0,48100.0,46100.0,47000.0,128068,545219740000.0,0.026200873362445476,0.0014853873456450728,0.024715486016800403,-0.6178861788617888,42997.5,41376.666666666664,1.0930868073725217,1.1359059050994926,16.760000228881836,25.69,497.1053627368664,2.728955297371578,0.04190319655035102,0.0006316907201302513,1751.0,-18360.0,109303.0,0.94
2025-06-26,49000.0,49000.0,46100.0,47200.0,128514,547539824000.0,0.004255319148936065,-0.009230255419046096,0.013485574567982161,-0.6162601626016262,43422.5,41435.0,1.0869940698946399,1.1391335827199227,16.59000015258789,25.12,497.1053627368664,2.728955297371578,0.07003410347749195,0.027095702827728663,-2813.0,-23568.0,83008.0,0.72
2025-06-27,47200.0,47200.0,45000.0,45350.0,74526,526079047000.0,-0.03919491525423724,-0.0076699647800621,-0.03152495047417514,-0.6313008130081302,43690.0,41498.333333333336,1.0379949645227742,1.092814972488855,16.31999969482422,24.27,497.1053627368664,2.728955297371578,0.006676110110607425,0.02386382064415804,-265.0,-10773.0,71827.0,0.62
2025-06-30,46700.0,48200.0,45900.0,46100.0,103588,534779362000.0,0.016538037486218293,0.0051571726106542926,0.011380864875564,-0.6252032520325205,43992.5,41624.166666666664,1.0479058930499516,1.1075296802738794,16.729999542236328,23.99,49.491726678861625,3.5713846229604536,-0.006658511030628977,0.04989001787888081,1033.0,-7973.0,66458.0,0.57
2025-07-01,47000.0,47550.0,45750.0,45850.0,89246,531879257000.0,-0.005422993492407824,0.005843653825962747,-0.01126664731837057,-0.6272357723577238,44315.0,41712.5,1.034638384294257,1.099190890020977,16.829999923706055,23.96,49.491726678861625,3.5713846229604536,-0.03141073291698171,0.006790327667800855,1627.0,-20017.0,38502.0,0.33
2025-07-02,46050.0,46050.0,44650.0,45600.0,51691,528979152000.0,-0.005452562704471142,-0.004722167304111791,-0.0007303954003593516,-0.6292682926829269,44640.0,41810.0,1.021505376344086,1.090648170294188,16.639999389648438,23.95,49.491726678861625,3.5713846229604536,-0.0006161778431659215,-0.0186555537493589,-48.0,-5289.0,33299.0,0.29
2025-07-03,46100.0,47750.0,45900.0,47700.0,88959,553340034000.0,0.046052631578947345,0.013401351567860376,0.03265128001108697,-0.6121951219512197,44990.0,41960.833333333336,1.0602356079128696,1.1367743729271345,16.3799991607666,23.96,49.491726678861625,3.5713846229604536,0.020654237292357047,0.0005101516937459083,1206.0,9376.0,64869.0,0.56
2025-07-04,47800.0,47800.0,46050.0,46150.0,71734,535359383000.0,-0.032494758909853205,-0.01989236807011341,-0.012602390839739797,-0.6247967479674797,45097.5,42073.333333333336,1.0233383225234214,1.0968943115195688,16.3799991607666,25.48,49.491726678861625,3.5713846229604536,0.01931849377098782,0.01943271132818125,2233.0,-24873.0,36286.0,0.31
2025-07-07,46400.0,46400.0,45500.0,45700.0,32738,530139194000.0,-0.009750812567713929,0.0016992356157483623,-0.011450048183462291,-0.6284552845528456,45172.5,42260.833333333336,1.0116774586308042,1.081379527931694,17.790000915527344,24.87,49.491726678861625,3.5713846229604536,0.008598840987884881,-0.0033982017308450407,-1491.0,-10629.0,28332.0,0.24
2025-07-08,45500.0,45900.0,44150.0,44700.0,56056,518538774000.0,-0.021881838074398252,0.01813385357595121,-0.04001569165034946,-0.6365853658536587,45220.0,42415.833333333336,0.988500663423264,1.0538517456138627,16.809999465942383,23.52,49.491726678861625,3.5713846229604536,-0.06406813067355155,-0.03214724606282393,-1283.0,-6075.0,23985.0,0.21
2025-07-09,44800.0,45050.0,43400.0,43700.0,45586,506938354000.0,-0.022371364653243853,0.00603221218865202,-0.028403576841895872,-0.6447154471544717,45110.0,42577.5,0.9687430724894702,1.0263636897422348,15.9399995803833,21.85,49.491726678861625,3.5713846229604536,-0.07986931667570762,-0.05982042750436045,-3281.0,-4898.0,17178.0,0.15
2025-07-10,44550.0,44900.0,43350.0,43850.0,50234,508678417000.0,0.003432494279176135,0.015792628102076156,-0.012360133822900021,-0.6434959349593498,45052.5,42685.0,0.9733089173741746,1.027292960056226,15.779999732971191,21.01,49.491726678861625,3.5713846229604536,-0.08077940231514535,-0.10483184133834744,-5216.0,-4919.0,12123.0,0.1
2025-07-11,44400.0,45450.0,44300.0,44900.0,69894,520858858000.0,0.02394526795895091,-0.0023435193131730037,0.026288787272123915,-0.6349593495934961,45157.5,42810.833333333336,0.9942977357028179,1.0487999532828527,16.399999618530273,21.66,49.491726678861625,3.5713846229604536,-0.014474923392671979,-0.06594066322648373,-3961.0,13183.0,27306.0,0.24
2025-07-14,45400.0,45400.0,44100.0,44200.0,44164,512738564000.0,-0.015590200445434244,0.008268863804407722,-0.023859064249841966,-0.6406504065040652,45217.5,42870.833333333336,0.9774976502460331,1.0310039848381767,17.200000762939453,22.56,49.491726678861625,3.5713846229604536,-0.009930410800618072,-0.0783496792928634,-2697.0,-7285.0,19129.0,0.16
2025-07-15,44200.0,46150.0,43850.0,45800.0,55071,531299236000.0,0.03619909502262453,0.0041379999184172345,0.03206109510420729,-0.6276422764227644,45307.5,42948.333333333336,1.0108701649837224,1.0663976095308316,17.3799991607666,22.47,49.491726678861625,3.5713846229604536,0.03449081812648924,-0.006272892538306651,-3208.0,15782.0,42967.0,0.37
2025-07-16,46250.0,46300.0,45300.0,45450.0,45887,527239089000.0,-0.007641921397379958,-0.008988376197731962,0.0013464548003520038,-0.630487804878049,45330.0,43054.166666666664,1.00264725347452,1.0556469563534308,17.15999984741211,22.27,49.491726678861625,3.5713846229604536,0.009548485654717331,0.023477139103941225,-2551.0,-2413.0,36957.0,0.32
2025-07-17,45600.0,46200.0,44200.0,46050.0,62705,534199341000.0,0.013201320132013139,0.001854818467151187,0.011346501664861952,-0.6256097560975611,45407.5,43134.166666666664,1.0141496448824534,1.0675991576669694,16.520000457763672,21.74,49.491726678861625,3.5713846229604536,0.04475405156942125,0.0471837745917032,-416.0,2086.0,38486.0,0.33
2025-07-18,46000.0,46000.0,44650.0,45000.0,44536,522018900000.0,-0.0228013029315961,-0.0013219258436694137,-0.021479377087926688,-0.6341463414634149,45462.5,43207.5,0.9898267803134452,1.0414858531504947,16.40999984741211,20.5,49.491726678861625,3.5713846229604536,-0.008786420622712732,-0.0005843897683474042,417.0,-10648.0,28902.0,0.25
2025-07-21,44700.0,45200.0,44300.0,44450.0,36016,515638669000.0,-0.012222222222222245,0.007132838910933081,-0.019355061133155327,-0.638617886178862,45527.5,43240.0,0.9763329855581792,1.0279833487511563,16.649999618530273,20.4,49.491726678861625,3.5713846229604536,-0.029487936556220062,0.003919613348339235,1483.0,-11381.0,17939.0,0.15
2025-07-22,44550.0,44625.0,43250.0,43350.0,45199,502878207000.0,-0.02474690663667045,-0.012728911533745446,-0.012017995102925005,-0.6475609756097562,45405.0,43265.833333333336,0.9547406673273868,1.0019453379302374,16.5,21.22,49.491726678861625,3.5713846229604536,-0.05285243332400702,-0.040159476858793064,-2085.0,-6153.0,14433.0,0.12
2025-07-23,43150.0,53000.0,41200.0,43800.0,118366,508098396000.0,0.01038062283737018,0.004362883329223077,0.006017739508147102,-0.6439024390243905,45245.0,43277.5,0.9680627693667808,1.0120732482236727,15.369999885559082,21.09,49.491726678861625,3.5713846229604536,-0.02535531672793323,-0.035488192150997966,-8107.0,-12544.0,1679.0,0.01
2025-07-24,44350.0,44400.0,42800.0,42800.0,35523,496497976000.0,-0.022831050228310557,0.002098120027403283,-0.02492917025571384,-0.6520325203252035,45025.0,43290.0,0.9505830094392005,0.9886809886809886,15.390000343322754,21.45,49.491726678861625,3.5713846229604536,-0.030929425850491743,-0.07176386407157376,-5760.0,-5702.0,0.0,0.0
2025-07-25,42900.0,43200.0,41600.0,41650.0,34469,483157493000.0,-0.026869158878504718,0.0017552689250597275,-0.028624427803564445,-0.6613821138211384,44840.0,43275.833333333336,0.9288581623550402,0.9624309179488166,14.930000305175781,21.68,49.491726678861625,3.5713846229604536,-0.04753585855113118,-0.07890891478721151,-7834.0,-1897.0,0.0,0.0
2025-07-28,45800.0,52000.0,43900.0,51000.0,1507327,591621420000.0,0.22448979591836737,0.004214568137962615,0.22027522778040476,-0.5853658536585369,45085.0,43435.833333333336,1.1311966285904402,1.1741457705811253,15.029999732971191,22.33,49.491726678861625,3.5713846229604536,0.16672162972112647,0.16072137412634857,73950.0,25476.0,16109.0,0.14
2025-07-29,49350.0,49350.0,47300.0,48900.0,303752,567260538000.0,-0.04117647058823526,0.006558628299567104,-0.04773509888780236,-0.6024390243902441,45237.5,43545.0,1.0809615915998896,1.122976231484671,15.979999542236328,22.34,49.491726678861625,3.5713846229604536,0.14391570108903795,0.1250042703414712,2585.0,29335.0,50860.0,0.44
2025-07-30,49550.0,51500.0,48500.0,48650.0,329567,564360433000.0,-0.005112474437627856,0.007398044876917753,-0.01251051931454561,-0.6044715447154474,45390.0,43670.0,1.071821987221855,1.1140370964048545,15.479999542236328,22.82,49.491726678861625,3.5713846229604536,0.1600296095780568,0.1064760115187785,-5428.0,-30415.0,23189.0,0.2
2025-07-31,48700.0,49400.0,46250.0,47350.0,189293,549279887000.0,-0.02672147995889007,-0.0027746543609754593,-0.02394682559791461,-0.6150406504065044,45372.5,43770.833333333336,1.0435836685216817,1.0817705854355069,16.719999313354492,21.85,49.491726678861625,3.5713846229604536,-0.08419244380026258,0.10745835617657773,-10400.0,17626.0,42640.0,0.37
2025-08-01,46400.0,47150.0,44250.0,44500.0,120756,516218690000.0,-0.060190073917634646,-0.038832956878649294,-0.02135711703898535,-0.6382113821138214,45290.0,43797.5,0.9825568558180614,1.016039728294994,20.3799991607666,25.87,49.491726678861625,3.5713846229604536,-0.05781446195144557,0.11472566694115682,-5607.0,-8851.0,40347.0,0.35
2025-08-04,44650.0,45000.0,43800.0,43900.0,76473,509258438000.0,-0.013483146067415741,0.009085079771212534,-0.022568225838628275,-0.6430894308943091,45200.0,43809.166666666664,0.9712389380530974,1.0020733864678246,17.520000457763672,24.05,49.491726678861625,3.5713846229604536,-0.06787216847552824,-0.1281177866778762,-5401.0,-7269.0,35687.0,0.31
2025-08-05,45000.0,45600.0,44350.0,44600.0,111164,517378732000.0,0.015945330296127658,0.015963783654991737,-1.845335886407895e-05,-0.6373983739837401,45195.0,43847.5,0.9868348268613785,1.0171617538058042,17.850000381469727,22.31,49.491726678861625,3.5713846229604536,-0.043943796236477706,-0.08040114114893793,-4877.0,-10495.0,24463.0,0.21
2025-08-06,44300.0,44800.0,43100.0,44700.0,55044,518538774000.0,0.0022421524663676085,4.37437705207433e-05,0.002198408695846865,-0.6365853658536589,45245.0,43857.5,0.9879544701071942,1.0192099412871232,16.770000457763672,21.93,49.491726678861625,3.5713846229604536,-0.02038827050164549,-0.06569221313854545,-20377.0,7457.0,35310.0,0.3
2025-08-07,46700.0,46700.0,44700.0,45000.0,92576,522018900000.0,0.006711409395973256,0.009236631309047283,-0.002525221913074027,-0.6341463414634149,45302.5,43891.666666666664,0.993322664312124,1.0252515663565598,16.56999969482422,21.08,49.491726678861625,3.5713846229604536,-0.000345266576091241,-0.04427060945370487,-3895.0,-24334.0,13528.0,0.12
2025-08-08,45850.0,46900.0,45450.0,45700.0,105748,530139194000.0,0.015555555555555545,-0.0054744963098055655,0.02103005186536111,-0.6284552845528457,45342.5,43924.166666666664,1.007884435132602,1.0404295281640707,15.149999618530273,20.79,49.491726678861625,3.5713846229604536,0.020703238648133948,-0.001883440549358406,-15.0,-2154.0,16004.0,0.14
2025-08-11,46050.0,46700.0,45700.0,45750.0,56762,530719215000.0,0.001094091903719896,-0.001009339604710946,0.002103431508430842,-0.6280487804878051,45420.0,43978.333333333336,1.0072655217965654,1.0402849888202523,16.25,20.34,49.491726678861625,3.5713846229604536,0.020608261460717925,0.02278821679770071,-980.0,-8744.0,6510.0,0.06
2025-08-12,45250.0,46150.0,44300.0,44300.0,88359,513898606000.0,-0.031693989071038264,-0.005257660299674227,-0.026436328771364037,-0.6398373983739839,45345.0,44025.0,0.9769544602492005,1.0062464508801816,14.729999542236328,21.15,49.491726678861625,3.5713846229604536,-0.003302845397572085,-0.003629658614799247,-14679.0,1257.0,10034.0,0.09
2025-08-13,45950.0,46100.0,44850.0,45250.0,64264,524919005000.0,0.021444695259593693,0.010802877205813521,0.010641818053780172,-0.6321138211382116,45335.0,44100.833333333336,0.9981250689312893,1.0260577086600782,14.489999771118164,20.11,49.491726678861625,3.5713846229604536,-0.013691079209153023,0.00481375074313406,-4276.0,-220.0,8708.0,0.08
2025-08-14,45250.0,45300.0,44450.0,44500.0,41246,516218690000.0,-0.016574585635359074,0.0004000145377232034,-0.016974600173082277,-0.6382113821138213,45257.5,44175.0,0.983262442689057,1.007357102433503,14.829999923706055,20.46,49.491726678861625,3.5713846229604536,-0.03276911089066614,-0.00963562751687419,-3065.0,-1594.0,7200.0,0.06
2025-08-18,43800.0,43950.0,42800.0,42800.0,52356,496497976000.0,-0.038202247191011285,-0.01499844500992753,-0.023203802181083755,-0.6520325203252035,45147.5,44221.666666666664,0.9480037654355169,0.9678513549165191,14.989999771118164,21.37,49.491726678861625,3.5713846229604536,-0.02953658430038586,-0.053869481563319055,-5253.0,-11619.0,0.0,0.0
2025-08-19,43000.0,43100.0,41900.0,42050.0,40504,487797661000.0,-0.017523364485981352,-0.008094965022273137,-0.009428399463708215,-0.6581300813008132,45027.5,44272.5,0.9338737438232192,0.9497995369586086,15.569999694824219,21.5,49.491726678861625,3.5713846229604536,-0.049606801817874246,-0.06540131253545811,-3030.0,-6613.0,0.0,0.0
2025-08-20,41250.0,41350.0,40300.0,40800.0,53409,473297136000.0,-0.029726516052318686,-0.006812489784092879,-0.022914026268225807,-0.6682926829268295,44900.0,44306.666666666664,0.9086859688195991,0.920854649413181,15.6899995803833,22.13,49.491726678861625,3.5713846229604536,-0.055546227913017776,-0.06187901003231988,-3842.0,-482.0,0.0,0.0
2025-08-21,41300.0,41600.0,40500.0,41350.0,36244,479677367000.0,0.013480392156862697,0.00372190640417025,0.009758485752692447,-0.6638211382113823,44777.5,44340.0,0.9234548601418123,0.9325665313486694,16.600000381469727,21.38,49.491726678861625,3.5713846229604536,-0.022583939979241574,-0.0627623423334076,595.0,-4615.0,0.0,0.0
2025-08-22,41000.0,43100.0,41000.0,42300.0,50480,490697766000.0,0.022974607013301007,0.008590777823202833,0.014383829190098174,-0.65609756097561,44752.5,44400.0,0.9451985922574158,0.9527027027027027,14.220000267028809,21.09,49.491726678861625,3.5713846229604536,0.0012282886745648147,-0.031403912970227155,12837.0,-3125.0,0.0,0.0
2025-08-25,42950.0,43900.0,42400.0,43200.0,35652,501138144000.0,0.02127659574468077,0.012980003725985068,0.008296592018695703,-0.6487804878048784,44830.0,44453.333333333336,0.9636404193620344,0.9718056388722255,14.789999961853027,20.1,49.491726678861625,3.5713846229604536,0.032438906961486325,9.64812295523032e-05,8995.0,6888.0,3541.0,0.03
2025-08-26,43000.0,44050.0,42500.0,43550.0,50589,505198291000.0,0.00810185185185186,-0.009501971730630165,0.017603823582482026,-0.6459349593495939,44457.5,44511.666666666664,0.9795872462464151,0.9783951772943423,14.619999885559082,20.37,49.491726678861625,3.5713846229604536,0.0402842447912759,0.027128704275742543,8307.0,2948.0,7361.0,0.06
2025-08-27,43550.0,44800.0,42900.0,44600.0,50576,517378732000.0,0.024110218140068973,0.0024532624251314417,0.02165695571493753,-0.6373983739837401,44242.5,44598.333333333336,1.008080465615641,1.0000373706042827,14.850000381469727,19.97,49.491726678861625,3.5713846229604536,0.04755737131611526,0.07169968625890588,11148.0,2647.0,9326.0,0.08
2025-08-28,44000.0,44900.0,43750.0,44250.0,40919,513318585000.0,-0.007847533632286963,0.002874081157709263,-0.010721614789996226,-0.6402439024390247,44022.5,44684.166666666664,1.0051678119143619,0.9902836575222395,14.430000305175781,19.31,49.491726678861625,3.5713846229604536,0.02853916450742333,0.05121958571621721,4302.0,3461.0,11264.0,0.1
2025-08-29,45000.0,47150.0,44700.0,46050.0,233436,534199341000.0,0.04067796610169494,-0.003225602684728046,0.043903568786422986,-0.6256097560975613,43957.5,44773.333333333336,1.047602798157311,1.0285139964264443,15.359999656677246,19.52,49.491726678861625,3.5713846229604536,0.05483890971136429,0.08073932531254202,54374.0,72440.0,88694.0,0.76
2025-09-01,44800.0,44950.0,43600.0,44050.0,80863,510998501000.0,-0.04343105320304019,-0.013521639289566845,-0.02990941391347335,-0.6418699186991873,43935.0,44774.166666666664,1.0026175031296234,0.9838262390887603,15.359999656677246,20.4,49.491726678861625,3.5713846229604536,0.0032725400829534124,0.04253331938037297,19414.0,-19558.0,64115.0,0.55
2025-09-02,43800.0,44700.0,43750.0,44500.0,40629,516218690000.0,0.010215664018161208,0.009360745118573988,0.0008549188995872203,-0.6382113821138214,43965.0,44779.166666666664,1.0121687706129876,0.9937657020563879,17.170000076293945,19.57,49.491726678861625,3.5713846229604536,0.014849073772536858,0.025784414697478164,10568.0,-14026.0,49796.0,0.43
2025-09-03,46300.0,48900.0,46100.0,47250.0,316655,548119845000.0,0.061797752808988804,0.0038046948940684278,0.057993057914920376,-0.6158536585365857,44097.5,44837.5,1.0714893134531436,1.0538054084192918,16.350000381469727,19.74,49.491726678861625,3.5713846229604536,0.028938562901034248,0.06212051689746101,21375.0,73054.0,136767.0,1.18
2025-09-04,46750.0,47250.0,46300.0,46500.0,66608,539419530000.0,-0.015873015873015928,0.00515326390758708,-0.021026279780603008,-0.6219512195121955,44187.5,44847.5,1.0523338048090523,1.0368470929260272,15.300000190734863,19.26,49.491726678861625,3.5713846229604536,0.03782169703390459,0.05181585190685423,656.0,-9618.0,122758.0,1.06
2025-09-05,47600.0,47950.0,45650.0,46000.0,86911,533619320000.0,-0.010752688172043001,0.001340289536710726,-0.012092977708753727,-0.6260162601626019,44237.5,44864.166666666664,1.0398417632099464,1.0253171610602374,15.180000305175781,18.43,49.491726678861625,3.5713846229604536,0.02487380042556364,-0.004180694588322487,-146.0,-18191.0,100281.0,0.86
2025-09-08,47050.0,47700.0,46850.0,47350.0,79379,549279887000.0,0.02934782608695663,0.004514642251792544,0.024833183835164085,-0.6150406504065044,44320.0,44940.0,1.0683664259927799,1.0536270582999554,15.109999656677246,18.36,49.491726678861625,3.5713846229604536,-0.00828607365419265,0.05056190316031495,20699.0,-26.0,99525.0,0.86
2025-09-09,48100.0,48200.0,47250.0,48000.0,72771,556820160000.0,0.01372756071805692,0.012566805038217721,0.0011607556798391983,-0.6097560975609759,44432.5,45023.333333333336,1.0802903280256568,1.066113866883838,15.039999961853027,18.7,49.491726678861625,3.5713846229604536,0.013900961806249557,0.050867739940566925,7175.0,-8974.0,88649.0,0.76
2025-09-10,48250.0,48450.0,47550.0,48250.0,100163,559720265000.0,0.005208333333333259,0.016711393890512127,-0.011503060557178868,-0.6077235772357727,44630.0,45094.166666666664,1.0811113600717006,1.0699831833385693,15.350000381469727,20.38,49.491726678861625,3.5713846229604536,0.014490878957824416,-0.01862837853153232,3743.0,3675.0,93160.0,0.8
2025-09-11,48900.0,48900.0,47500.0,48400.0,97146,561460328000.0,0.0031088082901553626,0.008951471735887173,-0.0058426634457318105,-0.6065040650406508,44787.5,45150.833333333336,1.0806586659224113,1.0719624960779608,14.710000038146973,20.06,49.491726678861625,3.5713846229604536,-0.01618496832307148,-0.003444762196661122,17302.0,-19644.0,75072.0,0.65
2025-09-12,48500.0,50500.0,48250.0,48850.0,158370,566680517000.0,0.009297520661156966,0.015351979140073357,-0.006054458478916391,-0.6028455284552849,45005.0,45223.333333333336,1.0854349516720365,1.0801945898135181,14.760000228881836,20.61,49.491726678861625,3.5713846229604536,-0.02340018248182707,0.002593757033176214,32537.0,6902.0,85371.0,0.74
2025-09-15,50200.0,50200.0,48600.0,50000.0,95947,580021000000.0,0.023541453428863823,0.003466317403372443,0.02007513602549138,-0.59349593495935,45365.0,45325.0,1.1021712774165104,1.1031439602868174,15.6899995803833,20.71,49.491726678861625,3.5713846229604536,0.008178014100843178,-0.0021642907764964914,2556.0,-11635.0,68685.0,0.59
2025-09-16,50100.0,53000.0,49550.0,50500.0,268312,585821210000.0,0.010000000000000009,0.012417437176589718,-0.0024174371765897096,-0.5894308943089436,45787.5,45447.5,1.102921102921103,1.111172231695913,16.360000610351562,21.03,49.491726678861625,3.5713846229604536,0.01160324036998528,-0.005742483632925399,-17507.0,11940.0,83171.0,0.72
2025-09-17,49500.0,49950.0,48500.0,49050.0,113012,569000601000.0,-0.02871287128712874,-0.010499769137849446,-0.018213102149279292,-0.6012195121951224,46200.0,45501.666666666664,1.0616883116883118,1.0779824914838285,15.720000267028809,21.1,49.491726678861625,3.5713846229604536,-0.0005554033003776215,-0.012452525225025823,-3179.0,-11087.0,63587.0,0.55
2025-09-18,49750.0,51100.0,48550.0,50800.0,117042,589301336000.0,0.03567787971457692,0.014032972360339402,0.02164490735423752,-0.5869918699186997,46672.5,45565.0,1.08843537414966,1.1148908153187753,15.699999809265137,20.69,49.491726678861625,3.5713846229604536,0.0010143680283685175,0.015035045574943506,2688.0,2743.0,66694.0,0.57
2025-09-22,50500.0,52100.0,50000.0,51400.0,132193,596261588000.0,0.011811023622047223,0.0067948567228208745,0.005016166899226349,-0.5821138211382119,47127.5,45635.0,1.0906583205135005,1.1263284759504766,16.100000381469727,20.94,49.491726678861625,3.5713846229604536,0.008447972104184576,0.026105670953086246,8129.0,-1701.0,44514.0,0.38
2025-09-23,52600.0,52700.0,50200.0,50700.0,99370,588141294000.0,-0.013618677042801508,0.005056733759912779,-0.018675410802714287,-0.5878048780487809,47502.5,45724.166666666664,1.0673122467238567,1.1088228325648364,16.639999389648438,20.98,49.491726678861625,3.5713846229604536,0.00798566345074958,-0.012644875875119421,590.0,-14675.0,34571.0,0.3
2025-09-24,49800.0,51200.0,49100.0,51000.0,74733,591621420000.0,0.00591715976331364,-0.004030201757296514,0.009947361520610154,-0.5853658536585371,47875.0,45805.833333333336,1.0652741514360313,1.1133953099132206,16.18000030517578,21.2,49.491726678861625,3.5713846229604536,-0.0037118823828777847,-0.00028007717791955766,5834.0,5460.0,37868.0,0.33
2025-09-25,49850.0,50400.0,49300.0,49450.0,61296,573640769000.0,-0.0303921568627451,-0.00029658515731212365,-0.030095571705432977,-0.5979674796747972,48117.5,45865.833333333336,1.0276926274224554,1.0781445883827832,16.739999771118164,20.62,49.491726678861625,3.5713846229604536,-0.03882362098753711,-0.012162546734073243,2117.0,-12616.0,23567.0,0.2
2025-09-26,48950.0,49000.0,46500.0,47100.0,91998,546379782000.0,-0.04752275025278063,-0.0245051456051123,-0.023017604647668333,-0.6170731707317078,48260.0,45890.833333333336,0.9759635308744302,1.026348762461639,15.289999961853027,21.77,49.491726678861625,3.5713846229604536,-0.043165814832491156,-0.056825058735979095,575.0,2006.0,26373.0,0.23
2025-09-29,47100.0,48150.0,46700.0,47850.0,45450,555080097000.0,0.015923566878981,0.013337048022962428,0.0025865188560185715,-0.610975609756098,48350.0,45893.333333333336,0.9896587383660806,1.0426350958744914,16.1200008392334,20.96,49.491726678861625,3.5713846229604536,-0.05052665749708274,-0.05925470677918687,11.0,7842.0,33834.0,0.29
2025-09-30,48000.0,49000.0,47200.0,47250.0,45885,548119845000.0,-0.01253918495297801,-0.001926394291372313,-0.010612790661605698,-0.6158536585365858,48510.0,45911.666666666664,0.974025974025974,1.0291501796928886,16.280000686645508,20.62,-1541.3679371953774,4.155726373220675,-0.03104387645325546,-0.05119208663807828,-10130.0,6718.0,43163.0,0.37
2025-10-01,47600.0,50200.0,47600.0,49750.0,90466,577120895000.0,0.05291005291005302,0.009119307241193919,0.0437907456688591,-0.5955284552845532,48772.5,45979.166666666664,1.0200420318827208,1.0820117806977798,16.290000915527344,20.55,-1541.3679371953774,4.155726373220675,0.03576447386327197,-0.017348702489829337,1868.0,14260.0,72953.0,0.63
2025-10-02,51000.0,51400.0,50000.0,50800.0,162473,589301336000.0,0.021105527638190846,0.027020970563218283,-0.0059154429250274365,-0.5869918699186996,48950.0,46080.833333333336,1.0377936670071501,1.1024106190209233,16.6299991607666,22.34,-1541.3679371953774,4.155726373220675,0.027262512082225965,0.0068314262905762035,-24247.0,5916.0,81823.0,0.71
2025-10-10,52400.0,53500.0,51500.0,53300.0,197231,618302386000.0,0.04921259842519676,0.017296845606320277,0.031915752818876486,-0.5666666666666672,49290.0,46240.833333333336,1.0813552444714953,1.1526608877435167,21.65999984741211,23.9,-1541.3679371953774,4.155726373220675,0.06979105556270815,0.06176478375712102,2449.0,43252.0,137084.0,1.18
2025-10-13,51500.0,56600.0,51500.0,56300.0,273076,653103646000.0,0.05628517823639778,-0.0072148806634760865,0.06350005889987387,-0.542276422764228,49805.0,46448.333333333336,1.1304085935147075,1.2120994653557715,19.030000686645508,28.03,-1541.3679371953774,4.155726373220675,0.08950036879372292,0.12267832380097632,16574.0,-19784.0,93416.0,0.81
2025-10-14,59800.0,61100.0,55100.0,57200.0,462650,663544024000.0,0.015985790408525657,-0.006343889728031349,0.022329680136557006,-0.5349593495934964,50297.5,46653.333333333336,1.1372334609075998,1.2260645898828235,20.809999465942383,30.45,-1541.3679371953774,4.155726373220675,0.11774549185530736,0.15562079459913902,8396.0,-50308.0,38202.0,0.33
2025-10-15,58000.0,59900.0,56700.0,59900.0,239612,694865158000.0,0.0472027972027973,0.026803779295524244,0.020399017907273054,-0.5130081300813013,50892.5,46915.0,1.176990715724321,1.2767771501651923,20.639999389648438,27.66,-1541.3679371953774,4.155726373220675,0.10622875694370393,0.13222906683755298,30858.0,12192.0,57494.0,0.5
2025-10-16,59300.0,59900.0,58400.0,58700.0,162633,680944654000.0,-0.02003338898163609,0.02490651171388092,-0.04493990069551701,-0.5227642276422769,51415.0,47130.0,1.1416901682388407,1.2454911945682157,25.309999465942383,29.89,-1541.3679371953774,4.155726373220675,-0.00221120265168695,0.0932046090670634,-2196.0,-28310.0,20954.0,0.18
2025-10-17,57500.0,58600.0,55500.0,55700.0,164076,646143394000.0,-0.05110732538330498,0.00013866704044018796,-0.05124599242374517,-0.547154471544716,51780.0,47300.833333333336,1.0757049053688683,1.1775691055478232,20.780000686645508,34.58,-1541.3679371953774,4.155726373220675,-0.07578687521198912,0.01004286382444175,-13608.0,5915.0,33308.0,0.29
2025-10-20,56800.0,57500.0,55500.0,56400.0,107584,654263688000.0,0.012567324955116588,0.01755187554544957,-0.004984550590332981,-0.541463414634147,52157.5,47473.333333333336,1.0813401715956479,1.1880353882881618,18.229999542236328,30.9,-1541.3679371953774,4.155726373220675,-0.10117044370959516,-0.0584417456657651,-4328.0,-593.0,35046.0,0.3
2025-10-21,57000.0,57600.0,55100.0,55400.0,106986,642663268000.0,-0.01773049645390068,0.00239866060542826,-0.02012915705932894,-0.5495934959349599,52427.5,47646.666666666664,1.0566973439511707,1.1627256191408983,17.8700008392334,30.62,-1541.3679371953774,4.155726373220675,-0.07635970007340709,-0.10090058286165104,-2260.0,15597.0,54582.0,0.47
2025-10-22,54800.0,55300.0,53500.0,55100.0,71321,639183142000.0,-0.005415162454873612,0.015649149120932515,-0.021064311575806127,-0.5520325203252038,52657.5,47824.166666666664,1.046384655557138,1.1521371691439126,18.600000381469727,29.98,-1541.3679371953774,4.155726373220675,-0.04617801922546805,-0.14236391234473023,3736.0,7518.0,64492.0,0.56
2025-10-23,54100.0,55100.0,53500.0,53800.0,69892,624102596000.0,-0.023593466424682408,-0.009815400269293506,-0.013778066155388902,-0.5626016260162607,52895.0,47998.333333333336,1.0171093676150864,1.1208722525087675,17.299999237060547,30.63,-1541.3679371953774,4.155726373220675,-0.05497153479052397,-0.11120207780460212,185.0,-2918.0,54925.0,0.47
2025-10-24,55400.0,55400.0,54400.0,54400.0,61171,631062848000.0,0.011152416356877248,0.02497166286150554,-0.01381924650462829,-0.5577235772357729,53075.0,48175.0,1.0249646726330663,1.129216398546964,16.3700008392334,31.29,-1541.3679371953774,4.155726373220675,-0.04866162423582332,-0.07377533188548524,3643.0,-15706.0,37114.0,0.32
2025-10-27,55500.0,55600.0,53400.0,53900.0,120100,625262638000.0,-0.009191176470588203,0.02568506312855945,-0.03487623959914765,-0.5617886178861794,53200.0,48360.0,1.013157894736842,1.1145574855252274,15.789999961853027,32.94,-1541.3679371953774,4.155726373220675,-0.062473552259164844,-0.10366702089429991,-21105.0,-1233.0,36138.0,0.31
2025-10-28,54600.0,54700.0,53400.0,53600.0,66762,621782512000.0,-0.005565862708719838,-0.008019176020047092,0.0024533133113272543,-0.5642276422764233,53345.0,48559.166666666664,1.0047802043303027,1.1038080691939387,16.420000076293945,33.24,-1541.3679371953774,4.155726373220675,-0.04624217279244869,-0.08108455052364372,176.0,-8104.0,29310.0,0.25
2025-10-29,55000.0,55700.0,53900.0,55600.0,111563,644983352000.0,0.03731343283582089,0.017639092208698415,0.019674340627122477,-0.5479674796747973,53575.0,48635.833333333336,1.0377974801679888,1.1431900347823107,16.920000076293945,32.63,-1541.3679371953774,4.155726373220675,-0.01274858566069792,-0.04034589832071511,-6184.0,-12758.0,15277.0,0.13
2025-10-30,56200.0,56200.0,54000.0,54200.0,89859,628742764000.0,-0.025179856115107868,0.001406463955435422,-0.02658632007054329,-0.5593495934959355,53812.5,48724.166666666664,1.0072009291521486,1.1123843404197096,16.90999984741211,31.89,-1541.3679371953774,4.155726373220675,-0.004458666132093558,-0.0531541522358695,-1813.0,-12640.0,0.0,0.0
2025-10-31,54000.0,54000.0,52100.0,53200.0,96267,617142344000.0,-0.01845018450184499,0.005042980839611966,-0.023493165341456956,-0.5674796747967484,54117.5,48800.0,0.9830461495819283,1.0901639344262295,17.440000534057617,30.4,-1541.3679371953774,4.155726373220675,-0.03040514478487777,-0.06282807107269817,-7758.0,11618.0,13381.0,0.12
2025-11-03,54000.0,56900.0,53700.0,56500.0,205744,655423730000.0,0.06203007518796988,0.02784421599208775,0.03418585919588213,-0.5406504065040656,54550.0,48952.5,1.0357470210815765,1.1541800725192788,17.170000076293945,32.89,-1541.3679371953774,4.155726373220675,-0.015893626216118117,0.006234027722331614,2799.0,13560.0,26717.0,0.23
2025-11-04,57800.0,57900.0,55000.0,55000.0,118178,638023100000.0,-0.026548672566371723,-0.02371695007974428,-0.0028317224866274415,-0.5528455284552851,54937.5,49127.5,1.0011376564277588,1.1195359014808406,19.0,35.78,-1541.3679371953774,4.155726373220675,0.007860971367797731,0.0009489919243769185,-823.0,-27376.0,0.0,0.0
2025-11-05,53900.0,54000.0,50600.0,52900.0,135969,613662218000.0,-0.038181818181818206,-0.028463781274122413,-0.009718036907695793,-0.5699186991869925,55095.0,49277.5,0.960159724112896,1.073512252042007,18.010000228881836,40.51,-1541.3679371953774,4.155726373220675,0.021636099801558895,-0.028443385610441352,3921.0,-9553.0,0.0,0.0
2025-11-06,53900.0,53900.0,51300.0,51400.0,97430,596261588000.0,-0.02835538752362954,0.005501428353338111,-0.03385681587696765,-0.582113821138212,55125.0,49390.833333333336,0.9324263038548752,1.0406789383995005,19.5,40.2,-1541.3679371953774,4.155726373220675,-0.046406575271290884,-0.03571388141686571,-35252.0,10912.0,0.0,0.0
2025-11-07,49750.0,50700.0,48500.0,49200.0,72111,570740664000.0,-0.04280155642023342,-0.01805310938612159,-0.02474844703411183,-0.6000000000000005,54920.0,49465.833333333336,0.8958485069191552,0.9946259202479826,19.079999923706055,41.88,-1541.3679371953774,4.155726373220675,-0.06832329981877527,-0.036969163109520586,1644.0,-12700.0,0.0,0.0
2025-11-10,49250.0,49900.0,48500.0,49650.0,53070,575960853000.0,0.009146341463414531,0.03021933050403658,-0.021072989040622048,-0.5963414634146347,54587.5,49543.333333333336,0.9095488893977559,1.0021529973760344,17.600000381469727,39.75,-1541.3679371953774,4.155726373220675,-0.07967825195170153,-0.09222801134602476,-5654.0,-998.0,0.0,0.0
2025-11-11,50500.0,51400.0,48950.0,49550.0,61500,574800811000.0,-0.002014098690835797,0.00813852033365392,-0.010152619024489717,-0.597154471544716,54205.0,49607.5,0.9141223134397196,0.9988409010734264,17.280000686645508,38.93,-1541.3679371953774,4.155726373220675,-0.055974055099223596,-0.09954890788388704,-14892.0,2478.0,0.0,0.0
2025-11-12,49700.0,49800.0,48650.0,49650.0,42758,575960853000.0,0.0020181634712410634,0.010715007228991213,-0.00869684375775015,-0.5963414634146347,53692.5,49672.5,0.924710155049588,0.9995470330665861,17.510000228881836,36.1,-1541.3679371953774,4.155726373220675,-0.039922451822861915,-0.0985277147339414,-10173.0,198.0,0.0,0.0
2025-11-13,49650.0,49800.0,48700.0,49600.0,37224,575380832000.0,-0.001007049345417954,0.00487658880901054,-0.005883638154428494,-0.5967479674796754,53237.5,49760.833333333336,0.9316741019018548,0.9967678729924806,20.0,33.34,-1541.3679371953774,4.155726373220675,-0.024733100936668362,-0.07055453701140224,-450.0,-4573.0,0.0,0.0
2025-11-14,48000.0,48400.0,46900.0,47200.0,66815,547539824000.0,-0.048387096774193505,-0.038138079600067876,-0.01024901717412563,-0.6162601626016265,52812.5,49793.333333333336,0.8937278106508876,0.9479180613201231,19.829999923706055,36.66,-1541.3679371953774,4.155726373220675,-0.024829499086304274,-0.05605510715141604,-3153.0,-4790.0,0.0,0.0
2025-11-17,47600.0,48150.0,47050.0,47650.0,33707,552760013000.0,0.009533898305084776,0.019363972289381914,-0.009830073984297139,-0.6126016260162607,52375.0,49845.833333333336,0.9097852028639618,0.9559475048064866,22.3799991607666,34.36,-1541.3679371953774,4.155726373220675,-0.025962729312851263,-0.04481219209509113,-1366.0,2680.0,0.0,0.0
2025-11-18,46950.0,47450.0,44800.0,44950.0,58361,521438879000.0,-0.05666316894018886,-0.03316742258666017,-0.02349574635352869,-0.6345528455284558,51852.5,49881.666666666664,0.8668820211175932,0.9011326806776037,24.690000534057617,39.26,-1541.3679371953774,4.155726373220675,-0.04357483751195146,-0.0581553194241301,-219.0,-1721.0,0.0,0.0
2025-11-19,44250.0,45300.0,43000.0,43500.0,54293,504618270000.0,-0.032258064516129004,-0.006098235719982692,-0.02615982879614631,-0.6463414634146346,51272.5,49905.833333333336,0.8484080159929787,0.8716415916643011,23.65999984741211,39.51,-1541.3679371953774,4.155726373220675,-0.05948564913397214,-0.07561830446252626,1261.0,6952.0,0.0,0.0
2025-11-20,44700.0,45550.0,44200.0,44650.0,37515,517958753000.0,0.026436781609195492,0.019172896290730934,0.007263885318464558,-0.6369918699186996,50815.0,49970.0,0.8786775558398111,0.8935361216730038,26.420000076293945,36.28,-1541.3679371953774,4.155726373220675,-0.042391689831210444,-0.06247078098963321,-189.0,-2944.0,0.0,0.0
2025-11-21,42250.0,42800.0,41250.0,41600.0,69798,482577472000.0,-0.06830907054871216,-0.03785162595207736,-0.030457444596634797,-0.6617886178861793,50175.0,49974.166666666664,0.8290981564524166,0.8324300888792543,23.43000030517578,41.38,-1541.3679371953774,4.155726373220675,-0.04935338807431655,-0.08267920841214238,-11378.0,4104.0,0.0,0.0
2025-11-24,42400.0,42400.0,41150.0,41350.0,27129,479677367000.0,-0.006009615384615419,-0.0018685349946869767,-0.004141080389928442,-0.6638211382113826,49547.5,49958.333333333336,0.8345527019526717,0.8276897414512093,20.520000457763672,38.72,-1541.3679371953774,4.155726373220675,-0.02733463966809868,-0.07699021481777368,-758.0,-2021.0,0.0,0.0
2025-11-25,43500.0,44300.0,42700.0,43300.0,64092,502298186000.0,0.047158403869407506,0.0030472666896965706,0.044111137179710935,-0.6479674796747972,49032.5,49960.0,0.8830877479222964,0.866693354683747,18.559999465942383,37.16,-1541.3679371953774,4.155726373220675,0.009512612193147696,-0.009383331284534058,561.0,12749.0,11.0,0.0
2025-11-26,48200.0,48500.0,45500.0,46700.0,132303,541739614000.0,0.07852193995381063,0.026722645435389047,0.05179929451842158,-0.620325203252033,48587.5,50012.5,0.9611525598147672,0.9337665583604099,17.190000534057617,33.06,-1541.3679371953774,4.155726373220675,0.09176935130820407,0.06857579203003383,1402.0,-16200.0,0.0,0.0
2025-11-27,46350.0,46600.0,45600.0,46300.0,48632,537099446000.0,-0.008565310492505307,0.0065742612485271135,-0.01513957174103242,-0.6235772357723582,48192.5,50040.833333333336,0.9607304041085231,0.9252443837532681,17.190000534057617,30.79,-1541.3679371953774,4.155726373220675,0.0807708599571001,0.046172334970536855,1100.0,-4554.0,0.0,0.0
2025-11-28,46600.0,50600.0,46150.0,50100.0,231957,581181042000.0,0.08207343412527002,-0.015129467569744093,0.09720290169501411,-0.5926829268292688,48037.5,50138.333333333336,1.0429352068696331,0.9992354485922281,16.350000381469727,30.24,-1541.3679371953774,4.155726373220675,0.13386262447240327,0.17383268126218576,91752.0,43802.0,43615.0,0.38
2025-12-01,52000.0,54400.0,51300.0,53100.0,229434,615982302000.0,0.05988023952095811,-0.0015840641788168464,0.06146430369977496,-0.5682926829268298,47867.5,50255.833333333336,1.1093121637854495,1.0565937619181853,17.239999771118164,31.55,-1541.3679371953774,4.155726373220675,0.14352763365375665,0.23943806535188916,72224.0,36507.0,67191.0,0.58
2025-12-02,53600.0,54100.0,52500.0,53500.0,97870,620622470000.0,0.007532956685499137,0.01901856514165412,-0.011485608456154983,-0.5650406504065045,47792.5,50413.333333333336,1.1194225035308887,1.061227188574451,16.59000015258789,29.73,-1541.3679371953774,4.155726373220675,0.14718159693863408,0.18384131971602324,20071.0,-8522.0,49190.0,0.42
2025-12-03,53700.0,54000.0,52400.0,53600.0,65527,621782512000.0,0.0018691588785046953,0.010355655266902408,-0.008486496388397713,-0.5642276422764233,47827.5,50565.0,1.1206941613088703,1.060021754177791,16.079999923706055,29.36,-1541.3679371953774,4.155726373220675,0.04149219885522226,0.12355552880920395,17406.0,-5307.0,45568.0,0.39
2025-12-04,52600.0,52900.0,50800.0,51300.0,78516,595101546000.0,-0.042910447761194015,-0.0019299950371037822,-0.04098045272409023,-0.5829268292682931,47822.5,50632.5,1.0727168173976684,1.0131832321137608,15.779999732971191,28.4,-1541.3679371953774,4.155726373220675,-0.06095255756864293,0.09771464782614614,-9380.0,17052.0,66447.0,0.57
2025-12-05,50900.0,51600.0,50100.0,51500.0,70375,597421630000.0,0.003898635477582957,0.017758375863148768,-0.01385974038556581,-0.5813008130081305,47937.5,50715.833333333336,1.074315514993481,1.0154619694704152,15.40999984741211,26.95,-1541.3679371953774,4.155726373220675,-0.06332668949805376,-0.013347994254433782,-5957.0,-2401.0,58495.0,0.5
2025-12-08,52100.0,52100.0,50600.0,51000.0,52126,591621420000.0,-0.009708737864077666,0.013365762753929866,-0.023074500618007532,-0.5853658536585371,48005.0,50799.166666666664,1.0623893344443287,1.003953476927115,16.65999984741211,27.33,-1541.3679371953774,4.155726373220675,-0.07791469372766358,-0.09788679857221627,-6017.0,6781.0,67175.0,0.58
2025-12-09,51500.0,52100.0,50200.0,50400.0,41171,584661168000.0,-0.0117647058823529,-0.002719783554916866,-0.009044922327436034,-0.5902439024390248,48047.5,50850.0,1.0489619647224102,0.9911504424778761,16.93000030517578,27.87,-1541.3679371953774,4.155726373220675,-0.045979163331009376,-0.09544611244349732,-6832.0,261.0,66572.0,0.57
2025-12-10,50200.0,50400.0,48500.0,48700.0,99636,564940454000.0,-0.03373015873015872,-0.002063400970305218,-0.0316667577598535,-0.604065040650407,48000.0,50861.666666666664,1.0145833333333334,0.9574990988629289,15.770000457763672,27.64,-1541.3679371953774,4.155726373220675,-0.06378618070529707,-0.11862637381495311,-43479.0,4661.0,69120.0,0.6
2025-12-11,50200.0,50300.0,48400.0,49250.0,67695,571320685000.0,0.011293634496919891,-0.00589598133313185,0.01718961583005174,-0.5995934959349598,47982.5,50878.333333333336,1.0264158807898713,0.9679955449274412,14.850000381469727,27.4,-1541.3679371953774,4.155726373220675,-0.023522064257237796,-0.06045630526081114,-17214.0,2296.0,70371.0,0.61
2025-12-12,49750.0,49850.0,48450.0,48950.0,45225,567840559000.0,-0.006091370558375608,0.01375462520267745,-0.01984599576105306,-0.6020325203252037,48070.0,50887.5,1.0183066361556063,0.9619258167526407,15.739999771118164,25.05,-1541.3679371953774,4.155726373220675,-0.03432313769085482,-0.06644256063629839,4518.0,-20738.0,48887.0,0.42
2025-12-15,47500.0,48050.0,47100.0,47850.0,43473,555080097000.0,-0.022471910112359605,-0.018374640159806055,-0.0040972699525535505,-0.6109756097560981,48080.0,50870.833333333336,0.995216306156406,0.9406175771971496,16.5,26.92,-1541.3679371953774,4.155726373220675,-0.006753649883554869,-0.047465329970844405,-668.0,-6185.0,42299.0,0.36
2025-12-16,48000.0,48000.0,46000.0,46000.0,42590,533619320000.0,-0.03866248693834906,-0.022358682515971173,-0.016303804422377888,-0.6260162601626021,48132.5,50804.166666666664,0.9556952163299226,0.9054375461330272,16.479999542236328,28.37,-1541.3679371953774,4.155726373220675,-0.0402470701359845,-0.05472421206578626,3833.0,-6895.0,33274.0,0.29
2025-12-17,46500.0,47150.0,46050.0,46750.0,28901,542319635000.0,0.016304347826086918,0.014323123023099127,0.001981224802987791,-0.6199186991869924,48295.0,50741.666666666664,0.9680091106739828,0.9213335523074397,17.6200008392334,26.78,-1541.3679371953774,4.155726373220675,-0.018419849571943647,-0.021076229502944965,2670.0,-3395.0,29202.0,0.25
2025-12-18,46150.0,47000.0,45350.0,45750.0,25145,530719215000.0,-0.021390374331550777,-0.015259774945072357,-0.006130599386478419,-0.6280487804878053,48350.0,50686.666666666664,0.9462254395036195,0.9026042351703275,16.8700008392334,27.86,-1541.3679371953774,4.155726373220675,-0.020453179005868516,-0.044396444719475125,1913.0,-3881.0,27704.0,0.24
2025-12-19,46500.0,46500.0,44950.0,45300.0,42734,525499026000.0,-0.00983606557377048,0.006518957018217142,-0.016355022591987622,-0.6317073170731712,48535.0,50595.0,0.9333470691253735,0.8953453898606581,14.90999984741211,27.27,-1541.3679371953774,4.155726373220675,-0.02050439717547825,-0.04090547155040969,8608.0,-9909.0,17733.0,0.15
2025-12-22,46650.0,48200.0,45850.0,47750.0,82456,553920055000.0,0.05408388520971297,0.02123593187902517,0.032847953330687796,-0.6117886178861794,48855.0,50534.166666666664,0.9773820489202742,0.9449052621163899,14.079999923706055,27.19,-1541.3679371953774,4.155726373220675,0.010362331352221754,-0.0039602482671683426,7381.0,-15398.0,8704.0,0.08
2025-12-23,48100.0,48700.0,47300.0,47750.0,57151,553920055000.0,0.0,0.0027739508344981623,-0.0027739508344981623,-0.6117886178861794,49077.5,50485.0,0.9729509449340329,0.9458254927206101,14.0,26.11,-1541.3679371953774,4.155726373220675,0.013718979904202011,0.009569605320711383,8767.0,-11139.0,955.0,0.01
2025-12-24,49300.0,49300.0,46900.0,47050.0,46047,545799761000.0,-0.014659685863874339,-0.002112953912415727,-0.012546731951458612,-0.6174796747967485,49095.0,50419.166666666664,0.9583460637539464,0.9331768672627804,13.470000267028809,25.99,-1541.3679371953774,4.155726373220675,0.017527270544731022,-0.00495835143373502,-322.0,-10758.0,0.0,0.0
2025-12-26,48500.0,55500.0,48450.0,55000.0,739559,638023100000.0,0.16896918172157283,0.005125822780658096,0.16384335894091473,-0.5528455284552852,49530.0,50511.666666666664,1.1104381183121341,1.0888573596858813,13.600000381469727,26.2,-1541.3679371953774,4.155726373220675,0.14852267615495796,0.16501560689365813,38329.0,94504.0,117923.0,1.02
2025-12-29,55000.0,55900.0,52100.0,52200.0,256502,605541924000.0,-0.050909090909090904,0.02200651840921486,-0.07291560931830576,-0.5756097560975615,49635.0,50596.666666666664,1.0516772438803264,1.0316885170301073,14.199999809265137,27.48,-1541.3679371953774,4.155726373220675,0.07838101767115035,0.10845502016733999,2955.0,-30850.0,64465.0,0.56
2025-12-30,52200.0,52600.0,50500.0,51700.0,151866,599741714000.0,-0.009578544061302652,-0.001514049469747203,-0.008064494591555449,-0.579674796747968,49565.0,50660.833333333336,1.0430747503278524,1.0205122300264833,14.329999923706055,28.85,-1541.3679371953774,4.155726373220675,0.08286325503105352,0.06754257224509674,-3615.0,-6849.0,53850.0,0.46
2026-01-02,52000.0,53000.0,51000.0,52800.0,162546,612502176000.0,0.02127659574468077,0.022652138548563183,-0.0013755428038824125,-0.5707317073170738,49530.0,50753.333333333336,1.0660205935796487,1.0403257585708656,14.510000228881836,30.6,-1541.3679371953774,4.155726373220675,-0.08235564671374362,0.0689409802757125,-11743.0,-16172.0,36631.0,0.32
2026-01-05,54600.0,54600.0,51400.0,52600.0,184234,610182092000.0,-0.0037878787878787845,0.03431620365093524,-0.038104082438814024,-0.5723577235772362,49480.0,50800.833333333336,1.063055780113177,1.0354160856941323,14.899999618530273,33.03,-1541.3679371953774,4.155726373220675,-0.047544119834251886,0.04338362978835708,454.0,-22719.0,18716.0,0.16
2026-01-06,52400.0,54100.0,51400.0,54000.0,133086,626422680000.0,0.026615969581748944,0.015246137008857907,0.011369832572891037,-0.5609756097560981,49615.0,50854.166666666664,1.0883805300816285,1.0618598934862762,14.75,34.33,-1541.3679371953774,4.155726373220675,-0.0281097926698054,-0.10908989657966661,16562.0,-6369.0,19865.0,0.17
2026-01-07,53800.0,53900.0,51700.0,53300.0,163727,618302386000.0,-0.012962962962962954,0.005652456366042946,-0.0186154193290059,-0.5666666666666672,49705.0,50854.166666666664,1.072326727693391,1.0480950430151579,15.380000114440918,35.57,-1541.3679371953774,4.155726373220675,-0.04534966919492889,-0.05478970659036675,26854.0,-17826.0,2899.0,0.02
2026-01-08,54800.0,66300.0,54200.0,64300.0,1861540,745907006000.0,0.2063789868667918,0.0002878579005514137,0.20609112896624038,-0.4772357723577243,50370.0,50987.5,1.2765535040698828,1.261093405246384,15.449999809265137,35.21,-1541.3679371953774,4.155726373220675,0.19884554221012551,0.15936591696742908,122985.0,125691.0,207939.0,1.79
2026-01-09,61900.0,63000.0,59900.0,61400.0,481206,712265788000.0,-0.04510108864696738,0.007457589378129237,-0.05255867802509662,-0.500813008130082,50920.0,51057.5,1.2058130400628437,1.2025657347108651,14.489999771118164,34.16,-1541.3679371953774,4.155726373220675,0.13491703161213786,0.10818278174621487,-7840.0,-50903.0,97232.0,0.84
2026-01-12,64000.0,65700.0,61100.0,63300.0,450586,734306586000.0,0.030944625407166138,0.008388035793012616,0.02255658961415352,-0.48536585365853724,51650.0,51114.166666666664,1.2255566311713455,1.238404225834325,15.119999885559082,33.5,-1541.3679371953774,4.155726373220675,0.17608904055529728,0.16884345379918242,21250.0,-19717.0,100876.0,0.87
2026-01-13,62800.0,63300.0,61100.0,62100.0,202523,720386082000.0,-0.018957345971563955,0.014670957401993645,-0.0336283033735576,-0.49512195121951275,52292.5,51170.833333333336,1.187550796003251,1.213581955866786,15.979999542236328,32.52,-1541.3679371953774,4.155726373220675,-0.0636303917845007,0.12384531785273378,-291.0,-24796.0,68260.0,0.59
2026-01-14,61200.0,61400.0,58100.0,59400.0,289204,689064948000.0,-0.04347826086956519,0.006491007204911803,-0.04996926807447699,-0.5170731707317078,52815.0,51232.5,1.1246804884975858,1.1594202898550725,16.75,31.57,-1541.3679371953774,4.155726373220675,-0.06104098183388107,0.09249146910726269,-26295.0,849.0,71726.0,0.62
2026-01-15,58200.0,60100.0,57200.0,60100.0,171280,697185242000.0,0.011784511784511675,0.01576288994344921,-0.0039783781589375344,-0.5113821138211389,53427.5,51294.166666666664,1.1248888680922746,1.1716731922083408,15.84000015258789,32.39,-1541.3679371953774,4.155726373220675,-0.08757594960697213,-0.11757803801791522,-427.0,-7159.0,66952.0,0.58
2026-01-16,62200.0,62300.0,59500.0,60400.0,180928,700665368000.0,0.004991680532445919,0.009002601629127582,-0.004010921096681663,-0.5089430894308948,54147.5,51377.5,1.115471628422365,1.175611892365335,15.859999656677246,31.62,-1541.3679371953774,4.155726373220675,-0.05795856733009619,-0.06903028108950027,9975.0,-37790.0,27141.0,0.23
2026-01-19,59400.0,62700.0,58500.0,61800.0,208544,716905956000.0,0.023178807947019875,0.013204575907852512,0.009974232039167363,-0.4975609756097567,54900.0,51489.166666666664,1.1256830601092895,1.2002524802952077,15.859999656677246,32.99,-1541.3679371953774,4.155726373220675,0.0019849327835481656,-0.08161263866448643,9659.0,14825.0,49364.0,0.43
2026-01-20,62200.0,62500.0,59100.0,60700.0,159622,704145494000.0,-0.017799352750809017,-0.0038555487327501803,-0.013943804018058836,-0.5065040650406509,55647.5,51604.166666666664,1.0907947347140483,1.176261606782398,20.09000015258789,34.56,-1541.3679371953774,4.155726373220675,-0.007980493075573136,-0.06192813930898766,1699.0,-11127.0,41249.0,0.36
2026-01-21,58300.0,60200.0,57600.0,59000.0,146415,684424780000.0,-0.028006589785831926,0.004949122607839085,-0.03295571239367101,-0.520325203252033,56332.5,51680.833333333336,1.0473527714907025,1.141622458358192,16.899999618530273,35.58,-1541.3679371953774,4.155726373220675,-0.036925284372562484,-0.04491458362818168,177.0,11956.0,53122.0,0.46
2026-01-22,61300.0,61300.0,59000.0,60400.0,151527,700665368000.0,0.023728813559322104,0.008676214905280588,0.015052598654041516,-0.5089430894308947,56965.0,51789.166666666664,1.0603001843237077,1.1662670764477772,15.640000343322754,36.36,-1541.3679371953774,4.155726373220675,-0.03184691775768833,-0.02588360681520263,17121.0,-13577.0,38544.0,0.33
2026-01-23,61500.0,63100.0,59800.0,62400.0,224693,723866208000.0,0.0331125827814569,0.00757997239613073,0.02553261038532617,-0.49268292682926884,57697.5,51935.833333333336,1.0815026647601715,1.2014825987195739,16.09000015258789,34.09,-1541.3679371953774,4.155726373220675,0.007629496645696676,0.0036599246668052032,24361.0,2595.0,39086.0,0.34
2026-01-26,63800.0,65700.0,62400.0,65400.0,341924,758667468000.0,0.04807692307692313,-0.008112107023489967,0.056189030100413095,-0.46829268292682985,58615.0,52099.166666666664,1.1157553527254116,1.255298389289656,16.149999618530273,34.35,-1541.3679371953774,4.155726373220675,0.09677423913978078,0.049874722728050935,69000.0,21218.0,51449.0,0.44
2026-01-27,68100.0,71300.0,67000.0,69700.0,441641,808549274000.0,0.06574923547400613,0.027327568177603068,0.03842166729640306,-0.4333333333333339,59350.0,52357.5,1.1743892165122156,1.3312323926849066,16.350000381469727,34.81,-1541.3679371953774,4.155726373220675,0.12014330778214233,0.10224019404251283,46820.0,1625.0,53027.0,0.46
2026-01-28,72200.0,74400.0,70000.0,74100.0,383415,859591122000.0,0.06312769010043051,0.016905112104901754,0.04622257799552876,-0.3975609756097566,60445.0,52705.833333333336,1.2259078501116718,1.4059164861574462,16.350000381469727,38.68,-1541.3679371953774,4.155726373220675,0.14083327539234491,0.1814184844317126,104646.0,12878.0,63283.0,0.55
2026-01-29,78000.0,78000.0,68000.0,73700.0,544498,854950954000.0,-0.005398110661268607,0.009754746516441815,-0.015152857177710422,-0.40081300813008186,61545.0,52992.5,1.197497765862377,1.3907628437986508,16.8799991607666,38.92,-1541.3679371953774,4.155726373220675,0.0694913881142214,0.15121302859996066,68513.0,-21184.0,24991.0,0.22
2026-01-30,72300.0,77700.0,72200.0,72600.0,434671,842190492000.0,-0.014925373134328401,0.0005956166207805591,-0.01552098975510896,-0.4097560975609762,62535.0,53285.833333333336,1.1609498680738786,1.3624634440048167,17.440000534057617,39.58,-1541.3679371953774,4.155726373220675,0.015548731062709376,0.11015942845952553,49113.0,18577.0,47221.0,0.41
2026-02-02,69300.0,71000.0,65800.0,65800.0,243337,763307636000.0,-0.09366391184572997,-0.052578679224774216,-0.04108523262095576,-0.4650406504065046,63195.0,53500.833333333336,1.0412216156341483,1.229887384931699,16.34000015258789,47.37,-1541.3679371953774,4.155726373220675,-0.07175907955377514,0.012885165738156679,-15643.0,26400.0,72898.0,0.63
2026-02-03,68400.0,70700.0,66500.0,68900.0,197339,799268938000.0,0.04711246200607899,0.0683702472268708,-0.021257785220791803,-0.4398373983739843,63940.0,53792.5,1.0775727244291524,1.2808477018171678,18.0,50.14,-1541.3679371953774,4.155726373220675,-0.07786400759685652,-0.046794286779038186,6816.0,-10357.0,50633.0,0.44
2026-02-04,67500.0,69800.0,66600.0,68100.0,138559,789988602000.0,-0.011611030478954953,0.01569946337890671,-0.027310493857861662,-0.4463414634146347,64680.0,54107.5,1.0528756957328387,1.258605553758721,18.639999389648438,50.7,-1541.3679371953774,4.155726373220675,-0.08965351169960922,-0.1203273586324286,-13662.0,5435.0,64614.0,0.56
2026-02-05,66400.0,68700.0,65100.0,65900.0,160326,764467678000.0,-0.032305433186490484,-0.03863831797289696,0.0063328847864064786,-0.46422764227642327,64760.0,54378.333333333336,1.0176034589252625,1.211879731510712,21.770000457763672,52.21,-1541.3679371953774,4.155726373220675,-0.042235394292246986,-0.0988416166683117,-21821.0,554.0,70430.0,0.61
2026-02-06,62600.0,67900.0,60500.0,64600.0,185891,749387132000.0,-0.019726858877086473,-0.014414385790020967,-0.005312473087065506,-0.4747967479674801,64920.0,54629.166666666664,0.9950708564386938,1.182518495919457,20.3700008392334,51.48,-1541.3679371953774,4.155726373220675,-0.02629008215852069,-0.08863310000026825,3247.0,13914.0,88731.0,0.76
2026-02-09,68500.0,70900.0,67200.0,70800.0,201438,821309736000.0,0.09597523219814241,0.04104817252653592,0.05492705967160649,-0.42439024390243957,65295.0,54981.666666666664,1.0843096714909257,1.287701961259814,17.360000610351562,47.16,-1541.3679371953774,4.155726373220675,0.055947471370947466,0.007379192292294001,11740.0,4460.0,91744.0,0.79
2026-02-10,70200.0,70200.0,66700.0,67300.0,142329,780708266000.0,-0.04943502824858759,0.000688915583279659,-0.050123943831867246,-0.4528455284552851,65555.0,55276.666666666664,1.0266188696514378,1.2175119097871314,17.790000915527344,42.0,-1541.3679371953774,4.155726373220675,-0.0005093572473262586,-0.021486966318781442,-4233.0,-53110.0,29208.0,0.25
2026-02-11,67800.0,69200.0,66000.0,67300.0,129166,780708266000.0,0.0,0.00995914388662733,-0.00995914388662733,-0.4528455284552851,65950.0,55611.666666666664,1.020470053070508,1.2101777205022928,17.649999618530273,38.88,-1541.3679371953774,4.155726373220675,-0.005156028046888084,-0.004135616347547111,-17512.0,-5006.0,22937.0,0.2
2026-02-12,69000.0,69200.0,67100.0,67600.0,103574,784188392000.0,0.004457652303120341,0.031334408657453405,-0.026876756354333065,-0.4504065040650411,66325.0,55944.166666666664,1.0192235205427818,1.2083476084786917,20.81999969482422,40.51,-1541.3679371953774,4.155726373220675,-0.08695984407282764,-0.037345257488286654,-2572.0,-13850.0,7718.0,0.07
2026-02-13,66500.0,68300.0,65600.0,65700.0,95648,762147594000.0,-0.028106508875739622,-0.0027634023422029586,-0.025343106533536663,-0.4658536585365858,66590.0,56290.0,0.986634629824298,1.1671700124356013,20.600000381469727,41.57,-1541.3679371953774,4.155726373220675,-0.06217900677449706,-0.05737589093475781,-3968.0,-9921.0,181.0,0.0
2026-02-19,67700.0,69900.0,66300.0,69600.0,159758,807389232000.0,0.05936073059360725,0.030913370707574828,0.02844735988603242,-0.4341463414634151,66980.0,56725.0,1.0391161540758436,1.2269722344645217,20.229999542236328,42.56,-1541.3679371953774,4.155726373220675,-0.02377250300183731,-0.08385559072033189,41389.0,39683.0,51085.0,0.44
2026-02-20,69000.0,69100.0,67200.0,67500.0,77305,783028350000.0,-0.030172413793103425,0.023123833749834954,-0.05329624754293838,-0.45121951219512235,67320.0,57105.833333333336,1.0026737967914439,1.182015847768033,19.09000015258789,43.87,-1541.3679371953774,4.155726373220675,-0.050191994190442624,-0.08702789443140302,3949.0,-22538.0,21399.0,0.18
2026-02-23,70400.0,71000.0,67400.0,68100.0,144358,789988602000.0,0.008888888888888946,0.00646636239857723,0.002422526490311716,-0.4463414634146345,67775.0,57547.5,1.0047952784950203,1.183370259350971,21.010000228881836,46.34,-1541.3679371953774,4.155726373220675,-0.022426361166594244,-0.07464622405446397,-32885.0,7379.0,29722.0,0.26
2026-02-24,68800.0,72000.0,67200.0,71700.0,187874,831750114000.0,0.052863436123347984,0.02113383411321279,0.031729602010135194,-0.41707317073170774,68340.0,58053.333333333336,1.0491659350307287,1.2350711988975653,19.549999237060547,48.12,-1541.3679371953774,4.155726373220675,-0.01914411904249147,-0.016039865689995714,2854.0,21508.0,59542.0,0.51
2026-02-25,73800.0,73800.0,69600.0,70000.0,173013,812029400000.0,-0.023709902370990243,0.019133435843132984,-0.04284333821412323,-0.43089430894308983,68720.0,58498.333333333336,1.0186263096623982,1.1966152881848484,17.93000030517578,49.57,-1541.3679371953774,4.155726373220675,-0.008691209713676318,-0.03354009737058228,-1218.0,-49249.0,0.0,0.0
2026-02-26,71300.0,71700.0,69500.0,71100.0,121000,824789862000.0,0.01571428571428579,0.03672177881650063,-0.021007493102214836,-0.4219512195121955,69005.0,58905.0,1.0303601188319687,1.2070282658517952,18.6299991607666,54.67,-1541.3679371953774,4.155726373220675,-0.03212122930620287,-0.08299495035882953,10806.0,-3980.0,0.0,0.0
2026-02-27,68500.0,70900.0,68200.0,69600.0,118959,807389232000.0,-0.021097046413502074,-0.010010691871955468,-0.011086354541546606,-0.43414634146341496,69000.0,59293.333333333336,1.008695652173913,1.1738250505959074,19.860000610351562,54.12,-1541.3679371953774,4.155726373220675,-0.07493718585788467,-0.04078505735743776,15783.0,5979.0,4849.0,0.04
2026-03-03,67500.0,70200.0,62900.0,63700.0,198714,738946754000.0,-0.08477011494252873,-0.07242317745620142,-0.012346937486327314,-0.4821138211382117,68480.0,59520.0,0.9301985981308412,1.070228494623656,23.56999969482422,62.98,-1541.3679371953774,4.155726373220675,-0.044440785130088756,-0.05555452133407679,-2256.0,12653.0,30316.0,0.26
2026-03-04,61000.0,63700.0,52300.0,52800.0,217596,612502176000.0,-0.17111459968602827,-0.12057682152301596,-0.050537778163012304,-0.5707317073170735,67435.0,59515.0,0.7829761993030325,0.8871713013526001,21.149999618530273,80.37,-1541.3679371953774,4.155726373220675,-0.07397107019088622,-0.1378219015072243,-1390.0,32236.0,66794.0,0.58
2026-03-05,57800.0,63800.0,56500.0,60500.0,148434,701825410000.0,0.14583333333333326,0.09627093524752262,0.049562398085810644,-0.5081300813008134,66830.0,59631.666666666664,0.9052820589555589,1.014561614354789,23.75,73.71,-1541.3679371953774,4.155726373220675,-0.013322317563528974,-0.045416165207290415,21966.0,19949.0,88812.0,0.77
2026-03-06,60300.0,64300.0,59100.0,63500.0,87952,736626670000.0,0.04958677685950419,0.0001737521912494877,0.0494130246682547,-0.4837398373983744,66715.0,59796.666666666664,0.9518099377950986,1.0619321032387536,29.489999771118164,62.72,-1541.3679371953774,4.155726373220675,0.04843764459105304,0.025004352563179122,1496.0,2981.0,90353.0,0.78
2026-03-09,58800.0,61300.0,56300.0,58100.0,117208,673984402000.0,-0.08503937007874018,-0.059625379464992134,-0.02541399061374805,-0.5276422764227645,66175.0,59910.0,0.8779750661125802,0.9697880153563679,25.5,71.82,-1541.3679371953774,4.155726373220675,0.0735614321403173,0.010676716490977678,-1221.0,-16174.0,69587.0,0.6
2026-03-10,62300.0,62400.0,59500.0,60500.0,112715,701825410000.0,0.04130808950086062,0.053451384040097416,-0.012143294539236793,-0.5081300813008134,65795.0,60060.0,0.9195227600881526,1.0073260073260073,24.93000030517578,66.61,-1541.3679371953774,4.155726373220675,0.011855739515269859,0.010880359438068199,-34030.0,20243.0,83733.0,0.72
2026-03-11,63400.0,65700.0,61600.0,62800.0,143834,728506376000.0,0.0380165289256198,0.013982665215982237,0.02403386370963756,-0.48943089430894343,65640.0,60256.666666666664,0.9567336989640464,1.0422083310283787,24.229999542236328,63.19,-1541.3679371953774,4.155726373220675,-0.013523421443347283,0.08545200131071806,-17970.0,34873.0,124105.0,1.07
2026-03-12,62100.0,63100.0,60200.0,61000.0,98412,707625620000.0,-0.0286624203821656,-0.0047594353573423565,-0.023902985024823242,-0.5040650406504069,65460.0,60433.333333333336,0.9318667888787046,1.0093767236624378,27.290000915527344,65.35,-1541.3679371953774,4.155726373220675,-0.012012415854422476,0.011986618200084176,-19574.0,-14204.0,103969.0,0.9
2026-03-13,59700.0,62700.0,58600.0,62100.0,90828,720386082000.0,0.0180327868852459,-0.01719603557515781,0.03522882246040371,-0.4951219512195125,65025.0,60656.666666666664,0.9550173010380623,1.0237951310655602,27.190000534057617,60.76,-1541.3679371953774,4.155726373220675,0.035359701145218025,-0.0021975840077668174,-14516.0,413.0,105688.0,0.91
2026-03-16,61600.0,62900.0,59500.0,61600.0,64196,714585872000.0,-0.008051529790660261,0.011410082410649336,-0.019461612201309597,-0.4991869918699191,64740.0,60862.5,0.9514983008958913,1.0121174779215445,23.510000228881836,54.67,-1541.3679371953774,4.155726373220675,-0.008135774765729131,0.0037547944046716353,-2218.0,-4634.0,91818.0,0.79
2026-03-17,65600.0,66300.0,62800.0,63000.0,113828,730826460000.0,0.022727272727272707,0.016330149682920903,0.0063971230443518046,-0.4878048780487809,64525.0,61096.666666666664,0.9763657497094149,1.0311528179387857,22.3700008392334,52.6,-1541.3679371953774,4.155726373220675,0.022164333303445916,0.022295211988260233,-9691.0,13305.0,104962.0,0.9
2026-03-18,67000.0,68300.0,64900.0,65900.0,150200,764467678000.0,0.04603174603174609,0.05044779977463065,-0.0044160537428845625,-0.46422764227642316,64440.0,61397.5,1.0226567349472377,1.0733336047884685,25.09000015258789,54.18,-1541.3679371953774,4.155726373220675,-0.017480542899842355,-0.006154705464261889,6121.0,-18340.0,61839.0,0.53
2026-03-19,63500.0,65900.0,63500.0,65400.0,85497,758667468000.0,-0.007587253414264028,-0.027309494834587222,0.019722241420323194,-0.46829268292682963,64425.0,61720.833333333336,1.0151338766006985,1.0596098022007696,24.059999465942383,55.47,-1541.3679371953774,4.155726373220675,0.021703310721790436,0.03747052098088455,-10051.0,-5498.0,59124.0,0.51
2026-03-20,66300.0,67200.0,64100.0,66300.0,85619,769107846000.0,0.013761467889908285,0.003119780226762847,0.010641687663145438,-0.4609756097560979,64260.0,62046.666666666664,1.0317460317460319,1.0685505533469433,26.780000686645508,55.64,-1541.3679371953774,4.155726373220675,0.02594787534058407,0.012883386183626278,2850.0,-9364.0,63529.0,0.55
2026-03-23,64000.0,66900.0,63300.0,63700.0,123982,738946754000.0,-0.039215686274509776,-0.06494329596420512,0.02572760968969534,-0.4821138211382117,64070.0,62345.833333333336,0.9942250663336976,1.0217202432667245,26.149999618530273,62.8,-1541.3679371953774,4.155726373220675,0.056091538773163974,0.058072608074631216,7818.0,10252.0,81145.0,0.7
2026-03-24,66000.0,68000.0,63700.0,65400.0,125385,758667468000.0,0.02668759811616961,0.0274096881792536,-0.000722090063083991,-0.46829268292682963,63935.0,62680.833333333336,1.022913896926566,1.0433811505377772,26.950000762939453,64.99,-1541.3679371953774,4.155726373220675,0.03564720728975679,0.05095339496719542,2065.0,5504.0,89648.0,0.77
2026-03-25,68100.0,69500.0,67000.0,68500.0,181549,794628770000.0,0.04740061162079501,0.015896887298420648,0.03150372432237436,-0.44308943089430936,63775.0,63026.666666666664,1.0740885927087416,1.086841548550878,25.329999923706055,61.5,-1541.3679371953774,4.155726373220675,0.05650924394898571,0.08687317303245434,-2907.0,4629.0,91751.0,0.79
2026-03-26,71000.0,72400.0,65500.0,65900.0,240962,764467678000.0,-0.03795620437956204,-0.032212555232489226,-0.005743649147072816,-0.46422764227642316,63570.0,63329.166666666664,1.036652509045147,1.0405947759721035,27.440000534057617,59.85,-1541.3679371953774,4.155726373220675,0.025037985112217553,0.06140728246505833,24339.0,-46134.0,34857.0,0.3
2026-03-27,63100.0,65100.0,61600.0,64000.0,138094,742426880000.0,-0.028831562974203306,-0.00395385075697785,-0.024877712217225456,-0.4796747967479678,63215.0,63611.666666666664,1.0124179387803527,1.0061047501768543,31.049999237060547,60.6,-1541.3679371953774,4.155726373220675,0.0008823629580760883,0.02588788258468744,-8646.0,-17923.0,17637.0,0.15
2026-03-30,60600.0,61500.0,59200.0,61500.0,67933,713425830000.0,-0.0390625,-0.029706595123391133,-0.009355904876608867,-0.5000000000000003,62810.0,63720.0,0.9791434484954625,0.9651600753295668,30.610000610351562,61.43,-1541.3679371953774,4.155726373220675,-0.03997726624090714,-0.00919563198161677,2219.0,-5109.0,10468.0,0.09
2026-03-31,59800.0,60200.0,56500.0,56700.0,109083,657743814000.0,-0.07804878048780484,-0.042605092011313905,-0.03544368847649093,-0.5390243902439027,62460.0,63795.0,0.9077809798270894,0.8887843874911827,25.25,61.48,-3076.781550323178,6.018789781135057,-0.06967730557032525,-0.04391723039502371,-23685.0,-6498.0,7314.0,0.06
2026-04-01,59800.0,63000.0,59400.0,62500.0,92535,725026250000.0,0.10229276895943573,0.08436291186282063,0.0179298570966151,-0.4918699186991873,62945.0,63975.0,0.9929303360076257,0.9769441187964049,24.540000915527344,61.65,-3076.781550323178,6.018789781135057,-0.0268697362564847,-0.05749109762078297,20603.0,9440.0,27598.0,0.24
2026-04-02,63300.0,64700.0,59200.0,60000.0,144728,696025200000.0,-0.040000000000000036,-0.04465482357189754,0.004654823571897504,-0.5121951219512199,62920.0,64095.0,0.9535918626827717,0.9361104610344021,23.8700008392334,58.91,-3076.781550323178,6.018789781135057,-0.012859007807978329,-0.04709262490181265,36915.0,5433.0,45177.0,0.39
2026-04-03,62000.0,63500.0,59600.0,62100.0,69659,720386082000.0,0.03499999999999992,0.02736886452087406,0.007631135479125861,-0.4951219512195125,62850.0,64253.333333333336,0.9880668257756563,0.966486822992322,23.8700008392334,59.1,-3076.781550323178,6.018789781135057,0.030215816147638463,-0.014583777205461335,19113.0,-11577.0,27245.0,0.23
2026-04-06,62200.0,63400.0,60100.0,60300.0,47680,699505326000.0,-0.02898550724637683,0.013581216612441382,-0.04256672385881821,-0.509756097560976,62960.0,64358.333333333336,0.9577509529860229,0.936941603004014,24.170000076293945,59.64,-3076.781550323178,6.018789781135057,-0.030280764807794847,-0.04779459618767068,-3266.0,-3800.0,20001.0,0.17
2026-04-07,63000.0,63000.0,59300.0,60600.0,50282,702985452000.0,0.004975124378109541,0.00815541561595512,-0.0031802912378455783,-0.507317073170732,62965.0,64480.0,0.9624394504883665,0.9398263027295285,25.780000686645508,59.49,-3076.781550323178,6.018789781135057,-0.03811587961753793,-0.015531198949025327,-741.0,-2529.0,13629.0,0.12
2026-04-08,64000.0,65000.0,62200.0,64800.0,87715,751707216000.0,0.06930693069306937,0.068712500474305,0.0005944302187643746,-0.4731707317073174,63065.0,64488.333333333336,1.0275112978672798,1.004832915514434,21.040000915527344,57.7,-3076.781550323178,6.018789781135057,-0.045152584877899415,-0.03286662582687605,14632.0,15025.0,31466.0,0.27
2026-04-09,63500.0,63800.0,61200.0,61300.0,94179,711105746000.0,-0.054012345679012363,-0.016063456924312103,-0.03794888875470026,-0.5016260162601629,63080.0,64486.666666666664,0.9717818642993025,0.9505841000723664,19.489999771118164,53.96,-3076.781550323178,6.018789781135057,-0.040534749773781464,-0.07547033815347381,-41844.0,-14716.0,12699.0,0.11
2026-04-10,62500.0,62600.0,60500.0,61000.0,73765,707625620000.0,-0.004893964110929905,0.013994498943833644,-0.01888846305476355,-0.5040650406504069,63025.0,64448.333333333336,0.967869892899643,0.9464946080839949,19.229999542236328,49.58,-3076.781550323178,6.018789781135057,-0.056242921590699435,-0.10198993668736323,-20593.0,-5032.0,7492.0,0.06
2026-04-13,60000.0,61200.0,59600.0,60600.0,46136,702985452000.0,-0.006557377049180357,-0.008576739029013014,0.0020193619798326568,-0.5073170731707322,62975.0,64423.333333333336,0.962286621675268,0.9406529725254824,19.1200008392334,50.14,-3076.781550323178,6.018789781135057,-0.05481798982963115,-0.05740385084871236,-9359.0,1394.0,110.0,0.0
2026-04-14,61900.0,62500.0,61100.0,61500.0,150142,713425830000.0,0.014851485148514865,0.027395470800653632,-0.012543985652138767,-0.5000000000000004,62900.0,64458.333333333336,0.9777424483306836,0.9541047188106011,18.360000610351562,49.87,-3076.781550323178,6.018789781135057,-0.02941308672706966,-0.06676754526300555,-19992.0,31682.0,45257.0,0.39
2026-04-15,63700.0,63800.0,61500.0,61800.0,101927,716905956000.0,0.004878048780487809,0.020718048966319014,-0.015840000185831205,-0.4975609756097565,62695.0,64486.666666666664,0.9857245394369567,0.9583376408559909,18.170000076293945,51.97,-3076.781550323178,6.018789781135057,-0.026364623858137315,-0.08320197566760112,-18424.0,-23907.0,3133.0,0.03
2026-04-16,63300.0,63300.0,61600.0,62400.0,101491,723866208000.0,0.009708737864077666,0.022106557771931934,-0.012397819907854268,-0.49268292682926873,62545.0,64520.0,0.9976816691981774,0.9671419714817111,17.940000534057617,50.47,-3076.781550323178,6.018789781135057,-0.04078180574582424,-0.05765090682075513,537.0,17028.0,33574.0,0.29
2026-04-17,62800.0,64000.0,61700.0,63400.0,106691,735466628000.0,0.01602564102564097,-0.00548178763150986,0.02150742865715083,-0.4845528455284558,62400.0,64546.666666666664,1.016025641025641,0.9822350753976451,17.479999542236328,48.51,-3076.781550323178,6.018789781135057,-0.006730391436534644,-0.017255015108840754,15019.0,9845.0,42744.0,0.37
2026-04-20,63200.0,63800.0,62500.0,63400.0,92050,735466628000.0,0.0,0.00438796402695929,-0.00438796402695929,-0.4845528455284558,62385.0,64591.666666666664,1.0162699366834977,0.9815507676428848,18.8700008392334,50.32,-3076.781550323178,6.018789781135057,0.00472164472233727,-0.0236623411156327,3755.0,-12485.0,27290.0,0.24
2026-04-21,64000.0,67200.0,63100.0,67100.0,166234,778388182000.0,0.05835962145110418,0.027235556222744206,0.031124065228359976,-0.4544715447154476,62470.0,64726.666666666664,1.0741155754762286,1.0366670099907302,19.5,51.63,-3076.781550323178,6.018789781135057,0.048243529858551515,0.020005709764866042,20699.0,22834.0,48677.0,0.42
2026-04-22,67900.0,68300.0,66000.0,68300.0,173988,792308686000.0,0.017883755588673722,0.004611426514762318,0.013272329073911404,-0.444715447154472,62460.0,64858.333333333336,1.0934998398975344,1.053064371065142,18.920000076293945,52.12,-3076.781550323178,6.018789781135057,0.04000843027531209,0.04911803902460865,-17083.0,34.0,30865.0,0.27
2026-04-23,69500.0,69600.0,66300.0,68700.0,185151,796948854000.0,0.005856515373352744,0.00901846564659059,-0.0031619502732378457,-0.4414634146341468,62600.0,64963.333333333336,1.097444089456869,1.0575196264559494,19.309999465942383,54.03,-3076.781550323178,6.018789781135057,0.041234444029033535,0.05835390865922507,12419.0,6505.0,29615.0,0.26
2026-04-24,68700.0,72300.0,68400.0,71200.0,330498,825949904000.0,0.0363901018922852,-2.7822894683393606e-05,0.03641792478696859,-0.4211382113821144,62960.0,65060.0,1.130876747141042,1.0943744236089763,18.709999084472656,53.56,-3076.781550323178,6.018789781135057,0.04652830358764215,0.07326440478904284,8413.0,76424.0,116349.0,1.0
2026-04-27,73000.0,83200.0,70200.0,79900.0,865684,926873558000.0,0.122191011235955,0.021526848332351856,0.10066416290360314,-0.35040650406504126,63880.0,65230.0,1.2507827175954915,1.2248965200061321,18.020000457763672,54.95,-3076.781550323178,6.018789781135057,0.13392013741733388,0.17831653171960526,53857.0,79540.0,228382.0,1.97
2026-04-28,78200.0,78700.0,74300.0,75200.0,227974,872351584000.0,-0.05882352941176472,0.003928967097520886,-0.0627524965092856,-0.3886178861788624,64805.0,65248.333333333336,1.1604042897924542,1.1525198600219673,17.829999923706055,55.0,-3076.781550323178,6.018789781135057,0.07432959118128613,0.08443996998195968,-3954.0,-34861.0,170862.0,1.47
2026-04-29,72300.0,73400.0,70100.0,71700.0,289170,831750114000.0,-0.046542553191489366,0.007510876742699679,-0.054053429934189046,-0.4170731707317079,65265.0,65215.0,1.0985980234428867,1.0994403128114698,18.809999465942383,55.57,-3076.781550323178,6.018789781135057,-0.016141763539871512,0.017114210973859234,-10383.0,-33324.0,130150.0,1.12
2026-04-30,73500.0,73700.0,70200.0,70400.0,185641,816669568000.0,-0.018131101813110173,-0.013754470474743319,-0.004376631338366854,-0.4276422764227648,65785.0,65178.333333333336,1.0701527703883864,1.0801135346613138,16.889999389648438,54.34,-3076.781550323178,6.018789781135057,-0.1211825577818415,0.015899529908730226,7536.0,-39457.0,69468.0,0.6
2026-05-04,72700.0,74400.0,72100.0,73300.0,188296,850310786000.0,0.04119318181818188,0.05123909262993798,-0.010045910811756098,-0.40406504065040705,66345.0,65303.333333333336,1.1048308086517447,1.1224541881476187,18.290000915527344,55.87,-3076.781550323178,6.018789781135057,-0.068475972084312,-0.030564305689994464,19218.0,29726.0,113348.0,0.98
2026-05-06,77100.0,77400.0,73800.0,75000.0,295251,870031500000.0,0.023192360163710735,0.06451931011822665,-0.04132694995451591,-0.3902439024390249,67080.0,65405.0,1.118067978533095,1.1467013225288587,17.389999389648438,60.07,-3076.781550323178,6.018789781135057,-0.055749492104638865,-0.17255541854811351,25970.0,-35524.0,82943.0,0.71
2026-05-07,76700.0,76700.0,71100.0,71500.0,179031,829430030000.0,-0.046666666666666634,0.014285176809007982,-0.060951843475674616,-0.41869918699187036,67625.0,65461.666666666664,1.057301293900185,1.0922422791964763,17.079999923706055,61.05,-3076.781550323178,6.018789781135057,-0.11232470424194663,-0.17075476551450253,-5951.0,-28919.0,40590.0,0.35
2026-05-08,69500.0,71500.0,68500.0,71000.0,120535,823629820000.0,-0.006993006993006978,0.0010614342387316178,-0.008054441231738596,-0.4227642276422768,67935.0,65546.66666666667,1.045116655626702,1.0831977217249795,17.190000534057617,60.53,-3076.781550323178,6.018789781135057,-0.11033323466192912,-0.12475577681205208,10832.0,-4603.0,41628.0,0.35
2026-05-11,73300.0,73400.0,69000.0,70800.0,127086,821309736000.0,-0.0028169014084507005,0.04324356286676445,-0.04606046427521515,-0.42439024390243946,68410.0,65650.0,1.0349364128051455,1.0784463061690786,18.3799991607666,65.6,-3076.781550323178,6.018789781135057,-0.11506674898262836,-0.16643960974890037,-2712.0,-16621.0,22022.0,0.19
2026-05-12,70600.0,70600.0,62700.0,64400.0,230875,747067048000.0,-0.09039548022598876,-0.02289501813613881,-0.06750046208984994,-0.4764227642276427,68580.0,65543.33333333333,0.9390492855059784,0.982556069775721,17.989999771118164,70.14,-3076.781550323178,6.018789781135057,-0.12161536759680369,-0.22389416102699422,5529.0,560.0,22947.0,0.19
2026-05-13,62700.0,69700.0,61700.0,69500.0,176080,806229190000.0,0.079192546583851,0.026279723130859578,0.05291282345299142,-0.4349593495934963,69025.0,65580.0,1.006881564650489,1.0597743214394633,17.8700008392334,76.16,-3076.781550323178,6.018789781135057,-0.060648102912073676,-0.1296543876194869,55051.0,-734.0,25554.0,0.22
2026-05-14,68000.0,68500.0,65000.0,67300.0,83488,780708266000.0,-0.031654676258992764,0.017516601168337864,-0.04917127742733063,-0.45284552845528486,69315.0,65580.0,0.9709298131717522,1.0262275083867032,17.260000228881836,72.91,-3076.781550323178,6.018789781135057,-0.06375891606418915,-0.1178738215711429,-7867.0,-17017.0,815.0,0.01
2026-05-15,67700.0,67700.0,60000.0,61600.0,123788,714585872000.0,-0.08469539375928681,-0.06117089222465677,-0.023524501534630038,-0.499186991869919,69305.0,65480.0,0.8888247601183176,0.9407452657299938,18.43000030517578,74.71,-3076.781550323178,6.018789781135057,-0.019782955508969247,-0.13334388187403434,-12455.0,-4848.0,0.0,0.0
2026-05-18,58900.0,60500.0,55600.0,59300.0,112208,687904906000.0,-0.037337662337662336,0.003050755853320597,-0.04038841819098293,-0.5178861788617889,69150.0,65373.333333333336,0.8575560375994216,0.9070976952885987,17.81999969482422,75.06,-3076.781550323178,6.018789781135057,-0.1130841971529436,-0.12767183578980212,-10124.0,7666.0,10142.0,0.09
2026-05-19,59700.0,59700.0,54300.0,55100.0,108268,639183142000.0,-0.0708263069139966,-0.032514446642434636,-0.03831186027156197,-0.5520325203252036,68735.0,65131.666666666664,0.8016294464246745,0.8459786586146012,18.059999465942383,75.06,-3076.781550323178,6.018789781135057,-0.10222477999717494,-0.09848323397151415,-16093.0,10314.0,24967.0,0.21
2026-05-20,55800.0,57600.0,52700.0,55400.0,94845,642663268000.0,0.005444646098003547,-0.008623884998750997,0.014068531096754544,-0.5495934959349597,68335.0,64930.0,0.8107119338552718,0.8532265516710303,17.440000534057617,75.06,-3076.781550323178,6.018789781135057,-0.06463174736579036,-0.13732752632775103,-8946.0,10765.0,20257.0,0.17
