date,open,high,low,close,adj_close,volume,daily_return,drawdown,ma20,ma60,ma120,rolling_vol_20,rolling_vol_60,return_20d,return_60d,return_120d,distance_to_ma20,distance_to_ma60,distance_to_ma120,rolling_high_52w,rolling_low_52w,price_to_52w_high,price_to_52w_low,shares_outstanding,market_cap,trading_value,trading_value_ma20,turnover_ratio,source,ticker
2021-01-04,56800.0,57500.0,55400.0,56800.0,55566.06640625,407105.0,0.0,0.0,56800.0,56800.0,56800.0,0.0,0.0,0.0,0.0,0.0,0.0,0.0,0.0,56800.0,56800.0,0.0,0.0,19327238.0,1097787118400.0,23123564000.0,23123564000.0,0.021063796078881,yfinance_download,131970.KQ
2021-01-05,56000.0,57400.0,55100.0,55900.0,54685.6171875,359352.0,-0.0158450704225352,-0.0158450704225352,56350.0,56350.0,56350.0,0.1778604743712969,0.1778604743712969,-0.0158450704225352,-0.0158450704225352,-0.0158450704225352,-0.0079858030168589,-0.0079858030168589,-0.0079858030168589,56800.0,55900.0,-0.0158450704225352,0.0,19327238.0,1080392604200.0,20087776800.0,21605670400.0,0.0185930343487258,yfinance_download,131970.KQ
2021-01-06,56300.0,58800.0,55100.0,55500.0,54294.3046875,636975.0,-0.0071556350626118,-0.0228873239436619,56066.66666666666,56066.66666666666,56066.66666666666,0.1259626039036351,0.1259626039036351,-0.0228873239436619,-0.0228873239436619,-0.0228873239436619,-0.0101070154577883,-0.0101070154577883,-0.0101070154577883,56800.0,55500.0,-0.0228873239436619,0.0,19327238.0,1072661709000.0,35352112500.0,26187817766.666668,0.0329573734229381,yfinance_download,131970.KQ
2021-01-07,55600.0,56000.0,54000.0,55400.0,54196.4765625,366337.0,-0.0018018018018017,-0.0246478873239436,55900.0,55900.0,55900.0,0.1128932260252838,0.1128932260252838,-0.0246478873239436,-0.0246478873239436,-0.0246478873239436,-0.0089445438282647,-0.0089445438282647,-0.0089445438282647,56800.0,55400.0,-0.0246478873239436,0.0,19327238.0,1070728985200.0,20295069800.0,24714630775.0,0.0189544413950922,yfinance_download,131970.KQ
2021-01-08,56400.0,56400.0,54200.0,56100.0,54881.2734375,454836.0,0.0126353790613717,-0.0123239436619718,55940.0,55940.0,55940.0,0.1656512429481716,0.1656512429481716,-0.0123239436619718,-0.0123239436619718,-0.0123239436619718,0.0028602073650338,0.0028602073650338,0.0028602073650338,56800.0,55400.0,-0.0123239436619718,0.0126353790613717,19327238.0,1084258051800.0,25516299600.0,24874964540.0,0.0235334195191263,yfinance_download,131970.KQ
2021-01-11,57400.0,58200.0,53600.0,55200.0,54000.8203125,704483.0,-0.016042780748663,-0.028169014084507,55816.66666666666,55816.66666666666,55816.66666666666,0.1724276032956051,0.1724276032956051,-0.028169014084507,-0.028169014084507,-0.028169014084507,-0.0110480740519557,-0.0110480740519557,-0.0110480740519557,56800.0,55200.0,-0.028169014084507,0.0,19327238.0,1066863537600.0,38887461600.0,27210380716.666668,0.036450267751657,yfinance_download,131970.KQ
2021-01-12,55000.0,57300.0,53300.0,56000.0,54783.4453125,543149.0,0.0144927536231884,-0.0140845070422535,55842.857142857145,55842.857142857145,55842.857142857145,0.1950368480018066,0.1950368480018066,-0.0140845070422535,-0.0140845070422535,-0.0140845070422535,0.0028140189306726,0.0028140189306726,0.0028140189306726,56800.0,55200.0,-0.0140845070422535,0.0144927536231884,19327238.0,1082325328000.0,30416344000.0,27668375471.42857,0.0281027739193774,yfinance_download,131970.KQ
2021-01-13,56400.0,57000.0,54300.0,54500.0,53316.03125,310678.0,-0.0267857142857143,-0.0404929577464788,55675.0,55675.0,55675.0,0.2280784261718328,0.2280784261718328,-0.0404929577464788,-0.0404929577464788,-0.0404929577464788,-0.0211046250561293,-0.0211046250561293,-0.0211046250561293,56800.0,54500.0,-0.0404929577464788,0.0,19327238.0,1053334471000.0,16931951000.0,26326322412.5,0.0160746196637098,yfinance_download,131970.KQ
2021-01-14,54500.0,55200.0,54000.0,54500.0,53316.03125,163474.0,0.0,-0.0404929577464788,55544.444444444445,55544.444444444445,55544.444444444445,0.2150232743117551,0.2150232743117551,-0.0404929577464788,-0.0404929577464788,-0.0404929577464788,-0.0188037607521504,-0.0188037607521504,-0.0188037607521504,56800.0,54500.0,-0.0404929577464788,0.0,19327238.0,1053334471000.0,8909333000.0,24391101366.666668,0.0084582183962343,yfinance_download,131970.KQ
2021-01-15,56600.0,58300.0,55000.0,55000.0,53805.16796875,972369.0,0.0091743119266054,-0.0316901408450703,55490.0,55490.0,55490.0,0.2140328773946377,0.2140328773946377,-0.0316901408450703,-0.0316901408450703,-0.0316901408450703,-0.0088304198954766,-0.0088304198954766,-0.0088304198954766,56800.0,54500.0,-0.0316901408450703,0.0091743119266054,19327238.0,1062998090000.0,53480295000.0,27300020730.0,0.050310810059875,yfinance_download,131970.KQ
2021-01-18,54300.0,56000.0,53600.0,54600.0,53413.85546875,336796.0,-0.0072727272727273,-0.0387323943661971,55409.09090909091,55409.09090909091,55409.09090909091,0.2040139544876257,0.2040139544876257,-0.0387323943661971,-0.0387323943661971,-0.0387323943661971,-0.0146021328958162,-0.0146021328958162,-0.0146021328958162,56800.0,54500.0,-0.0387323943661971,0.001834862385321,19327238.0,1055267194800.0,18389061600.0,26489933536.36364,0.0174259767484624,yfinance_download,131970.KQ
2021-01-19,55000.0,55200.0,53900.0,54600.0,53413.85546875,282547.0,0.0,-0.0387323943661971,55341.66666666666,55341.66666666666,55341.66666666666,0.1951832692937043,0.1951832692937043,-0.0387323943661971,-0.0387323943661971,-0.0387323943661971,-0.0134015961451587,-0.0134015961451587,-0.0134015961451587,56800.0,54500.0,-0.0387323943661971,0.001834862385321,19327238.0,1055267194800.0,15427066200.0,25568027925.0,0.0146191090522091,yfinance_download,131970.KQ
2021-01-20,55000.0,56800.0,54500.0,55700.0,54489.9609375,400250.0,0.02014652014652,-0.0193661971830986,55369.230769230766,55369.230769230766,55369.230769230766,0.2133137733490848,0.2133137733490848,-0.0193661971830986,-0.0193661971830986,-0.0193661971830986,0.0059738816337873,0.0059738816337873,0.0059738816337873,56800.0,54500.0,-0.0193661971830986,0.0220183486238532,19327238.0,1076527156600.0,22293925000.0,25316173853.846157,0.0207091152910726,yfinance_download,131970.KQ
2021-01-21,56300.0,56700.0,54600.0,56500.0,55272.58203125,441783.0,0.014362657091562,-0.0052816901408451,55450.0,55450.0,55450.0,0.2156060878136612,0.2156060878136612,-0.0052816901408451,-0.0052816901408451,-0.0052816901408451,0.0189359783588818,0.0189359783588818,0.0189359783588818,56800.0,54500.0,-0.0052816901408451,0.036697247706422,19327238.0,1091988947000.0,24960739500.0,25290785685.714287,0.0228580514194526,yfinance_download,131970.KQ
2021-01-22,57900.0,58700.0,55100.0,55500.0,54294.3046875,669984.0,-0.0176991150442478,-0.0228873239436619,55453.333333333336,55453.333333333336,55453.333333333336,0.2196722890508334,0.2196722890508334,-0.0228873239436619,-0.0228873239436619,-0.0228873239436619,0.0008415484491464,0.0008415484491464,0.0008415484491464,56800.0,54500.0,-0.0228873239436619,0.0183486238532109,19327238.0,1072661709000.0,37184112000.0,26083674106.666668,0.0346652739517151,yfinance_download,131970.KQ
2021-01-25,55800.0,56300.0,55100.0,56200.0,54979.09765625,318990.0,0.0126126126126127,-0.0105633802816901,55500.0,55500.0,55500.0,0.2194418943632681,0.2194418943632681,-0.0105633802816901,-0.0105633802816901,-0.0105633802816901,0.0126126126126127,0.0126126126126127,0.0126126126126127,56800.0,54500.0,-0.0105633802816901,0.0311926605504586,19327238.0,1086190775600.0,17927238000.0,25573896850.0,0.0165046862878182,yfinance_download,131970.KQ
2021-01-26,56900.0,56900.0,54700.0,55300.0,54098.6484375,421566.0,-0.0160142348754448,-0.0264084507042253,55488.23529411765,55488.23529411765,55488.23529411765,0.2206335643078986,0.2206335643078986,-0.0264084507042253,-0.0264084507042253,-0.0264084507042253,-0.003392346019294,-0.003392346019294,-0.003392346019294,56800.0,54500.0,-0.0264084507042253,0.0146788990825688,19327238.0,1068796261400.0,23312599800.0,25440879376.47059,0.0218120147327828,yfinance_download,131970.KQ
2021-01-27,55800.0,59700.0,55200.0,56200.0,54979.09765625,1436976.0,0.0162748643761301,-0.0105633802816901,55527.77777777778,55527.77777777778,55527.77777777778,0.224120375256327,0.224120375256327,-0.0105633802816901,-0.0105633802816901,-0.0105633802816901,0.0121060530265131,0.0121060530265131,0.0121060530265131,56800.0,54500.0,-0.0105633802816901,0.0311926605504586,19327238.0,1086190775600.0,80758051200.0,28514055588.88889,0.0743497855203107,yfinance_download,131970.KQ
2021-01-28,54600.0,55300.0,52700.0,53200.0,52044.2734375,642167.0,-0.0533807829181495,-0.0633802816901408,55405.26315789474,55405.26315789474,55405.26315789474,0.2907483011272627,0.2907483011272627,-0.0633802816901408,-0.0633802816901408,-0.0633802816901408,-0.0398024128431652,-0.0398024128431652,-0.0398024128431652,56800.0,53200.0,-0.0633802816901408,0.0,19327238.0,1028209061600.0,34163284400.0,28811383421.05263,0.0332260098416545,yfinance_download,131970.KQ
2021-01-29,54000.0,54500.0,50200.0,51400.0,50283.37109375,462986.0,-0.0338345864661654,-0.0950704225352112,55205.0,55205.0,55205.0,0.3030666424975573,0.3030666424975573,-0.0950704225352112,-0.0950704225352112,-0.0950704225352112,-0.0689249162213567,-0.0689249162213567,-0.0689249162213567,56800.0,51400.0,-0.0950704225352112,0.0,19327238.0,993420033200.0,23797480400.0,28560688270.0,0.0239551041902624,yfinance_download,131970.KQ
2021-02-01,51000.0,52200.0,49400.0,52200.0,51065.9921875,296447.0,0.0155642023346302,-0.0809859154929577,54975.0,55061.90476190476,55061.90476190476,0.3112654083835188,0.3037047717114549,-0.0809859154929577,-0.0809859154929577,-0.0809859154929577,-0.0504774897680764,-0.0519761307619129,-0.0519761307619129,56800.0,51400.0,-0.0809859154929577,0.0155642023346302,19327238.0,1008881823600.0,15474533400.0,28178236740.0,0.0153383013134106,yfinance_download,131970.KQ
2021-02-02,52600.0,54400.0,51800.0,52300.0,51163.82421875,309620.0,0.0019157088122605,-0.079225352112676,54795.0,54936.36363636364,54936.36363636364,0.3086966589528435,0.2970242303378154,-0.0644007155635062,-0.079225352112676,-0.079225352112676,-0.0455333515831736,-0.0479894092338243,-0.0479894092338243,56800.0,51400.0,-0.079225352112676,0.017509727626459,19327238.0,1010814547400.0,16193126000.0,27983504200.0,0.0160198782671378,yfinance_download,131970.KQ
2021-02-03,52900.0,52900.0,51300.0,51900.0,50772.5078125,200032.0,-0.0076481835564053,-0.0862676056338028,54615.0,54804.34782608696,54804.34782608696,0.308786568457525,0.2905081804996401,-0.0648648648648648,-0.0862676056338028,-0.0862676056338028,-0.0497116176874484,-0.0529948433161444,-0.0529948433161444,56800.0,51400.0,-0.0862676056338028,0.0097276264591439,19327238.0,1003083652200.0,10381660800.0,26734981615.0,0.0103497457836448,yfinance_download,131970.KQ
2021-02-04,51600.0,51600.0,50000.0,50600.0,49500.75390625,337383.0,-0.02504816955684,-0.1091549295774647,54375.0,54629.16666666666,54629.16666666666,0.3183040573312398,0.2923825874701398,-0.0866425992779783,-0.1091549295774647,-0.1091549295774647,-0.0694252873563218,-0.0737548623293417,-0.0737548623293417,56800.0,50600.0,-0.1091549295774647,0.0,19327238.0,977958242800.0,17071579800.0,26573807115.0,0.0174563483928743,yfinance_download,131970.KQ
2021-02-05,51000.0,51700.0,50100.0,51200.0,50087.71875,180554.0,0.0118577075098813,-0.0985915492957746,54130.0,54492.0,54492.0,0.3177659086085505,0.2909793310181578,-0.0873440285204991,-0.0985915492957746,-0.0985915492957746,-0.0541289488268982,-0.0604125376202011,-0.0604125376202011,56800.0,50600.0,-0.0985915492957746,0.0118577075098813,19327238.0,989554585600.0,9244364800.0,25760210375.0,0.0093419452898546,yfinance_download,131970.KQ
2021-02-08,51800.0,51900.0,50500.0,51000.0,49892.0625,135154.0,-0.00390625,-0.102112676056338,53920.0,54357.69230769231,54357.69230769231,0.3147570193642479,0.2851004463377404,-0.0760869565217391,-0.102112676056338,-0.102112676056338,-0.0541543026706231,-0.0617703247718106,-0.0617703247718106,56800.0,50600.0,-0.102112676056338,0.0079051383399209,19327238.0,985689138000.0,6892854000.0,24160479995.0,0.0069929288395993,yfinance_download,131970.KQ
2021-02-09,51200.0,52200.0,50100.0,50200.0,49109.4453125,234306.0,-0.0156862745098039,-0.1161971830985915,53630.0,54203.7037037037,54203.7037037037,0.309735633893927,0.2818434330084892,-0.1035714285714285,-0.1161971830985915,-0.1161971830985915,-0.0639567406302442,-0.073864024598565,-0.073864024598565,56800.0,50200.0,-0.1161971830985915,0.0,19327238.0,970227347600.0,11762161200.0,23227770855.0,0.0121230979822362,yfinance_download,131970.KQ
2021-02-10,50200.0,50500.0,49600.0,50200.0,49109.4453125,171914.0,0.0,-0.1161971830985915,53415.0,54060.71428571428,54060.71428571428,0.2994790543946014,0.2768911931651888,-0.0788990825688072,-0.1161971830985915,-0.1161971830985915,-0.0601890854628849,-0.0714144150095791,-0.0714144150095791,56800.0,50200.0,-0.1161971830985915,0.0,19327238.0,970227347600.0,8630082800.0,22812677445.0,0.0088949077979999,yfinance_download,131970.KQ
2021-02-15,51300.0,52800.0,51100.0,52300.0,51163.82421875,351697.0,0.0418326693227091,-0.079225352112676,53305.0,54000.0,54000.0,0.3407305835883806,0.3039513835397081,-0.0403669724770642,-0.079225352112676,-0.079225352112676,-0.018853766063221,-0.0314814814814814,-0.0314814814814814,56800.0,50200.0,-0.079225352112676,0.0418326693227091,19327238.0,1010814547400.0,18393753100.0,23286898450.0,0.0181969612005605,yfinance_download,131970.KQ
2021-02-16,53000.0,53400.0,52000.0,52300.0,51163.82421875,254011.0,0.0,-0.079225352112676,53170.0,53943.333333333336,53943.333333333336,0.3383460011472017,0.2987646427928291,-0.049090909090909,-0.079225352112676,-0.079225352112676,-0.0163626104946398,-0.030464067231045,-0.030464067231045,56800.0,50200.0,-0.079225352112676,0.0418326693227091,19327238.0,1010814547400.0,13284775300.0,21277122465.0,0.0131426435582777,yfinance_download,131970.KQ
2021-02-17,52300.0,52500.0,50900.0,51800.0,50674.68359375,188607.0,-0.0095602294455067,-0.0880281690140845,53030.0,53874.1935483871,53874.1935483871,0.3388892454543059,0.294417397726389,-0.0512820512820513,-0.0880281690140845,-0.0880281690140845,-0.0231944182538186,-0.0385006885815221,-0.0385006885815221,56800.0,50200.0,-0.0880281690140845,0.0318725099601593,19327238.0,1001150928400.0,9769842600.0,20846161515.0,0.0097586111372975,yfinance_download,131970.KQ
2021-02-18,52000.0,52000.0,50600.0,50700.0,49598.58203125,196146.0,-0.0212355212355211,-0.1073943661971831,52835.0,53775.0,53775.0,0.3452100774197794,0.294213822444077,-0.0714285714285714,-0.1073943661971831,-0.1073943661971831,-0.0404088199110438,-0.0571827057182705,-0.0571827057182705,56800.0,50200.0,-0.1073943661971831,0.0099601593625497,19327238.0,979890966600.0,9944602200.0,20572038315.0,0.010148682393211,yfinance_download,131970.KQ
2021-02-19,50600.0,52100.0,49800.0,52000.0,50870.3359375,212140.0,0.0256410256410255,-0.0845070422535211,52650.0,53721.21212121212,53721.21212121212,0.3507033054864313,0.3004773869069977,-0.0664272890484739,-0.0845070422535211,-0.0845070422535211,-0.0123456790123457,-0.0320397111913357,-0.0320397111913357,56800.0,50200.0,-0.0845070422535211,0.0358565737051792,19327238.0,1005016376000.0,11031280000.0,20008906065.0,0.0109762191576468,yfinance_download,131970.KQ
2021-02-22,52700.0,53600.0,51400.0,51400.0,50283.37109375,307644.0,-0.0115384615384614,-0.0950704225352112,52395.0,53652.94117647059,53652.94117647059,0.3455152323944997,0.2969117289365359,-0.0902654867256637,-0.0950704225352112,-0.0950704225352112,-0.0189903616757324,-0.0419910097577019,-0.0419910097577019,56800.0,50200.0,-0.0950704225352112,0.0239043824701195,19327238.0,993420033200.0,15812901600.0,19551514170.0,0.0159176391370562,yfinance_download,131970.KQ
2021-02-23,51000.0,51400.0,49900.0,50200.0,49109.4453125,177755.0,-0.0233463035019455,-0.1161971830985915,52130.0,53554.28571428572,53554.28571428572,0.3489425677747948,0.2976812863611586,-0.0954954954954955,-0.1161971830985915,-0.1161971830985915,-0.0370228275465183,-0.0626333760136577,-0.0626333760136577,56800.0,50200.0,-0.1161971830985915,0.0,19327238.0,970227347600.0,8923301000.0,18138473620.0,0.0091971237690558,yfinance_download,131970.KQ
2021-02-24,50400.0,50800.0,47950.0,47950.0,46908.32421875,276365.0,-0.044820717131474,-0.1558098591549296,51717.5,53398.61111111111,53398.61111111111,0.3699096727534868,0.3132417131528925,-0.146797153024911,-0.1558098591549296,-0.1558098591549296,-0.0728476821192053,-0.1020365698233932,-0.1020365698233932,56800.0,47950.0,-0.1558098591549296,0.0,19327238.0,926741062100.0,13251701750.0,17904696807.5,0.014299249587551,yfinance_download,131970.KQ
2021-02-25,49200.0,49900.0,48650.0,49400.0,48326.8203125,130868.0,0.0302398331595412,-0.1302816901408451,51422.5,53290.54054054054,53290.54054054054,0.3918207747644378,0.3218943105475572,-0.1066907775768535,-0.1302816901408451,-0.1302816901408451,-0.0393310321357383,-0.0730062127551667,-0.0730062127551667,56800.0,47950.0,-0.1302816901408451,0.0302398331595412,19327238.0,954765557200.0,6464879200.0,17062310777.5,0.0067711692689871,yfinance_download,131970.KQ
2021-02-26,47550.0,49150.0,47200.0,49150.0,48082.2578125,180878.0,-0.0050607287449392,-0.1346830985915492,51070.0,53181.57894736842,53181.57894736842,0.3834442743864385,0.3175379818021524,-0.1254448398576512,-0.1346830985915492,-0.1346830985915492,-0.0375954572155864,-0.075807808402197,-0.075807808402197,56800.0,47950.0,-0.1346830985915492,0.0250260688216892,19327238.0,949933747700.0,8890153700.0,13468915902.5,0.0093587091957992,yfinance_download,131970.KQ
2021-03-02,50100.0,50300.0,47600.0,47800.0,46761.578125,226093.0,-0.0274669379450661,-0.1584507042253521,50800.0,53043.58974358974,53043.58974358974,0.3509939294876303,0.3191497300097993,-0.1015037593984962,-0.1584507042253521,-0.1584507042253521,-0.0590551181102362,-0.0988543529752984,-0.0988543529752984,56800.0,47800.0,-0.1584507042253521,0.0,19327238.0,923841976400.0,10807245400.0,12301113952.5,0.011698153662722,yfinance_download,131970.KQ
2021-03-03,47500.0,48000.0,47100.0,47650.0,46614.83984375,130121.0,-0.0031380753138074,-0.1610915492957746,50612.5,52908.75,52908.75,0.3341795271787499,0.315043101010978,-0.0729571984435797,-0.1610915492957746,-0.1610915492957746,-0.0585329711039762,-0.0993928225482552,-0.0993928225482552,56800.0,47650.0,-0.1610915492957746,0.0,19327238.0,920942890700.0,6200265650.0,11421253215.0,0.0067325191525038,yfinance_download,131970.KQ
2021-03-04,47100.0,47200.0,45500.0,45650.0,44658.2890625,266387.0,-0.0419727177334732,-0.1963028169014085,50285.0,52731.70731707317,52731.70731707317,0.3523981109690412,0.3248779475571182,-0.125478927203065,-0.1963028169014085,-0.1963028169014085,-0.0921746047529084,-0.1342969472710452,-0.1342969472710452,56800.0,45650.0,-0.1963028169014085,0.0,19327238.0,882288414700.0,12160566550.0,11255554872.5,0.0137829833729992,yfinance_download,131970.KQ
2021-03-05,44800.0,45400.0,43750.0,45200.0,44218.0625,218855.0,-0.0098576122672507,-0.204225352112676,49930.0,52552.38095238096,52552.38095238096,0.3511683432487312,0.3211022170116337,-0.135755258126195,-0.204225352112676,-0.204225352112676,-0.0947326256759463,-0.1399057629575933,-0.1399057629575933,56800.0,45200.0,-0.204225352112676,0.0,19327238.0,873591157600.0,9892246000.0,10940510872.5,0.0113236562823927,yfinance_download,131970.KQ
2021-03-08,46400.0,46400.0,43800.0,43850.0,42897.38671875,161934.0,-0.0298672566371681,-0.2279929577464788,49527.5,52350.0,52350.0,0.3604172970315368,0.3228172684210887,-0.1551059730250481,-0.2279929577464788,-0.2279929577464788,-0.1146332845388925,-0.1623686723973256,-0.1623686723973256,56800.0,43850.0,-0.2279929577464788,0.0,19327238.0,847499386300.0,7100805900.0,10776468127.5,0.0083785381025472,yfinance_download,131970.KQ
2021-03-09,43600.0,44200.0,41750.0,43400.0,42457.16796875,294886.0,-0.0102622576966933,-0.2359154929577465,49167.5,52146.59090909091,52146.59090909091,0.3550017714445946,0.3192204768845942,-0.142292490118577,-0.2359154929577465,-0.2359154929577465,-0.1173030965576854,-0.1677308287389135,-0.1677308287389135,56800.0,43400.0,-0.2359154929577465,0.0,19327238.0,838802129200.0,12798052400.0,10562791757.5,0.0152575344702641,yfinance_download,131970.KQ
2021-03-10,44600.0,44950.0,42600.0,42700.0,41772.37890625,163737.0,-0.0161290322580645,-0.2482394366197182,48742.5,51936.66666666666,51936.66666666666,0.3487021233168536,0.3164995672686274,-0.166015625,-0.2482394366197182,-0.2482394366197182,-0.1239677899163973,-0.1778448109877414,-0.1778448109877414,56800.0,42700.0,-0.2482394366197182,0.0,19327238.0,825273062600.0,6991569900.0,10450152012.5,0.0084718261347017,yfinance_download,131970.KQ
2021-03-11,42700.0,45000.0,42700.0,44700.0,43728.92578125,209537.0,0.0468384074941452,-0.2130281690140845,48427.5,51779.34782608696,51779.34782608696,0.4007927470569741,0.3366201867028551,-0.1235294117647058,-0.2130281690140845,-0.2130281690140845,-0.0769707294409168,-0.1367214560110838,-0.1367214560110838,56800.0,42700.0,-0.2130281690140845,0.0468384074941452,19327238.0,863927538600.0,9366303900.0,10573824507.5,0.0108415387651355,yfinance_download,131970.KQ
2021-03-12,45300.0,46150.0,44800.0,45800.0,44805.03125,212444.0,0.0246085011185681,-0.1936619718309858,48207.5,51652.12765957447,51652.12765957447,0.4135550010338894,0.3399145043044532,-0.0876494023904382,-0.1936619718309858,-0.1936619718309858,-0.0499403619768707,-0.1132988692768727,-0.1132988692768727,56800.0,42700.0,-0.1936619718309858,0.0725995316159251,19327238.0,885187500400.0,9729935200.0,10472213207.5,0.0109919482545824,yfinance_download,131970.KQ
2021-03-15,45100.0,46350.0,44950.0,46050.0,45049.59765625,124004.0,0.0054585152838428,-0.1892605633802817,48000.0,51535.41666666666,51535.41666666666,0.4147520070281351,0.3370282299144576,-0.0826693227091633,-0.1892605633802817,-0.1892605633802817,-0.040625,-0.1064397461292799,-0.1064397461292799,56800.0,42700.0,-0.1892605633802817,0.0784543325526931,19327238.0,890019309900.0,5710384200.0,10326228277.5,0.0064160228171247,yfinance_download,131970.KQ
2021-03-16,46450.0,48750.0,46400.0,48550.0,47495.29296875,246975.0,0.0542888165038002,-0.1452464788732393,47812.5,51474.489795918365,51474.489795918365,0.4348701213536597,0.358857863492983,-0.0717017208413002,-0.1452464788732393,-0.1452464788732393,0.0154248366013072,-0.0568143522648428,-0.0568143522648428,56800.0,42700.0,-0.1452464788732393,0.1370023419203747,19327238.0,938337404900.0,11990636250.0,10006072435.0,0.0127785977489385,yfinance_download,131970.KQ
2021-03-17,48550.0,49650.0,47550.0,49100.0,48033.33984375,222609.0,0.011328527291452,-0.1355633802816901,47652.5,51427.0,51427.0,0.4378794978993125,0.3566202689775537,-0.0611854684512428,-0.1355633802816901,-0.1355633802816901,0.0303761607470751,-0.0452486048184805,-0.0452486048184805,56800.0,42700.0,-0.1355633802816901,0.1498829039812645,19327238.0,948967385800.0,10930101900.0,9888338765.0,0.0115178899333676,yfinance_download,131970.KQ
2021-03-18,49700.0,49900.0,48750.0,49700.0,48620.30859375,154678.0,0.0122199592668024,-0.125,47547.5,51393.13725490196,51393.13725490196,0.4402335983433297,0.3545825770143018,-0.0405405405405405,-0.125,-0.125,0.0452705189547295,-0.0329448121935864,-0.0329448121935864,56800.0,42700.0,-0.125,0.1639344262295081,19327238.0,960563728600.0,7687496600.0,9784221465.0,0.00800310939411,yfinance_download,131970.KQ
2021-03-19,48450.0,50700.0,48350.0,49700.0,48620.30859375,300412.0,0.0,-0.125,47497.5,51360.57692307692,51360.57692307692,0.4341488510681903,0.3511278399914917,-0.019723865877712,-0.125,-0.125,0.0463708616242959,-0.0323317420200317,-0.0323317420200317,56800.0,42700.0,-0.125,0.1639344262295081,19327238.0,960563728600.0,14930476400.0,10033515175.0,0.0155434521994296,yfinance_download,131970.KQ
2021-03-22,50500.0,50700.0,49550.0,49750.0,48669.22265625,178972.0,0.0010060362173038,-0.1241197183098591,47385.0,51330.188679245286,51330.188679245286,0.423032796912997,0.3478110573881348,-0.0432692307692307,-0.1241197183098591,-0.1241197183098591,0.0499103091695685,-0.0307847822091528,-0.0307847822091528,56800.0,42700.0,-0.1241197183098591,0.1651053864168619,19327238.0,961530090500.0,8903857000.0,9927144025.0,0.0092600918972488,yfinance_download,131970.KQ
2021-03-23,50300.0,50800.0,49350.0,49350.0,48277.91015625,120967.0,-0.0080402010050251,-0.1311619718309858,47282.5,51293.51851851852,51293.51851851852,0.4221540967965643,0.3447402614211853,-0.0398832684824902,-0.1311619718309858,-0.1311619718309858,0.0437265373023845,-0.0378901384551509,-0.0378901384551509,56800.0,42700.0,-0.1311619718309858,0.1557377049180328,19327238.0,953799195300.0,5969721450.0,9434985017.5,0.0062588870691197,yfinance_download,131970.KQ
2021-03-24,48500.0,50200.0,48250.0,49700.0,48620.30859375,205471.0,0.0070921985815601,-0.125,47257.5,51264.545454545456,51264.545454545456,0.4152219222436905,0.3421331973222468,-0.0099601593625497,-0.125,-0.125,0.0516849177379252,-0.0305190544590449,-0.0305190544590449,56800.0,42700.0,-0.125,0.1639344262295081,19327238.0,960563728600.0,10211908700.0,9499415402.5,0.0106311620936214,yfinance_download,131970.KQ
2021-03-25,49700.0,50200.0,48550.0,48650.0,47593.1171875,155616.0,-0.0211267605633802,-0.1434859154929577,47292.5,51217.857142857145,51217.857142857145,0.389131843027991,0.3413786582661565,0.0145985401459853,-0.1434859154929577,-0.1434859154929577,0.0287043400116298,-0.0501359737814657,-0.0501359737814657,56800.0,42700.0,-0.1434859154929577,0.139344262295082,19327238.0,940270128700.0,7570718400.0,9215366235.0,0.0080516419366285,yfinance_download,131970.KQ
2021-03-26,48850.0,49100.0,47600.0,47850.0,46810.5,129862.0,-0.0164439876670092,-0.1575704225352112,47215.0,51158.771929824565,51158.771929824565,0.377735999959387,0.339578621093388,-0.0313765182186235,-0.1575704225352112,-0.1575704225352112,0.0134491157471141,-0.0646765316095403,-0.0646765316095403,56800.0,42700.0,-0.1575704225352112,0.1206088992974239,19327238.0,924808338300.0,6213896700.0,9202817110.0,0.0067191183758382,yfinance_download,131970.KQ
2021-03-29,47850.0,48800.0,46850.0,46900.0,45881.13671875,148151.0,-0.0198537095088818,-0.1742957746478873,47102.5,51085.34482758621,51085.34482758621,0.3832847529270923,0.3384631815094187,-0.0457782299084434,-0.1742957746478873,-0.1742957746478873,-0.0042991348654529,-0.0819284834371151,-0.0819284834371151,56800.0,42700.0,-0.1742957746478873,0.098360655737705,19327238.0,906447462200.0,6948281900.0,9105723520.0,0.0076653994740479,yfinance_download,131970.KQ
2021-03-30,46800.0,48100.0,46800.0,47300.0,46272.4453125,128889.0,0.0085287846481876,-0.1672535211267606,47077.5,51021.18644067797,51021.18644067797,0.3727990472453371,0.3363883693892785,-0.0104602510460251,-0.1672535211267606,-0.1672535211267606,0.004726249269821,-0.0729341416825845,-0.0729341416825845,56800.0,42700.0,-0.1672535211267606,0.1077283372365338,19327238.0,914178357400.0,6096449700.0,8870183735.0,0.0066687749175541,yfinance_download,131970.KQ
2021-03-31,47400.0,47550.0,46800.0,47250.0,46223.53515625,94764.0,-0.0010570824524313,-0.1681338028169013,47057.5,50958.333333333336,50958.333333333336,0.3726595736397278,0.3335462829286673,-0.0083945435466946,-0.1681338028169013,-0.1681338028169013,0.004090740052064,-0.0727718724448078,-0.0727718724448078,56800.0,42700.0,-0.1681338028169013,0.1065573770491803,19327238.0,913211995500.0,4477599000.0,8784050402.5,0.0049031320460792,yfinance_download,131970.KQ
2021-04-01,47650.0,49450.0,47400.0,49050.0,47984.4296875,218510.0,0.0380952380952381,-0.136443661971831,47227.5,50829.16666666666,50927.04918032787,0.3617322139348814,0.3439107726411979,0.0744797371303396,-0.136443661971831,-0.136443661971831,0.0385898046688899,-0.03500286908763,-0.0368576073135794,56800.0,42700.0,-0.136443661971831,0.148711943793911,19327238.0,948001023900.0,10717915500.0,8711917850.0,0.0113058058269888,yfinance_download,131970.KQ
2021-04-02,49900.0,50000.0,48800.0,49250.0,48180.078125,182784.0,0.0040774719673801,-0.1329225352112676,47430.0,50718.333333333336,50900.0,0.3580965947210914,0.3429597265891546,0.0896017699115043,-0.1189624329159212,-0.1329225352112676,0.0383723381825849,-0.0289507410206697,-0.0324165029469548,56800.0,42700.0,-0.1329225352112676,0.1533957845433256,19327238.0,951866471500.0,9002112000.0,8667411150.0,0.0094573264943495,yfinance_download,131970.KQ
2021-04-05,49650.0,50600.0,49200.0,50500.0,49402.921875,206915.0,0.0253807106598984,-0.1109154929577465,47762.5,50635.0,50893.65079365079,0.3409849043392067,0.3472766543819,0.1516533637400228,-0.09009009009009,-0.1109154929577465,0.0573148390473698,-0.002666140021724,-0.0077347721672955,56800.0,42700.0,-0.1109154929577465,0.1826697892271662,19327238.0,976025519000.0,10449207500.0,8834831230.0,0.0107058753040656,yfinance_download,131970.KQ
2021-04-06,51300.0,51300.0,50000.0,50500.0,49402.921875,186623.0,0.0,-0.1109154929577465,48117.5,50553.333333333336,50887.5,0.3358820131428612,0.3472859874721584,0.1635944700460829,-0.0884476534296029,-0.1109154929577465,0.0495142100067542,-0.0010549914281946,-0.0076148366494718,56800.0,42700.0,-0.1109154929577465,0.1826697892271662,19327238.0,976025519000.0,9424461500.0,8666151685.0,0.0096559580836123,yfinance_download,131970.KQ
2021-04-07,50500.0,50600.0,49600.0,49900.0,48815.96484375,129612.0,-0.0118811881188118,-0.1214788732394366,48477.5,50450.0,50872.307692307695,0.33218403582458,0.3467161081018375,0.1686182669789226,-0.1105169340463457,-0.1214788732394366,0.0293435098757155,-0.0109018830525272,-0.0191127105573533,56800.0,42700.0,-0.1214788732394366,0.1686182669789226,19327238.0,964429176200.0,6467638800.0,8639955130.0,0.0067061832632267,yfinance_download,131970.KQ
2021-04-08,49800.0,49800.0,49050.0,49500.0,48424.65234375,85348.0,-0.0080160320641282,-0.1285211267605633,48717.5,50355.0,50851.51515151515,0.3029593589182574,0.3456881333310935,0.1073825503355705,-0.1032608695652174,-0.1285211267605633,0.0160619900446452,-0.0169794459338695,-0.0265776771348549,56800.0,42700.0,-0.1285211267605633,0.1592505854800936,19327238.0,956698281000.0,4224726000.0,8382876235.0,0.0044159439646782,yfinance_download,131970.KQ
2021-04-09,49900.0,50400.0,49250.0,49600.0,48522.48046875,90179.0,0.002020202020202,-0.1267605633802817,48907.5,50248.333333333336,50832.835820895525,0.2943364108830923,0.3441525559091235,0.0829694323144105,-0.1142857142857143,-0.1267605633802817,0.0141593825077952,-0.0129025838336264,-0.0242527453168125,56800.0,42700.0,-0.1267605633802817,0.1615925058548009,19327238.0,958631004800.0,4472878400.0,8120023395.0,0.0046659020807836,yfinance_download,131970.KQ
2021-04-12,49900.0,50000.0,49050.0,49800.0,48718.1328125,96522.0,0.0040322580645162,-0.1232394366197182,49095.0,50170.0,50817.64705882353,0.2942961007215516,0.3403667429066501,0.0814332247557003,-0.0862385321100916,-0.1232394366197182,0.0143599144515735,-0.0073749252541359,-0.0200254659104063,56800.0,42700.0,-0.1232394366197182,0.1662763466042154,19327238.0,962496452400.0,4806795600.0,8074843965.0,0.0049940917579635,yfinance_download,131970.KQ
2021-04-13,49400.0,49550.0,48150.0,48450.0,47397.4609375,250340.0,-0.0271084337349397,-0.1470070422535211,49090.0,50069.16666666666,50783.333333333336,0.2483703969840478,0.3444422295787188,-0.0020597322348094,-0.1110091743119265,-0.1470070422535211,-0.0130372784681197,-0.0323385982723898,-0.0459468329504431,56800.0,42700.0,-0.1470070422535211,0.1346604215456674,19327238.0,936404681100.0,12128973000.0,8081760802.5,0.0129527043646898,yfinance_download,131970.KQ
2021-04-14,48450.0,48550.0,47500.0,47900.0,46859.41015625,290181.0,-0.0113519091847265,-0.1566901408450703,49030.0,49950.833333333336,50742.142857142855,0.2477123296402448,0.3442359507206231,-0.0244399185336049,-0.1290909090909091,-0.1566901408450703,-0.0230471140118294,-0.0410570394220984,-0.0560114866481791,56800.0,42700.0,-0.1566901408450703,0.1217798594847774,19327238.0,925774700200.0,13899669900.0,8230239202.5,0.015014095650915,yfinance_download,131970.KQ
2021-04-15,47900.0,49250.0,47750.0,48650.0,47593.1171875,212853.0,0.0156576200417537,-0.1434859154929577,48977.5,49851.66666666666,50712.67605633803,0.2504533290275254,0.345959032150389,-0.0211267605633802,-0.1089743589743589,-0.1434859154929577,-0.0066867439130212,-0.0241048443716358,-0.0406737765927901,56800.0,42700.0,-0.1434859154929577,0.139344262295082,19327238.0,940270128700.0,10355298450.0,8363629295.0,0.0110131100988149,yfinance_download,131970.KQ
2021-04-16,48850.0,49300.0,48200.0,48750.0,47690.9453125,168077.0,0.002055498458376,-0.141725352112676,48930.0,49754.16666666666,50685.41666666666,0.2506628690809979,0.3460275048626404,-0.0191146881287725,-0.1071428571428571,-0.141725352112676,-0.0036787247087676,-0.0201825642743488,-0.0381848822393028,56800.0,42700.0,-0.141725352112676,0.1416861826697892,19327238.0,942202852500.0,8193753750.0,8026793162.5,0.008696379689638,yfinance_download,131970.KQ
2021-04-19,48900.0,53300.0,48900.0,52800.0,51652.95703125,1146557.0,0.083076923076923,-0.0704225352112676,49082.5,49705.833333333336,50714.38356164384,0.3895307660783073,0.3848210290751693,0.0613065326633166,-0.052064631956912,-0.0704225352112676,0.075739825803494,0.0622495682934598,0.0411247518333941,56800.0,42700.0,-0.0704225352112676,0.2365339578454333,19327238.0,1020478166400.0,60538209600.0,10608510792.5,0.0593233756421895,yfinance_download,131970.KQ
2021-04-20,52400.0,53400.0,51300.0,53200.0,52044.2734375,407538.0,0.0075757575757575,-0.0633802816901408,49275.0,49650.833333333336,50747.97297297297,0.387462510698884,0.3839439155422883,0.0780141843971631,-0.0584070796460176,-0.0633802816901408,0.0796549974632165,0.0714825195951729,0.048317733367063,56800.0,42700.0,-0.0633802816901408,0.2459016393442623,19327238.0,1028209061600.0,21681021600.0,11394075800.0,0.0210861996939241,yfinance_download,131970.KQ
2021-04-21,53200.0,54200.0,52300.0,53300.0,52142.09765625,389089.0,0.0018796992481202,-0.0616197183098591,49455.0,49614.16666666666,50782.0,0.3873592614017088,0.3823386094316477,0.0724346076458752,-0.0396396396396396,-0.0616197183098591,0.0777474471741987,0.0742899373498833,0.0495844984443307,56800.0,42700.0,-0.0616197183098591,0.2482435597189696,19327238.0,1030141785400.0,20738443700.0,11920402550.0,0.0201316401236431,yfinance_download,131970.KQ
2021-04-22,53800.0,53800.0,52100.0,52600.0,51457.3046875,246699.0,-0.0131332082551595,-0.073943661971831,49652.5,49554.16666666666,50805.92105263158,0.381538603629986,0.3822391357806955,0.0811921891058582,-0.0640569395017793,-0.073943661971831,0.0593625698605306,0.0614647271504247,0.0353123988345742,56800.0,42700.0,-0.073943661971831,0.2318501170960187,19327238.0,1016612718800.0,12976367400.0,12190685000.0,0.0127643173846154,yfinance_download,131970.KQ
2021-04-23,51700.0,53200.0,51500.0,52700.0,51555.12890625,164458.0,0.0019011406844107,-0.0721830985915492,49895.0,49510.833333333336,50830.51948051948,0.3738683249884858,0.3809587512105278,0.1013584117032393,-0.047016274864376,-0.0721830985915492,0.0562180579216353,0.0644135121943008,0.0367787018229666,56800.0,42700.0,-0.0721830985915492,0.234192037470726,19327238.0,1018545442600.0,8666936600.0,12313336995.0,0.0085091309994733,yfinance_download,131970.KQ
2021-04-26,53000.0,53000.0,51600.0,52300.0,51163.82421875,157673.0,-0.0075901328273244,-0.079225352112676,50165.0,49445.833333333336,50849.35897435898,0.3654542821998264,0.379601560035246,0.115138592750533,-0.0693950177935943,-0.079225352112676,0.0425595534735372,0.0577230976657958,0.0285282067444059,56800.0,42700.0,-0.079225352112676,0.2248243559718969,19327238.0,1010814547400.0,8246297900.0,12378237795.0,0.0081580720431962,yfinance_download,131970.KQ
2021-04-27,52300.0,52300.0,50500.0,51000.0,49892.0625,210349.0,-0.0248565965583174,-0.102112676056338,50350.0,49409.16666666666,50851.26582278481,0.3809222835266619,0.3670582067372947,0.0782241014799154,-0.0413533834586465,-0.102112676056338,0.0129096325719959,0.0321971294125584,0.0029248864272823,56800.0,42700.0,-0.102112676056338,0.1943793911007025,19327238.0,985689138000.0,10727799000.0,12609805260.0,0.0108835520108977,yfinance_download,131970.KQ
2021-04-28,51000.0,51200.0,48050.0,48250.0,47201.8046875,492015.0,-0.053921568627451,-0.1505281690140845,50400.0,49356.66666666666,50818.75,0.4329654893178121,0.3770355515775226,0.0211640211640211,-0.061284046692607,-0.1505281690140845,-0.0426587301587301,-0.0224218275140135,-0.0505472881564382,56800.0,42700.0,-0.1505281690140845,0.1299765807962529,19327238.0,932539233500.0,23739723750.0,13572911497.5,0.0254570777262638,yfinance_download,131970.KQ
2021-04-29,48200.0,49100.0,46800.0,48550.0,47495.29296875,285659.0,0.0062176165803109,-0.1452464788732393,50375.0,49295.833333333336,50790.74074074074,0.4113747336858338,0.3757895995259263,-0.0101936799184505,-0.0699233716475096,-0.1452464788732393,-0.036228287841191,-0.0151297438931621,-0.0441171108761438,56800.0,42700.0,-0.1452464788732393,0.1370023419203747,19327238.0,938337404900.0,13868744450.0,13730452945.0,0.0147801253339975,yfinance_download,131970.KQ
2021-04-30,48850.0,49100.0,47850.0,48850.0,47788.7734375,153208.0,0.0061791967044284,-0.1399647887323943,50355.0,49238.333333333336,50767.07317073171,0.4117320221957082,0.376029241937058,-0.0081218274111675,-0.0659655831739961,-0.1399647887323943,-0.0298877966438287,-0.0078868090579833,-0.0377621369718226,56800.0,42700.0,-0.1399647887323943,0.1440281030444965,19327238.0,944135576300.0,7484210800.0,13654557885.0,0.0079270509319541,yfinance_download,131970.KQ
2021-05-03,48850.0,49200.0,46950.0,46950.0,45930.05078125,229613.0,-0.0388945752302968,-0.1734154929577465,50177.5,49155.833333333336,50721.0843373494,0.4220705473553464,0.3838091326991989,-0.0702970297029702,-0.0953757225433525,-0.1734154929577465,-0.0643216581136963,-0.0448742943360401,-0.0743494423791821,56800.0,42700.0,-0.1734154929577465,0.0995316159250585,19327238.0,907413824100.0,10780330350.0,13671114027.5,0.0118802800482924,yfinance_download,131970.KQ
2021-05-04,46800.0,47250.0,45350.0,46950.0,45930.05078125,282366.0,0.0,-0.1734154929577465,50000.0,49095.0,50676.19047619047,0.4220705473553464,0.38063273993665,-0.0702970297029702,-0.0721343873517786,-0.1734154929577465,-0.061,-0.0436908035441491,-0.0735294117647058,56800.0,42700.0,-0.1734154929577465,0.0995316159250585,19327238.0,907413824100.0,13257083700.0,13862745137.5,0.0146097440306783,yfinance_download,131970.KQ
2021-05-06,46850.0,46850.0,46000.0,46250.0,45245.25390625,164257.0,-0.0149094781682641,-0.1857394366197182,49817.5,49012.5,50624.117647058825,0.4230222024147709,0.3807335285081816,-0.0731462925851703,-0.0966796875,-0.1857394366197182,-0.0716113815426305,-0.0563631726600356,-0.0864038298416239,56800.0,42700.0,-0.1857394366197182,0.0831381733021077,19327238.0,893884757500.0,7596886250.0,13919207510.0,0.0084987311689337,yfinance_download,131970.KQ
2021-05-07,46400.0,46850.0,46350.0,46550.0,45538.734375,122110.0,0.0064864864864864,-0.1804577464788732,49670.0,48938.333333333336,50576.74418604651,0.42408122694464,0.3810385028046555,-0.0595959595959596,-0.0872549019607843,-0.1804577464788732,-0.0628145762029394,-0.0488029152334571,-0.0796165164612837,56800.0,42700.0,-0.1804577464788732,0.0901639344262295,19327238.0,899682928900.0,5684220500.0,13992182235.0,0.0063180264039797,yfinance_download,131970.KQ
2021-05-10,47000.0,47450.0,46650.0,47450.0,46419.1875,148334.0,0.0193340494092373,-0.164612676056338,49562.5,48892.5,50540.80459770115,0.4310516621830247,0.3821251858296988,-0.0433467741935483,-0.0547808764940238,-0.164612676056338,-0.0426229508196721,-0.0295035025821955,-0.0611546377685039,56800.0,42700.0,-0.164612676056338,0.1112412177985948,19327238.0,917077443100.0,7038448300.0,14120460730.0,0.0076748679764796,yfinance_download,131970.KQ
2021-05-11,46750.0,47000.0,45500.0,45700.0,44707.19921875,229811.0,-0.0368809272918861,-0.1954225352112676,49357.5,48817.5,50485.795454545456,0.447764001062139,0.3892630105802175,-0.0823293172690763,-0.0896414342629482,-0.1954225352112676,-0.0741022134427391,-0.0638602960004096,-0.0947948905520229,56800.0,42700.0,-0.1954225352112676,0.0702576112412178,19327238.0,883254776600.0,10502362700.0,14405239085.0,0.0118905246574808,yfinance_download,131970.KQ
2021-05-12,45600.0,46000.0,43950.0,44350.0,43386.52734375,263670.0,-0.0295404814004376,-0.2191901408450703,49152.5,48685.0,50416.85393258427,0.4495147019850242,0.3829370696069789,-0.0846233230134159,-0.1520076481835564,-0.2191901408450703,-0.0977061187121712,-0.0890417993221731,-0.120333845913842,56800.0,42700.0,-0.2191901408450703,0.0386416861826697,19327238.0,857163005300.0,11693764500.0,14383478660.0,0.013642404569137,yfinance_download,131970.KQ
2021-05-13,43100.0,45500.0,43050.0,44050.0,43093.04296875,168393.0,-0.0067643742953776,-0.2244718309859155,48960.0,48547.5,50346.11111111111,0.4488188201240701,0.3830023360131852,-0.0803757828810021,-0.1577437858508604,-0.2244718309859155,-0.1002859477124182,-0.0926412276636283,-0.1250565529722035,56800.0,42700.0,-0.2244718309859155,0.0316159250585479,19327238.0,851364833900.0,7417711650.0,14059380747.5,0.0087127296719789,yfinance_download,131970.KQ
2021-05-14,45400.0,45600.0,44650.0,45600.0,44609.37109375,133374.0,0.0351872871736662,-0.1971830985915492,48807.5,48444.16666666666,50293.956043956045,0.4651100880056968,0.3904227400481747,-0.0626927029804728,-0.1196911196911196,-0.1971830985915492,-0.0657173590124469,-0.0587101990263705,-0.0933304200579013,56800.0,42700.0,-0.1971830985915492,0.0679156908665106,19327238.0,881322052800.0,6081854400.0,13845708545.0,0.0069008308378051,yfinance_download,131970.KQ
2021-05-17,46100.0,46200.0,44550.0,44900.0,43924.578125,99408.0,-0.0153508771929824,-0.2095070422535211,48615.0,48347.5,50235.32608695652,0.4667860889466922,0.3893581213047811,-0.078974358974359,-0.1143984220907298,-0.2095070422535211,-0.0764167438033528,-0.0713066859713532,-0.106206657795376,56800.0,42700.0,-0.2095070422535211,0.0515222482435597,19327238.0,867792986200.0,4463419200.0,13659191817.5,0.0051434146979511,yfinance_download,131970.KQ
2021-05-18,45150.0,45450.0,44700.0,45400.0,44413.72265625,71910.0,0.0111358574610245,-0.2007042253521126,48245.0,48237.5,50183.333333333336,0.3427845520591865,0.3861243011698489,-0.1401515151515151,-0.1269230769230769,-0.2007042253521126,-0.0589698414343455,-0.0588235294117647,-0.0953171703752906,56800.0,42700.0,-0.2007042253521126,0.063231850117096,19327238.0,877456605200.0,3264714000.0,10795517037.5,0.0037206557915828,yfinance_download,131970.KQ
2021-05-20,45600.0,46450.0,45200.0,46450.0,45440.91015625,118841.0,0.0231277533039646,-0.1822183098591548,47907.5,48155.0,50143.617021276594,0.3559275397220627,0.3889809455618466,-0.1268796992481202,-0.0963035019455252,-0.1822183098591548,-0.0304232113969629,-0.0354064998442529,-0.0736607616420917,56800.0,42700.0,-0.1822183098591548,0.0878220140515222,19327238.0,897750205100.0,5520164450.0,9987474180.0,0.0061488868714712,yfinance_download,131970.KQ
2021-05-21,47000.0,47000.0,45500.0,45700.0,44707.19921875,139964.0,-0.0161463939720128,-0.1954225352112676,47527.5,48080.0,50096.84210526316,0.3560370386944219,0.3875225275412841,-0.1425891181988743,-0.0896414342629482,-0.1954225352112676,-0.0384514228604492,-0.0495008319467553,-0.0877668515716927,56800.0,42700.0,-0.1954225352112676,0.0702576112412178,19327238.0,883254776600.0,6396354800.0,9270369735.0,0.0072418004062453,yfinance_download,131970.KQ
2021-05-24,45800.0,45800.0,44000.0,44100.0,43141.9609375,134602.0,-0.0350109409190372,-0.2235915492957746,47102.5,48015.833333333336,50034.375,0.368928444004101,0.3833127750554148,-0.1615969581749049,-0.0802919708029197,-0.2235915492957746,-0.0637439626346797,-0.081552959961124,-0.1186059584035975,56800.0,42700.0,-0.2235915492957746,0.0327868852459016,19327238.0,852331195800.0,5935948200.0,8918348775.0,0.006964368110953,yfinance_download,131970.KQ
2021-05-25,44700.0,44850.0,44100.0,44200.0,43239.78515625,121148.0,0.002267573696145,-0.221830985915493,46677.5,47929.16666666666,49974.22680412371,0.3690679250127556,0.3777881994849036,-0.1612903225806451,-0.1052631578947368,-0.221830985915493,-0.0530769642761501,-0.0778057897939668,-0.1155440948942754,56800.0,42700.0,-0.221830985915493,0.0351288056206089,19327238.0,854263919600.0,5354741600.0,8752739025.0,0.0062682520906505,yfinance_download,131970.KQ
2021-05-26,44700.0,45300.0,44250.0,44350.0,43386.52734375,108451.0,0.003393665158371,-0.2191901408450703,46280.0,47849.16666666666,49916.83673469388,0.3714772293187996,0.3778524520316704,-0.1520076481835564,-0.0976602238046795,-0.2191901408450703,-0.0417026793431287,-0.07312910360682,-0.1115222257428171,56800.0,42700.0,-0.2191901408450703,0.0386416861826697,19327238.0,857163005300.0,4809801850.0,8580914222.5,0.0056113035913357,yfinance_download,131970.KQ
2021-05-27,44400.0,44900.0,44000.0,44550.0,43582.1875,100830.0,0.004509582863585,-0.215669014084507,45957.5,47795.0,49862.62626262626,0.3683602967071928,0.3741073358194455,-0.1264705882352941,-0.0679916317991632,-0.215669014084507,-0.0306261219605069,-0.0678941311852704,-0.1065452556518921,56800.0,42700.0,-0.215669014084507,0.0433255269320842,19327238.0,861028452900.0,4491976500.0,8269123097.5,0.0052169896184855,yfinance_download,131970.KQ
2021-05-28,44700.0,45000.0,44350.0,45000.0,44022.40234375,70938.0,0.0101010101010101,-0.2077464788732393,45795.0,47750.833333333336,49814.0,0.3267483154905694,0.3747527293202002,-0.0673575129533678,-0.055613850996852,-0.2077464788732393,-0.0173599737962659,-0.0576080696671961,-0.096639498936042,56800.0,42700.0,-0.2077464788732393,0.053864168618267,19327238.0,869725710000.0,3192210000.0,7241747410.0,0.0036703640737491,yfinance_download,131970.KQ
2021-05-31,45150.0,45400.0,44550.0,44700.0,43728.92578125,99568.0,-0.0066666666666667,-0.2130281690140845,45602.5,47735.0,49763.36633663366,0.3249781762496166,0.3649955229912133,-0.0792996910401647,-0.0208105147864183,-0.2130281690140845,-0.0197905816567074,-0.0635801822562061,-0.1017488708939337,56800.0,42700.0,-0.2130281690140845,0.0468384074941452,19327238.0,863927538600.0,4450689600.0,6770844667.5,0.0051516931700225,yfinance_download,131970.KQ
2021-06-01,44700.0,45650.0,44550.0,45050.0,44071.32421875,100074.0,0.0078299776286352,-0.2068661971830986,45412.5,47732.5,49717.1568627451,0.3257107284487446,0.3647744231793492,-0.0777891504605936,-0.0033185840707964,-0.2068661971830986,-0.007982383704927,-0.0561986068192531,-0.0938741705530303,56800.0,42700.0,-0.2068661971830986,0.0550351288056205,19327238.0,870692071900.0,4508333700.0,6622050812.5,0.0051778738379482,yfinance_download,131970.KQ
2021-06-02,45100.0,46150.0,45050.0,45300.0,44315.890625,120332.0,0.0055493895671476,-0.2024647887323943,45330.0,47756.66666666666,49674.271844660194,0.2994132168047054,0.3594878912836352,-0.0351437699680511,0.0330672748004561,-0.2024647887323943,-0.00066181336863,-0.0514413345431702,-0.0880591034799519,56800.0,42700.0,-0.2024647887323943,0.0608899297423888,19327238.0,875523881400.0,5451039600.0,6355586275.0,0.0062260318830864,yfinance_download,131970.KQ
2021-06-03,45350.0,47250.0,45350.0,46700.0,45685.4765625,354259.0,0.030905077262693,-0.1778169014084507,45317.5,47811.66666666666,49645.67307692308,0.3209497703755975,0.3639535212847665,-0.0053248136315229,0.076036866359447,-0.1778169014084507,0.0305069785402989,-0.0232509499076236,-0.0593339337419985,56800.0,42700.0,-0.1778169014084507,0.0936768149882905,19327238.0,902582014600.0,16543895300.0,6519926855.0,0.0183295202346036,yfinance_download,131970.KQ
2021-06-04,46300.0,46650.0,45700.0,46500.0,45489.81640625,124185.0,-0.0042826552462527,-0.1813380281690141,45330.0,47875.0,49615.71428571428,0.3166214708436247,0.3623117834899308,0.0054054054054053,0.0889929742388759,-0.1813380281690141,0.0258107213765717,-0.0287206266318538,-0.0627969249373757,56800.0,42700.0,-0.1813380281690141,0.0889929742388759,19327238.0,898716567000.0,5774602500.0,6428812667.5,0.0064253878386554,yfinance_download,131970.KQ
2021-06-07,46900.0,47200.0,46100.0,46250.0,45245.25390625,167179.0,-0.0053763440860215,-0.1857394366197182,45315.0,47900.833333333336,49583.96226415094,0.3164264044765845,0.3501088024337233,-0.0064446831364124,0.034675615212528,-0.1857394366197182,0.0206333443672073,-0.0344635618726187,-0.0672387221979108,56800.0,42700.0,-0.1857394366197182,0.0831381733021077,19327238.0,893884757500.0,7732028750.0,6531203080.0,0.0086499167651373,yfinance_download,131970.KQ
2021-06-08,46300.0,46500.0,45500.0,45800.0,44805.03125,92677.0,-0.0097297297297297,-0.1936619718309858,45232.5,47900.833333333336,49548.59813084112,0.3094511286473408,0.347197625701705,-0.0347734457323498,0.0,-0.1936619718309858,0.0125462886199081,-0.0438579704598041,-0.0756549785917723,56800.0,42700.0,-0.1936619718309858,0.0725995316159251,19327238.0,885187500400.0,4244606600.0,6391510995.0,0.004795149725998,yfinance_download,131970.KQ
2021-06-09,45800.0,46200.0,45300.0,45450.0,44462.6328125,122763.0,-0.0076419213973799,-0.1998239436619718,45220.0,47890.833333333336,49510.64814814815,0.2813503024666264,0.3473934272747323,-0.0054704595185995,-0.013029315960912,-0.1998239436619718,0.0050862450243254,-0.0509666080843586,-0.0820156531984327,56800.0,42700.0,-0.1998239436619718,0.0644028103044496,19327238.0,878422967100.0,5579578350.0,6145371777.5,0.006351812918121,yfinance_download,131970.KQ
2021-06-10,45450.0,46600.0,44900.0,45900.0,44902.85546875,320456.0,0.0099009900990099,-0.1919014084507042,45297.5,47846.66666666666,49477.522935779816,0.260736517669266,0.3292077504830074,0.0349492671927846,-0.054582904222451,-0.1919014084507042,0.0133009547988298,-0.0406855231991082,-0.0723060234931995,56800.0,42700.0,-0.1919014084507042,0.0749414519906324,19327238.0,887120224200.0,14708930400.0,6296130072.5,0.0165805377881723,yfinance_download,131970.KQ
2021-06-11,46000.0,46200.0,45250.0,45450.0,44462.6328125,221999.0,-0.0098039215686274,-0.1998239436619718,45367.5,47785.833333333336,49440.90909090909,0.2622865835736062,0.3287512655772904,0.0317820658342793,-0.0743380855397148,-0.1998239436619718,0.0018184823937841,-0.0488812932703207,-0.0807207869817044,56800.0,42700.0,-0.1998239436619718,0.0644028103044496,19327238.0,878422967100.0,10089854550.0,6429737217.5,0.0114863282585954,yfinance_download,131970.KQ
2021-06-14,45500.0,45600.0,44750.0,44800.0,43826.75,145662.0,-0.0143014301430143,-0.2112676056338028,45327.5,47704.16666666666,49399.0990990991,0.2359790946173073,0.3286624024560308,-0.0175438596491228,-0.0985915492957746,-0.2112676056338028,-0.0116375268876509,-0.0608786793606428,-0.0931008699141028,56800.0,42700.0,-0.2112676056338028,0.0491803278688525,19327238.0,865860262400.0,6525657600.0,6451927377.5,0.0075366174928874,yfinance_download,131970.KQ
2021-06-15,45400.0,45400.0,44800.0,44900.0,43924.578125,75327.0,0.0022321428571427,-0.2095070422535211,45327.5,47624.16666666666,49358.92857142857,0.2297505296471393,0.3287383103657841,0.0,-0.0965794768611669,-0.2095070422535211,-0.0094313606530251,-0.057201350854783,-0.0903368184942657,56800.0,42700.0,-0.2095070422535211,0.0515222482435597,19327238.0,867792986200.0,3382182300.0,6397865532.5,0.0038974529107573,yfinance_download,131970.KQ
2021-06-16,44900.0,44950.0,44250.0,44400.0,43435.44140625,180666.0,-0.0111358574610245,-0.2183098591549296,45277.5,47535.0,49315.04424778761,0.229162022368518,0.3292870503326652,-0.0220264317180616,-0.107537688442211,-0.2183098591549296,-0.0193804869968526,-0.0659514042284632,-0.0996662240246922,56800.0,42700.0,-0.2183098591549296,0.0398126463700234,19327238.0,858129367200.0,8021570400.0,6635708352.5,0.0093477402203046,yfinance_download,131970.KQ
2021-06-17,44200.0,44900.0,44000.0,44550.0,43582.1875,120873.0,0.0033783783783782,-0.215669014084507,45182.5,47455.0,49273.24561403509,0.2116185383826949,0.3291772383175645,-0.0409041980624327,-0.0972644376899696,-0.215669014084507,-0.0139987827145465,-0.0612158887366979,-0.0958582199157935,56800.0,42700.0,-0.215669014084507,0.0433255269320842,19327238.0,861028452900.0,5384892150.0,6628944737.5,0.0062540234667778,yfinance_download,131970.KQ
2021-06-18,44900.0,46350.0,44850.0,45150.0,44169.1484375,244593.0,0.0134680134680134,-0.2051056338028168,45155.0,47379.16666666666,49237.391304347824,0.211473442141854,0.3301455093697875,-0.012035010940919,-0.0915492957746478,-0.2051056338028168,-0.0001107297087808,-0.0470495119162781,-0.0830139695883298,56800.0,42700.0,-0.2051056338028168,0.0573770491803278,19327238.0,872624795700.0,11043373950.0,6861295695.0,0.0126553519959758,yfinance_download,131970.KQ
2021-06-21,44800.0,44900.0,44300.0,44350.0,43386.52734375,132122.0,-0.0177187153931339,-0.2191901408450703,45167.5,47307.5,49195.25862068965,0.1807430060873007,0.3293481360149472,0.0056689342403628,-0.0883864337101747,-0.2191901408450703,-0.0180992970609398,-0.0625165142947735,-0.0984903577405307,56800.0,42700.0,-0.2191901408450703,0.0386416861826697,19327238.0,857163005300.0,5859610700.0,6857478820.0,0.0068360517938465,yfinance_download,131970.KQ
2021-06-22,44750.0,44750.0,43900.0,44100.0,43141.9609375,128868.0,-0.0056369785794814,-0.2235915492957746,45162.5,47245.0,49151.7094017094,0.1818019783689695,0.3279718922502169,-0.002262443438914,-0.0783699059561128,-0.2235915492957746,-0.0235261555494049,-0.0665678907820933,-0.1027778985349736,56800.0,42700.0,-0.2235915492957746,0.0327868852459016,19327238.0,852331195800.0,5683078800.0,6873895680.0,0.0066676883680948,yfinance_download,131970.KQ
2021-06-23,44300.0,44350.0,43650.0,43650.0,42701.73828125,147065.0,-0.010204081632653,-0.2315140845070422,45127.5,47190.833333333336,49105.08474576271,0.1847676671840344,0.3262131077849888,-0.0157835400225478,-0.0692963752665245,-0.2315140845070422,-0.0327405683895628,-0.0750322273040315,-0.1110900179483639,56800.0,42700.0,-0.2315140845070422,0.0222482435597188,19327238.0,843633938700.0,6419387250.0,6954374950.0,0.0076092093448634,yfinance_download,131970.KQ
2021-06-24,43650.0,44100.0,43450.0,43700.0,42750.6484375,94015.0,0.0011454753722794,-0.2306338028169013,45085.0,47130.833333333336,49059.663865546216,0.1838858755875022,0.3256433013916711,-0.0190796857463524,-0.0761099365750528,-0.2306338028169013,-0.0307197515803482,-0.0727938186254575,-0.1092478717390931,56800.0,42700.0,-0.2306338028169013,0.0234192037470726,19327238.0,844600300600.0,4108455500.0,6935198900.0,0.004864378448695,yfinance_download,131970.KQ
2021-06-25,43950.0,44250.0,43650.0,43800.0,42848.4765625,125915.0,0.0022883295194509,-0.2288732394366197,45025.0,47073.333333333336,49015.833333333336,0.1797313339415785,0.3257179419804741,-0.0266666666666666,-0.0730158730158729,-0.2288732394366197,-0.0272071071626873,-0.0695368927913894,-0.1064111936619119,56800.0,42700.0,-0.2288732394366197,0.0257611241217798,19327238.0,846533024400.0,5515077000.0,7051342250.0,0.0065148988179273,yfinance_download,131970.KQ
2021-06-28,43900.0,45500.0,43700.0,45400.0,44413.72265625,224313.0,0.0365296803652968,-0.2007042253521126,45060.0,47012.5,48920.833333333336,0.2228300487235489,0.3249290018752197,0.0156599552572707,-0.0744138634046891,-0.2007042253521126,0.0075454948956945,-0.0342993884605158,-0.0719700195894728,56800.0,42700.0,-0.2007042253521126,0.063231850117096,19327238.0,877456605200.0,10183810200.0,7337998280.0,0.0116060556609278,yfinance_download,131970.KQ
2021-06-29,45800.0,45900.0,44750.0,44800.0,43826.75,141605.0,-0.0132158590308369,-0.2112676056338028,45047.5,46938.333333333336,48828.333333333336,0.2266019876641593,0.3256876485376573,-0.0055493895671475,-0.0903553299492385,-0.1985688729874776,-0.0054942005660691,-0.0455562262543053,-0.0824999146670307,56800.0,42700.0,-0.2112676056338028,0.0491803278688525,19327238.0,865860262400.0,6343904000.0,7429776795.0,0.0073267064854274,yfinance_download,131970.KQ
2021-06-30,45200.0,46650.0,45000.0,46050.0,45049.59765625,415227.0,0.0279017857142858,-0.1892605633802817,45085.0,46864.16666666666,48749.583333333336,0.247067571592793,0.3266118271829912,0.0165562913907284,-0.088118811881188,-0.1702702702702703,0.021404014639015,-0.0173729039600262,-0.0553765416798435,56800.0,42700.0,-0.1892605633802817,0.0784543325526931,19327238.0,890019309900.0,19121203350.0,8113284982.5,0.0214840320174046,yfinance_download,131970.KQ
2021-07-01,46200.0,46350.0,45250.0,45300.0,44315.890625,157617.0,-0.01628664495114,-0.2024647887323943,45015.0,46777.5,48665.41666666666,0.2271260771680655,0.3280309601679104,-0.0299785867237687,-0.1029702970297029,-0.1823104693140794,0.0063312229256913,-0.0315856982523649,-0.0691541734804831,56800.0,42700.0,-0.2024647887323943,0.0608899297423888,19327238.0,875523881400.0,7140050100.0,7643092722.5,0.0081551745779712,yfinance_download,131970.KQ
2021-07-02,45350.0,46100.0,44800.0,45250.0,44266.98046875,153213.0,-0.0011037527593819,-0.2033450704225352,44952.5,46700.0,48575.0,0.2268756658409711,0.3273312618401281,-0.0268817204301075,-0.093186372745491,-0.1934046345811051,0.00661809688004,-0.0310492505353319,-0.0684508492022645,56800.0,42700.0,-0.2033450704225352,0.059718969555035,19327238.0,874557519500.0,6932888250.0,7701007010.0,0.0079273096342063,yfinance_download,131970.KQ
2021-07-05,45250.0,49950.0,45100.0,49750.0,48669.22265625,1487849.0,0.0994475138121546,-0.1241197183098591,45127.5,46704.16666666666,48529.583333333336,0.4224823936156047,0.386776022262246,0.0756756756756755,0.0050505050505049,-0.098731884057971,0.102431998227245,0.0652154518690337,0.0251478908912947,56800.0,42700.0,-0.1241197183098591,0.1651053864168619,19327238.0,961530090500.0,74020487750.0,11015429960.0,0.0769819774558579,yfinance_download,131970.KQ
2021-07-06,50500.0,51600.0,49500.0,50800.0,49696.40625,1120606.0,0.0211055276381908,-0.1056338028169013,45377.5,46724.16666666666,48486.25,0.423392658708947,0.3890947323960159,0.1091703056768558,0.0241935483870967,-0.0928571428571428,0.1194975483444438,0.0872318036704775,0.0477197143520069,56800.0,42700.0,-0.1056338028169013,0.189695550351288,19327238.0,981823690400.0,56926784800.0,13649538870.0,0.0579806592126614,yfinance_download,131970.KQ
2021-07-07,51100.0,53300.0,49300.0,52000.0,50870.3359375,1150974.0,0.0236220472440944,-0.0845070422535211,45705.0,46760.833333333336,48465.41666666666,0.4250455797898255,0.3918753139920177,0.1441144114411441,0.0441767068273093,-0.0458715596330274,0.1377311016300186,0.1120417728512108,0.0729300102306627,56800.0,42700.0,-0.0845070422535211,0.2177985948477752,19327238.0,1005016376000.0,59850648000.0,16363092352.5,0.0595519132118101,yfinance_download,131970.KQ
2021-07-08,51400.0,53000.0,51000.0,51700.0,50576.85546875,426679.0,-0.0057692307692307,-0.0897887323943662,45995.0,46815.0,48442.083333333336,0.4273001298444878,0.3877530850555584,0.1263616557734204,0.067079463364293,-0.0513761467889908,0.1240352212196977,0.1043468973619565,0.0672538512484839,56800.0,42700.0,-0.0897887323943662,0.2107728337236534,19327238.0,999218204600.0,22059304300.0,16730611047.5,0.022076563655914,yfinance_download,131970.KQ
2021-07-09,51000.0,52500.0,50300.0,52400.0,51261.6484375,472313.0,0.0135396518375241,-0.0774647887323943,46342.5,46890.0,48420.41666666666,0.4236523951416169,0.3876206337815054,0.1529152915291529,0.0939457202505218,-0.0472727272727272,0.1307115498732265,0.1175090637662614,0.0821881265650681,56800.0,42700.0,-0.0774647887323943,0.2271662763466042,19327238.0,1012747271200.0,24749201200.0,17463578380.0,0.0244376873715737,yfinance_download,131970.KQ
2021-07-12,52800.0,52900.0,51200.0,52600.0,51457.3046875,292495.0,0.0038167938931297,-0.073943661971831,46732.5,46955.833333333336,48403.75,0.4161210554775637,0.3865686838359138,0.1741071428571428,0.0811921891058582,-0.0366300366300366,0.125555020595945,0.1202016078939427,0.0866926632750562,56800.0,42700.0,-0.073943661971831,0.2318501170960187,19327238.0,1016612718800.0,15385237000.0,17906557350.0,0.0151338230532474,yfinance_download,131970.KQ
2021-07-13,52200.0,54000.0,51600.0,53700.0,52533.40625,528823.0,0.020912547528517,-0.0545774647887323,47172.5,47038.333333333336,48396.25,0.4177463917655588,0.388592711049618,0.1959910913140312,0.1015384615384615,-0.0164835164835165,0.1383751126185808,0.1416220812812245,0.1095901025389363,56800.0,42700.0,-0.0545774647887323,0.2576112412177986,19327238.0,1037872680600.0,28397795100.0,19157337990.0,0.0273615402262858,yfinance_download,131970.KQ
2021-07-14,53400.0,54000.0,52400.0,53300.0,52142.09765625,333905.0,-0.0074487895716945,-0.0616197183098591,47617.5,47046.66666666666,48376.25,0.4155528955868714,0.3502133231355628,0.2004504504504505,0.009469696969697,-0.0430879712746857,0.1193363784322989,0.1329176703981862,0.1017803157541148,56800.0,42700.0,-0.0616197183098591,0.2482435597189696,19327238.0,1030141785400.0,17797136500.0,19646116295.0,0.0172763951062226,yfinance_download,131970.KQ
2021-07-15,53300.0,54400.0,52300.0,52700.0,51555.12890625,394520.0,-0.0112570356472795,-0.0721830985915492,48025.0,47038.333333333336,48344.583333333336,0.4216102426477513,0.3506898603079416,0.1829405162738495,-0.0093984962406015,-0.0672566371681415,0.0973451327433627,0.1203628246465648,0.0900910994854644,56800.0,42700.0,-0.0721830985915492,0.234192037470726,19327238.0,1018545442600.0,20791204000.0,20416431887.5,0.0204126425100161,yfinance_download,131970.KQ
2021-07-16,52600.0,52700.0,50800.0,51200.0,50087.71875,385680.0,-0.0284629981024667,-0.0985915492957746,48327.5,47003.333333333336,48308.75,0.4412125209305378,0.3555044087383985,0.1339977851605758,-0.0393996247654784,-0.0774774774774774,0.0594382080595934,0.0892844479114955,0.0598494061634797,56800.0,42700.0,-0.0985915492957746,0.1990632318501171,19327238.0,989554585600.0,19746816000.0,20851603990.0,0.0199552569280721,yfinance_download,131970.KQ
2021-07-19,50500.0,51500.0,49900.0,51400.0,50283.37109375,293515.0,0.00390625,-0.0950704225352112,48680.0,46983.333333333336,48268.75,0.4319446862351181,0.3546172043131569,0.1589627959413755,-0.0228136882129277,-0.085409252669039,0.0558751027115858,0.0940049663001063,0.0648711640554189,56800.0,42700.0,-0.0950704225352112,0.2037470725995316,19327238.0,993420033200.0,15086671000.0,21312957005.0,0.0151865983127025,yfinance_download,131970.KQ
2021-07-20,50400.0,51600.0,49950.0,50700.0,49598.58203125,270841.0,-0.0136186770428015,-0.1073943661971831,49010.0,46950.0,48230.41666666666,0.4361324204314176,0.355659909642817,0.1496598639455781,-0.0379506641366224,-0.0831826401446654,0.0344827586206897,0.0798722044728434,0.0512038564875207,56800.0,42700.0,-0.1073943661971831,0.1873536299765807,19327238.0,979890966600.0,13731638700.0,21715385000.0,0.0140134353392864,yfinance_download,131970.KQ
2021-07-21,51200.0,51500.0,49400.0,49750.0,48669.22265625,288141.0,-0.0187376725838264,-0.1241197183098591,49315.0,46907.5,48176.66666666666,0.4417023411038778,0.3573519480901655,0.1397479954180984,-0.0487571701720841,-0.1147686832740213,0.0088208455845077,0.0605979853967915,0.0326575797412302,56800.0,42700.0,-0.1241197183098591,0.1651053864168619,19327238.0,961530090500.0,14335014750.0,22111166375.0,0.0149085451320048,yfinance_download,131970.KQ
2021-07-22,50800.0,53800.0,50800.0,52900.0,51750.7890625,711801.0,0.0633165829145727,-0.0686619718309858,49775.0,46939.16666666666,48174.16666666666,0.4840319244703934,0.3769267069454582,0.2105263157894736,0.0372549019607844,-0.0056390977443608,0.0627825213460573,0.1269906084115966,0.098098911934128,56800.0,42700.0,-0.0686619718309858,0.2388758782201405,19327238.0,1022410890200.0,37654272900.0,23788457245.0,0.0368289043680219,yfinance_download,131970.KQ
2021-07-23,53000.0,53700.0,52100.0,52900.0,51750.7890625,249034.0,0.0,-0.0686619718309858,50230.0,47016.66666666666,48186.66666666666,0.4845848368676236,0.3592240131570791,0.2077625570776256,0.0963730569948186,0.0291828793774318,0.0531554847700577,0.1251329315845446,0.0978140564471501,56800.0,42700.0,-0.0686619718309858,0.2388758782201405,19327238.0,1022410890200.0,13173898600.0,24171398325.0,0.0128851313364071,yfinance_download,131970.KQ
2021-07-26,53300.0,54400.0,52400.0,52800.0,51652.95703125,312471.0,-0.0018903591682419,-0.0704225352112676,50600.0,47087.5,48191.66666666666,0.4757015491847768,0.359180576477365,0.1629955947136563,0.0875386199794026,0.0114942528735633,0.0434782608695651,0.1213166976373771,0.0956251080753933,56800.0,42700.0,-0.0704225352112676,0.2365339578454333,19327238.0,1020478166400.0,16498468800.0,24487131255.0,0.0161673902913597,yfinance_download,131970.KQ
2021-07-27,53100.0,53800.0,52200.0,52800.0,51652.95703125,159456.0,0.0,-0.0704225352112676,51000.0,47153.333333333336,48195.833333333336,0.4701690770140929,0.3590706654780733,0.1785714285714286,0.0808597748208801,0.0095602294455066,0.0352941176470589,0.1197511664074648,0.0955303881732514,56800.0,42700.0,-0.0704225352112676,0.2365339578454333,19327238.0,1020478166400.0,8419276800.0,24590899895.0,0.0082503252663417,yfinance_download,131970.KQ
2021-07-28,52200.0,52600.0,50600.0,51800.0,50674.68359375,242486.0,-0.0189393939393939,-0.0880281690140845,51287.5,47234.16666666666,48195.0,0.4741132420932412,0.3517259246058491,0.1248642779587405,0.1033013844515442,-0.0019267822736031,0.0099926882768706,0.0966637850426068,0.074800290486565,56800.0,42700.0,-0.0880281690140845,0.2131147540983606,19327238.0,1001150928400.0,12560774800.0,24262878467.5,0.0125463348668857,yfinance_download,131970.KQ
2021-07-29,52400.0,52400.0,50900.0,52000.0,50870.3359375,134306.0,0.0038610038610038,-0.0845070422535211,51622.5,47318.333333333336,48206.66666666666,0.4667148087484845,0.3517270126607723,0.1479028697571744,0.1075612353567625,0.0276679841897233,0.0073127027943242,0.0989398048677396,0.0786889780113402,56800.0,42700.0,-0.0845070422535211,0.2177985948477752,19327238.0,1005016376000.0,6983912000.0,24255071562.5,0.0069490529376209,yfinance_download,131970.KQ
2021-07-30,52200.0,52200.0,50600.0,50900.0,49794.23046875,173981.0,-0.0211538461538461,-0.1038732394366197,51905.0,47395.833333333336,48204.16666666666,0.4768286362031119,0.3532342144962503,0.1248618784530386,0.1005405405405406,-0.005859375,-0.019362296503227,0.0739340659340659,0.0559253176592617,56800.0,42700.0,-0.1038732394366197,0.1920374707259953,19327238.0,983756414200.0,8855632900.0,24351208795.0,0.009001855309072,yfinance_download,131970.KQ
2021-08-02,51000.0,53400.0,51000.0,53100.0,51946.44140625,348835.0,0.043222003929273,-0.0651408450704225,52072.5,47505.0,48221.66666666666,0.3581777234594255,0.3631829484088083,0.0673366834170854,0.1407089151450054,0.0411764705882353,0.0197321042776896,0.1177770760972529,0.1011647599626723,56800.0,42700.0,-0.0651408450704225,0.243559718969555,19327238.0,1026276337800.0,18523138500.0,21576341332.5,0.0180488800313836,yfinance_download,131970.KQ
2021-08-03,53400.0,56000.0,53200.0,55900.0,54685.6171875,783800.0,0.0527306967984935,-0.0158450704225352,52327.5,47645.833333333336,48269.16666666666,0.3945395139166637,0.3760368696658732,0.1003937007874016,0.1780821917808219,0.1135458167330676,0.0682719411399359,0.1732400524704853,0.1580891873694387,56800.0,42700.0,-0.0158450704225352,0.3091334894613582,19327238.0,1080392604200.0,43814420000.0,20920723092.5,0.0405541650596945,yfinance_download,131970.KQ
2021-08-04,56200.0,56600.0,55000.0,56000.0,54783.4453125,470987.0,0.0017889087656528,-0.0140845070422535,52527.5,47817.5,48317.5,0.3884976566240085,0.3667544969973143,0.0769230769230768,0.2253829321663019,0.1155378486055775,0.0661082290228927,0.1711193600669212,0.1590003621876132,56800.0,42700.0,-0.0140845070422535,0.3114754098360655,19327238.0,1082325328000.0,26375272000.0,19246954292.5,0.0243690795342821,yfinance_download,131970.KQ
2021-08-05,55800.0,56700.0,55100.0,55300.0,54098.6484375,323024.0,-0.0124999999999999,-0.0264084507042253,52707.5,48000.0,48342.5,0.391463707765861,0.3617972057331663,0.06963249516441,0.2468996617812853,0.05736137667304,0.0491865484039273,0.1520833333333333,0.1439209805036976,56800.0,42700.0,-0.0264084507042253,0.2950819672131148,19327238.0,1068796261400.0,17863227200.0,19037150437.5,0.016713407264918,yfinance_download,131970.KQ
2021-08-06,55400.0,55600.0,54200.0,55100.0,53902.99609375,240088.0,-0.0036166365280289,-0.0299295774647887,52842.5,48184.16666666666,48365.833333333336,0.3904532404687169,0.3614570452447495,0.0515267175572518,0.2508513053348467,0.0535372848948374,0.0427212944126413,0.143529167603466,0.1392339633694583,56800.0,42700.0,-0.0299295774647887,0.2903981264637003,19327238.0,1064930813800.0,13228848800.0,18461132817.5,0.0124222612667159,yfinance_download,131970.KQ
2021-08-09,54600.0,56000.0,54000.0,55800.0,54587.7890625,283005.0,0.012704174228675,-0.0176056338028168,53002.5,48354.16666666666,48399.16666666666,0.3920325135916542,0.3560640615587933,0.0608365019011407,0.2236842105263157,0.0772200772200772,0.0527805292203198,0.1539853511417492,0.1529124124037948,56800.0,42700.0,-0.0176056338028168,0.3067915690866509,19327238.0,1078459880400.0,15791679000.0,18481454917.5,0.0146428061785134,yfinance_download,131970.KQ
2021-08-10,56600.0,58000.0,55200.0,56000.0,54783.4453125,680813.0,0.0035842293906809,-0.0140845070422535,53117.5,48539.16666666666,48443.333333333336,0.3864582594573547,0.3538650267993968,0.0428305400372439,0.2472160356347439,0.1045364891518738,0.0542664846801901,0.1537074870808796,0.1559898162801898,56800.0,42700.0,-0.0140845070422535,0.3114754098360655,19327238.0,1082325328000.0,38125528000.0,18967841562.5,0.0352255712895965,yfinance_download,131970.KQ
2021-08-11,55500.0,55700.0,53300.0,54100.0,52924.71484375,444987.0,-0.0339285714285714,-0.0475352112676056,53157.5,48684.16666666666,48460.833333333336,0.4063062542306848,0.3619038291423224,0.0150093808630393,0.1916299559471366,0.0403846153846154,0.0177303296806659,0.1112442443641841,0.1163654497618351,56800.0,42700.0,-0.0475352112676056,0.2669789227166277,19327238.0,1045603575800.0,24073796700.0,19281674572.5,0.0230238278226821,yfinance_download,131970.KQ
2021-08-12,54800.0,56200.0,53500.0,55200.0,54000.8203125,488496.0,0.0203327171903882,-0.028169014084507,53282.5,48830.0,48492.5,0.4090786062504083,0.361290460457985,0.0474383301707779,0.1883745963401506,0.0739299610894941,0.0359874255149439,0.1304525906205202,0.1383203588183739,56800.0,42700.0,-0.028169014084507,0.2927400468384076,19327238.0,1066863537600.0,26964979200.0,19590363332.5,0.0252750030811438,yfinance_download,131970.KQ
2021-08-13,55100.0,55100.0,51800.0,53300.0,52142.09765625,500132.0,-0.0344202898550725,-0.0616197183098591,53387.5,48956.66666666666,48518.333333333336,0.4155790299533624,0.3673447617568104,0.041015625,0.1663019693654266,0.0617529880478087,-0.0016389604308124,0.0887179138013209,0.0985538112740886,56800.0,42700.0,-0.0616197183098591,0.2482435597189696,19327238.0,1030141785400.0,26657035600.0,19935874312.5,0.0258770549625352,yfinance_download,131970.KQ
2021-08-17,53500.0,53900.0,51300.0,52000.0,50870.3359375,319397.0,-0.024390243902439,-0.0845070422535211,53417.5,49088.333333333336,48552.083333333336,0.4261608278022367,0.3632951011816492,0.0116731517509727,0.1791383219954647,0.0844629822732012,-0.0265362474844386,0.0593148405934877,0.0710148036901952,56800.0,42700.0,-0.0845070422535211,0.2177985948477752,19327238.0,1005016376000.0,16608644000.0,20011972962.5,0.0165257446511498,yfinance_download,131970.KQ
2021-08-18,52100.0,53200.0,51000.0,52600.0,51457.3046875,223990.0,0.0115384615384614,-0.073943661971831,53512.5,49228.333333333336,48578.75,0.4241310729679737,0.3637117575402002,0.0374753451676528,0.1900452488687782,0.0647773279352226,-0.0170520906330297,0.0684903680130006,0.0827779636157786,56800.0,42700.0,-0.073943661971831,0.2318501170960187,19327238.0,1016612718800.0,11781874000.0,19914484727.5,0.0115893434954337,yfinance_download,131970.KQ
2021-08-19,51900.0,54800.0,51700.0,52400.0,51261.6484375,453031.0,-0.0038022813688213,-0.0774647887323943,53645.0,49362.5,48605.833333333336,0.4176272992069995,0.3639904937392038,0.0532663316582915,0.181510710259301,0.0661241098677518,-0.0232081275048933,0.0615345657128387,0.0780599036466815,56800.0,42700.0,-0.0774647887323943,0.2271662763466042,19327238.0,1012747271200.0,23738824400.0,20384675210.0,0.023440028006071,yfinance_download,131970.KQ
2021-08-20,53200.0,54600.0,52400.0,52800.0,51652.95703125,414402.0,0.0076335877862594,-0.0704225352112676,53640.0,49500.0,48647.5,0.3525239746142212,0.3641008208692718,-0.0018903591682419,0.1851851851851851,0.104602510460251,-0.0156599552572707,0.0666666666666666,0.08535895986433,56800.0,42700.0,-0.0704225352112676,0.2365339578454333,19327238.0,1020478166400.0,21880425600.0,19595982845.0,0.0214413461457865,yfinance_download,131970.KQ
2021-08-23,53800.0,53800.0,52300.0,52700.0,51555.12890625,228341.0,-0.0018939393939394,-0.0721830985915492,53630.0,49628.333333333336,48689.583333333336,0.3525978832979182,0.363943761005843,-0.0037807183364839,0.1711111111111112,0.10598111227702,-0.0173410404624277,0.061893407663633,0.0823670360703434,56800.0,42700.0,-0.0721830985915492,0.234192037470726,19327238.0,1018545442600.0,12033570700.0,19538966450.0,0.0118144661953249,yfinance_download,131970.KQ
2021-08-24,53500.0,54800.0,52100.0,54800.0,53609.51171875,477507.0,0.0398481973434534,-0.0352112676056337,53730.0,49796.66666666666,48765.833333333336,0.3796514809183712,0.3711414102889325,0.0378787878787878,0.2259507829977629,0.2004381161007666,0.0199143867485576,0.1004752660820671,0.1237375895008459,56800.0,42700.0,-0.0352112676056337,0.2833723653395785,19327238.0,1059132642400.0,26167383600.0,20022412190.0,0.024706427271191,yfinance_download,131970.KQ
2021-08-25,55800.0,55800.0,52500.0,52700.0,51555.12890625,735736.0,-0.0383211678832117,-0.0721830985915492,53725.0,49924.16666666666,48828.333333333336,0.40596012271027,0.3808527324118917,-0.0018939393939394,0.1698113207547169,0.165929203539823,-0.0190786412284783,0.0556009948421774,0.0792913950233811,56800.0,42700.0,-0.0721830985915492,0.234192037470726,19327238.0,1018545442600.0,38773287200.0,21540112710.0,0.0380673120494506,yfinance_download,131970.KQ
2021-08-26,53200.0,53500.0,51600.0,51700.0,50576.85546875,384595.0,-0.0189753320683111,-0.0897887323943662,53720.0,50030.833333333336,48893.75,0.405982630710866,0.383430014327517,-0.0019305019305019,0.141280353200883,0.1790193842645382,-0.0376023827252419,0.0333627596315604,0.0573948613064041,56800.0,42700.0,-0.0897887323943662,0.2107728337236534,19327238.0,999218204600.0,19883561500.0,21906252045.0,0.0198991185393381,yfinance_download,131970.KQ
2021-08-27,51600.0,52300.0,51100.0,51900.0,50772.5078125,223581.0,0.0038684719535784,-0.0862676056338028,53715.0,50117.5,48964.583333333336,0.4059835218285738,0.378846750953809,-0.0019230769230769,0.1113490364025695,0.1958525345622119,-0.0337894442893046,0.0355664189155484,0.0599497936433646,56800.0,42700.0,-0.0862676056338028,0.2154566744730679,19327238.0,1003083652200.0,11603853900.0,22137249140.0,0.0115681816512012,yfinance_download,131970.KQ
2021-08-30,52500.0,52700.0,50700.0,50800.0,49696.40625,280453.0,-0.0211946050096338,-0.1056338028169013,53710.0,50189.16666666666,49032.083333333336,0.4060119971095544,0.3816264182143037,-0.0019646365422396,0.0924731182795699,0.189695550351288,-0.054179854775647,0.0121706211499825,0.036056323665627,56800.0,42700.0,-0.1056338028169013,0.189695550351288,19327238.0,981823690400.0,14247012400.0,22406818115.0,0.0145107645489748,yfinance_download,131970.KQ
2021-08-31,50900.0,51600.0,50800.0,51500.0,50381.19921875,141823.0,0.013779527559055,-0.0933098591549296,53630.0,50276.66666666666,49088.75,0.3770624674196449,0.382116956292234,-0.0301318267419962,0.1135135135135134,0.1521252796420582,-0.0397165765429796,0.0243320294371147,0.0491202159354231,56800.0,42700.0,-0.0933098591549296,0.2060889929742388,19327238.0,995352757000.0,7303884500.0,21845855415.0,0.0073379859036247,yfinance_download,131970.KQ
2021-09-01,51600.0,51600.0,50900.0,51300.0,50185.546875,142183.0,-0.003883495145631,-0.096830985915493,53400.0,50368.333333333336,49134.583333333336,0.3185549494420219,0.3815331499712973,-0.0822898032200357,0.1200873362445413,0.1200873362445413,-0.0393258426966292,0.0184970715727472,0.0440711311618597,56800.0,42700.0,-0.096830985915493,0.2014051522248243,19327238.0,991487309400.0,7293987900.0,20019833810.0,0.0073566124657853,yfinance_download,131970.KQ
2021-09-02,51700.0,52500.0,51100.0,51900.0,50772.5078125,250340.0,0.0116959064327486,-0.0862676056338028,53195.0,50475.833333333336,49183.333333333336,0.3228924236807607,0.3814674802223073,-0.0732142857142856,0.1419141914191419,0.1270358306188925,-0.0243443932700442,0.0282148222746858,0.055235513385293,56800.0,42700.0,-0.0862676056338028,0.2154566744730679,19327238.0,1003083652200.0,12992646000.0,19350702510.0,0.0129527043646898,yfinance_download,131970.KQ
2021-09-03,52500.0,52700.0,51800.0,52200.0,51065.9921875,181857.0,0.0057803468208093,-0.0809859154929577,53040.0,50580.833333333336,49213.75,0.3227273588577461,0.381219014917481,-0.0560578661844484,0.1372549019607842,0.0751802265705459,-0.0158371040723982,0.0320114667940754,0.0606791801071855,56800.0,42700.0,-0.0809859154929577,0.2224824355971897,19327238.0,1008881823600.0,9492935400.0,18932187920.0,0.0094093630967859,yfinance_download,131970.KQ
2021-09-06,52400.0,54300.0,52200.0,53700.0,52533.40625,452651.0,0.028735632183908,-0.0545774647887323,52970.0,50718.333333333336,49252.083333333336,0.3413792427693676,0.3841105547897897,-0.0254083484573502,0.1815181518151816,0.0936863543788186,0.0137813856900133,0.0587887351713711,0.0903092085783172,56800.0,42700.0,-0.0545774647887323,0.2576112412177986,19327238.0,1037872680600.0,24307358700.0,19486113415.0,0.0234203666349014,yfinance_download,131970.KQ
2021-09-07,54100.0,54100.0,52500.0,53000.0,51848.609375,222776.0,-0.0130353817504655,-0.0669014084507042,52830.0,50855.0,49279.583333333336,0.3398323807050243,0.383874758538697,-0.050179211469534,0.1830357142857142,0.0663983903420524,0.003217868635245,0.0421787434863829,0.075496106399709,56800.0,42700.0,-0.0669014084507042,0.2412177985948478,19327238.0,1024343614000.0,11807128000.0,19286885865.0,0.0115265305885921,yfinance_download,131970.KQ
2021-09-08,52200.0,52500.0,50800.0,51100.0,49989.88671875,368516.0,-0.0358490566037735,-0.1003521126760563,52585.0,50958.333333333336,49291.25,0.3589832893824978,0.3920821456071107,-0.0875,0.1380846325167037,0.028169014084507,-0.028239992393268,0.0027800490596892,0.0366951538051885,56800.0,42700.0,-0.1003521126760563,0.1967213114754098,19327238.0,987621861800.0,18831167600.0,18322167845.0,0.0190671838366144,yfinance_download,131970.KQ
2021-09-09,50700.0,51500.0,49450.0,49500.0,48424.65234375,397839.0,-0.0313111545988258,-0.1285211267605633,52355.0,51043.333333333336,49289.16666666666,0.3562300805697487,0.3972149345769738,-0.0850277264325323,0.1148648648648649,-0.0050251256281407,-0.0545315633654855,-0.0302357474041664,0.0042774781476659,56800.0,42700.0,-0.1285211267605633,0.1592505854800936,19327238.0,956698281000.0,19693030500.0,18103129535.0,0.0205843690650469,yfinance_download,131970.KQ
2021-09-10,49400.0,50600.0,49400.0,50300.0,49207.265625,171166.0,0.0161616161616162,-0.1144366197183098,52110.0,51139.16666666666,49297.083333333336,0.3527115555613606,0.3982511286433746,-0.0887681159420289,0.1290684624017957,0.0192502532928064,-0.0347342160813662,-0.0164094708882623,0.0203443408585699,56800.0,42700.0,-0.1144366197183098,0.1779859484777517,19327238.0,972160071400.0,8609649800.0,17185363065.0,0.0088562059410661,yfinance_download,131970.KQ
2021-09-13,50200.0,50900.0,49400.0,49450.0,48375.73828125,159372.0,-0.0168986083499006,-0.1294014084507042,51917.5,51210.833333333336,49295.0,0.3381147390677239,0.3994837242846664,-0.0722326454033771,0.0952380952380953,-0.005030181086519,-0.0475273270091972,-0.0343840007810847,0.0031443351252662,56800.0,42700.0,-0.1294014084507042,0.1580796252927401,19327238.0,955731919100.0,7880945400.0,16246558555.0,0.0082459790685042,yfinance_download,131970.KQ
2021-09-14,49800.0,50200.0,49550.0,49750.0,48669.22265625,150819.0,0.006066734074823,-0.1241197183098591,51805.0,51300.833333333336,49304.16666666666,0.3303830514812594,0.3974833054764134,-0.0432692307692307,0.1217587373167981,0.0226104830421376,-0.0396679857156645,-0.0302301781972352,0.0090425082396687,56800.0,42700.0,-0.1241197183098591,0.1651053864168619,19327238.0,961530090500.0,7503245250.0,15791288617.5,0.0078034429958383,yfinance_download,131970.KQ
2021-09-15,49750.0,49950.0,49500.0,49700.0,48620.30859375,97205.0,-0.0010050251256281,-0.125,51660.0,51394.16666666666,49319.583333333336,0.3265421966558057,0.3972055626920125,-0.0551330798479087,0.1269841269841269,0.0386624869383489,-0.037940379403794,-0.0329641820569779,0.0077132984700127,56800.0,42700.0,-0.125,0.1639344262295081,19327238.0,960563728600.0,4831088500.0,15443749342.5,0.0050294304856182,yfinance_download,131970.KQ
2021-09-16,50000.0,50000.0,48500.0,48650.0,47593.1171875,273418.0,-0.0211267605633802,-0.1434859154929577,51472.5,51477.5,49334.16666666666,0.3330919788577319,0.3992989508103498,-0.0715648854961832,0.1145475372279496,0.0373134328358208,-0.0548351061246296,-0.0549269098149677,-0.0138680089863346,56800.0,42700.0,-0.1434859154929577,0.139344262295082,19327238.0,940270128700.0,13301785700.0,14921897407.5,0.0141467704800861,yfinance_download,131970.KQ
2021-09-17,48750.0,49450.0,47550.0,49450.0,48375.73828125,198614.0,0.0164439876670092,-0.1294014084507042,51305.0,51573.333333333336,49352.083333333336,0.3384219825176996,0.4003699460916965,-0.0634469696969697,0.131578947368421,0.0454545454545454,-0.036156320046779,-0.0411711478800413,0.0019840432268141,56800.0,42700.0,-0.1294014084507042,0.1580796252927401,19327238.0,955731919100.0,9821462300.0,14318949242.5,0.0102763778249121,yfinance_download,131970.KQ
2021-09-23,48850.0,51300.0,48700.0,50900.0,49794.23046875,371165.0,0.0293225480283114,-0.1038732394366197,51215.0,51691.66666666666,49382.5,0.3574489596858708,0.4041621990516884,-0.0341555977229601,0.1621004566210044,0.0772486772486773,-0.0061505418334472,-0.0153151700789939,0.0307295094416037,56800.0,42700.0,-0.1038732394366197,0.1920374707259953,19327238.0,983756414200.0,18892298500.0,14661885632.5,0.0192042442898462,yfinance_download,131970.KQ
2021-09-24,51000.0,51400.0,49500.0,49750.0,48669.22265625,230695.0,-0.0225933202357563,-0.1241197183098591,50962.5,51764.16666666666,49388.333333333336,0.3292690490162475,0.4012516337234851,-0.0921532846715328,0.0958149779735682,0.0142711518858307,-0.0237920039244542,-0.0389104431959044,0.0073229170181892,56800.0,42700.0,-0.1241197183098591,0.1651053864168619,19327238.0,961530090500.0,11477076250.0,13927370265.0,0.0119362632156752,yfinance_download,131970.KQ
2021-09-27,48150.0,48850.0,45000.0,46700.0,45685.4765625,1472659.0,-0.0613065326633165,-0.1778169014084507,50662.5,51795.833333333336,49367.083333333336,0.368273076299338,0.4205934603406159,-0.1138519924098672,0.0424107142857141,-0.0517766497461928,-0.078213668887244,-0.0983830745716354,-0.0540255399599935,56800.0,42700.0,-0.1778169014084507,0.0936768149882905,19327238.0,902582014600.0,68773175300.0,15427364670.0,0.0761960400135808,yfinance_download,131970.KQ
2021-09-28,45600.0,46400.0,45300.0,45850.0,44853.9453125,338544.0,-0.0182012847965739,-0.1927816901408451,50370.0,51792.5,49328.333333333336,0.3679149227751856,0.4186215323987067,-0.1131528046421663,-0.004343105320304,-0.092079207920792,-0.0897359539408377,-0.114736689675146,-0.0705139034361591,56800.0,42700.0,-0.1927816901408451,0.0737704918032786,19327238.0,886153862300.0,15522242400.0,15209298715.0,0.0175164190558423,yfinance_download,131970.KQ
2021-09-29,44100.0,45350.0,43900.0,44450.0,43484.35546875,371611.0,-0.0305343511450382,-0.2174295774647887,49997.5,51778.333333333336,49277.91666666666,0.3761875324282122,0.4220319284979397,-0.1435452793834296,-0.0187637969094922,-0.1198019801980198,-0.1109555477773889,-0.1415328161715003,-0.0979732300641768,56800.0,42700.0,-0.2174295774647887,0.0409836065573769,19327238.0,859095729100.0,16518108950.0,15455011467.5,0.0192273205307452,yfinance_download,131970.KQ
2021-09-30,44750.0,45250.0,44300.0,44650.0,43680.015625,147264.0,0.0044994375703037,-0.2139084507042253,49690.0,51768.333333333336,49234.16666666666,0.3747878020923045,0.4221240422828146,-0.1210629921259842,-0.0132596685082873,-0.1052104208416834,-0.101428858925337,-0.1375036219052832,-0.0931094598940437,56800.0,42700.0,-0.2139084507042253,0.0456674473067915,19327238.0,862961176700.0,6575337600.0,15071427727.5,0.0076195056945022,yfinance_download,131970.KQ
2021-10-01,44550.0,44550.0,42550.0,42700.0,41772.37890625,336664.0,-0.0436730123180291,-0.2482394366197182,49250.0,51650.833333333336,49177.5,0.389439940840008,0.3778658611280308,-0.1708737864077669,-0.1417085427135678,-0.1373737373737373,-0.132994923857868,-0.1732950420290089,-0.1317167403792385,56800.0,42700.0,-0.2482394366197182,0.0,19327238.0,825273062600.0,14375552800.0,15425011142.5,0.0174191470090035,yfinance_download,131970.KQ
2021-10-05,41800.0,42950.0,41400.0,41650.0,40745.18359375,271882.0,-0.0245901639344262,-0.266725352112676,48767.5,51498.333333333336,49111.25,0.3927289420548201,0.3773987235800728,-0.1881091617933723,-0.1801181102362204,-0.1602822580645161,-0.1459476085507766,-0.1912359623288779,-0.151925475323882,56800.0,41650.0,-0.266725352112676,0.0,19327238.0,804979462700.0,11323885300.0,15626506012.5,0.0140672971482008,yfinance_download,131970.KQ
2021-10-06,41400.0,42400.0,40000.0,40100.0,39228.85546875,249622.0,-0.0372148859543817,-0.2940140845070422,48177.5,51300.0,49030.41666666666,0.3951427360852125,0.379638363403555,-0.2273603082851637,-0.2288461538461538,-0.1947791164658634,-0.1676612526594364,-0.2183235867446393,-0.1821403380554587,56800.0,40100.0,-0.2940140845070422,0.0,19327238.0,775022243800.0,10009842200.0,15477365822.5,0.0129155547212695,yfinance_download,131970.KQ
2021-10-07,40350.0,41450.0,40000.0,41150.0,40256.046875,145103.0,0.0261845386533665,-0.2755281690140845,47625.0,51124.16666666666,48969.583333333336,0.4138679315405432,0.3846321653837941,-0.2116858237547892,-0.2040618955512572,-0.1506707946336429,-0.1359580052493438,-0.1950969045950219,-0.1596824559462932,56800.0,40100.0,-0.2755281690140845,0.0261845386533665,19327238.0,795315843700.0,5970988450.0,15301268475.0,0.0075076945810881,yfinance_download,131970.KQ
2021-10-08,41550.0,41550.0,39750.0,39900.0,39033.203125,238282.0,-0.0303766707168894,-0.2975352112676056,46935.0,50915.833333333336,48902.91666666666,0.3901660275424167,0.3868419031247112,-0.2569832402234636,-0.2385496183206107,-0.1670146137787056,-0.1498881431767338,-0.2163537864776837,-0.1840977446812135,56800.0,39900.0,-0.2975352112676056,0.0,19327238.0,771156796200.0,9507451800.0,14561273130.0,0.0123288180132101,yfinance_download,131970.KQ
2021-10-12,39750.0,40300.0,39350.0,39900.0,39033.203125,141797.0,0.0,-0.2975352112676056,46280.0,50704.16666666666,48830.0,0.3935229716186086,0.3865813584065181,-0.2471698113207546,-0.2414448669201521,-0.1798561151079136,-0.1378565254969749,-0.2130824225491001,-0.1828793774319066,56800.0,39900.0,-0.2975352112676056,0.0,19327238.0,771156796200.0,5657700300.0,14253801745.0,0.0073366406519131,yfinance_download,131970.KQ
2021-10-13,39900.0,40400.0,39700.0,40100.0,39228.85546875,102801.0,0.0050125313283209,-0.2940140845070422,45730.0,50477.5,48757.91666666666,0.3898706637206635,0.3835126551879913,-0.2152641878669275,-0.2532588454376163,-0.1774358974358973,-0.1231139295867045,-0.2055866475162201,-0.1775694545330245,56800.0,39900.0,-0.2940140845070422,0.0050125313283209,19327238.0,775022243800.0,4122320100.0,13518359370.0,0.0053189700463149,yfinance_download,131970.KQ
2021-10-14,40500.0,42900.0,40150.0,42550.0,41625.63671875,315555.0,0.0610972568578553,-0.2508802816901408,45382.5,50298.333333333336,48672.5,0.4600677449952856,0.4063614128567029,-0.1404040404040404,-0.2016885553470919,-0.1941287878787878,-0.0624139260728254,-0.154047516484973,-0.1257897169859777,56800.0,39900.0,-0.2508802816901408,0.0664160401002507,19327238.0,822373976900.0,13426865250.0,13205051107.5,0.0163269578405357,yfinance_download,131970.KQ
2021-10-15,42550.0,44300.0,42450.0,43700.0,42750.6484375,328616.0,0.0270270270270269,-0.2306338028169013,45052.5,50148.333333333336,48593.333333333336,0.4688974788087325,0.4107609068346603,-0.1312127236580517,-0.1707779886148007,-0.1785714285714286,-0.0300205316020198,-0.1285851972481638,-0.1006996844560297,56800.0,39900.0,-0.2306338028169013,0.0952380952380953,19327238.0,844600300600.0,14360519200.0,13492594577.5,0.0170027398638129,yfinance_download,131970.KQ
2021-10-18,43700.0,45000.0,43350.0,44400.0,43435.44140625,193715.0,0.0160183066361556,-0.2183098591549296,44800.0,50035.0,48519.16666666666,0.4738343952301496,0.4089973756627993,-0.102123356926188,-0.1328125,-0.1669793621013133,-0.0089285714285713,-0.1126211651843709,-0.0848977208319735,56800.0,39900.0,-0.2183098591549296,0.1127819548872179,19327238.0,858129367200.0,8600946000.0,13528594607.5,0.0100229013581764,yfinance_download,131970.KQ
2021-10-19,44550.0,44600.0,43600.0,44250.0,43288.703125,130335.0,-0.0033783783783783,-0.2209507042253521,44525.0,49915.833333333336,48449.583333333336,0.472105428738365,0.4088169133958771,-0.1105527638190955,-0.1391050583657587,-0.1587452471482889,-0.0061763054463784,-0.1135077380256766,-0.0866794520076712,56800.0,39900.0,-0.2209507042253521,0.1090225563909774,19327238.0,855230281500.0,5767323750.0,13441798532.5,0.0067435916088993,yfinance_download,131970.KQ
2021-10-20,44250.0,44250.0,42700.0,42750.0,41821.2890625,219583.0,-0.0338983050847457,-0.2473591549295775,44177.5,49783.333333333336,48366.66666666666,0.4823529088065051,0.4133305804655212,-0.1398390342052313,-0.1568047337278106,-0.1888045540796964,-0.0323128289287533,-0.141278875125544,-0.1161268090971743,56800.0,39900.0,-0.2473591549295775,0.0714285714285714,19327238.0,826239424500.0,9387173250.0,13669602770.0,0.0113613233303175,yfinance_download,131970.KQ
2021-10-21,42800.0,43150.0,42150.0,42500.0,41576.72265625,95265.0,-0.0058479532163743,-0.2517605633802817,43870.0,49662.5,48285.0,0.4794855130249215,0.4120106498882219,-0.1264131551901336,-0.1457286432160803,-0.1873804971319311,-0.0312286300433097,-0.1442235086836144,-0.1198094646370508,56800.0,39900.0,-0.2517605633802817,0.0651629072681705,19327238.0,821407615000.0,4048762500.0,13206951610.0,0.0049290540117527,yfinance_download,131970.KQ
2021-10-22,42100.0,42800.0,41750.0,42100.0,41185.41015625,129414.0,-0.0094117647058823,-0.2588028169014085,43502.5,49482.5,48210.833333333336,0.4719430574242333,0.3888543837540261,-0.1486349848331648,-0.2041587901701322,-0.1745098039215686,-0.0322395264639963,-0.1491941595513565,-0.1267522859661556,56800.0,39900.0,-0.2588028169014085,0.0551378446115289,19327238.0,813676719800.0,5448329400.0,12988294965.0,0.0066959386540384,yfinance_download,131970.KQ
2021-10-25,42000.0,42700.0,41350.0,42650.0,41723.46484375,84766.0,0.013064133016627,-0.2491197183098591,43090.0,49311.66666666666,48164.16666666666,0.4584102879314745,0.390276269006871,-0.162082514734774,-0.1937618147448014,-0.116062176165803,-0.0102111858899976,-0.135093115219522,-0.1144869110853503,56800.0,39900.0,-0.2491197183098591,0.068922305764411,19327238.0,824306700700.0,3615269900.0,12224443535.0,0.0043858310225185,yfinance_download,131970.KQ
2021-10-26,42650.0,43850.0,42650.0,43300.0,42359.33984375,116046.0,0.0152403282532238,-0.2376760563380281,42767.5,49153.333333333336,48120.41666666666,0.4625336725585193,0.3921126566081315,-0.1296482412060301,-0.1799242424242424,-0.1081359423274974,0.0124510434325129,-0.1190831411908314,-0.1001740425495067,56800.0,39900.0,-0.2376760563380281,0.0852130325814537,19327238.0,836869405400.0,5024791800.0,11901829312.5,0.0060042723124742,yfinance_download,131970.KQ
2021-10-27,43750.0,44300.0,42750.0,43800.0,42848.4765625,138856.0,0.0115473441108544,-0.2288732394366197,42622.5,49003.333333333336,48078.333333333336,0.4182417586121759,0.3932026741684988,-0.0620985010706638,-0.1704545454545454,-0.1033776867963152,0.0276262537392222,-0.1061832528399429,-0.0889867230561237,56800.0,39900.0,-0.2288732394366197,0.0977443609022556,19327238.0,846533024400.0,6081892800.0,8767265187.5,0.0071844719871509,yfinance_download,131970.KQ
2021-10-28,44150.0,45950.0,43400.0,45500.0,44511.546875,347472.0,0.0388127853881279,-0.198943661971831,42605.0,48898.333333333336,48066.25,0.4389759321917065,0.4008221712672326,-0.0076335877862595,-0.1216216216216216,-0.0308839190628328,0.0679497711536205,-0.0694979378983605,-0.0533898525472654,56800.0,39900.0,-0.198943661971831,0.1403508771929824,19327238.0,879389329000.0,15809976000.0,8781651867.5,0.0179783577974255,yfinance_download,131970.KQ
2021-10-29,45500.0,45950.0,44750.0,45550.0,44560.4609375,175790.0,0.001098901098901,-0.1980633802816901,42660.0,48790.833333333336,48054.583333333336,0.4239152328936555,0.4006941614075144,0.0247469066366703,-0.1240384615384615,-0.0298189563365282,0.0677449601500235,-0.0664229961229057,-0.052119551551621,56800.0,39900.0,-0.1980633802816901,0.1416040100250626,19327238.0,880355690900.0,8007234500.0,8356108145.0,0.0090954537839291,yfinance_download,131970.KQ
2021-11-01,46000.0,46100.0,44700.0,44750.0,43777.83984375,136217.0,-0.0175631174533479,-0.2121478873239436,42665.0,48688.333333333336,48042.083333333336,0.4290889397922379,0.4000239040281276,0.0022396416573349,-0.1208251473477406,-0.0324324324324324,0.0488690964490801,-0.0808886454660596,-0.0685249911102245,56800.0,39900.0,-0.2121478873239436,0.1215538847117794,19327238.0,864893900500.0,6095710750.0,8332126802.5,0.0070479289384235,yfinance_download,131970.KQ
2021-11-02,44800.0,45950.0,44800.0,45500.0,44511.546875,107831.0,0.0167597765363127,-0.198943661971831,42805.0,48561.66666666666,48033.333333333336,0.3992371695966272,0.3908654146684371,0.0655737704918033,-0.1431261770244821,-0.0225563909774436,0.062959934587081,-0.0630469849332463,-0.0527411519777932,56800.0,39900.0,-0.198943661971831,0.1403508771929824,19327238.0,879389329000.0,4906310500.0,7858664687.5,0.005579224512059,yfinance_download,131970.KQ
2021-11-03,45950.0,45950.0,44500.0,44500.0,43533.26953125,75892.0,-0.021978021978022,-0.2165492957746478,42947.5,48371.66666666666,48008.75,0.3969022028929925,0.3756527588661014,0.0684273709483793,-0.2039355992844365,-0.0621707060063224,0.0361487863088654,-0.0800399683010025,-0.0730856354310411,56800.0,39900.0,-0.2165492957746478,0.1152882205513785,19327238.0,860062091000.0,3377194000.0,7461330122.5,0.0039266862652594,yfinance_download,131970.KQ
2021-11-04,45000.0,45250.0,43550.0,43900.0,42946.296875,98730.0,-0.0134831460674157,-0.227112676056338,43137.5,48170.0,47993.75,0.3727303478232729,0.3760349230132288,0.0947630922693267,-0.2160714285714285,-0.0393873085339168,0.0176760359316139,-0.0886443844716629,-0.0852975647870816,56800.0,39900.0,-0.227112676056338,0.100250626566416,19327238.0,848465748200.0,4334247000.0,7177550362.5,0.0051083346725486,yfinance_download,131970.KQ
2021-11-05,44500.0,46500.0,44300.0,45550.0,44560.4609375,248574.0,0.0375854214123005,-0.1980633802816901,43357.5,48007.5,48003.75,0.3834500912540213,0.3849728413050975,0.1069258809234507,-0.1763110307414105,0.0270574971815107,0.0505679524880355,-0.0511899182419414,-0.0511157982449287,56800.0,39900.0,-0.1980633802816901,0.1416040100250626,19327238.0,880355690900.0,11322545700.0,7445128225.0,0.0128613307292019,yfinance_download,131970.KQ
2021-11-08,45700.0,45700.0,44350.0,45300.0,44315.890625,129087.0,-0.0054884742041712,-0.2024647887323943,43627.5,47844.16666666666,48014.16666666666,0.3622726179972053,0.3850060534743216,0.1353383458646617,-0.1778584392014519,0.0283768444948921,0.0383359119821213,-0.0531761099402573,-0.0565284551434471,56800.0,39900.0,-0.2024647887323943,0.1353383458646617,19327238.0,875523881400.0,5847641100.0,7262137690.0,0.0066790195267425,yfinance_download,131970.KQ
2021-11-09,44950.0,45650.0,44500.0,44600.0,43631.09765625,89511.0,-0.0154525386313465,-0.2147887323943662,43862.5,47657.5,48005.833333333336,0.3700808314990955,0.3844342146449136,0.1177944862155389,-0.2007168458781362,-0.0219298245614034,0.0168139070960386,-0.0641556942768714,-0.0709462391723229,56800.0,39900.0,-0.2147887323943662,0.1177944862155389,19327238.0,861994814800.0,3992190600.0,7178862205.0,0.0046313394598855,yfinance_download,131970.KQ
2021-11-10,44250.0,44400.0,41350.0,41500.0,40598.4453125,391778.0,-0.069506726457399,-0.2693661971830986,43932.5,47415.833333333336,47977.5,0.4566848600274015,0.4072379149727077,0.0349127182044888,-0.2589285714285714,-0.0757238307349665,-0.0553690320377852,-0.1247649343573701,-0.1350112031681517,56800.0,39900.0,-0.2693661971830986,0.0401002506265664,19327238.0,802080377000.0,16258787000.0,7785685550.0,0.0202707701948928,yfinance_download,131970.KQ
2021-11-11,40850.0,41300.0,39850.0,40400.0,39522.33984375,316796.0,-0.0265060240963855,-0.2887323943661971,43825.0,47187.5,47935.833333333336,0.4101079449577951,0.4052382924084639,-0.0505287896592244,-0.2532347504621072,-0.1101321585903083,-0.0781517398745008,-0.143841059602649,-0.1572066825443736,56800.0,39900.0,-0.2887323943661971,0.0125313283208019,19327238.0,780820415200.0,12798558400.0,7754270207.5,0.0163911677395394,yfinance_download,131970.KQ
2021-11-12,40450.0,42650.0,40300.0,41950.0,41038.671875,232076.0,0.0383663366336632,-0.261443661971831,43737.5,46966.66666666666,47898.333333333336,0.4226349424000113,0.4115998816451813,-0.040045766590389,-0.2400362318840579,-0.0968783638320774,-0.0408688196627607,-0.1068133427963093,-0.1241866453251679,56800.0,39900.0,-0.261443661971831,0.0513784461152881,19327238.0,810777634100.0,9735588200.0,7523023657.5,0.0120077167777413,yfinance_download,131970.KQ
2021-11-15,42900.0,47150.0,42900.0,45900.0,44902.85546875,668752.0,0.0941597139451728,-0.1919014084507042,43812.5,46843.333333333336,47900.0,0.5406344938020555,0.4535352075622464,0.0337837837837837,-0.1388367729831144,0.0043763676148795,0.0476462196861626,-0.0201380488151996,-0.0417536534446764,56800.0,39900.0,-0.1919014084507042,0.150375939849624,19327238.0,887120224200.0,30695716800.0,8627762197.5,0.0346015297167655,yfinance_download,131970.KQ
2021-11-16,45250.0,47850.0,45200.0,46650.0,45636.5625,529326.0,0.0163398692810456,-0.1786971830985915,43932.5,46754.16666666666,47921.25,0.5424608027246937,0.452661513473087,0.0542372881355932,-0.1028846153846153,0.0578231292517006,0.0618562567575258,-0.0022279654219765,-0.0265278973315595,56800.0,39900.0,-0.1786971830985915,0.169172932330827,19327238.0,901615652700.0,24693057900.0,9574048905.0,0.0273875656728602,yfinance_download,131970.KQ
2021-11-17,47150.0,47550.0,46200.0,46650.0,45636.5625,217378.0,0.0,-0.1786971830985915,44127.5,46655.0,47941.66666666666,0.5247769906192786,0.4518686982124117,0.0912280701754386,-0.1131178707224335,0.0554298642533936,0.0571639000623194,-0.0001071696495552,-0.0269424648009733,56800.0,39900.0,-0.1786971830985915,0.169172932330827,19327238.0,901615652700.0,10140683700.0,9611724427.5,0.0112472356370837,yfinance_download,131970.KQ
2021-11-18,46500.0,46550.0,45150.0,45950.0,44951.7734375,182108.0,-0.015005359056806,-0.1910211267605633,44300.0,46547.5,47955.0,0.5282566751974451,0.452684191304889,0.0811764705882351,-0.1230916030534351,0.036076662908681,0.0372460496613995,-0.0128363499650894,-0.0418100302366801,56800.0,39900.0,-0.1910211267605633,0.1516290726817042,19327238.0,888086586100.0,8367862600.0,9827679432.5,0.0094223499498479,yfinance_download,131970.KQ
2021-11-19,46000.0,48250.0,45950.0,48250.0,47201.8046875,384024.0,0.0500544069640913,-0.1505281690140845,44607.5,46471.66666666666,47985.833333333336,0.5493440851827713,0.4646456470062265,0.1460807600950118,-0.0861742424242424,0.0830527497194164,0.0816566720842908,0.0382670444356776,0.0055050969904311,56800.0,39900.0,-0.1505281690140845,0.2092731829573935,19327238.0,932539233500.0,18529158000.0,10481720862.5,0.0198695747421333,yfinance_download,131970.KQ
2021-11-22,50000.0,52000.0,49800.0,50400.0,49305.09375,947637.0,0.044559585492228,-0.1126760563380281,44995.0,46433.333333333336,48030.833333333336,0.564807848916334,0.4739586224520306,0.1817116060961312,-0.0436432637571158,0.1200000000000001,0.1201244582731415,0.085427135678392,0.0493259538143899,56800.0,39900.0,-0.1126760563380281,0.263157894736842,19327238.0,974092795200.0,47760904800.0,12689002607.5,0.0490311652394408,yfinance_download,131970.KQ
2021-11-23,50400.0,50600.0,49050.0,49650.0,48571.39453125,297973.0,-0.0148809523809523,-0.1258802816901408,45312.5,46347.5,48072.083333333336,0.5704694395487052,0.4673791334797934,0.1466512702078521,-0.0939781021897809,0.1107382550335569,0.0957241379310345,0.0712551917579158,0.0328239709464086,56800.0,39900.0,-0.1258802816901408,0.244360902255639,19327238.0,959597366700.0,14794359450.0,13177480990.0,0.0154172572407914,yfinance_download,131970.KQ
2021-11-24,49900.0,51400.0,46700.0,47500.0,46468.09765625,482416.0,-0.0433031218529708,-0.1637323943661971,45497.5,46260.833333333336,48092.5,0.5978397701065454,0.4691763336741488,0.0844748858447488,-0.0986717267552181,0.0543840177580465,0.044013407330073,0.0267865184731503,-0.0123200083173051,56800.0,39900.0,-0.1637323943661971,0.1904761904761904,19327238.0,918043805000.0,22914760000.0,14019124350.0,0.0249604211424312,yfinance_download,131970.KQ
2021-11-25,47500.0,48100.0,46000.0,46200.0,45196.33984375,267740.0,-0.0273684210526315,-0.1866197183098591,45532.5,46169.16666666666,48100.0,0.5939387833778099,0.4708389690547691,0.0153846153846153,-0.1063829787234043,0.0198675496688742,0.0146598583429418,0.000667833871812,-0.0395010395010394,56800.0,39900.0,-0.1866197183098591,0.1578947368421053,19327238.0,892918395600.0,12369588000.0,13847104950.0,0.0138529882024529,yfinance_download,131970.KQ
2021-11-26,46250.0,46850.0,44050.0,44150.0,43190.875,322917.0,-0.0443722943722943,-0.2227112676056337,45462.5,46040.0,48078.75,0.6157937954561402,0.478826293180226,-0.0307354555433589,-0.1493256262042389,-0.0546038543897215,-0.0288699477591422,-0.0410512597741095,-0.0817148948339963,56800.0,39900.0,-0.2227112676056337,0.1065162907268171,19327238.0,853297557700.0,14256785550.0,14159582502.5,0.0167078710367203,yfinance_download,131970.KQ
2021-11-29,42450.0,44500.0,42400.0,43500.0,42554.99609375,247834.0,-0.014722536806342,-0.2341549295774647,45400.0,45918.333333333336,48053.75,0.6148533515779908,0.4779152633456509,-0.0279329608938547,-0.1437007874015747,-0.0645161290322581,-0.0418502202643171,-0.0526659649377518,-0.0947636760918763,56800.0,39900.0,-0.2341549295774647,0.0902255639097744,19327238.0,840734853000.0,10780779000.0,14393835915.0,0.0128230427958718,yfinance_download,131970.KQ
2021-11-30,44700.0,45150.0,42200.0,42500.0,41576.72265625,228819.0,-0.0229885057471264,-0.2517605633802817,45250.0,45768.333333333336,48022.5,0.6160598719173431,0.478624144640082,-0.0659340659340659,-0.1747572815533981,-0.081081081081081,-0.0607734806629833,-0.0714103637886457,-0.1149981779374251,56800.0,39900.0,-0.2517605633802817,0.0651629072681705,19327238.0,821407615000.0,9724807500.0,14634760765.0,0.0118391981306382,yfinance_download,131970.KQ
2021-12-01,42900.0,49300.0,42100.0,48450.0,47397.4609375,977598.0,0.1399999999999999,-0.1470070422535211,45447.5,45720.833333333336,48044.583333333336,0.7920107166953584,0.5609284218768391,0.0887640449438202,-0.0555555555555555,0.0578602620087336,0.0660652401122174,0.0596919712020413,0.0084383428586294,56800.0,39900.0,-0.1470070422535211,0.2142857142857142,19327238.0,936404681100.0,47364623100.0,16834132220.0,0.050581360875258,yfinance_download,131970.KQ
2021-12-02,47650.0,51500.0,47600.0,50000.0,48913.78515625,1137473.0,0.0319917440660475,-0.1197183098591548,45752.5,45689.16666666666,48082.5,0.7940779095574892,0.5643225168867188,0.1389521640091116,-0.0366088631984585,0.1001100110011001,0.0928364570242064,0.0943513232531416,0.0398793739926168,56800.0,39900.0,-0.1197183098591548,0.2531328320802004,19327238.0,966361900000.0,56873650000.0,19461102370.0,0.0588533653903366,yfinance_download,131970.KQ
2021-12-03,49550.0,51000.0,49300.0,50100.0,49011.6171875,385574.0,0.002,-0.1179577464788732,45980.0,45654.16666666666,48117.5,0.7863076068763596,0.5642098484598613,0.0998902305159166,-0.0402298850574712,0.0915032679738561,0.0896041757285777,0.0973806698913937,0.0412012261651166,56800.0,39900.0,-0.1179577464788732,0.255639097744361,19327238.0,968294623800.0,19317257400.0,19860837955.0,0.0199497724403248,yfinance_download,131970.KQ
2021-12-06,49300.0,50900.0,49200.0,49550.0,48473.56640625,326876.0,-0.0109780439121756,-0.1276408450704225,46192.5,45585.0,48151.66666666666,0.7876019477863252,0.5614104193796456,0.0938189845474612,-0.0772811918063314,0.0902090209020902,0.0726849596796017,0.0869803663485795,0.029040185524904,56800.0,39900.0,-0.1276408450704225,0.2418546365914786,19327238.0,957664642900.0,16196705800.0,20378291190.0,0.0169127114800366,yfinance_download,131970.KQ
2021-12-07,49900.0,50700.0,48600.0,50500.0,49402.921875,338570.0,0.0191725529767912,-0.1109154929577465,46487.5,45543.333333333336,48199.16666666666,0.7849005653661988,0.5622773703716408,0.1322869955156951,-0.0471698113207547,0.1272321428571428,0.086313525141167,0.1088340774354095,0.047735956707412,56800.0,39900.0,-0.1109154929577465,0.2656641604010026,19327238.0,976025519000.0,17097785000.0,21033570910.0,0.0175177643075539,yfinance_download,131970.KQ
2021-12-08,51600.0,51800.0,49150.0,49350.0,48277.91015625,389053.0,-0.0227722772277227,-0.1311619718309858,46880.0,45514.16666666666,48236.25,0.7404790225168276,0.5593677097523438,0.189156626506024,-0.0342465753424657,0.099109131403118,0.0526877133105803,0.0842777889668051,0.0230894814584468,56800.0,39900.0,-0.1311619718309858,0.2368421052631579,19327238.0,953799195300.0,19199765550.0,21180619837.5,0.020129777467427,yfinance_download,131970.KQ
2021-12-09,49350.0,49700.0,48500.0,48800.0,47739.859375,242239.0,-0.011144883485309,-0.1408450704225352,47300.0,45502.5,48272.91666666666,0.7324851316705143,0.5560610959251088,0.2079207920792078,-0.0141414141414141,0.0990990990990992,0.0317124735729386,0.072468545684303,0.0109188209399682,56800.0,39900.0,-0.1408450704225352,0.2230576441102756,19327238.0,943169214400.0,11821263200.0,21131755077.5,0.0125335549756255,yfinance_download,131970.KQ
2021-12-10,48150.0,48500.0,46650.0,46900.0,45881.13671875,317914.0,-0.0389344262295081,-0.1742957746478873,47547.5,45445.833333333336,48292.5,0.7447100706687445,0.5608134464421668,0.1179976162097735,-0.0675944333996023,0.0527497194163861,-0.013617960986382,0.0319977995782525,-0.028834705181964,56800.0,39900.0,-0.1742957746478873,0.1754385964912281,19327238.0,906447462200.0,14910166600.0,21390483997.5,0.0164490135631381,yfinance_download,131970.KQ
2021-12-13,47250.0,48250.0,47100.0,47650.0,46614.83984375,158896.0,0.0159914712153517,-0.1610915492957746,47635.0,45415.833333333336,48313.333333333336,0.6708249521695573,0.5607734558115293,0.0381263616557734,-0.0364004044489383,0.0553709856035438,0.000314894510339,0.0491935631846456,-0.0137298192355458,56800.0,39900.0,-0.1610915492957746,0.1942355889724309,19327238.0,920942890700.0,7571394400.0,20234267877.5,0.0082213506140918,yfinance_download,131970.KQ
2021-12-14,47650.0,47650.0,46600.0,47050.0,46027.87109375,121744.0,-0.0125918153200419,-0.1716549295774647,47655.0,45370.833333333336,48335.833333333336,0.6708733555249285,0.5612120222431313,0.0085744908896034,-0.0542713567839195,0.060879368658399,-0.0126954149617039,0.0370098264303424,-0.0266020723066048,56800.0,39900.0,-0.1716549295774647,0.1791979949874687,19327238.0,909346547900.0,5728055200.0,19286017742.5,0.0062990893991164,yfinance_download,131970.KQ
2021-12-15,46550.0,47150.0,46350.0,47000.0,45978.9609375,78030.0,-0.0010626992561104,-0.1725352112676056,47672.5,45325.833333333336,48360.0,0.6709099140535266,0.561212330624417,0.007502679528403,-0.0543259557344064,0.0657596371882085,-0.0141066652682364,0.0369362578367744,-0.0281224152191894,56800.0,39900.0,-0.1725352112676056,0.1779448621553885,19327238.0,908380186000.0,3667410000.0,18962354057.5,0.0040373073483132,yfinance_download,131970.KQ
2021-12-16,47900.0,48600.0,47400.0,47900.0,46859.41015625,189187.0,0.0191489361702128,-0.1566901408450703,47770.0,45313.333333333336,48395.41666666666,0.6709340247527111,0.5609079422815461,0.0424374319912947,-0.0154162384378211,0.0973654066437572,0.0027213732468076,0.0570840076504339,-0.010236850941463,56800.0,39900.0,-0.1566901408450703,0.200501253132832,19327238.0,925774700200.0,9062057300.0,18997063792.5,0.0097886205985562,yfinance_download,131970.KQ
2021-12-17,47050.0,47500.0,46500.0,47350.0,46321.35546875,179605.0,-0.011482254697286,-0.1663732394366197,47725.0,45278.333333333336,48425.833333333336,0.6487504564691461,0.560402857160034,-0.0186528497409326,-0.0424671385237613,0.0835240274599542,-0.0078575170246202,0.045754039827732,-0.0222161036636782,56800.0,39900.0,-0.1663732394366197,0.1867167919799499,19327238.0,915144719300.0,8504296750.0,18495820730.0,0.0092928436023812,yfinance_download,131970.KQ
2021-12-20,46900.0,47950.0,46200.0,46200.0,45196.33984375,146324.0,-0.02428722280887,-0.1866197183098591,47515.0,45200.0,48445.833333333336,0.6315705181541412,0.5591387259709497,-0.0833333333333333,-0.0923379174852652,0.0547945205479452,-0.027675470903925,0.0221238938053096,-0.0463576158940397,56800.0,39900.0,-0.1866197183098591,0.1578947368421053,19327238.0,892918395600.0,6760168800.0,16445783930.0,0.0075708696710828,yfinance_download,131970.KQ
2021-12-21,46850.0,48050.0,46300.0,47950.0,46908.32421875,204348.0,0.0378787878787878,-0.1558098591549296,47430.0,45170.0,48467.083333333336,0.6466896772308266,0.5628947199805374,-0.0342396777442094,-0.036180904522613,0.0561674008810573,0.0109635251950241,0.0615452734115562,-0.0106687528477231,56800.0,39900.0,-0.1558098591549296,0.2017543859649122,19327238.0,926741062100.0,9798486600.0,16195990287.5,0.0105730575677704,yfinance_download,131970.KQ
2021-12-22,48700.0,48800.0,47400.0,47400.0,46370.26953125,123563.0,-0.0114702815432742,-0.1654929577464788,47425.0,45181.66666666666,48488.75,0.6286867356387519,0.5488053640915004,-0.0021052631578947,0.0149892933618842,0.0580357142857141,-0.000527148128624,0.0490980855066582,-0.0224536619318914,56800.0,39900.0,-0.1654929577464788,0.1879699248120301,19327238.0,916111081200.0,5856886200.0,15343096597.5,0.0063932052784779,yfinance_download,131970.KQ
2021-12-23,47650.0,50000.0,47650.0,49600.0,48522.48046875,376617.0,0.0464135021097047,-0.1267605633802817,47595.0,45244.16666666666,48518.333333333336,0.6396084954188578,0.5551793474665041,0.0735930735930736,0.0817884405670665,0.0770901194353963,0.042126273768253,0.0962739211316376,0.0222939782212909,56800.0,39900.0,-0.1267605633802817,0.2431077694235588,19327238.0,958631004800.0,18680203200.0,15658627357.5,0.0194863332256787,yfinance_download,131970.KQ
2021-12-24,50500.0,51000.0,48500.0,48950.0,47886.60546875,357470.0,-0.0131048387096773,-0.1382042253521126,47835.0,45319.16666666666,48548.75,0.6172980454003055,0.5519705530858309,0.1087202718006794,0.1012373453318336,0.0805739514348786,0.0233092923591513,0.0801169483110531,0.0082648883853857,56800.0,39900.0,-0.1382042253521126,0.2268170426065163,19327238.0,946068300100.0,17498156500.0,15820695905.0,0.0184956588209862,yfinance_download,131970.KQ
2021-12-27,49150.0,49800.0,48700.0,49250.0,48180.078125,183679.0,0.0061287027579162,-0.1329225352112676,48122.5,45395.833333333336,48582.083333333336,0.612498689279808,0.5520098118713189,0.132183908045977,0.103023516237402,0.0883977900552486,0.0234297885604446,0.0849013308857273,0.0137482096451879,56800.0,39900.0,-0.1329225352112676,0.2343358395989974,19327238.0,951866471500.0,9046190750.0,15733966492.5,0.0095036341974988,yfinance_download,131970.KQ
2021-12-28,49800.0,50700.0,49250.0,50500.0,49402.921875,285374.0,0.0253807106598984,-0.1109154929577465,48522.5,45525.833333333336,48588.333333333336,0.6052194475647614,0.545595525318536,0.188235294117647,0.1826697892271662,0.015075376884422,0.0407542892472563,0.1092603100803573,0.039344149830206,56800.0,39900.0,-0.1109154929577465,0.2656641604010026,19327238.0,976025519000.0,14411387000.0,15968295467.5,0.0147653793056203,yfinance_download,131970.KQ
2021-12-29,50100.0,50300.0,48550.0,49600.0,48676.70703125,250083.0,-0.0178217821782178,-0.1267605633802817,48580.0,45658.333333333336,48578.333333333336,0.3647183179981786,0.5442890784280703,0.0237358101135189,0.190876350540216,-0.0236220472440944,0.0209962947715109,0.086329622193831,0.021031323978454,56800.0,39900.0,-0.1267605633802817,0.2431077694235588,19327238.0,958631004800.0,12404116800.0,14220270152.5,0.0129394070689252,yfinance_download,131970.KQ
2021-12-30,49600.0,50200.0,48800.0,49950.0,49020.19140625,171772.0,0.0070564516129032,-0.1205985915492957,48577.5,45822.5,48561.25,0.3473242982545276,0.5376740087857521,-0.001,0.2456359102244389,-0.0394230769230768,0.0282538212135248,0.0900758361067162,0.0285979047079718,56800.0,39900.0,-0.1205985915492957,0.2518796992481202,19327238.0,965395538100.0,8580011400.0,11805588222.5,0.0088875606540365,yfinance_download,131970.KQ
2022-01-04,51600.0,51700.0,49100.0,49650.0,48725.7734375,348998.0,-0.0060060060060059,-0.1258802816901408,48555.0,45964.16666666666,48544.16666666666,0.3479287615213453,0.5361010025849186,-0.0089820359281437,0.2065613608748482,-0.039651837524178,0.0225517454433117,0.0801892778795076,0.0227799426638972,56800.0,39900.0,-0.1258802816901408,0.244360902255639,19327238.0,959597366700.0,17327750700.0,11706112887.5,0.0180573137248064,yfinance_download,131970.KQ
2022-01-05,49200.0,49250.0,46950.0,47250.0,46370.44921875,374034.0,-0.0483383685800604,-0.1681338028169013,48440.0,46086.66666666666,48501.25,0.3863919726446326,0.542203460424432,-0.0464177598385469,0.1842105263157893,-0.0982824427480916,-0.0245664739884392,0.0252422971213654,-0.0257983041674183,56800.0,39900.0,-0.1681338028169013,0.1842105263157893,19327238.0,913211995500.0,17673106500.0,11779932922.5,0.0193526876421762,yfinance_download,131970.KQ
2022-01-06,46100.0,47450.0,45900.0,46000.0,45143.71484375,253879.0,-0.0264550264550265,-0.1901408450704225,48215.0,46188.333333333336,48446.25,0.3870308602191638,0.5456076576817094,-0.089108910891089,0.1528822055137844,-0.1254752851711026,-0.045940060147257,-0.004077508750406,-0.0504941042908377,56800.0,39900.0,-0.1901408450704225,0.1528822055137844,19327238.0,889052948000.0,11678434000.0,11508965372.5,0.0131358138188188,yfinance_download,131970.KQ
2022-01-07,46800.0,47400.0,46400.0,47100.0,46223.2421875,116138.0,0.0239130434782608,-0.170774647887324,48102.5,46305.0,48391.25,0.3930269459509656,0.547286914512881,-0.0455927051671732,0.1745635910224439,-0.1229050279329608,-0.0208409126344784,0.0171687722708131,-0.0266835429958928,56800.0,39900.0,-0.170774647887324,0.1804511278195488,19327238.0,910312909800.0,5470099800.0,10822482085.0,0.0060090324339152,yfinance_download,131970.KQ
2022-01-10,47050.0,47050.0,45350.0,45650.0,44800.23046875,206218.0,-0.0307855626326963,-0.1963028169014085,47945.0,46356.66666666666,48327.5,0.4050612539162851,0.5381261447298463,-0.0645491803278688,0.072855464159812,-0.1435272045028143,-0.04786734800292,-0.0152441216653483,-0.0554032383218664,56500.0,39900.0,-0.1920353982300885,0.1441102756892229,19327238.0,882288414700.0,9413851700.0,10702111510.0,0.0106698122101047,yfinance_download,131970.KQ
2022-01-11,46000.0,46300.0,45200.0,45650.0,44800.23046875,134985.0,0.0,-0.1963028169014085,47882.5,46389.16666666666,48268.75,0.3822098379703056,0.5355421354128989,-0.0266524520255863,0.0446224256292906,-0.1337760910815939,-0.0466245496789015,-0.0159340363231357,-0.0542535284215978,56500.0,39900.0,-0.1920353982300885,0.1441102756892229,19327238.0,882288414700.0,6162065250.0,10264706442.5,0.0069841847034739,yfinance_download,131970.KQ
2022-01-12,46750.0,47550.0,46100.0,47500.0,46615.7890625,201261.0,0.0405257393209199,-0.1637323943661971,47875.0,46440.833333333336,48237.91666666666,0.40592538537139,0.5407543072392501,-0.0031479538300105,0.0698198198198198,-0.072265625,-0.0078328981723237,0.0228067971792065,-0.0152974406371197,56500.0,39900.0,-0.1592920353982301,0.1904761904761904,19327238.0,918043805000.0,9559897500.0,10364131597.5,0.0104133347972431,yfinance_download,131970.KQ
2022-01-13,47300.0,48700.0,46400.0,48350.0,47449.97265625,236793.0,0.0178947368421051,-0.1487676056338028,47940.0,46509.16666666666,48212.5,0.4076522571917464,0.541661048251424,0.0276301806588734,0.0926553672316383,-0.0593385214007782,0.0085523571130579,0.0395800111089212,0.0028519574799066,56500.0,39900.0,-0.1442477876106195,0.2117794486215538,19327238.0,934471957300.0,11448941550.0,10650175915.0,0.0122517764824958,yfinance_download,131970.KQ
2022-01-14,47350.0,48300.0,46800.0,47800.0,46910.20703125,196759.0,-0.0113753877973112,-0.1584507042253521,47980.0,46593.333333333336,48188.333333333336,0.4102068675453566,0.5372279089744005,0.0170212765957447,0.1181286549707603,-0.0571992110453648,-0.003751563151313,0.0258978394620117,-0.0080586587348252,56500.0,39900.0,-0.1539823008849558,0.1979949874686717,19327238.0,923841976400.0,9405080200.0,10937059425.0,0.0101803992893345,yfinance_download,131970.KQ
2022-01-17,47700.0,49500.0,47400.0,48150.0,47253.6953125,318105.0,0.0073221757322174,-0.1522887323943662,47992.5,46687.5,48175.0,0.4054488703542385,0.5370412283060436,0.0052192066805845,0.1329411764705883,-0.0321608040201004,0.0032817627754335,0.0313253012048193,-0.0005189413596263,56500.0,39900.0,-0.147787610619469,0.2067669172932331,19327238.0,930606509700.0,15316755750.0,11249794347.5,0.0164588959891734,yfinance_download,131970.KQ
2022-01-18,48200.0,49500.0,46950.0,47100.0,46223.2421875,318466.0,-0.0218068535825545,-0.170774647887324,47980.0,46770.833333333336,48126.66666666666,0.411135659630378,0.538826061010931,-0.0052798310454065,0.1187648456057006,-0.109640831758034,-0.0183409754064193,0.0070378619153674,-0.0213325945421802,56500.0,39900.0,-0.1663716814159291,0.1804511278195488,19327238.0,910312909800.0,14999748600.0,11574566940.0,0.0164775742917844,yfinance_download,131970.KQ
2022-01-19,46850.0,47850.0,45950.0,47250.0,46370.44921875,260649.0,0.0031847133757962,-0.1681338028169013,48032.5,46847.5,48079.583333333336,0.4010041372252658,0.5383729173113563,0.0227272727272727,0.1078546307151231,-0.1068052930056711,-0.01629105293291,0.0085917071348524,-0.0172543785910513,56500.0,39900.0,-0.163716814159292,0.1842105263157893,19327238.0,913211995500.0,12315665250.0,11852341762.5,0.0134860966683392,yfinance_download,131970.KQ
2022-01-20,47050.0,47650.0,46100.0,47600.0,46713.9296875,210019.0,0.0074074074074073,-0.1619718309859155,48015.0,46919.16666666666,48036.25,0.3782056525139797,0.5378051966801917,-0.0072992700729926,0.0993071593533487,-0.0984848484848485,-0.0086431323544725,0.0145107720725361,-0.0090816831039058,56500.0,39900.0,-0.1575221238938052,0.1929824561403508,19327238.0,919976528800.0,9996904400.0,11862262652.5,0.0108664776622505,yfinance_download,131970.KQ
2022-01-21,46950.0,47250.0,45300.0,45950.0,45094.64453125,308744.0,-0.0346638655462184,-0.1910211267605633,47942.5,46955.0,47979.16666666666,0.395998718700121,0.5426646889435922,-0.030590717299578,0.0490867579908675,-0.1297348484848485,-0.0415602023257026,-0.0214034714087956,-0.0422926617455492,56500.0,39900.0,-0.1867256637168142,0.1516290726817042,19327238.0,888086586100.0,14186786800.0,12278757682.5,0.0159745536325469,yfinance_download,131970.KQ
2022-01-24,45350.0,46300.0,45050.0,45750.0,44898.3671875,144012.0,-0.0043525571273123,-0.1945422535211267,47750.0,46959.16666666666,47928.75,0.3536854735703125,0.5371215191967141,-0.0776209677419355,0.0054945054945054,-0.1167953667953668,-0.0418848167539267,-0.0257493212187893,-0.0454581018699632,56500.0,39900.0,-0.1902654867256636,0.1466165413533835,19327238.0,884221138500.0,6588549000.0,11674174972.5,0.0074512457496513,yfinance_download,131970.KQ
2022-01-25,45850.0,47000.0,45650.0,45850.0,44996.5078125,299714.0,0.0021857923497268,-0.1927816901408451,47595.0,46964.16666666666,47877.5,0.3525097992853897,0.5371301211784755,-0.0633299284984678,0.0065861690450055,-0.1182692307692308,-0.0366635150751128,-0.0237237610234752,-0.0423476580857397,56500.0,39900.0,-0.1884955752212389,0.1491228070175438,19327238.0,886153862300.0,13741886900.0,11486361492.5,0.0155073373650182,yfinance_download,131970.KQ
2022-01-26,45900.0,47300.0,45550.0,45750.0,44898.3671875,195911.0,-0.0021810250817884,-0.1945422535211267,47420.0,46980.833333333336,47834.583333333336,0.3508765061411308,0.5358250850717694,-0.0710659898477157,0.0223463687150837,-0.1011787819253438,-0.0352172079291438,-0.0261986270997037,-0.0435790005487661,56500.0,39900.0,-0.1902654867256636,0.1466165413533835,19327238.0,884221138500.0,8962928250.0,11482198367.5,0.0101365233873562,yfinance_download,131970.KQ
2022-01-27,46000.0,46750.0,44350.0,44750.0,43916.98046875,264947.0,-0.0218579234972677,-0.2121478873239436,47132.5,46968.333333333336,47765.0,0.3392779867407414,0.5367907305918469,-0.1138613861386138,-0.0164835164835165,-0.1572504708097928,-0.0505489842465389,-0.0472304034633264,-0.0631215325028786,56200.0,39900.0,-0.2037366548042705,0.1215538847117794,19327238.0,864893900500.0,11856378250.0,11354447930.0,0.0137084771243568,yfinance_download,131970.KQ
2022-01-28,44800.0,47200.0,44050.0,46300.0,45438.1328125,332482.0,0.0346368715083797,-0.1848591549295775,46967.5,46998.333333333336,47685.0,0.3647816193412124,0.5393024701940432,-0.0665322580645161,0.0404494382022471,-0.1717352415026833,-0.014211955075318,-0.0148586829320188,-0.0290447729894096,56200.0,39900.0,-0.1761565836298932,0.1604010025062656,19327238.0,894851119400.0,15393916600.0,11503937920.0,0.0172027684452377,yfinance_download,131970.KQ
2022-02-03,47300.0,48700.0,46150.0,47600.0,46713.9296875,323920.0,0.0280777537796976,-0.1619718309859155,46850.0,47060.0,47615.0,0.3799265743430903,0.5411880342470787,-0.0470470470470471,0.0842824601366742,-0.15,0.016008537886873,0.0114747131321717,-0.000315026777276,56200.0,39900.0,-0.1530249110320284,0.1929824561403508,19327238.0,919976528800.0,15418592000.0,11845866950.0,0.0167597667085177,yfinance_download,131970.KQ
2022-02-04,47950.0,51300.0,47900.0,50900.0,49952.5,1133924.0,0.0693277310924369,-0.1038732394366197,46912.5,47149.16666666666,47578.333333333336,0.4561943345953591,0.5538873300042491,0.0251762336354481,0.1174533479692645,-0.0795660036166365,0.0849986677324807,0.0795524841372241,0.0698146915612849,56200.0,39900.0,-0.094306049822064,0.2756892230576442,19327238.0,983756414200.0,57716731600.0,13865315995.0,0.0586697385317032,yfinance_download,131970.KQ
2022-02-07,51600.0,51700.0,49450.0,50700.0,49756.2265625,510955.0,-0.0039292730844793,-0.1073943661971831,47085.0,47239.16666666666,47541.66666666666,0.4172479645542093,0.5538012829446792,0.0730158730158729,0.1192052980132449,-0.0798548094373865,0.0767760433258999,0.0732619471836577,0.066432953549518,56000.0,39900.0,-0.0946428571428571,0.2706766917293233,19327238.0,979890966600.0,25905418500.0,14276931595.0,0.0264370418577139,yfinance_download,131970.KQ
2022-02-08,50700.0,50900.0,48000.0,48750.0,47842.5234375,401846.0,-0.0384615384615384,-0.141725352112676,47222.5,47308.333333333336,47482.91666666666,0.4307727099671168,0.558963476463843,0.0597826086956521,0.09304932735426,-0.1263440860215053,0.032346868547832,0.0304738418178613,0.0266850358462253,56000.0,39900.0,-0.1294642857142857,0.2218045112781954,19327238.0,942202852500.0,19589992500.0,14672509520.0,0.0207916930499846,yfinance_download,131970.KQ
2022-02-09,49300.0,50200.0,48450.0,49550.0,48627.6328125,319880.0,0.0164102564102563,-0.1276408450704225,47345.0,47442.5,47429.16666666666,0.4268051493343014,0.5393568983611801,0.0520169851380043,0.1939759036144579,-0.1151785714285714,0.0465730277748441,0.044422195289034,0.0447158042695248,56000.0,39900.0,-0.1151785714285714,0.2418546365914786,19327238.0,957664642900.0,15850054000.0,15191507230.0,0.0165507352887153,yfinance_download,131970.KQ
2022-02-10,50700.0,52400.0,49800.0,50100.0,49167.39453125,828858.0,0.0110998990918265,-0.1179577464788732,47567.5,47604.16666666666,47395.833333333336,0.4084917935540758,0.5359137097529681,0.0974808324205913,0.2400990099009901,-0.0739371534195934,0.05324013244337,0.0524288840262583,0.0570549450549449,56000.0,39900.0,-0.1053571428571428,0.255639097744361,19327238.0,968294623800.0,41525785800.0,16797103935.0,0.0428854862758972,yfinance_download,131970.KQ
2022-02-11,49250.0,50800.0,48950.0,49450.0,48529.49609375,243012.0,-0.0129740518962075,-0.1294014084507042,47757.5,47729.16666666666,47347.91666666666,0.413155740648286,0.5322230669417314,0.0832420591456735,0.1787842669845054,-0.1041666666666666,0.0354394597707166,0.0360541248363159,0.044396532758393,56000.0,39900.0,-0.1169642857142857,0.2393483709273183,19327238.0,955731919100.0,12016943400.0,17089847842.5,0.0125735503438204,yfinance_download,131970.KQ
2022-02-14,48150.0,49550.0,46500.0,47200.0,46321.37890625,539606.0,-0.0455005055611729,-0.1690140845070422,47742.5,47750.833333333336,47297.083333333336,0.4258311673655602,0.5067146836586253,-0.0063157894736841,0.028322440087146,-0.1144465290806754,-0.0113630413153898,-0.01153557529537,-0.0020526283333186,56000.0,39900.0,-0.1571428571428571,0.1829573934837092,19327238.0,912245633600.0,25469403200.0,17885323127.5,0.0279194575034466,yfinance_download,131970.KQ
2022-02-15,47900.0,48000.0,45450.0,46050.0,45192.78515625,284578.0,-0.024364406779661,-0.1892605633802817,47627.5,47740.833333333336,47247.5,0.4287178342388512,0.5082991009461497,-0.0475698035160289,-0.0128617363344051,-0.1144230769230769,-0.0331216209122881,-0.0354169212239697,-0.0253452563627705,56000.0,39900.0,-0.1776785714285714,0.1541353383458645,19327238.0,890019309900.0,13104816900.0,17968116895.0,0.0147241939070652,yfinance_download,131970.KQ
2022-02-16,47600.0,49500.0,47300.0,49450.0,48529.49609375,378860.0,0.0738327904451683,-0.1294014084507042,47710.0,47787.5,47221.25,0.5042764467074223,0.5301799354675638,0.0345188284518829,0.060021436227224,-0.0598859315589354,0.0364703416474534,0.0347894323829454,0.0471980305476877,56000.0,39900.0,-0.1169642857142857,0.2393483709273183,19327238.0,955731919100.0,18734627000.0,18434594235.0,0.0196023870560294,yfinance_download,131970.KQ
2022-02-17,49300.0,50100.0,47300.0,48000.0,47106.4921875,440738.0,-0.0293225480283114,-0.1549295774647887,47702.5,47821.66666666666,47184.583333333336,0.515951523277023,0.5328891555288774,-0.0031152647975077,0.0446137105549511,-0.0839694656488549,0.0062365704103557,0.003729132541038,0.0172814213682082,56000.0,39900.0,-0.1428571428571429,0.2030075187969924,19327238.0,927707424000.0,21155424000.0,18726527647.5,0.0228039826487364,yfinance_download,131970.KQ
2022-02-18,47100.0,47800.0,46600.0,47450.0,46566.72265625,225405.0,-0.0114583333333333,-0.164612676056338,47720.0,47808.333333333336,47140.0,0.5113477735020755,0.5236659931119367,0.0074309978768578,-0.016580310880829,-0.1013257575757575,-0.0056580050293377,-0.007495206553948,0.0065761561306745,56000.0,39900.0,-0.1526785714285714,0.1892230576441103,19327238.0,917077443100.0,10695467250.0,18511313580.0,0.011662556232815,yfinance_download,131970.KQ
2022-02-21,46500.0,47450.0,46100.0,47450.0,46566.72265625,327526.0,0.0,-0.164612676056338,47730.0,47759.16666666666,47096.25,0.5112802720894974,0.5154566303098252,0.0042328042328041,-0.058531746031746,-0.0996204933586337,-0.0058663314477267,-0.0064734518678787,0.0075112137378241,56000.0,39900.0,-0.1526785714285714,0.1892230576441103,19327238.0,917077443100.0,15541108700.0,18672585752.5,0.0169463427728266,yfinance_download,131970.KQ
2022-02-22,49050.0,49850.0,47500.0,47550.0,46664.86328125,1319601.0,0.0021074815595363,-0.1628521126760563,47727.5,47724.16666666666,47035.833333333336,0.5107032874234136,0.514607650629332,-0.0010504201680672,-0.0422960725075528,-0.1322992700729927,-0.0037190299093813,-0.0036494438526951,0.0109313821022978,56000.0,39900.0,-0.1508928571428571,0.1917293233082706,19327238.0,919010166900.0,62747027550.0,21310091910.0,0.0682767501491935,yfinance_download,131970.KQ
2022-02-23,47700.0,48250.0,46400.0,46600.0,45732.55078125,415173.0,-0.0199789695057833,-0.1795774647887323,47760.0,47709.16666666666,46985.0,0.4998643961015678,0.5084502895900227,0.0141458106637648,-0.0189473684210526,-0.1157495256166982,-0.02428810720268,-0.0232485022095683,-0.0081941045014366,56000.0,39900.0,-0.1678571428571428,0.1679197994987469,19327238.0,900649290800.0,19347061800.0,21568105660.0,0.0214812380330805,yfinance_download,131970.KQ
2022-02-24,46050.0,46350.0,44350.0,44550.0,43720.7109375,425806.0,-0.0439914163090128,-0.215669014084507,47700.0,47681.66666666666,46925.41666666666,0.5248461253158344,0.5134127470969829,-0.0262295081967213,-0.0357142857142857,-0.1382978723404255,-0.0660377358490565,-0.0656786325981334,-0.0506211097397465,56000.0,39900.0,-0.2044642857142857,0.1165413533834587,19327238.0,861028452900.0,18969657300.0,22187161075.0,0.0220313942426745,yfinance_download,131970.KQ
2022-02-25,45550.0,45950.0,44600.0,45000.0,44162.328125,286837.0,0.0101010101010101,-0.2077464788732393,47657.5,47695.833333333336,46867.91666666666,0.5261970539330139,0.5054282081148003,-0.0185387131952017,0.0192525481313703,-0.1329479768786127,-0.0557624718040182,-0.0565213593081157,-0.039854911408835,56000.0,39900.0,-0.1964285714285714,0.1278195488721805,19327238.0,869725710000.0,12907665000.0,22145449980.0,0.0148410755846231,yfinance_download,131970.KQ
2022-02-28,44950.0,44950.0,43800.0,44100.0,43279.0859375,300158.0,-0.02,-0.2235915492957746,47575.0,47705.833333333336,46812.083333333336,0.5307690714132431,0.5062355747129632,-0.0360655737704918,0.0137931034482758,-0.1318897637795275,-0.0730425643720441,-0.0755847467989589,-0.0579355401472199,56000.0,39900.0,-0.2125,0.1052631578947369,19327238.0,852331195800.0,13236967800.0,22359151957.5,0.0155303101250163,yfinance_download,131970.KQ
2022-03-02,43800.0,44500.0,43550.0,44000.0,43180.9453125,182976.0,-0.0022675736961451,-0.2253521126760563,47537.5,47730.833333333336,46749.583333333336,0.5252377573146733,0.5038675869103587,-0.0167597765363128,0.0352941176470589,-0.1456310679611651,-0.0744149355771759,-0.0781640099865565,-0.0588151409549104,56000.0,39900.0,-0.2142857142857143,0.1027568922305763,19327238.0,850398472000.0,8050944000.0,22168880245.0,0.0094672606608352,yfinance_download,131970.KQ
2022-03-03,44750.0,45400.0,44600.0,44750.0,43916.98046875,173945.0,0.0170454545454545,-0.2121478873239436,47460.0,47669.16666666666,46695.0,0.5132794656462687,0.4140569182026029,-0.0334773218142548,-0.0763673890608874,-0.1276803118908381,-0.0571007163927518,-0.0612380469555792,-0.0416532819359674,56000.0,39900.0,-0.2008928571428571,0.1215538847117794,19327238.0,864893900500.0,7784038750.0,21788386352.5,0.008999992652856,yfinance_download,131970.KQ
2022-03-04,44600.0,44600.0,43550.0,43650.0,42837.4609375,274052.0,-0.0245810055865921,-0.2315140845070422,47262.5,47563.333333333336,46626.25,0.507426148575987,0.4110298021459103,-0.0829831932773109,-0.127,-0.1589595375722543,-0.0764348056069822,-0.0822762632279767,-0.0638320688453393,56000.0,39900.0,-0.2205357142857142,0.0939849624060149,19327238.0,843633938700.0,11962369800.0,21615575242.5,0.014179573925669,yfinance_download,131970.KQ
2022-03-07,43300.0,43300.0,41300.0,41450.0,40678.4140625,388092.0,-0.0504009163802978,-0.2702464788732394,46790.0,47419.16666666666,46536.66666666666,0.453549555789436,0.4227493163867614,-0.1856581532416502,-0.1726546906187624,-0.2059386973180076,-0.1141269502030348,-0.1258808850148498,-0.1093044910823006,56000.0,39900.0,-0.2598214285714285,0.0388471177944862,19327238.0,801114015100.0,16086413400.0,19534059332.5,0.0200800548945483,yfinance_download,131970.KQ
2022-03-08,40950.0,42250.0,40150.0,41350.0,40580.27734375,431099.0,-0.0024125452352231,-0.2720070422535211,46322.5,47282.5,46433.75,0.4538432088484146,0.4224065634033768,-0.1844181459566075,-0.1654894046417759,-0.2299813780260707,-0.1073452425926925,-0.1254692539523079,-0.1094839421756803,56000.0,39900.0,-0.2616071428571428,0.0363408521303258,19327238.0,799181291300.0,17825943650.0,19130085590.0,0.0223052564468859,yfinance_download,131970.KQ
2022-03-10,46150.0,46550.0,42150.0,42550.0,41757.9375,1148520.0,0.0290205562273278,-0.2508802816901408,46012.5,47150.0,46346.66666666666,0.4603990568469935,0.4250549575988543,-0.1271794871794871,-0.1574257425742574,-0.1971698113207547,-0.0752512904102146,-0.097560975609756,-0.0819188722669734,56000.0,39900.0,-0.2401785714285714,0.0664160401002507,19327238.0,822373976900.0,48869526000.0,20594062265.0,0.0594249421464153,yfinance_download,131970.KQ
2022-03-11,42900.0,43550.0,42300.0,42600.0,41807.01171875,259626.0,0.0011750881316099,-0.25,45665.0,47037.5,46275.833333333336,0.4535205466593008,0.4230052356174342,-0.1402623612512613,-0.1367781155015197,-0.1663405088062622,-0.0671192379283915,-0.0943396226415094,-0.0794331094343699,56000.0,39900.0,-0.2392857142857143,0.0676691729323308,19327238.0,823340338800.0,11060067600.0,20354562945.0,0.0134331661875328,yfinance_download,131970.KQ
2022-03-14,42150.0,42200.0,40550.0,40850.0,40089.58203125,274910.0,-0.0410798122065727,-0.2808098591549296,45202.5,46905.0,46203.75,0.4633959981267922,0.4301273571929995,-0.184630738522954,-0.1629098360655737,-0.1747474747474747,-0.0962889220728941,-0.1290907152755569,-0.1158726293861428,56000.0,39900.0,-0.2705357142857143,0.0238095238095237,19327238.0,789517672300.0,11230073500.0,18839777330.0,0.0142239672321518,yfinance_download,131970.KQ
2022-03-15,40350.0,41200.0,40350.0,40800.0,40040.515625,112780.0,-0.0012239902080782,-0.2816901408450704,44770.0,46803.333333333336,46124.583333333336,0.4641889056129631,0.4234120913321397,-0.1749241658240646,-0.1300639658848613,-0.1888667992047713,-0.0886754523118159,-0.1282672174346557,-0.1154391638587521,56000.0,39900.0,-0.2714285714285714,0.0225563909774435,19327238.0,788551310400.0,4601424000.0,18469001360.0,0.0058352880013171,yfinance_download,131970.KQ
2022-03-16,41500.0,42500.0,41250.0,41700.0,40923.76171875,130989.0,0.0220588235294116,-0.2658450704225352,44495.0,46704.16666666666,46060.0,0.4559212191348309,0.4246921883131169,-0.1165254237288135,-0.1248688352570829,-0.1567239635995955,-0.0628160467468255,-0.1071460433580158,-0.0946591402518454,56000.0,39900.0,-0.2553571428571428,0.0451127819548873,19327238.0,805945824600.0,5462241300.0,17468643265.0,0.006777429863491,yfinance_download,131970.KQ
2022-03-17,42950.0,43100.0,42050.0,42150.0,41365.3828125,211149.0,0.0107913669064747,-0.2579225352112676,44300.0,46622.5,45996.66666666666,0.4539960919191956,0.4248746036789195,-0.0846905537459283,-0.104144527098831,-0.1527638190954774,-0.0485327313769752,-0.0959300766797147,-0.0836292484962678,56000.0,39900.0,-0.2473214285714285,0.0563909774436091,19327238.0,814643081700.0,8899930350.0,17258398937.5,0.0109249443712547,yfinance_download,131970.KQ
2022-03-18,42750.0,42750.0,42150.0,42650.0,41856.078125,121259.0,0.0118623962040331,-0.2491197183098591,43960.0,46550.0,45937.91666666666,0.3556788177318576,0.4257537801547201,-0.1375126390293225,-0.0925531914893617,-0.141851106639839,-0.0297998180163785,-0.0837808807733619,-0.0715730469564901,56000.0,39900.0,-0.2383928571428571,0.068922305764411,19327238.0,824306700700.0,5171696350.0,16580252405.0,0.00627399528065,yfinance_download,131970.KQ
2022-03-21,42900.0,42900.0,42000.0,42050.0,41267.24609375,137808.0,-0.0140679953106682,-0.2596830985915492,43662.5,46452.5,45882.91666666666,0.3470711701257825,0.424390979752319,-0.1239583333333332,-0.1221294363256785,-0.1356628982528263,-0.0369310048668766,-0.0947742317421022,-0.08353690098893,56000.0,39900.0,-0.2491071428571428,0.0538847117794485,19327238.0,812710357900.0,5794826400.0,15812222525.0,0.0071302479950834,yfinance_download,131970.KQ
2022-03-22,42150.0,42650.0,41800.0,42550.0,41757.9375,129826.0,0.0118906064209274,-0.2508802816901408,43417.5,46372.5,45825.41666666666,0.3523818592899553,0.4248209549064638,-0.1032665964172813,-0.1013727560718057,-0.1395348837209302,-0.0199804226406402,-0.082430319693784,-0.0714759822151098,56000.0,39900.0,-0.2401785714285714,0.0664160401002507,19327238.0,822373976900.0,5524096300.0,15553653977.5,0.0067172557196222,yfinance_download,131970.KQ
2022-03-23,42850.0,43100.0,42250.0,42550.0,41757.9375,141951.0,0.0,-0.2508802816901408,43172.5,46311.66666666666,45755.833333333336,0.3523818592899553,0.4221469720326257,-0.1032665964172813,-0.0790043290043289,-0.1640471512770137,-0.0144189009207249,-0.081225033288948,-0.0700639262753383,56000.0,39900.0,-0.2401785714285714,0.0664160401002507,19327238.0,822373976900.0,6040015050.0,15078599295.0,0.0073446086812818,yfinance_download,131970.KQ
2022-03-24,42250.0,42500.0,41750.0,42350.0,41561.66015625,165009.0,-0.0047003525264395,-0.2544014084507042,42912.5,46218.333333333336,45694.16666666666,0.3513370832134895,0.4143334576632548,-0.1093585699263932,-0.1167883211678831,-0.1487437185929648,-0.0131080687445382,-0.0836969456564855,-0.0731858552331624,56000.0,39900.0,-0.24375,0.0614035087719297,19327238.0,818508529300.0,6988131150.0,12290654475.0,0.0085376399876692,yfinance_download,131970.KQ
2022-03-25,43000.0,43300.0,42500.0,42500.0,41708.87109375,161644.0,0.0035419126328217,-0.2517605633802817,42707.5,46136.66666666666,45659.16666666666,0.3484227342278376,0.4139689192614716,-0.0879828326180257,-0.1033755274261603,-0.0899357601713062,-0.0048586313879295,-0.0788237844086409,-0.0691901954700588,56000.0,39900.0,-0.2410714285714286,0.0651629072681705,19327238.0,821407615000.0,6869870000.0,11666794885.0,0.0083635333719179,yfinance_download,131970.KQ
2022-03-28,42600.0,42600.0,42000.0,42100.0,41316.3125,141441.0,-0.0094117647058823,-0.2588028169014085,42585.0,46011.66666666666,45627.91666666666,0.3164078101227541,0.4020171355545345,-0.0549943883277216,-0.1512096774193548,-0.0817884405670664,-0.0113889867324175,-0.0850146701923424,-0.0773192581296172,56000.0,39900.0,-0.2482142857142857,0.0551378446115289,19327238.0,813676719800.0,5954666100.0,11016045325.0,0.0073182210515542,yfinance_download,131970.KQ
2022-03-29,42350.0,43050.0,42300.0,43000.0,42199.5625,212569.0,0.0213776722090262,-0.2429577464788732,42485.0,45912.5,45615.833333333336,0.32484648903565,0.4043054771971165,-0.0444444444444444,-0.1215526046986721,-0.0326209223847019,0.0121219253854301,-0.0634358834739994,-0.0573448546739985,56000.0,39900.0,-0.2321428571428571,0.0776942355889724,19327238.0,831071234000.0,9140467000.0,10827685425.0,0.0109984158108882,yfinance_download,131970.KQ
2022-03-30,43500.0,43550.0,42300.0,42500.0,41708.87109375,183465.0,-0.0116279069767442,-0.2517605633802817,42405.0,45800.0,45597.91666666666,0.3200410793356799,0.4044482782524362,-0.0362811791383219,-0.1370558375634517,-0.0481522956326987,0.0022403018511967,-0.0720524017467248,-0.0679398729839629,56000.0,39900.0,-0.2410714285714286,0.0651629072681705,19327238.0,821407615000.0,7797262500.0,10555700160.0,0.0094925617411034,yfinance_download,131970.KQ
2022-03-31,42300.0,42750.0,42050.0,42650.0,41856.078125,96585.0,0.0035294117647057,-0.2491197183098591,42337.5,45669.16666666666,45597.5,0.3205539374214491,0.4005589424020726,-0.0306818181818181,-0.1554455445544554,-0.0011709601873536,0.0073811632713316,-0.0661095195518493,-0.064641701847689,56000.0,39900.0,-0.2383928571428571,0.068922305764411,19327238.0,824306700700.0,4119350250.0,10359120472.5,0.0049973514063416,yfinance_download,131970.KQ
2022-04-01,42400.0,42400.0,41850.0,41950.0,41169.109375,130400.0,-0.0164126611957795,-0.261443661971831,42197.5,45541.66666666666,45600.0,0.3170552700514419,0.4003390793654472,-0.0625698324022346,-0.1542338709677418,0.0072028811524609,-0.0058652763789324,-0.0788655077767611,-0.0800438596491228,56000.0,39900.0,-0.2508928571428571,0.0513784461152881,19327238.0,810777634100.0,5470280000.0,10243432535.0,0.0067469547381783,yfinance_download,131970.KQ
2022-04-04,41650.0,42050.0,41450.0,42050.0,41267.24609375,100818.0,0.00238379022646,-0.2596830985915492,42117.5,45410.0,45616.25,0.3070392783127125,0.3999781885819687,-0.0366552119129438,-0.1581581581581581,0.0486284289276808,-0.001602659227162,-0.0739925126624091,-0.0781793768667963,56000.0,39900.0,-0.2491071428571428,0.0538847117794485,19327238.0,812710357900.0,4239396900.0,9857283890.0,0.0052163687330802,yfinance_download,131970.KQ
2022-04-05,42150.0,42900.0,42150.0,42500.0,41708.87109375,123397.0,0.0107015457788346,-0.2517605633802817,42170.0,45290.833333333336,45627.5,0.2497117937778556,0.4008271196993011,0.0253317249698432,-0.1440080563947633,0.0328068043742406,0.0078254683424234,-0.0616202690021896,-0.0685441893594871,56000.0,39900.0,-0.2410714285714286,0.0651629072681705,19327238.0,821407615000.0,5244372500.0,9315181845.0,0.0063846163637039,yfinance_download,131970.KQ
2022-04-06,42000.0,42100.0,41300.0,41400.0,40629.34765625,191746.0,-0.0258823529411764,-0.2711267605633802,42172.5,45193.333333333336,45640.0,0.2676774762738689,0.3923574219188344,0.0012091898428052,-0.1238095238095238,0.037593984962406,-0.0183176240441045,-0.0839356837291636,-0.0929009640666082,56000.0,39900.0,-0.2607142857142857,0.037593984962406,19327238.0,800147653200.0,7938284400.0,8820798882.5,0.009921024411248,yfinance_download,131970.KQ
2022-04-07,41050.0,41050.0,40500.0,40750.0,39991.44140625,208002.0,-0.0157004830917874,-0.2825704225352112,42082.5,45105.833333333336,45647.083333333336,0.2503140515192064,0.3900954405787429,-0.0423031727379553,-0.1141304347826086,0.0213032581453633,-0.0316639933464029,-0.0965691798917361,-0.107281407172784,56000.0,39900.0,-0.2723214285714286,0.0213032581453633,19327238.0,787584948500.0,8476081500.0,6801126657.5,0.0107621171737006,yfinance_download,131970.KQ
2022-04-08,40850.0,41050.0,40200.0,40850.0,40089.58203125,196062.0,0.0024539877300613,-0.2808098591549296,41995.0,45001.66666666666,45653.333333333336,0.2505729315144792,0.3865348341055027,-0.0410798122065727,-0.132696390658174,0.0187032418952617,-0.0272651506131682,-0.0922558423762082,-0.1052132009345795,56000.0,39900.0,-0.2705357142857143,0.0238095238095237,19327238.0,789517672300.0,8009132700.0,6648579912.5,0.0101443361953735,yfinance_download,131970.KQ
2022-04-11,40700.0,41050.0,40350.0,40400.0,39647.95703125,109794.0,-0.011015911872705,-0.2887323943661971,41972.5,44914.16666666666,45635.41666666666,0.2073410287167338,0.3823649950308005,-0.011015911872705,-0.1150054764512595,-0.0505287896592244,-0.0374650068497229,-0.1005065216987958,-0.1147226660579775,56000.0,39900.0,-0.2785714285714286,0.0125313283208019,19327238.0,780820415200.0,4435677600.0,6308860117.5,0.0056807910162848,yfinance_download,131970.KQ
2022-04-12,40050.0,40350.0,39900.0,40250.0,39500.75390625,112005.0,-0.0037128712871287,-0.2913732394366197,41945.0,44824.16666666666,45606.66666666666,0.2076486479224931,0.3823680867610923,-0.0134803921568626,-0.1182913472070098,-0.0789473684210526,-0.0404100607938967,-0.102046886909963,-0.1174535886566291,56000.0,39900.0,-0.28125,0.0087719298245614,19327238.0,777921329500.0,4508201250.0,6304198980.0,0.0057951891522213,yfinance_download,131970.KQ
2022-04-13,40200.0,41850.0,40150.0,41500.0,40727.484375,286756.0,0.0310559006211179,-0.2693661971830986,41935.0,44724.16666666666,45582.5,0.2225869060159996,0.3783609739885788,-0.0047961630695443,-0.1263157894736841,-0.0653153153153153,-0.010373196613807,-0.0720900333525871,-0.0895628804914167,56000.0,39900.0,-0.2589285714285714,0.0401002506265664,19327238.0,802080377000.0,11900374000.0,6626105615.0,0.0148368846081369,yfinance_download,131970.KQ
2022-04-14,41750.0,43200.0,41400.0,42550.0,41757.9375,340882.0,0.0253012048192771,-0.2508802816901408,41955.0,44627.5,45568.333333333336,0.2375033556786804,0.3803212865126821,0.0094899169632265,-0.1199586349534643,-0.0384180790960452,0.0141818615182933,-0.046552013892779,-0.0662375187447423,56000.0,39900.0,-0.2401785714285714,0.0664160401002507,19327238.0,822373976900.0,14504529100.0,6906335552.5,0.0176373882289854,yfinance_download,131970.KQ
2022-04-15,42000.0,42900.0,41750.0,42600.0,41807.01171875,162908.0,0.0011750881316099,-0.25,41952.5,44540.833333333336,45567.083333333336,0.2337691505168456,0.379847757294769,-0.0011723329425556,-0.108786610878661,-0.0035087719298245,0.015434121923604,-0.0435742483488933,-0.0651146203856951,56000.0,39900.0,-0.2392857142857143,0.0676691729323308,19327238.0,823340338800.0,6939880800.0,6994744775.0,0.0084289333012818,yfinance_download,131970.KQ
2022-04-18,42600.0,46750.0,42400.0,46450.0,45585.3359375,1454103.0,0.09037558685446,-0.1822183098591548,42172.5,44512.5,45600.0,0.3911489063279685,0.4238070383305546,0.1046373365041617,-0.0353063343717549,0.0929411764705883,0.1014286561147668,0.043527099129458,0.018640350877193,56000.0,39900.0,-0.1705357142857142,0.1641604010025061,19327238.0,897750205100.0,67543084350.0,10082157672.5,0.075235944215102,yfinance_download,131970.KQ
2022-04-19,46700.0,47800.0,45600.0,47450.0,46566.72265625,598288.0,0.0215285252960171,-0.164612676056338,42417.5,44518.333333333336,45644.583333333336,0.3947929589876527,0.4236993811552723,0.1151586368977672,0.0074309978768578,0.1270783847980998,0.1186420699003949,0.0658530193553217,0.0395537988260745,56000.0,39900.0,-0.1526785714285714,0.1892230576441103,19327238.0,917077443100.0,28388765600.0,11225391137.5,0.0309556906165278,yfinance_download,131970.KQ
2022-04-20,47150.0,47950.0,46900.0,47100.0,46223.2421875,289118.0,-0.0073761854583772,-0.170774647887324,42645.0,44515.833333333336,45681.66666666666,0.3970789554834494,0.423962914620899,0.1069330199764981,-0.0031746031746031,0.104337631887456,0.1044671122054168,0.0580505063741365,0.031048195848079,56000.0,39900.0,-0.1589285714285714,0.1804511278195488,19327238.0,910312909800.0,13617457800.0,11604263275.0,0.0149590955520907,yfinance_download,131970.KQ
2022-04-21,47200.0,49050.0,47200.0,48600.0,47695.31640625,571124.0,0.0318471337579617,-0.1443661971830986,42957.5,44532.5,45725.833333333336,0.4058693400173295,0.4286474461698433,0.1475796930342385,0.0210084033613444,0.1224018475750576,0.1313507536518652,0.0913377870094873,0.0628565180149804,56000.0,39900.0,-0.1321428571428571,0.2180451127819549,19327238.0,939303766800.0,27756626400.0,12642688037.5,0.0295502130206085,yfinance_download,131970.KQ
2022-04-22,47900.0,49000.0,47500.0,48600.0,47695.31640625,271156.0,0.0,-0.1443661971830986,43262.5,44576.66666666666,45765.833333333336,0.4064877610270132,0.4222720752765084,0.1435294117647059,0.0576713819368879,0.1095890410958904,0.1233747471828952,0.0902564869513198,0.0619275660518217,56000.0,39900.0,-0.1321428571428571,0.2180451127819549,19327238.0,939303766800.0,13178181600.0,12958103617.5,0.0140297335811769,yfinance_download,131970.KQ
2022-04-25,47350.0,48150.0,46550.0,47350.0,46468.58203125,364157.0,-0.0257201646090534,-0.1663732394366197,43525.0,44603.333333333336,45781.25,0.4191610179424479,0.4257451937975737,0.1247030878859858,0.0349726775956285,0.0406593406593407,0.0878805284319357,0.0615798520289962,0.0342662116040954,56000.0,39900.0,-0.1544642857142857,0.1867167919799499,19327238.0,915144719300.0,17242833950.0,13522512010.0,0.0188416472131196,yfinance_download,131970.KQ
2022-04-26,47300.0,49550.0,47200.0,48900.0,47989.734375,394865.0,0.0327349524815205,-0.1390845070422535,43820.0,44654.16666666666,45809.16666666666,0.4264850486863851,0.4307070885838034,0.1372093023255813,0.0665212649945474,0.0735455543358947,0.1159287996348699,0.0950825790799665,0.06747193975005,56000.0,39900.0,-0.1267857142857142,0.2255639097744362,19327238.0,945101938200.0,19308898500.0,14030933585.0,0.0204304929654201,yfinance_download,131970.KQ
2022-04-27,47750.0,49150.0,47350.0,48550.0,47646.25,264467.0,-0.0071574642126789,-0.1452464788732393,44122.5,44700.833333333336,45840.833333333336,0.4242147887454854,0.4310059596417996,0.1423529411764705,0.0612021857923497,0.0849162011173183,0.1003456286475155,0.0861095057884826,0.0590994200948935,56000.0,39900.0,-0.1330357142857142,0.2167919799498747,19327238.0,938337404900.0,12839872850.0,14283064102.5,0.0136836417081426,yfinance_download,131970.KQ
2022-04-28,48950.0,49100.0,46600.0,47200.0,46321.37890625,272046.0,-0.0278063851699279,-0.1690140845070422,44350.0,44741.66666666666,45855.0,0.4418369580185229,0.4325435400324874,0.1066822977725674,0.0547486033519553,0.0373626373626374,0.0642615558060879,0.0549450549450549,0.0293315887035219,56000.0,39900.0,-0.1571428571428571,0.1829573934837092,19327238.0,912245633600.0,12840571200.0,14719125150.0,0.014075782582074,yfinance_download,131970.KQ
2022-04-29,47700.0,48400.0,47200.0,47900.0,47008.3515625,190812.0,0.0148305084745763,-0.1566901408450703,44647.5,44768.333333333336,45883.333333333336,0.4352120966667309,0.4278930211122845,0.1418355184743742,0.0345572354211662,0.0764044943820225,0.0728484237639286,0.0699527195562339,0.0439520523065746,56000.0,39900.0,-0.1446428571428571,0.200501253132832,19327238.0,925774700200.0,9139894800.0,14902605890.0,0.0098726988305312,yfinance_download,131970.KQ
2022-05-03,46550.0,48100.0,46550.0,47400.0,46517.65625,199714.0,-0.0104384133611691,-0.1654929577464788,44915.0,44765.0,45912.5,0.4393762538242497,0.4247200654093012,0.1272294887039238,-0.0042016806722688,0.0797266514806378,0.0553267282644995,0.0588629509661566,0.0323985842635448,56000.0,39900.0,-0.1535714285714285,0.1879699248120301,19327238.0,916111081200.0,9466443600.0,15163958225.0,0.0103332923204029,yfinance_download,131970.KQ
2022-05-04,47650.0,47750.0,46550.0,46600.0,45732.55078125,109093.0,-0.0168776371308017,-0.1795774647887323,45120.0,44693.333333333336,45921.25,0.4466081286603205,0.4009358622936773,0.096470588235294,-0.0844793713163064,0.0230515916575191,0.0328014184397162,0.0426610978520285,0.0147807387647331,56000.0,39900.0,-0.1678571428571428,0.1679197994987469,19327238.0,900649290800.0,5083733800.0,15155926290.0,0.0056445209605221,yfinance_download,131970.KQ
2022-05-06,45800.0,46800.0,45700.0,46000.0,45143.71484375,137350.0,-0.0128755364806867,-0.1901408450704225,45350.0,44615.0,45927.083333333336,0.4369690789883208,0.4016183772457427,0.1111111111111111,-0.0927021696252465,0.0154525386313466,0.014332965821389,0.0310433710635436,0.0015876616012699,56000.0,39900.0,-0.1785714285714286,0.1528822055137844,19327238.0,889052948000.0,6318100000.0,15074917070.0,0.007106550868779,yfinance_download,131970.KQ
2022-05-10,42800.0,45200.0,41750.0,44400.0,43573.5,274846.0,-0.0347826086956521,-0.2183098591549296,45532.5,44542.5,45925.41666666666,0.4542329436115679,0.4002331770134846,0.0895705521472391,-0.0892307692307692,-0.0044843049327354,-0.0248723439301598,-0.0031991917831284,-0.0332150860543816,56000.0,39900.0,-0.2071428571428571,0.1127819548872179,19327238.0,858129367200.0,12203162400.0,15261271115.0,0.0142206558433232,yfinance_download,131970.KQ
2022-05-11,44000.0,45250.0,43600.0,45150.0,44309.53515625,145721.0,0.0168918918918918,-0.2051056338028168,45747.5,44469.16666666666,45955.833333333336,0.4561827510445968,0.4003251459500108,0.1052631578947369,-0.0887991927346114,0.0879518072289156,-0.0130608229957921,0.0153102336825141,-0.0175349520372821,56000.0,39900.0,-0.1937499999999999,0.131578947368421,19327238.0,872624795700.0,6579303150.0,15189779637.5,0.0075396701794638,yfinance_download,131970.KQ
2022-05-12,44150.0,45250.0,43650.0,43850.0,43033.73046875,143011.0,-0.0287929125138427,-0.2279929577464788,45920.0,44365.0,45984.583333333336,0.4688551041027533,0.4034092551287256,0.0853960396039603,-0.1247504990019959,0.0853960396039603,-0.0450783972125435,-0.0116082497464217,-0.0464195427815482,56000.0,39900.0,-0.2169642857142857,0.0989974937343358,19327238.0,847499386300.0,6271032350.0,15281547375.0,0.0073994535587547,yfinance_download,131970.KQ
2022-05-13,44200.0,46650.0,44200.0,45800.0,44947.44140625,226637.0,0.0444697833523375,-0.1936619718309858,46197.5,44304.16666666666,46016.66666666666,0.4884333206489261,0.4137227494943072,0.137888198757764,-0.0738119312436804,0.0917759237187127,-0.0086043617078845,0.0337628138813128,-0.0047084389713871,56000.0,39900.0,-0.1821428571428571,0.1478696741854637,19327238.0,885187500400.0,10379974600.0,15575136042.5,0.0117263004677647,yfinance_download,131970.KQ
2022-05-16,46650.0,46800.0,45300.0,45650.0,44800.23046875,147168.0,-0.0032751091703057,-0.1963028169014085,46405.0,44278.333333333336,46014.583333333336,0.4810789647182494,0.4032177999979995,0.1,-0.0328389830508474,-0.0054466230936819,-0.0162697985130912,0.0309782813264576,-0.0079232127495812,56000.0,39900.0,-0.1848214285714285,0.1441102756892229,19327238.0,882288414700.0,6718219200.0,15316028302.5,0.0076145386112594,yfinance_download,131970.KQ
2022-05-17,44700.0,44750.0,42750.0,44250.0,43426.29296875,557743.0,-0.0306681270536691,-0.2209507042253521,46490.0,44248.333333333336,45994.583333333336,0.4909864808441666,0.4050312948562682,0.0399529964747356,-0.0390879478827361,-0.0514469453376206,-0.0481824048182404,3.766620211687055e-05,-0.0379301910551062,56000.0,39900.0,-0.2098214285714286,0.1090225563909774,19327238.0,855230281500.0,24680127750.0,15824808235.0,0.0288578740531885,yfinance_download,131970.KQ
2022-05-18,44800.0,45000.0,43150.0,43750.0,42935.59765625,248045.0,-0.0112994350282485,-0.2297535211267606,46547.5,44153.333333333336,45970.41666666666,0.493391484076997,0.3748900817950948,0.0269953051643192,-0.115267947421638,-0.0621650589496248,-0.0600998979537031,-0.0091348331571795,-0.0483009906733497,56000.0,39900.0,-0.21875,0.0964912280701755,19327238.0,845566662500.0,10851968750.0,16020412632.5,0.0128339600309159,yfinance_download,131970.KQ
2022-05-19,42300.0,43550.0,42250.0,43500.0,42690.25390625,186731.0,-0.0057142857142856,-0.2341549295774647,46400.0,44078.333333333336,45950.0,0.3659960994143292,0.3705758500631126,-0.0635091496232508,-0.09375,-0.0533188248095756,-0.0625,-0.0131205807842099,-0.0533188248095756,56000.0,39900.0,-0.2232142857142857,0.0902255639097744,19327238.0,840734853000.0,8122798500.0,13049398340.0,0.0096615460522605,yfinance_download,131970.KQ
2022-05-20,43400.0,43750.0,42900.0,43450.0,42641.1875,124770.0,-0.0011494252873562,-0.2350352112676056,46200.0,44011.66666666666,45910.0,0.3544901544403713,0.3699794403448581,-0.0842992623814541,-0.0842992623814541,-0.099481865284974,-0.0595238095238095,-0.0127617677131063,-0.0535830973644085,56000.0,39900.0,-0.2241071428571428,0.0889724310776942,19327238.0,839768491100.0,5421256500.0,11901022885.0,0.0064556560021664,yfinance_download,131970.KQ
2022-05-23,43500.0,44150.0,42800.0,43250.0,42444.90625,153446.0,-0.0046029919447641,-0.238556338028169,46007.5,43941.66666666666,45850.41666666666,0.3542928604111821,0.370035796513487,-0.0817409766454352,-0.0885142255005269,-0.1418650793650794,-0.059935880019562,-0.0157405651431822,-0.0567152243254786,56000.0,39900.0,-0.2276785714285714,0.0839598997493733,19327238.0,835903043500.0,6636539500.0,11551976970.0,0.0079393651591603,yfinance_download,131970.KQ
2022-05-24,43000.0,43150.0,41350.0,41450.0,40678.4140625,281597.0,-0.0416184971098265,-0.2702464788732394,45650.0,43840.0,45782.083333333336,0.3516142696333594,0.3790668974158794,-0.147119341563786,-0.1282860147213459,-0.1651560926485398,-0.0920043811610076,-0.0545164233576642,-0.094623988641845,56000.0,39900.0,-0.2598214285714285,0.0388471177944862,19327238.0,801114015100.0,11672195650.0,10747755432.5,0.0145699556242852,yfinance_download,131970.KQ
2022-05-25,41600.0,41800.0,40750.0,40850.0,40089.58203125,398117.0,-0.0144752714113389,-0.2808098591549296,45262.5,43744.16666666666,45726.66666666666,0.351167977425993,0.3781190745728799,-0.1594650205761316,-0.1233905579399141,-0.14,-0.0974868820767743,-0.0661612024460404,-0.1066481994459833,56000.0,39900.0,-0.2705357142857143,0.0238095238095237,19327238.0,789517672300.0,16263079450.0,10902000325.0,0.0205987529102709,yfinance_download,131970.KQ
2022-05-26,40850.0,41150.0,39850.0,40050.0,39304.4765625,367747.0,-0.0195838433292533,-0.2948943661971831,44897.5,43669.16666666666,45675.41666666666,0.3478171707887179,0.369734349156637,-0.1541710665258712,-0.101010101010101,-0.133116883116883,-0.107968149674258,-0.0828769345266492,-0.123160708258454,56000.0,39900.0,-0.2848214285714285,0.0037593984962405,19327238.0,774055881900.0,14728267350.0,10776271995.0,0.0190273954302213,yfinance_download,131970.KQ
2022-05-27,41100.0,42700.0,41050.0,41700.0,40923.76171875,511390.0,0.0411985018726592,-0.2658450704225352,44537.5,43614.16666666666,45655.0,0.3620071947409288,0.3792748314774848,-0.147239263803681,-0.0733333333333333,-0.0554926387315968,-0.0637103564412012,-0.0438886447446357,-0.0866279706494359,56000.0,39900.0,-0.2553571428571428,0.0451127819548873,19327238.0,805945824600.0,21324963000.0,10877075220.0,0.026459548953658,yfinance_download,131970.KQ
2022-05-30,41850.0,42100.0,41350.0,41700.0,40923.76171875,154735.0,0.0,-0.2658450704225352,44195.0,43574.16666666666,45640.0,0.3630359699319211,0.377202583596649,-0.141091658084449,-0.0544217687074829,-0.0413793103448275,-0.0564543500395972,-0.0430109583277552,-0.086327782646801,56000.0,39900.0,-0.2553571428571428,0.0451127819548873,19327238.0,805945824600.0,6452449500.0,10557704052.5,0.0080060585997854,yfinance_download,131970.KQ
2022-05-31,41400.0,41900.0,40700.0,41600.0,40825.625,293265.0,-0.0023980815347721,-0.2676056338028169,43915.0,43534.16666666666,45632.5,0.3551444459086574,0.3772050572398973,-0.1186440677966101,-0.0545454545454545,-0.0211764705882352,-0.0527154730729818,-0.0444287054229436,-0.0883690352270859,56000.0,39900.0,-0.2571428571428571,0.0426065162907267,19327238.0,804013100800.0,12199824000.0,10525666692.5,0.0151736632000909,yfinance_download,131970.KQ
2022-06-02,41150.0,41300.0,40500.0,40700.0,39942.375,171548.0,-0.0216346153846154,-0.2834507042253521,43555.0,43466.66666666666,45567.91666666666,0.3502522556063331,0.3777793539036093,-0.1503131524008351,-0.0905027932960893,-0.1599587203302374,-0.0655493054758351,-0.0636503067484661,-0.106827720527052,56000.0,39900.0,-0.2732142857142857,0.0200501253132832,19327238.0,786618586600.0,6982003600.0,10417772132.5,0.0088759707931366,yfinance_download,131970.KQ
2022-06-03,41100.0,41450.0,40500.0,40700.0,39942.375,160626.0,0.0,-0.2834507042253521,43220.0,43417.5,45490.41666666666,0.3512000955747345,0.3746564093228281,-0.1413502109704641,-0.0675830469644902,-0.186,-0.0583063396575659,-0.0625899694823516,-0.1053060626322393,56000.0,39900.0,-0.2732142857142857,0.0200501253132832,19327238.0,786618586600.0,6537478200.0,10271323862.5,0.0083108615933637,yfinance_download,131970.KQ
2022-06-07,40300.0,40350.0,39600.0,39650.0,38911.91796875,202723.0,-0.0257985257985258,-0.3019366197183099,42872.5,43387.5,45403.333333333336,0.3558041887241854,0.3640127614062154,-0.1491416309012875,-0.0434258142340169,-0.2085828343313372,-0.0751647326374715,-0.0861423220973782,-0.1267161001394905,56000.0,39650.0,-0.2919642857142857,0.0,19327238.0,766324986700.0,8037966950.0,10419035520.0,0.0104889793357954,yfinance_download,131970.KQ
2022-06-08,39650.0,40200.0,38750.0,38950.0,38224.953125,195498.0,-0.0176544766708701,-0.3142605633802817,42520.0,43347.5,45315.0,0.3571093745962747,0.3656938540652526,-0.1532608695652173,-0.0580411124546553,-0.213925327951564,-0.0839604891815616,-0.1014476036680316,-0.140461215932914,56000.0,38950.0,-0.3044642857142857,0.0,19327238.0,752795920100.0,7614647100.0,10483862875.0,0.0101151545813219,yfinance_download,131970.KQ
2022-06-09,38950.0,38950.0,37300.0,38100.0,37390.7734375,376316.0,-0.0218228498074454,-0.329225352112676,42205.0,43273.333333333336,45211.66666666666,0.3470611254941215,0.3628552664682899,-0.1418918918918918,-0.1045828437132785,-0.2455445544554455,-0.0972633574221063,-0.1195501463564936,-0.1572971578132487,56000.0,38100.0,-0.3196428571428571,0.0,19327238.0,736367767800.0,14337639600.0,10590586735.0,0.0194707593500944,yfinance_download,131970.KQ
2022-06-10,37350.0,38100.0,36750.0,37700.0,36998.21875,147697.0,-0.010498687664042,-0.3362676056338028,41832.5,43191.66666666666,45114.583333333336,0.3350482278732851,0.3632642685148864,-0.1650055370985603,-0.1150234741784037,-0.2360688956433637,-0.098786828422877,-0.1271464402855489,-0.1643500346340337,56000.0,37700.0,-0.3267857142857142,0.0,19327238.0,728636872600.0,5568176900.0,10540030422.5,0.0076419093095454,yfinance_download,131970.KQ
2022-06-13,36450.0,36750.0,35200.0,35300.0,34642.8984375,263413.0,-0.0636604774535809,-0.3785211267605634,41405.0,43099.16666666666,45002.083333333336,0.382228771563983,0.3764078984399576,-0.1949828962371721,-0.1358629130966951,-0.2766393442622951,-0.1474459606327738,-0.1809586418917612,-0.2155918707467247,56000.0,35300.0,-0.3696428571428571,0.0,19327238.0,682251501400.0,9298478900.0,10691402750.0,0.0136291072733724,yfinance_download,131970.KQ
2022-06-14,34000.0,35150.0,33800.0,34800.0,34152.20703125,197104.0,-0.0141643059490085,-0.3873239436619718,40855.0,42999.16666666666,44901.25,0.3223438146893372,0.3772042351139277,-0.2401746724890829,-0.1470588235294118,-0.2579957356076758,-0.1482070737975768,-0.1906819899610456,-0.2249658973859302,56000.0,34800.0,-0.3785714285714285,0.0,19327238.0,672587882400.0,6859219200.0,10515364980.0,0.0101982497447384,yfinance_download,131970.KQ
2022-06-15,34500.0,34900.0,33700.0,34200.0,33563.37109375,183899.0,-0.0172413793103448,-0.397887323943662,40282.5,42874.16666666666,44789.16666666666,0.3203077346167955,0.3749237160149941,-0.2508214676889375,-0.1798561151079136,-0.2822665267576075,-0.1509960901135728,-0.2023168574705047,-0.2364224979998883,56000.0,34200.0,-0.3892857142857142,0.0,19327238.0,660991539600.0,6289345800.0,10493921310.0,0.009515017096597,yfinance_download,131970.KQ
2022-06-16,35250.0,36350.0,34400.0,34600.0,33955.92578125,243023.0,0.0116959064327486,-0.3908450704225352,39800.0,42748.333333333336,44685.41666666666,0.3265516618934108,0.3750706734281881,-0.2180790960451977,-0.1791221826809015,-0.2646121147715197,-0.1306532663316583,-0.1906117197551562,-0.2256981677467481,56000.0,34200.0,-0.3821428571428571,0.0116959064327486,19327238.0,668722434800.0,8408595800.0,9680344712.5,0.0125741194887753,yfinance_download,131970.KQ
2022-06-17,33500.0,33850.0,33300.0,33700.0,33072.68359375,140327.0,-0.0260115606936416,-0.4066901408450704,39297.5,42599.16666666666,44574.583333333336,0.3302749842561843,0.376682876489833,-0.2297142857142857,-0.2098475967174677,-0.2829787234042553,-0.1424390864558814,-0.2089047125335001,-0.2439637685900971,56000.0,33700.0,-0.3982142857142857,0.0,19327238.0,651327920600.0,4729019900.0,9374197270.0,0.0072605821897572,yfinance_download,131970.KQ
2022-06-20,33950.0,34050.0,31250.0,31600.0,31011.771484375,283476.0,-0.0623145400593472,-0.4436619718309859,38702.5,42425.0,44438.75,0.3726570336708915,0.3949209341737668,-0.2735632183908045,-0.248513674197384,-0.3402922755741128,-0.1835152767909049,-0.2551561579257513,-0.2889088914517173,56000.0,31600.0,-0.4357142857142857,0.0,19327238.0,610740720800.0,8957841600.0,9415949425.0,0.0146671759306735,yfinance_download,131970.KQ
2022-06-21,31700.0,32450.0,31000.0,32350.0,31747.80859375,171373.0,0.0237341772151897,-0.4304577464788732,38147.5,42255.0,44313.75,0.3952274765906789,0.3977495639295542,-0.2554660529344074,-0.2397179788484136,-0.3167898627243928,-0.1519758830853922,-0.234410128978819,-0.26997827987927,56000.0,31600.0,-0.4223214285714286,0.0237341772151897,19327238.0,625236149300.0,5543916550.0,9422082427.5,0.0088669162143085,yfinance_download,131970.KQ
2022-06-22,32350.0,32450.0,29400.0,29400.0,28852.72265625,433437.0,-0.0911901081916537,-0.4823943661971831,37455.0,42035.833333333336,44173.75,0.4778083937837254,0.4356822974754258,-0.3202312138728324,-0.3090481786133959,-0.3636363636363636,-0.2150580696836203,-0.3005967131217414,-0.3344463623758453,56000.0,29400.0,-0.475,0.0,19327238.0,568220797200.0,12743047800.0,9727407842.5,0.0224262256200291,yfinance_download,131970.KQ
2022-06-23,29400.0,30900.0,29200.0,29200.0,28656.447265625,264783.0,-0.0068027210884353,-0.4859154929577465,36842.5,41816.66666666666,44017.5,0.4715738158216356,0.4356815418609585,-0.2955367913148371,-0.3105076741440378,-0.3910323253388946,-0.2074370631743231,-0.3017138302112395,-0.3366274777077298,56000.0,29200.0,-0.4785714285714285,0.0,19327238.0,564355349600.0,7731663600.0,9530381240.0,0.0136999916904836,yfinance_download,131970.KQ
2022-06-24,29200.0,30800.0,29200.0,30650.0,30079.455078125,202554.0,0.0496575342465752,-0.460387323943662,36332.5,41619.16666666666,43877.91666666666,0.527620906464101,0.4499252319868677,-0.2496940024479804,-0.2788235294117647,-0.3533755274261603,-0.1564026697860042,-0.2635604589231723,-0.3014709373545917,56000.0,29200.0,-0.4526785714285714,0.0496575342465752,19327238.0,592379844700.0,6208280100.0,9027641272.5,0.01048023519967,yfinance_download,131970.KQ
2022-06-27,31200.0,33250.0,30450.0,33150.0,32532.919921875,292453.0,0.0815660685154975,-0.4163732394366197,35987.5,41470.0,43740.833333333336,0.6257610251601232,0.4835247129548549,-0.1722846441947565,-0.2125890736342043,-0.3316532258064516,-0.0788468218131295,-0.2006269592476489,-0.2421269218312408,56000.0,29200.0,-0.4080357142857143,0.1352739726027396,19327238.0,640697939700.0,9694816950.0,8775968752.5,0.0151316499543287,yfinance_download,131970.KQ
2022-06-28,32650.0,33100.0,31950.0,32250.0,31649.669921875,149173.0,-0.0271493212669683,-0.4322183098591549,35515.0,41290.833333333336,43601.66666666666,0.6000248762616082,0.4830789603998604,-0.2266187050359712,-0.25,-0.341164453524004,-0.0919329860622272,-0.2189549738642556,-0.2603493750238904,56000.0,29200.0,-0.4241071428571429,0.1044520547945204,19327238.0,623303425500.0,4810829250.0,7950262065.0,0.0077182782144039,yfinance_download,131970.KQ
2022-06-29,31400.0,32050.0,31000.0,31800.0,31208.046875,122563.0,-0.0139534883720929,-0.4401408450704225,35020.0,41112.5,43456.25,0.5983395488478758,0.4832525062513916,-0.237410071942446,-0.2517647058823529,-0.3543147208121827,-0.0919474585950885,-0.2265126178169656,-0.2682295412052351,56000.0,29200.0,-0.4321428571428571,0.0890410958904108,19327238.0,614606168400.0,3897503400.0,7822514760.0,0.0063414648280318,yfinance_download,131970.KQ
2022-06-30,31600.0,31600.0,30100.0,30300.0,29735.96875,182091.0,-0.0471698113207547,-0.4665492957746479,34455.0,40906.66666666666,43287.91666666666,0.6090440742888676,0.4908240502943733,-0.2716346153846154,-0.2895662368112544,-0.4,-0.1205920766216804,-0.2592894393741851,-0.3000356142495499,56000.0,29200.0,-0.4589285714285714,0.0376712328767123,19327238.0,585615311400.0,5517357300.0,7488391425.0,0.0094214703621903,yfinance_download,131970.KQ
2022-07-01,30400.0,30900.0,29250.0,29500.0,28950.861328125,141347.0,-0.0264026402640263,-0.4806338028169014,33895.0,40699.16666666666,43120.41666666666,0.6099652895379293,0.4922226474091382,-0.2751842751842751,-0.2967818831942789,-0.405241935483871,-0.1296651423513792,-0.2751694342636007,-0.3158693194445786,56000.0,29200.0,-0.4732142857142857,0.0102739726027396,19327238.0,570153521000.0,4169736500.0,7347778070.0,0.0073133574492123,yfinance_download,131970.KQ
2022-07-04,29500.0,30100.0,28550.0,29350.0,28803.654296875,162864.0,-0.0050847457627118,-0.483274647887324,33327.5,40487.5,42948.75,0.6085435788575936,0.4919574102224097,-0.2788697788697788,-0.3020214030915576,-0.4124124124124124,-0.1193458855299677,-0.2750849027477616,-0.3166273756512122,56000.0,29200.0,-0.4758928571428571,0.0051369863013699,19327238.0,567254435300.0,4780058400.0,7259907080.0,0.0084266567214622,yfinance_download,131970.KQ
2022-07-05,29500.0,31300.0,29500.0,30950.0,30373.869140625,189476.0,0.0545144804088586,-0.4551056338028169,32892.5,40295.0,42792.91666666666,0.6555042397622752,0.5061122575263788,-0.2194199243379571,-0.2717647058823529,-0.3766364551863042,-0.059056015809075,-0.231914629606651,-0.2767494620410309,56000.0,29200.0,-0.4473214285714285,0.0599315068493151,19327238.0,598178016100.0,5864282200.0,7151222842.5,0.0098035735887352,yfinance_download,131970.KQ
2022-07-06,30650.0,31100.0,30150.0,30200.0,29637.830078125,87101.0,-0.0242326332794829,-0.4683098591549296,32455.0,40108.333333333336,42650.833333333336,0.6567384325118718,0.5058295954023966,-0.2246469833119383,-0.2705314009661835,-0.3608465608465608,-0.0694808195963642,-0.2470392686474133,-0.2919247376956293,56000.0,29200.0,-0.4607142857142857,0.0342465753424656,19327238.0,583682587600.0,2630450200.0,6902012997.5,0.0045066449743103,yfinance_download,131970.KQ
2022-07-07,30600.0,31550.0,30450.0,31150.0,30570.150390625,102476.0,0.0314569536423841,-0.4515845070422535,32107.5,39948.333333333336,42527.083333333336,0.6730122797055409,0.510677026599708,-0.1824146981627297,-0.2355828220858895,-0.3228260869565217,-0.0298216927509148,-0.2202428136342776,-0.2675255964336452,56000.0,29200.0,-0.44375,0.0667808219178083,19327238.0,602043463700.0,3192127400.0,6344737387.5,0.0053021543999199,yfinance_download,131970.KQ
2022-07-08,31750.0,31750.0,30750.0,30750.0,30177.591796875,77083.0,-0.0128410914927769,-0.4586267605633802,31760.0,39780.0,42390.833333333336,0.6731253103668547,0.5108184184876857,-0.1843501326259946,-0.2472460220318237,-0.3471337579617835,-0.031801007556675,-0.226998491704374,-0.2746073246967702,56000.0,29200.0,-0.4508928571428571,0.0530821917808219,19327238.0,594312568500.0,2370302250.0,6184843655.0,0.0039883091417407,yfinance_download,131970.KQ
2022-07-11,30850.0,31050.0,30000.0,30600.0,30030.38671875,93974.0,-0.0048780487804878,-0.4612676056338028,31525.0,39616.66666666666,42265.41666666666,0.6417479600882571,0.5106242556817263,-0.1331444759206799,-0.2425742574257425,-0.3296823658269441,-0.0293417922283901,-0.2275978123685317,-0.2760038250342577,56000.0,29200.0,-0.4535714285714286,0.047945205479452,19327238.0,591413482800.0,2875604400.0,5863699930.0,0.0048622570902267,yfinance_download,131970.KQ
2022-07-12,30300.0,30350.0,27900.0,28150.0,27625.990234375,410491.0,-0.0800653594771242,-0.5044014084507042,31192.5,39415.0,42119.583333333336,0.6929923366686283,0.5338171209645524,-0.1910919540229885,-0.3006211180124223,-0.3833515881708652,-0.0975394726296385,-0.2858048966129646,-0.3316648035850308,56000.0,28150.0,-0.4973214285714286,0.0,19327238.0,544061749700.0,11555321650.0,6098505052.5,0.0212389892440916,yfinance_download,131970.KQ
2022-07-13,28100.0,28800.0,27800.0,28450.0,27920.408203125,147404.0,0.0106571936056838,-0.4991197183098591,30905.0,39197.5,41960.833333333336,0.6960005203054737,0.529488692696661,-0.1681286549707602,-0.3144578313253012,-0.4010526315789473,-0.0794369843067465,-0.2741884048727597,-0.3219867733799376,56000.0,28150.0,-0.4919642857142857,0.0106571936056838,19327238.0,549859921100.0,4193643800.0,5993719952.5,0.0076267493575646,yfinance_download,131970.KQ
2022-07-14,28150.0,29100.0,27900.0,28650.0,28116.68359375,108141.0,0.0070298769771528,-0.4955985915492957,30607.5,38965.833333333336,41796.66666666666,0.6944231028796978,0.5262297014317574,-0.1719653179190751,-0.3266745005875441,-0.4074457083764219,-0.0639549130115167,-0.2647404777689857,-0.3145386394449317,56000.0,28150.0,-0.4883928571428572,0.0177619893428064,19327238.0,553725368700.0,3098239650.0,5728202145.0,0.0055952640516974,yfinance_download,131970.KQ
2022-07-15,29150.0,29650.0,28350.0,29000.0,28460.166015625,140255.0,0.012216404886562,-0.4894366197183099,30372.5,38739.16666666666,41640.0,0.6948761596432795,0.5273607222275625,-0.1394658753709199,-0.3192488262910797,-0.3933054393305439,-0.0451889044365791,-0.2514036182158452,-0.3035542747358309,56000.0,28150.0,-0.4821428571428571,0.0301953818827709,19327238.0,560489902000.0,4067395000.0,5695120900.0,0.0072568568773251,yfinance_download,131970.KQ
2022-07-18,29800.0,30100.0,29350.0,30050.0,29490.625,159382.0,0.0362068965517241,-0.4709507042253521,30295.0,38465.833333333336,41489.16666666666,0.6778286660683451,0.4958916157624299,-0.0490506329113924,-0.3530678148546824,-0.3759086188992731,-0.0080871430929195,-0.2187872354253776,-0.2757145439572579,56000.0,28150.0,-0.4633928571428571,0.0674955595026642,19327238.0,580783501900.0,4789429100.0,5486700275.0,0.0082464964730087,yfinance_download,131970.KQ
2022-07-19,29700.0,30250.0,29300.0,30000.0,29441.5546875,91630.0,-0.0016638935108153,-0.471830985915493,30177.5,38175.0,41346.66666666666,0.6711831389763382,0.4925091952775612,-0.0726429675425038,-0.3677555321390937,-0.3630573248407643,-0.0058818656283654,-0.2141453831041257,-0.27442760399871,56000.0,28150.0,-0.4642857142857143,0.0657193605683836,19327238.0,579817140000.0,2748900000.0,5346949447.5,0.0047409774743809,yfinance_download,131970.KQ
2022-07-20,30950.0,31150.0,30050.0,30200.0,29637.830078125,117792.0,0.0066666666666665,-0.4683098591549296,30217.5,37893.333333333336,41204.583333333336,0.5847894971692792,0.4933200795425523,0.0272108843537415,-0.3588110403397028,-0.3608465608465608,-0.0005791346074294,-0.2030260380014075,-0.2670718265565117,56000.0,28150.0,-0.4607142857142857,0.0728241563055063,19327238.0,583682587600.0,3557318400.0,4887662977.5,0.0060946111389532,yfinance_download,131970.KQ
2022-07-21,30550.0,30700.0,30150.0,30650.0,30079.455078125,95480.0,0.0149006622516556,-0.460387323943662,30290.0,37594.16666666666,41063.333333333336,0.5855372055795174,0.4888368661932435,0.0496575342465752,-0.3693415637860082,-0.3560924369747898,0.011885110597557,-0.1847139405492872,-0.2535920123386639,56000.0,28150.0,-0.4526785714285714,0.0888099467140319,19327238.0,592379844700.0,2926462000.0,4647402897.5,0.0049401782085986,yfinance_download,131970.KQ
2022-07-22,30750.0,30950.0,30000.0,30000.0,29441.5546875,143475.0,-0.0212071778140293,-0.471830985915493,30257.5,37284.16666666666,40930.41666666666,0.5644087790174767,0.4894373794292208,-0.0212071778140293,-0.3827160493827161,-0.3471164309031556,-0.0085102867057754,-0.1953689010080239,-0.2670487514379077,56000.0,28150.0,-0.4642857142857143,0.0657193605683836,19327238.0,579817140000.0,4304250000.0,4552201392.5,0.0074234611277617,yfinance_download,131970.KQ
2022-07-25,29800.0,30100.0,29500.0,30000.0,29441.5546875,69119.0,0.0,-0.471830985915493,30100.0,36995.0,40799.16666666666,0.4742200734501974,0.4881930214512688,-0.0950226244343891,-0.3664202745512144,-0.3442622950819672,-0.0033222591362126,-0.1890796053520745,-0.2646908637839824,56000.0,28150.0,-0.4642857142857143,0.0657193605683836,19327238.0,579817140000.0,2073570000.0,4171139045.0,0.0035762481943876,yfinance_download,131970.KQ
2022-07-26,29900.0,30450.0,29650.0,30400.0,29834.107421875,60409.0,0.0133333333333334,-0.4647887323943662,30007.5,36686.66666666666,40670.41666666666,0.4703888498261687,0.4830215913127765,-0.0573643410852713,-0.378323108384458,-0.336968375136314,0.0130800633175038,-0.1713610757768489,-0.2525279431199991,56000.0,28150.0,-0.4571428571428572,0.0799289520426287,19327238.0,587548035200.0,1836433600.0,4022419262.5,0.0031255888710016,yfinance_download,131970.KQ
2022-07-27,30400.0,30700.0,30100.0,30550.0,29981.31640625,55382.0,0.0049342105263157,-0.4621478873239436,29945.0,36386.66666666666,40543.75,0.4690790521217474,0.4836861700224109,-0.0393081761006289,-0.3707518022657055,-0.3322404371584699,0.0202037067957923,-0.1604067423964822,-0.2464929859719439,56000.0,28150.0,-0.4544642857142857,0.0852575488454707,19327238.0,590447120900.0,1691920100.0,3912140097.5,0.0028654896266088,yfinance_download,131970.KQ
2022-07-28,31100.0,31350.0,30150.0,30350.0,29785.037109375,141038.0,-0.0065466448445171,-0.465669014084507,29947.5,36105.833333333336,40423.75,0.4378389504451473,0.4817819885514344,0.0016501650165017,-0.3569915254237288,-0.3217877094972067,0.013440186993906,-0.1594156068963925,-0.2492037477967779,56000.0,28150.0,-0.4580357142857143,0.0781527531083481,19327238.0,586581673300.0,4280503300.0,3850297397.5,0.0072973696500244,yfinance_download,131970.KQ
2022-07-29,30400.0,31150.0,30400.0,30950.0,30373.869140625,124802.0,0.0197693574958814,-0.4551056338028169,30020.0,35823.333333333336,40295.833333333336,0.4309016717907426,0.4828375840823253,0.0491525423728813,-0.3538622129436325,-0.3315334773218142,0.0309793471019319,-0.1360379640829999,-0.2319305139075587,56000.0,28150.0,-0.4473214285714285,0.0994671403197158,19327238.0,598178016100.0,3862621900.0,3834941667.5,0.0064573116965807,yfinance_download,131970.KQ
2022-08-01,30950.0,31000.0,30500.0,30500.0,29932.24609375,117329.0,-0.0145395799676898,-0.4630281690140845,30077.5,35541.666666666664,40153.333333333336,0.4344763172121429,0.4830429082847675,0.039182282793867,-0.3565400843881856,-0.3592436974789915,0.0140470451334053,-0.1418522860492379,-0.240411754939399,56000.0,28150.0,-0.4553571428571429,0.0834813499111901,19327238.0,589480759000.0,3578534500.0,3774865472.5,0.0060706553103966,yfinance_download,131970.KQ
2022-08-02,30500.0,30500.0,29550.0,29600.0,29049.0,166969.0,-0.0295081967213114,-0.4788732394366197,30010.0,35258.333333333336,39975.833333333336,0.4016402332535217,0.4848516038063362,-0.0436187399030694,-0.3648068669527897,-0.418467583497053,-0.0136621126291236,-0.1604821555187899,-0.2595526463905276,56000.0,28150.0,-0.4714285714285714,0.0515097690941386,19327238.0,572086244800.0,4942282400.0,3728765482.5,0.0086390512705436,yfinance_download,131970.KQ
2022-08-03,29450.0,29600.0,29100.0,29550.0,28999.9296875,107036.0,-0.0016891891891891,-0.4797535211267606,29977.5,34984.166666666664,39799.583333333336,0.3929030315547874,0.4848217740377995,-0.021523178807947,-0.3576086956521739,-0.4171597633136095,-0.0142606955216412,-0.1553321740787498,-0.2575299155141909,56000.0,28150.0,-0.4723214285714285,0.0497335701598578,19327238.0,571119882900.0,3162913800.0,3755388662.5,0.0055380908539544,yfinance_download,131970.KQ
2022-08-04,29900.0,30100.0,29700.0,29950.0,29392.484375,107272.0,0.0135363790186124,-0.4727112676056337,29917.5,34743.333333333336,39642.91666666666,0.3782735544025798,0.4830565276010714,-0.0385232744783307,-0.3254504504504504,-0.3856410256410256,0.0010863207153004,-0.1379641178163677,-0.2445056388804221,56000.0,28150.0,-0.4651785714285714,0.063943161634103,19327238.0,578850778100.0,3212796400.0,3756422112.5,0.0055503016002596,yfinance_download,131970.KQ
2022-08-05,29950.0,30400.0,29800.0,30350.0,29785.037109375,89321.0,0.0133555926544239,-0.465669014084507,29897.5,34496.666666666664,39482.91666666666,0.37945360977408,0.4823921160994998,-0.0130081300813008,-0.3277962347729789,-0.3874873864783047,0.0151350447361819,-0.1202048507102134,-0.2313131206534471,56000.0,28150.0,-0.4580357142857143,0.0781527531083481,19327238.0,586581673300.0,2710892350.0,3773451617.5,0.0046215087743008,yfinance_download,131970.KQ
2022-08-08,30350.0,30400.0,29800.0,29900.0,29343.416015625,65554.0,-0.014827018121911,-0.4735915492957746,29862.5,34264.166666666664,39314.583333333336,0.3826496104350863,0.4804360736253123,-0.022875816993464,-0.3181299885974914,-0.4031936127744511,0.0012557555462535,-0.1273682418464381,-0.2394679667214244,56000.0,28150.0,-0.4660714285714286,0.0621669626998224,19327238.0,577884416200.0,1960064600.0,3727674627.5,0.003391793488547,yfinance_download,131970.KQ
2022-08-09,30000.0,30000.0,29150.0,29400.0,28852.72265625,121342.0,-0.0167224080267558,-0.4823943661971831,29925.0,33990.833333333336,39147.5,0.2528063845557416,0.4692677445013122,0.0444049733570159,-0.3580786026200873,-0.4054600606673407,-0.0175438596491228,-0.1350609232881414,-0.2489941886455073,56000.0,28150.0,-0.475,0.0444049733570159,19327238.0,568220797200.0,3567454800.0,3328281285.0,0.006278289738037,yfinance_download,131970.KQ
2022-08-10,28900.0,28950.0,28350.0,28400.0,27871.33984375,167279.0,-0.0340136054421769,-0.5,29922.5,33703.333333333336,38990.833333333336,0.2813280470783578,0.472463384732505,-0.0017574692442882,-0.3778751369112815,-0.3983050847457627,-0.0508814437296348,-0.157353377509643,-0.2716236722306525,56000.0,28150.0,-0.4928571428571429,0.0088809946714032,19327238.0,548893559200.0,4750723600.0,3356135275.0,0.0086550908101819,yfinance_download,131970.KQ
2022-08-11,28950.0,29400.0,28900.0,29150.0,28607.375,100401.0,0.0264084507042252,-0.4867957746478873,29947.5,33451.666666666664,38850.0,0.2957349044993476,0.474951116171472,0.0174520069808028,-0.3412429378531073,-0.3669923995656895,-0.0266299357208448,-0.1285934930994967,-0.2496782496782497,56000.0,28150.0,-0.4794642857142857,0.0355239786856127,19327238.0,563388987700.0,2926689150.0,3347557750.0,0.0051947929652441,yfinance_download,131970.KQ
2022-08-12,29000.0,29950.0,28900.0,29850.0,29294.34765625,107489.0,0.0240137221269296,-0.4744718309859155,29990.0,33220.0,38686.66666666666,0.3044885322427504,0.4789203440977086,0.0293103448275862,-0.3177142857142857,-0.3963599595551061,-0.0046682227409136,-0.1014449127031908,-0.2284163363777356,56000.0,28150.0,-0.4669642857142857,0.0603907637655416,19327238.0,576918054300.0,3208546650.0,3304615332.5,0.0055615292780065,yfinance_download,131970.KQ
2022-08-16,30000.0,30600.0,29850.0,30100.0,29539.69140625,123167.0,0.0083752093802345,-0.4700704225352112,29992.5,32996.666666666664,38537.5,0.2773788007845376,0.4798132600655293,0.0016638935108153,-0.3080459770114943,-0.3729166666666667,0.0035842293906809,-0.0877866451156681,-0.2189425883879338,56000.0,28150.0,-0.4625,0.0692717584369448,19327238.0,581749863800.0,3707326700.0,3250510212.5,0.0063727160601012,yfinance_download,131970.KQ
2022-08-17,30000.0,30050.0,29100.0,29500.0,28950.861328125,151996.0,-0.0199335548172757,-0.4806338028169014,29967.5,32764.166666666668,38387.91666666666,0.2864644491068854,0.4806018739476668,-0.0166666666666667,-0.3210586881472957,-0.3782929399367756,-0.0156002335863852,-0.0996261159294962,-0.2315290184628409,56000.0,28150.0,-0.4732142857142857,0.0479573712255771,19327238.0,570153521000.0,4483882000.0,3337259312.5,0.0078643415060134,yfinance_download,131970.KQ
2022-08-18,29200.0,30100.0,28950.0,30100.0,29539.69140625,115094.0,0.0203389830508473,-0.4700704225352112,29962.5,32545.0,38243.333333333336,0.2950989470807624,0.4836154797166098,-0.0033112582781457,-0.3040462427745665,-0.3656480505795574,0.0045890696704213,-0.0751267475802734,-0.212934716290421,56000.0,28150.0,-0.4625,0.0692717584369448,19327238.0,581749863800.0,3464329400.0,3332609862.5,0.0059550154036495,yfinance_download,131970.KQ
2022-08-19,30400.0,30450.0,29200.0,29200.0,28656.447265625,111379.0,-0.0299003322259135,-0.4859154929577465,29890.0,32340.83333333333,38090.41666666666,0.3076750118107237,0.4804699652262983,-0.0473083197389886,-0.2955367913148371,-0.3859095688748686,-0.023084643693543,-0.0971166482001597,-0.2334029775643479,56000.0,28150.0,-0.4785714285714285,0.0373001776198933,19327238.0,564355349600.0,3252266800.0,3348900102.5,0.005762799630242,yfinance_download,131970.KQ
2022-08-22,28750.0,28800.0,28200.0,28250.0,27724.130859375,135660.0,-0.0325342465753424,-0.5026408450704225,29802.5,32130.83333333333,37937.5,0.3193417720777547,0.4833489802213028,-0.0583333333333333,-0.3084455324357404,-0.3937768240343348,-0.0520929452227162,-0.1207822185335996,-0.2553542009884678,56000.0,28150.0,-0.4955357142857143,0.0035523978685612,19327238.0,545994473500.0,3832395000.0,3325307352.5,0.007019109507525,yfinance_download,131970.KQ
2022-08-23,28150.0,28250.0,27350.0,27400.0,26889.953125,167180.0,-0.0300884955752211,-0.5176056338028169,29672.5,31920.0,37794.583333333336,0.3333847892910688,0.4851169359958155,-0.0866666666666666,-0.3158551810237203,-0.3849607182940516,-0.0765860645378717,-0.1416040100250626,-0.2750283881067613,56000.0,27400.0,-0.5107142857142857,0.0,19327238.0,529566321200.0,4580732000.0,3450665452.5,0.0086499685055878,yfinance_download,131970.KQ
2022-08-24,27650.0,27750.0,27150.0,27550.0,27037.162109375,87403.0,0.0054744525547445,-0.5149647887323944,29530.0,31684.166666666668,37649.16666666666,0.3290063329356126,0.4757551469046374,-0.09375,-0.3393285371702638,-0.3877777777777778,-0.0670504571622079,-0.130480523920991,-0.268244095708183,55200.0,27400.0,-0.5009057971014492,0.0054744525547445,19327238.0,532465406900.0,2407952650.0,3479241405.0,0.004522270590345,yfinance_download,131970.KQ
2022-08-25,27550.0,28250.0,27450.0,28250.0,27724.130859375,73711.0,0.0254083484573501,-0.5026408450704225,29415.0,31460.0,37517.083333333336,0.3446185860757985,0.4800539998192373,-0.0752864157119476,-0.3225419664268585,-0.3594104308390022,-0.0396056433792283,-0.1020343293070565,-0.2470096955831232,55200.0,27400.0,-0.4882246376811594,0.031021897810219,19327238.0,545994473500.0,2082335750.0,3498762187.5,0.0038138403428363,yfinance_download,131970.KQ
2022-08-26,28550.0,29100.0,28350.0,28500.0,27969.474609375,92490.0,0.0088495575221239,-0.4982394366197182,29322.5,31241.666666666668,37387.91666666666,0.3472440447706423,0.4809684916069079,-0.0609555189456342,-0.3149038461538461,-0.3522727272727273,-0.0280501321510785,-0.0877567351293678,-0.2377216346636056,54800.0,27400.0,-0.47992700729927,0.0401459854014598,19327238.0,550826283000.0,2635965000.0,3416535272.5,0.0047854742617646,yfinance_download,131970.KQ
2022-08-29,27150.0,27650.0,27050.0,27100.0,26595.537109375,138323.0,-0.0491228070175439,-0.522887323943662,29130.0,31015.0,37240.833333333336,0.3727354670253393,0.4880737333209786,-0.1243941841680129,-0.3341523341523341,-0.394413407821229,-0.0696876072777206,-0.126229243914235,-0.2723041464342456,54800.0,27100.0,-0.5054744525547445,0.0,19327238.0,523768149800.0,3748553300.0,3410831842.5,0.0071568943270631,yfinance_download,131970.KQ
2022-08-30,27500.0,28250.0,26950.0,28200.0,27675.060546875,111554.0,0.0405904059040589,-0.5035211267605634,29015.0,30806.666666666668,37112.083333333336,0.4065210690827955,0.497308007103725,-0.0754098360655737,-0.3071253071253071,-0.3539518900343642,-0.0280889195243839,-0.0846137199740316,-0.2401396669997418,54800.0,27100.0,-0.4854014598540146,0.0405904059040589,19327238.0,545028111600.0,3145822800.0,3389196257.5,0.0057718542090701,yfinance_download,131970.KQ
2022-08-31,27750.0,28900.0,27500.0,28850.0,28312.9609375,94178.0,0.0230496453900708,-0.4920774647887324,28977.5,30626.666666666668,37007.083333333336,0.4048994788597708,0.4989112230738291,-0.0253378378378378,-0.2723833543505675,-0.3039806996381182,-0.0043999654904667,-0.0580104484109709,-0.2204195142821757,54800.0,27100.0,-0.4735401459854015,0.0645756457564574,19327238.0,557590816300.0,2717035300.0,3277933902.5,0.0048728121421177,yfinance_download,131970.KQ
2022-09-01,28400.0,29050.0,28150.0,28400.0,27871.33984375,98533.0,-0.0155979202772963,-0.5,28920.0,30450.83333333333,36899.16666666666,0.4082228141971732,0.4987025736556975,-0.038917089678511,-0.2708600770218228,-0.313180169286578,-0.0179806362378976,-0.0673490052270052,-0.2303349217462001,54800.0,27100.0,-0.4817518248175182,0.047970479704797,19327238.0,548893559200.0,2798337200.0,3259705072.5,0.0050981418038107,yfinance_download,131970.KQ
2022-09-02,28500.0,28900.0,27700.0,27800.0,27282.505859375,81555.0,-0.0211267605633802,-0.5105633802816901,28812.5,30279.166666666668,36776.25,0.4096412046891581,0.4986028838721473,-0.0717863105175292,-0.2703412073490814,-0.3466509988249119,-0.0351409978308026,-0.0818769781202697,-0.2440773597090513,54800.0,27100.0,-0.4927007299270073,0.0258302583025831,19327238.0,537297216400.0,2267229000.0,3212426702.5,0.0042196924361359,yfinance_download,131970.KQ
2022-09-05,27600.0,27950.0,27050.0,27300.0,26791.814453125,87398.0,-0.0179856115107913,-0.5193661971830985,28660.0,30105.83333333333,36648.75,0.4077405733466583,0.4992073595870522,-0.1004942339373969,-0.2758620689655172,-0.3591549295774647,-0.0474528960223308,-0.0931989924433248,-0.2550905556124014,54800.0,27100.0,-0.5018248175182483,0.0073800738007379,19327238.0,527633597400.0,2385965400.0,3196180355.0,0.0045220118880928,yfinance_download,131970.KQ
2022-09-06,27300.0,27650.0,26700.0,26950.0,26448.328125,115730.0,-0.0128205128205127,-0.5255281690140845,28512.5,29966.666666666668,36532.91666666666,0.4071588299284332,0.4842861215444664,-0.0986622073578595,-0.2365439093484419,-0.3402692778457772,-0.0548005260850503,-0.1006674082313682,-0.2623091048027464,53700.0,26950.0,-0.4981378026070763,0.0,19327238.0,520869064100.0,3118923500.0,3254123300.0,0.0059879223301332,yfinance_download,131970.KQ
2022-09-07,26750.0,26900.0,25850.0,25850.0,25368.8046875,118568.0,-0.0408163265306122,-0.5448943661971831,28335.0,29817.5,36408.333333333336,0.4250529014460415,0.4897188241340224,-0.1207482993197278,-0.257183908045977,-0.366421568627451,-0.0877007234868537,-0.1330594449568206,-0.2899977111467156,53700.0,25850.0,-0.5186219739292365,0.0,19327238.0,499609102300.0,3064982800.0,3228999700.0,0.0061347617284994,yfinance_download,131970.KQ
2022-09-08,25900.0,26450.0,25850.0,25850.0,25368.8046875,97433.0,0.0,-0.5448943661971831,28207.5,29678.33333333333,36276.25,0.4123546645535793,0.4890727386239701,-0.0897887323943662,-0.2441520467836256,-0.3800959232613908,-0.0835770628378976,-0.1289942157578479,-0.2874125633162193,53700.0,25850.0,-0.5186219739292365,0.0,19327238.0,499609102300.0,2518643050.0,3117395672.5,0.0050412273083199,yfinance_download,131970.KQ
2022-09-13,26400.0,27350.0,26350.0,27300.0,26791.814453125,109663.0,0.0560928433268859,-0.5193661971830985,28115.0,29556.666666666668,36152.5,0.4531834272430474,0.5034808801073308,-0.0634648370497427,-0.2109826589595376,-0.3523131672597864,-0.0289880846523208,-0.0763505131386038,-0.2448655003111818,53700.0,25850.0,-0.4916201117318436,0.0560928433268859,19327238.0,527633597400.0,2993799900.0,3120751210.0,0.0056740130172764,yfinance_download,131970.KQ
2022-09-14,26000.0,26750.0,25950.0,26400.0,25908.56640625,83970.0,-0.0329670329670329,-0.5352112676056338,27942.5,29435.0,36017.083333333336,0.453459281143383,0.5050119830024726,-0.1155778894472361,-0.2166172106824926,-0.3810082063305978,-0.055202648295607,-0.1031085442500424,-0.2670144954361935,53700.0,25850.0,-0.5083798882681565,0.0212765957446807,19327238.0,510239083200.0,2216808000.0,3071164277.5,0.0043446456239634,yfinance_download,131970.KQ
2022-09-15,26800.0,26800.0,26150.0,26200.0,25712.291015625,45568.0,-0.0075757575757575,-0.5387323943661972,27747.5,29345.0,35885.0,0.4504004474988631,0.490048786832742,-0.1295681063122923,-0.1708860759493671,-0.3769322235434007,-0.0557707901612758,-0.1071732833532117,-0.2698899261529887,53700.0,25850.0,-0.5121042830540037,0.0135396518375241,19327238.0,506373635600.0,1193881600.0,2945492022.5,0.0023577088459302,yfinance_download,131970.KQ
2022-09-16,26100.0,26350.0,25700.0,26150.0,25663.220703125,72060.0,-0.0019083969465648,-0.539612676056338,27580.0,29241.666666666668,35748.333333333336,0.4478249100589853,0.4869607110593807,-0.1135593220338982,-0.1916537867078825,-0.3854289071680375,-0.051849166062364,-0.1057281276717013,-0.2684973658445615,53700.0,25850.0,-0.5130353817504656,0.011605415860735,19327238.0,505407273700.0,1884369000.0,2815516372.5,0.0037284168591497,yfinance_download,131970.KQ
2022-09-19,25800.0,26550.0,25450.0,25550.0,25074.388671875,79669.0,-0.022944550669216,-0.5501760563380282,27352.5,29177.5,35606.666666666664,0.4408334700202231,0.45312517585377,-0.1511627906976744,-0.1309523809523809,-0.399529964747356,-0.0658989123480486,-0.1243252506211978,-0.2824377457404979,53700.0,25550.0,-0.5242085661080074,0.0,19327238.0,493810930900.0,2035542950.0,2744077050.0,0.0041221099465945,yfinance_download,131970.KQ
2022-09-20,25600.0,26300.0,25400.0,25550.0,25074.388671875,87707.0,0.0,-0.5501760563380282,27170.0,29116.666666666668,35466.666666666664,0.4336670477269105,0.4530276276799712,-0.125,-0.125,-0.396694214876033,-0.0596245859403754,-0.1224957069261591,-0.2796052631578947,53700.0,25550.0,-0.5242085661080074,0.0,19327238.0,493810930900.0,2240913850.0,2693509402.5,0.0045379996872807,yfinance_download,131970.KQ
2022-09-21,25100.0,25300.0,24550.0,25050.0,24583.697265625,174897.0,-0.0195694716242661,-0.5589788732394366,27010.0,29023.33333333333,35321.25,0.4256327322437505,0.4414951960708735,-0.1132743362831858,-0.1827079934747145,-0.4105882352941177,-0.0725657164013328,-0.1369013437464109,-0.2907952011890858,53000.0,25050.0,-0.5273584905660378,0.0,19327238.0,484147311900.0,4381169850.0,2720948145.0,0.0090492495616807,yfinance_download,131970.KQ
2022-09-22,24600.0,24750.0,23950.0,24300.0,23847.658203125,156800.0,-0.029940119760479,-0.5721830985915493,26855.0,28875.83333333333,35172.916666666664,0.4255200642202345,0.4081780608445187,-0.1131386861313868,-0.2669683257918552,-0.4228028503562945,-0.0951405697263079,-0.1584658451415543,-0.3091275247290173,51100.0,24300.0,-0.5244618395303327,0.0,19327238.0,469651883400.0,3810240000.0,2682423545.0,0.0081129026299567,yfinance_download,131970.KQ
2022-09-23,24000.0,24450.0,23450.0,23450.0,23013.482421875,133217.0,-0.0349794238683127,-0.5871478873239437,26650.0,28729.166666666668,35010.0,0.4356084157277514,0.4103161386007974,-0.1488203266787658,-0.2728682170542635,-0.4546511627906977,-0.1200750469043152,-0.183756345177665,-0.3301913738931734,50900.0,23450.0,-0.5392927308447937,0.0,19327238.0,453223731100.0,3123938650.0,2718222845.0,0.0068927075870851,yfinance_download,131970.KQ
2022-09-26,23000.0,23500.0,22350.0,22400.0,21983.025390625,151558.0,-0.044776119402985,-0.6056338028169015,26357.5,28572.5,34842.5,0.4361659686750448,0.4179901848422323,-0.2070796460176991,-0.2955974842767296,-0.4729411764705882,-0.1501470169780897,-0.2160293988975413,-0.3571069814163736,50900.0,22400.0,-0.5599214145383105,0.0,19327238.0,432930131200.0,3394899200.0,2783851017.5,0.007841679188718,yfinance_download,131970.KQ
2022-09-27,22000.0,22850.0,21400.0,22200.0,21786.75,140724.0,-0.0089285714285713,-0.6091549295774648,26042.5,28437.5,34672.083333333336,0.4298588666066719,0.4089486429758482,-0.2210526315789474,-0.2673267326732673,-0.4794841735052755,-0.1475472784870883,-0.2193406593406593,-0.359715429079591,50900.0,22200.0,-0.5638506876227898,0.0,19327238.0,429064683600.0,3124072800.0,2808256407.5,0.0072811231485843,yfinance_download,131970.KQ
2022-09-28,22000.0,22400.0,21050.0,21350.0,20952.57421875,124343.0,-0.0382882882882883,-0.6241197183098591,25755.0,28301.666666666668,34500.416666666664,0.4190557131522758,0.4123364434440506,-0.2121771217712177,-0.2762711864406779,-0.4910607866507747,-0.1710347505338769,-0.2456274659914021,-0.3811668941196362,50900.0,21350.0,-0.5805500982318271,0.0,19327238.0,412636531300.0,2654723050.0,2753564895.0,0.0064335628298259,yfinance_download,131970.KQ
2022-09-29,21550.0,21900.0,20700.0,20700.0,20314.673828125,106352.0,-0.0304449648711944,-0.6355633802816901,25380.0,28157.5,34322.5,0.3754822780441299,0.4156104754719428,-0.2659574468085106,-0.2947189097103918,-0.5077288941736029,-0.1843971631205674,-0.2648495072360828,-0.396897079175468,50900.0,20700.0,-0.5933202357563852,0.0,19327238.0,400073826600.0,2201486400.0,2706348075.0,0.0055027003858492,yfinance_download,131970.KQ
2022-09-30,20300.0,20750.0,20100.0,20450.0,20069.326171875,136382.0,-0.0120772946859903,-0.6399647887323944,24960.0,27982.5,34138.75,0.3478630949379715,0.3965328359782407,-0.291161178509532,-0.3392568659127625,-0.5188235294117647,-0.1806891025641025,-0.2691860984543911,-0.4009739665336311,50900.0,20450.0,-0.5982318271119843,0.0,19327238.0,395242017100.0,2789011900.0,2709946905.0,0.0070564661127472,yfinance_download,131970.KQ
2022-10-04,20900.0,21800.0,20900.0,21750.0,21345.126953125,135180.0,0.0635696821515892,-0.6170774647887324,24627.5,27841.666666666668,33975.0,0.4500804896830907,0.4199665409812422,-0.2341549295774647,-0.2798013245033113,-0.4746376811594203,-0.116840929854837,-0.2187967674348997,-0.3598233995584988,50900.0,20450.0,-0.5726915520628684,0.0635696821515892,19327238.0,420367426500.0,2940165000.0,2717038295.0,0.0069942740913109,yfinance_download,131970.KQ
2022-10-05,22050.0,22200.0,21300.0,21500.0,21099.78125,144931.0,-0.0114942528735632,-0.6214788732394366,24312.5,27680.83333333333,33814.583333333336,0.4490355469878082,0.413162815518137,-0.2266187050359712,-0.3097913322632424,-0.4723926380368098,-0.1156812339331619,-0.2232892795857542,-0.3641796562134188,50900.0,20450.0,-0.5776031434184676,0.0513447432762836,19327238.0,415535617000.0,3116016500.0,2759477670.0,0.0074987952236113,yfinance_download,131970.KQ
2022-10-06,21850.0,23350.0,21850.0,23050.0,22620.92578125,232667.0,0.0720930232558139,-0.5941901408450705,24100.0,27552.5,33666.25,0.5389873447936386,0.4426190089959654,-0.1556776556776556,-0.2504065040650406,-0.4357405140758874,-0.0435684647302904,-0.163415298067326,-0.3153380611146177,50900.0,20450.0,-0.5471512770137524,0.1271393643031784,19327238.0,445492835900.0,5362974350.0,2908328117.5,0.012038295383955,yfinance_download,131970.KQ
2022-10-07,22750.0,24500.0,22400.0,23700.0,23258.828125,186313.0,0.0281995661605205,-0.5827464788732395,23937.5,27437.5,33527.083333333336,0.5534820950038885,0.4476323567200761,-0.1205936920222634,-0.2254901960784313,-0.4133663366336634,-0.0099216710182767,-0.1362186788154897,-0.2931088050705276,50900.0,20450.0,-0.5343811394891945,0.158924205378973,19327238.0,458055540600.0,4415618100.0,2973162847.5,0.009639918543974,yfinance_download,131970.KQ
2022-10-11,23200.0,23350.0,22400.0,22800.0,22375.580078125,103292.0,-0.0379746835443037,-0.5985915492957746,23785.0,27348.33333333333,33381.666666666664,0.5511873992414849,0.4247530953883809,-0.1179883945841392,-0.1900532859680284,-0.4335403726708075,-0.0414126550346857,-0.1663111706990065,-0.3169903639722402,50900.0,20450.0,-0.5520628683693516,0.1149144254278728,19327238.0,440661026400.0,2355057600.0,2937666587.5,0.005344374607484,yfinance_download,131970.KQ
2022-10-12,22700.0,23450.0,22350.0,23050.0,22620.92578125,85454.0,0.0109649122807018,-0.5941901408450705,23645.0,27258.33333333333,33227.916666666664,0.554056928133704,0.4247963081143523,-0.1083172147001934,-0.1898066783831282,-0.444578313253012,-0.0251638824275745,-0.1543870376031794,-0.3063061933364264,50900.0,20450.0,-0.5471512770137524,0.1271393643031784,19327238.0,445492835900.0,1969714700.0,2910220170.0,0.0044214284524255,yfinance_download,131970.KQ
2022-10-13,22700.0,23100.0,22100.0,22800.0,22375.580078125,115064.0,-0.0108459869848156,-0.5985915492957746,23420.0,27160.83333333333,33063.333333333336,0.50467465599594,0.4245458332228816,-0.1648351648351648,-0.2041884816753927,-0.4641598119858989,-0.0264730999146028,-0.1605559475961095,-0.3104143562859159,50900.0,20450.0,-0.5520628683693516,0.1149144254278728,19327238.0,440661026400.0,2623459200.0,2891703135.0,0.0059534631901361,yfinance_download,131970.KQ
2022-10-14,23500.0,23500.0,22700.0,23250.0,22817.203125,120255.0,0.019736842105263,-0.590669014084507,23262.5,27065.0,32902.083333333336,0.5054520543653972,0.4260084067092811,-0.1193181818181817,-0.1982758620689655,-0.454225352112676,-0.0005373455131649,-0.140956955477554,-0.2933578167542583,50900.0,20450.0,-0.5432220039292731,0.1369193154034229,19327238.0,449358283500.0,2795928750.0,2920659172.5,0.006222047868402,yfinance_download,131970.KQ
2022-10-17,22650.0,23200.0,22550.0,23200.0,22768.134765625,39708.0,-0.0021505376344086,-0.5915492957746479,23112.5,26950.83333333333,32708.33333333333,0.5055745271366757,0.4179826365907783,-0.1145038167938931,-0.2279534109816972,-0.5005382131324004,0.0037858301784747,-0.1391731857394638,-0.2907006369426751,50900.0,20450.0,-0.5442043222003929,0.1344743276283617,19327238.0,448391921600.0,921225600.0,2907026372.5,0.0020545098063158,yfinance_download,131970.KQ
2022-10-18,23700.0,23950.0,22950.0,23700.0,23258.828125,69743.0,0.021551724137931,-0.5827464788732395,22990.0,26845.83333333333,32510.416666666668,0.5146165268658441,0.4212235892480209,-0.0936902485659655,-0.2099999999999999,-0.5005268703898841,0.0308829926054805,-0.1171814372186869,-0.2710028836911247,50900.0,20450.0,-0.5343811394891945,0.158924205378973,19327238.0,458055540600.0,1652909100.0,2895453377.5,0.003608534235466,yfinance_download,131970.KQ
2022-10-19,24100.0,24100.0,22700.0,22700.0,22277.443359375,118224.0,-0.0421940928270042,-0.6003521126760563,22847.5,26720.83333333333,32307.08333333333,0.5281672289179958,0.4279960575634574,-0.111545988258317,-0.2483443708609272,-0.5180467091295117,-0.0064558485611116,-0.1504755964447216,-0.2973677083198989,50900.0,20450.0,-0.5540275049115914,0.1100244498777505,19327238.0,438728302600.0,2683684800.0,2927860470.0,0.0061169630135459,yfinance_download,131970.KQ
2022-10-20,22750.0,22850.0,21500.0,21900.0,21492.33203125,117555.0,-0.0352422907488987,-0.6144366197183099,22665.0,26575.0,32084.58333333333,0.5381291729441118,0.4306705571427792,-0.1428571428571429,-0.2854812398042414,-0.5493827160493827,-0.0337524818001323,-0.1759172154280338,-0.3174291910704777,50900.0,20450.0,-0.5697445972495088,0.0709046454767725,19327238.0,423266512200.0,2574454500.0,2944537502.5,0.0060823486521974,yfinance_download,131970.KQ
2022-10-21,21700.0,22400.0,21650.0,22050.0,21639.54296875,49680.0,0.0068493150684931,-0.6117957746478873,22515.0,26442.5,31863.33333333333,0.5382066329578344,0.4300620182545779,-0.1197604790419161,-0.265,-0.5462962962962963,-0.0206528980679546,-0.1661151555261416,-0.3079820064860341,50900.0,20450.0,-0.5667976424361494,0.0782396088019559,19327238.0,426165597900.0,1095444000.0,2780251210.0,0.0025704655781648,yfinance_download,131970.KQ
2022-10-24,22750.0,23400.0,22700.0,23050.0,22620.92578125,107594.0,0.0453514739229024,-0.5941901408450705,22452.5,26326.666666666668,31660.83333333333,0.5593905727838256,0.4420810456237987,-0.051440329218107,-0.2316666666666667,-0.5131995776135163,0.0266117358868722,-0.1244618890858445,-0.2719711525807385,50900.0,20450.0,-0.5471512770137524,0.1271393643031784,19327238.0,445492835900.0,2480041700.0,2713741295.0,0.0055669620253033,yfinance_download,131970.KQ
2022-10-25,22950.0,24750.0,22900.0,24450.0,23994.8671875,206684.0,0.0607375271149674,-0.5695422535211268,22502.5,26227.5,31457.08333333333,0.5871604721469907,0.4603197651547726,0.0426439232409381,-0.1957236842105263,-0.5,0.0865459393400733,-0.0677723763225621,-0.2227505728704452,50900.0,20450.0,-0.5196463654223968,0.19559902200489,19327238.0,472550969100.0,5053423800.0,2810215552.5,0.0106939232600126,yfinance_download,131970.KQ
2022-10-26,24350.0,25100.0,24150.0,24450.0,23994.8671875,125252.0,0.0,-0.5695422535211268,22605.0,26125.83333333333,31256.25,0.5599926749016578,0.4600577209374013,0.0915178571428572,-0.1996726677577741,-0.4963954685890834,0.081619110816191,-0.0641446843800834,-0.2177564487102579,50900.0,20450.0,-0.5196463654223968,0.19559902200489,19327238.0,472550969100.0,3062411400.0,2793591162.5,0.0064805948992815,yfinance_download,131970.KQ
2022-10-27,24800.0,26550.0,24400.0,26250.0,25761.359375,353340.0,0.0736196319018405,-0.5378521126760563,22807.5,26057.5,31081.666666666668,0.6074665897148579,0.4862292292753489,0.1824324324324324,-0.1350906095551894,-0.4438559322033898,0.1509371917132522,0.0073875083948959,-0.1554506944072068,50900.0,20450.0,-0.4842829076620825,0.2836185819070904,19327238.0,507339997500.0,9275175000.0,3101146272.5,0.0182819707606436,yfinance_download,131970.KQ
2022-10-28,26150.0,26400.0,24600.0,24800.0,24338.353515625,175929.0,-0.0552380952380952,-0.5633802816901409,22980.0,25955.0,30889.166666666668,0.6276473899987314,0.4961106156366264,0.1615925058548009,-0.1987075928917608,-0.4822546972860125,0.0791993037423846,-0.0445000963205548,-0.1971295222165269,50900.0,20450.0,-0.5127701375245579,0.2127139364303178,19327238.0,479315502400.0,4363039200.0,3186562080.0,0.0091026457065412,yfinance_download,131970.KQ
2022-10-31,25300.0,27100.0,25300.0,26700.0,26202.984375,348327.0,0.0766129032258065,-0.5299295774647887,23280.0,25891.666666666668,30716.666666666668,0.6545725044449984,0.5217285834058194,0.289855072463768,-0.1245901639344262,-0.4367088607594936,0.1469072164948452,0.0312198261989056,-0.1307650569723277,50900.0,20450.0,-0.4754420432220039,0.3056234718826405,19327238.0,516037254600.0,9300330900.0,3541504305.0,0.018022595882557,yfinance_download,131970.KQ
2022-11-01,26650.0,26650.0,25900.0,26150.0,25663.220703125,139588.0,-0.0205992509363296,-0.539612676056338,23565.0,25834.166666666668,30546.25,0.6596859221483765,0.5200164054839835,0.2787286063569683,-0.116554054054054,-0.4388412017167382,0.1096965839168258,0.012225412083481,-0.1439211032450792,50900.0,20450.0,-0.4862475442043221,0.2787286063569683,19327238.0,505407273700.0,3650226200.0,3584565020.0,0.0072223459968775,yfinance_download,131970.KQ
2022-11-02,25900.0,26150.0,25250.0,25600.0,25123.458984375,87465.0,-0.0210325047801147,-0.5492957746478873,23757.5,25768.33333333333,30376.25,0.6420909268581338,0.5215484852152705,0.1770114942528735,-0.1336717428087986,-0.4434782608695652,0.0775544564874251,-0.0065325658107495,-0.157236327723139,50900.0,20450.0,-0.4970530451866405,0.2518337408312958,19327238.0,494777292800.0,2239104000.0,3549511970.0,0.0045254784982727,yfinance_download,131970.KQ
2022-11-03,24950.0,26200.0,24650.0,25700.0,25221.59765625,125726.0,0.00390625,-0.5475352112676056,23967.5,25697.5,30220.416666666668,0.6379015839114829,0.5207066087217005,0.1953488372093024,-0.1419031719532554,-0.4211711711711712,0.0722853864608323,9.728572818357152e-05,-0.1495815466916682,50900.0,20450.0,-0.4950884086444007,0.256723716381418,19327238.0,496710016600.0,3231158200.0,3555269055.0,0.0065051198727929,yfinance_download,131970.KQ
2022-11-04,25350.0,25500.0,24500.0,25400.0,24927.181640625,101137.0,-0.0116731517509727,-0.5528169014084507,24085.0,25615.0,30055.83333333333,0.597269094938771,0.5200749240151203,0.1019522776572667,-0.1630971993410214,-0.4374307862679956,0.0545982976956611,-0.0083935194222135,-0.1549061468932818,50900.0,20450.0,-0.5009823182711198,0.2420537897310513,19327238.0,490911845200.0,2568879800.0,3415564327.5,0.0052328739367725,yfinance_download,131970.KQ
2022-11-07,25350.0,27350.0,25200.0,27150.0,26644.607421875,240161.0,0.0688976377952756,-0.5220070422535211,24257.5,25569.166666666668,29916.666666666668,0.6340935680683248,0.5395012008815911,0.1455696202531646,-0.0919732441471572,-0.3808437856328392,0.1192414717097805,0.0618257667112081,-0.0924791086350975,50900.0,20450.0,-0.4666011787819253,0.3276283618581908,19327238.0,524734511700.0,6520371150.0,3520801980.0,0.0124260383195984,yfinance_download,131970.KQ
2022-11-08,27150.0,29150.0,27150.0,28650.0,28116.68359375,412198.0,0.0552486187845304,-0.4955985915492957,24550.0,25556.666666666668,29773.75,0.6316367846710059,0.5506173670880412,0.256578947368421,-0.0255102040816326,-0.3744541484716157,0.1670061099796334,0.1210382157297509,-0.0377429782946386,50900.0,20450.0,-0.43713163064833,0.4009779951100245,19327238.0,553725368700.0,11809472700.0,3993522735.0,0.0213273101930032,yfinance_download,131970.KQ
2022-11-09,29000.0,29350.0,28200.0,29000.0,28460.166015625,217729.0,0.012216404886562,-0.4894366197183099,24847.5,25566.666666666668,29635.0,0.6316192911964794,0.5465007526246,0.2581344902386118,0.0211267605633802,-0.3647316538882804,0.167119428513935,0.1342894393741851,-0.0214273662898599,50900.0,20450.0,-0.4302554027504911,0.4180929095354524,19327238.0,560489902000.0,6314141000.0,4210744050.0,0.0112653965351903,yfinance_download,131970.KQ
2022-11-10,28500.0,28750.0,28000.0,28050.0,27527.85546875,106589.0,-0.0327586206896551,-0.506161971830986,25110.0,25548.33333333333,29500.0,0.6468691239946444,0.5481653026376192,0.2302631578947369,-0.0377358490566037,-0.3661016949152542,0.1170848267622461,0.0979189771022246,-0.0491525423728813,50900.0,20450.0,-0.4489194499017681,0.3716381418092909,19327238.0,542129025900.0,2989821450.0,4229062162.5,0.0055149628726049,yfinance_download,131970.KQ
2022-11-11,29950.0,32000.0,29700.0,31950.0,31355.255859375,867999.0,0.1390374331550801,-0.4375,25545.0,25583.33333333333,29401.666666666668,0.7904504411818666,0.6162063971506713,0.3741935483870968,0.0703517587939699,-0.2697142857142857,0.2507339988256019,0.2488599348534201,0.0866730910946091,50900.0,20450.0,-0.3722986247544204,0.5623471882640587,19327238.0,617505254100.0,27732568050.0,5475894127.5,0.0449106592468101,yfinance_download,131970.KQ
2022-11-14,32350.0,32350.0,30700.0,31550.0,30962.703125,306104.0,-0.0125195618153364,-0.4445422535211267,25962.5,25607.5,29302.08333333333,0.7946553920447901,0.6167495750790365,0.3599137931034482,0.0481727574750829,-0.2747126436781609,0.2152142513240249,0.2320609196524454,0.0767152506221116,50900.0,20450.0,-0.3801571709233792,0.5427872860635696,19327238.0,609774358900.0,9657581200.0,5912711907.5,0.0158379588433691,yfinance_download,131970.KQ
2022-11-15,31200.0,34250.0,31050.0,34100.0,33465.23046875,519419.0,0.0808240887480189,-0.3996478873239436,26482.5,25684.166666666668,29224.166666666668,0.8267215515866582,0.6360548893742725,0.4388185654008438,0.1559322033898305,-0.2151898734177215,0.2876427829698857,0.3276662016157814,0.1668425104793407,50900.0,20450.0,-0.3300589390962671,0.6674816625916871,19327238.0,659058815800.0,17712187900.0,6715675847.5,0.0268749730302902,yfinance_download,131970.KQ
2022-11-16,34100.0,34700.0,33400.0,34000.0,33367.09375,273156.0,-0.002932551319648,-0.4014084507042254,27047.5,25749.166666666668,29147.08333333333,0.799082239969967,0.6351616319640396,0.4977973568281939,0.1295681063122924,-0.2138728323699421,0.2570477863018763,0.3204310819120359,0.1664975054679571,50900.0,20450.0,-0.3320235756385069,0.6625916870415649,19327238.0,657126092000.0,9287304000.0,7045856807.5,0.0141332144820692,yfinance_download,131970.KQ
2022-11-17,33400.0,35000.0,32400.0,33500.0,32876.40234375,254434.0,-0.0147058823529411,-0.4102112676056337,27627.5,25820.83333333333,29080.83333333333,0.7828794212390661,0.6325787889009692,0.5296803652968036,0.1472602739726027,-0.1917973462002412,0.2125599493258527,0.2974019686945297,0.1519614866607446,50900.0,20450.0,-0.3418467583497053,0.6381418092909537,19327238.0,647462473000.0,8523539000.0,7343311032.5,0.0131645297688164,yfinance_download,131970.KQ
2022-11-18,33550.0,35400.0,33550.0,34500.0,33857.7890625,390446.0,0.0298507462686568,-0.3926056338028169,28250.0,25925.0,29027.916666666668,0.7810000475909328,0.6305062974812062,0.564625850340136,0.2212389380530972,-0.1554467564259486,0.2212389380530972,0.3307618129218901,0.1885110597556949,50900.0,20450.0,-0.3222003929273084,0.6870415647921759,19327238.0,666789711000.0,13470387000.0,7962058182.5,0.0202018519148985,yfinance_download,131970.KQ
2022-11-21,34200.0,34450.0,32050.0,32450.0,31845.94921875,427344.0,-0.0594202898550724,-0.4286971830985915,28720.0,26009.166666666668,28964.58333333333,0.8295878530486214,0.6400903093578875,0.4078091106290673,0.1843065693430656,-0.1897627965043695,0.1298746518105848,0.2476370510396974,0.1203337409192262,50900.0,20450.0,-0.362475442043222,0.58679706601467,19327238.0,627168873100.0,13867312800.0,8531421737.5,0.0221109710554606,yfinance_download,131970.KQ
2022-11-22,32100.0,32350.0,30550.0,31100.0,30521.078125,337539.0,-0.0416024653312788,-0.4524647887323944,29052.5,26068.33333333333,28876.25,0.8399578094417555,0.6467383806180654,0.2719836400817996,0.1288566243194191,-0.2541966426858513,0.0704758626624215,0.1930183492104085,0.0770096532617634,50900.0,20450.0,-0.3889980353634578,0.5207823960880196,19327238.0,601077101800.0,10497462900.0,8803623692.5,0.0174644199031439,yfinance_download,131970.KQ
2022-11-23,32000.0,32200.0,31150.0,31400.0,30815.494140625,181009.0,0.0096463022508037,-0.4471830985915492,29400.0,26120.83333333333,28790.416666666668,0.8386156448662596,0.645191550240277,0.2842535787321063,0.1115044247787611,-0.2470023980815348,0.0680272108843538,0.2021055989791036,0.0906406935178083,50900.0,20450.0,-0.3831041257367387,0.5354523227383863,19327238.0,606875273200.0,5683682600.0,8934687252.5,0.0093654871948076,yfinance_download,131970.KQ
2022-11-24,31850.0,33550.0,30800.0,33300.0,32680.123046875,246578.0,0.0605095541401274,-0.4137323943661971,29752.5,26200.83333333333,28721.25,0.8274435146766412,0.6559413952147082,0.2685714285714284,0.168421052631579,-0.1995192307692307,0.119233677842198,0.2709519417321333,0.1594202898550725,50900.0,20450.0,-0.3457760314341846,0.6283618581907091,19327238.0,643597025400.0,8211047400.0,8881480872.5,0.0127580567901114,yfinance_download,131970.KQ
2022-11-25,32950.0,33050.0,31600.0,32350.0,31747.80859375,175326.0,-0.0285285285285284,-0.4304577464788732,30130.0,26288.33333333333,28651.666666666668,0.8032143642006556,0.6502290116388895,0.3044354838709677,0.1937269372693726,-0.2051597051597051,0.0736807168934616,0.2305839092119446,0.1290791693327904,50900.0,20450.0,-0.3644400785854617,0.5819070904645476,19327238.0,625236149300.0,5671796100.0,8946918717.5,0.0090714462149221,yfinance_download,131970.KQ
2022-11-28,31800.0,31950.0,30900.0,31300.0,30717.353515625,161969.0,-0.0324574961360123,-0.448943661971831,30360.0,26340.0,28573.33333333333,0.7845262424823429,0.6497888993328619,0.1722846441947565,0.1099290780141843,-0.2309582309582309,0.0309617918313569,0.1883067577828399,0.0954269715352309,50900.0,20450.0,-0.3850687622789783,0.5305623471882641,19327238.0,604942549400.0,5069629700.0,8735383657.5,0.0083803490183129,yfinance_download,131970.KQ
2022-11-29,30850.0,31500.0,30700.0,31300.0,30717.353515625,139392.0,0.0,-0.448943661971831,30617.5,26380.83333333333,28503.75,0.7775616949041603,0.6483971419857283,0.1969407265774378,0.0849220103986134,-0.2105926860025221,0.0222911733485751,0.1864674479577976,0.0981011270446872,50900.0,20450.0,-0.3850687622789783,0.5305623471882641,19327238.0,604942549400.0,4362969600.0,8771020827.5,0.0072122048685901,yfinance_download,131970.KQ
2022-11-30,31050.0,31050.0,29950.0,30500.0,29932.24609375,541948.0,-0.0255591054313099,-0.4630281690140845,30862.5,26415.83333333333,28433.33333333333,0.7801292252940275,0.6498818157748789,0.19140625,0.073943661971831,-0.2169448010269576,-0.0117456460105306,0.1546105555380297,0.0726846424384526,50900.0,20450.0,-0.4007858546168958,0.4914425427872861,19327238.0,589480759000.0,16529414000.0,9485536327.5,0.0280406336383915,yfinance_download,131970.KQ
2022-12-01,31800.0,32400.0,30900.0,31050.0,30472.0078125,309293.0,0.0180327868852459,-0.4533450704225352,31130.0,26470.0,28374.58333333333,0.7803014997846086,0.648886603318369,0.2081712062256808,0.1169064748201438,-0.1850393700787401,-0.0025698682942498,0.1730260672459387,0.0942891966108165,50900.0,20450.0,-0.3899803536345776,0.5183374083129584,19327238.0,600110739900.0,9603547650.0,9804155800.0,0.0160029591398419,yfinance_download,131970.KQ
2022-12-02,30900.0,30900.0,30350.0,30350.0,29785.037109375,106523.0,-0.0225442834138486,-0.465669014084507,31377.5,26520.83333333333,28313.33333333333,0.7853559558292128,0.6495725012500293,0.1948818897637796,0.1117216117216117,-0.1949602122015915,-0.0327463947095848,0.144383346425766,0.0719331292677183,50900.0,20450.0,-0.4037328094302553,0.4841075794621026,19327238.0,586581673300.0,3232973050.0,9837360462.5,0.0055115480028755,yfinance_download,131970.KQ
2022-12-05,30350.0,31100.0,30200.0,30600.0,30030.38671875,78896.0,0.0082372322899506,-0.4612676056338028,31550.0,26581.666666666668,28274.166666666668,0.7539730326299156,0.6488750454241501,0.1270718232044199,0.1354359925788497,-0.1331444759206799,-0.0301109350237718,0.1511693523104895,0.0822600135577233,50900.0,20450.0,-0.3988212180746562,0.4963325183374083,19327238.0,591413482800.0,2414217600.0,9632052785.0,0.0040821145783996,yfinance_download,131970.KQ
2022-12-06,30200.0,30550.0,29300.0,29550.0,28999.9296875,209104.0,-0.034313725490196,-0.4797535211267606,31595.0,26643.33333333333,28230.416666666668,0.7449740145048562,0.6471375916687278,0.0314136125654449,0.1431334622823985,-0.1508620689655172,-0.0647254312391201,0.1090954585262105,0.0467433176390712,50900.0,20450.0,-0.4194499017681729,0.4449877750611246,19327238.0,571119882900.0,6179023200.0,9350530310.0,0.0108191351500923,yfinance_download,131970.KQ
2022-12-07,29400.0,30100.0,29100.0,29750.0,29196.20703125,68780.0,0.0067681895093063,-0.4762323943661971,31632.5,26708.33333333333,28193.33333333333,0.7442871599237691,0.6471510392778321,0.0258620689655173,0.1508704061895551,-0.1301169590643275,-0.0595115782818304,0.1138845553822154,0.055213998581225,50900.0,20450.0,-0.4155206286836935,0.4547677261613692,19327238.0,574985330500.0,2046205000.0,9137133510.0,0.0035587081816863,yfinance_download,131970.KQ
2022-12-08,30000.0,30350.0,29300.0,29950.0,29392.484375,141382.0,0.0067226890756302,-0.4727112676056337,31727.5,26752.5,28154.58333333333,0.7327414923398198,0.6377375076397561,0.0677361853832441,0.0970695970695971,-0.1343930635838149,-0.0560239539831376,0.1195215400429865,0.0637699604860073,50900.0,20450.0,-0.4115913555992141,0.4645476772616137,19327238.0,578850778100.0,4234390900.0,9199361982.5,0.0073151683649779,yfinance_download,131970.KQ
2022-12-09,30300.0,30700.0,29800.0,30000.0,29441.5546875,111323.0,0.0016694490818029,-0.471830985915493,31630.0,26812.5,28123.75,0.5324776391767582,0.6334888805509068,-0.0610328638497652,0.1363636363636364,-0.1097922848664688,-0.0515333544103698,0.1188811188811189,0.0667140761811635,50900.0,20450.0,-0.4106090373280943,0.4669926650366749,19327238.0,579817140000.0,3339690000.0,7979718080.0,0.005759902165017,yfinance_download,131970.KQ
2022-12-12,29550.0,29750.0,28800.0,29400.0,28852.72265625,118654.0,-0.02,-0.4823943661971831,31522.5,26865.83333333333,28105.416666666668,0.5349790782318854,0.6348760916952049,-0.0681458003169571,0.1221374045801526,-0.069620253164557,-0.0673328574827504,0.0943267471075406,0.046061702222288,50900.0,20450.0,-0.4223968565815323,0.4376528117359413,19327238.0,568220797200.0,3488427600.0,7671260400.0,0.0061392114072378,yfinance_download,131970.KQ
2022-12-13,29800.0,30450.0,29050.0,29600.0,29049.0,106140.0,0.0068027210884353,-0.4788732394366197,31297.5,26923.33333333333,28082.5,0.4366572936955425,0.6348577918177323,-0.1319648093841642,0.1319311663479923,-0.0850077279752704,-0.0542375589104561,0.0994181007799925,0.0540372117866998,50900.0,20450.0,-0.418467583497053,0.4474327628361858,19327238.0,572086244800.0,3141744000.0,6942738205.0,0.0054917314103546,yfinance_download,131970.KQ
2022-12-14,29850.0,30400.0,29800.0,30100.0,29539.69140625,131688.0,0.0168918918918918,-0.4700704225352112,31102.5,26999.166666666668,28088.33333333333,0.4445200508556747,0.6331965474466745,-0.1147058823529412,0.1780821917808219,0.0238095238095237,-0.0322321356804115,0.1148492237414735,0.0716192962677269,50900.0,20450.0,-0.4086444007858546,0.4718826405867971,19327238.0,581749863800.0,3963808800.0,6676563445.0,0.0068135964383529,yfinance_download,131970.KQ
2022-12-15,29600.0,29700.0,28750.0,29050.0,28509.236328125,191397.0,-0.0348837209302325,-0.488556338028169,30880.0,27057.5,28087.08333333333,0.4555748467338888,0.6380364375488332,-0.1328358208955223,0.1369863013698631,-0.0051369863013698,-0.059261658031088,0.0736394714958883,0.0342832559450518,50900.0,20450.0,-0.4292730844793713,0.4205378973105134,19327238.0,561456263900.0,5560082850.0,6528390637.5,0.0099029669940422,yfinance_download,131970.KQ
2022-12-16,28700.0,29400.0,28600.0,28900.0,28362.029296875,158907.0,-0.0051635111876076,-0.4911971830985915,30600.0,27121.666666666668,28072.5,0.4347866650669522,0.6365494639911681,-0.1623188405797101,0.1536926147704591,-0.0570962479608483,-0.0555555555555555,0.0655687334849135,0.0294772464155312,50900.0,20450.0,-0.4322200392927309,0.41320293398533,19327238.0,558557178200.0,4592412300.0,6084491902.5,0.0082219197590467,yfinance_download,131970.KQ
2022-12-19,28800.0,29600.0,28700.0,29050.0,28509.236328125,84763.0,0.005190311418685,-0.488556338028169,30430.0,27200.83333333333,28038.33333333333,0.3928078120455271,0.6328088084484284,-0.1047765793528505,0.1954732510288066,-0.1236802413273001,-0.0453499835688465,0.067981985846022,0.036081555013969,50900.0,20450.0,-0.4292730844793713,0.4205378973105134,19327238.0,561456263900.0,2462365150.0,5514244520.0,0.0043856758011672,yfinance_download,131970.KQ
2022-12-20,28850.0,30100.0,28850.0,29200.0,28656.447265625,119142.0,0.0051635111876076,-0.4859154929577465,30335.0,27296.666666666668,28012.916666666668,0.3697737890165993,0.6276444359655914,-0.0610932475884243,0.2452025586353945,-0.0945736434108527,-0.0374155266194164,0.0697276834778359,0.0423762847495945,50900.0,20450.0,-0.4263261296660118,0.4278728606356967,19327238.0,564355349600.0,3478946400.0,5163318695.0,0.0061644607470555,yfinance_download,131970.KQ
2022-12-21,29700.0,30000.0,28050.0,29100.0,28558.3046875,137803.0,-0.0034246575342465,-0.4876760563380281,30220.0,27408.33333333333,27990.416666666668,0.3667948339499231,0.6194716247914093,-0.073248407643312,0.2991071428571428,-0.0849056603773584,-0.0370615486432825,0.0617208878078443,0.0396415439808266,50900.0,20450.0,-0.4282907662082514,0.4229828850855746,19327238.0,562422625800.0,4010067300.0,5079637930.0,0.0071299892928311,yfinance_download,131970.KQ
2022-12-22,29400.0,29900.0,29250.0,29850.0,29294.34765625,99181.0,0.0257731958762885,-0.4744718309859155,30047.5,27535.83333333333,27986.666666666668,0.3011988918577296,0.6201973036183747,-0.1036036036036036,0.3445945945945945,-0.0148514851485148,-0.006572926200183,0.0840420058711377,0.0665793234873748,50900.0,20450.0,-0.4135559921414538,0.4596577017114913,19327238.0,576918054300.0,2960552850.0,4817113202.5,0.0051316696156998,yfinance_download,131970.KQ
2022-12-23,29000.0,29150.0,28050.0,28300.0,27773.19921875,213084.0,-0.0519262981574539,-0.5017605633802817,29845.0,27651.666666666668,27976.666666666668,0.3347347476300983,0.6249382743439319,-0.125193199381762,0.325526932084309,-0.0406779661016949,-0.0517674652370581,0.0234464468687842,0.0115572500893601,50900.0,20450.0,-0.444007858546169,0.3838630806845966,19327238.0,546960835400.0,6030277200.0,4835037257.5,0.011025062142868,yfinance_download,131970.KQ
2022-12-26,28300.0,29150.0,28100.0,28950.0,28411.099609375,113314.0,0.0229681978798586,-0.4903169014084507,29727.5,27789.166666666668,27973.33333333333,0.3354384144269898,0.6214117539522365,-0.0750798722044728,0.3985507246376811,-0.0136286201022146,-0.0261542342948448,0.0417728731220199,0.0349142040038132,50900.0,20450.0,-0.4312377210216109,0.4156479217603912,19327238.0,559523540100.0,3280440300.0,4745577787.5,0.0058629174018553,yfinance_download,131970.KQ
2022-12-27,29250.0,29750.0,28800.0,29500.0,28950.861328125,127909.0,0.0189982728842832,-0.4806338028169014,29637.5,27940.0,27961.25,0.3448494331699738,0.6207411019909841,-0.0575079872204472,0.4425427872860636,-0.0468497576736671,-0.0046393926613242,0.0558339298496779,0.0550315168313291,50900.0,20450.0,-0.4204322200392927,0.4425427872860636,19327238.0,570153521000.0,3773315500.0,4716095082.5,0.0066180692761169,yfinance_download,131970.KQ
2022-12-28,29200.0,29200.0,27950.0,28400.0,28023.330078125,181138.0,-0.0372881355932203,-0.5,29532.5,28050.83333333333,27946.25,0.3574315841379717,0.6157775823677031,-0.0688524590163934,0.3057471264367817,-0.0596026490066224,-0.0383475831710826,0.0124476397017321,0.0162365254730061,50900.0,20450.0,-0.4420432220039293,0.3887530562347188,19327238.0,548893559200.0,5144319200.0,4146840342.5,0.0093721617129152,yfinance_download,131970.KQ
2022-12-29,28150.0,28300.0,26800.0,27500.0,27135.265625,182364.0,-0.0316901408450703,-0.5158450704225352,29355.0,28150.83333333333,27915.83333333333,0.3615943580397215,0.6194926779943205,-0.1143317230273751,0.2790697674418605,-0.1171749598715891,-0.0631919604837336,-0.0231195050472158,-0.0148959670437922,50900.0,20450.0,-0.4597249508840865,0.3447432762836186,19327238.0,531499045000.0,5015010000.0,3917413460.0,0.0094355955051621,yfinance_download,131970.KQ
2023-01-02,27650.0,27850.0,26350.0,26500.0,26148.52734375,127412.0,-0.0363636363636363,-0.5334507042253521,29162.5,28208.33333333333,27880.416666666668,0.3732210138363548,0.6089883289341558,-0.1268533772652389,0.1496746203904555,-0.1382113821138211,-0.0912987569652807,-0.0605612998522894,-0.0495120529642969,50900.0,20450.0,-0.4793713163064833,0.2958435207823962,19327238.0,512171807000.0,3376418000.0,3924585707.5,0.0065923542722452,yfinance_download,131970.KQ
2023-01-03,26450.0,28000.0,26000.0,27950.0,27579.298828125,118550.0,0.0547169811320755,-0.5079225352112676,29030.0,28279.166666666668,27858.33333333333,0.4297400310515701,0.6160527674868017,-0.0866013071895425,0.1793248945147678,-0.0866013071895425,-0.0372028935583879,-0.0116398998084573,0.003290457672749,50900.0,20450.0,-0.4508840864440079,0.3667481662591687,19327238.0,540196302100.0,3313472500.0,3969548452.5,0.0061338304003914,yfinance_download,131970.KQ
2023-01-04,27350.0,29550.0,27200.0,29200.0,28812.71875,219113.0,0.0447227191413237,-0.4859154929577465,29012.5,28385.83333333333,27867.08333333333,0.4474223428125453,0.6155999267490299,-0.0118443316412859,0.2807017543859649,0.0373001776198933,0.0064627315812149,0.0286821477849867,0.0478312226192789,50900.0,20450.0,-0.4263261296660118,0.4278728606356967,19327238.0,564355349600.0,6398099600.0,3980502272.5,0.0113370053186078,yfinance_download,131970.KQ
2023-01-05,29450.0,29800.0,28400.0,29500.0,29108.740234375,132722.0,0.0102739726027396,-0.4806338028169014,29000.0,28493.33333333333,27875.83333333333,0.4483204883282004,0.6155722531853642,-0.0084033613445377,0.2798264642082428,0.0369068541300527,0.0172413793103447,0.0353299017313992,0.0582643269259515,50900.0,20450.0,-0.4204322200392927,0.4425427872860636,19327238.0,570153521000.0,3915299000.0,4073956972.5,0.0068670960641142,yfinance_download,131970.KQ
2023-01-06,29100.0,31850.0,29100.0,31700.0,31279.560546875,412897.0,0.0745762711864406,-0.4419014084507042,29087.5,28641.666666666668,27901.25,0.5207488712433981,0.6309749485231712,0.0584307178631051,0.3903508771929824,0.1064572425828971,0.0898152127202407,0.1067791678789642,0.1361498140764303,50900.0,20450.0,-0.3772102161100196,0.550122249388753,19327238.0,612673444600.0,13088834900.0,4516679172.5,0.0213634767678651,yfinance_download,131970.KQ
2023-01-09,32000.0,32350.0,31350.0,31750.0,31328.896484375,215517.0,0.001577287066246,-0.4410211267605634,29175.0,28783.33333333333,27924.166666666668,0.5207529196287141,0.6304161868338817,0.0583333333333333,0.3655913978494622,0.0948275862068965,0.0882604970008569,0.1030689056166762,0.1370079680085947,50900.0,20450.0,-0.3762278978388997,0.5525672371638142,19327238.0,613639806500.0,6842664750.0,4691827910.0,0.0111509466588034,yfinance_download,131970.KQ
2023-01-10,31750.0,32600.0,31250.0,31400.0,30983.5390625,201899.0,-0.011023622047244,-0.4471830985915492,29275.0,28920.0,27935.416666666668,0.516371947373348,0.6311657192634358,0.0680272108843538,0.3534482758620689,0.0449251247920132,0.0725875320239111,0.0857538035961271,0.1240211798046087,50900.0,20450.0,-0.3831041257367387,0.5354523227383863,19327238.0,606875273200.0,6339628600.0,4834387960.0,0.0104463452046277,yfinance_download,131970.KQ
2023-01-11,31650.0,32300.0,31400.0,32050.0,31624.919921875,161740.0,0.0207006369426752,-0.4357394366197182,29397.5,29059.166666666668,27952.5,0.5197910028744082,0.6310774847695546,0.0827702702702701,0.3523206751054852,0.0683333333333333,0.0902287609490604,0.102922198961888,0.1465879617207763,50900.0,20450.0,-0.3703339882121808,0.5672371638141809,19327238.0,619437977900.0,5183767000.0,4936489110.0,0.0083685004551607,yfinance_download,131970.KQ
2023-01-12,32150.0,32150.0,30950.0,31100.0,30687.517578125,168571.0,-0.0296411856474259,-0.4524647887323944,29447.5,29199.166666666668,27960.0,0.5311844080014575,0.6275142304521789,0.0332225913621262,0.3700440528634361,0.0298013245033113,0.0561168180660498,0.0650988898084989,0.1123032904148784,50900.0,20450.0,-0.3889980353634578,0.5207823960880196,19327238.0,601077101800.0,5242558100.0,5000426575.0,0.0087219394721584,yfinance_download,131970.KQ
2023-01-13,31250.0,31950.0,30900.0,31100.0,30687.517578125,140254.0,0.0,-0.4524647887323944,29550.0,29352.5,27963.75,0.5130389508922926,0.6217488765583076,0.0705679862306367,0.4200913242009132,0.0146818923327896,0.0524534686971234,0.0595349629503449,0.1121541281122882,50900.0,20450.0,-0.3889980353634578,0.5207823960880196,19327238.0,601077101800.0,4361899400.0,4940517402.5,0.0072568051368747,yfinance_download,131970.KQ
2023-01-16,31400.0,31400.0,30550.0,30900.0,30490.169921875,135677.0,-0.0064308681672026,-0.4559859154929577,29650.0,29500.0,27971.25,0.5133557623415859,0.6223212489216224,0.0692041522491349,0.4013605442176871,0.03,0.042158516020236,0.0474576271186439,0.1047057246279661,50900.0,20450.0,-0.3929273084479371,0.511002444987775,19327238.0,597211654200.0,4192419300.0,4920517752.5,0.0070199890951826,yfinance_download,131970.KQ
2023-01-17,30750.0,31100.0,30000.0,30100.0,29700.78125,140183.0,-0.0258899676375404,-0.4700704225352112,29702.5,29617.5,27972.08333333333,0.5240183942841238,0.6203873521592653,0.036144578313253,0.3058568329718003,0.0033333333333334,0.0133827118929383,0.0162910441461974,0.0760728702724442,50900.0,20450.0,-0.4086444007858546,0.4718826405867971,19327238.0,581749863800.0,4219508300.0,5008374910.0,0.007253131564893,yfinance_download,131970.KQ
2023-01-18,30050.0,30400.0,29750.0,30200.0,29799.453125,65554.0,0.0033222591362125,-0.4683098591549296,29752.5,29713.33333333333,27970.416666666668,0.5239252131461914,0.6094923066679153,0.0342465753424656,0.2351738241308794,-0.006578947368421,0.0150407528779095,0.0163787300875029,0.0797121959212858,50900.0,20450.0,-0.4066797642436149,0.4767726161369192,19327238.0,583682587600.0,1979730800.0,4933414130.0,0.003391793488547,yfinance_download,131970.KQ
2023-01-19,29750.0,30200.0,29300.0,30050.0,29651.4453125,106821.0,-0.0049668874172185,-0.4709507042253521,29800.0,29806.666666666668,27966.25,0.5241732547549799,0.6097245343217912,0.0326460481099657,0.229038854805726,-0.0163666121112929,0.0083892617449663,0.0081637217624692,0.0745094533589594,50900.0,20450.0,-0.4096267190569744,0.4694376528117359,19327238.0,580783501900.0,3209971050.0,4893409317.5,0.0055269666571084,yfinance_download,131970.KQ
2023-01-20,30600.0,31850.0,30500.0,31300.0,30884.865234375,296225.0,0.0415973377703826,-0.448943661971831,29872.5,29890.83333333333,27974.166666666668,0.5365082198468241,0.5975509856814617,0.04857621440536,0.1923809523809523,0.0313014827018121,0.047786425642313,0.0471437731746076,0.1188894515773482,50900.0,20450.0,-0.3850687622789783,0.5305623471882641,19327238.0,604942549400.0,9271842500.0,5208973800.0,0.0153268149334115,yfinance_download,131970.KQ
2023-01-25,31950.0,33300.0,31900.0,33000.0,32562.318359375,913743.0,0.0543130990415334,-0.4190140845070422,30107.5,30027.5,27991.25,0.5248941210794953,0.5936306538772724,0.1660777385159011,0.3306451612903225,0.0662358642972535,0.0960724072075065,0.098992590125718,0.1789398472737016,50900.0,20450.0,-0.3516699410609037,0.6136919315403424,19327238.0,637798854000.0,30153519000.0,6415135890.0,0.0472774744120189,yfinance_download,131970.KQ
2023-01-26,33100.0,33100.0,31950.0,32350.0,31920.94140625,196721.0,-0.0196969696969696,-0.4304577464788732,30277.5,30121.666666666668,28006.666666666668,0.5308132116359838,0.5768884035826558,0.1174438687392054,0.2116104868913857,0.0606557377049179,0.068450169267608,0.0739777568748962,0.1550821233039752,50900.0,20450.0,-0.3644400785854617,0.5819070904645476,19327238.0,625236149300.0,6363924350.0,6569310092.5,0.0101784331522176,yfinance_download,131970.KQ
2023-01-27,32650.0,32650.0,31700.0,31750.0,31328.896484375,137131.0,-0.0185471406491499,-0.4410211267605634,30390.0,30215.0,28024.58333333333,0.5354146453782346,0.5765323769954128,0.0762711864406779,0.21414913957935,0.072635135135135,0.0447515630141492,0.0508025814992554,0.1329338824543928,50900.0,20450.0,-0.3762278978388997,0.5525672371638142,19327238.0,613639806500.0,4353909250.0,6598339780.0,0.0070952197101313,yfinance_download,131970.KQ
2023-01-30,32200.0,32200.0,31150.0,31500.0,31082.21484375,113581.0,-0.0078740157480314,-0.4454225352112676,30545.0,30313.33333333333,28040.83333333333,0.514965024089825,0.5747327111078216,0.1091549295774647,0.23046875,0.0659898477157361,0.031265346210509,0.0391466901253574,0.1233617640940296,50900.0,20450.0,-0.381139489194499,0.5403422982885087,19327238.0,608807997000.0,3577801500.0,6520013895.0,0.0058767321021244,yfinance_download,131970.KQ
2023-01-31,31200.0,31800.0,30500.0,30950.0,30539.5078125,142675.0,-0.0174603174603175,-0.4551056338028169,30717.5,30400.83333333333,28049.166666666668,0.5036198706442941,0.5764273070194471,0.1254545454545454,0.2042801556420233,0.0333889816360601,0.00756897533979,0.0180641978015954,0.1034195905998396,50900.0,20450.0,-0.3919449901768173,0.5134474327628362,19327238.0,598178016100.0,4415791250.0,6490052957.5,0.0073820687674048,yfinance_download,131970.KQ
2023-02-01,31250.0,31950.0,30950.0,31150.0,30736.857421875,151151.0,0.0064620355411955,-0.4515845070422535,30950.0,30496.666666666668,28055.83333333333,0.4776687074177845,0.5755546178065619,0.1754716981132076,0.2263779527559055,0.0263591433278418,0.0064620355411955,0.0214231063504206,0.1102860367719131,50900.0,20450.0,-0.3880157170923379,0.5232273838630808,19327238.0,602043463700.0,4708353650.0,6556649740.0,0.0078206208253864,yfinance_download,131970.KQ
2023-02-02,32150.0,33250.0,31800.0,32900.0,32463.646484375,380480.0,0.0561797752808987,-0.420774647887324,31197.5,30592.5,28080.83333333333,0.4795688395824734,0.5699962420055631,0.1771019677996421,0.2117863720073665,0.100334448160535,0.0545716804231108,0.0754269837378442,0.1716176514229754,50900.0,20450.0,-0.3536345776031434,0.60880195599022,19327238.0,635866130200.0,12517792000.0,7016865715.0,0.0196862065857521,yfinance_download,131970.KQ
2023-02-03,33000.0,33050.0,31800.0,32100.0,31674.25390625,183479.0,-0.0243161094224924,-0.4348591549295775,31342.5,30650.0,28103.33333333333,0.473188143985227,0.562611306303244,0.0993150684931507,0.1204188481675392,0.0918367346938775,0.0241684613543911,0.0473083197389885,0.1422132605859329,50900.0,20450.0,-0.3693516699410609,0.5696821515892421,19327238.0,620404339800.0,5889675900.0,6991444530.0,0.0094932861074096,yfinance_download,131970.KQ
2023-02-06,31750.0,31750.0,31000.0,31500.0,31082.21484375,148670.0,-0.0186915887850467,-0.4454225352112676,31442.5,30691.666666666668,28129.166666666668,0.4801535606145768,0.5638949802650611,0.0677966101694915,0.0862068965517242,0.1091549295774647,0.0018287349924466,0.0263372250882432,0.1198340986520514,50900.0,20450.0,-0.381139489194499,0.5403422982885087,19327238.0,608807997000.0,4683105000.0,7029834830.0,0.0076922527678295,yfinance_download,131970.KQ
2023-02-07,31250.0,33700.0,31250.0,33500.0,33055.68359375,333922.0,0.0634920634920634,-0.4102112676056337,31532.5,30782.5,28165.416666666668,0.4596291978729606,0.572995003754284,0.0567823343848581,0.1942959001782531,0.1492281303602058,0.0623959406961072,0.0882806789571997,0.1894018965338697,50900.0,20450.0,-0.3418467583497053,0.6381418092909537,19327238.0,647462473000.0,11186387000.0,6934712435.0,0.0172772746938802,yfinance_download,131970.KQ
2023-02-08,33850.0,34450.0,33000.0,33600.0,33154.359375,234497.0,0.0029850746268655,-0.4084507042253521,31625.0,30810.0,28196.666666666668,0.4595922573152142,0.4986414153530281,0.058267716535433,0.0516431924882629,0.1256281407035175,0.0624505928853755,0.0905550146056475,0.1916302163376284,50900.0,20450.0,-0.3398821218074656,0.6430317848410758,19327238.0,649395196800.0,7879099200.0,6986534157.5,0.0121329804082714,yfinance_download,131970.KQ
2023-02-09,34400.0,35150.0,33900.0,34550.0,34091.7578125,559775.0,0.0282738095238095,-0.391725352112676,31782.5,30860.0,28233.75,0.4645743980722231,0.5008096655504458,0.1003184713375795,0.0950871632329635,0.1478405315614617,0.0870762211909068,0.1195722618276085,0.2237127551246291,50900.0,20450.0,-0.3212180746561885,0.6894865525672371,19327238.0,667756072900.0,19340226250.0,7636564040.0,0.0289630106484951,yfinance_download,131970.KQ
2023-02-10,34600.0,34600.0,33700.0,34100.0,33647.7265625,185281.0,-0.0130246020260491,-0.3996478873239436,31885.0,30860.0,28272.08333333333,0.4650646052293277,0.4739285545667765,0.06396255850234,0.0,0.1559322033898305,0.0694684020699387,0.1049902786779002,0.2061367957201598,50900.0,20450.0,-0.3300589390962671,0.6674816625916871,19327238.0,659058815800.0,6318082100.0,7693279795.0,0.0095865223991136,yfinance_download,131970.KQ
2023-02-13,33550.0,33650.0,32500.0,33000.0,32562.318359375,205834.0,-0.032258064516129,-0.4190140845070422,31980.0,30843.33333333333,28296.25,0.4676239985499923,0.4786059051151832,0.0610932475884244,-0.0294117647058823,0.0963455149501661,0.0318949343339587,0.0699232681292554,0.16623227459469,50900.0,20450.0,-0.3516699410609037,0.6136919315403424,19327238.0,637798854000.0,6792522000.0,7770777990.0,0.0106499438771334,yfinance_download,131970.KQ
2023-02-14,33300.0,35000.0,33300.0,34650.0,34190.4375,350040.0,0.05,-0.3899647887323944,32157.5,30862.5,28341.666666666668,0.495679280516853,0.4884158075064,0.1141479099678457,0.0343283582089553,0.1866438356164383,0.0775091347275129,0.1227217496962334,0.2225815936489268,50700.0,20450.0,-0.316568047337278,0.6943765281173595,19327238.0,669688796700.0,12128886000.0,8159127320.0,0.0181112272741713,yfinance_download,131970.KQ
2023-02-15,35150.0,36550.0,34400.0,34600.0,34141.09765625,499083.0,-0.0014430014430014,-0.3908450704225352,32342.5,30864.166666666668,28394.58333333333,0.4943515365790203,0.4847235986685206,0.1197411003236246,0.0028985507246377,0.2247787610619469,0.0697997990260492,0.121041121041121,0.2185422689186611,50100.0,20450.0,-0.30938123752495,0.6919315403422983,19327238.0,668722434800.0,17268271800.0,8812919945.0,0.0258227792300172,yfinance_download,131970.KQ
2023-02-16,35250.0,35650.0,34500.0,35400.0,34930.484375,190033.0,0.0231213872832369,-0.3767605633802817,32607.5,30913.33333333333,28461.25,0.4827323402168038,0.4704472233334034,0.176079734219269,0.0909090909090908,0.2919708029197081,0.0856398067929158,0.1451369419883545,0.2437963898282753,50100.0,20450.0,-0.2934131736526946,0.7310513447432763,19327238.0,684184225200.0,6727168200.0,8938302940.0,0.0098323930196337,yfinance_download,131970.KQ
2023-02-17,34600.0,35600.0,34050.0,34950.0,34486.453125,151679.0,-0.0127118644067796,-0.3846830985915492,32845.0,30977.5,28522.916666666668,0.4883680339323892,0.4627045109368685,0.1572847682119205,0.1237942122186495,0.2686025408348458,0.0640889024204598,0.1282382374303929,0.2253305090935651,50100.0,20450.0,-0.3023952095808383,0.7090464547677262,19327238.0,675486968100.0,5301181050.0,9104375452.5,0.007847939783222,yfinance_download,131970.KQ
2023-02-20,35500.0,36850.0,34700.0,36500.0,36015.89453125,285940.0,0.0443490701001429,-0.3573943661971831,33167.5,31062.5,28591.666666666668,0.502476955732468,0.4704397730321001,0.2146422628951747,0.1624203821656051,0.2920353982300885,0.1004748624406421,0.1750503018108651,0.2765957446808509,49450.0,20450.0,-0.2618806875631951,0.7848410757946209,19327238.0,705444187000.0,10436810000.0,9465717400.0,0.0147946644005729,yfinance_download,131970.KQ
2023-02-21,36150.0,36850.0,35050.0,35600.0,35127.8359375,260900.0,-0.0246575342465753,-0.3732394366197182,33382.5,31100.83333333333,28650.83333333333,0.5026714328038596,0.4581407303376279,0.1373801916932906,0.0690690690690691,0.2491228070175439,0.0664270201452856,0.1446638621687521,0.2425467554754079,49450.0,20450.0,-0.2800808897876643,0.7408312958435208,19327238.0,688049672800.0,9288040000.0,9466527275.0,0.0134990835214012,yfinance_download,131970.KQ
2023-02-22,34800.0,35000.0,33950.0,34450.0,33993.0859375,212098.0,-0.0323033707865169,-0.3934859154929577,33455.0,31135.83333333333,28712.08333333333,0.4881892691057609,0.459262096907397,0.0439393939393939,0.0649149922720246,0.2712177121771217,0.029741443730384,0.1064422021786259,0.1998432715610443,49450.0,20450.0,-0.3033367037411526,0.684596577017115,19327238.0,665823349100.0,7306776100.0,8324190130.0,0.0109740460587281,yfinance_download,131970.KQ
2023-02-23,34900.0,35450.0,33950.0,35400.0,34930.484375,223076.0,0.0275761973875181,-0.3767605633802817,33607.5,31204.166666666668,28772.08333333333,0.4883996633218863,0.4568008844511896,0.0942812982998455,0.1309904153354633,0.2553191489361701,0.0533363088596294,0.1344638803578581,0.2303592892415971,49450.0,20450.0,-0.2841253791708796,0.7310513447432763,19327238.0,684184225200.0,7896890400.0,8400838432.5,0.0115420527237259,yfinance_download,131970.KQ
2023-02-24,35600.0,36300.0,34500.0,34800.0,34338.44921875,204278.0,-0.0169491525423728,-0.3873239436619718,33760.0,31262.5,28821.666666666668,0.4874116024544694,0.4585075813371085,0.0960629921259843,0.1118210862619808,0.2062391681109185,0.0308056872037914,0.1131547381047581,0.2074249696408951,48900.0,20450.0,-0.2883435582822086,0.7017114914425429,19327238.0,672587882400.0,7108874400.0,8538586690.0,0.0105694357362391,yfinance_download,131970.KQ
2023-02-27,34200.0,34500.0,33700.0,34500.0,34042.42578125,136972.0,-0.0086206896551723,-0.3926056338028169,33910.0,31329.166666666668,28872.5,0.4876810707987233,0.4554354652321158,0.0952380952380953,0.1311475409836064,0.2147887323943662,0.0173989973459156,0.1012102673227821,0.1949086500995758,48900.0,20450.0,-0.2944785276073619,0.6870415647921759,19327238.0,666789711000.0,4725534000.0,8595973315.0,0.0070869929785104,yfinance_download,131970.KQ
2023-02-28,34350.0,34400.0,32700.0,33450.0,33006.34765625,480175.0,-0.0304347826086957,-0.4110915492957746,34035.0,31369.166666666668,28919.58333333333,0.497678584258947,0.4591714633044755,0.0807754442649435,0.077294685990338,0.2032374100719425,-0.0171881886293521,0.0663337141035518,0.1566556687365827,48900.0,20450.0,-0.3159509202453987,0.6356968215158925,19327238.0,646496111100.0,16061853750.0,9178276440.0,0.0248444707929813,yfinance_download,131970.KQ
2023-03-02,33400.0,33400.0,32100.0,32100.0,31674.25390625,344545.0,-0.0403587443946188,-0.4348591549295775,34082.5,31398.33333333333,28959.58333333333,0.5221917054178636,0.4645996838107866,0.0304975922953452,0.0576606260296539,0.1758241758241758,-0.0581676813614024,0.022347258347046,0.1084413622433564,48900.0,20450.0,-0.3435582822085889,0.5696821515892421,19327238.0,620404339800.0,11059894500.0,9495853482.5,0.0178269134989696,yfinance_download,131970.KQ
2023-03-03,32200.0,32900.0,31900.0,32400.0,31970.275390625,218996.0,0.0093457943925232,-0.4295774647887324,34057.5,31428.33333333333,29005.0,0.4827265093831654,0.4646754100810564,-0.0151975683890577,0.0588235294117647,0.202226345083488,-0.0486676943404535,0.0309169008856127,0.1170487846922945,48900.0,20450.0,-0.3374233128834356,0.5843520782396088,19327238.0,626202511200.0,7095470400.0,9224737402.5,0.0113309516859056,yfinance_download,131970.KQ
2023-03-06,32800.0,33250.0,31900.0,33200.0,32759.662109375,298726.0,0.0246913580246914,-0.4154929577464789,34112.5,31489.166666666668,29066.25,0.4817745920759986,0.4610422734378117,0.0342679127725855,0.1235194585448391,0.2843326885880077,-0.0267497251740563,0.0543308545266889,0.1422182084032168,48900.0,20450.0,-0.3210633946830266,0.6234718826405867,19327238.0,641664301600.0,9917703200.0,9426138767.5,0.0154562177999774,yfinance_download,131970.KQ
2023-03-07,33350.0,33350.0,31900.0,32050.0,31624.919921875,333739.0,-0.0346385542168674,-0.4357394366197182,34140.0,31527.5,29117.916666666668,0.4940791572638593,0.4671180576854853,0.0174603174603174,0.0773109243697478,0.2398452611218569,-0.0612185120093731,0.0165728332408214,0.1006968790693014,48900.0,20450.0,-0.3445807770961145,0.5672371638141809,19327238.0,619437977900.0,10696334950.0,9726800265.0,0.0172678061914485,yfinance_download,131970.KQ
2023-03-08,31550.0,31900.0,31400.0,31500.0,31082.21484375,152150.0,-0.017160686427457,-0.4454225352112676,34040.0,31553.33333333333,29152.916666666668,0.4393939345307042,0.468575221433181,-0.0597014925373133,0.0517529215358931,0.1538461538461537,-0.0746180963572268,-0.001690259877456,0.0805093829948404,48900.0,20450.0,-0.3558282208588957,0.5403422982885087,19327238.0,608807997000.0,4792725000.0,9407117165.0,0.0078723095353821,yfinance_download,131970.KQ
2023-03-09,31950.0,32850.0,31050.0,31400.0,30983.5390625,191355.0,-0.0031746031746031,-0.4471830985915492,33930.0,31576.666666666668,29194.58333333333,0.4388785774867257,0.4686625128513718,-0.0654761904761904,0.0466666666666666,0.1893939393939394,-0.0745652814618331,-0.0055948485168373,0.0755419812465212,48900.0,20450.0,-0.3578732106339468,0.5354523227383863,19327238.0,606875273200.0,6008547000.0,9313589555.0,0.0099007938951235,yfinance_download,131970.KQ
2023-03-10,30750.0,30950.0,29950.0,30550.0,30144.8125,161109.0,-0.0270700636942675,-0.4621478873239436,33730.0,31595.83333333333,29230.83333333333,0.4304272794827596,0.4702487771638983,-0.1157742402315484,0.0391156462585033,0.166030534351145,-0.0942780907204269,-0.0331003560596069,0.0451292869971777,48900.0,20450.0,-0.3752556237218813,0.4938875305623471,19327238.0,590447120900.0,4921879950.0,8592672240.0,0.0083358522309292,yfinance_download,131970.KQ
2023-03-13,30250.0,31200.0,29750.0,31150.0,30736.857421875,161697.0,0.0196399345335516,-0.4515845070422535,33582.5,31621.666666666668,29272.5,0.4386793156234184,0.4716514601536896,-0.0865102639296188,0.0523648648648649,0.1912045889101339,-0.0724335591453881,-0.0149159331681864,0.0641386967290118,48900.0,20450.0,-0.3629856850715747,0.5232273838630808,19327238.0,602043463700.0,5036861550.0,8528611212.5,0.0083662756157915,yfinance_download,131970.KQ
2023-03-14,31150.0,31150.0,29000.0,29050.0,28664.70703125,291455.0,-0.0674157303370787,-0.488556338028169,33385.0,31604.166666666668,29301.666666666668,0.4839678876259956,0.4909831842847781,-0.1196969696969697,-0.0348837209302325,0.1369863013698631,-0.1298487344615845,-0.0808174027686223,-0.0085888174734087,48900.0,20450.0,-0.4059304703476483,0.4205378973105134,19327238.0,561456263900.0,8466767750.0,8612323500.0,0.0150800129847834,yfinance_download,131970.KQ
2023-03-15,29700.0,29950.0,28950.0,29550.0,29158.076171875,224918.0,0.0172117039586918,-0.4797535211267606,33130.0,31612.5,29335.0,0.4462536284321109,0.4868209681384137,-0.1471861471861472,0.0172117039586918,0.1565557729941291,-0.1080591608813763,-0.0652431791221826,0.0073291290267598,48900.0,20450.0,-0.3957055214723927,0.4449877750611246,19327238.0,571119882900.0,6646326900.0,8338195545.0,0.0116373586334477,yfinance_download,131970.KQ
2023-03-16,29550.0,30850.0,28850.0,30200.0,29799.453125,256058.0,0.0219966159052453,-0.4683098591549296,32910.0,31634.166666666668,29377.916666666668,0.458107160068995,0.4885922623654376,-0.1271676300578035,0.0449826989619377,0.2055888223552895,-0.0823457915527194,-0.0453360027396538,0.0279830371452478,48900.0,20450.0,-0.3824130879345603,0.4767726161369192,19327238.0,583682587600.0,7732951600.0,7861429535.0,0.0132485562603409,yfinance_download,131970.KQ
2023-03-17,31150.0,33000.0,30950.0,32350.0,31920.94140625,547099.0,0.0711920529801324,-0.4304577464788732,32757.5,31689.166666666668,29445.0,0.5259221679404918,0.5091861621388128,-0.0861581920903954,0.1135972461273666,0.331275720164609,-0.0124398992597115,0.0208536040181974,0.0986585158770589,48900.0,20450.0,-0.3384458077709611,0.5819070904645476,19327238.0,625236149300.0,17698652650.0,8410003757.5,0.0283071486986397,yfinance_download,131970.KQ
2023-03-20,32450.0,33700.0,32150.0,32600.0,32167.623046875,289040.0,0.007727975270479,-0.426056338028169,32640.0,31745.83333333333,29521.25,0.5264228174627456,0.5092749587131248,-0.0672389127324749,0.1164383561643835,0.3901918976545842,-0.0012254901960784,0.0269064181651135,0.1042892831434982,48900.0,20450.0,-0.3333333333333333,0.5941320293398533,19327238.0,630067958800.0,9422704000.0,8616079905.0,0.0149550597969559,yfinance_download,131970.KQ
2023-03-21,32600.0,32950.0,31650.0,31850.0,31427.5703125,160080.0,-0.0230061349693251,-0.4392605633802817,32407.5,31791.666666666668,29600.0,0.4997703346928488,0.5117963321113883,-0.1273972602739725,0.0945017182130585,0.421875,-0.0172028079919771,0.001834862385321,0.0760135135135136,48900.0,20450.0,-0.3486707566462167,0.5574572127139363,19327238.0,615572530300.0,5098548000.0,8349166805.0,0.0082826113074201,yfinance_download,131970.KQ
2023-03-22,32150.0,32350.0,30950.0,32100.0,31674.25390625,238968.0,0.0078492935635792,-0.4348591549295775,32232.5,31829.166666666668,29682.5,0.4972654087835245,0.5095554358524331,-0.098314606741573,0.0753768844221105,0.445945945945946,-0.0041107577755371,0.0085089671422959,0.081445296049861,48900.0,20450.0,-0.3435582822085889,0.5696821515892421,19327238.0,620404339800.0,7670872800.0,8268308445.0,0.0123643119622162,yfinance_download,131970.KQ
2023-03-23,31550.0,31700.0,31000.0,31400.0,30983.5390625,180542.0,-0.0218068535825545,-0.4471830985915492,32080.0,31880.83333333333,29766.25,0.4908910574540159,0.4996556463595302,-0.0885341074020319,0.1095406360424027,0.4707259953161593,-0.0211970074812967,-0.0150822071777713,0.0548859866459496,48900.0,20450.0,-0.3578732106339468,0.5354523227383863,19327238.0,606875273200.0,5669018800.0,8186420580.0,0.0093413244044493,yfinance_download,131970.KQ
2023-03-24,31850.0,33850.0,31650.0,33550.0,33105.02734375,618196.0,0.0684713375796177,-0.409330985915493,31987.5,31957.5,29873.33333333333,0.5445042654870749,0.5161575179100045,-0.0522598870056497,0.1588946459412781,0.6207729468599035,0.0488472059398201,0.0498318078698272,0.1230752064271367,48900.0,20450.0,-0.3139059304703476,0.6405867970660146,19327238.0,648428834900.0,20740475800.0,8828599850.0,0.0319857395040098,yfinance_download,131970.KQ
2023-03-27,34100.0,34100.0,32700.0,33550.0,33105.02734375,327103.0,0.0,-0.409330985915493,31925.0,32025.0,29982.5,0.5417008861420807,0.5151057641468777,-0.035919540229885,0.1372881355932202,0.6405867970660146,0.0509005481597493,0.0476190476190476,0.1189860752105393,48900.0,20450.0,-0.3139059304703476,0.6405867970660146,19327238.0,648428834900.0,10974305650.0,9021871412.5,0.0169244565622878,yfinance_download,131970.KQ
2023-03-28,33550.0,36000.0,33050.0,35600.0,35127.8359375,762347.0,0.0611028315946349,-0.3732394366197182,31980.0,32145.0,30097.916666666668,0.5840486385702505,0.5219379462665211,0.0318840579710144,0.2535211267605635,0.6367816091954024,0.1131957473420888,0.1074817234406595,0.1828061189174221,48900.0,20450.0,-0.2719836400817995,0.7408312958435208,19327238.0,688049672800.0,27139553200.0,10142572372.5,0.0394441771762731,yfinance_download,131970.KQ
2023-03-29,36950.0,38450.0,36550.0,38450.0,37940.03515625,1449608.0,0.0800561797752807,-0.3230633802816901,32230.0,32327.5,30239.166666666668,0.6318726695907226,0.5389923181881898,0.1494768310911809,0.3981818181818182,0.7883720930232558,0.1929878994725411,0.1893898383729022,0.2715297489459034,48900.0,20450.0,-0.2137014314928425,0.880195599022005,19327238.0,743132301100.0,55737427600.0,12126351065.0,0.0750033708903465,yfinance_download,131970.KQ
2023-03-30,39400.0,41400.0,39100.0,39850.0,39321.46484375,1109559.0,0.0364109232769831,-0.2984154929577465,32617.5,32550.0,30379.166666666668,0.6128523669609646,0.5350897626382981,0.2414330218068536,0.5037735849056604,0.7288503253796095,0.2217367977312792,0.2242703533026113,0.3117542175284598,48900.0,20450.0,-0.1850715746421267,0.9486552567237164,19327238.0,770190434300.0,44215926150.0,13784152647.5,0.0574090824565827,yfinance_download,131970.KQ
2023-03-31,40650.0,40900.0,39050.0,39500.0,38976.10546875,477279.0,-0.0087829360100376,-0.3045774647887324,32972.5,32742.5,30510.83333333333,0.617089281517377,0.5268539051068882,0.2191358024691359,0.4132379248658318,0.6666666666666667,0.1979680036393964,0.2063831411773689,0.2946221287520827,48900.0,20450.0,-0.1922290388548057,0.9315403422982884,19327238.0,763425901000.0,18852520500.0,14372005152.5,0.0246946304484893,yfinance_download,131970.KQ
2023-04-03,40000.0,41500.0,38450.0,40950.0,40406.87890625,665553.0,0.0367088607594936,-0.2790492957746479,33360.0,32938.333333333336,30662.08333333333,0.6221658033416257,0.5246097938883209,0.233433734939759,0.4023972602739727,0.7960526315789473,0.2275179856115108,0.2432323027880381,0.3355256899808396,48900.0,20450.0,-0.1625766871165643,1.002444987775061,19327238.0,791450396100.0,27254395350.0,15238839760.0,0.0344360120157882,yfinance_download,131970.KQ
2023-04-04,40850.0,40850.0,38200.0,38500.0,37989.37109375,715699.0,-0.0598290598290598,-0.3221830985915492,33682.5,33088.333333333336,30790.83333333333,0.6525024463148852,0.5416686195556454,0.2012480499219968,0.3050847457627119,0.6702819956616053,0.1430267943293994,0.163552107993754,0.2503721345638583,48900.0,20450.0,-0.212678936605317,0.8826405867970659,19327238.0,744098663000.0,27554411500.0,16081743587.5,0.037030588643861,yfinance_download,131970.KQ
2023-04-05,38200.0,39350.0,38100.0,39300.0,38778.76171875,329395.0,0.0207792207792207,-0.3080985915492957,34072.5,33215.0,30928.33333333333,0.6454111444507791,0.523060069885547,0.2476190476190476,0.2397476340694007,0.7236842105263157,0.1534228483381026,0.183200361282553,0.2706795279409388,48900.0,20450.0,-0.1963190184049079,0.921760391198044,19327238.0,759560453400.0,12945223500.0,16489368512.5,0.0170430456747104,yfinance_download,131970.KQ
2023-04-06,39050.0,39050.0,37850.0,38200.0,37693.3515625,289325.0,-0.0279898218829516,-0.3274647887323944,34412.5,33322.5,31052.916666666668,0.6589685440470093,0.5271666719377129,0.21656050955414,0.2031496062992126,0.6430107526881721,0.1100617508172903,0.1463725710856027,0.2301581977001623,48900.0,20450.0,-0.2188139059304703,0.8679706601466992,19327238.0,738300491600.0,11052215000.0,16741551912.5,0.0149698058253331,yfinance_download,131970.KQ
2023-04-07,38900.0,40950.0,38600.0,40100.0,39568.1484375,594910.0,0.049738219895288,-0.2940140845070422,34890.0,33467.5,31193.75,0.6570356979025979,0.5346108452203722,0.3126022913256956,0.2770700636942675,0.728448275862069,0.1493264545715105,0.1981773362217076,0.2855139250651173,48900.0,20450.0,-0.179959100204499,0.960880195599022,19327238.0,775022243800.0,23855891000.0,17688252465.0,0.0307809113749207,yfinance_download,131970.KQ
2023-04-10,40100.0,40300.0,39200.0,39900.0,39370.8046875,260018.0,-0.0049875311720698,-0.2975352112676056,35327.5,33598.333333333336,31328.75,0.6602892916859608,0.5339054320190263,0.2808988764044944,0.2449297971918875,0.6835443037974684,0.1294317458070908,0.1875589066918002,0.2735905518094401,48900.0,20450.0,-0.1840490797546012,0.9511002444987776,19327238.0,771156796200.0,10374718200.0,17955145297.5,0.0134534484441077,yfinance_download,131970.KQ
2023-04-11,40800.0,42000.0,40100.0,40150.0,39617.48828125,474983.0,0.006265664160401,-0.2931338028169014,35882.5,33749.166666666664,31474.166666666668,0.5887988680232824,0.529233079510684,0.3820998278829604,0.2909967845659165,0.7687224669603525,0.1189298404514735,0.1896590039260228,0.2756493420530064,48900.0,20450.0,-0.1789366053169734,0.9633251833740832,19327238.0,775988605700.0,19070567450.0,18485335282.5,0.0245758343742649,yfinance_download,131970.KQ
2023-04-12,40300.0,40400.0,39000.0,39400.0,38877.4375,267948.0,-0.0186799501867994,-0.3063380281690141,36375.0,33887.5,31620.0,0.6022221925253883,0.5313380354138523,0.3333333333333332,0.2668810289389067,0.7990867579908676,0.0831615120274913,0.1626706012541496,0.2460468058191018,48900.0,20450.0,-0.1942740286298568,0.9266503667481664,19327238.0,761493177200.0,10557151200.0,18680876497.5,0.0138637502161457,yfinance_download,131970.KQ
2023-04-13,38750.0,39200.0,38500.0,39000.0,38482.73828125,222435.0,-0.0101522842639594,-0.3133802816901408,36815.0,34022.5,31761.25,0.6081651348110602,0.531719469707091,0.2913907284768211,0.2621359223300972,0.7687074829931972,0.0593508080945266,0.1463002424865898,0.2279113699870125,48900.0,20450.0,-0.2024539877300614,0.9070904645476772,19327238.0,753762282000.0,8674965000.0,18727977167.5,0.0115088870949899,yfinance_download,131970.KQ
2023-04-14,39250.0,39350.0,37550.0,38050.0,37545.33984375,387700.0,-0.0243589743589743,-0.3301056338028169,37100.0,34155.0,31886.25,0.5820746695966855,0.5313556904810808,0.1761978361669243,0.2641196013289035,0.6507592190889371,0.0256064690026953,0.1140389401258965,0.193304323964091,48900.0,20450.0,-0.221881390593047,0.8606356968215159,19327238.0,735401405900.0,14751985000.0,18580643785.0,0.0200597726379734,yfinance_download,131970.KQ
2023-04-17,38000.0,38600.0,37350.0,38450.0,37940.03515625,183638.0,0.0105124835742445,-0.3230633802816901,37392.5,34292.5,32002.916666666668,0.5820921028124023,0.5314943420623606,0.1794478527607361,0.2731788079470199,0.572597137014315,0.0282810724075683,0.1212364219581541,0.2014529925657817,48900.0,20450.0,-0.2137014314928425,0.880195599022005,19327238.0,743132301100.0,7060881100.0,18462552640.0,0.0095015128390305,yfinance_download,131970.KQ
2023-04-18,38450.0,38450.0,36600.0,37000.0,36509.26953125,313121.0,-0.0377113133940182,-0.3485915492957746,37650.0,34408.333333333336,32107.5,0.594985301359003,0.5382000785913451,0.1616954474097331,0.2312811980033278,0.5132924335378324,-0.0172642762284196,0.0753209009445385,0.1523787277115937,48900.0,20450.0,-0.2433537832310838,0.8092909535452322,19327238.0,715107806000.0,11585477000.0,18786899090.0,0.0162010215841497,yfinance_download,131970.KQ
2023-04-19,37000.0,37950.0,36600.0,37050.0,36558.6015625,138136.0,0.0013513513513514,-0.3477112676056337,37897.5,34504.166666666664,32197.5,0.5954800521843652,0.5324917945236199,0.1542056074766356,0.1837060702875399,0.4114285714285715,-0.0223629527013655,0.0737833594976453,0.1507104588865595,48900.0,20450.0,-0.2423312883435583,0.8117359413202934,19327238.0,716074167900.0,5117938800.0,18659252390.0,0.0071472188628297,yfinance_download,131970.KQ
2023-04-20,36800.0,36850.0,35750.0,35800.0,35325.18359375,221290.0,-0.0337381916329284,-0.3697183098591549,38117.5,34550.833333333336,32289.166666666668,0.6047958119918564,0.5270542197230726,0.1401273885350318,0.0848484848484849,0.4435483870967742,-0.0607988456745589,0.0361544584066952,0.1087309985289184,48900.0,20450.0,-0.2678936605316974,0.7506112469437654,19327238.0,691915120400.0,7922182000.0,18771910550.0,0.0114496442792291,yfinance_download,131970.KQ
2023-04-21,36100.0,37050.0,36000.0,36300.0,35818.55078125,207538.0,0.0139664804469272,-0.3609154929577465,38255.0,34616.666666666664,32369.166666666668,0.5609877535147685,0.5256775452532869,0.0819672131147541,0.1221020092735702,0.3595505617977528,-0.0511044307933603,0.0486278285989407,0.1214375820611177,48900.0,20450.0,-0.2576687116564417,0.7750611246943766,19327238.0,701578739400.0,7533629400.0,18111568230.0,0.0107381096046936,yfinance_download,131970.KQ
2023-04-24,36300.0,36450.0,35350.0,35550.0,35078.49609375,132683.0,-0.0206611570247934,-0.3741197183098591,38355.0,34680.0,32447.5,0.5679528372726411,0.5260560089632285,0.059612518628912,0.1196850393700788,0.3594646271510515,-0.0731325772389519,0.0250865051903115,0.0956159950689574,48900.0,20450.0,-0.2730061349693251,0.7383863080684596,19327238.0,687083310900.0,4716880650.0,17798696980.0,0.0068650781865468,yfinance_download,131970.KQ
2023-04-25,35550.0,36000.0,34750.0,35750.0,35275.84765625,143662.0,0.0056258790436005,-0.3705985915492957,38362.5,34750.833333333336,32532.08333333333,0.5259098234917807,0.5256550810688928,0.0042134831460673,0.1349206349206348,0.396484375,-0.068100358422939,0.0287523080981271,0.0989151734825877,48900.0,20450.0,-0.2689161554192228,0.7481662591687042,19327238.0,690948758500.0,5135916500.0,16698515145.0,0.0074331365919951,yfinance_download,131970.KQ
2023-04-26,35800.0,37200.0,35300.0,35600.0,35127.8359375,257223.0,-0.0041958041958042,-0.3732394366197182,38220.0,34828.333333333336,32614.58333333333,0.4344269709141126,0.5241890118024268,-0.0741222366710012,0.1502423263327947,0.3852140077821011,-0.0685504971219257,0.022156290376609,0.0915362503992334,48900.0,20450.0,-0.2719836400817995,0.7408312958435208,19327238.0,688049672800.0,9157138800.0,14369500705.0,0.0133088338851107,yfinance_download,131970.KQ
2023-04-27,35950.0,36400.0,34900.0,35900.0,35423.85546875,167547.0,0.0084269662921347,-0.3679577464788732,38022.5,34907.5,32702.08333333333,0.4110689059516738,0.5242620506290561,-0.0991217063989962,0.1524879614767256,0.4133858267716535,-0.0558222105332368,0.028432285325503,0.0977893865069758,48900.0,20450.0,-0.2658486707566462,0.7555012224938875,19327238.0,693847844200.0,6014937300.0,12459451262.5,0.0086689572509015,yfinance_download,131970.KQ
2023-04-28,36300.0,36500.0,35250.0,35600.0,35127.8359375,156756.0,-0.0083565459610027,-0.3732394366197182,37827.5,34952.5,32772.5,0.4110180715342742,0.5128059153903928,-0.0987341772151898,0.0820668693009119,0.3112338858195211,-0.0588857312801532,0.0185251412631428,0.0862766038599436,48900.0,20450.0,-0.2719836400817995,0.7408312958435208,19327238.0,688049672800.0,5580513600.0,11795850917.5,0.0081106260501371,yfinance_download,131970.KQ
2023-05-02,35800.0,36500.0,35150.0,35500.0,35029.1640625,120467.0,-0.0028089887640448,-0.375,37555.0,35009.166666666664,32829.583333333336,0.3808322438911967,0.510010106173868,-0.133089133089133,0.1059190031152648,0.2390924956369982,-0.0547197443749167,0.014020137583014,0.0813417776141944,48900.0,20450.0,-0.2740286298568507,0.7359413202933984,19327238.0,686116949000.0,4276578500.0,10646960075.0,0.0062330168438966,yfinance_download,131970.KQ
2023-05-03,35100.0,36000.0,34850.0,35650.0,35177.17578125,92394.0,0.004225352112676,-0.3723591549295775,37412.5,35078.333333333336,32885.0,0.3266430838173607,0.5081632301800408,-0.074025974025974,0.1317460317460317,0.2293103448275861,-0.047109923154026,0.016296859409892,0.0840808879428309,48900.0,20450.0,-0.270961145194274,0.743276283618582,19327238.0,689016034700.0,3293846100.0,9433931805.0,0.0047805071785218,yfinance_download,131970.KQ
2023-05-04,35600.0,35600.0,34300.0,34700.0,34239.76953125,130062.0,-0.0266479663394109,-0.3890845070422535,37182.5,35098.333333333336,32940.416666666664,0.3229853278653952,0.4954192046626192,-0.1170483460559796,0.0358208955223879,0.2370766488413547,-0.0667652793652928,-0.0113490669072606,0.0534171547111579,48550.0,20450.0,-0.2852729145211122,0.6968215158924205,19327238.0,670655158600.0,4513151400.0,9012328200.0,0.0067294664659275,yfinance_download,131970.KQ
2023-05-08,35150.0,36350.0,35150.0,35800.0,35325.18359375,157945.0,0.0317002881844379,-0.3697183098591549,37062.5,35135.0,32972.5,0.3382430287203626,0.4993749033236196,-0.06282722513089,0.0654761904761904,0.1205007824726134,-0.0340640809443507,0.0189269958730611,0.0857532792478581,47900.0,20450.0,-0.2526096033402922,0.7506112469437654,19327238.0,691915120400.0,5654431000.0,8742439000.0,0.0081721454457175,yfinance_download,131970.KQ
2023-05-09,35850.0,35900.0,33650.0,34150.0,33697.0625,255948.0,-0.0460893854748603,-0.3987676056338028,36765.0,35128.333333333336,32994.166666666664,0.3098280141326271,0.5055870716165372,-0.1483790523690773,-0.0115774240231548,0.0824088748019018,-0.0711274309805521,-0.0278502633202069,0.0350314449523907,47900.0,20450.0,-0.2870563674321503,0.6699266503667483,19327238.0,660025177700.0,8740624200.0,7986675660.0,0.0132428648107918,yfinance_download,131970.KQ
2023-05-10,34000.0,34350.0,33400.0,33800.0,33351.70703125,99865.0,-0.0102489019033674,-0.4049295774647887,36460.0,35123.333333333336,32991.666666666664,0.3097539049832406,0.5053065385311152,-0.1528822055137845,-0.0087976539589442,-0.0087976539589442,-0.0729566648381788,-0.0376767580905381,0.0245011366506693,47400.0,20450.0,-0.2869198312236287,0.6528117359413204,19327238.0,653260644400.0,3375437000.0,7636711600.0,0.005167060083805,yfinance_download,131970.KQ
2023-05-11,34400.0,34900.0,33950.0,34400.0,33943.75,147800.0,0.0177514792899409,-0.3943661971830986,36172.5,35146.666666666664,32995.0,0.3193432749697413,0.5019063628879217,-0.1432129514321295,0.0424242424242424,0.0117647058823529,-0.0490013131522565,-0.0212443095599392,0.0425822094256704,46600.0,20450.0,-0.2618025751072961,0.6821515892420538,19327238.0,664856987200.0,5084320000.0,6937399227.5,0.0076472385759413,yfinance_download,131970.KQ
2023-05-12,34400.0,35250.0,33800.0,34550.0,34091.7578125,153887.0,0.0043604651162789,-0.391725352112676,35930.0,35145.0,33003.75,0.3191218666382184,0.4915536974307522,-0.1230964467005075,-0.0028860028860029,0.0313432835820894,-0.0384080155858613,-0.0169298620002845,0.0468507366587129,46000.0,20450.0,-0.2489130434782608,0.6894865525672371,19327238.0,667756072900.0,5316795850.0,6675381460.0,0.0079621826978071,yfinance_download,131970.KQ
2023-05-15,34550.0,34600.0,33650.0,34350.0,33894.4140625,105617.0,-0.0057887120115773,-0.3952464788732394,35697.5,35140.833333333336,33002.5,0.3188084834748319,0.4917046807990489,-0.1192307692307692,-0.0072254335260115,-0.0043478260869564,-0.037747741438476,-0.0225046835352985,0.0408302401333231,45800.0,20450.0,-0.25,0.6797066014669926,19327238.0,663890625300.0,3627943950.0,6423030407.5,0.0054646711547713,yfinance_download,131970.KQ
2023-05-16,34900.0,36000.0,34900.0,35300.0,34831.8125,206580.0,0.0276564774381369,-0.3785211267605634,35560.0,35139.166666666664,33026.25,0.3325408764000743,0.4926887099148327,-0.0722733245729303,-0.0028248587570621,0.0878274268104777,-0.0073115860517435,0.0045770389166883,0.0688467506907384,45800.0,20450.0,-0.2292576419213974,0.7261613691931541,19327238.0,682251501400.0,7292274000.0,6050044857.5,0.0106885422531662,yfinance_download,131970.KQ
2023-05-17,35150.0,36350.0,35150.0,36350.0,35867.8828125,175851.0,0.0297450424929177,-0.3600352112676056,35455.0,35162.5,33070.0,0.349871237795582,0.4955294200229812,-0.0546163849154746,0.0400572246065809,0.1688102893890675,0.025243266111973,0.033771773906861,0.0991835500453583,45800.0,20450.0,-0.2063318777292576,0.7775061124694376,19327238.0,702545101300.0,6392183850.0,6016609995.0,0.0090986099514064,yfinance_download,131970.KQ
2023-05-18,37000.0,37850.0,36600.0,37700.0,37199.98046875,289139.0,0.0371389270976616,-0.3362676056338028,35490.0,35182.5,33122.5,0.3510451462779787,0.4930576254946119,0.0189189189189189,0.0328767123287672,0.2006369426751593,0.0622710622710622,0.071555460811483,0.1381991093667447,45800.0,20450.0,-0.1768558951965065,0.843520782396088,19327238.0,728636872600.0,10900540300.0,5982363160.0,0.0149601821015501,yfinance_download,131970.KQ
2023-05-19,38500.0,39300.0,38400.0,39200.0,38680.08984375,440856.0,0.039787798408488,-0.3098591549295775,35597.5,35242.5,33171.666666666664,0.3768708966221076,0.4964059502298467,0.0580296896086369,0.101123595505618,0.177177177177177,0.1012009270313927,0.1122933957579626,0.1817313972767924,45650.0,20450.0,-0.1412924424972618,0.9168704156479216,19327238.0,757627729600.0,17281555200.0,6590543980.0,0.0228100880218891,yfinance_download,131970.KQ
2023-05-22,38800.0,39150.0,38250.0,38550.0,38038.70703125,232381.0,-0.0165816326530612,-0.3213028169014085,35735.0,35310.833333333336,33223.333333333336,0.3591361912690651,0.4927866918513945,0.0768156424581005,0.1190130624092888,0.1916537867078824,0.0787743108996781,0.0917329431477591,0.1603290859837463,44250.0,20450.0,-0.1288135593220338,0.8850855745721271,19327238.0,745065024900.0,8958287550.0,6642349257.5,0.0120234976151274,yfinance_download,131970.KQ
2023-05-23,38550.0,38650.0,37200.0,37700.0,37199.98046875,245743.0,-0.0220492866407263,-0.3362676056338028,35805.0,35349.166666666664,33276.666666666664,0.3684475532577246,0.4924291855032032,0.0385674931129476,0.0649717514124292,0.2044728434504792,0.0529255690546013,0.0665032178976403,0.1329259741560653,43750.0,20450.0,-0.1382857142857142,0.843520782396088,19327238.0,728636872600.0,9264511100.0,6728893342.5,0.0127148535139889,yfinance_download,131970.KQ
2023-05-24,37000.0,38050.0,36950.0,37950.0,37446.66796875,127267.0,0.0066312997347479,-0.3318661971830986,35925.0,35401.666666666664,33332.083333333336,0.3586430829021474,0.491021137099489,0.0675105485232068,0.0905172413793102,0.2124600638977636,0.0563674321503131,0.0719834282755049,0.1385426953510755,43500.0,20450.0,-0.1275862068965517,0.8557457212713937,19327238.0,733468682100.0,4829782650.0,6734538442.5,0.0065848519069305,yfinance_download,131970.KQ
2023-05-25,39000.0,39500.0,37550.0,37750.0,37249.31640625,306059.0,-0.005270092226614,-0.335387323943662,36025.0,35455.833333333336,33392.5,0.3598755394853329,0.4907621009993093,0.055944055944056,0.0942028985507246,0.2377049180327868,0.0478834142956281,0.0647049145650691,0.1304933742606873,43450.0,20450.0,-0.1311852704257767,0.8459657701711492,19327238.0,729603234500.0,11553727250.0,7055428980.0,0.015835630523099,yfinance_download,131970.KQ
2023-05-26,38150.0,38750.0,37700.0,37950.0,37446.66796875,206643.0,0.005298013245033,-0.3318661971830986,36142.5,35530.833333333336,33450.0,0.3589451675377468,0.4861269912276178,0.0660112359550562,0.1345291479820627,0.2222222222222223,0.0500103755965968,0.0680864038276614,0.1345291479820627,43250.0,20450.0,-0.1225433526011561,0.8557457212713937,19327238.0,733468682100.0,7842101850.0,6989677132.5,0.0106918019015443,yfinance_download,131970.KQ
2023-05-30,39000.0,39150.0,38250.0,38700.0,38186.71875,253346.0,0.0197628458498024,-0.3186619718309859,36282.5,35640.833333333336,33519.583333333336,0.3632617860209343,0.4790164666258002,0.0779944289693592,0.205607476635514,0.2751235584843492,0.0666299180045475,0.0858331969417101,0.1545489576988574,41700.0,20450.0,-0.0719424460431654,0.8924205378973105,19327238.0,747964110600.0,9804490200.0,7179154777.5,0.013108236158731,yfinance_download,131970.KQ
2023-05-31,38700.0,38700.0,37250.0,37350.0,36854.625,274768.0,-0.0348837209302325,-0.3424295774647887,36370.0,35723.333333333336,33575.833333333336,0.3866887081828994,0.4852721635554618,0.0491573033707866,0.1527777777777776,0.2205882352941177,0.0269452845751994,0.0455351311001213,0.1124072373482911,41700.0,20450.0,-0.1043165467625899,0.8264058679706601,19327238.0,721872339300.0,10262584800.0,7413258337.5,0.0142166200881884,yfinance_download,131970.KQ
2023-06-01,36800.0,37750.0,36450.0,37650.0,37150.64453125,167409.0,0.0080321285140563,-0.3371478873239436,36477.5,35797.5,33643.333333333336,0.3865608016446674,0.4832632635259545,0.06056338028169,0.1340361445783131,0.2741116751269035,0.0321431019121376,0.0517494238424471,0.1190924403051618,41700.0,20450.0,-0.0971223021582733,0.841075794621027,19327238.0,727670510700.0,6302948850.0,7514576855.0,0.0086618170687399,yfinance_download,131970.KQ
2023-06-02,37950.0,38200.0,36850.0,37400.0,36903.9609375,202351.0,-0.0066401062416998,-0.3415492957746479,36565.0,35886.666666666664,33707.083333333336,0.3881093954160057,0.4774318335426546,0.0490883590462833,0.1669266770670827,0.2571428571428571,0.0228360453986051,0.0421697937952814,0.1095590689395156,41700.0,20450.0,-0.1031175059952038,0.8288508557457213,19327238.0,722838701200.0,7567927400.0,7728280920.0,0.0104697318882294,yfinance_download,131970.KQ
2023-06-05,37450.0,37650.0,36950.0,37500.0,37002.63671875,120377.0,0.0026737967914438,-0.3397887323943662,36705.0,35986.666666666664,33770.0,0.3723549136228825,0.4755782133235131,0.0806916426512969,0.1904761904761904,0.2520868113522538,0.021659174499387,0.0420526120785476,0.1104530648504589,41700.0,20450.0,-0.1007194244604317,0.8337408312958434,19327238.0,724771425000.0,4514137500.0,7728330225.0,0.0062283602033565,yfinance_download,131970.KQ
2023-06-07,37400.0,37800.0,37250.0,37550.0,37051.97265625,111629.0,0.0013333333333334,-0.3389084507042254,36792.5,36089.16666666666,33832.916666666664,0.3578747808699348,0.4754038460072887,0.0488826815642458,0.1958598726114648,0.2516666666666667,0.0205884351430318,0.0404784445932528,0.1098658850478455,41600.0,20450.0,-0.0973557692307692,0.8361858190709046,19327238.0,725737786900.0,4191668950.0,7655192122.5,0.0057757347428535,yfinance_download,131970.KQ
2023-06-08,37250.0,38500.0,36500.0,38400.0,37890.69921875,245526.0,0.0226364846870839,-0.323943661971831,37005.0,36220.0,33907.916666666664,0.3142735380581964,0.4726925125586736,0.1244509516837482,0.2569558101472995,0.3061224489795917,0.0376976084312929,0.060187741579238,0.1324788950466338,40950.0,20450.0,-0.0622710622710622,0.8777506112469438,19327238.0,742165939200.0,9428198400.0,7689570832.5,0.012703625836242,yfinance_download,131970.KQ
2023-06-09,38600.0,39650.0,37850.0,39200.0,38680.08984375,319131.0,0.0208333333333332,-0.3098591549295775,37275.0,36354.16666666666,33987.916666666664,0.3122309023599171,0.4728647485147325,0.1597633136094673,0.2584269662921348,0.3243243243243243,0.0516431924882629,0.0782808022922636,0.153351068394405,40950.0,20450.0,-0.0427350427350426,0.9168704156479216,19327238.0,757627729600.0,12509935200.0,8146295742.5,0.0165119816913311,yfinance_download,131970.KQ
2023-06-12,39550.0,39650.0,37800.0,38300.0,37792.0234375,206413.0,-0.0229591836734693,-0.3257042253521126,37470.0,36508.333333333336,34056.25,0.3277671875935867,0.4524131858011339,0.1133720930232558,0.3184165232358003,0.2724252491694352,0.0221510541766747,0.0490755535265921,0.1246100201871902,40950.0,20450.0,-0.0647130647130647,0.8728606356968216,19327238.0,740233215400.0,7905617900.0,8287360637.5,0.0106799015979417,yfinance_download,131970.KQ
2023-06-13,38900.0,39550.0,38500.0,38500.0,37989.37109375,298774.0,0.0052219321148825,-0.3221830985915492,37667.5,36657.5,34135.0,0.3277387341503445,0.4516989941237657,0.114327062228654,0.3028764805414552,0.3253012048192771,0.0221012809451117,0.0502625656414104,0.12787461549729,40950.0,20450.0,-0.0598290598290598,0.8826405867970659,19327238.0,744098663000.0,11502799000.0,8596660795.0,0.0154587013415988,yfinance_download,131970.KQ
2023-06-14,38650.0,38650.0,36950.0,37500.0,37002.63671875,285450.0,-0.0259740259740259,-0.3397887323943662,37825.0,36779.16666666666,34206.666666666664,0.3444706026962171,0.4545934066731358,0.091703056768559,0.2417218543046357,0.2975778546712802,-0.0085922009253139,0.0195989577432877,0.0962775287468331,40950.0,20450.0,-0.0842490842490842,0.8337408312958434,19327238.0,724771425000.0,10704375000.0,8950482347.5,0.0147693115798542,yfinance_download,131970.KQ
2023-06-15,37800.0,40000.0,37800.0,39950.0,39420.140625,543110.0,0.0653333333333332,-0.2966549295774647,38057.5,36905.833333333336,34297.5,0.3994620198234148,0.4510401209568506,0.1317280453257789,0.2349304482225656,0.3752151462994837,0.0497273861919465,0.0824847020570369,0.164807930607187,40950.0,20450.0,-0.0244200244200244,0.9535452322738388,19327238.0,772123158100.0,21697244500.0,9670730872.5,0.02810075604181,yfinance_download,131970.KQ
2023-06-16,39950.0,40200.0,38800.0,39150.0,38630.75,267775.0,-0.0200250312891113,-0.3107394366197182,38197.5,37015.0,34380.416666666664,0.4001212397852644,0.4536168603902468,0.077028885832187,0.200920245398773,0.3407534246575343,0.0249361869232278,0.0576793191949209,0.1387296547210743,40950.0,20450.0,-0.0439560439560439,0.9144254278728609,19327238.0,756661367700.0,10483391250.0,9875291242.5,0.0138547991182185,yfinance_download,131970.KQ
2023-06-19,39050.0,39700.0,38400.0,39350.0,38828.09765625,215610.0,0.0051085568326947,-0.3072183098591549,38280.0,37140.0,34465.833333333336,0.3806313780385399,0.4502594360113902,0.0437665782493368,0.2354788069073783,0.3522336769759451,0.0279519331243469,0.059504577275175,0.1417103895161875,40950.0,20450.0,-0.039072039072039,0.9242053789731052,19327238.0,760526815300.0,8484253500.0,9754476902.5,0.0111557585206949,yfinance_download,131970.KQ
2023-06-20,39350.0,39750.0,38200.0,39600.0,39074.78125,214271.0,0.0063532401524777,-0.3028169014084507,38300.0,37265.0,34547.083333333336,0.3547087416140446,0.4502141281008187,0.0102040816326529,0.233644859813084,0.3266331658291457,0.0339425587467363,0.0626593318126929,0.1462617442379361,40950.0,20450.0,-0.0329670329670329,0.9364303178484108,19327238.0,765358624800.0,8485131600.0,9314655722.5,0.0110864780575475,yfinance_download,131970.KQ
2023-06-21,39750.0,39850.0,38450.0,38550.0,38038.70703125,190190.0,-0.0265151515151514,-0.3213028169014085,38300.0,37384.16666666666,34632.5,0.3628033931814904,0.4514638991196166,0.0,0.2277070063694266,0.3621908127208479,0.0065274151436032,0.0311852165578119,0.1131162924998194,40950.0,20450.0,-0.0586080586080586,0.8850855745721271,19327238.0,745065024900.0,7331824500.0,9233332570.0,0.0098405162703537,yfinance_download,131970.KQ
2023-06-22,38100.0,39300.0,38100.0,38600.0,38088.04296875,143405.0,0.0012970168612191,-0.3204225352112676,38345.0,37468.333333333336,34712.916666666664,0.3531107724873725,0.4308964329731125,0.0238726790450929,0.1505216095380031,0.3333333333333332,0.0066501499543616,0.0302032827721185,0.1119780101067087,40950.0,20450.0,-0.0573870573870574,0.8875305623471883,19327238.0,746031386800.0,5535433000.0,9046878665.0,0.0074198392962305,yfinance_download,131970.KQ
2023-06-23,39000.0,39800.0,38550.0,39000.0,38482.73828125,208414.0,0.0103626943005181,-0.3133802816901408,38397.5,37559.16666666666,34792.083333333336,0.3540892807779757,0.4311425428368681,0.0276679841897233,0.1624441132637855,0.3220338983050848,0.015691125724331,0.0383616959907702,0.1209446593453968,40950.0,20450.0,-0.0476190476190476,0.9070904645476772,19327238.0,753762282000.0,8128146000.0,9211796832.5,0.0107834342392844,yfinance_download,131970.KQ
2023-06-26,38800.0,43500.0,38700.0,43500.0,42923.05859375,1435400.0,0.1153846153846154,-0.2341549295774647,38685.0,37690.833333333336,34917.916666666664,0.5355556472862285,0.4746167312222707,0.1523178807947018,0.2219101123595506,0.5316901408450705,0.1244668476153547,0.1541267770678103,0.2457787907354152,43500.0,20450.0,0.0,1.1271393643031784,19327238.0,840734853000.0,62439900000.0,11756105470.0,0.0742682425704076,yfinance_download,131970.KQ
2023-06-27,42900.0,43100.0,41750.0,42500.0,41936.3203125,589881.0,-0.0229885057471264,-0.2517605633802817,38912.5,37758.333333333336,35042.916666666664,0.5464910880265936,0.4502354472023842,0.1198945981554677,0.105331599479844,0.5454545454545454,0.0921940250562158,0.1255793423085411,0.2127985922024184,43500.0,20450.0,-0.0229885057471264,1.078239608801956,19327238.0,821407615000.0,25069942500.0,12617497502.5,0.030520708649627,yfinance_download,131970.KQ
2023-06-28,42650.0,43600.0,42200.0,42700.0,42133.66796875,413261.0,0.0047058823529411,-0.2482394366197182,39112.5,37805.833333333336,35177.916666666664,0.5441497449268665,0.4445558589060012,0.103359173126615,0.0715181932245923,0.6113207547169812,0.0917225950782998,0.1294553309674433,0.2138296990299313,43500.0,20450.0,-0.0183908045977011,1.088019559902201,19327238.0,825273062600.0,17646244700.0,13009585227.5,0.0213823102918275,yfinance_download,131970.KQ
2023-06-29,42900.0,43200.0,42050.0,42450.0,41886.984375,248375.0,-0.0058548009367681,-0.2526408450704225,39367.5,37855.0,35298.75,0.5250212506019608,0.4443061609168986,0.1365461847389557,0.0746835443037974,0.5187835420393561,0.0783006286911793,0.1213842292959979,0.202592159779029,43500.0,20450.0,-0.0241379310344828,1.075794621026895,19327238.0,820441253100.0,10543518750.0,13023631925.0,0.0128510343795631,yfinance_download,131970.KQ
2023-06-30,42450.0,42450.0,41050.0,41500.0,40949.578125,257802.0,-0.0223792697290931,-0.2693661971830986,39560.0,37864.16666666666,35401.25,0.5351635836256728,0.4408399226842897,0.1022576361221778,0.0134310134310133,0.4212328767123288,0.0490394337714863,0.0960230649030526,0.1722749902898908,43500.0,20450.0,-0.0459770114942529,1.0293398533007334,19327238.0,802080377000.0,10698783000.0,13243423632.5,0.013338791605919,yfinance_download,131970.KQ
2023-07-03,41850.0,42800.0,41550.0,42100.0,41541.62109375,204143.0,0.0144578313253012,-0.2588028169014085,39795.0,37924.16666666666,35506.25,0.5341094727442659,0.4232896383219348,0.125668449197861,0.0935064935064935,0.4271186440677965,0.0579218494785778,0.110110088114439,0.1857067417708149,43500.0,20450.0,-0.032183908045977,1.0586797066014668,19327238.0,813676719800.0,8594420300.0,13294748277.5,0.0105624507754289,yfinance_download,131970.KQ
2023-07-04,41850.0,43050.0,41300.0,42300.0,41738.97265625,289907.0,0.004750593824228,-0.2552816901408451,40035.0,37974.16666666666,35594.583333333336,0.5339655670771449,0.4214959935864562,0.1279999999999999,0.0763358778625953,0.3343848580441639,0.0565754964406144,0.1139151616230331,0.1883830639025132,43500.0,20450.0,-0.0275862068965517,1.0684596577017116,19327238.0,817542167400.0,12263066100.0,13682194707.5,0.0149999187674928,yfinance_download,131970.KQ
2023-07-05,42350.0,42400.0,40900.0,41350.0,40801.5703125,230086.0,-0.0224586288416075,-0.2720070422535211,40225.0,38026.66666666666,35674.583333333336,0.5436418608366458,0.4199891927211753,0.1011984021304925,0.0824607329842932,0.3023622047244094,0.0279676817899316,0.0873948106591866,0.1590885200714793,43500.0,20450.0,-0.0494252873563217,1.02200488997555,19327238.0,799181291300.0,9514056100.0,13948314065.0,0.0119047532813534,yfinance_download,131970.KQ
2023-07-06,41450.0,41950.0,40500.0,40650.0,40110.859375,244886.0,-0.0169286577992744,-0.284330985915493,40337.5,38035.833333333336,35751.666666666664,0.5451085375397859,0.4094823771230045,0.05859375,0.0137157107231919,0.2945859872611465,0.0077471335605825,0.0687290493613477,0.1370099296070113,43500.0,20450.0,-0.0655172413793103,0.9877750611246944,19327238.0,785652224700.0,9954615900.0,13974634940.0,0.0126705119479565,yfinance_download,131970.KQ
2023-07-07,40550.0,40900.0,39450.0,39700.0,39173.453125,201573.0,-0.023370233702337,-0.301056338028169,40362.5,38032.5,35815.416666666664,0.5489130050314744,0.4122669427096412,0.0127551020408163,-0.0050125313283208,0.2386895475819033,-0.0164137503871167,0.0438440807204365,0.1084612073478601,43500.0,20450.0,-0.0873563218390804,0.941320293398533,19327238.0,767291348600.0,8002448100.0,13749260585.0,0.0104294778177823,yfinance_download,131970.KQ
2023-07-10,40050.0,40300.0,38550.0,38800.0,38285.39453125,243592.0,-0.0226700251889169,-0.3169014084507042,40387.5,38010.0,35879.583333333336,0.5487453101777877,0.4147180492323538,0.0130548302872062,-0.0336239103362391,0.247588424437299,-0.039306716186939,0.0207840042094185,0.0813949437354111,43500.0,20450.0,-0.1080459770114942,0.8973105134474328,19327238.0,749896834400.0,9451369600.0,13826548170.0,0.0126035598050792,yfinance_download,131970.KQ
2023-07-12,43700.0,48300.0,43550.0,46150.0,45537.91015625,2221426.0,0.1894329896907216,-0.1875,40770.0,38122.5,36005.0,0.8650926127885064,0.5666743838020373,0.1987012987012986,0.1713197969543147,0.4839228295819935,0.1319597743438803,0.2105711849957374,0.2817664213303708,46150.0,20450.0,0.0,1.2567237163814182,19327238.0,891952033700.0,102518809900.0,18377348715.0,0.1149375818727952,yfinance_download,131970.KQ
2023-07-13,46300.0,47450.0,44800.0,46650.0,46031.2734375,606760.0,0.0108342361863489,-0.1786971830985915,41227.5,38250.0,36136.25,0.8543653044577291,0.5661901760541799,0.244,0.1961538461538461,0.5097087378640777,0.1315262870656721,0.219607843137255,0.2909474558096094,46650.0,20450.0,0.0,1.2811735941320292,19327238.0,901615652700.0,28305354000.0,19257397665.0,0.0313940357127076,yfinance_download,131970.KQ
2023-07-14,46550.0,47950.0,45200.0,47800.0,47166.0234375,934944.0,0.0246516613076097,-0.1584507042253521,41620.0,38412.5,36283.75,0.8327663787865468,0.5647694978678311,0.1964956195244054,0.2562417871222076,0.5880398671096345,0.1484863046612206,0.244386592905955,0.3173941502738828,47800.0,20450.0,0.0,1.337408312958435,19327238.0,923841976400.0,44690323200.0,20407051600.0,0.0483744237019278,yfinance_download,131970.KQ
2023-07-17,48050.0,50200.0,46300.0,46600.0,45981.94140625,641542.0,-0.0251046025104602,-0.1795774647887323,41992.5,38548.333333333336,36420.41666666666,0.8354032211181405,0.5678297048147215,0.1902937420178798,0.211963589076723,0.5430463576158941,0.1097219741620527,0.2088719789009467,0.279502110766626,47800.0,20450.0,-0.0251046025104602,1.2787286063569685,19327238.0,900649290800.0,29895857200.0,21377674897.5,0.0331936720601257,yfinance_download,131970.KQ
2023-07-18,47350.0,47450.0,45600.0,46050.0,45439.234375,408557.0,-0.011802575107296,-0.1892605633802817,42327.5,38699.16666666666,36553.75,0.8388535932800241,0.5621945884130868,0.1702668360864041,0.2445945945945946,0.5324459234608985,0.0879451892977378,0.1899481039643404,0.2597886673733884,47800.0,20450.0,-0.0366108786610879,1.2518337408312958,19327238.0,890019309900.0,18814049850.0,21894164715.0,0.0211389232129288,yfinance_download,131970.KQ
2023-07-19,48300.0,50500.0,47100.0,47950.0,47314.03515625,1162395.0,0.0412595005428881,-0.1558098591549296,42745.0,38880.833333333336,36692.5,0.8464497235064398,0.5672480357733478,0.2108585858585858,0.2941970310391362,0.5319488817891374,0.121768627909697,0.2332554600595837,0.3068065680997478,47950.0,20450.0,0.0,1.3447432762836184,19327238.0,926741062100.0,55736840250.0,24256750147.5,0.0601428408963557,yfinance_download,131970.KQ
2023-07-20,48050.0,48050.0,45700.0,47000.0,46376.63671875,550705.0,-0.0198123044838373,-0.1725352112676056,43167.5,39067.5,36809.16666666666,0.842851744139425,0.5639050758922508,0.2191958495460442,0.3128491620111731,0.4242424242424243,0.0887820698442114,0.2030460101107059,0.2768558556518983,47950.0,20450.0,-0.0198123044838373,1.2982885085574574,19327238.0,908380186000.0,25883135000.0,25184315672.5,0.0284937247629485,yfinance_download,131970.KQ
2023-07-21,45600.0,46900.0,44800.0,46600.0,45981.94140625,396670.0,-0.0085106382978723,-0.1795774647887323,43567.5,39239.16666666666,36927.91666666666,0.8450943154426741,0.5642816570636876,0.2072538860103627,0.2837465564738293,0.4404945904173107,0.0696046364836173,0.1875889311274874,0.26191792568856,47950.0,20450.0,-0.0281543274244003,1.2787286063569685,19327238.0,900649290800.0,18484822000.0,25831785122.5,0.0205238844784754,yfinance_download,131970.KQ
2023-07-24,45550.0,47350.0,44700.0,47100.0,46475.30859375,411024.0,0.0107296137339056,-0.170774647887324,43972.5,39431.66666666666,37055.833333333336,0.8450933882761733,0.5619052030540282,0.2076923076923076,0.3248945147679325,0.4834645669291337,0.0711239979532663,0.1944714484974006,0.2710549396181436,47950.0,20450.0,-0.0177267987486965,1.3031784841075793,19327238.0,910312909800.0,19359230400.0,26393339342.5,0.0212665669041794,yfinance_download,131970.KQ
2023-07-25,47100.0,48200.0,45850.0,48000.0,47363.375,418872.0,0.019108280254777,-0.1549295774647887,44197.5,39635.833333333336,37193.333333333336,0.7507770240074184,0.5626199015672877,0.1034482758620689,0.3426573426573427,0.5238095238095237,0.0860342779568981,0.2110253768685741,0.2905538626994084,48000.0,20450.0,0.0,1.34718826405868,19327238.0,927707424000.0,20105856000.0,24276637142.5,0.0216726259592808,yfinance_download,131970.KQ
2023-07-26,48500.0,48700.0,45350.0,45600.0,44995.19921875,542220.0,-0.05,-0.1971830985915492,44352.5,39802.5,37315.41666666666,0.7704285988095502,0.5737133961935054,0.0729411764705882,0.2808988764044944,0.4733441033925687,0.0281269376021644,0.1456566798567928,0.2220150295342631,48000.0,20450.0,-0.05,1.2298288508557458,19327238.0,881322052800.0,24725232000.0,24259401617.5,0.0280547070409129,yfinance_download,131970.KQ
2023-07-27,45600.0,48800.0,45100.0,47800.0,47166.0234375,486987.0,0.0482456140350877,-0.1584507042253521,44607.5,40000.833333333336,37454.16666666666,0.785890540788861,0.5805696550767051,0.1194379391100701,0.3314763231197772,0.5345104333868378,0.071568682396458,0.1949751046853189,0.2762264990543999,48000.0,20450.0,-0.0041666666666666,1.337408312958435,19327238.0,923841976400.0,23277978600.0,24540988312.5,0.0251969267414205,yfinance_download,131970.KQ
2023-07-28,48350.0,49000.0,46100.0,47800.0,47166.0234375,410805.0,0.0,-0.1584507042253521,44875.0,40204.16666666666,37578.333333333336,0.7849213470751611,0.5799761278935025,0.1260306242638398,0.3426966292134832,0.452887537993921,0.0651810584958216,0.1889314954917609,0.2720095799884685,48000.0,20450.0,-0.0041666666666666,1.337408312958435,19327238.0,923841976400.0,19636479000.0,24995636325.0,0.0212552357455317,yfinance_download,131970.KQ
2023-07-31,48200.0,49350.0,47150.0,49150.0,48498.1171875,366345.0,0.0282426778242677,-0.1346830985915492,45257.5,40431.66666666666,37720.41666666666,0.7803268951518688,0.5815558245958576,0.1843373493975904,0.384507042253521,0.5311526479750779,0.0860078440037563,0.2156313120903583,0.3030078759292602,49150.0,20450.0,0.0,1.4034229828850855,19327238.0,949933747700.0,18005856750.0,25360990012.5,0.0189548553186958,yfinance_download,131970.KQ
2023-08-01,48900.0,49000.0,46250.0,47200.0,46573.98046875,531310.0,-0.039674465920651,-0.1690140845070422,45512.5,40624.16666666666,37851.25,0.7992425053581329,0.5890574994179525,0.1211401425178146,0.3239831697054698,0.4984126984126984,0.0370777258994781,0.161869987076658,0.2469865592285591,49150.0,20450.0,-0.039674465920651,1.3080684596577017,19327238.0,912245633600.0,25077832000.0,26185160597.5,0.0274902187265454,yfinance_download,131970.KQ
2023-08-02,46350.0,47350.0,44800.0,45200.0,44600.51171875,339727.0,-0.0423728813559322,-0.204225352112676,45657.5,40799.16666666666,37948.75,0.8181612869408964,0.5935674873729743,0.0685579196217494,0.3025936599423631,0.3492537313432835,-0.0100202595411488,0.107865765232133,0.191080075101288,49150.0,20450.0,-0.0803662258392675,1.2102689486552567,19327238.0,873591157600.0,15355660400.0,26339790312.5,0.0175776280087201,yfinance_download,131970.KQ
2023-08-03,44600.0,46000.0,44200.0,45800.0,45192.55078125,303432.0,0.0132743362831857,-0.1936619718309858,45880.0,40965.833333333336,38050.41666666666,0.8123623106903849,0.5912324557724941,0.1076178960096734,0.2793296089385475,0.3630952380952381,-0.0017436791630339,0.1180048414329013,0.2036661884999069,49150.0,20450.0,-0.0681586978636825,1.23960880195599,19327238.0,885187500400.0,13897185600.0,26558946787.5,0.015699708359777,yfinance_download,131970.KQ
2023-08-04,45700.0,45900.0,44650.0,45100.0,44501.8359375,187739.0,-0.0152838427947598,-0.2059859154929577,46102.5,41148.333333333336,38138.333333333336,0.8117599060439139,0.5832333041514907,0.1094710947109471,0.3206442166910688,0.3053545586107091,-0.0217450246732823,0.0960346713111102,0.1825372547305859,49150.0,20450.0,-0.0824008138351983,1.2053789731051343,19327238.0,871658433800.0,8467028900.0,26484567437.5,0.0097137004263102,yfinance_download,131970.KQ
2023-08-07,45100.0,46050.0,44250.0,44800.0,44205.8125,174958.0,-0.0066518847006651,-0.2112676056338028,46357.5,41331.66666666666,38227.5,0.8057864087493016,0.5828709579975648,0.128463476070529,0.3254437869822486,0.313782991202346,-0.0335975839939599,0.0839146739787894,0.1719312013602774,49150.0,20450.0,-0.0885045778229908,1.1907090464547676,19327238.0,865860262400.0,7838118400.0,26476350952.5,0.0090524057291579,yfinance_download,131970.KQ
2023-08-08,45250.0,45800.0,44150.0,44700.0,44107.140625,130013.0,-0.0022321428571429,-0.2130281690140845,46652.5,41503.333333333336,38325.0,0.7989767742891974,0.5824907666470948,0.152061855670103,0.2994186046511629,0.3545454545454545,-0.0418519907829162,0.0770219259497229,0.1663405088062621,49150.0,20450.0,-0.0905391658189216,1.1858190709046457,19327238.0,863927538600.0,5811581100.0,26294361527.5,0.0067269311838556,yfinance_download,131970.KQ
2023-08-09,44250.0,46150.0,43800.0,45700.0,45093.875,207546.0,0.0223713646532437,-0.1954225352112676,46630.0,41689.16666666666,38417.083333333336,0.4323878607462036,0.5835751014735974,-0.0097508125677139,0.3227206946454413,0.3189033189033188,-0.0199442419043534,0.0962080476542668,0.1895749503801476,49150.0,20450.0,-0.0701932858596133,1.2347188264058682,19327238.0,883254776600.0,9484852200.0,21642663642.5,0.0107385235282972,yfinance_download,131970.KQ
2023-08-10,44950.0,45000.0,42350.0,43950.0,43367.08984375,311655.0,-0.0382932166301969,-0.2262323943661971,46495.0,41849.16666666666,38495.0,0.4506360333114517,0.5899794447831649,-0.0578778135048231,0.2794759825327511,0.2702312138728324,-0.0547370685019894,0.0502001234592486,0.1417067151578126,49150.0,20450.0,-0.1057985757884028,1.1491442542787285,19327238.0,849432110100.0,13697237250.0,20912257805.0,0.0161251700837957,yfinance_download,131970.KQ
2023-08-11,44250.0,44500.0,43450.0,43450.0,42873.71875,106441.0,-0.0113765642775881,-0.2350352112676056,46277.5,41985.0,38562.083333333336,0.4397620371156378,0.5889303912634399,-0.0910041841004184,0.2308781869688385,0.2274011299435028,-0.0610988061152828,0.0348934143146362,0.1267544760073042,49150.0,20450.0,-0.1159715157680569,1.1246943765281174,19327238.0,839768491100.0,4624861450.0,18908984717.5,0.0055073052859389,yfinance_download,131970.KQ
2023-08-14,42600.0,43900.0,42400.0,43750.0,43169.73828125,112297.0,0.006904487917146,-0.2297535211267606,46135.0,42108.333333333336,38635.41666666666,0.4344139889248739,0.5865386001453932,-0.0611587982832617,0.203576341127923,0.251788268955651,-0.0516961092446082,0.0389867405501682,0.1323806956052844,49150.0,20450.0,-0.1098677517802645,1.139364303178484,19327238.0,845566662500.0,4912993750.0,17659841545.0,0.0058102973637516,yfinance_download,131970.KQ
2023-08-16,44450.0,48200.0,44350.0,47350.0,46721.98828125,831811.0,0.0822857142857143,-0.1663732394366197,46200.0,42269.16666666666,38725.833333333336,0.5270426360341611,0.6045449331396844,0.0282301845819761,0.2559681697612732,0.2972602739726027,0.0248917748917749,0.1202018808035803,0.2226980267263454,49150.0,20450.0,-0.0366225839267548,1.315403422982885,19327238.0,915144719300.0,39386250850.0,18688451595.0,0.0430382758260647,yfinance_download,131970.KQ
2023-08-17,46600.0,48650.0,46250.0,48000.0,47363.375,420743.0,0.0137275607180569,-0.1549295774647887,46202.5,42415.833333333336,38829.16666666666,0.5085150655526587,0.6003884324562546,0.0010427528675704,0.2244897959183673,0.348314606741573,0.0389048211676856,0.1316528811960942,0.236184139929177,49150.0,20450.0,-0.0233977619532044,1.34718826405868,19327238.0,927707424000.0,20195664000.0,16911392782.5,0.0217694323420656,yfinance_download,131970.KQ
2023-08-18,47200.0,48450.0,46700.0,46850.0,46228.625,266686.0,-0.0239583333333333,-0.1751760563380281,46195.0,42554.16666666666,38932.5,0.5109225315748005,0.6016597617281624,-0.0031914893617021,0.2153047989623864,0.3599419448476053,0.0141790237038641,0.1009497699011066,0.2033647980479034,49150.0,20450.0,-0.0467955239064089,1.290953545232274,19327238.0,905481100300.0,12494239100.0,16241947987.5,0.0137984537676826,yfinance_download,131970.KQ
2023-08-21,47500.0,47550.0,46300.0,46900.0,46277.96484375,141317.0,0.0010672358591248,-0.1742957746478873,46210.0,42707.5,39028.333333333336,0.5098552900096611,0.5992584320695111,0.0064377682403433,0.2440318302387267,0.3248587570621468,0.0149318329365937,0.0981677691272024,0.2016910791305461,49150.0,20450.0,-0.0457782299084434,1.293398533007335,19327238.0,906447462200.0,6627767300.0,15649095252.5,0.0073118052356989,yfinance_download,131970.KQ
2023-08-22,47900.0,48300.0,45350.0,46650.0,46031.2734375,252062.0,-0.0053304904051172,-0.1786971830985915,46187.5,42852.5,39127.083333333336,0.50889541826511,0.5995614673788756,-0.0095541401273885,0.2292490118577075,0.3405172413793103,0.0100135317997294,0.0886179336094743,0.1922687822799638,49150.0,20450.0,-0.0508646998982705,1.2811735941320292,19327238.0,901615652700.0,11758692300.0,15269068347.5,0.0130418014203581,yfinance_download,131970.KQ
2023-08-23,46250.0,48100.0,45900.0,47100.0,46475.30859375,186896.0,0.0096463022508037,-0.170774647887324,46142.5,43008.333333333336,39232.083333333336,0.5052793968897702,0.5993444205086434,-0.01875,0.247682119205298,0.3652173913043477,0.0207509346047569,0.0951366014338306,0.2005480208587784,49150.0,20450.0,-0.0417090539165818,1.3031784841075793,19327238.0,910312909800.0,8802801600.0,14703915627.5,0.0096700832265841,yfinance_download,131970.KQ
2023-08-24,48100.0,49300.0,46150.0,46850.0,46228.625,453781.0,-0.0053078556263269,-0.1751760563380281,46205.0,43156.66666666666,39343.75,0.4709099245288511,0.5996671546961307,0.0274122807017542,0.2345191040843215,0.4005979073243646,0.0139595281895898,0.085579670966247,0.1907863383637806,49150.0,20450.0,-0.0467955239064089,1.290953545232274,19327238.0,905481100300.0,21259639850.0,14530636020.0,0.0234788333439056,yfinance_download,131970.KQ
2023-08-25,45550.0,46050.0,44800.0,45850.0,45241.88671875,201476.0,-0.0213447171824973,-0.1927816901408451,46107.5,43275.833333333336,39458.333333333336,0.4438153303720631,0.6010201471960355,-0.0407949790794979,0.1847545219638242,0.428348909657321,-0.0055847747112726,0.0594827752209661,0.1619852164730728,49150.0,20450.0,-0.0671414038657172,1.2420537897310515,19327238.0,886153862300.0,9237674600.0,13828620820.0,0.010424458994089,yfinance_download,131970.KQ
2023-08-28,45700.0,45700.0,43450.0,44700.0,44107.140625,304278.0,-0.025081788440567,-0.2130281690140845,45952.5,43398.333333333336,39560.833333333336,0.4513949473823629,0.598678059054303,-0.0648535564853556,0.1967871485943775,0.3796296296296295,-0.0272564060714868,0.0299934713314642,0.1299054199229035,49150.0,20450.0,-0.0905391658189216,1.1858190709046457,19327238.0,863927538600.0,13601226600.0,13526858200.0,0.0157434807808544,yfinance_download,131970.KQ
2023-08-29,45250.0,46350.0,44900.0,46050.0,45439.234375,152501.0,0.0302013422818792,-0.1892605633802817,45797.5,43538.333333333336,39667.91666666666,0.4532409927463821,0.601089291623658,-0.0630722278738555,0.2231075697211155,0.3870481927710842,0.0055134013865385,0.0576886268805267,0.1608877871495646,49150.0,20450.0,-0.0630722278738555,1.2518337408312958,19327238.0,890019309900.0,7022671050.0,12977698915.0,0.0078904704334887,yfinance_download,131970.KQ
2023-08-30,46750.0,47900.0,46500.0,47650.0,47018.01171875,221086.0,0.0347448425624321,-0.1610915492957746,45820.0,43709.16666666666,39797.91666666666,0.4500638728391345,0.6039297544292906,0.0095338983050847,0.2740641711229947,0.4867394695787832,0.0399388913138367,0.0901603401269757,0.1972988535832069,49150.0,20450.0,-0.0305188199389623,1.3300733496332515,19327238.0,920942890700.0,10534747900.0,12250544710.0,0.0114390892273381,yfinance_download,131970.KQ
2023-08-31,47700.0,49700.0,47200.0,48850.0,48202.1015625,606000.0,0.0251836306400838,-0.1399647887323943,46002.5,43898.333333333336,39942.5,0.4273252278549387,0.6053649313232933,0.0807522123893804,0.3026666666666666,0.5507936507936508,0.061898809847291,0.1127985117126693,0.2230080741065281,49150.0,20450.0,-0.0061037639877924,1.388753056234719,19327238.0,944135576300.0,29603100000.0,12962916690.0,0.0313547129703685,yfinance_download,131970.KQ
2023-09-01,48850.0,55000.0,48350.0,53500.0,52790.4296875,1236418.0,0.0951893551688842,-0.0580985915492957,46387.5,44164.16666666666,40126.66666666666,0.5355483887241042,0.6328127708347177,0.1681222707423579,0.4247669773635152,0.7038216560509554,0.1533279439504176,0.2113893239239956,0.3332779531483636,53500.0,20450.0,0.0,1.6161369193154034,19327238.0,1034007233000.0,66148363000.0,15575475560.0,0.0639728242597312,yfinance_download,131970.KQ
2023-09-04,53500.0,54000.0,51700.0,52000.0,51310.3203125,444532.0,-0.02803738317757,-0.0845070422535211,46732.5,44390.833333333336,40305.41666666666,0.5448374239052571,0.6358607048931981,0.1529933481152994,0.3541666666666667,0.7021276595744681,0.1127159899427592,0.1714130169516978,0.2901491734981858,53500.0,20450.0,-0.02803738317757,1.54278728606357,19327238.0,1005016376000.0,23115664000.0,16307907315.0,0.0230002859177291,yfinance_download,131970.KQ
2023-09-05,52000.0,52900.0,51300.0,52000.0,51310.3203125,256517.0,0.0,-0.0845070422535211,47092.5,44604.16666666666,40479.16666666666,0.5430244274759439,0.6351914199603342,0.1607142857142858,0.3265306122448979,0.6693418940609952,0.1042097998619737,0.1658103689864549,0.2846114256304684,53500.0,20450.0,-0.02803738317757,1.54278728606357,19327238.0,1005016376000.0,13338884000.0,16582945595.0,0.0132723051270957,yfinance_download,131970.KQ
2023-09-06,52300.0,53800.0,51300.0,52300.0,51606.34375,395211.0,0.0057692307692307,-0.079225352112676,47472.5,44837.5,40672.91666666666,0.5417625411952138,0.6324234720679487,0.1700223713646531,0.3655352480417755,0.8003442340791738,0.10169045236716,0.1664343462503485,0.2858679506223429,53500.0,20450.0,-0.0224299065420561,1.5574572127139366,19327238.0,1010814547400.0,20669535300.0,17325843305.0,0.0204483951612744,yfinance_download,131970.KQ
2023-09-07,51600.0,54900.0,51100.0,54400.0,53678.4921875,470935.0,0.0401529636711281,-0.0422535211267606,47907.5,45102.5,40880.0,0.5514273259516338,0.6362934847644796,0.1903719912472647,0.412987012987013,0.8409475465313028,0.1355215780410166,0.2061415664320158,0.3307240704500978,54400.0,20450.0,0.0,1.6601466992665035,19327238.0,1051401747200.0,25618864000.0,18132543895.0,0.0243663890308589,yfinance_download,131970.KQ
2023-09-08,54400.0,54500.0,51500.0,52200.0,51507.6640625,335248.0,-0.0404411764705882,-0.0809859154929577,48320.0,45347.5,41063.333333333336,0.5539335473789123,0.6401286392144924,0.1877133105802046,0.3919999999999999,0.7284768211920529,0.080298013245033,0.1511108660896412,0.2712070784966311,54400.0,20450.0,-0.0404411764705882,1.5525672371638142,19327238.0,1008881823600.0,17499945600.0,18322679312.5,0.0173458825311718,yfinance_download,131970.KQ
2023-09-11,51700.0,53300.0,51000.0,53100.0,52395.73046875,283844.0,0.0172413793103447,-0.0651408450704225,48802.5,45566.66666666666,41236.25,0.5491280022329258,0.6286648484988883,0.2220943613348676,0.3291614518147685,0.6414219474497682,0.0880590133702166,0.1653255303584493,0.2877019612598139,54400.0,20450.0,-0.0238970588235294,1.5965770171149145,19327238.0,1026276337800.0,15072116400.0,18845042060.0,0.0146862164164377,yfinance_download,131970.KQ
2023-09-12,53100.0,54400.0,52300.0,53500.0,52790.4296875,288348.0,0.0075329566854991,-0.0580985915492957,49290.0,45805.833333333336,41410.41666666666,0.5490759704959226,0.6264221354126757,0.2228571428571428,0.3665389527458493,0.6411042944785277,0.0854128626496246,0.1679735113795548,0.2919454646073351,54400.0,20450.0,-0.0165441176470588,1.6161369193154034,19327238.0,1034007233000.0,15426618000.0,19370723272.5,0.0149192554052472,yfinance_download,131970.KQ
2023-09-13,53600.0,55900.0,51800.0,52400.0,51705.015625,412006.0,-0.0205607476635514,-0.0774647887323943,49542.5,46023.333333333336,41581.66666666666,0.4892446656746487,0.6287722746086166,0.1066525871172121,0.3316391359593393,0.6452119309262165,0.0576777514255437,0.138552907945245,0.2601707483265862,54400.0,20450.0,-0.0367647058823529,1.5623471882640585,19327238.0,1012747271200.0,21589114400.0,18480866450.0,0.0213173760265176,yfinance_download,131970.KQ
2023-09-14,52700.0,54800.0,52500.0,54000.0,53283.79296875,340390.0,0.0305343511450382,-0.0492957746478873,49842.5,46263.333333333336,41764.16666666666,0.4965668959779784,0.6308597576027584,0.125,0.3636363636363635,0.6822429906542056,0.0834127501630135,0.1672310685207867,0.2929744398108427,54400.0,20450.0,-0.0073529411764705,1.6405867970660148,19327238.0,1043670852000.0,18381060000.0,18390136250.0,0.0176119319273659,yfinance_download,131970.KQ
2023-09-15,54000.0,54100.0,52300.0,53000.0,52297.0546875,162842.0,-0.0185185185185184,-0.0669014084507042,50150.0,46504.16666666666,41944.16666666666,0.4925207060852677,0.6293148995505184,0.1312700106723585,0.3748378728923476,0.6878980891719746,0.0568295114656032,0.1396828241197025,0.263584527049848,54400.0,20450.0,-0.025735294117647,1.5916870415647923,19327238.0,1024343614000.0,8630626000.0,18196955595.0,0.0084255184315524,yfinance_download,131970.KQ
2023-09-18,51700.0,52700.0,51500.0,52000.0,51310.3203125,124302.0,-0.0188679245283018,-0.0845070422535211,50405.0,46727.5,42097.91666666666,0.5005264493861555,0.6313189672939175,0.1087420042643922,0.3471502590673574,0.5499254843517138,0.0316436861422477,0.1128350543042104,0.2352155193744742,54400.0,20450.0,-0.0441176470588234,1.54278728606357,19327238.0,1005016376000.0,6463704000.0,18188752430.0,0.0064314414713576,yfinance_download,131970.KQ
2023-09-19,51700.0,52500.0,50600.0,50900.0,50224.91015625,145733.0,-0.0211538461538461,-0.1038732394366197,50617.5,46925.833333333336,42242.5,0.5082167069357312,0.6336273694007007,0.0911039657020365,0.3051282051282051,0.5171385991058122,0.0055810737393193,0.0846903802099057,0.2049476238385512,54400.0,20450.0,-0.0643382352941176,1.488997555012225,19327238.0,983756414200.0,7417809700.0,17971708300.0,0.0075402910648691,yfinance_download,131970.KQ
2023-09-20,50800.0,51300.0,49250.0,49500.0,48843.4765625,165577.0,-0.0275049115913555,-0.1285211267605633,50737.5,47025.833333333336,42358.333333333336,0.5205212994487164,0.5939096975453547,0.0509554140127388,0.1379310344827586,0.3904494382022472,-0.024390243902439,0.0526129255196612,0.1686012197521147,54400.0,20450.0,-0.0900735294117647,1.4205378973105134,19327238.0,956698281000.0,8196061500.0,17941371295.0,0.0085670285635226,yfinance_download,131970.KQ
2023-09-21,48800.0,49250.0,47250.0,47800.0,47166.0234375,286786.0,-0.0343434343434343,-0.1584507042253521,50785.0,47114.16666666666,42436.25,0.5366129478440105,0.5964665042561018,0.0202774813233723,0.1247058823529412,0.2431729518855656,-0.0587771979915329,0.0145568388842705,0.1263954755662906,54400.0,20450.0,-0.1213235294117647,1.337408312958435,19327238.0,923841976400.0,13708370800.0,17563807842.5,0.0148384368216503,yfinance_download,131970.KQ
2023-09-22,46650.0,47300.0,46400.0,46850.0,46228.625,205102.0,-0.0198744769874477,-0.1751760563380281,50835.0,47183.333333333336,42494.583333333336,0.5358062992908158,0.5982234422044294,0.0218102508178843,0.0971896955503512,0.1756587202007529,-0.0783908724304121,-0.0070646414694455,0.1024934550481924,54400.0,20450.0,-0.1387867647058823,1.290953545232274,19327238.0,905481100300.0,9609028700.0,17582375547.5,0.0106120698674068,yfinance_download,131970.KQ
2023-09-25,46850.0,46850.0,43450.0,44300.0,43712.4453125,454559.0,-0.0544290288153681,-0.2200704225352112,50815.0,47214.16666666666,42534.583333333336,0.564550981892376,0.6092013458998314,-0.0089485458612975,0.0435806831566549,0.1215189873417721,-0.1282101741611728,-0.0617222938030604,0.0415054416504216,54400.0,20450.0,-0.1856617647058823,1.1662591687041566,19327238.0,856196643400.0,20136963700.0,17909162402.5,0.0235190874143527,yfinance_download,131970.KQ
2023-09-26,44950.0,45350.0,43400.0,44200.0,43613.76953125,182706.0,-0.002257336343115,-0.221830985915493,50722.5,47259.16666666666,42561.66666666666,0.5532724919309616,0.6072395095127175,-0.0401737242128121,0.0650602409638554,0.0793650793650793,-0.1285918477993001,-0.0647317098975507,0.0384931667776169,54400.0,20450.0,-0.1875,1.1613691931540342,19327238.0,854263919600.0,8075605200.0,17961809110.0,0.0094532907392147,yfinance_download,131970.KQ
2023-09-27,43700.0,44400.0,43100.0,44100.0,43515.1015625,194057.0,-0.002262443438914,-0.2235915492957746,50545.0,47292.5,42608.333333333336,0.5364736215076328,0.6067095850314104,-0.074501573976915,0.0475059382422802,0.1454545454545455,-0.1275101394796716,-0.067505418406724,0.0350088010952474,54400.0,20450.0,-0.1893382352941176,1.1564792176039118,19327238.0,852331195800.0,8557913700.0,17862967400.0,0.010040596592229,yfinance_download,131970.KQ
2023-10-04,43300.0,43400.0,42100.0,42750.0,42183.00390625,168921.0,-0.0306122448979592,-0.2473591549295775,50240.0,47300.0,42637.083333333336,0.5336896572435167,0.6102073673769851,-0.1248720573183214,0.0106382978723404,0.0877862595419847,-0.1490843949044585,-0.0961945031712473,0.0026483206129248,54400.0,20450.0,-0.2141544117647058,1.0904645476772616,19327238.0,826239424500.0,7221372750.0,16743881037.5,0.0087400486298145,yfinance_download,131970.KQ
2023-10-05,43950.0,44450.0,42300.0,42550.0,41985.65625,222430.0,-0.0046783625730993,-0.2508802816901408,49692.5,47320.0,42673.333333333336,0.376968020329363,0.6083899075021978,-0.2046728971962617,0.0290205562273278,0.1138743455497381,-0.1437339638778487,-0.1008030431107354,-0.0028901734104046,54400.0,20450.0,-0.2178308823529411,1.080684596577017,19327238.0,822373976900.0,9464396500.0,13909682712.5,0.0115086283927377,yfinance_download,131970.KQ
2023-10-06,43200.0,48400.0,43200.0,47600.0,46968.6796875,596497.0,0.1186839012925968,-0.1619718309859155,49472.5,47435.833333333336,42735.833333333336,0.5894806447869583,0.6530107522223004,-0.0846153846153846,0.170971709717097,0.1870324189526184,-0.037849310222851,0.0034608154875883,0.1138193943412047,54400.0,20450.0,-0.125,1.3276283618581908,19327238.0,919976528800.0,28393257200.0,14173562372.5,0.0308630234697787,yfinance_download,131970.KQ
2023-10-10,47200.0,48600.0,45550.0,45850.0,45241.88671875,270416.0,-0.0367647058823529,-0.1927816901408451,49165.0,47538.333333333336,42785.41666666666,0.6006931545691182,0.6559284319337851,-0.1182692307692308,0.154911838790932,0.1491228070175438,-0.0674260144411674,-0.0355151982610525,0.0716268198860594,54400.0,20450.0,-0.1571691176470588,1.2420537897310515,19327238.0,886153862300.0,12398573600.0,14126546852.5,0.0139914456478468,yfinance_download,131970.KQ
2023-10-11,47250.0,51500.0,47250.0,50100.0,49435.51953125,553311.0,0.0926935659760086,-0.1179577464788732,49055.0,47726.66666666666,42868.333333333336,0.694472229845935,0.6787091881354096,-0.0420650095602294,0.2912371134020619,0.2478206724782068,0.0213026195087147,0.0497276155887693,0.1686948407915709,54400.0,20450.0,-0.0790441176470588,1.4498777506112468,19327238.0,968294623800.0,27720881100.0,14479114142.5,0.0286285603768112,yfinance_download,131970.KQ
2023-10-12,50100.0,51400.0,49400.0,50000.0,49336.84375,239924.0,-0.0019960079840319,-0.1197183098591548,48835.0,47790.833333333336,42956.66666666666,0.6770237205848513,0.5596051299649928,-0.0808823529411765,0.0834236186348862,0.2690355329949239,0.0238558410975735,0.0462257406406387,0.1639636843330489,54400.0,21500.0,-0.0808823529411765,1.3255813953488371,19327238.0,966361900000.0,11996200000.0,13797980942.5,0.0124137758328427,yfinance_download,131970.KQ
2023-10-13,49850.0,50700.0,49150.0,49700.0,49040.82421875,150919.0,-0.006,-0.125,48710.0,47841.66666666666,43045.833333333336,0.6629081481520479,0.5595245862809723,-0.0478927203065133,0.0653804930332262,0.2743589743589743,0.02032436871279,0.0388434070719387,0.1545832930016455,54400.0,21500.0,-0.0863970588235294,1.311627906976744,19327238.0,960563728600.0,7500674300.0,13298017377.5,0.0078086170408829,yfinance_download,131970.KQ
2023-10-16,49150.0,49650.0,48200.0,49300.0,48646.12890625,147203.0,-0.0080482897384306,-0.1320422535211267,48520.0,47866.66666666666,43139.583333333336,0.6594149015896534,0.5577935091485139,-0.071563088512241,0.0313807531380754,0.2956636005256241,0.0160758450123661,0.0299442896935933,0.1428019510310523,54400.0,21900.0,-0.09375,1.2511415525114151,19327238.0,952832833400.0,7257107900.0,12907266952.5,0.007616349527025,yfinance_download,131970.KQ
2023-10-17,49350.0,50500.0,47850.0,50400.0,49731.5390625,209869.0,0.0223123732251522,-0.1126760563380281,48365.0,47930.0,43239.16666666666,0.6645891945621436,0.5567409209159866,-0.0579439252336448,0.0815450643776825,0.3107932379713913,0.0420758813191357,0.0515334863342373,0.1656098830150134,54400.0,21900.0,-0.0735294117647058,1.3013698630136985,19327238.0,974092795200.0,10577397600.0,12664805932.5,0.0108587165946836,yfinance_download,131970.KQ
2023-10-18,49800.0,50600.0,49050.0,49950.0,49287.51171875,151818.0,-0.0089285714285713,-0.1205985915492957,48242.5,47995.0,43347.083333333336,0.661598725172396,0.5564699907719673,-0.0467557251908397,0.0846905537459283,0.3500000000000001,0.0353941027102657,0.0407334097301801,0.1523266655772686,54400.0,21900.0,-0.0818014705882352,1.2808219178082192,19327238.0,965395538100.0,7583309100.0,11964515667.5,0.007855131705834,yfinance_download,131970.KQ
2023-10-19,48900.0,49100.0,47600.0,48400.0,47758.06640625,184571.0,-0.0310310310310309,-0.147887323943662,47962.5,48002.5,43441.66666666666,0.6580202194474088,0.5543722745529029,-0.1037037037037037,0.0093847758081335,0.3063427800269904,0.0091217096690121,0.008280818707359,0.1141377325915979,54400.0,21900.0,-0.1102941176470588,1.2100456621004567,19327238.0,935438319200.0,8933236400.0,11492124487.5,0.0095497866792968,yfinance_download,131970.KQ
2023-10-20,47250.0,50100.0,47150.0,48800.0,48152.765625,257315.0,0.0082644628099173,-0.1408450704225352,47752.5,48032.5,43550.0,0.6574166489171956,0.552911007903364,-0.0792452830188679,0.0382978723404254,0.3631284916201116,0.0219360242919219,0.0159787643782856,0.1205510907003444,54400.0,21900.0,-0.1029411764705882,1.228310502283105,19327238.0,943169214400.0,12556972000.0,11688441787.5,0.0133135940065517,yfinance_download,131970.KQ
2023-10-23,48500.0,49300.0,47050.0,47250.0,46623.3203125,131655.0,-0.0317622950819672,-0.1681338028169013,47515.0,48043.333333333336,43641.25,0.6630254814663563,0.5566967666097838,-0.0913461538461538,0.0139484978540771,0.3016528925619834,-0.0055771861517415,-0.0165128703254007,0.0826912611348209,54400.0,21900.0,-0.1314338235294118,1.1575342465753424,19327238.0,913211995500.0,6220698750.0,11676291525.0,0.0068118890034882,yfinance_download,131970.KQ
2023-10-24,47900.0,52100.0,47900.0,52000.0,51310.3203125,444909.0,0.1005291005291004,-0.0845070422535211,47570.0,48125.0,43778.333333333336,0.755479264970893,0.5927752361538775,0.0216110019646365,0.1040339702760084,0.4627285513361463,0.0931259196972882,0.0805194805194804,0.1878021852514562,54400.0,21900.0,-0.0441176470588234,1.374429223744292,19327238.0,1005016376000.0,23135268000.0,12462164440.0,0.0230197920675473,yfinance_download,131970.KQ
2023-10-25,51900.0,52600.0,51200.0,52000.0,51310.3203125,259803.0,0.0,-0.0845070422535211,47695.0,48191.66666666666,43913.75,0.7474500437973938,0.5917557894443843,0.0505050505050506,0.0833333333333332,0.4545454545454546,0.0902610336513261,0.0790247276500086,0.1841393640943895,54400.0,21900.0,-0.0441176470588234,1.374429223744292,19327238.0,1005016376000.0,13509756000.0,12727849165.0,0.0134423242472618,yfinance_download,131970.KQ
2023-10-26,50000.0,51700.0,49700.0,50800.0,50126.23828125,263760.0,-0.0230769230769231,-0.1056338028169013,47845.0,48278.333333333336,44040.41666666666,0.7409309219675375,0.5841752042710268,0.0627615062761506,0.1140350877192981,0.4269662921348314,0.061761939596614,0.0522318500362481,0.153485907830875,54400.0,21900.0,-0.0661764705882352,1.3196347031963471,19327238.0,981823690400.0,13399008000.0,12712381025.0,0.0136470612096772,yfinance_download,131970.KQ
2023-10-27,51600.0,52000.0,48950.0,49000.0,48350.109375,268859.0,-0.0354330708661417,-0.1373239436619718,47952.5,48298.333333333336,44149.583333333336,0.7495983700175496,0.5813184376783161,0.0458911419423693,0.0251046025104602,0.3649025069637883,0.0218445336530941,0.0145277614824528,0.1098632489925348,54400.0,21900.0,-0.0992647058823529,1.2374429223744294,19327238.0,947034662000.0,13174091000.0,12890634140.0,0.0139108857665021,yfinance_download,131970.KQ
2023-10-30,48900.0,49400.0,47300.0,47550.0,46919.33984375,184043.0,-0.0295918367346939,-0.1628521126760563,48115.0,48294.16666666666,44249.16666666666,0.7291519634658518,0.5847004826610261,0.0733634311512414,-0.0052301255230126,0.3356741573033708,-0.0117426997817727,-0.0154090383586699,0.0745965084088213,54400.0,22050.0,-0.1259191176470588,1.1564625850340136,19327238.0,919010166900.0,8751244650.0,12321348187.5,0.0095224677214612,yfinance_download,131970.KQ
2023-10-31,48100.0,48150.0,44100.0,44750.0,44156.4765625,579647.0,-0.0588853838065194,-0.2121478873239436,48142.5,48220.833333333336,44326.25,0.763034011781943,0.5942666309322934,0.0124434389140271,-0.0895218718209562,0.2605633802816902,-0.0704678818092122,-0.071977879547222,0.0095597980880404,54400.0,23050.0,-0.1773897058823529,0.9414316702819956,19327238.0,864893900500.0,25939203250.0,13214528090.0,0.029991196879761,yfinance_download,131970.KQ
2023-11-01,45400.0,47550.0,45000.0,47050.0,46425.96875,198232.0,0.0513966480446927,-0.1716549295774647,48290.0,48218.333333333336,44421.25,0.7828804728484355,0.5981787817355981,0.066893424036281,-0.0031779661016949,0.3197755960729314,-0.0256781942431145,-0.024230064636549,0.0591777583926611,54400.0,24450.0,-0.135110294117647,0.9243353783231084,19327238.0,909346547900.0,9326815600.0,13252973185.0,0.0102566129728417,yfinance_download,131970.KQ
2023-11-02,49200.0,52500.0,49050.0,51600.0,50915.625,521971.0,0.0967056323060573,-0.0915492957746478,48732.5,48325.0,44562.083333333336,0.8360961123387688,0.6228766988388199,0.2070175438596491,0.1415929203539823,0.4870317002881845,0.0588416354588827,0.0677703052250389,0.1579350905571814,54400.0,24450.0,-0.0514705882352941,1.1104294478527603,19327238.0,997285480800.0,26933703600.0,14238589727.5,0.0270070146598287,yfinance_download,131970.KQ
2023-11-03,51900.0,53400.0,51000.0,52500.0,51803.6875,350913.0,0.0174418604651163,-0.0757042253521126,49230.0,48436.66666666666,44701.25,0.8343782072724483,0.6232304405998835,0.2338425381903643,0.1462882096069868,0.4664804469273742,0.0664229128580133,0.0838896153052095,0.174463801347837,54400.0,24800.0,-0.0349264705882352,1.1169354838709675,19327238.0,1014679995000.0,18422932500.0,14686516527.5,0.0181563966874107,yfinance_download,131970.KQ
2023-11-06,53600.0,54500.0,51000.0,54300.0,53579.81640625,408379.0,0.0342857142857142,-0.0440140845070422,49565.0,48590.0,44869.16666666666,0.7393955027261431,0.625291435819627,0.1407563025210083,0.2039911308203992,0.5900439238653001,0.0955311207505296,0.1175138917472731,0.2101851679884108,54400.0,24800.0,-0.0018382352941176,1.189516129032258,19327238.0,1049469023400.0,22174979700.0,14375602652.5,0.0211297134127494,yfinance_download,131970.KQ
2023-11-07,54300.0,57600.0,53000.0,55900.0,55158.59765625,610505.0,0.0294659300184161,-0.0158450704225352,50067.5,48775.0,45053.333333333336,0.7238946447365514,0.627082182672568,0.2191930207197383,0.2477678571428572,0.6538461538461537,0.1164927348080091,0.1460789338800614,0.2407517016868896,55900.0,25400.0,0.0,1.2007874015748032,19327238.0,1080392604200.0,34127229500.0,15462035447.5,0.0315878036996284,yfinance_download,131970.KQ
2023-11-08,56200.0,57100.0,53700.0,54500.0,53777.16015625,264051.0,-0.0250447227191413,-0.0404929577464788,50287.5,48938.333333333336,45220.833333333336,0.6657981983433778,0.6298554226210424,0.0878243512974052,0.2192393736017897,0.5843023255813953,0.0837683320904798,0.1136464257739331,0.2051967198009765,55900.0,25400.0,-0.0250447227191413,1.1456692913385829,19327238.0,1053334471000.0,14390779500.0,14795530367.5,0.013662117680757,yfinance_download,131970.KQ
2023-11-09,54200.0,55000.0,53100.0,53500.0,52790.4296875,191941.0,-0.018348623853211,-0.0580985915492957,50462.5,49068.333333333336,45378.75,0.6706000032146083,0.6303269334825723,0.07,0.1706783369803064,0.5484804630969609,0.0601932127817685,0.0903162256716823,0.1789659256810731,55900.0,25400.0,-0.0429338103756707,1.106299212598425,19327238.0,1034007233000.0,10268843500.0,14709162542.5,0.009931113799085,yfinance_download,131970.KQ
2023-11-10,52700.0,54100.0,51600.0,53700.0,52987.7734375,251610.0,0.0037383177570093,-0.0545774647887323,50662.5,49230.833333333336,45540.0,0.6695230842560245,0.6243149515525824,0.0804828973843059,0.2218430034129692,0.5633187772925765,0.0599555884529978,0.0907798297137634,0.1791831357048747,55900.0,25400.0,-0.0393559928443649,1.1141732283464565,19327238.0,1037872680600.0,13511457000.0,15009701677.5,0.0130184147367564,yfinance_download,131970.KQ
2023-11-13,54300.0,54500.0,52300.0,53900.0,53185.1171875,191925.0,0.0037243947858474,-0.051056338028169,50892.5,49405.0,45695.0,0.6678521742845263,0.6234845287976828,0.0933062880324544,0.240506329113924,0.5269121813031161,0.0590951515449231,0.0909826940593057,0.179560126928548,55900.0,25400.0,-0.035778175313059,1.122047244094488,19327238.0,1041738128200.0,10344757500.0,15164084157.5,0.0099302859518778,yfinance_download,131970.KQ
2023-11-14,54000.0,54200.0,53200.0,53900.0,53185.1171875,120778.0,0.0,-0.051056338028169,51067.5,49574.16666666666,45841.25,0.6649986937573968,0.6235234390196546,0.0694444444444444,0.2319999999999999,0.4828060522696011,0.0554658050619278,0.08725982954832,0.1757969078068333,55900.0,26500.0,-0.035778175313059,1.0339622641509436,19327238.0,1041738128200.0,6509934200.0,14960710987.5,0.0062491081239854,yfinance_download,131970.KQ
2023-11-15,56900.0,57200.0,54500.0,54900.0,54171.85546875,462807.0,0.0185528756957329,-0.0334507042253521,51315.0,49700.0,45984.583333333336,0.6649727325966732,0.6027757713258812,0.0990990990990992,0.1594508975712776,0.4562334217506631,0.0698626132709734,0.1046277665995976,0.1938783831537742,55900.0,26500.0,-0.0178890876565295,1.0716981132075474,19327238.0,1061065366200.0,25408104300.0,15851950747.5,0.0239458426496326,yfinance_download,131970.KQ
2023-11-16,54700.0,56000.0,53200.0,55000.0,54270.53125,244104.0,0.0018214936247722,-0.0316901408450703,51645.0,49816.66666666666,46116.25,0.651085246187247,0.6023775573391732,0.1363636363636364,0.1458333333333332,0.403061224489796,0.0649627263045793,0.1040481766477083,0.1926381698425174,55900.0,26500.0,-0.0161001788908765,1.0754716981132075,19327238.0,1062998090000.0,13425720000.0,16076574927.5,0.0126300509157076,yfinance_download,131970.KQ
2023-11-17,55000.0,62000.0,54600.0,59600.0,58809.51953125,2131583.0,0.0836363636363637,0.0,52185.0,50029.16666666666,46291.66666666666,0.7054370916980074,0.6218862556523049,0.2213114754098359,0.272145144076841,0.5460440985732815,0.1420906390725305,0.1913050720413092,0.2874887488748876,59600.0,26500.0,0.0,1.2490566037735849,19327238.0,1151903384800.0,127042346800.0,21800843667.5,0.1102890645833615,yfinance_download,131970.KQ
2023-11-20,59200.0,61700.0,59200.0,59700.0,58908.1953125,548982.0,0.0016778523489933,0.0,52807.5,50242.5,46475.0,0.6883580325783247,0.6218720699632648,0.2634920634920634,0.2729211087420042,0.5835543766578248,0.1305212327794347,0.1882370503060157,0.2845615922539,59700.0,26500.0,0.0,1.2528301886792454,19327238.0,1153836108600.0,32774225400.0,23128520000.0,0.0284045759668298,yfinance_download,131970.KQ
2023-11-21,59900.0,60400.0,57900.0,58400.0,57625.4375,362133.0,-0.0217755443886097,-0.0217755443886097,53127.5,50438.333333333336,46645.41666666666,0.6141188192732379,0.6239216688155221,0.123076923076923,0.2518756698821007,0.5388669301712781,0.0992423885934778,0.1578495192148827,0.2519986779694325,59700.0,26500.0,-0.0217755443886097,1.2037735849056603,19327238.0,1128710699200.0,21148567200.0,23029184960.0,0.0187369245414166,yfinance_download,131970.KQ
2023-11-22,57600.0,61200.0,57500.0,59400.0,58612.17578125,374969.0,0.0171232876712328,-0.0050251256281407,53497.5,50643.333333333336,46825.833333333336,0.6147172589895572,0.6243737998468194,0.1423076923076922,0.2611464968152865,0.5735099337748344,0.1103322585167532,0.1729085763180411,0.2685305475965902,59700.0,26500.0,-0.0050251256281407,1.241509433962264,19327238.0,1148037937200.0,22273158600.0,23467355090.0,0.0194010649633434,yfinance_download,131970.KQ
2023-11-23,59300.0,59400.0,56800.0,57300.0,56540.02734375,307327.0,-0.0353535353535353,-0.0402010050251255,53822.5,50817.5,46987.083333333336,0.6242529080450666,0.6294282059707489,0.1279527559055118,0.2230522945570971,0.5098814229249011,0.0646105253379163,0.127564323313819,0.2194840780711009,59700.0,26500.0,-0.0402010050251255,1.1622641509433964,19327238.0,1107450737400.0,17609837100.0,23677896545.0,0.0159012374142647,yfinance_download,131970.KQ
2023-11-24,57100.0,58700.0,57100.0,57900.0,57132.0703125,132400.0,0.0104712041884815,-0.0301507537688442,54267.5,51018.333333333336,47147.083333333336,0.6040438303005424,0.6273062889433952,0.1816326530612244,0.262813522355507,0.4961240310077519,0.0669369327866586,0.1348861520368494,0.2280717258932594,59700.0,26500.0,-0.0301507537688442,1.184905660377359,19327238.0,1119047080200.0,7665960000.0,23402489995.0,0.0068504356390706,yfinance_download,131970.KQ
2023-11-27,57100.0,62700.0,56700.0,61500.0,60684.3203125,723668.0,0.0621761658031088,0.0,54965.0,51298.333333333336,47348.333333333336,0.6139287519176156,0.6350884302598642,0.2933753943217665,0.3758389261744965,0.6465863453815262,0.1188938415355225,0.1988693589785242,0.2988841564293005,61500.0,26500.0,0.0,1.3207547169811322,19327238.0,1188625137000.0,44505582000.0,25190206862.5,0.0374429082934664,yfinance_download,131970.KQ
2023-11-28,61500.0,61800.0,59500.0,60900.0,60092.28125,281471.0,-0.0097560975609756,-0.0097560975609756,55772.5,51545.833333333336,47542.083333333336,0.5592887118920995,0.6338884711799629,0.3608938547486033,0.3224755700325732,0.6175298804780875,0.0919359899592093,0.1814727992886589,0.2809703683578584,61500.0,26500.0,-0.0097560975609756,1.29811320754717,19327238.0,1177028794200.0,17141583900.0,24750325895.0,0.014563436327529,yfinance_download,131970.KQ
2023-11-29,59900.0,60100.0,58100.0,59800.0,59006.8671875,532496.0,-0.0180623973727421,-0.0276422764227641,56410.0,51748.333333333336,47728.75,0.5554762776334468,0.6326943707583769,0.2709883103081827,0.2549842602308498,0.5989304812834224,0.0600957277078533,0.1555927727140971,0.2529136002933243,61500.0,26500.0,-0.0276422764227641,1.2566037735849056,19327238.0,1155768832400.0,31843260800.0,25876148155.0,0.0275515829007745,yfinance_download,131970.KQ
2023-11-30,59600.0,64000.0,59200.0,63400.0,62559.12109375,495446.0,0.060200668896321,0.0,57000.0,51990.833333333336,47944.583333333336,0.4938876666062486,0.6415798969505508,0.2286821705426356,0.2978505629477994,0.6906666666666668,0.1122807017543858,0.2194457356264725,0.3223600163383071,63400.0,26500.0,0.0,1.3924528301886792,19327238.0,1225346889200.0,31411276400.0,26100026795.0,0.0256345992117445,yfinance_download,131970.KQ
2023-12-01,62500.0,63000.0,60400.0,61500.0,60684.3203125,304399.0,-0.0299684542586751,-0.0299684542586751,57450.0,52124.16666666666,48144.16666666666,0.5137042176960596,0.6173582814991737,0.1714285714285714,0.1495327102803738,0.6378162450066578,0.0704960835509138,0.1798749780172346,0.2774133245633774,63400.0,26500.0,-0.0299684542586751,1.3207547169811322,19327238.0,1188625137000.0,18720538500.0,26114907095.0,0.0157497413753584,yfinance_download,131970.KQ
2023-12-04,61500.0,61700.0,58700.0,59500.0,58710.84765625,263165.0,-0.0325203252032519,-0.0615141955835961,57710.0,52249.16666666666,48320.0,0.5237403215579851,0.6183898392646802,0.0957642725598526,0.1442307692307691,0.5494791666666667,0.0310171547392132,0.1387741431282796,0.2313741721854305,63400.0,26500.0,-0.0615141955835961,1.2452830188679247,19327238.0,1149970661000.0,15658317500.0,25789073985.0,0.0136162756416617,yfinance_download,131970.KQ
2023-12-05,58900.0,60300.0,56400.0,57100.0,56342.67578125,393757.0,-0.0403361344537814,-0.0993690851735016,57770.0,52334.16666666666,48469.16666666666,0.5390335639946954,0.6247105192079138,0.0214669051878353,0.0980769230769231,0.4566326530612246,-0.0115977150770295,0.0910654288944443,0.1780685315406702,63400.0,26500.0,-0.0993690851735016,1.1547169811320757,19327238.0,1103585289800.0,22483524700.0,25206888745.0,0.0203731645463257,yfinance_download,131970.KQ
2023-12-06,58000.0,58100.0,55200.0,56300.0,55553.28515625,385860.0,-0.0140105078809106,-0.11198738170347,57860.0,52400.833333333336,48619.16666666666,0.533191412534678,0.6255558281048943,0.0330275229357797,0.0764818355640535,0.4699738903394255,-0.0269616315243691,0.0744103942367329,0.1579795348199442,63400.0,26500.0,-0.11198738170347,1.1245283018867926,19327238.0,1088123499400.0,21723918000.0,25573545670.0,0.0199645702091524,yfinance_download,131970.KQ
2023-12-07,55400.0,56200.0,54800.0,55100.0,54369.20703125,207709.0,-0.0213143872113676,-0.1309148264984226,57940.0,52412.5,48757.5,0.5348051197650782,0.6222052511866687,0.0299065420560746,0.0128676470588235,0.4311688311688311,-0.0490162236796686,0.0512759360839494,0.1300825514023482,63400.0,26500.0,-0.1309148264984226,1.079245283018868,19327238.0,1064930813800.0,11444765900.0,25632341790.0,0.0107469572217199,yfinance_download,131970.KQ
2023-12-08,56300.0,57700.0,55700.0,56300.0,55553.28515625,256517.0,0.0217785843920144,-0.11198738170347,58070.0,52480.833333333336,48914.16666666666,0.5393963804943482,0.6175774598199372,0.0484171322160149,0.0785440613026819,0.5013333333333334,-0.0304804546237299,0.0727725995204597,0.1509957919484812,63400.0,26500.0,-0.11198738170347,1.1245283018867926,19327238.0,1088123499400.0,14441907100.0,25678864295.0,0.0132723051270957,yfinance_download,131970.KQ
2023-12-11,57400.0,58100.0,55900.0,56500.0,55750.640625,132959.0,0.0035523978685612,-0.1088328075709779,58200.0,52537.5,49052.083333333336,0.5393932533167568,0.616769460022972,0.0482374768089053,0.064030131826742,0.4142678347934918,-0.0292096219931271,0.0754223173923387,0.1518369080484178,63400.0,26500.0,-0.1088328075709779,1.1320754716981134,19327238.0,1091988947000.0,7512183500.0,25537235595.0,0.00687935855087,yfinance_download,131970.KQ
2023-12-12,57600.0,59600.0,55300.0,56000.0,55257.265625,387217.0,-0.0088495575221239,-0.1167192429022082,58305.0,52579.16666666666,49192.5,0.540935634341554,0.6170275714935497,0.0389610389610388,0.0467289719626167,0.4303959131545338,-0.0395334876940227,0.065060622870275,0.1383849163998576,63400.0,26500.0,-0.1167192429022082,1.1132075471698113,19327238.0,1082325328000.0,21684152000.0,26295946485.0,0.0200347820004079,yfinance_download,131970.KQ
2023-12-13,55700.0,59500.0,55000.0,58000.0,57230.73828125,382792.0,0.0357142857142858,-0.085173501577287,58460.0,52672.5,49347.91666666666,0.551046034459429,0.6192156924441055,0.0564663023679417,0.1068702290076335,0.4739517153748411,-0.0078686281217926,0.1011438606483459,0.1753282391185038,63400.0,26500.0,-0.085173501577287,1.1886792452830188,19327238.0,1120979804000.0,22201936000.0,26135638070.0,0.0198058305071836,yfinance_download,131970.KQ
2023-12-14,58900.0,59300.0,57000.0,58800.0,58020.1328125,273151.0,0.0137931034482758,-0.0725552050473186,58650.0,52752.5,49507.91666666666,0.5522542691539613,0.6169152152860833,0.069090909090909,0.0888888888888888,0.4848484848484848,0.0025575447570331,0.1146391166295435,0.1876888376438112,63400.0,26500.0,-0.0725552050473186,1.2188679245283018,19327238.0,1136441594400.0,16061278800.0,26267416010.0,0.014132955779817,yfinance_download,131970.KQ
2023-12-15,59500.0,59600.0,57300.0,58300.0,57526.76171875,172137.0,-0.0085034013605441,-0.0804416403785489,58585.0,52840.833333333336,49672.5,0.4659304274379445,0.6158232601848715,-0.0218120805369127,0.1,0.5123216601815823,-0.0048647264658189,0.1033134097683292,0.1736876541345815,63400.0,26500.0,-0.0804416403785489,1.2000000000000002,19327238.0,1126777975400.0,10035587100.0,20417078025.0,0.0089064459184493,yfinance_download,131970.KQ
2023-12-18,58900.0,61200.0,58900.0,59500.0,58710.84765625,284659.0,0.020583190394511,-0.0615141955835961,58575.0,52965.833333333336,49846.66666666666,0.4720022094546812,0.615336649526495,-0.0033500837520937,0.1442307692307691,0.5414507772020725,0.015791720017072,0.1233656917195047,0.1936605590477464,63400.0,26500.0,-0.0615141955835961,1.2452830188679247,19327238.0,1149970661000.0,16937210500.0,19625227280.0,0.0147283848835513,yfinance_download,131970.KQ
2023-12-19,59500.0,60400.0,58000.0,58900.0,58118.80078125,181027.0,-0.0100840336134453,-0.0709779179810725,58600.0,53099.16666666666,50012.5,0.4665602285820777,0.6139000014142797,0.0085616438356164,0.1571709233791749,0.5102564102564102,0.0051194539249146,0.1092452800577536,0.1777055736065984,63400.0,26500.0,-0.0709779179810725,1.2226415094339624,19327238.0,1138374318200.0,10662490300.0,19100923435.0,0.0093664185229156,yfinance_download,131970.KQ
2023-12-20,60000.0,60400.0,57000.0,57700.0,56934.71875,339619.0,-0.0203735144312393,-0.0899053627760252,58515.0,53235.833333333336,50130.833333333336,0.4681770149648436,0.6125515718675302,-0.0286195286195286,0.1656565656565656,0.3264367816091953,-0.0139280526360762,0.0838564250270024,0.1509882474192529,63400.0,26500.0,-0.0899053627760252,1.177358490566038,19327238.0,1115181632600.0,19596016300.0,18967066320.0,0.0175720400400719,yfinance_download,131970.KQ
2023-12-21,56900.0,58400.0,56500.0,57900.0,57132.0703125,199016.0,0.0034662045060658,-0.0867507886435331,58545.0,53404.16666666666,50259.16666666666,0.4503849656267718,0.6075161756085526,0.0104712041884815,0.211297071129707,0.3623529411764705,-0.0110171662823469,0.0841850667082781,0.1520286514897779,63400.0,26500.0,-0.0867507886435331,1.184905660377359,19327238.0,1119047080200.0,11523026400.0,18662725785.0,0.0102971774859915,yfinance_download,131970.KQ
2023-12-22,58600.0,59000.0,56900.0,57200.0,56441.34765625,222214.0,-0.0120898100172711,-0.0977917981072554,58510.0,53576.66666666666,50380.0,0.451143806212464,0.606423610790135,-0.0120898100172711,0.2209178228388473,0.3395784543325526,-0.0223893351563835,0.0676289429478007,0.1353711790393013,63400.0,26500.0,-0.0977917981072554,1.1584905660377358,19327238.0,1105518013600.0,12710640800.0,18914959825.0,0.0114974524554413,yfinance_download,131970.KQ
2023-12-26,57200.0,57200.0,55700.0,56800.0,56046.66015625,137259.0,-0.0069930069930069,-0.1041009463722397,58275.0,53785.0,50499.583333333336,0.3864070950815323,0.5945694784647634,-0.0764227642276422,0.2821670428893905,0.3380447585394581,-0.0253110253110253,0.0560565213349446,0.1247617554600284,63400.0,26500.0,-0.1041009463722397,1.1433962264150943,19327238.0,1097787118400.0,7796311200.0,17079496285.0,0.0071018424877884,yfinance_download,131970.KQ
2023-12-27,57500.0,58000.0,55900.0,57500.0,56897.6484375,194884.0,0.0123239436619717,-0.0930599369085173,58105.0,54006.66666666666,50632.91666666666,0.3897429759348644,0.594579308115415,-0.0558292282430213,0.3009049773755656,0.3855421686746987,-0.0104121848377936,0.0646833724231576,0.1356248817057415,63400.0,26500.0,-0.0930599369085173,1.1698113207547172,19327238.0,1111316185000.0,11205830000.0,16782708590.0,0.010083385944748,yfinance_download,131970.KQ
2023-12-28,57500.0,58600.0,56500.0,58600.0,57986.125,189051.0,0.0191304347826086,-0.0757097791798107,58045.0,54248.333333333336,50770.41666666666,0.3925036147714817,0.5950700641398305,-0.020066889632107,0.3287981859410431,0.3919239904988123,0.0095615470755447,0.0802175182033242,0.1542154634014232,63400.0,26500.0,-0.0757097791798107,1.211320754716981,19327238.0,1132576146800.0,11078388600.0,15744464980.0,0.0097815838972956,yfinance_download,131970.KQ
2024-01-02,58300.0,61700.0,57700.0,60700.0,60064.12890625,353931.0,0.0358361774744027,-0.0425867507886434,57910.0,54547.5,50923.75,0.3495175590240996,0.5934657165456725,-0.0425867507886434,0.4198830409356724,0.4349881796690307,0.0481782075634604,0.1127916036481966,0.1919782027050247,63400.0,26500.0,-0.0425867507886434,1.2905660377358492,19327238.0,1173163346600.0,21483611700.0,15248081745.0,0.0183125493668572,yfinance_download,131970.KQ
2024-01-03,59200.0,60000.0,58400.0,59800.0,59173.5546875,208674.0,-0.014827018121911,-0.056782334384858,57825.0,54835.0,51077.5,0.3373351590231268,0.5946472869309574,-0.0276422764227641,0.4054054054054055,0.4461910519951633,0.0341547773454389,0.0905443603537885,0.1707699084724194,63400.0,26500.0,-0.056782334384858,1.2566037735849056,19327238.0,1155768832400.0,12478705200.0,14935990080.0,0.0107968867564004,yfinance_download,131970.KQ
2024-01-04,59500.0,62700.0,58700.0,59700.0,59074.6015625,324736.0,-0.0016722408026755,-0.058359621451104,57835.0,55036.66666666666,51236.25,0.3164568238824428,0.5467699804614542,0.0033613445378151,0.2542016806722689,0.4686346863468635,0.0322469093109709,0.0847313911937497,0.1651906609090243,63400.0,26500.0,-0.058359621451104,1.2528301886792454,19327238.0,1153836108600.0,19386739200.0,15122411165.0,0.0168019869160818,yfinance_download,131970.KQ
2024-01-05,59700.0,59900.0,58200.0,58500.0,57887.17578125,174181.0,-0.0201005025125627,-0.0772870662460567,57905.0,55247.5,51392.91666666666,0.2888973188547045,0.5424675028957079,0.0245183887915936,0.2758996728462377,0.4735516372795969,0.0102754511700198,0.0588714421467033,0.1382891611198042,63400.0,26500.0,-0.0772870662460567,1.207547169811321,19327238.0,1130643423000.0,10189588500.0,14507714355.0,0.0090122033991613,yfinance_download,131970.KQ
2024-01-08,58300.0,59000.0,56600.0,57000.0,56402.890625,247381.0,-0.0256410256410256,-0.1009463722397476,57940.0,55362.5,51544.583333333336,0.2998508827429685,0.5138693952660688,0.0124333925399644,0.1377245508982036,0.4690721649484537,-0.0162236796686227,0.0295777827952132,0.1058387965111109,63400.0,26500.0,-0.1009463722397476,1.150943396226415,19327238.0,1101652566000.0,14100717000.0,14126554305.0,0.0127996043718197,yfinance_download,131970.KQ
2024-01-09,58500.0,59800.0,56300.0,57000.0,56402.890625,261376.0,0.0,-0.1009463722397476,58035.0,55479.16666666666,51635.0,0.2883385292548467,0.5138085039873801,0.0344827586206897,0.1399999999999999,0.2351029252437704,-0.0178340656500387,0.0274126924521216,0.1039023917885155,63400.0,26500.0,-0.1009463722397476,1.150943396226415,19327238.0,1101652566000.0,14898432000.0,14299237610.0,0.0135237119758136,yfinance_download,131970.KQ
2024-01-10,56800.0,57000.0,53500.0,54200.0,53632.21484375,416961.0,-0.0491228070175439,-0.1451104100946372,57930.0,55554.16666666666,51697.91666666666,0.3301557482895836,0.5244140122953302,-0.0373001776198934,0.0905432595573441,0.1618435155412647,-0.064388054548593,-0.0243756093902347,0.0483981462824905,63400.0,26500.0,-0.1451104100946372,1.0452830188679243,19327238.0,1047536299600.0,22599286200.0,14707106565.0,0.0215737499584782,yfinance_download,131970.KQ
2024-01-11,54200.0,54700.0,53200.0,54200.0,53632.21484375,172467.0,0.0,-0.1451104100946372,57815.0,55635.833333333336,51751.25,0.3296476194714313,0.5240165469890838,-0.0407079646017699,0.0993914807302231,0.1338912133891212,-0.0625270258583412,-0.0258077078621392,0.0473176976401537,63400.0,26500.0,-0.1451104100946372,1.0452830188679243,19327238.0,1047536299600.0,9347711400.0,14798882960.0,0.0089235202670966,yfinance_download,131970.KQ
2024-01-12,54200.0,55200.0,53200.0,53700.0,53137.453125,151406.0,-0.0092250922509224,-0.1529968454258675,57700.0,55690.833333333336,51810.41666666666,0.3297557465991725,0.5228063740666059,-0.0410714285714285,0.0654761904761904,0.1523605150214593,-0.0693240901213171,-0.035747953732661,0.0364711086091118,63400.0,27950.0,-0.1529968454258675,0.92128801431127,19327238.0,1037872680600.0,8130502200.0,14121200470.0,0.0078338146402502,yfinance_download,131970.KQ
2024-01-15,53100.0,53500.0,49950.0,50600.0,50069.9296875,751024.0,-0.0577281191806331,-0.2018927444794952,57330.0,55701.66666666666,51848.333333333336,0.3543279408910006,0.5363845408686368,-0.1275862068965517,0.013013013013013,0.0988056460369164,-0.1173905459619745,-0.0915891206127883,-0.0240766337715774,63400.0,29050.0,-0.2018927444794952,0.7418244406196213,19327238.0,977958242800.0,38001814400.0,14911194390.0,0.0388583200558714,yfinance_download,131970.KQ
2024-01-16,50600.0,51200.0,48800.0,49550.0,49030.93359375,407606.0,-0.0207509881422924,-0.2184542586750788,56867.5,55720.833333333336,51861.66666666666,0.3491882423887116,0.5341909926906098,-0.157312925170068,0.0237603305785123,0.0333680917622523,-0.1286763089638194,-0.1107455320421745,-0.0445737056914226,63400.0,29050.0,-0.2184542586750788,0.7056798623063683,19327238.0,957664642900.0,20196877300.0,15117974315.0,0.0210897180445545,yfinance_download,131970.KQ
2024-01-17,50400.0,51100.0,49050.0,49300.0,48783.546875,221520.0,-0.0050454086781028,-0.2223974763406939,56417.5,55729.16666666666,51880.833333333336,0.3493757157583914,0.5341075566175144,-0.1543739279588336,0.0102459016393443,0.0489361702127659,-0.126157663845438,-0.1153644859813083,-0.0497454101546814,63400.0,29050.0,-0.2223974763406939,0.6970740103270223,19327238.0,952832833400.0,10920936000.0,15162241760.0,0.0114615445828317,yfinance_download,131970.KQ
2024-01-18,49500.0,49700.0,48050.0,49300.0,48783.546875,268746.0,0.0,-0.2223974763406939,55907.5,55763.333333333336,51903.333333333336,0.3342635625479623,0.5298077055770991,-0.1714285714285713,0.0433862433862433,0.05793991416309,-0.1181862898537763,-0.1159065096538944,-0.050157343780104,63400.0,29050.0,-0.2223974763406939,0.6970740103270223,19327238.0,952832833400.0,13249177800.0,14977840125.0,0.0139050390956017,yfinance_download,131970.KQ
2024-01-19,51000.0,52800.0,50300.0,52500.0,51950.03125,492097.0,0.0649087221095334,-0.1719242902208202,55587.5,55771.66666666666,51948.333333333336,0.4251177700588406,0.5057810746488869,-0.1086587436332767,0.0096153846153845,0.1146496815286624,-0.055543062738925,-0.058661805576308,0.0106195258109018,63400.0,29050.0,-0.1719242902208202,0.8072289156626506,19327238.0,1014679995000.0,25835092500.0,15736470235.0,0.0254613204432004,yfinance_download,131970.KQ
2024-01-22,54200.0,54900.0,53600.0,54300.0,53731.171875,482087.0,0.0342857142857142,-0.1435331230283911,55417.5,55810.0,52000.833333333336,0.4434547315854766,0.5104519203842703,-0.0589254766031195,0.0442307692307692,0.1312500000000001,-0.0201651102990932,-0.0270560831392223,0.0442140350314899,63400.0,29050.0,-0.1435331230283911,0.8691910499139415,19327238.0,1049469023400.0,26177324100.0,16065535625.0,0.0249433985342344,yfinance_download,131970.KQ
2024-01-23,54900.0,55200.0,53100.0,53600.0,53038.50390625,218924.0,-0.012891344383057,-0.1545741324921136,55202.5,55856.66666666666,52067.5,0.4442570282675125,0.5088051594673484,-0.0742659758203799,0.0551181102362203,0.1754385964912281,-0.0290294823604003,-0.0404010264367129,0.0294329476160752,63400.0,29050.0,-0.1545741324921136,0.8450946643717727,19327238.0,1035939956800.0,11734326400.0,16076100625.0,0.0113272263734735,yfinance_download,131970.KQ
2024-01-24,54000.0,54000.0,51200.0,52200.0,51653.16796875,382860.0,-0.0261194029850746,-0.1766561514195583,54952.5,55910.0,52104.16666666666,0.4506090152881428,0.5062778097084502,-0.0874125874125874,0.0653061224489794,0.0920502092050208,-0.0500887129793913,-0.0663566446074047,0.0018392642942823,63400.0,29050.0,-0.1766561514195583,0.7969018932874354,19327238.0,1008881823600.0,19985292000.0,16439833185.0,0.019809348857814,yfinance_download,131970.KQ
2024-01-25,52600.0,53500.0,50800.0,51000.0,50465.7421875,419207.0,-0.0229885057471264,-0.195583596214511,54662.5,55967.5,52130.833333333336,0.4554834304302352,0.5047215939840235,-0.102112676056338,0.0725552050473186,0.0669456066945606,-0.0670020580836954,-0.088756867825077,-0.0216922166983711,63400.0,29050.0,-0.195583596214511,0.7555938037865748,19327238.0,985689138000.0,21379557000.0,17118995475.0,0.0216899590101803,yfinance_download,131970.KQ
2024-01-26,49700.0,50500.0,48000.0,48000.0,47497.16796875,765366.0,-0.0588235294117647,-0.2429022082018928,54187.5,56021.66666666666,52121.25,0.4884525607119358,0.504689918675293,-0.1652173913043478,0.0726256983240223,-0.0233977619532044,-0.1141868512110726,-0.143188647249576,-0.0790704367220663,63400.0,29050.0,-0.2429022082018928,0.6523235800344234,19327238.0,927707424000.0,36737568000.0,18395582375.0,0.0396003815961701,yfinance_download,131970.KQ
2024-01-29,48000.0,48400.0,46400.0,47200.0,46705.55078125,297920.0,-0.0166666666666667,-0.2555205047318611,53617.5,56024.16666666666,52121.25,0.4779730753717155,0.49522687264747,-0.1945392491467577,0.0031880977683316,0.0,-0.1196903995896861,-0.1575064332356571,-0.0944192627766985,63400.0,29050.0,-0.2555205047318611,0.6247848537005163,19327238.0,912245633600.0,14061824000.0,18544754145.0,0.0154145149969178,yfinance_download,131970.KQ
2024-01-30,47550.0,47750.0,45600.0,46300.0,45814.9765625,260245.0,-0.0190677966101694,-0.2697160883280757,52897.5,55935.833333333336,52130.41666666666,0.4463248741094227,0.4543369654546492,-0.2372322899505766,-0.1027131782945736,0.0243362831858406,-0.1247223403752539,-0.1722658403229892,-0.1118428940238024,63400.0,29050.0,-0.2697160883280757,0.5938037865748709,19327238.0,894851119400.0,12049343500.0,18073040735.0,0.013465193526359,yfinance_download,131970.KQ
2024-01-31,45600.0,46500.0,44900.0,45050.0,44578.0703125,191197.0,-0.0269978401727861,-0.2894321766561514,52160.0,55811.66666666666,52124.16666666666,0.4490415778629008,0.4555892162159655,-0.2466555183946488,-0.1419047619047618,-0.0163755458515283,-0.1363113496932515,-0.1928210947531877,-0.1357175974036355,63400.0,29050.0,-0.2894321766561514,0.5507745266781412,19327238.0,870692071900.0,8613424850.0,17879776717.5,0.009892618903953,yfinance_download,131970.KQ
2024-02-01,44850.0,45550.0,43850.0,44350.0,43885.40234375,296374.0,-0.0155382907880132,-0.3004731861198738,51392.5,55645.833333333336,52117.91666666666,0.446814737058969,0.4499794798218778,-0.2571189279731993,-0.1832412523020258,-0.0166297117516629,-0.1370336138541615,-0.2029951329090228,-0.1490450340973593,63400.0,29050.0,-0.3004731861198738,0.5266781411359724,19327238.0,857163005300.0,13144186900.0,17567649102.5,0.015334524260528,yfinance_download,131970.KQ
2024-02-02,44800.0,46350.0,44350.0,45450.0,44973.8828125,296081.0,0.0248027057497182,-0.2831230283911672,50740.0,55471.66666666666,52123.333333333336,0.467150715738475,0.4486429467993201,-0.223076923076923,-0.1869409660107334,0.0145089285714286,-0.1042569964525029,-0.1806628008292521,-0.128029673210974,63400.0,29050.0,-0.2831230283911672,0.5645438898450947,19327238.0,878422967100.0,13456881450.0,17731013750.0,0.0153193643085473,yfinance_download,131970.KQ
2024-02-05,45350.0,45900.0,44700.0,44750.0,44281.21484375,149457.0,-0.0154015401540154,-0.2941640378548895,50127.5,55309.16666666666,52123.75,0.464630161770732,0.4470566268399518,-0.2149122807017544,-0.1788990825688073,0.0011185682326622,-0.107276445065084,-0.1909116933600517,-0.1414662222115638,63400.0,29050.0,-0.2941640378548895,0.540447504302926,19327238.0,864893900500.0,6688200750.0,17360387937.5,0.0077329725023306,yfinance_download,131970.KQ
2024-02-06,44900.0,46850.0,43750.0,46200.0,45716.0234375,229496.0,0.0324022346368715,-0.2712933753943217,49587.5,55187.5,52127.91666666666,0.4889746773603863,0.4516385037089165,-0.1894736842105263,-0.1364485981308411,0.0109409190371991,-0.0683135870935215,-0.1628539071347678,-0.1137186568297536,63400.0,29050.0,-0.2712933753943217,0.5903614457831325,19327238.0,892918395600.0,10602715200.0,17145602097.5,0.0118742264155902,yfinance_download,131970.KQ
2024-02-07,46200.0,46250.0,44800.0,45050.0,44578.0703125,252964.0,-0.0248917748917748,-0.2894321766561514,49130.0,55043.333333333336,52137.083333333336,0.4704748985685987,0.4538774882560396,-0.1688191881918819,-0.1610800744878957,0.025028441410694,-0.0830449826989619,-0.1815539272088657,-0.1359317184665426,63400.0,29050.0,-0.2894321766561514,0.5507745266781412,19327238.0,870692071900.0,11396028200.0,16585439197.5,0.0130884713066605,yfinance_download,131970.KQ
2024-02-08,45300.0,46150.0,45100.0,45500.0,45023.35546875,202296.0,0.0099889012208655,-0.2823343848580442,48695.0,54903.333333333336,52154.16666666666,0.4742700438267008,0.4544271705912137,-0.1605166051660517,-0.1558441558441559,0.0471806674338319,-0.0656124858815073,-0.1712707182320442,-0.1275864823839577,63400.0,29050.0,-0.2823343848580442,0.5662650602409638,19327238.0,879389329000.0,9204468000.0,16578277027.5,0.0104668861634549,yfinance_download,131970.KQ
2024-02-13,46250.0,47300.0,45900.0,46500.0,46012.8828125,244226.0,0.0219780219780219,-0.2665615141955836,48335.0,54780.0,52177.083333333336,0.48623424059634,0.4571513272361412,-0.1340782122905027,-0.1372912801484229,0.0628571428571429,-0.037964208130754,-0.1511500547645126,-0.1088041525254542,63400.0,29050.0,-0.2665615141955836,0.6006884681583478,19327238.0,898716567000.0,11356509000.0,16739577367.5,0.012636363250662,yfinance_download,131970.KQ
2024-02-14,46050.0,46300.0,44950.0,46150.0,45666.55078125,205768.0,-0.0075268817204301,-0.2720820189274447,48112.5,54634.16666666666,52167.083333333336,0.4475067539458314,0.4552504243086893,-0.0879446640316206,-0.1593806921675774,-0.0253431890179514,-0.0407898155365029,-0.1552904928234773,-0.1153425292130254,63400.0,29050.0,-0.2720820189274447,0.5886402753872633,19327238.0,891952033700.0,9496193200.0,15314296307.5,0.0106465290074039,yfinance_download,131970.KQ
2024-02-15,46800.0,47050.0,45850.0,46450.0,45963.40234375,152561.0,0.0065005417118093,-0.2673501577287066,47957.5,54491.66666666666,52154.16666666666,0.4445982813736022,0.4555405688600653,-0.0625630676084763,-0.1554545454545454,-0.0322916666666667,-0.0314340822603346,-0.14757608196972,-0.1093712550930733,63400.0,29050.0,-0.2673501577287066,0.5989672977624785,19327238.0,897750205100.0,7086458450.0,14658775365.0,0.0078935748605155,yfinance_download,131970.KQ
2024-02-16,46500.0,46800.0,45250.0,45400.0,44924.40625,272210.0,-0.0226049515608181,-0.2839116719242902,47762.5,54255.0,52142.083333333336,0.4500812574859004,0.4205122822345419,-0.0791075050709939,-0.238255033557047,-0.030949839914621,-0.0494634912326615,-0.1632107639848862,-0.1293021471779832,63400.0,29050.0,-0.2839116719242902,0.5628227194492255,19327238.0,877456605200.0,12358334000.0,14730645265.0,0.0140842680159472,yfinance_download,131970.KQ
2024-02-19,45000.0,45850.0,44600.0,45150.0,44677.0234375,183648.0,-0.0055066079295154,-0.2878548895899053,47555.0,54012.5,52127.5,0.4498999734404323,0.4203423932484887,-0.0841784989858012,-0.2437185929648241,-0.0373134328358208,-0.0505730207128587,-0.1640823883360332,-0.1338544913913001,63400.0,29050.0,-0.2878548895899053,0.5542168674698795,19327238.0,872624795700.0,8291707200.0,14482771735.0,0.009502030243535,yfinance_download,131970.KQ
2024-02-20,45200.0,45300.0,44200.0,44300.0,43835.9296875,209739.0,-0.0188261351052049,-0.3012618296529968,47145.0,53777.5,52107.91666666666,0.3710514129783879,0.4198619000970246,-0.1561904761904762,-0.2414383561643835,-0.0503751339764201,-0.0603457418602184,-0.1762354144391241,-0.1498412749182385,63400.0,29050.0,-0.3012618296529968,0.5249569707401032,19327238.0,856196643400.0,9291437700.0,13655588995.0,0.0108519903361256,yfinance_download,131970.KQ
2024-02-21,44000.0,46200.0,43800.0,45250.0,44775.9765625,228009.0,0.0214446952595936,-0.2862776025236593,46692.5,53541.66666666666,52092.5,0.3539589155682375,0.4208937457497421,-0.1666666666666666,-0.2382154882154882,-0.0392781316348195,-0.0308936124645285,-0.154863813229572,-0.1313528818927868,63400.0,29050.0,-0.2862776025236593,0.5576592082616179,19327238.0,874557519500.0,10317407250.0,12862593152.5,0.0117972883657768,yfinance_download,131970.KQ
2024-02-22,46050.0,46650.0,45650.0,45950.0,45468.64453125,230200.0,0.0154696132596685,-0.2752365930599368,46310.0,53352.5,52085.0,0.3638286644859769,0.4176917716769587,-0.1427238805970149,-0.1980802792321117,-0.0192102454642475,-0.0077736989851003,-0.1387470127922777,-0.1177882307766151,63400.0,29050.0,-0.2752365930599368,0.5817555938037866,19327238.0,888086586100.0,10577690000.0,12804761332.5,0.0119106516927043,yfinance_download,131970.KQ
2024-02-23,46500.0,46900.0,44900.0,44950.0,44479.1171875,205312.0,-0.0217627856365615,-0.2910094637223974,45947.5,53136.66666666666,52077.5,0.3611776503329632,0.4183648074620603,-0.1388888888888888,-0.2236614853195164,-0.0196292257360959,-0.0217095598237118,-0.1540681262154193,-0.1368633286928136,63400.0,29050.0,-0.2910094637223974,0.5473321858864026,19327238.0,868759348100.0,9228774400.0,12266935452.5,0.0106229353620005,yfinance_download,131970.KQ
2024-02-26,44550.0,45550.0,43750.0,43800.0,43341.1640625,189321.0,-0.0255839822024471,-0.3091482649842271,45587.5,52841.66666666666,52070.0,0.3627962674269995,0.3973194114206798,-0.1411764705882353,-0.2878048780487805,-0.0201342281879194,-0.0392103098437071,-0.1711086579403878,-0.1588246591127329,63400.0,29050.0,-0.3091482649842271,0.5077452667814113,19327238.0,846533024400.0,8292259800.0,11612570592.5,0.009795553818916,yfinance_download,131970.KQ
2024-02-27,43800.0,43850.0,41300.0,41550.0,41114.73828125,402107.0,-0.0513698630136986,-0.3446372239747634,45265.0,52519.16666666666,52032.5,0.3494854180490188,0.4082989197363807,-0.134375,-0.3177339901477832,-0.0977198697068404,-0.0820722412459957,-0.2088602573663582,-0.2014606255705568,63400.0,29050.0,-0.3446372239747634,0.4302925989672976,19327238.0,803046738900.0,16707545850.0,10611069485.0,0.0208051973075511,yfinance_download,131970.KQ
2024-02-28,41350.0,42350.0,41200.0,41700.0,41263.1640625,265603.0,0.0036101083032491,-0.3422712933753943,44990.0,52217.5,51982.91666666666,0.3494259461272558,0.4079860152227599,-0.1165254237288135,-0.3026755852842809,-0.1248688352570829,-0.073127361635919,-0.201417149423086,-0.1978133842047467,63400.0,29050.0,-0.3422712933753943,0.4354561101549052,19327238.0,805945824600.0,11075645100.0,10461760540.0,0.0137424188598495,yfinance_download,131970.KQ
2024-02-29,41300.0,43450.0,40850.0,42700.0,42252.69140625,358581.0,0.0239808153477218,-0.3264984227129337,44810.0,51872.5,51931.66666666666,0.3611957232841121,0.3893367807149182,-0.0777537796976242,-0.3264984227129337,-0.1258955987717502,-0.0470877036375808,-0.1768277989300689,-0.1777656535832343,63400.0,29050.0,-0.3264984227129337,0.4698795180722892,19327238.0,825273062600.0,15311408700.0,10624863800.0,0.0185531424614318,yfinance_download,131970.KQ
2024-03-04,43450.0,43850.0,42900.0,43400.0,42945.35546875,223197.0,0.0163934426229508,-0.3154574132492114,44727.5,51570.833333333336,51847.5,0.3570365491223943,0.3888765779292071,-0.0366259711431742,-0.2943089430894309,-0.188785046728972,-0.0296797272371583,-0.1584390401551264,-0.1629297458893871,63400.0,29050.0,-0.3154574132492114,0.4939759036144577,19327238.0,838802129200.0,9686749800.0,10678530047.5,0.0115483133182299,yfinance_download,131970.KQ
2024-03-05,42850.0,42900.0,41500.0,42200.0,41757.92578125,256257.0,-0.0276497695852534,-0.334384858044164,44620.0,51282.5,51765.833333333336,0.365778983270935,0.3875568161615758,-0.04847801578354,-0.2907563025210083,-0.1884615384615384,-0.0542357687135813,-0.1771072003119972,-0.1847904827830454,63400.0,29050.0,-0.334384858044164,0.4526678141135973,19327238.0,815609443600.0,10814045400.0,10562022972.5,0.0132588526099797,yfinance_download,131970.KQ
2024-03-06,41950.0,44650.0,41900.0,44350.0,43885.40234375,354731.0,0.0509478672985781,-0.3004731861198738,44565.0,51070.0,51702.083333333336,0.4014395844697301,0.3974513579167383,-0.0242024202420242,-0.2232924693520139,-0.1471153846153846,-0.0048244137776282,-0.1315841002545525,-0.1422009106660757,63400.0,29050.0,-0.3004731861198738,0.5266781411359724,19327238.0,857163005300.0,15732319850.0,10675794892.5,0.0183539417272142,yfinance_download,131970.KQ
2024-03-07,44700.0,44700.0,42600.0,42850.0,42401.1171875,250050.0,-0.0338218714768884,-0.3241324921135646,44470.0,50845.833333333336,51623.333333333336,0.4153370353663692,0.4016566559859467,-0.0424581005586591,-0.238898756660746,-0.1806883365200764,-0.0364290532943557,-0.157256412357617,-0.1699489894750436,63400.0,29050.0,-0.3241324921135646,0.4750430292598968,19327238.0,828172148300.0,10714642500.0,10877116980.0,0.0129376996340604,yfinance_download,131970.KQ
2024-03-08,43250.0,46200.0,43000.0,44000.0,43539.0703125,489843.0,0.0268378063010501,-0.305993690851735,44360.0,50660.833333333336,51536.66666666666,0.4096834048113782,0.4050144082491338,-0.0476190476190476,-0.2014519056261343,-0.1911764705882352,-0.0081154192966637,-0.1314789531689504,-0.1462389237436129,63400.0,29050.0,-0.305993690851735,0.5146299483648882,19327238.0,850398472000.0,21553092000.0,11424635820.0,0.0253446974678947,yfinance_download,131970.KQ
2024-03-11,44600.0,47750.0,43600.0,46450.0,45963.40234375,881159.0,0.0556818181818181,-0.2673501577287066,44430.0,50496.66666666666,51488.75,0.4482963862840216,0.4197174059266909,0.0310765815760265,-0.1749555950266429,-0.1101532567049808,0.0454647760522168,-0.0801373027922635,-0.0978611832681896,63400.0,29050.0,-0.2673501577287066,0.5989672977624785,19327238.0,897750205100.0,40929835550.0,12901326187.5,0.0455915635746814,yfinance_download,131970.KQ
2024-03-12,46950.0,48250.0,46400.0,47800.0,47299.26171875,488966.0,0.0290635091496231,-0.2460567823343848,44545.0,50351.66666666666,51444.583333333336,0.4578671024276989,0.42460908832339,0.0505494505494505,-0.1539823008849558,-0.0998116760828625,0.0730721742058593,-0.0506769057628015,-0.0708448411316384,63400.0,29050.0,-0.2460567823343848,0.6454388984509467,19327238.0,923841976400.0,23372574800.0,13609731527.5,0.0252993210928535,yfinance_download,131970.KQ
2024-03-13,48400.0,48450.0,46950.0,47450.0,46952.9296875,246362.0,-0.0073221757322176,-0.251577287066246,44592.5,50209.16666666666,51394.16666666666,0.4534341480420872,0.4245220127647273,0.0204301075268817,-0.1526785714285714,-0.1130841121495327,0.0640802825587263,-0.0549534447561036,-0.0767434695896096,63400.0,29050.0,-0.251577287066246,0.6333907056798622,19327238.0,917077443100.0,11689876900.0,13626399922.5,0.012746880852815,yfinance_download,131970.KQ
2024-03-14,47000.0,47350.0,45750.0,46850.0,46359.21875,203814.0,-0.012644889357218,-0.2610410094637224,44627.5,50023.333333333336,51347.91666666666,0.4551309670771156,0.417484644214932,0.0151679306608885,-0.1922413793103448,-0.1059160305343511,0.0498011315892668,-0.0634370627040714,-0.087596867772954,63400.0,29050.0,-0.2610410094637224,0.612736660929432,19327238.0,905481100300.0,9548685900.0,13629024557.5,0.0105454281672321,yfinance_download,131970.KQ
2024-03-15,46400.0,46500.0,45500.0,45700.0,45221.26171875,199294.0,-0.0245464247598719,-0.2791798107255521,44590.0,49805.0,51278.75,0.4635475271515467,0.4182076787741359,-0.0161463939720128,-0.2227891156462584,-0.1537037037037036,0.0248934738730657,-0.0824214436301575,-0.1087926285254613,63400.0,29050.0,-0.2791798107255521,0.5731497418244407,19327238.0,883254776600.0,9107735800.0,13730088425.0,0.0103115613312155,yfinance_download,131970.KQ
2024-03-18,45650.0,46650.0,45150.0,46600.0,46111.8359375,147993.0,0.0196936542669583,-0.2649842271293375,44650.0,49610.0,51225.41666666666,0.4609957807931484,0.420851998524776,0.0264317180616739,-0.2006861063464836,-0.120754716981132,0.0436730123180291,-0.0606732513606127,-0.0902953449215476,63400.0,29050.0,-0.2649842271293375,0.6041308089500861,19327238.0,900649290800.0,6896473800.0,13456995415.0,0.0076572244828774,yfinance_download,131970.KQ
2024-03-19,46200.0,46200.0,44900.0,45150.0,44677.0234375,198478.0,-0.0311158798283262,-0.2878548895899053,44650.0,49370.833333333336,51168.333333333336,0.475057086856038,0.4216143340326315,0.0,-0.2411764705882353,-0.1317307692307692,0.0111982082866741,-0.085492446619968,-0.1176183186215432,63400.0,29050.0,-0.2878548895899053,0.5542168674698795,19327238.0,872624795700.0,8961281700.0,13490474140.0,0.0102693411236515,yfinance_download,131970.KQ
2024-03-20,45600.0,48000.0,44850.0,47600.0,47101.359375,460595.0,0.0542635658914729,-0.2492113564668769,44815.0,49182.5,51140.833333333336,0.505635860126233,0.4381078366191163,0.0744920993227991,-0.1918505942275042,-0.0648330058939096,0.0621443713042508,-0.032176078889849,-0.069236911144063,63400.0,29050.0,-0.2492113564668769,0.6385542168674698,19327238.0,919976528800.0,21924322000.0,14122118355.0,0.0238313927732457,yfinance_download,131970.KQ
2024-03-21,49050.0,49400.0,47800.0,48250.0,47744.546875,479249.0,0.0136554621848739,-0.2389589905362775,44965.0,49025.0,51130.41666666666,0.5028358451421152,0.4379511757959827,0.0662983425414365,-0.1637781629116117,-0.0252525252525253,0.0730568219726452,-0.0158082610912799,-0.0563346996650721,63400.0,29050.0,-0.2389589905362775,0.6609294320137693,19327238.0,932539233500.0,23123764250.0,14762436205.0,0.0247965591358682,yfinance_download,131970.KQ
2024-03-22,48350.0,48400.0,46250.0,47100.0,46606.59765625,295242.0,-0.0238341968911917,-0.2570977917981072,45022.5,48845.0,51124.583333333336,0.5099273888488557,0.439904612674867,0.0250272034820457,-0.1865284974093264,-0.0146443514644351,0.0461435948692321,-0.0357252533524413,-0.0787210979714586,63400.0,29050.0,-0.2570977917981072,0.621342512908778,19327238.0,910312909800.0,13905898200.0,14928846615.0,0.015275954070623,yfinance_download,131970.KQ
2024-03-25,47100.0,47450.0,45450.0,45700.0,45221.26171875,253364.0,-0.0297239915074309,-0.2791798107255521,45060.0,48653.333333333336,51115.0,0.5155428921649097,0.4429250517784636,0.0166852057842046,-0.201048951048951,-0.0245464247598719,0.0142032845095427,-0.0607015620718005,-0.1059375917049789,63400.0,29550.0,-0.2791798107255521,0.5465313028764804,19327238.0,883254776600.0,11578734800.0,15046344635.0,0.013109167486839,yfinance_download,131970.KQ
2024-03-26,45800.0,46850.0,45350.0,45700.0,45221.26171875,175252.0,0.0,-0.2791798107255521,45155.0,48468.333333333336,51126.66666666666,0.5057365144914471,0.4429113925250391,0.0433789954337899,-0.1954225352112676,0.0316027088036117,0.0120695382571143,-0.0571163302499914,-0.1061416090754987,63400.0,30200.0,-0.2791798107255521,0.5132450331125828,19327238.0,883254776600.0,8009016400.0,15032182465.0,0.0090676174215891,yfinance_download,131970.KQ
2024-03-27,45500.0,48450.0,45200.0,48000.0,47497.16796875,358910.0,0.0503282275711158,-0.2429022082018928,45477.5,48310.0,51158.333333333336,0.4903859751912306,0.4552889733159634,0.1552346570397111,-0.1652173913043478,0.0859728506787329,0.0554669891704688,-0.0064168909128544,-0.0617364391594722,63400.0,31400.0,-0.2429022082018928,0.5286624203821657,19327238.0,927707424000.0,17227680000.0,15058189172.5,0.0185701650696286,yfinance_download,131970.KQ
2024-03-28,48050.0,51800.0,47500.0,50400.0,49872.02734375,894279.0,0.05,-0.2050473186119873,45912.5,48173.333333333336,51210.833333333336,0.5124193006445238,0.4658554019932416,0.2086330935251799,-0.1399317406143344,0.1428571428571428,0.0977402668118703,0.0462219761970661,-0.0158332384098417,63400.0,31400.0,-0.2050473186119873,0.605095541401274,19327238.0,974092795200.0,45071661600.0,16757989997.5,0.046270398284535,yfinance_download,131970.KQ
2024-03-29,50500.0,51300.0,49850.0,50200.0,49674.12109375,367663.0,-0.0039682539682539,-0.2082018927444795,46287.5,47998.333333333336,51272.91666666666,0.5119158016581182,0.4591085261994952,0.1756440281030444,-0.1729818780889621,0.1742690058479532,0.0845260599513908,0.0458696482516753,-0.0209256023729226,63400.0,31400.0,-0.2082018927444795,0.5987261146496816,19327238.0,970227347600.0,18456682600.0,16915253692.5,0.0190230492323838,yfinance_download,131970.KQ
2024-04-01,50500.0,51000.0,49000.0,49000.0,48641.7265625,299474.0,-0.0239043824701195,-0.2271293375394322,46567.5,47818.333333333336,51326.66666666666,0.5236420589800814,0.4605030941467785,0.1290322580645162,-0.1806020066889632,0.1515863689776733,0.0522360015031941,0.0247115820292076,-0.0453305624107026,63400.0,31400.0,-0.2271293375394322,0.5605095541401275,19327238.0,947034662000.0,14674226000.0,17164627502.5,0.0154949196569111,yfinance_download,131970.KQ
2024-04-02,49200.0,50200.0,48350.0,49650.0,49286.96875,249820.0,0.013265306122449,-0.2168769716088328,46940.0,47650.833333333336,51343.75,0.5080600673181307,0.4616895357885283,0.1765402843601895,-0.1683417085427135,0.0430672268907563,0.0577332765232212,0.0419544953743376,-0.0329884357881923,63400.0,31400.0,-0.2168769716088328,0.5812101910828025,19327238.0,959597366700.0,12403563000.0,17244103382.5,0.0129257993304578,yfinance_download,131970.KQ
2024-04-03,48550.0,48700.0,47300.0,47850.0,47500.1328125,241095.0,-0.0362537764350453,-0.2452681388012618,47115.0,47473.333333333336,51360.41666666666,0.5060429396246263,0.4654681391345698,0.0789177001127394,-0.182051282051282,0.0436205016357689,0.0156001273479784,0.0079342788934138,-0.0683486796738733,63400.0,33550.0,-0.2452681388012618,0.4262295081967213,19327238.0,924808338300.0,11536395750.0,17034307177.5,0.0124743639003151,yfinance_download,131970.KQ
2024-04-04,48400.0,51500.0,48250.0,50500.0,50130.7578125,432724.0,0.0553814002089865,-0.2034700315457412,47497.5,47365.0,51363.75,0.5159226637245121,0.4780252938219156,0.1785297549591598,-0.1140350877192982,0.0079840319361277,0.0632138533607031,0.0661881135859812,-0.0168163344771361,63400.0,33550.0,-0.2034700315457412,0.5052160953800298,19327238.0,976025519000.0,21852562000.0,17591203152.5,0.0223893346788609,yfinance_download,131970.KQ
2024-04-05,49200.0,53300.0,49150.0,51500.0,51123.4453125,638963.0,0.0198019801980198,-0.1876971608832808,47872.5,47273.333333333336,51376.25,0.5132472940420537,0.4800219301326798,0.1704545454545454,-0.0964912280701754,0.03,0.0757741918638048,0.0894091101396135,0.0024087005182356,63400.0,33800.0,-0.1876971608832808,0.5236686390532543,19327238.0,995352757000.0,32906594500.0,18158878277.5,0.033060233438425,yfinance_download,131970.KQ
2024-04-08,51900.0,51900.0,48000.0,48150.0,47797.9375,405266.0,-0.0650485436893203,-0.2405362776025236,47957.5,47172.5,51363.333333333336,0.5437167721877191,0.4878525669794178,0.0365984930032292,-0.1116236162361623,-0.0311871227364185,0.0040139707032267,0.0207218188563251,-0.0625608410669089,63400.0,33800.0,-0.2405362776025236,0.4245562130177513,19327238.0,930606509700.0,19513557900.0,17088064395.0,0.0209686453905105,yfinance_download,131970.KQ
2024-04-09,48200.0,48800.0,47000.0,47750.0,47400.86328125,220888.0,-0.0083073727933541,-0.2468454258675079,47955.0,47065.0,51350.41666666666,0.5354885104172628,0.4880399386608796,-0.0010460251046024,-0.1190036900369003,-0.0314401622718052,-0.0042748409967677,0.0145543397429086,-0.0701146534026825,63400.0,33800.0,-0.2468454258675079,0.4127218934911243,19327238.0,922875614500.0,10547402000.0,16446805755.0,0.0114288446181497,yfinance_download,131970.KQ
2024-04-11,46800.0,48250.0,46000.0,47900.0,47549.76953125,303501.0,0.0031413612565445,-0.2444794952681388,47977.5,46968.333333333336,51329.583333333336,0.5347525010168794,0.4878777104559592,0.0094836670179137,-0.1080074487895716,-0.0496031746031746,-0.001615340524204,0.0198360597565734,-0.0668149458970217,63400.0,33800.0,-0.2444794952681388,0.4171597633136095,19327238.0,925774700200.0,14537697900.0,16589196805.0,0.0157032784508578,yfinance_download,131970.KQ
2024-04-12,48450.0,49150.0,47650.0,47700.0,47351.23046875,193380.0,-0.0041753653444676,-0.2476340694006309,48020.0,46920.0,51310.833333333336,0.5327255202331583,0.4736242060906139,0.0181430096051227,-0.0573122529644268,-0.045045045045045,-0.0066638900458142,0.0166240409207161,-0.0703717538531499,63400.0,33800.0,-0.2476340694006309,0.4112426035502958,19327238.0,921909252600.0,9224226000.0,16572973810.0,0.010005568307277,yfinance_download,131970.KQ
2024-04-15,46900.0,47300.0,45600.0,47250.0,46904.51953125,202539.0,-0.0094339622641509,-0.2547318611987381,48097.5,46881.66666666666,51301.25,0.5256041442048364,0.4721277927956181,0.0339168490153172,-0.0464177598385469,-0.0237603305785123,-0.017620458443786,0.0078566603860785,-0.0789698106771277,63400.0,33800.0,-0.2547318611987381,0.3979289940828403,19327238.0,913211995500.0,9569967750.0,16596085407.5,0.0104794590929133,yfinance_download,131970.KQ
2024-04-16,46700.0,47150.0,44500.0,45000.0,44670.97265625,218318.0,-0.0476190476190476,-0.2902208201892744,48017.5,46810.0,51269.583333333336,0.5496302581594006,0.4818937510614526,-0.0343347639484978,-0.0872210953346855,-0.0778688524590164,-0.0628416723069714,-0.0386669515060884,-0.122286605931067,63400.0,33800.0,-0.2902208201892744,0.331360946745562,19327238.0,869725710000.0,9824310000.0,16742477217.5,0.0112958716605031,yfinance_download,131970.KQ
2024-04-17,45350.0,46650.0,44800.0,45650.0,45316.22265625,150656.0,0.0144444444444444,-0.2799684542586751,48042.5,46749.16666666666,51256.25,0.540431009345134,0.4829386361805686,0.0110741971207086,-0.0740365111561865,-0.0338624338624338,-0.0497996565540926,-0.0235120055615963,-0.1093769052554566,63400.0,33800.0,-0.2799684542586751,0.3505917159763314,19327238.0,882288414700.0,6877446400.0,16638285452.5,0.0077950093024155,yfinance_download,131970.KQ
2024-04-18,45500.0,48650.0,45450.0,48500.0,48145.3828125,246190.0,0.0624315443592551,-0.2350157728706624,48087.5,46682.5,51227.083333333336,0.5517471465793371,0.4815230534603794,0.01890756302521,-0.0761904761904761,-0.0673076923076922,0.0085781128151807,0.0389332190863813,-0.0532351864654927,63400.0,33800.0,-0.2350157728706624,0.4349112426035502,19327238.0,937371043000.0,11940215000.0,16139080102.5,0.0127379814953383,yfinance_download,131970.KQ
2024-04-19,47800.0,47800.0,45150.0,46850.0,46507.4453125,225771.0,-0.034020618556701,-0.2610410094637224,48017.5,46558.333333333336,51184.16666666666,0.5636520203401442,0.480570370920067,-0.0290155440414507,-0.1372007366482505,-0.0990384615384615,-0.0243140521684802,0.0062645426883836,-0.0846778789013529,63400.0,33800.0,-0.2610410094637224,0.386094674556213,19327238.0,905481100300.0,10577371350.0,15511760457.5,0.0116814932376783,yfinance_download,131970.KQ
2024-04-22,46100.0,47000.0,44550.0,45500.0,45167.31640625,231625.0,-0.0288153681963714,-0.2823343848580442,47937.5,46423.333333333336,51140.0,0.5666126639179674,0.4832115620924017,-0.0339702760084925,-0.1511194029850746,-0.1043307086614173,-0.0508474576271186,-0.0198894234221297,-0.1102854908095424,63400.0,33800.0,-0.2823343848580442,0.3461538461538462,19327238.0,879389329000.0,10538937500.0,15343412422.5,0.0119843818345901,yfinance_download,131970.KQ
2024-04-23,45650.0,48800.0,45650.0,48050.0,47698.671875,400469.0,0.056043956043956,-0.2421135646687697,48055.0,46354.16666666666,51132.083333333336,0.5904818525129619,0.4950855425729275,0.0514223194748357,-0.0795019157088122,-0.0193877551020408,-0.0001040474456351,0.0365842696629215,-0.0602768972513996,63400.0,33800.0,-0.2421135646687697,0.4215976331360946,19327238.0,928673785900.0,19242535450.0,15726602455.0,0.0207204464497203,yfinance_download,131970.KQ
2024-04-24,49200.0,50800.0,48700.0,49350.0,48989.1640625,361092.0,0.0270551508844953,-0.2216088328075709,48237.5,46326.66666666666,51147.083333333336,0.5963393736429491,0.4961722329741024,0.0798687089715535,-0.0323529411764705,0.0378548895899053,0.0230629696812645,0.065261188660239,-0.035135597500672,63400.0,33800.0,-0.2216088328075709,0.4600591715976332,19327238.0,953799195300.0,17819890200.0,16217146145.0,0.0186830627325021,yfinance_download,131970.KQ
2024-04-25,48450.0,49850.0,47950.0,48400.0,48046.109375,155621.0,-0.0192502532928064,-0.2365930599369085,48257.5,46333.333333333336,51177.5,0.5762533809747111,0.4825996986993712,0.0083333333333333,0.0083333333333333,0.0815642458100558,0.0029529088742683,0.0446043165467624,-0.0542718968296614,63400.0,33800.0,-0.2365930599369085,0.4319526627218935,19327238.0,935438319200.0,7532056400.0,15732364965.0,0.0080519006388807,yfinance_download,131970.KQ
2024-04-26,49100.0,50400.0,48700.0,50300.0,49932.21875,358932.0,0.0392561983471073,-0.2066246056782334,48252.5,46385.0,51204.583333333336,0.5653040192891005,0.487640856039637,-0.0019841269841269,0.0656779661016948,0.0690754516471838,0.042433034557795,0.0844022852215156,-0.0176660617945985,63400.0,33800.0,-0.2066246056782334,0.4881656804733727,19327238.0,972160071400.0,18054279600.0,14381495865.0,0.0185713033595384,yfinance_download,131970.KQ
2024-04-29,51000.0,51200.0,48600.0,49250.0,48889.8984375,214060.0,-0.0208747514910536,-0.2231861198738169,48205.0,46434.16666666666,51185.0,0.5702407385074422,0.4879806737014711,-0.0189243027888446,0.0637149028077754,-0.0455426356589147,0.0216782491442797,0.0606414098813732,-0.0378040441535606,63400.0,33800.0,-0.2231861198738169,0.4571005917159763,19327238.0,951866471500.0,10542455000.0,13985784485.0,0.0110755608225034,yfinance_download,131970.KQ
2024-04-30,49250.0,50800.0,48700.0,49050.0,48691.359375,132560.0,-0.0040609137055837,-0.2263406940063091,48207.5,46500.833333333336,51156.25,0.5636793384112745,0.4845127250117165,0.0010204081632652,0.0887902330743617,-0.0657142857142857,0.0174765337343774,0.0548198060966649,-0.0411728772144166,63400.0,33800.0,-0.2263406940063091,0.4511834319526626,19327238.0,948001023900.0,6502068000.0,13577176585.0,0.006858714111142,yfinance_download,131970.KQ
2024-05-02,48400.0,49100.0,48000.0,48800.0,48443.1875,95497.0,-0.0050968399592252,-0.2302839116719243,48165.0,46575.0,51110.41666666666,0.5619938729953061,0.483381181416822,-0.0171198388721047,0.1003382187147687,-0.1012891344383056,0.0131838471919443,0.0477724100912506,-0.0452044185382952,63400.0,33800.0,-0.2302839116719243,0.4437869822485207,19327238.0,943169214400.0,4660253600.0,13190011115.0,0.0049410577962562,yfinance_download,131970.KQ
2024-05-03,49450.0,49750.0,48000.0,48150.0,47797.9375,99972.0,-0.0133196721311474,-0.2405362776025236,48180.0,46620.0,51045.833333333336,0.5482457529941154,0.4820282260641957,0.006269592476489,0.0594059405940594,-0.1386404293381037,-0.0006226650062266,0.0328185328185328,-0.0567300628520121,63400.0,33800.0,-0.2405362776025236,0.4245562130177513,19327238.0,930606509700.0,4813651800.0,12853873917.5,0.0051725963120027,yfinance_download,131970.KQ
2024-05-07,48850.0,49450.0,48200.0,48700.0,48343.91796875,138973.0,0.0114226375908619,-0.2318611987381703,48090.0,46685.833333333336,50997.5,0.51123897940414,0.4811656151423141,-0.0356435643564356,0.088268156424581,-0.1064220183486238,0.0126845498024537,0.0431429948414043,-0.0450512280013726,63400.0,33800.0,-0.2318611987381703,0.4408284023668638,19327238.0,941236490600.0,6767985100.0,12099645072.5,0.0071905256198531,yfinance_download,131970.KQ
2024-05-08,48550.0,48750.0,47500.0,48350.0,47996.4765625,100490.0,-0.0071868583162217,-0.2373817034700315,47932.5,46721.66666666666,50954.583333333336,0.5053915907051645,0.4772568395916855,-0.0611650485436893,0.0465367965367964,-0.0962616822429907,0.0087101653366714,0.0348517818285591,-0.0511157812103916,63400.0,33800.0,-0.2373817034700315,0.430473372781065,19327238.0,934471957300.0,4858691500.0,10697249922.5,0.0051993978653338,yfinance_download,131970.KQ
2024-05-09,48200.0,48200.0,47100.0,47550.0,47202.328125,110591.0,-0.0165460186142709,-0.25,47902.5,46763.333333333336,50903.333333333336,0.4525562929423538,0.4756116713217444,-0.0124610591900311,0.0554938956714761,-0.1145251396648044,-0.0073586973540002,0.016822296671181,-0.0658764979372668,63400.0,33800.0,-0.25,0.4068047337278107,19327238.0,919010166900.0,5258602050.0,9984502130.0,0.0057220281552904,yfinance_download,131970.KQ
2024-05-10,47950.0,48000.0,46550.0,46650.0,46308.91015625,98644.0,-0.0189274447949526,-0.2641955835962145,47847.5,46782.5,50842.91666666666,0.4566173427385806,0.4770552855331864,-0.0230366492146596,0.0252747252747251,-0.134508348794063,-0.025027430900256,-0.0028322556511516,-0.0824680593002957,63400.0,33800.0,-0.2641955835962145,0.3801775147928994,19327238.0,901615652700.0,4601742600.0,9687219160.0,0.0051038849938102,yfinance_download,131970.KQ
2024-05-13,46450.0,47150.0,45900.0,46650.0,46308.91015625,90315.0,0.0,-0.2641955835962145,47785.0,46785.0,50782.5,0.4563959447159609,0.4750212668326585,-0.0260960334029227,0.0032258064516128,-0.134508348794063,-0.0237522235010986,-0.0028855402372555,-0.0813764584256387,63400.0,33800.0,-0.2641955835962145,0.3801775147928994,19327238.0,901615652700.0,4213194750.0,9170994002.5,0.0046729387820442,yfinance_download,131970.KQ
2024-05-14,46150.0,47100.0,46150.0,46900.0,46557.08203125,61643.0,0.0053590568060022,-0.2602523659305994,47745.0,46797.5,50715.833333333336,0.4567524427969522,0.4748262978570107,-0.0167714884696016,0.0162513542795232,-0.145719489981785,-0.0176981882919677,0.002190287942732,-0.0752394879968452,63400.0,33800.0,-0.2602523659305994,0.3875739644970415,19327238.0,906447462200.0,2891056700.0,8854335537.5,0.0031894365868521,yfinance_download,131970.KQ
2024-05-16,47650.0,48000.0,46200.0,46700.0,46358.54296875,143105.0,-0.0042643923240938,-0.2634069400630915,47717.5,46801.66666666666,50646.66666666666,0.4557724278283382,0.4747776918609772,-0.0116402116402116,0.0053821313240043,-0.1509090909090908,-0.0213234138418818,-0.0021722873117053,-0.0779254969066736,63400.0,33800.0,-0.2634069400630915,0.3816568047337279,19327238.0,902582014600.0,6683003500.0,8709987325.0,0.0074043171610966,yfinance_download,131970.KQ
2024-05-17,46550.0,47000.0,44400.0,44650.0,44323.53125,295680.0,-0.0438972162740899,-0.2957413249211357,47700.0,46789.16666666666,50522.083333333336,0.4508008142087926,0.4811707156053912,-0.0077777777777777,-0.0165198237885462,-0.2508389261744966,-0.0639412997903563,-0.0457192726236486,-0.1162280520894328,63400.0,33800.0,-0.2957413249211357,0.3210059171597632,19327238.0,862961176700.0,13202112000.0,8878877425.0,0.0152986163879184,yfinance_download,131970.KQ
2024-05-20,44950.0,45650.0,44600.0,45500.0,45167.31640625,133540.0,0.019036954087346,-0.2823343848580442,47692.5,46795.0,50403.75,0.453043359444045,0.4825606625565705,-0.0032858707557502,0.0077519379844961,-0.2378559463986599,-0.0459715888242385,-0.0276738967838444,-0.0972893881903628,63400.0,33800.0,-0.2823343848580442,0.3461538461538462,19327238.0,879389329000.0,6076070000.0,8838808605.0,0.0069094197525792,yfinance_download,131970.KQ
2024-05-21,45700.0,45850.0,44900.0,45250.0,44919.14453125,89110.0,-0.0054945054945054,-0.2862776025236593,47530.0,46810.833333333336,50294.16666666666,0.3889532090866543,0.481041738477267,-0.0670103092783505,0.0214446952595936,-0.2251712328767123,-0.0479697033452556,-0.0333434212165987,-0.1002932745679584,63400.0,33800.0,-0.2862776025236593,0.3387573964497041,19327238.0,874557519500.0,4032227500.0,8443409230.0,0.0046105915392566,yfinance_download,131970.KQ
2024-05-22,45450.0,45550.0,44850.0,45100.0,44770.23828125,52655.0,-0.0033149171270717,-0.2886435331230284,47442.5,46808.333333333336,50175.0,0.3715422462790549,0.479176416598482,-0.0373532550693703,-0.0033149171270717,-0.2407407407407407,-0.0493755598882857,-0.0364963503649635,-0.1011459890383656,63400.0,33800.0,-0.2886435331230284,0.334319526627219,19327238.0,871658433800.0,2374740500.0,8033277687.5,0.0027243934182421,yfinance_download,131970.KQ
2024-05-23,45500.0,45650.0,44650.0,44750.0,44422.80078125,85105.0,-0.0077605321507761,-0.2941640378548895,47405.0,46788.333333333336,50070.41666666666,0.3584044617642317,0.4784183833071812,-0.0164835164835165,-0.0261153427638737,-0.219022687609075,-0.0560067503427907,-0.0435649912727532,-0.1062586856843278,63400.0,34350.0,-0.2941640378548895,0.3027656477438136,19327238.0,864893900500.0,3808448750.0,7696753250.0,0.0044033710352198,yfinance_download,131970.KQ
2024-05-24,44450.0,44450.0,43000.0,43500.0,43181.9375,168323.0,-0.0279329608938547,-0.3138801261829653,47177.5,46764.16666666666,49950.41666666666,0.301911469218749,0.4797825310748723,-0.0946930280957336,-0.032258064516129,-0.2487046632124352,-0.0779502941020613,-0.0698005951850597,-0.1291363935903103,63400.0,34350.0,-0.3138801261829653,0.2663755458515284,19327238.0,840734853000.0,7322050500.0,7100729002.5,0.0087091078404477,yfinance_download,131970.KQ
2024-05-27,43500.0,43850.0,42500.0,43850.0,43529.37890625,186633.0,0.0080459770114942,-0.308359621451104,46902.5,46765.0,49803.333333333336,0.2822160375130242,0.4770956871957126,-0.1114488348530902,0.0011415525114155,-0.2869918699186992,-0.0650818186663824,-0.0623329413022559,-0.1195368449233652,63400.0,34350.0,-0.308359621451104,0.2765647743813682,19327238.0,847499386300.0,8183857050.0,6618927345.0,0.0096564754881168,yfinance_download,131970.KQ
2024-05-28,44400.0,45650.0,44350.0,44950.0,44621.33984375,172839.0,0.025085518814139,-0.2910094637223974,46730.0,46821.66666666666,49670.41666666666,0.2975309464077191,0.467247293263384,-0.0712809917355371,0.0818291215403128,-0.2619047619047618,-0.038091161994436,-0.0399743708397108,-0.0950347708646158,63400.0,35300.0,-0.2910094637223974,0.273371104815864,19327238.0,868759348100.0,7769113050.0,6630780177.5,0.0089427677146625,yfinance_download,131970.KQ
2024-05-29,45300.0,45350.0,43550.0,43550.0,43231.57421875,100223.0,-0.0311457174638487,-0.3130914826498423,46392.5,46852.5,49535.0,0.2666165431290492,0.4720558812869643,-0.1341948310139165,0.0443645083932853,-0.2717391304347826,-0.0612706795279409,-0.0704871671735766,-0.1208236600383567,63400.0,36350.0,-0.3130914826498423,0.1980742778541953,19327238.0,841701214900.0,4364711650.0,5946301780.0,0.0051855831650647,yfinance_download,131970.KQ
2024-05-30,43450.0,43750.0,42700.0,43300.0,42983.40234375,100266.0,-0.0057405281285878,-0.3170347003154574,46095.0,46862.5,49367.5,0.2615679050448236,0.4698422706759327,-0.1208121827411167,0.0140515222482435,-0.3170347003154574,-0.0606356437791517,-0.0760202720725526,-0.1229047450245607,63400.0,37350.0,-0.3170347003154574,0.1593038821954484,19327238.0,836869405400.0,4341517800.0,5636254920.0,0.0051878080044339,yfinance_download,131970.KQ
2024-05-31,43300.0,43700.0,42750.0,43250.0,42933.765625,82174.0,-0.0011547344110854,-0.3178233438485804,45805.0,46860.0,49215.41666666666,0.2620988177124251,0.4687074281994797,-0.1182466870540265,-0.0034562211981566,-0.2967479674796748,-0.0557799366881345,-0.0770379854886896,-0.1212103253553679,63400.0,37350.0,-0.3178233438485804,0.1579651941097724,19327238.0,835903043500.0,3554025500.0,5488852795.0,0.0042517197749621,yfinance_download,131970.KQ
2024-06-03,43450.0,43700.0,42800.0,43300.0,42983.40234375,77868.0,0.0011560693641619,-0.3170347003154574,45530.0,46878.333333333336,49080.41666666666,0.2633661491603967,0.4650563615134608,-0.1127049180327869,0.0260663507109004,-0.2722689075630252,-0.0489786953656929,-0.0763323496995769,-0.1177744008557384,63400.0,37350.0,-0.3170347003154574,0.1593038821954484,19327238.0,836869405400.0,3371684400.0,5424424335.0,0.004028925395341,yfinance_download,131970.KQ
2024-06-04,43000.0,43600.0,42600.0,42800.0,42487.0546875,98009.0,-0.0115473441108544,-0.3249211356466877,45262.5,46852.5,48961.25,0.2627720377579188,0.4538005364907214,-0.1111111111111111,-0.0349492671927846,-0.2504378283712785,-0.0544048605357636,-0.086494850861747,-0.1258393117005795,63400.0,37350.0,-0.3249211356466877,0.1459170013386881,19327238.0,827205786400.0,4194785200.0,5393481005.0,0.0050710298077769,yfinance_download,131970.KQ
2024-06-05,43200.0,43650.0,42250.0,42300.0,41990.7109375,112156.0,-0.0116822429906542,-0.332807570977918,44942.5,46843.333333333336,48844.583333333336,0.2554535073489897,0.4490363900364503,-0.1314168377823408,-0.0128354725787631,-0.2486678507992895,-0.05879735217222,-0.0969899665551839,-0.1339879038105556,63400.0,37350.0,-0.332807570977918,0.1325301204819278,19327238.0,817542167400.0,4744198800.0,5292291690.0,0.0058030019602387,yfinance_download,131970.KQ
2024-06-07,42450.0,43050.0,42250.0,42300.0,41990.7109375,84314.0,0.0,-0.332807570977918,44640.0,46815.0,48737.91666666666,0.2566159949662388,0.4455852362776293,-0.1251292657704239,-0.0386363636363636,-0.2323049001814882,-0.0524193548387096,-0.0964434476129445,-0.1320925699532362,63400.0,37350.0,-0.332807570977918,0.1325301204819278,19327238.0,817542167400.0,3566482200.0,5227681225.0,0.0043624443389169,yfinance_download,131970.KQ
2024-06-10,42000.0,42350.0,41400.0,41750.0,41444.734375,115345.0,-0.0130023640661938,-0.3414826498422713,44350.0,46736.66666666666,48616.66666666666,0.2550864047121349,0.4307322094470592,-0.1219768664563617,-0.1011840688912809,-0.2584369449378331,-0.0586245772266065,-0.1066970972113258,-0.1412410010284538,63400.0,37350.0,-0.3414826498422713,0.1178045515394912,19327238.0,806912186500.0,4815653750.0,5205533810.0,0.0059680022567114,yfinance_download,131970.KQ
2024-06-11,41400.0,41900.0,41150.0,41450.0,41146.9296875,100871.0,-0.0071856287425149,-0.3462145110410094,44090.0,46630.833333333336,48491.25,0.2507819815245066,0.4261580993760581,-0.1114683815648446,-0.1328451882845188,-0.2663716814159291,-0.0598775232479019,-0.1111031685043874,-0.1452066094398474,63400.0,37350.0,-0.3462145110410094,0.1097724230254351,19327238.0,801114015100.0,4181102950.0,5184501827.5,0.0052191109769538,yfinance_download,131970.KQ
2024-06-12,41800.0,42300.0,41400.0,41550.0,41246.1953125,100466.0,0.002412545235223,-0.3446372239747634,43835.0,46532.5,48370.833333333336,0.2516631120153009,0.4261078420303849,-0.1093247588424437,-0.1243414120126449,-0.2580357142857142,-0.0521272955400935,-0.1070756997797238,-0.1410112843483504,63400.0,37350.0,-0.3446372239747634,0.1124497991967872,19327238.0,803046738900.0,4174362300.0,5182560205.0,0.0051981560945231,yfinance_download,131970.KQ
2024-06-13,42000.0,42400.0,41750.0,41950.0,41643.2734375,177318.0,0.0096269554753309,-0.3383280757097792,43587.5,46450.833333333336,48237.083333333336,0.2545787428300933,0.4261444639435428,-0.105543710021322,-0.1045891141942368,-0.2767241379310344,-0.0375681101233151,-0.096894565938896,-0.1303371368846583,63400.0,37400.0,-0.3383280757097792,0.1216577540106951,19327238.0,810777634100.0,7438490100.0,5409931875.0,0.0091745131922109,yfinance_download,131970.KQ
2024-06-14,42050.0,42350.0,40150.0,40400.0,40104.60546875,266190.0,-0.036948748510131,-0.362776025236593,43272.5,46362.5,48083.75,0.2779442933153543,0.4297535701422004,-0.1349036402569593,-0.1159737417943107,-0.3129251700680272,-0.0663816511641343,-0.1286060932866001,-0.1597993084981932,63400.0,37400.0,-0.362776025236593,0.0802139037433156,19327238.0,780820415200.0,10754076000.0,5613485500.0,0.0137727905042613,yfinance_download,131970.KQ
2024-06-17,40300.0,40950.0,40050.0,40450.0,40154.23828125,104822.0,0.0012376237623761,-0.36198738170347,43062.5,46260.0,47935.0,0.242553038814867,0.4274889423457735,-0.0940649496080626,-0.1319742489270385,-0.3061749571183533,-0.0606676342525399,-0.1255944660613921,-0.1561489517054344,63400.0,37500.0,-0.36198738170347,0.0786666666666666,19327238.0,781786777100.0,4240049900.0,5165382395.0,0.0054235374966666,yfinance_download,131970.KQ
2024-06-18,40500.0,41050.0,39000.0,39450.0,39161.55078125,349865.0,-0.0247218788627935,-0.3777602523659306,42760.0,46165.0,47767.91666666666,0.2350999711069921,0.4258265984940573,-0.1329670329670329,-0.1262458471760797,-0.3369747899159664,-0.0774087932647333,-0.14545651467562,-0.1741318702406601,63400.0,37500.0,-0.3777602523659306,0.052,19327238.0,762459539100.0,13802174250.0,5551687607.5,0.0181021726953432,yfinance_download,131970.KQ
2024-06-19,39600.0,40200.0,39000.0,39150.0,38863.74609375,237742.0,-0.0076045627376425,-0.3824921135646687,42455.0,46024.16666666666,47603.333333333336,0.235039659737334,0.4095418982423836,-0.1348066298342541,-0.1775210084033613,-0.3353140916808149,-0.0778471322576845,-0.1493599377138821,-0.1775786009383096,63400.0,37500.0,-0.3824921135646687,0.044,19327238.0,756661367700.0,9307599300.0,5815456197.5,0.0123008781699692,yfinance_download,131970.KQ
2024-06-20,39250.0,39800.0,39050.0,39250.0,38963.01171875,156517.0,0.0025542784163474,-0.3809148264984227,42162.5,45874.16666666666,47449.583333333336,0.2372095141284696,0.4082520098415128,-0.1297117516629712,-0.1865284974093264,-0.3197573656845753,-0.0690779721316335,-0.1443986266780503,-0.1728062241501945,63400.0,37500.0,-0.3809148264984227,0.0466666666666666,19327238.0,758594091500.0,6143292250.0,6003883785.0,0.0080982600824804,yfinance_download,131970.KQ
2024-06-21,39100.0,39100.0,37600.0,37800.0,37523.6171875,269363.0,-0.0369426751592356,-0.4037854889589906,41815.0,45719.16666666666,47282.083333333336,0.2602500584171267,0.4119610367796902,-0.1553072625698324,-0.197452229299363,-0.3471502590673575,-0.0960181752959464,-0.1732132767074348,-0.2005428412806119,63400.0,37500.0,-0.4037854889589906,0.008,19327238.0,730569596400.0,10181921400.0,6322557417.5,0.013936962953527,yfinance_download,131970.KQ
2024-06-24,37700.0,37850.0,36800.0,37350.0,37076.90625,175200.0,-0.0119047619047618,-0.4108832807570978,41507.5,45580.0,47116.66666666666,0.2502177294853784,0.4086903647218002,-0.1413793103448275,-0.1827133479212254,-0.347027972027972,-0.1001626212130337,-0.1805616498464238,-0.2072868765475769,63400.0,37350.0,-0.4108832807570978,0.0,19327238.0,721872339300.0,6543720000.0,6283640892.5,0.0090649269181659,yfinance_download,131970.KQ
2024-06-25,36700.0,37450.0,35850.0,36350.0,36084.21875,294606.0,-0.0267737617135207,-0.4266561514195583,41132.5,45424.16666666666,46946.25,0.2520938124337376,0.4115153488745168,-0.1710376282782212,-0.2045951859956236,-0.3600352112676056,-0.1162705889503433,-0.1997651763928891,-0.2257102537476369,63400.0,36350.0,-0.4266561514195583,0.0,19327238.0,702545101300.0,10708928100.0,6409894445.0,0.0152430471441392,yfinance_download,131970.KQ
2024-06-26,36650.0,37250.0,36200.0,37000.0,36729.46484375,124621.0,0.0178817056396147,-0.4164037854889589,40735.0,45240.833333333336,46775.41666666666,0.2401058749460311,0.3985633852284484,-0.1768631813125695,-0.2291666666666666,-0.3565217391304348,-0.0916901927089726,-0.1821547643168967,-0.2089862017975966,63400.0,36350.0,-0.4164037854889589,0.0178817056396147,19327238.0,715107806000.0,4610977000.0,6251987642.5,0.00644794667505,yfinance_download,131970.KQ
2024-06-27,36950.0,37600.0,36450.0,37300.0,37027.2734375,94393.0,0.008108108108108,-0.4116719242902208,40422.5,45022.5,46597.91666666666,0.2336755232999107,0.3832651312408351,-0.1435132032146957,-0.2599206349206349,-0.3634812286689419,-0.0772465829674067,-0.1715253484368927,-0.1995350292842133,63400.0,36350.0,-0.4116719242902208,0.0261348005502062,19327238.0,720905977400.0,3520858900.0,6209795005.0,0.0048839363389636,yfinance_download,131970.KQ
2024-06-28,37750.0,38550.0,37350.0,37450.0,37176.17578125,129157.0,0.0040214477211795,-0.4093059936908517,40130.0,44810.0,46404.16666666666,0.2372540703984592,0.3836814307640068,-0.1351039260969977,-0.2539840637450199,-0.3830313014827018,-0.0667829553949663,-0.1642490515509931,-0.1929604022627278,63400.0,36350.0,-0.4093059936908517,0.030261348005502,19327238.0,723805063100.0,4836929650.0,6234565597.5,0.0066826413582737,yfinance_download,131970.KQ
2024-07-01,37500.0,38200.0,37100.0,37750.0,37473.98046875,87293.0,0.0080106809078772,-0.4045741324921136,39855.0,44622.5,46220.41666666666,0.2424852755484768,0.3823903055712251,-0.1271676300578035,-0.2295918367346938,-0.3687290969899666,-0.0528164596662903,-0.154014230489103,-0.1832613653778543,63400.0,36350.0,-0.4045741324921136,0.0385144429160935,19327238.0,729603234500.0,3295310750.0,6221629860.0,0.004516579140796,yfinance_download,131970.KQ
2024-07-02,37550.0,38150.0,36850.0,37400.0,37126.54296875,123532.0,-0.0092715231788079,-0.4100946372239747,39560.0,44418.333333333336,46034.583333333336,0.2408438316325742,0.3808168738470313,-0.1362586605080831,-0.2467270896273917,-0.3735343383584589,-0.0546006066734074,-0.1580053281302765,-0.1875673180489306,63400.0,36350.0,-0.4100946372239747,0.0288858321870701,19327238.0,722838701200.0,4620096800.0,6284050480.0,0.0063916013245141,yfinance_download,131970.KQ
2024-07-03,37450.0,37900.0,37000.0,37650.0,37374.71484375,116228.0,0.0066844919786095,-0.4061514195583596,39302.5,44248.333333333336,45860.833333333336,0.2451224893460617,0.3756217256147416,-0.1203271028037383,-0.2131661442006269,-0.3564102564102563,-0.0420456713949494,-0.1491204941805718,-0.1790380317264187,63400.0,36350.0,-0.4061514195583596,0.0357634112792297,19327238.0,727670510700.0,4375984200.0,6293110430.0,0.0060136890744554,yfinance_download,131970.KQ
2024-07-04,37800.0,43000.0,37800.0,41350.0,41047.66015625,1554520.0,0.0982735723771579,-0.3477917981072554,39255.0,44095.833333333336,45730.41666666666,0.4434537141653598,0.4128810824756906,-0.0224586288416075,-0.1811881188118812,-0.2745614035087719,0.053368997579926,-0.0622696777851271,-0.0957878144560968,63400.0,36350.0,-0.3477917981072554,0.1375515818431911,19327238.0,799181291300.0,64279402000.0,9269870590.0,0.0804315650275533,yfinance_download,131970.KQ
2024-07-05,41200.0,41700.0,40250.0,40550.0,40253.5078125,443999.0,-0.019347037484885,-0.3604100946372239,39167.5,43913.333333333336,45593.333333333336,0.4482952146913949,0.4114401474493255,-0.0413711583924349,-0.2126213592233009,-0.2885964912280702,0.0352971213378439,-0.0765902535296797,-0.1106155870741336,63400.0,36350.0,-0.3604100946372239,0.1155433287482805,19327238.0,783719500900.0,18004159450.0,9991754452.5,0.0229727082576413,yfinance_download,131970.KQ
2024-07-08,41300.0,43550.0,41250.0,42350.0,42040.3515625,588033.0,0.0443896424167693,-0.332018927444795,39197.5,43816.66666666666,45494.583333333336,0.4746916633984208,0.4027238900104598,0.0143712574850298,-0.1204569055036345,-0.2186346863468634,0.080426047579565,-0.0334728033472803,-0.0691199501772189,63400.0,36350.0,-0.332018927444795,0.1650618982118294,19327238.0,818508529300.0,24903197550.0,10996131642.5,0.0304250922972025,yfinance_download,131970.KQ
2024-07-09,42400.0,43250.0,42100.0,43100.0,42784.8671875,350019.0,0.0177095631641086,-0.3201892744479495,39280.0,43739.16666666666,45402.083333333336,0.477130081725778,0.4044614824575707,0.0398069963811822,-0.0973821989528795,-0.2047970479704797,0.0972505091649693,-0.0146131423019032,-0.0507043546092782,63400.0,36350.0,-0.3201892744479495,0.1856946354883082,19327238.0,833003957800.0,15085818900.0,11541367440.0,0.0181101407247119,yfinance_download,131970.KQ
2024-07-10,43450.0,43500.0,42550.0,42950.0,42635.9609375,224547.0,-0.0034802784222738,-0.3225552050473186,39350.0,43656.66666666666,45312.5,0.4775813755032055,0.4043720620961861,0.0336943441636583,-0.103340292275574,-0.2001862197392924,0.0914866581956797,-0.016186913033519,-0.0521379310344827,63400.0,36350.0,-0.3225552050473186,0.1815680880330124,19327238.0,830104872100.0,9644293650.0,11814864007.5,0.0116181629263322,yfinance_download,131970.KQ
2024-07-11,43250.0,43500.0,42050.0,42400.0,42089.984375,187424.0,-0.0128055878928987,-0.331230283911672,39372.5,43568.333333333336,45244.16666666666,0.4795110035146441,0.4050019458243798,0.0107270560190704,-0.1111111111111111,-0.1620553359683794,0.0768937710330814,-0.0268161126200222,-0.0628626158068258,63400.0,36350.0,-0.331230283911672,0.1664374140302613,19327238.0,819474891200.0,7946777600.0,11840278382.5,0.0096974021844197,yfinance_download,131970.KQ
2024-07-12,42200.0,42400.0,41350.0,41550.0,41246.1953125,163067.0,-0.0200471698113207,-0.3446372239747634,39430.0,43473.333333333336,45177.5,0.4653355653811708,0.4064549604453289,0.0284653465346533,-0.1206349206349206,-0.1614530776992936,0.0537661678924676,-0.0442416807238154,-0.0802943943334624,63400.0,36350.0,-0.3446372239747634,0.1430536451169188,19327238.0,803046738900.0,6775433850.0,11641346275.0,0.0084371600329027,yfinance_download,131970.KQ
2024-07-15,41650.0,41950.0,40700.0,41900.0,41593.640625,105444.0,0.0084235860409145,-0.3391167192429022,39502.5,43421.66666666666,45115.833333333336,0.4659194108323571,0.395566828907228,0.0358467243510507,-0.0688888888888888,-0.1501014198782961,0.0606923612429592,-0.0350439488734501,-0.0712794842904376,63400.0,36350.0,-0.3391167192429022,0.1526822558459422,19327238.0,809811272200.0,4418103600.0,11650248960.0,0.0054557200568441,yfinance_download,131970.KQ
2024-07-16,42300.0,43100.0,41700.0,42450.0,42139.6171875,189831.0,0.0131264916467781,-0.3304416403785489,39652.5,43368.333333333336,45058.75,0.4562276764165324,0.3953577745520912,0.0760456273764258,-0.0700985761226725,-0.13894523326572,0.0705504066578399,-0.0211752046424043,-0.0578966349488168,63400.0,36350.0,-0.3304416403785489,0.1678129298486932,19327238.0,820441253100.0,8058325950.0,11363056545.0,0.0098219414486436,yfinance_download,131970.KQ
2024-07-17,42650.0,42650.0,40000.0,40100.0,39806.80078125,268423.0,-0.0553592461719669,-0.3675078864353313,39700.0,43228.333333333336,44955.41666666666,0.5016393071863303,0.3883868727200411,0.0242656449553,-0.1731958762886598,-0.2361904761904761,0.0100755667506298,-0.0723676600994718,-0.1080051532536864,63400.0,36350.0,-0.3675078864353313,0.1031636863823934,19327238.0,775022243800.0,10763762300.0,11435864695.0,0.0138883269301076,yfinance_download,131970.KQ
2024-07-18,38650.0,40200.0,38600.0,40150.0,39856.43359375,182498.0,0.0012468827930174,-0.3667192429022082,39745.0,43116.66666666666,44837.5,0.5016299501713607,0.3829949874406281,0.0229299363057324,-0.1430096051227321,-0.2605893186003682,0.0101899610013838,-0.0688055662930033,-0.1045441873431837,63400.0,36350.0,-0.3667192429022082,0.1045392022008253,19327238.0,775988605700.0,7327294700.0,11495064817.5,0.0094425287255219,yfinance_download,131970.KQ
2024-07-19,40050.0,40550.0,39300.0,40200.0,39906.06640625,89473.0,0.0012453300124533,-0.3659305993690851,39865.0,43028.333333333336,44725.833333333336,0.4805903490560012,0.3790360709453222,0.0634920634920634,-0.1164835164835165,-0.25,0.0084033613445377,-0.0657318820931944,-0.1011905870954519,63400.0,36350.0,-0.3659305993690851,0.1059147180192572,19327238.0,776954967600.0,3596814600.0,11165809477.5,0.0046293733227686,yfinance_download,131970.KQ
2024-07-22,39500.0,39950.0,38400.0,39000.0,38714.83984375,120798.0,-0.0298507462686566,-0.3848580441640379,39947.5,42877.5,44615.833333333336,0.4923022038489728,0.3636246389364349,0.0441767068273093,-0.1883454734651405,-0.2528735632183908,-0.0237186307027974,-0.0904320447787301,-0.1258708604942192,63400.0,36350.0,-0.3848580441640379,0.0729023383768914,19327238.0,753762282000.0,4711122000.0,11074179577.5,0.0062501429329943,yfinance_download,131970.KQ
2024-07-23,39600.0,39900.0,38000.0,38000.0,37722.15234375,108039.0,-0.0256410256410256,-0.4006309148264984,40030.0,42688.333333333336,44507.5,0.4914211478244079,0.3609132621461358,0.0453920220082531,-0.2299898682877406,-0.2549019607843137,-0.0507119660254808,-0.1098270409557646,-0.1462113127001066,63400.0,36350.0,-0.4006309148264984,0.0453920220082531,19327238.0,734435044000.0,4105482000.0,10744007272.5,0.0055899865257518,yfinance_download,131970.KQ
2024-07-24,37200.0,38250.0,37150.0,37600.0,37325.078125,86760.0,-0.0105263157894737,-0.4069400630914827,40060.0,42508.333333333336,44420.833333333336,0.490099123475487,0.3597898025720581,0.0162162162162162,-0.2231404958677686,-0.2166666666666666,-0.0614078881677483,-0.1154675553812978,-0.1535503236094175,63400.0,36350.0,-0.4069400630914827,0.0343878954607979,19327238.0,726704148800.0,3262176000.0,10676567222.5,0.0044890014807082,yfinance_download,131970.KQ
2024-07-25,36800.0,40450.0,36800.0,39300.0,39012.6484375,399218.0,0.0452127659574468,-0.3801261829652996,40160.0,42325.0,44355.0,0.5140999419627331,0.3630375052106731,0.0536193029490617,-0.2186878727634195,-0.1673728813559322,-0.021414342629482,-0.0714707619610159,-0.1139668583023334,63400.0,36350.0,-0.3801261829652996,0.0811554332874828,19327238.0,759560453400.0,15689267400.0,11284987647.5,0.0206557191462122,yfinance_download,131970.KQ
2024-07-26,39500.0,40850.0,39000.0,39100.0,38814.11328125,173323.0,-0.005089058524173,-0.3832807570977917,40242.5,42155.833333333336,44295.0,0.5149000582789419,0.3613132697917189,0.0440587449933245,-0.2060913705583756,-0.1555075593952484,-0.0283903833012362,-0.0724889793820547,-0.1172818602551077,63400.0,36350.0,-0.3832807570977917,0.0756533700137551,19327238.0,755695005800.0,6776929300.0,11381987630.0,0.0089678100926785,yfinance_download,131970.KQ
2024-07-29,39100.0,39400.0,38100.0,38550.0,38268.1328125,117815.0,-0.0140664961636828,-0.3919558359621451,40282.5,41980.833333333336,44240.833333333336,0.5178042060536373,0.361950459818619,0.0211920529801323,-0.2140672782874617,-0.1442841287458379,-0.0430087506981939,-0.0817238025289318,-0.1286330501610503,63400.0,36350.0,-0.3919558359621451,0.0605226960110041,19327238.0,745065024900.0,4541768250.0,11444310505.0,0.0060958011693134,yfinance_download,131970.KQ
2024-07-30,38100.0,38750.0,37600.0,38400.0,38119.23046875,110908.0,-0.0038910505836575,-0.3943217665615142,40332.5,41807.5,44191.25,0.5166649741986158,0.3619398044319157,0.0267379679144386,-0.2131147540983606,-0.1341600901916573,-0.0479142131035765,-0.0815045147401781,-0.1310496987525811,63400.0,36350.0,-0.3943217665615142,0.0563961485557082,19327238.0,742165939200.0,4258867200.0,11426249025.0,0.0057384298780819,yfinance_download,131970.KQ
2024-07-31,38050.0,40100.0,37500.0,39850.0,39558.62890625,189053.0,0.0377604166666667,-0.3714511041009464,40442.5,41669.16666666666,44144.583333333336,0.5320982304632451,0.3711829149344521,0.0584329349269587,-0.1723779854620976,-0.1232123212321232,-0.0146504296223032,-0.0436573805571665,-0.0972844913022549,63400.0,36350.0,-0.3714511041009464,0.0962861072902339,19327238.0,770190434300.0,7533762050.0,11584137917.5,0.0097816873781965,yfinance_download,131970.KQ
2024-08-01,40350.0,40400.0,38650.0,39250.0,38963.01171875,146830.0,-0.0150564617314931,-0.3809148264984227,40337.5,41511.66666666666,44098.75,0.3995496234565923,0.370790424925033,-0.0507859733978234,-0.1940451745379876,-0.1229050279329608,-0.0269600247908273,-0.0544826755530573,-0.1099520961478499,63400.0,36350.0,-0.3809148264984227,0.079779917469051,19327238.0,758594091500.0,5763077500.0,8658321692.5,0.0075970503390086,yfinance_download,131970.KQ
2024-08-02,38450.0,38500.0,35550.0,35900.0,35637.5078125,267631.0,-0.0853503184713375,-0.4337539432176656,40105.0,41304.16666666666,44012.91666666666,0.4943412888665588,0.4070922440176731,-0.1146732429099877,-0.2574974146845915,-0.2229437229437229,-0.1048497693554419,-0.1308382931504085,-0.1843303575654873,63400.0,35900.0,-0.4337539432176656,0.0,19327238.0,693847844200.0,9607952900.0,8238511365.0,0.0138473484933543,yfinance_download,131970.KQ
2024-08-05,34550.0,35000.0,29250.0,29950.0,29731.013671875,490803.0,-0.1657381615598886,-0.527602523659306,39485.0,41010.833333333336,43887.083333333336,0.7225358710262249,0.523830334976143,-0.2927981109799291,-0.370136698212408,-0.3351831298557158,-0.2414841078890718,-0.2697051592059009,-0.3175668619278642,63400.0,29950.0,-0.527602523659306,0.0,19327238.0,578850778100.0,14699549850.0,7728328980.0,0.025394368300323,yfinance_download,131970.KQ
2024-08-06,30250.0,34000.0,30250.0,33100.0,32857.98046875,212007.0,0.1051752921535893,-0.4779179810725552,38985.0,40785.0,43783.75,0.8348142556343557,0.571455141832535,-0.2320185614849188,-0.2904608788853161,-0.2725274725274725,-0.1509554957034756,-0.1884271178129214,-0.2440117623547548,63400.0,29950.0,-0.4779179810725552,0.1051752921535893,19327238.0,639731577800.0,7017431700.0,7324909620.0,0.0109693376777375,yfinance_download,131970.KQ
2024-08-07,32900.0,34750.0,32400.0,33750.0,33503.23046875,83435.0,0.0196374622356494,-0.4676656151419558,38525.0,40570.0,43677.5,0.8418497674390029,0.5736088213728184,-0.2142025611175786,-0.2765273311897106,-0.2741935483870967,-0.1239454899415963,-0.1681045107222085,-0.2272909392707915,63400.0,29950.0,-0.4676656151419558,0.1268781302170283,19327238.0,652294282500.0,2815931250.0,6983491500.0,0.0043169644829747,yfinance_download,131970.KQ
2024-08-08,32900.0,34000.0,32500.0,33500.0,33255.05859375,62550.0,-0.0074074074074074,-0.4716088328075709,38080.0,40346.66666666666,43572.083333333336,0.8418785314566581,0.573247395300141,-0.2099056603773584,-0.2857142857142857,-0.2741061755146262,-0.1202731092436975,-0.1696959682749503,-0.2311590946037697,63400.0,29950.0,-0.4716088328075709,0.1185308848080133,19327238.0,647462473000.0,2095425000.0,6690923870.0,0.0032363651754068,yfinance_download,131970.KQ
2024-08-09,34700.0,35550.0,33400.0,33650.0,33403.9609375,94534.0,0.0044776119402984,-0.4692429022082018,37685.0,40129.16666666666,43465.41666666666,0.8426168929359776,0.5735707120614973,-0.1901323706377857,-0.2794432548179871,-0.2755651237890204,-0.1070717792225023,-0.161457792544907,-0.2258212947074781,63400.0,29950.0,-0.4692429022082018,0.1235392320534223,19327238.0,650361558700.0,3181069100.0,6511205632.5,0.0048912317424766,yfinance_download,131970.KQ
2024-08-12,33200.0,34700.0,33200.0,34350.0,34098.84375,54900.0,0.0208023774145615,-0.4582018927444795,37307.5,39957.5,43373.333333333336,0.8471615442665994,0.5700423238659094,-0.1801909307875895,-0.2306830907054871,-0.2433920704845814,-0.079273604503116,-0.1403366076456235,-0.2080387334767907,63400.0,29950.0,-0.4582018927444795,0.1469115191986645,19327238.0,663890625300.0,1885815000.0,6384591202.5,0.0028405507294937,yfinance_download,131970.KQ
2024-08-13,34400.0,34750.0,33600.0,34000.0,33751.40234375,44037.0,-0.0101892285298398,-0.4637223974763407,36885.0,39765.833333333336,43280.41666666666,0.8433141041823834,0.5682054149430804,-0.199057714958775,-0.2527472527472527,-0.2469545957918051,-0.0782160769960689,-0.1449946562166014,-0.2144253078278282,63400.0,29950.0,-0.4637223974763407,0.1352253756260433,19327238.0,657126092000.0,1497258000.0,6056537805.0,0.0022784942162972,yfinance_download,131970.KQ
2024-08-14,34900.0,35200.0,34550.0,34900.0,34644.8203125,60743.0,0.026470588235294,-0.4495268138801261,36625.0,39593.333333333336,43202.083333333336,0.8344391521052247,0.5716588430603373,-0.1296758104738155,-0.2287292817679558,-0.2121896162528216,-0.0470989761092149,-0.118538474490655,-0.1921685875488258,63400.0,29950.0,-0.4495268138801261,0.1652754590984975,19327238.0,674520606200.0,2119930700.0,5624346225.0,0.0031428701814506,yfinance_download,131970.KQ
2024-08-16,35900.0,36500.0,35500.0,35800.0,35538.2421875,85041.0,0.0257879656160457,-0.4353312302839116,36407.5,39438.333333333336,43123.333333333336,0.8416024352425212,0.5748368103973078,-0.1083437110834371,-0.2062084257206208,-0.2088397790055248,-0.0166861223648973,-0.0922537294510418,-0.1698229883280514,63400.0,29950.0,-0.4353312302839116,0.1953255425709517,19327238.0,691915120400.0,3044467800.0,5410204880.0,0.0044000596463912,yfinance_download,131970.KQ
2024-08-19,36500.0,36500.0,35100.0,35750.0,35488.60546875,52236.0,-0.0013966480446927,-0.4361198738170346,36185.0,39288.333333333336,43038.333333333336,0.8414232891490874,0.5747680087234577,-0.1106965174129352,-0.2011173184357542,-0.221980413492927,-0.0120215558933259,-0.0900606626224919,-0.1693451574178058,63400.0,29950.0,-0.4361198738170346,0.1936560934891484,19327238.0,690948758500.0,1867437000.0,5323736000.0,0.0027027141695052,yfinance_download,131970.KQ
2024-08-20,36150.0,36400.0,35450.0,36000.0,35736.77734375,81298.0,0.006993006993007,-0.4321766561514195,36035.0,39163.333333333336,42963.75,0.8368191845182718,0.5727685603309699,-0.0769230769230768,-0.1724137931034483,-0.1991101223581757,-0.0009712779242403,-0.0807728317303601,-0.1620843152657763,63400.0,29950.0,-0.4321766561514195,0.2020033388981637,19327238.0,695780568000.0,2926728000.0,5234516300.0,0.0042063951403713,yfinance_download,131970.KQ
2024-08-21,35250.0,35950.0,35150.0,35600.0,35339.703125,37544.0,-0.011111111111111,-0.4384858044164038,35915.0,39025.833333333336,42895.41666666666,0.8330945435007641,0.5726091695939861,-0.063157894736842,-0.1881413911060433,-0.1872146118721461,-0.0087707086175692,-0.0877837329973736,-0.1700745029092074,63400.0,29950.0,-0.4384858044164038,0.1886477462437394,19327238.0,688049672800.0,1336566400.0,5096070520.0,0.0019425434715503,yfinance_download,131970.KQ
2024-08-22,35600.0,35700.0,33900.0,34000.0,33751.40234375,121271.0,-0.0449438202247191,-0.4637223974763407,35735.0,38843.333333333336,42832.5,0.846681878264623,0.5760141211685091,-0.0957446808510638,-0.2436040044493882,-0.1817087845968712,-0.0485518399328389,-0.1246889213078178,-0.2062102375532598,63400.0,29950.0,-0.4637223974763407,0.1352253756260433,19327238.0,657126092000.0,4123214000.0,5139122420.0,0.0062746161660553,yfinance_download,131970.KQ
2024-08-23,33350.0,34200.0,33050.0,33800.0,33552.86328125,59521.0,-0.0058823529411764,-0.4668769716088328,35460.0,38680.833333333336,42766.66666666666,0.8268079002309874,0.5732444225352143,-0.1399491094147582,-0.2238805970149253,-0.1894484412470024,-0.0468133107727016,-0.1261822177219553,-0.2096648480124707,63400.0,29950.0,-0.4668769716088328,0.1285475792988313,19327238.0,653260644400.0,2011809800.0,4455249540.0,0.0030796433510054,yfinance_download,131970.KQ
2024-08-26,34000.0,34250.0,32700.0,32700.0,32460.90625,62906.0,-0.0325443786982249,-0.4842271293375394,35140.0,38504.16666666666,42683.333333333336,0.8320671914308883,0.5763048780885726,-0.1636828644501279,-0.2448036951501154,-0.234192037470726,-0.0694365395560614,-0.1507412617682069,-0.2338930105427568,63400.0,29950.0,-0.4842271293375394,0.0918196994991653,19327238.0,632000682600.0,2057026200.0,4219254385.0,0.0032547847757656,yfinance_download,131970.KQ
2024-08-27,32650.0,32750.0,32000.0,32650.0,32411.271484375,77535.0,-0.0015290519877675,-0.4850157728706624,34845.0,38327.5,42593.75,0.8319497581703451,0.5762974935485762,-0.1530479896238651,-0.2450867052023121,-0.2476958525345621,-0.0629932558473238,-0.1481312373622073,-0.2334556126192223,63400.0,29950.0,-0.4850157728706624,0.0901502504173623,19327238.0,631034320700.0,2531517750.0,4118741860.0,0.0040116958253424,yfinance_download,131970.KQ
2024-08-28,32650.0,33750.0,32150.0,33700.0,33453.59375,62652.0,0.0321592649310873,-0.4684542586750788,34610.0,38167.5,42522.91666666666,0.843439379905599,0.5809674599905426,-0.1223958333333333,-0.2217090069284064,-0.2014218009478673,-0.0262929789078301,-0.1170498460732298,-0.20748615942384,63400.0,29950.0,-0.4684542586750788,0.1252086811352253,19327238.0,651327920600.0,2111372400.0,4011367120.0,0.0032416427013523,yfinance_download,131970.KQ
2024-08-29,32550.0,33250.0,32500.0,33050.0,32808.34765625,47598.0,-0.0192878338278932,-0.4787066246056782,34270.0,38005.0,42428.75,0.8291837078336045,0.5816421516323499,-0.1706398996235885,-0.227803738317757,-0.2547914317925591,-0.0355996498395098,-0.1303775818971188,-0.2210470494652799,63400.0,29950.0,-0.4787066246056782,0.1035058430717863,19327238.0,638765215900.0,1573113900.0,3713334712.5,0.0024627419603359,yfinance_download,131970.KQ
2024-08-30,32950.0,33350.0,32600.0,32700.0,32460.90625,83281.0,-0.010590015128593,-0.4842271293375394,33942.5,37845.0,42344.16666666666,0.8288272575481632,0.5815817849839308,-0.1668789808917197,-0.226950354609929,-0.2368728121353559,-0.036606024895043,-0.1359492667459373,-0.2277566764410682,63400.0,29950.0,-0.4842271293375394,0.0918196994991653,19327238.0,632000682600.0,2723288700.0,3561345272.5,0.004308996453606,yfinance_download,131970.KQ
2024-09-02,32700.0,32750.0,31650.0,31900.0,31666.75390625,93613.0,-0.0244648318042813,-0.4968454258675079,33742.5,37671.66666666666,42243.333333333336,0.7799298259572063,0.5830940196209291,-0.1114206128133704,-0.2458628841607565,-0.275,-0.054604726976365,-0.1532097509180197,-0.2448512585812357,63400.0,29950.0,-0.4968454258675079,0.0651085141903171,19327238.0,616538892200.0,2986254700.0,3230260362.5,0.0048435787876156,yfinance_download,131970.KQ
2024-09-03,32050.0,32050.0,30750.0,30950.0,30723.701171875,90909.0,-0.0297805642633228,-0.5118296529968454,33792.5,37491.66666666666,42114.16666666666,0.5102377677705442,0.5852093576563884,0.0333889816360601,-0.2586826347305389,-0.3336921420882669,-0.0841162979951172,-0.1744832184929984,-0.2650929022300492,63400.0,29950.0,-0.5118296529968454,0.0333889816360601,19327238.0,598178016100.0,2813633550.0,2635964547.5,0.0047036726096092,yfinance_download,131970.KQ
2024-09-04,29100.0,29900.0,29100.0,29350.0,29135.400390625,143232.0,-0.0516962843295638,-0.5370662460567823,33605.0,37290.0,41960.41666666666,0.3762591012734672,0.5932054063646398,-0.1132930513595166,-0.2919179734620024,-0.3859832635983263,-0.1266180627882756,-0.2129257173504961,-0.3005312546546844,63400.0,29350.0,-0.5370662460567823,0.0,19327238.0,567254435300.0,4203859200.0,2495285922.5,0.0074108881983033,yfinance_download,131970.KQ
2024-09-05,29600.0,29850.0,28900.0,29050.0,28837.59375,77102.0,-0.0102214650766609,-0.5417981072555205,33370.0,37081.66666666666,41807.083333333336,0.3643026606396763,0.5930934149914145,-0.1392592592592593,-0.3008423586040915,-0.3877766069546892,-0.1294575966436919,-0.2165940042249089,-0.3051416725634611,63400.0,29050.0,-0.5417981072555205,0.0,19327238.0,561456263900.0,2239813100.0,2466480015.0,0.0039892922102992,yfinance_download,131970.KQ
2024-09-06,28950.0,29350.0,28200.0,28450.0,28241.98046875,138803.0,-0.0206540447504303,-0.5512618296529969,33117.5,36856.66666666666,41653.75,0.3674153650958846,0.5930978760689493,-0.1507462686567163,-0.3218116805721096,-0.3927427961579509,-0.1409375707707405,-0.2280908022067468,-0.3169882663625724,63400.0,28450.0,-0.5512618296529969,0.0,19327238.0,549859921100.0,3948945350.0,2559156032.5,0.0071817297432773,yfinance_download,131970.KQ
2024-09-09,27850.0,29300.0,27650.0,29150.0,28936.86328125,71654.0,0.0246045694200351,-0.5402208201892744,32892.5,36669.16666666666,41515.833333333336,0.3830090301538489,0.5926812260585232,-0.1337295690936106,-0.2784653465346535,-0.362144420131291,-0.1137797370221175,-0.2050542008499419,-0.29785824685361,63400.0,28450.0,-0.5402208201892744,0.0246045694200351,19327238.0,563388987700.0,2088714100.0,2504538282.5,0.0037074102362686,yfinance_download,131970.KQ
2024-09-10,29000.0,29300.0,28250.0,28350.0,28142.7109375,76291.0,-0.0274442538593482,-0.5528391167192429,32592.5,36467.5,41363.75,0.374973899331644,0.5943623420423506,-0.1746724890829694,-0.2991347342398022,-0.3916309012875536,-0.1301679834317711,-0.2225954617124836,-0.3146172675349793,63400.0,28350.0,-0.5528391167192429,0.0,19327238.0,547927197300.0,2162849850.0,2518390025.0,0.0039473307049874,yfinance_download,131970.KQ
2024-09-11,28550.0,28950.0,28050.0,28800.0,28589.421875,49276.0,0.0158730158730158,-0.5457413249211356,32332.5,36290.0,41227.5,0.3854081468478281,0.5944891835231574,-0.1529411764705882,-0.2699619771863117,-0.3621262458471761,-0.1092553931802365,-0.206392945715073,-0.3014371475350191,63400.0,28350.0,-0.5457413249211356,0.0158730158730158,19327238.0,556624454400.0,1419148800.0,2514484565.0,0.0025495624361846,yfinance_download,131970.KQ
2024-09-12,29500.0,30100.0,29350.0,29350.0,29135.400390625,88390.0,0.0190972222222223,-0.5370662460567823,32055.0,36126.66666666666,41075.41666666666,0.3774728580036269,0.5964130911114147,-0.159025787965616,-0.2503192848020434,-0.3834033613445378,-0.0843862111995008,-0.187580734452851,-0.2854606871506679,63400.0,28350.0,-0.5370662460567823,0.0352733686067019,19327238.0,567254435300.0,2594246500.0,2538200355.0,0.0045733384149354,yfinance_download,131970.KQ
2024-09-13,29550.0,29550.0,28600.0,28800.0,28589.421875,48207.0,-0.0187393526405451,-0.5457413249211356,31705.0,35952.5,40913.333333333336,0.3565722567587142,0.596998246054497,-0.1955307262569832,-0.2662420382165605,-0.4031088082901555,-0.0916259265100142,-0.1989430498574508,-0.2960729998370539,63400.0,28350.0,-0.5457413249211356,0.0158730158730158,19327238.0,556624454400.0,1388361600.0,2455395045.0,0.0024942518946576,yfinance_download,131970.KQ
2024-09-19,28700.0,29000.0,28000.0,28950.0,28738.32421875,71145.0,0.0052083333333332,-0.5433753943217665,31365.0,35805.0,40762.083333333336,0.3595859786477842,0.5934328588803698,-0.1902097902097902,-0.234126984126984,-0.3853503184713376,-0.0769966523194644,-0.1914537075827398,-0.2897811487391265,63400.0,28350.0,-0.5433753943217665,0.0211640211640211,19327238.0,559523540100.0,2059647750.0,2465005582.5,0.0036810743469915,yfinance_download,131970.KQ
2024-09-20,29600.0,29750.0,28350.0,28550.0,28341.25,59371.0,-0.0138169257340241,-0.5496845425867508,30992.5,35658.333333333336,40619.16666666666,0.3538947467663224,0.5935583137959137,-0.2069444444444445,-0.2356091030789826,-0.37527352297593,-0.0788093893683955,-0.1993456415050245,-0.2971298442853333,63400.0,28350.0,-0.5496845425867508,0.0070546737213403,19327238.0,551792644900.0,1695042050.0,2403421285.0,0.0030718822834385,yfinance_download,131970.KQ
2024-09-23,28400.0,29300.0,28350.0,28950.0,28738.32421875,46890.0,0.0140105078809107,-0.5433753943217665,30660.0,35535.0,40479.583333333336,0.3651182046216313,0.592688598913465,-0.1867977528089888,-0.203576341127923,-0.3665207877461707,-0.0557729941291584,-0.1853102574926128,-0.2848246544039691,63400.0,28350.0,-0.5433753943217665,0.0211640211640211,19327238.0,559523540100.0,1357465500.0,2404466240.0,0.0024261097214201,yfinance_download,131970.KQ
2024-09-24,29250.0,29400.0,28800.0,29400.0,29185.03515625,62226.0,0.0155440414507772,-0.5362776025236593,30430.0,35408.333333333336,40324.583333333336,0.3512768318123273,0.5923547324621414,-0.1352941176470588,-0.2054054054054054,-0.3874999999999999,-0.0338481761419651,-0.1696869851729819,-0.2709162111615123,63400.0,28350.0,-0.5362776025236593,0.0370370370370369,19327238.0,568220797200.0,1829444400.0,2289777760.0,0.0032196012694622,yfinance_download,131970.KQ
2024-09-25,29850.0,30700.0,29750.0,30000.0,29780.646484375,114871.0,0.0204081632653061,-0.526813880126183,30240.0,35286.666666666664,40154.583333333336,0.364539768139731,0.5938848784268638,-0.1124260355029586,-0.1957104557640751,-0.4047619047619047,-0.0079365079365079,-0.1498205176648402,-0.2528872793682747,63400.0,28350.0,-0.526813880126183,0.0582010582010581,19327238.0,579817140000.0,3446130000.0,2361493770.0,0.0059434772832,yfinance_download,131970.KQ
2024-09-26,30700.0,31150.0,30550.0,30800.0,30574.798828125,113336.0,0.0266666666666666,-0.5141955835962145,30145.0,35175.833333333336,39992.91666666666,0.3672742152990091,0.5968205231826148,-0.0581039755351682,-0.1775700934579439,-0.3864541832669322,0.0217283131530934,-0.1243988533794508,-0.2298636216830063,63400.0,28350.0,-0.5141955835962145,0.0864197530864196,19327238.0,595278930400.0,3490748800.0,2433179900.0,0.0058640556917651,yfinance_download,131970.KQ
2024-09-27,30950.0,31450.0,30250.0,30250.0,30028.818359375,105013.0,-0.0178571428571429,-0.5228706624605679,30025.0,35050.833333333336,39836.66666666666,0.3711176201324843,0.5972222304769098,-0.0735068912710567,-0.1986754966887417,-0.3826530612244898,0.0074937552039966,-0.1369677373338722,-0.2406493180486988,63400.0,28350.0,-0.5228706624605679,0.0670194003527338,19327238.0,584648949500.0,3176643250.0,2465436175.0,0.0054334199227018,yfinance_download,131970.KQ
2024-09-30,30500.0,31350.0,30050.0,31150.0,30922.23828125,83817.0,0.0297520661157024,-0.5086750788643533,29897.5,34946.666666666664,39682.5,0.3681320107709555,0.6008070107917723,-0.0756676557863501,-0.1671122994652406,-0.3726082578046324,0.041893134877498,-0.1086417397939717,-0.215019215019215,63400.0,28350.0,-0.5086750788643533,0.0987654320987654,19327238.0,602043463700.0,2610899550.0,2490412532.5,0.0043367293350451,yfinance_download,131970.KQ
2024-10-02,30750.0,31100.0,29900.0,30100.0,29879.916015625,110199.0,-0.0337078651685393,-0.525236593059937,29750.0,34820.833333333336,39534.583333333336,0.379625337433841,0.6039166758240269,-0.0892586989409984,-0.200531208499336,-0.3709508881922675,0.0117647058823529,-0.1355749670934546,-0.238641273990072,63400.0,28350.0,-0.525236593059937,0.0617283950617284,19327238.0,581749863800.0,3316989900.0,2577606332.5,0.0057017458987155,yfinance_download,131970.KQ
2024-10-04,30550.0,31100.0,30400.0,30650.0,30425.896484375,61714.0,0.0182724252491695,-0.5165615141955836,29647.5,34642.5,39369.16666666666,0.3871242686147506,0.5677957235513363,-0.0626911314984709,-0.2587666263603385,-0.3930693069306931,0.033813980942744,-0.1152486108104207,-0.2214719641005016,63400.0,28350.0,-0.5165615141955836,0.0811287477954145,19327238.0,592379844700.0,1891534100.0,2536018602.5,0.0031931101588338,yfinance_download,131970.KQ
2024-10-07,30650.0,31700.0,30450.0,31250.0,31021.5078125,61059.0,0.0195758564437193,-0.5070977917981072,29615.0,34487.5,39200.41666666666,0.3862205817057558,0.5689991054833279,-0.0203761755485893,-0.2293464858199753,-0.3932038834951457,0.0552085092014182,-0.0938745922435665,-0.2028145959332914,63400.0,28350.0,-0.5070977917981072,0.1022927689594357,19327238.0,603976187500.0,1908093750.0,2482110555.0,0.0031592201637916,yfinance_download,131970.KQ
2024-10-08,30750.0,31500.0,30650.0,30800.0,30574.798828125,33311.0,-0.0143999999999999,-0.5141955835962145,29607.5,34295.0,39055.833333333336,0.3745676270158133,0.5604798021951827,-0.0048465266558965,-0.2727272727272727,-0.3603322949117341,0.040276956852149,-0.1019098994022452,-0.2113854097766019,63400.0,28350.0,-0.5141955835962145,0.0864197530864196,19327238.0,595278930400.0,1025978800.0,2392727817.5,0.0017235261448117,yfinance_download,131970.KQ
2024-10-10,31000.0,31150.0,29850.0,30250.0,30028.818359375,79775.0,-0.0178571428571429,-0.5228706624605679,29652.5,34080.833333333336,38910.0,0.3290951952266694,0.5591561051239815,0.0306643952299829,-0.2981438515081206,-0.3664921465968587,0.0201500716634348,-0.1124043328361493,-0.2225648933436135,63400.0,28350.0,-0.5228706624605679,0.0670194003527338,19327238.0,584648949500.0,2413193750.0,2303194545.0,0.0041275944343418,yfinance_download,131970.KQ
2024-10-11,30600.0,31200.0,30500.0,30700.0,30475.529296875,59906.0,0.0148760330578512,-0.5157728706624606,29735.0,33876.666666666664,38766.66666666666,0.3290791252919411,0.5606674399536884,0.0567986230636832,-0.2852153667054714,-0.3590814196242171,0.032453337817387,-0.093771524156253,-0.2080825451418744,63400.0,28350.0,-0.5157728706624606,0.0828924162257496,19327238.0,593346206600.0,1839114200.0,2283159600.0,0.0030995634244272,yfinance_download,131970.KQ
2024-10-14,30700.0,31450.0,30550.0,31250.0,31021.5078125,47559.0,0.017915309446254,-0.5070977917981072,29875.0,33690.833333333336,38629.583333333336,0.3207277943469193,0.5623595452657513,0.0984182776801405,-0.2629716981132075,-0.3448637316561844,0.0460251046025104,-0.0724479952509338,-0.1910345050749102,63400.0,28350.0,-0.5070977917981072,0.1022927689594357,19327238.0,603976187500.0,1486218750.0,2160023270.0,0.0024607240827685,yfinance_download,131970.KQ
2024-10-15,31650.0,31650.0,30250.0,30500.0,30276.9921875,68185.0,-0.024,-0.5189274447949527,29942.5,33506.666666666664,38490.0,0.3274542949723927,0.5628865004207982,0.0463121783876501,-0.2659446450060169,-0.3544973544973545,0.0186190197879267,-0.0897333863907678,-0.207586386074305,63400.0,28350.0,-0.5189274447949527,0.0758377425044092,19327238.0,589480759000.0,2079642500.0,2159569690.0,0.0035279226136709,yfinance_download,131970.KQ
2024-10-16,30150.0,30150.0,29100.0,29150.0,28936.86328125,99444.0,-0.0442622950819672,-0.5402208201892744,29982.5,33294.166666666664,38357.91666666666,0.3523280210228747,0.56805361144698,0.0282186948853615,-0.3042959427207637,-0.3522222222222222,-0.0277661969482198,-0.1244712537231246,-0.2400525749790895,63400.0,28350.0,-0.5402208201892744,0.0282186948853615,19327238.0,563388987700.0,2898792600.0,2196366827.5,0.0051452773541672,yfinance_download,131970.KQ
2024-10-17,29450.0,29750.0,28800.0,29200.0,28986.498046875,73802.0,0.0017152658662091,-0.5394321766561514,30002.5,33073.333333333336,38220.833333333336,0.3482970343121603,0.5669465434005051,0.0138888888888888,-0.3121319199057715,-0.3603504928806134,-0.0267477710190817,-0.1171134851844386,-0.2360187506813474,63400.0,28350.0,-0.5394321766561514,0.0299823633156965,19327238.0,564355349600.0,2155018400.0,2233160307.5,0.0038185487238269,yfinance_download,131970.KQ
2024-10-18,29200.0,29250.0,28400.0,28450.0,28241.98046875,72983.0,-0.0256849315068493,-0.5512618296529969,29957.5,32879.166666666664,38053.75,0.3535344827623865,0.5590208484498544,-0.0306643952299829,-0.2905236907730673,-0.4134020618556701,-0.0503212884920303,-0.1347104296033455,-0.2523732877837269,63400.0,28350.0,-0.5512618296529969,0.0035273368606703,19327238.0,549859921100.0,2076366350.0,2207266300.0,0.0037761732949115,yfinance_download,131970.KQ
2024-10-21,28300.0,29550.0,28250.0,29150.0,28936.86328125,66554.0,0.0246045694200351,-0.5402208201892744,29975.0,32695.83333333333,37906.25,0.3586490228511712,0.5621886931254619,0.0121527777777776,-0.273972602739726,-0.3778014941302028,-0.0275229357798164,-0.1084490888237542,-0.230997526793075,63400.0,28350.0,-0.5402208201892744,0.0282186948853615,19327238.0,563388987700.0,1940049100.0,2234850675.0,0.0034435339389932,yfinance_download,131970.KQ
2024-10-22,28800.0,29250.0,28200.0,28400.0,28192.34765625,40140.0,-0.0257289879931389,-0.5520504731861199,29947.5,32499.166666666668,37763.75,0.370284492837183,0.5636901966905263,-0.0189982728842832,-0.2935323383084577,-0.3758241758241758,-0.051673762417564,-0.1261314392676735,-0.2479560425010757,63400.0,28350.0,-0.5520504731861199,0.001763668430335,19327238.0,548893559200.0,1139976000.0,2188867087.5,0.0020768616809085,yfinance_download,131970.KQ
2024-10-23,28900.0,30100.0,28150.0,29500.0,29284.302734375,60709.0,0.0387323943661972,-0.5347003154574133,29995.0,32340.83333333333,37609.16666666666,0.3919421461993112,0.5683476554667158,0.0332749562171628,-0.2435897435897436,-0.3860561914672217,-0.0165027504584097,-0.0878404493802983,-0.2156167600983802,63400.0,28350.0,-0.5347003154574133,0.0405643738977072,19327238.0,570153521000.0,1790915500.0,2193660760.0,0.0031411110061354,yfinance_download,131970.KQ
2024-10-24,29800.0,29850.0,28500.0,28850.0,28639.056640625,60591.0,-0.0220338983050847,-0.5449526813880126,29990.0,32188.33333333333,37438.333333333336,0.3980413025668637,0.5678084821057119,-0.003454231433506,-0.2407894736842105,-0.4154002026342451,-0.0380126708902968,-0.1037125252420648,-0.2293994568846548,63400.0,28350.0,-0.5449526813880126,0.017636684303351,19327238.0,557590816300.0,1748050350.0,2213190002.5,0.0031350056329828,yfinance_download,131970.KQ
2024-10-25,29050.0,29200.0,28350.0,28900.0,28688.69140625,43835.0,0.0017331022530329,-0.5441640378548895,29965.0,32043.33333333333,37275.833333333336,0.3939441206769142,0.5677557468311096,-0.0170068027210884,-0.2313829787234043,-0.4028925619834711,-0.0355414650425496,-0.0980963278893165,-0.2246987547785652,63400.0,28350.0,-0.5441640378548895,0.0194003527336861,19327238.0,558557178200.0,1266831500.0,2185059357.5,0.0022680426453071,yfinance_download,131970.KQ
2024-10-28,28500.0,29400.0,28500.0,29350.0,29135.400390625,56959.0,0.0155709342560552,-0.5370662460567823,29932.5,31877.5,37101.25,0.3908909988084563,0.5600409472179457,-0.0216666666666666,-0.2531806615776081,-0.4165009940357853,-0.0194604526852083,-0.0792878989883146,-0.2089215322933864,63400.0,28350.0,-0.5370662460567823,0.0352733686067019,19327238.0,567254435300.0,1671746650.0,2096340190.0,0.0029470843169624,yfinance_download,131970.KQ
2024-10-29,29000.0,29150.0,28200.0,29050.0,28837.59375,70998.0,-0.0102214650766609,-0.5417981072555205,29845.0,31710.0,36932.91666666666,0.3782313638148565,0.5601738536153108,-0.0568181818181817,-0.2570332480818414,-0.4101522842639594,-0.0266376277433405,-0.0838852097130242,-0.2134387797696273,63400.0,28350.0,-0.5417981072555205,0.0246913580246914,19327238.0,561456263900.0,2062491900.0,2024927345.0,0.0036734685007759,yfinance_download,131970.KQ
2024-10-30,29100.0,29350.0,28100.0,28100.0,27894.5390625,56556.0,-0.0327022375215145,-0.556782334384858,29737.5,31535.83333333333,36758.333333333336,0.3896459341136662,0.5628568038755964,-0.0710743801652892,-0.2710765239948119,-0.4271151885830785,-0.0550651534258092,-0.1089501360885764,-0.2355474948991158,63400.0,28100.0,-0.556782334384858,0.0,19327238.0,543095387800.0,1589223600.0,1945556362.5,0.0029262329154326,yfinance_download,131970.KQ
2024-10-31,27700.0,30100.0,27700.0,30000.0,29780.646484375,106340.0,0.0676156583629892,-0.526813880126183,29680.0,31395.83333333333,36601.66666666666,0.4507524824184892,0.5820001056472133,-0.0369181380417334,-0.21875,-0.3852459016393442,0.0107816711590296,-0.0444591904445919,-0.1803651928418559,63400.0,28100.0,-0.526813880126183,0.0676156583629892,19327238.0,579817140000.0,3190200000.0,1974521385.0,0.0055020795004438,yfinance_download,131970.KQ
2024-11-01,29700.0,29750.0,29050.0,29300.0,29085.765625,37573.0,-0.0233333333333333,-0.5378548895899053,29640.0,31220.0,36444.583333333336,0.442346279785049,0.5769821541541715,-0.0265780730897009,-0.2647427854454203,-0.391484942886812,-0.0114709851551957,-0.0614990390775144,-0.1960396492391416,63400.0,28100.0,-0.5378548895899053,0.0427046263345196,19327238.0,566288073400.0,1100888900.0,1863716335.0,0.0019440439446132,yfinance_download,131970.KQ
2024-11-04,29500.0,30400.0,29200.0,30200.0,29979.185546875,71053.0,0.030716723549488,-0.5236593059936909,29617.5,31069.166666666668,36290.41666666666,0.4516380596113133,0.5809963185193611,-0.0146818923327896,-0.2305732484076432,-0.3798767967145791,0.019667426352663,-0.0279752165866481,-0.1678243797145711,63400.0,28100.0,-0.5236593059936909,0.0747330960854093,19327238.0,583682587600.0,2145800600.0,1876429660.0,0.0036763142255504,yfinance_download,131970.KQ
2024-11-05,30000.0,30500.0,29650.0,29750.0,29532.474609375,28373.0,-0.0149006622516556,-0.5307570977917981,29542.5,30966.666666666668,36135.41666666666,0.4480212977057436,0.5561024936580983,-0.048,-0.171309192200557,-0.3846949327817993,0.007023779301007,-0.0392895586652314,-0.1767079850100893,63400.0,28100.0,-0.5307570977917981,0.0587188612099645,19327238.0,574985330500.0,844096750.0,1823229810.0,0.0014680318005086,yfinance_download,131970.KQ
2024-11-06,30100.0,30300.0,29200.0,29300.0,29085.765625,47028.0,-0.015126050420168,-0.5378548895899053,29467.5,30955.83333333333,35983.333333333336,0.4482933841960312,0.4410282215380907,-0.0487012987012986,-0.021702838063439,-0.3838065194532071,-0.0056842283872062,-0.0534901876329177,-0.1857341361741548,63400.0,28100.0,-0.5378548895899053,0.0427046263345196,19327238.0,566288073400.0,1377920400.0,1840826890.0,0.0024332499035816,yfinance_download,131970.KQ
2024-11-07,29050.0,29300.0,28500.0,28600.0,28390.8828125,45590.0,-0.0238907849829351,-0.5488958990536277,29385.0,30880.83333333333,35832.916666666664,0.4516022869796896,0.3853823737897751,-0.0545454545454545,-0.1359516616314199,-0.3869239013933547,-0.0267143100221201,-0.0738591898966456,-0.2018511843160966,63400.0,28100.0,-0.5488958990536277,0.0177935943060498,19327238.0,552759006800.0,1303874000.0,1785360902.5,0.0023588471358401,yfinance_download,131970.KQ
2024-11-08,28750.0,29650.0,28150.0,28250.0,28043.4453125,55182.0,-0.0122377622377621,-0.554416403785489,29262.5,30789.166666666668,35679.583333333336,0.4480710182868154,0.3832183095749458,-0.0798045602605863,-0.1629629629629629,-0.3944265809217577,-0.0346005980350277,-0.0824694833139362,-0.2082306641286451,63400.0,28100.0,-0.554416403785489,0.0053380782918148,19327238.0,545994473500.0,1558891500.0,1771349767.5,0.0028551415365196,yfinance_download,131970.KQ
2024-11-11,27950.0,28250.0,26450.0,26600.0,26405.5078125,129659.0,-0.0584070796460176,-0.5804416403785488,29030.0,30674.166666666668,35510.416666666664,0.479842644942502,0.3998028660228139,-0.1488,-0.2059701492537313,-0.4328358208955224,-0.0837065105063726,-0.1328207775272352,-0.250924024640657,63400.0,26600.0,-0.5804416403785488,0.0,19327238.0,514104530800.0,3448929400.0,1869485300.0,0.0067086150643977,yfinance_download,131970.KQ
2024-11-12,26500.0,26600.0,25550.0,25800.0,25611.357421875,106678.0,-0.0300751879699248,-0.5930599369085173,28795.0,30543.33333333333,35336.25,0.4830716143806136,0.4031064583834461,-0.1540983606557376,-0.2332838038632986,-0.4475374732334047,-0.1040111130404584,-0.1552984830295753,-0.2698715907884962,63400.0,25800.0,-0.5930599369085173,0.0,19327238.0,498642740400.0,2752292400.0,1903117795.0,0.0055195677726946,yfinance_download,131970.KQ
2024-11-13,25450.0,26150.0,25200.0,25300.0,25115.01171875,83065.0,-0.0193798449612403,-0.6009463722397477,28602.5,30392.5,35175.0,0.4659999695899149,0.4009093787139752,-0.1320754716981131,-0.2634643377001455,-0.4333706606942888,-0.1154619351455292,-0.1675577856379041,-0.2807391613361762,63400.0,25300.0,-0.6009463722397477,0.0,19327238.0,488979121400.0,2101544500.0,1863255390.0,0.0042978205163096,yfinance_download,131970.KQ
2024-11-14,25350.0,25950.0,23700.0,23700.0,23526.712890625,125020.0,-0.0632411067193675,-0.6261829652996845,28327.5,30220.83333333333,34993.333333333336,0.5058684043674102,0.4183362384441173,-0.1883561643835616,-0.3029411764705882,-0.4791208791208791,-0.1633571617685993,-0.2157727836757204,-0.3227281386930845,63400.0,23700.0,-0.6261829652996845,0.0,19327238.0,458055540600.0,2962974000.0,1903653170.0,0.006468591114778,yfinance_download,131970.KQ
2024-11-15,23650.0,25400.0,23650.0,25250.0,25065.37890625,98871.0,0.0654008438818565,-0.6017350157728707,28167.5,30060.0,34826.666666666664,0.5677146666268292,0.4382395104479251,-0.1124780316344463,-0.2765042979942693,-0.4419889502762431,-0.1035768172539274,-0.1600133067198935,-0.2749808575803981,63400.0,23700.0,-0.6017350157728707,0.0654008438818565,19327238.0,488012759500.0,2496492750.0,1924659490.0,0.0051156300760615,yfinance_download,131970.KQ
2024-11-18,25350.0,25400.0,23900.0,24200.0,24023.0546875,171134.0,-0.0415841584158416,-0.6182965299684542,27920.0,29866.666666666668,34652.5,0.5700138308349372,0.4397676894040363,-0.1698113207547169,-0.3240223463687151,-0.4634146341463414,-0.1332378223495701,-0.1897321428571429,-0.3016376884784647,63400.0,23700.0,-0.6182965299684542,0.021097046413502,19327238.0,467719159600.0,4141442800.0,2034729175.0,0.0088545502466519,yfinance_download,131970.KQ
2024-11-19,24200.0,24300.0,23450.0,23750.0,23576.345703125,103009.0,-0.018595041322314,-0.6253943217665615,27687.5,29666.666666666668,34477.5,0.5677375438393547,0.4403893592479174,-0.1637323943661971,-0.3356643356643356,-0.4692737430167597,-0.1422121896162528,-0.199438202247191,-0.3111449496048147,63400.0,23700.0,-0.6253943217665615,0.0021097046413502,19327238.0,459021902500.0,2446463750.0,2100053562.5,0.0053297320600077,yfinance_download,131970.KQ
2024-11-20,23550.0,23750.0,22850.0,23000.0,22831.830078125,168561.0,-0.031578947368421,-0.637223974763407,27362.5,29450.0,34306.666666666664,0.5448853232234607,0.4424632351053222,-0.2203389830508474,-0.3611111111111111,-0.4712643678160919,-0.1594335312928277,-0.2190152801358234,-0.3295763699961134,63400.0,23000.0,-0.637223974763407,0.0,19327238.0,444526474000.0,3876903000.0,2204352937.5,0.0087214220676539,yfinance_download,131970.KQ
2024-11-21,23300.0,24600.0,23050.0,24550.0,24370.49609375,148045.0,0.067391304347826,-0.612776025236593,27147.5,29265.83333333333,34145.833333333336,0.61107818669678,0.4679086678632622,-0.1490467937608318,-0.3103932584269663,-0.4401368301026226,-0.0956810019338797,-0.161137845610638,-0.2810250152532032,63400.0,23000.0,-0.612776025236593,0.067391304347826,19327238.0,474483692900.0,3634504750.0,2298675657.5,0.0076599149863006,yfinance_download,131970.KQ
2024-11-22,24800.0,25500.0,24500.0,24850.0,24668.3046875,98370.0,0.0122199592668024,-0.6080441640378549,26945.0,29113.33333333333,33978.333333333336,0.6142693111090524,0.4620861356240219,-0.1401384083044983,-0.2691176470588236,-0.4471635150166851,-0.0777509742067174,-0.146439203114266,-0.2686515917005936,63400.0,23000.0,-0.6080441640378549,0.0804347826086957,19327238.0,480281864300.0,2444494500.0,2357558807.5,0.005089708110388,yfinance_download,131970.KQ
2024-11-25,24850.0,25700.0,24850.0,25050.0,24866.83984375,253820.0,0.0080482897384306,-0.6048895899053628,26730.0,28967.5,33824.166666666664,0.6112055074855501,0.4628276669130621,-0.1465076660988075,-0.2588757396449704,-0.4247990815154994,-0.0628507295173962,-0.1352377664624148,-0.2594052575821034,63400.0,23000.0,-0.6048895899053628,0.0891304347826087,19327238.0,484147311900.0,6358191000.0,2591881025.0,0.0131327611322424,yfinance_download,131970.KQ
2024-11-26,25050.0,27800.0,25050.0,26950.0,26752.947265625,270430.0,0.0758483033932135,-0.5749211356466877,26625.0,28871.666666666668,33687.916666666664,0.6782338013378556,0.4874911199464481,-0.072289156626506,-0.1758409785932722,-0.3775981524249422,0.0122065727699529,-0.0665589101194943,-0.2000098947446537,63400.0,23000.0,-0.5749211356466877,0.1717391304347826,19327238.0,520869064100.0,7288088500.0,2853160855.0,0.013992170014153,yfinance_download,131970.KQ
2024-11-27,26600.0,27200.0,25800.0,26050.0,25859.529296875,119081.0,-0.0333951762523191,-0.5891167192429022,26522.5,28761.666666666668,33544.583333333336,0.678642108327012,0.4915058426253031,-0.0729537366548043,-0.2021439509954058,-0.3976878612716763,-0.017815062682628,-0.0942805817928956,-0.2234215658265741,63400.0,23000.0,-0.5891167192429022,0.1326086956521739,19327238.0,503474549900.0,3102060050.0,2928802677.5,0.0061613045795783,yfinance_download,131970.KQ
2024-11-28,26300.0,27200.0,25800.0,26700.0,26504.775390625,100375.0,0.0249520153550864,-0.5788643533123028,26357.5,28645.0,33406.25,0.635340628427706,0.4895035448995787,-0.1099999999999999,-0.2077151335311572,-0.3833718244803695,0.0129944038698661,-0.0679001570954791,-0.2007483629560337,63400.0,23000.0,-0.5788643533123028,0.1608695652173912,19327238.0,516037254600.0,2680012500.0,2903293302.5,0.0051934477135325,yfinance_download,131970.KQ
2024-11-29,26250.0,27600.0,26100.0,26600.0,26405.5078125,133824.0,-0.0037453183520599,-0.5804416403785488,26222.5,28537.5,33271.25,0.6316617670536466,0.4883851843153776,-0.0921501706484642,-0.1951588502269289,-0.3785046728971962,0.0143960339403184,-0.0678931230836618,-0.2005109516474433,63400.0,23000.0,-0.5804416403785488,0.1565217391304347,19327238.0,514104530800.0,3559718400.0,3026234777.5,0.0069241140405059,yfinance_download,131970.KQ
2024-12-02,26600.0,27000.0,26300.0,26500.0,26306.240234375,69336.0,-0.0037593984962406,-0.5820189274447949,26037.5,28434.166666666668,33139.583333333336,0.6181840005340403,0.4881412983205062,-0.1225165562913906,-0.1896024464831804,-0.3735224586288416,0.0177628420547286,-0.0680226253626798,-0.2003520462689382,63400.0,23000.0,-0.5820189274447949,0.1521739130434782,19327238.0,512171807000.0,1837404000.0,3010814947.5,0.0035874758721344,yfinance_download,131970.KQ
2024-12-03,26250.0,27000.0,25600.0,25600.0,25412.8203125,71023.0,-0.0339622641509433,-0.5962145110410095,25830.0,28329.166666666668,33000.416666666664,0.625563582237453,0.4903053058471884,-0.1394957983193276,-0.1974921630094044,-0.3947990543735225,-0.0089043747580332,-0.0963376967201059,-0.2242522190376383,63400.0,23000.0,-0.5962145110410095,0.1130434782608695,19327238.0,494777292800.0,1818188800.0,3059519550.0,0.0036747620120371,yfinance_download,131970.KQ
2024-12-04,25350.0,25750.0,24750.0,24800.0,24618.66796875,63253.0,-0.03125,-0.6088328075709779,25605.0,28226.666666666668,32859.166666666664,0.6310194661615027,0.4906547493099089,-0.1535836177474402,-0.1987075928917608,-0.4059880239520957,-0.0314391720367115,-0.1213982050070855,-0.2452638786741395,63400.0,23000.0,-0.6088328075709779,0.0782608695652173,19327238.0,479315502400.0,1568674400.0,3069057250.0,0.0032727387120704,yfinance_download,131970.KQ
2024-12-05,24550.0,25550.0,24400.0,24800.0,24618.66796875,90129.0,0.0,-0.6088328075709779,25415.0,28150.83333333333,32720.416666666668,0.6285134781025946,0.4801651612999045,-0.1328671328671329,-0.1550255536626916,-0.4016887816646561,-0.0241983080857761,-0.1190314081880347,-0.2420634415311541,63400.0,23000.0,-0.6088328075709779,0.0782608695652173,19327238.0,479315502400.0,2235199200.0,3115623510.0,0.0046633150582613,yfinance_download,131970.KQ
2024-12-06,25000.0,25050.0,22750.0,24500.0,24320.86328125,75244.0,-0.0120967741935483,-0.613564668769716,25227.5,28075.0,32578.33333333333,0.6284962120541455,0.4803117036230862,-0.1327433628318584,-0.1566265060240963,-0.4103489771359807,-0.0288375780398374,-0.1273374888691005,-0.2479664398628945,63400.0,23000.0,-0.613564668769716,0.0652173913043479,19327238.0,473517331000.0,1843478000.0,3129852835.0,0.0038931584533703,yfinance_download,131970.KQ
2024-12-09,24000.0,24400.0,22900.0,22900.0,22732.560546875,85663.0,-0.0653061224489796,-0.638801261829653,25042.5,27982.5,32419.58333333333,0.6364998492599597,0.496024597880846,-0.1390977443609022,-0.195079086115993,-0.4541120381406436,-0.0855545572526704,-0.1816313767533279,-0.2936368193093166,63400.0,22900.0,-0.638801261829653,0.0,19327238.0,442593750200.0,1961682700.0,3055490500.0,0.0044322422065687,yfinance_download,131970.KQ
2024-12-10,23100.0,24700.0,23100.0,24650.0,24469.765625,76082.0,0.0764192139737991,-0.611198738170347,24985.0,27907.5,32288.33333333333,0.6942708851611316,0.519223937368572,-0.0445736434108526,-0.1543739279588336,-0.3898514851485148,-0.0134080448268961,-0.1167248947415569,-0.2365663552366695,63400.0,22900.0,-0.611198738170347,0.0764192139737991,19327238.0,476416416700.0,1875421300.0,3011646945.0,0.0039365169508441,yfinance_download,131970.KQ
2024-12-11,24200.0,25250.0,24200.0,24550.0,24370.49609375,71868.0,-0.0040567951318458,-0.612776025236593,24947.5,27844.166666666668,32155.83333333333,0.6911255231740232,0.5165861071798522,-0.0296442687747036,-0.1340388007054673,-0.3930778739184177,-0.0159334602665597,-0.1183072456828181,-0.2365304377121828,63400.0,22900.0,-0.612776025236593,0.0720524017467247,19327238.0,474483692900.0,1764359400.0,2994787690.0,0.0037184826926641,yfinance_download,131970.KQ
2024-12-12,25000.0,27350.0,24800.0,27250.0,27050.755859375,306354.0,0.1099796334012219,-0.5701892744479495,25125.0,27818.33333333333,32054.166666666668,0.7536309516184471,0.5642053890365418,0.149789029535865,-0.0538194444444444,-0.3092522179974651,0.0845771144278606,-0.0204301719489544,-0.1498765111139998,61500.0,22900.0,-0.556910569105691,0.1899563318777293,19327238.0,526667235500.0,8348146500.0,3264046315.0,0.0158508939559806,yfinance_download,131970.KQ
2024-12-13,27300.0,28050.0,26250.0,27750.0,27547.099609375,129366.0,0.0183486238532109,-0.5623028391167193,25250.0,27791.666666666668,31959.166666666668,0.7240646703826461,0.5640974764661836,0.0990099009900991,-0.0545144804088586,-0.2911877394636015,0.0990099009900991,-0.0014992503748126,-0.1317045187869938,60700.0,22900.0,-0.5428336079077429,0.2117903930131004,19327238.0,536330854500.0,3589906500.0,3318717002.5,0.0066934551124169,yfinance_download,131970.KQ
2024-12-16,27850.0,28250.0,26650.0,26700.0,26504.775390625,97545.0,-0.0378378378378377,-0.5788643533123028,25375.0,27756.666666666668,31854.58333333333,0.7209356294858226,0.5681042224813181,0.1033057851239669,-0.0729166666666666,-0.3197452229299363,0.0522167487684728,-0.0380689323886154,-0.1618160651920838,60700.0,22900.0,-0.5601317957166392,0.1659388646288209,19327238.0,516037254600.0,2604451500.0,3241867437.5,0.0050470222387699,yfinance_download,131970.KQ
2024-12-17,27200.0,28200.0,27050.0,27550.0,27348.5625,108978.0,0.0318352059925093,-0.5654574132492114,25565.0,27733.33333333333,31769.166666666668,0.7204513019472301,0.571883565504202,0.1599999999999999,-0.0483592400690846,-0.2711640211640211,0.0776452180715823,-0.0066105769230768,-0.1328069669228549,60700.0,22900.0,-0.5461285008237232,0.2030567685589519,19327238.0,532465406900.0,3002343900.0,3269661445.0,0.0056385708087208,yfinance_download,131970.KQ
2024-12-18,27800.0,27900.0,26900.0,27250.0,27050.755859375,67456.0,-0.0108892921960072,-0.5701892744479495,25777.5,27711.666666666668,31685.0,0.7088729922278876,0.5716171933690299,0.1847826086956521,-0.0455341506129597,-0.2704149933065596,0.0571234603821162,-0.0166596499669212,-0.1399715953921414,60700.0,22900.0,-0.5510708401976936,0.1899563318777293,19327238.0,526667235500.0,1838176000.0,3167725095.0,0.0034902038252956,yfinance_download,131970.KQ
2024-12-19,26500.0,26950.0,26100.0,26500.0,26306.240234375,62859.0,-0.0275229357798164,-0.5820189274447949,25875.0,27670.83333333333,31602.916666666668,0.6856370359043986,0.5735569269276601,0.0794297352342159,-0.0846286701208981,-0.2709766162310867,0.0241545893719807,-0.0423129046830296,-0.1614698010468443,60700.0,22900.0,-0.5634266886326195,0.1572052401746724,19327238.0,512171807000.0,1665763500.0,3069288032.5,0.0032523529745947,yfinance_download,131970.KQ
2024-12-20,26250.0,26750.0,25850.0,26250.0,26058.068359375,53150.0,-0.0094339622641509,-0.5859621451104101,25945.0,27618.33333333333,31513.33333333333,0.6867909662304434,0.5727929310855305,0.056338028169014,-0.1071428571428571,-0.2905405405405405,0.0117556369242628,-0.0495443847685715,-0.1670192511106409,60700.0,22900.0,-0.5675453047775947,0.1462882096069868,19327238.0,507339997500.0,1395187500.0,3016822682.5,0.002750004941213,yfinance_download,131970.KQ
2024-12-23,26900.0,27000.0,26300.0,26550.0,26355.873046875,43462.0,0.0114285714285713,-0.5812302839116719,26020.0,27560.83333333333,31423.75,0.6871854760768505,0.5716366637653295,0.0598802395209581,-0.1149999999999999,-0.2882037533512064,0.0203689469638739,-0.036676443019986,-0.1550976570269302,60700.0,22900.0,-0.5626029654036244,0.1593886462882097,19327238.0,513138168900.0,1153916100.0,2756608937.5,0.0022487434572906,yfinance_download,131970.KQ
2024-12-24,26550.0,26950.0,25950.0,26300.0,26107.701171875,46695.0,-0.0094161958568738,-0.5851735015772871,25987.5,27485.83333333333,31330.83333333333,0.6331039431043122,0.5688439210819103,-0.0241187384044526,-0.146103896103896,-0.2977303070761015,0.012025012025012,-0.0431434375284236,-0.1605713221799611,60700.0,22900.0,-0.5667215815485998,0.1484716157205239,19327238.0,508306359400.0,1228078500.0,2453608437.5,0.0024160203335831,yfinance_download,131970.KQ
2024-12-26,26350.0,26450.0,25100.0,25150.0,24966.109375,84309.0,-0.0437262357414448,-0.6033123028391167,25942.5,27400.83333333333,31225.83333333333,0.6412364287191737,0.5743660141245828,-0.0345489443378118,-0.168595041322314,-0.3337748344370861,-0.0305483280331502,-0.0821447036282351,-0.1945771396546662,60700.0,22900.0,-0.585667215815486,0.0982532751091702,19327238.0,486080035700.0,2120371350.0,2404524002.5,0.0043621856366646,yfinance_download,131970.KQ
2024-12-27,25000.0,25750.0,24500.0,24850.0,24668.3046875,118363.0,-0.0119284294234592,-0.6080441640378549,25850.0,27295.83333333333,31121.25,0.6347687745979601,0.5707283598727338,-0.0692883895131085,-0.202247191011236,-0.3355614973262032,-0.0386847195357833,-0.0896046405128987,-0.2015102221151142,60700.0,22900.0,-0.5906095551894563,0.0851528384279476,19327238.0,480281864300.0,2941320550.0,2417589405.0,0.0061241549361579,yfinance_download,131970.KQ
2024-12-30,24900.0,25600.0,24550.0,25000.0,24817.20703125,56550.0,0.0060362173038228,-0.6056782334384858,25770.0,27210.83333333333,31015.83333333333,0.6355341101640826,0.5674374430502677,-0.0601503759398496,-0.1694352159468438,-0.3359893758300133,-0.0298797050834302,-0.0812482773405199,-0.1939600741556731,60700.0,22900.0,-0.5881383855024711,0.091703056768559,19327238.0,483180950000.0,1413750000.0,2310290985.0,0.0029259224727299,yfinance_download,131970.KQ
2025-01-02,25000.0,25100.0,24200.0,24600.0,24420.1328125,52380.0,-0.016,-0.61198738170347,25675.0,27110.0,30876.25,0.6373749825634079,0.5664320020820878,-0.0716981132075471,-0.197389885807504,-0.4050785973397823,-0.0418695228821811,-0.0925857617115455,-0.2032711226266143,60700.0,22900.0,-0.5947281713344317,0.074235807860262,19327238.0,475450054800.0,1288548000.0,2282848185.0,0.0027101647943694,yfinance_download,131970.KQ
2025-01-03,24650.0,26250.0,24650.0,25850.0,25660.9921875,101034.0,0.0508130081300812,-0.5922712933753943,25687.5,27020.0,30753.75,0.6535320731219141,0.5753078398525813,0.009765625,-0.1727999999999999,-0.3625154130702835,0.0063260340632602,-0.043301258327165,-0.1594520993374791,60700.0,22900.0,-0.5741350906095553,0.1288209606986898,19327238.0,499609102300.0,2611728900.0,2322525190.0,0.0052275446703765,yfinance_download,131970.KQ
2025-01-06,25950.0,26900.0,25900.0,26600.0,26405.5078125,87729.0,0.0290135396518376,-0.5804416403785488,25777.5,26950.0,30622.5,0.6487513852068363,0.578351342336793,0.0725806451612902,-0.1363636363636363,-0.371900826446281,0.031907671418873,-0.0129870129870129,-0.1313576618499469,60700.0,22900.0,-0.5617792421746293,0.1615720524017467,19327238.0,514104530800.0,2333591400.0,2360771040.0,0.0045391379771905,yfinance_download,131970.KQ
2025-01-07,27100.0,27150.0,25950.0,25950.0,25760.259765625,65598.0,-0.0244360902255639,-0.5906940063091483,25835.0,26878.33333333333,30479.58333333333,0.6566417007953647,0.5792879375004114,0.0463709677419355,-0.1421487603305785,-0.3979118329466357,0.0044513257209213,-0.0345383518323307,-0.1486104086068542,60700.0,22900.0,-0.5724876441515651,0.1331877729257642,19327238.0,501541826100.0,1702268100.0,2334124485.0,0.0033940700683667,yfinance_download,131970.KQ
2025-01-08,25800.0,28400.0,25650.0,27900.0,27696.00390625,207198.0,0.0751445086705202,-0.5599369085173502,26005.0,26831.666666666668,30354.166666666668,0.7014264692895891,0.5995595008921808,0.1387755102040817,-0.0912052117263844,-0.3504074505238649,0.0728706018073448,0.039816137648301,-0.0808510638297872,60700.0,22900.0,-0.5403624382207578,0.2183406113537118,19327238.0,539229940200.0,5780824200.0,2530991795.0,0.0107205178515419,yfinance_download,131970.KQ
2025-01-09,27600.0,27650.0,26950.0,27150.0,26951.486328125,69646.0,-0.0268817204301075,-0.5717665615141956,26217.5,26763.33333333333,30227.08333333333,0.6606604316880025,0.600581597947628,0.1855895196506549,-0.1311999999999999,-0.3596698113207547,0.035567845904453,0.0144476273508531,-0.1017988834516506,60700.0,22900.0,-0.5527182866556837,0.1855895196506549,19327238.0,524734511700.0,1890888900.0,2527452105.0,0.0036035154117727,yfinance_download,131970.KQ
2025-01-10,27400.0,27700.0,26600.0,26850.0,26653.6796875,60649.0,-0.011049723756906,-0.5764984227129337,26327.5,26702.5,30104.58333333333,0.6142016680538385,0.5991078823518408,0.0892494929006084,-0.1196721311475409,-0.3537906137184116,0.0198461684550375,0.005523827356989,-0.1081092303220716,60700.0,22900.0,-0.557660626029654,0.1724890829694323,19327238.0,518936340300.0,1628425650.0,2515102322.5,0.0031380065791087,yfinance_download,131970.KQ
2025-01-13,26550.0,26750.0,25800.0,25850.0,25660.9921875,71781.0,-0.0372439478584729,-0.5922712933753943,26392.5,26647.5,29970.83333333333,0.6317187946692732,0.5971344117865764,0.0529531568228105,-0.1132075471698113,-0.383054892601432,-0.020555081936156,-0.0299277605779153,-0.1374947865980814,60700.0,22900.0,-0.5741350906095553,0.1288209606986898,19327238.0,499609102300.0,1855538850.0,2519661295.0,0.0037139812734752,yfinance_download,131970.KQ
2025-01-14,26250.0,30150.0,26000.0,29350.0,29135.400390625,615405.0,0.1353965183752417,-0.5370662460567823,26497.5,26650.0,29861.666666666668,0.692189107050304,0.6596138480795725,0.0770642201834861,0.0051369863013699,-0.3085983510011778,0.1076516652514387,0.1013133208255159,-0.0171345649383267,59800.0,22900.0,-0.5091973244147157,0.2816593886462881,19327238.0,567254435300.0,18062136750.0,3005360807.5,0.0318413319068146,yfinance_download,131970.KQ
2025-01-15,29800.0,30300.0,28900.0,29150.0,28936.86328125,178201.0,-0.0068143100511073,-0.5402208201892744,26567.5,26661.666666666668,29770.416666666668,0.6913140570237147,0.6574944703500296,0.0504504504504503,0.0246045694200351,-0.273067331670823,0.0972052319563376,0.0933299993748828,-0.0208400397486319,59700.0,22900.0,-0.5117252931323283,0.2729257641921396,19327238.0,563388987700.0,5194559150.0,3085593440.0,0.0092202000099548,yfinance_download,131970.KQ
2025-01-16,29500.0,30300.0,29100.0,29800.0,29582.111328125,200933.0,0.0222984562607204,-0.5299684542586751,26722.5,26672.5,29684.166666666668,0.6766237924752588,0.6571611154726695,0.1161048689138577,0.0222984562607204,-0.2577833125778331,0.1151651230236692,0.1172556003374261,0.00390219252688,58500.0,22900.0,-0.4905982905982906,0.3013100436681222,19327238.0,575951692400.0,5987803400.0,3254761035.0,0.0103963639294968,yfinance_download,131970.KQ
2025-01-17,29550.0,33200.0,29300.0,32850.0,32609.810546875,637510.0,0.1023489932885906,-0.4818611987381703,26987.5,26746.666666666668,29622.916666666668,0.7537731643209278,0.6865202817544257,0.1923774954627948,0.1566901408450705,-0.1828358208955224,0.2172301991662806,0.2281904287138583,0.1089387439341724,57000.0,22900.0,-0.4236842105263158,0.4344978165938864,19327238.0,634899768300.0,20942203500.0,4151754015.0,0.0329850545639268,yfinance_download,131970.KQ
2025-01-20,32400.0,32650.0,31450.0,31700.0,31468.21875,225023.0,-0.0350076103500761,-0.5,27210.0,26783.33333333333,29562.08333333333,0.7673174567564572,0.686907212425897,0.1633027522935779,0.0745762711864406,-0.1871794871794871,0.1650128629180447,0.1835718730553828,0.0723195534820786,57000.0,22900.0,-0.443859649122807,0.3842794759825327,19327238.0,612673444600.0,7133229100.0,4416506670.0,0.0116427913807446,yfinance_download,131970.KQ
2025-01-21,32000.0,32400.0,31200.0,31550.0,31319.314453125,158072.0,-0.0047318611987381,-0.5023659305993691,27462.5,26828.33333333333,29508.33333333333,0.7572658351934742,0.6852248412065399,0.1905660377358491,0.0935875216637782,-0.1697368421052631,0.1488393263541192,0.175995527116854,0.0691894944930811,54300.0,22900.0,-0.4189686924493554,0.3777292576419213,19327238.0,609774358900.0,4987171600.0,4582577075.0,0.0081787164829242,yfinance_download,131970.KQ
2025-01-22,31550.0,31950.0,30000.0,30300.0,30078.455078125,300210.0,-0.0396196513470681,-0.5220820189274448,27665.0,26851.666666666668,29447.5,0.7748068580017339,0.6906111608278611,0.1542857142857143,0.0484429065743945,-0.1941489361702127,0.0952467016085305,0.128421575321209,0.0289498259614569,54300.0,22900.0,-0.4419889502762431,0.3231441048034935,19327238.0,585615311400.0,9096363000.0,4967635850.0,0.0155330006284395,yfinance_download,131970.KQ
2025-01-23,30750.0,30800.0,28100.0,28500.0,28291.6171875,289989.0,-0.0594059405940594,-0.5504731861198738,27762.5,26837.5,29357.5,0.8109455474805374,0.7011876939134462,0.0734463276836159,-0.0289608177172061,-0.2748091603053435,0.0265646105357946,0.0619469026548673,-0.0292088904027931,54300.0,22900.0,-0.4751381215469613,0.2445414847161571,19327238.0,550826283000.0,8264686500.0,5323174370.0,0.0150041614844293,yfinance_download,131970.KQ
2025-01-24,28700.0,30300.0,28350.0,29900.0,29681.37890625,202386.0,0.0491228070175437,-0.5283911671924291,27942.5,26851.666666666668,29280.83333333333,0.8239109659012085,0.7078490127796021,0.1368821292775666,0.0292598967297763,-0.2352941176470588,0.0700545763621722,0.1135249208615232,0.0211458007228848,54300.0,22900.0,-0.4493554327808471,0.3056768558951965,19327238.0,577884416200.0,6051341400.0,5564337515.0,0.010471542803995,yfinance_download,131970.KQ
2025-01-31,29200.0,30150.0,28950.0,29650.0,29433.20703125,106836.0,-0.0083612040133779,-0.5323343848580442,28167.5,26877.5,29206.666666666668,0.8039752824280653,0.7045860582356178,0.1789264413518887,0.0551601423487544,-0.2308690012970168,0.0526315789473683,0.1031531950516231,0.0151791828349692,54300.0,22900.0,-0.4539594843462247,0.294759825327511,19327238.0,573052606700.0,3167687400.0,5616703317.5,0.0055277427638651,yfinance_download,131970.KQ
2025-02-03,28850.0,28850.0,26750.0,26950.0,26752.947265625,236080.0,-0.0910623946037099,-0.5749211356466877,28272.5,26826.666666666668,29111.25,0.877566962042818,0.7162600394455398,0.0845070422535212,-0.1016666666666666,-0.2981770833333333,-0.0467769033513131,0.0045974155069581,-0.0742410580102194,54300.0,22900.0,-0.503683241252302,0.1768558951965064,19327238.0,520869064100.0,6362356000.0,5787755090.0,0.0122148855413277,yfinance_download,131970.KQ
2025-02-04,27450.0,27950.0,26950.0,27350.0,27150.0234375,118788.0,0.0148423005565863,-0.5686119873817035,28390.0,26794.166666666668,29007.08333333333,0.8781977378246547,0.7154047465873971,0.094,-0.0665529010238907,-0.3136762860727728,-0.0366326171187038,0.0207445650483624,-0.0571268512001378,54300.0,22900.0,-0.496316758747698,0.1943231441048034,19327238.0,528599959300.0,3248851800.0,5879510180.0,0.0061461446275975,yfinance_download,131970.KQ
2025-02-05,27900.0,28350.0,27150.0,27450.0,27249.29296875,124627.0,0.0036563071297988,-0.5670347003154574,28532.5,26748.33333333333,28908.75,0.8744547640776562,0.7125581382683863,0.1158536585365854,-0.0910596026490065,-0.3006369426751593,-0.0379391921493034,0.0262321639977569,-0.0504605007134517,54300.0,22900.0,-0.494475138121547,0.1986899563318778,19327238.0,530532683100.0,3421011150.0,5986133337.5,0.0064482571177526,yfinance_download,131970.KQ
2025-02-06,28000.0,29500.0,27600.0,29250.0,29036.130859375,222256.0,0.0655737704918033,-0.5386435331230284,28702.5,26740.0,28853.33333333333,0.8857821809669181,0.7246545187252651,0.1315280464216635,-0.0168067226890756,-0.1852367688022284,0.0190749934674678,0.0938668661181749,0.0137476894639556,54300.0,22900.0,-0.4613259668508287,0.277292576419214,19327238.0,565321711500.0,6500988000.0,6180596292.5,0.0114996255543601,yfinance_download,131970.KQ
2025-02-07,29300.0,33100.0,28500.0,32000.0,31766.0234375,780819.0,0.0940170940170941,-0.4952681388012618,28972.5,26785.0,28870.416666666668,0.9352576538249264,0.7485878355049813,0.2030075187969924,0.0921501706484642,0.0684474123539231,0.1044956424195358,0.1946985252940078,0.1084010448989016,53600.0,22900.0,-0.4029850746268657,0.3973799126637554,19327238.0,618471616000.0,24986208000.0,7313227122.5,0.0403999267769145,yfinance_download,131970.KQ
2025-02-10,32000.0,38350.0,31350.0,37900.0,37622.88671875,1676861.0,0.1843749999999999,-0.4022082018927445,29570.0,26940.0,28910.416666666668,1.1083437870011643,0.8339906699741392,0.4605009633911368,0.3251748251748252,0.1450151057401811,0.2817044301657085,0.406829992576095,0.3109461699214526,52200.0,22900.0,-0.2739463601532567,0.6550218340611353,19327238.0,732502320200.0,63553031900.0,10405765312.5,0.0867615434755861,yfinance_download,131970.KQ
2025-02-11,37400.0,37600.0,35000.0,35250.0,34992.2578125,809460.0,-0.0699208443271768,-0.444006309148265,29937.5,27056.666666666668,28922.916666666668,1.134239135342156,0.8476472042237851,0.2634408602150537,0.2477876106194689,0.0444444444444445,0.1774530271398746,0.3028212393741529,0.2187567528632139,51500.0,22900.0,-0.3155339805825242,0.5393013100436681,19327238.0,681285139500.0,28533465000.0,11543397352.5,0.0418818250181427,yfinance_download,131970.KQ
2025-02-12,34750.0,35500.0,33000.0,34300.0,34049.20703125,549966.0,-0.0269503546099291,-0.4589905362776025,30295.0,27185.0,28929.58333333333,1.1342720329383758,0.840006470093856,0.2633517495395949,0.2894736842105263,0.0238805970149253,0.1322000330087474,0.2617252161118264,0.1856375394276332,51500.0,22900.0,-0.3339805825242719,0.4978165938864629,19327238.0,662924263400.0,18863833800.0,12392044597.5,0.0284554885700688,yfinance_download,131970.KQ
2025-02-13,35600.0,37300.0,33550.0,34450.0,34198.109375,725249.0,0.0043731778425655,-0.4566246056782335,30675.0,27329.166666666668,28936.25,1.1310579377368433,0.8367230217209899,0.2830540037243947,0.3352713178294573,0.0237741456166418,0.1230643846780765,0.2605580118920567,0.1905481878266879,51500.0,22900.0,-0.3310679611650485,0.5043668122270741,19327238.0,665823349100.0,24984828050.0,13559864717.5,0.0375247099456218,yfinance_download,131970.KQ
2025-02-14,36000.0,36800.0,34900.0,35150.0,34892.9921875,507007.0,0.0203193033381712,-0.445583596214511,31140.0,27493.33333333333,28942.916666666668,1.1142292431816092,0.835505022180251,0.3597678916827853,0.3893280632411067,0.0232896652110625,0.1287732819524727,0.2784917555771096,0.2144594964225559,51500.0,22900.0,-0.3174757281553397,0.534934497816594,19327238.0,679352415700.0,17821296050.0,14358152577.5,0.0262327705593525,yfinance_download,131970.KQ
2025-02-17,33350.0,34400.0,32200.0,32200.0,31964.5625,749516.0,-0.0839260312944523,-0.4921135646687697,31282.5,27635.0,28927.916666666668,1.078420377529007,0.8439448911864811,0.0971039182282793,0.3586497890295359,-0.0529411764705882,0.0293294973227842,0.1651890718292021,0.1131116136373455,51500.0,22900.0,-0.374757281553398,0.4061135371179039,19327238.0,622337063600.0,24134415200.0,14661766500.0,0.0387802954565986,yfinance_download,131970.KQ
2025-02-18,32700.0,33450.0,32450.0,33200.0,32957.25,347940.0,0.0310559006211179,-0.4763406940063092,31485.0,27767.5,28913.75,1.080475974957862,0.8366033823769817,0.1389365351629503,0.3148514851485149,-0.0487106017191977,0.054470382721931,0.1956423876834427,0.1482426181315117,51500.0,22900.0,-0.3553398058252427,0.4497816593886463,19327238.0,641664301600.0,11551608000.0,14979618942.5,0.0180025723282343,yfinance_download,131970.KQ
2025-02-19,33700.0,35500.0,33650.0,34150.0,33900.3046875,498951.0,0.0286144578313252,-0.4613564668769716,31702.5,27933.33333333333,28900.0,1.0817659909627373,0.831945954991714,0.1459731543624161,0.4111570247933884,-0.0460893854748603,0.0772021133979969,0.2225536992840096,0.1816608996539792,51500.0,22900.0,-0.3368932038834952,0.4912663755458515,19327238.0,660025177700.0,17039176650.0,15532187605.0,0.0258159494905583,yfinance_download,131970.KQ
2025-02-20,34000.0,34350.0,32400.0,32600.0,32361.63671875,288906.0,-0.0453879941434846,-0.4858044164037854,31690.0,28080.83333333333,28873.75,1.0388774609837192,0.8372698185995141,-0.0076103500761035,0.3726315789473684,-0.088111888111888,0.0287156831808141,0.1609342077929787,0.1290532057664835,51500.0,22900.0,-0.3669902912621359,0.4235807860262008,19327238.0,630067958800.0,9418335600.0,14955994210.0,0.0149481265765962,yfinance_download,131970.KQ
2025-02-21,32650.0,33450.0,31750.0,33300.0,33056.51953125,238518.0,0.0214723926380369,-0.4747634069400631,31770.0,28252.5,28851.25,1.031816965778316,0.8339865239167912,0.0504731861198737,0.4478260869565218,-0.0749999999999999,0.0481586402266289,0.1786567560392886,0.1541960920237424,51500.0,22900.0,-0.3533980582524272,0.4541484716157205,19327238.0,643597025400.0,7942649400.0,14996465225.0,0.0123410287595154,yfinance_download,131970.KQ
2025-02-24,32600.0,33550.0,32500.0,33100.0,32857.98046875,245709.0,-0.0060060060060059,-0.4779179810725552,31847.5,28395.0,28830.416666666668,1.0319764742032282,0.8249888713560007,0.0491283676703644,0.3482688391038697,-0.0702247191011236,0.0393280477274511,0.165698186300405,0.1480930151893977,51500.0,22900.0,-0.3572815533980582,0.445414847161572,19327238.0,639731577800.0,8132967900.0,15153755040.0,0.0127130943386737,yfinance_download,131970.KQ
2025-02-25,32750.0,34100.0,32450.0,33850.0,33602.49609375,234397.0,0.0226586102719033,-0.4660883280757097,32025.0,28545.0,28829.166666666668,1.0204044031561172,0.8255873829852645,0.1171617161716171,0.3621730382293762,-0.0044117647058823,0.0569867291178767,0.1858469083902609,0.1741581153345859,51500.0,22900.0,-0.3427184466019417,0.4781659388646289,19327238.0,654227006300.0,7934338450.0,15095653812.5,0.0121278063632268,yfinance_download,131970.KQ
2025-02-26,33850.0,33850.0,32300.0,32750.0,32510.541015625,303379.0,-0.0324963072378139,-0.4834384858044164,32237.5,28673.33333333333,28820.416666666668,1.0013113107233178,0.8294241284872266,0.1491228070175438,0.307385229540918,-0.0310650887573964,0.0158976347421482,0.1421762380841664,0.1363472075640821,51500.0,22900.0,-0.3640776699029125,0.4301310043668123,19327238.0,632967044500.0,9935662250.0,15179202600.0,0.0156969661159033,yfinance_download,131970.KQ
2025-02-27,32850.0,33000.0,30350.0,30900.0,30674.06640625,449683.0,-0.0564885496183206,-0.5126182965299684,32287.5,28739.166666666668,28805.416666666668,1.0149847045052165,0.826002338268462,0.0334448160535116,0.1465677179962894,-0.055045871559633,-0.0429732868757258,0.0751877519065153,0.0727149118366048,51500.0,22900.0,-0.4,0.3493449781659388,19327238.0,597211654200.0,13895204700.0,15571395765.0,0.0232668009779772,yfinance_download,131970.KQ
2025-02-28,29800.0,30900.0,29750.0,30150.0,29929.552734375,185934.0,-0.0242718446601941,-0.524447949526814,32312.5,28807.5,28784.58333333333,1.0190177714235151,0.8244688357706422,0.0168634064080943,0.1573896353166985,-0.0765696784073507,-0.0669245647969052,0.0466024472793542,0.0474356932964694,51500.0,22900.0,-0.4145631067961165,0.3165938864628821,19327238.0,582716225700.0,5605910100.0,15693306900.0,0.0096203089132549,yfinance_download,131970.KQ
2025-03-04,29200.0,30200.0,29000.0,29950.0,29731.013671875,122146.0,-0.0066334991708125,-0.527602523659306,32462.5,28861.666666666668,28753.33333333333,0.9582138413779978,0.8235349449153357,0.1113172541743969,0.1217228464419475,-0.1112759643916914,-0.0773969965344628,0.0377086100363803,0.0416183630883375,51500.0,22900.0,-0.4184466019417475,0.3078602620087336,19327238.0,578850778100.0,3658272700.0,15558102735.0,0.0063198890601957,yfinance_download,131970.KQ
2025-03-05,30000.0,30900.0,29800.0,30200.0,29979.185546875,108793.0,0.0083472454090149,-0.5236593059936909,32605.0,28921.666666666668,28729.58333333333,0.9577810198672866,0.82347274341952,0.1042047531992687,0.1353383458646617,-0.086232980332829,-0.0737616929918724,0.0441998501699993,0.0511812736581049,51500.0,22900.0,-0.4135922330097087,0.3187772925764192,19327238.0,583682587600.0,3285548600.0,15559937575.0,0.0056289988253882,yfinance_download,131970.KQ
2025-03-06,30500.0,30600.0,28650.0,28750.0,28539.787109375,230961.0,-0.0480132450331125,-0.5465299684542586,32670.0,28959.166666666668,28696.666666666668,0.9772635466758064,0.8300823297293725,0.04735883424408,0.0849056603773585,-0.1207951070336391,-0.1199877563513927,-0.0072228137319789,0.0018585201533278,51500.0,22900.0,-0.441747572815534,0.2554585152838429,19327238.0,555658092500.0,6640128750.0,15720893455.0,0.0119500261754938,yfinance_download,131970.KQ
2025-03-07,28150.0,29350.0,28150.0,28550.0,28341.25,142669.0,-0.0069565217391304,-0.5496845425867508,32635.0,29008.33333333333,28668.75,0.950226870197365,0.8268326400545171,-0.0239316239316239,0.115234375,-0.1050156739811912,-0.1251723609621572,-0.0158000574547543,-0.0041421408327882,51500.0,22900.0,-0.445631067961165,0.2467248908296944,19327238.0,551792644900.0,4073199950.0,15599504052.5,0.0073817583247021,yfinance_download,131970.KQ
2025-03-10,28500.0,29400.0,28200.0,28950.0,28738.32421875,73730.0,0.0140105078809107,-0.5433753943217665,32482.5,29077.5,28652.08333333333,0.8859582443372873,0.8239980788881968,-0.0953125,0.1673387096774192,-0.0646203554119547,-0.1087508658508428,-0.0043848336342532,0.0103977314040573,51500.0,22900.0,-0.4378640776699029,0.2641921397379911,19327238.0,559523540100.0,2134483500.0,14456917827.5,0.0038148234113948,yfinance_download,131970.KQ
2025-03-11,27950.0,28200.0,27100.0,28100.0,27894.5390625,235064.0,-0.0293609671848014,-0.556782334384858,31992.5,29132.5,28641.666666666668,0.542982556444122,0.8267779247153656,-0.258575197889182,0.1330645161290322,-0.0425894378194208,-0.1216691412049699,-0.0354415172058697,-0.0189118417224324,51500.0,22900.0,-0.454368932038835,0.2270742358078603,19327238.0,543095387800.0,6605298400.0,11609531152.5,0.0121623172436744,yfinance_download,131970.KQ
2025-03-12,28250.0,28550.0,27850.0,28550.0,28341.25,194388.0,0.0160142348754448,-0.5496845425867508,31657.5,29200.0,28637.5,0.5109196908923248,0.8265387756040129,-0.1900709219858156,0.1653061224489795,-0.0172117039586918,-0.0981599936823817,-0.0222602739726027,-0.0030554343081623,51500.0,22900.0,-0.445631067961165,0.2467248908296944,19327238.0,551792644900.0,5549777400.0,10460346772.5,0.0100577226813267,yfinance_download,131970.KQ
2025-03-13,29300.0,29300.0,27650.0,27650.0,27447.830078125,231492.0,-0.0315236427320489,-0.5638801261829653,31325.0,29279.166666666668,28630.83333333333,0.5131871202262376,0.8173159717030866,-0.1938775510204081,0.2074235807860263,-0.0281195079086116,-0.1173184357541899,-0.0556425217020065,-0.0342579387024477,51500.0,22900.0,-0.4631067961165048,0.2074235807860263,19327238.0,534398130700.0,6400753800.0,9837192772.5,0.0119775003546807,yfinance_download,131970.KQ
2025-03-14,27700.0,30400.0,27700.0,30300.0,30078.455078125,341896.0,0.0958408679927667,-0.5220820189274448,31117.5,29373.33333333333,28640.416666666668,0.6357357248010813,0.8255529710047705,-0.1204644412191582,0.2292089249492901,0.0394511149228129,-0.0262713906965533,0.0315478892419427,0.0579455024222761,51500.0,22900.0,-0.4116504854368932,0.3231441048034935,19327238.0,585615311400.0,10359448800.0,9105923810.0,0.0176898530457378,yfinance_download,131970.KQ
2025-03-17,30700.0,31000.0,30000.0,30150.0,29929.552734375,149210.0,-0.0049504950495049,-0.524447949526814,30867.5,29466.666666666668,28655.416666666668,0.628336860446955,0.8255956123133638,-0.1422475106685633,0.2281059063136457,0.0634920634920634,-0.0232445128371264,0.0231900452488686,0.0521570965349773,51500.0,22900.0,-0.4145631067961165,0.3165938864628821,19327238.0,582716225700.0,4498681500.0,8439793082.5,0.0077201926110704,yfinance_download,131970.KQ
2025-03-18,30550.0,30550.0,29150.0,29400.0,29185.03515625,140841.0,-0.0248756218905472,-0.5362776025236593,30727.5,29502.5,28660.416666666668,0.5639947428961705,0.7979484376426158,-0.0869565217391304,0.0788990825688074,0.0208333333333332,-0.043202343177935,-0.003474281840522,0.0258050447045139,51500.0,22900.0,-0.429126213592233,0.2838427947598254,19327238.0,568220797200.0,4140725400.0,7440108592.5,0.0072871767812865,yfinance_download,131970.KQ
2025-03-19,29250.0,30400.0,29050.0,29950.0,29731.013671875,111416.0,0.0187074829931972,-0.527602523659306,30565.0,29539.166666666668,28665.416666666668,0.5554689086489705,0.7979792886785141,-0.0978915662650602,0.0792792792792793,0.0204429301533219,-0.0201210534925568,0.0139080881315767,0.0448130005668852,51500.0,22900.0,-0.4184466019417475,0.3078602620087336,19327238.0,578850778100.0,3336909200.0,7029373652.5,0.0057647140269085,yfinance_download,131970.KQ
2025-03-20,30500.0,30850.0,29400.0,30000.0,29780.646484375,106403.0,0.0016694490818029,-0.526813880126183,30357.5,29594.166666666668,28675.416666666668,0.5421980196042354,0.7935509853524713,-0.1215226939970717,0.1235955056179776,0.0416666666666667,-0.0117763320431524,0.0137132880916845,0.046192295956176,51500.0,22900.0,-0.4174757281553398,0.3100436681222707,19327238.0,579817140000.0,3192090000.0,6337019320.0,0.0055053391488219,yfinance_download,131970.KQ
2025-03-21,30250.0,31550.0,29800.0,30250.0,30028.818359375,270420.0,0.0083333333333333,-0.5228706624605679,30240.0,29639.166666666668,28686.25,0.5235340477015838,0.7913783663093383,-0.0720858895705521,0.0980036297640654,0.0449050086355786,0.0003306878306879,0.0206089914808671,0.0545121791799207,51500.0,22900.0,-0.412621359223301,0.3209606986899562,19327238.0,584648949500.0,8180205000.0,6275112790.0,0.0139916526096486,yfinance_download,131970.KQ
2025-03-24,30050.0,30300.0,29100.0,29200.0,28986.498046875,144975.0,-0.0347107438016528,-0.5394321766561514,30035.0,29671.666666666668,28691.666666666668,0.5263567007279175,0.7946293445648601,-0.1231231231231231,0.071559633027523,0.0227670753064799,-0.0278008989512236,-0.015896197270123,0.0177171071739761,51500.0,22900.0,-0.433009708737864,0.2751091703056769,19327238.0,564355349600.0,4233270000.0,6089643820.0,0.0075010718034309,yfinance_download,131970.KQ
2025-03-25,29450.0,29600.0,28050.0,28150.0,27944.17578125,125145.0,-0.035958904109589,-0.555993690851735,29787.5,29699.166666666668,28685.0,0.5369660431542711,0.7961700018887437,-0.1495468277945619,0.0622641509433963,-0.0276338514680483,-0.0549727234578262,-0.0521619574062123,-0.0186508628202893,51500.0,22900.0,-0.4533980582524272,0.2292576419213974,19327238.0,544061749700.0,3522831750.0,5859137012.5,0.0064750586710837,yfinance_download,131970.KQ
2025-03-26,28200.0,28900.0,27900.0,28600.0,28390.8828125,118098.0,0.0159857904085256,-0.5488958990536277,29525.0,29738.33333333333,28678.33333333333,0.5324936639692572,0.7962879786263632,-0.1550960118168389,0.0895238095238095,-0.0272108843537415,-0.0313293818797628,-0.0382783164266098,-0.0027314465043295,51500.0,22900.0,-0.4446601941747573,0.2489082969432314,19327238.0,552759006800.0,3377602800.0,5631300230.0,0.0061104437167897,yfinance_download,131970.KQ
2025-03-27,28150.0,28500.0,27650.0,27750.0,27547.099609375,75898.0,-0.0297202797202796,-0.5623028391167193,29275.0,29758.33333333333,28659.58333333333,0.5308793862883651,0.7988058010345033,-0.1526717557251908,0.0451977401129943,-0.0749999999999999,-0.0520922288642186,-0.0674880985718285,-0.0317374932759547,51500.0,22900.0,-0.4611650485436893,0.2117903930131004,19327238.0,536330854500.0,2106169500.0,5239825592.5,0.0039269967079621,yfinance_download,131970.KQ
2025-03-28,27550.0,27800.0,26050.0,26200.0,26159.26171875,167017.0,-0.0558558558558558,-0.5867507886435331,29040.0,29756.666666666668,28621.25,0.5301128301948751,0.8072498792294448,-0.1521035598705501,-0.0038022813688213,-0.1493506493506493,-0.0977961432506887,-0.1195250364064075,-0.08459623531467,51500.0,22900.0,-0.4912621359223301,0.1441048034934497,19327238.0,506373635600.0,4375845400.0,4763857627.5,0.008641534812165,yfinance_download,131970.KQ
2025-03-31,25400.0,25700.0,24800.0,25000.0,24961.126953125,148751.0,-0.0458015267175572,-0.6056782334384858,28782.5,29754.166666666668,28577.5,0.5443587927459311,0.8077538263110187,-0.1708126036484245,-0.0059642147117295,-0.1735537190082644,-0.1314166594284721,-0.1597815432012324,-0.1251858979966756,51500.0,22900.0,-0.5145631067961165,0.091703056768559,19327238.0,483180950000.0,3718775000.0,4669500872.5,0.0076964437443156,yfinance_download,131970.KQ
2025-04-01,25200.0,26050.0,24900.0,25500.0,25460.349609375,107022.0,0.02,-0.5977917981072556,28560.0,29765.0,28530.416666666668,0.5538731666429753,0.8081996756223164,-0.1485809682804674,0.0261569416498994,-0.1813804173354735,-0.1071428571428571,-0.1432890979338148,-0.1062170490558322,51500.0,22900.0,-0.5048543689320388,0.1135371179039301,19327238.0,492844569000.0,2729061000.0,4623040287.5,0.0055373664876481,yfinance_download,131970.KQ
2025-04-02,25900.0,25900.0,25000.0,25300.0,25260.66015625,85969.0,-0.0078431372549019,-0.6009463722397477,28315.0,29770.0,28490.416666666668,0.5507247322875966,0.8083792228016428,-0.1622516556291391,0.012,-0.159468438538206,-0.1064806639590323,-0.1501511588847833,-0.1119820992438977,51500.0,22900.0,-0.5087378640776699,0.1048034934497816,19327238.0,488979121400.0,2175015700.0,4567513642.5,0.0044480747844053,yfinance_download,131970.KQ
2025-04-03,24700.0,25000.0,24000.0,24850.0,24811.361328125,77404.0,-0.0177865612648221,-0.6080441640378549,28120.0,29774.166666666668,28442.08333333333,0.5319096270407307,0.808552017607153,-0.1356521739130435,0.0101626016260163,-0.1892332789559543,-0.1162873399715505,-0.1653838618489183,-0.1262946631312169,51500.0,22900.0,-0.5174757281553398,0.0851528384279476,19327238.0,480281864300.0,1923489400.0,4331681675.0,0.004004917826334,yfinance_download,131970.KQ
2025-04-04,24850.0,25450.0,23800.0,24300.0,24262.21484375,127662.0,-0.0221327967806841,-0.6167192429022081,27907.5,29748.33333333333,28384.166666666668,0.5347124372460907,0.8033141989725455,-0.148861646234676,-0.0599613152804642,-0.2224,-0.1292663262563826,-0.1831475152669617,-0.143888905199495,51500.0,22900.0,-0.5281553398058252,0.0611353711790392,19327238.0,469651883400.0,3102186600.0,4283131007.5,0.0066052893848567,yfinance_download,131970.KQ
2025-04-07,23100.0,23450.0,22300.0,22500.0,22465.013671875,177164.0,-0.074074074074074,-0.6451104100946372,27585.0,29680.0,28315.0,0.5774285021281441,0.8152049890952792,-0.2227979274611399,-0.1541353383458646,-0.2694805194805194,-0.1843393148450244,-0.2419137466307277,-0.2053681794102065,51500.0,22500.0,-0.5631067961165048,0.0,19327238.0,434862855000.0,3986190000.0,4375716332.5,0.0091665451628422,yfinance_download,131970.KQ
2025-04-08,23350.0,23800.0,22500.0,22700.0,22664.703125,132956.0,0.0088888888888889,-0.6419558359621451,27315.0,29625.83333333333,28252.08333333333,0.5780518540432129,0.8140663740493875,-0.1921708185053381,-0.1252408477842004,-0.2495867768595041,-0.1689547867472085,-0.2337768276560433,-0.1965194307204483,51500.0,22500.0,-0.5592233009708738,0.0088888888888889,19327238.0,438728302600.0,3018101200.0,4196356472.5,0.0068792033295186,yfinance_download,131970.KQ
2025-04-09,22700.0,23100.0,22100.0,22350.0,22315.248046875,118264.0,-0.0154185022026431,-0.6474763406940063,27005.0,29533.33333333333,28182.5,0.5700096782947749,0.7989117065818169,-0.2171628721541155,-0.1989247311827957,-0.2719869706840391,-0.1723754860211072,-0.2432279909706546,-0.2069546704515213,51500.0,22350.0,-0.5660194174757281,0.0,19327238.0,431963769300.0,2643200400.0,4051027622.5,0.0061190326315638,yfinance_download,131970.KQ
2025-04-10,24350.0,24400.0,23400.0,23700.0,23663.1484375,100960.0,0.0604026845637584,-0.6261829652996845,26807.5,29475.83333333333,28119.58333333333,0.6186349725620119,0.807508542062174,-0.1428571428571429,-0.1270718232044199,-0.2416,-0.1159190525039634,-0.1959514856803595,-0.1571710107131744,51500.0,22350.0,-0.5398058252427185,0.0604026845637584,19327238.0,458055540600.0,2392752000.0,3850627532.5,0.0052237158770435,yfinance_download,131970.KQ
2025-04-11,23400.0,24000.0,23150.0,23900.0,23862.837890625,77920.0,0.0084388185654007,-0.6230283911671924,26487.5,29426.666666666668,28064.58333333333,0.4905215649852434,0.8074638102321992,-0.2112211221122112,-0.1098696461824954,-0.2163934426229508,-0.0976875884851344,-0.1878115088355233,-0.148392843886868,51500.0,22350.0,-0.5359223300970875,0.0693512304250558,19327238.0,461920988200.0,1862288000.0,3425769492.5,0.0040316158987642,yfinance_download,131970.KQ
2025-04-14,24350.0,24750.0,23900.0,24300.0,24262.21484375,60133.0,0.0167364016736402,-0.6167192429022081,26195.0,29400.83333333333,28024.166666666668,0.5002103075681101,0.8046049591885809,-0.1940298507462686,-0.0599613152804642,-0.1663807890222984,-0.0723420500095438,-0.1734928148295116,-0.1328912545719468,51500.0,22350.0,-0.5281553398058252,0.0872483221476509,19327238.0,469651883400.0,1461231900.0,3273897012.5,0.0031113085066785,yfinance_download,131970.KQ
2025-04-15,24300.0,24900.0,24200.0,24500.0,24461.904296875,64387.0,0.008230452674897,-0.613564668769716,25950.0,29320.0,27985.0,0.5011754283133671,0.7539456131524376,-0.1666666666666666,-0.1652470187393526,-0.160958904109589,-0.0558766859344893,-0.1643929058663028,-0.12453099874933,51500.0,22350.0,-0.5242718446601942,0.0961968680089484,19327238.0,473517331000.0,1577481500.0,3145734817.5,0.0033314123828764,yfinance_download,131970.KQ
2025-04-16,24300.0,24500.0,23650.0,23800.0,23762.994140625,58875.0,-0.0285714285714285,-0.6246056782334385,25642.5,29230.83333333333,27946.25,0.495075706209189,0.7558638402893264,-0.2053422370617695,-0.183533447684391,-0.1634446397188049,-0.0718533684313151,-0.1857912592296946,-0.1483651652726215,51500.0,22350.0,-0.5378640776699029,0.0648769574944072,19327238.0,459988264400.0,1401225000.0,3048950607.5,0.0030462190200172,yfinance_download,131970.KQ
2025-04-17,23450.0,24350.0,23450.0,24300.0,24262.21484375,40764.0,0.0210084033613444,-0.6167192429022081,25357.5,29139.166666666668,27905.83333333333,0.5062516983915527,0.755689189294745,-0.1899999999999999,-0.1845637583892617,-0.1663807890222984,-0.0417036379769298,-0.1660708668172849,-0.129214321975692,51500.0,22350.0,-0.5281553398058252,0.0872483221476509,19327238.0,469651883400.0,990565200.0,2938874367.5,0.0021091477219869,yfinance_download,131970.KQ
2025-04-18,23850.0,24000.0,23400.0,23950.0,23912.759765625,69282.0,-0.0144032921810699,-0.6222397476340694,25042.5,28990.83333333333,27868.75,0.5017487187169275,0.7238321656136436,-0.2082644628099174,-0.2709284627092846,-0.1566901408450703,-0.0436258360786662,-0.1738768001379745,-0.1406144875532631,51500.0,22350.0,-0.5349514563106796,0.0715883668903802,19327238.0,462887350100.0,1659303900.0,2612829312.5,0.0035846818878103,yfinance_download,131970.KQ
2025-04-21,23750.0,24650.0,23750.0,23950.0,23912.759765625,54160.0,0.0,-0.6222397476340694,24780.0,28861.666666666668,27822.5,0.4951970523630743,0.7210304359086528,-0.1797945205479452,-0.2444794952681388,-0.188135593220339,-0.0334947538337369,-0.1701795923081365,-0.139185910683799,51500.0,22350.0,-0.5349514563106796,0.0715883668903802,19327238.0,462887350100.0,1297132000.0,2466022412.5,0.0028022627961636,yfinance_download,131970.KQ
2025-04-22,23600.0,24000.0,23300.0,23500.0,23463.458984375,66308.0,-0.0187891440501043,-0.6293375394321766,24547.5,28727.5,27777.916666666668,0.4866574719626383,0.7216936341111383,-0.1651865008880995,-0.2551505546751188,-0.1854419410745234,-0.0426723698951013,-0.181968497084675,-0.1540042299788501,50300.0,22350.0,-0.5328031809145128,0.0514541387024609,19327238.0,454190093000.0,1558238000.0,2367792725.0,0.0034308057881834,yfinance_download,131970.KQ
2025-04-23,24200.0,24700.0,23900.0,24600.0,24561.75,71944.0,0.0468085106382978,-0.61198738170347,24347.5,28632.5,27742.08333333333,0.5185120375694086,0.7251553336883595,-0.1398601398601399,-0.188118811881188,-0.1487889273356401,0.0103706746072491,-0.1408364620623418,-0.1132605397936348,50300.0,22350.0,-0.510934393638171,0.1006711409395972,19327238.0,475450054800.0,1769822400.0,2287403705.0,0.003722414966898,yfinance_download,131970.KQ
2025-04-24,24750.0,24900.0,24250.0,24450.0,24411.982421875,57187.0,-0.0060975609756097,-0.6143533123028391,24182.5,28565.0,27701.25,0.5115126566098898,0.7154424528641385,-0.1189189189189189,-0.1421052631578947,-0.1669505962521295,0.0110617181846377,-0.1440574129179065,-0.1173683498037092,50300.0,22350.0,-0.5139165009940359,0.0939597315436242,19327238.0,472550969100.0,1398222150.0,2252006337.5,0.0029588811396641,yfinance_download,131970.KQ
2025-04-25,24850.0,25050.0,24400.0,24800.0,24761.4375,51486.0,0.0143149284253578,-0.6088328075709779,24112.5,28480.0,27665.83333333333,0.480144158449713,0.7084280366706627,-0.0534351145038167,-0.1705685618729097,-0.1462994836488812,0.0285121824779679,-0.1292134831460674,-0.1035874574535377,50300.0,22350.0,-0.5069582504970178,0.1096196868008949,19327238.0,479315502400.0,1276852800.0,2097056707.5,0.0026639088316706,yfinance_download,131970.KQ
2025-04-28,25150.0,25150.0,24550.0,24650.0,24611.671875,60358.0,-0.0060483870967742,-0.611198738170347,24095.0,28396.666666666668,27637.08333333333,0.4523079549334209,0.7083574310101367,-0.014,-0.1686340640809444,-0.1227758007117437,0.0230338244449055,-0.1319403685878625,-0.1080824375461713,50300.0,22350.0,-0.5099403578528827,0.1029082774049217,19327238.0,476416416700.0,1487824700.0,1985509192.5,0.0031229501080288,yfinance_download,131970.KQ
2025-04-29,25200.0,26300.0,25050.0,25650.0,25610.1171875,173331.0,0.0405679513184584,-0.5954258675078865,24102.5,28375.0,27600.83333333333,0.4701036857171722,0.6888645681262013,0.0058823529411764,-0.0482374768089053,-0.145,0.0642049579919095,-0.0960352422907488,-0.0706802330847498,50300.0,22350.0,-0.4900596421471173,0.1476510067114094,19327238.0,495743654700.0,4445940150.0,2071353150.0,0.0089682240162821,yfinance_download,131970.KQ
2025-04-30,25750.0,26250.0,24900.0,25300.0,25260.66015625,102217.0,-0.01364522417154,-0.6009463722397477,24102.5,28340.83333333333,27567.5,0.4719515738032918,0.6887295317743892,0.0,-0.0749542961608775,-0.136518771331058,0.0496836427756457,-0.1072951277602987,-0.0822526525800307,50300.0,22350.0,-0.4970178926441352,0.1319910514541387,19327238.0,488979121400.0,2586090100.0,2091906870.0,0.0052887536232543,yfinance_download,131970.KQ
2025-05-02,25250.0,25700.0,24850.0,25050.0,25011.048828125,53663.0,-0.0098814229249012,-0.6048895899053628,24112.5,28300.83333333333,27524.58333333333,0.4687297214824987,0.6889474821248259,0.0080482897384306,-0.087431693989071,-0.1705298013245033,0.0388802488335926,-0.1148670533847648,-0.0899044793290845,50300.0,22350.0,-0.5019880715705766,0.1208053691275168,19327238.0,484147311900.0,1344258150.0,2062945307.5,0.0027765477922918,yfinance_download,131970.KQ
2025-05-07,25100.0,25950.0,25000.0,25450.0,25410.427734375,75947.0,0.0159680638722554,-0.5985804416403786,24170.0,28237.5,27488.75,0.4634696429016823,0.6759661708255997,0.0473251028806585,-0.1299145299145299,-0.1445378151260504,0.0529582126603227,-0.0987162461266046,-0.0741667045609567,50300.0,22350.0,-0.4940357852882704,0.1387024608501119,19327238.0,491878207100.0,1932851150.0,2004478535.0,0.0039295319900339,yfinance_download,131970.KQ
2025-05-08,25450.0,26000.0,24800.0,25050.0,25011.048828125,114264.0,-0.0157170923379175,-0.6048895899053628,24297.5,28121.666666666668,27453.33333333333,0.3726046027657607,0.6465366911159105,0.1133333333333332,-0.2171874999999999,-0.1450511945392492,0.0309702644304969,-0.1092277603271498,-0.087542496357455,50300.0,22350.0,-0.5019880715705766,0.1208053691275168,19327238.0,484147311900.0,2862313200.0,1948284695.0,0.0059120708297791,yfinance_download,131970.KQ
2025-05-09,25250.0,25250.0,24100.0,24350.0,24312.138671875,120054.0,-0.027944111776447,-0.6159305993690851,24380.0,27895.83333333333,27417.916666666668,0.390837031131483,0.5167042823729066,0.0726872246696035,-0.3575197889182058,-0.1486013986013986,-0.0012305168170632,-0.1271097834204629,-0.1118945944713767,50300.0,22350.0,-0.5159045725646123,0.0894854586129754,19327238.0,470618245300.0,2923314900.0,1943545380.0,0.0062116480378624,yfinance_download,131970.KQ
2025-05-12,24600.0,25450.0,24400.0,25400.0,25360.505859375,111963.0,0.0431211498973305,-0.5993690851735016,24532.5,27731.666666666668,27394.166666666668,0.407544142187393,0.5096302338437562,0.1364653243847875,-0.2794326241134751,-0.1008849557522123,0.0353612554774278,-0.0840795720896688,-0.0727953031363125,50300.0,22350.0,-0.4950298210735586,0.1364653243847875,19327238.0,490911845200.0,2843860200.0,1953578370.0,0.0057930160533025,yfinance_download,131970.KQ
2025-05-13,26100.0,26100.0,25150.0,25400.0,25360.505859375,116309.0,0.0,-0.5993690851735016,24617.5,27583.33333333333,27384.166666666668,0.3550457187864847,0.5076476326536751,0.0717299578059071,-0.2594752186588921,-0.0451127819548872,0.0317863308621915,-0.0791540785498489,-0.0724567116034204,50300.0,22350.0,-0.4950298210735586,0.1364653243847875,19327238.0,490911845200.0,2954248600.0,1981653200.0,0.0060178800509415,yfinance_download,131970.KQ
2025-05-14,25850.0,26050.0,25500.0,25950.0,25909.650390625,75534.0,0.0216535433070865,-0.5906940063091483,24720.0,27441.666666666668,27385.416666666668,0.3604403176716356,0.5101652972184407,0.0857740585774058,-0.2467343976777939,0.0058139534883721,0.0497572815533979,-0.0543577285150319,-0.0524153670597186,50300.0,22350.0,-0.4840954274353877,0.1610738255033557,19327238.0,501541826100.0,1960107300.0,1986544165.0,0.0039081631839997,yfinance_download,131970.KQ
2025-05-15,25750.0,25950.0,25150.0,25250.0,25210.73828125,85936.0,-0.0269749518304431,-0.6017350157728707,24767.5,27276.666666666668,27385.0,0.3736948583760624,0.509662852804997,0.0390946502057614,-0.2816500711237553,-0.0019762845849802,0.0194811749268193,-0.0743003788341684,-0.0779623881687054,49250.0,22350.0,-0.4873096446700508,0.1297539149888142,19327238.0,488012759500.0,2169884000.0,2021976770.0,0.0044463673495405,yfinance_download,131970.KQ
2025-05-16,24600.0,24950.0,23400.0,23850.0,23812.916015625,254704.0,-0.0554455445544554,-0.6238170347003155,24735.0,27137.5,27386.25,0.4248723269499891,0.4939217003354574,-0.0265306122448979,-0.2593167701863353,0.0063291139240506,-0.0357792601576713,-0.121142330723169,-0.1291250171162535,49050.0,22350.0,-0.5137614678899083,0.0671140939597314,19327238.0,460954626300.0,6074690400.0,2246837215.0,0.0131784996904368,yfinance_download,131970.KQ
2025-05-19,23650.0,23700.0,23000.0,23250.0,23213.84765625,101469.0,-0.0251572327044025,-0.6332807570977919,24707.5,26971.666666666668,27369.58333333333,0.4220979464435506,0.4900500958383418,-0.023109243697479,-0.2996987951807228,-0.0792079207920791,-0.0589901851664473,-0.1379843045170858,-0.1505168450378309,48800.0,22350.0,-0.5235655737704918,0.0402684563758388,19327238.0,449358283500.0,2359154250.0,2294733677.5,0.0052500517663206,yfinance_download,131970.KQ
2025-05-20,23650.0,24050.0,23200.0,23250.0,23213.84765625,69691.0,0.0,-0.6332807570977919,24655.0,26790.0,27361.666666666668,0.4141931977415051,0.4850369472439895,-0.0432098765432098,-0.3191800878477305,-0.0392561983471074,-0.056986412492395,-0.1321388577827548,-0.1502710604860815,48700.0,22350.0,-0.5225872689938398,0.0402684563758388,19327238.0,449358283500.0,1620315750.0,2326221205.0,0.0036058437320428,yfinance_download,131970.KQ
2025-05-21,23100.0,23550.0,23100.0,23200.0,23163.92578125,71009.0,-0.0021505376344086,-0.6340694006309149,24617.5,26633.33333333333,27357.08333333333,0.4115561343117534,0.4780570971399717,-0.0313152400835072,-0.2883435582822086,-0.0231578947368421,-0.0575809891337463,-0.1289111389236545,-0.1519563793654903,48700.0,22350.0,-0.5236139630390144,0.0380313199105144,19327238.0,448391921600.0,1647408800.0,2325626450.0,0.0036740376457308,yfinance_download,131970.KQ
2025-05-22,23100.0,23150.0,22400.0,22500.0,22465.013671875,98852.0,-0.0301724137931034,-0.6451104100946372,24545.0,26453.33333333333,27352.916666666668,0.4240660647560607,0.4774619032497417,-0.0605427974947807,-0.3243243243243243,-0.0217391304347825,-0.0833163577103279,-0.149445564516129,-0.1774186177586181,48350.0,22350.0,-0.5346432264736298,0.0067114093959732,19327238.0,434862855000.0,2224170000.0,2371978350.0,0.005114647007503,yfinance_download,131970.KQ
2025-05-23,22550.0,22750.0,22050.0,22100.0,22065.63671875,70247.0,-0.0177777777777777,-0.6514195583596214,24475.0,26270.0,27332.5,0.4235745634082188,0.4780643234501923,-0.0595744680851063,-0.3323262839879154,-0.0997963340122199,-0.0970377936670071,-0.158736200989722,-0.1914387633769322,47550.0,22100.0,-0.5352260778128286,0.0,19327238.0,427131959800.0,1552458700.0,2371689385.0,0.0036346114224908,yfinance_download,131970.KQ
2025-05-26,22250.0,22750.0,22200.0,22500.0,22465.013671875,63655.0,0.0180995475113121,-0.6451104100946372,24370.0,26080.83333333333,27312.916666666668,0.3899686073049075,0.4769762375654712,-0.0853658536585365,-0.3353028064992615,-0.0945674044265593,-0.0767336889618383,-0.137297504553152,-0.1762139402907659,46900.0,22100.0,-0.5202558635394456,0.0180995475113121,19327238.0,434862855000.0,1432237500.0,2354810140.0,0.0032935383731498,yfinance_download,131970.KQ
2025-05-27,22600.0,22600.0,22100.0,22300.0,22265.326171875,54713.0,-0.0088888888888888,-0.6482649842271293,24262.5,25906.666666666668,27290.0,0.3902778874671802,0.4738909201974297,-0.0879345603271983,-0.3190839694656489,-0.1097804391217565,-0.0808861411643482,-0.1392177045805456,-0.1828508611212899,46900.0,22100.0,-0.5245202558635395,0.009049773755656,19327238.0,430997407400.0,1220099900.0,2345904027.5,0.0028308752652603,yfinance_download,131970.KQ
2025-05-28,22600.0,23350.0,22600.0,23150.0,23114.00390625,69809.0,0.0381165919282511,-0.6348580441640379,24180.0,25777.5,27258.33333333333,0.4137757385190211,0.4704454037794451,-0.0665322580645161,-0.2508090614886731,-0.1410018552875696,-0.042597187758478,-0.1019299776937251,-0.1507184347294404,46900.0,22100.0,-0.5063965884861408,0.0475113122171946,19327238.0,447425559700.0,1616078350.0,2362865305.0,0.0036119491051954,yfinance_download,131970.KQ
2025-05-29,23500.0,23500.0,22950.0,23350.0,23313.693359375,86925.0,0.0086393088552916,-0.6317034700315458,24115.0,25664.166666666668,27235.83333333333,0.4156744018112452,0.469332830084054,-0.0527383367139959,-0.2255389718076285,-0.1036468330134356,-0.0317229939871449,-0.0901711205636913,-0.1426735611785943,46700.0,22100.0,-0.5,0.0565610859728507,19327238.0,451291007300.0,2029698750.0,2389959007.5,0.0044975386550318,yfinance_download,131970.KQ
2025-05-30,23700.0,28500.0,23250.0,27100.0,27057.861328125,2030057.0,0.1605995717344754,-0.5725552050473186,24187.5,25616.666666666668,27239.166666666668,0.7007604657717059,0.5776843708738476,0.0565302144249513,-0.0951585976627712,0.0149812734082397,0.1204134366925064,0.0579050097592712,-0.005109064765809,45500.0,22100.0,-0.4043956043956044,0.2262443438914028,19327238.0,523768149800.0,55014544700.0,4918389235.0,0.1050360636113654,yfinance_download,131970.KQ
2025-06-02,26450.0,27850.0,26200.0,27750.0,27706.8515625,493364.0,0.0239852398523985,-0.5623028391167193,24310.0,25575.83333333333,27248.75,0.7011927362769789,0.5796548630103932,0.0968379446640317,-0.0811258278145695,0.0432330827067668,0.1415055532702591,0.0850086344530971,0.0183953392357447,45500.0,22100.0,-0.39010989010989,0.255656108597285,19327238.0,536330854500.0,13690851000.0,5473627280.0,0.0255268755939156,yfinance_download,131970.KQ
2025-06-04,27750.0,28200.0,27100.0,27750.0,27706.8515625,274375.0,0.0,-0.5623028391167193,24445.0,25559.166666666668,27259.166666666668,0.6991915674306449,0.5712331546666779,0.1077844311377245,-0.0347826086956521,0.0471698113207548,0.1352014726938024,0.0857161488050601,0.0180061752927149,45250.0,22100.0,-0.3867403314917127,0.255656108597285,19327238.0,536330854500.0,7613906250.0,5787109685.0,0.0141962860911631,yfinance_download,131970.KQ
2025-06-05,27900.0,28550.0,27050.0,27400.0,27357.396484375,303248.0,-0.0126126126126125,-0.5678233438485805,24542.5,25540.0,27274.166666666668,0.7011435711144569,0.5716458769897383,0.0766208251473477,-0.0402802101576181,0.0703125,0.1164306814709177,0.0728269381362569,0.0046136453909375,45100.0,22100.0,-0.3924611973392461,0.2398190045248869,19327238.0,529566321200.0,8308995200.0,6105916887.5,0.0156901881168949,yfinance_download,131970.KQ
2025-06-09,28000.0,28400.0,27200.0,27250.0,27207.62890625,167727.0,-0.0054744525547445,-0.5701892744479495,24652.5,25511.666666666668,27294.58333333333,0.698149380602065,0.5709904273090299,0.0878243512974052,-0.0587219343696027,0.0987903225806452,0.1053645674880843,0.0681387600444241,-0.0016334132230142,44950.0,22100.0,-0.3937708565072302,0.2330316742081448,19327238.0,526667235500.0,4570560750.0,6191329265.0,0.0086782705319818,yfinance_download,131970.KQ
2025-06-10,27750.0,27750.0,26950.0,27100.0,27057.861328125,97310.0,-0.0055045871559632,-0.5725552050473186,24790.0,25495.0,27313.75,0.6885487431836229,0.5679059776771351,0.1129363449691991,-0.0355871886120996,0.092741935483871,0.0931827349737797,0.0629535202980977,-0.0078257287995973,44950.0,22100.0,-0.3971078976640712,0.2262443438914028,19327238.0,523768149800.0,2637101000.0,6177018570.0,0.0050348632329151,yfinance_download,131970.KQ
2025-06-11,27400.0,30400.0,27300.0,29050.0,29004.830078125,649190.0,0.0719557195571956,-0.5417981072555205,24972.5,25503.33333333333,27351.666666666668,0.7161098666068672,0.5859282274010824,0.1437007874015747,0.0175131348511383,0.1857142857142857,0.1632796075683251,0.1390667886550778,0.0620924989336419,44950.0,22100.0,-0.353726362625139,0.3144796380090497,19327238.0,561456263900.0,18858969500.0,6977774035.0,0.0335893830251378,yfinance_download,131970.KQ
2025-06-12,28600.0,29550.0,28100.0,28700.0,28655.375,379565.0,-0.0120481927710843,-0.5473186119873816,25137.5,25520.83333333333,27400.0,0.7190865662588746,0.5826703262926668,0.1299212598425196,0.0379746835443037,0.2532751091703056,0.1417205370462455,0.1245714285714285,0.0474452554744526,44950.0,22100.0,-0.3615127919911012,0.2986425339366516,19327238.0,554691730600.0,10893515500.0,7374737380.0,0.0196388640735939,yfinance_download,131970.KQ
2025-06-13,29000.0,29450.0,27500.0,28050.0,28006.384765625,238456.0,-0.0226480836236934,-0.557570977917981,25242.5,25483.33333333333,27428.33333333333,0.7243230847831592,0.5502174705183567,0.0809248554913295,-0.0742574257425742,0.1379310344827586,0.1112211547984549,0.1007194244604317,0.0226651273014524,43550.0,22100.0,-0.3559127439724454,0.2692307692307691,19327238.0,542129025900.0,6688690800.0,7611166555.0,0.0123378208515877,yfinance_download,131970.KQ
2025-06-16,27950.0,27950.0,26950.0,27650.0,27607.0078125,131047.0,-0.0142602495543672,-0.5638801261829653,25362.5,25441.666666666668,27454.166666666668,0.7183000092003466,0.5508540550501713,0.0950495049504951,-0.0829187396351575,0.1262729124236252,0.0901922129127648,0.0867998689813298,0.0071331006222492,43300.0,22100.0,-0.3614318706697459,0.251131221719457,19327238.0,534398130700.0,3623449550.0,7683844832.5,0.0067804308096169,yfinance_download,131970.KQ
2025-06-17,28000.0,29500.0,27200.0,28250.0,28206.07421875,319777.0,0.0216998191681736,-0.554416403785489,25582.5,25422.5,27462.5,0.6828623119185553,0.5504542397701283,0.1844863731656185,-0.0391156462585033,0.036697247706422,0.104270497410339,0.1112203756514897,0.028675466545289,43300.0,22100.0,-0.3475750577367206,0.2782805429864252,19327238.0,545994473500.0,9033700250.0,7831795325.0,0.0165454060223193,yfinance_download,131970.KQ
2025-06-18,28500.0,28800.0,28000.0,28600.0,28555.529296875,95369.0,0.0123893805309733,-0.5488958990536277,25850.0,25400.0,27469.58333333333,0.6706156288795423,0.5496843021295182,0.2301075268817205,-0.0450751252086811,0.0306306306306305,0.1063829787234043,0.1259842519685039,0.0411515767439745,43300.0,22100.0,-0.3394919168591224,0.2941176470588236,19327238.0,552759006800.0,2727553400.0,7850215282.5,0.0049344350185991,yfinance_download,131970.KQ
2025-06-19,29050.0,29100.0,28100.0,28400.0,28355.83984375,100255.0,-0.0069930069930069,-0.5520504731861199,26107.5,25373.33333333333,27483.75,0.6726206853035028,0.5498452306709251,0.2215053763440859,-0.0533333333333333,0.0636704119850186,0.0878100162788471,0.1192853389385182,0.0333378814754172,43100.0,22100.0,-0.3410672853828306,0.2850678733031675,19327238.0,548893559200.0,2847242000.0,7911561595.0,0.005187238859479,yfinance_download,131970.KQ
2025-06-20,28600.0,28650.0,28050.0,28650.0,28605.451171875,178454.0,0.0088028169014084,-0.5481072555205047,26380.0,25346.666666666668,27492.916666666668,0.6709348793680832,0.5498777126445901,0.2349137931034481,-0.052892561983471,0.0399274047186932,0.0860500379075057,0.1303261441346659,0.0420865980631375,43100.0,22100.0,-0.3352668213457076,0.2963800904977376,19327238.0,553725368700.0,5112707100.0,8084826510.0,0.0092332903439177,yfinance_download,131970.KQ
2025-06-23,27900.0,28100.0,26950.0,27500.0,27457.240234375,200550.0,-0.0401396160558463,-0.5662460567823344,26630.0,25318.33333333333,27495.0,0.679996766710425,0.5514376469783181,0.2222222222222223,-0.0582191780821917,0.0091743119266054,0.0326699211415697,0.0861694424330195,0.000181851245681,43100.0,22100.0,-0.3619489559164733,0.2443438914027149,19327238.0,531499045000.0,5515125000.0,8249374260.0,0.0103765473369759,yfinance_download,131970.KQ
2025-06-24,28550.0,30750.0,28050.0,29350.0,29304.36328125,472802.0,0.0672727272727273,-0.5370662460567823,26992.5,25338.33333333333,27518.75,0.6991754166610811,0.5634775366933052,0.3280542986425339,0.0426287744227353,0.1075471698113208,0.0873390756691674,0.1583240149970401,0.0665455371337724,43100.0,22100.0,-0.3190255220417634,0.3280542986425339,19327238.0,567254435300.0,13876738700.0,8865588260.0,0.0244629884518419,yfinance_download,131970.KQ
2025-06-25,30200.0,30450.0,28850.0,29350.0,29304.36328125,213324.0,0.0,-0.5370662460567823,27335.0,25350.83333333333,27544.58333333333,0.7011116941279608,0.5626491970813763,0.3044444444444445,0.0262237762237762,0.118095238095238,0.0737150173769891,0.1577528680845468,0.0655452523938464,43100.0,22100.0,-0.3190255220417634,0.3280542986425339,19327238.0,567254435300.0,6261059400.0,9107029355.0,0.011037479850975,yfinance_download,131970.KQ
2025-06-26,29950.0,29950.0,27750.0,28100.0,28056.306640625,221627.0,-0.0425894378194208,-0.556782334384858,27625.0,25356.666666666668,27557.5,0.7256362447404743,0.5662596886657838,0.2600896860986548,0.0126126126126127,0.0583804143126176,0.0171945701357465,0.1081898251610358,0.0196861108591128,43100.0,22100.0,-0.3480278422273781,0.2714932126696832,19327238.0,543095387800.0,6227718700.0,9357410295.0,0.0114670808110294,yfinance_download,131970.KQ
2025-06-27,28200.0,28300.0,27650.0,28250.0,28206.07421875,110499.0,0.0053380782918148,-0.554416403785489,27880.0,25390.83333333333,27573.75,0.7196277598238354,0.5538537471047853,0.2203023758099351,0.0782442748091603,0.0741444866920151,0.0132711621233858,0.1126062555384161,0.0245251371322363,43100.0,22100.0,-0.3445475638051044,0.2782805429864252,19327238.0,545994473500.0,3121596750.0,9432686215.0,0.0057172680338494,yfinance_download,131970.KQ
2025-06-30,28550.0,28750.0,26150.0,26200.0,26159.26171875,305481.0,-0.0725663716814158,-0.5867507886435331,28022.5,25410.83333333333,27582.5,0.7783747344410424,0.5662630663019808,0.1220556745182013,0.048,0.0417495029821073,-0.0650370238201445,0.031056308005116,-0.0501223601921507,43100.0,22100.0,-0.3921113689095128,0.1855203619909502,19327238.0,506373635600.0,8003602200.0,9731381387.5,0.0158057245427411,yfinance_download,131970.KQ
2025-07-01,26500.0,26600.0,25800.0,25800.0,25759.8828125,137845.0,-0.0152671755725191,-0.5930599369085173,27957.5,25415.83333333333,27590.416666666668,0.5276036632864353,0.5659245252600451,-0.047970479704797,0.0117647058823529,0.0382293762575451,-0.0771707055351873,0.0151152496803175,-0.0648927012700666,43100.0,22100.0,-0.4013921113689095,0.167420814479638,19327238.0,498642740400.0,3556401000.0,7158474202.5,0.0071321623917499,yfinance_download,131970.KQ
2025-07-02,25600.0,25950.0,24900.0,25450.0,25410.427734375,115382.0,-0.0135658914728682,-0.5985804416403786,27842.5,25418.33333333333,27594.166666666668,0.5199189799181874,0.5664191535301142,-0.0828828828828829,0.0059288537549406,0.018,-0.0859297836042022,0.001245819946233,-0.0777036209343762,43100.0,22100.0,-0.4095127610208816,0.1515837104072397,19327238.0,491878207100.0,2936471900.0,6620755247.5,0.0059699166533779,yfinance_download,131970.KQ
2025-07-03,25900.0,27250.0,25650.0,26950.0,26908.095703125,214715.0,0.0589390962671905,-0.5749211356466877,27802.5,25453.33333333333,27613.75,0.5657237899837825,0.5774389081912811,-0.0288288288288288,0.0845070422535212,0.0955284552845527,-0.0306627101879327,0.0588004190675746,-0.0240369381195961,43100.0,22100.0,-0.3747099767981439,0.2194570135746607,19327238.0,520869064100.0,5786569250.0,6529388397.5,0.0111094508175456,yfinance_download,131970.KQ
2025-07-04,27250.0,29750.0,26500.0,27750.0,27706.8515625,393528.0,0.0296846011131726,-0.5623028391167193,27820.0,25510.83333333333,27629.58333333333,0.5739366053861322,0.577960113656719,0.0127737226277371,0.1419753086419752,0.0735009671179884,-0.0025161754133716,0.0877731682618496,0.0043582512705282,43100.0,22100.0,-0.3561484918793504,0.255656108597285,19327238.0,536330854500.0,10920402000.0,6659958737.5,0.0203613159831735,yfinance_download,131970.KQ
2025-07-07,28200.0,29900.0,27800.0,29800.0,29753.6640625,481883.0,0.0738738738738737,-0.5299684542586751,27947.5,25632.5,27656.25,0.6281547586343751,0.5733714170280516,0.0935779816513762,0.3244444444444445,0.1203007518796992,0.0662849986581983,0.1625865600312104,0.0775141242937853,43100.0,22100.0,-0.308584686774942,0.3484162895927603,19327238.0,575951692400.0,14360113400.0,7149436370.0,0.0249328434823434,yfinance_download,131970.KQ
2025-07-08,29250.0,29950.0,28700.0,29400.0,29354.28515625,242271.0,-0.0134228187919462,-0.5362776025236593,28062.5,25744.166666666668,27685.0,0.6305717490867261,0.5745990399443012,0.084870848708487,0.2951541850220265,0.1329479768786128,0.0476614699331847,0.1420062797397467,0.0619469026548673,43100.0,22100.0,-0.3178654292343387,0.3303167420814479,19327238.0,568220797200.0,7122767400.0,7373719690.0,0.0125352106700398,yfinance_download,131970.KQ
2025-07-09,29300.0,29300.0,27000.0,27000.0,26958.017578125,403870.0,-0.0816326530612244,-0.5741324921135647,27960.0,25821.666666666668,27677.5,0.6491058349367234,0.6000784481403009,-0.0705679862306368,0.2080536912751678,-0.032258064516129,-0.0343347639484978,0.0456335119086037,-0.0244783669045253,43100.0,22100.0,-0.3735498839907193,0.2217194570135747,19327238.0,521835426000.0,10904490000.0,6975995715.0,0.0208964157216877,yfinance_download,131970.KQ
2025-07-10,27500.0,27500.0,27000.0,27000.0,26958.017578125,141619.0,0.0,-0.5741324921135647,27875.0,25876.666666666668,27676.25,0.6482513601381883,0.5884141464669864,-0.0592334494773518,0.139240506329114,-0.005524861878453,-0.0313901345291479,0.0434110524281849,-0.0244343073935233,43100.0,22100.0,-0.3735498839907193,0.2217194570135747,19327238.0,521835426000.0,3823713000.0,6622505590.0,0.0073274308517337,yfinance_download,131970.KQ
2025-07-11,27150.0,28100.0,27150.0,27450.0,27407.318359375,165576.0,0.0166666666666666,-0.5670347003154574,27845.0,25935.83333333333,27681.25,0.6468668928553545,0.5889903999099241,-0.0213903743315507,0.1485355648535564,0.0223463687150837,-0.0141856706769617,0.0583812614465186,-0.0083540302551365,43100.0,22100.0,-0.3631090487238979,0.2420814479638009,19327238.0,530532683100.0,4545061200.0,6515324110.0,0.0085669768230721,yfinance_download,131970.KQ
2025-07-14,27600.0,27800.0,26700.0,26750.0,26708.40625,133433.0,-0.0255009107468123,-0.5780757097791798,27800.0,25976.666666666668,27688.75,0.6513024019527761,0.5911300460389511,-0.0325497287522603,0.1008230452674896,0.0348162475822051,-0.0377697841726618,0.0297703066854868,-0.0339036612342558,43100.0,22100.0,-0.3793503480278422,0.2104072398190044,19327238.0,517003616500.0,3569332750.0,6512618270.0,0.0069038835243814,yfinance_download,131970.KQ
2025-07-15,26800.0,27400.0,26550.0,27300.0,27257.55078125,174325.0,0.0205607476635514,-0.5694006309148265,27752.5,26023.33333333333,27671.666666666668,0.6507916714258993,0.5922007437195931,-0.0336283185840707,0.1142857142857143,-0.0698466780238501,-0.0163048374020358,0.0490585372101959,-0.0134313075950129,43100.0,22100.0,-0.3665893271461716,0.2352941176470588,19327238.0,527633597400.0,4759072500.0,6298886882.5,0.0090196540240255,yfinance_download,131970.KQ
2025-07-16,27200.0,28450.0,26850.0,27500.0,27457.240234375,216133.0,0.0073260073260073,-0.5662460567823344,27697.5,26085.0,27657.916666666668,0.6496667583127874,0.5887234021646283,-0.0384615384615384,0.1554621848739494,-0.0566037735849056,-0.0071306074555465,0.0542457350967988,-0.0057096370840176,43100.0,22100.0,-0.3619489559164733,0.2443438914027149,19327238.0,531499045000.0,5943657500.0,6459692087.5,0.0111828187762783,yfinance_download,131970.KQ
2025-07-17,27850.0,31050.0,26850.0,30300.0,30252.88671875,847160.0,0.1018181818181818,-0.5220820189274448,27792.5,26185.0,27662.08333333333,0.7445905427165925,0.6216161549886627,0.0669014084507042,0.2469135802469135,0.0167785234899329,0.090222182243411,0.1571510406721405,0.0953621834942535,43100.0,22100.0,-0.296983758700696,0.3710407239819004,19327238.0,585615311400.0,25668948000.0,7600777387.5,0.0438324399999627,yfinance_download,131970.KQ
2025-07-18,29700.0,30150.0,28700.0,28800.0,28755.21875,331654.0,-0.0495049504950495,-0.5457413249211356,27800.0,26265.83333333333,27628.33333333333,0.7682818135954284,0.6302572330500318,0.0052356020942407,0.2025052192066805,-0.1232876712328767,0.0359712230215827,0.0964814873568324,0.0424081558786271,43100.0,22100.0,-0.3317865429234339,0.3031674208144796,19327238.0,556624454400.0,9551635200.0,7822723792.5,0.0171599273522683,yfinance_download,131970.KQ
2025-07-21,28800.0,29050.0,28300.0,28650.0,28605.451171875,123190.0,-0.0052083333333333,-0.5481072555205047,27857.5,26344.166666666668,27602.916666666668,0.7531093865146293,0.630482751885552,0.0418181818181817,0.1962421711899791,-0.0962145110410094,0.0284483532262407,0.0875272830797455,0.0379337932283725,43100.0,22100.0,-0.3352668213457076,0.2963800904977376,19327238.0,553725368700.0,3529393500.0,7723437217.5,0.0063739060904615,yfinance_download,131970.KQ
2025-07-22,29200.0,29500.0,27650.0,27850.0,27806.6953125,166376.0,-0.0279232111692844,-0.5607255520504733,27782.5,26416.666666666668,27572.08333333333,0.7206507163611463,0.6321526780588035,-0.0511073253833049,0.1851063829787234,-0.1172741679873217,0.0024295869702151,0.0542586750788642,0.0100796397322171,43100.0,22100.0,-0.3538283062645011,0.2601809954751131,19327238.0,538263578300.0,4633571600.0,7261278862.5,0.0086083691834291,yfinance_download,131970.KQ
2025-07-23,28150.0,28200.0,26700.0,27300.0,27257.55078125,156390.0,-0.0197486535008977,-0.5694006309148265,27680.0,26461.666666666668,27547.08333333333,0.7234555085637602,0.6274158267139397,-0.0698466780238501,0.1097560975609757,-0.0990099009900989,-0.013728323699422,0.0316810480569376,-0.0089694916279702,43100.0,22100.0,-0.3665893271461716,0.2352941176470588,19327238.0,527633597400.0,4269447000.0,7161698242.5,0.0080916890452738,yfinance_download,131970.KQ
2025-07-24,27600.0,27700.0,27050.0,27200.0,27157.70703125,78576.0,-0.0036630036630036,-0.5709779179810726,27635.0,26507.5,27536.25,0.7079728010018697,0.6272934707857358,-0.0320284697508896,0.1124744376278119,-0.0456140350877193,-0.0157409082685,0.0261246816938602,-0.0122111761768577,42950.0,22100.0,-0.3667054714784633,0.2307692307692308,19327238.0,525700873600.0,2137267200.0,6957175667.5,0.0040655576342568,yfinance_download,131970.KQ
2025-07-25,27250.0,27400.0,26900.0,27200.0,27157.70703125,55784.0,0.0,-0.5709779179810726,27582.5,26547.5,27513.75,0.7076234697967457,0.6268298509571647,-0.0371681415929203,0.096774193548387,-0.0903010033444816,-0.0138674884437596,0.0245785855541953,-0.0114033892144836,42450.0,22100.0,-0.35924617196702,0.2307692307692308,19327238.0,525700873600.0,1517324800.0,6876962070.0,0.0028862892876881,yfinance_download,131970.KQ
2025-07-28,33000.0,35350.0,31500.0,35350.0,35295.03515625,6432661.0,0.2996323529411764,-0.4424290220820189,28040.0,26725.83333333333,27561.25,1.240655689971464,0.8738481066869388,0.3492366412213741,0.434077079107505,0.1922428330522765,0.2606990014265335,0.3226902809391663,0.2825978502426414,42450.0,22100.0,-0.1672555948174322,0.5995475113122173,19327238.0,683217863300.0,227394566350.0,17846510277.5,0.3328287777073992,yfinance_download,131970.KQ
2025-07-29,36150.0,36200.0,33200.0,34650.0,34596.12109375,2019738.0,-0.0198019801980198,-0.4534700315457413,28482.5,26875.83333333333,27625.416666666668,1.2423549007150263,0.8728123555822386,0.3430232558139534,0.3508771929824561,0.2857142857142858,0.2165364697621346,0.2892623484543115,0.2542797242877181,42450.0,22100.0,-0.1837455830388692,0.5678733031674208,19327238.0,669688796700.0,69983921700.0,21167886312.5,0.1045021539032116,yfinance_download,131970.KQ
2025-07-30,34600.0,37250.0,33600.0,33850.0,33797.3671875,2723450.0,-0.023088023088023,-0.4660883280757097,28902.5,27018.33333333333,27679.58333333333,1.245960039517201,0.8739511219424814,0.3300589390962671,0.3379446640316206,0.2376599634369287,0.1711789637574603,0.2528530010486707,0.2229230329213771,42450.0,22100.0,-0.2025912838633686,0.5316742081447965,19327238.0,654227006300.0,92188782500.0,25630501842.5,0.1409125297675746,yfinance_download,131970.KQ
2025-07-31,33950.0,34200.0,32050.0,32500.0,32449.46484375,747921.0,-0.0398818316100443,-0.4873817034700315,29180.0,27142.5,27721.666666666668,1.2511575671336523,0.8784620875583022,0.2059369202226344,0.2974051896207585,0.1839708561020037,0.1137765592871831,0.1973841761075803,0.1723681837311368,40200.0,22100.0,-0.1915422885572139,0.4705882352941177,19327238.0,628135235000.0,24307432500.0,26556545005.0,0.038697769438137,yfinance_download,131970.KQ
2025-08-01,31800.0,32400.0,30650.0,31050.0,31001.720703125,605933.0,-0.0446153846153846,-0.5102523659305993,29345.0,27235.83333333333,27736.666666666668,1.2649573407268184,0.8841971634914013,0.1189189189189188,0.2200392927308447,0.0615384615384615,0.0581018912932356,0.1400422237860661,0.119456796058166,40200.0,22100.0,-0.2276119402985075,0.4049773755656107,19327238.0,600110739900.0,18814219650.0,26951235887.5,0.0313512463601886,yfinance_download,131970.KQ
2025-08-04,31750.0,32250.0,30750.0,31050.0,31001.720703125,472961.0,0.0,-0.5102523659305993,29407.5,27335.83333333333,27728.75,1.2411163671628138,0.8832328542637978,0.0419463087248321,0.2395209580838322,-0.0296874999999999,0.0558530986993113,0.1358717190500868,0.1197764053554524,40200.0,22100.0,-0.2276119402985075,0.4049773755656107,19327238.0,600110739900.0,14685439050.0,26967502170.0,0.0244712151834628,yfinance_download,131970.KQ
2025-08-05,32000.0,32500.0,31200.0,31700.0,31650.708984375,490612.0,0.0209339774557166,-0.5,29522.5,27458.33333333333,27677.08333333333,1.240490598780949,0.8811316284009642,0.0782312925170067,0.3018480492813142,-0.1635883905013192,0.0737573037513761,0.1544764795144158,0.1453519006398194,39850.0,22100.0,-0.2045169385194479,0.4343891402714932,19327238.0,612673444600.0,15552400400.0,27388983820.0,0.0253844858742878,yfinance_download,131970.KQ
2025-08-06,31050.0,31300.0,30600.0,31050.0,31001.720703125,252737.0,-0.0205047318611987,-0.5102523659305993,29725.0,27552.5,27642.08333333333,1.201368297870135,0.879261521081372,0.1499999999999999,0.2224409448818898,-0.1191489361702127,0.0445752733389401,0.1269394791761182,0.1232872582565833,39850.0,22100.0,-0.2208281053952321,0.4049773755656107,19327238.0,600110739900.0,7847483850.0,27236133512.5,0.0130767262244093,yfinance_download,131970.KQ
2025-08-07,35050.0,35450.0,32925.0,33900.0,33847.2890625,1585698.0,0.0917874396135265,-0.4652996845425867,30070.0,27694.166666666668,27638.75,1.2355623191362846,0.8970975230620657,0.2555555555555555,0.3346456692913386,-0.0116618075801748,0.1273694712337878,0.224084494327927,0.2265388268282755,39850.0,22100.0,-0.1493099121706399,0.5339366515837105,19327238.0,655193368200.0,53755162200.0,29732705972.5,0.0820447287915634,yfinance_download,131970.KQ
2025-08-08,36000.0,39500.0,35900.0,36650.0,36593.01171875,4644852.0,0.0811209439528024,-0.4219242902208202,30530.0,27872.5,27657.08333333333,1.2584035811039622,0.9096489769072456,0.3351548269581057,0.4123314065510597,0.0638606676342525,0.2004585653455617,0.3149161359763208,0.3251578106874369,39850.0,22100.0,-0.0803011292346298,0.658371040723982,19327238.0,708343272700.0,170233825800.0,38017144202.5,0.2403267347357134,yfinance_download,131970.KQ
2025-08-11,37100.0,37350.0,35800.0,36200.0,36143.7109375,690696.0,-0.0122783083219645,-0.4290220820189274,31002.5,28055.0,27665.83333333333,1.253319549125518,0.9077845048619452,0.3532710280373832,0.4336633663366336,0.0298719772403983,0.1676477703411014,0.2903225806451612,0.3084731467815296,39850.0,22100.0,-0.0915934755332497,0.6380090497737556,19327238.0,699646015600.0,25003195200.0,39088837325.0,0.0357369221613559,yfinance_download,131970.KQ
2025-08-12,36050.0,37350.0,34500.0,34800.0,34745.890625,931387.0,-0.0386740331491712,-0.4511041009463722,31377.5,28237.5,27687.5,1.269156361011073,0.9034588428336064,0.2747252747252746,0.4591194968553458,0.0807453416149068,0.1090749741056489,0.2324037184594953,0.2568848758465012,39850.0,22100.0,-0.1267252195734002,0.5746606334841629,19327238.0,672587882400.0,32412267600.0,40471497080.0,0.0481903829196908,yfinance_download,131970.KQ
2025-08-13,36400.0,37200.0,35400.0,35500.0,35444.80078125,762119.0,0.0201149425287356,-0.4400630914826499,31777.5,28441.666666666668,27706.666666666668,1.2689578001316095,0.9011734024190522,0.290909090909091,0.5268817204301075,0.0692771084337349,0.1171426323656674,0.2481687664811016,0.2812800769971126,39850.0,22100.0,-0.109159347553325,0.6063348416289593,19327238.0,686116949000.0,27055224500.0,41527075430.0,0.0394323803535714,yfinance_download,131970.KQ
2025-08-14,35600.0,36400.0,34600.0,36400.0,36343.40234375,396729.0,0.0253521126760563,-0.4258675078864353,32082.5,28660.83333333333,27725.416666666668,1.2283706715524771,0.9016471784327778,0.2013201320132014,0.5655913978494624,0.0658857979502196,0.1345749240240006,0.2700258773587649,0.3128747689394509,39850.0,22100.0,-0.0865746549560853,0.6470588235294117,19327238.0,703511463200.0,14440935600.0,40965674810.0,0.0205269371650517,yfinance_download,131970.KQ
2025-08-18,35500.0,35550.0,34500.0,35000.0,34945.578125,280474.0,-0.0384615384615384,-0.4479495268138801,32392.5,28857.5,27745.416666666668,1.2216795816799269,0.9066126052136488,0.2152777777777776,0.5086206896551724,0.0736196319018405,0.0804970286331712,0.2128562765312309,0.2614696120980941,39250.0,22100.0,-0.10828025477707,0.5837104072398189,19327238.0,676453330000.0,9816590000.0,40978922550.0,0.0145118510984342,yfinance_download,131970.KQ
2025-08-19,35400.0,35400.0,34000.0,34400.0,34346.51171875,294456.0,-0.0171428571428571,-0.4574132492113565,32680.0,29055.83333333333,27754.58333333333,1.2246730433129245,0.9046397571059168,0.2006980802792322,0.528888888888889,0.033033033033033,0.0526315789473683,0.183927495913041,0.2394349281650178,37900.0,22100.0,-0.0923482849604221,0.5565610859728507,19327238.0,664856987200.0,10129286400.0,41308917195.0,0.0152352860765723,yfinance_download,131970.KQ
2025-08-20,33400.0,34400.0,33050.0,34150.0,34096.8984375,276815.0,-0.0072674418604651,-0.4613564668769716,32995.0,29256.666666666668,27763.33333333333,1.2179953379008486,0.9035888338960072,0.2262118491921005,0.5452488687782806,0.0317220543806646,0.0350053038339142,0.1672553264213283,0.2300396206027135,37900.0,22100.0,-0.0989445910290237,0.5452488687782806,19327238.0,660025177700.0,9453232250.0,41549900227.5,0.0143225327902517,yfinance_download,131970.KQ
2025-08-21,35850.0,35850.0,34750.0,34950.0,34895.65625,403174.0,0.0234260614934114,-0.4487381703470031,33377.5,29464.166666666668,27772.5,1.2123729035789246,0.9038906147208904,0.2802197802197801,0.5533333333333332,0.0324963072378139,0.0471125758370158,0.1861866108549932,0.2584391034296516,37900.0,22100.0,-0.0778364116094987,0.5814479638009049,19327238.0,675486968100.0,14090931300.0,42040974442.5,0.0208604043681771,yfinance_download,131970.KQ
2025-08-22,35350.0,35850.0,34950.0,35300.0,35245.11328125,211704.0,0.0100143061516451,-0.443217665615142,33782.5,29680.83333333333,27793.75,1.210573686992476,0.9031387212760892,0.2977941176470589,0.5829596412556053,0.0778625954198473,0.044919706948864,0.1893197068815453,0.2700697099167979,37900.0,22100.0,-0.0686015831134564,0.5972850678733033,19327238.0,682251501400.0,7473151200.0,42307768642.5,0.0109536603212523,yfinance_download,131970.KQ
2025-08-25,36050.0,36200.0,35300.0,36000.0,35944.0234375,285081.0,0.0198300283286119,-0.4321766561514195,34222.5,29895.0,27836.25,1.209244624001995,0.901408168619804,0.3235294117647058,0.5550755939524838,0.1650485436893203,0.0519395134779749,0.2042147516307075,0.2932776505456014,37900.0,22100.0,-0.050131926121372,0.6289592760180995,19327238.0,695780568000.0,10262916000.0,42745048202.5,0.0147502193536396,yfinance_download,131970.KQ
2025-08-26,35400.0,36350.0,35250.0,36350.0,36293.48046875,225050.0,0.0097222222222221,-0.4266561514195583,34272.5,30111.666666666668,27887.916666666668,0.58660779869851,0.9014099244208492,0.0282885431400283,0.556745182012848,0.2056384742951906,0.0606171128455759,0.2071732993856201,0.3034318925460548,37900.0,22100.0,-0.0408970976253297,0.6447963800904977,19327238.0,702545101300.0,8180567500.0,31784348260.0,0.0116441883729066,yfinance_download,131970.KQ
2025-08-27,36500.0,36550.0,35500.0,35950.0,35894.1015625,213613.0,-0.0110041265474553,-0.4329652996845425,34337.5,30259.166666666668,27937.916666666668,0.5830858525531496,0.8448473896062747,0.0375180375180375,0.3265682656826567,0.2003338898163607,0.0469603203494721,0.188069730935529,0.2867817034794409,37900.0,22100.0,-0.0514511873350923,0.6266968325791855,19327238.0,694814206100.0,7679387350.0,28669121542.5,0.011052432841154,yfinance_download,131970.KQ
2025-08-28,35100.0,36200.0,34850.0,35850.0,35794.2578125,213848.0,-0.0027816411682892,-0.4345425867507886,34437.5,30394.166666666668,27985.0,0.5756893516210205,0.8441925420867099,0.0590841949778433,0.2918918918918918,0.1870860927152318,0.041016333938294,0.1795026457927782,0.2810434161157762,37900.0,22100.0,-0.054089709762533,0.6221719457013575,19327238.0,692881482300.0,7666450800.0,24443004957.5,0.0110645918470088,yfinance_download,131970.KQ
2025-08-29,37300.0,37800.0,36150.0,36450.0,36393.32421875,589267.0,0.0167364016736402,-0.4250788643533123,34635.0,30539.166666666668,28049.166666666668,0.553785479527146,0.8444200656352349,0.1215384615384616,0.3135135135135134,0.2678260869565216,0.0524036379385015,0.1935492673342973,0.2995038474107965,37900.0,22100.0,-0.0382585751978892,0.6493212669683257,19327238.0,704477825100.0,21478782150.0,24301572440.0,0.030488940013053,yfinance_download,131970.KQ
2025-09-01,35000.0,35100.0,34200.0,34250.0,34196.74609375,397569.0,-0.0603566529492455,-0.4597791798107256,34795.0,30653.33333333333,28096.666666666668,0.5753842517388127,0.8544805233288431,0.1030595813204509,0.25,0.1996497373029773,-0.015663169995689,0.1173336233144846,0.2190058132637322,37900.0,22100.0,-0.096306068601583,0.5497737556561086,19327238.0,661957901500.0,13616738250.0,24041698370.0,0.0205703991434264,yfinance_download,131970.KQ
2025-09-02,34350.0,34750.0,34050.0,34100.0,34046.9765625,161883.0,-0.0043795620437956,-0.4621451104100946,34947.5,30767.5,28139.58333333333,0.5761518562272487,0.8544260073459294,0.0982286634460547,0.2513761467889908,0.1778929188255613,-0.0242506617068459,0.1083123425692695,0.2118160953579626,37900.0,22100.0,-0.100263852242744,0.5429864253393666,19327238.0,659058815800.0,5520210300.0,23583436932.5,0.0083758993395745,yfinance_download,131970.KQ
2025-09-03,33750.0,34400.0,33700.0,34100.0,34046.9765625,140035.0,0.0,-0.4621451104100946,35067.5,30884.166666666668,28189.58333333333,0.5734076354609359,0.8542102189771887,0.0757097791798107,0.2583025830258303,0.2135231316725978,-0.0275896485349682,0.104125630716926,0.209666691301456,37900.0,22100.0,-0.100263852242744,0.5429864253393666,19327238.0,659058815800.0,4775193500.0,23044576587.5,0.0072454739782269,yfinance_download,131970.KQ
2025-09-04,34500.0,34900.0,33800.0,34350.0,34296.58984375,187255.0,0.0073313782991202,-0.4582018927444795,35232.5,30972.5,28237.916666666668,0.565925277639781,0.8428091826911909,0.106280193236715,0.1824440619621341,0.2031523642732049,-0.0250478961186404,0.1090483493421583,0.2164495138038393,37900.0,22100.0,-0.0936675461741425,0.5542986425339367,19327238.0,663890625300.0,6432209250.0,22973812857.5,0.0096886580482943,yfinance_download,131970.KQ
2025-09-05,35150.0,35600.0,34600.0,34700.0,34646.04296875,165958.0,0.0101892285298399,-0.4526813880126182,35272.5,31072.5,28296.666666666668,0.4666163538806534,0.8422260840368588,0.0235988200589971,0.2090592334494774,0.2549728752260398,-0.0162307746828265,0.1167431008126156,0.2262928495700318,37900.0,22100.0,-0.0844327176781002,0.5701357466063348,19327238.0,670655158600.0,5758742600.0,20573991877.5,0.0085867416751426,yfinance_download,131970.KQ
2025-09-08,34800.0,35200.0,34550.0,35150.0,35095.34375,120972.0,0.0129682997118154,-0.445583596214511,35197.5,31190.83333333333,28337.08333333333,0.3639341834551051,0.8404966852063145,-0.0409276944065484,0.2531194295900179,0.16006600660066,-0.0013495276653171,0.1269336610649496,0.2404240615212693,37900.0,22100.0,-0.0725593667546173,0.590497737556561,19327238.0,679352415700.0,4252165800.0,12274908877.5,0.0062591457713719,yfinance_download,131970.KQ
2025-09-09,35900.0,37600.0,35500.0,37000.0,36942.46875,522634.0,0.0526315789473683,-0.4164037854889589,35237.5,31346.666666666668,28394.166666666668,0.4093296307560474,0.8451092258126012,0.022099447513812,0.3381555153707052,0.2271973466003316,0.0500177367860943,0.1803487877498937,0.3030845537522377,37900.0,22100.0,-0.0237467018469657,0.6742081447963801,19327238.0,715107806000.0,19337458000.0,11991622017.5,0.0270413185784745,yfinance_download,131970.KQ
2025-09-10,37700.0,37900.0,36800.0,37850.0,37791.1484375,450508.0,0.022972972972973,-0.4029968454258675,35390.0,31506.666666666668,28464.58333333333,0.387147364370546,0.8452133887991412,0.0876436781609195,0.3398230088495575,0.2874149659863945,0.0695111613450127,0.2013330512060938,0.3297226085047209,37900.0,22100.0,-0.0013192612137202,0.7126696832579185,19327238.0,731535958300.0,17051727800.0,11223595027.5,0.0233094868495953,yfinance_download,131970.KQ
2025-09-11,39200.0,39800.0,37250.0,39150.0,39089.125,607364.0,0.0343461030383092,-0.3824921135646687,35572.5,31682.5,28541.25,0.3979089364298831,0.8471005136993054,0.1028169014084507,0.3688811188811189,0.307178631051753,0.1005692599620493,0.2356979405034325,0.3716988569176191,39150.0,22100.0,0.0,0.7714932126696832,19327238.0,756661367700.0,23778300600.0,11059748832.5,0.0314252869447771,yfinance_download,131970.KQ
2025-09-12,39000.0,39400.0,38450.0,38700.0,38639.82421875,311611.0,-0.0114942528735632,-0.389589905362776,35687.5,31854.166666666668,28613.75,0.3946486151107293,0.8474574426675459,0.0631868131868131,0.3626760563380282,0.29,0.0844133099824868,0.2149117069980379,0.3524966143899348,39150.0,22100.0,-0.0114942528735632,0.751131221719457,19327238.0,747964110600.0,12059345700.0,10940669337.5,0.0161228935039761,yfinance_download,131970.KQ
2025-09-15,39850.0,40500.0,38700.0,39550.0,39488.50390625,364013.0,0.0219638242894055,-0.3761829652996845,35915.0,32035.83333333333,28691.25,0.3670317970656014,0.8480426060814044,0.1299999999999999,0.3804537521815008,0.3074380165289256,0.1012111930948072,0.2345550555367688,0.3784690454406831,39550.0,22100.0,0.0,0.7895927601809956,19327238.0,764392262900.0,14396714150.0,11169675545.0,0.0188341965882553,yfinance_download,131970.KQ
2025-09-16,39650.0,39950.0,38800.0,39850.0,39788.03515625,253575.0,0.0075853350189634,-0.3714511041009464,36187.5,32241.666666666668,28780.0,0.3563478532404374,0.8424130155198846,0.1584302325581394,0.449090909090909,0.3647260273972603,0.1012089810017271,0.2359782889635564,0.3846421125781794,39850.0,22100.0,0.0,0.8031674208144797,19327238.0,770190434300.0,10104963750.0,11168459412.5,0.0131200847218831,yfinance_download,131970.KQ
2025-09-17,38900.0,39550.0,38200.0,38950.0,38889.4375,283051.0,-0.0225846925972396,-0.3856466876971609,36427.5,32401.666666666668,28870.0,0.3687676685831638,0.8352620739170196,0.1405563689604685,0.3270868824531516,0.3836589698046182,0.0692471347196486,0.2020986574764671,0.3491513682022862,39850.0,22100.0,-0.0225846925972396,0.7624434389140271,19327238.0,752795920100.0,11024836450.0,11247039622.5,0.0146451862392339,yfinance_download,131970.KQ
2025-09-18,39300.0,41300.0,38500.0,40250.0,40187.4140625,577539.0,0.0333761232349165,-0.3651419558359621,36692.5,32583.33333333333,28967.08333333333,0.3763117846688942,0.8370426699469883,0.1516452074391989,0.3713798977853493,0.4073426573426573,0.0969544184778905,0.2352941176470588,0.3895082061535364,40250.0,22100.0,0.0,0.8212669683257918,19327238.0,777921329500.0,23245944750.0,11704790295.0,0.0298821280102206,yfinance_download,131970.KQ
2025-09-19,41050.0,41100.0,39150.0,39850.0,39788.03515625,328692.0,-0.0099378881987577,-0.3714511041009464,36920.0,32779.166666666664,29067.916666666668,0.3810750028755684,0.8315165944137033,0.1288951841359773,0.4181494661921707,0.436036036036036,0.0793607800650053,0.2157111986780222,0.3709272823703109,40250.0,22100.0,-0.0099378881987577,0.8031674208144797,19327238.0,770190434300.0,13098376200.0,11986051545.0,0.0170066721380468,yfinance_download,131970.KQ
2025-09-22,40000.0,42500.0,39950.0,41400.0,41335.625,612667.0,0.0388958594730237,-0.3470031545741324,37190.0,32998.333333333336,29194.58333333333,0.3957434854911389,0.834058825605835,0.1499999999999999,0.4654867256637167,0.5801526717557253,0.113202473783275,0.2546088186272033,0.4180712746371331,41400.0,22100.0,0.0,0.8733031674208145,19327238.0,800147653200.0,25364413800.0,12741126435.0,0.031699666553493,yfinance_download,131970.KQ
2025-09-23,42750.0,42850.0,40500.0,41650.0,41585.23828125,387508.0,0.0060386473429951,-0.3430599369085173,37455.0,33255.833333333336,29333.33333333333,0.3956615659270202,0.8171646294460934,0.1458046767537826,0.5896946564885497,0.6659999999999999,0.1120010679482044,0.2524118575688474,0.4198863636363636,41650.0,22100.0,0.0,0.8846153846153846,19327238.0,804979462700.0,16139708200.0,13139083470.0,0.0200498384714877,yfinance_download,131970.KQ
2025-09-24,40550.0,41750.0,40200.0,41600.0,41535.31640625,275395.0,-0.0012004801920768,-0.3438485804416403,37737.5,33519.166666666664,29467.5,0.3912090951940204,0.8158926369515606,0.157162726008345,0.6124031007751938,0.6313725490196078,0.1023517721099702,0.2410809735723342,0.4117247815389837,41650.0,22100.0,-0.0012004801920768,0.8823529411764706,19327238.0,804013100800.0,11456432000.0,13327935702.5,0.0142490613506182,yfinance_download,131970.KQ
2025-09-25,40800.0,41650.0,40500.0,40900.0,40836.40625,209296.0,-0.0168269230769231,-0.3548895899053628,37990.0,33776.666666666664,29597.5,0.3992538548019539,0.8163080411221935,0.1408647140864714,0.6070726915520628,0.616600790513834,0.0765991050276388,0.2108950952333959,0.3818734690429934,41650.0,22100.0,-0.0180072028811524,0.8506787330316743,19327238.0,790484034200.0,8560206400.0,13372623482.5,0.0108290693165779,yfinance_download,131970.KQ
2025-09-26,40300.0,40550.0,39300.0,40000.0,39937.8046875,257980.0,-0.0220048899755501,-0.3690851735015773,38167.5,33994.166666666664,29723.75,0.4101456207095122,0.8120507787521412,0.0973936899862826,0.484230055658627,0.6096579476861168,0.0480120521385996,0.1766724683156424,0.345725219731696,41650.0,22100.0,-0.0396158463385354,0.8099547511312217,19327238.0,773089520000.0,10319200000.0,12814644375.0,0.0133480014060984,yfinance_download,131970.KQ
2025-09-29,39850.0,40750.0,39500.0,39950.0,39887.8828125,121811.0,-0.0012499999999999,-0.3698738170347003,38452.5,34197.5,29854.166666666668,0.3313688897623096,0.8109585507469167,0.1664233576642335,0.4396396396396396,0.6440329218106995,0.0389441518756907,0.1682140507347027,0.3381716678297277,41650.0,22100.0,-0.0408163265306122,0.8076923076923077,19327238.0,772123158100.0,4866349450.0,12377124935.0,0.0063025560092963,yfinance_download,131970.KQ
2025-09-30,40600.0,41000.0,39600.0,39850.0,39788.03515625,107313.0,-0.0025031289111389,-0.3714511041009464,38740.0,34365.0,29998.75,0.3305101323648135,0.7991788995370681,0.1686217008797654,0.337248322147651,0.7711111111111111,0.0286525554981931,0.1596100683835297,0.3283886828617859,41650.0,22100.0,-0.0432172869147658,0.8031674208144797,19327238.0,770190434300.0,4276423050.0,12314935572.5,0.0055524229587279,yfinance_download,131970.KQ
2025-10-01,40450.0,43400.0,40250.0,42700.0,42633.60546875,507391.0,0.0715181932245923,-0.3264984227129337,39170.0,34586.666666666664,30165.416666666668,0.3980703663816905,0.8092665911951687,0.252199413489736,0.4523809523809523,0.8810572687224669,0.0901199897881031,0.2345797995373941,0.4155282677459011,42700.0,22100.0,0.0,0.9321266968325792,19327238.0,825273062600.0,21665595700.0,13159455682.5,0.0262526388923238,yfinance_download,131970.KQ
2025-10-02,44800.0,44800.0,43200.0,44500.0,44430.80859375,492400.0,0.0421545667447307,-0.2981072555205047,39677.5,34878.333333333336,30350.0,0.4120627365535315,0.7906517383785886,0.2954876273653566,0.6481481481481481,0.9910514541387024,0.1215424358893579,0.2758637167295836,0.4662273476112026,44500.0,22100.0,0.0,1.013574660633484,19327238.0,860062091000.0,21911800000.0,13933435220.0,0.0254769977996856,yfinance_download,131970.KQ
2025-10-10,46750.0,46750.0,45000.0,45850.0,45778.70703125,366256.0,0.0303370786516854,-0.276813880126183,40235.0,35192.5,30534.58333333333,0.4162037221220568,0.7915458186014077,0.3213256484149855,0.6981481481481482,0.9345991561181436,0.1395551137069715,0.3028344107409249,0.5015760817652117,45850.0,22100.0,0.0,1.074660633484163,19327238.0,886153862300.0,16792837600.0,14485139970.0,0.0189502504186061,yfinance_download,131970.KQ
2025-10-13,43650.0,49500.0,43600.0,49200.0,49123.5,498960.0,0.0730643402399127,-0.2239747634069401,40937.5,35555.0,30745.416666666668,0.4653271457083941,0.8019560345359175,0.3997155049786629,0.7923497267759563,1.0585774058577404,0.2018320610687023,0.3837716214315849,0.6002385179362777,49200.0,22100.0,0.0,1.2262443438914028,19327238.0,950900109600.0,24548832000.0,15499973280.0,0.0258164151546123,yfinance_download,131970.KQ
2025-10-14,51000.0,51000.0,44550.0,45700.0,45628.94140625,837144.0,-0.0711382113821138,-0.2791798107255521,41372.5,35870.833333333336,30923.75,0.5419657143870332,0.816132986021183,0.2351351351351351,0.7084112149532711,0.8806584362139918,0.1045984651640583,0.2740155651062841,0.4778285298516511,49200.0,22100.0,-0.0711382113821138,1.067873303167421,19327238.0,883254776600.0,38257480800.0,16445974420.0,0.043314207648294,yfinance_download,131970.KQ
2025-10-15,46700.0,55400.0,45950.0,53800.0,53716.34765625,1868573.0,0.1772428884026258,-0.1514195583596214,42170.0,36312.5,31167.916666666668,0.801195982556883,0.8849434254901708,0.4214002642007926,0.9706959706959708,1.195918367346939,0.2757884752193502,0.4815834767641995,0.7261339785837466,53800.0,22100.0,0.0,1.434389140271493,19327238.0,1039805404400.0,100529227400.0,20619849400.0,0.0966808087115189,yfinance_download,131970.KQ
2025-10-16,52300.0,53700.0,51900.0,53100.0,53017.43359375,589379.0,-0.0130111524163568,-0.1624605678233438,42867.5,36739.16666666666,31412.08333333333,0.8066866285550158,0.8864563590121572,0.3563218390804596,0.9309090909090908,1.23109243697479,0.2387006473435586,0.4453240184181279,0.6904322911830638,53800.0,22100.0,-0.0130111524163568,1.4027149321266967,19327238.0,1026276337800.0,31296024900.0,20995735615.0,0.030494734943503,yfinance_download,131970.KQ
2025-10-17,52000.0,52900.0,49500.0,49850.0,49772.48828125,515747.0,-0.0612052730696798,-0.2137223974763407,43425.0,37065.0,31625.0,0.8478264754675704,0.8791601273944071,0.2881136950904392,0.6452145214521452,1.051440329218107,0.1479562464018422,0.3449345743963308,0.5762845849802372,53800.0,22100.0,-0.0734200743494424,1.255656108597285,19327238.0,963462814300.0,25709987950.0,21678267727.5,0.0266849820962519,yfinance_download,131970.KQ
2025-10-20,50600.0,51100.0,48750.0,49500.0,49423.03125,369558.0,-0.0070210631895687,-0.2192429022082018,43922.5,37410.0,31837.916666666668,0.8504657401438229,0.8712162264854046,0.2515802781289507,0.71875,1.0668058455114822,0.1269850304513631,0.3231756214915797,0.5547499705539778,53800.0,22100.0,-0.0799256505576208,1.239819004524887,19327238.0,956698281000.0,18293121000.0,21873088070.0,0.0191210973859793,yfinance_download,131970.KQ
2025-10-21,51000.0,51200.0,48050.0,48600.0,48524.4296875,380196.0,-0.0181818181818181,-0.2334384858044164,44360.0,37742.5,32043.33333333333,0.8573617518691278,0.872613895049165,0.219573400250941,0.6963350785340314,1.0292275574112737,0.0955816050495941,0.2876730476253559,0.5166961406428794,53800.0,22100.0,-0.0966542750929367,1.1990950226244346,19327238.0,939303766800.0,18477525600.0,22291716162.5,0.0196715122978254,yfinance_download,131970.KQ
2025-10-22,48300.0,48500.0,47150.0,48150.0,48075.1328125,371090.0,-0.0092592592592593,-0.2405362776025236,44820.0,38080.833333333336,32248.75,0.8516650416931089,0.869966443914612,0.2362002567394094,0.7289048473967683,1.048936170212766,0.0742971887550201,0.264415607151454,0.4930811271754718,53800.0,22100.0,-0.1050185873605947,1.178733031674208,19327238.0,930606509700.0,17867983500.0,22633873515.0,0.0192003637560628,yfinance_download,131970.KQ
2025-10-23,47200.0,48300.0,46700.0,47950.0,47875.44140625,310398.0,-0.004153686396677,-0.2436908517350158,45205.0,38425.0,32443.33333333333,0.8495612625177358,0.8682357740966138,0.1913043478260869,0.7564102564102564,0.9491869918699188,0.0607233713084836,0.2478854912166559,0.4779615740265077,53800.0,22100.0,-0.1087360594795538,1.169683257918552,19327238.0,926741062100.0,14883584100.0,22215755482.5,0.0160601323375849,yfinance_download,131970.KQ
2025-10-24,49650.0,49650.0,48050.0,48700.0,48624.27734375,295849.0,0.0156412930135558,-0.2318611987381703,45647.5,38783.333333333336,32645.416666666668,0.846414387286579,0.8677672839615064,0.2220828105395231,0.7904411764705883,0.9918200408997956,0.0668711320444712,0.2556940266437473,0.491786749033172,53800.0,22100.0,-0.0947955390334572,1.2036199095022626,19327238.0,941236490600.0,14407846300.0,22281228987.5,0.0153073605240438,yfinance_download,131970.KQ
2025-10-27,49900.0,51500.0,49000.0,50900.0,50820.85546875,415800.0,0.0451745379876795,-0.1971608832807571,46122.5,39178.333333333336,32862.916666666664,0.8494119481597562,0.8702382768967798,0.2294685990338163,0.8713235294117647,1.0524193548387095,0.1035828500189712,0.2991874760709574,0.5488582622256597,53800.0,22100.0,-0.053903345724907,1.3031674208144794,19327238.0,983756414200.0,21164220000.0,22071219297.5,0.0215136792955103,yfinance_download,131970.KQ
2025-10-28,50100.0,50400.0,48800.0,49000.0,48923.80859375,265235.0,-0.037328094302554,-0.2271293375394322,46490.0,39405.833333333336,33065.833333333336,0.8669925815773384,0.6370119296224716,0.1764705882352941,0.386138613861386,0.9878296146044624,0.0539901053990106,0.243470721339903,0.4818921847828825,53800.0,22100.0,-0.0892193308550185,1.2171945701357467,19327238.0,947034662000.0,12996515000.0,21914059637.5,0.0137233783740853,yfinance_download,131970.KQ
2025-10-29,49900.0,50500.0,48650.0,50100.0,50022.09765625,244031.0,0.0224489795918367,-0.2097791798107255,46915.0,39663.333333333336,33269.583333333336,0.8671845126111671,0.6355236181022447,0.2043269230769231,0.4458874458874458,0.953216374269006,0.0678887349461792,0.2631313555760988,0.5058799954913771,53800.0,22100.0,-0.0687732342007435,1.2669683257918551,19327238.0,968294623800.0,12225953100.0,21952535692.5,0.012626273862825,yfinance_download,131970.KQ
2025-10-30,49600.0,52400.0,49050.0,51700.0,51619.61328125,531443.0,0.0319361277445109,-0.1845425867507886,47455.0,39960.833333333336,33489.583333333336,0.8639346164676048,0.6344289734349773,0.2640586797066016,0.5273264401772526,1.0434782608695654,0.0894531661574122,0.2937668133380602,0.5437636080870916,53800.0,22100.0,-0.0390334572490705,1.3393665158371042,19327238.0,999218204600.0,27475603100.0,22898305527.5,0.0274971002064547,yfinance_download,131970.KQ
2025-10-31,50800.0,50900.0,49250.0,50200.0,50121.9453125,340000.0,-0.0290135396518375,-0.2082018927444795,47965.0,40255.833333333336,33699.166666666664,0.8680626221410384,0.6313205778780976,0.2549999999999999,0.5446153846153847,1.003992015968064,0.046596476597519,0.2470242407932597,0.4896510794035462,53800.0,22100.0,-0.0669144981412639,1.2714932126696832,19327238.0,970227347600.0,17068000000.0,23235745527.5,0.0175917531516919,yfinance_download,131970.KQ
2025-11-03,51000.0,54000.0,49850.0,52400.0,52318.5234375,567430.0,0.043824701195219,-0.1735015772870662,48587.5,40611.66666666666,33923.75,0.8731357902440462,0.6258196537732442,0.311639549436796,0.6876006441223832,1.0589390962671907,0.0784666838178544,0.2902696269544877,0.5446405541840156,53800.0,22100.0,-0.0260223048327137,1.3710407239819005,19327238.0,1012747271200.0,29733332000.0,24479094655.0,0.0293590837966604,yfinance_download,131970.KQ
2025-11-04,52200.0,52400.0,50000.0,50200.0,50121.9453125,329441.0,-0.0419847328244274,-0.2082018927444795,49105.0,40930.833333333336,34133.333333333336,0.8946315585656175,0.634396657831518,0.2597239648682559,0.6167471819645733,1.003992015968064,0.0222991548722126,0.2264592707209316,0.470703125,53800.0,22100.0,-0.0669144981412639,1.2714932126696832,19327238.0,970227347600.0,16537938200.0,25092170412.5,0.017045425735431,yfinance_download,131970.KQ
2025-11-05,48800.0,49250.0,45100.0,47450.0,47376.21875,344847.0,-0.0547808764940238,-0.251577287066246,49342.5,41193.333333333336,34325.833333333336,0.8974846167171723,0.6470592322244513,0.1112412177985948,0.4968454258675079,0.9486652977412732,-0.038354359831788,0.1518854183524842,0.3823408026025101,53800.0,22100.0,-0.1180297397769516,1.1470588235294117,19327238.0,917077443100.0,16362990150.0,24827040135.0,0.0178425391150044,yfinance_download,131970.KQ
2025-11-06,48700.0,48950.0,46500.0,48000.0,47925.36328125,223582.0,0.01159114857745,-0.2429022082018928,49517.5,41475.833333333336,34514.166666666664,0.8879947073265113,0.644457022457253,0.0786516853932584,0.5458937198067633,0.889763779527559,-0.0306457313071136,0.1573004359968655,0.3907332737764686,53800.0,22100.0,-0.1078066914498141,1.171945701357466,19327238.0,927707424000.0,10731936000.0,24268046935.0,0.0115682333916517,yfinance_download,131970.KQ
2025-11-07,46000.0,47450.0,44950.0,45600.0,45529.09765625,236763.0,-0.05,-0.2807570977917981,49505.0,41670.833333333336,34682.5,0.9034970027207184,0.6311575510530298,-0.0054525627044711,0.3451327433628319,0.795275590551181,-0.0788809211190788,0.0942905709429056,0.3147841130253008,53800.0,22100.0,-0.1524163568773234,1.063348416289593,19327238.0,881322052800.0,10796392800.0,23968224695.0,0.0122502242689824,yfinance_download,131970.KQ
2025-11-10,45700.0,48250.0,44350.0,47250.0,47176.53125,270720.0,0.0361842105263157,-0.2547318611987381,49407.5,41847.5,34860.0,0.8735746560476362,0.6147287764804032,-0.0396341463414634,0.2892223738062756,0.8208092485549132,-0.0436674593938167,0.1290997072704462,0.3554216867469879,53800.0,22100.0,-0.1217472118959107,1.1380090497737556,19327238.0,913211995500.0,12791520000.0,23380359095.0,0.0140071747447824,yfinance_download,131970.KQ
2025-11-11,47850.0,48550.0,45850.0,46600.0,46527.54296875,233009.0,-0.0137566137566137,-0.2649842271293375,49452.5,42020.833333333336,35037.916666666664,0.8350634294465621,0.6149132393561665,0.0196936542669583,0.2872928176795579,0.8455445544554456,-0.057681613669683,0.108973723351512,0.3299877513645932,53800.0,22100.0,-0.1338289962825278,1.1085972850678734,19327238.0,900649290800.0,10858219400.0,22010396025.0,0.0120559906180076,yfinance_download,131970.KQ
2025-11-12,46650.0,47650.0,45350.0,47000.0,46926.91796875,181345.0,0.0085836909871244,-0.2586750788643532,49112.5,42224.16666666666,35230.833333333336,0.5222085350461648,0.6081897230652061,-0.1263940520446096,0.3505747126436782,0.970649895178197,-0.0430134894375159,0.113106633247153,0.3340587080445631,53800.0,22100.0,-0.1263940520446096,1.1266968325791855,19327238.0,908380186000.0,8523215000.0,17410095405.0,0.0093828719861575,yfinance_download,131970.KQ
2025-11-13,46600.0,47750.0,46250.0,47350.0,47276.375,166141.0,0.0074468085106382,-0.2531545741324921,48825.0,42421.66666666666,35431.666666666664,0.523724566303833,0.6074627067774117,-0.1082862523540489,0.3338028169014084,1.0365591397849463,-0.0302099334357398,0.1161749106195733,0.3363751822757421,53800.0,22100.0,-0.1198884758364312,1.1425339366515836,19327238.0,915144719300.0,7866776350.0,16238632977.5,0.0085962101775742,yfinance_download,131970.KQ
2025-11-14,45450.0,45800.0,44100.0,44100.0,44031.4296875,227179.0,-0.0686378035902851,-0.3044164037854889,48537.5,42550.0,35605.416666666664,0.5348147246298611,0.624645220299382,-0.115346038114343,0.2115384615384614,0.896774193548387,-0.0914241565799639,0.036427732079906,0.238575591260693,53800.0,22100.0,-0.1802973977695167,0.995475113122172,19327238.0,852331195800.0,10018593900.0,15454063275.0,0.0117543437919065,yfinance_download,131970.KQ
2025-11-17,45100.0,46350.0,44400.0,46000.0,45928.47265625,156453.0,0.0430839002267573,-0.2744479495268138,48362.5,42733.333333333336,35795.416666666664,0.5618923363347879,0.6233557585266927,-0.0707070707070707,0.3142857142857143,0.9827586206896552,-0.0488498319979322,0.0764430577223087,0.2850807249531482,53800.0,22100.0,-0.1449814126394052,1.0814479638009051,19327238.0,889052948000.0,7196838000.0,14899249125.0,0.0080949486936519,yfinance_download,131970.KQ
2025-11-18,44950.0,46000.0,44000.0,44600.0,44530.65234375,123139.0,-0.0304347826086957,-0.2965299684542587,48162.5,42903.333333333336,35979.583333333336,0.5679172411933459,0.6259894609857447,-0.0823045267489711,0.2965116279069768,0.9822222222222224,-0.0739683363612769,0.0395462668013362,0.2395918981829972,53800.0,22100.0,-0.1710037174721189,1.0180995475113122,19327238.0,861994814800.0,5491999400.0,14249972815.0,0.0063712673274888,yfinance_download,131970.KQ
2025-11-19,44150.0,44300.0,42350.0,43750.0,43681.97265625,174378.0,-0.0190582959641255,-0.3099369085173501,47942.5,43063.333333333336,36160.0,0.5702562989120272,0.6274474489272628,-0.091381100726895,0.281112737920937,0.9796380090497738,-0.0874485060228398,0.0159455066181593,0.2099004424778761,53800.0,22100.0,-0.1868029739776951,0.9796380090497738,19327238.0,845566662500.0,7629037500.0,13738025515.0,0.0090223962678992,yfinance_download,131970.KQ
2025-11-20,45200.0,45350.0,43700.0,43850.0,43781.81640625,156571.0,0.0022857142857142,-0.308359621451104,47737.5,43211.66666666666,36337.91666666666,0.5707154081286235,0.626273620185491,-0.0855057351407716,0.2546494992846924,0.9488888888888888,-0.0814349306101073,0.0147722451498437,0.2067285090183579,53800.0,22100.0,-0.1849442379182155,0.984162895927602,19327238.0,847499386300.0,6865638350.0,13337128227.5,0.0081010540668045,yfinance_download,131970.KQ
2025-11-21,40950.0,41800.0,40500.0,40950.0,40886.328125,214496.0,-0.0661345496009122,-0.3541009463722397,47350.0,43305.833333333336,36493.333333333336,0.6063971895175966,0.6426552805967534,-0.1591375770020534,0.160056657223796,0.836322869955157,-0.1351636747624076,-0.0543999076336906,0.1221227621483376,53800.0,22100.0,-0.2388475836431226,0.8529411764705883,19327238.0,791450396100.0,8783611200.0,13055916472.5,0.0110981196588979,yfinance_download,131970.KQ
2025-11-24,41700.0,42050.0,40650.0,41450.0,41385.55078125,135552.0,0.0122100122100121,-0.3462145110410094,46877.5,43396.66666666666,36645.833333333336,0.5787700213569951,0.6420055896871275,-0.1856581532416502,0.1513888888888888,0.7904967602591793,-0.1157804917071089,-0.044857515938244,0.1310972143263216,53800.0,22100.0,-0.2295539033457249,0.8755656108597285,19327238.0,801114015100.0,5618630400.0,12278636992.5,0.0070135215388768,yfinance_download,131970.KQ
2025-11-25,42800.0,43100.0,41950.0,42700.0,42633.60546875,119776.0,0.0301568154402895,-0.3264984227129337,46562.5,43502.5,36807.083333333336,0.5853881859822158,0.6442631117050706,-0.1285714285714285,0.1746905089408528,0.828693790149893,-0.0829530201342282,-0.0184472156772599,0.1601027881861507,53800.0,22100.0,-0.2063197026022305,0.9321266968325792,19327238.0,825273062600.0,5114435200.0,11884533002.5,0.0061972641926383,yfinance_download,131970.KQ
2025-11-26,44300.0,44700.0,42700.0,44550.0,44480.73046875,166759.0,0.0433255269320842,-0.2973186119873817,46285.0,43645.833333333336,36952.5,0.6033550527497771,0.6486542580547239,-0.1107784431137725,0.239221140472879,0.6439114391143912,-0.0374851463757156,0.0207159904534606,0.20560178607672,53800.0,22100.0,-0.1719330855018587,1.015837104072398,19327238.0,861028452900.0,7429113450.0,11644691020.0,0.0086281857759499,yfinance_download,131970.KQ
2025-11-27,45000.0,45300.0,43600.0,43850.0,43781.81640625,132848.0,-0.015712682379349,-0.308359621451104,45892.5,43779.16666666666,37086.66666666666,0.5880124627256074,0.6498044108886081,-0.1518375241779497,0.2231520223152021,0.5801801801801802,-0.0445061829274936,0.0016179689730655,0.1823656300557254,53800.0,22100.0,-0.1849442379182155,0.984162895927602,19327238.0,847499386300.0,5825384800.0,10562180105.0,0.0068736153608704,yfinance_download,131970.KQ
2025-11-28,44250.0,44850.0,43350.0,44800.0,44730.33984375,95053.0,0.0216647662485747,-0.2933753943217665,45622.5,43918.333333333336,37228.75,0.5909767226834066,0.6502899688755689,-0.1075697211155378,0.2290809327846366,0.6144144144144144,-0.0180283851169926,0.020075139463398,0.2033710505993351,53800.0,22100.0,-0.1672862453531598,1.0271493212669682,19327238.0,865860262400.0,4258374400.0,9921698825.0,0.0049180850362581,yfinance_download,131970.KQ
2025-12-01,46150.0,46450.0,45300.0,45950.0,45878.55078125,164657.0,0.0256696428571427,-0.2752365930599368,45300.0,44113.333333333336,37383.333333333336,0.5743602943015137,0.6375609731734718,-0.1230916030534351,0.3416058394160584,0.6770072992700731,0.0143487858719646,0.0416351821066949,0.2291573785109228,53800.0,22100.0,-0.1459107806691449,1.0791855203619911,19327238.0,888086586100.0,7565989150.0,8813331682.5,0.0085194273491121,yfinance_download,131970.KQ
2025-12-02,46000.0,46250.0,45200.0,45400.0,45329.40625,96639.0,-0.0119695321001087,-0.2839116719242902,45060.0,44301.66666666666,37534.583333333336,0.5590373055510461,0.6382618788785314,-0.0956175298804781,0.3313782991202345,0.6660550458715597,0.0075454948956945,0.0247921447650578,0.2095511916787851,53800.0,22100.0,-0.1561338289962824,1.0542986425339365,19327238.0,877456605200.0,4387410600.0,8205805302.5,0.0050001453906657,yfinance_download,131970.KQ
2025-12-03,45900.0,46100.0,44900.0,45450.0,45379.328125,65285.0,0.001101321585903,-0.2831230283911672,44960.0,44490.833333333336,37687.5,0.5265065774451706,0.6382249334102513,-0.0421496311907271,0.3328445747800586,0.6771217712177122,0.0108985765124556,0.0215587480567156,0.2059701492537313,53800.0,22100.0,-0.1552044609665427,1.0565610859728505,19327238.0,878422967100.0,2967203250.0,7536015957.5,0.003377875307377,yfinance_download,131970.KQ
2025-12-04,45300.0,45300.0,43350.0,44000.0,43931.5859375,133596.0,-0.0319031903190318,-0.305993690851735,44760.0,44651.66666666666,37812.083333333336,0.5346054520902336,0.6428117188350808,-0.0833333333333333,0.2809315866084425,0.5146299483648882,-0.0169794459338695,-0.0145944533612033,0.163649186216928,53800.0,22100.0,-0.1821561338289963,0.990950226244344,19327238.0,850398472000.0,5878224000.0,7293330357.5,0.0069123172178042,yfinance_download,131970.KQ
2025-12-05,43650.0,44450.0,43450.0,44300.0,44231.1171875,67718.0,0.0068181818181818,-0.3012618296529968,44695.0,44811.66666666666,37942.083333333336,0.5067939953502306,0.6427307856115462,-0.0285087719298245,0.2766570605187319,0.5435540069686411,-0.0088376775925719,-0.011418157473872,0.1675689922140102,53800.0,22100.0,-0.1765799256505575,1.004524886877828,19327238.0,856196643400.0,2999907400.0,6903506087.5,0.0035037598233125,yfinance_download,131970.KQ
2025-12-08,44500.0,44500.0,43400.0,44050.0,43981.5078125,93406.0,-0.0056433408577878,-0.305205047318612,44535.0,44960.0,38075.41666666666,0.4875229156491299,0.6428600220463164,-0.0677248677248677,0.2532005689900427,0.570409982174688,-0.010890310991355,-0.0202402135231316,0.1569144570534357,53800.0,22100.0,-0.1812267657992564,0.993212669683258,19327238.0,851364833900.0,4114534300.0,6469656802.5,0.0048328685143733,yfinance_download,131970.KQ
2025-12-09,43600.0,44000.0,43100.0,43450.0,43382.4375,65331.0,-0.0136208853575482,-0.3146687697160883,44377.5,45067.5,38207.083333333336,0.4874836001107492,0.6359983296802365,-0.0675965665236051,0.1743243243243244,0.5714285714285714,-0.0209002309729029,-0.0358906085316469,0.1372236823451147,53800.0,22100.0,-0.1923791821561338,0.9660633484162896,19327238.0,839768491100.0,2838631950.0,6068677430.0,0.0033802553680976,yfinance_download,131970.KQ
2025-12-10,43450.0,43900.0,43000.0,43000.0,42933.140625,89517.0,-0.0103567318757191,-0.3217665615141956,44177.5,45153.333333333336,38330.0,0.486128785092085,0.6352956267480677,-0.0851063829787234,0.1360634081902245,0.5221238938053097,-0.026653839624243,-0.0476893547910822,0.1218366814505609,53800.0,22100.0,-0.2007434944237918,0.9457013574660632,19327238.0,831071234000.0,3849231000.0,5834978230.0,0.0046316499025882,yfinance_download,131970.KQ
2025-12-11,43600.0,43800.0,42550.0,43350.0,43282.59375,124011.0,0.0081395348837209,-0.3162460567823344,43977.5,45223.333333333336,38452.91666666666,0.4863510207368499,0.6320155620755015,-0.0844772967265047,0.10727969348659,0.5157342657342658,-0.0142686601102837,-0.0414240436352916,0.1273527149002569,53800.0,22100.0,-0.1942379182156134,0.9615384615384616,19327238.0,837835767300.0,5375876850.0,5710433255.0,0.0064163850002778,yfinance_download,131970.KQ
2025-12-12,43650.0,43950.0,42650.0,43850.0,43781.81640625,266248.0,0.0115340253748559,-0.308359621451104,43965.0,45309.16666666666,38581.66666666666,0.4242129905383264,0.6316064539030172,-0.0056689342403628,0.1330749354005167,0.5440140845070423,-0.0026157170476515,-0.0322046679295947,0.1365501749535618,53800.0,22100.0,-0.1849442379182155,0.984162895927602,19327238.0,847499386300.0,11674974800.0,5793252300.0,0.0137757914503872,yfinance_download,131970.KQ
2025-12-15,42600.0,42600.0,42100.0,42250.0,42184.3046875,109056.0,-0.0364880273660205,-0.333596214511041,43777.5,45354.16666666666,38695.0,0.4109970484577674,0.6353955587263905,-0.0815217391304348,0.06826801517067,0.4746945898778358,-0.0348923533778767,-0.0684428112080844,0.0918723349269932,53800.0,22100.0,-0.2146840148698885,0.911764705882353,19327238.0,816575805500.0,4607616000.0,5663791200.0,0.0056426065638556,yfinance_download,131970.KQ
2025-12-16,42100.0,42200.0,40800.0,41100.0,41036.09375,132859.0,-0.0272189349112426,-0.3517350157728707,43602.5,45375.0,38808.333333333336,0.4083957841855649,0.6380553041842133,-0.0784753363228699,0.0313676286072772,0.4945454545454546,-0.0573934980792385,-0.0942148760330578,0.0590508911316296,53800.0,22100.0,-0.2360594795539033,0.8597285067873304,19327238.0,794349481800.0,5460504900.0,5662216475.0,0.0068741845058254,yfinance_download,131970.KQ
2025-12-17,41300.0,45000.0,41000.0,44800.0,44730.33984375,257449.0,0.0900243309002433,-0.2933753943217665,43655.0,45472.5,38937.083333333336,0.5219658155554925,0.6613713382522272,0.024,0.1501925545571245,0.526405451448041,0.0262283816286794,-0.0147891582824783,0.1505741099423214,53800.0,22100.0,-0.1672862453531598,1.0271493212669682,19327238.0,865860262400.0,11533715200.0,5857450360.0,0.0133205272269115,yfinance_download,131970.KQ
2025-12-18,43900.0,45450.0,42400.0,43000.0,42933.140625,248609.0,-0.0401785714285714,-0.3217665615141956,43612.5,45518.333333333336,39050.833333333336,0.5426807733537468,0.664191962063233,-0.0193842645381984,0.0683229813664596,0.465076660988075,-0.0140441387216967,-0.0553256929442349,0.1011288704893194,53800.0,22100.0,-0.2007434944237918,0.9457013574660632,19327238.0,831071234000.0,10690187000.0,6048677792.5,0.0128631416449675,yfinance_download,131970.KQ
2025-12-19,43750.0,43850.0,42300.0,42700.0,42633.60546875,103047.0,-0.0069767441860465,-0.3264984227129337,43700.0,45565.833333333336,39172.5,0.4852735863919439,0.6639935452096628,0.0427350427350428,0.0715181932245923,0.5195729537366549,-0.022883295194508,-0.0628943470070777,0.0900504180228476,53800.0,22100.0,-0.2063197026022305,0.9321266968325792,19327238.0,825273062600.0,4400106900.0,5829502577.5,0.0053316981971247,yfinance_download,131970.KQ
2025-12-22,43950.0,45650.0,43700.0,45650.0,45579.01953125,209881.0,0.0690866510538641,-0.2799684542586751,43910.0,45636.66666666666,39317.5,0.5393117824581974,0.6739694525949541,0.1013268998793728,0.1026570048309178,0.615929203539823,0.0396265087679343,0.0002921627346432,0.1610605964265277,53800.0,22100.0,-0.1514869888475836,1.065610859728507,19327238.0,882288414700.0,9581067650.0,6027624440.0,0.0108593374800889,yfinance_download,131970.KQ
2025-12-23,46200.0,46200.0,44550.0,44950.0,44880.10546875,147162.0,-0.0153340635268346,-0.2910094637223974,44022.5,45691.66666666666,39473.75,0.5357468188181802,0.6749112991609331,0.0526932084309132,0.0792316926770708,0.7156488549618321,0.0210687716508604,-0.0162319897866131,0.1387314354476077,53800.0,22100.0,-0.1644981412639404,1.0339366515837105,19327238.0,868759348100.0,6614931900.0,6102649275.0,0.0076142281685567,yfinance_download,131970.KQ
2025-12-24,45700.0,47650.0,45250.0,46450.0,46377.7734375,305204.0,0.0333704115684092,-0.2673501577287066,44117.5,45772.5,39645.833333333336,0.5269254218839887,0.6778941918812301,0.042648709315376,0.1165865384615385,0.8003875968992249,0.0528701762339207,0.0148014637609918,0.1716237519705727,53800.0,22100.0,-0.1366171003717472,1.1018099547511313,19327238.0,897750205100.0,14176725800.0,6440029892.5,0.0157913924379675,yfinance_download,131970.KQ
2025-12-26,47850.0,48450.0,46350.0,47150.0,47076.6875,288436.0,0.0150699677072121,-0.2563091482649842,44282.5,45876.66666666666,39826.66666666666,0.5240575578091442,0.6771193745039901,0.0752565564424172,0.1528117359413203,0.8526522593320236,0.0647546999378987,0.0277555765458112,0.1838801473049882,53800.0,22100.0,-0.1236059479553903,1.1334841628959276,19327238.0,911279271700.0,13599757400.0,6828748522.5,0.0149238085648865,yfinance_download,131970.KQ
2025-12-29,49150.0,51700.0,48200.0,51100.0,51020.54296875,654417.0,0.0837751855779427,-0.194006309148265,44597.5,46061.66666666666,40027.91666666666,0.593394837071616,0.6947475711830241,0.140625,0.2775000000000001,0.8961038961038961,0.1458041370031952,0.1093823497485255,0.2766090332788575,53800.0,22100.0,-0.0501858736059479,1.3122171945701355,19327238.0,987621861800.0,33440708700.0,8287865237.5,0.0338598303596199,yfinance_download,131970.KQ
2025-12-30,49950.0,54700.0,49800.0,53200.0,53117.27734375,875028.0,0.0410958904109588,-0.1608832807570978,44960.0,46282.5,40240.0,0.6022086440539433,0.698529470050606,0.1577801958650706,0.3316645807259073,0.9171171171171172,0.1832740213523132,0.1494625398368714,0.3220675944333995,53800.0,22100.0,-0.0111524163568773,1.4072398190045248,19327238.0,1028209061600.0,46551489600.0,10237140260.0,0.0452743428729961,yfinance_download,131970.KQ
2026-01-02,53800.0,54500.0,52100.0,54100.0,54015.87890625,531467.0,0.0169172932330827,-0.1466876971608832,45395.0,46520.0,40442.5,0.5982097956134318,0.6986880976869353,0.1916299559471366,0.357590966122961,0.8154362416107384,0.1917612071814076,0.1629406706792777,0.337701675217902,54100.0,22100.0,0.0,1.4479638009049776,19327238.0,1045603575800.0,28752364700.0,11455387965.0,0.0274983419772654,yfinance_download,131970.KQ
2026-01-05,56000.0,56600.0,52400.0,53800.0,53716.34765625,525126.0,-0.0055452865064694,-0.1514195583596214,45812.5,46705.0,40645.833333333336,0.5999045107907698,0.685564477572105,0.1837183718371837,0.2599531615925059,0.8299319727891157,0.1743519781718963,0.1519109303072476,0.3236289082521784,54100.0,22100.0,-0.0055452865064694,1.434389140271493,19327238.0,1039805404400.0,28251778800.0,12719616742.5,0.0271702557809863,yfinance_download,131970.KQ
2026-01-06,53000.0,56300.0,52500.0,56200.0,56112.61328125,505976.0,0.0446096654275092,-0.113564668769716,46422.5,46900.0,40889.16666666666,0.5919213666460862,0.6861548379424068,0.2772727272727273,0.2629213483146067,1.0814814814814817,0.2106198502881147,0.1982942430703624,0.3744471844620622,56200.0,22100.0,0.0,1.5429864253393664,19327238.0,1086190775600.0,28435851200.0,13847498102.5,0.0261794261549425,yfinance_download,131970.KQ
2026-01-07,55700.0,55700.0,51000.0,52300.0,52218.6796875,620319.0,-0.0693950177935943,-0.1750788643533123,46822.5,47007.5,41100.0,0.6602740041059706,0.7005843648087083,0.1805869074492099,0.1406761177753543,0.9370370370370372,0.1169843558118426,0.1125884167420092,0.2725060827250607,56200.0,22100.0,-0.0693950177935943,1.3665158371040724,19327238.0,1010814547400.0,32442683700.0,15319636917.5,0.032095584480307,yfinance_download,131970.KQ
2026-01-08,53000.0,54450.0,51700.0,52100.0,52018.98828125,311357.0,-0.0038240917782026,-0.1782334384858044,47225.0,47055.833333333336,41305.41666666666,0.6597650267438347,0.6853559541927069,0.1827468785471055,0.0589430894308942,0.8979963570127505,0.1032292218104817,0.1071953530380576,0.2613357812232053,56200.0,22100.0,-0.0729537366548043,1.3574660633484164,19327238.0,1006949099800.0,16221699700.0,15924995187.5,0.0161097514295627,yfinance_download,131970.KQ
2026-01-09,51000.0,51600.0,50000.0,50100.0,50022.09765625,341510.0,-0.038387715930902,-0.2097791798107255,47557.5,47129.16666666666,41500.0,0.6767819939080314,0.6736461805001391,0.1530494821634063,0.0962800875273524,0.8728971962616823,0.0534615991168585,0.0630359826717354,0.2072289156626505,56200.0,22100.0,-0.1085409252669039,1.2669683257918551,19327238.0,968294623800.0,17109651000.0,16638546140.0,0.0176698812318656,yfinance_download,131970.KQ
2026-01-12,50700.0,50800.0,48950.0,49450.0,49373.109375,263827.0,-0.0129740518962075,-0.2200315457413248,47880.0,47056.66666666666,41684.583333333336,0.6777863711957134,0.5671411383086629,0.1499999999999999,-0.0808550185873605,0.8113553113553114,0.0327903091060985,0.0508606644471205,0.1862898953450016,56200.0,22100.0,-0.1201067615658363,1.237556561085973,19327238.0,955731919100.0,13046245150.0,17098396847.5,0.0136505278198571,yfinance_download,131970.KQ
2026-01-13,49600.0,50800.0,49250.0,49450.0,49373.109375,255343.0,0.0,-0.2200315457413248,48185.0,46995.833333333336,41867.5,0.6783582166222664,0.5665690566824423,0.140715109573241,-0.0687382297551789,0.7981818181818181,0.026252983293556,0.0522209415728345,0.1811070639517524,56200.0,22100.0,-0.1201067615658363,1.237556561085973,19327238.0,955731919100.0,12626711350.0,17460938572.5,0.0132115618382719,yfinance_download,131970.KQ
2026-01-14,49900.0,52600.0,49550.0,50500.0,50421.4765625,295731.0,0.0212335692618805,-0.2034700315457412,48517.5,47006.66666666666,42035.833333333336,0.680002951649534,0.5539294554657467,0.1516533637400228,0.013039117352056,0.6666666666666667,0.0408615448034215,0.0743156999007232,0.2013559859643556,56200.0,22100.0,-0.1014234875444839,1.2850678733031673,19327238.0,976025519000.0,14934415500.0,17623910607.5,0.0153012551508911,yfinance_download,131970.KQ
2026-01-15,49700.0,51200.0,49350.0,51100.0,51020.54296875,170292.0,0.0118811881188118,-0.194006309148265,48960.0,47033.333333333336,42221.66666666666,0.6594506509254379,0.5541422642610866,0.2094674556213018,0.0323232323232323,0.7743055555555556,0.0437091503267974,0.0864635010630758,0.2102790826195082,56200.0,22100.0,-0.090747330960854,1.3122171945701355,19327238.0,987621861800.0,8701921200.0,17828625867.5,0.0088109847873762,yfinance_download,131970.KQ
2026-01-16,52300.0,52300.0,50200.0,51300.0,51220.234375,271232.0,0.0039138943248533,-0.1908517350157729,49470.0,47078.333333333336,42410.41666666666,0.6450212123445299,0.5527020906684805,0.2481751824817517,0.0555555555555555,0.7905759162303665,0.0369921164342026,0.0896732396360675,0.209608488480621,56200.0,22100.0,-0.0871886120996441,1.321266968325792,19327238.0,991487309400.0,13914201600.0,18251310702.5,0.0140336658554108,yfinance_download,131970.KQ
2026-01-19,50400.0,53800.0,50200.0,52400.0,52318.5234375,408146.0,0.0214424951267055,-0.1735015772870662,49850.0,47149.16666666666,42615.0,0.577255077097319,0.5537309046830314,0.1696428571428572,0.0882658359293873,0.8815080789946139,0.0511534603811434,0.1113664080312484,0.2296139856857912,56200.0,22100.0,-0.0676156583629893,1.3710407239819005,19327238.0,1012747271200.0,21386850400.0,18743967462.5,0.0211176578877954,yfinance_download,131970.KQ
2026-01-20,53700.0,55100.0,52000.0,52700.0,52618.0546875,400501.0,0.0057251908396946,-0.168769716088328,50335.0,47228.333333333336,42826.66666666666,0.5481907500551194,0.5536315508147941,0.2255813953488372,0.0990615224191866,0.9304029304029304,0.0469851991655905,0.1158555951582736,0.2305417185554172,56200.0,22100.0,-0.0622775800711743,1.3846153846153846,19327238.0,1018545442600.0,21106402700.0,19264778247.5,0.0207221021441346,yfinance_download,131970.KQ
2026-01-21,50700.0,52700.0,50500.0,51600.0,51519.765625,281786.0,-0.0208728652751423,-0.1861198738170346,50780.0,47276.66666666666,43030.0,0.5563210466552289,0.5548930682400322,0.2084309133489461,0.0595482546201231,0.8970588235294117,0.0161480897991335,0.0914475075794967,0.1991633743899605,56200.0,22100.0,-0.0818505338078291,1.3348416289592762,19327238.0,997285480800.0,14540157600.0,19771780782.5,0.0145797345694195,yfinance_download,131970.KQ
2026-01-22,53600.0,54800.0,52200.0,53900.0,53816.19140625,442192.0,0.0445736434108527,-0.1498422712933753,51192.5,47326.66666666666,43252.5,0.5279222863582068,0.5546926843203736,0.1807228915662651,0.0589390962671905,0.9816176470588236,0.0528886067295013,0.1388928018030708,0.2461707415756315,56200.0,22100.0,-0.0409252669039146,1.4389140271493217,19327238.0,1041738128200.0,23834148800.0,20484434840.0,0.0228792132636851,yfinance_download,131970.KQ
2026-01-23,54300.0,55700.0,52400.0,54500.0,54415.2578125,446786.0,0.0111317254174396,-0.140378548895899,51670.0,47418.333333333336,43412.083333333336,0.5201342311739735,0.5490461535810935,0.2124582869855396,0.1122448979591836,0.5417256011315417,0.054770659957422,0.1493444870127587,0.255410839915922,56200.0,22100.0,-0.0302491103202846,1.4660633484162895,19327238.0,1053334471000.0,24349837000.0,21371180095.0,0.0231169088930347,yfinance_download,131970.KQ
2026-01-26,55100.0,59500.0,54400.0,59300.0,59207.79296875,729000.0,0.0880733944954128,-0.0646687697160883,52312.5,47571.66666666666,43617.5,0.5847090778544037,0.5751524966266788,0.2766415500538213,0.1836327345309381,0.7113997113997115,0.1335722819593787,0.2465403076060681,0.3595460537628245,59300.0,22100.0,0.0,1.683257918552036,19327238.0,1146105213400.0,43229700000.0,22823828805.0,0.0377187883752453,yfinance_download,131970.KQ
2026-01-27,58900.0,61300.0,58500.0,60900.0,60805.3046875,516612.0,0.026981450252951,-0.0394321766561513,53000.0,47725.0,43842.91666666666,0.5868143325834221,0.5741933720127569,0.2916224814422057,0.1779497098646034,0.7991137370753323,0.1490566037735849,0.2760607647983237,0.3890499225454511,60900.0,22100.0,0.0,1.755656108597285,19327238.0,1177028794200.0,31461670800.0,23716924475.0,0.0267297375858878,yfinance_download,131970.KQ
2026-01-28,63500.0,68800.0,61000.0,68700.0,68593.1796875,861418.0,0.1280788177339902,0.0,53880.0,48033.333333333336,44144.583333333336,0.6720489924041244,0.6244085987519801,0.3444227005870841,0.3685258964143425,1.1138461538461537,0.2750556792873051,0.4302567661346286,0.5562498230247199,68700.0,22100.0,0.0,2.1085972850678734,19327238.0,1327781250600.0,59179416600.0,25003859870.0,0.0445701553424239,yfinance_download,131970.KQ
2026-01-29,70200.0,71800.0,63200.0,68400.0,68293.640625,859319.0,-0.0043668122270742,-0.0043668122270742,54640.0,48300.0,44455.833333333336,0.668659570250472,0.6197297549442594,0.2857142857142858,0.3053435114503817,1.2028985507246377,0.2518301610541726,0.4161490683229814,0.5386057322811029,68700.0,22100.0,-0.0043668122270742,2.095022624434389,19327238.0,1321983079200.0,58777419600.0,25615156370.0,0.0444615521369375,yfinance_download,131970.KQ
2026-01-30,68300.0,72800.0,67500.0,67800.0,67694.578125,653326.0,-0.0087719298245614,-0.0131004366812227,55325.0,48593.333333333336,44762.083333333336,0.6731008524863601,0.6126292090342812,0.2532347504621073,0.3505976095617529,1.183574879227053,0.2254857659286038,0.3952531211414458,0.5146748084781576,68700.0,22100.0,-0.0131004366812227,2.067873303167421,19327238.0,1310386736400.0,44295502800.0,26392313275.0,0.0338033815281831,yfinance_download,131970.KQ
2026-02-02,64900.0,67000.0,62000.0,62500.0,62402.81640625,478631.0,-0.0781710914454277,-0.0902474526928674,55760.0,48844.16666666666,45018.75,0.744084871691375,0.6242636065437814,0.1617100371747211,0.3171759747102212,0.9716088328075708,0.1208751793400286,0.2795796154436729,0.3883104262113008,68700.0,22100.0,-0.0902474526928674,1.828054298642534,19327238.0,1207952375000.0,29914437500.0,26475446210.0,0.0247645835374925,yfinance_download,131970.KQ
2026-02-03,65800.0,65900.0,62700.0,65100.0,64998.77734375,321801.0,0.0416,-0.0524017467248908,56205.0,49129.16666666666,45302.5,0.7422244401008841,0.6285594493226292,0.1583629893238434,0.3562499999999999,1.0966183574879227,0.1582599412863623,0.3250784496649987,0.4370067877048729,68700.0,22100.0,-0.0524017467248908,1.9457013574660635,19327238.0,1258203193800.0,20949245100.0,26101115905.0,0.0166501286940223,yfinance_download,131970.KQ
2026-02-04,64000.0,66000.0,63200.0,64500.0,64399.70703125,235288.0,-0.0092165898617511,-0.0611353711790393,56815.0,49444.16666666666,45557.5,0.6872789953618206,0.6185588446825723,0.2332695984703632,0.4144736842105263,0.9026548672566372,0.1352635747601864,0.3045017106837679,0.4157932283378149,68700.0,22100.0,-0.0611353711790393,1.9185520361990949,19327238.0,1246606851000.0,15176076000.0,25237785520.0,0.0121739071045743,yfinance_download,131970.KQ
2026-02-05,62100.0,65300.0,60500.0,62000.0,61903.59765625,283144.0,-0.0387596899224805,-0.0975254730713246,57310.0,49690.0,45768.75,0.7084076182731349,0.6222704714344967,0.1900191938579654,0.3121693121693121,0.6916780354706684,0.0818356307799685,0.2477359629704165,0.3546360781100641,68700.0,22100.0,-0.0975254730713246,1.8054298642533932,19327238.0,1198288756000.0,17554928000.0,25304446935.0,0.0146499981011254,yfinance_download,131970.KQ
2026-02-06,59200.0,62700.0,58000.0,60800.0,60705.4609375,226626.0,-0.0193548387096774,-0.1149927219796215,57845.0,49926.66666666666,45973.75,0.6943701551021267,0.6231072259470896,0.2135728542914172,0.3047210300429184,0.6795580110497237,0.0510847955743798,0.2177860862598477,0.3224938144049594,68700.0,22100.0,-0.1149927219796215,1.751131221719457,19327238.0,1175096070400.0,13778860800.0,25137907425.0,0.0117257313228098,yfinance_download,131970.KQ
2026-02-09,64000.0,64700.0,63000.0,64400.0,64299.86328125,217254.0,0.0592105263157893,-0.0625909752547306,58592.5,50216.66666666666,46220.41666666666,0.7089782353971589,0.632847503173713,0.3023255813953489,0.3702127659574468,0.8505747126436782,0.099116781157998,0.2824427480916032,0.3933236574746008,68700.0,22100.0,-0.0625909752547306,1.9140271493212668,19327238.0,1244674127200.0,13991157600.0,25185153047.5,0.0112408198212284,yfinance_download,131970.KQ
2026-02-10,64600.0,64800.0,61600.0,61800.0,61703.90625,150153.0,-0.0403726708074534,-0.1004366812227074,59210.0,50457.5,46439.583333333336,0.7337660695211311,0.6399392149320582,0.249747219413549,0.3051742344244983,0.7408450704225351,0.0437426110454315,0.2247931427438934,0.3307612937957023,68700.0,22100.0,-0.1004366812227074,1.7963800904977374,19327238.0,1194423308400.0,9279455400.0,25017790250.0,0.0077689838558411,yfinance_download,131970.KQ
2026-02-11,61100.0,66400.0,60600.0,65300.0,65198.46484375,330268.0,0.0566343042071197,-0.049490538573508,59950.0,50810.833333333336,46680.41666666666,0.7501253263769776,0.6295874125122488,0.2930693069306931,0.4807256235827664,0.793956043956044,0.0892410341951626,0.2851590048054055,0.3988735461872841,68700.0,22100.0,-0.049490538573508,1.95475113122172,19327238.0,1262068641400.0,21566500400.0,25349394495.0,0.0170882150879499,yfinance_download,131970.KQ
2026-02-12,65500.0,65800.0,62900.0,63300.0,63201.57421875,273126.0,-0.0306278713629403,-0.0786026200873362,60560.0,51099.16666666666,46916.25,0.7666874032706641,0.62982772699512,0.238747553816047,0.376086956521739,0.8085714285714285,0.0452443857331572,0.2387677555080807,0.3492126928303094,68700.0,22100.0,-0.0786026200873362,1.8642533936651584,19327238.0,1223414165400.0,17288875800.0,25778742225.0,0.0141316622685559,yfinance_download,131970.KQ
2026-02-13,62600.0,64200.0,62100.0,62700.0,62602.5078125,167474.0,-0.0094786729857819,-0.0873362445414847,61130.0,51400.833333333336,47152.083333333336,0.7699910524962617,0.6260895803449085,0.2222222222222223,0.405829596412556,0.8226744186046511,0.0256829707181416,0.2198245813135324,0.3297397605266645,68700.0,22100.0,-0.0873362445414847,1.8371040723981904,19327238.0,1211817822600.0,10500619800.0,25608063135.0,0.0086651801980189,yfinance_download,131970.KQ
2026-02-19,64700.0,66100.0,63300.0,65500.0,65398.15234375,265921.0,0.0446570972886761,-0.0465793304221251,61785.0,51763.333333333336,47413.333333333336,0.7784603801950569,0.6286163137846755,0.25,0.4971428571428571,0.91800878477306,0.0601278627498584,0.2653744606864576,0.3814679415073114,68700.0,22100.0,-0.0465793304221251,1.963800904977376,19327238.0,1265934089000.0,17417825500.0,25409611890.0,0.0137588723230913,yfinance_download,131970.KQ
2026-02-20,64600.0,65500.0,63400.0,64000.0,63900.484375,165096.0,-0.0229007633587786,-0.0684133915574963,62350.0,52099.16666666666,47655.41666666666,0.7882535460416745,0.6316216002238351,0.2144212523719164,0.459521094640821,0.8311874105865522,0.0264635124298315,0.2284265583262688,0.3429743033757968,68700.0,22100.0,-0.0684133915574963,1.895927601809955,19327238.0,1236943232000.0,10566144000.0,24882598955.0,0.008542141406858,yfinance_download,131970.KQ
2026-02-23,66400.0,67900.0,63400.0,64500.0,64399.70703125,277552.0,0.0078125,-0.0611353711790393,62995.0,52491.66666666666,47898.75,0.7794441965876131,0.6129111354600422,0.25,0.575091575091575,0.8271954674220963,0.023890784982935,0.2287664708683918,0.3465904642605495,68700.0,22100.0,-0.0611353711790393,1.9185520361990949,19327238.0,1246606851000.0,17902104000.0,25050696275.0,0.0143606655022305,yfinance_download,131970.KQ
2026-02-24,64200.0,70500.0,63600.0,66600.0,66496.4453125,407479.0,0.0325581395348837,-0.0305676855895196,63630.0,52910.833333333336,48153.75,0.7740009933237171,0.6148784608147402,0.235621521335807,0.6067551266586249,0.8500000000000001,0.0466760961810466,0.2587214338588506,0.3830698543727124,68700.0,22100.0,-0.0305676855895196,2.013574660633484,19327238.0,1287194050800.0,27138101400.0,25215893905.0,0.0210831470073478,yfinance_download,131970.KQ
2026-02-25,69900.0,71300.0,67900.0,68200.0,68093.953125,356649.0,0.0240240240240239,-0.007278020378457,64315.0,53335.833333333336,48419.16666666666,0.7752194520036451,0.6140905182953775,0.2513761467889908,0.5971896955503513,0.876203576341128,0.0604058151286635,0.2786900614033716,0.4085331222139994,68700.0,22100.0,-0.007278020378457,2.085972850678733,19327238.0,1318117631600.0,24323461800.0,25214575145.0,0.0184531799111699,yfinance_download,131970.KQ
2026-02-26,69500.0,72800.0,67100.0,70400.0,70290.53125,441473.0,0.032258064516129,0.0,64870.0,53766.66666666666,48706.25,0.7267389899772866,0.6118286908765667,0.1871838111298482,0.5802469135802468,0.9582753824756608,0.0852474179127484,0.3093614383137013,0.4453997176953677,70400.0,22100.0,0.0,2.18552036199095,19327238.0,1360637555200.0,31079699200.0,24607075105.0,0.0228420118798143,yfinance_download,131970.KQ
2026-02-27,67600.0,69900.0,67000.0,68000.0,67894.265625,286147.0,-0.034090909090909,-0.034090909090909,65225.0,54169.16666666666,48974.16666666666,0.7395744661357099,0.6160632110438665,0.1165845648604269,0.5507411630558723,0.896792189679219,0.0425450364124184,0.2553266772302818,0.388487127567255,70400.0,22100.0,-0.034090909090909,2.076923076923077,19327238.0,1314252184000.0,19457996000.0,24006891365.0,0.0148053746738152,yfinance_download,131970.KQ
2026-03-03,66500.0,70000.0,63000.0,63200.0,63101.73046875,328220.0,-0.0705882352941176,-0.1022727272727272,64950.0,54475.833333333336,49197.083333333336,0.6354180156876968,0.6360507812980399,-0.0800582241630276,0.4107142857142858,0.7338820301783264,-0.0269438029253271,0.1601474660017439,0.2846290007029548,70400.0,22100.0,-0.1022727272727272,1.8597285067873304,19327238.0,1221481441600.0,20743504000.0,22085095735.0,0.0169822506454362,yfinance_download,131970.KQ
2026-03-04,60500.0,63100.0,54000.0,54300.0,54215.5703125,391117.0,-0.1408227848101265,-0.2286931818181817,64245.0,54615.0,49364.16666666666,0.8011743924644904,0.7026790519518825,-0.2061403508771929,0.1817192600652883,0.5854014598540147,-0.15479803875788,-0.0057676462510299,0.0999881830612623,70400.0,22100.0,-0.2286931818181817,1.4570135746606336,19327238.0,1049469023400.0,21237653100.0,20208107410.0,0.0202365697571479,yfinance_download,131970.KQ
2026-03-05,59600.0,65000.0,58000.0,61700.0,61604.0625,330290.0,0.136279926335175,-0.1235795454545454,63940.0,54886.66666666666,49594.16666666666,0.955278450624618,0.7524328833386648,-0.0899705014749262,0.3590308370044053,0.8093841642228738,-0.0350328432905848,0.1241345803473825,0.2440979281837583,70400.0,22100.0,-0.1235795454545454,1.7918552036199094,19327238.0,1192490584600.0,20378893000.0,19012276920.0,0.0170893533778597,yfinance_download,131970.KQ
2026-03-06,63500.0,70000.0,62000.0,68600.0,68493.3359375,425769.0,0.1118314424635331,-0.0255681818181817,64245.0,55272.5,49881.66666666666,0.9941819641677156,0.7828203410816446,0.0975999999999999,0.5093509350935093,1.0117302052785924,0.0677873764495291,0.2411235243565967,0.3752547696214374,70400.0,22100.0,-0.0255681818181817,2.1040723981900453,19327238.0,1325848526800.0,29207753400.0,18976942715.0,0.022029479846008,yfinance_download,131970.KQ
2026-03-09,63400.0,66100.0,61200.0,63100.0,63001.88671875,296634.0,-0.0801749271137026,-0.1036931818181817,64145.0,55590.833333333336,50121.25,1.0305187475961697,0.7994228083519588,-0.0307219662058372,0.4340909090909091,0.8369723435225618,-0.0162912152155273,0.1350792246923202,0.2589470533955158,70400.0,22100.0,-0.1036931818181817,1.8552036199095023,19327238.0,1219548717800.0,18717605400.0,18865360730.0,0.015347976777644,yfinance_download,131970.KQ
2026-03-10,66500.0,66500.0,60700.0,62600.0,62502.6640625,355407.0,-0.0079239302694136,-0.1107954545454545,64050.0,55895.833333333336,50353.75,1.0303682302449653,0.8000285811770608,-0.0294573643410852,0.4130925507900678,0.8040345821325647,-0.0226385636221702,0.1199403652627655,0.2432043293697092,70400.0,22100.0,-0.1107954545454545,1.832579185520362,19327238.0,1209885098800.0,22248478200.0,19218980840.0,0.0183889182717158,yfinance_download,131970.KQ
2026-03-11,63700.0,67500.0,61700.0,64300.0,64200.01953125,278058.0,0.0271565495207668,-0.0866477272727272,64165.0,56233.333333333336,50596.66666666666,1.0235936622484525,0.8006351428498144,0.0370967741935484,0.459704880817253,0.829302987197724,0.0021039507519675,0.1434499110847658,0.2708347058435998,70400.0,22100.0,-0.0866477272727272,1.9095022624434388,19327238.0,1242741403400.0,17879129400.0,19235190910.0,0.0143868461701563,yfinance_download,131970.KQ
2026-03-12,62500.0,66800.0,62500.0,64600.0,64499.5546875,235806.0,0.0046656298600311,-0.0823863636363636,64355.0,56585.833333333336,50826.66666666666,1.0199301572745487,0.7994446082948957,0.0625,0.4867663981588033,0.7459459459459459,0.0038070080024861,0.1416284994771954,0.2709863588667367,70400.0,22100.0,-0.0823863636363636,1.923076923076923,19327238.0,1248539574800.0,15233067600.0,19307901250.0,0.0122007086579054,yfinance_download,131970.KQ
2026-03-13,64900.0,70800.0,64400.0,68600.0,68493.3359375,466972.0,0.0619195046439629,-0.0255681818181817,64565.0,57012.5,51082.91666666666,1.0218831300297109,0.8061009701667584,0.0652173913043479,0.5953488372093023,0.8124174372523119,0.0624951599163634,0.2032449024336768,0.342914705666441,70400.0,22100.0,-0.0255681818181817,2.1040723981900453,19327238.0,1325848526800.0,32034279200.0,20210057330.0,0.0241613416257408,yfinance_download,131970.KQ
2026-03-16,67700.0,73600.0,67000.0,72800.0,72686.8046875,619566.0,0.0612244897959184,0.0,65115.0,57503.333333333336,51363.333333333336,1.0254966270604118,0.8131485752623686,0.1779935275080906,0.679354094579008,0.8595146871008941,0.1180219611456654,0.2660135644310475,0.4173534947108832,72800.0,22100.0,0.0,2.294117647058824,19327238.0,1407022926400.0,45104404800.0,22001304800.0,0.032056623921121,yfinance_download,131970.KQ
2026-03-17,82400.0,88900.0,77000.0,82700.0,82571.40625,1751060.0,0.1359890109890109,0.0,65985.0,58150.833333333336,51730.0,1.108461903954023,0.853193512557002,0.2664624808575804,0.8859749144811859,1.1369509043927648,0.2533151473819808,0.4221636262019748,0.5986854823120047,82700.0,22100.0,0.0,2.742081447963801,19327238.0,1598362582600.0,144812662000.0,28163612880.0,0.0906006331582402,yfinance_download,131970.KQ
2026-03-18,85700.0,89600.0,85600.0,87300.0,87164.2578125,578130.0,0.0556227327690448,0.0,67185.0,58901.66666666666,52127.91666666666,1.104484328074126,0.8517012379560246,0.3791469194312795,1.0662721893491125,1.2073324905183314,0.2993971868720697,0.482131235675278,0.6747264341723485,87300.0,22100.0,0.0,2.950226244343892,19327238.0,1687267877400.0,50470749000.0,29822706540.0,0.0299127066164342,yfinance_download,131970.KQ
2026-03-19,84700.0,94500.0,84200.0,91900.0,91757.1015625,656638.0,0.0526918671248568,0.0,68645.0,59748.333333333336,52561.66666666666,1.1056419459682167,0.8511007984754806,0.4657097288676235,1.2360097323600971,1.3061480552070264,0.3387719426032485,0.5381182180813968,0.7484224878713892,91900.0,22100.0,0.0,3.1583710407239822,19327238.0,1776173172200.0,60345032200.0,32314927160.0,0.0339747459000608,yfinance_download,131970.KQ
2026-03-20,90800.0,106600.0,88800.0,102400.0,102240.78125,966006.0,0.1142546245919478,0.0,70490.0,60708.333333333336,53090.41666666666,1.1515319946791418,0.8616193665933324,0.5633587786259542,1.2857142857142856,1.6290115532734273,0.4526883245850475,0.6867536032944406,0.9287850129888476,102400.0,22100.0,0.0,3.633484162895928,19327238.0,1979109171200.0,98919014400.0,36389986605.0,0.0499815855736862,yfinance_download,131970.KQ
2026-03-23,98500.0,117500.0,97600.0,103700.0,103538.7578125,1014973.0,0.0126953125,0.0,72475.0,61720.0,53619.16666666666,1.1387173995062756,0.8538559135910323,0.6203125,1.411627906976744,1.5763975155279502,0.4308382200758882,0.6801685029163966,0.9340099156085356,103700.0,22100.0,0.0,3.692307692307693,19327238.0,2004234580600.0,105252700100.0,41124314410.0,0.0525151602106829,yfinance_download,131970.KQ
2026-03-24,110600.0,110800.0,101400.0,104200.0,104037.9765625,541374.0,0.0048216007714561,0.0,74460.0,62745.0,54155.41666666666,1.13943053178927,0.8528306773419984,0.6155038759689921,1.440281030444965,1.6148055207026348,0.3994090786999731,0.6606900948282732,0.9240919267847938,104200.0,22100.0,0.0,3.7149321266968327,19327238.0,2013898199600.0,56411170800.0,43049767750.0,0.0280109346198354,yfinance_download,131970.KQ
2026-03-25,106500.0,109500.0,101500.0,103400.0,103239.2265625,463897.0,-0.0076775431861804,-0.0076775431861804,76300.0,63707.5,54672.083333333336,1.1456302688234234,0.8470588012010961,0.5525525525525525,1.2650602409638556,1.497584541062802,0.3551769331585845,0.6230428128556293,0.8912760168580856,104200.0,22100.0,-0.0076775431861804,3.678733031674208,19327238.0,1998436409200.0,47966949800.0,44091210170.0,0.0240022397406189,yfinance_download,131970.KQ
2026-03-26,99500.0,103400.0,97200.0,100000.0,99844.5078125,342213.0,-0.0328820116054158,-0.0403071017274472,77890.0,64625.0,55158.333333333336,1.163745441490916,0.8505083141828306,0.4662756598240469,1.2246941045606228,1.4009603841536613,0.2838618564642445,0.5473887814313345,0.8129626831847709,104200.0,22100.0,-0.0403071017274472,3.524886877828054,19327238.0,1932723800000.0,34221300000.0,44586102080.0,0.0177062547685292,yfinance_download,131970.KQ
2026-03-27,96400.0,109500.0,96400.0,108300.0,108131.6015625,657735.0,0.0829999999999999,0.0,79785.0,65655.83333333333,55714.16666666666,1.1835276058646722,0.8611493245200185,0.5383522727272727,1.3315392895586653,1.6033653846153846,0.3573980071442,0.6495107060809526,0.9438503073724518,108300.0,22100.0,0.0,3.900452488687783,19327238.0,2093139875400.0,71232700500.0,46593752145.0,0.0340315051742002,yfinance_download,131970.KQ
2026-03-30,103100.0,104300.0,97800.0,101300.0,101142.484375,316618.0,-0.0646352723915051,-0.0646352723915051,81450.0,66558.33333333333,56217.5,1.2082564347397284,0.8767249511327679,0.4897058823529412,1.148462354188759,1.4767726161369192,0.2437077961939839,0.5219732064604985,0.8019300040023125,108300.0,22100.0,-0.0646352723915051,3.5837104072398187,19327238.0,1957849209400.0,32073403400.0,47224522515.0,0.0163819579393599,yfinance_download,131970.KQ
2026-03-31,96600.0,105600.0,95700.0,101300.0,101142.484375,462763.0,0.0,-0.0646352723915051,83355.0,67395.0,56728.333333333336,1.1608900224932903,0.8651072439740511,0.6028481012658229,0.9823874755381604,1.5325000000000002,0.2152840261532,0.5030788634171675,0.7857037929312218,108300.0,22100.0,-0.0646352723915051,3.5837104072398187,19327238.0,1957849209400.0,46877891900.0,48531241910.0,0.0239435660698129,yfinance_download,131970.KQ
2026-04-01,107000.0,108000.0,100700.0,102900.0,102740.0,390698.0,0.0157946692991115,-0.0498614958448753,85785.0,68223.33333333333,57252.91666666666,0.9808157155572516,0.8631383640065251,0.8950276243093922,0.9342105263157894,1.5757196495619523,0.1995104039167687,0.5082816240777839,0.7972883477552091,108300.0,22100.0,-0.0498614958448753,3.656108597285068,19327238.0,1988772790200.0,40202824200.0,49479500465.0,0.0202148905084109,yfinance_download,131970.KQ
2026-04-02,103000.0,104200.0,94600.0,97200.0,97200.0,453769.0,-0.0553935860058308,-0.1024930747922437,87560.0,68941.66666666667,57730.833333333336,0.9518714921753254,0.874205236438366,0.5753646677471638,0.7966728280961184,1.4391468005018822,0.1100959342165373,0.4098875861235342,0.6836756787967146,108300.0,22100.0,-0.1024930747922437,3.398190045248869,19327238.0,1878607533600.0,44106346800.0,50665873155.0,0.0234782124585002,yfinance_download,131970.KQ
2026-04-03,98800.0,99100.0,92500.0,94700.0,94700.0,369958.0,-0.0257201646090534,-0.1255771006463527,88865.0,69623.33333333333,58164.16666666666,0.9090385767562708,0.8768380501602243,0.3804664723032069,0.7602230483271375,1.2177985948477752,0.0656613965003094,0.3601761861444918,0.6281502070289555,108300.0,22100.0,-0.1255771006463527,3.2850678733031677,19327238.0,1830289438600.0,35035022600.0,50957236615.0,0.0191417935661577,yfinance_download,131970.KQ
2026-04-06,95000.0,97800.0,91900.0,93200.0,93200.0,222377.0,-0.0158394931362196,-0.1394275161588181,90370.0,70240.0,58570.0,0.8434154667751504,0.875677291155404,0.4770206022187004,0.6583629893238434,1.09438202247191,0.0313157021135332,0.326879271070615,0.5912583233737407,108300.0,22100.0,-0.1394275161588181,3.2171945701357467,19327238.0,1801298581600.0,20725536400.0,51057633165.0,0.0115058861488641,yfinance_download,131970.KQ
2026-04-07,98700.0,99000.0,89800.0,92200.0,92200.0,360567.0,-0.0107296137339055,-0.1486611265004617,91850.0,70905.0,58956.25,0.8447488409338129,0.861107729359705,0.4728434504792331,0.7629063097514341,1.010905125408942,0.0038105606967882,0.3003314293773358,0.5638715148945193,108300.0,22100.0,-0.1486611265004617,3.1719457013574663,19327238.0,1781971343600.0,33244277400.0,51607423125.0,0.0186558989960179,yfinance_download,131970.KQ
2026-04-08,97300.0,97500.0,89700.0,91000.0,91000.0,807063.0,-0.0130151843817787,-0.159741458910434,93185.0,71553.33333333333,59304.583333333336,0.8527669974742833,0.8619854454589736,0.4152410575427683,0.7466410748560461,0.8495934959349594,-0.0234479798250791,0.2717786266654245,0.5344513844489254,108300.0,22100.0,-0.159741458910434,3.117647058823529,19327238.0,1758778658000.0,73442733000.0,54385603305.0,0.0417578031584233,yfinance_download,131970.KQ
2026-04-09,90300.0,90400.0,85300.0,86200.0,86200.0,444721.0,-0.0527472527472527,-0.2040627885503232,94265.0,72155.0,59642.083333333336,0.889005079318686,0.8659759852810426,0.3343653250773994,0.7205588822355289,0.886214442013129,-0.0855566753301861,0.1946504053773128,0.4452882123221158,108300.0,22100.0,-0.2040627885503232,2.9004524886877827,19327238.0,1666007915600.0,38334950200.0,55540697435.0,0.0230100648628634,yfinance_download,131970.KQ
2026-04-10,87500.0,90400.0,85600.0,88200.0,88200.0,350609.0,0.0232018561484919,-0.185595567867036,95245.0,72800.83333333333,59928.75,0.8729404148023614,0.8649557224944517,0.2857142857142858,0.7836198179979779,0.6394052044609666,-0.0739671373825398,0.2115245933540139,0.4717477003942181,108300.0,22100.0,-0.185595567867036,2.990950226244344,19327238.0,1704662391600.0,30923713800.0,55485169165.0,0.0181406675904751,yfinance_download,131970.KQ
2026-04-13,84800.0,89300.0,84600.0,87700.0,87700.0,242228.0,-0.0056689342403628,-0.1902123730378577,95990.0,73438.33333333333,60217.083333333336,0.8571277234259052,0.8653452277639055,0.2046703296703296,0.7735085945399394,0.6516007532956685,-0.0863631628294614,0.1941992147606837,0.4563973401789358,108300.0,22100.0,-0.1902123730378577,2.968325791855204,19327238.0,1694998772600.0,21243395600.0,54292118705.0,0.0125329858306706,yfinance_download,131970.KQ
2026-04-14,90400.0,99500.0,89700.0,97800.0,97800.0,691861.0,0.1151653363740021,-0.0969529085872575,96745.0,74226.66666666667,60616.66666666666,0.819096145013487,0.891101881805381,0.1825876662636034,0.9366336633663366,0.9618856569709128,0.0109049563284924,0.3175857733069875,0.6134176519109156,108300.0,22100.0,-0.0969529085872575,3.4253393665158374,19327238.0,1890203876400.0,67664005800.0,50434685895.0,0.0357971997861256,yfinance_download,131970.KQ
2026-04-15,101800.0,101900.0,95800.0,97000.0,97000.0,397349.0,-0.0081799591002045,-0.1043397968605724,97230.0,74991.66666666667,61012.5,0.8027444376663252,0.8921189535385788,0.1111111111111111,0.898238747553816,0.9595959595959596,-0.0023655250437107,0.2934770530058894,0.5898381479205081,108300.0,22100.0,-0.1043397968605724,3.389140271493213,19327238.0,1874742086000.0,38542853000.0,49838291095.0,0.0205590162443283,yfinance_download,131970.KQ
2026-04-16,97900.0,101700.0,95800.0,100500.0,100500.0,457118.0,0.0360824742268042,-0.0720221606648199,97660.0,75811.66666666667,61445.0,0.7921515642619839,0.893267666454177,0.0935799782372144,0.95906432748538,1.067901234567901,0.0290804833094409,0.325653483412843,0.6356090812922126,108300.0,22100.0,-0.0720221606648199,3.5475113122171944,19327238.0,1942387419000.0,45940359000.0,49118057435.0,0.0236514912270444,yfinance_download,131970.KQ
2026-04-17,100600.0,112800.0,99600.0,111800.0,111800.0,684374.0,0.1124378109452737,0.0,98130.0,76801.66666666667,61975.41666666666,0.7888666096036469,0.9161983561712196,0.091796875,1.1335877862595418,1.3219106957424716,0.1393050035666971,0.4556975760074651,0.8039410787879604,111800.0,22100.0,0.0,4.0588235294117645,19327238.0,2160785208400.0,76513013200.0,47997757375.0,0.0354098190336353,yfinance_download,131970.KQ
2026-04-20,109100.0,113200.0,108500.0,111800.0,111800.0,329936.0,0.0,0.0,98535.0,77786.66666666667,62507.5,0.788625478336418,0.9165028173327446,0.0781099324975891,1.1214421252371918,1.3315954118873825,0.1346222154564367,0.4372643126499826,0.7885853697556293,111800.0,22100.0,0.0,4.0588235294117645,19327238.0,2160785208400.0,36886844800.0,44579464610.0,0.0170710372584018,yfinance_download,131970.KQ
2026-04-21,113100.0,113500.0,106700.0,108000.0,108000.0,252491.0,-0.033989266547406,-0.033989266547406,98725.0,78726.66666666667,63001.66666666666,0.8006190025877535,0.9190388600402878,0.0364683301343569,1.0930232558139537,1.217659137577002,0.0939478348949101,0.3718350410703699,0.7142403640115342,111800.0,22100.0,-0.033989266547406,3.886877828054299,19327238.0,2087341704000.0,27269028000.0,43122357470.0,0.0130639980735995,yfinance_download,131970.KQ
2026-04-22,108000.0,124900.0,105600.0,124900.0,124900.0,861139.0,0.1564814814814814,0.0,99800.0,79910.0,63618.333333333336,0.9665482588402337,0.9625240025130284,0.2079303675048356,1.3172541743970316,1.4538310412573674,0.251503006012024,0.5630083844324865,0.9632705457022346,124900.0,22100.0,0.0,4.65158371040724,19327238.0,2413972026200.0,107556261100.0,46101823035.0,0.0445557197567495,yfinance_download,131970.KQ
2026-04-23,127000.0,129100.0,121600.0,125700.0,125700.0,472326.0,0.0064051240992795,0.0,101085.0,81096.66666666667,64257.5,0.952762725991157,0.9626721277278092,0.2569999999999999,1.306422018348624,1.5653061224489797,0.2435079388633327,0.550002055160508,0.9561918842158504,125700.0,22100.0,0.0,4.6877828054298645,19327238.0,2429433816600.0,59371378200.0,47359326945.0,0.0244383599974295,yfinance_download,131970.KQ
2026-04-24,121000.0,125400.0,115000.0,122400.0,122400.0,517791.0,-0.026252983293556,-0.026252983293556,101790.0,82148.33333333333,64860.0,0.925025174066848,0.95448535610594,0.1301939058171746,1.064080944350759,1.44311377245509,0.2024756852343059,0.4899876240134717,0.8871415356151711,125700.0,22100.0,-0.026252983293556,4.538461538461538,19327238.0,2365653931200.0,63377618400.0,46966572840.0,0.0267907395769638,yfinance_download,131970.KQ
2026-04-27,122500.0,124700.0,116000.0,122500.0,122500.0,347403.0,0.0008169934640522,-0.0254574383452664,102850.0,83175.0,65450.0,0.8855017017828574,0.9544583250384276,0.2092793682132281,1.011494252873563,1.369439071566731,0.1910549343704424,0.4727983168019236,0.8716577540106951,125700.0,22100.0,-0.0254574383452664,4.542986425339366,19327238.0,2367586655000.0,42556867500.0,47490746045.0,0.0179747877063447,yfinance_download,131970.KQ
2026-04-28,122500.0,132600.0,119800.0,129800.0,129800.0,493049.0,0.0595918367346939,0.0,104275.0,84193.33333333333,66113.33333333333,0.9008667478377496,0.9293160078741188,0.2813425468904245,0.8893740902474527,1.5856573705179282,0.2447854231599135,0.5416897616596723,0.9632953514167591,129800.0,22100.0,0.0,4.873303167420814,19327238.0,2508675492400.0,63997760200.0,48346739460.0,0.0255105773520251,yfinance_download,131970.KQ
2026-04-29,129700.0,134600.0,121800.0,131900.0,131900.0,418549.0,0.0161787365177195,0.0,105725.0,85251.66666666667,66775.83333333333,0.90087836799333,0.9286950167635348,0.281827016520894,0.9283625730994152,1.517175572519084,0.2475762591629227,0.547183828273152,0.9752655027392644,131900.0,22100.0,0.0,4.968325791855204,19327238.0,2549262692200.0,55206613100.0,49096928905.0,0.0216559137937867,yfinance_download,131970.KQ
2026-04-30,132000.0,136200.0,128000.0,130700.0,130700.0,324617.0,-0.0090978013646702,-0.0090978013646702,107400.0,86300.0,67446.66666666667,0.8680093856738992,0.92872736383593,0.3446502057613168,0.9277286135693216,1.6035856573705178,0.2169459962756053,0.5144843568945539,0.9378274191954136,131900.0,22100.0,-0.0090978013646702,4.914027149321267,19327238.0,2526070006600.0,42427441900.0,49012983660.0,0.0167958298024787,yfinance_download,131970.KQ
2026-05-04,132400.0,134800.0,128700.0,132100.0,132100.0,313015.0,0.0107115531752104,0.0,109270.0,87460.0,68152.08333333333,0.8541651562727364,0.9092637521380444,0.3949313621964097,1.1136,1.783983140147524,0.2089320032945913,0.510404756460096,0.9383119860605876,132100.0,22100.0,0.0,4.97737556561086,19327238.0,2553128139800.0,41349281500.0,49328696605.0,0.0161955370964024,yfinance_download,131970.KQ
2026-05-06,139900.0,145400.0,132100.0,140000.0,140000.0,396136.0,0.0598031794095381,0.0,111610.0,88708.33333333333,68918.75,0.8565264291939964,0.9123728591667848,0.502145922746781,1.150537634408602,1.9166666666666663,0.2543678881820626,0.5782057303898545,1.031377527886098,140000.0,22100.0,0.0,5.334841628959276,19327238.0,2705813320000.0,55459040000.0,51065371785.0,0.0204962550779371,yfinance_download,131970.KQ
2026-05-07,140000.0,140100.0,131500.0,134500.0,134500.0,216919.0,-0.0392857142857142,-0.0392857142857142,113725.0,89875.0,69659.58333333333,0.8766973686473196,0.9177667113826692,0.4587852494577007,1.0852713178294575,1.949561403508772,0.1826775115409979,0.4965229485396383,0.9308183248296776,140000.0,22100.0,-0.0392857142857142,5.085972850678733,19327238.0,2599513511000.0,29175605500.0,50861938190.0,0.011223486770329,yfinance_download,131970.KQ
2026-05-08,133400.0,147000.0,131200.0,144900.0,144900.0,368561.0,0.0773234200743493,0.0,116420.0,91256.66666666669,70473.33333333333,0.8895372893873237,0.920132624427256,0.5923076923076922,1.3370967741935482,2.066666666666667,0.2446315066139839,0.587829199693173,1.056096868791978,144900.0,22100.0,0.0,5.5565610859728505,19327238.0,2800516786200.0,53404488900.0,49860025985.0,0.0190695121568844,yfinance_download,131970.KQ
2026-05-11,145100.0,163000.0,141500.0,156600.0,156600.0,388392.0,0.0807453416149068,0.0,119940.0,92853.33333333331,71390.0,0.8606304577879305,0.926613561539778,0.8167053364269141,1.575657894736842,2.360515021459228,0.3056528264132065,0.6865307294658243,1.1935845356492507,156600.0,22100.0,0.0,6.085972850678733,19327238.0,3026645470800.0,60822187200.0,50984387835.0,0.0200955770296821,yfinance_download,131970.KQ
2026-05-12,157000.0,164500.0,118500.0,144800.0,144800.0,562624.0,-0.0753512132822478,-0.0753512132822478,122770.0,94193.33333333331,72205.0,0.9407875657435748,0.941675967974769,0.6417233560090703,1.248447204968944,2.0808510638297872,0.1794412315712308,0.5372637837072689,1.005401287999446,156600.0,22100.0,-0.0753512132822478,5.552036199095022,19327238.0,2798584062400.0,81467955200.0,53511599905.0,0.0291104191918162,yfinance_download,131970.KQ
2026-05-13,140700.0,185000.0,139100.0,182000.0,182000.0,814425.0,0.2569060773480662,0.0,127485.0,96196.66666666669,73327.08333333333,1.2362728743306457,1.0566807223952503,1.0752565564424177,1.9449838187702264,2.8437170010559663,0.4276189355610464,0.8919574482830313,1.482029718441913,182000.0,22100.0,0.0,7.235294117647058,19327238.0,3517557316000.0,148225350000.0,59860697625.0,0.0421387163546079,yfinance_download,131970.KQ
2026-05-14,175800.0,196900.0,172500.0,190100.0,190100.0,588502.0,0.0445054945054945,0.0,132100.0,98276.66666666669,74543.75,1.2041866771073777,1.055187990793247,0.943762781186094,1.911179173047473,3.3106575963718825,0.4390613171839514,0.9343350405318318,1.550180263268215,190100.0,22100.0,0.0,7.601809954751131,19327238.0,3674107943800.0,111874230200.0,62071208845.0,0.0304493585684617,yfinance_download,131970.KQ
2026-05-15,189300.0,194500.0,172800.0,177800.0,177800.0,421658.0,-0.0647027880063124,-0.0647027880063124,136140.0,100185.0,75642.08333333333,1.2477974804205414,1.0644470069409369,0.8329896907216494,1.8088467614533967,2.865217391304348,0.3060085206405172,0.7747167739681589,1.3505434034185115,190100.0,22100.0,-0.0647027880063124,7.04524886877828,19327238.0,3436382916400.0,74970792400.0,63892605815.0,0.0218167748542238,yfinance_download,131970.KQ
2026-05-18,175000.0,178800.0,161200.0,173400.0,173400.0,308275.0,-0.0247469066366704,-0.0878485007890583,139785.0,102030.0,76715.41666666667,1.2646732890239871,1.066678392498639,0.7253731343283583,1.7655502392344498,2.8878923766816142,0.2404764459705977,0.6995001470155837,1.260301873265369,190100.0,22100.0,-0.0878485007890583,6.846153846153846,19327238.0,3351343069200.0,53454885000.0,64268332115.0,0.0159502873612877,yfinance_download,131970.KQ
2026-05-19,176000.0,176000.0,161700.0,162400.0,162400.0,218461.0,-0.063437139561707,-0.1457127827459232,142315.0,103645.0,77704.16666666667,1.2674863209134353,1.0786050858664475,0.4525939177101967,1.4793893129770992,2.712,0.141130590591294,0.566886969945487,1.089978014906965,190100.0,22100.0,-0.1457127827459232,6.34841628959276,19327238.0,3138743451200.0,35478066400.0,62216584775.0,0.0113032705449169,yfinance_download,131970.KQ
2026-05-20,165700.0,174800.0,156300.0,165600.0,165600.0,357402.0,0.0197044334975369,-0.1288795370857444,145005.0,105338.33333333331,78718.75,1.264953702076096,1.0753318809042505,0.4812164579606439,1.5875,2.776510832383124,0.1420295851867177,0.5720772748129046,1.1036919412465265,190100.0,22100.0,-0.1288795370857444,6.493212669683258,19327238.0,3200590612800.0,59185771200.0,63331531095.0,0.0184921404703558,yfinance_download,131970.KQ
2026-05-21,170500.0,181500.0,168200.0,170500.0,170500.0,383194.0,0.0295893719806763,-0.1031036296685954,148130.0,107105.0,79798.33333333333,1.2472272479900657,1.075365700879105,0.5787037037037037,1.643410852713178,3.163614163614164,0.1510159994599338,0.5918958031837915,1.1366361035109338,190100.0,22100.0,-0.1031036296685954,6.714932126696833,19327238.0,3295294079000.0,65334577000.0,65234808545.0,0.019826630168263,yfinance_download,131970.KQ
2026-05-22,172100.0,175700.0,165200.0,171600.0,171600.0,407700.0,0.0064516129032257,-0.097317201472909,150465.0,108855.0,80882.91666666667,1.1485156763525826,1.075238047252418,0.3738991192954364,1.5765765765765765,3.139927623642944,0.1404645598644203,0.5764089844288274,1.1215852131939683,190100.0,22100.0,-0.097317201472909,6.764705882352941,19327238.0,3316554040800.0,69961320000.0,63355061490.0,0.0210945816468964,yfinance_download,131970.KQ
