date,open,high,low,close,adj_close,volume,daily_return,drawdown,ma20,ma60,ma120,rolling_vol_20,rolling_vol_60,return_20d,return_60d,return_120d,distance_to_ma20,distance_to_ma60,distance_to_ma120,rolling_high_52w,rolling_low_52w,price_to_52w_high,price_to_52w_low,shares_outstanding,market_cap,trading_value,trading_value_ma20,turnover_ratio,source,ticker
2021-01-04,33900.0,34000.0,33150.0,33850.0,32823.6875,367754.0,,,,,,,,,,,,,,,,,,,,12448472900.0,,,local_price_csv_fallback,084370.KQ
2021-01-05,33250.0,35400.0,33200.0,34100.0,33066.10546875,721175.0,,,,,,,,,,,,,,,,,,,,24592067500.0,,,local_price_csv_fallback,084370.KQ
2021-01-06,34400.0,34950.0,33450.0,34150.0,33114.58984375,409863.0,,,,,,,,,,,,,,,,,,,,13996821450.0,,,local_price_csv_fallback,084370.KQ
2021-01-07,34400.0,34550.0,33300.0,33650.0,32629.751953125,333448.0,,,,,,,,,,,,,,,,,,,,11220525200.0,,,local_price_csv_fallback,084370.KQ
2021-01-08,33850.0,34200.0,33100.0,34150.0,33114.58984375,407718.0,,,,,,,,,,,,,,,,,,,,13923569700.0,,,local_price_csv_fallback,084370.KQ
2021-01-11,34600.0,34650.0,31700.0,33300.0,32290.365234375,721362.0,,,,,,,,,,,,,,,,,,,,24021354600.0,,,local_price_csv_fallback,084370.KQ
2021-01-12,33350.0,35600.0,32500.0,35400.0,34326.6953125,1009720.0,,,,,,,,,,,,,,,,,,,,35744088000.0,,,local_price_csv_fallback,084370.KQ
2021-01-13,35850.0,37200.0,35650.0,36550.0,35441.82421875,820845.0,,,,,,,,,,,,,,,,,,,,30001884750.0,,,local_price_csv_fallback,084370.KQ
2021-01-14,37650.0,39000.0,36050.0,36250.0,35150.91796875,920435.0,,,,,,,,,,,,,,,,,,,,33365768750.0,,,local_price_csv_fallback,084370.KQ
2021-01-15,36600.0,37100.0,34850.0,35700.0,34617.59765625,385605.0,,,,,,,,,,,,,,,,,,,,13766098500.0,,,local_price_csv_fallback,084370.KQ
2021-01-18,35100.0,36900.0,34350.0,36700.0,35587.2734375,563675.0,,,,,,,,,,,,,,,,,,,,20686872500.0,,,local_price_csv_fallback,084370.KQ
2021-01-19,36600.0,36800.0,35150.0,36200.0,35102.43359375,366480.0,,,,,,,,,,,,,,,,,,,,13266576000.0,,,local_price_csv_fallback,084370.KQ
2021-01-20,36950.0,38750.0,36500.0,38700.0,37526.63671875,762997.0,,,,,,,,,,,,,,,,,,,,29527983900.0,,,local_price_csv_fallback,084370.KQ
2021-01-21,38750.0,39500.0,38050.0,38550.0,37381.1875,454614.0,,,,,,,,,,,,,,,,,,,,17525369700.0,,,local_price_csv_fallback,084370.KQ
2021-01-22,39200.0,40800.0,38600.0,40550.0,39320.546875,623518.0,,,,,,,,,,,,,,,,,,,,25283654900.0,,,local_price_csv_fallback,084370.KQ
2021-01-25,40900.0,41900.0,40150.0,41150.0,39902.35546875,438361.0,,,,,,,,,,,,,,,,,,,,18038555150.0,,,local_price_csv_fallback,084370.KQ
2021-01-26,41200.0,41350.0,39550.0,39750.0,38544.80078125,282485.0,,,,,,,,,,,,,,,,,,,,11228778750.0,,,local_price_csv_fallback,084370.KQ
2021-01-27,39750.0,39950.0,38450.0,39050.0,37866.0234375,279844.0,,,,,,,,,,,,,,,,,,,,10927908200.0,,,local_price_csv_fallback,084370.KQ
2021-01-28,38000.0,38650.0,37250.0,37750.0,36605.44140625,230448.0,,,,,,,,,,,,,,,,,,,,8699412000.0,,,local_price_csv_fallback,084370.KQ
2021-01-29,38050.0,38400.0,36000.0,37350.0,36217.56640625,296037.0,,,,,,,,,,,,,,,,,,,,11056981950.0,,,local_price_csv_fallback,084370.KQ
2021-02-01,36950.0,38000.0,36050.0,37900.0,36750.89453125,210143.0,,,,,,,,,,,,,,,,,,,,7964419700.0,,,local_price_csv_fallback,084370.KQ
2021-02-02,38500.0,39800.0,37400.0,38000.0,36847.86328125,339336.0,,,,,,,,,,,,,,,,,,,,12894768000.0,,,local_price_csv_fallback,084370.KQ
2021-02-03,38250.0,40200.0,37600.0,39800.0,38593.28515625,382767.0,,,,,,,,,,,,,,,,,,,,15234126600.0,,,local_price_csv_fallback,084370.KQ
2021-02-04,39400.0,40000.0,38550.0,40000.0,38787.22265625,220795.0,,,,,,,,,,,,,,,,,,,,8831800000.0,,,local_price_csv_fallback,084370.KQ
2021-02-05,39750.0,40600.0,39150.0,40450.0,39223.57421875,219589.0,,,,,,,,,,,,,,,,,,,,8882375050.0,,,local_price_csv_fallback,084370.KQ
2021-02-08,40700.0,41300.0,40000.0,40700.0,39465.99609375,172722.0,,,,,,,,,,,,,,,,,,,,7029785400.0,,,local_price_csv_fallback,084370.KQ
2021-02-09,41150.0,41150.0,39500.0,39600.0,38399.34765625,190956.0,,,,,,,,,,,,,,,,,,,,7561857600.0,,,local_price_csv_fallback,084370.KQ
2021-02-10,39700.0,39800.0,38500.0,39000.0,37817.54296875,161284.0,,,,,,,,,,,,,,,,,,,,6290076000.0,,,local_price_csv_fallback,084370.KQ
2021-02-15,39700.0,41500.0,39400.0,41000.0,39756.90234375,349832.0,,,,,,,,,,,,,,,,,,,,14343112000.0,,,local_price_csv_fallback,084370.KQ
2021-02-16,41000.0,41300.0,40300.0,41100.0,39853.87109375,168835.0,,,,,,,,,,,,,,,,,,,,6939118500.0,,,local_price_csv_fallback,084370.KQ
2021-02-17,41100.0,41150.0,39900.0,40100.0,38884.1875,168358.0,,,,,,,,,,,,,,,,,,,,6751155800.0,,,local_price_csv_fallback,084370.KQ
2021-02-18,40000.0,40250.0,39050.0,39850.0,38641.76953125,141817.0,,,,,,,,,,,,,,,,,,,,5651407450.0,,,local_price_csv_fallback,084370.KQ
2021-02-19,39600.0,39950.0,38000.0,39350.0,38156.92578125,201745.0,,,,,,,,,,,,,,,,,,,,7938665750.0,,,local_price_csv_fallback,084370.KQ
2021-02-22,39350.0,39800.0,39000.0,39300.0,38108.44921875,150349.0,,,,,,,,,,,,,,,,,,,,5908715700.0,,,local_price_csv_fallback,084370.KQ
2021-02-23,38950.0,38950.0,37200.0,38100.0,36944.83203125,266488.0,,,,,,,,,,,,,,,,,,,,10153192800.0,,,local_price_csv_fallback,084370.KQ
2021-02-24,38900.0,39500.0,37400.0,37500.0,36363.0234375,263298.0,,,,,,,,,,,,,,,,,,,,9873675000.0,,,local_price_csv_fallback,084370.KQ
2021-02-25,38150.0,41400.0,38100.0,41150.0,39902.35546875,543585.0,,,,,,,,,,,,,,,,,,,,22368522750.0,,,local_price_csv_fallback,084370.KQ
2021-02-26,40050.0,40750.0,38750.0,40750.0,39514.484375,346349.0,,,,,,,,,,,,,,,,,,,,14113721750.0,,,local_price_csv_fallback,084370.KQ
2021-03-02,41500.0,42850.0,40650.0,41550.0,40290.2265625,401870.0,,,,,,,,,,,,,,,,,,,,16697698500.0,,,local_price_csv_fallback,084370.KQ
2021-03-03,41550.0,42450.0,40850.0,42450.0,41162.9375,185635.0,,,,,,,,,,,,,,,,,,,,7880205750.0,,,local_price_csv_fallback,084370.KQ
2021-03-04,41600.0,42050.0,40100.0,41250.0,39999.32421875,243926.0,,,,,,,,,,,,,,,,,,,,10061947500.0,,,local_price_csv_fallback,084370.KQ
2021-03-05,40450.0,40450.0,39000.0,39700.0,38496.31640625,236037.0,,,,,,,,,,,,,,,,,,,,9370668900.0,,,local_price_csv_fallback,084370.KQ
2021-03-08,40000.0,40100.0,38400.0,39350.0,38156.92578125,154983.0,,,,,,,,,,,,,,,,,,,,6098581050.0,,,local_price_csv_fallback,084370.KQ
2021-03-09,38800.0,39450.0,37550.0,38600.0,37429.66796875,245907.0,,,,,,,,,,,,,,,,,,,,9492010200.0,,,local_price_csv_fallback,084370.KQ
2021-03-10,39450.0,39500.0,37200.0,37200.0,36072.11328125,152191.0,,,,,,,,,,,,,,,,,,,,5661505200.0,,,local_price_csv_fallback,084370.KQ
2021-03-11,37200.0,38850.0,36800.0,38650.0,37478.15625,164771.0,,,,,,,,,,,,,,,,,,,,6368399150.0,,,local_price_csv_fallback,084370.KQ
2021-03-12,39050.0,39500.0,38700.0,39400.0,38205.4140625,88406.0,,,,,,,,,,,,,,,,,,,,3483196400.0,,,local_price_csv_fallback,084370.KQ
2021-03-15,39300.0,39550.0,38450.0,38900.0,37720.5703125,54443.0,,,,,,,,,,,,,,,,,,,,2117832700.0,,,local_price_csv_fallback,084370.KQ
2021-03-16,39950.0,41550.0,39500.0,41250.0,39999.32421875,280757.0,,,,,,,,,,,,,,,,,,,,11581226250.0,,,local_price_csv_fallback,084370.KQ
2021-03-17,41100.0,41600.0,40350.0,41350.0,40096.29296875,152156.0,,,,,,,,,,,,,,,,,,,,6291650600.0,,,local_price_csv_fallback,084370.KQ
2021-03-18,41500.0,42400.0,41350.0,41900.0,40629.61328125,249619.0,,,,,,,,,,,,,,,,,,,,10459036100.0,,,local_price_csv_fallback,084370.KQ
2021-03-19,40900.0,41550.0,40600.0,40800.0,39562.96875,112425.0,,,,,,,,,,,,,,,,,,,,4586940000.0,,,local_price_csv_fallback,084370.KQ
2021-03-22,41100.0,41650.0,40000.0,41200.0,39950.8359375,151190.0,,,,,,,,,,,,,,,,,,,,6229028000.0,,,local_price_csv_fallback,084370.KQ
2021-03-23,41800.0,42450.0,41350.0,41650.0,40387.1953125,211377.0,,,,,,,,,,,,,,,,,,,,8803852050.0,,,local_price_csv_fallback,084370.KQ
2021-03-24,41800.0,45950.0,41650.0,45400.0,44023.49609375,777832.0,,,,,,,,,,,,,,,,,,,,35313572800.0,,,local_price_csv_fallback,084370.KQ
2021-03-25,45950.0,45950.0,44600.0,44650.0,43296.23828125,362454.0,,,,,,,,,,,,,,,,,,,,16183571100.0,,,local_price_csv_fallback,084370.KQ
2021-03-26,45100.0,47300.0,44150.0,44500.0,43150.78515625,402020.0,,,,,,,,,,,,,,,,,,,,17889890000.0,,,local_price_csv_fallback,084370.KQ
2021-03-29,45050.0,46150.0,44500.0,44700.0,43344.71484375,236816.0,,,,,,,,,,,,,,,,,,,,10585675200.0,,,local_price_csv_fallback,084370.KQ
2021-03-30,44950.0,45200.0,43700.0,44100.0,42762.91015625,171617.0,,,,,,,,,,,,,,,,,,,,7568309700.0,,,local_price_csv_fallback,084370.KQ
2021-03-31,43700.0,44550.0,43450.0,44550.0,43199.26953125,122062.0,,,,,,,,,,,,,,,,,,,,5437862100.0,,,local_price_csv_fallback,084370.KQ
2021-04-01,45200.0,47100.0,44350.0,46800.0,45381.0546875,270388.0,,,,,,,,,,,,,,,,,,,,12654158400.0,,,local_price_csv_fallback,084370.KQ
2021-04-02,47550.0,49800.0,46800.0,48750.0,47271.9296875,388051.0,,,,,,,,,,,,,,,,,,,,18917486250.0,,,local_price_csv_fallback,084370.KQ
2021-04-05,49600.0,50500.0,48750.0,49100.0,47611.3125,246254.0,,,,,,,,,,,,,,,,,,,,12091071400.0,,,local_price_csv_fallback,084370.KQ
2021-04-06,49700.0,49750.0,47950.0,49500.0,47999.1875,249303.0,,,,,,,,,,,,,,,,,,,,12340498500.0,,,local_price_csv_fallback,084370.KQ
2021-04-07,51300.0,52700.0,49650.0,49700.0,48193.12109375,534994.0,,,,,,,,,,,,,,,,,,,,26589201800.0,,,local_price_csv_fallback,084370.KQ
2021-04-08,50000.0,51500.0,48800.0,49050.0,47562.83203125,275032.0,,,,,,,,,,,,,,,,,,,,13490319600.0,,,local_price_csv_fallback,084370.KQ
2021-04-09,49450.0,49900.0,48450.0,48900.0,47417.37890625,232724.0,,,,,,,,,,,,,,,,,,,,11380203600.0,,,local_price_csv_fallback,084370.KQ
2021-04-12,49350.0,50900.0,48900.0,50900.0,49356.7421875,211311.0,,,,,,,,,,,,,,,,,,,,10755729900.0,,,local_price_csv_fallback,084370.KQ
2021-04-13,50000.0,50400.0,49100.0,49600.0,48096.15234375,271296.0,,,,,,,,,,,,,,,,,,,,13456281600.0,,,local_price_csv_fallback,084370.KQ
2021-04-14,49950.0,50500.0,48500.0,50000.0,48484.0234375,183982.0,,,,,,,,,,,,,,,,,,,,9199100000.0,,,local_price_csv_fallback,084370.KQ
2021-04-15,50200.0,50400.0,49300.0,49300.0,47805.25390625,137053.0,,,,,,,,,,,,,,,,,,,,6756712900.0,,,local_price_csv_fallback,084370.KQ
2021-04-16,49550.0,52300.0,49450.0,52000.0,50423.390625,249044.0,,,,,,,,,,,,,,,,,,,,12950288000.0,,,local_price_csv_fallback,084370.KQ
2021-04-19,52700.0,54000.0,51300.0,53800.0,52168.81640625,331446.0,,,,,,,,,,,,,,,,,,,,17831794800.0,,,local_price_csv_fallback,084370.KQ
2021-04-20,53000.0,53400.0,52000.0,53400.0,51780.9453125,187490.0,,,,,,,,,,,,,,,,,,,,10011966000.0,,,local_price_csv_fallback,084370.KQ
2021-04-21,52900.0,53000.0,51200.0,51900.0,50326.421875,231859.0,,,,,,,,,,,,,,,,,,,,12033482100.0,,,local_price_csv_fallback,084370.KQ
2021-04-22,52500.0,52600.0,50600.0,51400.0,49841.58203125,216940.0,,,,,,,,,,,,,,,,,,,,11150716000.0,,,local_price_csv_fallback,084370.KQ
2021-04-23,50800.0,51700.0,50000.0,51500.0,49938.546875,240274.0,,,,,,,,,,,,,,,,,,,,12374111000.0,,,local_price_csv_fallback,084370.KQ
2021-04-26,51800.0,52300.0,50900.0,52300.0,50714.296875,161345.0,,,,,,,,,,,,,,,,,,,,8438343500.0,,,local_price_csv_fallback,084370.KQ
2021-04-27,52600.0,52600.0,50600.0,50900.0,49356.7421875,183751.0,,,,,,,,,,,,,,,,,,,,9352925900.0,,,local_price_csv_fallback,084370.KQ
2021-04-28,50800.0,50900.0,47800.0,48000.0,46544.66796875,357614.0,,,,,,,,,,,,,,,,,,,,17165472000.0,,,local_price_csv_fallback,084370.KQ
2021-04-29,48000.0,49250.0,46800.0,47900.0,46447.69921875,238549.0,,,,,,,,,,,,,,,,,,,,11426497100.0,,,local_price_csv_fallback,084370.KQ
2021-04-30,46900.0,48750.0,46700.0,48000.0,46544.66796875,290304.0,,,,,,,,,,,,,,,,,,,,13934592000.0,,,local_price_csv_fallback,084370.KQ
2021-05-03,47500.0,49800.0,46750.0,47100.0,45671.95703125,232646.0,,,,,,,,,,,,,,,,,,,,10957626600.0,,,local_price_csv_fallback,084370.KQ
2021-05-04,47100.0,48600.0,46250.0,47900.0,46447.69921875,162691.0,,,,,,,,,,,,,,,,,,,,7792898900.0,,,local_price_csv_fallback,084370.KQ
2021-05-06,47900.0,48850.0,47450.0,48200.0,46738.60546875,156092.0,,,,,,,,,,,,,,,,,,,,7523634400.0,,,local_price_csv_fallback,084370.KQ
2021-05-07,48900.0,48900.0,47900.0,48000.0,46544.66796875,114007.0,,,,,,,,,,,,,,,,,,,,5472336000.0,,,local_price_csv_fallback,084370.KQ
2021-05-10,48150.0,48550.0,47100.0,48200.0,46738.60546875,150960.0,,,,,,,,,,,,,,,,,,,,7276272000.0,,,local_price_csv_fallback,084370.KQ
2021-05-11,47500.0,47550.0,45400.0,45850.0,44459.8515625,336782.0,,,,,,,,,,,,,,,,,,,,15441454700.0,,,local_price_csv_fallback,084370.KQ
2021-05-12,46600.0,47300.0,45600.0,46800.0,45381.0546875,348998.0,,,,,,,,,,,,,,,,,,,,16333106400.0,,,local_price_csv_fallback,084370.KQ
2021-05-13,45250.0,46250.0,43650.0,44450.0,43102.296875,361543.0,,,,,,,,,,,,,,,,,,,,16070586350.0,,,local_price_csv_fallback,084370.KQ
2021-05-14,45500.0,48400.0,45050.0,48400.0,46932.53515625,485180.0,,,,,,,,,,,,,,,,,,,,23482712000.0,,,local_price_csv_fallback,084370.KQ
2021-05-17,48450.0,48800.0,45650.0,45900.0,44508.33203125,477950.0,,,,,,,,,,,,,,,,,,,,21937905000.0,,,local_price_csv_fallback,084370.KQ
2021-05-18,46100.0,47000.0,45200.0,46350.0,44944.69140625,205939.0,,,,,,,,,,,,,,,,,,,,9545272650.0,,,local_price_csv_fallback,084370.KQ
2021-05-20,46700.0,49400.0,46700.0,49050.0,47562.83203125,610510.0,,,,,,,,,,,,,,,,,,,,29945515500.0,,,local_price_csv_fallback,084370.KQ
2021-05-21,49150.0,49550.0,48050.0,48200.0,46738.60546875,224038.0,,,,,,,,,,,,,,,,,,,,10798631600.0,,,local_price_csv_fallback,084370.KQ
2021-05-24,48300.0,48450.0,45850.0,46200.0,44799.23828125,258415.0,,,,,,,,,,,,,,,,,,,,11938773000.0,,,local_price_csv_fallback,084370.KQ
2021-05-25,46900.0,47450.0,45850.0,46250.0,44847.7265625,218031.0,,,,,,,,,,,,,,,,,,,,10083933750.0,,,local_price_csv_fallback,084370.KQ
2021-05-26,46450.0,46450.0,45100.0,46000.0,44605.30078125,210306.0,,,,,,,,,,,,,,,,,,,,9674076000.0,,,local_price_csv_fallback,084370.KQ
2021-05-27,46000.0,47300.0,44400.0,47300.0,45865.890625,386682.0,,,,,,,,,,,,,,,,,,,,18290058600.0,,,local_price_csv_fallback,084370.KQ
2021-05-28,47000.0,47400.0,46300.0,46950.0,45526.5,241910.0,,,,,,,,,,,,,,,,,,,,11357674500.0,,,local_price_csv_fallback,084370.KQ
2021-05-31,46950.0,47000.0,46000.0,46500.0,45090.14453125,170497.0,,,,,,,,,,,,,,,,,,,,7928110500.0,,,local_price_csv_fallback,084370.KQ
2021-06-01,46450.0,47250.0,46100.0,46550.0,45138.62890625,113005.0,,,,,,,,,,,,,,,,,,,,5260382750.0,,,local_price_csv_fallback,084370.KQ
2021-06-02,47000.0,47950.0,46300.0,47950.0,46496.17578125,350064.0,,,,,,,,,,,,,,,,,,,,16785568800.0,,,local_price_csv_fallback,084370.KQ
2021-06-03,48450.0,49400.0,47700.0,49000.0,47514.34375,421757.0,,,,,,,,,,,,,,,,,,,,20666093000.0,,,local_price_csv_fallback,084370.KQ
2021-06-04,48650.0,48800.0,47900.0,48500.0,47029.50390625,170107.0,,,,,,,,,,,,,,,,,,,,8250189500.0,,,local_price_csv_fallback,084370.KQ
2021-06-07,48850.0,49500.0,48100.0,48250.0,46787.0859375,194038.0,,,,,,,,,,,,,,,,,,,,9362333500.0,,,local_price_csv_fallback,084370.KQ
2021-06-08,48800.0,48800.0,47150.0,47450.0,46011.33984375,137162.0,,,,,,,,,,,,,,,,,,,,6508336900.0,,,local_price_csv_fallback,084370.KQ
2021-06-09,47450.0,47500.0,46400.0,47300.0,45865.890625,138999.0,,,,,,,,,,,,,,,,,,,,6574652700.0,,,local_price_csv_fallback,084370.KQ
2021-06-10,47050.0,47150.0,46250.0,46600.0,45187.11328125,198516.0,,,,,,,,,,,,,,,,,,,,9250845600.0,,,local_price_csv_fallback,084370.KQ
2021-06-11,47000.0,47550.0,46500.0,46600.0,45187.11328125,104550.0,,,,,,,,,,,,,,,,,,,,4872030000.0,,,local_price_csv_fallback,084370.KQ
2021-06-14,46700.0,46950.0,45450.0,45600.0,44217.43359375,207039.0,,,,,,,,,,,,,,,,,,,,9440978400.0,,,local_price_csv_fallback,084370.KQ
2021-06-15,45900.0,46200.0,45550.0,46000.0,44605.30078125,152615.0,,,,,,,,,,,,,,,,,,,,7020290000.0,,,local_price_csv_fallback,084370.KQ
2021-06-16,45750.0,46050.0,45300.0,45650.0,44265.91796875,109918.0,,,,,,,,,,,,,,,,,,,,5017756700.0,,,local_price_csv_fallback,084370.KQ
2021-06-17,45300.0,46350.0,45300.0,46050.0,44653.7890625,211121.0,,,,,,,,,,,,,,,,,,,,9722122050.0,,,local_price_csv_fallback,084370.KQ
2021-06-18,46350.0,47450.0,46200.0,46550.0,45138.62890625,283742.0,,,,,,,,,,,,,,,,,,,,13208190100.0,,,local_price_csv_fallback,084370.KQ
2021-06-21,46100.0,46350.0,45150.0,45250.0,43878.04296875,159512.0,,,,,,,,,,,,,,,,,,,,7217918000.0,,,local_price_csv_fallback,084370.KQ
2021-06-22,45400.0,45600.0,44550.0,44650.0,43296.23828125,189995.0,,,,,,,,,,,,,,,,,,,,8483276750.0,,,local_price_csv_fallback,084370.KQ
2021-06-23,44750.0,44950.0,43500.0,43750.0,42423.52734375,339904.0,,,,,,,,,,,,,,,,,,,,14870800000.0,,,local_price_csv_fallback,084370.KQ
2021-06-24,43850.0,44050.0,42900.0,43450.0,42132.6171875,237811.0,,,,,,,,,,,,,,,,,,,,10332887950.0,,,local_price_csv_fallback,084370.KQ
2021-06-25,43900.0,44900.0,43900.0,44500.0,43150.78515625,243207.0,,,,,,,,,,,,,,,,,,,,10822711500.0,,,local_price_csv_fallback,084370.KQ
2021-06-28,44650.0,45200.0,44450.0,44550.0,43199.26953125,104370.0,,,,,,,,,,,,,,,,,,,,4649683500.0,,,local_price_csv_fallback,084370.KQ
2021-06-29,45450.0,46350.0,44850.0,44850.0,43490.171875,195958.0,,,,,,,,,,,,,,,,,,,,8788716300.0,,,local_price_csv_fallback,084370.KQ
2021-06-30,44950.0,45550.0,44900.0,45300.0,43926.52734375,129555.0,,,,,,,,,,,,,,,,,,,,5868841500.0,,,local_price_csv_fallback,084370.KQ
2021-07-01,45250.0,45550.0,44550.0,44650.0,43296.23828125,94831.0,,,,,,,,,,,,,,,,,,,,4234204150.0,,,local_price_csv_fallback,084370.KQ
2021-07-02,44650.0,44650.0,43950.0,44050.0,42714.4296875,174727.0,,,,,,,,,,,,,,,,,,,,7696724350.0,,,local_price_csv_fallback,084370.KQ
2021-07-05,44350.0,44700.0,43500.0,44250.0,42908.36328125,206133.0,,,,,,,,,,,,,,,,,,,,9121385250.0,,,local_price_csv_fallback,084370.KQ
2021-07-06,44700.0,45750.0,44300.0,44450.0,43102.296875,244068.0,,,,,,,,,,,,,,,,,,,,10848822600.0,,,local_price_csv_fallback,084370.KQ
2021-07-07,44450.0,44900.0,44000.0,44500.0,43150.78515625,127361.0,,,,,,,,,,,,,,,,,,,,5667564500.0,,,local_price_csv_fallback,084370.KQ
2021-07-08,44550.0,45350.0,43550.0,43700.0,42375.0390625,226643.0,,,,,,,,,,,,,,,,,,,,9904299100.0,,,local_price_csv_fallback,084370.KQ
2021-07-09,43450.0,43450.0,41950.0,42700.0,41405.359375,263917.0,,,,,,,,,,,,,,,,,,,,11269255900.0,,,local_price_csv_fallback,084370.KQ
2021-07-12,42800.0,43300.0,42650.0,42700.0,41405.359375,103555.0,,,,,,,,,,,,,,,,,,,,4421798500.0,,,local_price_csv_fallback,084370.KQ
2021-07-13,43100.0,43150.0,42550.0,42950.0,41647.77734375,83622.0,,,,,,,,,,,,,,,,,,,,3591564900.0,,,local_price_csv_fallback,084370.KQ
2021-07-14,42750.0,42900.0,41950.0,42850.0,41550.80859375,154137.0,,,,,,,,,,,,,,,,,,,,6604770450.0,,,local_price_csv_fallback,084370.KQ
2021-07-15,42950.0,44200.0,42750.0,43950.0,42617.45703125,178839.0,,,,,,,,,,,,,,,,,,,,7859974050.0,,,local_price_csv_fallback,084370.KQ
2021-07-16,43450.0,43650.0,42900.0,43500.0,42181.09765625,142977.0,,,,,,,,,,,,,,,,,,,,6219499500.0,,,local_price_csv_fallback,084370.KQ
2021-07-19,42950.0,43250.0,42400.0,42900.0,41599.29296875,131350.0,,,,,,,,,,,,,,,,,,,,5634915000.0,,,local_price_csv_fallback,084370.KQ
2021-07-20,42000.0,43550.0,42000.0,42750.0,41453.83984375,149136.0,,,,,,,,,,,,,,,,,,,,6375564000.0,,,local_price_csv_fallback,084370.KQ
2021-07-21,43000.0,43550.0,42400.0,43200.0,41890.19921875,179579.0,,,,,,,,,,,,,,,,,,,,7757812800.0,,,local_price_csv_fallback,084370.KQ
2021-07-22,43800.0,46500.0,43700.0,46200.0,44799.23828125,794687.0,,,,,,,,,,,,,,,,,,,,36714539400.0,,,local_price_csv_fallback,084370.KQ
2021-07-23,46650.0,49400.0,45600.0,47150.0,45720.44140625,664544.0,,,,,,,,,,,,,,,,,,,,31333249600.0,,,local_price_csv_fallback,084370.KQ
2021-07-26,47450.0,48100.0,46900.0,47150.0,45720.44140625,294353.0,,,,,,,,,,,,,,,,,,,,13878743950.0,,,local_price_csv_fallback,084370.KQ
2021-07-27,47150.0,48100.0,46450.0,47500.0,46059.82421875,223761.0,,,,,,,,,,,,,,,,,,,,10628647500.0,,,local_price_csv_fallback,084370.KQ
2021-07-28,46550.0,47600.0,46000.0,46500.0,45090.14453125,225870.0,,,,,,,,,,,,,,,,,,,,10502955000.0,,,local_price_csv_fallback,084370.KQ
2021-07-29,47000.0,47300.0,46250.0,46600.0,45187.11328125,152964.0,,,,,,,,,,,,,,,,,,,,7128122400.0,,,local_price_csv_fallback,084370.KQ
2021-07-30,46600.0,46600.0,45300.0,45600.0,44217.43359375,152281.0,,,,,,,,,,,,,,,,,,,,6944013600.0,,,local_price_csv_fallback,084370.KQ
2021-08-02,45600.0,46600.0,45400.0,46500.0,45090.14453125,129488.0,,,,,,,,,,,,,,,,,,,,6021192000.0,,,local_price_csv_fallback,084370.KQ
2021-08-03,46550.0,49300.0,46150.0,49000.0,47514.34375,611862.0,,,,,,,,,,,,,,,,,,,,29981238000.0,,,local_price_csv_fallback,084370.KQ
2021-08-04,49400.0,49450.0,48550.0,49350.0,47853.734375,273415.0,,,,,,,,,,,,,,,,,,,,13493030250.0,,,local_price_csv_fallback,084370.KQ
2021-08-05,49300.0,50000.0,48900.0,49050.0,47562.83203125,216663.0,,,,,,,,,,,,,,,,,,,,10627320150.0,,,local_price_csv_fallback,084370.KQ
2021-08-06,48900.0,49300.0,48300.0,49000.0,47514.34375,143739.0,,,,,,,,,,,,,,,,,,,,7043211000.0,,,local_price_csv_fallback,084370.KQ
2021-08-09,48700.0,50000.0,48350.0,49850.0,48338.57421875,188569.0,,,,,,,,,,,,,,,,,,,,9400164650.0,,,local_price_csv_fallback,084370.KQ
2021-08-10,49000.0,49750.0,48000.0,49150.0,47659.796875,225188.0,,,,,,,,,,,,,,,,,,,,11067990200.0,,,local_price_csv_fallback,084370.KQ
2021-08-11,48400.0,48400.0,46350.0,46650.0,45235.6015625,350535.0,,,,,,,,,,,,,,,,,,,,16352457750.0,,,local_price_csv_fallback,084370.KQ
2021-08-12,45950.0,45950.0,43300.0,43950.0,42617.45703125,725982.0,,,,,,,,,,,,,,,,,,,,31906908900.0,,,local_price_csv_fallback,084370.KQ
2021-08-13,43500.0,44450.0,42400.0,44300.0,42956.8515625,447916.0,,,,,,,,,,,,,,,,,,,,19842678800.0,,,local_price_csv_fallback,084370.KQ
2021-08-17,44500.0,44800.0,43050.0,44000.0,42665.9453125,251680.0,,,,,,,,,,,,,,,,,,,,11073920000.0,,,local_price_csv_fallback,084370.KQ
2021-08-18,44000.0,44500.0,42500.0,44050.0,42714.4296875,320627.0,,,,,,,,,,,,,,,,,,,,14123619350.0,,,local_price_csv_fallback,084370.KQ
2021-08-19,43650.0,44200.0,41650.0,41750.0,40484.16015625,346254.0,,,,,,,,,,,,,,,,,,,,14456104500.0,,,local_price_csv_fallback,084370.KQ
2021-08-20,42150.0,42550.0,41000.0,41050.0,39805.390625,286842.0,,,,,,,,,,,,,,,,,,,,11774864100.0,,,local_price_csv_fallback,084370.KQ
2021-08-23,41500.0,42450.0,40800.0,41700.0,40435.6796875,158309.0,,,,,,,,,,,,,,,,,,,,6601485300.0,,,local_price_csv_fallback,084370.KQ
2021-08-24,42450.0,43950.0,42000.0,43600.0,42278.0703125,239798.0,,,,,,,,,,,,,,,,,,,,10455192800.0,,,local_price_csv_fallback,084370.KQ
2021-08-25,44300.0,45000.0,42900.0,43700.0,42375.0390625,249514.0,,,,,,,,,,,,,,,,,,,,10903761800.0,,,local_price_csv_fallback,084370.KQ
2021-08-26,43900.0,44100.0,42750.0,43650.0,42326.55859375,205950.0,,,,,,,,,,,,,,,,,,,,8989717500.0,,,local_price_csv_fallback,084370.KQ
2021-08-27,43150.0,44300.0,43000.0,43700.0,42375.0390625,164311.0,,,,,,,,,,,,,,,,,,,,7180390700.0,,,local_price_csv_fallback,084370.KQ
2021-08-30,44500.0,44550.0,43000.0,43800.0,42472.0078125,157100.0,,,,,,,,,,,,,,,,,,,,6880980000.0,,,local_price_csv_fallback,084370.KQ
2021-08-31,43600.0,44250.0,42750.0,44050.0,42714.4296875,133365.0,,,,,,,,,,,,,,,,,,,,5874728250.0,,,local_price_csv_fallback,084370.KQ
2021-09-01,44050.0,45150.0,43800.0,44950.0,43587.140625,185582.0,,,,,,,,,,,,,,,,,,,,8341910900.0,,,local_price_csv_fallback,084370.KQ
2021-09-02,45000.0,45050.0,44150.0,44450.0,43102.296875,75544.0,,,,,,,,,,,,,,,,,,,,3357930800.0,,,local_price_csv_fallback,084370.KQ
2021-09-03,44700.0,44850.0,44000.0,44650.0,43296.23828125,94455.0,,,,,,,,,,,,,,,,,,,,4217415750.0,,,local_price_csv_fallback,084370.KQ
2021-09-06,44650.0,45700.0,44250.0,45250.0,43878.04296875,118999.0,,,,,,,,,,,,,,,,,,,,5384704750.0,,,local_price_csv_fallback,084370.KQ
2021-09-07,45150.0,45350.0,44000.0,44100.0,42762.91015625,109661.0,,,,,,,,,,,,,,,,,,,,4836050100.0,,,local_price_csv_fallback,084370.KQ
2021-09-08,43750.0,44550.0,43450.0,44300.0,42956.8515625,96441.0,,,,,,,,,,,,,,,,,,,,4272336300.0,,,local_price_csv_fallback,084370.KQ
2021-09-09,43600.0,44150.0,43000.0,43650.0,42326.55859375,178312.0,,,,,,,,,,,,,,,,,,,,7783318800.0,,,local_price_csv_fallback,084370.KQ
2021-09-10,43700.0,45000.0,43050.0,44650.0,43296.23828125,116753.0,,,,,,,,,,,,,,,,,,,,5213021450.0,,,local_price_csv_fallback,084370.KQ
2021-09-13,44450.0,45300.0,43750.0,44300.0,42956.8515625,95267.0,,,,,,,,,,,,,,,,,,,,4220328100.0,,,local_price_csv_fallback,084370.KQ
2021-09-14,44300.0,45900.0,44150.0,45850.0,44459.8515625,194443.0,,,,,,,,,,,,,,,,,,,,8915211550.0,,,local_price_csv_fallback,084370.KQ
2021-09-15,45950.0,46300.0,45050.0,46150.0,44750.7578125,157630.0,,,,,,,,,,,,,,,,,,,,7274624500.0,,,local_price_csv_fallback,084370.KQ
2021-09-16,46250.0,46300.0,44000.0,44350.0,43005.33203125,148375.0,,,,,,,,,,,,,,,,,,,,6580431250.0,,,local_price_csv_fallback,084370.KQ
2021-09-17,44400.0,46050.0,43750.0,45950.0,44556.8203125,205877.0,,,,,,,,,,,,,,,,,,,,9460048150.0,,,local_price_csv_fallback,084370.KQ
2021-09-23,46000.0,46000.0,44150.0,44450.0,43102.296875,249202.0,,,,,,,,,,,,,,,,,,,,11077028900.0,,,local_price_csv_fallback,084370.KQ
2021-09-24,44700.0,44750.0,42950.0,44100.0,42762.91015625,184982.0,,,,,,,,,,,,,,,,,,,,8157706200.0,,,local_price_csv_fallback,084370.KQ
2021-09-27,43750.0,44000.0,42950.0,43450.0,42132.6171875,120049.0,,,,,,,,,,,,,,,,,,,,5216129050.0,,,local_price_csv_fallback,084370.KQ
2021-09-28,43400.0,43400.0,41400.0,41800.0,40532.6484375,171290.0,,,,,,,,,,,,,,,,,,,,7159922000.0,,,local_price_csv_fallback,084370.KQ
2021-09-29,40450.0,41050.0,40100.0,40900.0,39659.93359375,159589.0,,,,,,,,,,,,,,,,,,,,6527190100.0,,,local_price_csv_fallback,084370.KQ
2021-09-30,40750.0,40750.0,39900.0,40050.0,38835.7109375,179729.0,,,,,,,,,,,,,,,,,,,,7198146450.0,,,local_price_csv_fallback,084370.KQ
2021-10-01,40000.0,40250.0,38900.0,39050.0,37866.0234375,103301.0,,,,,,,,,,,,,,,,,,,,4033904050.0,,,local_price_csv_fallback,084370.KQ
2021-10-05,38200.0,39900.0,37950.0,39250.0,38059.9609375,178221.0,,,,,,,,,,,,,,,,,,,,6995174250.0,,,local_price_csv_fallback,084370.KQ
2021-10-06,39250.0,39500.0,37500.0,37800.0,36653.92578125,171373.0,,,,,,,,,,,,,,,,,,,,6477899400.0,,,local_price_csv_fallback,084370.KQ
2021-10-07,38500.0,38600.0,36000.0,38000.0,36847.86328125,328398.0,,,,,,,,,,,,,,,,,,,,12479124000.0,,,local_price_csv_fallback,084370.KQ
2021-10-08,38450.0,39900.0,37350.0,38800.0,37623.60546875,192689.0,,,,,,,,,,,,,,,,,,,,7476333200.0,,,local_price_csv_fallback,084370.KQ
2021-10-12,38800.0,38800.0,37650.0,37800.0,36653.92578125,81591.0,,,,,,,,,,,,,,,,,,,,3084139800.0,,,local_price_csv_fallback,084370.KQ
2021-10-13,37800.0,38250.0,37600.0,37700.0,36556.953125,52779.0,,,,,,,,,,,,,,,,,,,,1989768300.0,,,local_price_csv_fallback,084370.KQ
2021-10-14,37750.0,39600.0,37600.0,39050.0,37866.0234375,136664.0,,,,,,,,,,,,,,,,,,,,5336729200.0,,,local_price_csv_fallback,084370.KQ
2021-10-15,39750.0,40200.0,39100.0,39750.0,38544.80078125,89762.0,,,,,,,,,,,,,,,,,,,,3568039500.0,,,local_price_csv_fallback,084370.KQ
2021-10-18,39850.0,40350.0,39150.0,40100.0,38884.1875,119160.0,,,,,,,,,,,,,,,,,,,,4778316000.0,,,local_price_csv_fallback,084370.KQ
2021-10-19,40150.0,40550.0,39650.0,40100.0,38884.1875,62236.0,,,,,,,,,,,,,,,,,,,,2495663600.0,,,local_price_csv_fallback,084370.KQ
2021-10-20,40100.0,40400.0,39850.0,39950.0,38738.734375,41335.0,,,,,,,,,,,,,,,,,,,,1651333250.0,,,local_price_csv_fallback,084370.KQ
2021-10-21,39950.0,40300.0,39200.0,39300.0,38108.44921875,79384.0,,,,,,,,,,,,,,,,,,,,3119791200.0,,,local_price_csv_fallback,084370.KQ
2021-10-22,39500.0,40000.0,39100.0,39700.0,38496.31640625,46623.0,,,,,,,,,,,,,,,,,,,,1850933100.0,,,local_price_csv_fallback,084370.KQ
2021-10-25,39700.0,41500.0,39350.0,41250.0,39999.32421875,144773.0,,,,,,,,,,,,,,,,,,,,5971886250.0,,,local_price_csv_fallback,084370.KQ
2021-10-26,41250.0,42000.0,41200.0,41900.0,40629.61328125,89470.0,,,,,,,,,,,,,,,,,,,,3748793000.0,,,local_price_csv_fallback,084370.KQ
2021-10-27,41900.0,42250.0,41350.0,41500.0,40241.74609375,67628.0,,,,,,,,,,,,,,,,,,,,2806562000.0,,,local_price_csv_fallback,084370.KQ
2021-10-28,41700.0,44150.0,41100.0,43850.0,42520.4921875,282938.0,,,,,,,,,,,,,,,,,,,,12406831300.0,,,local_price_csv_fallback,084370.KQ
2021-10-29,43850.0,44850.0,43400.0,44550.0,43199.26953125,193276.0,,,,,,,,,,,,,,,,,,,,8610445800.0,,,local_price_csv_fallback,084370.KQ
2021-11-01,44100.0,45100.0,43700.0,44700.0,43344.71484375,89216.0,,,,,,,,,,,,,,,,,,,,3987955200.0,,,local_price_csv_fallback,084370.KQ
2021-11-02,45100.0,46700.0,44650.0,44700.0,43344.71484375,151036.0,,,,,,,,,,,,,,,,,,,,6751309200.0,,,local_price_csv_fallback,084370.KQ
2021-11-03,44900.0,44950.0,42850.0,42950.0,41647.77734375,167716.0,,,,,,,,,,,,,,,,,,,,7203402200.0,,,local_price_csv_fallback,084370.KQ
2021-11-04,43650.0,44150.0,42500.0,43000.0,41696.26171875,56223.0,,,,,,,,,,,,,,,,,,,,2417589000.0,,,local_price_csv_fallback,084370.KQ
2021-11-05,43400.0,43600.0,42100.0,42800.0,41502.33203125,70855.0,,,,,,,,,,,,,,,,,,,,3032594000.0,,,local_price_csv_fallback,084370.KQ
2021-11-08,42700.0,42800.0,41500.0,42650.0,41356.87890625,87633.0,,,,,,,,,,,,,,,,,,,,3737547450.0,,,local_price_csv_fallback,084370.KQ
2021-11-09,42650.0,43300.0,42000.0,43100.0,41793.234375,84372.0,,,,,,,,,,,,,,,,,,,,3636433200.0,,,local_price_csv_fallback,084370.KQ
2021-11-10,42500.0,42800.0,41350.0,41700.0,40435.6796875,84475.0,,,,,,,,,,,,,,,,,,,,3522607500.0,,,local_price_csv_fallback,084370.KQ
2021-11-11,41350.0,42000.0,40600.0,41700.0,40435.6796875,65734.0,,,,,,,,,,,,,,,,,,,,2741107800.0,,,local_price_csv_fallback,084370.KQ
2021-11-12,41800.0,44650.0,41300.0,43750.0,42423.52734375,183787.0,,,,,,,,,,,,,,,,,,,,8040681250.0,,,local_price_csv_fallback,084370.KQ
2021-11-15,44000.0,46500.0,43800.0,46500.0,45090.14453125,359413.0,,,,,,,,,,,,,,,,,,,,16712704500.0,,,local_price_csv_fallback,084370.KQ
2021-11-16,46500.0,47300.0,46000.0,47100.0,45671.95703125,200145.0,,,,,,,,,,,,,,,,,,,,9426829500.0,,,local_price_csv_fallback,084370.KQ
2021-11-17,47250.0,48300.0,46500.0,48100.0,46641.63671875,201842.0,,,,,,,,,,,,,,,,,,,,9708600200.0,,,local_price_csv_fallback,084370.KQ
2021-11-18,48000.0,48150.0,46750.0,47650.0,46205.28125,155561.0,,,,,,,,,,,,,,,,,,,,7412481650.0,,,local_price_csv_fallback,084370.KQ
2021-11-19,47550.0,48500.0,47200.0,47950.0,46496.17578125,181742.0,,,,,,,,,,,,,,,,,,,,8714528900.0,,,local_price_csv_fallback,084370.KQ
2021-11-22,49750.0,54900.0,48750.0,54800.0,53138.4921875,1561818.0,,,,,,,,,,,,,,,,,,,,85587626400.0,,,local_price_csv_fallback,084370.KQ
2021-11-23,54800.0,55100.0,50700.0,51500.0,49938.546875,853121.0,,,,,,,,,,,,,,,,,,,,43935731500.0,,,local_price_csv_fallback,084370.KQ
2021-11-24,51800.0,52000.0,49350.0,51300.0,49744.61328125,385555.0,,,,,,,,,,,,,,,,,,,,19778971500.0,,,local_price_csv_fallback,084370.KQ
2021-11-25,50900.0,51900.0,49700.0,49750.0,48241.60546875,472811.0,,,,,,,,,,,,,,,,,,,,23522347250.0,,,local_price_csv_fallback,084370.KQ
2021-11-26,50500.0,52500.0,48600.0,49450.0,47950.69921875,387398.0,,,,,,,,,,,,,,,,,,,,19156831100.0,,,local_price_csv_fallback,084370.KQ
2021-11-29,47300.0,49750.0,47300.0,48900.0,47417.37890625,208485.0,,,,,,,,,,,,,,,,,,,,10194916500.0,,,local_price_csv_fallback,084370.KQ
2021-11-30,50000.0,51300.0,47000.0,47900.0,46447.69921875,334575.0,,,,,,,,,,,,,,,,,,,,16026142500.0,,,local_price_csv_fallback,084370.KQ
2021-12-01,48100.0,48700.0,46500.0,48300.0,46835.57421875,297447.0,,,,,,,,,,,,,,,,,,,,14366690100.0,,,local_price_csv_fallback,084370.KQ
2021-12-02,47250.0,51300.0,47000.0,49650.0,48144.64453125,564410.0,,,,,,,,,,,,,,,,,,,,28022956500.0,,,local_price_csv_fallback,084370.KQ
2021-12-03,49550.0,50000.0,48500.0,49500.0,47999.1875,211233.0,,,,,,,,,,,,,,,,,,,,10456033500.0,,,local_price_csv_fallback,084370.KQ
2021-12-06,49000.0,51300.0,48750.0,49900.0,48387.05859375,260072.0,,,,,,,,,,,,,,,,,,,,12977592800.0,,,local_price_csv_fallback,084370.KQ
2021-12-07,50300.0,50600.0,49300.0,50300.0,48774.93359375,136879.0,,,,,,,,,,,,,,,,,,,,6885013700.0,,,local_price_csv_fallback,084370.KQ
2021-12-08,51400.0,51700.0,49950.0,50300.0,48774.93359375,346982.0,,,,,,,,,,,,,,,,,,,,17453194600.0,,,local_price_csv_fallback,084370.KQ
2021-12-09,50000.0,50700.0,49150.0,49900.0,48387.05859375,200727.0,,,,,,,,,,,,,,,,,,,,10016277300.0,,,local_price_csv_fallback,084370.KQ
2021-12-10,49300.0,49300.0,47350.0,47750.0,46302.25,323773.0,,,,,,,,,,,,,,,,,,,,15460160750.0,,,local_price_csv_fallback,084370.KQ
2021-12-13,48200.0,48250.0,47150.0,47200.0,45768.91796875,157028.0,,,,,,,,,,,,,,,,,,,,7411721600.0,,,local_price_csv_fallback,084370.KQ
2021-12-14,47100.0,47950.0,46950.0,47450.0,46011.33984375,108066.0,,,,,,,,,,,,,,,,,,,,5127731700.0,,,local_price_csv_fallback,084370.KQ
2021-12-15,47250.0,48400.0,46850.0,48350.0,46884.0546875,102789.0,,,,,,,,,,,,,,,,,,,,4969848150.0,,,local_price_csv_fallback,084370.KQ
2021-12-16,48900.0,49050.0,47800.0,48150.0,46690.12109375,120483.0,,,,,,,,,,,,,,,,,,,,5801256450.0,,,local_price_csv_fallback,084370.KQ
2021-12-17,47400.0,48200.0,47000.0,47300.0,45865.890625,145493.0,,,,,,,,,,,,,,,,,,,,6881818900.0,,,local_price_csv_fallback,084370.KQ
2021-12-20,47250.0,48200.0,46200.0,46550.0,45138.62890625,97445.0,,,,,,,,,,,,,,,,,,,,4536064750.0,,,local_price_csv_fallback,084370.KQ
2021-12-21,47250.0,49600.0,47250.0,49200.0,47708.28515625,391169.0,,,,,,,,,,,,,,,,,,,,19245514800.0,,,local_price_csv_fallback,084370.KQ
2021-12-22,49200.0,49950.0,48550.0,48900.0,47417.37890625,226617.0,,,,,,,,,,,,,,,,,,,,11081571300.0,,,local_price_csv_fallback,084370.KQ
2021-12-23,49200.0,50900.0,49000.0,50200.0,48677.9609375,315109.0,,,,,,,,,,,,,,,,,,,,15818471800.0,,,local_price_csv_fallback,084370.KQ
2021-12-24,50800.0,50800.0,48950.0,49200.0,47708.28515625,217417.0,,,,,,,,,,,,,,,,,,,,10696916400.0,,,local_price_csv_fallback,084370.KQ
2021-12-27,49200.0,50300.0,49100.0,49700.0,48193.12109375,159401.0,,,,,,,,,,,,,,,,,,,,7922229700.0,,,local_price_csv_fallback,084370.KQ
2021-12-28,50300.0,51600.0,50000.0,51000.0,49453.70703125,302380.0,,,,,,,,,,,,,,,,,,,,15421380000.0,,,local_price_csv_fallback,084370.KQ
2021-12-29,50900.0,51400.0,49650.0,50600.0,49326.98046875,250958.0,,,,,,,,,,,,,,,,,,,,12698474800.0,,,local_price_csv_fallback,084370.KQ
2021-12-30,50600.0,52200.0,50200.0,51700.0,50399.30859375,247153.0,,,,,,,,,,,,,,,,,,,,12777810100.0,,,local_price_csv_fallback,084370.KQ
2022-01-04,52800.0,53200.0,52000.0,52800.0,51471.6328125,151525.0,,,,,,,,,,,,,,,,,,,,8000520000.0,,,local_price_csv_fallback,084370.KQ
2022-01-05,52200.0,52800.0,50200.0,51600.0,50301.8203125,241768.0,,,,,,,,,,,,,,,,,,,,12475228800.0,,,local_price_csv_fallback,084370.KQ
2022-01-06,50100.0,51300.0,49000.0,49300.0,48059.6875,217210.0,,,,,,,,,,,,,,,,,,,,10708453000.0,,,local_price_csv_fallback,084370.KQ
2022-01-07,50100.0,51300.0,49650.0,50500.0,49229.49609375,98083.0,,,,,,,,,,,,,,,,,,,,4953191500.0,,,local_price_csv_fallback,084370.KQ
2022-01-10,50300.0,50400.0,47850.0,48250.0,47036.1015625,294754.0,,,,,,,,,,,,,,,,,,,,14221880500.0,,,local_price_csv_fallback,084370.KQ
2022-01-11,48250.0,48950.0,47450.0,48500.0,47279.8125,140902.0,,,,,,,,,,,,,,,,,,,,6833747000.0,,,local_price_csv_fallback,084370.KQ
2022-01-12,48550.0,49500.0,48550.0,49250.0,48010.9453125,89395.0,,,,,,,,,,,,,,,,,,,,4402703750.0,,,local_price_csv_fallback,084370.KQ
2022-01-13,49250.0,50300.0,48800.0,49000.0,47767.23046875,107393.0,,,,,,,,,,,,,,,,,,,,5262257000.0,,,local_price_csv_fallback,084370.KQ
2022-01-14,48300.0,54500.0,48300.0,53200.0,51861.56640625,692347.0,,,,,,,,,,,,,,,,,,,,36832860400.0,,,local_price_csv_fallback,084370.KQ
2022-01-17,53400.0,54400.0,52700.0,53200.0,51861.56640625,291207.0,,,,,,,,,,,,,,,,,,,,15492212400.0,,,local_price_csv_fallback,084370.KQ
2022-01-18,54000.0,54600.0,52600.0,53600.0,52251.50390625,219707.0,,,,,,,,,,,,,,,,,,,,11776295200.0,,,local_price_csv_fallback,084370.KQ
2022-01-19,52700.0,52800.0,51200.0,52000.0,50691.7578125,199521.0,,,,,,,,,,,,,,,,,,,,10375092000.0,,,local_price_csv_fallback,084370.KQ
2022-01-20,51500.0,52200.0,50700.0,52100.0,50789.23828125,220933.0,,,,,,,,,,,,,,,,,,,,11510609300.0,,,local_price_csv_fallback,084370.KQ
2022-01-21,51000.0,51200.0,48550.0,49200.0,47962.19921875,261324.0,,,,,,,,,,,,,,,,,,,,12857140800.0,,,local_price_csv_fallback,084370.KQ
2022-01-24,48550.0,49900.0,48250.0,49500.0,48254.65625,156535.0,,,,,,,,,,,,,,,,,,,,7748482500.0,,,local_price_csv_fallback,084370.KQ
2022-01-25,50200.0,50200.0,48200.0,48550.0,47328.5546875,253652.0,,,,,,,,,,,,,,,,,,,,12314804600.0,,,local_price_csv_fallback,084370.KQ
2022-01-26,48600.0,49000.0,46550.0,47900.0,46694.90625,229334.0,,,,,,,,,,,,,,,,,,,,10985098600.0,,,local_price_csv_fallback,084370.KQ
2022-01-27,48600.0,48600.0,44850.0,45200.0,44062.8359375,291604.0,,,,,,,,,,,,,,,,,,,,13180500800.0,,,local_price_csv_fallback,084370.KQ
2022-01-28,45650.0,47750.0,44300.0,47600.0,46402.45703125,186731.0,,,,,,,,,,,,,,,,,,,,8888395600.0,,,local_price_csv_fallback,084370.KQ
2022-02-03,48600.0,48700.0,46800.0,46900.0,45720.06640625,154699.0,,,,,,,,,,,,,,,,,,,,7255383100.0,,,local_price_csv_fallback,084370.KQ
2022-02-04,46600.0,47750.0,46500.0,47600.0,46402.45703125,94193.0,,,,,,,,,,,,,,,,,,,,4483586800.0,,,local_price_csv_fallback,084370.KQ
2022-02-07,47650.0,47650.0,45700.0,45850.0,44696.484375,146727.0,,,,,,,,,,,,,,,,,,,,6727432950.0,,,local_price_csv_fallback,084370.KQ
2022-02-08,45900.0,46450.0,44850.0,45250.0,44111.578125,167235.0,,,,,,,,,,,,,,,,,,,,7567383750.0,,,local_price_csv_fallback,084370.KQ
2022-02-09,45800.0,46200.0,45250.0,46050.0,44891.44921875,114244.0,,,,,,,,,,,,,,,,,,,,5260936200.0,,,local_price_csv_fallback,084370.KQ
2022-02-10,46750.0,47300.0,45250.0,45750.0,44599.0,165846.0,,,,,,,,,,,,,,,,,,,,7587454500.0,,,local_price_csv_fallback,084370.KQ
2022-02-11,45500.0,45800.0,44000.0,44200.0,43087.9921875,179513.0,,,,,,,,,,,,,,,,,,,,7934474600.0,,,local_price_csv_fallback,084370.KQ
2022-02-14,43000.0,43900.0,42450.0,43200.0,42113.1484375,126180.0,,,,,,,,,,,,,,,,,,,,5450976000.0,,,local_price_csv_fallback,084370.KQ
2022-02-15,43400.0,43700.0,42150.0,42750.0,41674.47265625,121535.0,,,,,,,,,,,,,,,,,,,,5195621250.0,,,local_price_csv_fallback,084370.KQ
2022-02-16,43900.0,44150.0,43200.0,44150.0,43039.25390625,134235.0,,,,,,,,,,,,,,,,,,,,5926475250.0,,,local_price_csv_fallback,084370.KQ
2022-02-17,43900.0,45450.0,43400.0,44550.0,43429.19140625,162534.0,,,,,,,,,,,,,,,,,,,,7240889700.0,,,local_price_csv_fallback,084370.KQ
2022-02-18,44250.0,45850.0,43900.0,45500.0,44355.2890625,148114.0,,,,,,,,,,,,,,,,,,,,6739187000.0,,,local_price_csv_fallback,084370.KQ
2022-02-21,45100.0,45100.0,44050.0,44750.0,43624.16015625,70558.0,,,,,,,,,,,,,,,,,,,,3157470500.0,,,local_price_csv_fallback,084370.KQ
2022-02-22,43900.0,44400.0,43550.0,44050.0,42941.76953125,99272.0,,,,,,,,,,,,,,,,,,,,4372931600.0,,,local_price_csv_fallback,084370.KQ
2022-02-23,44800.0,44850.0,43650.0,44550.0,43429.19140625,81835.0,,,,,,,,,,,,,,,,,,,,3645749250.0,,,local_price_csv_fallback,084370.KQ
2022-02-24,43600.0,44100.0,42600.0,42650.0,41576.9921875,116383.0,,,,,,,,,,,,,,,,,,,,4963734950.0,,,local_price_csv_fallback,084370.KQ
2022-02-25,43300.0,44300.0,43200.0,43950.0,42844.28125,91110.0,,,,,,,,,,,,,,,,,,,,4004284500.0,,,local_price_csv_fallback,084370.KQ
2022-02-28,43900.0,44000.0,42950.0,43350.0,42259.37890625,78645.0,,,,,,,,,,,,,,,,,,,,3409260750.0,,,local_price_csv_fallback,084370.KQ
2022-03-02,42800.0,44150.0,42800.0,43900.0,42795.5390625,91924.0,,,,,,,,,,,,,,,,,,,,4035463600.0,,,local_price_csv_fallback,084370.KQ
2022-03-03,44500.0,46300.0,44500.0,45600.0,44452.76953125,164199.0,,,,,,,,,,,,,,,,,,,,7487474400.0,,,local_price_csv_fallback,084370.KQ
2022-03-04,45250.0,45250.0,44200.0,44700.0,43575.4140625,116123.0,,,,,,,,,,,,,,,,,,,,5190698100.0,,,local_price_csv_fallback,084370.KQ
2022-03-07,43900.0,44050.0,43100.0,43450.0,42356.86328125,104751.0,,,,,,,,,,,,,,,,,,,,4551430950.0,,,local_price_csv_fallback,084370.KQ
2022-03-08,42450.0,43600.0,42450.0,43400.0,42308.125,126870.0,,,,,,,,,,,,,,,,,,,,5506158000.0,,,local_price_csv_fallback,084370.KQ
2022-03-10,44500.0,45000.0,44150.0,44500.0,43380.4453125,128162.0,,,,,,,,,,,,,,,,,,,,5703209000.0,,,local_price_csv_fallback,084370.KQ
2022-03-11,44200.0,44700.0,43000.0,43650.0,42551.83203125,147916.0,,,,,,,,,,,,,,,,,,,,6456533400.0,,,local_price_csv_fallback,084370.KQ
2022-03-14,43300.0,43500.0,41350.0,41350.0,40309.6953125,149561.0,,,,,,,,,,,,,,,,,,,,6184347350.0,,,local_price_csv_fallback,084370.KQ
2022-03-15,41450.0,41600.0,39500.0,41250.0,40212.2109375,189085.0,,,,,,,,,,,,,,,,,,,,7799756250.0,,,local_price_csv_fallback,084370.KQ
2022-03-16,42500.0,43900.0,41850.0,42700.0,41625.73046875,208136.0,,,,,,,,,,,,,,,,,,,,8887407200.0,,,local_price_csv_fallback,084370.KQ
2022-03-17,44000.0,45900.0,43950.0,45300.0,44160.3203125,315978.0,,,,,,,,,,,,,,,,,,,,14313803400.0,,,local_price_csv_fallback,084370.KQ
2022-03-18,45500.0,46850.0,44600.0,46850.0,45671.32421875,154652.0,,,,,,,,,,,,,,,,,,,,7245446200.0,,,local_price_csv_fallback,084370.KQ
2022-03-21,47000.0,47300.0,46500.0,46600.0,45427.61328125,75354.0,,,,,,,,,,,,,,,,,,,,3511496400.0,,,local_price_csv_fallback,084370.KQ
2022-03-22,46400.0,47000.0,46100.0,46900.0,45720.06640625,64957.0,,,,,,,,,,,,,,,,,,,,3046483300.0,,,local_price_csv_fallback,084370.KQ
2022-03-23,47450.0,47450.0,46250.0,46700.0,45525.09765625,57125.0,,,,,,,,,,,,,,,,,,,,2667737500.0,,,local_price_csv_fallback,084370.KQ
2022-03-24,45850.0,46950.0,45750.0,46800.0,45622.5859375,56701.0,,,,,,,,,,,,,,,,,,,,2653606800.0,,,local_price_csv_fallback,084370.KQ
2022-03-25,47450.0,47500.0,46300.0,46300.0,45135.1640625,75360.0,,,,,,,,,,,,,,,,,,,,3489168000.0,,,local_price_csv_fallback,084370.KQ
2022-03-28,46300.0,46650.0,45500.0,46100.0,44940.19140625,53310.0,,,,,,,,,,,,,,,,,,,,2457591000.0,,,local_price_csv_fallback,084370.KQ
2022-03-29,46300.0,46800.0,45750.0,46550.0,45378.875,76839.0,,,,,,,,,,,,,,,,,,,,3576855450.0,,,local_price_csv_fallback,084370.KQ
2022-03-30,47400.0,48150.0,46250.0,47650.0,46451.19921875,168577.0,,,,,,,,,,,,,,,,,,,,8032694050.0,,,local_price_csv_fallback,084370.KQ
2022-03-31,47650.0,49100.0,46900.0,48400.0,47182.328125,175349.0,,,,,,,,,,,,,,,,,,,,8486891600.0,,,local_price_csv_fallback,084370.KQ
2022-04-01,48400.0,48400.0,46300.0,46400.0,45232.6484375,196721.0,,,,,,,,,,,,,,,,,,,,9127854400.0,,,local_price_csv_fallback,084370.KQ
2022-04-04,46500.0,46700.0,45800.0,46550.0,45378.875,54629.0,,,,,,,,,,,,,,,,,,,,2542979950.0,,,local_price_csv_fallback,084370.KQ
2022-04-05,46700.0,47500.0,46500.0,47000.0,45817.55078125,73219.0,,,,,,,,,,,,,,,,,,,,3441293000.0,,,local_price_csv_fallback,084370.KQ
2022-04-06,46250.0,46250.0,44000.0,44100.0,42990.5078125,287396.0,,,,,,,,,,,,,,,,,,,,12674163600.0,,,local_price_csv_fallback,084370.KQ
2022-04-07,43650.0,44500.0,43200.0,44300.0,43185.48046875,84843.0,,,,,,,,,,,,,,,,,,,,3758544900.0,,,local_price_csv_fallback,084370.KQ
2022-04-08,44150.0,45200.0,43750.0,45000.0,43867.86328125,119130.0,,,,,,,,,,,,,,,,,,,,5360850000.0,,,local_price_csv_fallback,084370.KQ
2022-04-11,44350.0,44650.0,43450.0,43750.0,42649.31640625,120814.0,,,,,,,,,,,,,,,,,,,,5285612500.0,,,local_price_csv_fallback,084370.KQ
2022-04-12,43200.0,43800.0,42850.0,43600.0,42503.08984375,88362.0,,,,,,,,,,,,,,,,,,,,3852583200.0,,,local_price_csv_fallback,084370.KQ
2022-04-13,43550.0,45350.0,43500.0,45250.0,44111.578125,119349.0,,,,,,,,,,,,,,,,,,,,5400542250.0,,,local_price_csv_fallback,084370.KQ
2022-04-14,45500.0,45500.0,44600.0,45150.0,44014.09375,63016.0,,,,,,,,,,,,,,,,,,,,2845172400.0,,,local_price_csv_fallback,084370.KQ
2022-04-15,44500.0,44500.0,43400.0,43650.0,42551.83203125,145720.0,,,,,,,,,,,,,,,,,,,,6360678000.0,,,local_price_csv_fallback,084370.KQ
2022-04-18,43300.0,44550.0,43250.0,44100.0,42990.5078125,92025.0,,,,,,,,,,,,,,,,,,,,4058302500.0,,,local_price_csv_fallback,084370.KQ
2022-04-19,44350.0,47400.0,44350.0,47050.0,45866.29296875,300701.0,,,,,,,,,,,,,,,,,,,,14147982050.0,,,local_price_csv_fallback,084370.KQ
2022-04-20,47050.0,47150.0,45850.0,46150.0,44988.93359375,108331.0,,,,,,,,,,,,,,,,,,,,4999475650.0,,,local_price_csv_fallback,084370.KQ
2022-04-21,46200.0,47200.0,46200.0,46850.0,45671.32421875,70011.0,,,,,,,,,,,,,,,,,,,,3280015350.0,,,local_price_csv_fallback,084370.KQ
2022-04-22,46300.0,46300.0,45300.0,45700.0,44550.25390625,98089.0,,,,,,,,,,,,,,,,,,,,4482667300.0,,,local_price_csv_fallback,084370.KQ
2022-04-25,44650.0,45400.0,44350.0,44800.0,43672.90234375,80663.0,,,,,,,,,,,,,,,,,,,,3613702400.0,,,local_price_csv_fallback,084370.KQ
2022-04-26,45600.0,45600.0,44600.0,44700.0,43575.4140625,104355.0,,,,,,,,,,,,,,,,,,,,4664668500.0,,,local_price_csv_fallback,084370.KQ
2022-04-27,43500.0,44650.0,43400.0,44300.0,43185.48046875,108858.0,,,,,,,,,,,,,,,,,,,,4822409400.0,,,local_price_csv_fallback,084370.KQ
2022-04-28,44650.0,44950.0,42200.0,42600.0,41528.24609375,218193.0,,,,,,,,,,,,,,,,,,,,9295021800.0,,,local_price_csv_fallback,084370.KQ
2022-04-29,43000.0,43500.0,42750.0,43200.0,42113.1484375,139770.0,,,,,,,,,,,,,,,,,,,,6038064000.0,,,local_price_csv_fallback,084370.KQ
2022-05-03,43100.0,43600.0,42750.0,43400.0,42308.125,107304.0,,,,,,,,,,,,,,,,,,,,4656993600.0,,,local_price_csv_fallback,084370.KQ
2022-05-04,43750.0,43750.0,42300.0,42500.0,41430.765625,94720.0,,,,,,,,,,,,,,,,,,,,4025600000.0,,,local_price_csv_fallback,084370.KQ
2022-05-06,41850.0,42250.0,41650.0,41800.0,40748.37890625,79941.0,,,,,,,,,,,,,,,,,,,,3341533800.0,,,local_price_csv_fallback,084370.KQ
2022-05-10,39900.0,41400.0,39500.0,40700.0,39676.046875,138594.0,,,,,,,,,,,,,,,,,,,,5640775800.0,,,local_price_csv_fallback,084370.KQ
2022-05-11,40750.0,42250.0,40050.0,42150.0,41089.56640625,95361.0,,,,,,,,,,,,,,,,,,,,4019466150.0,,,local_price_csv_fallback,084370.KQ
2022-05-12,41350.0,41850.0,40500.0,40500.0,39481.08203125,113334.0,,,,,,,,,,,,,,,,,,,,4590027000.0,,,local_price_csv_fallback,084370.KQ
2022-05-13,40750.0,42900.0,40750.0,42750.0,41674.47265625,153277.0,,,,,,,,,,,,,,,,,,,,6552591750.0,,,local_price_csv_fallback,084370.KQ
2022-05-16,42900.0,43300.0,41300.0,41650.0,40602.15234375,128812.0,,,,,,,,,,,,,,,,,,,,5365019800.0,,,local_price_csv_fallback,084370.KQ
2022-05-17,41700.0,42050.0,41350.0,41800.0,40748.37890625,59367.0,,,,,,,,,,,,,,,,,,,,2481540600.0,,,local_price_csv_fallback,084370.KQ
2022-05-18,42400.0,43100.0,41800.0,42950.0,41869.44140625,160101.0,,,,,,,,,,,,,,,,,,,,6876337950.0,,,local_price_csv_fallback,084370.KQ
2022-05-19,41600.0,44100.0,41550.0,43400.0,42308.125,177930.0,,,,,,,,,,,,,,,,,,,,7722162000.0,,,local_price_csv_fallback,084370.KQ
2022-05-20,43950.0,43950.0,42750.0,42900.0,41820.703125,113533.0,,,,,,,,,,,,,,,,,,,,4870565700.0,,,local_price_csv_fallback,084370.KQ
2022-05-23,43200.0,43400.0,42300.0,43250.0,42161.89453125,83684.0,,,,,,,,,,,,,,,,,,,,3619333000.0,,,local_price_csv_fallback,084370.KQ
2022-05-24,43000.0,43100.0,41250.0,41300.0,40260.953125,135760.0,,,,,,,,,,,,,,,,,,,,5606888000.0,,,local_price_csv_fallback,084370.KQ
2022-05-25,41600.0,41700.0,40600.0,40750.0,39724.79296875,130588.0,,,,,,,,,,,,,,,,,,,,5321461000.0,,,local_price_csv_fallback,084370.KQ
2022-05-26,41050.0,41550.0,39700.0,39900.0,38896.1796875,98786.0,,,,,,,,,,,,,,,,,,,,3941561400.0,,,local_price_csv_fallback,084370.KQ
2022-05-27,40600.0,41150.0,40100.0,40150.0,39139.88671875,64536.0,,,,,,,,,,,,,,,,,,,,2591120400.0,,,local_price_csv_fallback,084370.KQ
2022-05-30,41000.0,41150.0,40500.0,40950.0,39919.75390625,65116.0,,,,,,,,,,,,,,,,,,,,2666500200.0,,,local_price_csv_fallback,084370.KQ
2022-05-31,41000.0,41000.0,40250.0,40750.0,39724.79296875,70830.0,,,,,,,,,,,,,,,,,,,,2886322500.0,,,local_price_csv_fallback,084370.KQ
2022-06-02,40400.0,40900.0,40000.0,40700.0,39676.046875,66175.0,,,,,,,,,,,,,,,,,,,,2693322500.0,,,local_price_csv_fallback,084370.KQ
2022-06-03,41100.0,41250.0,40500.0,40750.0,39724.79296875,55741.0,,,,,,,,,,,,,,,,,,,,2271445750.0,,,local_price_csv_fallback,084370.KQ
2022-06-07,40400.0,40400.0,39150.0,39250.0,38262.53125,167488.0,,,,,,,,,,,,,,,,,,,,6573904000.0,,,local_price_csv_fallback,084370.KQ
2022-06-08,39600.0,39650.0,38500.0,38800.0,37823.85546875,114175.0,,,,,,,,,,,,,,,,,,,,4429990000.0,,,local_price_csv_fallback,084370.KQ
2022-06-09,38500.0,39050.0,37900.0,39000.0,38018.81640625,161736.0,,,,,,,,,,,,,,,,,,,,6307704000.0,,,local_price_csv_fallback,084370.KQ
2022-06-10,38250.0,38450.0,37150.0,37700.0,36751.5234375,187749.0,,,,,,,,,,,,,,,,,,,,7078137300.0,,,local_price_csv_fallback,084370.KQ
2022-06-13,36150.0,36650.0,35550.0,35750.0,34850.5859375,159809.0,,,,,,,,,,,,,,,,,,,,5713171750.0,,,local_price_csv_fallback,084370.KQ
2022-06-14,35000.0,35750.0,34450.0,35450.0,34558.12890625,193475.0,,,,,,,,,,,,,,,,,,,,6858688750.0,,,local_price_csv_fallback,084370.KQ
2022-06-15,35100.0,35650.0,33700.0,34250.0,33388.3203125,187891.0,,,,,,,,,,,,,,,,,,,,6435266750.0,,,local_price_csv_fallback,084370.KQ
2022-06-16,35000.0,35850.0,35000.0,35200.0,34314.41796875,136773.0,,,,,,,,,,,,,,,,,,,,4814409600.0,,,local_price_csv_fallback,084370.KQ
2022-06-17,33950.0,34200.0,32500.0,33350.0,32510.962890625,229106.0,,,,,,,,,,,,,,,,,,,,7640685100.0,,,local_price_csv_fallback,084370.KQ
2022-06-20,33700.0,33700.0,31700.0,32300.0,31487.3828125,171099.0,,,,,,,,,,,,,,,,,,,,5526497700.0,,,local_price_csv_fallback,084370.KQ
2022-06-21,32250.0,32650.0,31650.0,32050.0,31243.669921875,168540.0,,,,,,,,,,,,,,,,,,,,5401707000.0,,,local_price_csv_fallback,084370.KQ
2022-06-22,32200.0,32450.0,30150.0,30250.0,29488.95703125,179237.0,,,,,,,,,,,,,,,,,,,,5421919250.0,,,local_price_csv_fallback,084370.KQ
2022-06-23,30100.0,31850.0,29800.0,30000.0,29245.24609375,290552.0,,,,,,,,,,,,,,,,,,,,8716560000.0,,,local_price_csv_fallback,084370.KQ
2022-06-24,30300.0,31700.0,30250.0,31250.0,30463.796875,150345.0,,,,,,,,,,,,,,,,,,,,4698281250.0,,,local_price_csv_fallback,084370.KQ
2022-06-27,31350.0,32400.0,31250.0,31550.0,30756.248046875,157040.0,,,,,,,,,,,,,,,,,,,,4954612000.0,,,local_price_csv_fallback,084370.KQ
2022-06-28,31650.0,32000.0,30650.0,31050.0,30268.828125,105529.0,,,,,,,,,,,,,,,,,,,,3276675450.0,,,local_price_csv_fallback,084370.KQ
2022-06-29,30500.0,31050.0,29700.0,30900.0,30122.603515625,195206.0,,,,,,,,,,,,,,,,,,,,6031865400.0,,,local_price_csv_fallback,084370.KQ
2022-06-30,30650.0,30650.0,29150.0,29350.0,28611.599609375,208105.0,,,,,,,,,,,,,,,,,,,,6107881750.0,,,local_price_csv_fallback,084370.KQ
2022-07-01,29600.0,29750.0,28200.0,28200.0,27490.53125,171885.0,,,,,,,,,,,,,,,,,,,,4847157000.0,,,local_price_csv_fallback,084370.KQ
2022-07-04,28200.0,28500.0,27350.0,27950.0,27246.8203125,118952.0,,,,,,,,,,,,,,,,,,,,3324708400.0,,,local_price_csv_fallback,084370.KQ
2022-07-05,28200.0,29100.0,28200.0,28700.0,27977.951171875,126506.0,,,,,,,,,,,,,,,,,,,,3630722200.0,,,local_price_csv_fallback,084370.KQ
2022-07-06,28800.0,29150.0,27950.0,28400.0,27685.498046875,122350.0,,,,,,,,,,,,,,,,,,,,3474740000.0,,,local_price_csv_fallback,084370.KQ
2022-07-07,28550.0,29600.0,28550.0,29200.0,28465.373046875,94334.0,,,,,,,,,,,,,,,,,,,,2754552800.0,,,local_price_csv_fallback,084370.KQ
2022-07-08,29550.0,30150.0,29300.0,29650.0,28904.052734375,149745.0,,,,,,,,,,,,,,,,,,,,4439939250.0,,,local_price_csv_fallback,084370.KQ
2022-07-11,29600.0,29950.0,29100.0,29500.0,28757.82421875,92631.0,,,,,,,,,,,,,,,,,,,,2732614500.0,,,local_price_csv_fallback,084370.KQ
2022-07-12,29050.0,29300.0,28100.0,28500.0,27782.982421875,162687.0,,,,,,,,,,,,,,,,,,,,4636579500.0,,,local_price_csv_fallback,084370.KQ
2022-07-13,28650.0,29000.0,28400.0,28900.0,28172.919921875,146188.0,,,,,,,,,,,,,,,,,,,,4224833200.0,,,local_price_csv_fallback,084370.KQ
2022-07-14,29200.0,30050.0,28850.0,29550.0,28806.564453125,124040.0,,,,,,,,,,,,,,,,,,,,3665382000.0,,,local_price_csv_fallback,084370.KQ
2022-07-15,30100.0,30200.0,29300.0,29500.0,28757.82421875,102896.0,,,,,,,,,,,,,,,,,,,,3035432000.0,,,local_price_csv_fallback,084370.KQ
2022-07-18,30150.0,30750.0,30050.0,30700.0,29927.634765625,140050.0,,,,,,,,,,,,,,,,,,,,4299535000.0,,,local_price_csv_fallback,084370.KQ
2022-07-19,30450.0,30550.0,29650.0,30550.0,29781.408203125,106058.0,,,,,,,,,,,,,,,,,,,,3240071900.0,,,local_price_csv_fallback,084370.KQ
2022-07-20,31350.0,31850.0,30700.0,31100.0,30317.568359375,139804.0,,,,,,,,,,,,,,,,,,,,4347904400.0,,,local_price_csv_fallback,084370.KQ
2022-07-21,31000.0,31450.0,30650.0,31400.0,30610.021484375,64474.0,,,,,,,,,,,,,,,,,,,,2024483600.0,,,local_price_csv_fallback,084370.KQ
2022-07-22,31600.0,31600.0,30400.0,30400.0,29635.181640625,90457.0,,,,,,,,,,,,,,,,,,,,2749892800.0,,,local_price_csv_fallback,084370.KQ
2022-07-25,30600.0,30750.0,30150.0,30750.0,29976.376953125,56495.0,,,,,,,,,,,,,,,,,,,,1737221250.0,,,local_price_csv_fallback,084370.KQ
2022-07-26,30300.0,30850.0,30250.0,30750.0,29976.376953125,31167.0,,,,,,,,,,,,,,,,,,,,958385250.0,,,local_price_csv_fallback,084370.KQ
2022-07-27,30700.0,31100.0,30450.0,30950.0,30171.34375,42932.0,,,,,,,,,,,,,,,,,,,,1328745400.0,,,local_price_csv_fallback,084370.KQ
2022-07-28,31500.0,31850.0,30750.0,30900.0,30122.603515625,103732.0,,,,,,,,,,,,,,,,,,,,3205318800.0,,,local_price_csv_fallback,084370.KQ
2022-07-29,31200.0,31650.0,30800.0,31000.0,30220.0859375,95807.0,,,,,,,,,,,,,,,,,,,,2970017000.0,,,local_price_csv_fallback,084370.KQ
2022-08-01,31000.0,31000.0,30400.0,30750.0,29976.376953125,115212.0,,,,,,,,,,,,,,,,,,,,3542769000.0,,,local_price_csv_fallback,084370.KQ
2022-08-02,30500.0,31150.0,30450.0,30500.0,29732.6640625,87569.0,,,,,,,,,,,,,,,,,,,,2670854500.0,,,local_price_csv_fallback,084370.KQ
2022-08-03,30350.0,30700.0,30100.0,30550.0,29781.408203125,51092.0,,,,,,,,,,,,,,,,,,,,1560860600.0,,,local_price_csv_fallback,084370.KQ
2022-08-04,30750.0,31250.0,30550.0,30800.0,30025.1171875,100847.0,,,,,,,,,,,,,,,,,,,,3106087600.0,,,local_price_csv_fallback,084370.KQ
2022-08-05,30900.0,31100.0,30400.0,30750.0,29976.376953125,119512.0,,,,,,,,,,,,,,,,,,,,3674994000.0,,,local_price_csv_fallback,084370.KQ
2022-08-08,30750.0,30750.0,30000.0,30300.0,29537.69921875,111764.0,,,,,,,,,,,,,,,,,,,,3386449200.0,,,local_price_csv_fallback,084370.KQ
2022-08-09,30050.0,30300.0,29350.0,29700.0,28952.79296875,117657.0,,,,,,,,,,,,,,,,,,,,3494412900.0,,,local_price_csv_fallback,084370.KQ
2022-08-10,29200.0,29250.0,28150.0,28250.0,27539.2734375,352102.0,,,,,,,,,,,,,,,,,,,,9946881500.0,,,local_price_csv_fallback,084370.KQ
2022-08-11,28650.0,29300.0,27850.0,28100.0,27393.044921875,403902.0,,,,,,,,,,,,,,,,,,,,11349646200.0,,,local_price_csv_fallback,084370.KQ
2022-08-12,28100.0,28650.0,27900.0,28200.0,27490.53125,277383.0,,,,,,,,,,,,,,,,,,,,7822200600.0,,,local_price_csv_fallback,084370.KQ
2022-08-16,28450.0,29700.0,28300.0,29350.0,28611.599609375,287676.0,,,,,,,,,,,,,,,,,,,,8443290600.0,,,local_price_csv_fallback,084370.KQ
2022-08-17,29350.0,29450.0,28900.0,29300.0,28562.85546875,94984.0,,,,,,,,,,,,,,,,,,,,2783031200.0,,,local_price_csv_fallback,084370.KQ
2022-08-18,29050.0,29400.0,28500.0,29250.0,28514.11328125,115938.0,,,,,,,,,,,,,,,,,,,,3391186500.0,,,local_price_csv_fallback,084370.KQ
2022-08-19,29250.0,29650.0,28400.0,28450.0,27734.240234375,178684.0,,,,,,,,,,,,,,,,,,,,5083559800.0,,,local_price_csv_fallback,084370.KQ
2022-08-22,27950.0,28100.0,27100.0,27150.0,26466.947265625,276008.0,,,,,,,,,,,,,,,,,,,,7493617200.0,,,local_price_csv_fallback,084370.KQ
2022-08-23,26950.0,27550.0,26700.0,26950.0,26271.9765625,164238.0,,,,,,,,,,,,,,,,,,,,4426214100.0,,,local_price_csv_fallback,084370.KQ
2022-08-24,26950.0,27200.0,25800.0,26000.0,25345.87890625,308043.0,,,,,,,,,,,,,,,,,,,,8009118000.0,,,local_price_csv_fallback,084370.KQ
2022-08-25,26050.0,26750.0,25750.0,26500.0,25833.298828125,330052.0,,,,,,,,,,,,,,,,,,,,8746378000.0,,,local_price_csv_fallback,084370.KQ
2022-08-26,26950.0,27150.0,26250.0,26800.0,26125.751953125,262980.0,,,,,,,,,,,,,,,,,,,,7047864000.0,,,local_price_csv_fallback,084370.KQ
2022-08-29,25550.0,26150.0,25300.0,25550.0,24907.201171875,198537.0,,,,,,,,,,,,,,,,,,,,5072620350.0,,,local_price_csv_fallback,084370.KQ
2022-08-30,25600.0,26700.0,25350.0,26600.0,25930.783203125,216352.0,,,,,,,,,,,,,,,,,,,,5754963200.0,,,local_price_csv_fallback,084370.KQ
2022-08-31,26050.0,27450.0,26050.0,27450.0,26759.3984375,226468.0,,,,,,,,,,,,,,,,,,,,6216546600.0,,,local_price_csv_fallback,084370.KQ
2022-09-01,26600.0,27150.0,26550.0,26850.0,26174.494140625,140088.0,,,,,,,,,,,,,,,,,,,,3761362800.0,,,local_price_csv_fallback,084370.KQ
2022-09-02,26850.0,26900.0,25200.0,25200.0,24566.005859375,358726.0,,,,,,,,,,,,,,,,,,,,9039895200.0,,,local_price_csv_fallback,084370.KQ
2022-09-05,25200.0,25400.0,24400.0,25150.0,24517.263671875,260757.0,,,,,,,,,,,,,,,,,,,,6558038550.0,,,local_price_csv_fallback,084370.KQ
2022-09-06,25150.0,25450.0,24500.0,25200.0,24566.005859375,155003.0,,,,,,,,,,,,,,,,,,,,3906075600.0,,,local_price_csv_fallback,084370.KQ
2022-09-07,24900.0,25900.0,24650.0,25550.0,24907.201171875,310934.0,,,,,,,,,,,,,,,,,,,,7944363700.0,,,local_price_csv_fallback,084370.KQ
2022-09-08,25900.0,26350.0,25600.0,25700.0,25053.427734375,223892.0,,,,,,,,,,,,,,,,,,,,5754024400.0,,,local_price_csv_fallback,084370.KQ
2022-09-13,26000.0,26800.0,26000.0,26450.0,25784.55859375,161880.0,,,,,,,,,,,,,,,,,,,,4281726000.0,,,local_price_csv_fallback,084370.KQ
2022-09-14,25600.0,26100.0,24900.0,26000.0,25345.87890625,201870.0,,,,,,,,,,,,,,,,,,,,5248620000.0,,,local_price_csv_fallback,084370.KQ
2022-09-15,26150.0,26300.0,25700.0,25850.0,25199.654296875,90628.0,,,,,,,,,,,,,,,,,,,,2342733800.0,,,local_price_csv_fallback,084370.KQ
2022-09-16,25750.0,25750.0,25150.0,25300.0,24663.490234375,103813.0,,,,,,,,,,,,,,,,,,,,2626468900.0,,,local_price_csv_fallback,084370.KQ
2022-09-19,25100.0,25500.0,24600.0,24900.0,24273.5546875,113536.0,,,,,,,,,,,,,,,,,,,,2827046400.0,,,local_price_csv_fallback,084370.KQ
2022-09-20,24950.0,25600.0,24750.0,24750.0,24127.328125,97474.0,,,,,,,,,,,,,,,,,,,,2412481500.0,,,local_price_csv_fallback,084370.KQ
2022-09-21,24400.0,24800.0,23300.0,23700.0,23103.744140625,302889.0,,,,,,,,,,,,,,,,,,,,7178469300.0,,,local_price_csv_fallback,084370.KQ
2022-09-22,23250.0,23250.0,22650.0,22950.0,22372.611328125,343689.0,,,,,,,,,,,,,,,,,,,,7887662550.0,,,local_price_csv_fallback,084370.KQ
2022-09-23,22550.0,22950.0,22250.0,22650.0,22080.16015625,168153.0,,,,,,,,,,,,,,,,,,,,3808665450.0,,,local_price_csv_fallback,084370.KQ
2022-09-26,22100.0,22900.0,22050.0,22150.0,21592.740234375,188130.0,,,,,,,,,,,,,,,,,,,,4167079500.0,,,local_price_csv_fallback,084370.KQ
2022-09-27,22000.0,22550.0,21350.0,22350.0,21787.70703125,158607.0,,,,,,,,,,,,,,,,,,,,3544866450.0,,,local_price_csv_fallback,084370.KQ
2022-09-28,22000.0,22150.0,20800.0,20950.0,20422.9296875,219258.0,,,,,,,,,,,,,,,,,,,,4593455100.0,,,local_price_csv_fallback,084370.KQ
2022-09-29,21300.0,21550.0,20350.0,20450.0,19935.509765625,223161.0,,,,,,,,,,,,,,,,,,,,4563642450.0,,,local_price_csv_fallback,084370.KQ
2022-09-30,19800.0,20400.0,19800.0,20100.0,19594.3125,264778.0,,,,,,,,,,,,,,,,,,,,5322037800.0,,,local_price_csv_fallback,084370.KQ
2022-10-04,20450.0,21300.0,20400.0,21150.0,20617.8984375,379231.0,,,,,,,,,,,,,,,,,,,,8020735650.0,,,local_price_csv_fallback,084370.KQ
2022-10-05,21450.0,21900.0,20900.0,21350.0,20812.865234375,233465.0,,,,,,,,,,,,,,,,,,,,4984477750.0,,,local_price_csv_fallback,084370.KQ
2022-10-06,21700.0,22650.0,21350.0,22350.0,21787.70703125,158296.0,,,,,,,,,,,,,,,,,,,,3537915600.0,,,local_price_csv_fallback,084370.KQ
2022-10-07,22000.0,22500.0,21650.0,21900.0,21349.029296875,92048.0,,,,,,,,,,,,,,,,,,,,2015851200.0,,,local_price_csv_fallback,084370.KQ
2022-10-11,21000.0,21500.0,20600.0,20950.0,20422.9296875,160880.0,,,,,,,,,,,,,,,,,,,,3370436000.0,,,local_price_csv_fallback,084370.KQ
2022-10-12,20850.0,21450.0,20650.0,20950.0,20422.9296875,88759.0,,,,,,,,,,,,,,,,,,,,1859501050.0,,,local_price_csv_fallback,084370.KQ
2022-10-13,20800.0,20950.0,20300.0,20350.0,19838.0234375,42271.0,,,,,,,,,,,,,,,,,,,,860214850.0,,,local_price_csv_fallback,084370.KQ
2022-10-14,20900.0,21350.0,20550.0,21300.0,20764.123046875,158427.0,,,,,,,,,,,,,,,,,,,,3374495100.0,,,local_price_csv_fallback,084370.KQ
2022-10-17,20800.0,20950.0,20550.0,20900.0,20374.189453125,68855.0,,,,,,,,,,,,,,,,,,,,1439069500.0,,,local_price_csv_fallback,084370.KQ
2022-10-18,21200.0,22000.0,21100.0,21900.0,21349.029296875,189572.0,,,,,,,,,,,,,,,,,,,,4151626800.0,,,local_price_csv_fallback,084370.KQ
2022-10-19,21700.0,21800.0,20850.0,20900.0,20374.189453125,186559.0,,,,,,,,,,,,,,,,,,,,3899083100.0,,,local_price_csv_fallback,084370.KQ
2022-10-20,20900.0,20950.0,20400.0,20450.0,19935.509765625,99951.0,,,,,,,,,,,,,,,,,,,,2043997950.0,,,local_price_csv_fallback,084370.KQ
2022-10-21,20350.0,20600.0,20150.0,20150.0,19643.056640625,75886.0,,,,,,,,,,,,,,,,,,,,1529102900.0,,,local_price_csv_fallback,084370.KQ
2022-10-24,20600.0,21950.0,20600.0,21650.0,21105.318359375,209635.0,,,,,,,,,,,,,,,,,,,,4538597750.0,,,local_price_csv_fallback,084370.KQ
2022-10-25,21650.0,24050.0,21500.0,23400.0,22811.29296875,508698.0,,,,,,,,,,,,,,,,,,,,11903533200.0,,,local_price_csv_fallback,084370.KQ
2022-10-26,23200.0,24550.0,23050.0,23400.0,22811.29296875,396409.0,,,,,,,,,,,,,,,,,,,,9275970600.0,,,local_price_csv_fallback,084370.KQ
2022-10-27,23600.0,24100.0,22450.0,22650.0,22080.16015625,310881.0,,,,,,,,,,,,,,,,,,,,7041454650.0,,,local_price_csv_fallback,084370.KQ
2022-10-28,22400.0,22700.0,21150.0,21300.0,20764.123046875,225529.0,,,,,,,,,,,,,,,,,,,,4803767700.0,,,local_price_csv_fallback,084370.KQ
2022-10-31,21700.0,21950.0,21000.0,21550.0,21007.833984375,277025.0,,,,,,,,,,,,,,,,,,,,5969888750.0,,,local_price_csv_fallback,084370.KQ
2022-11-01,21550.0,21550.0,21000.0,21400.0,20861.611328125,109688.0,,,,,,,,,,,,,,,,,,,,2347323200.0,,,local_price_csv_fallback,084370.KQ
2022-11-02,21150.0,21350.0,20900.0,21200.0,20666.640625,112695.0,,,,,,,,,,,,,,,,,,,,2389134000.0,,,local_price_csv_fallback,084370.KQ
2022-11-03,20750.0,20850.0,20500.0,20700.0,20179.21875,141296.0,,,,,,,,,,,,,,,,,,,,2924827200.0,,,local_price_csv_fallback,084370.KQ
2022-11-04,20500.0,20650.0,20050.0,20600.0,20081.734375,182345.0,,,,,,,,,,,,,,,,,,,,3756307000.0,,,local_price_csv_fallback,084370.KQ
2022-11-07,20750.0,22550.0,20600.0,22300.0,21738.966796875,359764.0,,,,,,,,,,,,,,,,,,,,8022737200.0,,,local_price_csv_fallback,084370.KQ
2022-11-08,22600.0,24050.0,22500.0,24000.0,23396.1953125,436595.0,,,,,,,,,,,,,,,,,,,,10478280000.0,,,local_price_csv_fallback,084370.KQ
2022-11-09,24450.0,24650.0,23650.0,23650.0,23055.001953125,232069.0,,,,,,,,,,,,,,,,,,,,5488431850.0,,,local_price_csv_fallback,084370.KQ
2022-11-10,23450.0,23650.0,23000.0,23050.0,22470.095703125,130534.0,,,,,,,,,,,,,,,,,,,,3008808700.0,,,local_price_csv_fallback,084370.KQ
2022-11-11,24950.0,25800.0,24550.0,25550.0,24907.201171875,536395.0,,,,,,,,,,,,,,,,,,,,13704892250.0,,,local_price_csv_fallback,084370.KQ
2022-11-14,25900.0,25950.0,24300.0,24400.0,23786.134765625,252551.0,,,,,,,,,,,,,,,,,,,,6162244400.0,,,local_price_csv_fallback,084370.KQ
2022-11-15,24100.0,26000.0,24050.0,25950.0,25297.13671875,323606.0,,,,,,,,,,,,,,,,,,,,8397575700.0,,,local_price_csv_fallback,084370.KQ
2022-11-16,25800.0,26250.0,25250.0,25950.0,25297.13671875,316086.0,,,,,,,,,,,,,,,,,,,,8202431700.0,,,local_price_csv_fallback,084370.KQ
2022-11-17,25350.0,25850.0,25100.0,25450.0,24809.71484375,166579.0,,,,,,,,,,,,,,,,,,,,4239435550.0,,,local_price_csv_fallback,084370.KQ
2022-11-18,25450.0,26200.0,25450.0,25750.0,25102.16796875,228327.0,,,,,,,,,,,,,,,,,,,,5879420250.0,,,local_price_csv_fallback,084370.KQ
2022-11-21,25850.0,25950.0,25100.0,25250.0,24614.748046875,177747.0,,,,,,,,,,,,,,,,,,,,4488111750.0,,,local_price_csv_fallback,084370.KQ
2022-11-22,25250.0,25600.0,24550.0,24800.0,24176.068359375,156188.0,,,,,,,,,,,,,,,,,,,,3873462400.0,,,local_price_csv_fallback,084370.KQ
2022-11-23,25250.0,26100.0,25150.0,25450.0,24809.71484375,194438.0,,,,,,,,,,,,,,,,,,,,4948447100.0,,,local_price_csv_fallback,084370.KQ
2022-11-24,25600.0,26550.0,25450.0,26200.0,25540.84765625,153712.0,,,,,,,,,,,,,,,,,,,,4027254400.0,,,local_price_csv_fallback,084370.KQ
2022-11-25,26100.0,26100.0,25350.0,25700.0,25053.427734375,113571.0,,,,,,,,,,,,,,,,,,,,2918774700.0,,,local_price_csv_fallback,084370.KQ
2022-11-28,25700.0,25700.0,24800.0,25250.0,24614.748046875,128299.0,,,,,,,,,,,,,,,,,,,,3239549750.0,,,local_price_csv_fallback,084370.KQ
2022-11-29,25150.0,25650.0,24950.0,25300.0,24663.490234375,100563.0,,,,,,,,,,,,,,,,,,,,2544243900.0,,,local_price_csv_fallback,084370.KQ
2022-11-30,25250.0,25650.0,25050.0,25500.0,24858.45703125,130621.0,,,,,,,,,,,,,,,,,,,,3330835500.0,,,local_price_csv_fallback,084370.KQ
2022-12-01,26350.0,26700.0,25250.0,25250.0,24614.748046875,270100.0,,,,,,,,,,,,,,,,,,,,6820025000.0,,,local_price_csv_fallback,084370.KQ
2022-12-02,25200.0,25350.0,24650.0,24950.0,24322.294921875,115427.0,,,,,,,,,,,,,,,,,,,,2879903650.0,,,local_price_csv_fallback,084370.KQ
2022-12-05,25500.0,25500.0,24850.0,25200.0,24566.005859375,51712.0,,,,,,,,,,,,,,,,,,,,1303142400.0,,,local_price_csv_fallback,084370.KQ
2022-12-06,24700.0,25050.0,24500.0,24550.0,23932.357421875,56543.0,,,,,,,,,,,,,,,,,,,,1388130650.0,,,local_price_csv_fallback,084370.KQ
2022-12-07,24500.0,24750.0,23850.0,24450.0,23834.875,85772.0,,,,,,,,,,,,,,,,,,,,2097125400.0,,,local_price_csv_fallback,084370.KQ
2022-12-08,24250.0,24700.0,24250.0,24250.0,23639.90625,94577.0,,,,,,,,,,,,,,,,,,,,2293492250.0,,,local_price_csv_fallback,084370.KQ
2022-12-09,24650.0,25000.0,24500.0,24800.0,24176.068359375,74909.0,,,,,,,,,,,,,,,,,,,,1857743200.0,,,local_price_csv_fallback,084370.KQ
2022-12-12,24500.0,24750.0,24000.0,24250.0,23639.90625,71212.0,,,,,,,,,,,,,,,,,,,,1726891000.0,,,local_price_csv_fallback,084370.KQ
2022-12-13,24500.0,25200.0,24450.0,25050.0,24419.779296875,307908.0,,,,,,,,,,,,,,,,,,,,7713095400.0,,,local_price_csv_fallback,084370.KQ
2022-12-14,25300.0,25950.0,25050.0,25650.0,25004.685546875,143643.0,,,,,,,,,,,,,,,,,,,,3684442950.0,,,local_price_csv_fallback,084370.KQ
2022-12-15,25400.0,25500.0,25050.0,25150.0,24517.263671875,144596.0,,,,,,,,,,,,,,,,,,,,3636589400.0,,,local_price_csv_fallback,084370.KQ
2022-12-16,24750.0,24850.0,24400.0,24450.0,23834.875,100636.0,,,,,,,,,,,,,,,,,,,,2460550200.0,,,local_price_csv_fallback,084370.KQ
2022-12-19,24450.0,24750.0,24150.0,24700.0,24078.5859375,49961.0,,,,,,,,,,,,,,,,,,,,1234036700.0,,,local_price_csv_fallback,084370.KQ
2022-12-20,24650.0,24800.0,24400.0,24500.0,23883.615234375,62535.0,,,,,,,,,,,,,,,,,,,,1532107500.0,,,local_price_csv_fallback,084370.KQ
2022-12-21,24700.0,24700.0,23550.0,23750.0,23152.486328125,150800.0,,,,,,,,,,,,,,,,,,,,3581500000.0,,,local_price_csv_fallback,084370.KQ
2022-12-22,23900.0,24550.0,23900.0,24350.0,23737.390625,134366.0,,,,,,,,,,,,,,,,,,,,3271812100.0,,,local_price_csv_fallback,084370.KQ
2022-12-23,23900.0,24100.0,23600.0,23800.0,23201.228515625,87212.0,,,,,,,,,,,,,,,,,,,,2075645600.0,,,local_price_csv_fallback,084370.KQ
2022-12-26,23850.0,24450.0,23350.0,24300.0,23688.6484375,79336.0,,,,,,,,,,,,,,,,,,,,1927864800.0,,,local_price_csv_fallback,084370.KQ
2022-12-27,24550.0,24800.0,23850.0,24400.0,23786.134765625,123628.0,,,,,,,,,,,,,,,,,,,,3016523200.0,,,local_price_csv_fallback,084370.KQ
2022-12-28,23850.0,23950.0,23000.0,23100.0,22770.810546875,131426.0,,,,,,,,,,,,,,,,,,,,3035940600.0,,,local_price_csv_fallback,084370.KQ
2022-12-29,23050.0,23050.0,21900.0,22150.0,21834.349609375,150389.0,,,,,,,,,,,,,,,,,,,,3331116350.0,,,local_price_csv_fallback,084370.KQ
2023-01-02,22350.0,22550.0,21600.0,22200.0,21883.63671875,92035.0,,,,,,,,,,,,,,,,,,,,2043177000.0,,,local_price_csv_fallback,084370.KQ
2023-01-03,22100.0,22600.0,21350.0,22550.0,22228.650390625,83539.0,,,,,,,,,,,,,,,,,,,,1883804450.0,,,local_price_csv_fallback,084370.KQ
2023-01-04,22250.0,24250.0,22250.0,23800.0,23460.8359375,243307.0,,,,,,,,,,,,,,,,,,,,5790706600.0,,,local_price_csv_fallback,084370.KQ
2023-01-05,23800.0,23950.0,23250.0,23500.0,23165.111328125,106511.0,,,,,,,,,,,,,,,,,,,,2503008500.0,,,local_price_csv_fallback,084370.KQ
2023-01-06,23200.0,24450.0,23200.0,24150.0,23805.84765625,155223.0,,,,,,,,,,,,,,,,,,,,3748635450.0,,,local_price_csv_fallback,084370.KQ
2023-01-09,24500.0,24950.0,23700.0,23950.0,23608.69921875,148635.0,,,,,,,,,,,,,,,,,,,,3559808250.0,,,local_price_csv_fallback,084370.KQ
2023-01-10,23850.0,24950.0,23700.0,24200.0,23855.134765625,184058.0,,,,,,,,,,,,,,,,,,,,4454203600.0,,,local_price_csv_fallback,084370.KQ
2023-01-11,24500.0,25400.0,24500.0,24550.0,24200.1484375,171626.0,,,,,,,,,,,,,,,,,,,,4213418300.0,,,local_price_csv_fallback,084370.KQ
2023-01-12,24850.0,25150.0,24150.0,25000.0,24643.734375,130074.0,,,,,,,,,,,,,,,,,,,,3251850000.0,,,local_price_csv_fallback,084370.KQ
2023-01-13,24950.0,25450.0,24800.0,25150.0,24791.59765625,145822.0,,,,,,,,,,,,,,,,,,,,3667423300.0,,,local_price_csv_fallback,084370.KQ
2023-01-16,25350.0,25550.0,24700.0,25150.0,24791.59765625,146519.0,,,,,,,,,,,,,,,,,,,,3684952850.0,,,local_price_csv_fallback,084370.KQ
2023-01-17,25100.0,25450.0,24700.0,25050.0,24693.0234375,138554.0,,,,,,,,,,,,,,,,,,,,3470777700.0,,,local_price_csv_fallback,084370.KQ
2023-01-18,25100.0,25500.0,25000.0,25250.0,24890.171875,102949.0,,,,,,,,,,,,,,,,,,,,2599462250.0,,,local_price_csv_fallback,084370.KQ
2023-01-19,24850.0,25450.0,24800.0,25350.0,24988.748046875,76325.0,,,,,,,,,,,,,,,,,,,,1934838750.0,,,local_price_csv_fallback,084370.KQ
2023-01-20,25200.0,26200.0,25200.0,25750.0,25383.046875,179105.0,,,,,,,,,,,,,,,,,,,,4611953750.0,,,local_price_csv_fallback,084370.KQ
2023-01-25,26200.0,27300.0,26200.0,27000.0,26615.234375,819750.0,,,,,,,,,,,,,,,,,,,,22133250000.0,,,local_price_csv_fallback,084370.KQ
2023-01-26,27000.0,27350.0,26650.0,27000.0,26615.234375,151196.0,,,,,,,,,,,,,,,,,,,,4082292000.0,,,local_price_csv_fallback,084370.KQ
2023-01-27,27000.0,27000.0,26600.0,26850.0,26467.37109375,95859.0,,,,,,,,,,,,,,,,,,,,2573814150.0,,,local_price_csv_fallback,084370.KQ
2023-01-30,26750.0,26850.0,25800.0,26350.0,25974.49609375,178066.0,,,,,,,,,,,,,,,,,,,,4692039100.0,,,local_price_csv_fallback,084370.KQ
2023-01-31,26100.0,26450.0,25650.0,25850.0,25481.623046875,156099.0,,,,,,,,,,,,,,,,,,,,4035159150.0,,,local_price_csv_fallback,084370.KQ
2023-02-01,26200.0,26600.0,25750.0,26100.0,25728.060546875,142022.0,,,,,,,,,,,,,,,,,,,,3706774200.0,,,local_price_csv_fallback,084370.KQ
2023-02-02,27000.0,27750.0,26950.0,27350.0,26960.248046875,292820.0,,,,,,,,,,,,,,,,,,,,8008627000.0,,,local_price_csv_fallback,084370.KQ
2023-02-03,27350.0,28400.0,27050.0,27800.0,27403.833984375,259903.0,,,,,,,,,,,,,,,,,,,,7225303400.0,,,local_price_csv_fallback,084370.KQ
2023-02-06,27400.0,27700.0,27050.0,27300.0,26910.958984375,127092.0,,,,,,,,,,,,,,,,,,,,3469611600.0,,,local_price_csv_fallback,084370.KQ
2023-02-07,27450.0,29600.0,27400.0,29300.0,28882.45703125,462567.0,,,,,,,,,,,,,,,,,,,,13553213100.0,,,local_price_csv_fallback,084370.KQ
2023-02-08,29600.0,29800.0,29000.0,29100.0,28685.306640625,169362.0,,,,,,,,,,,,,,,,,,,,4928434200.0,,,local_price_csv_fallback,084370.KQ
2023-02-09,29050.0,29050.0,27500.0,28450.0,28044.5703125,253515.0,,,,,,,,,,,,,,,,,,,,7212501750.0,,,local_price_csv_fallback,084370.KQ
2023-02-10,28200.0,28500.0,27500.0,27800.0,27403.833984375,138754.0,,,,,,,,,,,,,,,,,,,,3857361200.0,,,local_price_csv_fallback,084370.KQ
2023-02-13,27800.0,28350.0,27150.0,28100.0,27699.55859375,126329.0,,,,,,,,,,,,,,,,,,,,3549844900.0,,,local_price_csv_fallback,084370.KQ
2023-02-14,28300.0,28500.0,27700.0,27700.0,27305.259765625,212132.0,,,,,,,,,,,,,,,,,,,,5876056400.0,,,local_price_csv_fallback,084370.KQ
2023-02-15,27950.0,28350.0,26900.0,27000.0,26615.234375,206405.0,,,,,,,,,,,,,,,,,,,,5572935000.0,,,local_price_csv_fallback,084370.KQ
2023-02-16,27300.0,28850.0,27300.0,27950.0,27551.697265625,275332.0,,,,,,,,,,,,,,,,,,,,7695529400.0,,,local_price_csv_fallback,084370.KQ
2023-02-17,27500.0,27850.0,27200.0,27400.0,27009.533203125,127247.0,,,,,,,,,,,,,,,,,,,,3486567800.0,,,local_price_csv_fallback,084370.KQ
2023-02-20,27550.0,27750.0,26600.0,27550.0,27157.39453125,87841.0,,,,,,,,,,,,,,,,,,,,2420019550.0,,,local_price_csv_fallback,084370.KQ
2023-02-21,27350.0,27500.0,26800.0,26950.0,26565.9453125,86213.0,,,,,,,,,,,,,,,,,,,,2323440350.0,,,local_price_csv_fallback,084370.KQ
2023-02-22,26500.0,26900.0,26000.0,26250.0,25875.921875,175388.0,,,,,,,,,,,,,,,,,,,,4603935000.0,,,local_price_csv_fallback,084370.KQ
2023-02-23,26400.0,27100.0,26250.0,26950.0,26565.9453125,120238.0,,,,,,,,,,,,,,,,,,,,3240414100.0,,,local_price_csv_fallback,084370.KQ
2023-02-24,27200.0,27500.0,26400.0,26950.0,26565.9453125,120755.0,,,,,,,,,,,,,,,,,,,,3254347250.0,,,local_price_csv_fallback,084370.KQ
2023-02-27,26500.0,26850.0,26150.0,26550.0,26171.646484375,72978.0,,,,,,,,,,,,,,,,,,,,1937565900.0,,,local_price_csv_fallback,084370.KQ
2023-02-28,26550.0,27100.0,26350.0,26500.0,26122.359375,90301.0,,,,,,,,,,,,,,,,,,,,2392976500.0,,,local_price_csv_fallback,084370.KQ
2023-03-02,26500.0,26900.0,26100.0,26150.0,25777.34765625,83547.0,,,,,,,,,,,,,,,,,,,,2184754050.0,,,local_price_csv_fallback,084370.KQ
2023-03-03,26250.0,26500.0,25800.0,26400.0,26023.78515625,109734.0,,,,,,,,,,,,,,,,,,,,2896977600.0,,,local_price_csv_fallback,084370.KQ
2023-03-06,26450.0,26950.0,25950.0,26800.0,26418.08203125,158142.0,,,,,,,,,,,,,,,,,,,,4238205600.0,,,local_price_csv_fallback,084370.KQ
2023-03-07,26600.0,27000.0,26350.0,26500.0,26122.359375,83523.0,,,,,,,,,,,,,,,,,,,,2213359500.0,,,local_price_csv_fallback,084370.KQ
2023-03-08,26250.0,26250.0,25550.0,26000.0,25629.486328125,135539.0,,,,,,,,,,,,,,,,,,,,3524014000.0,,,local_price_csv_fallback,084370.KQ
2023-03-09,26250.0,27050.0,25850.0,25950.0,25580.197265625,103425.0,,,,,,,,,,,,,,,,,,,,2683878750.0,,,local_price_csv_fallback,084370.KQ
2023-03-10,25650.0,25700.0,24950.0,25300.0,24939.4609375,130838.0,,,,,,,,,,,,,,,,,,,,3310201400.0,,,local_price_csv_fallback,084370.KQ
2023-03-13,25150.0,25900.0,24650.0,25900.0,25530.91015625,126073.0,,,,,,,,,,,,,,,,,,,,3265290700.0,,,local_price_csv_fallback,084370.KQ
2023-03-14,25500.0,26000.0,24400.0,24750.0,24397.296875,127123.0,,,,,,,,,,,,,,,,,,,,3146294250.0,,,local_price_csv_fallback,084370.KQ
2023-03-15,25250.0,25550.0,24550.0,24550.0,24200.1484375,146818.0,,,,,,,,,,,,,,,,,,,,3604381900.0,,,local_price_csv_fallback,084370.KQ
2023-03-16,24200.0,25950.0,23900.0,25850.0,25481.623046875,185900.0,,,,,,,,,,,,,,,,,,,,4805515000.0,,,local_price_csv_fallback,084370.KQ
2023-03-17,26300.0,28400.0,26200.0,27750.0,27354.544921875,405348.0,,,,,,,,,,,,,,,,,,,,11248407000.0,,,local_price_csv_fallback,084370.KQ
2023-03-20,27550.0,28000.0,27250.0,27700.0,27305.259765625,141048.0,,,,,,,,,,,,,,,,,,,,3907029600.0,,,local_price_csv_fallback,084370.KQ
2023-03-21,27800.0,27800.0,26650.0,26700.0,26319.509765625,133415.0,,,,,,,,,,,,,,,,,,,,3562180500.0,,,local_price_csv_fallback,084370.KQ
2023-03-22,26950.0,28300.0,26850.0,28200.0,27798.1328125,164835.0,,,,,,,,,,,,,,,,,,,,4648347000.0,,,local_price_csv_fallback,084370.KQ
2023-03-23,27850.0,28350.0,27450.0,27850.0,27453.12109375,154225.0,,,,,,,,,,,,,,,,,,,,4295166250.0,,,local_price_csv_fallback,084370.KQ
2023-03-24,28550.0,31700.0,28100.0,30800.0,30361.08203125,967423.0,,,,,,,,,,,,,,,,,,,,29796628400.0,,,local_price_csv_fallback,084370.KQ
2023-03-27,30800.0,30850.0,29800.0,30000.0,29572.484375,262137.0,,,,,,,,,,,,,,,,,,,,7864110000.0,,,local_price_csv_fallback,084370.KQ
2023-03-28,29850.0,30550.0,29450.0,30250.0,29818.919921875,318757.0,,,,,,,,,,,,,,,,,,,,9642399250.0,,,local_price_csv_fallback,084370.KQ
2023-03-29,30550.0,31250.0,29800.0,30550.0,30114.64453125,291315.0,,,,,,,,,,,,,,,,,,,,8899673250.0,,,local_price_csv_fallback,084370.KQ
2023-03-30,31500.0,33300.0,31250.0,32000.0,31543.98046875,784474.0,,,,,,,,,,,,,,,,,,,,25103168000.0,,,local_price_csv_fallback,084370.KQ
2023-03-31,32250.0,32700.0,30800.0,31700.0,31248.25390625,296785.0,,,,,,,,,,,,,,,,,,,,9408084500.0,,,local_price_csv_fallback,084370.KQ
2023-04-03,31450.0,31700.0,29800.0,30800.0,30361.08203125,314803.0,,,,,,,,,,,,,,,,,,,,9695932400.0,,,local_price_csv_fallback,084370.KQ
2023-04-04,30800.0,30900.0,29750.0,29850.0,29424.619140625,256409.0,,,,,,,,,,,,,,,,,,,,7653808650.0,,,local_price_csv_fallback,084370.KQ
2023-04-05,29850.0,30500.0,29250.0,29450.0,29030.3203125,236805.0,,,,,,,,,,,,,,,,,,,,6973907250.0,,,local_price_csv_fallback,084370.KQ
2023-04-06,29100.0,29550.0,28600.0,29000.0,28586.732421875,162450.0,,,,,,,,,,,,,,,,,,,,4711050000.0,,,local_price_csv_fallback,084370.KQ
2023-04-07,29950.0,30900.0,29650.0,30900.0,30459.658203125,386767.0,,,,,,,,,,,,,,,,,,,,11951100300.0,,,local_price_csv_fallback,084370.KQ
2023-04-10,30900.0,32050.0,30200.0,30500.0,30065.35546875,290922.0,,,,,,,,,,,,,,,,,,,,8873121000.0,,,local_price_csv_fallback,084370.KQ
2023-04-11,30750.0,32700.0,30450.0,31750.0,31297.54296875,467591.0,,,,,,,,,,,,,,,,,,,,14846014250.0,,,local_price_csv_fallback,084370.KQ
2023-04-12,31650.0,31650.0,30350.0,30550.0,30114.64453125,208645.0,,,,,,,,,,,,,,,,,,,,6374104750.0,,,local_price_csv_fallback,084370.KQ
2023-04-13,30300.0,30800.0,30050.0,30400.0,29966.78125,120293.0,,,,,,,,,,,,,,,,,,,,3656907200.0,,,local_price_csv_fallback,084370.KQ
2023-04-14,30700.0,30850.0,29600.0,29950.0,29523.1953125,219556.0,,,,,,,,,,,,,,,,,,,,6575702200.0,,,local_price_csv_fallback,084370.KQ
2023-04-17,29950.0,30000.0,29100.0,29700.0,29276.755859375,212336.0,,,,,,,,,,,,,,,,,,,,6306379200.0,,,local_price_csv_fallback,084370.KQ
2023-04-18,30100.0,30100.0,28850.0,29250.0,28833.169921875,153564.0,,,,,,,,,,,,,,,,,,,,4491747000.0,,,local_price_csv_fallback,084370.KQ
2023-04-19,29250.0,29700.0,28650.0,29050.0,28636.01953125,233186.0,,,,,,,,,,,,,,,,,,,,6774053300.0,,,local_price_csv_fallback,084370.KQ
2023-04-20,29100.0,29300.0,28050.0,28250.0,27847.419921875,229184.0,,,,,,,,,,,,,,,,,,,,6474448000.0,,,local_price_csv_fallback,084370.KQ
2023-04-21,28300.0,29100.0,28150.0,28700.0,28291.0078125,198362.0,,,,,,,,,,,,,,,,,,,,5692989400.0,,,local_price_csv_fallback,084370.KQ
2023-04-24,28750.0,28900.0,28250.0,28650.0,28241.720703125,77568.0,,,,,,,,,,,,,,,,,,,,2222323200.0,,,local_price_csv_fallback,084370.KQ
2023-04-25,28650.0,29100.0,27850.0,28650.0,28241.720703125,130473.0,,,,,,,,,,,,,,,,,,,,3738051450.0,,,local_price_csv_fallback,084370.KQ
2023-04-26,28650.0,30050.0,28300.0,28900.0,28488.158203125,282083.0,,,,,,,,,,,,,,,,,,,,8152198700.0,,,local_price_csv_fallback,084370.KQ
2023-04-27,29150.0,29400.0,28350.0,28900.0,28488.158203125,200656.0,,,,,,,,,,,,,,,,,,,,5798958400.0,,,local_price_csv_fallback,084370.KQ
2023-04-28,29400.0,29850.0,28750.0,28850.0,28438.87109375,138472.0,,,,,,,,,,,,,,,,,,,,3994917200.0,,,local_price_csv_fallback,084370.KQ
2023-05-02,29200.0,29350.0,28650.0,29100.0,28685.306640625,81873.0,,,,,,,,,,,,,,,,,,,,2382504300.0,,,local_price_csv_fallback,084370.KQ
2023-05-03,28600.0,29600.0,28350.0,29350.0,28931.74609375,135009.0,,,,,,,,,,,,,,,,,,,,3962514150.0,,,local_price_csv_fallback,084370.KQ
2023-05-04,29450.0,29450.0,28150.0,28300.0,27896.708984375,167228.0,,,,,,,,,,,,,,,,,,,,4732552400.0,,,local_price_csv_fallback,084370.KQ
2023-05-08,28750.0,29300.0,28550.0,28950.0,28537.443359375,109067.0,,,,,,,,,,,,,,,,,,,,3157489650.0,,,local_price_csv_fallback,084370.KQ
2023-05-09,28950.0,29000.0,28050.0,28550.0,28143.146484375,119542.0,,,,,,,,,,,,,,,,,,,,3412924100.0,,,local_price_csv_fallback,084370.KQ
2023-05-10,28600.0,28800.0,28050.0,28300.0,27896.708984375,105774.0,,,,,,,,,,,,,,,,,,,,2993404200.0,,,local_price_csv_fallback,084370.KQ
2023-05-11,28450.0,28550.0,27300.0,27750.0,27354.544921875,150102.0,,,,,,,,,,,,,,,,,,,,4165330500.0,,,local_price_csv_fallback,084370.KQ
2023-05-12,27700.0,28200.0,27200.0,27500.0,27108.107421875,160790.0,,,,,,,,,,,,,,,,,,,,4421725000.0,,,local_price_csv_fallback,084370.KQ
2023-05-15,27050.0,27650.0,26850.0,27450.0,27058.822265625,207735.0,,,,,,,,,,,,,,,,,,,,5702325750.0,,,local_price_csv_fallback,084370.KQ
2023-05-16,27850.0,28750.0,27800.0,28100.0,27699.55859375,250582.0,,,,,,,,,,,,,,,,,,,,7041354200.0,,,local_price_csv_fallback,084370.KQ
2023-05-17,28200.0,29150.0,28000.0,28600.0,28192.43359375,126481.0,,,,,,,,,,,,,,,,,,,,3617356600.0,,,local_price_csv_fallback,084370.KQ
2023-05-18,29050.0,29600.0,28500.0,29350.0,28931.74609375,216590.0,,,,,,,,,,,,,,,,,,,,6356916500.0,,,local_price_csv_fallback,084370.KQ
2023-05-19,29950.0,30750.0,29700.0,30650.0,30213.21875,382368.0,,,,,,,,,,,,,,,,,,,,11719579200.0,,,local_price_csv_fallback,084370.KQ
2023-05-22,30900.0,31100.0,30250.0,30750.0,30311.794921875,219954.0,,,,,,,,,,,,,,,,,,,,6763585500.0,,,local_price_csv_fallback,084370.KQ
2023-05-23,30800.0,31100.0,30300.0,31100.0,30656.8046875,129834.0,,,,,,,,,,,,,,,,,,,,4037837400.0,,,local_price_csv_fallback,084370.KQ
2023-05-24,30650.0,31050.0,30300.0,30850.0,30410.369140625,109207.0,,,,,,,,,,,,,,,,,,,,3369035950.0,,,local_price_csv_fallback,084370.KQ
2023-05-25,31250.0,31800.0,30300.0,30600.0,30163.93359375,262668.0,,,,,,,,,,,,,,,,,,,,8037640800.0,,,local_price_csv_fallback,084370.KQ
2023-05-26,31000.0,31650.0,30600.0,30800.0,30361.08203125,200989.0,,,,,,,,,,,,,,,,,,,,6190461200.0,,,local_price_csv_fallback,084370.KQ
2023-05-30,31500.0,31850.0,30650.0,30850.0,30410.369140625,317554.0,,,,,,,,,,,,,,,,,,,,9796540900.0,,,local_price_csv_fallback,084370.KQ
2023-05-31,31000.0,31550.0,30500.0,31100.0,30656.8046875,226990.0,,,,,,,,,,,,,,,,,,,,7059389000.0,,,local_price_csv_fallback,084370.KQ
2023-06-01,31100.0,31600.0,30250.0,31500.0,31051.107421875,145699.0,,,,,,,,,,,,,,,,,,,,4589518500.0,,,local_price_csv_fallback,084370.KQ
2023-06-02,32150.0,32450.0,31150.0,31550.0,31100.39453125,231961.0,,,,,,,,,,,,,,,,,,,,7318369550.0,,,local_price_csv_fallback,084370.KQ
2023-06-05,31600.0,31600.0,30450.0,30500.0,30065.35546875,236410.0,,,,,,,,,,,,,,,,,,,,7210505000.0,,,local_price_csv_fallback,084370.KQ
2023-06-07,30500.0,30650.0,30000.0,30600.0,30163.93359375,235015.0,,,,,,,,,,,,,,,,,,,,7191459000.0,,,local_price_csv_fallback,084370.KQ
2023-06-08,30300.0,31000.0,29850.0,30950.0,30508.9453125,234107.0,,,,,,,,,,,,,,,,,,,,7245611650.0,,,local_price_csv_fallback,084370.KQ
2023-06-09,31050.0,31650.0,30800.0,31400.0,30952.53125,219294.0,,,,,,,,,,,,,,,,,,,,6885831600.0,,,local_price_csv_fallback,084370.KQ
2023-06-12,31550.0,31850.0,31050.0,31800.0,31346.83203125,170922.0,,,,,,,,,,,,,,,,,,,,5435319600.0,,,local_price_csv_fallback,084370.KQ
2023-06-13,32700.0,33250.0,32350.0,33000.0,32529.728515625,426760.0,,,,,,,,,,,,,,,,,,,,14083080000.0,,,local_price_csv_fallback,084370.KQ
2023-06-14,33000.0,33050.0,31650.0,32050.0,31593.267578125,243450.0,,,,,,,,,,,,,,,,,,,,7802572500.0,,,local_price_csv_fallback,084370.KQ
2023-06-15,32200.0,33250.0,32200.0,33000.0,32529.728515625,304567.0,,,,,,,,,,,,,,,,,,,,10050711000.0,,,local_price_csv_fallback,084370.KQ
2023-06-16,33050.0,33200.0,32200.0,33000.0,32529.728515625,218220.0,,,,,,,,,,,,,,,,,,,,7201260000.0,,,local_price_csv_fallback,084370.KQ
2023-06-19,32800.0,33100.0,32000.0,32400.0,31938.28125,195296.0,,,,,,,,,,,,,,,,,,,,6327590400.0,,,local_price_csv_fallback,084370.KQ
2023-06-20,32400.0,33300.0,31550.0,33150.0,32677.58984375,245945.0,,,,,,,,,,,,,,,,,,,,8153076750.0,,,local_price_csv_fallback,084370.KQ
2023-06-21,33050.0,33500.0,32350.0,32900.0,32431.15625,192148.0,,,,,,,,,,,,,,,,,,,,6321669200.0,,,local_price_csv_fallback,084370.KQ
2023-06-22,32350.0,33050.0,31850.0,31950.0,31494.693359375,158260.0,,,,,,,,,,,,,,,,,,,,5056407000.0,,,local_price_csv_fallback,084370.KQ
2023-06-23,31950.0,32700.0,31550.0,31850.0,31396.1171875,151735.0,,,,,,,,,,,,,,,,,,,,4832759750.0,,,local_price_csv_fallback,084370.KQ
2023-06-26,31450.0,33100.0,31450.0,32700.0,32234.005859375,207007.0,,,,,,,,,,,,,,,,,,,,6769128900.0,,,local_price_csv_fallback,084370.KQ
2023-06-27,32700.0,32950.0,32350.0,32900.0,32431.15625,103488.0,,,,,,,,,,,,,,,,,,,,3404755200.0,,,local_price_csv_fallback,084370.KQ
2023-06-28,33050.0,34300.0,32800.0,33900.0,33416.90625,309539.0,,,,,,,,,,,,,,,,,,,,10493372100.0,,,local_price_csv_fallback,084370.KQ
2023-06-29,34200.0,35050.0,34050.0,34550.0,34057.640625,288119.0,,,,,,,,,,,,,,,,,,,,9954511450.0,,,local_price_csv_fallback,084370.KQ
2023-06-30,34250.0,34650.0,33400.0,34000.0,33515.48046875,183667.0,,,,,,,,,,,,,,,,,,,,6244678000.0,,,local_price_csv_fallback,084370.KQ
2023-07-03,34300.0,34550.0,33500.0,33750.0,33269.046875,215388.0,,,,,,,,,,,,,,,,,,,,7269345000.0,,,local_price_csv_fallback,084370.KQ
2023-07-04,34150.0,34300.0,33400.0,33900.0,33416.90625,154395.0,,,,,,,,,,,,,,,,,,,,5233990500.0,,,local_price_csv_fallback,084370.KQ
2023-07-05,33700.0,34150.0,33150.0,33550.0,33071.890625,185534.0,,,,,,,,,,,,,,,,,,,,6224665700.0,,,local_price_csv_fallback,084370.KQ
2023-07-06,33350.0,33350.0,31150.0,31150.0,30706.09375,489050.0,,,,,,,,,,,,,,,,,,,,15233907500.0,,,local_price_csv_fallback,084370.KQ
2023-07-07,31250.0,31500.0,30150.0,30450.0,30016.0703125,320890.0,,,,,,,,,,,,,,,,,,,,9771100500.0,,,local_price_csv_fallback,084370.KQ
2023-07-10,30550.0,30550.0,29750.0,30000.0,29572.484375,151122.0,,,,,,,,,,,,,,,,,,,,4533660000.0,,,local_price_csv_fallback,084370.KQ
2023-07-12,30850.0,31400.0,30500.0,31400.0,30952.53125,144359.0,,,,,,,,,,,,,,,,,,,,4532872600.0,,,local_price_csv_fallback,084370.KQ
2023-07-13,31800.0,32100.0,31000.0,31550.0,31100.39453125,225465.0,,,,,,,,,,,,,,,,,,,,7113420750.0,,,local_price_csv_fallback,084370.KQ
2023-07-14,31700.0,32400.0,31300.0,31450.0,31001.818359375,351840.0,,,,,,,,,,,,,,,,,,,,11065368000.0,,,local_price_csv_fallback,084370.KQ
2023-07-17,31300.0,34600.0,30850.0,33800.0,33318.33203125,921455.0,,,,,,,,,,,,,,,,,,,,31145179000.0,,,local_price_csv_fallback,084370.KQ
2023-07-18,33800.0,34150.0,32600.0,33450.0,32973.3203125,281430.0,,,,,,,,,,,,,,,,,,,,9413833500.0,,,local_price_csv_fallback,084370.KQ
2023-07-19,33850.0,34100.0,32800.0,33250.0,32776.16796875,275141.0,,,,,,,,,,,,,,,,,,,,9148438250.0,,,local_price_csv_fallback,084370.KQ
2023-07-20,32800.0,33750.0,32650.0,33450.0,32973.3203125,199761.0,,,,,,,,,,,,,,,,,,,,6682005450.0,,,local_price_csv_fallback,084370.KQ
2023-07-21,32550.0,32800.0,31700.0,32200.0,31741.130859375,222989.0,,,,,,,,,,,,,,,,,,,,7180245800.0,,,local_price_csv_fallback,084370.KQ
2023-07-24,31900.0,32450.0,31300.0,32200.0,31741.130859375,202344.0,,,,,,,,,,,,,,,,,,,,6515476800.0,,,local_price_csv_fallback,084370.KQ
2023-07-25,32200.0,33150.0,31700.0,32850.0,32381.8671875,257109.0,,,,,,,,,,,,,,,,,,,,8446030650.0,,,local_price_csv_fallback,084370.KQ
2023-07-26,32850.0,33400.0,31400.0,31500.0,31051.107421875,379760.0,,,,,,,,,,,,,,,,,,,,11962440000.0,,,local_price_csv_fallback,084370.KQ
2023-07-27,31500.0,34600.0,31500.0,34600.0,34106.9296875,469511.0,,,,,,,,,,,,,,,,,,,,16245080600.0,,,local_price_csv_fallback,084370.KQ
2023-07-28,35050.0,36800.0,34600.0,36650.0,36127.71875,792355.0,,,,,,,,,,,,,,,,,,,,29039810750.0,,,local_price_csv_fallback,084370.KQ
2023-07-31,37100.0,38350.0,36300.0,36650.0,36127.71875,420086.0,,,,,,,,,,,,,,,,,,,,15396151900.0,,,local_price_csv_fallback,084370.KQ
2023-08-01,36300.0,36650.0,34700.0,36000.0,35486.98046875,356931.0,,,,,,,,,,,,,,,,,,,,12849516000.0,,,local_price_csv_fallback,084370.KQ
2023-08-02,35000.0,35450.0,33100.0,33300.0,32825.45703125,527186.0,,,,,,,,,,,,,,,,,,,,17555293800.0,,,local_price_csv_fallback,084370.KQ
2023-08-03,33250.0,33400.0,32000.0,32800.0,32332.580078125,387402.0,,,,,,,,,,,,,,,,,,,,12706785600.0,,,local_price_csv_fallback,084370.KQ
2023-08-04,32650.0,33200.0,32200.0,32650.0,32184.716796875,131548.0,,,,,,,,,,,,,,,,,,,,4295042200.0,,,local_price_csv_fallback,084370.KQ
2023-08-07,32350.0,33350.0,32100.0,32800.0,32332.580078125,162573.0,,,,,,,,,,,,,,,,,,,,5332394400.0,,,local_price_csv_fallback,084370.KQ
2023-08-08,33200.0,33700.0,32150.0,32300.0,31839.70703125,200916.0,,,,,,,,,,,,,,,,,,,,6489586800.0,,,local_price_csv_fallback,084370.KQ
2023-08-09,32300.0,32500.0,31350.0,32050.0,31593.267578125,185193.0,,,,,,,,,,,,,,,,,,,,5935435650.0,,,local_price_csv_fallback,084370.KQ
2023-08-10,31550.0,31550.0,30550.0,30800.0,30361.08203125,273757.0,,,,,,,,,,,,,,,,,,,,8431715600.0,,,local_price_csv_fallback,084370.KQ
2023-08-11,30750.0,31400.0,30650.0,30750.0,30311.794921875,123261.0,,,,,,,,,,,,,,,,,,,,3790275750.0,,,local_price_csv_fallback,084370.KQ
2023-08-14,30550.0,30950.0,30100.0,30600.0,30163.93359375,190080.0,,,,,,,,,,,,,,,,,,,,5816448000.0,,,local_price_csv_fallback,084370.KQ
2023-08-16,30800.0,32850.0,30800.0,32550.0,32086.142578125,360659.0,,,,,,,,,,,,,,,,,,,,11739450450.0,,,local_price_csv_fallback,084370.KQ
2023-08-17,32000.0,33400.0,31850.0,33100.0,32628.3046875,283090.0,,,,,,,,,,,,,,,,,,,,9370279000.0,,,local_price_csv_fallback,084370.KQ
2023-08-18,32350.0,34050.0,32250.0,33900.0,33416.90625,272233.0,,,,,,,,,,,,,,,,,,,,9228698700.0,,,local_price_csv_fallback,084370.KQ
2023-08-21,34150.0,34350.0,33550.0,34100.0,33614.05859375,224379.0,,,,,,,,,,,,,,,,,,,,7651323900.0,,,local_price_csv_fallback,084370.KQ
2023-08-22,34550.0,34800.0,33150.0,33200.0,32726.880859375,187845.0,,,,,,,,,,,,,,,,,,,,6236454000.0,,,local_price_csv_fallback,084370.KQ
2023-08-23,33000.0,34100.0,32700.0,33200.0,32726.880859375,165389.0,,,,,,,,,,,,,,,,,,,,5490914800.0,,,local_price_csv_fallback,084370.KQ
2023-08-24,34100.0,34600.0,33600.0,33950.0,33466.1953125,239875.0,,,,,,,,,,,,,,,,,,,,8143756250.0,,,local_price_csv_fallback,084370.KQ
2023-08-25,32850.0,33400.0,31850.0,31900.0,31445.40625,210593.0,,,,,,,,,,,,,,,,,,,,6717916700.0,,,local_price_csv_fallback,084370.KQ
2023-08-28,31950.0,32400.0,31550.0,32050.0,31593.267578125,129242.0,,,,,,,,,,,,,,,,,,,,4142206100.0,,,local_price_csv_fallback,084370.KQ
2023-08-29,32200.0,32650.0,31750.0,32600.0,32135.431640625,129153.0,,,,,,,,,,,,,,,,,,,,4210387800.0,,,local_price_csv_fallback,084370.KQ
2023-08-30,33000.0,33950.0,32800.0,33500.0,33022.60546875,173861.0,,,,,,,,,,,,,,,,,,,,5824343500.0,,,local_price_csv_fallback,084370.KQ
2023-08-31,33500.0,34600.0,33200.0,34400.0,33909.77734375,214817.0,,,,,,,,,,,,,,,,,,,,7389704800.0,,,local_price_csv_fallback,084370.KQ
2023-09-01,34400.0,40000.0,33350.0,39000.0,38444.2265625,1397885.0,,,,,,,,,,,,,,,,,,,,54517515000.0,,,local_price_csv_fallback,084370.KQ
2023-09-04,39150.0,39300.0,38250.0,38650.0,38099.21484375,459876.0,,,,,,,,,,,,,,,,,,,,17774207400.0,,,local_price_csv_fallback,084370.KQ
2023-09-05,38450.0,38550.0,36450.0,37550.0,37014.890625,450689.0,,,,,,,,,,,,,,,,,,,,16923371950.0,,,local_price_csv_fallback,084370.KQ
2023-09-06,37550.0,37650.0,36250.0,36450.0,35930.56640625,282766.0,,,,,,,,,,,,,,,,,,,,10306820700.0,,,local_price_csv_fallback,084370.KQ
2023-09-07,36200.0,37550.0,36200.0,36950.0,36423.4375,210589.0,,,,,,,,,,,,,,,,,,,,7781263550.0,,,local_price_csv_fallback,084370.KQ
2023-09-08,36950.0,37300.0,35900.0,36600.0,36078.4296875,247406.0,,,,,,,,,,,,,,,,,,,,9055059600.0,,,local_price_csv_fallback,084370.KQ
2023-09-11,36650.0,37000.0,35750.0,36450.0,35930.56640625,193582.0,,,,,,,,,,,,,,,,,,,,7056063900.0,,,local_price_csv_fallback,084370.KQ
2023-09-12,36800.0,38250.0,36050.0,37650.0,37113.46484375,376189.0,,,,,,,,,,,,,,,,,,,,14163515850.0,,,local_price_csv_fallback,084370.KQ
2023-09-13,37850.0,39800.0,37850.0,38250.0,37704.91796875,581954.0,,,,,,,,,,,,,,,,,,,,22259740500.0,,,local_price_csv_fallback,084370.KQ
2023-09-14,39050.0,42500.0,38700.0,42350.0,41746.4921875,1214693.0,,,,,,,,,,,,,,,,,,,,51442248550.0,,,local_price_csv_fallback,084370.KQ
2023-09-15,41950.0,44450.0,41000.0,43900.0,43274.3984375,746554.0,,,,,,,,,,,,,,,,,,,,32773720600.0,,,local_price_csv_fallback,084370.KQ
2023-09-18,43150.0,44400.0,41750.0,43850.0,43225.109375,450103.0,,,,,,,,,,,,,,,,,,,,19737016550.0,,,local_price_csv_fallback,084370.KQ
2023-09-19,43350.0,44450.0,42000.0,42150.0,41549.33984375,306719.0,,,,,,,,,,,,,,,,,,,,12928205850.0,,,local_price_csv_fallback,084370.KQ
2023-09-20,41900.0,42550.0,40750.0,41350.0,40760.73828125,249930.0,,,,,,,,,,,,,,,,,,,,10334605500.0,,,local_price_csv_fallback,084370.KQ
2023-09-21,40700.0,41700.0,39950.0,40350.0,39774.98828125,276995.0,,,,,,,,,,,,,,,,,,,,11176748250.0,,,local_price_csv_fallback,084370.KQ
2023-09-22,39450.0,41200.0,39450.0,40600.0,40021.4296875,310988.0,,,,,,,,,,,,,,,,,,,,12626112800.0,,,local_price_csv_fallback,084370.KQ
2023-09-25,40450.0,42600.0,39500.0,41950.0,41352.1875,334183.0,,,,,,,,,,,,,,,,,,,,14018976850.0,,,local_price_csv_fallback,084370.KQ
2023-09-26,42250.0,42650.0,40900.0,42050.0,41450.76171875,193418.0,,,,,,,,,,,,,,,,,,,,8133226900.0,,,local_price_csv_fallback,084370.KQ
2023-09-27,41050.0,41050.0,35600.0,38550.0,38000.640625,1439502.0,,,,,,,,,,,,,,,,,,,,55492802100.0,,,local_price_csv_fallback,084370.KQ
2023-10-04,37400.0,40200.0,37400.0,39200.0,38641.375,471519.0,,,,,,,,,,,,,,,,,,,,18483544800.0,,,local_price_csv_fallback,084370.KQ
2023-10-05,40000.0,40600.0,38850.0,39400.0,38838.53125,258515.0,,,,,,,,,,,,,,,,,,,,10185491000.0,,,local_price_csv_fallback,084370.KQ
2023-10-06,39550.0,40400.0,39150.0,39600.0,39035.6796875,183629.0,,,,,,,,,,,,,,,,,,,,7271708400.0,,,local_price_csv_fallback,084370.KQ
2023-10-10,40000.0,41000.0,38900.0,39400.0,38838.53125,181734.0,,,,,,,,,,,,,,,,,,,,7160319600.0,,,local_price_csv_fallback,084370.KQ
2023-10-11,40050.0,41150.0,39600.0,40800.0,40218.578125,277614.0,,,,,,,,,,,,,,,,,,,,11326651200.0,,,local_price_csv_fallback,084370.KQ
2023-10-12,41800.0,42350.0,40750.0,42100.0,41500.05078125,320912.0,,,,,,,,,,,,,,,,,,,,13510395200.0,,,local_price_csv_fallback,084370.KQ
2023-10-13,41900.0,43100.0,41500.0,42100.0,41500.05078125,301789.0,,,,,,,,,,,,,,,,,,,,12705316900.0,,,local_price_csv_fallback,084370.KQ
2023-10-16,41600.0,41850.0,40050.0,40600.0,40021.4296875,228882.0,,,,,,,,,,,,,,,,,,,,9292609200.0,,,local_price_csv_fallback,084370.KQ
2023-10-17,40850.0,42350.0,39700.0,42250.0,41647.9140625,253236.0,,,,,,,,,,,,,,,,,,,,10699221000.0,,,local_price_csv_fallback,084370.KQ
2023-10-18,41500.0,42200.0,40450.0,41650.0,41056.46484375,149717.0,,,,,,,,,,,,,,,,,,,,6235713050.0,,,local_price_csv_fallback,084370.KQ
2023-10-19,40700.0,40700.0,39350.0,39850.0,39282.11328125,253860.0,,,,,,,,,,,,,,,,,,,,10116321000.0,,,local_price_csv_fallback,084370.KQ
2023-10-20,39000.0,41950.0,39000.0,41050.0,40465.015625,272059.0,,,,,,,,,,,,,,,,,,,,11168021950.0,,,local_price_csv_fallback,084370.KQ
2023-10-23,40750.0,42100.0,39950.0,40450.0,39873.56640625,178597.0,,,,,,,,,,,,,,,,,,,,7224248650.0,,,local_price_csv_fallback,084370.KQ
2023-10-24,41050.0,41600.0,40150.0,41150.0,40563.5859375,194735.0,,,,,,,,,,,,,,,,,,,,8013345250.0,,,local_price_csv_fallback,084370.KQ
2023-10-25,41200.0,42900.0,40700.0,42050.0,41450.76171875,287929.0,,,,,,,,,,,,,,,,,,,,12107414450.0,,,local_price_csv_fallback,084370.KQ
2023-10-26,40400.0,40850.0,39550.0,40150.0,39577.83984375,216731.0,,,,,,,,,,,,,,,,,,,,8701749650.0,,,local_price_csv_fallback,084370.KQ
2023-10-27,40750.0,40750.0,38850.0,39100.0,38542.8046875,183060.0,,,,,,,,,,,,,,,,,,,,7157646000.0,,,local_price_csv_fallback,084370.KQ
2023-10-30,39150.0,40900.0,39150.0,40450.0,39873.56640625,145830.0,,,,,,,,,,,,,,,,,,,,5898823500.0,,,local_price_csv_fallback,084370.KQ
2023-10-31,40600.0,40750.0,37600.0,38050.0,37507.76953125,324718.0,,,,,,,,,,,,,,,,,,,,12355519900.0,,,local_price_csv_fallback,084370.KQ
2023-11-01,38600.0,40500.0,38400.0,40400.0,39824.2734375,238519.0,,,,,,,,,,,,,,,,,,,,9636167600.0,,,local_price_csv_fallback,084370.KQ
2023-11-02,41500.0,43450.0,40800.0,43150.0,42535.0859375,411081.0,,,,,,,,,,,,,,,,,,,,17738145150.0,,,local_price_csv_fallback,084370.KQ
2023-11-03,43150.0,43600.0,42250.0,43300.0,42682.94921875,182938.0,,,,,,,,,,,,,,,,,,,,7921215400.0,,,local_price_csv_fallback,084370.KQ
2023-11-06,43800.0,45550.0,41200.0,44700.0,44062.99609375,329879.0,,,,,,,,,,,,,,,,,,,,14745591300.0,,,local_price_csv_fallback,084370.KQ
2023-11-07,44200.0,46000.0,43500.0,45300.0,44654.4453125,277520.0,,,,,,,,,,,,,,,,,,,,12571656000.0,,,local_price_csv_fallback,084370.KQ
2023-11-08,45700.0,47300.0,44450.0,44600.0,43964.42578125,322060.0,,,,,,,,,,,,,,,,,,,,14363876000.0,,,local_price_csv_fallback,084370.KQ
2023-11-09,44000.0,45800.0,44000.0,44650.0,44013.7109375,104117.0,,,,,,,,,,,,,,,,,,,,4648824050.0,,,local_price_csv_fallback,084370.KQ
2023-11-10,43900.0,45750.0,43850.0,44700.0,44062.99609375,156679.0,,,,,,,,,,,,,,,,,,,,7003551300.0,,,local_price_csv_fallback,084370.KQ
2023-11-13,44300.0,45600.0,44000.0,44000.0,43372.97265625,150051.0,,,,,,,,,,,,,,,,,,,,6602244000.0,,,local_price_csv_fallback,084370.KQ
2023-11-14,44350.0,44500.0,43100.0,43500.0,42880.09765625,99032.0,,,,,,,,,,,,,,,,,,,,4307892000.0,,,local_price_csv_fallback,084370.KQ
2023-11-15,44800.0,47000.0,44650.0,46300.0,45640.19921875,417022.0,,,,,,,,,,,,,,,,,,,,19308118600.0,,,local_price_csv_fallback,084370.KQ
2023-11-16,46500.0,46650.0,44750.0,45400.0,44753.01953125,141321.0,,,,,,,,,,,,,,,,,,,,6415973400.0,,,local_price_csv_fallback,084370.KQ
2023-11-17,46450.0,47750.0,45400.0,45950.0,45295.1875,344414.0,,,,,,,,,,,,,,,,,,,,15825823300.0,,,local_price_csv_fallback,084370.KQ
2023-11-20,45550.0,46150.0,44350.0,44800.0,44161.57421875,168075.0,,,,,,,,,,,,,,,,,,,,7529760000.0,,,local_price_csv_fallback,084370.KQ
2023-11-21,45100.0,45500.0,42300.0,42550.0,41943.63671875,501250.0,,,,,,,,,,,,,,,,,,,,21328187500.0,,,local_price_csv_fallback,084370.KQ
2023-11-22,42150.0,43400.0,41800.0,43250.0,42633.6640625,217926.0,,,,,,,,,,,,,,,,,,,,9425299500.0,,,local_price_csv_fallback,084370.KQ
2023-11-23,43300.0,43300.0,41850.0,42050.0,41450.76171875,230944.0,,,,,,,,,,,,,,,,,,,,9711195200.0,,,local_price_csv_fallback,084370.KQ
2023-11-24,42250.0,42250.0,41450.0,42000.0,41401.4765625,128354.0,,,,,,,,,,,,,,,,,,,,5390868000.0,,,local_price_csv_fallback,084370.KQ
2023-11-27,42000.0,42700.0,41500.0,42000.0,41401.4765625,137169.0,,,,,,,,,,,,,,,,,,,,5761098000.0,,,local_price_csv_fallback,084370.KQ
2023-11-28,42150.0,43350.0,41350.0,43000.0,42387.2265625,275614.0,,,,,,,,,,,,,,,,,,,,11851402000.0,,,local_price_csv_fallback,084370.KQ
2023-11-29,43000.0,43400.0,42100.0,42900.0,42288.6484375,101954.0,,,,,,,,,,,,,,,,,,,,4373826600.0,,,local_price_csv_fallback,084370.KQ
2023-11-30,42500.0,43550.0,42300.0,43250.0,42633.6640625,134989.0,,,,,,,,,,,,,,,,,,,,5838274250.0,,,local_price_csv_fallback,084370.KQ
2023-12-01,43300.0,45000.0,42950.0,43800.0,43175.82421875,288868.0,,,,,,,,,,,,,,,,,,,,12652418400.0,,,local_price_csv_fallback,084370.KQ
2023-12-04,44650.0,44700.0,42400.0,42700.0,42091.5,218850.0,,,,,,,,,,,,,,,,,,,,9344895000.0,,,local_price_csv_fallback,084370.KQ
2023-12-05,42100.0,42150.0,38500.0,39000.0,38444.2265625,731373.0,,,,,,,,,,,,,,,,,,,,28523547000.0,,,local_price_csv_fallback,084370.KQ
2023-12-06,39400.0,39950.0,38750.0,39700.0,39134.25,226414.0,,,,,,,,,,,,,,,,,,,,8988635800.0,,,local_price_csv_fallback,084370.KQ
2023-12-07,39200.0,40000.0,38650.0,39600.0,39035.6796875,168455.0,,,,,,,,,,,,,,,,,,,,6670818000.0,,,local_price_csv_fallback,084370.KQ
2023-12-08,40000.0,40500.0,39000.0,39750.0,39183.5390625,296301.0,,,,,,,,,,,,,,,,,,,,11777964750.0,,,local_price_csv_fallback,084370.KQ
2023-12-11,40200.0,40200.0,38450.0,39800.0,39232.82421875,260512.0,,,,,,,,,,,,,,,,,,,,10368377600.0,,,local_price_csv_fallback,084370.KQ
2023-12-12,40350.0,41250.0,39750.0,39750.0,39183.5390625,252305.0,,,,,,,,,,,,,,,,,,,,10029123750.0,,,local_price_csv_fallback,084370.KQ
2023-12-13,39800.0,40700.0,39800.0,40200.0,39627.125,200310.0,,,,,,,,,,,,,,,,,,,,8052462000.0,,,local_price_csv_fallback,084370.KQ
2023-12-14,41000.0,41300.0,40300.0,41000.0,40415.7265625,211223.0,,,,,,,,,,,,,,,,,,,,8660143000.0,,,local_price_csv_fallback,084370.KQ
2023-12-15,41650.0,41650.0,39800.0,40800.0,40218.578125,379300.0,,,,,,,,,,,,,,,,,,,,15475440000.0,,,local_price_csv_fallback,084370.KQ
2023-12-18,40800.0,41100.0,39650.0,40000.0,39429.9765625,298076.0,,,,,,,,,,,,,,,,,,,,11923040000.0,,,local_price_csv_fallback,084370.KQ
2023-12-19,39850.0,40050.0,39250.0,39750.0,39183.5390625,186306.0,,,,,,,,,,,,,,,,,,,,7405663500.0,,,local_price_csv_fallback,084370.KQ
2023-12-20,39900.0,39950.0,39250.0,39850.0,39282.11328125,165067.0,,,,,,,,,,,,,,,,,,,,6577919950.0,,,local_price_csv_fallback,084370.KQ
2023-12-21,39450.0,39850.0,39100.0,39400.0,38838.53125,168627.0,,,,,,,,,,,,,,,,,,,,6643903800.0,,,local_price_csv_fallback,084370.KQ
2023-12-22,39750.0,40250.0,39450.0,39450.0,38887.81640625,153213.0,,,,,,,,,,,,,,,,,,,,6044252850.0,,,local_price_csv_fallback,084370.KQ
2023-12-26,39400.0,39450.0,38500.0,38750.0,38197.7890625,167740.0,,,,,,,,,,,,,,,,,,,,6499925000.0,,,local_price_csv_fallback,084370.KQ
2023-12-27,39350.0,41050.0,39200.0,40550.0,40252.60546875,359542.0,,,,,,,,,,,,,,,,,,,,14579428100.0,,,local_price_csv_fallback,084370.KQ
2023-12-28,41000.0,41000.0,39850.0,40800.0,40500.7734375,175564.0,,,,,,,,,,,,,,,,,,,,7163011200.0,,,local_price_csv_fallback,084370.KQ
2024-01-02,40700.0,41700.0,40300.0,41250.0,40947.47265625,188982.0,,,,,,,,,,,,,,,,,,,,7795507500.0,,,local_price_csv_fallback,084370.KQ
2024-01-03,40550.0,40600.0,39800.0,40600.0,40302.2421875,171784.0,,,,,,,,,,,,,,,,,,,,6974430400.0,,,local_price_csv_fallback,084370.KQ
2024-01-04,40400.0,41350.0,40250.0,40400.0,40103.70703125,118793.0,,,,,,,,,,,,,,,,,,,,4799237200.0,,,local_price_csv_fallback,084370.KQ
2024-01-05,40500.0,41050.0,39800.0,40650.0,40351.875,163699.0,,,,,,,,,,,,,,,,,,,,6654364350.0,,,local_price_csv_fallback,084370.KQ
2024-01-08,40600.0,40850.0,40100.0,40600.0,40302.2421875,110637.0,,,,,,,,,,,,,,,,,,,,4491862200.0,,,local_price_csv_fallback,084370.KQ
2024-01-09,41150.0,41700.0,40600.0,40700.0,40401.5078125,221276.0,,,,,,,,,,,,,,,,,,,,9005933200.0,,,local_price_csv_fallback,084370.KQ
2024-01-10,40650.0,41000.0,39550.0,40250.0,39954.8046875,130333.0,,,,,,,,,,,,,,,,,,,,5245903250.0,,,local_price_csv_fallback,084370.KQ
2024-01-11,40450.0,42250.0,40250.0,41900.0,41592.703125,284309.0,,,,,,,,,,,,,,,,,,,,11912547100.0,,,local_price_csv_fallback,084370.KQ
2024-01-12,41900.0,43100.0,41850.0,42450.0,42138.671875,404013.0,,,,,,,,,,,,,,,,,,,,17150351850.0,,,local_price_csv_fallback,084370.KQ
2024-01-15,42500.0,43750.0,41900.0,42500.0,42188.30859375,215418.0,,,,,,,,,,,,,,,,,,,,9155265000.0,,,local_price_csv_fallback,084370.KQ
2024-01-16,42750.0,42750.0,40200.0,40700.0,40401.5078125,232176.0,,,,,,,,,,,,,,,,,,,,9449563200.0,,,local_price_csv_fallback,084370.KQ
2024-01-17,41350.0,41850.0,40600.0,41200.0,40897.83984375,203332.0,,,,,,,,,,,,,,,,,,,,8377278400.0,,,local_price_csv_fallback,084370.KQ
2024-01-18,41200.0,41500.0,40300.0,41400.0,41096.375,157514.0,,,,,,,,,,,,,,,,,,,,6521079600.0,,,local_price_csv_fallback,084370.KQ
2024-01-19,42100.0,43700.0,42000.0,43650.0,43329.87109375,318641.0,,,,,,,,,,,,,,,,,,,,13908679650.0,,,local_price_csv_fallback,084370.KQ
2024-01-22,44550.0,45300.0,43700.0,44300.0,43975.10546875,306766.0,,,,,,,,,,,,,,,,,,,,13589733800.0,,,local_price_csv_fallback,084370.KQ
2024-01-23,43950.0,44250.0,42850.0,43300.0,42982.44140625,157451.0,,,,,,,,,,,,,,,,,,,,6817628300.0,,,local_price_csv_fallback,084370.KQ
2024-01-24,43300.0,43300.0,42400.0,42900.0,42585.37109375,135583.0,,,,,,,,,,,,,,,,,,,,5816510700.0,,,local_price_csv_fallback,084370.KQ
2024-01-25,43750.0,47000.0,43500.0,46600.0,46258.23828125,857657.0,,,,,,,,,,,,,,,,,,,,39966816200.0,,,local_price_csv_fallback,084370.KQ
2024-01-26,45650.0,45950.0,43300.0,43300.0,42982.44140625,328063.0,,,,,,,,,,,,,,,,,,,,14205127900.0,,,local_price_csv_fallback,084370.KQ
2024-01-29,42800.0,44850.0,42400.0,43600.0,43280.23828125,215567.0,,,,,,,,,,,,,,,,,,,,9398721200.0,,,local_price_csv_fallback,084370.KQ
2024-01-30,43950.0,44300.0,41800.0,43500.0,43180.97265625,275328.0,,,,,,,,,,,,,,,,,,,,11976768000.0,,,local_price_csv_fallback,084370.KQ
2024-01-31,42750.0,43750.0,42050.0,42200.0,41890.5078125,134816.0,,,,,,,,,,,,,,,,,,,,5689235200.0,,,local_price_csv_fallback,084370.KQ
2024-02-01,42100.0,43050.0,39300.0,39550.0,39259.94140625,334101.0,,,,,,,,,,,,,,,,,,,,13213694550.0,,,local_price_csv_fallback,084370.KQ
2024-02-02,39750.0,40200.0,38250.0,38350.0,38068.7421875,412951.0,,,,,,,,,,,,,,,,,,,,15836670850.0,,,local_price_csv_fallback,084370.KQ
2024-02-05,38400.0,38400.0,32200.0,32600.0,32360.9140625,1506806.0,,,,,,,,,,,,,,,,,,,,49121875600.0,,,local_price_csv_fallback,084370.KQ
2024-02-06,32950.0,34900.0,32950.0,34450.0,34197.34375,800566.0,,,,,,,,,,,,,,,,,,,,27579498700.0,,,local_price_csv_fallback,084370.KQ
2024-02-07,34300.0,34400.0,33450.0,34100.0,33849.9140625,212318.0,,,,,,,,,,,,,,,,,,,,7240043800.0,,,local_price_csv_fallback,084370.KQ
2024-02-08,34150.0,35200.0,34150.0,34650.0,34395.87890625,300139.0,,,,,,,,,,,,,,,,,,,,10399816350.0,,,local_price_csv_fallback,084370.KQ
2024-02-13,34750.0,35800.0,34750.0,35150.0,34892.2109375,316039.0,,,,,,,,,,,,,,,,,,,,11108770850.0,,,local_price_csv_fallback,084370.KQ
2024-02-14,35000.0,36000.0,34450.0,35950.0,35686.34375,265073.0,,,,,,,,,,,,,,,,,,,,9529374350.0,,,local_price_csv_fallback,084370.KQ
2024-02-15,36650.0,36650.0,35050.0,35300.0,35041.109375,232937.0,,,,,,,,,,,,,,,,,,,,8222676100.0,,,local_price_csv_fallback,084370.KQ
2024-02-16,35450.0,35450.0,34150.0,34350.0,34098.078125,296331.0,,,,,,,,,,,,,,,,,,,,10178969850.0,,,local_price_csv_fallback,084370.KQ
2024-02-19,34350.0,34550.0,33500.0,34200.0,33949.1796875,142482.0,,,,,,,,,,,,,,,,,,,,4872884400.0,,,local_price_csv_fallback,084370.KQ
2024-02-20,34500.0,38150.0,34500.0,36700.0,36430.83984375,911093.0,,,,,,,,,,,,,,,,,,,,33437113100.0,,,local_price_csv_fallback,084370.KQ
2024-02-21,36700.0,37200.0,36000.0,36600.0,36331.578125,221921.0,,,,,,,,,,,,,,,,,,,,8122308600.0,,,local_price_csv_fallback,084370.KQ
2024-02-22,37400.0,38300.0,36800.0,37500.0,37224.9765625,219019.0,,,,,,,,,,,,,,,,,,,,8213212500.0,,,local_price_csv_fallback,084370.KQ
2024-02-23,38200.0,40800.0,38050.0,38550.0,38267.27734375,556987.0,,,,,,,,,,,,,,,,,,,,21471848850.0,,,local_price_csv_fallback,084370.KQ
2024-02-26,38600.0,38900.0,37500.0,37500.0,37224.9765625,120342.0,,,,,,,,,,,,,,,,,,,,4512825000.0,,,local_price_csv_fallback,084370.KQ
2024-02-27,37600.0,38150.0,36100.0,36200.0,35934.51171875,166743.0,,,,,,,,,,,,,,,,,,,,6036096600.0,,,local_price_csv_fallback,084370.KQ
2024-02-28,36100.0,39700.0,36100.0,37900.0,37622.04296875,330238.0,,,,,,,,,,,,,,,,,,,,12516020200.0,,,local_price_csv_fallback,084370.KQ
2024-02-29,37550.0,38650.0,37250.0,37650.0,37373.875,224787.0,,,,,,,,,,,,,,,,,,,,8463230550.0,,,local_price_csv_fallback,084370.KQ
2024-03-04,38600.0,39050.0,37700.0,38250.0,37969.4765625,212267.0,,,,,,,,,,,,,,,,,,,,8119212750.0,,,local_price_csv_fallback,084370.KQ
2024-03-05,38250.0,38350.0,35600.0,35700.0,35438.1796875,411078.0,,,,,,,,,,,,,,,,,,,,14675484600.0,,,local_price_csv_fallback,084370.KQ
2024-03-06,35900.0,36450.0,35100.0,36250.0,35984.140625,229189.0,,,,,,,,,,,,,,,,,,,,8308101250.0,,,local_price_csv_fallback,084370.KQ
2024-03-07,37450.0,38350.0,36500.0,37000.0,36728.640625,373057.0,,,,,,,,,,,,,,,,,,,,13803109000.0,,,local_price_csv_fallback,084370.KQ
2024-03-08,37600.0,37800.0,36400.0,36500.0,36232.30859375,215258.0,,,,,,,,,,,,,,,,,,,,7856917000.0,,,local_price_csv_fallback,084370.KQ
2024-03-11,35850.0,36100.0,35500.0,36100.0,35835.2421875,149769.0,,,,,,,,,,,,,,,,,,,,5406660900.0,,,local_price_csv_fallback,084370.KQ
2024-03-12,36100.0,36650.0,35700.0,36500.0,36232.30859375,132988.0,,,,,,,,,,,,,,,,,,,,4854062000.0,,,local_price_csv_fallback,084370.KQ
2024-03-13,37100.0,37200.0,35650.0,36150.0,35884.87890625,165181.0,,,,,,,,,,,,,,,,,,,,5971293150.0,,,local_price_csv_fallback,084370.KQ
2024-03-14,35850.0,36000.0,35250.0,35500.0,35239.64453125,194869.0,,,,,,,,,,,,,,,,,,,,6917849500.0,,,local_price_csv_fallback,084370.KQ
2024-03-15,35100.0,35300.0,34450.0,34900.0,34644.04296875,268148.0,,,,,,,,,,,,,,,,,,,,9358365200.0,,,local_price_csv_fallback,084370.KQ
2024-03-18,34550.0,35100.0,34450.0,34900.0,34644.04296875,193849.0,,,,,,,,,,,,,,,,,,,,6765330100.0,,,local_price_csv_fallback,084370.KQ
2024-03-19,34850.0,35750.0,34350.0,35650.0,35388.54296875,158742.0,,,,,,,,,,,,,,,,,,,,5659152300.0,,,local_price_csv_fallback,084370.KQ
2024-03-20,35850.0,36950.0,35150.0,36350.0,36083.41015625,254374.0,,,,,,,,,,,,,,,,,,,,9246494900.0,,,local_price_csv_fallback,084370.KQ
2024-03-21,37750.0,41900.0,37400.0,41450.0,41146.00390625,1721674.0,,,,,,,,,,,,,,,,,,,,71363387300.0,,,local_price_csv_fallback,084370.KQ
2024-03-22,41000.0,41000.0,39150.0,40000.0,39706.64453125,477184.0,,,,,,,,,,,,,,,,,,,,19087360000.0,,,local_price_csv_fallback,084370.KQ
2024-03-25,39850.0,40150.0,38900.0,38900.0,38614.70703125,207459.0,,,,,,,,,,,,,,,,,,,,8070155100.0,,,local_price_csv_fallback,084370.KQ
2024-03-26,39150.0,40200.0,38700.0,39500.0,39210.30859375,264904.0,,,,,,,,,,,,,,,,,,,,10463708000.0,,,local_price_csv_fallback,084370.KQ
2024-03-27,39500.0,43200.0,39500.0,42450.0,42138.671875,908320.0,,,,,,,,,,,,,,,,,,,,38558184000.0,,,local_price_csv_fallback,084370.KQ
2024-03-28,42450.0,43400.0,42100.0,42600.0,42287.5703125,379721.0,,,,,,,,,,,,,,,,,,,,16176114600.0,,,local_price_csv_fallback,084370.KQ
2024-03-29,42650.0,44700.0,42650.0,44000.0,43677.30859375,373469.0,,,,,,,,,,,,,,,,,,,,16432636000.0,,,local_price_csv_fallback,084370.KQ
2024-04-01,44250.0,44700.0,41650.0,42150.0,41840.87109375,383511.0,,,,,,,,,,,,,,,,,,,,16164988650.0,,,local_price_csv_fallback,084370.KQ
2024-04-02,42700.0,44200.0,41900.0,42250.0,41940.140625,292049.0,,,,,,,,,,,,,,,,,,,,12339070250.0,,,local_price_csv_fallback,084370.KQ
2024-04-03,42400.0,43400.0,41400.0,41900.0,41592.703125,257185.0,,,,,,,,,,,,,,,,,,,,10776051500.0,,,local_price_csv_fallback,084370.KQ
2024-04-04,42850.0,46850.0,42700.0,46500.0,46158.97265625,785499.0,,,,,,,,,,,,,,,,,,,,36525703500.0,,,local_price_csv_fallback,084370.KQ
2024-04-05,45500.0,50500.0,45100.0,49950.0,49583.66796875,1223754.0,,,,,,,,,,,,,,,,,,,,61126512300.0,,,local_price_csv_fallback,084370.KQ
2024-04-08,50000.0,52600.0,49000.0,50200.0,49831.83203125,687769.0,,,,,,,,,,,,,,,,,,,,34526003800.0,,,local_price_csv_fallback,084370.KQ
2024-04-09,49050.0,49650.0,47550.0,48500.0,48144.30078125,320278.0,,,,,,,,,,,,,,,,,,,,15533483000.0,,,local_price_csv_fallback,084370.KQ
2024-04-11,47900.0,49700.0,47250.0,49100.0,48739.90234375,253276.0,,,,,,,,,,,,,,,,,,,,12435851600.0,,,local_price_csv_fallback,084370.KQ
2024-04-12,49600.0,50400.0,48150.0,48300.0,47945.76953125,253317.0,,,,,,,,,,,,,,,,,,,,12235211100.0,,,local_price_csv_fallback,084370.KQ
2024-04-15,48150.0,52700.0,47850.0,51700.0,51320.8359375,541706.0,,,,,,,,,,,,,,,,,,,,28006200200.0,,,local_price_csv_fallback,084370.KQ
2024-04-16,51700.0,53500.0,50000.0,51500.0,51122.30078125,502912.0,,,,,,,,,,,,,,,,,,,,25899968000.0,,,local_price_csv_fallback,084370.KQ
2024-04-17,53700.0,54900.0,51000.0,52100.0,51717.8984375,400709.0,,,,,,,,,,,,,,,,,,,,20876938900.0,,,local_price_csv_fallback,084370.KQ
2024-04-18,50900.0,52400.0,48800.0,51200.0,50824.5,259347.0,,,,,,,,,,,,,,,,,,,,13278566400.0,,,local_price_csv_fallback,084370.KQ
2024-04-19,50800.0,51200.0,47100.0,48700.0,48342.8359375,315064.0,,,,,,,,,,,,,,,,,,,,15343616800.0,,,local_price_csv_fallback,084370.KQ
2024-04-22,48100.0,49450.0,46700.0,49450.0,49087.33203125,335914.0,,,,,,,,,,,,,,,,,,,,16610947300.0,,,local_price_csv_fallback,084370.KQ
2024-04-23,50500.0,50600.0,49050.0,49100.0,48739.90234375,155298.0,,,,,,,,,,,,,,,,,,,,7625131800.0,,,local_price_csv_fallback,084370.KQ
2024-04-24,50800.0,56600.0,50200.0,53000.0,52611.296875,722095.0,,,,,,,,,,,,,,,,,,,,38271035000.0,,,local_price_csv_fallback,084370.KQ
2024-04-25,52000.0,54300.0,51800.0,52800.0,52412.765625,288382.0,,,,,,,,,,,,,,,,,,,,15226569600.0,,,local_price_csv_fallback,084370.KQ
2024-04-26,54700.0,56000.0,52500.0,53800.0,53405.43359375,302191.0,,,,,,,,,,,,,,,,,,,,16257875800.0,,,local_price_csv_fallback,084370.KQ
2024-04-29,55000.0,56500.0,53800.0,54500.0,54100.296875,317748.0,,,,,,,,,,,,,,,,,,,,17317266000.0,,,local_price_csv_fallback,084370.KQ
2024-04-30,54900.0,56000.0,52300.0,53600.0,53206.8984375,240900.0,,,,,,,,,,,,,,,,,,,,12912240000.0,,,local_price_csv_fallback,084370.KQ
2024-05-02,52900.0,54100.0,52100.0,53200.0,52809.8359375,192688.0,,,,,,,,,,,,,,,,,,,,10251001600.0,,,local_price_csv_fallback,084370.KQ
2024-05-03,54500.0,55900.0,54100.0,55400.0,54993.69921875,258648.0,,,,,,,,,,,,,,,,,,,,14329099200.0,,,local_price_csv_fallback,084370.KQ
2024-05-07,56800.0,58700.0,56700.0,57600.0,57177.5625,251699.0,,,,,,,,,,,,,,,,,,,,14497862400.0,,,local_price_csv_fallback,084370.KQ
2024-05-08,57000.0,57300.0,52800.0,53400.0,53008.3671875,396810.0,,,,,,,,,,,,,,,,,,,,21189654000.0,,,local_price_csv_fallback,084370.KQ
2024-05-09,53100.0,53300.0,51800.0,52900.0,52512.03515625,273170.0,,,,,,,,,,,,,,,,,,,,14450693000.0,,,local_price_csv_fallback,084370.KQ
2024-05-10,52200.0,52700.0,49200.0,49350.0,48988.0703125,306935.0,,,,,,,,,,,,,,,,,,,,15147242250.0,,,local_price_csv_fallback,084370.KQ
2024-05-13,50000.0,50800.0,49200.0,49950.0,49583.66796875,131825.0,,,,,,,,,,,,,,,,,,,,6584658750.0,,,local_price_csv_fallback,084370.KQ
2024-05-14,49450.0,49450.0,47450.0,47500.0,47151.63671875,305412.0,,,,,,,,,,,,,,,,,,,,14507070000.0,,,local_price_csv_fallback,084370.KQ
2024-05-16,48500.0,49200.0,46700.0,47250.0,46903.47265625,343452.0,,,,,,,,,,,,,,,,,,,,16228107000.0,,,local_price_csv_fallback,084370.KQ
2024-05-17,47600.0,48200.0,46900.0,47350.0,47002.734375,177571.0,,,,,,,,,,,,,,,,,,,,8407986850.0,,,local_price_csv_fallback,084370.KQ
2024-05-20,47350.0,49150.0,46700.0,48950.0,48591.00390625,150984.0,,,,,,,,,,,,,,,,,,,,7390666800.0,,,local_price_csv_fallback,084370.KQ
2024-05-21,49500.0,49550.0,48050.0,48450.0,48094.671875,183836.0,,,,,,,,,,,,,,,,,,,,8906854200.0,,,local_price_csv_fallback,084370.KQ
2024-05-22,48300.0,48850.0,47150.0,48300.0,47945.76953125,112235.0,,,,,,,,,,,,,,,,,,,,5420950500.0,,,local_price_csv_fallback,084370.KQ
2024-05-23,48700.0,49800.0,48050.0,49300.0,48938.43359375,156522.0,,,,,,,,,,,,,,,,,,,,7716534600.0,,,local_price_csv_fallback,084370.KQ
2024-05-24,48450.0,50900.0,48300.0,50100.0,49732.5703125,246293.0,,,,,,,,,,,,,,,,,,,,12339279300.0,,,local_price_csv_fallback,084370.KQ
2024-05-27,50200.0,53400.0,50200.0,52900.0,52512.03515625,292772.0,,,,,,,,,,,,,,,,,,,,15487638800.0,,,local_price_csv_fallback,084370.KQ
2024-05-28,53800.0,60000.0,53600.0,56500.0,56085.6328125,974814.0,,,,,,,,,,,,,,,,,,,,55076991000.0,,,local_price_csv_fallback,084370.KQ
2024-05-29,56500.0,58500.0,55200.0,57400.0,56979.03125,411789.0,,,,,,,,,,,,,,,,,,,,23636688600.0,,,local_price_csv_fallback,084370.KQ
2024-05-30,56400.0,57500.0,55000.0,56000.0,55589.30078125,247957.0,,,,,,,,,,,,,,,,,,,,13885592000.0,,,local_price_csv_fallback,084370.KQ
2024-05-31,55500.0,56200.0,50300.0,50900.0,50526.69921875,350103.0,,,,,,,,,,,,,,,,,,,,17820242700.0,,,local_price_csv_fallback,084370.KQ
2024-06-03,50900.0,51000.0,48500.0,49500.0,49136.96875,191409.0,,,,,,,,,,,,,,,,,,,,9474745500.0,,,local_price_csv_fallback,084370.KQ
2024-06-04,49800.0,51000.0,49150.0,50100.0,49732.5703125,137227.0,,,,,,,,,,,,,,,,,,,,6875072700.0,,,local_price_csv_fallback,084370.KQ
2024-06-05,50500.0,51100.0,49000.0,49000.0,48640.6328125,181096.0,,,,,,,,,,,,,,,,,,,,8873704000.0,,,local_price_csv_fallback,084370.KQ
2024-06-07,49250.0,51700.0,49250.0,51100.0,50725.234375,239236.0,,,,,,,,,,,,,,,,,,,,12224959600.0,,,local_price_csv_fallback,084370.KQ
2024-06-10,50500.0,51200.0,49350.0,51000.0,50625.96875,102867.0,,,,,,,,,,,,,,,,,,,,5246217000.0,,,local_price_csv_fallback,084370.KQ
2024-06-11,51400.0,51700.0,49500.0,50000.0,49633.30078125,115129.0,,,,,,,,,,,,,,,,,,,,5756450000.0,,,local_price_csv_fallback,084370.KQ
2024-06-12,51000.0,51900.0,49850.0,51600.0,51221.56640625,166987.0,,,,,,,,,,,,,,,,,,,,8616529200.0,,,local_price_csv_fallback,084370.KQ
2024-06-13,53300.0,54100.0,49850.0,52500.0,52114.96875,402305.0,,,,,,,,,,,,,,,,,,,,21121012500.0,,,local_price_csv_fallback,084370.KQ
2024-06-14,52600.0,53000.0,50500.0,50800.0,50427.43359375,178639.0,,,,,,,,,,,,,,,,,,,,9074861200.0,,,local_price_csv_fallback,084370.KQ
2024-06-17,50500.0,51000.0,49500.0,49800.0,49434.76953125,101021.0,,,,,,,,,,,,,,,,,,,,5030845800.0,,,local_price_csv_fallback,084370.KQ
2024-06-18,50400.0,54300.0,49900.0,54100.0,53703.234375,269059.0,,,,,,,,,,,,,,,,,,,,14556091900.0,,,local_price_csv_fallback,084370.KQ
2024-06-19,54400.0,55600.0,52900.0,54700.0,54298.83203125,198686.0,,,,,,,,,,,,,,,,,,,,10868124200.0,,,local_price_csv_fallback,084370.KQ
2024-06-20,55500.0,57400.0,53700.0,54000.0,53603.96484375,246133.0,,,,,,,,,,,,,,,,,,,,13291182000.0,,,local_price_csv_fallback,084370.KQ
2024-06-21,52100.0,53600.0,51600.0,52600.0,52214.234375,148524.0,,,,,,,,,,,,,,,,,,,,7812362400.0,,,local_price_csv_fallback,084370.KQ
2024-06-24,52600.0,52900.0,51300.0,52900.0,52512.03515625,103440.0,,,,,,,,,,,,,,,,,,,,5471976000.0,,,local_price_csv_fallback,084370.KQ
2024-06-25,52100.0,52100.0,50600.0,51300.0,50923.76953125,120172.0,,,,,,,,,,,,,,,,,,,,6164823600.0,,,local_price_csv_fallback,084370.KQ
2024-06-26,51800.0,53700.0,51200.0,52700.0,52313.5,186877.0,,,,,,,,,,,,,,,,,,,,9848417900.0,,,local_price_csv_fallback,084370.KQ
2024-06-27,52700.0,52700.0,51100.0,52200.0,51817.16796875,90461.0,,,,,,,,,,,,,,,,,,,,4722064200.0,,,local_price_csv_fallback,084370.KQ
2024-06-28,52300.0,52300.0,48850.0,49650.0,49285.87109375,192720.0,,,,,,,,,,,,,,,,,,,,9568548000.0,,,local_price_csv_fallback,084370.KQ
2024-07-01,50000.0,51700.0,48800.0,51000.0,50625.96875,139719.0,,,,,,,,,,,,,,,,,,,,7125669000.0,,,local_price_csv_fallback,084370.KQ
2024-07-02,50600.0,52100.0,50000.0,50700.0,50328.16796875,106051.0,,,,,,,,,,,,,,,,,,,,5376785700.0,,,local_price_csv_fallback,084370.KQ
2024-07-03,50100.0,50300.0,47000.0,47650.0,47300.53515625,296204.0,,,,,,,,,,,,,,,,,,,,14114120600.0,,,local_price_csv_fallback,084370.KQ
2024-07-04,48350.0,50400.0,47750.0,50000.0,49633.30078125,250629.0,,,,,,,,,,,,,,,,,,,,12531450000.0,,,local_price_csv_fallback,084370.KQ
2024-07-05,50200.0,52800.0,49700.0,50700.0,50328.16796875,228527.0,,,,,,,,,,,,,,,,,,,,11586318900.0,,,local_price_csv_fallback,084370.KQ
2024-07-08,50400.0,51800.0,49550.0,50400.0,50030.3671875,95471.0,,,,,,,,,,,,,,,,,,,,4811738400.0,,,local_price_csv_fallback,084370.KQ
2024-07-09,50200.0,50900.0,48900.0,49550.0,49186.6015625,197001.0,,,,,,,,,,,,,,,,,,,,9761399550.0,,,local_price_csv_fallback,084370.KQ
2024-07-10,49250.0,49450.0,47850.0,48200.0,47846.50390625,203142.0,,,,,,,,,,,,,,,,,,,,9791444400.0,,,local_price_csv_fallback,084370.KQ
2024-07-11,48550.0,49650.0,48250.0,48300.0,47945.76953125,149758.0,,,,,,,,,,,,,,,,,,,,7233311400.0,,,local_price_csv_fallback,084370.KQ
2024-07-12,47850.0,50100.0,46900.0,49400.0,49037.703125,198538.0,,,,,,,,,,,,,,,,,,,,9807777200.0,,,local_price_csv_fallback,084370.KQ
2024-07-15,49150.0,49150.0,47800.0,48200.0,47846.50390625,125952.0,,,,,,,,,,,,,,,,,,,,6070886400.0,,,local_price_csv_fallback,084370.KQ
2024-07-16,48000.0,51000.0,47900.0,50800.0,50427.43359375,318316.0,,,,,,,,,,,,,,,,,,,,16170452800.0,,,local_price_csv_fallback,084370.KQ
2024-07-17,50000.0,50300.0,46900.0,46900.0,46556.03515625,371622.0,,,,,,,,,,,,,,,,,,,,17429071800.0,,,local_price_csv_fallback,084370.KQ
2024-07-18,45500.0,47750.0,44300.0,47650.0,47300.53515625,270164.0,,,,,,,,,,,,,,,,,,,,12873314600.0,,,local_price_csv_fallback,084370.KQ
2024-07-19,47200.0,47650.0,46650.0,46700.0,46357.50390625,79338.0,,,,,,,,,,,,,,,,,,,,3705084600.0,,,local_price_csv_fallback,084370.KQ
2024-07-22,46600.0,46600.0,43050.0,44350.0,44024.73828125,197660.0,,,,,,,,,,,,,,,,,,,,8766221000.0,,,local_price_csv_fallback,084370.KQ
2024-07-23,45100.0,46950.0,44400.0,44500.0,44173.63671875,132814.0,,,,,,,,,,,,,,,,,,,,5910223000.0,,,local_price_csv_fallback,084370.KQ
2024-07-24,44000.0,45950.0,43650.0,44700.0,44372.171875,88632.0,,,,,,,,,,,,,,,,,,,,3961850400.0,,,local_price_csv_fallback,084370.KQ
2024-07-25,43600.0,43800.0,42050.0,42350.0,42039.41015625,211922.0,,,,,,,,,,,,,,,,,,,,8974896700.0,,,local_price_csv_fallback,084370.KQ
2024-07-26,42350.0,43150.0,41900.0,42400.0,42089.0390625,94654.0,,,,,,,,,,,,,,,,,,,,4013329600.0,,,local_price_csv_fallback,084370.KQ
2024-07-29,42600.0,44950.0,42350.0,43900.0,43578.0390625,141830.0,,,,,,,,,,,,,,,,,,,,6226337000.0,,,local_price_csv_fallback,084370.KQ
2024-07-30,43650.0,43850.0,41800.0,43450.0,43131.33984375,155566.0,,,,,,,,,,,,,,,,,,,,6759342700.0,,,local_price_csv_fallback,084370.KQ
2024-07-31,42900.0,46850.0,42750.0,45800.0,45464.10546875,249510.0,,,,,,,,,,,,,,,,,,,,11427558000.0,,,local_price_csv_fallback,084370.KQ
2024-08-01,46300.0,47600.0,45100.0,47100.0,46754.5703125,212866.0,,,,,,,,,,,,,,,,,,,,10025988600.0,,,local_price_csv_fallback,084370.KQ
2024-08-02,45850.0,46200.0,43950.0,44500.0,44173.63671875,268681.0,,,,,,,,,,,,,,,,,,,,11956304500.0,,,local_price_csv_fallback,084370.KQ
2024-08-05,43200.0,43600.0,37400.0,38800.0,38515.4453125,347929.0,,,,,,,,,,,,,,,,,,,,13499645200.0,,,local_price_csv_fallback,084370.KQ
2024-08-06,39600.0,41800.0,38550.0,38700.0,38416.17578125,422474.0,,,,,,,,,,,,,,,,,,,,16349743800.0,,,local_price_csv_fallback,084370.KQ
2024-08-07,38000.0,42350.0,37900.0,41250.0,40947.47265625,290530.0,,,,,,,,,,,,,,,,,,,,11984362500.0,,,local_price_csv_fallback,084370.KQ
2024-08-08,40000.0,40700.0,39250.0,39500.0,39210.30859375,209434.0,,,,,,,,,,,,,,,,,,,,8272643000.0,,,local_price_csv_fallback,084370.KQ
2024-08-09,41200.0,45300.0,41200.0,43450.0,43131.33984375,395807.0,,,,,,,,,,,,,,,,,,,,17197814150.0,,,local_price_csv_fallback,084370.KQ
2024-08-12,43000.0,45600.0,43000.0,43650.0,43329.87109375,152197.0,,,,,,,,,,,,,,,,,,,,6643399050.0,,,local_price_csv_fallback,084370.KQ
2024-08-13,44500.0,45450.0,43350.0,43800.0,43478.76953125,88845.0,,,,,,,,,,,,,,,,,,,,3891411000.0,,,local_price_csv_fallback,084370.KQ
2024-08-14,45700.0,49350.0,45150.0,48000.0,47647.97265625,475529.0,,,,,,,,,,,,,,,,,,,,22825392000.0,,,local_price_csv_fallback,084370.KQ
2024-08-16,50100.0,52300.0,49350.0,51600.0,51221.56640625,428750.0,,,,,,,,,,,,,,,,,,,,22123500000.0,,,local_price_csv_fallback,084370.KQ
2024-08-19,51600.0,52200.0,50800.0,50800.0,50427.43359375,101028.0,,,,,,,,,,,,,,,,,,,,5132222400.0,,,local_price_csv_fallback,084370.KQ
2024-08-20,51300.0,52300.0,49400.0,49400.0,49037.703125,135393.0,,,,,,,,,,,,,,,,,,,,6688414200.0,,,local_price_csv_fallback,084370.KQ
2024-08-21,49050.0,50700.0,48550.0,49650.0,49285.87109375,132842.0,,,,,,,,,,,,,,,,,,,,6595605300.0,,,local_price_csv_fallback,084370.KQ
2024-08-22,49300.0,50500.0,48800.0,49800.0,49434.76953125,116130.0,,,,,,,,,,,,,,,,,,,,5783274000.0,,,local_price_csv_fallback,084370.KQ
2024-08-23,49000.0,49750.0,48500.0,49200.0,48839.171875,79207.0,,,,,,,,,,,,,,,,,,,,3896984400.0,,,local_price_csv_fallback,084370.KQ
2024-08-26,49800.0,50100.0,47550.0,49200.0,48839.171875,121978.0,,,,,,,,,,,,,,,,,,,,6001317600.0,,,local_price_csv_fallback,084370.KQ
2024-08-27,48300.0,48800.0,47200.0,48000.0,47647.97265625,124486.0,,,,,,,,,,,,,,,,,,,,5975328000.0,,,local_price_csv_fallback,084370.KQ
2024-08-28,48300.0,50800.0,47650.0,50800.0,50427.43359375,194388.0,,,,,,,,,,,,,,,,,,,,9874910400.0,,,local_price_csv_fallback,084370.KQ
2024-08-29,47500.0,47900.0,45150.0,45450.0,45116.66796875,359373.0,,,,,,,,,,,,,,,,,,,,16333502850.0,,,local_price_csv_fallback,084370.KQ
2024-08-30,45700.0,46600.0,45050.0,45900.0,45563.37109375,174799.0,,,,,,,,,,,,,,,,,,,,8023274100.0,,,local_price_csv_fallback,084370.KQ
2024-09-02,46900.0,46900.0,43850.0,43900.0,43578.0390625,153207.0,,,,,,,,,,,,,,,,,,,,6725787300.0,,,local_price_csv_fallback,084370.KQ
2024-09-03,44200.0,44200.0,41700.0,41700.0,41394.171875,146084.0,,,,,,,,,,,,,,,,,,,,6091702800.0,,,local_price_csv_fallback,084370.KQ
2024-09-04,39650.0,39750.0,38000.0,38350.0,38068.7421875,346848.0,,,,,,,,,,,,,,,,,,,,13301620800.0,,,local_price_csv_fallback,084370.KQ
2024-09-05,38700.0,39050.0,37100.0,37550.0,37274.609375,223202.0,,,,,,,,,,,,,,,,,,,,8381235100.0,,,local_price_csv_fallback,084370.KQ
2024-09-06,37500.0,37900.0,37050.0,37550.0,37274.609375,114419.0,,,,,,,,,,,,,,,,,,,,4296433450.0,,,local_price_csv_fallback,084370.KQ
2024-09-09,36750.0,37450.0,36050.0,37200.0,36927.17578125,147471.0,,,,,,,,,,,,,,,,,,,,5485921200.0,,,local_price_csv_fallback,084370.KQ
2024-09-10,37600.0,38050.0,36350.0,36400.0,36133.04296875,164350.0,,,,,,,,,,,,,,,,,,,,5982340000.0,,,local_price_csv_fallback,084370.KQ
2024-09-11,36400.0,36800.0,35350.0,35500.0,35239.64453125,203712.0,,,,,,,,,,,,,,,,,,,,7231776000.0,,,local_price_csv_fallback,084370.KQ
2024-09-12,37250.0,39800.0,37050.0,38600.0,38316.90625,427501.0,,,,,,,,,,,,,,,,,,,,16501538600.0,,,local_price_csv_fallback,084370.KQ
2024-09-13,38400.0,38950.0,37100.0,37850.0,37572.41015625,168809.0,,,,,,,,,,,,,,,,,,,,6389420650.0,,,local_price_csv_fallback,084370.KQ
2024-09-19,37700.0,37700.0,35900.0,36350.0,36083.41015625,154932.0,,,,,,,,,,,,,,,,,,,,5631778200.0,,,local_price_csv_fallback,084370.KQ
2024-09-20,37550.0,38150.0,36450.0,37150.0,36877.54296875,174196.0,,,,,,,,,,,,,,,,,,,,6471381400.0,,,local_price_csv_fallback,084370.KQ
2024-09-23,37150.0,38950.0,36600.0,38250.0,37969.4765625,158278.0,,,,,,,,,,,,,,,,,,,,6054133500.0,,,local_price_csv_fallback,084370.KQ
2024-09-24,38550.0,39950.0,38450.0,39850.0,39557.7421875,180142.0,,,,,,,,,,,,,,,,,,,,7178658700.0,,,local_price_csv_fallback,084370.KQ
2024-09-25,40500.0,40550.0,38400.0,38450.0,38168.0078125,161659.0,,,,,,,,,,,,,,,,,,,,6215788550.0,,,local_price_csv_fallback,084370.KQ
2024-09-26,40150.0,40850.0,39050.0,39300.0,39011.7734375,230170.0,,,,,,,,,,,,,,,,,,,,9045681000.0,,,local_price_csv_fallback,084370.KQ
2024-09-27,39500.0,40000.0,38600.0,38600.0,38316.90625,159676.0,,,,,,,,,,,,,,,,,,,,6163493600.0,,,local_price_csv_fallback,084370.KQ
2024-09-30,39000.0,39300.0,37550.0,37950.0,37671.67578125,142116.0,,,,,,,,,,,,,,,,,,,,5393302200.0,,,local_price_csv_fallback,084370.KQ
2024-10-02,36800.0,37850.0,36300.0,37100.0,36827.91015625,194579.0,,,,,,,,,,,,,,,,,,,,7218880900.0,,,local_price_csv_fallback,084370.KQ
2024-10-04,37450.0,38400.0,37250.0,37700.0,37423.5078125,156508.0,,,,,,,,,,,,,,,,,,,,5900351600.0,,,local_price_csv_fallback,084370.KQ
2024-10-07,37700.0,39150.0,37150.0,38550.0,38267.27734375,128687.0,,,,,,,,,,,,,,,,,,,,4960883850.0,,,local_price_csv_fallback,084370.KQ
2024-10-08,38100.0,38700.0,37700.0,38150.0,37870.20703125,79487.0,,,,,,,,,,,,,,,,,,,,3032429050.0,,,local_price_csv_fallback,084370.KQ
2024-10-10,38800.0,39100.0,37200.0,37200.0,36927.17578125,144089.0,,,,,,,,,,,,,,,,,,,,5360110800.0,,,local_price_csv_fallback,084370.KQ
2024-10-11,37700.0,38650.0,37350.0,37750.0,37473.14453125,131467.0,,,,,,,,,,,,,,,,,,,,4962879250.0,,,local_price_csv_fallback,084370.KQ
2024-10-14,37800.0,39700.0,37800.0,38700.0,38416.17578125,124797.0,,,,,,,,,,,,,,,,,,,,4829643900.0,,,local_price_csv_fallback,084370.KQ
2024-10-15,39200.0,40100.0,38800.0,39000.0,38713.9765625,127621.0,,,,,,,,,,,,,,,,,,,,4977219000.0,,,local_price_csv_fallback,084370.KQ
2024-10-16,37500.0,37850.0,35300.0,35800.0,35537.44140625,551772.0,,,,,,,,,,,,,,,,,,,,19753437600.0,,,local_price_csv_fallback,084370.KQ
2024-10-17,36200.0,36250.0,35050.0,35900.0,35636.7109375,254519.0,,,,,,,,,,,,,,,,,,,,9137232100.0,,,local_price_csv_fallback,084370.KQ
2024-10-18,36050.0,36750.0,34250.0,34600.0,34346.2421875,287727.0,,,,,,,,,,,,,,,,,,,,9955354200.0,,,local_price_csv_fallback,084370.KQ
2024-10-21,34750.0,35750.0,34600.0,35250.0,34991.48046875,160201.0,,,,,,,,,,,,,,,,,,,,5647085250.0,,,local_price_csv_fallback,084370.KQ
2024-10-22,35250.0,35250.0,34250.0,34550.0,34296.61328125,154833.0,,,,,,,,,,,,,,,,,,,,5349480150.0,,,local_price_csv_fallback,084370.KQ
2024-10-23,34350.0,36550.0,34000.0,36250.0,35984.140625,281526.0,,,,,,,,,,,,,,,,,,,,10205317500.0,,,local_price_csv_fallback,084370.KQ
2024-10-24,36050.0,36550.0,35400.0,35750.0,35487.8125,143783.0,,,,,,,,,,,,,,,,,,,,5140242250.0,,,local_price_csv_fallback,084370.KQ
2024-10-25,36200.0,36200.0,34700.0,35050.0,34792.94140625,154165.0,,,,,,,,,,,,,,,,,,,,5403483250.0,,,local_price_csv_fallback,084370.KQ
2024-10-28,35050.0,36050.0,34400.0,35900.0,35636.7109375,99339.0,,,,,,,,,,,,,,,,,,,,3566270100.0,,,local_price_csv_fallback,084370.KQ
2024-10-29,35300.0,35650.0,34450.0,35600.0,35338.91015625,116785.0,,,,,,,,,,,,,,,,,,,,4157546000.0,,,local_price_csv_fallback,084370.KQ
2024-10-30,35650.0,36300.0,35550.0,35750.0,35487.8125,86809.0,,,,,,,,,,,,,,,,,,,,3103421750.0,,,local_price_csv_fallback,084370.KQ
2024-10-31,35000.0,37700.0,35000.0,37400.0,37125.7109375,222269.0,,,,,,,,,,,,,,,,,,,,8312860600.0,,,local_price_csv_fallback,084370.KQ
2024-11-01,37000.0,39850.0,36800.0,37350.0,37076.078125,192637.0,,,,,,,,,,,,,,,,,,,,7194991950.0,,,local_price_csv_fallback,084370.KQ
2024-11-04,37250.0,37550.0,36600.0,37300.0,37026.44140625,147230.0,,,,,,,,,,,,,,,,,,,,5491679000.0,,,local_price_csv_fallback,084370.KQ
2024-11-05,37250.0,37600.0,36350.0,36450.0,36182.6796875,94667.0,,,,,,,,,,,,,,,,,,,,3450612150.0,,,local_price_csv_fallback,084370.KQ
2024-11-06,36800.0,37500.0,36400.0,36800.0,36530.109375,102354.0,,,,,,,,,,,,,,,,,,,,3766627200.0,,,local_price_csv_fallback,084370.KQ
2024-11-07,36900.0,37800.0,36200.0,36800.0,36530.109375,115304.0,,,,,,,,,,,,,,,,,,,,4243187200.0,,,local_price_csv_fallback,084370.KQ
2024-11-08,37500.0,38300.0,37050.0,37450.0,37175.33984375,162453.0,,,,,,,,,,,,,,,,,,,,6083864850.0,,,local_price_csv_fallback,084370.KQ
2024-11-11,36700.0,37000.0,35350.0,35950.0,35686.34375,107416.0,,,,,,,,,,,,,,,,,,,,3861605200.0,,,local_price_csv_fallback,084370.KQ
2024-11-12,35950.0,36200.0,34850.0,35600.0,35338.91015625,114434.0,,,,,,,,,,,,,,,,,,,,4073850400.0,,,local_price_csv_fallback,084370.KQ
2024-11-13,35050.0,36850.0,34750.0,35500.0,35239.64453125,192437.0,,,,,,,,,,,,,,,,,,,,6831513500.0,,,local_price_csv_fallback,084370.KQ
2024-11-14,36300.0,37700.0,35050.0,35050.0,34792.94140625,174870.0,,,,,,,,,,,,,,,,,,,,6129193500.0,,,local_price_csv_fallback,084370.KQ
2024-11-15,34400.0,36600.0,34300.0,35050.0,34792.94140625,261923.0,,,,,,,,,,,,,,,,,,,,9180401150.0,,,local_price_csv_fallback,084370.KQ
2024-11-18,34500.0,36150.0,32700.0,33300.0,33055.78125,217619.0,,,,,,,,,,,,,,,,,,,,7246712700.0,,,local_price_csv_fallback,084370.KQ
2024-11-19,33700.0,33800.0,32450.0,33250.0,33006.14453125,116422.0,,,,,,,,,,,,,,,,,,,,3871031500.0,,,local_price_csv_fallback,084370.KQ
2024-11-20,33700.0,33800.0,32850.0,33300.0,33055.78125,83158.0,,,,,,,,,,,,,,,,,,,,2769161400.0,,,local_price_csv_fallback,084370.KQ
2024-11-21,33450.0,34550.0,32950.0,33450.0,33204.6796875,107108.0,,,,,,,,,,,,,,,,,,,,3582762600.0,,,local_price_csv_fallback,084370.KQ
2024-11-22,33550.0,36500.0,33550.0,35350.0,35090.7421875,214716.0,,,,,,,,,,,,,,,,,,,,7590210600.0,,,local_price_csv_fallback,084370.KQ
2024-11-25,35450.0,36200.0,34700.0,35850.0,35587.078125,197252.0,,,,,,,,,,,,,,,,,,,,7071484200.0,,,local_price_csv_fallback,084370.KQ
2024-11-26,35700.0,37200.0,35450.0,36400.0,36133.04296875,156747.0,,,,,,,,,,,,,,,,,,,,5705590800.0,,,local_price_csv_fallback,084370.KQ
2024-11-27,36850.0,36850.0,35000.0,35200.0,34941.84375,112499.0,,,,,,,,,,,,,,,,,,,,3959964800.0,,,local_price_csv_fallback,084370.KQ
2024-11-28,35450.0,35750.0,33350.0,34100.0,33849.9140625,154586.0,,,,,,,,,,,,,,,,,,,,5271382600.0,,,local_price_csv_fallback,084370.KQ
2024-11-29,33800.0,33850.0,32650.0,33400.0,33155.04296875,120301.0,,,,,,,,,,,,,,,,,,,,4018053400.0,,,local_price_csv_fallback,084370.KQ
2024-12-02,33800.0,34450.0,31600.0,31850.0,31616.412109375,137575.0,,,,,,,,,,,,,,,,,,,,4381763750.0,,,local_price_csv_fallback,084370.KQ
2024-12-03,31550.0,34200.0,31550.0,34100.0,33849.9140625,172977.0,,,,,,,,,,,,,,,,,,,,5898515700.0,,,local_price_csv_fallback,084370.KQ
2024-12-04,33000.0,35400.0,33000.0,34950.0,34693.6796875,145868.0,,,,,,,,,,,,,,,,,,,,5098086600.0,,,local_price_csv_fallback,084370.KQ
2024-12-05,35000.0,38150.0,35000.0,37100.0,36827.91015625,260707.0,,,,,,,,,,,,,,,,,,,,9672229700.0,,,local_price_csv_fallback,084370.KQ
2024-12-06,37300.0,37450.0,34450.0,35500.0,35239.64453125,265982.0,,,,,,,,,,,,,,,,,,,,9442361000.0,,,local_price_csv_fallback,084370.KQ
2024-12-09,34800.0,35550.0,33300.0,34200.0,33949.1796875,187258.0,,,,,,,,,,,,,,,,,,,,6404223600.0,,,local_price_csv_fallback,084370.KQ
2024-12-10,35200.0,35250.0,33400.0,33800.0,33552.11328125,242079.0,,,,,,,,,,,,,,,,,,,,8182270200.0,,,local_price_csv_fallback,084370.KQ
2024-12-11,33600.0,34350.0,33200.0,33700.0,33452.84375,131462.0,,,,,,,,,,,,,,,,,,,,4430269400.0,,,local_price_csv_fallback,084370.KQ
2024-12-12,34000.0,35550.0,33400.0,33950.0,33701.01171875,348309.0,,,,,,,,,,,,,,,,,,,,11825090550.0,,,local_price_csv_fallback,084370.KQ
2024-12-13,34050.0,35150.0,33750.0,33900.0,33651.37890625,168810.0,,,,,,,,,,,,,,,,,,,,5722659000.0,,,local_price_csv_fallback,084370.KQ
2024-12-16,34350.0,35100.0,33750.0,34000.0,33750.64453125,132149.0,,,,,,,,,,,,,,,,,,,,4493066000.0,,,local_price_csv_fallback,084370.KQ
2024-12-17,34000.0,35000.0,33550.0,34650.0,34395.87890625,214851.0,,,,,,,,,,,,,,,,,,,,7444587150.0,,,local_price_csv_fallback,084370.KQ
2024-12-18,34350.0,34400.0,32400.0,34000.0,33750.64453125,476609.0,,,,,,,,,,,,,,,,,,,,16204706000.0,,,local_price_csv_fallback,084370.KQ
2024-12-19,33100.0,33200.0,31750.0,31800.0,31566.78125,261214.0,,,,,,,,,,,,,,,,,,,,8306605200.0,,,local_price_csv_fallback,084370.KQ
2024-12-20,31500.0,31700.0,30300.0,30400.0,30177.046875,216482.0,,,,,,,,,,,,,,,,,,,,6581052800.0,,,local_price_csv_fallback,084370.KQ
2024-12-23,30650.0,31850.0,30650.0,31650.0,31417.880859375,152223.0,,,,,,,,,,,,,,,,,,,,4817857950.0,,,local_price_csv_fallback,084370.KQ
2024-12-24,32300.0,32800.0,31600.0,31950.0,31715.6796875,235591.0,,,,,,,,,,,,,,,,,,,,7527132450.0,,,local_price_csv_fallback,084370.KQ
2024-12-26,32300.0,32300.0,30450.0,30850.0,30623.748046875,123262.0,,,,,,,,,,,,,,,,,,,,3802632700.0,,,local_price_csv_fallback,084370.KQ
2024-12-27,30800.0,31850.0,30550.0,31100.0,30871.912109375,142294.0,,,,,,,,,,,,,,,,,,,,4425343400.0,,,local_price_csv_fallback,084370.KQ
2024-12-30,30900.0,31350.0,30500.0,31300.0,31070.447265625,176502.0,,,,,,,,,,,,,,,,,,,,5524512600.0,,,local_price_csv_fallback,084370.KQ
2025-01-02,30800.0,31600.0,30750.0,31150.0,30921.546875,76671.0,,,,,,,,,,,,,,,,,,,,2388301650.0,,,local_price_csv_fallback,084370.KQ
2025-01-03,31150.0,32550.0,30550.0,32450.0,32212.013671875,271475.0,,,,,,,,,,,,,,,,,,,,8809363750.0,,,local_price_csv_fallback,084370.KQ
2025-01-06,32650.0,35900.0,32400.0,35650.0,35388.54296875,335421.0,,,,,,,,,,,,,,,,,,,,11957758650.0,,,local_price_csv_fallback,084370.KQ
2025-01-07,35800.0,36650.0,34950.0,35950.0,35686.34375,316017.0,,,,,,,,,,,,,,,,,,,,11360811150.0,,,local_price_csv_fallback,084370.KQ
2025-01-08,35250.0,38600.0,35200.0,37950.0,37671.67578125,318984.0,,,,,,,,,,,,,,,,,,,,12105442800.0,,,local_price_csv_fallback,084370.KQ
2025-01-09,37850.0,38800.0,37250.0,37600.0,37324.2421875,132968.0,,,,,,,,,,,,,,,,,,,,4999596800.0,,,local_price_csv_fallback,084370.KQ
2025-01-10,37250.0,38100.0,36900.0,37250.0,36976.80859375,111630.0,,,,,,,,,,,,,,,,,,,,4158217500.0,,,local_price_csv_fallback,084370.KQ
2025-01-13,37000.0,37350.0,36200.0,36450.0,36182.6796875,86555.0,,,,,,,,,,,,,,,,,,,,3154929750.0,,,local_price_csv_fallback,084370.KQ
2025-01-14,36450.0,36850.0,35800.0,36550.0,36281.94140625,70263.0,,,,,,,,,,,,,,,,,,,,2568112650.0,,,local_price_csv_fallback,084370.KQ
2025-01-15,36900.0,37600.0,35450.0,35800.0,35537.44140625,142603.0,,,,,,,,,,,,,,,,,,,,5105187400.0,,,local_price_csv_fallback,084370.KQ
2025-01-16,36500.0,36850.0,35950.0,36200.0,35934.51171875,77729.0,,,,,,,,,,,,,,,,,,,,2813789800.0,,,local_price_csv_fallback,084370.KQ
2025-01-17,36200.0,38450.0,36100.0,37900.0,37622.04296875,209992.0,,,,,,,,,,,,,,,,,,,,7958696800.0,,,local_price_csv_fallback,084370.KQ
2025-01-20,37900.0,37900.0,36700.0,37100.0,36827.91015625,88039.0,,,,,,,,,,,,,,,,,,,,3266246900.0,,,local_price_csv_fallback,084370.KQ
2025-01-21,37800.0,39000.0,37250.0,38300.0,38019.109375,129864.0,,,,,,,,,,,,,,,,,,,,4973791200.0,,,local_price_csv_fallback,084370.KQ
2025-01-22,38350.0,38950.0,37250.0,38500.0,38217.64453125,204353.0,,,,,,,,,,,,,,,,,,,,7867590500.0,,,local_price_csv_fallback,084370.KQ
2025-01-23,38550.0,40000.0,38050.0,39450.0,39160.67578125,222550.0,,,,,,,,,,,,,,,,,,,,8779597500.0,,,local_price_csv_fallback,084370.KQ
2025-01-24,39800.0,40950.0,39100.0,39550.0,39259.94140625,161758.0,,,,,,,,,,,,,,,,,,,,6397528900.0,,,local_price_csv_fallback,084370.KQ
2025-01-31,38650.0,38700.0,36900.0,36900.0,36629.37890625,162545.0,,,,,,,,,,,,,,,,,,,,5997910500.0,,,local_price_csv_fallback,084370.KQ
2025-02-03,35050.0,36000.0,34000.0,34700.0,34445.51171875,130133.0,,,,,,,,,,,,,,,,,,,,4515615100.0,,,local_price_csv_fallback,084370.KQ
2025-02-04,35750.0,35950.0,34700.0,35050.0,34792.94140625,130612.0,,,,,,,,,,,,,,,,,,,,4577950600.0,,,local_price_csv_fallback,084370.KQ
2025-02-05,35400.0,36050.0,35300.0,35850.0,35587.078125,84238.0,,,,,,,,,,,,,,,,,,,,3019932300.0,,,local_price_csv_fallback,084370.KQ
2025-02-06,36150.0,38000.0,35700.0,37750.0,37473.14453125,131409.0,,,,,,,,,,,,,,,,,,,,4960689750.0,,,local_price_csv_fallback,084370.KQ
2025-02-07,37800.0,39400.0,37100.0,38500.0,38217.64453125,115528.0,,,,,,,,,,,,,,,,,,,,4447828000.0,,,local_price_csv_fallback,084370.KQ
2025-02-10,37750.0,40700.0,37100.0,40150.0,39855.54296875,182143.0,,,,,,,,,,,,,,,,,,,,7313041450.0,,,local_price_csv_fallback,084370.KQ
2025-02-11,40200.0,40450.0,39000.0,39050.0,38763.609375,88171.0,,,,,,,,,,,,,,,,,,,,3443077550.0,,,local_price_csv_fallback,084370.KQ
2025-02-12,39050.0,39800.0,38550.0,39550.0,39259.94140625,74458.0,,,,,,,,,,,,,,,,,,,,2944813900.0,,,local_price_csv_fallback,084370.KQ
2025-02-13,39900.0,40850.0,38800.0,39350.0,39061.40625,106279.0,,,,,,,,,,,,,,,,,,,,4182078650.0,,,local_price_csv_fallback,084370.KQ
2025-02-14,40000.0,40600.0,39450.0,39800.0,39508.10546875,113055.0,,,,,,,,,,,,,,,,,,,,4499589000.0,,,local_price_csv_fallback,084370.KQ
2025-02-17,39850.0,41700.0,39650.0,41250.0,40947.47265625,180942.0,,,,,,,,,,,,,,,,,,,,7463857500.0,,,local_price_csv_fallback,084370.KQ
2025-02-18,41600.0,44600.0,41600.0,43600.0,43280.23828125,431012.0,,,,,,,,,,,,,,,,,,,,18792123200.0,,,local_price_csv_fallback,084370.KQ
2025-02-19,46950.0,49450.0,45650.0,45650.0,45315.20703125,662969.0,,,,,,,,,,,,,,,,,,,,30264534850.0,,,local_price_csv_fallback,084370.KQ
2025-02-20,46000.0,46500.0,44800.0,45600.0,45265.5703125,156736.0,,,,,,,,,,,,,,,,,,,,7147161600.0,,,local_price_csv_fallback,084370.KQ
2025-02-21,45100.0,45100.0,43150.0,44550.0,44223.26953125,196748.0,,,,,,,,,,,,,,,,,,,,8765123400.0,,,local_price_csv_fallback,084370.KQ
2025-02-24,43300.0,45500.0,43250.0,44700.0,44372.171875,181048.0,,,,,,,,,,,,,,,,,,,,8092845600.0,,,local_price_csv_fallback,084370.KQ
2025-02-25,44000.0,46350.0,43500.0,45150.0,44818.87109375,100394.0,,,,,,,,,,,,,,,,,,,,4532789100.0,,,local_price_csv_fallback,084370.KQ
2025-02-26,46000.0,46000.0,44150.0,44400.0,44074.37109375,83984.0,,,,,,,,,,,,,,,,,,,,3728889600.0,,,local_price_csv_fallback,084370.KQ
2025-02-27,45300.0,46600.0,44550.0,45000.0,44669.96875,141972.0,,,,,,,,,,,,,,,,,,,,6388740000.0,,,local_price_csv_fallback,084370.KQ
2025-02-28,44550.0,45350.0,42000.0,42000.0,41691.97265625,223171.0,,,,,,,,,,,,,,,,,,,,9373182000.0,,,local_price_csv_fallback,084370.KQ
2025-03-04,41200.0,41750.0,40100.0,41400.0,41096.375,88579.0,,,,,,,,,,,,,,,,,,,,3667170600.0,,,local_price_csv_fallback,084370.KQ
2025-03-05,42200.0,43000.0,40550.0,42500.0,42188.30859375,118491.0,,,,,,,,,,,,,,,,,,,,5035867500.0,,,local_price_csv_fallback,084370.KQ
2025-03-06,42550.0,42550.0,39900.0,40200.0,39905.17578125,145160.0,,,,,,,,,,,,,,,,,,,,5835432000.0,,,local_price_csv_fallback,084370.KQ
2025-03-07,40100.0,41050.0,39550.0,40600.0,40302.2421875,155405.0,,,,,,,,,,,,,,,,,,,,6309443000.0,,,local_price_csv_fallback,084370.KQ
2025-03-10,40050.0,40850.0,39750.0,39900.0,39607.375,91753.0,,,,,,,,,,,,,,,,,,,,3660944700.0,,,local_price_csv_fallback,084370.KQ
2025-03-11,38050.0,39850.0,38000.0,39600.0,39309.57421875,135663.0,,,,,,,,,,,,,,,,,,,,5372254800.0,,,local_price_csv_fallback,084370.KQ
2025-03-12,39050.0,41100.0,38800.0,40450.0,40153.34375,150169.0,,,,,,,,,,,,,,,,,,,,6074336050.0,,,local_price_csv_fallback,084370.KQ
2025-03-13,42000.0,42950.0,40800.0,40800.0,40500.7734375,289457.0,,,,,,,,,,,,,,,,,,,,11809845600.0,,,local_price_csv_fallback,084370.KQ
2025-03-14,40600.0,43750.0,40600.0,42850.0,42535.73828125,197355.0,,,,,,,,,,,,,,,,,,,,8456661750.0,,,local_price_csv_fallback,084370.KQ
2025-03-17,44350.0,44350.0,42800.0,42950.0,42635.0078125,135612.0,,,,,,,,,,,,,,,,,,,,5824535400.0,,,local_price_csv_fallback,084370.KQ
2025-03-18,43300.0,43850.0,41850.0,42000.0,41691.97265625,99636.0,,,,,,,,,,,,,,,,,,,,4184712000.0,,,local_price_csv_fallback,084370.KQ
2025-03-19,42000.0,43850.0,41700.0,43200.0,42883.171875,118698.0,,,,,,,,,,,,,,,,,,,,5127753600.0,,,local_price_csv_fallback,084370.KQ
2025-03-20,44000.0,44050.0,43100.0,43650.0,43329.87109375,113000.0,,,,,,,,,,,,,,,,,,,,4932450000.0,,,local_price_csv_fallback,084370.KQ
2025-03-21,44000.0,45200.0,43800.0,45000.0,44669.96875,182873.0,,,,,,,,,,,,,,,,,,,,8229285000.0,,,local_price_csv_fallback,084370.KQ
2025-03-24,45000.0,45100.0,43650.0,43900.0,43578.0390625,55123.0,,,,,,,,,,,,,,,,,,,,2419899700.0,,,local_price_csv_fallback,084370.KQ
2025-03-25,44150.0,44650.0,41400.0,42000.0,41691.97265625,145254.0,,,,,,,,,,,,,,,,,,,,6100668000.0,,,local_price_csv_fallback,084370.KQ
2025-03-26,42000.0,42550.0,39700.0,40700.0,40401.5078125,200162.0,,,,,,,,,,,,,,,,,,,,8146593400.0,,,local_price_csv_fallback,084370.KQ
2025-03-27,40050.0,40800.0,39550.0,39700.0,39632.8125,69732.0,,,,,,,,,,,,,,,,,,,,2768360400.0,,,local_price_csv_fallback,084370.KQ
2025-03-28,39350.0,39900.0,38800.0,39200.0,39133.65625,69942.0,,,,,,,,,,,,,,,,,,,,2741726400.0,,,local_price_csv_fallback,084370.KQ
2025-03-31,38450.0,38700.0,37650.0,38150.0,38085.43359375,123723.0,,,,,,,,,,,,,,,,,,,,4720032450.0,,,local_price_csv_fallback,084370.KQ
2025-04-01,38450.0,39850.0,38050.0,39550.0,39483.06640625,72097.0,,,,,,,,,,,,,,,,,,,,2851436350.0,,,local_price_csv_fallback,084370.KQ
2025-04-02,40050.0,40100.0,38100.0,38850.0,38784.25,84715.0,,,,,,,,,,,,,,,,,,,,3291177750.0,,,local_price_csv_fallback,084370.KQ
2025-04-03,37750.0,38400.0,37050.0,38250.0,38185.265625,90393.0,,,,,,,,,,,,,,,,,,,,3457532250.0,,,local_price_csv_fallback,084370.KQ
2025-04-04,37000.0,37500.0,33650.0,34450.0,34391.6953125,394497.0,,,,,,,,,,,,,,,,,,,,13590421650.0,,,local_price_csv_fallback,084370.KQ
2025-04-07,32750.0,34450.0,32100.0,32450.0,32395.08203125,192206.0,,,,,,,,,,,,,,,,,,,,6237084700.0,,,local_price_csv_fallback,084370.KQ
2025-04-08,34000.0,34100.0,32300.0,32600.0,32544.828125,80324.0,,,,,,,,,,,,,,,,,,,,2618562400.0,,,local_price_csv_fallback,084370.KQ
2025-04-09,32500.0,32800.0,31800.0,32200.0,32145.50390625,71410.0,,,,,,,,,,,,,,,,,,,,2299402000.0,,,local_price_csv_fallback,084370.KQ
2025-04-10,35000.0,35500.0,34200.0,35300.0,35240.2578125,166739.0,,,,,,,,,,,,,,,,,,,,5885886700.0,,,local_price_csv_fallback,084370.KQ
2025-04-11,34400.0,34400.0,33100.0,34150.0,34092.203125,194754.0,,,,,,,,,,,,,,,,,,,,6650849100.0,,,local_price_csv_fallback,084370.KQ
2025-04-14,34550.0,34850.0,33850.0,34350.0,34291.8671875,61762.0,,,,,,,,,,,,,,,,,,,,2121524700.0,,,local_price_csv_fallback,084370.KQ
2025-04-15,34150.0,35200.0,34050.0,34600.0,34541.44140625,72462.0,,,,,,,,,,,,,,,,,,,,2507185200.0,,,local_price_csv_fallback,084370.KQ
2025-04-16,34200.0,34200.0,33000.0,33150.0,33093.89453125,73511.0,,,,,,,,,,,,,,,,,,,,2436889650.0,,,local_price_csv_fallback,084370.KQ
2025-04-17,33100.0,33750.0,32850.0,33400.0,33343.47265625,51049.0,,,,,,,,,,,,,,,,,,,,1705036600.0,,,local_price_csv_fallback,084370.KQ
2025-04-18,33500.0,33550.0,32850.0,33500.0,33443.3046875,53850.0,,,,,,,,,,,,,,,,,,,,1803975000.0,,,local_price_csv_fallback,084370.KQ
2025-04-21,33350.0,34300.0,33150.0,33450.0,33393.390625,75635.0,,,,,,,,,,,,,,,,,,,,2529990750.0,,,local_price_csv_fallback,084370.KQ
2025-04-22,32950.0,33200.0,32250.0,32350.0,32295.25,116570.0,,,,,,,,,,,,,,,,,,,,3771039500.0,,,local_price_csv_fallback,084370.KQ
2025-04-23,33200.0,34750.0,32900.0,34600.0,34541.44140625,129097.0,,,,,,,,,,,,,,,,,,,,4466756200.0,,,local_price_csv_fallback,084370.KQ
2025-04-24,34650.0,34850.0,33700.0,34450.0,34391.6953125,85616.0,,,,,,,,,,,,,,,,,,,,2949471200.0,,,local_price_csv_fallback,084370.KQ
2025-04-25,34900.0,35450.0,34750.0,35100.0,35040.59765625,92221.0,,,,,,,,,,,,,,,,,,,,3236957100.0,,,local_price_csv_fallback,084370.KQ
2025-04-28,35200.0,35350.0,33650.0,33950.0,33892.54296875,120098.0,,,,,,,,,,,,,,,,,,,,4077327100.0,,,local_price_csv_fallback,084370.KQ
2025-04-29,34150.0,34650.0,33950.0,34200.0,34142.12109375,73860.0,,,,,,,,,,,,,,,,,,,,2526012000.0,,,local_price_csv_fallback,084370.KQ
2025-04-30,34600.0,34600.0,33700.0,34000.0,33942.45703125,76123.0,,,,,,,,,,,,,,,,,,,,2588182000.0,,,local_price_csv_fallback,084370.KQ
2025-05-02,33750.0,34600.0,33600.0,34200.0,34142.12109375,60725.0,,,,,,,,,,,,,,,,,,,,2076795000.0,,,local_price_csv_fallback,084370.KQ
2025-05-07,34500.0,34550.0,34000.0,34300.0,34241.94921875,69181.0,,,,,,,,,,,,,,,,,,,,2372908300.0,,,local_price_csv_fallback,084370.KQ
2025-05-08,34650.0,34950.0,33800.0,34000.0,33942.45703125,93357.0,,,,,,,,,,,,,,,,,,,,3174138000.0,,,local_price_csv_fallback,084370.KQ
2025-05-09,34200.0,34450.0,33550.0,33700.0,33642.96484375,58901.0,,,,,,,,,,,,,,,,,,,,1984963700.0,,,local_price_csv_fallback,084370.KQ
2025-05-12,34100.0,36000.0,33800.0,35950.0,35889.15625,160635.0,,,,,,,,,,,,,,,,,,,,5774828250.0,,,local_price_csv_fallback,084370.KQ
2025-05-13,36650.0,38500.0,35700.0,36250.0,36188.6484375,184171.0,,,,,,,,,,,,,,,,,,,,6676198750.0,,,local_price_csv_fallback,084370.KQ
2025-05-14,37400.0,37500.0,36700.0,37150.0,37087.125,103476.0,,,,,,,,,,,,,,,,,,,,3844133400.0,,,local_price_csv_fallback,084370.KQ
2025-05-15,36800.0,37200.0,32800.0,33350.0,33293.55859375,648471.0,,,,,,,,,,,,,,,,,,,,21626507850.0,,,local_price_csv_fallback,084370.KQ
2025-05-16,33600.0,33700.0,32950.0,33600.0,33543.13671875,127788.0,,,,,,,,,,,,,,,,,,,,4293676800.0,,,local_price_csv_fallback,084370.KQ
2025-05-19,33000.0,33000.0,31500.0,32000.0,31945.841796875,244768.0,,,,,,,,,,,,,,,,,,,,7832576000.0,,,local_price_csv_fallback,084370.KQ
2025-05-20,32450.0,32800.0,31900.0,31950.0,31895.927734375,113221.0,,,,,,,,,,,,,,,,,,,,3617410950.0,,,local_price_csv_fallback,084370.KQ
2025-05-21,32000.0,32250.0,31650.0,32100.0,32045.673828125,123912.0,,,,,,,,,,,,,,,,,,,,3977575200.0,,,local_price_csv_fallback,084370.KQ
2025-05-22,32100.0,32100.0,31400.0,31550.0,31496.603515625,102672.0,,,,,,,,,,,,,,,,,,,,3239301600.0,,,local_price_csv_fallback,084370.KQ
2025-05-23,31800.0,31800.0,31050.0,31150.0,31097.28125,98256.0,,,,,,,,,,,,,,,,,,,,3060674400.0,,,local_price_csv_fallback,084370.KQ
2025-05-26,31050.0,32350.0,30850.0,32100.0,32045.673828125,82990.0,,,,,,,,,,,,,,,,,,,,2663979000.0,,,local_price_csv_fallback,084370.KQ
2025-05-27,32100.0,32100.0,31700.0,32000.0,31945.841796875,50904.0,,,,,,,,,,,,,,,,,,,,1628928000.0,,,local_price_csv_fallback,084370.KQ
2025-05-28,32500.0,32600.0,32000.0,32250.0,32195.419921875,122780.0,,,,,,,,,,,,,,,,,,,,3959655000.0,,,local_price_csv_fallback,084370.KQ
2025-05-29,32900.0,33450.0,32450.0,33350.0,33293.55859375,202486.0,,,,,,,,,,,,,,,,,,,,6752908100.0,,,local_price_csv_fallback,084370.KQ
2025-05-30,33000.0,33700.0,32400.0,32450.0,32395.08203125,129364.0,,,,,,,,,,,,,,,,,,,,4197861800.0,,,local_price_csv_fallback,084370.KQ
2025-06-02,32400.0,33000.0,32200.0,32650.0,32594.7421875,70716.0,,,,,,,,,,,,,,,,,,,,2308877400.0,,,local_price_csv_fallback,084370.KQ
2025-06-04,33350.0,33800.0,32750.0,32950.0,32894.234375,130734.0,,,,,,,,,,,,,,,,,,,,4307685300.0,,,local_price_csv_fallback,084370.KQ
2025-06-05,33600.0,34500.0,33050.0,34000.0,33942.45703125,200762.0,,,,,,,,,,,,,,,,,,,,6825908000.0,,,local_price_csv_fallback,084370.KQ
2025-06-09,34850.0,35100.0,34200.0,34300.0,34241.94921875,150046.0,,,,,,,,,,,,,,,,,,,,5146577800.0,,,local_price_csv_fallback,084370.KQ
2025-06-10,34550.0,34650.0,33900.0,34550.0,34491.52734375,106119.0,,,,,,,,,,,,,,,,,,,,3666411450.0,,,local_price_csv_fallback,084370.KQ
2025-06-11,34900.0,37750.0,34750.0,37200.0,37137.04296875,368608.0,,,,,,,,,,,,,,,,,,,,13712217600.0,,,local_price_csv_fallback,084370.KQ
2025-06-12,36750.0,36950.0,36050.0,36750.0,36687.8046875,184366.0,,,,,,,,,,,,,,,,,,,,6775450500.0,,,local_price_csv_fallback,084370.KQ
2025-06-13,36700.0,36800.0,33700.0,35750.0,35689.49609375,145504.0,,,,,,,,,,,,,,,,,,,,5201768000.0,,,local_price_csv_fallback,084370.KQ
2025-06-16,36000.0,36000.0,34800.0,35500.0,35439.91796875,80318.0,,,,,,,,,,,,,,,,,,,,2851289000.0,,,local_price_csv_fallback,084370.KQ
2025-06-17,36050.0,37550.0,35700.0,36350.0,36288.48046875,180880.0,,,,,,,,,,,,,,,,,,,,6574988000.0,,,local_price_csv_fallback,084370.KQ
2025-06-18,36400.0,37800.0,36100.0,37500.0,37436.53515625,166935.0,,,,,,,,,,,,,,,,,,,,6260062500.0,,,local_price_csv_fallback,084370.KQ
2025-06-19,38100.0,38150.0,37150.0,37400.0,37336.703125,98194.0,,,,,,,,,,,,,,,,,,,,3672455600.0,,,local_price_csv_fallback,084370.KQ
2025-06-20,37750.0,38650.0,37550.0,38600.0,38534.671875,209634.0,,,,,,,,,,,,,,,,,,,,8091872400.0,,,local_price_csv_fallback,084370.KQ
2025-06-23,37400.0,37800.0,36950.0,37550.0,37486.44921875,98265.0,,,,,,,,,,,,,,,,,,,,3689850750.0,,,local_price_csv_fallback,084370.KQ
2025-06-24,38400.0,39450.0,37950.0,39100.0,39033.828125,120156.0,,,,,,,,,,,,,,,,,,,,4698099600.0,,,local_price_csv_fallback,084370.KQ
2025-06-25,40050.0,40450.0,39250.0,39700.0,39632.8125,187883.0,,,,,,,,,,,,,,,,,,,,7458955100.0,,,local_price_csv_fallback,084370.KQ
2025-06-26,40500.0,40900.0,39600.0,39650.0,39582.89453125,141486.0,,,,,,,,,,,,,,,,,,,,5609919900.0,,,local_price_csv_fallback,084370.KQ
2025-06-27,40450.0,40500.0,38650.0,39100.0,39033.828125,119564.0,,,,,,,,,,,,,,,,,,,,4674952400.0,,,local_price_csv_fallback,084370.KQ
2025-06-30,39550.0,39600.0,38600.0,39100.0,39033.828125,70516.0,,,,,,,,,,,,,,,,,,,,2757175600.0,,,local_price_csv_fallback,084370.KQ
2025-07-01,38750.0,39050.0,38300.0,38700.0,38634.50390625,124045.0,,,,,,,,,,,,,,,,,,,,4800541500.0,,,local_price_csv_fallback,084370.KQ
2025-07-02,38350.0,38350.0,37350.0,37800.0,37736.02734375,133082.0,,,,,,,,,,,,,,,,,,,,5030499600.0,,,local_price_csv_fallback,084370.KQ
2025-07-03,38950.0,44100.0,37900.0,43050.0,42977.140625,574667.0,,,,,,,,,,,,,,,,,,,,24739414350.0,,,local_price_csv_fallback,084370.KQ
2025-07-04,44650.0,44700.0,41900.0,43050.0,42977.140625,199196.0,,,,,,,,,,,,,,,,,,,,8575387800.0,,,local_price_csv_fallback,084370.KQ
2025-07-07,42150.0,42800.0,41650.0,42550.0,42477.98828125,85000.0,,,,,,,,,,,,,,,,,,,,3616750000.0,,,local_price_csv_fallback,084370.KQ
2025-07-08,42000.0,43150.0,41700.0,42800.0,42727.56640625,138226.0,,,,,,,,,,,,,,,,,,,,5916072800.0,,,local_price_csv_fallback,084370.KQ
2025-07-09,42250.0,42400.0,40900.0,41450.0,41379.84765625,125814.0,,,,,,,,,,,,,,,,,,,,5214990300.0,,,local_price_csv_fallback,084370.KQ
2025-07-10,42150.0,42150.0,40500.0,40500.0,40431.45703125,113619.0,,,,,,,,,,,,,,,,,,,,4601569500.0,,,local_price_csv_fallback,084370.KQ
2025-07-11,40500.0,43600.0,40500.0,42000.0,41928.91796875,183463.0,,,,,,,,,,,,,,,,,,,,7705446000.0,,,local_price_csv_fallback,084370.KQ
2025-07-14,41750.0,42050.0,40950.0,41450.0,41379.84765625,72172.0,,,,,,,,,,,,,,,,,,,,2991529400.0,,,local_price_csv_fallback,084370.KQ
2025-07-15,40950.0,43150.0,40500.0,42800.0,42727.56640625,200444.0,,,,,,,,,,,,,,,,,,,,8579003200.0,,,local_price_csv_fallback,084370.KQ
2025-07-16,43300.0,47150.0,43150.0,45500.0,45422.99609375,560839.0,,,,,,,,,,,,,,,,,,,,25518174500.0,,,local_price_csv_fallback,084370.KQ
2025-07-17,45100.0,47000.0,44000.0,46150.0,46071.89453125,346759.0,,,,,,,,,,,,,,,,,,,,16002927850.0,,,local_price_csv_fallback,084370.KQ
2025-07-18,46250.0,46600.0,45250.0,45950.0,45872.234375,229994.0,,,,,,,,,,,,,,,,,,,,10568224300.0,,,local_price_csv_fallback,084370.KQ
2025-07-21,45700.0,46650.0,45550.0,46250.0,46171.7265625,121769.0,,,,,,,,,,,,,,,,,,,,5631816250.0,,,local_price_csv_fallback,084370.KQ
2025-07-22,46450.0,46750.0,43600.0,44100.0,44025.36328125,199375.0,,,,,,,,,,,,,,,,,,,,8792437500.0,,,local_price_csv_fallback,084370.KQ
2025-07-23,44000.0,44000.0,42100.0,43350.0,43276.6328125,172017.0,,,,,,,,,,,,,,,,,,,,7456936950.0,,,local_price_csv_fallback,084370.KQ
2025-07-24,43550.0,43850.0,42400.0,42450.0,42378.15625,78866.0,,,,,,,,,,,,,,,,,,,,3347861700.0,,,local_price_csv_fallback,084370.KQ
2025-07-25,42800.0,43150.0,42000.0,42050.0,41978.83203125,41045.0,,,,,,,,,,,,,,,,,,,,1725942250.0,,,local_price_csv_fallback,084370.KQ
2025-07-28,42900.0,44000.0,42100.0,43400.0,43326.55078125,182734.0,,,,,,,,,,,,,,,,,,,,7930655600.0,,,local_price_csv_fallback,084370.KQ
2025-07-29,44250.0,44400.0,42950.0,43950.0,43875.6171875,130822.0,,,,,,,,,,,,,,,,,,,,5749626900.0,,,local_price_csv_fallback,084370.KQ
2025-07-30,44250.0,46750.0,43950.0,46150.0,46071.89453125,384390.0,,,,,,,,,,,,,,,,,,,,17739598500.0,,,local_price_csv_fallback,084370.KQ
2025-07-31,45700.0,45700.0,44350.0,44750.0,44674.265625,129421.0,,,,,,,,,,,,,,,,,,,,5791589750.0,,,local_price_csv_fallback,084370.KQ
2025-08-01,43650.0,44350.0,41900.0,41950.0,41879.00390625,135891.0,,,,,,,,,,,,,,,,,,,,5700627450.0,,,local_price_csv_fallback,084370.KQ
2025-08-04,41500.0,42350.0,41450.0,41750.0,41679.33984375,117894.0,,,,,,,,,,,,,,,,,,,,4922074500.0,,,local_price_csv_fallback,084370.KQ
2025-08-05,42400.0,42850.0,41700.0,42150.0,42078.6640625,62903.0,,,,,,,,,,,,,,,,,,,,2651361450.0,,,local_price_csv_fallback,084370.KQ
2025-08-06,41850.0,41900.0,40650.0,41650.0,41579.51171875,191347.0,,,,,,,,,,,,,,,,,,,,7969602550.0,,,local_price_csv_fallback,084370.KQ
2025-08-07,42650.0,42700.0,41300.0,42300.0,42228.41015625,87999.0,,,,,,,,,,,,,,,,,,,,3722357700.0,,,local_price_csv_fallback,084370.KQ
2025-08-08,42400.0,45400.0,42400.0,43950.0,43875.6171875,206290.0,,,,,,,,,,,,,,,,,,,,9066445500.0,,,local_price_csv_fallback,084370.KQ
2025-08-11,44500.0,46350.0,44100.0,46250.0,46171.7265625,197426.0,,,,,,,,,,,,,,,,,,,,9130952500.0,,,local_price_csv_fallback,084370.KQ
2025-08-12,47100.0,49900.0,46750.0,48000.0,47918.765625,332323.0,,,,,,,,,,,,,,,,,,,,15951504000.0,,,local_price_csv_fallback,084370.KQ
2025-08-13,50000.0,51500.0,49300.0,49800.0,49715.71875,329047.0,,,,,,,,,,,,,,,,,,,,16386540600.0,,,local_price_csv_fallback,084370.KQ
2025-08-14,49350.0,51100.0,49300.0,50800.0,50714.0234375,218069.0,,,,,,,,,,,,,,,,,,,,11077905200.0,,,local_price_csv_fallback,084370.KQ
2025-08-18,49900.0,50300.0,48750.0,49400.0,49316.39453125,148849.0,,,,,,,,,,,,,,,,,,,,7353140600.0,,,local_price_csv_fallback,084370.KQ
2025-08-19,49550.0,50400.0,49100.0,49250.0,49166.6484375,131950.0,,,,,,,,,,,,,,,,,,,,6498537500.0,,,local_price_csv_fallback,084370.KQ
2025-08-20,48500.0,49450.0,47750.0,49250.0,49166.6484375,143215.0,,,,,,,,,,,,,,,,,,,,7053338750.0,,,local_price_csv_fallback,084370.KQ
2025-08-21,49600.0,49950.0,48500.0,49400.0,49316.39453125,153794.0,,,,,,,,,,,,,,,,,,,,7597423600.0,,,local_price_csv_fallback,084370.KQ
2025-08-22,48850.0,49150.0,47350.0,48000.0,47918.765625,169555.0,,,,,,,,,,,,,,,,,,,,8138640000.0,,,local_price_csv_fallback,084370.KQ
2025-08-25,48750.0,49100.0,48200.0,49000.0,48917.0703125,96887.0,,,,,,,,,,,,,,,,,,,,4747463000.0,,,local_price_csv_fallback,084370.KQ
2025-08-26,48850.0,49200.0,48350.0,48450.0,48368.00390625,76209.0,,,,,,,,,,,,,,,,,,,,3692326050.0,,,local_price_csv_fallback,084370.KQ
2025-08-27,48700.0,49150.0,47800.0,48300.0,48218.2578125,78398.0,,,,,,,,,,,,,,,,,,,,3786623400.0,,,local_price_csv_fallback,084370.KQ
2025-08-28,47800.0,48850.0,47400.0,47750.0,47669.1875,127160.0,,,,,,,,,,,,,,,,,,,,6071890000.0,,,local_price_csv_fallback,084370.KQ
2025-08-29,47750.0,48700.0,47700.0,47950.0,47868.84765625,117827.0,,,,,,,,,,,,,,,,,,,,5649804650.0,,,local_price_csv_fallback,084370.KQ
2025-09-01,46850.0,46850.0,45300.0,45650.0,45572.7421875,180189.0,,,,,,,,,,,,,,,,,,,,8225627850.0,,,local_price_csv_fallback,084370.KQ
2025-09-02,45350.0,46000.0,44800.0,45450.0,45373.078125,140594.0,,,,,,,,,,,,,,,,,,,,6389997300.0,,,local_price_csv_fallback,084370.KQ
2025-09-03,45050.0,46400.0,44500.0,46300.0,46221.640625,114289.0,,,,,,,,,,,,,,,,,,,,5291580700.0,,,local_price_csv_fallback,084370.KQ
2025-09-04,46500.0,47500.0,45700.0,45950.0,45872.234375,121595.0,,,,,,,,,,,,,,,,,,,,5587290250.0,,,local_price_csv_fallback,084370.KQ
2025-09-05,47000.0,47150.0,45100.0,45450.0,45373.078125,128160.0,,,,,,,,,,,,,,,,,,,,5824872000.0,,,local_price_csv_fallback,084370.KQ
2025-09-08,45500.0,46750.0,44650.0,46500.0,46421.3046875,119764.0,,,,,,,,,,,,,,,,,,,,5569026000.0,,,local_price_csv_fallback,084370.KQ
2025-09-09,47300.0,49200.0,46650.0,49100.0,49016.90234375,296483.0,,,,,,,,,,,,,,,,,,,,14557315300.0,,,local_price_csv_fallback,084370.KQ
2025-09-10,49700.0,50500.0,48650.0,49800.0,49715.71875,182212.0,,,,,,,,,,,,,,,,,,,,9074157600.0,,,local_price_csv_fallback,084370.KQ
2025-09-11,51000.0,51500.0,49500.0,51100.0,51013.51953125,231998.0,,,,,,,,,,,,,,,,,,,,11855097800.0,,,local_price_csv_fallback,084370.KQ
2025-09-12,52000.0,55200.0,51900.0,54700.0,54607.42578125,481652.0,,,,,,,,,,,,,,,,,,,,26346364400.0,,,local_price_csv_fallback,084370.KQ
2025-09-15,57500.0,58100.0,55000.0,57800.0,57702.1796875,393669.0,,,,,,,,,,,,,,,,,,,,22754068200.0,,,local_price_csv_fallback,084370.KQ
2025-09-16,58300.0,58700.0,57000.0,58000.0,57901.83984375,178309.0,,,,,,,,,,,,,,,,,,,,10341922000.0,,,local_price_csv_fallback,084370.KQ
2025-09-17,56600.0,61800.0,56600.0,61800.0,61695.41015625,397586.0,,,,,,,,,,,,,,,,,,,,24570814800.0,,,local_price_csv_fallback,084370.KQ
2025-09-18,60500.0,64700.0,59500.0,62200.0,62094.73046875,340381.0,,,,,,,,,,,,,,,,,,,,21171698200.0,,,local_price_csv_fallback,084370.KQ
2025-09-19,64000.0,65700.0,62500.0,64700.0,64590.5,216139.0,,,,,,,,,,,,,,,,,,,,13984193300.0,,,local_price_csv_fallback,084370.KQ
2025-09-22,65600.0,69500.0,65600.0,67700.0,67585.421875,321155.0,,,,,,,,,,,,,,,,,,,,21742193500.0,,,local_price_csv_fallback,084370.KQ
2025-09-23,70000.0,71100.0,67900.0,70800.0,70680.1796875,404140.0,,,,,,,,,,,,,,,,,,,,28613112000.0,,,local_price_csv_fallback,084370.KQ
2025-09-24,69600.0,71500.0,66500.0,69600.0,69482.2109375,402254.0,,,,,,,,,,,,,,,,,,,,27996878400.0,,,local_price_csv_fallback,084370.KQ
2025-09-25,67700.0,69900.0,67600.0,68900.0,68783.390625,150007.0,,,,,,,,,,,,,,,,,,,,10335482300.0,,,local_price_csv_fallback,084370.KQ
2025-09-26,66900.0,68400.0,65300.0,66700.0,66587.1171875,187844.0,,,,,,,,,,,,,,,,,,,,12529194800.0,,,local_price_csv_fallback,084370.KQ
2025-09-29,68200.0,69900.0,67700.0,69400.0,69282.546875,181107.0,,,,,,,,,,,,,,,,,,,,12568825800.0,,,local_price_csv_fallback,084370.KQ
2025-09-30,69000.0,71300.0,69000.0,69900.0,69781.703125,131378.0,,,,,,,,,,,,,,,,,,,,9183322200.0,,,local_price_csv_fallback,084370.KQ
