source,corp_code,company,company_dir,stock_code,year,fs_div,sj_div,sj_nm,account_id,account_nm,account_detail,thstrm_nm,amount,frmtrm_amount,currency,ord
OpenDART_fnlttSinglAcntAll,871833,에스티팜,stpharm,237690,2021,CFS,BS,재무상태표,ifrs-full_CurrentAssets,유동자산,-,제 14 기,244141732090.0,235613275700.0,KRW,1
OpenDART_fnlttSinglAcntAll,871833,에스티팜,stpharm,237690,2021,CFS,BS,재무상태표,ifrs-full_CashAndCashEquivalents,현금및현금성자산,-,제 14 기,39203238292.0,38625057700.0,KRW,2
OpenDART_fnlttSinglAcntAll,871833,에스티팜,stpharm,237690,2021,CFS,BS,재무상태표,dart_ShortTermDepositsNotClassifiedAsCashEquivalents,단기금융상품,-,제 14 기,44000000000.0,84000637651.0,KRW,3
OpenDART_fnlttSinglAcntAll,871833,에스티팜,stpharm,237690,2021,CFS,BS,재무상태표,-표준계정코드 미사용-,당기손익-공정가치측정 금융자산,-,제 14 기,10013000000.0,18010700000.0,KRW,4
OpenDART_fnlttSinglAcntAll,871833,에스티팜,stpharm,237690,2021,CFS,BS,재무상태표,ifrs-full_TradeAndOtherCurrentReceivables,매출채권 및 기타유동채권,-,제 14 기,62949225867.0,45435145312.0,KRW,5
OpenDART_fnlttSinglAcntAll,871833,에스티팜,stpharm,237690,2021,CFS,BS,재무상태표,ifrs-full_OtherCurrentFinancialAssets,기타유동금융자산,-,제 14 기,1498873718.0,1236137650.0,KRW,6
OpenDART_fnlttSinglAcntAll,871833,에스티팜,stpharm,237690,2021,CFS,BS,재무상태표,dart_OtherCurrentAssets,기타유동자산,-,제 14 기,5667942869.0,2813490557.0,KRW,7
OpenDART_fnlttSinglAcntAll,871833,에스티팜,stpharm,237690,2021,CFS,BS,재무상태표,ifrs-full_Inventories,재고자산,-,제 14 기,80809451344.0,45401433414.0,KRW,8
OpenDART_fnlttSinglAcntAll,871833,에스티팜,stpharm,237690,2021,CFS,BS,재무상태표,ifrs-full_CurrentTaxAssets,당기법인세자산,-,제 14 기,0.0,90673416.0,KRW,9
OpenDART_fnlttSinglAcntAll,871833,에스티팜,stpharm,237690,2021,CFS,BS,재무상태표,-표준계정코드 미사용-,당기환급금자산,-,제 14 기,0.0,0.0,KRW,10
OpenDART_fnlttSinglAcntAll,871833,에스티팜,stpharm,237690,2021,CFS,BS,재무상태표,ifrs-full_NoncurrentAssets,비유동자산,-,제 14 기,254423481460.0,209956855785.0,KRW,11
OpenDART_fnlttSinglAcntAll,871833,에스티팜,stpharm,237690,2021,CFS,BS,재무상태표,ifrs-full_NoncurrentFinancialAssetsMeasuredAtFairValueThroughOtherComprehensiveIncome,비유동 기타포괄손익-공정가치 측정 금융자산,-,제 14 기,4535828577.0,1178362689.0,KRW,12
OpenDART_fnlttSinglAcntAll,871833,에스티팜,stpharm,237690,2021,CFS,BS,재무상태표,-표준계정코드 미사용-,당기손익-공정가치측정 금융자산,-,제 14 기,8727856796.0,6577565470.0,KRW,13
OpenDART_fnlttSinglAcntAll,871833,에스티팜,stpharm,237690,2021,CFS,BS,재무상태표,-표준계정코드 미사용-,종속기업투자,-,제 14 기,0.0,0.0,KRW,14
OpenDART_fnlttSinglAcntAll,871833,에스티팜,stpharm,237690,2021,CFS,BS,재무상태표,ifrs-full_PropertyPlantAndEquipment,유형자산,-,제 14 기,209094632939.0,174323709550.0,KRW,15
OpenDART_fnlttSinglAcntAll,871833,에스티팜,stpharm,237690,2021,CFS,BS,재무상태표,ifrs-full_RightofuseAssets,사용권자산,-,제 14 기,1095083443.0,1310020833.0,KRW,16
OpenDART_fnlttSinglAcntAll,871833,에스티팜,stpharm,237690,2021,CFS,BS,재무상태표,ifrs-full_IntangibleAssetsOtherThanGoodwill,무형자산,-,제 14 기,12618848844.0,9995451440.0,KRW,17
OpenDART_fnlttSinglAcntAll,871833,에스티팜,stpharm,237690,2021,CFS,BS,재무상태표,ifrs-full_OtherNoncurrentFinancialAssets,기타비유동금융자산,-,제 14 기,1942249106.0,1872371606.0,KRW,18
OpenDART_fnlttSinglAcntAll,871833,에스티팜,stpharm,237690,2021,CFS,BS,재무상태표,ifrs-full_DeferredTaxAssets,이연법인세자산,-,제 14 기,15732097859.0,14699374197.0,KRW,19
OpenDART_fnlttSinglAcntAll,871833,에스티팜,stpharm,237690,2021,CFS,BS,재무상태표,-표준계정코드 미사용-,순확정급여자산,-,제 14 기,676883896.0,0.0,KRW,20
OpenDART_fnlttSinglAcntAll,871833,에스티팜,stpharm,237690,2021,CFS,BS,재무상태표,ifrs-full_Assets,자산총계,-,제 14 기,498565213550.0,445570131485.0,KRW,21
OpenDART_fnlttSinglAcntAll,871833,에스티팜,stpharm,237690,2021,CFS,BS,재무상태표,ifrs-full_CurrentLiabilities,유동부채,-,제 14 기,75365356232.0,18610434876.0,KRW,23
OpenDART_fnlttSinglAcntAll,871833,에스티팜,stpharm,237690,2021,CFS,BS,재무상태표,ifrs-full_TradeAndOtherCurrentPayables,매입채무 및 기타유동채무,-,제 14 기,12865130862.0,4694065754.0,KRW,24
OpenDART_fnlttSinglAcntAll,871833,에스티팜,stpharm,237690,2021,CFS,BS,재무상태표,ifrs-full_ShorttermBorrowings,단기차입금,-,제 14 기,0.0,0.0,KRW,25
OpenDART_fnlttSinglAcntAll,871833,에스티팜,stpharm,237690,2021,CFS,BS,재무상태표,ifrs-full_CurrentPortionOfLongtermBorrowings,유동성장기차입금,-,제 14 기,15000000000.0,0.0,KRW,26
OpenDART_fnlttSinglAcntAll,871833,에스티팜,stpharm,237690,2021,CFS,BS,재무상태표,ifrs-full_OtherCurrentFinancialLiabilities,기타유동금융부채,-,제 14 기,13176311415.0,4776494422.0,KRW,27
OpenDART_fnlttSinglAcntAll,871833,에스티팜,stpharm,237690,2021,CFS,BS,재무상태표,ifrs-full_CurrentLeaseLiabilities,유동리스부채,-,제 14 기,587236871.0,894096296.0,KRW,28
OpenDART_fnlttSinglAcntAll,871833,에스티팜,stpharm,237690,2021,CFS,BS,재무상태표,dart_OtherCurrentLiabilities,기타유동부채,-,제 14 기,30451288559.0,6426511084.0,KRW,29
OpenDART_fnlttSinglAcntAll,871833,에스티팜,stpharm,237690,2021,CFS,BS,재무상태표,-표준계정코드 미사용-,기타종업원급여부채,-,제 14 기,1963280140.0,1819267320.0,KRW,30
OpenDART_fnlttSinglAcntAll,871833,에스티팜,stpharm,237690,2021,CFS,BS,재무상태표,ifrs-full_CurrentTaxLiabilities,당기법인세부채,-,제 14 기,1322108385.0,0.0,KRW,31
OpenDART_fnlttSinglAcntAll,871833,에스티팜,stpharm,237690,2021,CFS,BS,재무상태표,ifrs-full_NoncurrentLiabilities,비유동부채,-,제 14 기,97167281240.0,130206493459.0,KRW,32
OpenDART_fnlttSinglAcntAll,871833,에스티팜,stpharm,237690,2021,CFS,BS,재무상태표,dart_LongTermBorrowingsGross,장기차입금,-,제 14 기,8500000000.0,23500000000.0,KRW,33
OpenDART_fnlttSinglAcntAll,871833,에스티팜,stpharm,237690,2021,CFS,BS,재무상태표,-표준계정코드 미사용-,전환사채,-,제 14 기,82951030930.0,102146390972.0,KRW,34
OpenDART_fnlttSinglAcntAll,871833,에스티팜,stpharm,237690,2021,CFS,BS,재무상태표,dart_PostemploymentBenefitObligations,퇴직급여부채,-,제 14 기,0.0,24151734.0,KRW,35
OpenDART_fnlttSinglAcntAll,871833,에스티팜,stpharm,237690,2021,CFS,BS,재무상태표,-표준계정코드 미사용-,기타지급채무,-,제 14 기,956295384.0,1698265132.0,KRW,36
OpenDART_fnlttSinglAcntAll,871833,에스티팜,stpharm,237690,2021,CFS,BS,재무상태표,ifrs-full_OtherNoncurrentFinancialLiabilities,기타비유동금융부채,-,제 14 기,3443483285.0,2061831951.0,KRW,37
OpenDART_fnlttSinglAcntAll,871833,에스티팜,stpharm,237690,2021,CFS,BS,재무상태표,ifrs-full_NoncurrentLeaseLiabilities,비유동리스부채,-,제 14 기,479097997.0,386537363.0,KRW,38
OpenDART_fnlttSinglAcntAll,871833,에스티팜,stpharm,237690,2021,CFS,BS,재무상태표,-표준계정코드 미사용-,기타장기종업원급여부채,-,제 14 기,837373644.0,389316307.0,KRW,39
OpenDART_fnlttSinglAcntAll,871833,에스티팜,stpharm,237690,2021,CFS,BS,재무상태표,ifrs-full_Liabilities,부채총계,-,제 14 기,172532637472.0,148816928335.0,KRW,40
OpenDART_fnlttSinglAcntAll,871833,에스티팜,stpharm,237690,2021,CFS,BS,재무상태표,ifrs-full_EquityAttributableToOwnersOfParent,지배기업의 소유주에게 귀속되는 자본,-,제 14 기,322974127532.0,295328095098.0,KRW,42
OpenDART_fnlttSinglAcntAll,871833,에스티팜,stpharm,237690,2021,CFS,BS,재무상태표,ifrs-full_IssuedCapital,자본금,-,제 14 기,9404387500.0,9328000000.0,KRW,43
OpenDART_fnlttSinglAcntAll,871833,에스티팜,stpharm,237690,2021,CFS,BS,재무상태표,ifrs-full_SharePremium,주식발행초과금,-,제 14 기,186905628621.0,171286938277.0,KRW,44
OpenDART_fnlttSinglAcntAll,871833,에스티팜,stpharm,237690,2021,CFS,BS,재무상태표,ifrs-full_RetainedEarnings,이익잉여금(결손금),-,제 14 기,115589657312.0,111633667664.0,KRW,45
OpenDART_fnlttSinglAcntAll,871833,에스티팜,stpharm,237690,2021,CFS,BS,재무상태표,dart_ElementsOfOtherStockholdersEquity,기타자본구성요소,-,제 14 기,11074454099.0,3079489157.0,KRW,46
OpenDART_fnlttSinglAcntAll,871833,에스티팜,stpharm,237690,2021,CFS,BS,재무상태표,ifrs-full_NoncontrollingInterests,비지배지분,-,제 14 기,3058448546.0,1425108052.0,KRW,47
OpenDART_fnlttSinglAcntAll,871833,에스티팜,stpharm,237690,2021,CFS,BS,재무상태표,ifrs-full_Equity,자본총계,-,제 14 기,326032576078.0,296753203150.0,KRW,48
OpenDART_fnlttSinglAcntAll,871833,에스티팜,stpharm,237690,2021,CFS,BS,재무상태표,ifrs-full_EquityAndLiabilities,자본과부채총계,-,제 14 기,498565213550.0,445570131485.0,KRW,49
OpenDART_fnlttSinglAcntAll,871833,에스티팜,stpharm,237690,2021,CFS,CIS,포괄손익계산서,ifrs-full_Revenue,수익(매출액),-,제 14 기,165641947051.0,124108663975.0,KRW,0
OpenDART_fnlttSinglAcntAll,871833,에스티팜,stpharm,237690,2021,CFS,CIS,포괄손익계산서,ifrs-full_CostOfSales,매출원가,-,제 14 기,107898776034.0,104123346570.0,KRW,1
OpenDART_fnlttSinglAcntAll,871833,에스티팜,stpharm,237690,2021,CFS,CIS,포괄손익계산서,ifrs-full_GrossProfit,매출총이익,-,제 14 기,57743171017.0,19985317405.0,KRW,2
OpenDART_fnlttSinglAcntAll,871833,에스티팜,stpharm,237690,2021,CFS,CIS,포괄손익계산서,dart_TotalSellingGeneralAdministrativeExpenses,판매비와관리비,-,제 14 기,52165584438.0,38802274015.0,KRW,3
OpenDART_fnlttSinglAcntAll,871833,에스티팜,stpharm,237690,2021,CFS,CIS,포괄손익계산서,dart_OperatingIncomeLoss,영업이익(손실),-,제 14 기,5577586579.0,-18816956610.0,KRW,4
OpenDART_fnlttSinglAcntAll,871833,에스티팜,stpharm,237690,2021,CFS,CIS,포괄손익계산서,dart_OtherGains,기타이익,-,제 14 기,170518289.0,462530477.0,KRW,5
OpenDART_fnlttSinglAcntAll,871833,에스티팜,stpharm,237690,2021,CFS,CIS,포괄손익계산서,dart_OtherLosses,기타손실,-,제 14 기,3778386548.0,50155544.0,KRW,6
OpenDART_fnlttSinglAcntAll,871833,에스티팜,stpharm,237690,2021,CFS,CIS,포괄손익계산서,ifrs-full_FinanceIncome,금융수익,-,제 14 기,5626374403.0,5733849631.0,KRW,7
OpenDART_fnlttSinglAcntAll,871833,에스티팜,stpharm,237690,2021,CFS,CIS,포괄손익계산서,ifrs-full_FinanceCosts,금융원가,-,제 14 기,6335886445.0,4154222982.0,KRW,8
OpenDART_fnlttSinglAcntAll,871833,에스티팜,stpharm,237690,2021,CFS,CIS,포괄손익계산서,ifrs-full_ProfitLossBeforeTax,법인세비용차감전순이익(손실),-,제 14 기,1260206278.0,-16824955028.0,KRW,9
OpenDART_fnlttSinglAcntAll,871833,에스티팜,stpharm,237690,2021,CFS,CIS,포괄손익계산서,ifrs-full_IncomeTaxExpenseContinuingOperations,법인세비용,-,제 14 기,-2117183893.0,-3670000398.0,KRW,10
OpenDART_fnlttSinglAcntAll,871833,에스티팜,stpharm,237690,2021,CFS,CIS,포괄손익계산서,ifrs-full_ProfitLoss,당기순이익(손실),-,제 14 기,3377390171.0,-13154954630.0,KRW,11
OpenDART_fnlttSinglAcntAll,871833,에스티팜,stpharm,237690,2021,CFS,CIS,포괄손익계산서,ifrs-full_OtherComprehensiveIncome,기타포괄손익,-,제 14 기,1765490417.0,504373731.0,KRW,12
OpenDART_fnlttSinglAcntAll,871833,에스티팜,stpharm,237690,2021,CFS,CIS,포괄손익계산서,ifrs-full_ComprehensiveIncome,총포괄손익,-,제 14 기,5142880588.0,-12650580899.0,KRW,13
OpenDART_fnlttSinglAcntAll,871833,에스티팜,stpharm,237690,2021,CFS,CIS,포괄손익계산서,ifrs-full_ProfitLossAttributableToOwnersOfParent,지배기업의 소유주에게 귀속되는 당기순이익(손실),-,제 14 기,3312124537.0,-12147164447.0,KRW,15
OpenDART_fnlttSinglAcntAll,871833,에스티팜,stpharm,237690,2021,CFS,CIS,포괄손익계산서,ifrs-full_ProfitLossAttributableToNoncontrollingInterests,비지배지분에 귀속되는 당기순이익(손실),-,제 14 기,65265634.0,-1007790183.0,KRW,16
OpenDART_fnlttSinglAcntAll,871833,에스티팜,stpharm,237690,2021,CFS,CIS,포괄손익계산서,ifrs-full_ComprehensiveIncomeAttributableToOwnersOfParent,"총 포괄손익, 지배기업의 소유주에게 귀속되는 지분",-,제 14 기,4799618906.0,-11688691039.0,KRW,18
OpenDART_fnlttSinglAcntAll,871833,에스티팜,stpharm,237690,2021,CFS,CIS,포괄손익계산서,ifrs-full_ComprehensiveIncomeAttributableToNoncontrollingInterests,"총 포괄손익, 비지배지분",-,제 14 기,343261682.0,-961889860.0,KRW,19
OpenDART_fnlttSinglAcntAll,871833,에스티팜,stpharm,237690,2021,CFS,CIS,포괄손익계산서,ifrs-full_BasicEarningsLossPerShare,기본주당이익(손실),-,제 14 기,177.0,-651.0,KRW,21
OpenDART_fnlttSinglAcntAll,871833,에스티팜,stpharm,237690,2021,CFS,CIS,포괄손익계산서,ifrs-full_DilutedEarningsLossPerShare,희석주당이익(손실),-,제 14 기,177.0,-651.0,KRW,22
OpenDART_fnlttSinglAcntAll,871833,에스티팜,stpharm,237690,2021,CFS,CF,현금흐름표,ifrs-full_CashFlowsFromUsedInOperatingActivities,영업활동현금흐름,-,제 14 기,7269872745.0,-20934773251.0,KRW,0
OpenDART_fnlttSinglAcntAll,871833,에스티팜,stpharm,237690,2021,CFS,CF,현금흐름표,-표준계정코드 미사용-,영업으로부터 창출된 현금흐름,-,제 14 기,6443237483.0,-20923887628.0,KRW,1
OpenDART_fnlttSinglAcntAll,871833,에스티팜,stpharm,237690,2021,CFS,CF,현금흐름표,ifrs-full_IncomeTaxesPaidRefundClassifiedAsOperatingActivities,법인세납부(환급),-,제 14 기,-826635262.0,10885623.0,KRW,2
OpenDART_fnlttSinglAcntAll,871833,에스티팜,stpharm,237690,2021,CFS,CF,현금흐름표,ifrs-full_CashFlowsFromUsedInInvestingActivities,투자활동현금흐름,-,제 14 기,-8033541371.0,-69074263129.0,KRW,3
OpenDART_fnlttSinglAcntAll,871833,에스티팜,stpharm,237690,2021,CFS,CF,현금흐름표,ifrs-full_InterestReceivedClassifiedAsInvestingActivities,이자수취,-,제 14 기,826548524.0,668840426.0,KRW,4
OpenDART_fnlttSinglAcntAll,871833,에스티팜,stpharm,237690,2021,CFS,CF,현금흐름표,ifrs-full_PurchaseOfPropertyPlantAndEquipmentClassifiedAsInvestingActivities,유형자산의 취득,-,제 14 기,51792326234.0,16989240920.0,KRW,5
OpenDART_fnlttSinglAcntAll,871833,에스티팜,stpharm,237690,2021,CFS,CF,현금흐름표,dart_PurchaseOfShortTermFinancialInstruments,단기금융상품의 취득,-,제 14 기,292024513699.0,45830200000.0,KRW,6
OpenDART_fnlttSinglAcntAll,871833,에스티팜,stpharm,237690,2021,CFS,CF,현금흐름표,dart_ProceedsFromSalesOfShortTermFinancialInstruments,단기금융상품의 처분,-,제 14 기,345050137651.0,0.0,KRW,7
OpenDART_fnlttSinglAcntAll,871833,에스티팜,stpharm,237690,2021,CFS,CF,현금흐름표,ifrs-full_ProceedsFromSalesOfPropertyPlantAndEquipmentClassifiedAsInvestingActivities,유형자산의 처분,-,제 14 기,612720542.0,145531756.0,KRW,8
OpenDART_fnlttSinglAcntAll,871833,에스티팜,stpharm,237690,2021,CFS,CF,현금흐름표,ifrs-full_PurchaseOfIntangibleAssetsClassifiedAsInvestingActivities,무형자산의 취득,-,제 14 기,125875739.0,455241866.0,KRW,9
OpenDART_fnlttSinglAcntAll,871833,에스티팜,stpharm,237690,2021,CFS,CF,현금흐름표,ifrs-full_ProceedsFromSalesOfIntangibleAssetsClassifiedAsInvestingActivities,무형자산의 처분,-,제 14 기,790467.0,0.0,KRW,10
OpenDART_fnlttSinglAcntAll,871833,에스티팜,stpharm,237690,2021,CFS,CF,현금흐름표,-표준계정코드 미사용-,당기손익 공정가치금융자산의증가,-,제 14 기,22119060000.0,19620000000.0,KRW,11
OpenDART_fnlttSinglAcntAll,871833,에스티팜,stpharm,237690,2021,CFS,CF,현금흐름표,-표준계정코드 미사용-,당기손익공정가치금융자산의 감소,-,제 14 기,15088717807.0,14099637481.0,KRW,12
OpenDART_fnlttSinglAcntAll,871833,에스티팜,stpharm,237690,2021,CFS,CF,현금흐름표,-표준계정코드 미사용-,기타포괄손익공정가치측정 금융자산의 증가,-,제 14 기,3503360000.0,0.0,KRW,13
OpenDART_fnlttSinglAcntAll,871833,에스티팜,stpharm,237690,2021,CFS,CF,현금흐름표,-표준계정코드 미사용-,기타포괄손익공정가치측정 금융자산의 감소,-,제 14 기,0.0,0.0,KRW,14
OpenDART_fnlttSinglAcntAll,871833,에스티팜,stpharm,237690,2021,CFS,CF,현금흐름표,-표준계정코드 미사용-,통화선도부채의 감소,-,제 14 기,0.0,109000000.0,KRW,15
OpenDART_fnlttSinglAcntAll,871833,에스티팜,stpharm,237690,2021,CFS,CF,현금흐름표,-표준계정코드 미사용-,통화선도자산의 감소,-,제 14 기,0.0,0.0,KRW,16
OpenDART_fnlttSinglAcntAll,871833,에스티팜,stpharm,237690,2021,CFS,CF,현금흐름표,dart_IncreaseInGuaranteeDeposits,임차보증금의 증가,-,제 14 기,19323650.0,1455000000.0,KRW,17
OpenDART_fnlttSinglAcntAll,871833,에스티팜,stpharm,237690,2021,CFS,CF,현금흐름표,dart_DecreaseInGuaranteeDeposits,임차보증금의 감소,-,제 14 기,0.0,280000000.0,KRW,18
OpenDART_fnlttSinglAcntAll,871833,에스티팜,stpharm,237690,2021,CFS,CF,현금흐름표,-표준계정코드 미사용-,기타보증금의 증가,-,제 14 기,27997040.0,91786406.0,KRW,19
OpenDART_fnlttSinglAcntAll,871833,에스티팜,stpharm,237690,2021,CFS,CF,현금흐름표,-표준계정코드 미사용-,기타보증금의 감소,-,제 14 기,0.0,64196400.0,KRW,20
OpenDART_fnlttSinglAcntAll,871833,에스티팜,stpharm,237690,2021,CFS,CF,현금흐름표,-표준계정코드 미사용-,사업결합으로 인한 순현금유출,-,제 14 기,0.0,0.0,KRW,21
OpenDART_fnlttSinglAcntAll,871833,에스티팜,stpharm,237690,2021,CFS,CF,현금흐름표,ifrs-full_CashFlowsFromUsedInFinancingActivities,재무활동현금흐름,-,제 14 기,-115590621.0,115926576807.0,KRW,22
OpenDART_fnlttSinglAcntAll,871833,에스티팜,stpharm,237690,2021,CFS,CF,현금흐름표,-표준계정코드 미사용-,리스부채의원금상환,-,제 14 기,1018735605.0,989659760.0,KRW,23
OpenDART_fnlttSinglAcntAll,871833,에스티팜,stpharm,237690,2021,CFS,CF,현금흐름표,-표준계정코드 미사용-,유동성장기부채의 감소,-,제 14 기,0.0,19500000.0,KRW,24
OpenDART_fnlttSinglAcntAll,871833,에스티팜,stpharm,237690,2021,CFS,CF,현금흐름표,ifrs-full_ProceedsFromGovernmentGrantsClassifiedAsFinancingActivities,정부보조금의 수취,-,제 14 기,202312300.0,134166395.0,KRW,25
OpenDART_fnlttSinglAcntAll,871833,에스티팜,stpharm,237690,2021,CFS,CF,현금흐름표,dart_RepaymentForGovernmentGrantsClassifiedAsFinancingActivities,정부보조금의 상환,-,제 14 기,0.0,1185322495.0,KRW,26
OpenDART_fnlttSinglAcntAll,871833,에스티팜,stpharm,237690,2021,CFS,CF,현금흐름표,dart_ProceedsFromLongTermBorrowings,장기차입금의 증가,-,제 14 기,0.0,8500000000.0,KRW,27
OpenDART_fnlttSinglAcntAll,871833,에스티팜,stpharm,237690,2021,CFS,CF,현금흐름표,dart_RepaymentsOfLongTermBorrowings,장기차입금의 감소,-,제 14 기,0.0,78000000.0,KRW,28
OpenDART_fnlttSinglAcntAll,871833,에스티팜,stpharm,237690,2021,CFS,CF,현금흐름표,dart_ProceedsFromShortTermBorrowings,단기차입금의 증가,-,제 14 기,0.0,0.0,KRW,29
OpenDART_fnlttSinglAcntAll,871833,에스티팜,stpharm,237690,2021,CFS,CF,현금흐름표,-표준계정코드 미사용-,비지배지분 증가,-,제 14 기,1148500000.0,,KRW,30
OpenDART_fnlttSinglAcntAll,871833,에스티팜,stpharm,237690,2021,CFS,CF,현금흐름표,dart_ProceedsFromConvertibleBonds,전환사채의 증가,-,제 14 기,0.0,110000000000.0,KRW,31
OpenDART_fnlttSinglAcntAll,871833,에스티팜,stpharm,237690,2021,CFS,CF,현금흐름표,ifrs-full_InterestPaidClassifiedAsFinancingActivities,이자지급,-,제 14 기,447667316.0,435107333.0,KRW,32
OpenDART_fnlttSinglAcntAll,871833,에스티팜,stpharm,237690,2021,CFS,CF,현금흐름표,ifrs-full_DividendsPaidClassifiedAsFinancingActivities,배당금지급,-,제 14 기,0.0,0.0,KRW,33
OpenDART_fnlttSinglAcntAll,871833,에스티팜,stpharm,237690,2021,CFS,CF,현금흐름표,ifrs-full_IncreaseDecreaseInCashAndCashEquivalentsBeforeEffectOfExchangeRateChanges,환율변동효과 반영전 현금및현금성자산의 순증가(감소),-,제 14 기,-879259247.0,25917540427.0,KRW,34
OpenDART_fnlttSinglAcntAll,871833,에스티팜,stpharm,237690,2021,CFS,CF,현금흐름표,dart_CashAndCashEquivalentsAtBeginningOfPeriodCf,기초현금및현금성자산,-,제 14 기,38625057700.0,12822806396.0,KRW,35
OpenDART_fnlttSinglAcntAll,871833,에스티팜,stpharm,237690,2021,CFS,CF,현금흐름표,ifrs-full_EffectOfExchangeRateChangesOnCashAndCashEquivalents,현금및현금성자산에 대한 환율변동효과,-,제 14 기,1457439839.0,-115289123.0,KRW,36
OpenDART_fnlttSinglAcntAll,871833,에스티팜,stpharm,237690,2021,CFS,CF,현금흐름표,dart_CashAndCashEquivalentsAtEndOfPeriodCf,기말현금및현금성자산,-,제 14 기,39203238292.0,38625057700.0,KRW,37
OpenDART_fnlttSinglAcntAll,871833,에스티팜,stpharm,237690,2021,CFS,SCE,자본변동표,dart_EquityAtBeginningOfPeriod,기초자본,연결재무제표 [member],제 14 기,296753203150.0,303209297703.0,KRW,1
OpenDART_fnlttSinglAcntAll,871833,에스티팜,stpharm,237690,2021,CFS,SCE,자본변동표,dart_EquityAtBeginningOfPeriod,기초자본,자본 [member]|비지배지분 [member],제 14 기,1425108052.0,2386997912.0,KRW,1
OpenDART_fnlttSinglAcntAll,871833,에스티팜,stpharm,237690,2021,CFS,SCE,자본변동표,dart_EquityAtBeginningOfPeriod,기초자본,자본 [member]|지배기업의 소유주에게 귀속되는 자본 [member],제 14 기,295328095098.0,300822299791.0,KRW,1
OpenDART_fnlttSinglAcntAll,871833,에스티팜,stpharm,237690,2021,CFS,SCE,자본변동표,dart_EquityAtBeginningOfPeriod,기초자본,자본 [member]|지배기업의 소유주에게 귀속되는 자본 [member]|주식발행초과금,제 14 기,171286938277.0,171286938277.0,KRW,1
OpenDART_fnlttSinglAcntAll,871833,에스티팜,stpharm,237690,2021,CFS,SCE,자본변동표,dart_EquityAtBeginningOfPeriod,기초자본,자본 [member]|지배기업의 소유주에게 귀속되는 자본 [member]|이익잉여금 [member],제 14 기,111633667664.0,123561336196.0,KRW,1
OpenDART_fnlttSinglAcntAll,871833,에스티팜,stpharm,237690,2021,CFS,SCE,자본변동표,dart_EquityAtBeginningOfPeriod,기초자본,자본 [member]|지배기업의 소유주에게 귀속되는 자본 [member]|자본금 [member],제 14 기,9328000000.0,9328000000.0,KRW,1
OpenDART_fnlttSinglAcntAll,871833,에스티팜,stpharm,237690,2021,CFS,SCE,자본변동표,dart_EquityAtBeginningOfPeriod,기초자본,자본 [member]|지배기업의 소유주에게 귀속되는 자본 [member]|기타자본구성요소 [member],제 14 기,3079489157.0,-3353974682.0,KRW,1
OpenDART_fnlttSinglAcntAll,871833,에스티팜,stpharm,237690,2021,CFS,SCE,자본변동표,ifrs-full_IncreaseDecreaseThroughChangesInAccountingPolicies,회계정책변경에 따른 증가(감소),자본 [member]|비지배지분 [member],제 14 기,0.0,0.0,KRW,2
OpenDART_fnlttSinglAcntAll,871833,에스티팜,stpharm,237690,2021,CFS,SCE,자본변동표,ifrs-full_IncreaseDecreaseThroughChangesInAccountingPolicies,회계정책변경에 따른 증가(감소),자본 [member]|지배기업의 소유주에게 귀속되는 자본 [member],제 14 기,0.0,0.0,KRW,2
OpenDART_fnlttSinglAcntAll,871833,에스티팜,stpharm,237690,2021,CFS,SCE,자본변동표,ifrs-full_IncreaseDecreaseThroughChangesInAccountingPolicies,회계정책변경에 따른 증가(감소),자본 [member]|지배기업의 소유주에게 귀속되는 자본 [member]|기타자본구성요소 [member],제 14 기,0.0,0.0,KRW,2
OpenDART_fnlttSinglAcntAll,871833,에스티팜,stpharm,237690,2021,CFS,SCE,자본변동표,ifrs-full_IncreaseDecreaseThroughChangesInAccountingPolicies,회계정책변경에 따른 증가(감소),자본 [member]|지배기업의 소유주에게 귀속되는 자본 [member]|이익잉여금 [member],제 14 기,0.0,0.0,KRW,2
OpenDART_fnlttSinglAcntAll,871833,에스티팜,stpharm,237690,2021,CFS,SCE,자본변동표,ifrs-full_IncreaseDecreaseThroughChangesInAccountingPolicies,회계정책변경에 따른 증가(감소),자본 [member]|지배기업의 소유주에게 귀속되는 자본 [member]|자본금 [member],제 14 기,0.0,0.0,KRW,2
OpenDART_fnlttSinglAcntAll,871833,에스티팜,stpharm,237690,2021,CFS,SCE,자본변동표,ifrs-full_IncreaseDecreaseThroughChangesInAccountingPolicies,회계정책변경에 따른 증가(감소),자본 [member]|지배기업의 소유주에게 귀속되는 자본 [member]|주식발행초과금,제 14 기,0.0,0.0,KRW,2
OpenDART_fnlttSinglAcntAll,871833,에스티팜,stpharm,237690,2021,CFS,SCE,자본변동표,ifrs-full_IncreaseDecreaseThroughChangesInAccountingPolicies,회계정책변경에 따른 증가(감소),연결재무제표 [member],제 14 기,0.0,0.0,KRW,2
OpenDART_fnlttSinglAcntAll,871833,에스티팜,stpharm,237690,2021,CFS,SCE,자본변동표,ifrs-full_ProfitLoss,당기순이익(손실),연결재무제표 [member],제 14 기,3377390171.0,-13154954630.0,KRW,3
OpenDART_fnlttSinglAcntAll,871833,에스티팜,stpharm,237690,2021,CFS,SCE,자본변동표,ifrs-full_ProfitLoss,당기순이익(손실),자본 [member]|비지배지분 [member],제 14 기,65265634.0,-1007790183.0,KRW,3
OpenDART_fnlttSinglAcntAll,871833,에스티팜,stpharm,237690,2021,CFS,SCE,자본변동표,ifrs-full_ProfitLoss,당기순이익(손실),자본 [member]|지배기업의 소유주에게 귀속되는 자본 [member],제 14 기,3312124537.0,-12147164447.0,KRW,3
OpenDART_fnlttSinglAcntAll,871833,에스티팜,stpharm,237690,2021,CFS,SCE,자본변동표,ifrs-full_ProfitLoss,당기순이익(손실),자본 [member]|지배기업의 소유주에게 귀속되는 자본 [member]|기타자본구성요소 [member],제 14 기,0.0,0.0,KRW,3
OpenDART_fnlttSinglAcntAll,871833,에스티팜,stpharm,237690,2021,CFS,SCE,자본변동표,ifrs-full_ProfitLoss,당기순이익(손실),자본 [member]|지배기업의 소유주에게 귀속되는 자본 [member]|이익잉여금 [member],제 14 기,3312124537.0,-12147164447.0,KRW,3
OpenDART_fnlttSinglAcntAll,871833,에스티팜,stpharm,237690,2021,CFS,SCE,자본변동표,ifrs-full_ProfitLoss,당기순이익(손실),자본 [member]|지배기업의 소유주에게 귀속되는 자본 [member]|자본금 [member],제 14 기,0.0,0.0,KRW,3
OpenDART_fnlttSinglAcntAll,871833,에스티팜,stpharm,237690,2021,CFS,SCE,자본변동표,ifrs-full_ProfitLoss,당기순이익(손실),자본 [member]|지배기업의 소유주에게 귀속되는 자본 [member]|주식발행초과금,제 14 기,0.0,0.0,KRW,3
OpenDART_fnlttSinglAcntAll,871833,에스티팜,stpharm,237690,2021,CFS,SCE,자본변동표,-표준계정코드 미사용-,기타포괄손익-공정가치 측정 금융자산 평가손익 적립금,연결재무제표 [member],제 14 기,-113797407.0,-73876566.0,KRW,5
OpenDART_fnlttSinglAcntAll,871833,에스티팜,stpharm,237690,2021,CFS,SCE,자본변동표,-표준계정코드 미사용-,기타포괄손익-공정가치 측정 금융자산 평가손익 적립금,자본 [member]|비지배지분 [member],제 14 기,0.0,0.0,KRW,5
OpenDART_fnlttSinglAcntAll,871833,에스티팜,stpharm,237690,2021,CFS,SCE,자본변동표,-표준계정코드 미사용-,기타포괄손익-공정가치 측정 금융자산 평가손익 적립금,자본 [member]|지배기업의 소유주에게 귀속되는 자본 [member],제 14 기,-113797407.0,-73876566.0,KRW,5
OpenDART_fnlttSinglAcntAll,871833,에스티팜,stpharm,237690,2021,CFS,SCE,자본변동표,-표준계정코드 미사용-,기타포괄손익-공정가치 측정 금융자산 평가손익 적립금,자본 [member]|지배기업의 소유주에게 귀속되는 자본 [member]|기타자본구성요소 [member],제 14 기,-113797407.0,-73876566.0,KRW,5
OpenDART_fnlttSinglAcntAll,871833,에스티팜,stpharm,237690,2021,CFS,SCE,자본변동표,-표준계정코드 미사용-,기타포괄손익-공정가치 측정 금융자산 평가손익 적립금,자본 [member]|지배기업의 소유주에게 귀속되는 자본 [member]|이익잉여금 [member],제 14 기,0.0,0.0,KRW,5
OpenDART_fnlttSinglAcntAll,871833,에스티팜,stpharm,237690,2021,CFS,SCE,자본변동표,-표준계정코드 미사용-,기타포괄손익-공정가치 측정 금융자산 평가손익 적립금,자본 [member]|지배기업의 소유주에게 귀속되는 자본 [member]|자본금 [member],제 14 기,0.0,0.0,KRW,5
OpenDART_fnlttSinglAcntAll,871833,에스티팜,stpharm,237690,2021,CFS,SCE,자본변동표,-표준계정코드 미사용-,기타포괄손익-공정가치 측정 금융자산 평가손익 적립금,자본 [member]|지배기업의 소유주에게 귀속되는 자본 [member]|주식발행초과금,제 14 기,0.0,0.0,KRW,5
OpenDART_fnlttSinglAcntAll,871833,에스티팜,stpharm,237690,2021,CFS,SCE,자본변동표,-표준계정코드 미사용-,해외사업환산손익,연결재무제표 [member],제 14 기,1105494334.0,342174862.0,KRW,6
OpenDART_fnlttSinglAcntAll,871833,에스티팜,stpharm,237690,2021,CFS,SCE,자본변동표,-표준계정코드 미사용-,해외사업환산손익,자본 [member]|비지배지분 [member],제 14 기,148067669.0,29320803.0,KRW,6
OpenDART_fnlttSinglAcntAll,871833,에스티팜,stpharm,237690,2021,CFS,SCE,자본변동표,-표준계정코드 미사용-,해외사업환산손익,자본 [member]|지배기업의 소유주에게 귀속되는 자본 [member],제 14 기,957426665.0,312854059.0,KRW,6
OpenDART_fnlttSinglAcntAll,871833,에스티팜,stpharm,237690,2021,CFS,SCE,자본변동표,-표준계정코드 미사용-,해외사업환산손익,자본 [member]|지배기업의 소유주에게 귀속되는 자본 [member]|기타자본구성요소 [member],제 14 기,957426665.0,312854059.0,KRW,6
OpenDART_fnlttSinglAcntAll,871833,에스티팜,stpharm,237690,2021,CFS,SCE,자본변동표,-표준계정코드 미사용-,해외사업환산손익,자본 [member]|지배기업의 소유주에게 귀속되는 자본 [member]|이익잉여금 [member],제 14 기,0.0,0.0,KRW,6
OpenDART_fnlttSinglAcntAll,871833,에스티팜,stpharm,237690,2021,CFS,SCE,자본변동표,-표준계정코드 미사용-,해외사업환산손익,자본 [member]|지배기업의 소유주에게 귀속되는 자본 [member]|자본금 [member],제 14 기,0.0,0.0,KRW,6
OpenDART_fnlttSinglAcntAll,871833,에스티팜,stpharm,237690,2021,CFS,SCE,자본변동표,-표준계정코드 미사용-,해외사업환산손익,자본 [member]|지배기업의 소유주에게 귀속되는 자본 [member]|주식발행초과금,제 14 기,0.0,0.0,KRW,6
OpenDART_fnlttSinglAcntAll,871833,에스티팜,stpharm,237690,2021,CFS,SCE,자본변동표,-표준계정코드 미사용-,확정급여제도재측정손익,연결재무제표 [member],제 14 기,773793490.0,236075435.0,KRW,7
OpenDART_fnlttSinglAcntAll,871833,에스티팜,stpharm,237690,2021,CFS,SCE,자본변동표,-표준계정코드 미사용-,확정급여제도재측정손익,자본 [member]|비지배지분 [member],제 14 기,129928379.0,16579520.0,KRW,7
OpenDART_fnlttSinglAcntAll,871833,에스티팜,stpharm,237690,2021,CFS,SCE,자본변동표,-표준계정코드 미사용-,확정급여제도재측정손익,자본 [member]|지배기업의 소유주에게 귀속되는 자본 [member],제 14 기,643865111.0,219495915.0,KRW,7
OpenDART_fnlttSinglAcntAll,871833,에스티팜,stpharm,237690,2021,CFS,SCE,자본변동표,-표준계정코드 미사용-,확정급여제도재측정손익,자본 [member]|지배기업의 소유주에게 귀속되는 자본 [member]|기타자본구성요소 [member],제 14 기,0.0,0.0,KRW,7
OpenDART_fnlttSinglAcntAll,871833,에스티팜,stpharm,237690,2021,CFS,SCE,자본변동표,-표준계정코드 미사용-,확정급여제도재측정손익,자본 [member]|지배기업의 소유주에게 귀속되는 자본 [member]|이익잉여금 [member],제 14 기,643865111.0,219495915.0,KRW,7
OpenDART_fnlttSinglAcntAll,871833,에스티팜,stpharm,237690,2021,CFS,SCE,자본변동표,-표준계정코드 미사용-,확정급여제도재측정손익,자본 [member]|지배기업의 소유주에게 귀속되는 자본 [member]|자본금 [member],제 14 기,0.0,0.0,KRW,7
OpenDART_fnlttSinglAcntAll,871833,에스티팜,stpharm,237690,2021,CFS,SCE,자본변동표,-표준계정코드 미사용-,확정급여제도재측정손익,자본 [member]|지배기업의 소유주에게 귀속되는 자본 [member]|주식발행초과금,제 14 기,0.0,0.0,KRW,7
OpenDART_fnlttSinglAcntAll,871833,에스티팜,stpharm,237690,2021,CFS,SCE,자본변동표,ifrs-full_DividendsPaid,배당금지급,연결재무제표 [member],제 14 기,0.0,0.0,KRW,8
OpenDART_fnlttSinglAcntAll,871833,에스티팜,stpharm,237690,2021,CFS,SCE,자본변동표,ifrs-full_DividendsPaid,배당금지급,자본 [member]|비지배지분 [member],제 14 기,0.0,0.0,KRW,8
OpenDART_fnlttSinglAcntAll,871833,에스티팜,stpharm,237690,2021,CFS,SCE,자본변동표,ifrs-full_DividendsPaid,배당금지급,자본 [member]|지배기업의 소유주에게 귀속되는 자본 [member],제 14 기,0.0,0.0,KRW,8
OpenDART_fnlttSinglAcntAll,871833,에스티팜,stpharm,237690,2021,CFS,SCE,자본변동표,ifrs-full_DividendsPaid,배당금지급,자본 [member]|지배기업의 소유주에게 귀속되는 자본 [member]|기타자본구성요소 [member],제 14 기,0.0,0.0,KRW,8
OpenDART_fnlttSinglAcntAll,871833,에스티팜,stpharm,237690,2021,CFS,SCE,자본변동표,ifrs-full_DividendsPaid,배당금지급,자본 [member]|지배기업의 소유주에게 귀속되는 자본 [member]|이익잉여금 [member],제 14 기,0.0,0.0,KRW,8
OpenDART_fnlttSinglAcntAll,871833,에스티팜,stpharm,237690,2021,CFS,SCE,자본변동표,ifrs-full_DividendsPaid,배당금지급,자본 [member]|지배기업의 소유주에게 귀속되는 자본 [member]|자본금 [member],제 14 기,0.0,0.0,KRW,8
OpenDART_fnlttSinglAcntAll,871833,에스티팜,stpharm,237690,2021,CFS,SCE,자본변동표,ifrs-full_DividendsPaid,배당금지급,자본 [member]|지배기업의 소유주에게 귀속되는 자본 [member]|주식발행초과금,제 14 기,0.0,0.0,KRW,8
OpenDART_fnlttSinglAcntAll,871833,에스티팜,stpharm,237690,2021,CFS,SCE,자본변동표,dart_IncreaseDecreaseThroughBusinessCombinations,사업결합,연결재무제표 [member],제 14 기,0.0,0.0,KRW,9
OpenDART_fnlttSinglAcntAll,871833,에스티팜,stpharm,237690,2021,CFS,SCE,자본변동표,dart_IncreaseDecreaseThroughBusinessCombinations,사업결합,자본 [member]|비지배지분 [member],제 14 기,0.0,0.0,KRW,9
OpenDART_fnlttSinglAcntAll,871833,에스티팜,stpharm,237690,2021,CFS,SCE,자본변동표,dart_IncreaseDecreaseThroughBusinessCombinations,사업결합,자본 [member]|지배기업의 소유주에게 귀속되는 자본 [member],제 14 기,0.0,0.0,KRW,9
OpenDART_fnlttSinglAcntAll,871833,에스티팜,stpharm,237690,2021,CFS,SCE,자본변동표,dart_IncreaseDecreaseThroughBusinessCombinations,사업결합,자본 [member]|지배기업의 소유주에게 귀속되는 자본 [member]|기타자본구성요소 [member],제 14 기,0.0,0.0,KRW,9
OpenDART_fnlttSinglAcntAll,871833,에스티팜,stpharm,237690,2021,CFS,SCE,자본변동표,dart_IncreaseDecreaseThroughBusinessCombinations,사업결합,자본 [member]|지배기업의 소유주에게 귀속되는 자본 [member]|이익잉여금 [member],제 14 기,0.0,0.0,KRW,9
OpenDART_fnlttSinglAcntAll,871833,에스티팜,stpharm,237690,2021,CFS,SCE,자본변동표,dart_IncreaseDecreaseThroughBusinessCombinations,사업결합,자본 [member]|지배기업의 소유주에게 귀속되는 자본 [member]|자본금 [member],제 14 기,0.0,0.0,KRW,9
OpenDART_fnlttSinglAcntAll,871833,에스티팜,stpharm,237690,2021,CFS,SCE,자본변동표,dart_IncreaseDecreaseThroughBusinessCombinations,사업결합,자본 [member]|지배기업의 소유주에게 귀속되는 자본 [member]|주식발행초과금,제 14 기,0.0,0.0,KRW,9
OpenDART_fnlttSinglAcntAll,871833,에스티팜,stpharm,237690,2021,CFS,SCE,자본변동표,ifrs-full_IncreaseDecreaseThroughChangesInOwnershipInterestsInSubsidiariesThatDoNotResultInLossOfControl,지배력을 상실하지 않는 종속기업에 대한 소유지분의 변동에 따른 증가(감소)/비지배지분의 변동,연결재무제표 [member],제 14 기,1148500000.0,0.0,KRW,10
OpenDART_fnlttSinglAcntAll,871833,에스티팜,stpharm,237690,2021,CFS,SCE,자본변동표,ifrs-full_IncreaseDecreaseThroughChangesInOwnershipInterestsInSubsidiariesThatDoNotResultInLossOfControl,지배력을 상실하지 않는 종속기업에 대한 소유지분의 변동에 따른 증가(감소)/비지배지분의 변동,자본 [member]|비지배지분 [member],제 14 기,1148500000.0,0.0,KRW,10
OpenDART_fnlttSinglAcntAll,871833,에스티팜,stpharm,237690,2021,CFS,SCE,자본변동표,ifrs-full_IncreaseDecreaseThroughChangesInOwnershipInterestsInSubsidiariesThatDoNotResultInLossOfControl,지배력을 상실하지 않는 종속기업에 대한 소유지분의 변동에 따른 증가(감소)/비지배지분의 변동,자본 [member]|지배기업의 소유주에게 귀속되는 자본 [member],제 14 기,0.0,0.0,KRW,10
OpenDART_fnlttSinglAcntAll,871833,에스티팜,stpharm,237690,2021,CFS,SCE,자본변동표,ifrs-full_IncreaseDecreaseThroughChangesInOwnershipInterestsInSubsidiariesThatDoNotResultInLossOfControl,지배력을 상실하지 않는 종속기업에 대한 소유지분의 변동에 따른 증가(감소)/비지배지분의 변동,자본 [member]|지배기업의 소유주에게 귀속되는 자본 [member]|기타자본구성요소 [member],제 14 기,0.0,0.0,KRW,10
OpenDART_fnlttSinglAcntAll,871833,에스티팜,stpharm,237690,2021,CFS,SCE,자본변동표,ifrs-full_IncreaseDecreaseThroughChangesInOwnershipInterestsInSubsidiariesThatDoNotResultInLossOfControl,지배력을 상실하지 않는 종속기업에 대한 소유지분의 변동에 따른 증가(감소)/비지배지분의 변동,자본 [member]|지배기업의 소유주에게 귀속되는 자본 [member]|이익잉여금 [member],제 14 기,0.0,0.0,KRW,10
OpenDART_fnlttSinglAcntAll,871833,에스티팜,stpharm,237690,2021,CFS,SCE,자본변동표,ifrs-full_IncreaseDecreaseThroughChangesInOwnershipInterestsInSubsidiariesThatDoNotResultInLossOfControl,지배력을 상실하지 않는 종속기업에 대한 소유지분의 변동에 따른 증가(감소)/비지배지분의 변동,자본 [member]|지배기업의 소유주에게 귀속되는 자본 [member]|자본금 [member],제 14 기,0.0,0.0,KRW,10
OpenDART_fnlttSinglAcntAll,871833,에스티팜,stpharm,237690,2021,CFS,SCE,자본변동표,ifrs-full_IncreaseDecreaseThroughChangesInOwnershipInterestsInSubsidiariesThatDoNotResultInLossOfControl,지배력을 상실하지 않는 종속기업에 대한 소유지분의 변동에 따른 증가(감소)/비지배지분의 변동,자본 [member]|지배기업의 소유주에게 귀속되는 자본 [member]|주식발행초과금,제 14 기,0.0,0.0,KRW,10
OpenDART_fnlttSinglAcntAll,871833,에스티팜,stpharm,237690,2021,CFS,SCE,자본변동표,-표준계정코드 미사용-,전환사채의 변동,연결재무제표 [member],제 14 기,20871628116.0,6194486346.0,KRW,11
OpenDART_fnlttSinglAcntAll,871833,에스티팜,stpharm,237690,2021,CFS,SCE,자본변동표,-표준계정코드 미사용-,전환사채의 변동,자본 [member]|비지배지분 [member],제 14 기,0.0,0.0,KRW,11
OpenDART_fnlttSinglAcntAll,871833,에스티팜,stpharm,237690,2021,CFS,SCE,자본변동표,-표준계정코드 미사용-,전환사채의 변동,자본 [member]|지배기업의 소유주에게 귀속되는 자본 [member],제 14 기,20871628116.0,6194486346.0,KRW,11
OpenDART_fnlttSinglAcntAll,871833,에스티팜,stpharm,237690,2021,CFS,SCE,자본변동표,-표준계정코드 미사용-,전환사채의 변동,자본 [member]|지배기업의 소유주에게 귀속되는 자본 [member]|기타자본구성요소 [member],제 14 기,5176550272.0,6194486346.0,KRW,11
OpenDART_fnlttSinglAcntAll,871833,에스티팜,stpharm,237690,2021,CFS,SCE,자본변동표,-표준계정코드 미사용-,전환사채의 변동,자본 [member]|지배기업의 소유주에게 귀속되는 자본 [member]|이익잉여금 [member],제 14 기,0.0,0.0,KRW,11
OpenDART_fnlttSinglAcntAll,871833,에스티팜,stpharm,237690,2021,CFS,SCE,자본변동표,-표준계정코드 미사용-,전환사채의 변동,자본 [member]|지배기업의 소유주에게 귀속되는 자본 [member]|자본금 [member],제 14 기,76387500.0,0.0,KRW,11
OpenDART_fnlttSinglAcntAll,871833,에스티팜,stpharm,237690,2021,CFS,SCE,자본변동표,-표준계정코드 미사용-,전환사채의 변동,자본 [member]|지배기업의 소유주에게 귀속되는 자본 [member]|주식발행초과금,제 14 기,15618690344.0,0.0,KRW,11
OpenDART_fnlttSinglAcntAll,871833,에스티팜,stpharm,237690,2021,CFS,SCE,자본변동표,-표준계정코드 미사용-,주식보상비용,연결재무제표 [member],제 14 기,2116364224.0,0.0,KRW,12
OpenDART_fnlttSinglAcntAll,871833,에스티팜,stpharm,237690,2021,CFS,SCE,자본변동표,-표준계정코드 미사용-,주식보상비용,자본 [member]|비지배지분 [member],제 14 기,141578812.0,0.0,KRW,12
OpenDART_fnlttSinglAcntAll,871833,에스티팜,stpharm,237690,2021,CFS,SCE,자본변동표,-표준계정코드 미사용-,주식보상비용,자본 [member]|지배기업의 소유주에게 귀속되는 자본 [member],제 14 기,1974785412.0,0.0,KRW,12
OpenDART_fnlttSinglAcntAll,871833,에스티팜,stpharm,237690,2021,CFS,SCE,자본변동표,-표준계정코드 미사용-,주식보상비용,자본 [member]|지배기업의 소유주에게 귀속되는 자본 [member]|기타자본구성요소 [member],제 14 기,1974785412.0,0.0,KRW,12
OpenDART_fnlttSinglAcntAll,871833,에스티팜,stpharm,237690,2021,CFS,SCE,자본변동표,-표준계정코드 미사용-,주식보상비용,자본 [member]|지배기업의 소유주에게 귀속되는 자본 [member]|이익잉여금 [member],제 14 기,0.0,0.0,KRW,12
OpenDART_fnlttSinglAcntAll,871833,에스티팜,stpharm,237690,2021,CFS,SCE,자본변동표,-표준계정코드 미사용-,주식보상비용,자본 [member]|지배기업의 소유주에게 귀속되는 자본 [member]|자본금 [member],제 14 기,0.0,0.0,KRW,12
OpenDART_fnlttSinglAcntAll,871833,에스티팜,stpharm,237690,2021,CFS,SCE,자본변동표,-표준계정코드 미사용-,주식보상비용,자본 [member]|지배기업의 소유주에게 귀속되는 자본 [member]|주식발행초과금,제 14 기,0.0,0.0,KRW,12
OpenDART_fnlttSinglAcntAll,871833,에스티팜,stpharm,237690,2021,CFS,SCE,자본변동표,ifrs-full_Equity,기말자본,연결재무제표 [member],제 14 기,326032576078.0,296753203150.0,KRW,13
OpenDART_fnlttSinglAcntAll,871833,에스티팜,stpharm,237690,2021,CFS,SCE,자본변동표,ifrs-full_Equity,기말자본,자본 [member]|비지배지분 [member],제 14 기,3058448546.0,1425108052.0,KRW,13
OpenDART_fnlttSinglAcntAll,871833,에스티팜,stpharm,237690,2021,CFS,SCE,자본변동표,ifrs-full_Equity,기말자본,자본 [member]|지배기업의 소유주에게 귀속되는 자본 [member],제 14 기,322974127532.0,295328095098.0,KRW,13
OpenDART_fnlttSinglAcntAll,871833,에스티팜,stpharm,237690,2021,CFS,SCE,자본변동표,ifrs-full_Equity,기말자본,자본 [member]|지배기업의 소유주에게 귀속되는 자본 [member]|기타자본구성요소 [member],제 14 기,11074454099.0,3079489157.0,KRW,13
OpenDART_fnlttSinglAcntAll,871833,에스티팜,stpharm,237690,2021,CFS,SCE,자본변동표,ifrs-full_Equity,기말자본,자본 [member]|지배기업의 소유주에게 귀속되는 자본 [member]|이익잉여금 [member],제 14 기,115589657312.0,111633667664.0,KRW,13
OpenDART_fnlttSinglAcntAll,871833,에스티팜,stpharm,237690,2021,CFS,SCE,자본변동표,ifrs-full_Equity,기말자본,자본 [member]|지배기업의 소유주에게 귀속되는 자본 [member]|자본금 [member],제 14 기,9404387500.0,9328000000.0,KRW,13
OpenDART_fnlttSinglAcntAll,871833,에스티팜,stpharm,237690,2021,CFS,SCE,자본변동표,ifrs-full_Equity,기말자본,자본 [member]|지배기업의 소유주에게 귀속되는 자본 [member]|주식발행초과금,제 14 기,186905628621.0,171286938277.0,KRW,13
OpenDART_fnlttSinglAcntAll,871833,에스티팜,stpharm,237690,2022,CFS,BS,재무상태표,ifrs-full_CurrentAssets,유동자산,-,제 15 기,271260712284.0,244141732090.0,KRW,1
OpenDART_fnlttSinglAcntAll,871833,에스티팜,stpharm,237690,2022,CFS,BS,재무상태표,ifrs-full_CashAndCashEquivalents,현금및현금성자산,-,제 15 기,50201065697.0,39203238292.0,KRW,2
OpenDART_fnlttSinglAcntAll,871833,에스티팜,stpharm,237690,2022,CFS,BS,재무상태표,dart_ShortTermDepositsNotClassifiedAsCashEquivalents,단기금융상품,-,제 15 기,0.0,44000000000.0,KRW,3
OpenDART_fnlttSinglAcntAll,871833,에스티팜,stpharm,237690,2022,CFS,BS,재무상태표,-표준계정코드 미사용-,당기손익-공정가치측정 금융자산,-,제 15 기,8026889802.0,10013000000.0,KRW,4
OpenDART_fnlttSinglAcntAll,871833,에스티팜,stpharm,237690,2022,CFS,BS,재무상태표,ifrs-full_TradeAndOtherCurrentReceivables,매출채권 및 기타유동채권,-,제 15 기,94209767872.0,62949225867.0,KRW,5
OpenDART_fnlttSinglAcntAll,871833,에스티팜,stpharm,237690,2022,CFS,BS,재무상태표,ifrs-full_OtherCurrentFinancialAssets,기타유동금융자산,-,제 15 기,3130786006.0,1498873718.0,KRW,6
OpenDART_fnlttSinglAcntAll,871833,에스티팜,stpharm,237690,2022,CFS,BS,재무상태표,dart_OtherCurrentAssets,기타유동자산,-,제 15 기,7538912009.0,5667942869.0,KRW,7
OpenDART_fnlttSinglAcntAll,871833,에스티팜,stpharm,237690,2022,CFS,BS,재무상태표,ifrs-full_Inventories,재고자산,-,제 15 기,107622519229.0,80809451344.0,KRW,8
OpenDART_fnlttSinglAcntAll,871833,에스티팜,stpharm,237690,2022,CFS,BS,재무상태표,ifrs-full_CurrentTaxAssets,당기법인세자산,-,제 15 기,530771669.0,0.0,KRW,9
OpenDART_fnlttSinglAcntAll,871833,에스티팜,stpharm,237690,2022,CFS,BS,재무상태표,-표준계정코드 미사용-,당기환급금자산,-,제 15 기,0.0,0.0,KRW,10
OpenDART_fnlttSinglAcntAll,871833,에스티팜,stpharm,237690,2022,CFS,BS,재무상태표,ifrs-full_NoncurrentAssets,비유동자산,-,제 15 기,307418442638.0,254423481460.0,KRW,11
OpenDART_fnlttSinglAcntAll,871833,에스티팜,stpharm,237690,2022,CFS,BS,재무상태표,ifrs-full_NoncurrentFinancialAssetsMeasuredAtFairValueThroughOtherComprehensiveIncome,비유동 기타포괄손익-공정가치 측정 금융자산,-,제 15 기,3464744190.0,4535828577.0,KRW,12
OpenDART_fnlttSinglAcntAll,871833,에스티팜,stpharm,237690,2022,CFS,BS,재무상태표,-표준계정코드 미사용-,당기손익-공정가치측정 금융자산,-,제 15 기,8026889802.0,8727856796.0,KRW,13
OpenDART_fnlttSinglAcntAll,871833,에스티팜,stpharm,237690,2022,CFS,BS,재무상태표,-표준계정코드 미사용-,종속기업투자,-,제 15 기,0.0,0.0,KRW,14
OpenDART_fnlttSinglAcntAll,871833,에스티팜,stpharm,237690,2022,CFS,BS,재무상태표,ifrs-full_PropertyPlantAndEquipment,유형자산,-,제 15 기,254256350303.0,209094632939.0,KRW,15
OpenDART_fnlttSinglAcntAll,871833,에스티팜,stpharm,237690,2022,CFS,BS,재무상태표,ifrs-full_RightofuseAssets,사용권자산,-,제 15 기,3628616967.0,1095083443.0,KRW,16
OpenDART_fnlttSinglAcntAll,871833,에스티팜,stpharm,237690,2022,CFS,BS,재무상태표,ifrs-full_IntangibleAssetsOtherThanGoodwill,무형자산,-,제 15 기,12478987051.0,12618848844.0,KRW,17
OpenDART_fnlttSinglAcntAll,871833,에스티팜,stpharm,237690,2022,CFS,BS,재무상태표,ifrs-full_OtherNoncurrentFinancialAssets,기타비유동금융자산,-,제 15 기,2626552513.0,1942249106.0,KRW,18
OpenDART_fnlttSinglAcntAll,871833,에스티팜,stpharm,237690,2022,CFS,BS,재무상태표,ifrs-full_DeferredTaxAssets,이연법인세자산,-,제 15 기,17126590492.0,15732097859.0,KRW,19
OpenDART_fnlttSinglAcntAll,871833,에스티팜,stpharm,237690,2022,CFS,BS,재무상태표,-표준계정코드 미사용-,순확정급여자산,-,제 15 기,5809711320.0,676883896.0,KRW,20
OpenDART_fnlttSinglAcntAll,871833,에스티팜,stpharm,237690,2022,CFS,BS,재무상태표,ifrs-full_Assets,자산총계,-,제 15 기,578679154922.0,498565213550.0,KRW,21
OpenDART_fnlttSinglAcntAll,871833,에스티팜,stpharm,237690,2022,CFS,BS,재무상태표,ifrs-full_CurrentLiabilities,유동부채,-,제 15 기,179223988711.0,52574824823.0,KRW,23
OpenDART_fnlttSinglAcntAll,871833,에스티팜,stpharm,237690,2022,CFS,BS,재무상태표,ifrs-full_TradeAndOtherCurrentPayables,매입채무 및 기타유동채무,-,제 15 기,103949320146.0,12865130862.0,KRW,24
OpenDART_fnlttSinglAcntAll,871833,에스티팜,stpharm,237690,2022,CFS,BS,재무상태표,ifrs-full_ShorttermBorrowings,단기차입금,-,제 15 기,20000000000.0,0.0,KRW,25
OpenDART_fnlttSinglAcntAll,871833,에스티팜,stpharm,237690,2022,CFS,BS,재무상태표,ifrs-full_CurrentPortionOfLongtermBorrowings,유동성장기차입금,-,제 15 기,8293400000.0,15000000000.0,KRW,26
OpenDART_fnlttSinglAcntAll,871833,에스티팜,stpharm,237690,2022,CFS,BS,재무상태표,ifrs-full_OtherCurrentFinancialLiabilities,기타유동금융부채,-,제 15 기,21923940417.0,13176311415.0,KRW,27
OpenDART_fnlttSinglAcntAll,871833,에스티팜,stpharm,237690,2022,CFS,BS,재무상태표,ifrs-full_CurrentLeaseLiabilities,유동리스부채,-,제 15 기,1185348847.0,587236871.0,KRW,28
OpenDART_fnlttSinglAcntAll,871833,에스티팜,stpharm,237690,2022,CFS,BS,재무상태표,dart_OtherCurrentLiabilities,기타유동부채,-,제 15 기,19208244046.0,7660757150.0,KRW,29
OpenDART_fnlttSinglAcntAll,871833,에스티팜,stpharm,237690,2022,CFS,BS,재무상태표,-표준계정코드 미사용-,기타종업원급여부채,-,제 15 기,2286827110.0,1963280140.0,KRW,30
OpenDART_fnlttSinglAcntAll,871833,에스티팜,stpharm,237690,2022,CFS,BS,재무상태표,ifrs-full_CurrentTaxLiabilities,당기법인세부채,-,제 15 기,2376908145.0,1322108385.0,KRW,31
OpenDART_fnlttSinglAcntAll,871833,에스티팜,stpharm,237690,2022,CFS,BS,재무상태표,ifrs-full_NoncurrentLiabilities,비유동부채,-,제 15 기,50325285883.0,119957812649.0,KRW,32
OpenDART_fnlttSinglAcntAll,871833,에스티팜,stpharm,237690,2022,CFS,BS,재무상태표,dart_LongTermBorrowingsGross,장기차입금,-,제 15 기,16706600000.0,91451030930.0,KRW,33
OpenDART_fnlttSinglAcntAll,871833,에스티팜,stpharm,237690,2022,CFS,BS,재무상태표,dart_PostemploymentBenefitObligations,퇴직급여부채,-,제 15 기,0.0,0.0,KRW,34
OpenDART_fnlttSinglAcntAll,871833,에스티팜,stpharm,237690,2022,CFS,BS,재무상태표,-표준계정코드 미사용-,기타지급채무,-,제 15 기,2348173476.0,956295384.0,KRW,35
OpenDART_fnlttSinglAcntAll,871833,에스티팜,stpharm,237690,2022,CFS,BS,재무상태표,ifrs-full_OtherNoncurrentFinancialLiabilities,기타비유동금융부채,-,제 15 기,3486407720.0,3443483285.0,KRW,36
OpenDART_fnlttSinglAcntAll,871833,에스티팜,stpharm,237690,2022,CFS,BS,재무상태표,ifrs-full_NoncurrentLeaseLiabilities,비유동리스부채,-,제 15 기,2481085839.0,479097997.0,KRW,37
OpenDART_fnlttSinglAcntAll,871833,에스티팜,stpharm,237690,2022,CFS,BS,재무상태표,-표준계정코드 미사용-,기타장기종업원급여부채,-,제 15 기,24584342259.0,22790531409.0,KRW,38
OpenDART_fnlttSinglAcntAll,871833,에스티팜,stpharm,237690,2022,CFS,BS,재무상태표,dart_OtherNonCurrentLiabilities,기타비유동부채,-,제 15 기,718676589.0,837373644.0,KRW,39
OpenDART_fnlttSinglAcntAll,871833,에스티팜,stpharm,237690,2022,CFS,BS,재무상태표,ifrs-full_Liabilities,부채총계,-,제 15 기,229549274594.0,172532637472.0,KRW,40
OpenDART_fnlttSinglAcntAll,871833,에스티팜,stpharm,237690,2022,CFS,BS,재무상태표,ifrs-full_EquityAttributableToOwnersOfParent,지배기업의 소유주에게 귀속되는 자본,-,제 15 기,337631831326.0,322974127532.0,KRW,42
OpenDART_fnlttSinglAcntAll,871833,에스티팜,stpharm,237690,2022,CFS,BS,재무상태표,ifrs-full_IssuedCapital,자본금,-,제 15 기,9404387500.0,9404387500.0,KRW,43
OpenDART_fnlttSinglAcntAll,871833,에스티팜,stpharm,237690,2022,CFS,BS,재무상태표,ifrs-full_SharePremium,주식발행초과금,-,제 15 기,186905628621.0,186905628621.0,KRW,44
OpenDART_fnlttSinglAcntAll,871833,에스티팜,stpharm,237690,2022,CFS,BS,재무상태표,ifrs-full_RetainedEarnings,이익잉여금(결손금),-,제 15 기,126893255453.0,115589657312.0,KRW,45
OpenDART_fnlttSinglAcntAll,871833,에스티팜,stpharm,237690,2022,CFS,BS,재무상태표,dart_ElementsOfOtherStockholdersEquity,기타자본구성요소,-,제 15 기,14428559752.0,11074454099.0,KRW,46
OpenDART_fnlttSinglAcntAll,871833,에스티팜,stpharm,237690,2022,CFS,BS,재무상태표,ifrs-full_NoncontrollingInterests,비지배지분,-,제 15 기,3471159200.0,3058448546.0,KRW,47
OpenDART_fnlttSinglAcntAll,871833,에스티팜,stpharm,237690,2022,CFS,BS,재무상태표,ifrs-full_Equity,자본총계,-,제 15 기,341102990526.0,326032576078.0,KRW,48
OpenDART_fnlttSinglAcntAll,871833,에스티팜,stpharm,237690,2022,CFS,BS,재무상태표,ifrs-full_EquityAndLiabilities,자본과부채총계,-,제 15 기,570652265120.0,498565213550.0,KRW,49
OpenDART_fnlttSinglAcntAll,871833,에스티팜,stpharm,237690,2022,CFS,CIS,포괄손익계산서,ifrs-full_Revenue,수익(매출액),-,제 15 기,249321677973.0,165641947051.0,KRW,0
OpenDART_fnlttSinglAcntAll,871833,에스티팜,stpharm,237690,2022,CFS,CIS,포괄손익계산서,ifrs-full_CostOfSales,매출원가,-,제 15 기,160389939944.0,107898776034.0,KRW,1
OpenDART_fnlttSinglAcntAll,871833,에스티팜,stpharm,237690,2022,CFS,CIS,포괄손익계산서,ifrs-full_GrossProfit,매출총이익,-,제 15 기,88931738029.0,57743171017.0,KRW,2
OpenDART_fnlttSinglAcntAll,871833,에스티팜,stpharm,237690,2022,CFS,CIS,포괄손익계산서,dart_TotalSellingGeneralAdministrativeExpenses,판매비와관리비,-,제 15 기,71080322868.0,52165584438.0,KRW,3
OpenDART_fnlttSinglAcntAll,871833,에스티팜,stpharm,237690,2022,CFS,CIS,포괄손익계산서,dart_OperatingIncomeLoss,영업이익(손실),-,제 15 기,17851415161.0,5577586579.0,KRW,4
OpenDART_fnlttSinglAcntAll,871833,에스티팜,stpharm,237690,2022,CFS,CIS,포괄손익계산서,dart_OtherGains,기타이익,-,제 15 기,879171203.0,170518289.0,KRW,5
OpenDART_fnlttSinglAcntAll,871833,에스티팜,stpharm,237690,2022,CFS,CIS,포괄손익계산서,dart_OtherLosses,기타손실,-,제 15 기,840925925.0,3778386548.0,KRW,6
OpenDART_fnlttSinglAcntAll,871833,에스티팜,stpharm,237690,2022,CFS,CIS,포괄손익계산서,ifrs-full_FinanceIncome,금융수익,-,제 15 기,14981226130.0,5626374403.0,KRW,7
OpenDART_fnlttSinglAcntAll,871833,에스티팜,stpharm,237690,2022,CFS,CIS,포괄손익계산서,ifrs-full_FinanceCosts,금융원가,-,제 15 기,13633853205.0,6335886445.0,KRW,8
OpenDART_fnlttSinglAcntAll,871833,에스티팜,stpharm,237690,2022,CFS,CIS,포괄손익계산서,ifrs-full_ProfitLossBeforeTax,법인세비용차감전순이익(손실),-,제 15 기,19237033364.0,1260206278.0,KRW,9
OpenDART_fnlttSinglAcntAll,871833,에스티팜,stpharm,237690,2022,CFS,CIS,포괄손익계산서,ifrs-full_IncomeTaxExpenseContinuingOperations,법인세비용,-,제 15 기,1721312484.0,-2117183893.0,KRW,10
OpenDART_fnlttSinglAcntAll,871833,에스티팜,stpharm,237690,2022,CFS,CIS,포괄손익계산서,ifrs-full_ProfitLoss,당기순이익(손실),-,제 15 기,17515720880.0,3377390171.0,KRW,11
OpenDART_fnlttSinglAcntAll,871833,에스티팜,stpharm,237690,2022,CFS,CIS,포괄손익계산서,ifrs-full_OtherComprehensiveIncome,기타포괄손익,-,제 15 기,1939582356.0,1765490417.0,KRW,12
OpenDART_fnlttSinglAcntAll,871833,에스티팜,stpharm,237690,2022,CFS,CIS,포괄손익계산서,ifrs-full_ComprehensiveIncome,총포괄손익,-,제 15 기,19455303236.0,5142880588.0,KRW,13
OpenDART_fnlttSinglAcntAll,871833,에스티팜,stpharm,237690,2022,CFS,CIS,포괄손익계산서,ifrs-full_ProfitLossAttributableToOwnersOfParent,지배기업의 소유주에게 귀속되는 당기순이익(손실),-,제 15 기,18000015281.0,3312124537.0,KRW,15
OpenDART_fnlttSinglAcntAll,871833,에스티팜,stpharm,237690,2022,CFS,CIS,포괄손익계산서,ifrs-full_ProfitLossAttributableToNoncontrollingInterests,비지배지분에 귀속되는 당기순이익(손실),-,제 15 기,484294401.0,65265634.0,KRW,16
OpenDART_fnlttSinglAcntAll,871833,에스티팜,stpharm,237690,2022,CFS,CIS,포괄손익계산서,ifrs-full_ComprehensiveIncomeAttributableToOwnersOfParent,"총 포괄손익, 지배기업의 소유주에게 귀속되는 지분",-,제 15 기,19793759290.0,4799618906.0,KRW,18
OpenDART_fnlttSinglAcntAll,871833,에스티팜,stpharm,237690,2022,CFS,CIS,포괄손익계산서,ifrs-full_ComprehensiveIncomeAttributableToNoncontrollingInterests,"총 포괄손익, 비지배지분",-,제 15 기,338456055.0,343261682.0,KRW,19
OpenDART_fnlttSinglAcntAll,871833,에스티팜,stpharm,237690,2022,CFS,CIS,포괄손익계산서,ifrs-full_BasicEarningsLossPerShare,기본주당이익(손실),-,제 15 기,957.0,177.0,KRW,21
OpenDART_fnlttSinglAcntAll,871833,에스티팜,stpharm,237690,2022,CFS,CIS,포괄손익계산서,ifrs-full_DilutedEarningsLossPerShare,희석주당이익(손실),-,제 15 기,957.0,177.0,KRW,22
OpenDART_fnlttSinglAcntAll,871833,에스티팜,stpharm,237690,2022,CFS,CF,현금흐름표,ifrs-full_CashFlowsFromUsedInOperatingActivities,영업활동현금흐름,-,제 15 기,7030980847.0,7269872745.0,KRW,0
OpenDART_fnlttSinglAcntAll,871833,에스티팜,stpharm,237690,2022,CFS,CF,현금흐름표,-표준계정코드 미사용-,영업으로부터 창출된 현금흐름,-,제 15 기,9899343209.0,6443237483.0,KRW,1
OpenDART_fnlttSinglAcntAll,871833,에스티팜,stpharm,237690,2022,CFS,CF,현금흐름표,ifrs-full_IncomeTaxesPaidRefundClassifiedAsOperatingActivities,법인세납부(환급),-,제 15 기,2868362362.0,-826635262.0,KRW,2
OpenDART_fnlttSinglAcntAll,871833,에스티팜,stpharm,237690,2022,CFS,CF,현금흐름표,ifrs-full_CashFlowsFromUsedInInvestingActivities,투자활동현금흐름,-,제 15 기,-5724244404.0,-8033541371.0,KRW,3
OpenDART_fnlttSinglAcntAll,871833,에스티팜,stpharm,237690,2022,CFS,CF,현금흐름표,ifrs-full_InterestReceivedClassifiedAsInvestingActivities,이자수취,-,제 15 기,1354720268.0,826548524.0,KRW,4
OpenDART_fnlttSinglAcntAll,871833,에스티팜,stpharm,237690,2022,CFS,CF,현금흐름표,ifrs-full_PurchaseOfPropertyPlantAndEquipmentClassifiedAsInvestingActivities,유형자산의 취득,-,제 15 기,60478656365.0,51792326234.0,KRW,5
OpenDART_fnlttSinglAcntAll,871833,에스티팜,stpharm,237690,2022,CFS,CF,현금흐름표,dart_PurchaseOfShortTermFinancialInstruments,단기금융상품의 취득,-,제 15 기,243662817625.0,292024513699.0,KRW,6
OpenDART_fnlttSinglAcntAll,871833,에스티팜,stpharm,237690,2022,CFS,CF,현금흐름표,dart_ProceedsFromSalesOfShortTermFinancialInstruments,단기금융상품의 처분,-,제 15 기,291675817625.0,345050137651.0,KRW,7
OpenDART_fnlttSinglAcntAll,871833,에스티팜,stpharm,237690,2022,CFS,CF,현금흐름표,ifrs-full_ProceedsFromSalesOfPropertyPlantAndEquipmentClassifiedAsInvestingActivities,유형자산의 처분,-,제 15 기,3670465.0,612720542.0,KRW,8
OpenDART_fnlttSinglAcntAll,871833,에스티팜,stpharm,237690,2022,CFS,CF,현금흐름표,ifrs-full_PurchaseOfIntangibleAssetsClassifiedAsInvestingActivities,무형자산의 취득,-,제 15 기,184798388.0,125875739.0,KRW,9
OpenDART_fnlttSinglAcntAll,871833,에스티팜,stpharm,237690,2022,CFS,CF,현금흐름표,ifrs-full_ProceedsFromSalesOfIntangibleAssetsClassifiedAsInvestingActivities,무형자산의 처분,-,제 15 기,293314834.0,790467.0,KRW,10
OpenDART_fnlttSinglAcntAll,871833,에스티팜,stpharm,237690,2022,CFS,CF,현금흐름표,-표준계정코드 미사용-,당기손익 공정가치금융자산의증가,-,제 15 기,7100000000.0,22119060000.0,KRW,11
OpenDART_fnlttSinglAcntAll,871833,에스티팜,stpharm,237690,2022,CFS,CF,현금흐름표,-표준계정코드 미사용-,당기손익공정가치금융자산의 감소,-,제 15 기,13172139792.0,15088717807.0,KRW,12
OpenDART_fnlttSinglAcntAll,871833,에스티팜,stpharm,237690,2022,CFS,CF,현금흐름표,-표준계정코드 미사용-,기타포괄손익공정가치측정 금융자산의 증가,-,제 15 기,0.0,3503360000.0,KRW,13
OpenDART_fnlttSinglAcntAll,871833,에스티팜,stpharm,237690,2022,CFS,CF,현금흐름표,-표준계정코드 미사용-,기타포괄손익공정가치측정 금융자산의 감소,-,제 15 기,0.0,0.0,KRW,14
OpenDART_fnlttSinglAcntAll,871833,에스티팜,stpharm,237690,2022,CFS,CF,현금흐름표,-표준계정코드 미사용-,통화선도부채의 감소,-,제 15 기,0.0,0.0,KRW,15
OpenDART_fnlttSinglAcntAll,871833,에스티팜,stpharm,237690,2022,CFS,CF,현금흐름표,-표준계정코드 미사용-,통화선도자산의 감소,-,제 15 기,0.0,0.0,KRW,16
OpenDART_fnlttSinglAcntAll,871833,에스티팜,stpharm,237690,2022,CFS,CF,현금흐름표,dart_IncreaseInGuaranteeDeposits,임차보증금의 증가,-,제 15 기,2161017322.0,19323650.0,KRW,17
OpenDART_fnlttSinglAcntAll,871833,에스티팜,stpharm,237690,2022,CFS,CF,현금흐름표,dart_DecreaseInGuaranteeDeposits,임차보증금의 감소,-,제 15 기,1468400000.0,0.0,KRW,18
OpenDART_fnlttSinglAcntAll,871833,에스티팜,stpharm,237690,2022,CFS,CF,현금흐름표,-표준계정코드 미사용-,기타보증금의 증가,-,제 15 기,113901688.0,27997040.0,KRW,19
OpenDART_fnlttSinglAcntAll,871833,에스티팜,stpharm,237690,2022,CFS,CF,현금흐름표,-표준계정코드 미사용-,기타보증금의 감소,-,제 15 기,8884000.0,0.0,KRW,20
OpenDART_fnlttSinglAcntAll,871833,에스티팜,stpharm,237690,2022,CFS,CF,현금흐름표,-표준계정코드 미사용-,사업결합으로 인한 순현금유출,-,제 15 기,0.0,0.0,KRW,21
OpenDART_fnlttSinglAcntAll,871833,에스티팜,stpharm,237690,2022,CFS,CF,현금흐름표,ifrs-full_CashFlowsFromUsedInFinancingActivities,재무활동현금흐름,-,제 15 기,10808138703.0,-115590621.0,KRW,22
OpenDART_fnlttSinglAcntAll,871833,에스티팜,stpharm,237690,2022,CFS,CF,현금흐름표,-표준계정코드 미사용-,리스부채의원금상환,-,제 15 기,1749775581.0,1018735605.0,KRW,23
OpenDART_fnlttSinglAcntAll,871833,에스티팜,stpharm,237690,2022,CFS,CF,현금흐름표,-표준계정코드 미사용-,유동성장기부채의 감소,-,제 15 기,15000000000.0,0.0,KRW,24
OpenDART_fnlttSinglAcntAll,871833,에스티팜,stpharm,237690,2022,CFS,CF,현금흐름표,ifrs-full_ProceedsFromGovernmentGrantsClassifiedAsFinancingActivities,정부보조금의 수취,-,제 15 기,1391878092.0,202312300.0,KRW,25
OpenDART_fnlttSinglAcntAll,871833,에스티팜,stpharm,237690,2022,CFS,CF,현금흐름표,dart_RepaymentForGovernmentGrantsClassifiedAsFinancingActivities,정부보조금의 상환,-,제 15 기,0.0,0.0,KRW,26
OpenDART_fnlttSinglAcntAll,871833,에스티팜,stpharm,237690,2022,CFS,CF,현금흐름표,dart_ProceedsFromLongTermBorrowings,장기차입금의 증가,-,제 15 기,16500000000.0,0.0,KRW,27
OpenDART_fnlttSinglAcntAll,871833,에스티팜,stpharm,237690,2022,CFS,CF,현금흐름표,dart_RepaymentsOfLongTermBorrowings,장기차입금의 감소,-,제 15 기,0.0,0.0,KRW,28
OpenDART_fnlttSinglAcntAll,871833,에스티팜,stpharm,237690,2022,CFS,CF,현금흐름표,dart_ProceedsFromShortTermBorrowings,단기차입금의 증가,-,제 15 기,20000000000.0,0.0,KRW,29
OpenDART_fnlttSinglAcntAll,871833,에스티팜,stpharm,237690,2022,CFS,CF,현금흐름표,-표준계정코드 미사용-,비지배지분 증가,-,제 15 기,0.0,1148500000.0,KRW,30
OpenDART_fnlttSinglAcntAll,871833,에스티팜,stpharm,237690,2022,CFS,CF,현금흐름표,dart_ProceedsFromConvertibleBonds,전환사채의 증가,-,제 15 기,0.0,0.0,KRW,31
OpenDART_fnlttSinglAcntAll,871833,에스티팜,stpharm,237690,2022,CFS,CF,현금흐름표,ifrs-full_InterestPaidClassifiedAsFinancingActivities,이자지급,-,제 15 기,929576308.0,447667316.0,KRW,32
OpenDART_fnlttSinglAcntAll,871833,에스티팜,stpharm,237690,2022,CFS,CF,현금흐름표,ifrs-full_DividendsPaidClassifiedAsFinancingActivities,배당금지급,-,제 15 기,9404387500.0,0.0,KRW,33
OpenDART_fnlttSinglAcntAll,871833,에스티팜,stpharm,237690,2022,CFS,CF,현금흐름표,ifrs-full_IncreaseDecreaseInCashAndCashEquivalentsBeforeEffectOfExchangeRateChanges,환율변동효과 반영전 현금및현금성자산의 순증가(감소),-,제 15 기,12114875146.0,-879259247.0,KRW,34
OpenDART_fnlttSinglAcntAll,871833,에스티팜,stpharm,237690,2022,CFS,CF,현금흐름표,dart_CashAndCashEquivalentsAtBeginningOfPeriodCf,기초현금및현금성자산,-,제 15 기,39203238292.0,38625057700.0,KRW,35
OpenDART_fnlttSinglAcntAll,871833,에스티팜,stpharm,237690,2022,CFS,CF,현금흐름표,ifrs-full_EffectOfExchangeRateChangesOnCashAndCashEquivalents,현금및현금성자산에 대한 환율변동효과,-,제 15 기,-1117047741.0,1457439839.0,KRW,36
OpenDART_fnlttSinglAcntAll,871833,에스티팜,stpharm,237690,2022,CFS,CF,현금흐름표,dart_CashAndCashEquivalentsAtEndOfPeriodCf,기말현금및현금성자산,-,제 15 기,50201065697.0,39203238292.0,KRW,37
OpenDART_fnlttSinglAcntAll,871833,에스티팜,stpharm,237690,2022,CFS,SCE,자본변동표,dart_EquityAtBeginningOfPeriod,기초자본,연결재무제표 [member],제 15 기,326032576078.0,296753203150.0,KRW,1
OpenDART_fnlttSinglAcntAll,871833,에스티팜,stpharm,237690,2022,CFS,SCE,자본변동표,dart_EquityAtBeginningOfPeriod,기초자본,자본 [member]|비지배지분 [member],제 15 기,3058448546.0,1425108052.0,KRW,1
OpenDART_fnlttSinglAcntAll,871833,에스티팜,stpharm,237690,2022,CFS,SCE,자본변동표,dart_EquityAtBeginningOfPeriod,기초자본,자본 [member]|지배기업의 소유주에게 귀속되는 자본 [member],제 15 기,322974127532.0,295328095098.0,KRW,1
OpenDART_fnlttSinglAcntAll,871833,에스티팜,stpharm,237690,2022,CFS,SCE,자본변동표,dart_EquityAtBeginningOfPeriod,기초자본,자본 [member]|지배기업의 소유주에게 귀속되는 자본 [member]|기타자본구성요소 [member],제 15 기,11074454099.0,3079489157.0,KRW,1
OpenDART_fnlttSinglAcntAll,871833,에스티팜,stpharm,237690,2022,CFS,SCE,자본변동표,dart_EquityAtBeginningOfPeriod,기초자본,자본 [member]|지배기업의 소유주에게 귀속되는 자본 [member]|이익잉여금 [member],제 15 기,115589657312.0,111633667664.0,KRW,1
OpenDART_fnlttSinglAcntAll,871833,에스티팜,stpharm,237690,2022,CFS,SCE,자본변동표,dart_EquityAtBeginningOfPeriod,기초자본,자본 [member]|지배기업의 소유주에게 귀속되는 자본 [member]|자본금 [member],제 15 기,9404387500.0,9328000000.0,KRW,1
OpenDART_fnlttSinglAcntAll,871833,에스티팜,stpharm,237690,2022,CFS,SCE,자본변동표,dart_EquityAtBeginningOfPeriod,기초자본,자본 [member]|지배기업의 소유주에게 귀속되는 자본 [member]|주식발행초과금,제 15 기,186905628621.0,171286938277.0,KRW,1
OpenDART_fnlttSinglAcntAll,871833,에스티팜,stpharm,237690,2022,CFS,SCE,자본변동표,ifrs-full_ProfitLoss,당기순이익(손실),자본 [member]|지배기업의 소유주에게 귀속되는 자본 [member],제 15 기,18000015281.0,3312124537.0,KRW,3
OpenDART_fnlttSinglAcntAll,871833,에스티팜,stpharm,237690,2022,CFS,SCE,자본변동표,ifrs-full_ProfitLoss,당기순이익(손실),자본 [member]|지배기업의 소유주에게 귀속되는 자본 [member]|이익잉여금 [member],제 15 기,18000015281.0,3312124537.0,KRW,3
OpenDART_fnlttSinglAcntAll,871833,에스티팜,stpharm,237690,2022,CFS,SCE,자본변동표,ifrs-full_ProfitLoss,당기순이익(손실),자본 [member]|비지배지분 [member],제 15 기,484294401.0,65265634.0,KRW,3
OpenDART_fnlttSinglAcntAll,871833,에스티팜,stpharm,237690,2022,CFS,SCE,자본변동표,ifrs-full_ProfitLoss,당기순이익(손실),연결재무제표 [member],제 15 기,17515720880.0,3377390171.0,KRW,3
OpenDART_fnlttSinglAcntAll,871833,에스티팜,stpharm,237690,2022,CFS,SCE,자본변동표,-표준계정코드 미사용-,기타포괄손익-공정가치 측정 금융자산 평가손익 적립금,연결재무제표 [member],제 15 기,859114020.0,113797407.0,KRW,5
OpenDART_fnlttSinglAcntAll,871833,에스티팜,stpharm,237690,2022,CFS,SCE,자본변동표,-표준계정코드 미사용-,기타포괄손익-공정가치 측정 금융자산 평가손익 적립금,자본 [member]|지배기업의 소유주에게 귀속되는 자본 [member],제 15 기,859114020.0,113797407.0,KRW,5
OpenDART_fnlttSinglAcntAll,871833,에스티팜,stpharm,237690,2022,CFS,SCE,자본변동표,-표준계정코드 미사용-,기타포괄손익-공정가치 측정 금융자산 평가손익 적립금,자본 [member]|지배기업의 소유주에게 귀속되는 자본 [member]|기타자본구성요소 [member],제 15 기,859114020.0,113797407.0,KRW,5
OpenDART_fnlttSinglAcntAll,871833,에스티팜,stpharm,237690,2022,CFS,SCE,자본변동표,-표준계정코드 미사용-,해외사업환산손익,자본 [member]|지배기업의 소유주에게 귀속되는 자본 [member]|기타자본구성요소 [member],제 15 기,55112331.0,957426665.0,KRW,6
OpenDART_fnlttSinglAcntAll,871833,에스티팜,stpharm,237690,2022,CFS,SCE,자본변동표,-표준계정코드 미사용-,해외사업환산손익,자본 [member]|지배기업의 소유주에게 귀속되는 자본 [member],제 15 기,55112331.0,957426665.0,KRW,6
OpenDART_fnlttSinglAcntAll,871833,에스티팜,stpharm,237690,2022,CFS,SCE,자본변동표,-표준계정코드 미사용-,해외사업환산손익,자본 [member]|비지배지분 [member],제 15 기,92092521.0,148067669.0,KRW,6
OpenDART_fnlttSinglAcntAll,871833,에스티팜,stpharm,237690,2022,CFS,SCE,자본변동표,-표준계정코드 미사용-,해외사업환산손익,연결재무제표 [member],제 15 기,147204852.0,1105494334.0,KRW,6
OpenDART_fnlttSinglAcntAll,871833,에스티팜,stpharm,237690,2022,CFS,SCE,자본변동표,-표준계정코드 미사용-,확정급여제도재측정손익,자본 [member]|지배기업의 소유주에게 귀속되는 자본 [member]|이익잉여금 [member],제 15 기,2707970360.0,643865111.0,KRW,7
OpenDART_fnlttSinglAcntAll,871833,에스티팜,stpharm,237690,2022,CFS,SCE,자본변동표,-표준계정코드 미사용-,확정급여제도재측정손익,자본 [member]|지배기업의 소유주에게 귀속되는 자본 [member],제 15 기,2707970360.0,643865111.0,KRW,7
OpenDART_fnlttSinglAcntAll,871833,에스티팜,stpharm,237690,2022,CFS,SCE,자본변동표,-표준계정코드 미사용-,확정급여제도재측정손익,연결재무제표 [member],제 15 기,2945901228.0,773793490.0,KRW,7
OpenDART_fnlttSinglAcntAll,871833,에스티팜,stpharm,237690,2022,CFS,SCE,자본변동표,-표준계정코드 미사용-,확정급여제도재측정손익,자본 [member]|비지배지분 [member],제 15 기,237930868.0,129928379.0,KRW,7
OpenDART_fnlttSinglAcntAll,871833,에스티팜,stpharm,237690,2022,CFS,SCE,자본변동표,ifrs-full_DividendsPaid,배당금지급,자본 [member]|지배기업의 소유주에게 귀속되는 자본 [member],제 15 기,9404387500.0,,KRW,8
OpenDART_fnlttSinglAcntAll,871833,에스티팜,stpharm,237690,2022,CFS,SCE,자본변동표,ifrs-full_DividendsPaid,배당금지급,자본 [member]|지배기업의 소유주에게 귀속되는 자본 [member]|이익잉여금 [member],제 15 기,9404387500.0,,KRW,8
OpenDART_fnlttSinglAcntAll,871833,에스티팜,stpharm,237690,2022,CFS,SCE,자본변동표,ifrs-full_DividendsPaid,배당금지급,연결재무제표 [member],제 15 기,9404387500.0,,KRW,8
OpenDART_fnlttSinglAcntAll,871833,에스티팜,stpharm,237690,2022,CFS,SCE,자본변동표,ifrs-full_IncreaseDecreaseThroughChangesInOwnershipInterestsInSubsidiariesThatDoNotResultInLossOfControl,지배력을 상실하지 않는 종속기업에 대한 소유지분의 변동에 따른 증가(감소)/비지배지분의 변동,자본 [member]|비지배지분 [member],제 15 기,1148500000.0,1148500000.0,KRW,10
OpenDART_fnlttSinglAcntAll,871833,에스티팜,stpharm,237690,2022,CFS,SCE,자본변동표,ifrs-full_IncreaseDecreaseThroughChangesInOwnershipInterestsInSubsidiariesThatDoNotResultInLossOfControl,지배력을 상실하지 않는 종속기업에 대한 소유지분의 변동에 따른 증가(감소)/비지배지분의 변동,연결재무제표 [member],제 15 기,1148500000.0,1148500000.0,KRW,10
OpenDART_fnlttSinglAcntAll,871833,에스티팜,stpharm,237690,2022,CFS,SCE,자본변동표,-표준계정코드 미사용-,전환사채의 변동,자본 [member]|지배기업의 소유주에게 귀속되는 자본 [member]|주식발행초과금,제 15 기,,15618690344.0,KRW,11
OpenDART_fnlttSinglAcntAll,871833,에스티팜,stpharm,237690,2022,CFS,SCE,자본변동표,-표준계정코드 미사용-,전환사채의 변동,자본 [member]|지배기업의 소유주에게 귀속되는 자본 [member]|자본금 [member],제 15 기,,76387500.0,KRW,11
OpenDART_fnlttSinglAcntAll,871833,에스티팜,stpharm,237690,2022,CFS,SCE,자본변동표,-표준계정코드 미사용-,전환사채의 변동,자본 [member]|지배기업의 소유주에게 귀속되는 자본 [member]|기타자본구성요소 [member],제 15 기,,5176550272.0,KRW,11
OpenDART_fnlttSinglAcntAll,871833,에스티팜,stpharm,237690,2022,CFS,SCE,자본변동표,-표준계정코드 미사용-,전환사채의 변동,자본 [member]|지배기업의 소유주에게 귀속되는 자본 [member],제 15 기,,20871628116.0,KRW,11
OpenDART_fnlttSinglAcntAll,871833,에스티팜,stpharm,237690,2022,CFS,SCE,자본변동표,-표준계정코드 미사용-,전환사채의 변동,연결재무제표 [member],제 15 기,,20871628116.0,KRW,11
OpenDART_fnlttSinglAcntAll,871833,에스티팜,stpharm,237690,2022,CFS,SCE,자본변동표,-표준계정코드 미사용-,전환사채의 변동,자본 [member]|비지배지분 [member],제 15 기,,0.0,KRW,11
OpenDART_fnlttSinglAcntAll,871833,에스티팜,stpharm,237690,2022,CFS,SCE,자본변동표,-표준계정코드 미사용-,주식보상비용,연결재무제표 [member],제 15 기,5019498712.0,2116364224.0,KRW,12
OpenDART_fnlttSinglAcntAll,871833,에스티팜,stpharm,237690,2022,CFS,SCE,자본변동표,-표준계정코드 미사용-,주식보상비용,자본 [member]|지배기업의 소유주에게 귀속되는 자본 [member]|기타자본구성요소 [member],제 15 기,4235504149.0,1974785412.0,KRW,12
OpenDART_fnlttSinglAcntAll,871833,에스티팜,stpharm,237690,2022,CFS,SCE,자본변동표,-표준계정코드 미사용-,주식보상비용,자본 [member]|비지배지분 [member],제 15 기,783994563.0,141578812.0,KRW,12
OpenDART_fnlttSinglAcntAll,871833,에스티팜,stpharm,237690,2022,CFS,SCE,자본변동표,-표준계정코드 미사용-,주식보상비용,자본 [member]|지배기업의 소유주에게 귀속되는 자본 [member],제 15 기,4235504149.0,1974785412.0,KRW,12
OpenDART_fnlttSinglAcntAll,871833,에스티팜,stpharm,237690,2022,CFS,SCE,자본변동표,-표준계정코드 미사용-,주식선택권 행사,자본 [member]|비지배지분 [member],제 15 기,32827855.0,,KRW,13
OpenDART_fnlttSinglAcntAll,871833,에스티팜,stpharm,237690,2022,CFS,SCE,자본변동표,-표준계정코드 미사용-,주식선택권 행사,자본 [member]|지배기업의 소유주에게 귀속되는 자본 [member],제 15 기,32827855.0,,KRW,13
OpenDART_fnlttSinglAcntAll,871833,에스티팜,stpharm,237690,2022,CFS,SCE,자본변동표,-표준계정코드 미사용-,주식선택권 행사,연결재무제표 [member],제 15 기,0.0,,KRW,13
OpenDART_fnlttSinglAcntAll,871833,에스티팜,stpharm,237690,2022,CFS,SCE,자본변동표,-표준계정코드 미사용-,주식선택권 행사,자본 [member]|지배기업의 소유주에게 귀속되는 자본 [member]|기타자본구성요소 [member],제 15 기,32827855.0,,KRW,13
OpenDART_fnlttSinglAcntAll,871833,에스티팜,stpharm,237690,2022,CFS,SCE,자본변동표,ifrs-full_Equity,기말자본,자본 [member]|지배기업의 소유주에게 귀속되는 자본 [member]|주식발행초과금,제 15 기,186905628621.0,186905628621.0,KRW,14
OpenDART_fnlttSinglAcntAll,871833,에스티팜,stpharm,237690,2022,CFS,SCE,자본변동표,ifrs-full_Equity,기말자본,자본 [member]|비지배지분 [member],제 15 기,3471159200.0,3058448546.0,KRW,14
OpenDART_fnlttSinglAcntAll,871833,에스티팜,stpharm,237690,2022,CFS,SCE,자본변동표,ifrs-full_Equity,기말자본,연결재무제표 [member],제 15 기,341102990526.0,326032576078.0,KRW,14
OpenDART_fnlttSinglAcntAll,871833,에스티팜,stpharm,237690,2022,CFS,SCE,자본변동표,ifrs-full_Equity,기말자본,자본 [member]|지배기업의 소유주에게 귀속되는 자본 [member]|자본금 [member],제 15 기,9404387500.0,9404387500.0,KRW,14
OpenDART_fnlttSinglAcntAll,871833,에스티팜,stpharm,237690,2022,CFS,SCE,자본변동표,ifrs-full_Equity,기말자본,자본 [member]|지배기업의 소유주에게 귀속되는 자본 [member]|이익잉여금 [member],제 15 기,126893255453.0,115589657312.0,KRW,14
OpenDART_fnlttSinglAcntAll,871833,에스티팜,stpharm,237690,2022,CFS,SCE,자본변동표,ifrs-full_Equity,기말자본,자본 [member]|지배기업의 소유주에게 귀속되는 자본 [member]|기타자본구성요소 [member],제 15 기,14428559752.0,11074454099.0,KRW,14
OpenDART_fnlttSinglAcntAll,871833,에스티팜,stpharm,237690,2022,CFS,SCE,자본변동표,ifrs-full_Equity,기말자본,자본 [member]|지배기업의 소유주에게 귀속되는 자본 [member],제 15 기,337631831326.0,322974127532.0,KRW,14
OpenDART_fnlttSinglAcntAll,871833,에스티팜,stpharm,237690,2023,CFS,BS,재무상태표,ifrs-full_Assets,자산총계,-,제 16 기,675436088584.0,570652265120.0,KRW,7
OpenDART_fnlttSinglAcntAll,871833,에스티팜,stpharm,237690,2023,CFS,BS,재무상태표,ifrs-full_CurrentAssets,유동자산,-,제 16 기,348378134540.0,263233822482.0,KRW,8
OpenDART_fnlttSinglAcntAll,871833,에스티팜,stpharm,237690,2023,CFS,BS,재무상태표,dart_ShortTermTradeReceivable,매출채권,-,제 16 기,120566257193.0,94209767872.0,KRW,9
OpenDART_fnlttSinglAcntAll,871833,에스티팜,stpharm,237690,2023,CFS,BS,재무상태표,ifrs-full_CashAndCashEquivalents,현금및현금성자산,-,제 16 기,50097156259.0,50201065697.0,KRW,10
OpenDART_fnlttSinglAcntAll,871833,에스티팜,stpharm,237690,2023,CFS,BS,재무상태표,ifrs-full_CurrentTaxAssets,당기법인세자산,-,제 16 기,560385994.0,530771669.0,KRW,11
OpenDART_fnlttSinglAcntAll,871833,에스티팜,stpharm,237690,2023,CFS,BS,재무상태표,ifrs-full_FinancialAssetsAtFairValueThroughProfitOrLoss,당기손익-공정가치측정금융자산,-,제 16 기,,,KRW,12
OpenDART_fnlttSinglAcntAll,871833,에스티팜,stpharm,237690,2023,CFS,BS,재무상태표,ifrs-full_Inventories,재고자산,-,제 16 기,120736303655.0,107622519229.0,KRW,13
OpenDART_fnlttSinglAcntAll,871833,에스티팜,stpharm,237690,2023,CFS,BS,재무상태표,ifrs-full_OtherCurrentAssets,기타유동자산,-,제 16 기,14917969229.0,7538912009.0,KRW,14
OpenDART_fnlttSinglAcntAll,871833,에스티팜,stpharm,237690,2023,CFS,BS,재무상태표,ifrs-full_OtherCurrentFinancialAssets,기타유동금융자산,-,제 16 기,1500062210.0,3130786006.0,KRW,15
OpenDART_fnlttSinglAcntAll,871833,에스티팜,stpharm,237690,2023,CFS,BS,재무상태표,ifrs-full_ShorttermDepositsNotClassifiedAsCashEquivalents,단기금융상품,-,제 16 기,40000000000.0,,KRW,16
OpenDART_fnlttSinglAcntAll,871833,에스티팜,stpharm,237690,2023,CFS,BS,재무상태표,ifrs-full_NoncurrentAssets,비유동자산,-,제 16 기,327057954044.0,307418442638.0,KRW,17
OpenDART_fnlttSinglAcntAll,871833,에스티팜,stpharm,237690,2023,CFS,BS,재무상태표,dart_InvestedAssetForPostemploymentBenefit,순확정급여자산,-,제 16 기,4837009766.0,5809711320.0,KRW,18
OpenDART_fnlttSinglAcntAll,871833,에스티팜,stpharm,237690,2023,CFS,BS,재무상태표,ifrs-full_DeferredTaxAssets,이연법인세자산,-,제 16 기,7498074628.0,17126590492.0,KRW,19
OpenDART_fnlttSinglAcntAll,871833,에스티팜,stpharm,237690,2023,CFS,BS,재무상태표,ifrs-full_IntangibleAssetsOtherThanGoodwill,무형자산,-,제 16 기,13462600593.0,12478987051.0,KRW,20
OpenDART_fnlttSinglAcntAll,871833,에스티팜,stpharm,237690,2023,CFS,BS,재무상태표,ifrs-full_NoncurrentFinancialAssetsAtFairValueThroughProfitOrLossDesignatedUponInitialRecognition,당기손익-공정가치측정 금융자산,-,제 16 기,13227778648.0,8026889802.0,KRW,21
OpenDART_fnlttSinglAcntAll,871833,에스티팜,stpharm,237690,2023,CFS,BS,재무상태표,ifrs-full_NoncurrentFinancialAssetsMeasuredAtFairValueThroughOtherComprehensiveIncome,기타포괄손익-공정가치 측정 금융자산,-,제 16 기,4521354998.0,3464744190.0,KRW,22
OpenDART_fnlttSinglAcntAll,871833,에스티팜,stpharm,237690,2023,CFS,BS,재무상태표,ifrs-full_OtherNoncurrentAssets,기타비유동자산,-,제 16 기,375506942.0,,KRW,23
OpenDART_fnlttSinglAcntAll,871833,에스티팜,stpharm,237690,2023,CFS,BS,재무상태표,ifrs-full_OtherNoncurrentFinancialAssets,기타비유동금융자산,-,제 16 기,3030175046.0,2626552513.0,KRW,24
OpenDART_fnlttSinglAcntAll,871833,에스티팜,stpharm,237690,2023,CFS,BS,재무상태표,ifrs-full_PropertyPlantAndEquipment,유형자산,-,제 16 기,277002575414.0,254256350303.0,KRW,25
OpenDART_fnlttSinglAcntAll,871833,에스티팜,stpharm,237690,2023,CFS,BS,재무상태표,ifrs-full_RightofuseAssets,사용권자산,-,제 16 기,3102878009.0,3628616967.0,KRW,26
OpenDART_fnlttSinglAcntAll,871833,에스티팜,stpharm,237690,2023,CFS,BS,재무상태표,ifrs-full_Equity,자본총계,-,제 16 기,386906418511.0,341102990526.0,KRW,28
OpenDART_fnlttSinglAcntAll,871833,에스티팜,stpharm,237690,2023,CFS,BS,재무상태표,ifrs-full_EquityAttributableToOwnersOfParent,지배기업의 소유주에게 귀속되는 자본,-,제 16 기,384550358519.0,337631831326.0,KRW,29
OpenDART_fnlttSinglAcntAll,871833,에스티팜,stpharm,237690,2023,CFS,BS,재무상태표,dart_ElementsOfOtherStockholdersEquity,기타자본구성요소,-,제 16 기,52510990287.0,14428559752.0,KRW,30
OpenDART_fnlttSinglAcntAll,871833,에스티팜,stpharm,237690,2023,CFS,BS,재무상태표,ifrs-full_IssuedCapital,자본금,-,제 16 기,9404387500.0,9404387500.0,KRW,31
OpenDART_fnlttSinglAcntAll,871833,에스티팜,stpharm,237690,2023,CFS,BS,재무상태표,ifrs-full_RetainedEarnings,이익잉여금(결손금),-,제 16 기,135729352111.0,126893255453.0,KRW,32
OpenDART_fnlttSinglAcntAll,871833,에스티팜,stpharm,237690,2023,CFS,BS,재무상태표,ifrs-full_SharePremium,주식발행초과금,-,제 16 기,186905628621.0,186905628621.0,KRW,33
OpenDART_fnlttSinglAcntAll,871833,에스티팜,stpharm,237690,2023,CFS,BS,재무상태표,ifrs-full_NoncontrollingInterests,비지배지분,-,제 16 기,2356059992.0,3471159200.0,KRW,34
OpenDART_fnlttSinglAcntAll,871833,에스티팜,stpharm,237690,2023,CFS,BS,재무상태표,ifrs-full_EquityAndLiabilities,자본과부채총계,-,제 16 기,675436088584.0,570652265120.0,KRW,35
OpenDART_fnlttSinglAcntAll,871833,에스티팜,stpharm,237690,2023,CFS,BS,재무상태표,ifrs-full_CurrentLiabilities,유동부채,-,제 16 기,83744630214.0,179223988711.0,KRW,37
OpenDART_fnlttSinglAcntAll,871833,에스티팜,stpharm,237690,2023,CFS,BS,재무상태표,dart_CurrentPortionOfConvertibleBonds,전환사채,-,제 16 기,,85854317013.0,KRW,38
OpenDART_fnlttSinglAcntAll,871833,에스티팜,stpharm,237690,2023,CFS,BS,재무상태표,dart_ShortTermTradePayables,매입채무,-,제 16 기,17660535112.0,18095003133.0,KRW,39
OpenDART_fnlttSinglAcntAll,871833,에스티팜,stpharm,237690,2023,CFS,BS,재무상태표,-표준계정코드 미사용-,기타유동지급채무,-,제 16 기,313399050.0,,KRW,40
OpenDART_fnlttSinglAcntAll,871833,에스티팜,stpharm,237690,2023,CFS,BS,재무상태표,ifrs-full_CurrentLeaseLiabilities,유동 리스부채,-,제 16 기,1038791573.0,1185348847.0,KRW,41
OpenDART_fnlttSinglAcntAll,871833,에스티팜,stpharm,237690,2023,CFS,BS,재무상태표,ifrs-full_CurrentPortionOfLongtermBorrowings,유동성장기차입금,-,제 16 기,8333320000.0,8293400000.0,KRW,42
OpenDART_fnlttSinglAcntAll,871833,에스티팜,stpharm,237690,2023,CFS,BS,재무상태표,ifrs-full_CurrentProvisionsForEmployeeBenefits,기타종업원급여부채,-,제 16 기,2609495410.0,2286827110.0,KRW,43
OpenDART_fnlttSinglAcntAll,871833,에스티팜,stpharm,237690,2023,CFS,BS,재무상태표,ifrs-full_CurrentTaxLiabilities,당기법인세부채,-,제 16 기,4430130002.0,2376908145.0,KRW,44
OpenDART_fnlttSinglAcntAll,871833,에스티팜,stpharm,237690,2023,CFS,BS,재무상태표,ifrs-full_OtherCurrentFinancialLiabilities,기타유동금융부채,-,제 16 기,19931605368.0,21923940417.0,KRW,45
OpenDART_fnlttSinglAcntAll,871833,에스티팜,stpharm,237690,2023,CFS,BS,재무상태표,ifrs-full_OtherCurrentLiabilities,기타 유동부채,-,제 16 기,8549432199.0,19208244046.0,KRW,46
OpenDART_fnlttSinglAcntAll,871833,에스티팜,stpharm,237690,2023,CFS,BS,재무상태표,ifrs-full_ShorttermBorrowings,단기차입금,-,제 16 기,20877921500.0,20000000000.0,KRW,47
OpenDART_fnlttSinglAcntAll,871833,에스티팜,stpharm,237690,2023,CFS,BS,재무상태표,ifrs-full_Liabilities,부채총계,-,제 16 기,288529670073.0,229549274594.0,KRW,48
OpenDART_fnlttSinglAcntAll,871833,에스티팜,stpharm,237690,2023,CFS,BS,재무상태표,ifrs-full_NoncurrentLiabilities,비유동부채,-,제 16 기,204785039859.0,50325285883.0,KRW,49
OpenDART_fnlttSinglAcntAll,871833,에스티팜,stpharm,237690,2023,CFS,BS,재무상태표,dart_ConvertibleBonds,전환사채,-,제 16 기,151355538650.0,,KRW,50
OpenDART_fnlttSinglAcntAll,871833,에스티팜,stpharm,237690,2023,CFS,BS,재무상태표,dart_LongTermBorrowingsGross,장기차입금,-,제 16 기,8333320000.0,16706600000.0,KRW,51
OpenDART_fnlttSinglAcntAll,871833,에스티팜,stpharm,237690,2023,CFS,BS,재무상태표,dart_PostemploymentBenefitObligations,순확정급여부채,-,제 16 기,584866723.0,,KRW,52
OpenDART_fnlttSinglAcntAll,871833,에스티팜,stpharm,237690,2023,CFS,BS,재무상태표,-표준계정코드 미사용-,기타지급채무,-,제 16 기,2790508510.0,2348173476.0,KRW,53
OpenDART_fnlttSinglAcntAll,871833,에스티팜,stpharm,237690,2023,CFS,BS,재무상태표,-표준계정코드 미사용-,장기차입금 및 전환사채,-,제 16 기,,,KRW,54
OpenDART_fnlttSinglAcntAll,871833,에스티팜,stpharm,237690,2023,CFS,BS,재무상태표,ifrs-full_NoncurrentLeaseLiabilities,비유동 리스부채,-,제 16 기,2142698882.0,2481085839.0,KRW,55
OpenDART_fnlttSinglAcntAll,871833,에스티팜,stpharm,237690,2023,CFS,BS,재무상태표,ifrs-full_NoncurrentProvisionsForEmployeeBenefits,기타장기종업원급여부채,-,제 16 기,946177965.0,718676589.0,KRW,56
OpenDART_fnlttSinglAcntAll,871833,에스티팜,stpharm,237690,2023,CFS,BS,재무상태표,ifrs-full_OtherNoncurrentFinancialLiabilities,기타비유동금융부채,-,제 16 기,14900677440.0,3486407720.0,KRW,57
OpenDART_fnlttSinglAcntAll,871833,에스티팜,stpharm,237690,2023,CFS,BS,재무상태표,ifrs-full_OtherNoncurrentLiabilities,기타 비유동 부채,-,제 16 기,23731251689.0,24584342259.0,KRW,58
OpenDART_fnlttSinglAcntAll,871833,에스티팜,stpharm,237690,2023,CFS,CIS,포괄손익계산서,dart_OperatingIncomeLoss,영업이익(손실),-,제 16 기,33511661589.0,17851415161.0,KRW,6
OpenDART_fnlttSinglAcntAll,871833,에스티팜,stpharm,237690,2023,CFS,CIS,포괄손익계산서,dart_OtherGains,기타영업외수익,-,제 16 기,600618890.0,879171203.0,KRW,7
OpenDART_fnlttSinglAcntAll,871833,에스티팜,stpharm,237690,2023,CFS,CIS,포괄손익계산서,dart_OtherLosses,기타영업외비용,-,제 16 기,437403637.0,840925925.0,KRW,8
OpenDART_fnlttSinglAcntAll,871833,에스티팜,stpharm,237690,2023,CFS,CIS,포괄손익계산서,dart_TotalSellingGeneralAdministrativeExpenses,판매비와관리비,-,제 16 기,78603496655.0,71080322868.0,KRW,9
OpenDART_fnlttSinglAcntAll,871833,에스티팜,stpharm,237690,2023,CFS,CIS,포괄손익계산서,ifrs-full_ComprehensiveIncomeAttributableToNoncontrollingInterests,비지배지분,-,제 16 기,-1765853591.0,-338456054.0,KRW,12
OpenDART_fnlttSinglAcntAll,871833,에스티팜,stpharm,237690,2023,CFS,CIS,포괄손익계산서,ifrs-full_ComprehensiveIncomeAttributableToOwnersOfParent,지배기업의 소유주,-,제 16 기,21171444309.0,19793759290.0,KRW,13
OpenDART_fnlttSinglAcntAll,871833,에스티팜,stpharm,237690,2023,CFS,CIS,포괄손익계산서,ifrs-full_CostOfSales,매출원가,-,제 16 기,172876494165.0,160389939944.0,KRW,14
OpenDART_fnlttSinglAcntAll,871833,에스티팜,stpharm,237690,2023,CFS,CIS,포괄손익계산서,ifrs-full_BasicEarningsLossPerShare,기본주당순이익,-,제 16 기,1041.0,957.0,KRW,16
OpenDART_fnlttSinglAcntAll,871833,에스티팜,stpharm,237690,2023,CFS,CIS,포괄손익계산서,ifrs-full_DilutedEarningsLossPerShare,희석주당순이익,-,제 16 기,1041.0,957.0,KRW,17
OpenDART_fnlttSinglAcntAll,871833,에스티팜,stpharm,237690,2023,CFS,CIS,포괄손익계산서,ifrs-full_FinanceCosts,금융비용,-,제 16 기,19698809763.0,13633853205.0,KRW,18
OpenDART_fnlttSinglAcntAll,871833,에스티팜,stpharm,237690,2023,CFS,CIS,포괄손익계산서,ifrs-full_FinanceIncome,금융수익,-,제 16 기,9378186384.0,14981226129.0,KRW,19
OpenDART_fnlttSinglAcntAll,871833,에스티팜,stpharm,237690,2023,CFS,CIS,포괄손익계산서,ifrs-full_GrossProfit,매출총이익,-,제 16 기,112115158244.0,88931738029.0,KRW,20
OpenDART_fnlttSinglAcntAll,871833,에스티팜,stpharm,237690,2023,CFS,CIS,포괄손익계산서,ifrs-full_IncomeTaxExpenseContinuingOperations,법인세비용(수익),-,제 16 기,5830842501.0,1721312483.0,KRW,21
OpenDART_fnlttSinglAcntAll,871833,에스티팜,stpharm,237690,2023,CFS,CIS,포괄손익계산서,ifrs-full_OtherComprehensiveIncome,기타포괄손익,-,제 16 기,1882179756.0,1939582356.0,KRW,22
OpenDART_fnlttSinglAcntAll,871833,에스티팜,stpharm,237690,2023,CFS,CIS,포괄손익계산서,ifrs-full_GainsLossesOnExchangeDifferencesOnTranslationNetOfTax,해외사업환산손익,-,제 16 기,2402763793.0,-147204852.0,KRW,24
OpenDART_fnlttSinglAcntAll,871833,에스티팜,stpharm,237690,2023,CFS,CIS,포괄손익계산서,dart_OtherComprehensiveIncomeNetOfTaxChangeInFairValueOfFinancialAssetsMeasuredAtFairValueThroughOtherComprehensiveIncome,기타포괄손익-공정가치측정금융자산평가손익,-,제 16 기,833412330.0,-859114020.0,KRW,26
OpenDART_fnlttSinglAcntAll,871833,에스티팜,stpharm,237690,2023,CFS,CIS,포괄손익계산서,ifrs-full_OtherComprehensiveIncomeNetOfTaxGainsLossesOnRemeasurementsOfDefinedBenefitPlans,순확정급여부채의 재측정요소,-,제 16 기,-1353996367.0,2945901228.0,KRW,27
OpenDART_fnlttSinglAcntAll,871833,에스티팜,stpharm,237690,2023,CFS,CIS,포괄손익계산서,ifrs-full_ProfitLoss,당기순이익(손실),-,제 16 기,17523410962.0,17515720880.0,KRW,28
OpenDART_fnlttSinglAcntAll,871833,에스티팜,stpharm,237690,2023,CFS,CIS,포괄손익계산서,ifrs-full_ProfitLossAttributableToNoncontrollingInterests,비지배지분,-,제 16 기,-2057778786.0,-484294401.0,KRW,30
OpenDART_fnlttSinglAcntAll,871833,에스티팜,stpharm,237690,2023,CFS,CIS,포괄손익계산서,ifrs-full_ProfitLossAttributableToOwnersOfParent,지배기업의 소유주,-,제 16 기,19581189748.0,18000015281.0,KRW,31
OpenDART_fnlttSinglAcntAll,871833,에스티팜,stpharm,237690,2023,CFS,CIS,포괄손익계산서,ifrs-full_ProfitLossBeforeTax,법인세비용차감전순이익(손실),-,제 16 기,23354253463.0,19237033363.0,KRW,32
OpenDART_fnlttSinglAcntAll,871833,에스티팜,stpharm,237690,2023,CFS,CIS,포괄손익계산서,ifrs-full_Revenue,매출,-,제 16 기,284991652409.0,249321677973.0,KRW,33
OpenDART_fnlttSinglAcntAll,871833,에스티팜,stpharm,237690,2023,CFS,CF,현금흐름표,dart_CashAndCashEquivalentsAtBeginningOfPeriodCf,기초현금및현금성자산,-,제 16 기,50201065697.0,39203238292.0,KRW,2
OpenDART_fnlttSinglAcntAll,871833,에스티팜,stpharm,237690,2023,CFS,CF,현금흐름표,dart_CashAndCashEquivalentsAtEndOfPeriodCf,기말현금및현금성자산,-,제 16 기,50097156259.0,50201065697.0,KRW,3
OpenDART_fnlttSinglAcntAll,871833,에스티팜,stpharm,237690,2023,CFS,CF,현금흐름표,ifrs-full_CashFlowsFromUsedInFinancingActivities,재무활동현금흐름,-,제 16 기,81401259384.0,10808138703.0,KRW,8
OpenDART_fnlttSinglAcntAll,871833,에스티팜,stpharm,237690,2023,CFS,CF,현금흐름표,dart_IncreaseInNoncontrollingInterests,비지배지분의 증가,-,제 16 기,,,KRW,9
OpenDART_fnlttSinglAcntAll,871833,에스티팜,stpharm,237690,2023,CFS,CF,현금흐름표,dart_PaymentsOfFinanceLeaseLiabilitiesClassifiedAsFinancingActivities,리스부채의원금상환,-,제 16 기,1861376797.0,1749775581.0,KRW,10
OpenDART_fnlttSinglAcntAll,871833,에스티팜,stpharm,237690,2023,CFS,CF,현금흐름표,dart_ProceedsFromConvertibleBonds,전환사채의 증가,-,제 16 기,100000000000.0,,KRW,11
OpenDART_fnlttSinglAcntAll,871833,에스티팜,stpharm,237690,2023,CFS,CF,현금흐름표,dart_ProceedsFromLongTermBorrowings,장기차입금의 증가,-,제 16 기,,16500000000.0,KRW,12
OpenDART_fnlttSinglAcntAll,871833,에스티팜,stpharm,237690,2023,CFS,CF,현금흐름표,dart_ProceedsFromShortTermBorrowings,단기차입금의 증가,-,제 16 기,25877921500.0,20000000000.0,KRW,13
OpenDART_fnlttSinglAcntAll,871833,에스티팜,stpharm,237690,2023,CFS,CF,현금흐름표,dart_RepaymentsOfShortTermBorrowings,단기차입금의 감소,-,제 16 기,25000000000.0,,KRW,14
OpenDART_fnlttSinglAcntAll,871833,에스티팜,stpharm,237690,2023,CFS,CF,현금흐름표,-표준계정코드 미사용-,유동성장기차입금의 상환,-,제 16 기,8333360000.0,15000000000.0,KRW,15
OpenDART_fnlttSinglAcntAll,871833,에스티팜,stpharm,237690,2023,CFS,CF,현금흐름표,ifrs-full_DividendsPaidClassifiedAsFinancingActivities,배당금지급,-,제 16 기,9404387500.0,9404387500.0,KRW,16
OpenDART_fnlttSinglAcntAll,871833,에스티팜,stpharm,237690,2023,CFS,CF,현금흐름표,ifrs-full_InterestPaidClassifiedAsFinancingActivities,이자지급,-,제 16 기,1331174461.0,929576308.0,KRW,17
OpenDART_fnlttSinglAcntAll,871833,에스티팜,stpharm,237690,2023,CFS,CF,현금흐름표,ifrs-full_ProceedsFromGovernmentGrantsClassifiedAsFinancingActivities,정부보조금의 증가,-,제 16 기,1453636642.0,1391878092.0,KRW,18
OpenDART_fnlttSinglAcntAll,871833,에스티팜,stpharm,237690,2023,CFS,CF,현금흐름표,ifrs-full_CashFlowsFromUsedInInvestingActivities,투자활동현금흐름,-,제 16 기,-82388093117.0,-5724244404.0,KRW,19
OpenDART_fnlttSinglAcntAll,871833,에스티팜,stpharm,237690,2023,CFS,CF,현금흐름표,dart_DecreaseInGuaranteeDeposits,임차보증금의 감소,-,제 16 기,,1468400000.0,KRW,20
OpenDART_fnlttSinglAcntAll,871833,에스티팜,stpharm,237690,2023,CFS,CF,현금흐름표,dart_IncreaseInGuaranteeDeposits,임차보증금의 증가,-,제 16 기,507183247.0,2161017322.0,KRW,21
OpenDART_fnlttSinglAcntAll,871833,에스티팜,stpharm,237690,2023,CFS,CF,현금흐름표,dart_ProceedsFromSalesOfFairValueFinancialAsset,당기손익-공정가치금융자산의 감소,-,제 16 기,7337062255.0,13172139792.0,KRW,22
OpenDART_fnlttSinglAcntAll,871833,에스티팜,stpharm,237690,2023,CFS,CF,현금흐름표,dart_ProceedsFromSalesOfShortTermFinancialInstruments,단기금융상품의 감소,-,제 16 기,103364771565.0,291675817625.0,KRW,23
OpenDART_fnlttSinglAcntAll,871833,에스티팜,stpharm,237690,2023,CFS,CF,현금흐름표,dart_PurchaseOfFairValueFinancialAsset,당기손익-공정가치금융자산의 증가,-,제 16 기,7859700000.0,7100000000.0,KRW,24
OpenDART_fnlttSinglAcntAll,871833,에스티팜,stpharm,237690,2023,CFS,CF,현금흐름표,dart_PurchaseOfFinancialAssetsAtFairValueThroughOtherComprehensiveIncome,기타포괄손익-공정가치측정금융자산의 증가,-,제 16 기,,,KRW,25
OpenDART_fnlttSinglAcntAll,871833,에스티팜,stpharm,237690,2023,CFS,CF,현금흐름표,dart_PurchaseOfShortTermFinancialInstruments,단기금융상품의 증가,-,제 16 기,143197000000.0,243662817625.0,KRW,26
OpenDART_fnlttSinglAcntAll,871833,에스티팜,stpharm,237690,2023,CFS,CF,현금흐름표,-표준계정코드 미사용-,기타보증금의 감소,-,제 16 기,163792429.0,8884000.0,KRW,27
OpenDART_fnlttSinglAcntAll,871833,에스티팜,stpharm,237690,2023,CFS,CF,현금흐름표,-표준계정코드 미사용-,기타보증금의 증가,-,제 16 기,10200119.0,113901688.0,KRW,28
OpenDART_fnlttSinglAcntAll,871833,에스티팜,stpharm,237690,2023,CFS,CF,현금흐름표,ifrs-full_InterestReceivedClassifiedAsInvestingActivities,이자수취,-,제 16 기,1662358617.0,1354720268.0,KRW,29
OpenDART_fnlttSinglAcntAll,871833,에스티팜,stpharm,237690,2023,CFS,CF,현금흐름표,ifrs-full_ProceedsFromSalesOfIntangibleAssetsClassifiedAsInvestingActivities,무형자산의 처분,-,제 16 기,,293314834.0,KRW,30
OpenDART_fnlttSinglAcntAll,871833,에스티팜,stpharm,237690,2023,CFS,CF,현금흐름표,ifrs-full_ProceedsFromSalesOfPropertyPlantAndEquipmentClassifiedAsInvestingActivities,유형자산의 처분,-,제 16 기,100938580.0,3670465.0,KRW,31
OpenDART_fnlttSinglAcntAll,871833,에스티팜,stpharm,237690,2023,CFS,CF,현금흐름표,ifrs-full_PurchaseOfIntangibleAssetsClassifiedAsInvestingActivities,무형자산의 취득,-,제 16 기,198702962.0,184798388.0,KRW,32
OpenDART_fnlttSinglAcntAll,871833,에스티팜,stpharm,237690,2023,CFS,CF,현금흐름표,ifrs-full_PurchaseOfPropertyPlantAndEquipmentClassifiedAsInvestingActivities,유형자산의 취득,-,제 16 기,43244230235.0,60478656365.0,KRW,33
OpenDART_fnlttSinglAcntAll,871833,에스티팜,stpharm,237690,2023,CFS,CF,현금흐름표,ifrs-full_CashFlowsFromUsedInOperatingActivities,영업활동현금흐름,-,제 16 기,1298383439.0,7030980847.0,KRW,34
OpenDART_fnlttSinglAcntAll,871833,에스티팜,stpharm,237690,2023,CFS,CF,현금흐름표,-표준계정코드 미사용-,영업으로부터 창출된 현금흐름,-,제 16 기,3416094083.0,9899343209.0,KRW,35
OpenDART_fnlttSinglAcntAll,871833,에스티팜,stpharm,237690,2023,CFS,CF,현금흐름표,ifrs-full_IncomeTaxesPaidRefundClassifiedAsOperatingActivities,법인세 납부,-,제 16 기,2117710644.0,2868362362.0,KRW,36
OpenDART_fnlttSinglAcntAll,871833,에스티팜,stpharm,237690,2023,CFS,CF,현금흐름표,ifrs-full_EffectOfExchangeRateChangesOnCashAndCashEquivalents,외화표시 현금및현금성자산의 환율변동효과,-,제 16 기,-415459144.0,-1117047741.0,KRW,37
OpenDART_fnlttSinglAcntAll,871833,에스티팜,stpharm,237690,2023,CFS,CF,현금흐름표,ifrs-full_IncreaseDecreaseInCashAndCashEquivalentsBeforeEffectOfExchangeRateChanges,현금및현금성자산의 증가,-,제 16 기,311549706.0,12114875146.0,KRW,38
OpenDART_fnlttSinglAcntAll,871833,에스티팜,stpharm,237690,2023,CFS,SCE,자본변동표,dart_ChangesInReserveOfGainsAndLossesOnFinancialAssetsMeasuredAtFairValueThroughOtherComprehensiveIncome,기타포괄손익-공정가치 측정 금융자산 평가손익,자본 [구성요소]|지배기업의 소유주에게 귀속되는 지분 [구성요소]|기타자본구성요소 [구성요소],제 16 기,833412330.0,-859114020.0,KRW,3
OpenDART_fnlttSinglAcntAll,871833,에스티팜,stpharm,237690,2023,CFS,SCE,자본변동표,dart_ChangesInReserveOfGainsAndLossesOnFinancialAssetsMeasuredAtFairValueThroughOtherComprehensiveIncome,기타포괄손익-공정가치 측정 금융자산 평가손익,자본 [구성요소]|지배기업의 소유주에게 귀속되는 지분 [구성요소],제 16 기,833412330.0,-859114020.0,KRW,3
OpenDART_fnlttSinglAcntAll,871833,에스티팜,stpharm,237690,2023,CFS,SCE,자본변동표,dart_ChangesInReserveOfGainsAndLossesOnFinancialAssetsMeasuredAtFairValueThroughOtherComprehensiveIncome,기타포괄손익-공정가치 측정 금융자산 평가손익,연결재무제표 [member],제 16 기,833412330.0,-859114020.0,KRW,3
OpenDART_fnlttSinglAcntAll,871833,에스티팜,stpharm,237690,2023,CFS,SCE,자본변동표,dart_EquityAtBeginningOfPeriod,기초자본,자본 [구성요소]|지배기업의 소유주에게 귀속되는 지분 [구성요소]|기타자본구성요소 [구성요소],제 16 기,14428559752.0,11074454099.0,KRW,4
OpenDART_fnlttSinglAcntAll,871833,에스티팜,stpharm,237690,2023,CFS,SCE,자본변동표,dart_EquityAtBeginningOfPeriod,기초자본,자본 [구성요소]|지배기업의 소유주에게 귀속되는 지분 [구성요소]|이익잉여금 [구성요소],제 16 기,126893255453.0,115589657312.0,KRW,4
OpenDART_fnlttSinglAcntAll,871833,에스티팜,stpharm,237690,2023,CFS,SCE,자본변동표,dart_EquityAtBeginningOfPeriod,기초자본,자본 [구성요소]|지배기업의 소유주에게 귀속되는 지분 [구성요소]|자본금 [구성요소],제 16 기,9404387500.0,9404387500.0,KRW,4
OpenDART_fnlttSinglAcntAll,871833,에스티팜,stpharm,237690,2023,CFS,SCE,자본변동표,dart_EquityAtBeginningOfPeriod,기초자본,자본 [구성요소]|지배기업의 소유주에게 귀속되는 지분 [구성요소],제 16 기,337631831326.0,322974127532.0,KRW,4
OpenDART_fnlttSinglAcntAll,871833,에스티팜,stpharm,237690,2023,CFS,SCE,자본변동표,dart_EquityAtBeginningOfPeriod,기초자본,자본 [구성요소]|지배기업의 소유주에게 귀속되는 지분 [구성요소]|자본잉여금 [구성요소],제 16 기,186905628621.0,186905628621.0,KRW,4
OpenDART_fnlttSinglAcntAll,871833,에스티팜,stpharm,237690,2023,CFS,SCE,자본변동표,dart_EquityAtBeginningOfPeriod,기초자본,연결재무제표 [member],제 16 기,341102990526.0,326032576078.0,KRW,4
OpenDART_fnlttSinglAcntAll,871833,에스티팜,stpharm,237690,2023,CFS,SCE,자본변동표,dart_EquityAtBeginningOfPeriod,기초자본,자본 [구성요소]|비지배지분 [구성요소],제 16 기,3471159200.0,3058448546.0,KRW,4
OpenDART_fnlttSinglAcntAll,871833,에스티팜,stpharm,237690,2023,CFS,SCE,자본변동표,-표준계정코드 미사용-,전환사채의 변동,연결재무제표 [member],제 16 기,30504076186.0,,KRW,5
OpenDART_fnlttSinglAcntAll,871833,에스티팜,stpharm,237690,2023,CFS,SCE,자본변동표,-표준계정코드 미사용-,전환사채의 변동,자본 [구성요소]|지배기업의 소유주에게 귀속되는 지분 [구성요소],제 16 기,30504076186.0,,KRW,5
OpenDART_fnlttSinglAcntAll,871833,에스티팜,stpharm,237690,2023,CFS,SCE,자본변동표,-표준계정코드 미사용-,전환사채의 변동,자본 [구성요소]|지배기업의 소유주에게 귀속되는 지분 [구성요소]|자본잉여금 [구성요소],제 16 기,,,KRW,5
OpenDART_fnlttSinglAcntAll,871833,에스티팜,stpharm,237690,2023,CFS,SCE,자본변동표,-표준계정코드 미사용-,전환사채의 변동,자본 [구성요소]|지배기업의 소유주에게 귀속되는 지분 [구성요소]|자본금 [구성요소],제 16 기,,,KRW,5
OpenDART_fnlttSinglAcntAll,871833,에스티팜,stpharm,237690,2023,CFS,SCE,자본변동표,-표준계정코드 미사용-,전환사채의 변동,자본 [구성요소]|지배기업의 소유주에게 귀속되는 지분 [구성요소]|기타자본구성요소 [구성요소],제 16 기,30504076186.0,,KRW,5
OpenDART_fnlttSinglAcntAll,871833,에스티팜,stpharm,237690,2023,CFS,SCE,자본변동표,-표준계정코드 미사용-,주식선택권 행사,자본 [구성요소]|비지배지분 [구성요소],제 16 기,-100841583.0,-32827855.0,KRW,7
OpenDART_fnlttSinglAcntAll,871833,에스티팜,stpharm,237690,2023,CFS,SCE,자본변동표,-표준계정코드 미사용-,주식선택권 행사,자본 [구성요소]|지배기업의 소유주에게 귀속되는 지분 [구성요소],제 16 기,100841583.0,32827855.0,KRW,7
OpenDART_fnlttSinglAcntAll,871833,에스티팜,stpharm,237690,2023,CFS,SCE,자본변동표,-표준계정코드 미사용-,주식선택권 행사,자본 [구성요소]|지배기업의 소유주에게 귀속되는 지분 [구성요소]|기타자본구성요소 [구성요소],제 16 기,100841583.0,32827855.0,KRW,7
OpenDART_fnlttSinglAcntAll,871833,에스티팜,stpharm,237690,2023,CFS,SCE,자본변동표,-표준계정코드 미사용-,종속기업에 대한 출자,자본 [구성요소]|비지배지분 [구성요소],제 16 기,411651951.0,,KRW,8
OpenDART_fnlttSinglAcntAll,871833,에스티팜,stpharm,237690,2023,CFS,SCE,자본변동표,-표준계정코드 미사용-,종속기업에 대한 출자,자본 [구성요소]|지배기업의 소유주에게 귀속되는 지분 [구성요소],제 16 기,-411651951.0,,KRW,8
OpenDART_fnlttSinglAcntAll,871833,에스티팜,stpharm,237690,2023,CFS,SCE,자본변동표,-표준계정코드 미사용-,종속기업에 대한 출자,자본 [구성요소]|지배기업의 소유주에게 귀속되는 지분 [구성요소]|기타자본구성요소 [구성요소],제 16 기,-411651951.0,,KRW,8
OpenDART_fnlttSinglAcntAll,871833,에스티팜,stpharm,237690,2023,CFS,SCE,자본변동표,ifrs-full_DividendsPaid,현금 배당,연결재무제표 [member],제 16 기,-9404387500.0,-9404387500.0,KRW,10
OpenDART_fnlttSinglAcntAll,871833,에스티팜,stpharm,237690,2023,CFS,SCE,자본변동표,ifrs-full_DividendsPaid,현금 배당,자본 [구성요소]|지배기업의 소유주에게 귀속되는 지분 [구성요소],제 16 기,-9404387500.0,-9404387500.0,KRW,10
OpenDART_fnlttSinglAcntAll,871833,에스티팜,stpharm,237690,2023,CFS,SCE,자본변동표,ifrs-full_DividendsPaid,현금 배당,자본 [구성요소]|지배기업의 소유주에게 귀속되는 지분 [구성요소]|이익잉여금 [구성요소],제 16 기,-9404387500.0,-9404387500.0,KRW,10
OpenDART_fnlttSinglAcntAll,871833,에스티팜,stpharm,237690,2023,CFS,SCE,자본변동표,ifrs-full_Equity,자본총계,연결재무제표 [member],제 16 기,386906418511.0,341102990526.0,KRW,11
OpenDART_fnlttSinglAcntAll,871833,에스티팜,stpharm,237690,2023,CFS,SCE,자본변동표,ifrs-full_Equity,자본총계,자본 [구성요소]|지배기업의 소유주에게 귀속되는 지분 [구성요소]|자본잉여금 [구성요소],제 16 기,186905628621.0,186905628621.0,KRW,11
OpenDART_fnlttSinglAcntAll,871833,에스티팜,stpharm,237690,2023,CFS,SCE,자본변동표,ifrs-full_Equity,자본총계,자본 [구성요소]|지배기업의 소유주에게 귀속되는 지분 [구성요소]|자본금 [구성요소],제 16 기,9404387500.0,9404387500.0,KRW,11
OpenDART_fnlttSinglAcntAll,871833,에스티팜,stpharm,237690,2023,CFS,SCE,자본변동표,ifrs-full_Equity,자본총계,자본 [구성요소]|지배기업의 소유주에게 귀속되는 지분 [구성요소]|이익잉여금 [구성요소],제 16 기,135729352111.0,126893255453.0,KRW,11
OpenDART_fnlttSinglAcntAll,871833,에스티팜,stpharm,237690,2023,CFS,SCE,자본변동표,ifrs-full_Equity,자본총계,자본 [구성요소]|지배기업의 소유주에게 귀속되는 지분 [구성요소]|기타자본구성요소 [구성요소],제 16 기,52510990287.0,14428559752.0,KRW,11
OpenDART_fnlttSinglAcntAll,871833,에스티팜,stpharm,237690,2023,CFS,SCE,자본변동표,ifrs-full_Equity,자본총계,자본 [구성요소]|지배기업의 소유주에게 귀속되는 지분 [구성요소],제 16 기,384550358519.0,337631831326.0,KRW,11
OpenDART_fnlttSinglAcntAll,871833,에스티팜,stpharm,237690,2023,CFS,SCE,자본변동표,ifrs-full_Equity,자본총계,자본 [구성요소]|비지배지분 [구성요소],제 16 기,2356059992.0,3471159200.0,KRW,11
OpenDART_fnlttSinglAcntAll,871833,에스티팜,stpharm,237690,2023,CFS,SCE,자본변동표,ifrs-full_IncreaseDecreaseThroughChangesInOwnershipInterestsInSubsidiariesThatDoNotResultInLossOfControl,"지배력을 상실하지 않는 종속기업에 대한 소유지분의 변동에 따른 증가(감소), 자본",자본 [구성요소]|비지배지분 [구성요소],제 16 기,,,KRW,12
OpenDART_fnlttSinglAcntAll,871833,에스티팜,stpharm,237690,2023,CFS,SCE,자본변동표,ifrs-full_IncreaseDecreaseThroughChangesInOwnershipInterestsInSubsidiariesThatDoNotResultInLossOfControl,"지배력을 상실하지 않는 종속기업에 대한 소유지분의 변동에 따른 증가(감소), 자본",연결재무제표 [member],제 16 기,,,KRW,12
OpenDART_fnlttSinglAcntAll,871833,에스티팜,stpharm,237690,2023,CFS,SCE,자본변동표,ifrs-full_IncreaseDecreaseThroughSharebasedPaymentTransactions,주식매수선택권,연결재무제표 [member],제 16 기,5298148581.0,5019498712.0,KRW,13
OpenDART_fnlttSinglAcntAll,871833,에스티팜,stpharm,237690,2023,CFS,SCE,자본변동표,ifrs-full_IncreaseDecreaseThroughSharebasedPaymentTransactions,주식매수선택권,자본 [구성요소]|비지배지분 [구성요소],제 16 기,339944015.0,783994563.0,KRW,13
OpenDART_fnlttSinglAcntAll,871833,에스티팜,stpharm,237690,2023,CFS,SCE,자본변동표,ifrs-full_IncreaseDecreaseThroughSharebasedPaymentTransactions,주식매수선택권,자본 [구성요소]|지배기업의 소유주에게 귀속되는 지분 [구성요소],제 16 기,4958204566.0,4235504149.0,KRW,13
OpenDART_fnlttSinglAcntAll,871833,에스티팜,stpharm,237690,2023,CFS,SCE,자본변동표,ifrs-full_IncreaseDecreaseThroughSharebasedPaymentTransactions,주식매수선택권,자본 [구성요소]|지배기업의 소유주에게 귀속되는 지분 [구성요소]|기타자본구성요소 [구성요소],제 16 기,4958204566.0,4235504149.0,KRW,13
OpenDART_fnlttSinglAcntAll,871833,에스티팜,stpharm,237690,2023,CFS,SCE,자본변동표,ifrs-full_OtherComprehensiveIncomeNetOfTaxExchangeDifferencesOnTranslation,해외사업장환산,자본 [구성요소]|비지배지분 [구성요소],제 16 기,305215972.0,-92092521.0,KRW,14
OpenDART_fnlttSinglAcntAll,871833,에스티팜,stpharm,237690,2023,CFS,SCE,자본변동표,ifrs-full_OtherComprehensiveIncomeNetOfTaxExchangeDifferencesOnTranslation,해외사업장환산,연결재무제표 [member],제 16 기,2402763793.0,-147204852.0,KRW,14
OpenDART_fnlttSinglAcntAll,871833,에스티팜,stpharm,237690,2023,CFS,SCE,자본변동표,ifrs-full_OtherComprehensiveIncomeNetOfTaxExchangeDifferencesOnTranslation,해외사업장환산,자본 [구성요소]|지배기업의 소유주에게 귀속되는 지분 [구성요소],제 16 기,2097547821.0,-55112331.0,KRW,14
OpenDART_fnlttSinglAcntAll,871833,에스티팜,stpharm,237690,2023,CFS,SCE,자본변동표,ifrs-full_OtherComprehensiveIncomeNetOfTaxExchangeDifferencesOnTranslation,해외사업장환산,자본 [구성요소]|지배기업의 소유주에게 귀속되는 지분 [구성요소]|기타자본구성요소 [구성요소],제 16 기,2097547821.0,-55112331.0,KRW,14
OpenDART_fnlttSinglAcntAll,871833,에스티팜,stpharm,237690,2023,CFS,SCE,자본변동표,ifrs-full_OtherComprehensiveIncomeNetOfTaxGainsLossesOnRemeasurementsOfDefinedBenefitPlans,순확정급여부채의 재측정요소,연결재무제표 [member],제 16 기,-1353996367.0,2945901228.0,KRW,15
OpenDART_fnlttSinglAcntAll,871833,에스티팜,stpharm,237690,2023,CFS,SCE,자본변동표,ifrs-full_OtherComprehensiveIncomeNetOfTaxGainsLossesOnRemeasurementsOfDefinedBenefitPlans,순확정급여부채의 재측정요소,자본 [구성요소]|지배기업의 소유주에게 귀속되는 지분 [구성요소]|이익잉여금 [구성요소],제 16 기,-1340705590.0,2707970360.0,KRW,15
OpenDART_fnlttSinglAcntAll,871833,에스티팜,stpharm,237690,2023,CFS,SCE,자본변동표,ifrs-full_OtherComprehensiveIncomeNetOfTaxGainsLossesOnRemeasurementsOfDefinedBenefitPlans,순확정급여부채의 재측정요소,자본 [구성요소]|지배기업의 소유주에게 귀속되는 지분 [구성요소],제 16 기,-1340705590.0,2707970360.0,KRW,15
OpenDART_fnlttSinglAcntAll,871833,에스티팜,stpharm,237690,2023,CFS,SCE,자본변동표,ifrs-full_OtherComprehensiveIncomeNetOfTaxGainsLossesOnRemeasurementsOfDefinedBenefitPlans,순확정급여부채의 재측정요소,자본 [구성요소]|비지배지분 [구성요소],제 16 기,-13290777.0,237930868.0,KRW,15
OpenDART_fnlttSinglAcntAll,871833,에스티팜,stpharm,237690,2023,CFS,SCE,자본변동표,ifrs-full_ProfitLoss,당기순이익(손실),자본 [구성요소]|지배기업의 소유주에게 귀속되는 지분 [구성요소],제 16 기,19581189748.0,18000015281.0,KRW,16
OpenDART_fnlttSinglAcntAll,871833,에스티팜,stpharm,237690,2023,CFS,SCE,자본변동표,ifrs-full_ProfitLoss,당기순이익(손실),자본 [구성요소]|비지배지분 [구성요소],제 16 기,-2057778786.0,-484294401.0,KRW,16
OpenDART_fnlttSinglAcntAll,871833,에스티팜,stpharm,237690,2023,CFS,SCE,자본변동표,ifrs-full_ProfitLoss,당기순이익(손실),연결재무제표 [member],제 16 기,17523410962.0,17515720880.0,KRW,16
OpenDART_fnlttSinglAcntAll,871833,에스티팜,stpharm,237690,2023,CFS,SCE,자본변동표,ifrs-full_ProfitLoss,당기순이익(손실),자본 [구성요소]|지배기업의 소유주에게 귀속되는 지분 [구성요소]|이익잉여금 [구성요소],제 16 기,19581189748.0,18000015281.0,KRW,16
OpenDART_fnlttSinglAcntAll,871833,에스티팜,stpharm,237690,2024,CFS,BS,재무상태표,ifrs-full_Assets,자산총계,-,제 17 기,721875709831.0,675436088584.0,KRW,7
OpenDART_fnlttSinglAcntAll,871833,에스티팜,stpharm,237690,2024,CFS,BS,재무상태표,ifrs-full_CurrentAssets,유동자산,-,제 17 기,330078457410.0,348378134540.0,KRW,8
OpenDART_fnlttSinglAcntAll,871833,에스티팜,stpharm,237690,2024,CFS,BS,재무상태표,ifrs-full_CashAndCashEquivalents,현금및현금성자산,-,제 17 기,63405167785.0,50097156259.0,KRW,9
OpenDART_fnlttSinglAcntAll,871833,에스티팜,stpharm,237690,2024,CFS,BS,재무상태표,ifrs-full_CurrentFinancialAssetsAtFairValueThroughProfitOrLoss,당기손익공정가치측정금융자산,-,제 17 기,48001008260.0,0.0,KRW,10
OpenDART_fnlttSinglAcntAll,871833,에스티팜,stpharm,237690,2024,CFS,BS,재무상태표,ifrs-full_CurrentTaxAssets,당기법인세자산,-,제 17 기,158600158.0,560385994.0,KRW,11
OpenDART_fnlttSinglAcntAll,871833,에스티팜,stpharm,237690,2024,CFS,BS,재무상태표,ifrs-full_CurrentTradeReceivables,매출채권,-,제 17 기,67845548715.0,120566257193.0,KRW,12
OpenDART_fnlttSinglAcntAll,871833,에스티팜,stpharm,237690,2024,CFS,BS,재무상태표,ifrs-full_Inventories,재고자산,-,제 17 기,126963357606.0,120736303655.0,KRW,13
OpenDART_fnlttSinglAcntAll,871833,에스티팜,stpharm,237690,2024,CFS,BS,재무상태표,ifrs-full_OtherCurrentAssets,기타자산,-,제 17 기,12215417597.0,14917969229.0,KRW,14
OpenDART_fnlttSinglAcntAll,871833,에스티팜,stpharm,237690,2024,CFS,BS,재무상태표,ifrs-full_OtherCurrentFinancialAssets,기타금융자산,-,제 17 기,11489357289.0,41500062210.0,KRW,15
OpenDART_fnlttSinglAcntAll,871833,에스티팜,stpharm,237690,2024,CFS,BS,재무상태표,ifrs-full_NoncurrentAssets,비유동자산,-,제 17 기,391797252421.0,327057954044.0,KRW,16
OpenDART_fnlttSinglAcntAll,871833,에스티팜,stpharm,237690,2024,CFS,BS,재무상태표,ifrs-full_DeferredTaxAssets,이연법인세자산,-,제 17 기,7351976853.0,7498074628.0,KRW,17
OpenDART_fnlttSinglAcntAll,871833,에스티팜,stpharm,237690,2024,CFS,BS,재무상태표,ifrs-full_IntangibleAssetsAndGoodwill,무형자산,-,제 17 기,16532029795.0,13462600593.0,KRW,18
OpenDART_fnlttSinglAcntAll,871833,에스티팜,stpharm,237690,2024,CFS,BS,재무상태표,ifrs-full_NoncurrentFinancialAssetsAtFairValueThroughProfitOrLoss,당기손익공정가치 측정 금융자산,-,제 17 기,17614942514.0,13227778648.0,KRW,19
OpenDART_fnlttSinglAcntAll,871833,에스티팜,stpharm,237690,2024,CFS,BS,재무상태표,ifrs-full_NoncurrentFinancialAssetsMeasuredAtFairValueThroughOtherComprehensiveIncome,기타포괄손익공정가치측정금융자산,-,제 17 기,5781148972.0,4521354998.0,KRW,20
OpenDART_fnlttSinglAcntAll,871833,에스티팜,stpharm,237690,2024,CFS,BS,재무상태표,ifrs-full_NoncurrentRecognisedAssetsDefinedBenefitPlan,순확정급여자산,-,제 17 기,2819010634.0,4837009766.0,KRW,21
OpenDART_fnlttSinglAcntAll,871833,에스티팜,stpharm,237690,2024,CFS,BS,재무상태표,ifrs-full_OtherNoncurrentAssets,기타자산,-,제 17 기,662220143.0,375506942.0,KRW,22
OpenDART_fnlttSinglAcntAll,871833,에스티팜,stpharm,237690,2024,CFS,BS,재무상태표,ifrs-full_OtherNoncurrentFinancialAssets,기타금융자산,-,제 17 기,2340947453.0,3030175046.0,KRW,23
OpenDART_fnlttSinglAcntAll,871833,에스티팜,stpharm,237690,2024,CFS,BS,재무상태표,ifrs-full_PropertyPlantAndEquipment,유형자산,-,제 17 기,336125700926.0,277002575414.0,KRW,24
OpenDART_fnlttSinglAcntAll,871833,에스티팜,stpharm,237690,2024,CFS,BS,재무상태표,ifrs-full_RightofuseAssets,사용권자산,-,제 17 기,2569275131.0,3102878009.0,KRW,25
OpenDART_fnlttSinglAcntAll,871833,에스티팜,stpharm,237690,2024,CFS,BS,재무상태표,ifrs-full_Equity,자본,-,제 17 기,502991186991.0,386906418511.0,KRW,27
OpenDART_fnlttSinglAcntAll,871833,에스티팜,stpharm,237690,2024,CFS,BS,재무상태표,ifrs-full_EquityAttributableToOwnersOfParent,지배기업 소유주지분,-,제 17 기,503132372466.0,384550358519.0,KRW,28
OpenDART_fnlttSinglAcntAll,871833,에스티팜,stpharm,237690,2024,CFS,BS,재무상태표,dart_ElementsOfOtherStockholdersEquity,기타자본구성요소,-,제 17 기,31701938053.0,50203346491.0,KRW,29
OpenDART_fnlttSinglAcntAll,871833,에스티팜,stpharm,237690,2024,CFS,BS,재무상태표,dart_OtherComprehensiveIncomeLossAccumulatedAmount,기타포괄손익누계액,-,제 17 기,3664939527.0,2307643796.0,KRW,30
OpenDART_fnlttSinglAcntAll,871833,에스티팜,stpharm,237690,2024,CFS,BS,재무상태표,ifrs-full_IssuedCapital,자본금,-,제 17 기,10076444000.0,9404387500.0,KRW,31
OpenDART_fnlttSinglAcntAll,871833,에스티팜,stpharm,237690,2024,CFS,BS,재무상태표,ifrs-full_RetainedEarnings,이익잉여금,-,제 17 기,159437430715.0,135729352111.0,KRW,32
OpenDART_fnlttSinglAcntAll,871833,에스티팜,stpharm,237690,2024,CFS,BS,재무상태표,ifrs-full_SharePremium,주식발행초과금,-,제 17 기,298251620171.0,186905628621.0,KRW,33
OpenDART_fnlttSinglAcntAll,871833,에스티팜,stpharm,237690,2024,CFS,BS,재무상태표,ifrs-full_NoncontrollingInterests,비지배지분,-,제 17 기,-141185475.0,2356059992.0,KRW,34
OpenDART_fnlttSinglAcntAll,871833,에스티팜,stpharm,237690,2024,CFS,BS,재무상태표,ifrs-full_EquityAndLiabilities,부채 및 자본총계,-,제 17 기,721875709831.0,675436088584.0,KRW,35
OpenDART_fnlttSinglAcntAll,871833,에스티팜,stpharm,237690,2024,CFS,BS,재무상태표,ifrs-full_CurrentLiabilities,유동부채,-,제 17 기,133281223062.0,83744630214.0,KRW,37
OpenDART_fnlttSinglAcntAll,871833,에스티팜,stpharm,237690,2024,CFS,BS,재무상태표,ifrs-full_CurrentLeaseLiabilities,리스부채,-,제 17 기,1158318256.0,1038791573.0,KRW,38
OpenDART_fnlttSinglAcntAll,871833,에스티팜,stpharm,237690,2024,CFS,BS,재무상태표,ifrs-full_CurrentPortionOfLongtermBorrowings,유동성장기차입금,-,제 17 기,42216742905.0,8333320000.0,KRW,39
OpenDART_fnlttSinglAcntAll,871833,에스티팜,stpharm,237690,2024,CFS,BS,재무상태표,ifrs-full_CurrentTaxLiabilities,당기법인세부채,-,제 17 기,7115210553.0,4430130002.0,KRW,40
OpenDART_fnlttSinglAcntAll,871833,에스티팜,stpharm,237690,2024,CFS,BS,재무상태표,ifrs-full_OtherCurrentFinancialLiabilities,기타금융부채,-,제 17 기,23128755909.0,20245004418.0,KRW,41
OpenDART_fnlttSinglAcntAll,871833,에스티팜,stpharm,237690,2024,CFS,BS,재무상태표,ifrs-full_OtherCurrentLiabilities,기타부채,-,제 17 기,19016101890.0,11158927609.0,KRW,42
OpenDART_fnlttSinglAcntAll,871833,에스티팜,stpharm,237690,2024,CFS,BS,재무상태표,ifrs-full_ShorttermBorrowings,단기차입금,-,제 17 기,30000000000.0,20877921500.0,KRW,43
OpenDART_fnlttSinglAcntAll,871833,에스티팜,stpharm,237690,2024,CFS,BS,재무상태표,ifrs-full_TradeAndOtherCurrentPayablesToTradeSuppliers,매입채무,-,제 17 기,10646093549.0,17660535112.0,KRW,44
OpenDART_fnlttSinglAcntAll,871833,에스티팜,stpharm,237690,2024,CFS,BS,재무상태표,ifrs-full_Liabilities,총부채,-,제 17 기,218884522840.0,288529670073.0,KRW,45
OpenDART_fnlttSinglAcntAll,871833,에스티팜,stpharm,237690,2024,CFS,BS,재무상태표,ifrs-full_NoncurrentLiabilities,비유동부채,-,제 17 기,85603299778.0,204785039859.0,KRW,46
OpenDART_fnlttSinglAcntAll,871833,에스티팜,stpharm,237690,2024,CFS,BS,재무상태표,ifrs-full_LongtermBorrowings,장기차입금,-,제 17 기,43255117970.0,159688858650.0,KRW,47
OpenDART_fnlttSinglAcntAll,871833,에스티팜,stpharm,237690,2024,CFS,BS,재무상태표,ifrs-full_NoncurrentLeaseLiabilities,리스부채,-,제 17 기,1511697186.0,2142698882.0,KRW,48
OpenDART_fnlttSinglAcntAll,871833,에스티팜,stpharm,237690,2024,CFS,BS,재무상태표,ifrs-full_NoncurrentRecognisedLiabilitiesDefinedBenefitPlan,순확정급여부채,-,제 17 기,766085156.0,584866723.0,KRW,49
OpenDART_fnlttSinglAcntAll,871833,에스티팜,stpharm,237690,2024,CFS,BS,재무상태표,ifrs-full_OtherNoncurrentFinancialLiabilities,기타금융부채,-,제 17 기,16782198707.0,17691185950.0,KRW,50
OpenDART_fnlttSinglAcntAll,871833,에스티팜,stpharm,237690,2024,CFS,BS,재무상태표,ifrs-full_OtherNoncurrentLiabilities,기타부채,-,제 17 기,23288200759.0,24677429654.0,KRW,51
OpenDART_fnlttSinglAcntAll,871833,에스티팜,stpharm,237690,2024,CFS,CIS,포괄손익계산서,dart_OperatingIncomeLoss,영업이익,-,제 17 기,27692533192.0,33511661589.0,KRW,6
OpenDART_fnlttSinglAcntAll,871833,에스티팜,stpharm,237690,2024,CFS,CIS,포괄손익계산서,dart_OtherGains,기타수익,-,제 17 기,646902027.0,600618890.0,KRW,7
OpenDART_fnlttSinglAcntAll,871833,에스티팜,stpharm,237690,2024,CFS,CIS,포괄손익계산서,dart_OtherLosses,기타비용,-,제 17 기,2310645575.0,437403637.0,KRW,8
OpenDART_fnlttSinglAcntAll,871833,에스티팜,stpharm,237690,2024,CFS,CIS,포괄손익계산서,dart_TotalSellingGeneralAdministrativeExpenses,판매비와관리비,-,제 17 기,68470261813.0,78603496655.0,KRW,9
OpenDART_fnlttSinglAcntAll,871833,에스티팜,stpharm,237690,2024,CFS,CIS,포괄손익계산서,ifrs-full_ComprehensiveIncome,총포괄손익,-,제 17 기,32279268491.0,19405590718.0,KRW,10
OpenDART_fnlttSinglAcntAll,871833,에스티팜,stpharm,237690,2024,CFS,CIS,포괄손익계산서,ifrs-full_ComprehensiveIncomeAttributableToNoncontrollingInterests,비지배지분,-,제 17 기,-2190493344.0,-1765853591.0,KRW,11
OpenDART_fnlttSinglAcntAll,871833,에스티팜,stpharm,237690,2024,CFS,CIS,포괄손익계산서,ifrs-full_ComprehensiveIncomeAttributableToOwnersOfParent,지배기업 소유주지분,-,제 17 기,34469761835.0,21171444309.0,KRW,12
OpenDART_fnlttSinglAcntAll,871833,에스티팜,stpharm,237690,2024,CFS,CIS,포괄손익계산서,ifrs-full_CostOfSales,매출원가,-,제 17 기,177588547835.0,172876494165.0,KRW,13
OpenDART_fnlttSinglAcntAll,871833,에스티팜,stpharm,237690,2024,CFS,CIS,포괄손익계산서,ifrs-full_BasicEarningsLossPerShare,기본주당이익,-,제 17 기,1780.0,1041.0,KRW,15
OpenDART_fnlttSinglAcntAll,871833,에스티팜,stpharm,237690,2024,CFS,CIS,포괄손익계산서,ifrs-full_DilutedEarningsLossPerShare,희석주당이익,-,제 17 기,1780.0,1041.0,KRW,16
OpenDART_fnlttSinglAcntAll,871833,에스티팜,stpharm,237690,2024,CFS,CIS,포괄손익계산서,ifrs-full_FinanceCosts,금융비용,-,제 17 기,18604323298.0,19698809763.0,KRW,17
OpenDART_fnlttSinglAcntAll,871833,에스티팜,stpharm,237690,2024,CFS,CIS,포괄손익계산서,ifrs-full_FinanceIncome,금융수익,-,제 17 기,35322118297.0,9378186384.0,KRW,18
OpenDART_fnlttSinglAcntAll,871833,에스티팜,stpharm,237690,2024,CFS,CIS,포괄손익계산서,ifrs-full_GrossProfit,매출총이익,-,제 17 기,96162795005.0,112115158244.0,KRW,19
OpenDART_fnlttSinglAcntAll,871833,에스티팜,stpharm,237690,2024,CFS,CIS,포괄손익계산서,ifrs-full_IncomeTaxExpenseContinuingOperations,법인세비용,-,제 17 기,10282744755.0,5830842501.0,KRW,20
OpenDART_fnlttSinglAcntAll,871833,에스티팜,stpharm,237690,2024,CFS,CIS,포괄손익계산서,ifrs-full_OtherComprehensiveIncome,기타포괄손익,-,제 17 기,-184571397.0,1882179756.0,KRW,21
OpenDART_fnlttSinglAcntAll,871833,에스티팜,stpharm,237690,2024,CFS,CIS,포괄손익계산서,ifrs-full_GainsLossesOnExchangeDifferencesOnTranslationNetOfTax,해외사업환산손익,-,제 17 기,403023447.0,2402763793.0,KRW,23
OpenDART_fnlttSinglAcntAll,871833,에스티팜,stpharm,237690,2024,CFS,CIS,포괄손익계산서,ifrs-full_OtherComprehensiveIncomeNetOfTaxFinancialAssetsMeasuredAtFairValueThroughOtherComprehensiveIncome,기타포괄손익공정가치금융자산평가손익,-,제 17 기,996497031.0,833412330.0,KRW,25
OpenDART_fnlttSinglAcntAll,871833,에스티팜,stpharm,237690,2024,CFS,CIS,포괄손익계산서,ifrs-full_OtherComprehensiveIncomeNetOfTaxGainsLossesOnRemeasurementsOfDefinedBenefitPlans,확정급여제도의 재측정요소,-,제 17 기,-1584091875.0,-1353996367.0,KRW,26
OpenDART_fnlttSinglAcntAll,871833,에스티팜,stpharm,237690,2024,CFS,CIS,포괄손익계산서,ifrs-full_ProfitLoss,당기순이익,-,제 17 기,32463839888.0,17523410962.0,KRW,27
OpenDART_fnlttSinglAcntAll,871833,에스티팜,stpharm,237690,2024,CFS,CIS,포괄손익계산서,ifrs-full_ProfitLossAttributableToNoncontrollingInterests,비지배지분,-,제 17 기,-2247890730.0,-2057778786.0,KRW,28
OpenDART_fnlttSinglAcntAll,871833,에스티팜,stpharm,237690,2024,CFS,CIS,포괄손익계산서,ifrs-full_ProfitLossAttributableToOwnersOfParent,지배주주 보통주 당기순이익,-,제 17 기,34711730618.0,19581189748.0,KRW,29
OpenDART_fnlttSinglAcntAll,871833,에스티팜,stpharm,237690,2024,CFS,CIS,포괄손익계산서,ifrs-full_ProfitLossBeforeTax,법인세비용차감전순이익,-,제 17 기,42746584643.0,23354253463.0,KRW,30
OpenDART_fnlttSinglAcntAll,871833,에스티팜,stpharm,237690,2024,CFS,CIS,포괄손익계산서,ifrs-full_Revenue,매출,-,제 17 기,273751342840.0,284991652409.0,KRW,31
OpenDART_fnlttSinglAcntAll,871833,에스티팜,stpharm,237690,2024,CFS,CF,현금흐름표,dart_CashAndCashEquivalentsAtBeginningOfPeriodCf,기초의 현금및현금성자산,-,제 17 기,50097156259.0,50201065697.0,KRW,2
OpenDART_fnlttSinglAcntAll,871833,에스티팜,stpharm,237690,2024,CFS,CF,현금흐름표,dart_CashAndCashEquivalentsAtEndOfPeriodCf,기말의 현금및현금성자산,-,제 17 기,63405167785.0,50097156259.0,KRW,3
OpenDART_fnlttSinglAcntAll,871833,에스티팜,stpharm,237690,2024,CFS,CF,현금흐름표,ifrs-full_CashFlowsFromUsedInFinancingActivities,재무활동으로 인한 현금흐름,-,제 17 기,-10953895479.0,81401259384.0,KRW,8
OpenDART_fnlttSinglAcntAll,871833,에스티팜,stpharm,237690,2024,CFS,CF,현금흐름표,dart_AdjustmentsForIncreasedecreaseInOtherFinancialLiabilities,기타금융부채의 증가,-,제 17 기,190156432.0,1453636642.0,KRW,9
OpenDART_fnlttSinglAcntAll,871833,에스티팜,stpharm,237690,2024,CFS,CF,현금흐름표,dart_PaymentsOfFinanceLeaseLiabilitiesClassifiedAsFinancingActivities,리스부채의 원금상환,-,제 17 기,1678598666.0,1861376797.0,KRW,10
OpenDART_fnlttSinglAcntAll,871833,에스티팜,stpharm,237690,2024,CFS,CF,현금흐름표,dart_ProceedsFromLongTermBorrowings,장기차입금의 차입,-,제 17 기,0.0,100000000000.0,KRW,11
OpenDART_fnlttSinglAcntAll,871833,에스티팜,stpharm,237690,2024,CFS,CF,현금흐름표,dart_ProceedsFromShortTermBorrowings,단기차입금의 차입,-,제 17 기,25000000000.0,25877921500.0,KRW,12
OpenDART_fnlttSinglAcntAll,871833,에스티팜,stpharm,237690,2024,CFS,CF,현금흐름표,dart_RepaymentsOfShortTermBorrowings,단기차입금의 상환,-,제 17 기,24211241500.0,33333360000.0,KRW,13
OpenDART_fnlttSinglAcntAll,871833,에스티팜,stpharm,237690,2024,CFS,CF,현금흐름표,ifrs-full_DividendsPaidClassifiedAsFinancingActivities,배당금의 지급,-,제 17 기,9404387500.0,9404387500.0,KRW,14
OpenDART_fnlttSinglAcntAll,871833,에스티팜,stpharm,237690,2024,CFS,CF,현금흐름표,ifrs-full_InterestPaidClassifiedAsFinancingActivities,이자의 지급,-,제 17 기,817459310.0,1331174461.0,KRW,15
OpenDART_fnlttSinglAcntAll,871833,에스티팜,stpharm,237690,2024,CFS,CF,현금흐름표,ifrs-full_PaymentsForDebtIssueCosts,전환사채 보통주 전환 수수료,-,제 17 기,32364935.0,0.0,KRW,16
OpenDART_fnlttSinglAcntAll,871833,에스티팜,stpharm,237690,2024,CFS,CF,현금흐름표,ifrs-full_CashFlowsFromUsedInInvestingActivities,투자활동으로 인한 현금흐름,-,제 17 기,-86542775340.0,-82388093117.0,KRW,17
OpenDART_fnlttSinglAcntAll,871833,에스티팜,stpharm,237690,2024,CFS,CF,현금흐름표,dart_ProceedsFromSalesOfFairValueFinancialAsset,당기손익공정가치측정금융자산의 처분,-,제 17 기,8003009565.0,7337062255.0,KRW,18
OpenDART_fnlttSinglAcntAll,871833,에스티팜,stpharm,237690,2024,CFS,CF,현금흐름표,dart_ProceedsFromSalesOfOtherFinancialAssets,기타금융자산의 감소,-,제 17 기,1008229655.0,163792429.0,KRW,19
OpenDART_fnlttSinglAcntAll,871833,에스티팜,stpharm,237690,2024,CFS,CF,현금흐름표,dart_ProceedsFromSalesOfShortTermFinancialInstruments,단기금융상품의 감소,-,제 17 기,382424467618.0,103364771565.0,KRW,20
OpenDART_fnlttSinglAcntAll,871833,에스티팜,stpharm,237690,2024,CFS,CF,현금흐름표,dart_PurchaseOfFairValueFinancialAsset,당기손익공정가치측정금융자산의 취득,-,제 17 기,48001008260.0,7859700000.0,KRW,21
OpenDART_fnlttSinglAcntAll,871833,에스티팜,stpharm,237690,2024,CFS,CF,현금흐름표,dart_PurchaseOfOtherFinancialAssets,기타금융자산의 증가,-,제 17 기,298881279.0,517383366.0,KRW,22
OpenDART_fnlttSinglAcntAll,871833,에스티팜,stpharm,237690,2024,CFS,CF,현금흐름표,dart_PurchaseOfShortTermFinancialInstruments,단기금융상품의 취득,-,제 17 기,351157125154.0,143197000000.0,KRW,23
OpenDART_fnlttSinglAcntAll,871833,에스티팜,stpharm,237690,2024,CFS,CF,현금흐름표,ifrs-full_InterestReceivedClassifiedAsInvestingActivities,이자의 수취,-,제 17 기,4353901104.0,1662358617.0,KRW,24
OpenDART_fnlttSinglAcntAll,871833,에스티팜,stpharm,237690,2024,CFS,CF,현금흐름표,ifrs-full_ProceedsFromSalesOfIntangibleAssetsClassifiedAsInvestingActivities,무형자산의 처분,-,제 17 기,180518896.0,0.0,KRW,25
OpenDART_fnlttSinglAcntAll,871833,에스티팜,stpharm,237690,2024,CFS,CF,현금흐름표,ifrs-full_ProceedsFromSalesOfPropertyPlantAndEquipmentClassifiedAsInvestingActivities,유형자산의 처분,-,제 17 기,168495384.0,100938580.0,KRW,26
OpenDART_fnlttSinglAcntAll,871833,에스티팜,stpharm,237690,2024,CFS,CF,현금흐름표,ifrs-full_PurchaseOfIntangibleAssetsClassifiedAsInvestingActivities,무형자산의 취득,-,제 17 기,418633503.0,198702962.0,KRW,27
OpenDART_fnlttSinglAcntAll,871833,에스티팜,stpharm,237690,2024,CFS,CF,현금흐름표,ifrs-full_PurchaseOfPropertyPlantAndEquipmentClassifiedAsInvestingActivities,유형자산의 취득,-,제 17 기,82805749366.0,43244230235.0,KRW,28
OpenDART_fnlttSinglAcntAll,871833,에스티팜,stpharm,237690,2024,CFS,CF,현금흐름표,ifrs-full_CashFlowsFromUsedInOperatingActivities,영업활동으로 인한 현금흐름,-,제 17 기,109451358165.0,1298383439.0,KRW,29
OpenDART_fnlttSinglAcntAll,871833,에스티팜,stpharm,237690,2024,CFS,CF,현금흐름표,ifrs-full_CashFlowsFromUsedInOperations,영업에서 창출된 현금흐름,-,제 17 기,114406683427.0,3416094083.0,KRW,30
OpenDART_fnlttSinglAcntAll,871833,에스티팜,stpharm,237690,2024,CFS,CF,현금흐름표,ifrs-full_IncomeTaxesPaidRefundClassifiedAsOperatingActivities,법인세의 납부,-,제 17 기,4955325262.0,2117710644.0,KRW,31
OpenDART_fnlttSinglAcntAll,871833,에스티팜,stpharm,237690,2024,CFS,CF,현금흐름표,ifrs-full_EffectOfExchangeRateChangesOnCashAndCashEquivalents,현금및현금성자산의 환율변동으로 인한 효과,-,제 17 기,1353324180.0,-415459144.0,KRW,32
OpenDART_fnlttSinglAcntAll,871833,에스티팜,stpharm,237690,2024,CFS,CF,현금흐름표,ifrs-full_IncreaseDecreaseInCashAndCashEquivalentsBeforeEffectOfExchangeRateChanges,환율변동효과 반영전 현금및현금성자산의 순증가(감소),-,제 17 기,11954687346.0,311549706.0,KRW,33
OpenDART_fnlttSinglAcntAll,871833,에스티팜,stpharm,237690,2024,CFS,SCE,자본변동표,dart_EquityAtBeginningOfPeriod,기초자본,연결재무제표 [member],제 17 기,386906418511.0,341102990526.0,KRW,3
OpenDART_fnlttSinglAcntAll,871833,에스티팜,stpharm,237690,2024,CFS,SCE,자본변동표,dart_EquityAtBeginningOfPeriod,기초자본,자본 [구성요소]|비지배지분 [구성요소],제 17 기,2356059992.0,3471159200.0,KRW,3
OpenDART_fnlttSinglAcntAll,871833,에스티팜,stpharm,237690,2024,CFS,SCE,자본변동표,dart_EquityAtBeginningOfPeriod,기초자본,자본 [구성요소]|지배기업의 소유주에게 귀속되는 지분 [구성요소],제 17 기,384550358519.0,337631831326.0,KRW,3
OpenDART_fnlttSinglAcntAll,871833,에스티팜,stpharm,237690,2024,CFS,SCE,자본변동표,dart_EquityAtBeginningOfPeriod,기초자본,자본 [구성요소]|지배기업의 소유주에게 귀속되는 지분 [구성요소]|기타자본구성요소 [구성요소],제 17 기,50203346491.0,15051876107.0,KRW,3
OpenDART_fnlttSinglAcntAll,871833,에스티팜,stpharm,237690,2024,CFS,SCE,자본변동표,dart_EquityAtBeginningOfPeriod,기초자본,자본 [구성요소]|지배기업의 소유주에게 귀속되는 지분 [구성요소]|기타포괄손익누계액 [구성요소],제 17 기,2307643796.0,-623316355.0,KRW,3
OpenDART_fnlttSinglAcntAll,871833,에스티팜,stpharm,237690,2024,CFS,SCE,자본변동표,dart_EquityAtBeginningOfPeriod,기초자본,자본 [구성요소]|지배기업의 소유주에게 귀속되는 지분 [구성요소]|이익잉여금 [구성요소],제 17 기,135729352111.0,126893255453.0,KRW,3
OpenDART_fnlttSinglAcntAll,871833,에스티팜,stpharm,237690,2024,CFS,SCE,자본변동표,dart_EquityAtBeginningOfPeriod,기초자본,자본 [구성요소]|지배기업의 소유주에게 귀속되는 지분 [구성요소]|자본금 [구성요소],제 17 기,9404387500.0,9404387500.0,KRW,3
OpenDART_fnlttSinglAcntAll,871833,에스티팜,stpharm,237690,2024,CFS,SCE,자본변동표,dart_EquityAtBeginningOfPeriod,기초자본,자본 [구성요소]|지배기업의 소유주에게 귀속되는 지분 [구성요소]|주식발행초과금 [구성요소],제 17 기,186905628621.0,186905628621.0,KRW,3
OpenDART_fnlttSinglAcntAll,871833,에스티팜,stpharm,237690,2024,CFS,SCE,자본변동표,ifrs-full_DividendsPaid,현금배당,연결재무제표 [member],제 17 기,9404387500.0,9404387500.0,KRW,4
OpenDART_fnlttSinglAcntAll,871833,에스티팜,stpharm,237690,2024,CFS,SCE,자본변동표,ifrs-full_DividendsPaid,현금배당,자본 [구성요소]|비지배지분 [구성요소],제 17 기,0.0,0.0,KRW,4
OpenDART_fnlttSinglAcntAll,871833,에스티팜,stpharm,237690,2024,CFS,SCE,자본변동표,ifrs-full_DividendsPaid,현금배당,자본 [구성요소]|지배기업의 소유주에게 귀속되는 지분 [구성요소],제 17 기,9404387500.0,9404387500.0,KRW,4
OpenDART_fnlttSinglAcntAll,871833,에스티팜,stpharm,237690,2024,CFS,SCE,자본변동표,ifrs-full_DividendsPaid,현금배당,자본 [구성요소]|지배기업의 소유주에게 귀속되는 지분 [구성요소]|기타자본구성요소 [구성요소],제 17 기,0.0,0.0,KRW,4
OpenDART_fnlttSinglAcntAll,871833,에스티팜,stpharm,237690,2024,CFS,SCE,자본변동표,ifrs-full_DividendsPaid,현금배당,자본 [구성요소]|지배기업의 소유주에게 귀속되는 지분 [구성요소]|기타포괄손익누계액 [구성요소],제 17 기,0.0,0.0,KRW,4
OpenDART_fnlttSinglAcntAll,871833,에스티팜,stpharm,237690,2024,CFS,SCE,자본변동표,ifrs-full_DividendsPaid,현금배당,자본 [구성요소]|지배기업의 소유주에게 귀속되는 지분 [구성요소]|이익잉여금 [구성요소],제 17 기,9404387500.0,9404387500.0,KRW,4
OpenDART_fnlttSinglAcntAll,871833,에스티팜,stpharm,237690,2024,CFS,SCE,자본변동표,ifrs-full_DividendsPaid,현금배당,자본 [구성요소]|지배기업의 소유주에게 귀속되는 지분 [구성요소]|자본금 [구성요소],제 17 기,0.0,0.0,KRW,4
OpenDART_fnlttSinglAcntAll,871833,에스티팜,stpharm,237690,2024,CFS,SCE,자본변동표,ifrs-full_DividendsPaid,현금배당,자본 [구성요소]|지배기업의 소유주에게 귀속되는 지분 [구성요소]|주식발행초과금 [구성요소],제 17 기,0.0,0.0,KRW,4
OpenDART_fnlttSinglAcntAll,871833,에스티팜,stpharm,237690,2024,CFS,SCE,자본변동표,ifrs-full_Equity,자본,연결재무제표 [member],제 17 기,502991186991.0,386906418511.0,KRW,5
OpenDART_fnlttSinglAcntAll,871833,에스티팜,stpharm,237690,2024,CFS,SCE,자본변동표,ifrs-full_Equity,자본,자본 [구성요소]|비지배지분 [구성요소],제 17 기,-141185475.0,2356059992.0,KRW,5
OpenDART_fnlttSinglAcntAll,871833,에스티팜,stpharm,237690,2024,CFS,SCE,자본변동표,ifrs-full_Equity,자본,자본 [구성요소]|지배기업의 소유주에게 귀속되는 지분 [구성요소],제 17 기,503132372466.0,384550358519.0,KRW,5
OpenDART_fnlttSinglAcntAll,871833,에스티팜,stpharm,237690,2024,CFS,SCE,자본변동표,ifrs-full_Equity,자본,자본 [구성요소]|지배기업의 소유주에게 귀속되는 지분 [구성요소]|기타자본구성요소 [구성요소],제 17 기,31701938053.0,50203346491.0,KRW,5
OpenDART_fnlttSinglAcntAll,871833,에스티팜,stpharm,237690,2024,CFS,SCE,자본변동표,ifrs-full_Equity,자본,자본 [구성요소]|지배기업의 소유주에게 귀속되는 지분 [구성요소]|기타포괄손익누계액 [구성요소],제 17 기,3664939527.0,2307643796.0,KRW,5
OpenDART_fnlttSinglAcntAll,871833,에스티팜,stpharm,237690,2024,CFS,SCE,자본변동표,ifrs-full_Equity,자본,자본 [구성요소]|지배기업의 소유주에게 귀속되는 지분 [구성요소]|이익잉여금 [구성요소],제 17 기,159437430715.0,135729352111.0,KRW,5
OpenDART_fnlttSinglAcntAll,871833,에스티팜,stpharm,237690,2024,CFS,SCE,자본변동표,ifrs-full_Equity,자본,자본 [구성요소]|지배기업의 소유주에게 귀속되는 지분 [구성요소]|자본금 [구성요소],제 17 기,10076444000.0,9404387500.0,KRW,5
OpenDART_fnlttSinglAcntAll,871833,에스티팜,stpharm,237690,2024,CFS,SCE,자본변동표,ifrs-full_Equity,자본,자본 [구성요소]|지배기업의 소유주에게 귀속되는 지분 [구성요소]|주식발행초과금 [구성요소],제 17 기,298251620171.0,186905628621.0,KRW,5
OpenDART_fnlttSinglAcntAll,871833,에스티팜,stpharm,237690,2024,CFS,SCE,자본변동표,ifrs-full_GainsLossesOnExchangeDifferencesOnTranslationNetOfTax,해외사업환산손익,연결재무제표 [member],제 17 기,403023447.0,2402763793.0,KRW,6
OpenDART_fnlttSinglAcntAll,871833,에스티팜,stpharm,237690,2024,CFS,SCE,자본변동표,ifrs-full_GainsLossesOnExchangeDifferencesOnTranslationNetOfTax,해외사업환산손익,자본 [구성요소]|비지배지분 [구성요소],제 17 기,42224747.0,305215972.0,KRW,6
OpenDART_fnlttSinglAcntAll,871833,에스티팜,stpharm,237690,2024,CFS,SCE,자본변동표,ifrs-full_GainsLossesOnExchangeDifferencesOnTranslationNetOfTax,해외사업환산손익,자본 [구성요소]|지배기업의 소유주에게 귀속되는 지분 [구성요소],제 17 기,360798700.0,2097547821.0,KRW,6
OpenDART_fnlttSinglAcntAll,871833,에스티팜,stpharm,237690,2024,CFS,SCE,자본변동표,ifrs-full_GainsLossesOnExchangeDifferencesOnTranslationNetOfTax,해외사업환산손익,자본 [구성요소]|지배기업의 소유주에게 귀속되는 지분 [구성요소]|기타자본구성요소 [구성요소],제 17 기,0.0,0.0,KRW,6
OpenDART_fnlttSinglAcntAll,871833,에스티팜,stpharm,237690,2024,CFS,SCE,자본변동표,ifrs-full_GainsLossesOnExchangeDifferencesOnTranslationNetOfTax,해외사업환산손익,자본 [구성요소]|지배기업의 소유주에게 귀속되는 지분 [구성요소]|기타포괄손익누계액 [구성요소],제 17 기,360798700.0,2097547821.0,KRW,6
OpenDART_fnlttSinglAcntAll,871833,에스티팜,stpharm,237690,2024,CFS,SCE,자본변동표,ifrs-full_GainsLossesOnExchangeDifferencesOnTranslationNetOfTax,해외사업환산손익,자본 [구성요소]|지배기업의 소유주에게 귀속되는 지분 [구성요소]|이익잉여금 [구성요소],제 17 기,0.0,0.0,KRW,6
OpenDART_fnlttSinglAcntAll,871833,에스티팜,stpharm,237690,2024,CFS,SCE,자본변동표,ifrs-full_GainsLossesOnExchangeDifferencesOnTranslationNetOfTax,해외사업환산손익,자본 [구성요소]|지배기업의 소유주에게 귀속되는 지분 [구성요소]|자본금 [구성요소],제 17 기,0.0,0.0,KRW,6
OpenDART_fnlttSinglAcntAll,871833,에스티팜,stpharm,237690,2024,CFS,SCE,자본변동표,ifrs-full_GainsLossesOnExchangeDifferencesOnTranslationNetOfTax,해외사업환산손익,자본 [구성요소]|지배기업의 소유주에게 귀속되는 지분 [구성요소]|주식발행초과금 [구성요소],제 17 기,0.0,0.0,KRW,6
OpenDART_fnlttSinglAcntAll,871833,에스티팜,stpharm,237690,2024,CFS,SCE,자본변동표,ifrs-full_IncreaseDecreaseThroughAcquisitionOfSubsidiary,종속기업에 대한 출자,연결재무제표 [member],제 17 기,,0.0,KRW,7
OpenDART_fnlttSinglAcntAll,871833,에스티팜,stpharm,237690,2024,CFS,SCE,자본변동표,ifrs-full_IncreaseDecreaseThroughAcquisitionOfSubsidiary,종속기업에 대한 출자,자본 [구성요소]|비지배지분 [구성요소],제 17 기,,411651951.0,KRW,7
OpenDART_fnlttSinglAcntAll,871833,에스티팜,stpharm,237690,2024,CFS,SCE,자본변동표,ifrs-full_IncreaseDecreaseThroughAcquisitionOfSubsidiary,종속기업에 대한 출자,자본 [구성요소]|지배기업의 소유주에게 귀속되는 지분 [구성요소],제 17 기,,-411651951.0,KRW,7
OpenDART_fnlttSinglAcntAll,871833,에스티팜,stpharm,237690,2024,CFS,SCE,자본변동표,ifrs-full_IncreaseDecreaseThroughAcquisitionOfSubsidiary,종속기업에 대한 출자,자본 [구성요소]|지배기업의 소유주에게 귀속되는 지분 [구성요소]|기타자본구성요소 [구성요소],제 17 기,,-411651951.0,KRW,7
OpenDART_fnlttSinglAcntAll,871833,에스티팜,stpharm,237690,2024,CFS,SCE,자본변동표,ifrs-full_IncreaseDecreaseThroughAcquisitionOfSubsidiary,종속기업에 대한 출자,자본 [구성요소]|지배기업의 소유주에게 귀속되는 지분 [구성요소]|기타포괄손익누계액 [구성요소],제 17 기,,0.0,KRW,7
OpenDART_fnlttSinglAcntAll,871833,에스티팜,stpharm,237690,2024,CFS,SCE,자본변동표,ifrs-full_IncreaseDecreaseThroughAcquisitionOfSubsidiary,종속기업에 대한 출자,자본 [구성요소]|지배기업의 소유주에게 귀속되는 지분 [구성요소]|이익잉여금 [구성요소],제 17 기,,0.0,KRW,7
OpenDART_fnlttSinglAcntAll,871833,에스티팜,stpharm,237690,2024,CFS,SCE,자본변동표,ifrs-full_IncreaseDecreaseThroughAcquisitionOfSubsidiary,종속기업에 대한 출자,자본 [구성요소]|지배기업의 소유주에게 귀속되는 지분 [구성요소]|자본금 [구성요소],제 17 기,,0.0,KRW,7
OpenDART_fnlttSinglAcntAll,871833,에스티팜,stpharm,237690,2024,CFS,SCE,자본변동표,ifrs-full_IncreaseDecreaseThroughAcquisitionOfSubsidiary,종속기업에 대한 출자,자본 [구성요소]|지배기업의 소유주에게 귀속되는 지분 [구성요소]|주식발행초과금 [구성요소],제 17 기,,0.0,KRW,7
OpenDART_fnlttSinglAcntAll,871833,에스티팜,stpharm,237690,2024,CFS,SCE,자본변동표,ifrs-full_IncreaseDecreaseThroughConversionOfConvertibleInstruments,전환사채의 보통주 전환,연결재무제표 [member],제 17 기,90224114659.0,,KRW,8
OpenDART_fnlttSinglAcntAll,871833,에스티팜,stpharm,237690,2024,CFS,SCE,자본변동표,ifrs-full_IncreaseDecreaseThroughConversionOfConvertibleInstruments,전환사채의 보통주 전환,자본 [구성요소]|비지배지분 [구성요소],제 17 기,0.0,,KRW,8
OpenDART_fnlttSinglAcntAll,871833,에스티팜,stpharm,237690,2024,CFS,SCE,자본변동표,ifrs-full_IncreaseDecreaseThroughConversionOfConvertibleInstruments,전환사채의 보통주 전환,자본 [구성요소]|지배기업의 소유주에게 귀속되는 지분 [구성요소],제 17 기,90224114659.0,,KRW,8
OpenDART_fnlttSinglAcntAll,871833,에스티팜,stpharm,237690,2024,CFS,SCE,자본변동표,ifrs-full_IncreaseDecreaseThroughConversionOfConvertibleInstruments,전환사채의 보통주 전환,자본 [구성요소]|지배기업의 소유주에게 귀속되는 지분 [구성요소]|기타자본구성요소 [구성요소],제 17 기,-21793933391.0,,KRW,8
OpenDART_fnlttSinglAcntAll,871833,에스티팜,stpharm,237690,2024,CFS,SCE,자본변동표,ifrs-full_IncreaseDecreaseThroughConversionOfConvertibleInstruments,전환사채의 보통주 전환,자본 [구성요소]|지배기업의 소유주에게 귀속되는 지분 [구성요소]|기타포괄손익누계액 [구성요소],제 17 기,0.0,,KRW,8
OpenDART_fnlttSinglAcntAll,871833,에스티팜,stpharm,237690,2024,CFS,SCE,자본변동표,ifrs-full_IncreaseDecreaseThroughConversionOfConvertibleInstruments,전환사채의 보통주 전환,자본 [구성요소]|지배기업의 소유주에게 귀속되는 지분 [구성요소]|이익잉여금 [구성요소],제 17 기,0.0,,KRW,8
OpenDART_fnlttSinglAcntAll,871833,에스티팜,stpharm,237690,2024,CFS,SCE,자본변동표,ifrs-full_IncreaseDecreaseThroughConversionOfConvertibleInstruments,전환사채의 보통주 전환,자본 [구성요소]|지배기업의 소유주에게 귀속되는 지분 [구성요소]|자본금 [구성요소],제 17 기,672056500.0,,KRW,8
OpenDART_fnlttSinglAcntAll,871833,에스티팜,stpharm,237690,2024,CFS,SCE,자본변동표,ifrs-full_IncreaseDecreaseThroughConversionOfConvertibleInstruments,전환사채의 보통주 전환,자본 [구성요소]|지배기업의 소유주에게 귀속되는 지분 [구성요소]|주식발행초과금 [구성요소],제 17 기,111345991550.0,,KRW,8
OpenDART_fnlttSinglAcntAll,871833,에스티팜,stpharm,237690,2024,CFS,SCE,자본변동표,ifrs-full_IncreaseDecreaseThroughDisposalOfSubsidiary,"종속기업의 처분으로 인한 증가(감소), 자본",연결재무제표 [member],제 17 기,-259983678.0,,KRW,9
OpenDART_fnlttSinglAcntAll,871833,에스티팜,stpharm,237690,2024,CFS,SCE,자본변동표,ifrs-full_IncreaseDecreaseThroughDisposalOfSubsidiary,"종속기업의 처분으로 인한 증가(감소), 자본",자본 [구성요소]|비지배지분 [구성요소],제 17 기,-259983678.0,,KRW,9
OpenDART_fnlttSinglAcntAll,871833,에스티팜,stpharm,237690,2024,CFS,SCE,자본변동표,ifrs-full_IncreaseDecreaseThroughDisposalOfSubsidiary,"종속기업의 처분으로 인한 증가(감소), 자본",자본 [구성요소]|지배기업의 소유주에게 귀속되는 지분 [구성요소],제 17 기,0.0,,KRW,9
OpenDART_fnlttSinglAcntAll,871833,에스티팜,stpharm,237690,2024,CFS,SCE,자본변동표,ifrs-full_IncreaseDecreaseThroughDisposalOfSubsidiary,"종속기업의 처분으로 인한 증가(감소), 자본",자본 [구성요소]|지배기업의 소유주에게 귀속되는 지분 [구성요소]|기타자본구성요소 [구성요소],제 17 기,0.0,,KRW,9
OpenDART_fnlttSinglAcntAll,871833,에스티팜,stpharm,237690,2024,CFS,SCE,자본변동표,ifrs-full_IncreaseDecreaseThroughDisposalOfSubsidiary,"종속기업의 처분으로 인한 증가(감소), 자본",자본 [구성요소]|지배기업의 소유주에게 귀속되는 지분 [구성요소]|기타포괄손익누계액 [구성요소],제 17 기,0.0,,KRW,9
OpenDART_fnlttSinglAcntAll,871833,에스티팜,stpharm,237690,2024,CFS,SCE,자본변동표,ifrs-full_IncreaseDecreaseThroughDisposalOfSubsidiary,"종속기업의 처분으로 인한 증가(감소), 자본",자본 [구성요소]|지배기업의 소유주에게 귀속되는 지분 [구성요소]|이익잉여금 [구성요소],제 17 기,0.0,,KRW,9
OpenDART_fnlttSinglAcntAll,871833,에스티팜,stpharm,237690,2024,CFS,SCE,자본변동표,ifrs-full_IncreaseDecreaseThroughDisposalOfSubsidiary,"종속기업의 처분으로 인한 증가(감소), 자본",자본 [구성요소]|지배기업의 소유주에게 귀속되는 지분 [구성요소]|자본금 [구성요소],제 17 기,0.0,,KRW,9
OpenDART_fnlttSinglAcntAll,871833,에스티팜,stpharm,237690,2024,CFS,SCE,자본변동표,ifrs-full_IncreaseDecreaseThroughDisposalOfSubsidiary,"종속기업의 처분으로 인한 증가(감소), 자본",자본 [구성요소]|지배기업의 소유주에게 귀속되는 지분 [구성요소]|주식발행초과금 [구성요소],제 17 기,0.0,,KRW,9
OpenDART_fnlttSinglAcntAll,871833,에스티팜,stpharm,237690,2024,CFS,SCE,자본변동표,ifrs-full_IncreaseDecreaseThroughExerciseOfWarrantsEquity,"주식매입권 행사로 인한 증가(감소), 자본",연결재무제표 [member],제 17 기,0.0,0.0,KRW,10
OpenDART_fnlttSinglAcntAll,871833,에스티팜,stpharm,237690,2024,CFS,SCE,자본변동표,ifrs-full_IncreaseDecreaseThroughExerciseOfWarrantsEquity,"주식매입권 행사로 인한 증가(감소), 자본",자본 [구성요소]|비지배지분 [구성요소],제 17 기,-100847411.0,-100841583.0,KRW,10
OpenDART_fnlttSinglAcntAll,871833,에스티팜,stpharm,237690,2024,CFS,SCE,자본변동표,ifrs-full_IncreaseDecreaseThroughExerciseOfWarrantsEquity,"주식매입권 행사로 인한 증가(감소), 자본",자본 [구성요소]|지배기업의 소유주에게 귀속되는 지분 [구성요소],제 17 기,100847411.0,100841583.0,KRW,10
OpenDART_fnlttSinglAcntAll,871833,에스티팜,stpharm,237690,2024,CFS,SCE,자본변동표,ifrs-full_IncreaseDecreaseThroughExerciseOfWarrantsEquity,"주식매입권 행사로 인한 증가(감소), 자본",자본 [구성요소]|지배기업의 소유주에게 귀속되는 지분 [구성요소]|기타자본구성요소 [구성요소],제 17 기,100847411.0,100841583.0,KRW,10
OpenDART_fnlttSinglAcntAll,871833,에스티팜,stpharm,237690,2024,CFS,SCE,자본변동표,ifrs-full_IncreaseDecreaseThroughExerciseOfWarrantsEquity,"주식매입권 행사로 인한 증가(감소), 자본",자본 [구성요소]|지배기업의 소유주에게 귀속되는 지분 [구성요소]|기타포괄손익누계액 [구성요소],제 17 기,0.0,0.0,KRW,10
OpenDART_fnlttSinglAcntAll,871833,에스티팜,stpharm,237690,2024,CFS,SCE,자본변동표,ifrs-full_IncreaseDecreaseThroughExerciseOfWarrantsEquity,"주식매입권 행사로 인한 증가(감소), 자본",자본 [구성요소]|지배기업의 소유주에게 귀속되는 지분 [구성요소]|이익잉여금 [구성요소],제 17 기,0.0,0.0,KRW,10
OpenDART_fnlttSinglAcntAll,871833,에스티팜,stpharm,237690,2024,CFS,SCE,자본변동표,ifrs-full_IncreaseDecreaseThroughExerciseOfWarrantsEquity,"주식매입권 행사로 인한 증가(감소), 자본",자본 [구성요소]|지배기업의 소유주에게 귀속되는 지분 [구성요소]|자본금 [구성요소],제 17 기,0.0,0.0,KRW,10
OpenDART_fnlttSinglAcntAll,871833,에스티팜,stpharm,237690,2024,CFS,SCE,자본변동표,ifrs-full_IncreaseDecreaseThroughExerciseOfWarrantsEquity,"주식매입권 행사로 인한 증가(감소), 자본",자본 [구성요소]|지배기업의 소유주에게 귀속되는 지분 [구성요소]|주식발행초과금 [구성요소],제 17 기,0.0,0.0,KRW,10
OpenDART_fnlttSinglAcntAll,871833,에스티팜,stpharm,237690,2024,CFS,SCE,자본변동표,ifrs-full_IncreaseDecreaseThroughSharebasedPaymentTransactions,"주식기준보상거래에 따른 증가(감소), 지분",연결재무제표 [member],제 17 기,3245756508.0,5298148581.0,KRW,11
OpenDART_fnlttSinglAcntAll,871833,에스티팜,stpharm,237690,2024,CFS,SCE,자본변동표,ifrs-full_IncreaseDecreaseThroughSharebasedPaymentTransactions,"주식기준보상거래에 따른 증가(감소), 지분",자본 [구성요소]|비지배지분 [구성요소],제 17 기,54078966.0,339944015.0,KRW,11
OpenDART_fnlttSinglAcntAll,871833,에스티팜,stpharm,237690,2024,CFS,SCE,자본변동표,ifrs-full_IncreaseDecreaseThroughSharebasedPaymentTransactions,"주식기준보상거래에 따른 증가(감소), 지분",자본 [구성요소]|지배기업의 소유주에게 귀속되는 지분 [구성요소],제 17 기,3191677542.0,4958204566.0,KRW,11
OpenDART_fnlttSinglAcntAll,871833,에스티팜,stpharm,237690,2024,CFS,SCE,자본변동표,ifrs-full_IncreaseDecreaseThroughSharebasedPaymentTransactions,"주식기준보상거래에 따른 증가(감소), 지분",자본 [구성요소]|지배기업의 소유주에게 귀속되는 지분 [구성요소]|기타자본구성요소 [구성요소],제 17 기,3191677542.0,4958204566.0,KRW,11
OpenDART_fnlttSinglAcntAll,871833,에스티팜,stpharm,237690,2024,CFS,SCE,자본변동표,ifrs-full_IncreaseDecreaseThroughSharebasedPaymentTransactions,"주식기준보상거래에 따른 증가(감소), 지분",자본 [구성요소]|지배기업의 소유주에게 귀속되는 지분 [구성요소]|기타포괄손익누계액 [구성요소],제 17 기,0.0,0.0,KRW,11
OpenDART_fnlttSinglAcntAll,871833,에스티팜,stpharm,237690,2024,CFS,SCE,자본변동표,ifrs-full_IncreaseDecreaseThroughSharebasedPaymentTransactions,"주식기준보상거래에 따른 증가(감소), 지분",자본 [구성요소]|지배기업의 소유주에게 귀속되는 지분 [구성요소]|이익잉여금 [구성요소],제 17 기,0.0,0.0,KRW,11
OpenDART_fnlttSinglAcntAll,871833,에스티팜,stpharm,237690,2024,CFS,SCE,자본변동표,ifrs-full_IncreaseDecreaseThroughSharebasedPaymentTransactions,"주식기준보상거래에 따른 증가(감소), 지분",자본 [구성요소]|지배기업의 소유주에게 귀속되는 지분 [구성요소]|자본금 [구성요소],제 17 기,0.0,0.0,KRW,11
OpenDART_fnlttSinglAcntAll,871833,에스티팜,stpharm,237690,2024,CFS,SCE,자본변동표,ifrs-full_IncreaseDecreaseThroughSharebasedPaymentTransactions,"주식기준보상거래에 따른 증가(감소), 지분",자본 [구성요소]|지배기업의 소유주에게 귀속되는 지분 [구성요소]|주식발행초과금 [구성요소],제 17 기,0.0,0.0,KRW,11
OpenDART_fnlttSinglAcntAll,871833,에스티팜,stpharm,237690,2024,CFS,SCE,자본변동표,ifrs-full_IssueOfConvertibleInstruments,전환사채의 발행,연결재무제표 [member],제 17 기,,30504076186.0,KRW,13
OpenDART_fnlttSinglAcntAll,871833,에스티팜,stpharm,237690,2024,CFS,SCE,자본변동표,ifrs-full_IssueOfConvertibleInstruments,전환사채의 발행,자본 [구성요소]|비지배지분 [구성요소],제 17 기,,0.0,KRW,13
OpenDART_fnlttSinglAcntAll,871833,에스티팜,stpharm,237690,2024,CFS,SCE,자본변동표,ifrs-full_IssueOfConvertibleInstruments,전환사채의 발행,자본 [구성요소]|지배기업의 소유주에게 귀속되는 지분 [구성요소],제 17 기,,30504076186.0,KRW,13
OpenDART_fnlttSinglAcntAll,871833,에스티팜,stpharm,237690,2024,CFS,SCE,자본변동표,ifrs-full_IssueOfConvertibleInstruments,전환사채의 발행,자본 [구성요소]|지배기업의 소유주에게 귀속되는 지분 [구성요소]|기타자본구성요소 [구성요소],제 17 기,,30504076186.0,KRW,13
OpenDART_fnlttSinglAcntAll,871833,에스티팜,stpharm,237690,2024,CFS,SCE,자본변동표,ifrs-full_IssueOfConvertibleInstruments,전환사채의 발행,자본 [구성요소]|지배기업의 소유주에게 귀속되는 지분 [구성요소]|기타포괄손익누계액 [구성요소],제 17 기,,0.0,KRW,13
OpenDART_fnlttSinglAcntAll,871833,에스티팜,stpharm,237690,2024,CFS,SCE,자본변동표,ifrs-full_IssueOfConvertibleInstruments,전환사채의 발행,자본 [구성요소]|지배기업의 소유주에게 귀속되는 지분 [구성요소]|이익잉여금 [구성요소],제 17 기,,0.0,KRW,13
OpenDART_fnlttSinglAcntAll,871833,에스티팜,stpharm,237690,2024,CFS,SCE,자본변동표,ifrs-full_IssueOfConvertibleInstruments,전환사채의 발행,자본 [구성요소]|지배기업의 소유주에게 귀속되는 지분 [구성요소]|자본금 [구성요소],제 17 기,,0.0,KRW,13
OpenDART_fnlttSinglAcntAll,871833,에스티팜,stpharm,237690,2024,CFS,SCE,자본변동표,ifrs-full_IssueOfConvertibleInstruments,전환사채의 발행,자본 [구성요소]|지배기업의 소유주에게 귀속되는 지분 [구성요소]|주식발행초과금 [구성요소],제 17 기,,0.0,KRW,13
OpenDART_fnlttSinglAcntAll,871833,에스티팜,stpharm,237690,2024,CFS,SCE,자본변동표,ifrs-full_OtherComprehensiveIncomeNetOfTaxFinancialAssetsMeasuredAtFairValueThroughOtherComprehensiveIncome,기타포괄손익공정가치금융자산평가손익,연결재무제표 [member],제 17 기,996497031.0,833412330.0,KRW,14
OpenDART_fnlttSinglAcntAll,871833,에스티팜,stpharm,237690,2024,CFS,SCE,자본변동표,ifrs-full_OtherComprehensiveIncomeNetOfTaxFinancialAssetsMeasuredAtFairValueThroughOtherComprehensiveIncome,기타포괄손익공정가치금융자산평가손익,자본 [구성요소]|비지배지분 [구성요소],제 17 기,0.0,0.0,KRW,14
OpenDART_fnlttSinglAcntAll,871833,에스티팜,stpharm,237690,2024,CFS,SCE,자본변동표,ifrs-full_OtherComprehensiveIncomeNetOfTaxFinancialAssetsMeasuredAtFairValueThroughOtherComprehensiveIncome,기타포괄손익공정가치금융자산평가손익,자본 [구성요소]|지배기업의 소유주에게 귀속되는 지분 [구성요소],제 17 기,996497031.0,833412330.0,KRW,14
OpenDART_fnlttSinglAcntAll,871833,에스티팜,stpharm,237690,2024,CFS,SCE,자본변동표,ifrs-full_OtherComprehensiveIncomeNetOfTaxFinancialAssetsMeasuredAtFairValueThroughOtherComprehensiveIncome,기타포괄손익공정가치금융자산평가손익,자본 [구성요소]|지배기업의 소유주에게 귀속되는 지분 [구성요소]|기타자본구성요소 [구성요소],제 17 기,0.0,0.0,KRW,14
OpenDART_fnlttSinglAcntAll,871833,에스티팜,stpharm,237690,2024,CFS,SCE,자본변동표,ifrs-full_OtherComprehensiveIncomeNetOfTaxFinancialAssetsMeasuredAtFairValueThroughOtherComprehensiveIncome,기타포괄손익공정가치금융자산평가손익,자본 [구성요소]|지배기업의 소유주에게 귀속되는 지분 [구성요소]|기타포괄손익누계액 [구성요소],제 17 기,996497031.0,833412330.0,KRW,14
OpenDART_fnlttSinglAcntAll,871833,에스티팜,stpharm,237690,2024,CFS,SCE,자본변동표,ifrs-full_OtherComprehensiveIncomeNetOfTaxFinancialAssetsMeasuredAtFairValueThroughOtherComprehensiveIncome,기타포괄손익공정가치금융자산평가손익,자본 [구성요소]|지배기업의 소유주에게 귀속되는 지분 [구성요소]|이익잉여금 [구성요소],제 17 기,0.0,0.0,KRW,14
OpenDART_fnlttSinglAcntAll,871833,에스티팜,stpharm,237690,2024,CFS,SCE,자본변동표,ifrs-full_OtherComprehensiveIncomeNetOfTaxFinancialAssetsMeasuredAtFairValueThroughOtherComprehensiveIncome,기타포괄손익공정가치금융자산평가손익,자본 [구성요소]|지배기업의 소유주에게 귀속되는 지분 [구성요소]|자본금 [구성요소],제 17 기,0.0,0.0,KRW,14
OpenDART_fnlttSinglAcntAll,871833,에스티팜,stpharm,237690,2024,CFS,SCE,자본변동표,ifrs-full_OtherComprehensiveIncomeNetOfTaxFinancialAssetsMeasuredAtFairValueThroughOtherComprehensiveIncome,기타포괄손익공정가치금융자산평가손익,자본 [구성요소]|지배기업의 소유주에게 귀속되는 지분 [구성요소]|주식발행초과금 [구성요소],제 17 기,0.0,0.0,KRW,14
OpenDART_fnlttSinglAcntAll,871833,에스티팜,stpharm,237690,2024,CFS,SCE,자본변동표,ifrs-full_OtherComprehensiveIncomeNetOfTaxGainsLossesOnRemeasurementsOfDefinedBenefitPlans,확정급여제도의 재측정요소,연결재무제표 [member],제 17 기,-1584091875.0,-1353996367.0,KRW,15
OpenDART_fnlttSinglAcntAll,871833,에스티팜,stpharm,237690,2024,CFS,SCE,자본변동표,ifrs-full_OtherComprehensiveIncomeNetOfTaxGainsLossesOnRemeasurementsOfDefinedBenefitPlans,확정급여제도의 재측정요소,자본 [구성요소]|비지배지분 [구성요소],제 17 기,15172639.0,-13290777.0,KRW,15
OpenDART_fnlttSinglAcntAll,871833,에스티팜,stpharm,237690,2024,CFS,SCE,자본변동표,ifrs-full_OtherComprehensiveIncomeNetOfTaxGainsLossesOnRemeasurementsOfDefinedBenefitPlans,확정급여제도의 재측정요소,자본 [구성요소]|지배기업의 소유주에게 귀속되는 지분 [구성요소],제 17 기,-1599264514.0,-1340705590.0,KRW,15
OpenDART_fnlttSinglAcntAll,871833,에스티팜,stpharm,237690,2024,CFS,SCE,자본변동표,ifrs-full_OtherComprehensiveIncomeNetOfTaxGainsLossesOnRemeasurementsOfDefinedBenefitPlans,확정급여제도의 재측정요소,자본 [구성요소]|지배기업의 소유주에게 귀속되는 지분 [구성요소]|기타자본구성요소 [구성요소],제 17 기,0.0,0.0,KRW,15
OpenDART_fnlttSinglAcntAll,871833,에스티팜,stpharm,237690,2024,CFS,SCE,자본변동표,ifrs-full_OtherComprehensiveIncomeNetOfTaxGainsLossesOnRemeasurementsOfDefinedBenefitPlans,확정급여제도의 재측정요소,자본 [구성요소]|지배기업의 소유주에게 귀속되는 지분 [구성요소]|기타포괄손익누계액 [구성요소],제 17 기,0.0,0.0,KRW,15
OpenDART_fnlttSinglAcntAll,871833,에스티팜,stpharm,237690,2024,CFS,SCE,자본변동표,ifrs-full_OtherComprehensiveIncomeNetOfTaxGainsLossesOnRemeasurementsOfDefinedBenefitPlans,확정급여제도의 재측정요소,자본 [구성요소]|지배기업의 소유주에게 귀속되는 지분 [구성요소]|이익잉여금 [구성요소],제 17 기,-1599264514.0,-1340705590.0,KRW,15
OpenDART_fnlttSinglAcntAll,871833,에스티팜,stpharm,237690,2024,CFS,SCE,자본변동표,ifrs-full_OtherComprehensiveIncomeNetOfTaxGainsLossesOnRemeasurementsOfDefinedBenefitPlans,확정급여제도의 재측정요소,자본 [구성요소]|지배기업의 소유주에게 귀속되는 지분 [구성요소]|자본금 [구성요소],제 17 기,0.0,0.0,KRW,15
OpenDART_fnlttSinglAcntAll,871833,에스티팜,stpharm,237690,2024,CFS,SCE,자본변동표,ifrs-full_OtherComprehensiveIncomeNetOfTaxGainsLossesOnRemeasurementsOfDefinedBenefitPlans,확정급여제도의 재측정요소,자본 [구성요소]|지배기업의 소유주에게 귀속되는 지분 [구성요소]|주식발행초과금 [구성요소],제 17 기,0.0,0.0,KRW,15
OpenDART_fnlttSinglAcntAll,871833,에스티팜,stpharm,237690,2024,CFS,SCE,자본변동표,ifrs-full_ProfitLoss,당기순이익,연결재무제표 [member],제 17 기,32463839888.0,17523410962.0,KRW,16
OpenDART_fnlttSinglAcntAll,871833,에스티팜,stpharm,237690,2024,CFS,SCE,자본변동표,ifrs-full_ProfitLoss,당기순이익,자본 [구성요소]|비지배지분 [구성요소],제 17 기,-2247890730.0,-2057778786.0,KRW,16
OpenDART_fnlttSinglAcntAll,871833,에스티팜,stpharm,237690,2024,CFS,SCE,자본변동표,ifrs-full_ProfitLoss,당기순이익,자본 [구성요소]|지배기업의 소유주에게 귀속되는 지분 [구성요소],제 17 기,34711730618.0,19581189748.0,KRW,16
OpenDART_fnlttSinglAcntAll,871833,에스티팜,stpharm,237690,2024,CFS,SCE,자본변동표,ifrs-full_ProfitLoss,당기순이익,자본 [구성요소]|지배기업의 소유주에게 귀속되는 지분 [구성요소]|기타자본구성요소 [구성요소],제 17 기,0.0,0.0,KRW,16
OpenDART_fnlttSinglAcntAll,871833,에스티팜,stpharm,237690,2024,CFS,SCE,자본변동표,ifrs-full_ProfitLoss,당기순이익,자본 [구성요소]|지배기업의 소유주에게 귀속되는 지분 [구성요소]|기타포괄손익누계액 [구성요소],제 17 기,0.0,0.0,KRW,16
OpenDART_fnlttSinglAcntAll,871833,에스티팜,stpharm,237690,2024,CFS,SCE,자본변동표,ifrs-full_ProfitLoss,당기순이익,자본 [구성요소]|지배기업의 소유주에게 귀속되는 지분 [구성요소]|이익잉여금 [구성요소],제 17 기,34711730618.0,19581189748.0,KRW,16
OpenDART_fnlttSinglAcntAll,871833,에스티팜,stpharm,237690,2024,CFS,SCE,자본변동표,ifrs-full_ProfitLoss,당기순이익,자본 [구성요소]|지배기업의 소유주에게 귀속되는 지분 [구성요소]|자본금 [구성요소],제 17 기,0.0,0.0,KRW,16
OpenDART_fnlttSinglAcntAll,871833,에스티팜,stpharm,237690,2024,CFS,SCE,자본변동표,ifrs-full_ProfitLoss,당기순이익,자본 [구성요소]|지배기업의 소유주에게 귀속되는 지분 [구성요소]|주식발행초과금 [구성요소],제 17 기,0.0,0.0,KRW,16
OpenDART_fnlttSinglAcntAll,871833,에스티팜,stpharm,237690,2025,CFS,BS,재무상태표,ifrs-full_Assets,자산총계,-,제 18 기,782566948564.0,721875709831.0,KRW,7
OpenDART_fnlttSinglAcntAll,871833,에스티팜,stpharm,237690,2025,CFS,BS,재무상태표,ifrs-full_CurrentAssets,유동자산,-,제 18 기,372667911876.0,330078457410.0,KRW,8
OpenDART_fnlttSinglAcntAll,871833,에스티팜,stpharm,237690,2025,CFS,BS,재무상태표,ifrs-full_CashAndCashEquivalents,현금및현금성자산,-,제 18 기,30546031679.0,63405167785.0,KRW,9
OpenDART_fnlttSinglAcntAll,871833,에스티팜,stpharm,237690,2025,CFS,BS,재무상태표,ifrs-full_CurrentContractAssets,계약자산,-,제 18 기,2447936335.0,0.0,KRW,10
OpenDART_fnlttSinglAcntAll,871833,에스티팜,stpharm,237690,2025,CFS,BS,재무상태표,ifrs-full_CurrentFinancialAssetsAtFairValueThroughProfitOrLoss,당기손익공정가치측정금융자산,-,제 18 기,60444293118.0,48001008260.0,KRW,11
OpenDART_fnlttSinglAcntAll,871833,에스티팜,stpharm,237690,2025,CFS,BS,재무상태표,ifrs-full_CurrentTaxAssets,당기법인세자산,-,제 18 기,174887297.0,158600158.0,KRW,12
OpenDART_fnlttSinglAcntAll,871833,에스티팜,stpharm,237690,2025,CFS,BS,재무상태표,ifrs-full_CurrentTradeReceivables,매출채권,-,제 18 기,96660942933.0,67845548715.0,KRW,13
OpenDART_fnlttSinglAcntAll,871833,에스티팜,stpharm,237690,2025,CFS,BS,재무상태표,ifrs-full_Inventories,재고자산,-,제 18 기,169470580460.0,126963357606.0,KRW,14
OpenDART_fnlttSinglAcntAll,871833,에스티팜,stpharm,237690,2025,CFS,BS,재무상태표,ifrs-full_OtherCurrentAssets,기타자산,-,제 18 기,9950839425.0,12215417597.0,KRW,15
OpenDART_fnlttSinglAcntAll,871833,에스티팜,stpharm,237690,2025,CFS,BS,재무상태표,ifrs-full_OtherCurrentFinancialAssets,기타금융자산,-,제 18 기,2972400629.0,11489357289.0,KRW,16
OpenDART_fnlttSinglAcntAll,871833,에스티팜,stpharm,237690,2025,CFS,BS,재무상태표,ifrs-full_NoncurrentAssets,비유동자산,-,제 18 기,409899036688.0,391797252421.0,KRW,17
OpenDART_fnlttSinglAcntAll,871833,에스티팜,stpharm,237690,2025,CFS,BS,재무상태표,ifrs-full_DeferredTaxAssets,이연법인세자산,-,제 18 기,16501650004.0,7351976853.0,KRW,18
OpenDART_fnlttSinglAcntAll,871833,에스티팜,stpharm,237690,2025,CFS,BS,재무상태표,ifrs-full_IntangibleAssetsAndGoodwill,무형자산,-,제 18 기,17005997158.0,16532029795.0,KRW,19
OpenDART_fnlttSinglAcntAll,871833,에스티팜,stpharm,237690,2025,CFS,BS,재무상태표,ifrs-full_NoncurrentFinancialAssetsAtFairValueThroughProfitOrLoss,당기손익공정가치측정금융자산,-,제 18 기,5738893500.0,17614942514.0,KRW,20
OpenDART_fnlttSinglAcntAll,871833,에스티팜,stpharm,237690,2025,CFS,BS,재무상태표,ifrs-full_NoncurrentFinancialAssetsMeasuredAtFairValueThroughOtherComprehensiveIncome,기타포괄손익공정가치측정금융자산,-,제 18 기,2372613907.0,5781148972.0,KRW,21
OpenDART_fnlttSinglAcntAll,871833,에스티팜,stpharm,237690,2025,CFS,BS,재무상태표,ifrs-full_NoncurrentRecognisedAssetsDefinedBenefitPlan,순확정급여자산,-,제 18 기,4912287707.0,2819010634.0,KRW,22
OpenDART_fnlttSinglAcntAll,871833,에스티팜,stpharm,237690,2025,CFS,BS,재무상태표,ifrs-full_OtherNoncurrentAssets,기타자산,-,제 18 기,624659202.0,662220143.0,KRW,23
OpenDART_fnlttSinglAcntAll,871833,에스티팜,stpharm,237690,2025,CFS,BS,재무상태표,ifrs-full_OtherNoncurrentFinancialAssets,기타금융자산,-,제 18 기,3409092394.0,2340947453.0,KRW,24
OpenDART_fnlttSinglAcntAll,871833,에스티팜,stpharm,237690,2025,CFS,BS,재무상태표,ifrs-full_PropertyPlantAndEquipment,유형자산,-,제 18 기,357246309857.0,336125700926.0,KRW,25
OpenDART_fnlttSinglAcntAll,871833,에스티팜,stpharm,237690,2025,CFS,BS,재무상태표,ifrs-full_RightofuseAssets,사용권자산,-,제 18 기,2087532959.0,2569275131.0,KRW,26
OpenDART_fnlttSinglAcntAll,871833,에스티팜,stpharm,237690,2025,CFS,BS,재무상태표,ifrs-full_Equity,자본총계,-,제 18 기,593003682348.0,502991186991.0,KRW,28
OpenDART_fnlttSinglAcntAll,871833,에스티팜,stpharm,237690,2025,CFS,BS,재무상태표,ifrs-full_EquityAttributableToOwnersOfParent,지배기업 소유주지분,-,제 18 기,593442577191.0,503132372466.0,KRW,29
OpenDART_fnlttSinglAcntAll,871833,에스티팜,stpharm,237690,2025,CFS,BS,재무상태표,dart_ElementsOfOtherStockholdersEquity,기타자본구성요소,-,제 18 기,34307781876.0,31701938053.0,KRW,30
OpenDART_fnlttSinglAcntAll,871833,에스티팜,stpharm,237690,2025,CFS,BS,재무상태표,dart_OtherComprehensiveIncomeLossAccumulatedAmount,기타포괄손익누계액,-,제 18 기,4877003782.0,3664939527.0,KRW,31
OpenDART_fnlttSinglAcntAll,871833,에스티팜,stpharm,237690,2025,CFS,BS,재무상태표,ifrs-full_IssuedCapital,자본금,-,제 18 기,10350842000.0,10076444000.0,KRW,32
OpenDART_fnlttSinglAcntAll,871833,에스티팜,stpharm,237690,2025,CFS,BS,재무상태표,ifrs-full_RetainedEarnings,이익잉여금,-,제 18 기,204242878785.0,159437430715.0,KRW,33
OpenDART_fnlttSinglAcntAll,871833,에스티팜,stpharm,237690,2025,CFS,BS,재무상태표,ifrs-full_SharePremium,주식발행초과금,-,제 18 기,339664070748.0,298251620171.0,KRW,34
OpenDART_fnlttSinglAcntAll,871833,에스티팜,stpharm,237690,2025,CFS,BS,재무상태표,ifrs-full_NoncontrollingInterests,비지배지분,-,제 18 기,-438894843.0,-141185475.0,KRW,35
OpenDART_fnlttSinglAcntAll,871833,에스티팜,stpharm,237690,2025,CFS,BS,재무상태표,ifrs-full_EquityAndLiabilities,부채 및 자본총계,-,제 18 기,782566948564.0,721875709831.0,KRW,36
OpenDART_fnlttSinglAcntAll,871833,에스티팜,stpharm,237690,2025,CFS,BS,재무상태표,ifrs-full_CurrentLiabilities,유동부채,-,제 18 기,164751571814.0,133281223062.0,KRW,38
OpenDART_fnlttSinglAcntAll,871833,에스티팜,stpharm,237690,2025,CFS,BS,재무상태표,ifrs-full_CurrentLeaseLiabilities,리스부채,-,제 18 기,1252604591.0,1158318256.0,KRW,39
OpenDART_fnlttSinglAcntAll,871833,에스티팜,stpharm,237690,2025,CFS,BS,재무상태표,ifrs-full_CurrentPortionOfLongtermBorrowings,유동성장기차입금,-,제 18 기,45490570433.0,42216742905.0,KRW,40
OpenDART_fnlttSinglAcntAll,871833,에스티팜,stpharm,237690,2025,CFS,BS,재무상태표,ifrs-full_CurrentTaxLiabilities,당기법인세부채,-,제 18 기,8539304216.0,7115210553.0,KRW,41
OpenDART_fnlttSinglAcntAll,871833,에스티팜,stpharm,237690,2025,CFS,BS,재무상태표,ifrs-full_OtherCurrentFinancialLiabilities,기타금융부채,-,제 18 기,33196498196.0,23128755909.0,KRW,42
OpenDART_fnlttSinglAcntAll,871833,에스티팜,stpharm,237690,2025,CFS,BS,재무상태표,ifrs-full_OtherCurrentLiabilities,기타부채,-,제 18 기,33434192881.0,19016101890.0,KRW,43
OpenDART_fnlttSinglAcntAll,871833,에스티팜,stpharm,237690,2025,CFS,BS,재무상태표,ifrs-full_ShorttermBorrowings,단기차입금,-,제 18 기,31042096562.0,30000000000.0,KRW,44
OpenDART_fnlttSinglAcntAll,871833,에스티팜,stpharm,237690,2025,CFS,BS,재무상태표,ifrs-full_TradeAndOtherCurrentPayablesToTradeSuppliers,매입채무,-,제 18 기,11796304935.0,10646093549.0,KRW,45
OpenDART_fnlttSinglAcntAll,871833,에스티팜,stpharm,237690,2025,CFS,BS,재무상태표,ifrs-full_Liabilities,부채총계,-,제 18 기,189563266216.0,218884522840.0,KRW,46
OpenDART_fnlttSinglAcntAll,871833,에스티팜,stpharm,237690,2025,CFS,BS,재무상태표,ifrs-full_NoncurrentLiabilities,비유동부채,-,제 18 기,24811694402.0,85603299778.0,KRW,47
OpenDART_fnlttSinglAcntAll,871833,에스티팜,stpharm,237690,2025,CFS,BS,재무상태표,ifrs-full_LongtermBorrowings,장기차입금,-,제 18 기,0.0,43255117970.0,KRW,48
OpenDART_fnlttSinglAcntAll,871833,에스티팜,stpharm,237690,2025,CFS,BS,재무상태표,ifrs-full_NoncurrentLeaseLiabilities,리스부채,-,제 18 기,929219073.0,1511697186.0,KRW,49
OpenDART_fnlttSinglAcntAll,871833,에스티팜,stpharm,237690,2025,CFS,BS,재무상태표,ifrs-full_NoncurrentRecognisedLiabilitiesDefinedBenefitPlan,순확정급여부채,-,제 18 기,604518491.0,766085156.0,KRW,50
OpenDART_fnlttSinglAcntAll,871833,에스티팜,stpharm,237690,2025,CFS,BS,재무상태표,ifrs-full_OtherNoncurrentFinancialLiabilities,기타금융부채,-,제 18 기,2551985526.0,16782198707.0,KRW,51
OpenDART_fnlttSinglAcntAll,871833,에스티팜,stpharm,237690,2025,CFS,BS,재무상태표,ifrs-full_OtherNoncurrentLiabilities,기타부채,-,제 18 기,20725971312.0,23288200759.0,KRW,52
OpenDART_fnlttSinglAcntAll,871833,에스티팜,stpharm,237690,2025,CFS,CIS,포괄손익계산서,dart_OperatingIncomeLoss,영업이익,-,제 18 기,54932543750.0,27692533192.0,KRW,6
OpenDART_fnlttSinglAcntAll,871833,에스티팜,stpharm,237690,2025,CFS,CIS,포괄손익계산서,dart_OtherGains,기타수익,-,제 18 기,523651208.0,646902027.0,KRW,7
OpenDART_fnlttSinglAcntAll,871833,에스티팜,stpharm,237690,2025,CFS,CIS,포괄손익계산서,dart_OtherLosses,기타비용,-,제 18 기,1139494533.0,2310645575.0,KRW,8
OpenDART_fnlttSinglAcntAll,871833,에스티팜,stpharm,237690,2025,CFS,CIS,포괄손익계산서,dart_TotalSellingGeneralAdministrativeExpenses,판매비와관리비,-,제 18 기,81270077140.0,68470261813.0,KRW,9
OpenDART_fnlttSinglAcntAll,871833,에스티팜,stpharm,237690,2025,CFS,CIS,포괄손익계산서,ifrs-full_ComprehensiveIncome,총포괄손익,-,제 18 기,55796246957.0,32279268491.0,KRW,10
OpenDART_fnlttSinglAcntAll,871833,에스티팜,stpharm,237690,2025,CFS,CIS,포괄손익계산서,ifrs-full_ComprehensiveIncomeAttributableToNoncontrollingInterests,비지배지분,-,제 18 기,-297709368.0,-2190493344.0,KRW,11
OpenDART_fnlttSinglAcntAll,871833,에스티팜,stpharm,237690,2025,CFS,CIS,포괄손익계산서,ifrs-full_ComprehensiveIncomeAttributableToOwnersOfParent,지배기업 소유주지분,-,제 18 기,56093956325.0,34469761835.0,KRW,12
OpenDART_fnlttSinglAcntAll,871833,에스티팜,stpharm,237690,2025,CFS,CIS,포괄손익계산서,ifrs-full_CostOfSales,매출원가,-,제 18 기,195478661557.0,177588547835.0,KRW,13
OpenDART_fnlttSinglAcntAll,871833,에스티팜,stpharm,237690,2025,CFS,CIS,포괄손익계산서,ifrs-full_BasicEarningsLossPerShare,기본주당이익,-,제 18 기,2706.0,1780.0,KRW,15
OpenDART_fnlttSinglAcntAll,871833,에스티팜,stpharm,237690,2025,CFS,CIS,포괄손익계산서,ifrs-full_DilutedEarningsLossPerShare,희석주당이익,-,제 18 기,2688.0,1780.0,KRW,16
OpenDART_fnlttSinglAcntAll,871833,에스티팜,stpharm,237690,2025,CFS,CIS,포괄손익계산서,ifrs-full_FinanceCosts,금융비용,-,제 18 기,13363162035.0,18604323298.0,KRW,17
OpenDART_fnlttSinglAcntAll,871833,에스티팜,stpharm,237690,2025,CFS,CIS,포괄손익계산서,ifrs-full_FinanceIncome,금융수익,-,제 18 기,17769858419.0,35322118297.0,KRW,18
OpenDART_fnlttSinglAcntAll,871833,에스티팜,stpharm,237690,2025,CFS,CIS,포괄손익계산서,ifrs-full_GrossProfit,매출총이익,-,제 18 기,136202620890.0,96162795005.0,KRW,19
OpenDART_fnlttSinglAcntAll,871833,에스티팜,stpharm,237690,2025,CFS,CIS,포괄손익계산서,ifrs-full_IncomeTaxExpenseContinuingOperations,법인세비용,-,제 18 기,4161452076.0,10282744755.0,KRW,20
OpenDART_fnlttSinglAcntAll,871833,에스티팜,stpharm,237690,2025,CFS,CIS,포괄손익계산서,ifrs-full_OtherComprehensiveIncome,기타포괄손익,-,제 18 기,1234302224.0,-184571397.0,KRW,21
OpenDART_fnlttSinglAcntAll,871833,에스티팜,stpharm,237690,2025,CFS,CIS,포괄손익계산서,ifrs-full_GainsLossesOnExchangeDifferencesOnTranslationNetOfTax,해외사업환산손익,-,제 18 기,2316288220.0,403023447.0,KRW,23
OpenDART_fnlttSinglAcntAll,871833,에스티팜,stpharm,237690,2025,CFS,CIS,포괄손익계산서,ifrs-full_OtherComprehensiveIncomeNetOfTaxFinancialAssetsMeasuredAtFairValueThroughOtherComprehensiveIncome,기타포괄손익공정가치금융자산평가손익,-,제 18 기,-927728416.0,996497031.0,KRW,25
OpenDART_fnlttSinglAcntAll,871833,에스티팜,stpharm,237690,2025,CFS,CIS,포괄손익계산서,ifrs-full_OtherComprehensiveIncomeNetOfTaxGainsLossesOnRemeasurementsOfDefinedBenefitPlans,확정급여제도의 재측정요소,-,제 18 기,-154257580.0,-1584091875.0,KRW,26
OpenDART_fnlttSinglAcntAll,871833,에스티팜,stpharm,237690,2025,CFS,CIS,포괄손익계산서,ifrs-full_ProfitLoss,당기순이익,-,제 18 기,54561944733.0,32463839888.0,KRW,27
OpenDART_fnlttSinglAcntAll,871833,에스티팜,stpharm,237690,2025,CFS,CIS,포괄손익계산서,ifrs-full_ProfitLossAttributableToNoncontrollingInterests,비지배지분,-,제 18 기,-429803411.0,-2247890730.0,KRW,28
OpenDART_fnlttSinglAcntAll,871833,에스티팜,stpharm,237690,2025,CFS,CIS,포괄손익계산서,ifrs-full_ProfitLossAttributableToOwnersOfParent,지배주주 보통주 당기순이익,-,제 18 기,54991748144.0,34711730618.0,KRW,29
OpenDART_fnlttSinglAcntAll,871833,에스티팜,stpharm,237690,2025,CFS,CIS,포괄손익계산서,ifrs-full_ProfitLossBeforeTax,법인세비용차감전순이익,-,제 18 기,58723396809.0,42746584643.0,KRW,30
OpenDART_fnlttSinglAcntAll,871833,에스티팜,stpharm,237690,2025,CFS,CIS,포괄손익계산서,ifrs-full_Revenue,매출,-,제 18 기,331681282447.0,273751342840.0,KRW,31
OpenDART_fnlttSinglAcntAll,871833,에스티팜,stpharm,237690,2025,CFS,CF,현금흐름표,dart_CashAndCashEquivalentsAtBeginningOfPeriodCf,기초의 현금및현금성자산,-,제 18 기,63405167785.0,50097156259.0,KRW,2
OpenDART_fnlttSinglAcntAll,871833,에스티팜,stpharm,237690,2025,CFS,CF,현금흐름표,dart_CashAndCashEquivalentsAtEndOfPeriodCf,기말의 현금및현금성자산,-,제 18 기,30546031679.0,63405167785.0,KRW,3
OpenDART_fnlttSinglAcntAll,871833,에스티팜,stpharm,237690,2025,CFS,CF,현금흐름표,ifrs-full_CashFlowsFromUsedInFinancingActivities,재무활동으로 인한 현금흐름,-,제 18 기,-20082958731.0,-10953895479.0,KRW,8
OpenDART_fnlttSinglAcntAll,871833,에스티팜,stpharm,237690,2025,CFS,CF,현금흐름표,dart_PaymentsOfFinanceLeaseLiabilitiesClassifiedAsFinancingActivities,리스부채의 원금상환,-,제 18 기,1944158546.0,1678598666.0,KRW,9
OpenDART_fnlttSinglAcntAll,871833,에스티팜,stpharm,237690,2025,CFS,CF,현금흐름표,dart_ProceedsFromLongTermBorrowings,장기차입금의 차입,-,제 18 기,0.0,0.0,KRW,10
OpenDART_fnlttSinglAcntAll,871833,에스티팜,stpharm,237690,2025,CFS,CF,현금흐름표,dart_ProceedsFromShortTermBorrowings,단기차입금의 차입,-,제 18 기,11478540727.0,25000000000.0,KRW,11
OpenDART_fnlttSinglAcntAll,871833,에스티팜,stpharm,237690,2025,CFS,CF,현금흐름표,dart_RepaymentForGovernmentGrantsClassifiedAsFinancingActivities,기타금융부채의 감소,-,제 18 기,185656516.0,0.0,KRW,12
OpenDART_fnlttSinglAcntAll,871833,에스티팜,stpharm,237690,2025,CFS,CF,현금흐름표,ifrs-full_DividendsPaidClassifiedAsFinancingActivities,배당금의 지급,-,제 18 기,10076444000.0,9404387500.0,KRW,13
OpenDART_fnlttSinglAcntAll,871833,에스티팜,stpharm,237690,2025,CFS,CF,현금흐름표,ifrs-full_InterestPaidClassifiedAsFinancingActivities,이자의 지급,-,제 18 기,578079777.0,817459310.0,KRW,14
OpenDART_fnlttSinglAcntAll,871833,에스티팜,stpharm,237690,2025,CFS,CF,현금흐름표,ifrs-full_PaymentsForDebtIssueCosts,전환사채 보통주 전환 수수료,-,제 18 기,7396454.0,32364935.0,KRW,15
OpenDART_fnlttSinglAcntAll,871833,에스티팜,stpharm,237690,2025,CFS,CF,현금흐름표,ifrs-full_ProceedsFromGovernmentGrantsClassifiedAsFinancingActivities,기타금융부채의 증가,-,제 18 기,0.0,190156432.0,KRW,16
OpenDART_fnlttSinglAcntAll,871833,에스티팜,stpharm,237690,2025,CFS,CF,현금흐름표,ifrs-full_RepaymentsOfBorrowingsClassifiedAsFinancingActivities,차입금의 상환,-,제 18 기,18769764165.0,24211241500.0,KRW,17
OpenDART_fnlttSinglAcntAll,871833,에스티팜,stpharm,237690,2025,CFS,CF,현금흐름표,ifrs-full_CashFlowsFromUsedInInvestingActivities,투자활동으로 인한 현금흐름,-,제 18 기,-26325858708.0,-86542775340.0,KRW,18
OpenDART_fnlttSinglAcntAll,871833,에스티팜,stpharm,237690,2025,CFS,CF,현금흐름표,dart_AdjustmentsForDecreaseincreaseInAdvancePayments,선급금의 증가,-,제 18 기,-273807985.0,0.0,KRW,19
OpenDART_fnlttSinglAcntAll,871833,에스티팜,stpharm,237690,2025,CFS,CF,현금흐름표,dart_ProceedsFromSalesOfFairValueFinancialAsset,당기손익공정가치측정금융자산의 처분,-,제 18 기,206009508260.0,8003009565.0,KRW,20
OpenDART_fnlttSinglAcntAll,871833,에스티팜,stpharm,237690,2025,CFS,CF,현금흐름표,dart_ProceedsFromSalesOfFinancialAssetsAtFairValueThroughOtherComprehensiveIncome,기타포괄손익-공정가치측정금융자산의처분,-,제 18 기,2169445100.0,0.0,KRW,21
OpenDART_fnlttSinglAcntAll,871833,에스티팜,stpharm,237690,2025,CFS,CF,현금흐름표,dart_ProceedsFromSalesOfOtherFinancialAssets,기타금융자산의 감소,-,제 18 기,932699941.0,1008229655.0,KRW,22
OpenDART_fnlttSinglAcntAll,871833,에스티팜,stpharm,237690,2025,CFS,CF,현금흐름표,dart_ProceedsFromSalesOfShortTermFinancialInstruments,단기금융상품의 처분,-,제 18 기,9517657536.0,382424467618.0,KRW,23
OpenDART_fnlttSinglAcntAll,871833,에스티팜,stpharm,237690,2025,CFS,CF,현금흐름표,dart_PurchaseOfFairValueFinancialAsset,당기손익공정가치측정금융자산의 취득,-,제 18 기,199227500000.0,48001008260.0,KRW,24
OpenDART_fnlttSinglAcntAll,871833,에스티팜,stpharm,237690,2025,CFS,CF,현금흐름표,dart_PurchaseOfOtherFinancialAssets,기타금융자산의 증가,-,제 18 기,2312871540.0,298881279.0,KRW,25
OpenDART_fnlttSinglAcntAll,871833,에스티팜,stpharm,237690,2025,CFS,CF,현금흐름표,dart_PurchaseOfShortTermFinancialInstruments,단기금융상품의 취득,-,제 18 기,0.0,351157125154.0,KRW,26
OpenDART_fnlttSinglAcntAll,871833,에스티팜,stpharm,237690,2025,CFS,CF,현금흐름표,ifrs-full_InterestReceivedClassifiedAsInvestingActivities,이자의 수취,-,제 18 기,4092565376.0,4353901104.0,KRW,27
OpenDART_fnlttSinglAcntAll,871833,에스티팜,stpharm,237690,2025,CFS,CF,현금흐름표,ifrs-full_ProceedsFromSalesOfIntangibleAssetsClassifiedAsInvestingActivities,무형자산의 처분,-,제 18 기,0.0,180518896.0,KRW,28
OpenDART_fnlttSinglAcntAll,871833,에스티팜,stpharm,237690,2025,CFS,CF,현금흐름표,ifrs-full_ProceedsFromSalesOfPropertyPlantAndEquipmentClassifiedAsInvestingActivities,유형자산의 처분,-,제 18 기,51604684.0,168495384.0,KRW,29
OpenDART_fnlttSinglAcntAll,871833,에스티팜,stpharm,237690,2025,CFS,CF,현금흐름표,ifrs-full_PurchaseOfIntangibleAssetsClassifiedAsInvestingActivities,무형자산의 취득,-,제 18 기,213635784.0,418633503.0,KRW,30
OpenDART_fnlttSinglAcntAll,871833,에스티팜,stpharm,237690,2025,CFS,CF,현금흐름표,ifrs-full_PurchaseOfPropertyPlantAndEquipmentClassifiedAsInvestingActivities,유형자산의 취득,-,제 18 기,47071524296.0,82805749366.0,KRW,31
OpenDART_fnlttSinglAcntAll,871833,에스티팜,stpharm,237690,2025,CFS,CF,현금흐름표,ifrs-full_CashFlowsFromUsedInOperatingActivities,영업활동으로 인한 현금흐름,-,제 18 기,13989325017.0,109451358165.0,KRW,32
OpenDART_fnlttSinglAcntAll,871833,에스티팜,stpharm,237690,2025,CFS,CF,현금흐름표,ifrs-full_CashFlowsFromUsedInOperations,영업에서 창출된 현금흐름,-,제 18 기,22731360354.0,114406683427.0,KRW,33
OpenDART_fnlttSinglAcntAll,871833,에스티팜,stpharm,237690,2025,CFS,CF,현금흐름표,ifrs-full_IncomeTaxesPaidRefundClassifiedAsOperatingActivities,법인세의 납부,-,제 18 기,8742035337.0,4955325262.0,KRW,34
OpenDART_fnlttSinglAcntAll,871833,에스티팜,stpharm,237690,2025,CFS,CF,현금흐름표,ifrs-full_EffectOfExchangeRateChangesOnCashAndCashEquivalents,현금및현금성자산의 환율변동으로 인한 효과,-,제 18 기,-439643684.0,1353324180.0,KRW,35
OpenDART_fnlttSinglAcntAll,871833,에스티팜,stpharm,237690,2025,CFS,CF,현금흐름표,ifrs-full_IncreaseDecreaseInCashAndCashEquivalentsBeforeEffectOfExchangeRateChanges,환율변동효과 반영전 현금및현금성자산의 순증가(감소),-,제 18 기,-32419492422.0,11954687346.0,KRW,36
OpenDART_fnlttSinglAcntAll,871833,에스티팜,stpharm,237690,2025,CFS,SCE,자본변동표,dart_EquityAtBeginningOfPeriod,기초자본,연결재무제표 [member],제 18 기,502991186991.0,386906418511.0,KRW,3
OpenDART_fnlttSinglAcntAll,871833,에스티팜,stpharm,237690,2025,CFS,SCE,자본변동표,dart_EquityAtBeginningOfPeriod,기초자본,자본 [구성요소]|비지배지분 [구성요소],제 18 기,-141185475.0,2356059992.0,KRW,3
OpenDART_fnlttSinglAcntAll,871833,에스티팜,stpharm,237690,2025,CFS,SCE,자본변동표,dart_EquityAtBeginningOfPeriod,기초자본,자본 [구성요소]|지배기업의 소유주에게 귀속되는 지분 [구성요소],제 18 기,503132372466.0,384550358519.0,KRW,3
OpenDART_fnlttSinglAcntAll,871833,에스티팜,stpharm,237690,2025,CFS,SCE,자본변동표,dart_EquityAtBeginningOfPeriod,기초자본,자본 [구성요소]|지배기업의 소유주에게 귀속되는 지분 [구성요소]|기타자본구성요소 [구성요소],제 18 기,31701938053.0,50203346491.0,KRW,3
OpenDART_fnlttSinglAcntAll,871833,에스티팜,stpharm,237690,2025,CFS,SCE,자본변동표,dart_EquityAtBeginningOfPeriod,기초자본,자본 [구성요소]|지배기업의 소유주에게 귀속되는 지분 [구성요소]|기타포괄손익누계액 [구성요소],제 18 기,3664939527.0,2307643796.0,KRW,3
OpenDART_fnlttSinglAcntAll,871833,에스티팜,stpharm,237690,2025,CFS,SCE,자본변동표,dart_EquityAtBeginningOfPeriod,기초자본,자본 [구성요소]|지배기업의 소유주에게 귀속되는 지분 [구성요소]|이익잉여금 [구성요소],제 18 기,159437430715.0,135729352111.0,KRW,3
OpenDART_fnlttSinglAcntAll,871833,에스티팜,stpharm,237690,2025,CFS,SCE,자본변동표,dart_EquityAtBeginningOfPeriod,기초자본,자본 [구성요소]|지배기업의 소유주에게 귀속되는 지분 [구성요소]|자본금 [구성요소],제 18 기,10076444000.0,9404387500.0,KRW,3
OpenDART_fnlttSinglAcntAll,871833,에스티팜,stpharm,237690,2025,CFS,SCE,자본변동표,dart_EquityAtBeginningOfPeriod,기초자본,자본 [구성요소]|지배기업의 소유주에게 귀속되는 지분 [구성요소]|주식발행초과금 [구성요소],제 18 기,298251620171.0,186905628621.0,KRW,3
OpenDART_fnlttSinglAcntAll,871833,에스티팜,stpharm,237690,2025,CFS,SCE,자본변동표,ifrs-full_DividendsPaid,현금배당,연결재무제표 [member],제 18 기,10076444000.0,9404387500.0,KRW,4
OpenDART_fnlttSinglAcntAll,871833,에스티팜,stpharm,237690,2025,CFS,SCE,자본변동표,ifrs-full_DividendsPaid,현금배당,자본 [구성요소]|비지배지분 [구성요소],제 18 기,0.0,0.0,KRW,4
OpenDART_fnlttSinglAcntAll,871833,에스티팜,stpharm,237690,2025,CFS,SCE,자본변동표,ifrs-full_DividendsPaid,현금배당,자본 [구성요소]|지배기업의 소유주에게 귀속되는 지분 [구성요소],제 18 기,10076444000.0,9404387500.0,KRW,4
OpenDART_fnlttSinglAcntAll,871833,에스티팜,stpharm,237690,2025,CFS,SCE,자본변동표,ifrs-full_DividendsPaid,현금배당,자본 [구성요소]|지배기업의 소유주에게 귀속되는 지분 [구성요소]|기타자본구성요소 [구성요소],제 18 기,0.0,0.0,KRW,4
OpenDART_fnlttSinglAcntAll,871833,에스티팜,stpharm,237690,2025,CFS,SCE,자본변동표,ifrs-full_DividendsPaid,현금배당,자본 [구성요소]|지배기업의 소유주에게 귀속되는 지분 [구성요소]|기타포괄손익누계액 [구성요소],제 18 기,0.0,0.0,KRW,4
OpenDART_fnlttSinglAcntAll,871833,에스티팜,stpharm,237690,2025,CFS,SCE,자본변동표,ifrs-full_DividendsPaid,현금배당,자본 [구성요소]|지배기업의 소유주에게 귀속되는 지분 [구성요소]|이익잉여금 [구성요소],제 18 기,10076444000.0,9404387500.0,KRW,4
OpenDART_fnlttSinglAcntAll,871833,에스티팜,stpharm,237690,2025,CFS,SCE,자본변동표,ifrs-full_DividendsPaid,현금배당,자본 [구성요소]|지배기업의 소유주에게 귀속되는 지분 [구성요소]|자본금 [구성요소],제 18 기,0.0,0.0,KRW,4
OpenDART_fnlttSinglAcntAll,871833,에스티팜,stpharm,237690,2025,CFS,SCE,자본변동표,ifrs-full_DividendsPaid,현금배당,자본 [구성요소]|지배기업의 소유주에게 귀속되는 지분 [구성요소]|주식발행초과금 [구성요소],제 18 기,0.0,0.0,KRW,4
OpenDART_fnlttSinglAcntAll,871833,에스티팜,stpharm,237690,2025,CFS,SCE,자본변동표,ifrs-full_Equity,자본총계,연결재무제표 [member],제 18 기,593003682348.0,502991186991.0,KRW,5
OpenDART_fnlttSinglAcntAll,871833,에스티팜,stpharm,237690,2025,CFS,SCE,자본변동표,ifrs-full_Equity,자본총계,자본 [구성요소]|비지배지분 [구성요소],제 18 기,-438894843.0,-141185475.0,KRW,5
OpenDART_fnlttSinglAcntAll,871833,에스티팜,stpharm,237690,2025,CFS,SCE,자본변동표,ifrs-full_Equity,자본총계,자본 [구성요소]|지배기업의 소유주에게 귀속되는 지분 [구성요소],제 18 기,593442577191.0,503132372466.0,KRW,5
OpenDART_fnlttSinglAcntAll,871833,에스티팜,stpharm,237690,2025,CFS,SCE,자본변동표,ifrs-full_Equity,자본총계,자본 [구성요소]|지배기업의 소유주에게 귀속되는 지분 [구성요소]|기타자본구성요소 [구성요소],제 18 기,34307781876.0,31701938053.0,KRW,5
OpenDART_fnlttSinglAcntAll,871833,에스티팜,stpharm,237690,2025,CFS,SCE,자본변동표,ifrs-full_Equity,자본총계,자본 [구성요소]|지배기업의 소유주에게 귀속되는 지분 [구성요소]|기타포괄손익누계액 [구성요소],제 18 기,4877003782.0,3664939527.0,KRW,5
OpenDART_fnlttSinglAcntAll,871833,에스티팜,stpharm,237690,2025,CFS,SCE,자본변동표,ifrs-full_Equity,자본총계,자본 [구성요소]|지배기업의 소유주에게 귀속되는 지분 [구성요소]|이익잉여금 [구성요소],제 18 기,204242878785.0,159437430715.0,KRW,5
OpenDART_fnlttSinglAcntAll,871833,에스티팜,stpharm,237690,2025,CFS,SCE,자본변동표,ifrs-full_Equity,자본총계,자본 [구성요소]|지배기업의 소유주에게 귀속되는 지분 [구성요소]|자본금 [구성요소],제 18 기,10350842000.0,10076444000.0,KRW,5
OpenDART_fnlttSinglAcntAll,871833,에스티팜,stpharm,237690,2025,CFS,SCE,자본변동표,ifrs-full_Equity,자본총계,자본 [구성요소]|지배기업의 소유주에게 귀속되는 지분 [구성요소]|주식발행초과금 [구성요소],제 18 기,339664070748.0,298251620171.0,KRW,5
OpenDART_fnlttSinglAcntAll,871833,에스티팜,stpharm,237690,2025,CFS,SCE,자본변동표,ifrs-full_GainsLossesOnExchangeDifferencesOnTranslationNetOfTax,해외사업환산손익,연결재무제표 [member],제 18 기,2316288220.0,403023447.0,KRW,6
OpenDART_fnlttSinglAcntAll,871833,에스티팜,stpharm,237690,2025,CFS,SCE,자본변동표,ifrs-full_GainsLossesOnExchangeDifferencesOnTranslationNetOfTax,해외사업환산손익,자본 [구성요소]|비지배지분 [구성요소],제 18 기,7050449.0,42224747.0,KRW,6
OpenDART_fnlttSinglAcntAll,871833,에스티팜,stpharm,237690,2025,CFS,SCE,자본변동표,ifrs-full_GainsLossesOnExchangeDifferencesOnTranslationNetOfTax,해외사업환산손익,자본 [구성요소]|지배기업의 소유주에게 귀속되는 지분 [구성요소],제 18 기,2309237771.0,360798700.0,KRW,6
OpenDART_fnlttSinglAcntAll,871833,에스티팜,stpharm,237690,2025,CFS,SCE,자본변동표,ifrs-full_GainsLossesOnExchangeDifferencesOnTranslationNetOfTax,해외사업환산손익,자본 [구성요소]|지배기업의 소유주에게 귀속되는 지분 [구성요소]|기타자본구성요소 [구성요소],제 18 기,0.0,0.0,KRW,6
OpenDART_fnlttSinglAcntAll,871833,에스티팜,stpharm,237690,2025,CFS,SCE,자본변동표,ifrs-full_GainsLossesOnExchangeDifferencesOnTranslationNetOfTax,해외사업환산손익,자본 [구성요소]|지배기업의 소유주에게 귀속되는 지분 [구성요소]|기타포괄손익누계액 [구성요소],제 18 기,2309237771.0,360798700.0,KRW,6
OpenDART_fnlttSinglAcntAll,871833,에스티팜,stpharm,237690,2025,CFS,SCE,자본변동표,ifrs-full_GainsLossesOnExchangeDifferencesOnTranslationNetOfTax,해외사업환산손익,자본 [구성요소]|지배기업의 소유주에게 귀속되는 지분 [구성요소]|이익잉여금 [구성요소],제 18 기,0.0,0.0,KRW,6
OpenDART_fnlttSinglAcntAll,871833,에스티팜,stpharm,237690,2025,CFS,SCE,자본변동표,ifrs-full_GainsLossesOnExchangeDifferencesOnTranslationNetOfTax,해외사업환산손익,자본 [구성요소]|지배기업의 소유주에게 귀속되는 지분 [구성요소]|자본금 [구성요소],제 18 기,0.0,0.0,KRW,6
OpenDART_fnlttSinglAcntAll,871833,에스티팜,stpharm,237690,2025,CFS,SCE,자본변동표,ifrs-full_GainsLossesOnExchangeDifferencesOnTranslationNetOfTax,해외사업환산손익,자본 [구성요소]|지배기업의 소유주에게 귀속되는 지분 [구성요소]|주식발행초과금 [구성요소],제 18 기,0.0,0.0,KRW,6
OpenDART_fnlttSinglAcntAll,871833,에스티팜,stpharm,237690,2025,CFS,SCE,자본변동표,ifrs-full_IncreaseDecreaseThroughAcquisitionOfSubsidiary,종속기업에 대한 출자,연결재무제표 [member],제 18 기,0.0,0.0,KRW,7
OpenDART_fnlttSinglAcntAll,871833,에스티팜,stpharm,237690,2025,CFS,SCE,자본변동표,ifrs-full_IncreaseDecreaseThroughAcquisitionOfSubsidiary,종속기업에 대한 출자,자본 [구성요소]|비지배지분 [구성요소],제 18 기,0.0,0.0,KRW,7
OpenDART_fnlttSinglAcntAll,871833,에스티팜,stpharm,237690,2025,CFS,SCE,자본변동표,ifrs-full_IncreaseDecreaseThroughAcquisitionOfSubsidiary,종속기업에 대한 출자,자본 [구성요소]|지배기업의 소유주에게 귀속되는 지분 [구성요소],제 18 기,0.0,0.0,KRW,7
OpenDART_fnlttSinglAcntAll,871833,에스티팜,stpharm,237690,2025,CFS,SCE,자본변동표,ifrs-full_IncreaseDecreaseThroughAcquisitionOfSubsidiary,종속기업에 대한 출자,자본 [구성요소]|지배기업의 소유주에게 귀속되는 지분 [구성요소]|기타자본구성요소 [구성요소],제 18 기,0.0,0.0,KRW,7
OpenDART_fnlttSinglAcntAll,871833,에스티팜,stpharm,237690,2025,CFS,SCE,자본변동표,ifrs-full_IncreaseDecreaseThroughAcquisitionOfSubsidiary,종속기업에 대한 출자,자본 [구성요소]|지배기업의 소유주에게 귀속되는 지분 [구성요소]|기타포괄손익누계액 [구성요소],제 18 기,0.0,0.0,KRW,7
OpenDART_fnlttSinglAcntAll,871833,에스티팜,stpharm,237690,2025,CFS,SCE,자본변동표,ifrs-full_IncreaseDecreaseThroughAcquisitionOfSubsidiary,종속기업에 대한 출자,자본 [구성요소]|지배기업의 소유주에게 귀속되는 지분 [구성요소]|이익잉여금 [구성요소],제 18 기,0.0,0.0,KRW,7
OpenDART_fnlttSinglAcntAll,871833,에스티팜,stpharm,237690,2025,CFS,SCE,자본변동표,ifrs-full_IncreaseDecreaseThroughAcquisitionOfSubsidiary,종속기업에 대한 출자,자본 [구성요소]|지배기업의 소유주에게 귀속되는 지분 [구성요소]|자본금 [구성요소],제 18 기,0.0,0.0,KRW,7
OpenDART_fnlttSinglAcntAll,871833,에스티팜,stpharm,237690,2025,CFS,SCE,자본변동표,ifrs-full_IncreaseDecreaseThroughAcquisitionOfSubsidiary,종속기업에 대한 출자,자본 [구성요소]|지배기업의 소유주에게 귀속되는 지분 [구성요소]|주식발행초과금 [구성요소],제 18 기,0.0,0.0,KRW,7
OpenDART_fnlttSinglAcntAll,871833,에스티팜,stpharm,237690,2025,CFS,SCE,자본변동표,ifrs-full_IncreaseDecreaseThroughConversionOfConvertibleInstruments,전환사채의 보통주 전환,연결재무제표 [member],제 18 기,40398419729.0,90224114659.0,KRW,8
OpenDART_fnlttSinglAcntAll,871833,에스티팜,stpharm,237690,2025,CFS,SCE,자본변동표,ifrs-full_IncreaseDecreaseThroughConversionOfConvertibleInstruments,전환사채의 보통주 전환,자본 [구성요소]|비지배지분 [구성요소],제 18 기,0.0,0.0,KRW,8
OpenDART_fnlttSinglAcntAll,871833,에스티팜,stpharm,237690,2025,CFS,SCE,자본변동표,ifrs-full_IncreaseDecreaseThroughConversionOfConvertibleInstruments,전환사채의 보통주 전환,자본 [구성요소]|지배기업의 소유주에게 귀속되는 지분 [구성요소],제 18 기,40398419729.0,90224114659.0,KRW,8
OpenDART_fnlttSinglAcntAll,871833,에스티팜,stpharm,237690,2025,CFS,SCE,자본변동표,ifrs-full_IncreaseDecreaseThroughConversionOfConvertibleInstruments,전환사채의 보통주 전환,자본 [구성요소]|지배기업의 소유주에게 귀속되는 지분 [구성요소]|기타자본구성요소 [구성요소],제 18 기,-1288428848.0,-21793933391.0,KRW,8
OpenDART_fnlttSinglAcntAll,871833,에스티팜,stpharm,237690,2025,CFS,SCE,자본변동표,ifrs-full_IncreaseDecreaseThroughConversionOfConvertibleInstruments,전환사채의 보통주 전환,자본 [구성요소]|지배기업의 소유주에게 귀속되는 지분 [구성요소]|기타포괄손익누계액 [구성요소],제 18 기,0.0,0.0,KRW,8
OpenDART_fnlttSinglAcntAll,871833,에스티팜,stpharm,237690,2025,CFS,SCE,자본변동표,ifrs-full_IncreaseDecreaseThroughConversionOfConvertibleInstruments,전환사채의 보통주 전환,자본 [구성요소]|지배기업의 소유주에게 귀속되는 지분 [구성요소]|이익잉여금 [구성요소],제 18 기,0.0,0.0,KRW,8
OpenDART_fnlttSinglAcntAll,871833,에스티팜,stpharm,237690,2025,CFS,SCE,자본변동표,ifrs-full_IncreaseDecreaseThroughConversionOfConvertibleInstruments,전환사채의 보통주 전환,자본 [구성요소]|지배기업의 소유주에게 귀속되는 지분 [구성요소]|자본금 [구성요소],제 18 기,274398000.0,672056500.0,KRW,8
OpenDART_fnlttSinglAcntAll,871833,에스티팜,stpharm,237690,2025,CFS,SCE,자본변동표,ifrs-full_IncreaseDecreaseThroughConversionOfConvertibleInstruments,전환사채의 보통주 전환,자본 [구성요소]|지배기업의 소유주에게 귀속되는 지분 [구성요소]|주식발행초과금 [구성요소],제 18 기,41412450577.0,111345991550.0,KRW,8
OpenDART_fnlttSinglAcntAll,871833,에스티팜,stpharm,237690,2025,CFS,SCE,자본변동표,ifrs-full_IncreaseDecreaseThroughDisposalOfSubsidiary,종속기업 청산,연결재무제표 [member],제 18 기,0.0,-259983678.0,KRW,9
OpenDART_fnlttSinglAcntAll,871833,에스티팜,stpharm,237690,2025,CFS,SCE,자본변동표,ifrs-full_IncreaseDecreaseThroughDisposalOfSubsidiary,종속기업 청산,자본 [구성요소]|비지배지분 [구성요소],제 18 기,0.0,-259983678.0,KRW,9
OpenDART_fnlttSinglAcntAll,871833,에스티팜,stpharm,237690,2025,CFS,SCE,자본변동표,ifrs-full_IncreaseDecreaseThroughDisposalOfSubsidiary,종속기업 청산,자본 [구성요소]|지배기업의 소유주에게 귀속되는 지분 [구성요소],제 18 기,0.0,0.0,KRW,9
OpenDART_fnlttSinglAcntAll,871833,에스티팜,stpharm,237690,2025,CFS,SCE,자본변동표,ifrs-full_IncreaseDecreaseThroughDisposalOfSubsidiary,종속기업 청산,자본 [구성요소]|지배기업의 소유주에게 귀속되는 지분 [구성요소]|기타자본구성요소 [구성요소],제 18 기,0.0,0.0,KRW,9
OpenDART_fnlttSinglAcntAll,871833,에스티팜,stpharm,237690,2025,CFS,SCE,자본변동표,ifrs-full_IncreaseDecreaseThroughDisposalOfSubsidiary,종속기업 청산,자본 [구성요소]|지배기업의 소유주에게 귀속되는 지분 [구성요소]|기타포괄손익누계액 [구성요소],제 18 기,0.0,0.0,KRW,9
OpenDART_fnlttSinglAcntAll,871833,에스티팜,stpharm,237690,2025,CFS,SCE,자본변동표,ifrs-full_IncreaseDecreaseThroughDisposalOfSubsidiary,종속기업 청산,자본 [구성요소]|지배기업의 소유주에게 귀속되는 지분 [구성요소]|이익잉여금 [구성요소],제 18 기,0.0,0.0,KRW,9
OpenDART_fnlttSinglAcntAll,871833,에스티팜,stpharm,237690,2025,CFS,SCE,자본변동표,ifrs-full_IncreaseDecreaseThroughDisposalOfSubsidiary,종속기업 청산,자본 [구성요소]|지배기업의 소유주에게 귀속되는 지분 [구성요소]|자본금 [구성요소],제 18 기,0.0,0.0,KRW,9
OpenDART_fnlttSinglAcntAll,871833,에스티팜,stpharm,237690,2025,CFS,SCE,자본변동표,ifrs-full_IncreaseDecreaseThroughDisposalOfSubsidiary,종속기업 청산,자본 [구성요소]|지배기업의 소유주에게 귀속되는 지분 [구성요소]|주식발행초과금 [구성요소],제 18 기,0.0,0.0,KRW,9
OpenDART_fnlttSinglAcntAll,871833,에스티팜,stpharm,237690,2025,CFS,SCE,자본변동표,ifrs-full_IncreaseDecreaseThroughExerciseOfWarrantsEquity,주식선택권 행사,연결재무제표 [member],제 18 기,-147695400.0,0.0,KRW,10
OpenDART_fnlttSinglAcntAll,871833,에스티팜,stpharm,237690,2025,CFS,SCE,자본변동표,ifrs-full_IncreaseDecreaseThroughExerciseOfWarrantsEquity,주식선택권 행사,자본 [구성요소]|비지배지분 [구성요소],제 18 기,0.0,-100847411.0,KRW,10
OpenDART_fnlttSinglAcntAll,871833,에스티팜,stpharm,237690,2025,CFS,SCE,자본변동표,ifrs-full_IncreaseDecreaseThroughExerciseOfWarrantsEquity,주식선택권 행사,자본 [구성요소]|지배기업의 소유주에게 귀속되는 지분 [구성요소],제 18 기,-147695400.0,100847411.0,KRW,10
OpenDART_fnlttSinglAcntAll,871833,에스티팜,stpharm,237690,2025,CFS,SCE,자본변동표,ifrs-full_IncreaseDecreaseThroughExerciseOfWarrantsEquity,주식선택권 행사,자본 [구성요소]|지배기업의 소유주에게 귀속되는 지분 [구성요소]|기타자본구성요소 [구성요소],제 18 기,-147695400.0,100847411.0,KRW,10
OpenDART_fnlttSinglAcntAll,871833,에스티팜,stpharm,237690,2025,CFS,SCE,자본변동표,ifrs-full_IncreaseDecreaseThroughExerciseOfWarrantsEquity,주식선택권 행사,자본 [구성요소]|지배기업의 소유주에게 귀속되는 지분 [구성요소]|기타포괄손익누계액 [구성요소],제 18 기,0.0,0.0,KRW,10
OpenDART_fnlttSinglAcntAll,871833,에스티팜,stpharm,237690,2025,CFS,SCE,자본변동표,ifrs-full_IncreaseDecreaseThroughExerciseOfWarrantsEquity,주식선택권 행사,자본 [구성요소]|지배기업의 소유주에게 귀속되는 지분 [구성요소]|이익잉여금 [구성요소],제 18 기,0.0,0.0,KRW,10
OpenDART_fnlttSinglAcntAll,871833,에스티팜,stpharm,237690,2025,CFS,SCE,자본변동표,ifrs-full_IncreaseDecreaseThroughExerciseOfWarrantsEquity,주식선택권 행사,자본 [구성요소]|지배기업의 소유주에게 귀속되는 지분 [구성요소]|자본금 [구성요소],제 18 기,0.0,0.0,KRW,10
OpenDART_fnlttSinglAcntAll,871833,에스티팜,stpharm,237690,2025,CFS,SCE,자본변동표,ifrs-full_IncreaseDecreaseThroughExerciseOfWarrantsEquity,주식선택권 행사,자본 [구성요소]|지배기업의 소유주에게 귀속되는 지분 [구성요소]|주식발행초과금 [구성요소],제 18 기,0.0,0.0,KRW,10
OpenDART_fnlttSinglAcntAll,871833,에스티팜,stpharm,237690,2025,CFS,SCE,자본변동표,ifrs-full_IncreaseDecreaseThroughSharebasedPaymentTransactions,주식기준보상거래에 따른 증가(감소),연결재무제표 [member],제 18 기,1541578880.0,3245756508.0,KRW,11
OpenDART_fnlttSinglAcntAll,871833,에스티팜,stpharm,237690,2025,CFS,SCE,자본변동표,ifrs-full_IncreaseDecreaseThroughSharebasedPaymentTransactions,주식기준보상거래에 따른 증가(감소),자본 [구성요소]|비지배지분 [구성요소],제 18 기,0.0,54078966.0,KRW,11
OpenDART_fnlttSinglAcntAll,871833,에스티팜,stpharm,237690,2025,CFS,SCE,자본변동표,ifrs-full_IncreaseDecreaseThroughSharebasedPaymentTransactions,주식기준보상거래에 따른 증가(감소),자본 [구성요소]|지배기업의 소유주에게 귀속되는 지분 [구성요소],제 18 기,1541578880.0,3191677542.0,KRW,11
OpenDART_fnlttSinglAcntAll,871833,에스티팜,stpharm,237690,2025,CFS,SCE,자본변동표,ifrs-full_IncreaseDecreaseThroughSharebasedPaymentTransactions,주식기준보상거래에 따른 증가(감소),자본 [구성요소]|지배기업의 소유주에게 귀속되는 지분 [구성요소]|기타자본구성요소 [구성요소],제 18 기,1541578880.0,3191677542.0,KRW,11
OpenDART_fnlttSinglAcntAll,871833,에스티팜,stpharm,237690,2025,CFS,SCE,자본변동표,ifrs-full_IncreaseDecreaseThroughSharebasedPaymentTransactions,주식기준보상거래에 따른 증가(감소),자본 [구성요소]|지배기업의 소유주에게 귀속되는 지분 [구성요소]|기타포괄손익누계액 [구성요소],제 18 기,0.0,0.0,KRW,11
OpenDART_fnlttSinglAcntAll,871833,에스티팜,stpharm,237690,2025,CFS,SCE,자본변동표,ifrs-full_IncreaseDecreaseThroughSharebasedPaymentTransactions,주식기준보상거래에 따른 증가(감소),자본 [구성요소]|지배기업의 소유주에게 귀속되는 지분 [구성요소]|이익잉여금 [구성요소],제 18 기,0.0,0.0,KRW,11
OpenDART_fnlttSinglAcntAll,871833,에스티팜,stpharm,237690,2025,CFS,SCE,자본변동표,ifrs-full_IncreaseDecreaseThroughSharebasedPaymentTransactions,주식기준보상거래에 따른 증가(감소),자본 [구성요소]|지배기업의 소유주에게 귀속되는 지분 [구성요소]|자본금 [구성요소],제 18 기,0.0,0.0,KRW,11
OpenDART_fnlttSinglAcntAll,871833,에스티팜,stpharm,237690,2025,CFS,SCE,자본변동표,ifrs-full_IncreaseDecreaseThroughSharebasedPaymentTransactions,주식기준보상거래에 따른 증가(감소),자본 [구성요소]|지배기업의 소유주에게 귀속되는 지분 [구성요소]|주식발행초과금 [구성요소],제 18 기,0.0,0.0,KRW,11
OpenDART_fnlttSinglAcntAll,871833,에스티팜,stpharm,237690,2025,CFS,SCE,자본변동표,ifrs-full_IncreaseDecreaseThroughTransfersAndOtherChangesEquity,비지배지분 부채 소멸,연결재무제표 [member],제 18 기,2500389191.0,0.0,KRW,13
OpenDART_fnlttSinglAcntAll,871833,에스티팜,stpharm,237690,2025,CFS,SCE,자본변동표,ifrs-full_IncreaseDecreaseThroughTransfersAndOtherChangesEquity,비지배지분 부채 소멸,자본 [구성요소]|비지배지분 [구성요소],제 18 기,0.0,0.0,KRW,13
OpenDART_fnlttSinglAcntAll,871833,에스티팜,stpharm,237690,2025,CFS,SCE,자본변동표,ifrs-full_IncreaseDecreaseThroughTransfersAndOtherChangesEquity,비지배지분 부채 소멸,자본 [구성요소]|지배기업의 소유주에게 귀속되는 지분 [구성요소],제 18 기,2500389191.0,0.0,KRW,13
OpenDART_fnlttSinglAcntAll,871833,에스티팜,stpharm,237690,2025,CFS,SCE,자본변동표,ifrs-full_IncreaseDecreaseThroughTransfersAndOtherChangesEquity,비지배지분 부채 소멸,자본 [구성요소]|지배기업의 소유주에게 귀속되는 지분 [구성요소]|기타자본구성요소 [구성요소],제 18 기,2500389191.0,0.0,KRW,13
OpenDART_fnlttSinglAcntAll,871833,에스티팜,stpharm,237690,2025,CFS,SCE,자본변동표,ifrs-full_IncreaseDecreaseThroughTransfersAndOtherChangesEquity,비지배지분 부채 소멸,자본 [구성요소]|지배기업의 소유주에게 귀속되는 지분 [구성요소]|기타포괄손익누계액 [구성요소],제 18 기,0.0,0.0,KRW,13
OpenDART_fnlttSinglAcntAll,871833,에스티팜,stpharm,237690,2025,CFS,SCE,자본변동표,ifrs-full_IncreaseDecreaseThroughTransfersAndOtherChangesEquity,비지배지분 부채 소멸,자본 [구성요소]|지배기업의 소유주에게 귀속되는 지분 [구성요소]|이익잉여금 [구성요소],제 18 기,0.0,0.0,KRW,13
OpenDART_fnlttSinglAcntAll,871833,에스티팜,stpharm,237690,2025,CFS,SCE,자본변동표,ifrs-full_IncreaseDecreaseThroughTransfersAndOtherChangesEquity,비지배지분 부채 소멸,자본 [구성요소]|지배기업의 소유주에게 귀속되는 지분 [구성요소]|자본금 [구성요소],제 18 기,0.0,0.0,KRW,13
OpenDART_fnlttSinglAcntAll,871833,에스티팜,stpharm,237690,2025,CFS,SCE,자본변동표,ifrs-full_IncreaseDecreaseThroughTransfersAndOtherChangesEquity,비지배지분 부채 소멸,자본 [구성요소]|지배기업의 소유주에게 귀속되는 지분 [구성요소]|주식발행초과금 [구성요소],제 18 기,0.0,0.0,KRW,13
OpenDART_fnlttSinglAcntAll,871833,에스티팜,stpharm,237690,2025,CFS,SCE,자본변동표,ifrs-full_IssueOfConvertibleInstruments,전환사채의 발행,연결재무제표 [member],제 18 기,0.0,0.0,KRW,14
OpenDART_fnlttSinglAcntAll,871833,에스티팜,stpharm,237690,2025,CFS,SCE,자본변동표,ifrs-full_IssueOfConvertibleInstruments,전환사채의 발행,자본 [구성요소]|비지배지분 [구성요소],제 18 기,0.0,0.0,KRW,14
OpenDART_fnlttSinglAcntAll,871833,에스티팜,stpharm,237690,2025,CFS,SCE,자본변동표,ifrs-full_IssueOfConvertibleInstruments,전환사채의 발행,자본 [구성요소]|지배기업의 소유주에게 귀속되는 지분 [구성요소],제 18 기,0.0,0.0,KRW,14
OpenDART_fnlttSinglAcntAll,871833,에스티팜,stpharm,237690,2025,CFS,SCE,자본변동표,ifrs-full_IssueOfConvertibleInstruments,전환사채의 발행,자본 [구성요소]|지배기업의 소유주에게 귀속되는 지분 [구성요소]|기타자본구성요소 [구성요소],제 18 기,0.0,0.0,KRW,14
OpenDART_fnlttSinglAcntAll,871833,에스티팜,stpharm,237690,2025,CFS,SCE,자본변동표,ifrs-full_IssueOfConvertibleInstruments,전환사채의 발행,자본 [구성요소]|지배기업의 소유주에게 귀속되는 지분 [구성요소]|기타포괄손익누계액 [구성요소],제 18 기,0.0,0.0,KRW,14
OpenDART_fnlttSinglAcntAll,871833,에스티팜,stpharm,237690,2025,CFS,SCE,자본변동표,ifrs-full_IssueOfConvertibleInstruments,전환사채의 발행,자본 [구성요소]|지배기업의 소유주에게 귀속되는 지분 [구성요소]|이익잉여금 [구성요소],제 18 기,0.0,0.0,KRW,14
OpenDART_fnlttSinglAcntAll,871833,에스티팜,stpharm,237690,2025,CFS,SCE,자본변동표,ifrs-full_IssueOfConvertibleInstruments,전환사채의 발행,자본 [구성요소]|지배기업의 소유주에게 귀속되는 지분 [구성요소]|자본금 [구성요소],제 18 기,0.0,0.0,KRW,14
OpenDART_fnlttSinglAcntAll,871833,에스티팜,stpharm,237690,2025,CFS,SCE,자본변동표,ifrs-full_IssueOfConvertibleInstruments,전환사채의 발행,자본 [구성요소]|지배기업의 소유주에게 귀속되는 지분 [구성요소]|주식발행초과금 [구성요소],제 18 기,0.0,0.0,KRW,14
OpenDART_fnlttSinglAcntAll,871833,에스티팜,stpharm,237690,2025,CFS,SCE,자본변동표,ifrs-full_OtherComprehensiveIncomeNetOfTaxFinancialAssetsMeasuredAtFairValueThroughOtherComprehensiveIncome,기타포괄손익공정가치금융자산평가손익,연결재무제표 [member],제 18 기,-927728416.0,996497031.0,KRW,15
OpenDART_fnlttSinglAcntAll,871833,에스티팜,stpharm,237690,2025,CFS,SCE,자본변동표,ifrs-full_OtherComprehensiveIncomeNetOfTaxFinancialAssetsMeasuredAtFairValueThroughOtherComprehensiveIncome,기타포괄손익공정가치금융자산평가손익,자본 [구성요소]|비지배지분 [구성요소],제 18 기,0.0,0.0,KRW,15
OpenDART_fnlttSinglAcntAll,871833,에스티팜,stpharm,237690,2025,CFS,SCE,자본변동표,ifrs-full_OtherComprehensiveIncomeNetOfTaxFinancialAssetsMeasuredAtFairValueThroughOtherComprehensiveIncome,기타포괄손익공정가치금융자산평가손익,자본 [구성요소]|지배기업의 소유주에게 귀속되는 지분 [구성요소],제 18 기,-927728416.0,996497031.0,KRW,15
OpenDART_fnlttSinglAcntAll,871833,에스티팜,stpharm,237690,2025,CFS,SCE,자본변동표,ifrs-full_OtherComprehensiveIncomeNetOfTaxFinancialAssetsMeasuredAtFairValueThroughOtherComprehensiveIncome,기타포괄손익공정가치금융자산평가손익,자본 [구성요소]|지배기업의 소유주에게 귀속되는 지분 [구성요소]|기타자본구성요소 [구성요소],제 18 기,0.0,0.0,KRW,15
OpenDART_fnlttSinglAcntAll,871833,에스티팜,stpharm,237690,2025,CFS,SCE,자본변동표,ifrs-full_OtherComprehensiveIncomeNetOfTaxFinancialAssetsMeasuredAtFairValueThroughOtherComprehensiveIncome,기타포괄손익공정가치금융자산평가손익,자본 [구성요소]|지배기업의 소유주에게 귀속되는 지분 [구성요소]|기타포괄손익누계액 [구성요소],제 18 기,-1097173516.0,996497031.0,KRW,15
OpenDART_fnlttSinglAcntAll,871833,에스티팜,stpharm,237690,2025,CFS,SCE,자본변동표,ifrs-full_OtherComprehensiveIncomeNetOfTaxFinancialAssetsMeasuredAtFairValueThroughOtherComprehensiveIncome,기타포괄손익공정가치금융자산평가손익,자본 [구성요소]|지배기업의 소유주에게 귀속되는 지분 [구성요소]|이익잉여금 [구성요소],제 18 기,169445100.0,0.0,KRW,15
OpenDART_fnlttSinglAcntAll,871833,에스티팜,stpharm,237690,2025,CFS,SCE,자본변동표,ifrs-full_OtherComprehensiveIncomeNetOfTaxFinancialAssetsMeasuredAtFairValueThroughOtherComprehensiveIncome,기타포괄손익공정가치금융자산평가손익,자본 [구성요소]|지배기업의 소유주에게 귀속되는 지분 [구성요소]|자본금 [구성요소],제 18 기,0.0,0.0,KRW,15
OpenDART_fnlttSinglAcntAll,871833,에스티팜,stpharm,237690,2025,CFS,SCE,자본변동표,ifrs-full_OtherComprehensiveIncomeNetOfTaxFinancialAssetsMeasuredAtFairValueThroughOtherComprehensiveIncome,기타포괄손익공정가치금융자산평가손익,자본 [구성요소]|지배기업의 소유주에게 귀속되는 지분 [구성요소]|주식발행초과금 [구성요소],제 18 기,0.0,0.0,KRW,15
OpenDART_fnlttSinglAcntAll,871833,에스티팜,stpharm,237690,2025,CFS,SCE,자본변동표,ifrs-full_OtherComprehensiveIncomeNetOfTaxGainsLossesOnRemeasurementsOfDefinedBenefitPlans,확정급여제도의 재측정요소,연결재무제표 [member],제 18 기,-154257580.0,-1584091875.0,KRW,16
OpenDART_fnlttSinglAcntAll,871833,에스티팜,stpharm,237690,2025,CFS,SCE,자본변동표,ifrs-full_OtherComprehensiveIncomeNetOfTaxGainsLossesOnRemeasurementsOfDefinedBenefitPlans,확정급여제도의 재측정요소,자본 [구성요소]|비지배지분 [구성요소],제 18 기,125043594.0,15172639.0,KRW,16
OpenDART_fnlttSinglAcntAll,871833,에스티팜,stpharm,237690,2025,CFS,SCE,자본변동표,ifrs-full_OtherComprehensiveIncomeNetOfTaxGainsLossesOnRemeasurementsOfDefinedBenefitPlans,확정급여제도의 재측정요소,자본 [구성요소]|지배기업의 소유주에게 귀속되는 지분 [구성요소],제 18 기,-279301174.0,-1599264514.0,KRW,16
OpenDART_fnlttSinglAcntAll,871833,에스티팜,stpharm,237690,2025,CFS,SCE,자본변동표,ifrs-full_OtherComprehensiveIncomeNetOfTaxGainsLossesOnRemeasurementsOfDefinedBenefitPlans,확정급여제도의 재측정요소,자본 [구성요소]|지배기업의 소유주에게 귀속되는 지분 [구성요소]|기타자본구성요소 [구성요소],제 18 기,0.0,0.0,KRW,16
OpenDART_fnlttSinglAcntAll,871833,에스티팜,stpharm,237690,2025,CFS,SCE,자본변동표,ifrs-full_OtherComprehensiveIncomeNetOfTaxGainsLossesOnRemeasurementsOfDefinedBenefitPlans,확정급여제도의 재측정요소,자본 [구성요소]|지배기업의 소유주에게 귀속되는 지분 [구성요소]|기타포괄손익누계액 [구성요소],제 18 기,0.0,0.0,KRW,16
OpenDART_fnlttSinglAcntAll,871833,에스티팜,stpharm,237690,2025,CFS,SCE,자본변동표,ifrs-full_OtherComprehensiveIncomeNetOfTaxGainsLossesOnRemeasurementsOfDefinedBenefitPlans,확정급여제도의 재측정요소,자본 [구성요소]|지배기업의 소유주에게 귀속되는 지분 [구성요소]|이익잉여금 [구성요소],제 18 기,-279301174.0,-1599264514.0,KRW,16
OpenDART_fnlttSinglAcntAll,871833,에스티팜,stpharm,237690,2025,CFS,SCE,자본변동표,ifrs-full_OtherComprehensiveIncomeNetOfTaxGainsLossesOnRemeasurementsOfDefinedBenefitPlans,확정급여제도의 재측정요소,자본 [구성요소]|지배기업의 소유주에게 귀속되는 지분 [구성요소]|자본금 [구성요소],제 18 기,0.0,0.0,KRW,16
OpenDART_fnlttSinglAcntAll,871833,에스티팜,stpharm,237690,2025,CFS,SCE,자본변동표,ifrs-full_OtherComprehensiveIncomeNetOfTaxGainsLossesOnRemeasurementsOfDefinedBenefitPlans,확정급여제도의 재측정요소,자본 [구성요소]|지배기업의 소유주에게 귀속되는 지분 [구성요소]|주식발행초과금 [구성요소],제 18 기,0.0,0.0,KRW,16
OpenDART_fnlttSinglAcntAll,871833,에스티팜,stpharm,237690,2025,CFS,SCE,자본변동표,ifrs-full_ProfitLoss,당기순이익,연결재무제표 [member],제 18 기,54561944733.0,32463839888.0,KRW,17
OpenDART_fnlttSinglAcntAll,871833,에스티팜,stpharm,237690,2025,CFS,SCE,자본변동표,ifrs-full_ProfitLoss,당기순이익,자본 [구성요소]|비지배지분 [구성요소],제 18 기,-429803411.0,-2247890730.0,KRW,17
OpenDART_fnlttSinglAcntAll,871833,에스티팜,stpharm,237690,2025,CFS,SCE,자본변동표,ifrs-full_ProfitLoss,당기순이익,자본 [구성요소]|지배기업의 소유주에게 귀속되는 지분 [구성요소],제 18 기,54991748144.0,34711730618.0,KRW,17
OpenDART_fnlttSinglAcntAll,871833,에스티팜,stpharm,237690,2025,CFS,SCE,자본변동표,ifrs-full_ProfitLoss,당기순이익,자본 [구성요소]|지배기업의 소유주에게 귀속되는 지분 [구성요소]|기타자본구성요소 [구성요소],제 18 기,0.0,0.0,KRW,17
OpenDART_fnlttSinglAcntAll,871833,에스티팜,stpharm,237690,2025,CFS,SCE,자본변동표,ifrs-full_ProfitLoss,당기순이익,자본 [구성요소]|지배기업의 소유주에게 귀속되는 지분 [구성요소]|기타포괄손익누계액 [구성요소],제 18 기,0.0,0.0,KRW,17
OpenDART_fnlttSinglAcntAll,871833,에스티팜,stpharm,237690,2025,CFS,SCE,자본변동표,ifrs-full_ProfitLoss,당기순이익,자본 [구성요소]|지배기업의 소유주에게 귀속되는 지분 [구성요소]|이익잉여금 [구성요소],제 18 기,54991748144.0,34711730618.0,KRW,17
OpenDART_fnlttSinglAcntAll,871833,에스티팜,stpharm,237690,2025,CFS,SCE,자본변동표,ifrs-full_ProfitLoss,당기순이익,자본 [구성요소]|지배기업의 소유주에게 귀속되는 지분 [구성요소]|자본금 [구성요소],제 18 기,0.0,0.0,KRW,17
OpenDART_fnlttSinglAcntAll,871833,에스티팜,stpharm,237690,2025,CFS,SCE,자본변동표,ifrs-full_ProfitLoss,당기순이익,자본 [구성요소]|지배기업의 소유주에게 귀속되는 지분 [구성요소]|주식발행초과금 [구성요소],제 18 기,0.0,0.0,KRW,17
