date,open,high,low,close,adj_close,volume,daily_return,drawdown,ma20,ma60,ma120,rolling_vol_20,rolling_vol_60,return_20d,return_60d,return_120d,distance_to_ma20,distance_to_ma60,distance_to_ma120,rolling_high_52w,rolling_low_52w,price_to_52w_high,price_to_52w_low,shares_outstanding,market_cap,trading_value,trading_value_ma20,turnover_ratio,source,ticker
2021-01-04,105800.0,106600.0,102500.0,103900.0,101221.234375,367699.0,0.0,0.0,103900.0,103900.0,103900.0,0.0,0.0,0.0,0.0,0.0,0.0,0.0,0.0,103900.0,103900.0,0.0,0.0,20701684.0,2150904967600.0,38203926100.0,38203926100.0,0.0177617917460241,yfinance_download,237690.KQ
2021-01-05,103800.0,103800.0,98500.0,99900.0,97324.3515625,390761.0,-0.0384985563041385,-0.0384985563041385,101900.0,101900.0,101900.0,0.4321452227265376,0.4321452227265376,-0.0384985563041385,-0.0384985563041385,-0.0384985563041385,-0.0196270853778214,-0.0196270853778214,-0.0196270853778214,103900.0,99900.0,-0.0384985563041385,0.0,20701684.0,2068098231600.0,39037023900.0,38620475000.0,0.0188758073980841,yfinance_download,237690.KQ
2021-01-06,100000.0,103700.0,99300.0,99400.0,96837.2421875,286476.0,-0.005005005005005,-0.0433108758421558,101066.66666666669,101066.66666666669,101066.66666666669,0.332292475737401,0.332292475737401,-0.0433108758421558,-0.0433108758421558,-0.0433108758421558,-0.016490765171504,-0.016490765171504,-0.016490765171504,103900.0,99400.0,-0.0433108758421558,0.0,20701684.0,2057747389600.0,28475714400.0,35238888133.333336,0.0138382945078284,yfinance_download,237690.KQ
2021-01-07,101000.0,101100.0,95300.0,97700.0,95181.0859375,418181.0,-0.0171026156941649,-0.0596727622714148,100225.0,100225.0,100225.0,0.2721002408846522,0.2721002408846522,-0.0596727622714148,-0.0596727622714148,-0.0596727622714148,-0.0251933150411574,-0.0251933150411574,-0.0251933150411574,103900.0,97700.0,-0.0596727622714148,0.0,20701684.0,2022554526800.0,40856283700.0,36643237025.0,0.0202003373252147,yfinance_download,237690.KQ
2021-01-08,97900.0,99300.0,93900.0,96100.0,93622.328125,465719.0,-0.0163766632548618,-0.0750721847930702,99400.0,99400.0,99400.0,0.2358061746698891,0.2358061746698891,-0.0750721847930702,-0.0750721847930702,-0.0750721847930702,-0.0331991951710262,-0.0331991951710262,-0.0331991951710262,103900.0,96100.0,-0.0750721847930702,0.0,20701684.0,1989431832400.0,44755595900.0,38265708800.0,0.0224966722513975,yfinance_download,237690.KQ
2021-01-11,94000.0,94900.0,90100.0,93100.0,90699.6875,475739.0,-0.0312174817898023,-0.1039461020211741,98350.0,98350.0,98350.0,0.234512892382062,0.234512892382062,-0.1039461020211741,-0.1039461020211741,-0.1039461020211741,-0.0533807829181495,-0.0533807829181495,-0.0533807829181495,103900.0,93100.0,-0.1039461020211741,0.0,20701684.0,1927326780400.0,44291300900.0,39269974150.0,0.0229806908462132,yfinance_download,237690.KQ
2021-01-12,91200.0,94100.0,90200.0,91500.0,89140.9296875,228087.0,-0.0171858216970999,-0.1193455245428296,97371.42857142857,97371.42857142857,97371.42857142857,0.2141403942625606,0.2141403942625606,-0.1193455245428296,-0.1193455245428296,-0.1193455245428296,-0.0602992957746478,-0.0602992957746478,-0.0602992957746478,103900.0,91500.0,-0.1193455245428296,0.0,20701684.0,1894204086000.0,20869960500.0,36641400771.42857,0.0110177993249244,yfinance_download,237690.KQ
2021-01-13,92400.0,92400.0,86700.0,88000.0,85731.171875,385751.0,-0.0382513661202186,-0.1530317613089509,96200.0,96200.0,96200.0,0.2287707860417183,0.2287707860417183,-0.1530317613089509,-0.1530317613089509,-0.1530317613089509,-0.0852390852390851,-0.0852390852390851,-0.0852390852390851,103900.0,88000.0,-0.1530317613089509,0.0,20701684.0,1821748192000.0,33946088000.0,36304486675.0,0.0186337981006762,yfinance_download,237690.KQ
2021-01-14,87400.0,91000.0,85600.0,89000.0,86705.3828125,282764.0,0.0113636363636364,-0.1434071222329163,95400.0,95400.0,95400.0,0.272289232642262,0.272289232642262,-0.1434071222329163,-0.1434071222329163,-0.1434071222329163,-0.0670859538784066,-0.0670859538784066,-0.0670859538784066,103900.0,88000.0,-0.1434071222329163,0.0113636363636364,20701684.0,1842449876000.0,25165996000.0,35066876600.0,0.0136589854236012,yfinance_download,237690.KQ
2021-01-15,90700.0,91200.0,86100.0,87300.0,85049.2109375,231649.0,-0.0191011235955056,-0.1597690086621751,94590.0,94590.0,94590.0,0.2569502846331371,0.2569502846331371,-0.1597690086621751,-0.1597690086621751,-0.1597690086621751,-0.077069457659372,-0.077069457659372,-0.077069457659372,103900.0,87300.0,-0.1597690086621751,0.0,20701684.0,1807257013200.0,20222957700.0,33582484710.0,0.0111898626218041,yfinance_download,237690.KQ
2021-01-18,86200.0,88700.0,84000.0,84100.0,81931.71875,242750.0,-0.0366552119129438,-0.190567853705486,93636.36363636365,93636.36363636365,93636.36363636365,0.2610519449257177,0.2610519449257177,-0.190567853705486,-0.190567853705486,-0.190567853705486,-0.1018446601941747,-0.1018446601941747,-0.1018446601941747,103900.0,84100.0,-0.190567853705486,0.0,20701684.0,1741011624400.0,20415275000.0,32385465645.454544,0.0117260991907711,yfinance_download,237690.KQ
2021-01-19,83900.0,85100.0,78700.0,81900.0,79788.4453125,473514.0,-0.0261593341260404,-0.2117420596727622,92658.33333333331,92658.33333333331,92658.33333333331,0.2511093087688159,0.2511093087688159,-0.2117420596727622,-0.2117420596727622,-0.2117420596727622,-0.1161075636298227,-0.1161075636298227,-0.1161075636298227,103900.0,81900.0,-0.2117420596727622,0.0,20701684.0,1695467919600.0,38780796600.0,32918409891.666668,0.0228732116672247,yfinance_download,237690.KQ
2021-01-20,81900.0,88500.0,81300.0,86900.0,84659.53125,354569.0,0.061050061050061,-0.1636188642925889,92215.3846153846,92215.3846153846,92215.3846153846,0.4285137083821924,0.4285137083821924,-0.1636188642925889,-0.1636188642925889,-0.1636188642925889,-0.0576409743076409,-0.0576409743076409,-0.0576409743076409,103900.0,81900.0,-0.1636188642925889,0.061050061050061,20701684.0,1798976339600.0,30812046100.0,32756381907.692307,0.0171275438268693,yfinance_download,237690.KQ
2021-01-21,88000.0,88300.0,84800.0,86200.0,83977.5703125,180297.0,-0.0080552359033371,-0.1703561116458133,91785.71428571428,91785.71428571428,91785.71428571428,0.4123077680234038,0.4123077680234038,-0.1703561116458133,-0.1703561116458133,-0.1703561116458133,-0.0608560311284047,-0.0608560311284047,-0.0608560311284047,103900.0,81900.0,-0.1703561116458133,0.0525030525030525,20701684.0,1784485160800.0,15541601400.0,31526754728.57143,0.0087092914759977,yfinance_download,237690.KQ
2021-01-22,86300.0,92100.0,83100.0,90500.0,88166.7109375,378256.0,0.0498839907192576,-0.1289701636188642,91700.0,91700.0,91700.0,0.4734631789647681,0.4734631789647681,-0.1289701636188642,-0.1289701636188642,-0.1289701636188642,-0.0130861504907306,-0.0130861504907306,-0.0130861504907306,103900.0,81900.0,-0.1289701636188642,0.105006105006105,20701684.0,1873502402000.0,34232168000.0,31707115613.33333,0.0182717502595441,yfinance_download,237690.KQ
2021-01-25,92200.0,94000.0,89000.0,93000.0,90602.2578125,344788.0,0.0276243093922652,-0.1049085659287776,91781.25,91781.25,91781.25,0.4796521679631746,0.4796521679631746,-0.1049085659287776,-0.1049085659287776,-0.1049085659287776,0.0132788559754852,0.0132788559754852,0.0132788559754852,103900.0,81900.0,-0.1049085659287776,0.1355311355311355,20701684.0,1925256612000.0,32065284000.0,31729501137.5,0.0166550701865606,yfinance_download,237690.KQ
2021-01-26,94800.0,95400.0,90000.0,90700.0,88361.5546875,308935.0,-0.0247311827956989,-0.1270452358036573,91717.64705882352,91717.64705882352,91717.64705882352,0.4697069823837079,0.4697069823837079,-0.1270452358036573,-0.1270452358036573,-0.1270452358036573,-0.0110954335556695,-0.0110954335556695,-0.0110954335556695,103900.0,81900.0,-0.1270452358036573,0.1074481074481075,20701684.0,1877642738800.0,28020404500.0,31511318982.35294,0.0149231820947513,yfinance_download,237690.KQ
2021-01-27,92500.0,92500.0,89200.0,89300.0,86997.6484375,196389.0,-0.0154355016538036,-0.1405197305101059,91583.33333333331,91583.33333333331,91583.33333333331,0.4566359456867107,0.4566359456867107,-0.1405197305101059,-0.1405197305101059,-0.1405197305101059,-0.0249317561419472,-0.0249317561419472,-0.0249317561419472,103900.0,81900.0,-0.1405197305101059,0.0903540903540902,20701684.0,1848660381200.0,17537537700.0,30734997800.0,0.009486619542642,yfinance_download,237690.KQ
2021-01-28,86100.0,89000.0,85300.0,85700.0,83490.4609375,199879.0,-0.0403135498320268,-0.1751684311838306,91273.68421052632,91273.68421052632,91273.68421052632,0.4591166205376569,0.4591166205376569,-0.1751684311838306,-0.1751684311838306,-0.1751684311838306,-0.061065621035636,-0.061065621035636,-0.061065621035636,103900.0,81900.0,-0.1751684311838306,0.0463980463980464,20701684.0,1774134318800.0,17129630300.0,30018925826.31579,0.0096552048615948,yfinance_download,237690.KQ
2021-01-29,85800.0,93700.0,85800.0,88600.0,86315.6953125,624321.0,0.0338389731621937,-0.1472569778633301,91140.0,91140.0,91140.0,0.4728333258331119,0.4728333258331119,-0.1472569778633301,-0.1472569778633301,-0.1472569778633301,-0.0278692122010094,-0.0278692122010094,-0.0278692122010094,103900.0,81900.0,-0.1472569778633301,0.0818070818070817,20701684.0,1834169202400.0,55314840600.0,31283721565.0,0.0301579813506959,yfinance_download,237690.KQ
2021-02-01,89300.0,94300.0,89000.0,90800.0,88458.9765625,441416.0,0.0248306997742664,-0.1260827718960538,90485.0,91123.80952380953,91123.80952380953,0.4860975724764558,0.4742876682172443,-0.1260827718960538,-0.1260827718960538,-0.1260827718960538,0.0034812399845278,-0.0035535117056856,-0.0035535117056856,103900.0,81900.0,-0.1260827718960538,0.1086691086691087,20701684.0,1879712907200.0,40080572800.0,31377553900.0,0.0213227097853488,yfinance_download,237690.KQ
2021-02-02,92600.0,94300.0,89900.0,93800.0,91381.625,331173.0,0.0330396475770924,-0.0972088546679499,90180.0,91245.45454545454,91245.45454545454,0.489514961368454,0.4813245614887265,-0.061061061061061,-0.0972088546679499,-0.0972088546679499,0.0401419383455312,0.0279964132708976,0.0279964132708976,103900.0,81900.0,-0.0972088546679499,0.1452991452991452,20701684.0,1941817959200.0,31064027400.0,30978904075.0,0.0159973942216488,yfinance_download,237690.KQ
2021-02-03,93300.0,95100.0,90700.0,94600.0,92161.0078125,386509.0,0.0085287846481876,-0.0895091434071222,89940.0,91391.30434782608,91391.30434782608,0.4910239470831894,0.4721426177422073,-0.0482897384305834,-0.0895091434071222,-0.0895091434071222,0.0518123193239938,0.0351094196003807,0.0351094196003807,103900.0,81900.0,-0.0895091434071222,0.1550671550671549,20701684.0,1958379306400.0,36563751400.0,31383305925.0,0.0186704134794058,yfinance_download,237690.KQ
2021-02-04,95700.0,95700.0,92500.0,94000.0,91576.4765625,242199.0,-0.0063424947145876,-0.095283926852743,89755.0,91500.0,91500.0,0.488117534564069,0.4618470623448537,-0.0378710337768679,-0.095283926852743,-0.095283926852743,0.0472954152971978,0.0273224043715847,0.0273224043715847,103900.0,81900.0,-0.095283926852743,0.1477411477411476,20701684.0,1945958296000.0,22766706000.0,30478827040.0,0.0116994829985811,yfinance_download,237690.KQ
2021-02-05,94600.0,97500.0,93600.0,93700.0,91284.203125,349353.0,-0.0031914893617021,-0.0981713185755533,89635.0,91588.0,91588.0,0.4850156575304354,0.4521264965275977,-0.0249739854318418,-0.0981713185755533,-0.0981713185755533,0.0453505884977967,0.0230597894920732,0.0230597894920732,103900.0,81900.0,-0.0981713185755533,0.144078144078144,20701684.0,1939747790800.0,32734376100.0,29877766050.0,0.0168755836481708,yfinance_download,237690.KQ
2021-02-08,93300.0,93500.0,90000.0,90000.0,87679.609375,200808.0,-0.03948772678762,-0.1337824831568815,89480.0,91526.92307692308,91526.92307692308,0.4927166413338856,0.4567586588299014,-0.033297529538131,-0.1337824831568815,-0.1337824831568815,0.0058113544926241,-0.0166827751397234,-0.0166827751397234,103900.0,81900.0,-0.1337824831568815,0.098901098901099,20701684.0,1863151560000.0,18072720000.0,28566837005.0,0.0097000804379006,yfinance_download,237690.KQ
2021-02-09,89500.0,90900.0,87700.0,89300.0,86997.6484375,136309.0,-0.0077777777777777,-0.1405197305101059,89370.0,91444.44444444444,91444.44444444444,0.4898008320507307,0.4479626695716076,-0.0240437158469944,-0.1405197305101059,-0.1405197305101059,-0.0007832606019917,-0.0234507897934386,-0.0234507897934386,103900.0,81900.0,-0.1405197305101059,0.0903540903540902,20701684.0,1848660381200.0,12172393700.0,28131958665.0,0.0065844401837067,yfinance_download,237690.KQ
2021-02-10,89000.0,91200.0,88900.0,89700.0,87387.3359375,131819.0,0.0044792833146696,-0.136669874879692,89455.0,91382.14285714286,91382.14285714286,0.4694926811660541,0.4405492315715197,0.0193181818181817,-0.136669874879692,-0.136669874879692,0.0027388072215079,-0.0184077852034235,-0.0184077852034235,103900.0,81900.0,-0.136669874879692,0.0952380952380953,20701684.0,1856941054800.0,11824164300.0,27025862480.0,0.0063675496157703,yfinance_download,237690.KQ
2021-02-15,90000.0,90100.0,88600.0,89200.0,86900.2265625,115339.0,-0.0055741360089186,-0.1414821944177093,89465.0,91306.89655172414,91306.89655172414,0.4685592894791005,0.4326157932175211,0.002247191011236,-0.1414821944177093,-0.1414821944177093,-0.0029620521991839,-0.0230748895351033,-0.0230748895351033,103900.0,81900.0,-0.1414821944177093,0.089133089133089,20701684.0,1846590212800.0,10288238800.0,26281974620.0,0.0055714791125205,yfinance_download,237690.KQ
2021-02-16,88900.0,89200.0,85400.0,85500.0,83295.609375,313286.0,-0.0414798206278026,-0.1770933589990375,89375.0,91113.33333333331,91113.33333333331,0.4873469555607228,0.4381193071720553,-0.0206185567010309,-0.1770933589990375,-0.1770933589990375,-0.0433566433566433,-0.0616082534572327,-0.0616082534572327,103900.0,81900.0,-0.1770933589990375,0.043956043956044,20701684.0,1769993982000.0,26785953000.0,26610124385.0,0.015133358233079,yfinance_download,237690.KQ
2021-02-17,87400.0,87400.0,83200.0,83800.0,81639.453125,146354.0,-0.0198830409356725,-0.1934552454282964,89360.0,90877.41935483873,90877.41935483873,0.4743509192155328,0.432541643190582,-0.0035671819262782,-0.1934552454282964,-0.1934552454282964,-0.0622202327663383,-0.0778787448530455,-0.0778787448530455,103900.0,81900.0,-0.1934552454282964,0.0231990231990231,20701684.0,1734801119200.0,12264465200.0,26202583895.0,0.0070696664097471,yfinance_download,237690.KQ
2021-02-18,83000.0,85300.0,83000.0,83000.0,80860.078125,114106.0,-0.0095465393794749,-0.2011549566891242,89415.0,90631.25,90631.25,0.4656733469155518,0.4255908170280864,0.0134310134310133,-0.2011549566891242,-0.2011549566891242,-0.0717441145221718,-0.0842010895800289,-0.0842010895800289,103900.0,81900.0,-0.2011549566891242,0.0134310134310133,20701684.0,1718239772000.0,9470798000.0,24737083965.0,0.0055119187405237,yfinance_download,237690.KQ
2021-02-19,83300.0,83900.0,80300.0,83900.0,81736.8828125,139484.0,0.0108433734939759,-0.1924927815206929,89265.0,90427.27272727272,90427.27272727272,0.410773770922994,0.4216676512700197,-0.0345224395857307,-0.1924927815206929,-0.1924927815206929,-0.060101943650927,-0.072182567608324,-0.072182567608324,103900.0,81900.0,-0.1924927815206929,0.0244200244200243,20701684.0,1736871287600.0,11702707600.0,23781617040.0,0.0067378093492297,yfinance_download,237690.KQ
2021-02-22,84500.0,84800.0,79700.0,80100.0,78034.84375,196529.0,-0.0452920143027413,-0.2290664100096247,88960.0,90123.5294117647,90123.5294117647,0.4390247101638824,0.4287071596806345,-0.0707656612529001,-0.2290664100096247,-0.2290664100096247,-0.0995953237410072,-0.1112198942627765,-0.1112198942627765,103900.0,80100.0,-0.2290664100096247,0.0,20701684.0,1658204888400.0,15741972900.0,23791635615.0,0.0094933822774997,yfinance_download,237690.KQ
2021-02-23,79500.0,79900.0,76400.0,76400.0,74430.2265625,237264.0,-0.0461922596754057,-0.2646775745909528,88255.0,89731.42857142857,89731.42857142857,0.4165436197848047,0.4350767918169212,-0.1558011049723756,-0.2646775745909528,-0.2646775745909528,-0.1343266670443601,-0.1485703368783034,-0.1485703368783034,103900.0,76400.0,-0.2646775745909528,0.0,20701684.0,1581608657600.0,18126969600.0,22986375695.0,0.011461096594847,yfinance_download,237690.KQ
2021-02-24,77000.0,81200.0,75000.0,76200.0,74235.40625,285442.0,-0.0026178010471203,-0.2666025024061598,87415.0,89355.55555555556,89355.55555555556,0.3954382307259487,0.429087481166988,-0.1806451612903226,-0.2666025024061598,-0.2666025024061598,-0.1282960590287708,-0.1472270579457847,-0.1472270579457847,103900.0,76200.0,-0.2666025024061598,0.0,20701684.0,1577468320800.0,21750680400.0,22470645515.0,0.0137883468803793,yfinance_download,237690.KQ
2021-02-25,77600.0,80600.0,77200.0,80400.0,78327.109375,162133.0,0.0551181102362203,-0.2261790182868142,86900.0,89113.51351351352,89113.51351351352,0.4524274952435612,0.4542317391058888,-0.1135611907386989,-0.2261790182868142,-0.2261790182868142,-0.0747986191024165,-0.0977799344898702,-0.0977799344898702,103900.0,76200.0,-0.2261790182868142,0.0551181102362203,20701684.0,1664415393600.0,13035493200.0,21721399950.0,0.0078318749334595,yfinance_download,237690.KQ
2021-02-26,77700.0,79000.0,76600.0,78000.0,75988.9921875,144983.0,-0.0298507462686566,-0.2492781520692973,86335.0,88821.05263157895,88821.05263157895,0.4594139055982636,0.4520651262169584,-0.1265397536394177,-0.2492781520692973,-0.2492781520692973,-0.0965425377888458,-0.1218298174922967,-0.1218298174922967,103900.0,76200.0,-0.2492781520692973,0.0236220472440944,20701684.0,1614731352000.0,11308674000.0,21409956765.0,0.0070034399133906,yfinance_download,237690.KQ
2021-03-02,79200.0,82400.0,78500.0,79900.0,77840.0078125,168026.0,0.0243589743589742,-0.2309913378248316,86045.0,88592.30769230769,88592.30769230769,0.4533042008867109,0.4531992553074232,-0.0676779463243874,-0.2309913378248316,-0.2309913378248316,-0.0714161194723691,-0.0981158287748544,-0.0981158287748544,103900.0,76200.0,-0.2309913378248316,0.0485564304461942,20701684.0,1654064551600.0,13425277400.0,21224739120.0,0.0081165377657199,yfinance_download,237690.KQ
2021-03-03,80300.0,81400.0,78600.0,79000.0,76963.203125,101981.0,-0.0112640801001251,-0.2396535129932627,85565.0,88352.5,88352.5,0.432331358959152,0.4475235713979547,-0.108352144469526,-0.2396535129932627,-0.2396535129932627,-0.0767252965581721,-0.1058543900851701,-0.1058543900851701,103900.0,76200.0,-0.2396535129932627,0.036745406824147,20701684.0,1635433036000.0,8056499000.0,18861822040.0,0.0049262175965974,yfinance_download,237690.KQ
2021-03-04,78500.0,78500.0,75000.0,76300.0,74332.8125,171889.0,-0.0341772151898733,-0.2656400384985563,84840.0,88058.53658536586,88058.53658536586,0.4283905824284132,0.4472123380056595,-0.1596916299559471,-0.2656400384985563,-0.2656400384985563,-0.1006600660066007,-0.1335309107024153,-0.1335309107024153,103900.0,76200.0,-0.2656400384985563,0.0013123359580051,20701684.0,1579538489200.0,13115130700.0,17513549935.0,0.0083031409425436,yfinance_download,237690.KQ
2021-03-05,74300.0,75100.0,71700.0,73900.0,71994.703125,175615.0,-0.0314547837483617,-0.2887391722810395,83845.0,87721.42857142857,87721.42857142857,0.406421340885872,0.4457294655800824,-0.2121535181236673,-0.2887391722810395,-0.2887391722810395,-0.1186117240145506,-0.1575604592459897,-0.1575604592459897,103900.0,73900.0,-0.2887391722810395,0.0,20701684.0,1529854447600.0,12977948500.0,16609245990.0,0.0084831263002565,yfinance_download,237690.KQ
2021-03-08,74300.0,74900.0,69000.0,69500.0,67708.140625,204886.0,-0.0595399188092016,-0.3310875842155919,82590.0,87297.67441860466,87297.67441860466,0.4328068301872967,0.4579254308583272,-0.2653276955602537,-0.3310875842155919,-0.3310875842155919,-0.158493764378254,-0.2038734082796101,-0.2038734082796101,103900.0,69500.0,-0.3310875842155919,0.0,20701684.0,1438767038000.0,14239577000.0,15493037270.0,0.0098970692432557,yfinance_download,237690.KQ
2021-03-09,68100.0,71500.0,66000.0,70400.0,68584.9296875,261643.0,0.0129496402877697,-0.3224254090471607,81410.0,86913.63636363637,86913.63636363637,0.4431849656415674,0.4555808169009415,-0.251063829787234,-0.3224254090471607,-0.3224254090471607,-0.1352413708389632,-0.1900005229851995,-0.1900005229851995,103900.0,69500.0,-0.3224254090471607,0.0129496402877697,20701684.0,1457398553600.0,18419667200.0,15275685330.0,0.0126387302598184,yfinance_download,237690.KQ
2021-03-10,72000.0,73600.0,70300.0,70800.0,68974.625,126162.0,0.0056818181818181,-0.3185755534167469,80265.0,86555.55555555556,86555.55555555556,0.4471510981755213,0.4516061487315421,-0.2443970117395945,-0.3185755534167469,-0.3185755534167469,-0.1179218837600448,-0.182028241335045,-0.182028241335045,103900.0,69500.0,-0.3185755534167469,0.018705035971223,20701684.0,1465679227200.0,8932269600.0,14085580005.0,0.0060942868222701,yfinance_download,237690.KQ
2021-03-11,71900.0,75400.0,70900.0,74500.0,72579.2265625,155909.0,0.0522598870056496,-0.2829643888354186,79490.0,86293.47826086957,86293.47826086957,0.4927932172999598,0.4683696266408338,-0.1722222222222222,-0.2829643888354186,-0.2829643888354186,-0.0627751918480311,-0.136667086534828,-0.136667086534828,103900.0,69500.0,-0.2829643888354186,0.0719424460431654,20701684.0,1542275458000.0,11615220500.0,13762705030.0,0.0075312230637855,yfinance_download,237690.KQ
2021-03-12,74500.0,78300.0,74500.0,77300.0,75307.046875,176696.0,0.0375838926174496,-0.2560153994225216,78890.0,86102.12765957447,86102.12765957447,0.5197884018569593,0.4745041154089143,-0.1343784994400896,-0.2560153994225216,-0.2560153994225216,-0.0201546457092153,-0.1022289216170801,-0.1022289216170801,103900.0,69500.0,-0.2560153994225216,0.112230215827338,20701684.0,1600240173200.0,13658600800.0,13837015385.0,0.0085353442744078,yfinance_download,237690.KQ
2021-03-15,80000.0,83100.0,77400.0,78200.0,76183.828125,250043.0,0.0116429495472185,-0.2473532242540904,78315.0,85937.5,85937.5,0.522443409694303,0.4711345018900393,-0.1282051282051282,-0.2473532242540904,-0.2473532242540904,-0.0014684287812041,-0.0900363636363635,-0.0900363636363635,103900.0,69500.0,-0.2473532242540904,0.1251798561151078,20701684.0,1618871688800.0,19553362600.0,14223475300.0,0.0120783893716086,yfinance_download,237690.KQ
2021-03-16,80000.0,83200.0,78500.0,82900.0,80762.65625,219206.0,0.0601023017902813,-0.2021174205967276,78000.0,85875.51020408163,85875.51020408163,0.5732348847731126,0.4893444519635433,-0.070627802690583,-0.2021174205967276,-0.2021174205967276,0.0628205128205128,-0.0346491123838493,-0.0346491123838493,103900.0,69500.0,-0.2021174205967276,0.1928057553956834,20701684.0,1716169603600.0,18172177400.0,14617672230.0,0.010588800408701,yfinance_download,237690.KQ
2021-03-17,85000.0,87400.0,82100.0,86700.0,84464.6953125,309502.0,0.0458383594692399,-0.1655437921077959,78060.0,85892.0,85892.0,0.5793324497565729,0.4971491863172169,0.0140350877192982,-0.1655437921077959,-0.1655437921077959,0.1106840891621829,0.0094071624831182,0.0094071624831182,103900.0,69500.0,-0.1655437921077959,0.2474820143884892,20701684.0,1794836002800.0,26833823400.0,14620065750.0,0.014950571170925,yfinance_download,237690.KQ
2021-03-18,86700.0,88000.0,84400.0,86400.0,84172.4140625,150450.0,-0.0034602076124568,-0.1684311838306064,78190.0,85901.96078431372,85901.96078431372,0.5742683056567932,0.4921531167153575,0.0310262529832936,-0.1684311838306064,-0.1684311838306064,0.1050006394679625,0.0057977630677927,0.0057977630677927,103900.0,69500.0,-0.1684311838306064,0.2431654676258992,20701684.0,1788625497600.0,12998880000.0,14656786490.0,0.007267524709584,yfinance_download,237690.KQ
2021-03-19,85400.0,86200.0,84200.0,85500.0,83295.609375,79247.0,-0.0104166666666666,-0.1770933589990375,78315.0,85894.23076923077,85894.23076923077,0.5745116002711965,0.4875673288365436,0.0301204819277107,-0.1770933589990375,-0.1770933589990375,0.0917448764604482,-0.0045897234971453,-0.0045897234971453,103900.0,69500.0,-0.1770933589990375,0.2302158273381294,20701684.0,1769993982000.0,6775618500.0,14522027515.0,0.003828046066204,yfinance_download,237690.KQ
2021-03-22,85100.0,85300.0,80500.0,80500.0,78424.53125,178526.0,-0.0584795321637426,-0.2252165543792107,78145.0,85792.45283018867,85792.45283018867,0.6120027623891843,0.4976316912152203,-0.0405244338498211,-0.2252165543792107,-0.2252165543792107,0.0301362851110116,-0.0616890257312513,-0.0616890257312513,103900.0,69500.0,-0.2252165543792107,0.1582733812949639,20701684.0,1666485562000.0,14371343000.0,14655459285.0,0.0086237428800478,yfinance_download,237690.KQ
2021-03-23,80500.0,86200.0,80500.0,84200.0,82029.1328125,234468.0,0.0459627329192546,-0.1896053897978825,78350.0,85762.96296296296,85762.96296296296,0.6108436632371261,0.5047426114267549,0.0511860174781522,-0.1896053897978825,-0.1896053897978825,0.0746649649010848,-0.0182242183451373,-0.0182242183451373,103900.0,69500.0,-0.1896053897978825,0.2115107913669065,20701684.0,1743081792800.0,19742205600.0,14855470920.0,0.0113260351186888,yfinance_download,237690.KQ
2021-03-24,82900.0,88200.0,82000.0,86800.0,84562.109375,236062.0,0.0308788598574822,-0.1645813282001924,78870.0,85781.81818181818,85781.81818181818,0.5890591039272587,0.5053991990399356,0.1361256544502618,-0.1645813282001924,-0.1645813282001924,0.1005452009636109,0.0118694362017803,0.0118694362017803,103900.0,69500.0,-0.1645813282001924,0.2489208633093524,20701684.0,1796906171200.0,20490181600.0,14973631520.0,0.0114030336855687,yfinance_download,237690.KQ
2021-03-25,86900.0,87000.0,84500.0,85300.0,83100.78125,114797.0,-0.0172811059907833,-0.1790182868142444,79325.0,85773.21428571429,85773.21428571429,0.5945271011944312,0.5017290057504826,0.1194225721784776,-0.1790182868142444,-0.1790182868142444,0.0753230381342577,-0.0055170403680803,-0.0055170403680803,103900.0,69500.0,-0.1790182868142444,0.2273381294964029,20701684.0,1765853645200.0,9792184100.0,14375706705.0,0.0055452976675713,yfinance_download,237690.KQ
2021-03-26,84800.0,85800.0,83100.0,84600.0,82418.828125,86670.0,-0.0082063305978897,-0.1857555341674687,79535.0,85752.63157894737,85752.63157894737,0.5674710937200279,0.4973483253940458,0.0522388059701492,-0.1857555341674687,-0.1857555341674687,0.0636826554347143,-0.0134413551832075,-0.0134413551832075,103900.0,69500.0,-0.1857555341674687,0.2172661870503596,20701684.0,1751362466400.0,7332282000.0,14090546145.0,0.0041866159294094,yfinance_download,237690.KQ
2021-03-29,85000.0,85700.0,83100.0,83700.0,81542.03125,81827.0,-0.0106382978723403,-0.1944177093358998,79820.0,85717.24137931035,85717.24137931035,0.5566441389807665,0.493215459629414,0.073076923076923,-0.1944177093358998,-0.1944177093358998,0.0486093710849411,-0.0235336712527154,-0.0235336712527154,103900.0,69500.0,-0.1944177093358998,0.20431654676259,20701684.0,1732730950800.0,6848919900.0,13867558440.0,0.0039526736085817,yfinance_download,237690.KQ
2021-03-30,84100.0,85000.0,82900.0,84100.0,81931.71875,48348.0,0.0047789725209079,-0.190567853705486,80030.0,85689.83050847458,85689.83050847458,0.5515159925264888,0.4892264571406284,0.0525657071339173,-0.190567853705486,-0.190567853705486,0.050855929026615,-0.0185533160591017,-0.0185533160591017,103900.0,69500.0,-0.190567853705486,0.2100719424460431,20701684.0,1741011624400.0,4066066800.0,13399597910.0,0.0023354621778595,yfinance_download,237690.KQ
2021-03-31,84000.0,86000.0,83500.0,85300.0,83100.78125,93815.0,0.014268727705113,-0.1790182868142444,80345.0,85683.33333333333,85683.33333333333,0.5501178862709127,0.4863688298593522,0.0797468354430379,-0.1790182868142444,-0.1790182868142444,0.0616715414773787,-0.0044738377747519,-0.0044738377747519,103900.0,69500.0,-0.1790182868142444,0.2273381294964029,20701684.0,1765853645200.0,8002419500.0,13396893935.0,0.0045317569333973,yfinance_download,237690.KQ
2021-04-01,86000.0,86000.0,84400.0,85500.0,83295.609375,73160.0,0.0023446658851113,-0.1770933589990375,80805.0,85376.66666666667,85680.32786885246,0.5310825442479642,0.4864506704076092,0.1205766710353866,-0.1770933589990375,-0.1770933589990375,0.0581028401707814,0.0014445789247647,-0.0021046589495838,103900.0,69500.0,-0.1770933589990375,0.2302158273381294,20701684.0,1769993982000.0,6255180000.0,13053896400.0,0.0035340120156408,yfinance_download,237690.KQ
2021-04-02,85600.0,85600.0,81500.0,83500.0,81347.1875,141508.0,-0.023391812865497,-0.1963426371511067,81285.0,85103.33333333333,85645.16129032258,0.524218893454932,0.4826839263880851,0.1299052774018945,-0.1641641641641641,-0.1963426371511067,0.0272498000861167,-0.0188398417609964,-0.0250470809792843,103900.0,69500.0,-0.1963426371511067,0.2014388489208634,20701684.0,1728590614000.0,11815918000.0,12995794875.0,0.0068355791731725,yfinance_download,237690.KQ
2021-04-05,83400.0,83400.0,81100.0,82000.0,79885.859375,85751.0,-0.0179640718562874,-0.2107795957651588,81910.0,84813.33333333333,85587.30158730158,0.4728573226606024,0.4836971597280126,0.1798561151079136,-0.1750503018108652,-0.2107795957651588,0.0010987669393236,-0.0331708850809621,-0.041913946587537,103900.0,69500.0,-0.2107795957651588,0.1798561151079136,20701684.0,1697538088000.0,7031582000.0,12635395125.0,0.0041422234055934,yfinance_download,237690.KQ
2021-04-06,81900.0,82500.0,78000.0,79800.0,77742.578125,204549.0,-0.0268292682926829,-0.231953801732435,82380.0,84515.0,85496.875,0.4889495151939699,0.4853380815742212,0.1335227272727273,-0.1832139201637665,-0.231953801732435,-0.031318281136198,-0.0557889132106727,-0.0666325523593698,103900.0,69500.0,-0.231953801732435,0.1482014388489207,20701684.0,1651994383200.0,16323010200.0,12530562275.0,0.0098807903743482,yfinance_download,237690.KQ
2021-04-07,79600.0,80700.0,78100.0,80500.0,78424.53125,89008.0,0.0087719298245614,-0.2252165543792107,82865.0,84255.0,85420.0,0.48898436937265,0.4850940263012079,0.137005649717514,-0.1623309053069719,-0.2252165543792107,-0.0285403970313159,-0.0445670880066464,-0.0575977522828377,103900.0,69500.0,-0.2252165543792107,0.1582733812949639,20701684.0,1666485562000.0,7165144000.0,12442205995.0,0.004299553601533,yfinance_download,237690.KQ
2021-04-08,79600.0,91800.0,78700.0,89900.0,87582.1796875,893929.0,0.1167701863354038,-0.134744947064485,83635.0,84201.66666666667,85487.87878787878,0.6076038180234412,0.5394272999023251,0.2067114093959732,-0.0343716433941997,-0.134744947064485,0.0749088300352722,0.0676748282892261,0.0516110736946582,103900.0,69500.0,-0.134744947064485,0.2935251798561151,20701684.0,1861081391600.0,80364217100.0,15879655825.0,0.0431814629186688,yfinance_download,237690.KQ
2021-04-09,94100.0,99200.0,90800.0,93900.0,91479.0625,936507.0,0.0444938820912124,-0.0962463907603464,84465.0,84241.66666666667,85613.4328358209,0.6122247911140806,0.545818429952689,0.2147477360931435,0.0262295081967212,-0.0962463907603464,0.1117030722784584,0.1146503116035215,0.0967905022576314,103900.0,69500.0,-0.0962463907603464,0.3510791366906474,20701684.0,1943888127600.0,87938007300.0,19593626150.0,0.0452382038098929,yfinance_download,237690.KQ
2021-04-12,96500.0,106400.0,95500.0,106200.0,103461.9296875,1169643.0,0.1309904153354633,0.0,85865.0,84545.0,85916.17647058824,0.7470197509671909,0.6012193849530538,0.3580562659846547,0.2068181818181818,0.0221366698748797,0.2368252489372853,0.2561357856762671,0.236088526778837,106200.0,69500.0,0.0,0.5280575539568346,20701684.0,2198518840800.0,124216086600.0,24826762350.0,0.0564998963369356,yfinance_download,237690.KQ
2021-04-13,105100.0,108400.0,100400.0,104700.0,102000.6015625,760904.0,-0.0141242937853107,-0.0141242937853107,86955.0,84806.66666666667,86188.40579710146,0.7358422756036853,0.6021227496810909,0.2629674306393246,0.1764044943820224,0.0076997112608276,0.2040710712437468,0.2345727537143305,0.2147805616277114,106200.0,69500.0,-0.0141242937853107,0.5064748201438849,20701684.0,2167466314800.0,79666648800.0,27901485920.0,0.0367556571726242,yfinance_download,237690.KQ
2021-04-14,104800.0,110300.0,104800.0,105800.0,103072.2421875,615128.0,0.0105062082139446,-0.0037664783427495,87910.0,85115.0,86468.57142857143,0.7253614760772908,0.6004519827302499,0.2202998846597461,0.2119129438717066,0.0182868142444658,0.2035035832101013,0.2430241438054396,0.2235659529473961,106200.0,69500.0,-0.0037664783427495,0.5223021582733813,20701684.0,2190238167200.0,65080542400.0,29813821870.0,0.0297139111967895,yfinance_download,237690.KQ
2021-04-15,107900.0,137000.0,105900.0,111300.0,108430.453125,3660699.0,0.051984877126654,0.0,89155.0,85568.33333333333,86818.30985915494,0.7373544774790973,0.6023611296243089,0.2881944444444444,0.323424494649227,0.0712223291626563,0.2483876395042341,0.3007148283048637,0.2819876380980191,111300.0,69500.0,0.0,0.6014388489208633,20701684.0,2304097429200.0,407435798700.0,49535667805.0,0.1768309766490494,yfinance_download,237690.KQ
2021-04-16,113000.0,134500.0,112200.0,131300.0,127914.796875,2700449.0,0.1796945193171608,0.0,91445.0,86391.66666666667,87436.11111111111,0.9366744843221554,0.6966865851740732,0.5356725146198831,0.6031746031746033,0.2637151106833493,0.4358357482639838,0.5198225137455386,0.5016678844870859,131300.0,69500.0,0.0,0.8892086330935252,20701684.0,2718131109200.0,354568953700.0,66925334565.0,0.1304458613125386,yfinance_download,237690.KQ
2021-04-19,131800.0,144900.0,130100.0,133100.0,129668.390625,1425753.0,0.0137090632140137,0.0,94075.0,87161.66666666667,88061.64383561644,0.8868829287576573,0.6882264475686406,0.653416149068323,0.5316455696202531,0.2810394610202118,0.41482859420675,0.5270474405797654,0.5114412382359803,133100.0,69500.0,0.0,0.9151079136690649,20701684.0,2755394140400.0,189767724300.0,75695153630.0,0.0688713536541278,yfinance_download,237690.KQ
2021-04-20,133100.0,144500.0,133100.0,138800.0,135221.4375,1170383.0,0.0428249436513898,0.0,96805.0,88038.33333333333,88747.2972972973,0.8860549591016759,0.6910462008334725,0.6484560570071258,0.6102088167053363,0.3358999037536092,0.4338102370745313,0.5765859568748464,0.5639912901801349,138800.0,69500.0,0.0,0.9971223021582734,20701684.0,2873393739200.0,162449160400.0,82830501370.0,0.0565356422211835,yfinance_download,237690.KQ
2021-04-21,140000.0,141400.0,129100.0,131300.0,127914.796875,909609.0,-0.0540345821325648,-0.0540345821325648,99030.0,88718.33333333333,89314.66666666667,0.9308508877369148,0.6974841217088892,0.5126728110599079,0.4508287292817678,0.2637151106833493,0.3258608502473998,0.4799646822340366,0.4700833009882661,138800.0,69500.0,-0.0540345821325648,0.8892086330935252,20701684.0,2718131109200.0,119431661700.0,87777575375.0,0.0439388892227318,yfinance_download,237690.KQ
2021-04-22,132500.0,136600.0,129900.0,131100.0,127719.953125,622563.0,-0.0015232292460015,-0.0554755043227666,101320.0,89353.33333333333,89864.47368421052,0.9235862039332956,0.6963829052415914,0.536928487690504,0.4096774193548387,0.2617901828681424,0.2939202526648243,0.4672088338431694,0.4588634932720326,138800.0,69500.0,-0.0554755043227666,0.8863309352517985,20701684.0,2713990772400.0,81618009300.0,91368866635.0,0.0300730607229827,yfinance_download,237690.KQ
2021-04-23,131900.0,141500.0,126000.0,139700.0,136098.21875,871573.0,0.0655987795575896,0.0,104075.0,90170.0,90511.68831168833,0.9274253401973596,0.7035693220249652,0.6513002364066194,0.5402425578831311,0.3445620789220405,0.3423012250780686,0.5492957746478873,0.5434470686142279,139700.0,69500.0,0.0,1.0100719424460434,20701684.0,2892025254800.0,121758748100.0,97090189940.0,0.0421015507723912,yfinance_download,237690.KQ
2021-04-26,143100.0,145200.0,135000.0,143500.0,139800.25,1025955.0,0.0272011453113816,0.0,107065.0,91073.33333333331,91191.02564102564,0.9167706277017976,0.7028906106234825,0.7144563918757467,0.606942889137738,0.381135707410972,0.3403072899640404,0.5756533196691311,0.5736197612788032,143500.0,69500.0,0.0,1.064748201438849,20701684.0,2970691654000.0,147224542500.0,104108971070.0,0.0495590117209788,yfinance_download,237690.KQ
2021-04-27,144100.0,144300.0,119500.0,123700.0,120510.7421875,1128570.0,-0.1379790940766551,-0.1379790940766551,109045.0,91706.66666666669,91602.53164556962,1.0900605788377589,0.7583809190624996,0.4708680142687276,0.4434072345390898,0.190567853705486,0.1343940574991975,0.3488659494038963,0.3503993588149132,143500.0,69500.0,-0.1379790940766551,0.7798561151079137,20701684.0,2560798310800.0,139604109000.0,110885873180.0,0.0545158548454319,yfinance_download,237690.KQ
2021-04-28,120500.0,128100.0,116300.0,124100.0,120900.421875,682534.0,0.0032336297493937,-0.135191637630662,110985.0,92298.33333333331,92008.75,1.0917562185880652,0.7563856994598842,0.454865181711606,0.4006772009029344,0.1944177093358998,0.1181691219534171,0.3445529894003143,0.3487847623188012,143500.0,69500.0,-0.135191637630662,0.7856115107913668,20701684.0,2569078984400.0,84702469400.0,114720875675.0,0.0329699748097787,yfinance_download,237690.KQ
2021-04-29,124100.0,124100.0,111800.0,111800.0,108917.5546875,799176.0,-0.0991136180499596,-0.2209059233449477,112300.0,92648.33333333331,92253.08641975308,1.1713868740031208,0.7857904118569654,0.3076023391812865,0.2312775330396475,0.0760346487006737,-0.0044523597506678,0.2067135584378205,0.2118835731013717,143500.0,69500.0,-0.2209059233449477,0.6086330935251798,20701684.0,2314448271200.0,89347876800.0,118875510515.0,0.0386043956617249,yfinance_download,237690.KQ
2021-04-30,111200.0,117300.0,110500.0,114100.0,111158.25,448413.0,0.0205724508050089,-0.2048780487804877,113830.0,92986.66666666669,92519.51219512196,1.1621162956531634,0.7842808677997419,0.3664670658682634,0.2164179104477612,0.0981713185755535,0.0023719581832557,0.2270576426727846,0.2332533677800332,143500.0,69500.0,-0.2048780487804877,0.6417266187050359,20701684.0,2362062144400.0,51163923300.0,120842910780.0,0.0216607016124871,yfinance_download,237690.KQ
2021-05-03,118900.0,130900.0,113000.0,115000.0,112035.046875,1186286.0,0.0078878177037686,-0.1986062717770035,115480.0,93326.66666666669,92790.36144578311,1.1550361616597808,0.7842677217626087,0.4024390243902438,0.2156448202959831,0.1068334937439845,-0.0041565639071701,0.232230873633831,0.2393528617430145,143500.0,69500.0,-0.1986062717770035,0.6546762589928057,20701684.0,2380693660000.0,136422890000.0,127312476180.0,0.0573038405957698,yfinance_download,237690.KQ
2021-05-04,116000.0,119400.0,108100.0,112500.0,109599.5078125,406039.0,-0.0217391304347825,-0.2160278745644599,117115.0,93635.0,93025.0,1.15246483847071,0.7858048440743263,0.4097744360902255,0.1968085106382979,0.0827718960538979,-0.0394057123340306,0.2014738078709883,0.2093523246439128,143500.0,69500.0,-0.2160278745644599,0.618705035971223,20701684.0,2328939450000.0,45679387500.0,128780295045.0,0.0196138149920557,yfinance_download,237690.KQ
2021-05-06,117400.0,119600.0,107400.0,111000.0,108138.1796875,467958.0,-0.0133333333333333,-0.2264808362369338,118640.0,93923.33333333331,93236.4705882353,1.1579251305074834,0.786485801446889,0.3788819875776397,0.1846318036286018,0.068334937439846,-0.064396493594066,0.1818149554601271,0.1905212552522994,143500.0,69500.0,-0.2264808362369338,0.5971223021582734,20701684.0,2297886924000.0,51943338000.0,131019204745.0,0.0226048277038718,yfinance_download,237690.KQ
2021-05-07,110700.0,114200.0,108500.0,111700.0,108820.125,376318.0,0.0063063063063062,-0.221602787456446,119730.0,94285.0,93451.16279069768,1.0986893907104949,0.7812498474428142,0.2424916573971078,0.241111111111111,0.0750721847930702,-0.0670675686962332,0.1847059447420056,0.1952767270555444,143500.0,69500.0,-0.221602787456446,0.6071942446043166,20701684.0,2312378102800.0,42034720600.0,129102729920.0,0.0181781346870138,yfinance_download,237690.KQ
2021-05-10,113900.0,128900.0,113500.0,127600.0,124310.1875,1503618.0,0.1423455684870187,-0.1108013937282229,121415.0,94923.33333333331,93843.67816091956,1.1870551871404078,0.83000575744351,0.3588924387646433,0.4288913773796192,0.2281039461020211,0.0509409875221347,0.3442427221968607,0.3597080005879183,143500.0,69500.0,-0.1108013937282229,0.8359712230215828,20701684.0,2641534878400.0,191861656800.0,134298912395.0,0.0726326418662365,yfinance_download,237690.KQ
2021-05-11,128700.0,135000.0,123300.0,124100.0,120900.421875,962729.0,-0.0274294670846394,-0.135191637630662,122310.0,95496.66666666669,94187.5,1.1183528872785833,0.8330356254061488,0.1685499058380415,0.3835005574136008,0.1944177093358998,0.0146349439947675,0.2995217983175677,0.3175846051758459,143500.0,69500.0,-0.135191637630662,0.7856115107913668,20701684.0,2569078984400.0,119474668900.0,134061841510.0,0.0465048640487411,yfinance_download,237690.KQ
2021-05-12,122500.0,122700.0,114800.0,118600.0,115542.234375,653987.0,-0.0443190975020144,-0.1735191637630662,123005.0,95986.66666666669,94461.79775280898,1.1320897120271152,0.8392440201900291,0.1327602674307546,0.3295964125560537,0.1414821944177093,-0.0358115523759197,0.2355882761494652,0.2555340129176531,143500.0,69500.0,-0.1735191637630662,0.7064748201438849,20701684.0,2455219722400.0,77562858200.0,133956651980.0,0.0315910048670436,yfinance_download,237690.KQ
2021-05-13,123800.0,125000.0,114000.0,114000.0,111060.8359375,684177.0,-0.0387858347386171,-0.205574912891986,123415.0,96461.66666666669,94678.88888888888,1.1444538922755745,0.8386096069464302,0.0775047258979206,0.3333333333333332,0.0972088546679499,-0.0762873232589231,0.1818166110890335,0.2040698970790155,143500.0,69500.0,-0.205574912891986,0.6402877697841727,20701684.0,2359991976000.0,77996178000.0,134602433760.0,0.0330493403338588,yfinance_download,237690.KQ
2021-05-14,109000.0,118300.0,107500.0,116900.0,113886.0625,794523.0,0.025438596491228,-0.1853658536585366,123695.0,97013.33333333331,94923.07692307692,1.1341877271084249,0.8377449613021984,0.050314465408805,0.3949880668257757,0.1251203079884504,-0.0549335058005577,0.2049890049477736,0.2315235008103728,143500.0,69500.0,-0.1853658536585366,0.6820143884892087,20701684.0,2420026859600.0,92879738700.0,118874630760.0,0.0383796313382041,yfinance_download,237690.KQ
2021-05-17,114900.0,116100.0,111500.0,112100.0,109209.8125,429003.0,-0.0410607356715141,-0.2188153310104529,122735.0,97498.33333333331,95109.78260869563,0.9361769557849934,0.8428612886401329,-0.1462300076161462,0.3506024096385542,0.078922040423484,-0.0866500998085305,0.1497632438161336,0.1786379584233324,143500.0,69500.0,-0.2188153310104529,0.6129496402877699,20701684.0,2320658776400.0,48091236300.0,103550744890.0,0.0207230967297153,yfinance_download,237690.KQ
2021-05-18,112500.0,127500.0,110600.0,121500.0,118367.453125,1332314.0,0.0838537020517395,-0.1533101045296167,122155.0,98125.0,95393.54838709676,0.9876667767246567,0.8576658432011052,-0.087152516904583,0.4481525625744935,0.1693936477382098,-0.005362040031108,0.2382165605095541,0.2736710401731368,143500.0,69500.0,-0.1533101045296167,0.7482014388489209,20701684.0,2515254606000.0,161876151000.0,102156166225.0,0.0643577594943483,yfinance_download,237690.KQ
2021-05-20,119800.0,120200.0,115700.0,115800.0,112814.421875,368088.0,-0.0469135802469136,-0.1930313588850174,121005.0,98720.0,95610.63829787234,0.984163541132644,0.858099223837136,-0.1657060518731988,0.445692883895131,0.1145332050048122,-0.0430147514565514,0.1730145867098864,0.2111622938780959,143500.0,69500.0,-0.1930313588850174,0.6661870503597123,20701684.0,2397255007200.0,42624590400.0,96164937725.0,0.0177805824878787,yfinance_download,237690.KQ
2021-05-21,116100.0,119900.0,115200.0,115400.0,112424.7265625,255698.0,-0.003454231433506,-0.1958188153310104,120210.0,99370.0,95818.94736842104,0.9684839070264925,0.8511052931172556,-0.1210967250571211,0.5104712041884816,0.1106833493743983,-0.040013310040762,0.1613162926436551,0.2043547040471063,143500.0,69500.0,-0.1958188153310104,0.660431654676259,20701684.0,2388974333600.0,29507549200.0,91668732100.0,0.0123515555546109,yfinance_download,237690.KQ
2021-05-24,112000.0,113300.0,101700.0,102000.0,99370.21875,963249.0,-0.1161178509532062,-0.2891986062717769,118755.0,99800.0,95883.33333333331,1.0458901764336783,0.8882837947392221,-0.2219679633867276,0.3385826771653544,-0.0182868142444658,-0.14108879626121,0.0220440881763526,0.0637928037545629,143500.0,69500.0,-0.2891986062717769,0.4676258992805755,20701684.0,2111571768000.0,98251398000.0,92500401535.0,0.0465299827782126,yfinance_download,237690.KQ
2021-05-25,102200.0,116500.0,102200.0,112200.0,109307.234375,941976.0,0.1,-0.2181184668989547,117380.0,100330.0,96051.54639175258,1.08542187211273,0.9034339279850628,-0.1968503937007873,0.3955223880597014,0.0798845043310876,-0.0441301754983812,0.1183095783913086,0.1681227863046044,143500.0,69500.0,-0.2181184668989547,0.6143884892086331,20701684.0,2322728944800.0,105689707200.0,91696949490.0,0.0455023852165843,yfinance_download,237690.KQ
2021-05-26,112400.0,115700.0,111300.0,111500.0,108625.28125,300315.0,-0.0062388591800356,-0.2229965156794425,115780.0,100888.33333333331,96209.1836734694,1.0772237199974872,0.9005969470620385,-0.2229965156794425,0.4294871794871795,0.0731472569778632,-0.0369666609086197,0.1051822972593461,0.1589330222198652,143500.0,69500.0,-0.2229965156794425,0.60431654676259,20701684.0,2308237766000.0,33485122500.0,86009978490.0,0.0145067908485126,yfinance_download,237690.KQ
2021-05-27,112800.0,119000.0,111300.0,115500.0,112522.15625,472506.0,0.0358744394618835,-0.1951219512195121,115370.0,101481.66666666669,96404.0404040404,0.9760250813380208,0.9018246206366808,-0.0662894098625707,0.4455569461827284,0.1116458132820019,0.0011268093958567,0.138136609239764,0.1980825649622799,143500.0,69500.0,-0.1951219512195121,0.6618705035971224,20701684.0,2391044502000.0,54574443000.0,81758495190.0,0.0228245199762492,yfinance_download,237690.KQ
2021-05-28,115000.0,115100.0,112000.0,112000.0,109112.390625,192856.0,-0.0303030303030302,-0.2195121951219512,114765.0,102031.66666666669,96560.0,0.9810464205424324,0.9043767334471152,-0.0975020145044318,0.4177215189873418,0.0779595765158807,-0.0240927111924367,0.0976984269589507,0.1599005799502899,143500.0,69500.0,-0.2195121951219512,0.6115107913669064,20701684.0,2318588608000.0,21599872000.0,78603365320.0,0.0093159570979829,yfinance_download,237690.KQ
2021-05-31,114500.0,118800.0,112800.0,113900.0,110963.40625,293878.0,0.0169642857142857,-0.2062717770034843,114870.0,102658.33333333331,96731.68316831684,0.91503306988274,0.9003988250604518,0.018783542039356,0.4927916120576672,0.0962463907603465,-0.0084443283712022,0.1095056416916957,0.1774839046459022,143500.0,69500.0,-0.2062717770034843,0.6388489208633092,20701684.0,2357921807600.0,33472704200.0,75809606690.0,0.0141958499608051,yfinance_download,237690.KQ
2021-06-01,113200.0,116400.0,107700.0,109100.0,106287.1640625,406935.0,-0.0421422300263388,-0.2397212543554007,114620.0,103245.0,96852.9411764706,0.9256026351047828,0.9026754387913308,-0.0438212094653812,0.4763193504736129,0.0500481231953802,-0.0481591345314953,0.0567097680275074,0.1264500455511692,143500.0,69500.0,-0.2397212543554007,0.5697841726618704,20701684.0,2258553724400.0,44396608500.0,75471240950.0,0.019657096495145,yfinance_download,237690.KQ
2021-06-02,112000.0,113800.0,106500.0,108000.0,105215.5234375,246030.0,-0.0100824931255728,-0.2473867595818815,114270.0,103886.66666666669,96961.16504854368,0.9255999948733692,0.8924853635917586,-0.0608695652173912,0.5539568345323742,0.039461020211742,-0.0548700446311367,0.039594429827376,0.1138480024031241,143500.0,69500.0,-0.2473867595818815,0.5539568345323742,20701684.0,2235781872000.0,26571240000.0,69978658450.0,0.0118845404074373,yfinance_download,237690.KQ
2021-06-03,107200.0,110000.0,105700.0,108500.0,105702.640625,178934.0,0.0046296296296295,-0.2439024390243902,114070.0,104521.66666666669,97072.1153846154,0.9227022567112818,0.8924869665443473,-0.0355555555555555,0.5411931818181819,0.0442733397497594,-0.0488296659945647,0.0380622837370241,0.1177257193799217,143500.0,69500.0,-0.2439024390243902,0.5611510791366907,20701684.0,2246132714000.0,19414339000.0,68665406025.0,0.0086434514216331,yfinance_download,237690.KQ
2021-06-04,108500.0,110900.0,106600.0,109100.0,106287.1640625,195543.0,0.0055299539170508,-0.2397212543554007,113975.0,105160.0,97186.66666666669,0.9215804248960094,0.8924892583712237,-0.0171171171171171,0.5409604519774012,0.0500481231953802,-0.0427725378372449,0.0374667173830354,0.1225819728357799,143500.0,69500.0,-0.2397212543554007,0.5697841726618704,20701684.0,2258553724400.0,21333741300.0,67134926190.0,0.0094457533020019,yfinance_download,237690.KQ
2021-06-07,109600.0,110300.0,105200.0,105500.0,102779.96875,186331.0,-0.0329972502291475,-0.264808362369338,113665.0,105676.66666666669,97265.09433962264,0.92894268781199,0.8918428236397451,-0.0555058191584602,0.4161073825503356,0.0153994225216553,-0.0718338978577398,-0.00167176607892,0.0846645522351869,143500.0,69500.0,-0.264808362369338,0.5179856115107915,20701684.0,2184027662000.0,19657920500.0,66016086185.0,0.0090007653483648,yfinance_download,237690.KQ
2021-06-08,106000.0,107400.0,103400.0,105600.0,102877.390625,172101.0,0.000947867298578,-0.2641114982578397,112565.0,106148.33333333331,97342.9906542056,0.7590906389576256,0.8896936855358443,-0.1724137931034483,0.3661060802069857,0.0163618864292589,-0.0618753609025896,-0.0051657272056399,0.0848238716552896,143500.0,69500.0,-0.2641114982578397,0.5194244604316547,20701684.0,2186097830400.0,18173865600.0,57331696625.0,0.0083133816553281,yfinance_download,237690.KQ
2021-06-09,105600.0,105600.0,99800.0,100000.0,97421.78125,305562.0,-0.0530303030303029,-0.3031358885017421,111360.0,106511.66666666669,97367.5925925926,0.7729468496650127,0.8980009622609411,-0.1941982272360999,0.278772378516624,-0.0375360923965351,-0.1020114942528735,-0.06113571283271,0.0270357655695767,143500.0,69500.0,-0.3031358885017421,0.4388489208633093,20701684.0,2070168400000.0,30556200000.0,52885773180.0,0.0147602484899296,yfinance_download,237690.KQ
2021-06-10,99400.0,105400.0,99300.0,103600.0,100928.9609375,271597.0,0.036,-0.2780487804878049,110610.0,106856.66666666669,97424.77064220184,0.777677318034257,0.8931036193195788,-0.1264755480607082,0.249698431845597,-0.0028873917228103,-0.0633758249706174,-0.0304769629098169,0.0633845922047591,143500.0,69500.0,-0.2780487804878049,0.4906474820143884,20701684.0,2144694462400.0,28137449200.0,50414502730.0,0.0131195607082013,yfinance_download,237690.KQ
2021-06-11,103700.0,108900.0,103700.0,106400.0,103656.78125,198775.0,0.0270270270270269,-0.2585365853658536,110230.0,107185.0,97506.36363636365,0.7755076369022348,0.8902794673441042,-0.0666666666666666,0.2272202998846597,0.0240615976900866,-0.0347455320693096,-0.0073237859775154,0.0912108300623735,143500.0,69500.0,-0.2585365853658536,0.530935251798561,20701684.0,2202659177600.0,21149660000.0,47572176830.0,0.0096018758667169,yfinance_download,237690.KQ
2021-06-14,107500.0,108200.0,104200.0,106600.0,103851.6171875,136152.0,0.0018796992481202,-0.2571428571428571,109715.0,107521.66666666669,97588.28828828828,0.7688096775215806,0.8901316839121138,-0.088109495295124,0.2337962962962962,0.0259865255052935,-0.0283917422412613,-0.0085719157379133,0.0923441928307007,143500.0,69500.0,-0.2571428571428571,0.5338129496402877,20701684.0,2206799514400.0,14513803200.0,43653880055.0,0.0065768562596163,yfinance_download,237690.KQ
2021-06-15,105900.0,105900.0,102400.0,103000.0,100344.4375,134042.0,-0.0337711069418386,-0.2822299651567944,109260.0,107813.33333333331,97636.60714285714,0.7645072414086094,0.8931435169935824,-0.0811775200713648,0.2046783625730994,-0.0086621751684311,-0.0572945268167673,-0.044645065545387,0.0549321920752059,143500.0,69500.0,-0.2822299651567944,0.4820143884892085,20701684.0,2132273452000.0,13806326000.0,41939634540.0,0.0064749321842609,yfinance_download,237690.KQ
2021-06-16,103800.0,108600.0,103700.0,106900.0,104143.8828125,278547.0,0.0378640776699028,-0.2550522648083624,108530.0,108253.33333333331,97718.58407079648,0.710649000896958,0.8858601590688404,-0.1201646090534979,0.3279503105590062,0.0288739172281038,-0.0150188887865105,-0.0125015395984726,0.0939577258155077,143500.0,69500.0,-0.2550522648083624,0.5381294964028778,20701684.0,2213010019600.0,29776674300.0,35334660705.0,0.0134552821886374,yfinance_download,237690.KQ
2021-06-17,101900.0,103400.0,100000.0,101000.0,98395.9921875,451715.0,-0.0551917680074836,-0.2961672473867596,107790.0,108533.33333333331,97747.36842105264,0.7176334393596967,0.8907290330152071,-0.1278065630397237,0.1995249406175772,-0.0279114533205004,-0.0629928564801929,-0.0694103194103193,0.0332758992031014,143500.0,69500.0,-0.2961672473867596,0.4532374100719425,20701684.0,2090870084000.0,45623215000.0,35484591935.0,0.021820205544631,yfinance_download,237690.KQ
2021-06-18,100800.0,101900.0,98200.0,100800.0,98201.15625,284353.0,-0.0019801980198019,-0.2975609756097561,107060.0,108766.66666666669,97773.91304347826,0.7177172480462003,0.8891251247093818,-0.1265164644714038,0.1612903225806452,-0.0298363811357074,-0.0584718849243415,-0.0732454796199816,0.030949839914621,143500.0,69500.0,-0.2975609756097561,0.4503597122302158,20701684.0,2086729747200.0,28662782400.0,35442353595.0,0.0137357424642362,yfinance_download,237690.KQ
2021-06-21,101000.0,103700.0,100000.0,101700.0,99077.9609375,175876.0,0.0089285714285713,-0.2912891986062718,107045.0,109040.0,97807.75862068964,0.5882769283574317,0.8880668864866269,-0.0029411764705882,0.1922626025791325,-0.0211742059672762,-0.0499322714746134,-0.0673147468818782,0.0397948121314684,143500.0,69500.0,-0.2912891986062718,0.4633093525179856,20701684.0,2105361262800.0,17886589200.0,31424113155.0,0.0084957339702412,yfinance_download,237690.KQ
2021-06-22,101600.0,102900.0,100200.0,102900.0,100247.0078125,131422.0,0.0117994100294984,-0.2829268292682927,106580.0,109345.0,97851.28205128205,0.4596573746600828,0.8877962517230499,-0.0828877005347593,0.2163120567375887,-0.0096246390760346,-0.0345280540439106,-0.058941881201701,0.0515958283108852,143500.0,69500.0,-0.2829268292682927,0.4805755395683453,20701684.0,2130203283600.0,13523323800.0,26815793985.0,0.0063483724319238,yfinance_download,237690.KQ
2021-06-23,103300.0,107400.0,103300.0,106000.0,103267.0859375,362424.0,0.0301263362487851,-0.2613240418118466,106305.0,109716.66666666669,97920.33898305084,0.475084666378854,0.8887035761207612,-0.0493273542600897,0.2664277180406214,0.0202117420596728,-0.0028691030525375,-0.0338751329181225,0.0825125923874474,143500.0,69500.0,-0.2613240418118466,0.525179856115108,20701684.0,2194378504000.0,38416944000.0,27062385060.0,0.0175069815576356,yfinance_download,237690.KQ
2021-06-24,107500.0,107600.0,102100.0,102600.0,99954.75,246035.0,-0.0320754716981132,-0.2850174216027874,105660.0,110025.0,97959.66386554622,0.464156409644175,0.8920266317722315,-0.1116883116883117,0.2199762187871581,-0.0125120307988449,-0.0289608177172061,-0.0674846625766871,0.0473698658339909,143500.0,69500.0,-0.2850174216027874,0.4762589928057554,20701684.0,2123992778400.0,25243191000.0,25595822460.0,0.0118847819336823,yfinance_download,237690.KQ
2021-06-25,103100.0,105300.0,101200.0,103700.0,101026.390625,135980.0,0.0107212475633529,-0.2773519163763066,105245.0,110331.66666666669,98007.5,0.4578743759928669,0.8918961046967132,-0.0741071428571428,0.2157092614302462,-0.0019249278152069,-0.0146800323055726,-0.0601066481366788,0.0580822896206922,143500.0,69500.0,-0.2773519163763066,0.4920863309352519,20701684.0,2146764630800.0,14101126000.0,25220885160.0,0.0065685477567911,yfinance_download,237690.KQ
2021-06-28,105000.0,110700.0,104100.0,109100.0,106287.1640625,416432.0,0.052073288331726,-0.2397212543554007,105005.0,110725.0,98050.83333333331,0.4941512471636439,0.8971230610472087,-0.0421422300263388,0.2760233918128654,0.0500481231953802,0.0389981429455739,-0.0146759990968615,0.1126881464546452,143500.0,69500.0,-0.2397212543554007,0.5697841726618704,20701684.0,2258553724400.0,45432731200.0,25818886510.0,0.0201158514447423,yfinance_download,237690.KQ
2021-06-29,109300.0,113500.0,107000.0,111800.0,108917.5546875,399355.0,0.0247479376718606,-0.2209059233449477,105140.0,111196.66666666669,98150.0,0.4783097007816718,0.895899828901729,0.0247479376718606,0.3389221556886228,0.1191191191191192,0.0633441126117557,0.0054258221169698,0.1390728476821192,143500.0,69500.0,-0.2209059233449477,0.6086330935251798,20701684.0,2314448271200.0,44647889000.0,25831450535.0,0.0192909427078492,yfinance_download,237690.KQ
2021-06-30,114200.0,114200.0,108800.0,112600.0,109696.9296875,353255.0,0.0071556350626118,-0.2153310104529616,105370.0,111706.66666666669,98260.0,0.4766089622734135,0.8944584294515726,0.0425925925925925,0.3731707317073172,0.1327967806841046,0.0686153554142545,0.0079971353544998,0.1459393445959698,143500.0,69500.0,-0.2153310104529616,0.6201438848920864,20701684.0,2331009618400.0,39776513000.0,26491714185.0,0.0170640707297048,yfinance_download,237690.KQ
2021-07-01,112100.0,115400.0,110000.0,114300.0,111353.09375,304135.0,0.0150976909413853,-0.2034843205574913,105660.0,112281.66666666669,98398.33333333331,0.4786677646328476,0.8918425749688168,0.0534562211981566,0.4323308270676691,0.1699078812691914,0.0817717206132879,0.0179756267719572,0.1616050407357849,143500.0,69500.0,-0.2034843205574913,0.6446043165467625,20701684.0,2366202481200.0,34762630500.0,27259128760.0,0.01469131689963,yfinance_download,237690.KQ
2021-07-02,116400.0,124500.0,115300.0,119700.0,116613.875,879472.0,0.0472440944881888,-0.1658536585365854,106190.0,112935.0,98595.0,0.5037856510727466,0.8955488403840053,0.0971585701191566,0.4869565217391305,0.2455775234131112,0.127224785761371,0.0599017133749502,0.2140575079872204,143500.0,69500.0,-0.1658536585365854,0.7223021582733813,20701684.0,2477991574800.0,105272798400.0,31456081615.0,0.0424831139341128,yfinance_download,237690.KQ
2021-07-05,120900.0,121800.0,116500.0,119800.0,116711.296875,350770.0,0.0008354218880535,-0.1651567944250871,106905.0,113433.33333333331,98817.5,0.4837422081355007,0.866549293171091,0.1355450236966824,0.3325917686318131,0.2867883995703544,0.1206211122024227,0.0561269468116367,0.2123358716826473,143500.0,69500.0,-0.1651567944250871,0.7237410071942445,20701684.0,2480061743200.0,42022246000.0,32574297890.0,0.0169440321859806,yfinance_download,237690.KQ
2021-07-06,117800.0,118600.0,111500.0,111700.0,108820.125,445317.0,-0.0676126878130216,-0.221602787456446,107210.0,113730.0,98985.83333333331,0.5512828744108554,0.8758184101073041,0.0577651515151516,0.189563365282215,0.2207650273224044,0.0418804216024624,-0.017849292183241,0.1284443060033844,143500.0,69500.0,-0.221602787456446,0.6071942446043166,20701684.0,2312378102800.0,49741908900.0,34152700055.0,0.0215111485616339,yfinance_download,237690.KQ
2021-07-07,113000.0,115200.0,109900.0,110600.0,107748.4921875,234448.0,-0.009847806624888,-0.2292682926829268,107740.0,113803.33333333331,99174.16666666669,0.5126190053980209,0.8354826910902173,0.1060000000000001,0.0414312617702448,0.2568181818181818,0.0265453870428811,-0.0281479745760229,0.1152097740507021,143500.0,69500.0,-0.2292682926829268,0.5913669064748202,20701684.0,2289606250400.0,25929948800.0,33921387495.0,0.0113250690137092,yfinance_download,237690.KQ
2021-07-08,111500.0,113000.0,108000.0,108200.0,105410.359375,234647.0,-0.0216998191681736,-0.245993031358885,107970.0,113861.66666666669,99334.16666666669,0.5080580783614737,0.8362519495498951,0.0444015444015444,0.0334288443170964,0.2157303370786516,0.0021302213577845,-0.0497240803899469,0.0892526069412169,143500.0,69500.0,-0.245993031358885,0.5568345323741006,20701684.0,2239922208800.0,25388805400.0,33783955305.0,0.0113346817582569,yfinance_download,237690.KQ
2021-07-09,108100.0,111400.0,104300.0,107800.0,105020.6796875,208018.0,-0.0036968576709797,-0.248780487804878,108040.0,113895.0,99505.0,0.500162878988085,0.8361339933470859,0.013157894736842,0.0189035916824196,0.2348224513172967,-0.0022213994816734,-0.0535142016769831,0.0833626450932114,143500.0,69500.0,-0.248780487804878,0.5510791366906476,20701684.0,2231641535200.0,22424340400.0,33847689325.0,0.0100483612830724,yfinance_download,237690.KQ
2021-07-12,107800.0,107800.0,104100.0,105200.0,102487.71875,143175.0,-0.0241187384044526,-0.2668989547038327,107970.0,113793.33333333331,99680.83333333331,0.5080968192580636,0.8311012179073473,-0.0131332082551595,-0.054806828391734,0.2508917954815695,-0.0256552746133185,-0.075517019157537,0.055368384092562,143500.0,69500.0,-0.2668989547038327,0.5136690647482014,20701684.0,2177817156800.0,15062010000.0,33875099665.0,0.0069161040232282,yfinance_download,237690.KQ
2021-07-13,105200.0,106200.0,103500.0,105500.0,102779.96875,131738.0,0.0028517110266159,-0.264808362369338,108095.0,113363.33333333331,99877.5,0.4923611551504425,0.7424370683213528,0.0242718446601941,-0.1964965727341965,0.2881562881562882,-0.0240066608076229,-0.0693639918845011,0.0562939601011238,143500.0,69500.0,-0.264808362369338,0.5179856115107915,20701684.0,2184027662000.0,13898359000.0,33879701315.0,0.0063636368906027,yfinance_download,237690.KQ
2021-07-14,105900.0,106100.0,103500.0,104300.0,101610.90625,150364.0,-0.0113744075829383,-0.2731707317073171,107965.0,112883.33333333331,100022.5,0.4750600340937118,0.7418694901977496,-0.0243217960710945,-0.2163786626596544,0.2002301495972382,-0.033946186264067,-0.0760372065554406,0.0427653777899972,143500.0,69500.0,-0.2731707317073171,0.5007194244604316,20701684.0,2159185641200.0,15682965200.0,33175015860.0,0.0072633704581714,yfinance_download,237690.KQ
2021-07-15,104000.0,107100.0,103600.0,105000.0,102292.875,149393.0,0.0067114093959732,-0.2682926829268293,108165.0,112320.0,100179.16666666669,0.4297114188016989,0.7360158604093311,0.0396039603960396,-0.2435158501440922,0.2180974477958237,-0.0292608514769102,-0.0651709401709401,0.0481221145447738,143500.0,69500.0,-0.2682926829268293,0.5107913669064748,20701684.0,2173676820000.0,15686265000.0,31678168360.0,0.0072164660614083,yfinance_download,237690.KQ
2021-07-16,105300.0,109900.0,104200.0,108100.0,105312.9453125,287297.0,0.0295238095238095,-0.2466898954703832,108530.0,111933.33333333331,100325.83333333331,0.4399832585776239,0.731455127362228,0.0724206349206348,-0.1766945925361767,0.194475138121547,-0.0039620381461347,-0.0342465753424656,0.0774891810849649,143500.0,69500.0,-0.2466898954703832,0.5553956834532374,20701684.0,2237852040400.0,31056805700.0,31797869525.0,0.0138779531172439,yfinance_download,237690.KQ
2021-07-19,108100.0,109000.0,106000.0,106200.0,103461.9296875,114310.0,-0.0175763182238667,-0.2599303135888502,108755.0,111518.33333333331,100435.83333333331,0.4459596321862759,0.7321328562071944,0.0442477876106195,-0.1899313501144165,0.1419354838709676,-0.0234931727276906,-0.0476902153607029,0.0573915352256415,143500.0,69500.0,-0.2599303135888502,0.5280575539568346,20701684.0,2198518840800.0,12139722000.0,31510526165.0,0.0055217730113163,yfinance_download,237690.KQ
2021-07-20,105000.0,107400.0,104800.0,107200.0,104436.1484375,125512.0,0.0094161958568739,-0.2529616724738676,108970.0,110976.66666666669,100573.33333333331,0.4453835077500035,0.7187606068823585,0.0417881438289602,-0.2326413743736578,0.1819184123484012,-0.0162430026612828,-0.0340311777250473,0.0658889036192496,143500.0,69500.0,-0.2529616724738676,0.5424460431654676,20701684.0,2219220524800.0,13454886400.0,31507104295.0,0.0060628884104307,yfinance_download,237690.KQ
2021-07-21,107300.0,108100.0,105200.0,107100.0,104338.71875,106965.0,-0.0009328358208955,-0.2536585365853658,109025.0,110370.0,100721.66666666669,0.4332421051330939,0.7159539190406641,0.0103773584905659,-0.2536585365853658,0.1993281075027995,-0.0176565008025681,-0.0296276162000543,0.0633263283305478,143500.0,69500.0,-0.2536585365853658,0.5410071942446044,20701684.0,2217150356400.0,11455951500.0,30159054670.0,0.0051669709575317,yfinance_download,237690.KQ
2021-07-22,107100.0,107100.0,103600.0,104300.0,101610.90625,163595.0,-0.0261437908496732,-0.2731707317073171,109110.0,110046.66666666669,100876.66666666669,0.4277357619958599,0.6610495482286723,0.0165692007797271,-0.1568310428455941,0.2170361726954492,-0.0440839519750709,-0.0522202701884049,0.0339358292304132,143500.0,69500.0,-0.2731707317073171,0.5007194244604316,20701684.0,2159185641200.0,17062958500.0,29750043045.0,0.0079024972074735,yfinance_download,237690.KQ
2021-07-23,104400.0,109300.0,103700.0,107000.0,104241.3125,220890.0,0.0258868648130392,-0.2543554006968641,109275.0,109761.66666666669,101030.0,0.4355441218621741,0.6634402450993414,0.0318225650916104,-0.1377921031426269,0.2076749435665914,-0.0208190345458705,-0.0251605751856295,0.0590913590022765,143500.0,69500.0,-0.2543554006968641,0.539568345323741,20701684.0,2215080188000.0,23635230000.0,30226748245.0,0.0106701464479894,yfinance_download,237690.KQ
2021-07-26,107000.0,107000.0,103800.0,103800.0,101123.8125,123432.0,-0.0299065420560747,-0.2766550522648083,109010.0,109628.33333333331,101138.33333333331,0.4066082020274096,0.6345299996607063,-0.0485792850595783,-0.071556350626118,0.1431718061674007,-0.0477937803871204,-0.0531644799854051,0.0263170904536691,143500.0,69500.0,-0.2766550522648083,0.4935251798561151,20701684.0,2148834799200.0,12812241600.0,28595723765.0,0.0059624134925448,yfinance_download,237690.KQ
2021-07-27,103900.0,106300.0,102800.0,105100.0,102390.296875,134124.0,0.01252408477842,-0.267595818815331,108675.0,109478.33333333331,101232.5,0.3981005884516027,0.633604225534694,-0.0599284436493738,-0.0788781770376862,0.1204690831556503,-0.0328962502875546,-0.0399926926180217,0.03820413404786,143500.0,69500.0,-0.267595818815331,0.5122302158273382,20701684.0,2175746988400.0,14096432400.0,27068150935.0,0.0064788932146776,yfinance_download,237690.KQ
2021-07-28,104000.0,107300.0,103200.0,106800.0,104046.46875,191815.0,0.016175071360609,-0.2557491289198607,108385.0,109341.66666666669,101334.16666666669,0.4023517968302416,0.6343053422349417,-0.0515097690941385,-0.0713043478260869,0.1289640591966172,-0.0146237948055543,-0.023245179483271,0.0539387011619969,143500.0,69500.0,-0.2557491289198607,0.5366906474820143,20701684.0,2210939851200.0,20485842000.0,26103617385.0,0.009265671333791,yfinance_download,237690.KQ
2021-07-29,108000.0,111400.0,107700.0,110000.0,107163.9609375,348865.0,0.0299625468164794,-0.2334494773519163,108170.0,109300.0,101467.5,0.4141785618478866,0.635744128039559,-0.0376202974628171,-0.0222222222222222,0.1702127659574468,0.0169178145511694,0.0064043915827995,0.0840909650873431,143500.0,69500.0,-0.2334494773519163,0.5827338129496402,20701684.0,2277185240000.0,38375150000.0,26284243360.0,0.0168520106866668,yfinance_download,237690.KQ
2021-07-30,110000.0,110100.0,106900.0,107400.0,104630.9921875,116477.0,-0.0236363636363636,-0.251567944250871,107555.0,109240.0,101581.66666666669,0.3781944617952917,0.6370444158746711,-0.1027568922305764,-0.0324324324324324,0.1462113127001068,-0.0014411231462972,-0.0168436470157451,0.0572773958555512,143500.0,69500.0,-0.251567944250871,0.5453237410071943,20701684.0,2223360861600.0,12509629800.0,21646084930.0,0.0056264504858638,yfinance_download,237690.KQ
2021-08-02,107400.0,110600.0,106300.0,109200.0,106384.5859375,110416.0,0.0167597765363127,-0.2390243902439024,107025.0,109198.33333333331,101741.66666666669,0.3856777806956771,0.6378297889985646,-0.0884808013355592,-0.0223813786929274,0.2133333333333333,0.020322354590049,1.5262748210398414e-05,0.0733065771152428,143500.0,69500.0,-0.2390243902439024,0.5712230215827339,20701684.0,2260623892800.0,12057427200.0,20147843990.0,0.0053336723717741,yfinance_download,237690.KQ
2021-08-03,110500.0,111900.0,107800.0,109000.0,106189.7421875,163120.0,-0.0018315018315018,-0.2404181184668989,106890.0,108888.33333333331,101905.83333333331,0.3047250479023068,0.5650836488868721,-0.0241718889883616,-0.1457680250783699,0.2206047032474805,0.0197399195434559,0.0010255154363032,0.0696149222730135,143500.0,69500.0,-0.2404181184668989,0.5683453237410072,20701684.0,2256483556000.0,17780080000.0,18549752545.0,0.0078795522142063,yfinance_download,237690.KQ
2021-08-04,109000.0,117800.0,109000.0,116300.0,113301.5390625,578361.0,0.0669724770642201,-0.1895470383275261,107175.0,108758.33333333331,102127.5,0.3863701503809977,0.579860575244153,0.0515370705244122,-0.0628525382755842,0.2965440356744704,0.0851411243293678,0.069343345337522,0.1387726126655406,143500.0,69500.0,-0.1895470383275261,0.6733812949640288,20701684.0,2407605849200.0,67263384300.0,20616424320.0,0.0279378721074092,yfinance_download,237690.KQ
2021-08-05,118900.0,123500.0,117300.0,119400.0,116321.6015625,761310.0,0.0266552020636285,-0.1679442508710801,107735.0,108771.66666666669,102379.16666666669,0.383831235696573,0.5751354847290242,0.1035120147874306,0.0067453625632378,0.3385650224215246,0.1082749338655033,0.0977123331749996,0.1662528997598795,143500.0,69500.0,-0.1679442508710801,0.7179856115107914,20701684.0,2471781069600.0,90900414000.0,23892004750.0,0.0367752691037115,yfinance_download,237690.KQ
2021-08-06,122000.0,124300.0,117100.0,117500.0,114470.59375,471871.0,-0.0159128978224455,-0.181184668989547,108220.0,108830.0,102645.83333333331,0.389991443010852,0.5703079318892095,0.0899814471243043,0.0307017543859648,0.3742690058479532,0.0857512474588799,0.0796655334007168,0.1447128069819363,143500.0,69500.0,-0.181184668989547,0.6906474820143884,20701684.0,2432447870000.0,55444842500.0,25543029855.0,0.0227938461431446,yfinance_download,237690.KQ
2021-08-09,117500.0,117600.0,109300.0,110300.0,107456.2265625,390919.0,-0.0612765957446808,-0.2313588850174216,108475.0,108720.0,102866.66666666669,0.4447442539105877,0.5820957436874454,0.0484790874524714,-0.0564585115483319,0.3162291169451074,0.0168241530306523,0.014532744665195,0.0722618276085547,143500.0,69500.0,-0.2313588850174216,0.5870503597122303,20701684.0,2283395745200.0,43118365700.0,26945847640.0,0.0188834396274235,yfinance_download,237690.KQ
2021-08-10,111200.0,115500.0,110200.0,113200.0,110281.453125,310546.0,0.0262919310970082,-0.2111498257839721,108860.0,108738.33333333331,103118.33333333331,0.4525355407995023,0.5783064024650333,0.0729857819905213,0.0098126672613738,0.3638554216867469,0.0398677200073489,0.0410312217402633,0.0977679365130674,143500.0,69500.0,-0.2111498257839721,0.6287769784172661,20701684.0,2343430628800.0,35153807200.0,28008620050.0,0.0150010018508639,yfinance_download,237690.KQ
2021-08-11,112100.0,115200.0,110300.0,112900.0,109989.1953125,199228.0,-0.0026501766784452,-0.2132404181184669,109290.0,108595.0,103360.0,0.4496768464420263,0.5518229088662423,0.0824544582933843,-0.0707818930041151,0.3456495828367103,0.0330313843901546,0.0396427091486717,0.0922987616099071,143500.0,69500.0,-0.2132404181184669,0.6244604316546762,20701684.0,2337220123600.0,22492841200.0,28349113850.0,0.0096237581445065,yfinance_download,237690.KQ
2021-08-12,112900.0,114500.0,111400.0,112900.0,109989.1953125,160369.0,0.0,-0.2132404181184669,109685.0,108546.66666666669,103633.33333333331,0.4498405482622476,0.5433238929097699,0.0752380952380953,-0.0250431778929188,0.4094881398252183,0.0293112093722933,0.040105638127994,0.0894178192344805,143500.0,69500.0,-0.2132404181184669,0.6244604316546762,20701684.0,2337220123600.0,18105660100.0,28470083605.0,0.0077466644742524,yfinance_download,237690.KQ
2021-08-13,112500.0,115700.0,111400.0,111900.0,109014.96875,246147.0,-0.0088573959255978,-0.2202090592334494,109875.0,108488.33333333331,103929.16666666669,0.441528046038941,0.5435901648290766,0.0351526364477334,-0.0303292894280762,0.4646596858638743,0.0184300341296927,0.0314473138432704,0.0766948642905824,143500.0,69500.0,-0.2202090592334494,0.6100719424460432,20701684.0,2316518439600.0,27543849300.0,28294435785.0,0.0118901921215684,yfinance_download,237690.KQ
2021-08-17,112600.0,117300.0,110200.0,114300.0,111353.09375,503891.0,0.0214477211796246,-0.2034843205574913,110280.0,108693.33333333331,104246.66666666669,0.4401944877569407,0.4882993317844398,0.0762711864406779,0.1205882352941176,0.5,0.0364526659412405,0.0515824337585868,0.0964379356654088,143500.0,69500.0,-0.2034843205574913,0.6446043165467625,20701684.0,2366202481200.0,57594741300.0,30567186750.0,0.0243405802155998,yfinance_download,237690.KQ
2021-08-18,115100.0,116000.0,111500.0,112100.0,109209.8125,211840.0,-0.0192475940507436,-0.2188153310104529,110525.0,108691.66666666669,104510.83333333331,0.4472596701166478,0.4457587042610408,0.0457089552238805,-0.0008912655971479,0.394278606965174,0.0142501696448766,0.0313578164532699,0.0726160764832992,143500.0,69500.0,-0.2188153310104529,0.6129496402877699,20701684.0,2320658776400.0,23747264000.0,31081805630.0,0.0102329839446877,yfinance_download,237690.KQ
2021-08-19,111000.0,111400.0,106700.0,107700.0,104923.2578125,247898.0,-0.0392506690454951,-0.2494773519163763,110555.0,108628.33333333331,104758.33333333331,0.4713240447586443,0.4529270961129872,0.0056022408963585,-0.0340807174887892,0.3807692307692307,-0.0258242503731174,-0.008545959464228,0.0280805027444117,143500.0,69500.0,-0.2494773519163763,0.5496402877697841,20701684.0,2229571366800.0,26698614600.0,31843938785.0,0.0119747746125387,yfinance_download,237690.KQ
2021-08-20,107000.0,107900.0,101100.0,101700.0,99077.9609375,284495.0,-0.0557103064066852,-0.2912891986062718,110425.0,108398.33333333331,104940.0,0.5041952603042903,0.4606169492528758,-0.024928092042186,-0.1194805194805195,0.2728410513141426,-0.0790129046864387,-0.0617936930149601,-0.0308747855917667,143500.0,69500.0,-0.2912891986062718,0.4633093525179856,20701684.0,2105361262800.0,28933141500.0,32437447935.0,0.0137426018095919,yfinance_download,237690.KQ
2021-08-23,102700.0,105500.0,101900.0,103900.0,101221.234375,137002.0,0.0216322517207472,-0.2759581881533101,110270.0,108263.33333333331,105147.5,0.5014292735672075,0.4591378418999275,-0.0289719626168224,-0.0723214285714285,0.3151898734177214,-0.0577672984492608,-0.0403029649927645,-0.0118642858841151,143500.0,69500.0,-0.2759581881533101,0.4949640287769783,20701684.0,2150904967600.0,14234507800.0,31967411825.0,0.0066179157212524,yfinance_download,237690.KQ
2021-08-24,103900.0,106400.0,103600.0,105000.0,102292.875,116718.0,0.0105871029836381,-0.2682926829268293,110330.0,108115.0,105386.66666666669,0.4909526714236853,0.4582670207185976,0.0115606936416186,-0.0781387181738366,0.3761467889908256,-0.0483096166047312,-0.0288119132405308,-0.0036690283400809,143500.0,69500.0,-0.2682926829268293,0.5107913669064748,20701684.0,2173676820000.0,12255390000.0,31939569245.0,0.0056380920508689,yfinance_download,237690.KQ
2021-08-25,105100.0,105200.0,102200.0,105100.0,102390.296875,128509.0,0.000952380952381,-0.267595818815331,110330.0,108048.33333333331,105646.66666666669,0.4890747275731419,0.4501575227023522,0.0,-0.0366636113657194,0.4221921515561568,-0.0474032448110214,-0.0272871708648906,-0.0051744809743169,143500.0,69500.0,-0.267595818815331,0.5122302158273382,20701684.0,2175746988400.0,13506295900.0,31910062420.0,0.0062076592416346,yfinance_download,237690.KQ
2021-08-26,105000.0,105000.0,102400.0,102600.0,99954.75,125014.0,-0.0237868696479542,-0.2850174216027874,110120.0,107958.33333333331,105922.5,0.492594994003593,0.4523103842768224,-0.0393258426966292,-0.05,0.4762589928057554,-0.0682891391209589,-0.049633346198379,-0.0313672732422289,143500.0,69500.0,-0.2850174216027874,0.4762589928057554,20701684.0,2123992778400.0,12826436400.0,31527092140.0,0.0060388323964369,yfinance_download,237690.KQ
2021-08-27,101700.0,102900.0,99800.0,101000.0,98395.9921875,185267.0,-0.0155945419103313,-0.2961672473867596,109670.0,107833.33333333331,106177.5,0.480338291668473,0.4532378316341453,-0.0818181818181817,-0.0691244239631336,0.4346590909090908,-0.0790553478617671,-0.0633693972179288,-0.0487626851263215,143500.0,69500.0,-0.2961672473867596,0.4532374100719425,20701684.0,2090870084000.0,18711967000.0,30543932990.0,0.0089493685634463,yfinance_download,237690.KQ
2021-08-30,102000.0,102100.0,99800.0,100700.0,98103.7421875,99715.0,-0.0029702970297029,-0.2982578397212543,109335.0,107693.33333333331,106426.66666666669,0.474599278403499,0.4530663474923926,-0.0623836126629422,-0.076993583868011,0.4223163841807908,-0.0789774546119723,-0.0649374767859353,-0.053808569280882,143500.0,69500.0,-0.2982578397212543,0.4489208633093524,20701684.0,2084659578800.0,10041300500.0,30420516525.0,0.0048167579024005,yfinance_download,237690.KQ
2021-08-31,100800.0,102300.0,98900.0,101700.0,99077.9609375,208390.0,0.0099304865938429,-0.2912891986062718,108960.0,107630.0,106653.33333333331,0.4714771067140149,0.4486091015804906,-0.0686813186813186,-0.0360189573459716,0.3651006711409397,-0.0666299559471366,-0.055096162779894,-0.0464433054131766,143500.0,69500.0,-0.2912891986062718,0.4633093525179856,20701684.0,2105361262800.0,21193263000.0,30877308315.0,0.0100663308356943,yfinance_download,237690.KQ
2021-09-01,102000.0,103300.0,100400.0,101700.0,99077.9609375,107179.0,0.0,-0.2912891986062718,108595.0,107565.0,106856.66666666669,0.4715888668933837,0.4486028046986235,-0.0669724770642201,-0.0369318181818182,0.315653298835705,-0.0634927943275472,-0.0545251708269418,-0.0482577908101194,143500.0,69500.0,-0.2912891986062718,0.4633093525179856,20701684.0,2105361262800.0,10900104300.0,30533309530.0,0.0051773082808142,yfinance_download,237690.KQ
2021-09-02,101800.0,109800.0,100300.0,107400.0,104630.9921875,382907.0,0.056047197640118,-0.251567944250871,108150.0,107688.33333333331,107100.0,0.4512317135447354,0.4494651810881477,-0.0765262252794497,0.074,0.3734015345268542,-0.0069348127600554,-0.0026774797641341,0.0028011204481792,143500.0,69500.0,-0.251567944250871,0.5453237410071943,20701684.0,2223360861600.0,41124211800.0,29226350905.0,0.0184964179725668,yfinance_download,237690.KQ
2021-09-03,108500.0,119000.0,107500.0,117300.0,114275.75,981439.0,0.0921787709497206,-0.1825783972125435,108045.0,107916.66666666669,107386.66666666669,0.5570168007313147,0.4814452567439753,-0.0175879396984924,0.1322393822393821,0.4149577804583835,0.0856587532972372,0.0869498069498069,0.0923143779488453,143500.0,69500.0,-0.1825783972125435,0.6877697841726618,20701684.0,2428307533200.0,115122794700.0,30437469940.0,0.0474086552572244,yfinance_download,237690.KQ
2021-09-06,118000.0,120800.0,114900.0,119000.0,115931.9296875,426284.0,0.0144927536231884,-0.1707317073170732,108120.0,108126.66666666669,107655.83333333331,0.5561758021526918,0.4794013312031108,0.0127659574468084,0.1184210526315789,0.3725490196078431,0.10062893081761,0.1005610703495898,0.1053743797750548,143500.0,69500.0,-0.1707317073170732,0.7122302158273381,20701684.0,2463500396000.0,50727796000.0,30201617615.0,0.0205917547577288,yfinance_download,237690.KQ
2021-09-07,118300.0,120900.0,117800.0,119900.0,116808.7109375,222489.0,0.007563025210084,-0.1644599303135888,108600.0,108348.33333333331,107935.0,0.5049116131186885,0.4795208324737603,0.087035358114234,0.124765478424015,0.3877314814814814,0.1040515653775322,0.1066160070144135,0.1108537545745125,143500.0,69500.0,-0.1644599303135888,0.7251798561151079,20701684.0,2482131911600.0,26676431100.0,29379520885.0,0.0107473865411142,yfinance_download,237690.KQ
2021-09-08,119300.0,119300.0,112200.0,112200.0,109307.234375,354970.0,-0.0642201834862384,-0.2181184668989547,108550.0,108501.66666666669,108157.5,0.5533587937934612,0.493198534727794,-0.008833922261484,0.0893203883495146,0.312280701754386,0.0336250575771532,0.0340854979186187,0.0373760488176964,143500.0,69500.0,-0.2181184668989547,0.6143884892086331,20701684.0,2322728944800.0,39827634000.0,29613212225.0,0.0171469142317117,yfinance_download,237690.KQ
2021-09-09,111600.0,113700.0,109300.0,112200.0,109307.234375,153418.0,0.0,-0.2181184668989547,108515.0,108590.0,108421.66666666669,0.5532623276485279,0.4874772083291488,-0.0062001771479185,0.0495790458372311,0.3937888198757764,0.0339584389254941,0.0332443134726954,0.0348485081395169,143500.0,69500.0,-0.2181184668989547,0.6143884892086331,20701684.0,2322728944800.0,17213499600.0,29349245145.0,0.0074108946885673,yfinance_download,237690.KQ
2021-09-10,111800.0,113200.0,108500.0,109200.0,106384.5859375,158262.0,-0.0267379679144385,-0.2390243902439024,108330.0,108726.66666666669,108630.0,0.56150812153112,0.4767711230257834,-0.0327723649247121,0.0811881188118812,0.2969121140142519,0.0080310163389643,0.0043534244895455,0.0052471692902513,143500.0,69500.0,-0.2390243902439024,0.5712230215827339,20701684.0,2260623892800.0,17282210400.0,29308072660.0,0.0076448853146439,yfinance_download,237690.KQ
2021-09-13,108700.0,108900.0,104200.0,105300.0,102585.140625,180803.0,-0.0357142857142857,-0.2662020905923344,108000.0,108801.66666666669,108784.16666666669,0.57438869658257,0.482870036677425,-0.0589812332439678,0.0446428571428572,0.2131336405529953,-0.025,-0.032183943260673,-0.0320282516603979,143500.0,69500.0,-0.2662020905923344,0.5151079136690648,20701684.0,2179887325200.0,19038555900.0,28882807990.0,0.0087337339319835,yfinance_download,237690.KQ
2021-09-14,105300.0,105300.0,102300.0,104200.0,101513.4921875,121113.0,-0.0104463437796771,-0.2738675958188153,107495.0,108843.33333333331,108941.66666666669,0.5679318533058375,0.4831748674376888,-0.0883639545056867,0.024582104228122,0.2215709261430245,-0.0306525884924879,-0.0426607049888217,-0.0435248221525281,143500.0,69500.0,-0.2738675958188153,0.4992805755395684,20701684.0,2157115472800.0,12619974600.0,26634069655.0,0.0058503936201518,yfinance_download,237690.KQ
2021-09-15,104200.0,105800.0,103200.0,103800.0,101123.8125,111291.0,-0.0038387715930902,-0.2766550522648083,107080.0,108858.33333333331,109101.66666666669,0.5650769600291984,0.4827251426649808,-0.0740410347903657,0.0087463556851312,0.2269503546099291,-0.0306313036981695,-0.0464671208757558,-0.0485938192206046,143500.0,69500.0,-0.2766550522648083,0.4935251798561151,20701684.0,2148834799200.0,11552005800.0,26024306745.0,0.0053759394646348,yfinance_download,237690.KQ
2021-09-16,104700.0,104700.0,102600.0,104000.0,101318.6484375,86418.0,0.0019267822736031,-0.2752613240418118,106895.0,108825.0,109270.83333333331,0.5489508804971901,0.4788010212392276,-0.0343546889507891,-0.0188679245283018,0.2425328554360812,-0.0270826511997754,-0.0443372386859637,-0.0482364156339369,143500.0,69500.0,-0.2752613240418118,0.4964028776978417,20701684.0,2152975136000.0,8987472000.0,25138749615.0,0.0041744430066655,yfinance_download,237690.KQ
2021-09-17,104000.0,105400.0,102700.0,104700.0,102000.6015625,98660.0,0.0067307692307692,-0.270383275261324,107045.0,108860.0,109442.5,0.5100605789586531,0.4742360600539646,0.0294985250737462,0.0204678362573098,0.2449464922711057,-0.0219066747629501,-0.0382142200992099,-0.0433332571898485,143500.0,69500.0,-0.270383275261324,0.5064748201438849,20701684.0,2167466314800.0,10329702000.0,24208577640.0,0.0047657958647228,yfinance_download,237690.KQ
2021-09-23,103300.0,104700.0,102100.0,102200.0,99565.0625,103780.0,-0.0238777459407831,-0.2878048780487805,106960.0,108835.0,109583.33333333331,0.5123295679179327,0.4764325211014047,-0.0163618864292589,-0.0144648023143684,0.1981242672919108,-0.0445026178010471,-0.0609638443515413,-0.0673764258555132,143500.0,69500.0,-0.2878048780487805,0.4705035971223021,20701684.0,2115712104800.0,10606316000.0,24027168050.0,0.0050131187395189,yfinance_download,237690.KQ
2021-09-24,102000.0,103500.0,101300.0,101800.0,99175.375,128057.0,-0.0039138943248532,-0.2905923344947735,106800.0,108713.33333333331,109719.16666666669,0.5108114435031919,0.4640509230780701,-0.0304761904761904,-0.0669110907424381,0.1906432748538011,-0.046816479400749,-0.06359232231557,-0.0721766935281742,143500.0,69500.0,-0.2905923344947735,0.4647482014388489,20701684.0,2107431431200.0,13036202600.0,24066208680.0,0.006185825269094,yfinance_download,237690.KQ
2021-09-27,100500.0,103400.0,100500.0,101600.0,98980.5234375,85800.0,-0.0019646365422396,-0.29198606271777,106625.0,108543.33333333331,109870.0,0.5107636694407276,0.4610047310868745,-0.033301617507136,-0.0912343470483005,0.2167664670658682,-0.0471277842907386,-0.0639683075883671,-0.0752707745517429,143500.0,69500.0,-0.29198606271777,0.4618705035971222,20701684.0,2103291094400.0,8717280000.0,23826757885.0,0.0041445903627936,yfinance_download,237690.KQ
2021-09-28,101700.0,101800.0,98600.0,99200.0,96642.4140625,203014.0,-0.0236220472440944,-0.3087108013937282,106455.0,108320.0,110013.33333333331,0.5106673656640424,0.4629388061796867,-0.0331384015594542,-0.1190053285968028,0.2097560975609755,-0.0681508618665164,-0.0841949778434268,-0.0982911162283359,143500.0,69500.0,-0.3087108013937282,0.4273381294964029,20701684.0,2053607052800.0,20138988800.0,24192385505.0,0.0098066418171584,yfinance_download,237690.KQ
2021-09-29,96100.0,97500.0,92100.0,93300.0,90894.515625,281137.0,-0.0594758064516128,-0.3498257839721254,106070.0,107970.0,110125.83333333331,0.5493603989682183,0.4764170700796984,-0.0762376237623762,-0.1837270341207348,0.169172932330827,-0.1203921938342603,-0.1358710752986941,-0.1527873417529947,143500.0,69500.0,-0.3498257839721254,0.3424460431654677,20701684.0,1931467117200.0,26230082100.0,24568291260.0,0.0135803927835049,yfinance_download,237690.KQ
2021-09-30,93100.0,95700.0,89200.0,94900.0,92453.2578125,190584.0,0.0171489817792067,-0.3386759581881533,105780.0,107556.66666666669,110245.83333333331,0.554187810239606,0.4667727544376369,-0.0575968222442899,-0.2071846282372598,0.1788819875776397,-0.1028549820381924,-0.1176744041900393,-0.1391964926867984,143500.0,69500.0,-0.3386759581881533,0.3654676258992806,20701684.0,1964589811600.0,18086421600.0,24970547315.0,0.0092062075722921,yfinance_download,237690.KQ
2021-10-01,94100.0,94200.0,90700.0,91500.0,89140.9296875,124953.0,-0.035827186512118,-0.3623693379790941,105270.0,107085.0,110259.16666666669,0.564403758554459,0.471364026072041,-0.1002949852507374,-0.2362270450751252,0.0177975528364848,-0.1308064975776575,-0.145538590839053,-0.1701370256441263,143500.0,69500.0,-0.3623693379790941,0.3165467625899281,20701684.0,1894204086000.0,11433199500.0,24482544140.0,0.0060358857762489,yfinance_download,237690.KQ
2021-10-05,87500.0,89300.0,85200.0,85300.0,83100.78125,203030.0,-0.06775956284153,-0.4055749128919861,104450.0,106645.0,110187.5,0.606626138957657,0.4714487112250456,-0.1612586037364798,-0.2363473589973141,-0.0915867944621938,-0.18334131163236,-0.2001500304749401,-0.2258650028360749,143500.0,69500.0,-0.4055749128919861,0.2273381294964029,20701684.0,1765853645200.0,17318459000.0,24803461875.0,0.0098074147011421,yfinance_download,237690.KQ
2021-10-06,85300.0,88100.0,82100.0,85200.0,83003.3671875,165875.0,-0.0011723329425556,-0.4062717770034842,103340.0,106221.66666666669,110012.5,0.5585130734510666,0.4713283235719082,-0.2067039106145251,-0.2296564195298372,-0.1977401129943502,-0.1755370621250241,-0.1979037547267507,-0.2255425519827292,143500.0,69500.0,-0.4062717770034842,0.2258992805755395,20701684.0,1763783476800.0,14132550000.0,23453878785.0,0.0080126331751561,yfinance_download,237690.KQ
2021-10-07,85300.0,88800.0,85300.0,88700.0,86413.1171875,101884.0,0.0410798122065727,-0.3818815331010453,101910.0,105896.66666666669,109879.16666666669,0.4528586707204154,0.4787079715801586,-0.2438192668371697,-0.1802218114602587,-0.1528175740210123,-0.1296241781964479,-0.1623910101041896,-0.1927496113154602,143500.0,69500.0,-0.3818815331010453,0.2762589928057555,20701684.0,1836239370800.0,9037110800.0,18149594590.0,0.004921531987446,yfinance_download,237690.KQ
2021-10-08,88700.0,89400.0,82800.0,85600.0,83393.046875,172639.0,-0.0349492671927846,-0.4034843205574913,100240.0,105526.66666666669,109710.83333333331,0.4463107552262981,0.4832048726934734,-0.280672268907563,-0.2059369202226345,-0.1909262759924386,-0.1460494812450119,-0.188830627329585,-0.2197671150676399,143500.0,69500.0,-0.4034843205574913,0.2316546762589928,20701684.0,1772064150400.0,14777898400.0,16352099710.0,0.0083393698792813,yfinance_download,237690.KQ
2021-10-12,85000.0,85400.0,82500.0,83400.0,81249.7734375,71260.0,-0.0257009345794392,-0.418815331010453,98415.0,105163.33333333331,109478.33333333331,0.4386168766137803,0.4835056885156227,-0.3044203502919099,-0.2072243346007605,-0.2506738544474394,-0.1525682060661484,-0.2069479222796284,-0.2382054287758612,143500.0,69500.0,-0.418815331010453,0.1999999999999999,20701684.0,1726520445600.0,5943084000.0,15315432355.0,0.0034422320425719,yfinance_download,237690.KQ
2021-10-13,82300.0,85500.0,82300.0,83400.0,81249.7734375,92728.0,0.0,-0.418815331010453,96975.0,104795.0,109079.16666666669,0.4061526156016581,0.4833833233380155,-0.2566844919786096,-0.209478672985782,-0.3648134044173647,-0.139984532095901,-0.204160503840832,-0.2354177012108942,143500.0,69500.0,-0.418815331010453,0.1999999999999999,20701684.0,1726520445600.0,7733515200.0,13710726415.0,0.0044792491277521,yfinance_download,237690.KQ
2021-10-14,83700.0,88400.0,83600.0,88300.0,86023.4296875,95743.0,0.0587529976019185,-0.3846689895470383,95780.0,104528.33333333331,108705.83333333331,0.4805261683743588,0.4995699053445263,-0.21301247771836,-0.1534036433365292,-0.3365890308039068,-0.0780956358321153,-0.1552529617169188,-0.1877160839268055,143500.0,69500.0,-0.3846689895470383,0.2705035971223022,20701684.0,1827958697200.0,8454106900.0,13272756780.0,0.0046248894534377,yfinance_download,237690.KQ
2021-10-15,89100.0,90000.0,86500.0,87000.0,84756.9453125,72149.0,-0.014722536806342,-0.3937282229965156,94670.0,104228.33333333331,108274.16666666669,0.4773442871357193,0.4998522254451431,-0.2032967032967033,-0.1714285714285713,-0.3731988472622478,-0.0810182740044365,-0.1652941458656475,-0.1964842336968653,143500.0,69500.0,-0.3937282229965156,0.2517985611510791,20701684.0,1801046508000.0,6276963000.0,12722494410.0,0.0034851754089184,yfinance_download,237690.KQ
2021-10-18,87100.0,87100.0,82800.0,83600.0,81444.609375,128302.0,-0.0390804597701149,-0.4174216027874564,93585.0,103820.0,107876.66666666669,0.4798114031031396,0.5007679182917631,-0.2060778727445393,-0.2266419981498612,-0.3632901751713633,-0.1066944488967248,-0.194760161818532,-0.2250409418162716,143500.0,69500.0,-0.4174216027874564,0.2028776978417266,20701684.0,1730660782400.0,10726047200.0,12306868975.0,0.006197660055095,yfinance_download,237690.KQ
2021-10-19,84100.0,87300.0,83500.0,87000.0,84756.9453125,101855.0,0.0406698564593301,-0.3937282229965156,92725.0,103500.0,107509.16666666669,0.5137510025198626,0.5080907972058828,-0.1650671785028791,-0.1807909604519774,-0.3363844393592677,-0.0617417093556215,-0.1594202898550725,-0.190766678810334,143500.0,69500.0,-0.3937282229965156,0.2517985611510791,20701684.0,1801046508000.0,8861385000.0,12118939495.0,0.0049201311352255,yfinance_download,237690.KQ
2021-10-20,86300.0,87200.0,85400.0,86400.0,84172.4140625,50671.0,-0.0068965517241379,-0.3979094076655052,91855.0,103153.33333333331,107065.0,0.5134992322001658,0.5075129363032631,-0.1676300578034681,-0.1940298507462686,-0.3815318539727989,-0.0593870774590387,-0.1624119433852516,-0.1930135898753093,143500.0,69500.0,-0.3979094076655052,0.2431654676258992,20701684.0,1788625497600.0,4377974400.0,11760237925.0,0.0024476752712484,yfinance_download,237690.KQ
2021-10-21,86200.0,87600.0,84100.0,84100.0,81931.71875,63795.0,-0.0266203703703703,-0.4139372822299652,90860.0,102770.0,106570.0,0.5157068326328115,0.5097724080716509,-0.1913461538461538,-0.2147525676937441,-0.4139372822299652,-0.0744001760950913,-0.1816678018877103,-0.2108473303931688,143500.0,69500.0,-0.4139372822299652,0.2100719424460431,20701684.0,1741011624400.0,5365159500.0,11579122300.0,0.0030816333589093,yfinance_download,237690.KQ
2021-10-22,84400.0,85800.0,83700.0,85000.0,82808.515625,41078.0,0.0107015457788346,-0.4076655052264808,89875.0,102448.33333333331,106247.5,0.5176106452030225,0.508377471621723,-0.1881566380133715,-0.1850431447746884,-0.3128536782538399,-0.0542420027816411,-0.170313491353365,-0.1999811760276713,143500.0,69500.0,-0.4076655052264808,0.2230215827338129,20701684.0,1759643140000.0,3491630000.0,11237218700.0,0.0019842830177487,yfinance_download,237690.KQ
2021-10-25,84300.0,85600.0,83700.0,85000.0,82808.515625,46229.0,0.0,-0.4076655052264808,89015.0,102081.66666666669,105921.66666666669,0.5159718041768773,0.5048722920132194,-0.1682974559686888,-0.205607476635514,-0.3150684931506849,-0.0451047576251193,-0.1673333442178648,-0.1975201800072381,143500.0,69500.0,-0.4076655052264808,0.2230215827338129,20701684.0,1759643140000.0,3929465000.0,10903376150.0,0.0022331033552632,yfinance_download,237690.KQ
2021-10-26,85200.0,87500.0,85200.0,86500.0,84269.84375,49385.0,0.0176470588235293,-0.3972125435540069,88250.0,101793.33333333331,105710.83333333331,0.5242166867616396,0.5035861612493199,-0.150294695481336,-0.1666666666666666,-0.2262969588550983,-0.0198300283286119,-0.1502390464339511,-0.1817300339763348,143500.0,69500.0,-0.3972125435540069,0.2446043165467626,20701684.0,1790695666000.0,4271802500.0,10465156145.0,0.0023855547210555,yfinance_download,237690.KQ
2021-10-27,86600.0,86700.0,83700.0,85000.0,82808.515625,80554.0,-0.0173410404624277,-0.4076655052264808,87420.0,101458.33333333331,105468.33333333331,0.5248694175936004,0.5034896463565601,-0.1633858267716536,-0.1912464319695528,-0.2550394390885189,-0.0276824525280255,-0.1622176591375769,-0.194070890156603,143500.0,69500.0,-0.4076655052264808,0.2230215827338129,20701684.0,1759643140000.0,6847090000.0,10371646645.0,0.0038911810266256,yfinance_download,237690.KQ
2021-10-28,85000.0,89400.0,84200.0,87200.0,84951.796875,170799.0,0.0258823529411764,-0.3923344947735191,86820.0,101131.66666666669,105236.66666666669,0.5350913759057201,0.5054610111144325,-0.1209677419354838,-0.1835205992509363,-0.2417391304347825,0.004376871688551,-0.1377577085977027,-0.1713914668524913,143500.0,69500.0,-0.3923344947735191,0.2546762589928057,20701684.0,1805186844800.0,14893672800.0,10109380845.0,0.0082504882211514,yfinance_download,237690.KQ
2021-10-29,87200.0,89800.0,86700.0,87500.0,85244.0546875,121456.0,0.0034403669724769,-0.3902439024390244,86530.0,100756.66666666669,105028.33333333331,0.4967460129090278,0.5010041105382601,-0.0621650589496248,-0.2045454545454545,-0.2222222222222222,0.0112099849763087,-0.1315711119198068,-0.1668914737293111,143500.0,69500.0,-0.3902439024390244,0.2589928057553956,20701684.0,1811397350000.0,10627400000.0,9329246740.0,0.0058669623205532,yfinance_download,237690.KQ
2021-11-01,87600.0,94400.0,87600.0,92200.0,89822.875,173239.0,0.0537142857142856,-0.3574912891986063,86395.0,100503.33333333331,104871.66666666669,0.5318756330852827,0.5125515616767383,-0.0284510010537407,-0.1415270018621973,-0.1693693693693694,0.0671913883905319,-0.0826174919571489,-0.12083022106384,143500.0,69500.0,-0.3574912891986063,0.3266187050359712,20701684.0,1908695264800.0,15972635800.0,9223557450.0,0.0083683530286714,yfinance_download,237690.KQ
2021-11-02,92300.0,93000.0,90200.0,91000.0,88653.8125,87475.0,-0.0130151843817787,-0.3658536585365853,86370.0,100200.0,104699.16666666669,0.5179951680734921,0.5115208672382204,-0.0054644808743169,-0.1666666666666666,-0.1853178155774395,0.0536065763575315,-0.091816367265469,-0.1308431299198498,143500.0,69500.0,-0.3658536585365853,0.3093525179856116,20701684.0,1883853244000.0,7960225000.0,9049908725.0,0.0042255016548412,yfinance_download,237690.KQ
2021-11-03,91600.0,95700.0,91600.0,94100.0,91673.8984375,128259.0,0.0340659340659341,-0.3442508710801394,86810.0,99951.66666666669,104420.0,0.4640189765359784,0.5169900296696954,0.1031652989449003,-0.136697247706422,-0.262539184952978,0.0839765004031793,-0.0585449633989761,-0.0988316414479985,143500.0,69500.0,-0.3442508710801394,0.353956834532374,20701684.0,1948028464400.0,12069171900.0,8787444370.0,0.0061955829293887,yfinance_download,237690.KQ
2021-11-04,95200.0,97700.0,92400.0,93200.0,90797.1015625,139302.0,-0.0095642933049946,-0.3505226480836236,87210.0,99566.66666666669,104162.5,0.4665263417627718,0.4968245814968275,0.0938967136150235,-0.1986242476354256,-0.2489927477840451,0.0686847838550626,-0.0639437562772012,-0.1052442097683907,143500.0,69500.0,-0.3505226480836236,0.3410071942446042,20701684.0,1929396948800.0,12982946400.0,8729964190.0,0.0067290177939147,yfinance_download,237690.KQ
2021-11-05,93200.0,93200.0,88000.0,89600.0,87289.9140625,165185.0,-0.03862660944206,-0.375609756097561,87255.0,99070.0,103920.83333333331,0.4703266550056035,0.498079414358758,0.0101465614430664,-0.2495812395309883,-0.2445193929173693,0.0268752507019656,-0.0955889774906632,-0.137805220319955,143500.0,69500.0,-0.375609756097561,0.289208633093525,20701684.0,1854870886400.0,14800576000.0,9018137450.0,0.0079793025533574,yfinance_download,237690.KQ
2021-11-08,87000.0,88100.0,84700.0,88000.0,85731.171875,116614.0,-0.0178571428571429,-0.3867595818815331,87375.0,98578.33333333331,103704.16666666669,0.456756281540487,0.4982890737330356,0.0280373831775699,-0.251063829787234,-0.2280701754385965,0.0071530758226037,-0.1073089083131857,-0.1514323596769657,143500.0,69500.0,-0.3867595818815331,0.2661870503597121,20701684.0,1821748192000.0,10262032000.0,8792344130.0,0.0056330683049746,yfinance_download,237690.KQ
2021-11-09,87700.0,89300.0,85900.0,86500.0,84269.84375,66480.0,-0.0170454545454545,-0.3972125435540069,87530.0,98181.66666666669,103450.83333333331,0.4508463395970679,0.4847573930060755,0.0371702637889688,-0.2157751586582048,-0.2600513259195893,-0.0117673940363304,-0.1189801218829041,-0.1638540047204387,143500.0,69500.0,-0.3972125435540069,0.2446043165467626,20701684.0,1790695666000.0,5750520000.0,8782715930.0,0.0032113329524303,yfinance_download,237690.KQ
2021-11-10,86500.0,88600.0,84800.0,85600.0,83393.046875,74205.0,-0.0104046242774566,-0.4034843205574913,87640.0,97721.66666666669,103230.0,0.4530287934471113,0.4809153027473584,0.026378896882494,-0.2438162544169611,-0.2363960749330954,-0.0232770424463715,-0.1240427745467569,-0.1707836869127191,143500.0,69500.0,-0.4034843205574913,0.2316546762589928,20701684.0,1772064150400.0,6351948000.0,8713637570.0,0.0035844910008287,yfinance_download,237690.KQ
2021-11-11,85100.0,86600.0,84000.0,85000.0,82808.515625,74680.0,-0.0070093457943924,-0.4076655052264808,87475.0,97256.66666666669,102925.83333333331,0.4002185150708744,0.4809383607192879,-0.0373725934314835,-0.2471213463241807,-0.3004115226337448,-0.0282937982280652,-0.126023922953011,-0.1741626251912784,143500.0,69500.0,-0.4076655052264808,0.2230215827338129,20701684.0,1759643140000.0,6347800000.0,8608322225.0,0.0036074359940959,yfinance_download,237690.KQ
2021-11-12,85000.0,86900.0,84200.0,86500.0,84269.84375,53878.0,0.0176470588235293,-0.3972125435540069,87450.0,96816.66666666669,102681.66666666669,0.4026314426166855,0.4829631798926469,-0.0057471264367816,-0.2338352524357838,-0.2530224525043177,-0.0108633504859919,-0.1065587880874505,-0.1575906117612686,143500.0,69500.0,-0.3972125435540069,0.2446043165467626,20701684.0,1790695666000.0,4660447000.0,8527496425.0,0.0026025902047388,yfinance_download,237690.KQ
2021-11-15,86500.0,89000.0,86000.0,88700.0,86413.1171875,68033.0,0.0254335260115607,-0.3818815331010453,87705.0,96430.0,102459.16666666669,0.3842506392314479,0.4865822643907775,0.0610047846889951,-0.2073279714030383,-0.231369150779896,0.0113448492104213,-0.0801617753811054,-0.1342892697090711,143500.0,69500.0,-0.3818815331010453,0.2762589928057555,20701684.0,1836239370800.0,6034527100.0,8292920420.0,0.0032863510041018,yfinance_download,237690.KQ
2021-11-16,88600.0,88600.0,86800.0,87000.0,84756.9453125,59443.0,-0.0191657271702367,-0.3937282229965156,87705.0,95975.0,102334.16666666669,0.3651748433063575,0.484837871980214,0.0,-0.2388451443569553,-0.1470588235294118,-0.0080383102445699,-0.0935139359208127,-0.1498440566444898,143500.0,69500.0,-0.3937282229965156,0.2517985611510791,20701684.0,1801046508000.0,5171541000.0,8108428220.0,0.0028714089153326,yfinance_download,237690.KQ
2021-11-17,87200.0,87200.0,84100.0,86000.0,83782.734375,81477.0,-0.0114942528735632,-0.4006968641114983,87685.0,95540.0,102115.83333333331,0.3667294957463845,0.4840617515755971,-0.0046296296296296,-0.2328278322925958,-0.2335115864527629,-0.0192165136568398,-0.0998534645174795,-0.1578191432931556,143500.0,69500.0,-0.4006968641114983,0.2374100719424461,20701684.0,1780344824000.0,7007022000.0,8239880600.0,0.0039357667714375,yfinance_download,237690.KQ
2021-11-18,86000.0,86100.0,83700.0,84700.0,82516.25,91502.0,-0.0151162790697674,-0.4097560975609756,87715.0,95156.66666666669,101892.5,0.3578108920223805,0.4790458321983371,0.0071343638525565,-0.21355617455896,-0.2403587443946188,-0.0343726842615288,-0.1098889550565733,-0.168731751600952,143500.0,69500.0,-0.4097560975609756,0.218705035971223,20701684.0,1753432634800.0,7750219400.0,8359133595.0,0.0044200268924982,yfinance_download,237690.KQ
2021-11-19,85200.0,91600.0,84200.0,90900.0,88556.3984375,153866.0,0.0731995277449824,-0.3665505226480836,88010.0,94976.66666666669,101687.5,0.4404542005396731,0.491773370500025,0.0694117647058822,-0.1061946902654867,-0.2129870129870129,0.0328371775934552,-0.0429228231495455,-0.1060848186846957,143500.0,69500.0,-0.3665505226480836,0.3079136690647481,20701684.0,1881783075600.0,13986419400.0,8883873065.0,0.007432535440112,yfinance_download,237690.KQ
2021-11-22,90500.0,94200.0,90000.0,93900.0,91479.0625,112832.0,0.0330033003300329,-0.3456445993031358,88455.0,94810.0,101536.66666666669,0.45218113862482,0.4945922969628593,0.1047058823529412,-0.0962463907603464,-0.1616071428571428,0.0615567237578429,-0.0095981436557325,-0.0752109254456518,143500.0,69500.0,-0.3456445993031358,0.3510791366906474,20701684.0,1943888127600.0,10594924800.0,9217146055.0,0.0054503778533186,yfinance_download,237690.KQ
2021-11-23,92000.0,93100.0,88000.0,90100.0,87777.0234375,99789.0,-0.040468583599574,-0.3721254355400697,88635.0,94561.66666666669,101338.33333333331,0.4775946298860125,0.5004232870128648,0.0416184971098265,-0.1419047619047618,-0.208955223880597,0.0165284594121961,-0.0471826145196256,-0.1108991332664506,143500.0,69500.0,-0.3721254355400697,0.2964028776978418,20701684.0,1865221728400.0,8990988900.0,9453105375.0,0.0048203324908253,yfinance_download,237690.KQ
2021-11-24,90400.0,99100.0,89000.0,99100.0,96544.9921875,429312.0,0.099889012208657,-0.3094076655052264,89340.0,94461.66666666669,101255.0,0.5828121125203004,0.5422947720239514,0.1658823529411763,-0.0570884871550904,-0.0916590284142988,0.1092455786881576,0.0491028106639377,-0.0212828996098958,143500.0,69500.0,-0.3094076655052264,0.4258992805755395,20701684.0,2051536884400.0,42544819200.0,11237991835.0,0.0207380230516512,yfinance_download,237690.KQ
2021-11-25,101300.0,118600.0,101300.0,115700.0,112717.0078125,1201265.0,0.1675075681130171,-0.1937282229965157,90765.0,94680.0,101319.16666666669,0.8113907193285267,0.639986878907275,0.326834862385321,0.1276803118908382,0.0712962962962961,0.2747204318845371,0.2220109843683988,0.1419359614419779,143500.0,69500.0,-0.1937282229965157,0.6647482014388488,20701684.0,2395184838800.0,138986360500.0,17442626220.0,0.0580274049202953,yfinance_download,237690.KQ
2021-11-26,114600.0,117900.0,112100.0,114900.0,111937.625,369011.0,-0.0069144338807259,-0.1993031358885018,92135.0,94911.66666666669,101372.5,0.8142436563494304,0.6391694993234811,0.3131428571428571,0.1376237623762375,0.0589861751152074,0.2470830846041134,0.2105993292008359,0.1334434881254778,143500.0,69500.0,-0.1993031358885018,0.6532374100719425,20701684.0,2378623491600.0,42399363900.0,19031224415.0,0.0178251682326906,yfinance_download,237690.KQ
2021-11-29,116000.0,118300.0,114000.0,115500.0,112522.15625,301385.0,0.0052219321148825,-0.1951219512195121,93300.0,95158.33333333331,101425.83333333331,0.8016730941473553,0.6390676077115929,0.2527114967462038,0.1469712015888777,0.0586617781851512,0.2379421221864952,0.2137665294684299,0.1387631356245533,143500.0,69500.0,-0.1951219512195121,0.6618705035971224,20701684.0,2391044502000.0,34809967500.0,19973091000.0,0.014558477464925,yfinance_download,237690.KQ
2021-11-30,117800.0,127000.0,114500.0,125400.0,122166.9140625,780819.0,0.0857142857142856,-0.1261324041811846,95020.0,95553.33333333331,101591.66666666669,0.8359242790383886,0.6610443777405087,0.378021978021978,0.2330383480825959,0.1886255924170616,0.3197221637549989,0.3123561013046816,0.2343532113854483,143500.0,69500.0,-0.1261324041811846,0.8043165467625899,20701684.0,2595991173600.0,97914702600.0,24470814880.0,0.0377176562061327,yfinance_download,237690.KQ
2021-12-01,125500.0,128900.0,121300.0,126600.0,123335.9765625,402066.0,0.0095693779904306,-0.1177700348432055,96645.0,95968.33333333331,101766.66666666669,0.8339672320458795,0.6610682868998051,0.3453772582359191,0.2448377581120944,0.1988636363636364,0.3099487816234674,0.3191851478786405,0.2440222731739272,143500.0,69500.0,-0.1177700348432055,0.8215827338129496,20701684.0,2620833194400.0,50901555600.0,26412434065.0,0.0194218982378438,yfinance_download,237690.KQ
2021-12-02,126600.0,140000.0,117000.0,122000.0,118854.578125,1152012.0,-0.0363349131121643,-0.1498257839721254,98085.0,96211.66666666669,101950.0,0.8501824186727264,0.6573882468858668,0.3090128755364807,0.1359404096834264,0.2199999999999999,0.2438191364632715,0.268037486791276,0.1966650318783718,143500.0,69500.0,-0.1498257839721254,0.7553956834532374,20701684.0,2525605448000.0,140545464000.0,32790559945.0,0.0556482264921056,yfinance_download,237690.KQ
2021-12-03,125300.0,129700.0,117800.0,128000.0,124699.8828125,458998.0,0.0491803278688525,-0.1080139372822299,100005.0,96390.0,102153.33333333331,0.833923721723458,0.6380796526422728,0.4285714285714286,0.0912190963341859,0.2355212355212355,0.2799360031998399,0.3279385828405436,0.2530183384454743,143500.0,69500.0,-0.1080139372822299,0.8417266187050361,20701684.0,2649815552000.0,58751744000.0,34988118345.0,0.0221720126729786,yfinance_download,237690.KQ
2021-12-06,127300.0,131900.0,125400.0,131700.0,128304.4765625,254567.0,0.0289062499999999,-0.0822299651567943,102190.0,96601.66666666669,102364.16666666669,0.822788117268759,0.6399446110005401,0.4965909090909091,0.1067226890756303,0.2377819548872179,0.2887758097661219,0.363330515346526,0.2865830327995635,143500.0,69500.0,-0.0822299651567943,0.8949640287769784,20701684.0,2726411782800.0,33526473900.0,36151340440.0,0.0122969223180104,yfinance_download,237690.KQ
2021-12-07,130000.0,130400.0,121200.0,124500.0,121290.109375,376531.0,-0.0546697038724373,-0.132404181184669,104090.0,96678.33333333331,102513.33333333331,0.8563597776556897,0.6504485784424573,0.4393063583815029,0.0383653044203502,0.1679174484052532,0.1960803151119223,0.2877756132880515,0.2144761657020226,143500.0,69500.0,-0.132404181184669,0.7913669064748201,20701684.0,2577359658000.0,46878109500.0,38207719915.0,0.0181884237050473,yfinance_download,237690.KQ
2021-12-08,123000.0,128800.0,122800.0,128000.0,124699.8828125,211665.0,0.0281124497991966,-0.1080139372822299,106210.0,96941.66666666669,102721.66666666669,0.8492951348495007,0.6380542113818964,0.4953271028037382,0.1408199643493761,0.2427184466019416,0.2051595894925149,0.3203816728273017,0.2460857008420813,143500.0,69500.0,-0.1080139372822299,0.8417266187050361,20701684.0,2649815552000.0,27093120000.0,39244778515.0,0.0102245305261156,yfinance_download,237690.KQ
2021-12-09,128000.0,137700.0,126900.0,130600.0,127232.8359375,415149.0,0.0203124999999999,-0.0898954703832752,108490.0,97248.33333333331,102919.16666666669,0.8425946189028205,0.6390085341632323,0.536470588235294,0.1639928698752228,0.2217025257249765,0.2037975850308784,0.3429536067456169,0.2689570293839016,143500.0,69500.0,-0.0898954703832752,0.879136690647482,20701684.0,2703639930400.0,54218459400.0,41638311485.0,0.0200538758102963,yfinance_download,237690.KQ
2021-12-10,130600.0,133000.0,128500.0,128700.0,125381.8203125,131778.0,-0.0145482388973966,-0.1031358885017421,110600.0,97573.33333333331,103150.0,0.852981630218263,0.6370462797653709,0.4878612716763006,0.1785714285714286,0.2742574257425743,0.1636528028933093,0.3190079256627494,0.247697527872031,143500.0,69500.0,-0.1031358885017421,0.8517985611510792,20701684.0,2664306730800.0,16959828600.0,42253280565.0,0.006365569100562,yfinance_download,237690.KQ
2021-12-13,129600.0,133200.0,126500.0,126500.0,123238.5546875,134247.0,-0.0170940170940171,-0.1184668989547038,112490.0,97926.66666666669,103364.16666666669,0.8635845984126921,0.6332818450108366,0.4261555806087937,0.201329534662868,0.2549603174603174,0.1245444039470176,0.2917829668459391,0.223828373791691,143500.0,69500.0,-0.1184668989547038,0.8201438848920863,20701684.0,2618763026000.0,16982245500.0,42800666485.0,0.0064848347603025,yfinance_download,237690.KQ
2021-12-14,127800.0,130800.0,126500.0,128900.0,125576.671875,135279.0,0.0189723320158101,-0.1017421602787456,114585.0,98338.33333333331,103590.83333333331,0.8516167310362517,0.6333220252371661,0.4816091954022987,0.2370441458733205,0.2674532940019665,0.1249290919404808,0.3107808077555378,0.2443185931831162,143500.0,69500.0,-0.1017421602787456,0.8546762589928059,20701684.0,2668447067600.0,17437463100.0,43413962590.0,0.0065346857772536,yfinance_download,237690.KQ
2021-12-15,127900.0,135400.0,127800.0,131900.0,128499.328125,252438.0,0.0232738557020946,-0.0808362369337979,116880.0,98806.66666666669,103832.5,0.8428391151156078,0.6342695715622761,0.5337209302325581,0.270712909441233,0.281827016520894,0.128507871321013,0.3349301666554212,0.2703151710687888,143500.0,69500.0,-0.0808362369337979,0.8978417266187051,20701684.0,2730552119600.0,33296572200.0,44728440100.0,0.0121940804429243,yfinance_download,237690.KQ
2021-12-16,133400.0,138700.0,129900.0,135700.0,132201.34375,286754.0,0.0288097043214556,-0.054355400696864,119430.0,99335.0,104080.0,0.8309088563466595,0.6361471002727881,0.6021251475796929,0.3048076923076923,0.280188679245283,0.1362304278656954,0.3660844616701062,0.30380476556495,143500.0,69500.0,-0.054355400696864,0.9525179856115108,20701684.0,2809218518800.0,38912517800.0,46286555020.0,0.0138517233670458,yfinance_download,237690.KQ
2021-12-17,134200.0,138300.0,131000.0,134500.0,131032.2890625,248016.0,-0.0088430361090641,-0.0627177700348432,121610.0,99831.66666666669,104345.83333333331,0.8188422509708656,0.6367879602351316,0.4796479647964797,0.2846227316141356,0.3109161793372319,0.1059945728147355,0.3472679009666271,0.2889829493271574,143500.0,69500.0,-0.0627177700348432,0.935251798561151,20701684.0,2784376498000.0,33358152000.0,47255141650.0,0.0119804746319188,yfinance_download,237690.KQ
2021-12-20,136000.0,143200.0,134800.0,141000.0,137364.703125,421891.0,0.0483271375464684,-0.0174216027874564,123965.0,100478.33333333331,104656.66666666669,0.8236192415212029,0.6400134997308201,0.5015974440894568,0.3796477495107633,0.3596914175506267,0.1374178195458395,0.4032876076102643,0.347262477306749,143500.0,69500.0,-0.0174216027874564,1.028776978417266,20701684.0,2918937444000.0,59486631000.0,49699726960.0,0.0203795497989438,yfinance_download,237690.KQ
2021-12-21,141500.0,142100.0,131100.0,137000.0,133467.84375,292767.0,-0.0283687943262411,-0.0452961672473867,126310.0,101065.0,104889.16666666669,0.8125421384519155,0.6436080413918818,0.5205327413984462,0.3457760314341846,0.2557286892758936,0.0846330456812602,0.3555632513728788,0.3061406087377947,143500.0,69500.0,-0.0452961672473867,0.9712230215827338,20701684.0,2836130708000.0,40109079000.0,51255631465.0,0.0141421828291843,yfinance_download,237690.KQ
2021-12-22,137000.0,138200.0,130900.0,136100.0,132591.046875,240044.0,-0.0065693430656934,-0.051567944250871,128160.0,101640.0,105091.66666666669,0.7642398377474239,0.6439126491974481,0.3733602421796165,0.3395669291338583,0.2173524150268335,0.0619538077403245,0.3390397481306573,0.2950598683688843,143500.0,69500.0,-0.051567944250871,0.958273381294964,20701684.0,2817499192400.0,32669988400.0,50761889925.0,0.0115953851870215,yfinance_download,237690.KQ
2021-12-23,139000.0,140400.0,135100.0,139200.0,135611.125,230224.0,0.0227773695811903,-0.0299651567944251,129335.0,102306.66666666669,105313.33333333331,0.5198832729095775,0.6419169906444315,0.2031114952463266,0.403225806451613,0.236234458259325,0.0762747902733211,0.3606151440114686,0.3217699563208205,143500.0,69500.0,-0.0299651567944251,1.0028776978417264,20701684.0,2881674412800.0,32047180800.0,45414930940.0,0.0111210276420024,yfinance_download,237690.KQ
2021-12-24,139900.0,147900.0,136700.0,137900.0,134344.625,530286.0,-0.0093390804597701,-0.0390243902439024,130485.0,103050.0,105510.0,0.520986739280786,0.6280005967494614,0.2001740644038294,0.4780278670953912,0.2064741907261591,0.0568264551481012,0.3381853469189713,0.3069851198938489,143500.0,69500.0,-0.0390243902439024,0.9841726618705036,20701684.0,2854762223600.0,73126439400.0,46951284715.0,0.0256155972625222,yfinance_download,237690.KQ
2021-12-27,137500.0,140300.0,136300.0,137900.0,134344.625,183023.0,0.0,-0.0390243902439024,131605.0,103766.66666666669,105661.66666666669,0.5219070595212346,0.6278322268703982,0.1939393939393938,0.4531085353003161,0.1520467836257311,0.0478325291592265,0.3289431416639896,0.3051090745618876,143500.0,69500.0,-0.0390243902439024,0.9841726618705036,20701684.0,2854762223600.0,25238871700.0,46472729925.0,0.0088409715847271,yfinance_download,237690.KQ
2021-12-28,137900.0,144500.0,135900.0,144500.0,140774.46875,481813.0,0.0478607686729513,0.0,132560.0,104650.0,105867.5,0.4624095261331369,0.6268813917195382,0.1523125996810208,0.5792349726775956,0.2061769616026711,0.0900724200362099,0.3807931199235548,0.3649136892814131,144500.0,69500.0,0.0,1.079136690647482,20701684.0,2991393338000.0,69621978500.0,45058093720.0,0.0232740969285397,yfinance_download,237690.KQ
2021-12-29,147800.0,150800.0,140800.0,142700.0,139503.609375,382147.0,-0.0124567474048442,-0.0124567474048442,133365.0,105606.66666666669,106125.83333333331,0.4676923859139999,0.6081566413489106,0.1271721958925751,0.6729191090269637,0.2775290957923009,0.0699958759794547,0.3512404519916672,0.3446301952870414,144500.0,69500.0,-0.0124567474048442,1.0532374100719424,20701684.0,2954130306800.0,54532376900.0,45239634785.0,0.0184597059833393,yfinance_download,237690.KQ
2021-12-30,142000.0,142600.0,138500.0,139200.0,136082.0,158839.0,-0.0245269796776453,-0.0366782006920415,134225.0,106506.66666666669,106364.16666666669,0.4550853153779928,0.6117479558049629,0.140983606557377,0.6338028169014085,0.2585895117540686,0.0370646302849693,0.3069604406609914,0.3087114238034425,144500.0,69500.0,-0.0366782006920415,1.0028776978417264,20701684.0,2881674412800.0,22110388800.0,39317881025.0,0.0076727574433075,yfinance_download,237690.KQ
2022-01-04,137200.0,137800.0,129200.0,130200.0,127283.5859375,337448.0,-0.0646551724137931,-0.0989619377162629,134335.0,107198.33333333331,106547.5,0.4929790904936821,0.6262103226996528,0.0171874999999999,0.467869222096956,0.2033271719038816,-0.0307812558156846,0.2145711220634649,0.2219901921678124,144500.0,69500.0,-0.0989619377162629,0.8733812949640287,20701684.0,2695359256800.0,43935729600.0,38577080305.0,0.0163005096590209,yfinance_download,237690.KQ
2022-01-05,130200.0,131800.0,125500.0,130800.0,127870.15625,220249.0,0.0046082949308756,-0.0948096885813148,134290.0,107951.66666666669,106739.16666666669,0.4823724377775565,0.6200680998870227,-0.0068337129840546,0.52803738317757,0.2133580705009277,-0.0259885322808846,0.2116533633879358,0.225417099315309,144500.0,69500.0,-0.0948096885813148,0.8820143884892087,20701684.0,2707780267200.0,28808569200.0,38341185070.0,0.0106391827833909,yfinance_download,237690.KQ
2022-01-06,125700.0,129200.0,122900.0,123600.0,120831.4296875,221972.0,-0.055045871559633,-0.144636678200692,134245.0,108621.66666666669,106892.5,0.4829404251101731,0.6296841851179633,-0.0072289156626506,0.4820143884892085,0.1749049429657794,-0.0792953182613878,0.1378945268746259,0.1563018920878451,144500.0,69500.0,-0.144636678200692,0.7784172661870503,20701684.0,2558728142400.0,27435739200.0,37369066555.0,0.0107224127273897,yfinance_download,237690.KQ
2022-01-07,125000.0,130300.0,124700.0,126500.0,123666.46875,130224.0,0.023462783171521,-0.1245674740484429,134170.0,109340.0,107067.5,0.4796315477572155,0.6303542350345307,-0.01171875,0.5167865707434052,0.1990521327014218,-0.0571662815830662,0.1569416498993963,0.1814976533495225,144500.0,69500.0,-0.1245674740484429,0.8201438848920863,20701684.0,2618763026000.0,16473336000.0,36838077355.0,0.0062905027436415,yfinance_download,237690.KQ
2022-01-10,126100.0,128700.0,122800.0,124300.0,121515.75,129107.0,-0.017391304347826,-0.1397923875432526,133855.0,109940.0,107234.16666666669,0.476959889773313,0.6232974533935483,-0.0482388973966309,0.4077010192525481,0.1917545541706615,-0.0713832131784393,0.1306167000181917,0.1591454837932562,144500.0,69500.0,-0.1397923875432526,0.7884892086330935,20701684.0,2573219321200.0,16048000100.0,34929554390.0,0.0062365457805268,yfinance_download,237690.KQ
2022-01-11,126000.0,127000.0,123400.0,124300.0,121515.75,85282.0,0.0,-0.1397923875432526,133635.0,110561.66666666669,107395.0,0.4746887797625798,0.6218905715294045,-0.0341880341880341,0.428735632183908,0.1838095238095238,-0.0698544542971526,0.1242594630447562,0.1574095628288094,144500.0,69500.0,-0.1397923875432526,0.7884892086330935,20701684.0,2573219321200.0,10600552600.0,34611590590.0,0.0041195682438201,yfinance_download,237690.KQ
2022-01-12,125600.0,132300.0,125500.0,131600.0,128652.234375,157789.0,0.0587288817377313,-0.0892733564013841,133890.0,111361.66666666669,107590.83333333331,0.5157728472877232,0.6234460013981933,0.0403162055335968,0.5741626794258374,0.2173913043478261,-0.0171035925013069,0.18173518715297,0.223152530032763,144500.0,69500.0,-0.0892733564013841,0.893525179856115,20701684.0,2724341614400.0,20765032400.0,34800729935.0,0.0076220369318747,yfinance_download,237690.KQ
2022-01-13,131700.0,131900.0,124800.0,127800.0,124937.3515625,148862.0,-0.0288753799392097,-0.1155709342560553,133835.0,112041.66666666669,107770.83333333331,0.5233901342960676,0.6243240328988794,-0.008533747090768,0.4689655172413793,0.2033898305084744,-0.0450928381962865,0.1406470806991446,0.1858496037115793,144500.0,69500.0,-0.1155709342560553,0.8388489208633094,20701684.0,2645675215200.0,19024563600.0,34880084960.0,0.007190815974198,yfinance_download,237690.KQ
2022-01-14,126200.0,129300.0,125000.0,127300.0,124448.546875,99181.0,-0.0039123630672925,-0.1190311418685121,133605.0,112723.33333333331,107938.33333333331,0.5162653425503246,0.6240669219042562,-0.0348749052312358,0.4733796296296295,0.1875,-0.0471913476292055,0.1293136588106573,0.1793771134752868,144500.0,69500.0,-0.1190311418685121,0.8316546762589927,20701684.0,2635324373200.0,12625741300.0,33846543415.0,0.0047909628994433,yfinance_download,237690.KQ
2022-01-17,126900.0,127100.0,123200.0,125200.0,122395.5859375,75872.0,-0.016496465043205,-0.1335640138408305,133080.0,113408.33333333331,108089.16666666669,0.5062042774842825,0.6220644129853269,-0.0773765659543109,0.4887039239001189,0.1690009337068161,-0.0592125037571386,0.1039753104563157,0.1583029443283707,144500.0,69500.0,-0.1335640138408305,0.8014388489208633,20701684.0,2591850836800.0,9499174400.0,32375876245.0,0.0036650158508844,yfinance_download,237690.KQ
2022-01-18,125600.0,126600.0,120500.0,121800.0,119071.7421875,106993.0,-0.0271565495207667,-0.1570934256055363,132445.0,114021.66666666669,108235.0,0.5128809199905824,0.6260268731834177,-0.0944237918215613,0.4329411764705881,0.1677852348993289,-0.0803729850126467,0.0682180287372282,0.1253291449161546,144500.0,69500.0,-0.1570934256055363,0.7525179856115107,20701684.0,2521465111200.0,13031747400.0,31359556015.0,0.0051683235045033,yfinance_download,237690.KQ
2022-01-19,118900.0,121600.0,115000.0,120500.0,117800.8671875,98964.0,-0.0106732348111658,-0.1660899653979238,131420.0,114613.33333333331,108347.5,0.4736097734807573,0.6268998900018141,-0.1453900709219858,0.4176470588235295,0.1261682242990653,-0.0830923755897123,0.0513610981852024,0.1121622557050232,144500.0,69500.0,-0.1660899653979238,0.7338129496402879,20701684.0,2494552922000.0,11925162000.0,28981482565.0,0.0047804806604139,yfinance_download,237690.KQ
2022-01-20,121000.0,126500.0,120000.0,125600.0,122786.625,93910.0,0.0423236514522822,-0.130795847750865,130850.0,115265.0,108529.16666666669,0.4979513773787468,0.6307897378219715,-0.0832116788321167,0.4520231213872832,0.2100192678227359,-0.0401222774168895,0.0896629505921138,0.1572925864782892,144500.0,69500.0,-0.130795847750865,0.8071942446043165,20701684.0,2600131510400.0,11795096000.0,27565783415.0,0.0045363459320507,yfinance_download,237690.KQ
2022-01-21,122900.0,123500.0,118700.0,119900.0,117214.3046875,106547.0,-0.0453821656050955,-0.170242214532872,130040.0,115846.66666666669,108652.5,0.5193448304683514,0.6379848256213112,-0.1190301249081557,0.4105882352941177,0.1408182683158896,-0.0779760073823438,0.034988778270127,0.1035180966843836,144500.0,69500.0,-0.170242214532872,0.7251798561151079,20701684.0,2482131911600.0,12774985300.0,26571033260.0,0.0051467793634566,yfinance_download,237690.KQ
2022-01-24,119800.0,119800.0,111100.0,115000.0,112424.0625,142167.0,-0.0408673894912426,-0.2041522491349481,128830.0,116310.0,108720.83333333331,0.5220140106882992,0.6439680053123984,-0.1738505747126436,0.3188073394495412,0.0767790262172285,-0.107350772335636,-0.011263004040925,0.0577549534357875,144500.0,69500.0,-0.2041522491349481,0.6546762589928057,20701684.0,2380693660000.0,16349205000.0,25786134470.0,0.0068674123322527,yfinance_download,237690.KQ
2022-01-25,115000.0,115100.0,108100.0,110300.0,107829.34375,148944.0,-0.0408695652173912,-0.2366782006920414,127450.0,116690.0,108723.33333333331,0.5341510945643144,0.650909968600947,-0.2001450326323423,0.2605714285714287,0.0027272727272726,-0.1345625735582581,-0.0547604764761333,0.0145016402489499,144500.0,69500.0,-0.2366782006920414,0.5870503597122303,20701684.0,2283395745200.0,16428523200.0,22951238660.0,0.0071947770046146,yfinance_download,237690.KQ
2022-01-26,111000.0,113200.0,107900.0,109400.0,106949.4921875,99838.0,-0.0081595648232094,-0.2429065743944636,126025.0,116976.66666666669,108740.0,0.5327938532740135,0.643302154169869,-0.2066715010877448,0.1865509761388286,0.0186219739292365,-0.1319182701844872,-0.0647707520018238,0.006069523634357,144500.0,69500.0,-0.2429065743944636,0.5741007194244605,20701684.0,2264764229600.0,10922277200.0,22235408935.0,0.0048226994480255,yfinance_download,237690.KQ
2022-01-27,109400.0,109400.0,101800.0,103000.0,100692.859375,187473.0,-0.0585009140767824,-0.28719723183391,123950.0,117176.66666666669,108688.33333333331,0.5103083360939177,0.6549779203753336,-0.28719723183391,0.1318681318681318,-0.0567765567765568,-0.1690197660346913,-0.1209854066509259,-0.0523361906368361,144500.0,69500.0,-0.28719723183391,0.4820143884892085,20701684.0,2132273452000.0,19309719000.0,19719795960.0,0.0090559299427041,yfinance_download,237690.KQ
2022-01-28,103900.0,106100.0,101300.0,105500.0,103136.8515625,144255.0,0.0242718446601941,-0.2698961937716263,122090.0,117366.66666666669,108659.16666666669,0.5302346160371972,0.653291192055507,-0.2606867554309741,0.1211477151965993,-0.0321100917431192,-0.1358833647309362,-0.1011076398750355,-0.0290740925370616,144500.0,69500.0,-0.2698961937716263,0.5179856115107915,20701684.0,2184027662000.0,15218902500.0,17754122240.0,0.0069682736921305,yfinance_download,237690.KQ
2022-02-03,108900.0,110900.0,105700.0,107700.0,105287.578125,106047.0,0.0208530805687203,-0.2546712802768166,120515.0,117608.33333333331,108587.5,0.5431144471710568,0.6538237562393963,-0.2262931034482759,0.155579399141631,-0.0739466895958727,-0.1063353109571422,-0.084248565152696,-0.0081731322666053,144500.0,69500.0,-0.2546712802768166,0.5496402877697841,20701684.0,2229571366800.0,11421261900.0,17219665895.0,0.0051226267389648,yfinance_download,237690.KQ
2022-02-04,107300.0,108300.0,104800.0,106400.0,104016.703125,103690.0,-0.0120705663881151,-0.2636678200692042,119325.0,117888.33333333331,108479.16666666669,0.50658395968277,0.6488102536213975,-0.1827956989247311,0.1875,-0.1088777219430485,-0.1083176199455269,-0.0974509776200641,-0.0191665066256961,144500.0,69500.0,-0.2636678200692042,0.530935251798561,20701684.0,2202659177600.0,11032616000.0,15574510215.0,0.0050087712671104,yfinance_download,237690.KQ
2022-02-07,106300.0,106300.0,102600.0,104200.0,101865.96875,94315.0,-0.0206766917293232,-0.2788927335640139,117995.0,118158.33333333331,108368.33333333331,0.5051549585920045,0.6492352595744268,-0.2033639143730886,0.184090909090909,-0.113191489361702,-0.1169117335480317,-0.1181324493969955,-0.0384644960858798,144500.0,69500.0,-0.2788927335640139,0.4992805755395684,20701684.0,2157115472800.0,9827623000.0,14625462905.0,0.0045559095578891,yfinance_download,237690.KQ
2022-02-08,104600.0,104900.0,99700.0,104400.0,102061.4921875,123655.0,0.0019193857965451,-0.2775086505190312,117035.0,118456.66666666669,108319.16666666669,0.4787934192443892,0.6478194358637384,-0.1553398058252427,0.2069364161849711,-0.0534904805077062,-0.1079591575169821,-0.1186650533247039,-0.0361816545240532,144500.0,69500.0,-0.2775086505190312,0.502158273381295,20701684.0,2161255809600.0,12909582000.0,13899155045.0,0.0059731855630682,yfinance_download,237690.KQ
2022-02-09,104900.0,104900.0,100000.0,101700.0,99421.9765625,155279.0,-0.0258620689655172,-0.2961937716262975,115795.0,118725.0,108223.33333333331,0.4677249080286453,0.6500510691274121,-0.1960474308300395,0.1880841121495327,-0.101590106007067,-0.1217237359126042,-0.1433986102337334,-0.060276588536052,144500.0,69500.0,-0.2961937716262975,0.4633093525179856,20701684.0,2105361262800.0,15791874300.0,13865081960.0,0.0075007907569258,yfinance_download,237690.KQ
2022-02-10,101700.0,103500.0,100000.0,101300.0,99030.9296875,85032.0,-0.0039331366764995,-0.298961937716263,114645.0,118996.66666666669,108126.66666666669,0.467511602410554,0.6498657007823272,-0.1850362027353177,0.1917647058823528,-0.1027457927369352,-0.1164028086702428,-0.1487156502983276,-0.0631358283494667,144500.0,69500.0,-0.298961937716263,0.4575539568345323,20701684.0,2097080589200.0,8613741600.0,13493369035.0,0.0041074919315742,yfinance_download,237690.KQ
2022-02-11,99800.0,99800.0,93500.0,93900.0,91796.6953125,244617.0,-0.0730503455083909,-0.3501730103806229,113125.0,119120.0,107968.33333333331,0.5166034787832967,0.6678979156311349,-0.2445695897023331,0.0855491329479769,-0.1682905225863595,-0.1699447513812154,-0.2117192746809939,-0.1303005510875101,144500.0,69500.0,-0.3501730103806229,0.3510791366906474,20701684.0,1943888127600.0,22969536300.0,14111818220.0,0.0118162850906235,yfinance_download,237690.KQ
2022-02-14,91600.0,95200.0,89500.0,94500.0,92383.2578125,129628.0,0.0063897763578275,-0.3460207612456747,111270.0,119216.66666666669,107823.33333333331,0.4485835573862329,0.6662081116459839,-0.2819148936170212,0.0653889515219843,-0.1554959785522788,-0.1507144782960366,-0.2073255976513351,-0.123566327634711,144500.0,69500.0,-0.3460207612456747,0.3597122302158273,20701684.0,1956309138000.0,12249846000.0,13686058900.0,0.0062617128152473,yfinance_download,237690.KQ
2022-02-15,93600.0,94400.0,91200.0,92700.0,90623.5703125,74009.0,-0.019047619047619,-0.3584775086505191,109515.0,119311.66666666669,107643.33333333331,0.4462030226042751,0.6661922078770813,-0.2746478873239436,0.0655172413793103,-0.1889763779527559,-0.1535406108752225,-0.2230432899828182,-0.138822655064565,144500.0,69500.0,-0.3584775086505191,0.3338129496402877,20701684.0,1919046106800.0,6860634300.0,13077862435.0,0.0035750231720279,yfinance_download,237690.KQ
2022-02-16,93400.0,98500.0,93000.0,97600.0,95413.8125,106172.0,0.0528586839266451,-0.3245674740484429,108030.0,119505.0,107522.5,0.5071728466755802,0.6736794097258186,-0.2333071484681853,0.1348837209302325,-0.1293487957181088,-0.0965472553920206,-0.1832977699677838,-0.0922830105326791,144500.0,69500.0,-0.3245674740484429,0.40431654676259,20701684.0,2020484358400.0,10362387200.0,12964694730.0,0.0051286648950877,yfinance_download,237690.KQ
2022-02-17,98000.0,102400.0,95300.0,97300.0,95120.5390625,155483.0,-0.0030737704918032,-0.3266435986159169,106635.0,119715.0,107435.83333333331,0.5080797035663689,0.6727499636328441,-0.2228434504792332,0.1487603305785123,-0.096564531104921,-0.0875416139166315,-0.1872363530050537,-0.0943431350496032,144500.0,69500.0,-0.3266435986159169,0.3999999999999999,20701684.0,2014273853200.0,15128495900.0,13246160805.0,0.0075106450277185,yfinance_download,237690.KQ
2022-02-18,95100.0,98800.0,94200.0,98100.0,95902.609375,72090.0,0.0082219938335046,-0.3211072664359862,105450.0,119835.0,107405.83333333331,0.5096322164349555,0.6568521009342771,-0.1945812807881773,0.0792079207920792,-0.0353982300884956,-0.069701280227596,-0.1813743897859556,-0.0866417869917058,144500.0,69500.0,-0.3211072664359862,0.4115107913669065,20701684.0,2030835200400.0,7072029000.0,12948174885.0,0.0034823253992283,yfinance_download,237690.KQ
2022-02-21,96100.0,99900.0,94500.0,99000.0,96782.453125,52021.0,0.0091743119266054,-0.314878892733564,104375.0,119920.0,107365.0,0.5142706265491634,0.6538703267471832,-0.1784232365145228,0.0543130990415334,-0.0471607314725698,-0.0514970059880239,-0.1744496330887258,-0.0779117962091929,144500.0,69500.0,-0.314878892733564,0.4244604316546763,20701684.0,2049466716000.0,5150079000.0,12609420735.0,0.0025128873573763,yfinance_download,237690.KQ
2022-02-22,96000.0,97400.0,95600.0,96500.0,94338.4453125,62156.0,-0.0252525252525253,-0.3321799307958477,102920.0,120026.66666666669,107294.16666666669,0.4790838816820806,0.6504144594874011,-0.231687898089172,0.0710321864594893,-0.080952380952381,-0.0623785464438398,-0.1960119973339258,-0.1006034810839359,144500.0,69500.0,-0.3321799307958477,0.3884892086330935,20701684.0,1997712506000.0,5998054000.0,12319568635.0,0.0030024610558252,yfinance_download,237690.KQ
2022-02-23,97200.0,100300.0,96800.0,98800.0,96586.9375,67064.0,0.0238341968911917,-0.3162629757785467,101865.0,120021.66666666669,107241.66666666669,0.4793682955204315,0.6194346666454749,-0.1759799833194328,-0.0030272452068617,-0.0599429115128449,-0.0300888430766209,-0.1768152972379987,-0.0787162949724143,144500.0,69500.0,-0.3162629757785467,0.4215827338129496,20701684.0,2045326379200.0,6625923200.0,12012115530.0,0.0032395432178367,yfinance_download,237690.KQ
2022-02-24,98500.0,98500.0,93800.0,94300.0,92187.734375,95615.0,-0.0455465587044534,-0.3474048442906574,100830.0,119665.0,107172.5,0.4837369268111624,0.5203027898673483,-0.18,-0.1849611063094208,-0.080896686159844,-0.0647624714866607,-0.2119667404838507,-0.1201101028715388,144500.0,69500.0,-0.3474048442906574,0.3568345323741007,20701684.0,1952168801200.0,9016494500.0,11645480005.0,0.0046187063815677,yfinance_download,237690.KQ
2022-02-25,97000.0,99800.0,97000.0,99000.0,96782.453125,82797.0,0.0498409331919407,-0.314878892733564,100265.0,119400.0,107155.83333333331,0.5118781135811014,0.5313053045779903,-0.1024478694469628,-0.1383812010443864,-0.0198019801980198,-0.0126165660998354,-0.1708542713567838,-0.076111893115167,144500.0,69500.0,-0.314878892733564,0.4244604316546763,20701684.0,2049466716000.0,8196903000.0,11233898995.0,0.0039995297000958,yfinance_download,237690.KQ
2022-02-28,97500.0,100500.0,96800.0,99500.0,97271.2421875,55998.0,0.0050505050505049,-0.3114186851211072,99770.0,119133.33333333331,107145.83333333331,0.5129058808512834,0.5312955662425711,-0.0904936014625228,-0.1385281385281385,-0.0119165839126117,-0.0027062243159265,-0.1648013430330162,-0.0713591289130857,144500.0,69500.0,-0.3114186851211072,0.4316546762589928,20701684.0,2059817558000.0,5571801000.0,10966375185.0,0.0027049973325841,yfinance_download,237690.KQ
2022-03-02,99600.0,103300.0,99000.0,102400.0,100106.3046875,79268.0,0.0291457286432161,-0.2913494809688581,99740.0,118750.0,107151.66666666669,0.4834128618166808,0.5033506677923191,-0.0058252427184466,-0.1834130781499202,0.0068829891838742,0.0266693402847402,-0.1376842105263157,-0.0443452427244871,144500.0,69500.0,-0.2913494809688581,0.4733812949640288,20701684.0,2119852441600.0,8117043200.0,10406741395.0,0.0038290604764327,yfinance_download,237690.KQ
2022-03-03,102200.0,103900.0,100800.0,103800.0,101474.9453125,60719.0,0.013671875,-0.2816608996539792,99655.0,118370.0,107169.16666666669,0.4778303573233307,0.5038538237405149,-0.0161137440758294,-0.1800947867298578,0.0206489675516223,0.0415934975666048,-0.1230886204274731,-0.0314378358203152,144500.0,69500.0,-0.2816608996539792,0.4935251798561151,20701684.0,2148834799200.0,6302632200.0,9960927880.0,0.0029330464130357,yfinance_download,237690.KQ
2022-03-04,102900.0,103000.0,99400.0,100200.0,97955.5703125,72595.0,-0.0346820809248554,-0.3065743944636678,99280.0,118006.66666666669,107109.16666666669,0.4857018629472066,0.5033952239085229,-0.0696378830083565,-0.1786885245901639,-0.0670391061452514,0.0092667203867848,-0.1508954296367437,-0.0645058390582816,144500.0,69500.0,-0.3065743944636678,0.4417266187050359,20701684.0,2074308736800.0,7274019000.0,9753565735.0,0.0035067195499651,yfinance_download,237690.KQ
2022-03-07,99200.0,99500.0,95700.0,98000.0,95804.84375,76756.0,-0.0219560878243513,-0.3217993079584775,98860.0,117506.66666666669,106948.33333333331,0.4893625152495755,0.4930379134745614,-0.0789473684210526,-0.234375,-0.1645353793691389,-0.0086991705442038,-0.1660047656870532,-0.0836696847387367,144500.0,69500.0,-0.3217993079584775,0.410071942446043,20701684.0,2028765032000.0,7522088000.0,9578039335.0,0.0037077176909859,yfinance_download,237690.KQ
2022-03-08,97500.0,101200.0,95700.0,98800.0,96586.9375,60314.0,0.0081632653061225,-0.3162629757785467,98590.0,116958.33333333331,106780.0,0.4867534267251716,0.4889469172816112,-0.0518234165067178,-0.2498101746393318,-0.1697478991596638,0.0021300334719545,-0.155254720342002,-0.0747330960854092,144500.0,69500.0,-0.3162629757785467,0.4215827338129496,20701684.0,2045326379200.0,5959023200.0,9384609345.0,0.0029134827871974,yfinance_download,237690.KQ
2022-03-10,99700.0,102900.0,98700.0,100500.0,98248.859375,92803.0,0.0172064777327936,-0.3044982698961938,98395.0,116558.33333333331,106618.33333333331,0.4914739243438825,0.479423019298776,-0.0373563218390804,-0.1927710843373493,-0.1618015012510425,0.0213933634839169,-0.1377707871595052,-0.0573853777492926,144500.0,69500.0,-0.3044982698961938,0.4460431654676258,20701684.0,2080519242000.0,9326701500.0,9205465320.0,0.0044828720214258,yfinance_download,237690.KQ
2022-03-11,100000.0,100400.0,98800.0,99600.0,97369.0078125,30986.0,-0.0089552238805969,-0.3107266435986159,98290.0,116085.0,106513.33333333331,0.4839385727102805,0.4751107586648168,-0.0206489675516223,-0.221875,-0.1122994652406417,0.0133279072133483,-0.1420080113709781,-0.064905802090505,144500.0,69500.0,-0.3107266435986159,0.4330935251798562,20701684.0,2061887726400.0,3086205600.0,8570181885.0,0.0014967864450061,yfinance_download,237690.KQ
2022-03-14,100000.0,100000.0,93000.0,94000.0,91894.453125,129848.0,-0.0562248995983936,-0.3494809688581315,97925.0,115475.0,106361.66666666669,0.5227599351939033,0.4843704098677374,-0.0720631786771964,-0.2802450229709035,-0.1622103386809269,-0.0400816951748786,-0.1859709893916432,-0.1162229499976496,144500.0,69500.0,-0.3494809688581315,0.3525179856115108,20701684.0,1945958296000.0,12205712000.0,8749780405.0,0.0062723399700236,yfinance_download,237690.KQ
2022-03-15,93500.0,97600.0,93400.0,97000.0,94827.25,54080.0,0.0319148936170212,-0.328719723183391,98080.0,114946.66666666669,106260.0,0.4665254666933351,0.489789850884278,0.0330138445154419,-0.2463092463092463,-0.1117216117216117,-0.0110114192495921,-0.156130379306345,-0.0871447393186524,144500.0,69500.0,-0.328719723183391,0.39568345323741,20701684.0,2008063348000.0,5245760000.0,7863591590.0,0.0026123478650335,yfinance_download,237690.KQ
2022-03-16,97900.0,100800.0,96500.0,100300.0,98053.3359375,59205.0,0.0340206185567011,-0.3058823529411765,98370.0,114510.0,106218.33333333331,0.4800585569664518,0.4952281358408513,0.0613756613756613,-0.2071146245059288,-0.0474833808167141,0.0196198027854019,-0.1240939655925247,-0.055718567102352,144500.0,70400.0,-0.3058823529411765,0.4247159090909091,20701684.0,2076378905200.0,5938261500.0,7548012365.0,0.0028599122660745,yfinance_download,237690.KQ
2022-03-17,101700.0,112700.0,101600.0,111300.0,108806.9453125,416065.0,0.1096709870388834,-0.229757785467128,99300.0,114216.66666666669,106277.5,0.6020888327749638,0.5450858028829241,0.2006472491909385,-0.1365399534522886,0.0681381957773512,0.1208459214501511,-0.0255362614913177,0.047258356660629,144500.0,70800.0,-0.229757785467128,0.5720338983050848,20701684.0,2304097429200.0,46308034500.0,9520382375.0,0.0200981234183653,yfinance_download,237690.KQ
2022-03-18,110800.0,112900.0,109600.0,111700.0,109197.984375,97193.0,0.0035938903863432,-0.2269896193771626,100005.0,113880.0,106343.33333333331,0.5804244395326125,0.5426956970789587,0.1444672131147542,-0.1531463229719484,0.0761078998073216,0.1169441527923604,-0.0191429574991218,0.0503714384227189,144500.0,74500.0,-0.2269896193771626,0.4993288590604026,20701684.0,2312378102800.0,10856458100.0,9545085920.0,0.0046949320644639,yfinance_download,237690.KQ
2022-03-21,111800.0,112200.0,107900.0,107900.0,105483.1015625,107966.0,-0.0340196956132498,-0.2532871972318339,100535.0,113416.66666666669,106375.83333333331,0.5979541775974399,0.5426393603812854,0.1089414182939363,-0.2048636698599852,0.0375,0.0732580693290894,-0.0486407053637032,0.0143281290393337,144500.0,77300.0,-0.2532871972318339,0.3958602846054333,20701684.0,2233711703600.0,11649531400.0,9371137695.0,0.0052153245117643,yfinance_download,237690.KQ
2022-03-22,107900.0,110900.0,106300.0,109200.0,106753.9765625,76167.0,0.0120481927710842,-0.2442906574394463,101090.0,112995.0,106413.33333333331,0.598310163613214,0.5434069028473567,0.1131498470948011,-0.1881040892193308,0.0429799426934096,0.0802255415965971,-0.0335855568830478,0.0261871945871445,144500.0,78200.0,-0.2442906574394463,0.3964194373401535,20701684.0,2260623892800.0,8317436400.0,9433408065.0,0.0036792658993345,yfinance_download,237690.KQ
2022-03-23,109000.0,112600.0,108300.0,108400.0,105971.90625,109061.0,-0.0073260073260073,-0.2498269896193772,101560.0,112451.66666666669,106465.0,0.6000262116061974,0.5328681097983586,0.0949494949494949,-0.2312056737588652,0.0606653620352251,0.0673493501378494,-0.0360302944968949,0.0181749870849574,144500.0,79800.0,-0.2498269896193772,0.3583959899749374,20701684.0,2244062545600.0,11822212400.0,9767014735.0,0.0052682187594014,yfinance_download,237690.KQ
2022-03-24,108300.0,108600.0,103500.0,107000.0,104603.265625,96250.0,-0.0129151291512915,-0.259515570934256,102085.0,111951.66666666669,106508.33333333331,0.5932790268800283,0.5307645282258358,0.1088082901554403,-0.2189781021897809,0.0510805500982318,0.0481461527158739,-0.0442303970463444,0.0046162272122682,144500.0,79800.0,-0.259515570934256,0.3408521303258145,20701684.0,2215080188000.0,10298750000.0,9982049535.0,0.0046493802146723,yfinance_download,237690.KQ
2022-03-25,109300.0,109700.0,105600.0,105900.0,103527.890625,87472.0,-0.0102803738317757,-0.2671280276816609,102440.0,111448.33333333331,106544.16666666669,0.5919023774928237,0.5309087384943132,0.0718623481781377,-0.221895664952241,0.0423228346456692,0.0337758688012495,-0.049783905845758,-0.0060460059599697,144500.0,79800.0,-0.2671280276816609,0.3270676691729324,20701684.0,2192308335600.0,9263284800.0,10113917615.0,0.0042253567390942,yfinance_download,237690.KQ
2022-03-28,106000.0,106600.0,103000.0,103800.0,101474.9453125,87808.0,-0.0198300283286119,-0.2816608996539792,102915.0,110858.33333333331,106582.5,0.5699121006122907,0.5290356166206707,0.1007423117709438,-0.2543103448275862,0.0463709677419355,0.0085993295437982,-0.0636698489062617,-0.026106537189501,144500.0,79800.0,-0.2816608996539792,0.3007518796992481,20701684.0,2148834799200.0,9114470400.0,10118816410.0,0.0042415873027527,yfinance_download,237690.KQ
2022-03-29,105000.0,106000.0,103400.0,105200.0,102843.578125,51153.0,0.0134874759152214,-0.2719723183391003,103225.0,110313.33333333331,106681.66666666669,0.5464456536181074,0.5301807135136254,0.0626262626262625,-0.2371283538796229,0.127545551982851,0.0191329619762654,-0.046352813198767,-0.0138886719055133,144500.0,79800.0,-0.2719723183391003,0.3182957393483709,20701684.0,2177817156800.0,5381295600.0,9978036040.0,0.0024709584012585,yfinance_download,237690.KQ
2022-03-30,105200.0,106000.0,103500.0,104300.0,101963.7265625,58542.0,-0.0085551330798478,-0.2782006920415225,103465.0,109753.33333333331,106760.0,0.5480947838605414,0.5301979738537891,0.0482412060301506,-0.2436548223350253,0.0990516332982085,0.0080703619581501,-0.0496871773066877,-0.02304233795429,144500.0,79800.0,-0.2782006920415225,0.3070175438596492,20701684.0,2159185641200.0,6105930600.0,10004742520.0,0.0028278858859984,yfinance_download,237690.KQ
2022-03-31,104500.0,104500.0,95800.0,96800.0,94631.7265625,355984.0,-0.071907957813998,-0.3301038062283736,103185.0,108958.33333333331,106804.16666666669,0.5989551740538134,0.5368398961160601,-0.0546875,-0.3301038062283736,0.0579234972677595,-0.061879149101129,-0.111586998087954,-0.0936683181835915,144500.0,79800.0,-0.3301038062283736,0.213032581453634,20701684.0,2003923011200.0,34459251200.0,11321852920.0,0.0171958957541811,yfinance_download,237690.KQ
2022-04-01,97300.0,97800.0,93300.0,97400.0,95218.296875,203672.0,0.006198347107438,-0.3259515570934256,102865.0,108203.33333333331,106905.0,0.5969218421101009,0.5372567887237438,-0.0616570327552986,-0.3174491941135249,0.1418522860492379,-0.053127886064259,-0.0998428883891439,-0.0889107151209017,144500.0,79800.0,-0.3259515570934256,0.2205513784461152,20701684.0,2016344021600.0,19837652800.0,11998603950.0,0.0098384266709896,yfinance_download,237690.KQ
2022-04-04,97000.0,98300.0,95400.0,97700.0,95511.5859375,89458.0,0.0030800821355236,-0.3238754325259515,102740.0,107511.66666666669,107009.16666666669,0.5848623733462494,0.5361209280117291,-0.0249500998003991,-0.2981321839080459,0.1467136150234742,-0.0490558691843487,-0.0912614134900088,-0.0869941048664055,144500.0,79800.0,-0.3238754325259515,0.2243107769423558,20701684.0,2022554526800.0,8740046600.0,12071905330.0,0.0043212909635757,yfinance_download,237690.KQ
2022-04-05,97700.0,98800.0,97100.0,97900.0,95707.0859375,81816.0,0.0020470829068577,-0.3224913494809688,102735.0,106973.33333333331,107085.83333333331,0.5794345717361121,0.5218288463839622,-0.0010204081632653,-0.2480798771121352,0.1037204058624576,-0.0470628315569182,-0.084818646391624,-0.0857800985191007,144500.0,79800.0,-0.3224913494809688,0.2268170426065163,20701684.0,2026694863600.0,8009786400.0,12096290250.0,0.0039521422508429,yfinance_download,237690.KQ
2022-04-06,97300.0,97300.0,95600.0,96300.0,94142.921875,90334.0,-0.0163432073544432,-0.3335640138408304,102610.0,106398.33333333331,107175.0,0.581700946316259,0.5220827657054237,-0.0253036437246964,-0.2637614678899083,0.125,-0.0614949809960042,-0.0949106345650777,-0.1014695591322603,144500.0,79800.0,-0.3335640138408304,0.2067669172932331,20701684.0,1993572169200.0,8699164200.0,12233297300.0,0.0043636063616853,yfinance_download,237690.KQ
2022-04-07,95300.0,95600.0,94100.0,94700.0,92578.7734375,61450.0,-0.0166147455867081,-0.344636678200692,102320.0,105916.66666666669,107269.16666666669,0.5803144108608159,0.5120544746760718,-0.0577114427860696,-0.2338187702265372,0.1354916067146283,-0.0744722439405786,-0.1059008654602675,-0.1171740869930004,144500.0,79800.0,-0.344636678200692,0.1867167919799499,20701684.0,1960449474800.0,5819315000.0,12057927975.0,0.0029683575500427,yfinance_download,237690.KQ
2022-04-08,95700.0,95700.0,93400.0,95400.0,93263.09375,42452.0,0.0073917634635691,-0.3397923875432526,102110.0,105398.33333333331,107369.16666666669,0.5807458239121379,0.5094362054919563,-0.0421686746987951,-0.2458498023715415,0.1438848920863309,-0.0657134462834198,-0.0948623476019544,-0.1114767585355821,144500.0,79800.0,-0.3397923875432526,0.1954887218045113,20701684.0,1974940653600.0,4049920800.0,12106113735.0,0.0020506544298521,yfinance_download,237690.KQ
2022-04-11,94700.0,94700.0,92500.0,92600.0,90525.8125,90129.0,-0.0293501048218028,-0.3591695501730103,102040.0,104870.0,107405.0,0.5544126827588816,0.5113459396767517,-0.0148936170212765,-0.2550281576830249,0.0486976217440544,-0.0925127401019207,-0.11700200247926,-0.1378427447511754,144500.0,79800.0,-0.3591695501730103,0.1604010025062656,20701684.0,1916975938400.0,8345945400.0,11913125405.0,0.0043537037856437,yfinance_download,237690.KQ
2022-04-12,91400.0,93200.0,90600.0,92300.0,90232.5234375,54267.0,-0.0032397408207343,-0.3612456747404844,101805.0,104336.66666666669,107449.16666666669,0.54130558400456,0.5112703043046355,-0.0484536082474227,-0.2574416733708768,0.0609195402298849,-0.0933647659741663,-0.1153637263985176,-0.140989149908096,144500.0,79800.0,-0.3612456747404844,0.1566416040100251,20701684.0,1910765433200.0,5008844100.0,11901279610.0,0.0026213809465935,yfinance_download,237690.KQ
2022-04-13,92700.0,95500.0,92300.0,95400.0,93263.09375,66862.0,0.0335861321776815,-0.3397923875432526,101560.0,103733.33333333331,107547.5,0.5409247923406982,0.5004844637089153,-0.0488534396809571,-0.2750759878419453,0.1411483253588517,-0.0606538007089405,-0.0803341902313624,-0.1129500918198935,144500.0,79800.0,-0.3397923875432526,0.1954887218045113,20701684.0,1974940653600.0,6378634800.0,11923298275.0,0.003229785557542,yfinance_download,237690.KQ
2022-04-14,95800.0,96400.0,94000.0,95500.0,93360.8515625,57711.0,0.00104821802935,-0.3391003460207612,100770.0,103195.0,107618.33333333331,0.3458400125263097,0.4981032753116379,-0.141958670260557,-0.2527386541471048,0.0977011494252872,-0.0522973107075518,-0.0745675662580551,-0.1126047296774093,144500.0,80500.0,-0.3391003460207612,0.1863354037267079,20701684.0,1977010822000.0,5511400500.0,9883466575.0,0.002787744224093,yfinance_download,237690.KQ
2022-04-15,94100.0,96300.0,93300.0,96200.0,94045.171875,52147.0,0.0073298429319372,-0.3342560553633218,99995.0,102676.66666666669,107700.0,0.3476639067700843,0.4986791329679872,-0.1387645478961504,-0.244304791830322,0.1134259259259258,-0.0379518975948797,-0.0630782715969224,-0.10677808727948,144500.0,83400.0,-0.3342560553633218,0.1534772182254196,20701684.0,1991502000800.0,5016541400.0,9591470740.0,0.0025189738187482,yfinance_download,237690.KQ
2022-04-18,96300.0,96400.0,94500.0,95400.0,93263.09375,43022.0,-0.0083160083160083,-0.3397923875432526,99370.0,102180.0,107794.16666666669,0.3330376305138977,0.4980972628391271,-0.1158480074142724,-0.2380191693290735,0.1343638525564803,-0.0399516956828016,-0.0663534938344099,-0.1149799386175813,144500.0,83400.0,-0.3397923875432526,0.1438848920863309,20701684.0,1974940653600.0,4104298800.0,9214209110.0,0.0020781884217728,yfinance_download,237690.KQ
2022-04-19,96000.0,97000.0,95200.0,96700.0,94533.96875,46316.0,0.0136268343815513,-0.330795847750865,98745.0,101761.66666666669,107891.66666666669,0.3342125373816583,0.4970237123330657,-0.1144688644688645,-0.2060755336617405,0.1376470588235294,-0.0207099093624993,-0.0497404065053966,-0.1037305939599907,144500.0,83400.0,-0.330795847750865,0.15947242206235,20701684.0,2001852842800.0,4478757200.0,9022275150.0,0.0022373059119248,yfinance_download,237690.KQ
2022-04-20,95900.0,97500.0,95200.0,97000.0,94827.25,38454.0,0.0031023784901758,-0.328719723183391,98175.0,101370.0,107991.66666666669,0.3356461822748183,0.496959583074943,-0.1051660516605166,-0.1950207468879667,0.1411764705882352,-0.0119684237331295,-0.0431094012035119,-0.101782544949456,144500.0,83400.0,-0.328719723183391,0.1630695443645085,20701684.0,2008063348000.0,3730038000.0,8617666430.0,0.0018575300444157,yfinance_download,237690.KQ
2022-04-21,97500.0,98300.0,95100.0,96400.0,94240.6875,79850.0,-0.0061855670103092,-0.3328719723183391,97645.0,100883.33333333331,108074.16666666669,0.3344751861216325,0.4878700759277224,-0.0990654205607476,-0.2324840764331209,0.1144508670520232,-0.0127502688309693,-0.0444407731703286,-0.1080199554318408,144500.0,83400.0,-0.3328719723183391,0.1558752997601917,20701684.0,1995642337600.0,7697540000.0,8487605930.0,0.0038571741313411,yfinance_download,237690.KQ
2022-04-22,94800.0,95700.0,93600.0,95000.0,92872.046875,61538.0,-0.0145228215767634,-0.342560553633218,97100.0,100468.33333333331,108157.5,0.3357025667915116,0.4807198122096358,-0.1029272898961284,-0.20767306088407,0.1176470588235294,-0.0216271884654994,-0.0544284268675038,-0.121651295564339,144500.0,83400.0,-0.342560553633218,0.1390887290167866,20701684.0,1966659980000.0,5846110000.0,8316747190.0,0.0029726084119533,yfinance_download,237690.KQ
2022-04-25,93000.0,93600.0,91400.0,92400.0,90330.296875,88861.0,-0.0273684210526315,-0.360553633217993,96530.0,100091.66666666669,108200.83333333331,0.3410836724806276,0.4770105351210734,-0.1098265895953757,-0.1965217391304348,0.0596330275229357,-0.0427846265409717,-0.0768462242943968,-0.1460324550796743,144500.0,83400.0,-0.360553633217993,0.1079136690647482,20701684.0,1912835601600.0,8210756400.0,8271561490.0,0.0042924527299325,yfinance_download,237690.KQ
2022-04-26,92800.0,95800.0,92500.0,95800.0,93654.140625,48012.0,0.0367965367965368,-0.3370242214532871,96060.0,99850.0,108270.0,0.3673831435874277,0.477368127520644,-0.0893536121673004,-0.1314596554850408,0.0948571428571427,-0.0027066416822818,-0.0405608412618928,-0.1151750253994643,144500.0,83400.0,-0.3370242214532871,0.1486810551558752,20701684.0,1983221327200.0,4599549600.0,8232474190.0,0.002319231614201,yfinance_download,237690.KQ
2022-04-27,91600.0,94500.0,91600.0,94500.0,92383.2578125,61531.0,-0.0135699373695198,-0.3460207612456747,95570.0,99601.66666666669,108289.16666666669,0.3685629783349446,0.4777995419789398,-0.0939597315436241,-0.1361974405850091,0.0249457700650759,-0.0111959820027205,-0.0512206957714898,-0.1273365295081842,144500.0,83400.0,-0.3460207612456747,0.1330935251798561,20701684.0,1956309138000.0,5814679500.0,8217911635.0,0.0029722702752104,yfinance_download,237690.KQ
2022-04-28,95800.0,99200.0,95200.0,98100.0,95902.609375,143524.0,0.0380952380952381,-0.3211072664359862,95635.0,99520.0,108348.33333333331,0.3034485338703676,0.4699515480154496,0.0134297520661157,-0.0475728155339806,0.0780219780219779,0.0257750823443299,-0.0142684887459807,-0.0945869033518435,144500.0,83400.0,-0.3211072664359862,0.1762589928057554,20701684.0,2030835200400.0,14079704400.0,7198934295.0,0.0069329625551235,yfinance_download,237690.KQ
2022-04-29,98800.0,99000.0,96500.0,98100.0,95902.609375,83304.0,0.0,-0.3211072664359862,95670.0,99396.66666666669,108381.66666666669,0.302793685828029,0.4671366654034945,0.0071868583162217,-0.0701421800947866,0.0425079702444208,0.0253998118532454,-0.0130453737549884,-0.0948653677589999,144500.0,83400.0,-0.3211072664359862,0.1762589928057554,20701684.0,2030835200400.0,8172122400.0,6615657775.0,0.0040240204613305,yfinance_download,237690.KQ
2022-05-03,103100.0,106000.0,102200.0,103800.0,101474.9453125,132573.0,0.0581039755351682,-0.2816608996539792,95975.0,99331.66666666669,108470.0,0.3654513125012317,0.4805531025686661,0.0624360286591607,-0.0362116991643454,0.1137339055793991,0.0815316488668924,0.044983976241212,-0.0430533788144187,144500.0,83400.0,-0.2816608996539792,0.2446043165467626,20701684.0,2148834799200.0,13761077400.0,6866709315.0,0.006403971773504,yfinance_download,237690.KQ
2022-05-04,104500.0,104600.0,101200.0,101400.0,99128.6875,64700.0,-0.0231213872832369,-0.2982698961937716,96150.0,99248.33333333331,108568.33333333331,0.3773060648744619,0.4822528720266609,0.0357507660878446,-0.0469924812030074,0.1316964285714286,0.0546021840873633,0.0216796251826227,-0.0660260051273391,144500.0,83400.0,-0.2982698961937716,0.2158273381294964,20701684.0,2099150757600.0,6560580000.0,6794248995.0,0.0031253496092395,yfinance_download,237690.KQ
2022-05-06,100000.0,100000.0,96500.0,97000.0,94827.25,94887.0,-0.0433925049309664,-0.328719723183391,96185.0,99128.33333333331,108643.33333333331,0.4059021213283221,0.4885479006196576,0.0072689511941848,-0.0690978886756238,0.1022727272727272,0.0084732546654884,-0.0214704843889234,-0.1071702512809498,144500.0,83400.0,-0.328719723183391,0.1630695443645085,20701684.0,2008063348000.0,9204039000.0,6819492735.0,0.0045835401603077,yfinance_download,237690.KQ
2022-05-10,91600.0,94000.0,90900.0,92700.0,90623.5703125,73508.0,-0.0443298969072164,-0.3584775086505191,96085.0,98933.33333333331,108695.0,0.4325995464114588,0.4966044349876525,-0.0211193241816262,-0.1120689655172413,0.0716763005780347,-0.0352292241244731,-0.0630053908355794,-0.1471548829292975,144500.0,83400.0,-0.3584775086505191,0.1115107913669064,20701684.0,1919046106800.0,6814191600.0,6869236565.0,0.0035508222422871,yfinance_download,237690.KQ
2022-05-11,91500.0,95000.0,91500.0,94900.0,92774.28125,52840.0,0.0237324703344121,-0.3432525951557094,96060.0,98820.0,108772.5,0.4404782469496959,0.4966142990303305,-0.0052410901467505,-0.0668633235004916,0.108644859813084,-0.0120757859671039,-0.0396680833839303,-0.1275368314601577,144500.0,83400.0,-0.3432525951557094,0.1378896882494005,20701684.0,1964589811600.0,5014516000.0,6917466325.0,0.0025524493562939,yfinance_download,237690.KQ
2022-05-12,92100.0,93600.0,91100.0,91300.0,89254.9375,87787.0,-0.0379346680716543,-0.3681660899653979,95995.0,98653.33333333331,108825.0,0.4490614786498966,0.5024219769476772,-0.0140388768898488,-0.0987166831194471,0.0741176470588236,-0.0489087973331944,-0.0745370996080551,-0.1610383643464277,144500.0,83400.0,-0.3681660899653979,0.0947242206235012,20701684.0,1890063749200.0,8014953100.0,6900916710.0,0.0042405728925241,yfinance_download,237690.KQ
2022-05-13,91800.0,93400.0,91800.0,92900.0,90819.09375,47540.0,0.0175246440306682,-0.3570934256055363,96025.0,98636.66666666669,108878.33333333331,0.4533045449867551,0.4809609841389405,0.0065005417118093,-0.0106496272630457,0.0739884393063583,-0.0325436084353033,-0.0581595755466189,-0.1467540220735683,144500.0,83400.0,-0.3570934256055363,0.1139088729016786,20701684.0,1923186443600.0,4416466000.0,6871297805.0,0.0022964315366807,yfinance_download,237690.KQ
2022-05-16,94500.0,94800.0,92300.0,93000.0,90916.84375,68814.0,0.0010764262648008,-0.356401384083045,95905.0,98611.66666666669,108914.16666666669,0.4364066658497078,0.4807953763590977,-0.0251572327044025,-0.0158730158730159,0.04847801578354,-0.0302903915332881,-0.0569067216522723,-0.1461165902813378,144500.0,83400.0,-0.356401384083045,0.1151079136690647,20701684.0,1925256612000.0,6399702000.0,6872351165.0,0.003324077403558,yfinance_download,237690.KQ
2022-05-17,94300.0,95600.0,93200.0,94900.0,92774.28125,42895.0,0.0204301075268817,-0.3432525951557094,95875.0,98648.33333333331,108980.0,0.442937392039055,0.480859398267525,-0.006282722513089,0.0237324703344121,0.0908045977011493,-0.0101694915254236,-0.0379969251043267,-0.1291980179849513,144500.0,83400.0,-0.3432525951557094,0.1378896882494005,20701684.0,1964589811600.0,4070735500.0,6800317915.0,0.0020720536551519,yfinance_download,237690.KQ
2022-05-18,94900.0,94900.0,92500.0,93100.0,91014.6171875,40835.0,-0.0189673340358271,-0.3557093425605536,95720.0,98573.33333333331,109039.16666666669,0.4470251342409679,0.4700799972143109,-0.0322245322245322,-0.0461065573770491,0.0825581395348837,-0.0273715002089427,-0.0555254970918436,-0.1461783609864957,144500.0,83400.0,-0.3557093425605536,0.1163069544364507,20701684.0,1927326780400.0,3801738500.0,6739577770.0,0.0019725448422456,yfinance_download,237690.KQ
2022-05-19,91600.0,92800.0,91000.0,92500.0,90428.0546875,54405.0,-0.0064446831364124,-0.3598615916955017,95575.0,98493.33333333331,109104.16666666669,0.4466826477216277,0.4702138761877197,-0.030398322851153,-0.0493319630010277,0.0920897284533648,-0.0321736855872351,-0.0608501421416001,-0.1521863662402138,144500.0,83400.0,-0.3598615916955017,0.1091127098321342,20701684.0,1914905770000.0,5032462500.0,6785985955.0,0.0026280470709532,yfinance_download,237690.KQ
2022-05-20,92100.0,94300.0,92100.0,94200.0,92089.96875,41639.0,0.0183783783783784,-0.3480968858131488,95450.0,98428.33333333331,109131.66666666669,0.4490818894351432,0.4714697494583864,-0.0258531540847983,-0.0397553516819572,0.0363036303630364,-0.0130958617077003,-0.0429584977225392,-0.1368224927075857,144500.0,83400.0,-0.3480968858131488,0.1294964028776979,20701684.0,1950098632800.0,3922393800.0,6758167785.0,0.0020113822624285,yfinance_download,237690.KQ
2022-05-23,95000.0,99400.0,94300.0,98000.0,95804.84375,101625.0,0.0403397027600849,-0.3217993079584775,95500.0,98411.66666666669,109165.83333333331,0.4723651637094918,0.4784047823408879,0.0103092783505154,-0.01010101010101,0.0436634717784878,0.0261780104712041,-0.0041831083712975,-0.1022832235360574,144500.0,83400.0,-0.3217993079584775,0.1750599520383693,20701684.0,2028765032000.0,9959250000.0,7069628385.0,0.0049090209279592,yfinance_download,237690.KQ
2022-05-24,98500.0,99500.0,96200.0,96200.0,94045.171875,65172.0,-0.0183673469387755,-0.3342560553633218,95490.0,98406.66666666669,109216.66666666669,0.4767584222553509,0.4770418556695216,-0.0020746887966804,-0.0031088082901554,0.0677025527192007,0.0074353335427792,-0.0224239550165978,-0.119182054021059,144500.0,83400.0,-0.3342560553633218,0.1534772182254196,20701684.0,1991502000800.0,6269546400.0,6998228705.0,0.0031481496867597,yfinance_download,237690.KQ
2022-05-25,96700.0,102500.0,96300.0,100000.0,97760.0546875,160730.0,0.0395010395010395,-0.3079584775086506,95740.0,98426.66666666669,109224.16666666669,0.4927452846700144,0.481391417308139,0.0526315789473683,0.0121457489878542,0.0090817356205852,0.0444955086693126,0.0159848279599024,-0.0844517010124438,144500.0,83400.0,-0.3079584775086506,0.1990407673860912,20701684.0,2070168400000.0,16073000000.0,7509573205.0,0.0077641026691355,yfinance_download,237690.KQ
2022-05-26,100600.0,102600.0,99800.0,100700.0,98444.3828125,72990.0,0.0069999999999998,-0.303114186851211,96155.0,98533.33333333331,109099.16666666669,0.4795549990078279,0.4718035690754331,0.0898268398268398,0.0678685047720042,-0.1296456352636128,0.0472674327908064,0.0219891745602165,-0.0769865336582161,144500.0,83400.0,-0.303114186851211,0.2074340527577938,20701684.0,2084659578800.0,7350093000.0,7466540035.0,0.0035258001233136,yfinance_download,237690.KQ
2022-05-27,102200.0,102700.0,100000.0,101400.0,99128.6875,72900.0,0.0069513406156902,-0.2982698961937716,96435.0,98573.33333333331,108986.66666666669,0.4645639442147508,0.4611101150931656,0.0584551148225469,0.0242424242424241,-0.1174934725848564,0.0514854565251206,0.0286757743811714,-0.069610961585515,144500.0,83400.0,-0.2982698961937716,0.2158273381294964,20701684.0,2099150757600.0,7392060000.0,7606165555.0,0.0035214526509051,yfinance_download,237690.KQ
2022-05-30,101900.0,102400.0,101000.0,102200.0,99910.78125,53622.0,0.0078895463510848,-0.2927335640138409,96820.0,98618.33333333331,108875.83333333331,0.4604859608961999,0.4612583168901897,0.0814814814814814,0.0271356783919598,-0.1151515151515151,0.0555670316050402,0.0363184668165148,-0.0613160251356666,144500.0,83400.0,-0.2927335640138409,0.225419664268585,20701684.0,2115712104800.0,5480168400.0,7589440000.0,0.002590224060999,yfinance_download,237690.KQ
2022-05-31,102300.0,105300.0,101200.0,103800.0,101474.9453125,85653.0,0.0156555772994129,-0.2816608996539792,97105.0,98641.66666666669,108695.83333333331,0.4452969967849771,0.4585451544950619,0.0581039755351682,0.013671875,-0.1722488038277512,0.0689459863034858,0.0522936554870321,-0.0450415915973473,144500.0,83400.0,-0.2816608996539792,0.2446043165467626,20701684.0,2148834799200.0,8890781400.0,7329993850.0,0.004137489491193,yfinance_download,237690.KQ
2022-06-02,103500.0,104800.0,102500.0,104000.0,101670.453125,44887.0,0.0019267822736031,-0.2802768166089965,97400.0,98645.0,108507.5,0.4451657831065911,0.457749681745025,0.0601427115188584,0.0019267822736031,-0.1785150078988941,0.0677618069815195,0.0542855694662678,-0.0415409073105546,144500.0,83400.0,-0.2802768166089965,0.2470023980815348,20701684.0,2152975136000.0,4668248000.0,7154800130.0,0.0021682777111272,yfinance_download,237690.KQ
2022-06-03,104900.0,105100.0,102800.0,103000.0,100692.859375,52033.0,-0.0096153846153845,-0.28719723183391,97360.0,98691.66666666669,108349.16666666669,0.3968676248763477,0.4523868490463584,-0.0077071290944122,0.0279441117764471,-0.1557377049180327,0.0579293344289235,0.0436544794393312,-0.0493697075042879,144500.0,83400.0,-0.28719723183391,0.2350119904076739,20701684.0,2132273452000.0,5359399000.0,6734716210.0,0.0025134670203641,yfinance_download,237690.KQ
2022-06-07,102100.0,102300.0,99400.0,99900.0,97662.2890625,67000.0,-0.0300970873786408,-0.3086505190311418,97285.0,98723.33333333331,108115.0,0.4029628461750976,0.4544431096532321,-0.0147928994082839,0.0193877551020407,-0.2195312499999999,0.0268797861951997,0.0119188304014585,-0.0759839060259908,144500.0,83400.0,-0.3086505190311418,0.1978417266187051,20701684.0,2068098231600.0,6693300000.0,6741352210.0,0.0032364516819018,yfinance_download,237690.KQ
2022-06-08,100200.0,102400.0,99700.0,100600.0,98346.6171875,46018.0,0.0070070070070069,-0.3038062283737024,97465.0,98753.33333333331,107855.83333333331,0.3700768243550894,0.4543683789671904,0.0371134020618557,0.0182186234817813,-0.2361427486712224,0.0321653927050735,0.0186997907243637,-0.0672734437173078,144500.0,83400.0,-0.3038062283737024,0.2062350119904077,20701684.0,2082589410400.0,4629410800.0,6512620800.0,0.0022229109477277,yfinance_download,237690.KQ
2022-06-09,100500.0,101000.0,99300.0,100800.0,98542.140625,51909.0,0.0019880715705764,-0.3024221453287197,97870.0,98758.33333333331,107658.33333333331,0.3270528245081489,0.4530754987849285,0.0873786407766989,0.0029850746268655,-0.1903614457831325,0.0299376724226014,0.0206733608978146,-0.0637046211007043,144500.0,83400.0,-0.3024221453287197,0.2086330935251799,20701684.0,2086729747200.0,5232427200.0,6433532580.0,0.0025074771694901,yfinance_download,237690.KQ
2022-06-10,99800.0,100200.0,98600.0,98600.0,96391.4140625,44029.0,-0.0218253968253968,-0.3176470588235294,98055.0,98741.66666666669,107413.33333333331,0.3312862926795458,0.454979853889653,0.0389884088514225,-0.0100401606425702,-0.2296875,0.0055581051450717,-0.0014347202295552,-0.0820506454816285,144500.0,83400.0,-0.3176470588235294,0.1822541966426858,20701684.0,2041186042400.0,4341259400.0,6399869750.0,0.0021268318074993,yfinance_download,237690.KQ
2022-06-13,96900.0,96900.0,92100.0,92600.0,90525.8125,91978.0,-0.0608519269776876,-0.3591695501730103,98120.0,98718.33333333331,107096.66666666669,0.3751243749667093,0.457523838721002,0.0142387732749178,-0.0148936170212765,-0.2909647779479326,-0.0562576437015899,-0.0619776806064391,-0.1353605776712627,144500.0,83400.0,-0.3591695501730103,0.1103117505995203,20701684.0,1916975938400.0,8517162800.0,6424980235.0,0.0044430201910144,yfinance_download,237690.KQ
2022-06-14,90000.0,93200.0,90000.0,92500.0,90428.0546875,87839.0,-0.0010799136069113,-0.3598615916955017,98100.0,98643.33333333331,106795.0,0.3700163442495422,0.4527124280952312,-0.0043057050592034,-0.0463917525773195,-0.2812742812742812,-0.0570846075433231,-0.0622782414760246,-0.1338545812069853,144500.0,83400.0,-0.3598615916955017,0.1091127098321342,20701684.0,1914905770000.0,8125107500.0,6610412310.0,0.0042430847654712,yfinance_download,237690.KQ
2022-06-15,92200.0,93300.0,88800.0,89500.0,87495.25,104701.0,-0.0324324324324324,-0.3806228373702421,97925.0,98463.33333333331,106486.66666666669,0.3874827709670551,0.4516179363653117,-0.0376344086021505,-0.1076769690927218,-0.2924901185770751,-0.0860352310441664,-0.0910321947256169,-0.1595191886308145,144500.0,83400.0,-0.3806228373702421,0.0731414868105515,20701684.0,1852800718000.0,9370739500.0,6758964185.0,0.0050576078738328,yfinance_download,237690.KQ
2022-06-16,90600.0,91800.0,88800.0,89100.0,87104.2109375,51850.0,-0.0044692737430167,-0.3833910034602076,97635.0,98093.33333333331,106155.0,0.3786604279806321,0.3876573999497127,-0.0611169652265543,-0.1994609164420485,-0.3087664856477889,-0.0874174220310339,-0.0916813918716867,-0.1606612971598134,144500.0,83400.0,-0.3833910034602076,0.0683453237410072,20701684.0,1844520044400.0,4619835000.0,6786419160.0,0.0025046271598001,yfinance_download,237690.KQ
2022-06-17,87500.0,89200.0,87000.0,87700.0,85735.5625,84418.0,-0.015712682379349,-0.3930795847750865,97365.0,97693.33333333331,105786.66666666669,0.376998583258983,0.3881873221814923,-0.0580021482277121,-0.2148612354521039,-0.3351023502653525,-0.0992656498741847,-0.102292889313498,-0.1709730274766826,144500.0,83400.0,-0.3930795847750865,0.0515587529976018,20701684.0,1815537686800.0,7403458600.0,6966505165.0,0.0040778325086983,yfinance_download,237690.KQ
2022-06-20,89000.0,90200.0,86600.0,87700.0,85735.5625,74748.0,0.0,-0.3930795847750865,97125.0,97356.66666666669,105386.66666666669,0.376846524634947,0.3830757241173328,-0.0518918918918919,-0.1872103799814642,-0.3537214443625645,-0.097039897039897,-0.0991885506899031,-0.1678264170040486,144500.0,83400.0,-0.3930795847750865,0.0515587529976018,20701684.0,1815537686800.0,6555399600.0,7042652020.0,0.0036107207510268,yfinance_download,237690.KQ
2022-06-21,88900.0,94300.0,86500.0,92900.0,90819.09375,82064.0,0.0592930444697834,-0.3570934256055363,97060.0,97085.0,105040.0,0.4308675289171291,0.4028146728516976,-0.0138004246284501,-0.1492673992673993,-0.3092936802973978,-0.0428600865444055,-0.0431065561106247,-0.1155750190403656,144500.0,83400.0,-0.3570934256055363,0.1139088729016786,20701684.0,1923186443600.0,7623745600.0,7227719610.0,0.0039641219525909,yfinance_download,237690.KQ
2022-06-22,93300.0,93900.0,89600.0,90000.0,87984.046875,54240.0,-0.0312163616792249,-0.3771626297577855,96660.0,96778.33333333331,104615.0,0.415858028238027,0.4070228754026495,-0.0816326530612244,-0.1697416974169742,-0.3617021276595744,-0.068901303538175,-0.0700397816315635,-0.1397027194952922,144500.0,83400.0,-0.3771626297577855,0.0791366906474819,20701684.0,1863151560000.0,4881600000.0,6973837110.0,0.0026200767048709,yfinance_download,237690.KQ
2022-06-23,91000.0,92500.0,88200.0,88500.0,86517.6484375,72005.0,-0.0166666666666667,-0.3875432525951557,96275.0,96470.0,104210.83333333331,0.4151177034808,0.4074945597811119,-0.08004158004158,-0.1728971962616822,-0.3540145985401459,-0.0807582446117891,-0.0826163574168135,-0.1507600777270437,144500.0,83400.0,-0.3875432525951557,0.0611510791366907,20701684.0,1832099034000.0,6372442500.0,6978981915.0,0.0034782194530647,yfinance_download,237690.KQ
2022-06-24,90000.0,93800.0,89000.0,93300.0,91210.125,79275.0,0.0542372881355932,-0.3543252595155709,95940.0,96260.0,103854.16666666669,0.4381779815701192,0.4235921535744965,-0.0669999999999999,-0.1189801699716713,-0.3144746509919177,-0.0275171982489055,-0.0307500519426553,-0.1016248746238717,144500.0,83400.0,-0.3543252595155709,0.1187050359712229,20701684.0,1931467117200.0,7396357500.0,6545149790.0,0.0038293986131756,yfinance_download,237690.KQ
2022-06-27,93500.0,94700.0,91300.0,93800.0,91698.9296875,66791.0,0.0053590568060022,-0.3508650519031142,95595.0,96093.33333333331,103475.83333333331,0.4377147435235733,0.4221452515642714,-0.0685203574975173,-0.0963391136801541,-0.3261494252873563,-0.0187771326952246,-0.0238656861384763,-0.093508146024434,144500.0,83400.0,-0.3508650519031142,0.1247002398081533,20701684.0,1941817959200.0,6264995800.0,6490894930.0,0.0032263558848642,yfinance_download,237690.KQ
2022-06-28,93800.0,94400.0,91000.0,92400.0,90330.296875,44600.0,-0.0149253731343284,-0.360553633217993,95145.0,95880.0,103096.66666666669,0.4378851563955416,0.4218989867876431,-0.0887573964497041,-0.1216730038022814,-0.3299492385786802,-0.0288507015607756,-0.0362953692115144,-0.1037537586084258,144500.0,83400.0,-0.360553633217993,0.1079136690647482,20701684.0,1912835601600.0,4121040000.0,6327343930.0,0.0021544141046689,yfinance_download,237690.KQ
2022-06-29,91500.0,91500.0,89500.0,89900.0,87886.2890625,53111.0,-0.0270562770562771,-0.3778546712802768,94530.0,95640.0,102696.66666666669,0.442552426088995,0.4248553562854444,-0.1203522504892368,-0.1380632790028763,-0.3480783176214648,-0.048979160055009,-0.0600167294019239,-0.1246064461683275,144500.0,83400.0,-0.3778546712802768,0.0779376498800958,20701684.0,1861081391600.0,4774678900.0,6292069455.0,0.0025655400787684,yfinance_download,237690.KQ
2022-06-30,89900.0,91400.0,89200.0,89900.0,87886.2890625,43241.0,0.0,-0.3778546712802768,93835.0,95525.0,102241.66666666669,0.4358183499907329,0.3991882509136323,-0.1339113680154142,-0.0712809917355371,-0.3778546712802768,-0.0419353119838014,-0.0588851086103114,-0.1207107343711794,144500.0,83400.0,-0.3778546712802768,0.0779376498800958,20701684.0,1861081391600.0,3887365900.0,6041898680.0,0.0020887672713002,yfinance_download,237690.KQ
2022-07-01,90500.0,91400.0,86000.0,87100.0,85149.0078125,108385.0,-0.0311457174638487,-0.3972318339100346,92990.0,95353.33333333331,101778.33333333331,0.4427837238756323,0.4036546182636709,-0.1624999999999999,-0.1057494866529774,-0.3896285914505957,-0.0633401441015163,-0.086555268125568,-0.1442186450947319,144500.0,83400.0,-0.3972318339100346,0.0443645083932853,20701684.0,1803116676400.0,9440333500.0,6280502955.0,0.0052355644110884,yfinance_download,237690.KQ
2022-07-04,86200.0,93500.0,86200.0,91800.0,89743.7265625,130177.0,0.0539609644087255,-0.3647058823529412,92430.0,95255.0,101383.33333333331,0.495013509488188,0.4193092934129018,-0.1087378640776699,-0.0603889457523029,-0.3405172413793104,-0.0068159688412853,-0.0362710618865151,-0.0945257274371198,144500.0,83400.0,-0.3647058823529412,0.1007194244604317,20701684.0,1900414591200.0,11950248600.0,6610045435.0,0.0062882323969393,yfinance_download,237690.KQ
2022-07-05,92000.0,93000.0,91000.0,92500.0,90428.0546875,71345.0,0.0076252723311547,-0.3598615916955017,92060.0,95165.0,101069.16666666669,0.4879925312680961,0.4196209012215909,-0.074074074074074,-0.0551583248212461,-0.2895545314900153,0.0047794916358896,-0.0280039930646771,-0.0847851718707486,144500.0,83400.0,-0.3598615916955017,0.1091127098321342,20701684.0,1914905770000.0,6599412500.0,6605351060.0,0.0034463379887356,yfinance_download,237690.KQ
2022-07-06,93000.0,95900.0,91300.0,92700.0,90623.5703125,124854.0,0.0021621621621621,-0.3584775086505191,91665.0,95105.0,100751.66666666669,0.4869246024734693,0.4183680717379837,-0.0785288270377733,-0.0373831775700934,-0.2912844036697247,0.0112911143838978,-0.025287839756059,-0.0799159649964434,144500.0,83400.0,-0.3584775086505191,0.1115107913669064,20701684.0,1919046106800.0,11573965800.0,6952578810.0,0.0060311035565995,yfinance_download,237690.KQ
2022-07-07,93600.0,98400.0,93000.0,96700.0,94533.96875,114279.0,0.0431499460625675,-0.330795847750865,91460.0,95138.33333333331,100527.5,0.5143797165822803,0.4262648501320357,-0.0406746031746031,0.021119324181626,-0.2176375404530744,0.0572928055980757,0.0164146943923759,-0.0380741588122652,144500.0,83400.0,-0.330795847750865,0.15947242206235,20701684.0,2001852842800.0,11050779300.0,7243496415.0,0.0055202755485978,yfinance_download,237690.KQ
2022-07-08,97700.0,98600.0,95100.0,95100.0,92969.8125,73126.0,-0.0165460186142709,-0.3418685121107266,91285.0,95133.33333333331,100265.83333333331,0.5119593957520989,0.4274812840388972,-0.0354969574036511,-0.0031446540880503,-0.2482213438735178,0.0417921892972559,-0.0003503854239662,-0.0515213723518312,144500.0,83400.0,-0.3418685121107266,0.1402877697841726,20701684.0,1968730148400.0,6954282600.0,7374147575.0,0.0035323696371754,yfinance_download,237690.KQ
2022-07-11,95100.0,97300.0,95100.0,96000.0,93849.65625,70009.0,0.0094637223974762,-0.3356401384083045,91455.0,95190.0,100030.0,0.4619011775677972,0.4233627852676948,0.0367170626349893,0.0367170626349893,-0.2276749798873693,0.0496965720846318,0.0085092971950835,-0.0402879136259122,144500.0,83400.0,-0.3356401384083045,0.1510791366906474,20701684.0,1987361664000.0,6720864000.0,7284332635.0,0.0033818021760935,yfinance_download,237690.KQ
2022-07-12,95500.0,97200.0,93600.0,94400.0,92285.5,82888.0,-0.0166666666666667,-0.3467128027681661,91550.0,95225.0,99780.83333333331,0.4666582839179023,0.4248219330869275,0.0205405405405405,0.0227518959913326,-0.2405470635559131,0.0311305297651556,-0.0086636912575479,-0.0539265222946958,144500.0,83400.0,-0.3467128027681661,0.1318944844124701,20701684.0,1954238969600.0,7824627200.0,7269308620.0,0.0040039254777534,yfinance_download,237690.KQ
2022-07-13,94400.0,95800.0,94100.0,94800.0,92676.5234375,42663.0,0.0042372881355932,-0.3439446366782007,91815.0,95215.0,99474.16666666669,0.4492030815308395,0.4193481234388493,0.059217877094972,-0.0062893081761006,-0.2796352583586626,0.0325110276098676,-0.0043585569500603,-0.0469887491727333,144500.0,83400.0,-0.3439446366782007,0.1366906474820144,20701684.0,1962519643200.0,4044452400.0,7002994265.0,0.0020608468373877,yfinance_download,237690.KQ
2022-07-14,94100.0,94100.0,92000.0,92900.0,90819.09375,62185.0,-0.020042194092827,-0.3570934256055363,92005.0,95171.66666666669,99183.33333333331,0.456102629773239,0.4213961509547608,0.042648709315376,-0.0272251308900524,-0.2730829420970265,0.0097277321884681,-0.0238691487312401,-0.0633506973617878,144500.0,83400.0,-0.3570934256055363,0.1139088729016786,20701684.0,1923186443600.0,5776986500.0,7060851840.0,0.0030038619080457,yfinance_download,237690.KQ
2022-07-15,94000.0,95400.0,92400.0,93300.0,91210.125,61025.0,0.0043057050592034,-0.3543252595155709,92285.0,95123.33333333331,98900.0,0.4510218163490515,0.4212134742686495,0.0638540478905358,-0.0301455301455301,-0.2670856245090337,0.0109985371403802,-0.0191680975575567,-0.0566228513650152,144500.0,83400.0,-0.3543252595155709,0.1187050359712229,20701684.0,1931467117200.0,5693632500.0,6975360535.0,0.0029478278192247,yfinance_download,237690.KQ
2022-07-18,94200.0,95200.0,92700.0,93600.0,91503.40625,44317.0,0.0032154340836012,-0.3522491349480968,92580.0,95093.33333333331,98636.66666666669,0.4508374770127931,0.4209233199919234,0.0672748004561003,-0.0188679245283018,-0.2523961661341852,0.0110174983797797,-0.0157038698822209,-0.0510628231556893,144500.0,83400.0,-0.3522491349480968,0.1223021582733812,20701684.0,1937677622400.0,4148071200.0,6854994115.0,0.0021407437192066,yfinance_download,237690.KQ
2022-07-19,93600.0,94400.0,92300.0,94200.0,92089.96875,37218.0,0.0064102564102563,-0.3480968858131488,92645.0,95051.66666666669,98406.66666666669,0.4005225144737929,0.4201865646949061,0.0139935414424112,-0.0258531540847983,-0.2266009852216748,0.0167844999730153,-0.0089600392768846,-0.042747781315629,144500.0,83400.0,-0.3480968858131488,0.1294964028776979,20701684.0,1950098632800.0,3505935600.0,6649103615.0,0.0017978247566719,yfinance_download,237690.KQ
2022-07-20,95100.0,95300.0,92200.0,93500.0,91405.6484375,64821.0,-0.0074309978768577,-0.3529411764705882,92820.0,94993.33333333331,98181.66666666669,0.3836984273100891,0.4203987934414414,0.0388888888888889,-0.0360824742268041,-0.2240663900414937,0.0073260073260073,-0.0157204014316794,-0.0476837155612894,144500.0,83400.0,-0.3529411764705882,0.1211031175059951,20701684.0,1935607454000.0,6060763500.0,6708061790.0,0.0031311945443665,yfinance_download,237690.KQ
2022-07-21,93200.0,93300.0,90900.0,91400.0,89352.6875,73475.0,-0.0224598930481283,-0.3674740484429065,92965.0,94910.0,97896.66666666669,0.38799992670739,0.4226937371732281,0.0327683615819209,-0.0518672199170124,-0.2722929936305732,-0.0168342924756629,-0.0369824043830997,-0.0663624910620042,144500.0,83400.0,-0.3674740484429065,0.0959232613908873,20701684.0,1892133917600.0,6715615000.0,6725220415.0,0.0035492281690706,yfinance_download,237690.KQ
2022-07-22,91100.0,92000.0,90400.0,90600.0,88570.609375,40405.0,-0.0087527352297592,-0.3730103806228374,92830.0,94836.66666666669,97652.5,0.3362666842053852,0.4220434196441375,-0.0289389067524116,-0.0463157894736842,-0.244370308590492,-0.0240224065496068,-0.0446732979508629,-0.0722203732623333,144500.0,83400.0,-0.3730103806228374,0.0863309352517984,20701684.0,1875572570400.0,3660693000.0,6538437190.0,0.0019517735851827,yfinance_download,237690.KQ
2022-07-25,90500.0,90600.0,89400.0,90500.0,88472.8515625,39332.0,-0.0011037527593819,-0.3737024221453286,92665.0,94805.0,97448.33333333331,0.3353615536935438,0.4183028010522769,-0.035181236673774,-0.0205627705627705,-0.2130434782608695,-0.0233637295634813,-0.0454089974157481,-0.0713027416237663,144500.0,83400.0,-0.3737024221453286,0.0851318944844123,20701684.0,1873502402000.0,3559546000.0,6403164700.0,0.0018999420530233,yfinance_download,237690.KQ
2022-07-26,89600.0,91200.0,89600.0,90300.0,88277.3203125,26099.0,-0.0022099447513812,-0.3750865051903114,92560.0,94713.33333333331,97281.66666666669,0.3316673638221207,0.4112230496823811,-0.0227272727272727,-0.05741127348643,-0.1813236627379872,-0.0244165946413137,-0.0465967480819313,-0.0717675478421765,144500.0,83400.0,-0.3750865051903114,0.0827338129496402,20701684.0,1869362065200.0,2356739700.0,6314949685.0,0.0012607186932232,yfinance_download,237690.KQ
2022-07-27,90000.0,91500.0,89900.0,90500.0,88472.8515625,34087.0,0.0022148394241416,-0.3737024221453286,92590.0,94646.66666666669,97124.16666666669,0.3170552430958513,0.4103774827034555,0.0066740823136819,-0.0423280423280423,-0.1727605118829981,-0.0225726320336969,-0.0438120729731633,-0.068203073385443,144500.0,83400.0,-0.3737024221453286,0.0851318944844123,20701684.0,1873502402000.0,3084873500.0,6230459415.0,0.0016465810221042,yfinance_download,237690.KQ
2022-07-28,91000.0,92400.0,89700.0,90000.0,87984.046875,63122.0,-0.005524861878453,-0.3771626297577855,92595.0,94511.66666666669,97015.83333333331,0.3177809759383255,0.4025659110848884,0.0011123470522802,-0.0825688073394494,-0.1262135922330097,-0.028025271342945,-0.0477366110004056,-0.0723163744749567,144500.0,83400.0,-0.3771626297577855,0.0791366906474819,20701684.0,1863151560000.0,5680980000.0,6320140120.0,0.0030491239263433,yfinance_download,237690.KQ
2022-07-29,90500.0,90600.0,89200.0,90300.0,88277.3203125,49053.0,0.0033333333333334,-0.3750865051903114,92755.0,94381.66666666669,96889.16666666669,0.2953902043510817,0.4026635001722227,0.036739380022962,-0.0795107033639144,-0.1440758293838863,-0.0264675758719206,-0.043246393190768,-0.0680072591535001,144500.0,83400.0,-0.3750865051903114,0.0827338129496402,20701684.0,1869362065200.0,4429485900.0,6069597740.0,0.0023695173783929,yfinance_download,237690.KQ
2022-08-01,90100.0,100000.0,90100.0,98200.0,96000.3671875,481501.0,0.0874861572535992,-0.3204152249134948,93075.0,94288.33333333331,96810.0,0.3842592104779201,0.424988124044325,0.0697167755991285,-0.0539499036608863,-0.0882079851439182,0.0550631211388665,0.0414862213423365,0.0143580208656131,144500.0,83400.0,-0.3204152249134948,0.1774580335731415,20701684.0,2032905368800.0,47283398200.0,7836255220.0,0.0232590256908568,yfinance_download,237690.KQ
2022-08-02,97200.0,99800.0,96500.0,97400.0,95218.296875,151409.0,-0.0081466395112016,-0.3259515570934256,93320.0,94221.66666666669,96735.0,0.3861651364246719,0.4226968978264658,0.0529729729729728,-0.039447731755424,-0.0845864661654135,0.0437205315045006,0.0337325102152723,0.0068744508192484,144500.0,83400.0,-0.3259515570934256,0.1678657074340528,20701684.0,2016344021600.0,14747236600.0,8243646425.0,0.0073138494433592,yfinance_download,237690.KQ
2022-08-03,97400.0,101200.0,97100.0,99900.0,97662.2890625,146731.0,0.0256673511293634,-0.3086505190311418,93680.0,94270.0,96699.16666666669,0.3945289580711597,0.4162897134337638,0.0776699029126213,0.0298969072164947,-0.0412667946257198,0.066396242527754,0.0597220748912696,0.0331009402011392,144500.0,83400.0,-0.3086505190311418,0.1978417266187051,20701684.0,2068098231600.0,14658426900.0,8397869480.0,0.0070878774886139,yfinance_download,237690.KQ
2022-08-04,104100.0,107800.0,103400.0,106000.0,103625.65625,361474.0,0.0610610610610611,-0.2664359861591695,94145.0,94491.66666666669,96712.5,0.4222342718754565,0.4234325564459907,0.0961737331954497,0.1434735706580368,0.0153256704980841,0.1259227786924426,0.1217920451538936,0.0960320537676102,144500.0,83400.0,-0.2664359861591695,0.2709832134292567,20701684.0,2194378504000.0,38316244000.0,9761142715.0,0.0174610915711011,yfinance_download,237690.KQ
2022-08-05,106800.0,114000.0,106600.0,113700.0,111153.1796875,347777.0,0.0726415094339623,-0.2131487889273357,95075.0,94805.0,96812.5,0.4771892358614586,0.4451727445282959,0.1955835962145109,0.1981032665964173,0.1179941002949853,0.1958979752826715,0.1993038341859607,0.1744351194318916,144500.0,83400.0,-0.2131487889273357,0.3633093525179856,20701684.0,2353781470800.0,39542244900.0,11390540830.0,0.0167994545757726,yfinance_download,237690.KQ
2022-08-08,114100.0,116400.0,105000.0,110800.0,108318.1328125,250805.0,-0.0255057167985928,-0.2332179930795848,95815.0,95130.0,96891.66666666669,0.4929954893950043,0.4409527426635102,0.1541666666666665,0.2135815991237677,0.0937808489634748,0.1563951364608882,0.1647219594239461,0.1435451965253289,144500.0,83400.0,-0.2332179930795848,0.3285371702637889,20701684.0,2293746587200.0,27789194000.0,12443957330.0,0.0121151979713341,yfinance_download,237690.KQ
2022-08-09,110900.0,116700.0,110600.0,115500.0,112912.859375,191169.0,0.0424187725631768,-0.2006920415224913,96870.0,95506.66666666669,97071.66666666669,0.498940374048953,0.4472163517456638,0.2235169491525424,0.2432723358449946,0.2300319488817892,0.1923196035924435,0.2093396621527292,0.1898425561870096,144500.0,83400.0,-0.2006920415224913,0.3848920863309353,20701684.0,2391044502000.0,22080019500.0,13156726945.0,0.0092344661429475,yfinance_download,237690.KQ
2022-08-10,114800.0,115900.0,112100.0,112200.0,109686.7734375,99078.0,-0.0285714285714285,-0.2235294117647058,97740.0,95826.66666666669,97219.16666666669,0.5177196805493145,0.4521497788897569,0.1835443037974684,0.2064516129032259,0.1873015873015873,0.1479435236341313,0.1708640601085291,0.1540934143644514,144500.0,83400.0,-0.2235294117647058,0.3453237410071943,20701684.0,2322728944800.0,11116551600.0,13510331905.0,0.004785987458798,yfinance_download,237690.KQ
2022-08-11,113200.0,117400.0,113200.0,114000.0,111446.4609375,122709.0,0.0160427807486631,-0.2110726643598616,98795.0,96145.0,97396.66666666669,0.5066446274618155,0.4515381259126551,0.2271259418729816,0.2012644889357218,0.2297734627831715,0.1539045498253959,0.1857090852358416,0.1704712686950271,144500.0,83400.0,-0.2110726643598616,0.3669064748201438,20701684.0,2359991976000.0,13988826000.0,13920923880.0,0.0059274887975297,yfinance_download,237690.KQ
2022-08-12,114000.0,114500.0,109500.0,110000.0,107536.0625,128176.0,-0.0350877192982456,-0.2387543252595155,99630.0,96426.66666666669,97500.0,0.5319593958734509,0.4561417898020032,0.1789924973204715,0.1815252416756176,0.1270491803278688,0.1040851149252233,0.1407632743362832,0.1282051282051282,144500.0,83400.0,-0.2387543252595155,0.3189448441247002,20701684.0,2277185240000.0,14099360000.0,14341210255.0,0.0061915735937231,yfinance_download,237690.KQ
2022-08-16,110800.0,111800.0,109100.0,109800.0,107340.546875,70004.0,-0.0018181818181818,-0.2401384083044982,100440.0,96715.0,97604.16666666669,0.5329575037352235,0.4558231461045771,0.1730769230769231,0.1870270270270271,0.1284686536485098,0.093189964157706,0.1352944217546399,0.1249519743863394,144500.0,83400.0,-0.2401384083044982,0.3165467625899281,20701684.0,2273044903200.0,7686439200.0,14518128655.0,0.0033815606498485,yfinance_download,237690.KQ
2022-08-17,109800.0,109900.0,103800.0,105200.0,102843.578125,162717.0,-0.0418943533697632,-0.2719723183391003,100990.0,96898.33333333331,97663.33333333331,0.5622845877947761,0.463948739773297,0.1167728237791931,0.1167728237791931,0.0723751274209989,0.0416872957718585,0.0856739882006916,0.0771698692788149,144500.0,83400.0,-0.2719723183391003,0.2613908872901678,20701684.0,2177817156800.0,17117828400.0,15198723295.0,0.0078600851988659,yfinance_download,237690.KQ
2022-08-18,104500.0,105600.0,103400.0,104100.0,101768.2109375,88942.0,-0.0104562737642585,-0.2795847750865051,101520.0,97000.0,97705.83333333331,0.5633529747524711,0.4577771502423775,0.1133689839572191,0.0622448979591836,0.0515151515151515,0.0254137115839243,0.0731958762886597,0.0654430390543041,144500.0,83400.0,-0.2795847750865051,0.2482014388489208,20701684.0,2155045304400.0,9258862200.0,15358628230.0,0.0042963654551001,yfinance_download,237690.KQ
2022-08-19,104100.0,104200.0,102100.0,102300.0,100008.5390625,67134.0,-0.0172910662824207,-0.2920415224913495,102065.0,97101.66666666669,97754.16666666669,0.560183572740482,0.4575838317312872,0.1192560175054704,0.0634095634095635,0.060103626943005,0.0023024543183265,0.0535349547724892,0.046502706619496,144500.0,83400.0,-0.2920415224913495,0.2266187050359711,20701684.0,2117782273200.0,6867808200.0,15366237890.0,0.0032429245852656,yfinance_download,237690.KQ
2022-08-22,101100.0,101200.0,98500.0,99000.0,96782.453125,99008.0,-0.032258064516129,-0.314878892733564,102485.0,97085.0,97755.83333333331,0.5745485215766784,0.4557093505578781,0.0927152317880795,-0.01,0.0020242914979757,-0.0340049763380007,0.0197249832620898,0.0127272882266191,144500.0,83400.0,-0.314878892733564,0.1870503597122301,20701684.0,2049466716000.0,9801792000.0,15673292840.0,0.0047826060913691,yfinance_download,237690.KQ
2022-08-23,97800.0,99700.0,96500.0,96800.0,94631.7265625,91519.0,-0.0222222222222222,-0.3301038062283736,102800.0,97020.0,97776.66666666669,0.5823853669581662,0.4577857111648127,0.0696132596685084,-0.038728897715988,0.026511134676564,-0.0583657587548638,-0.0022675736961451,-0.0099887498721576,144500.0,83400.0,-0.3301038062283736,0.1606714628297361,20701684.0,2003923011200.0,8859039200.0,15938267500.0,0.0044208480817309,yfinance_download,237690.KQ
2022-08-24,98000.0,98700.0,96900.0,98200.0,96000.3671875,67222.0,0.0144628099173553,-0.3204152249134948,103195.0,96966.66666666669,97770.0,0.5830364391072931,0.4585490326103695,0.0874861572535992,-0.0315581854043393,-0.0080808080808081,-0.0484035079218954,0.0127191474733585,0.0043980771197709,144500.0,83400.0,-0.3204152249134948,0.1774580335731415,20701684.0,2032905368800.0,6601200400.0,16150490535.0,0.0032471754471761,yfinance_download,237690.KQ
2022-08-25,98700.0,101200.0,97300.0,99500.0,97271.2421875,80611.0,0.0132382892057025,-0.3114186851211072,103645.0,96921.66666666669,97770.0,0.5836939215035578,0.4590793454820597,0.0994475138121546,-0.0264187866927593,0.0,-0.0399922813449756,0.0266022389214657,0.0176945893423341,144500.0,83400.0,-0.3114186851211072,0.1930455635491605,20701684.0,2059817558000.0,8020794500.0,16397286585.0,0.0038939344258177,yfinance_download,237690.KQ
2022-08-26,99700.0,100200.0,97400.0,97800.0,95609.328125,52543.0,-0.0170854271356784,-0.3231833910034601,104035.0,96821.66666666669,97731.66666666669,0.5879849004911107,0.4592012074591945,0.0866666666666666,-0.0578034682080924,-0.044921875,-0.0599317537367232,0.0101044876319005,0.0006991933696003,144500.0,83400.0,-0.3231833910034601,0.1726618705035971,20701684.0,2024624695200.0,5138705400.0,16370172855.0,0.0025381026973457,yfinance_download,237690.KQ
2022-08-29,93700.0,97800.0,93200.0,95200.0,93067.5703125,90696.0,-0.0265848670756646,-0.3411764705882353,104280.0,96675.0,97660.0,0.5984722688327611,0.4622419035429108,0.0542635658914729,-0.0846153846153846,-0.0828516377649325,-0.0870732642884541,-0.0152573054047064,-0.0251894327257833,144500.0,83400.0,-0.3411764705882353,0.1414868105515587,20701684.0,1970800316800.0,8634259200.0,16580411520.0,0.0043810928618174,yfinance_download,237690.KQ
2022-08-30,95500.0,98600.0,95500.0,98500.0,96293.65625,49179.0,0.0346638655462185,-0.3183391003460207,104295.0,96600.0,97645.83333333331,0.5247592405881705,0.467618779772911,0.0030549898167007,-0.0436893203883494,-0.0169660678642714,-0.0555635457116832,0.0196687370600414,0.0087475997439727,144500.0,83400.0,-0.3183391003460207,0.1810551558752997,20701684.0,2039115874000.0,4844131500.0,14458448185.0,0.0023756038397649,yfinance_download,237690.KQ
2022-08-31,96500.0,98500.0,96300.0,98500.0,96293.65625,52453.0,0.0,-0.3183391003460207,104350.0,96576.66666666669,97650.0,0.5237409393713064,0.4634839536790245,0.0112936344969198,-0.014014014014014,0.0051020408163264,-0.0560613320555821,0.019915093362786,0.0087045570916539,144500.0,83400.0,-0.3183391003460207,0.1810551558752997,20701684.0,2039115874000.0,5166620500.0,13979417380.0,0.0025337552249372,yfinance_download,237690.KQ
2022-09-01,96800.0,97200.0,95100.0,95400.0,93263.09375,74282.0,-0.0314720812182741,-0.3397923875432526,104125.0,96490.0,97621.66666666669,0.5274105860905419,0.4677509379048396,-0.045045045045045,-0.05168986083499,-0.034412955465587,-0.0837935174069628,-0.0112965074100943,-0.0227579260068633,144500.0,83400.0,-0.3397923875432526,0.1438848920863309,20701684.0,1974940653600.0,7086502800.0,13600821175.0,0.0035882105050004,yfinance_download,237690.KQ
2022-09-02,96100.0,97400.0,94700.0,94700.0,92578.7734375,42395.0,-0.0073375262054506,-0.344636678200692,103560.0,96388.33333333331,97573.33333333331,0.4723157289491737,0.4679324911777883,-0.1066037735849056,-0.060515873015873,-0.0577114427860696,-0.0855542680571649,-0.0175159511005826,-0.0294479365946979,144500.0,83400.0,-0.344636678200692,0.1354916067146283,20701684.0,1960449474800.0,4014806500.0,11885749300.0,0.0020479010306601,yfinance_download,237690.KQ
2022-09-05,95400.0,95600.0,92000.0,93100.0,91014.6171875,49863.0,-0.0168954593453009,-0.3557093425605536,102530.0,96296.66666666669,97519.16666666669,0.3730958854934576,0.4670865696112787,-0.1811785400175901,-0.0557809330628803,-0.0652610441767068,-0.0919730810494489,-0.0331960261691302,-0.0453158780752501,144500.0,83400.0,-0.3557093425605536,0.1163069544364507,20701684.0,1927326780400.0,4642245300.0,10140749320.0,0.0024086446300697,yfinance_download,237690.KQ
2022-09-06,92000.0,94900.0,92000.0,93600.0,91503.40625,43713.0,0.0053705692803436,-0.3522491349480968,101670.0,96313.33333333331,97515.83333333331,0.3718240059544396,0.4499656700842004,-0.1552346570397111,0.0107991360691144,-0.0042553191489361,-0.0793744467394511,-0.0281719388108256,-0.0401558721233303,144500.0,83400.0,-0.3522491349480968,0.1223021582733812,20701684.0,1937677622400.0,4091536800.0,8955866460.0,0.0021115673488205,yfinance_download,237690.KQ
2022-09-07,92100.0,93500.0,90700.0,91200.0,89157.171875,74389.0,-0.0256410256410256,-0.3688581314878892,100455.0,96291.66666666669,97467.5,0.3245650177898491,0.4531534515564867,-0.2103896103896103,-0.014054054054054,-0.0597938144329897,-0.0921308048379871,-0.0528775421895283,-0.0643034857773103,144500.0,83400.0,-0.3688581314878892,0.0935251798561151,20701684.0,1887993580800.0,6784276800.0,8191079325.0,0.0035933791666417,yfinance_download,237690.KQ
2022-09-08,92600.0,96000.0,92100.0,95000.0,92872.046875,101613.0,0.0416666666666667,-0.342560553633218,99595.0,96383.33333333331,97423.33333333331,0.3684757887076646,0.4558296427923665,-0.1532976827094474,0.0614525139664805,-0.0528414755732801,-0.046136854259752,-0.0143524122427804,-0.0248742601019604,144500.0,83400.0,-0.342560553633218,0.1390887290167866,20701684.0,1966659980000.0,9653235000.0,8117913495.0,0.0049084412649714,yfinance_download,237690.KQ
2022-09-13,97600.0,98300.0,93500.0,94400.0,92285.5,96628.0,-0.0063157894736841,-0.3467128027681661,98615.0,96471.66666666669,97282.5,0.3574855268869532,0.4559467397448454,-0.1719298245614035,0.0594837261503928,-0.1518418688230008,-0.0427419763727627,-0.0214743534371059,-0.0296302007041349,144500.0,83400.0,-0.3467128027681661,0.1318944844124701,20701684.0,1954238969600.0,9121683200.0,7874556355.0,0.0046676395987881,yfinance_download,237690.KQ
2022-09-14,91900.0,91900.0,89600.0,89700.0,87690.7734375,173296.0,-0.0497881355932203,-0.3792387543252595,97600.0,96505.0,97099.16666666669,0.3750119606233731,0.4666197838796881,-0.1845454545454545,0.0228050171037628,-0.1969561324977619,-0.0809426229508196,-0.0705144811149681,-0.0762021644538659,144500.0,83400.0,-0.3792387543252595,0.0755395683453237,20701684.0,1856941054800.0,15544651200.0,7946820915.0,0.0083711064278635,yfinance_download,237690.KQ
2022-09-15,90200.0,90700.0,89200.0,89500.0,87495.25,61974.0,-0.0022296544035674,-0.3806228373702421,96585.0,96535.0,96945.83333333331,0.3748974240514076,0.4666583361899785,-0.1848816029143898,0.0205245153933866,-0.170528266913809,-0.0733550758399337,-0.0728751230123789,-0.0768040572484634,144500.0,83400.0,-0.3806228373702421,0.0731414868105515,20701684.0,1852800718000.0,5546673000.0,7839832605.0,0.0029936695005102,yfinance_download,237690.KQ
2022-09-16,88400.0,89300.0,86800.0,87100.0,85149.0078125,114133.0,-0.0268156424581005,-0.3972318339100346,95680.0,96438.33333333331,96761.66666666669,0.3614099030718716,0.4537105576627537,-0.1720532319391635,-0.0624327233584499,-0.2023809523809523,-0.0896739130434782,-0.0968321725454953,-0.0998501472690631,144500.0,83400.0,-0.3972318339100346,0.0443645083932853,20701684.0,1803116676400.0,9940984300.0,7480990400.0,0.0055132229822462,yfinance_download,237690.KQ
2022-09-19,86500.0,88300.0,85100.0,85800.0,83878.125,75185.0,-0.0149253731343284,-0.4062283737024221,94765.0,96368.33333333331,96573.33333333331,0.3619719411634256,0.4502425026125791,-0.1757925072046109,-0.0466666666666666,-0.2084870848708486,-0.0946024376088218,-0.1096660382905864,-0.1115559850890514,144500.0,83400.0,-0.4062283737024221,0.0287769784172662,20701684.0,1776204487200.0,6450873000.0,7340590940.0,0.0036318301448326,yfinance_download,237690.KQ
2022-09-20,86900.0,90400.0,86800.0,89000.0,87006.4453125,97712.0,0.0372960372960373,-0.3840830449826989,94100.0,96376.66666666669,96423.33333333331,0.3963625249202417,0.4554710078975602,-0.1300097751710655,0.0056497175141243,-0.1682242990654205,-0.0541976620616365,-0.0765399647217515,-0.0769868980537213,144500.0,83400.0,-0.3840830449826989,0.0671462829736211,20701684.0,1842449876000.0,8696368000.0,7432018930.0,0.0047200024886864,yfinance_download,237690.KQ
2022-09-21,88900.0,88900.0,84900.0,85000.0,83096.046875,88203.0,-0.0449438202247191,-0.4117647058823529,93400.0,96238.33333333331,96249.16666666669,0.4095733901313993,0.4508137231930512,-0.1414141414141414,-0.0889603429796356,-0.1973559962228517,-0.0899357601713062,-0.1167760594357757,-0.1168754707832968,144500.0,83400.0,-0.4117647058823529,0.0191846522781775,20701684.0,1759643140000.0,7497255000.0,7316792080.0,0.0042606678761012,yfinance_download,237690.KQ
2022-09-22,84800.0,84800.0,82500.0,84000.0,82118.4453125,75719.0,-0.0117647058823529,-0.4186851211072664,92760.0,96075.0,96084.16666666669,0.4061806970331653,0.4511216269447397,-0.1322314049586777,-0.1044776119402984,-0.1907514450867051,-0.0944372574385511,-0.1256830601092896,-0.125766472103451,144500.0,83400.0,-0.4186851211072664,0.0071942446043165,20701684.0,1738941456000.0,6360396000.0,7191859920.0,0.0036576251477899,yfinance_download,237690.KQ
2022-09-23,83100.0,84700.0,80500.0,81100.0,79283.3984375,85392.0,-0.0345238095238095,-0.4387543252595155,91905.0,95886.66666666669,95883.33333333331,0.4094479223015343,0.4553904318765533,-0.1741344195519348,-0.1222943722943723,-0.2290874524714828,-0.117567052935096,-0.1542098310505458,-0.1541804276029896,144500.0,81100.0,-0.4387543252595155,0.0,20701684.0,1678906572400.0,6925291200.0,7208064460.0,0.0041248818212083,yfinance_download,237690.KQ
2022-09-26,79300.0,82100.0,78700.0,79100.0,77328.203125,108256.0,-0.0246609124537607,-0.4525951557093426,90885.0,95706.66666666669,95673.33333333331,0.4039596352431616,0.4548485556614511,-0.2050251256281406,-0.1201334816462736,-0.2416107382550335,-0.129669362381031,-0.1735162998049596,-0.1732283464566928,144500.0,79100.0,-0.4525951557093426,0.0,20701684.0,1637503204400.0,8563049600.0,7235177215.0,0.0052293330339696,yfinance_download,237690.KQ
2022-09-27,79200.0,80600.0,79000.0,80300.0,78501.3203125,62467.0,0.0151706700379266,-0.4442906574394464,90010.0,95546.66666666669,95535.83333333331,0.4137284548067007,0.4561562404561148,-0.1789366053169734,-0.1067853170189099,-0.1704545454545454,-0.1078769025663815,-0.159572983533352,-0.159477682893853,144500.0,79100.0,-0.4442906574394464,0.0151706700379266,20701684.0,1662345225200.0,5016100100.0,7229046950.0,0.0030174839882591,yfinance_download,237690.KQ
2022-09-28,79600.0,83600.0,79600.0,81400.0,79576.6875,80314.0,0.0136986301369863,-0.4366782006920415,89320.0,95451.66666666669,95402.5,0.4163498719082939,0.4529468649217558,-0.1449579831932773,-0.0654420206659012,-0.164271047227926,-0.0886699507389162,-0.1472123762462678,-0.1467728833101858,144500.0,79100.0,-0.4366782006920415,0.0290771175726927,20701684.0,1685117077600.0,6537559600.0,7124211970.0,0.0038795877668695,yfinance_download,237690.KQ
2022-09-29,83700.0,85300.0,82400.0,82400.0,80554.2734375,84697.0,0.0122850122850122,-0.429757785467128,88515.0,95295.0,95275.0,0.3932482500734605,0.4392993586600726,-0.1634517766497462,-0.10239651416122,-0.1566018423746161,-0.0690843359882505,-0.1353166483026391,-0.1351351351351351,144500.0,79100.0,-0.429757785467128,0.0417193426042983,20701684.0,1705818761600.0,6979032800.0,7230957035.0,0.0040913096731647,yfinance_download,237690.KQ
2022-09-30,80700.0,83400.0,80700.0,82500.0,80652.046875,46695.0,0.0012135922330096,-0.4290657439446367,87715.0,95128.33333333331,95146.66666666669,0.3936233178552529,0.4389313456324544,-0.1624365482233503,-0.1081081081081081,-0.1573033707865169,-0.0594539132417488,-0.1327504949454245,-0.132917600896861,144500.0,79100.0,-0.4290657439446367,0.0429835651074588,20701684.0,1707888930000.0,3852337500.0,7165242885.0,0.0022556136012896,yfinance_download,237690.KQ
2022-10-04,83300.0,86900.0,83000.0,85500.0,83584.8359375,87615.0,0.0363636363636363,-0.4083044982698962,87220.0,95008.33333333331,95056.66666666669,0.4142933531352359,0.4457059456639538,-0.1037735849056603,-0.0776699029126213,-0.1121495327102803,-0.0197202476496216,-0.1000789404438207,-0.1005365220745521,144500.0,79100.0,-0.4083044982698962,0.0809102402022756,20701684.0,1769993982000.0,7491082500.0,7185471870.0,0.0042322643896989,yfinance_download,237690.KQ
2022-10-05,87500.0,87900.0,82000.0,83200.0,81336.3671875,74126.0,-0.0269005847953216,-0.4242214532871972,86645.0,94783.33333333331,94960.83333333331,0.4214286896452361,0.4391642947655005,-0.1214361140443506,-0.139607032057911,-0.1214361140443506,-0.0397599399849962,-0.1222085458062246,-0.1238493062929453,144500.0,79100.0,-0.4242214532871972,0.0518331226295827,20701684.0,1722380108800.0,6167283200.0,7293095705.0,0.003580674886159,yfinance_download,237690.KQ
2022-10-06,83800.0,86100.0,83300.0,86000.0,84073.6484375,38672.0,0.0336538461538462,-0.4048442906574394,86290.0,94631.66666666669,94882.5,0.4419789356742287,0.4441491483743607,-0.0762620837808807,-0.095688748685594,-0.0985324947589099,-0.003360760227141,-0.0912133006921573,-0.0936157879482517,144500.0,79100.0,-0.4048442906574394,0.0872313527180783,20701684.0,1780344824000.0,3325792000.0,7227273040.0,0.0018680605886941,yfinance_download,237690.KQ
2022-10-07,84800.0,86400.0,83500.0,84500.0,82607.25,65209.0,-0.0174418604651163,-0.4152249134948097,85835.0,94440.0,94815.0,0.443261185973302,0.4447875408802869,-0.0972222222222222,-0.1197916666666666,-0.0874730021598272,-0.0155530960563872,-0.1052520118593816,-0.1087908031429626,144500.0,79100.0,-0.4152249134948097,0.06826801517067,20701684.0,1749292298000.0,5510160500.0,7298204225.0,0.0031499369809721,yfinance_download,237690.KQ
2022-10-11,82300.0,82500.0,78700.0,79400.0,77621.4765625,103247.0,-0.0603550295857988,-0.4505190311418685,85245.0,94190.0,94707.5,0.4805410588734312,0.4598059227011822,-0.1293859649122807,-0.1588983050847457,-0.1397616468039003,-0.0685670713824857,-0.157023038539123,-0.1616292268299765,144500.0,79100.0,-0.4505190311418685,0.0037926675094817,20701684.0,1643713709600.0,8197811800.0,7368880975.0,0.0049873720418107,yfinance_download,237690.KQ
2022-10-12,79400.0,80300.0,78200.0,79900.0,78110.2890625,46609.0,0.0062972292191436,-0.4470588235294117,84490.0,93941.66666666669,94578.33333333331,0.4489135001656542,0.4599536675693048,-0.1589473684210526,-0.1571729957805907,-0.1624737945492662,-0.0543259557344064,-0.149472190188947,-0.1551976315928595,144500.0,79100.0,-0.4470588235294117,0.0101137800252844,20701684.0,1654064551600.0,3724059100.0,7072422180.0,0.002251459349877,yfinance_download,237690.KQ
2022-10-13,80000.0,80300.0,75800.0,76900.0,75177.484375,99311.0,-0.0375469336670838,-0.4678200692041522,83615.0,93675.0,94423.33333333331,0.4606775026920967,0.4641946945565439,-0.1853813559322034,-0.1722282023681377,-0.1947643979057591,-0.0803085570770795,-0.1790765946090206,-0.1855826596533342,144500.0,76900.0,-0.4678200692041522,0.0,20701684.0,1591959499600.0,7637015900.0,6998188815.0,0.0047972425818112,yfinance_download,237690.KQ
2022-10-14,78300.0,82500.0,78300.0,82300.0,80456.5234375,82526.0,0.0702210663198958,-0.4304498269896194,83245.0,93491.66666666669,94307.5,0.5161203312949242,0.4875310190060715,-0.0824972129319955,-0.1178992497320471,-0.1444906444906445,-0.0113520331551444,-0.1197076388269899,-0.1273228534315934,144500.0,76900.0,-0.4304498269896194,0.0702210663198958,20701684.0,1703748593200.0,6791889800.0,6560550745.0,0.0039864389776213,yfinance_download,237690.KQ
2022-10-17,81000.0,81400.0,78600.0,80600.0,78794.609375,43386.0,-0.0206561360874848,-0.4422145328719723,82800.0,93275.0,94184.16666666669,0.5195122807367766,0.4889698941112185,-0.0994413407821228,-0.1388888888888888,-0.1551362683438155,-0.0265700483091787,-0.1358885017421602,-0.1442298333937941,144500.0,76900.0,-0.4422145328719723,0.048114434330299,20701684.0,1668555730400.0,3496911600.0,6458062675.0,0.0020957715324028,yfinance_download,237690.KQ
2022-10-18,82200.0,84100.0,81300.0,83600.0,81727.3984375,51660.0,0.0372208436724565,-0.4214532871972318,82625.0,93098.33333333331,94075.0,0.5329382233325499,0.4952774599169695,-0.0401836969001148,-0.1125265392781316,-0.1354705274043433,0.0118003025718607,-0.1020247408653931,-0.1113473292585702,144500.0,76900.0,-0.4214532871972318,0.0871261378413523,20701684.0,1730660782400.0,4318776000.0,6176952260.0,0.0024954491624932,yfinance_download,237690.KQ
2022-10-19,83200.0,84300.0,81500.0,81800.0,79967.734375,50775.0,-0.0215311004784688,-0.4339100346020761,82425.0,92903.33333333331,93948.33333333331,0.5356517636750342,0.4968372854411809,-0.0466200466200465,-0.1251336898395721,-0.156701030927835,-0.0075826508947528,-0.1195149079688564,-0.129308662562756,144500.0,76900.0,-0.4339100346020761,0.0637191157347203,20701684.0,1693397751200.0,4153395000.0,6062078360.0,0.0024526990171427,yfinance_download,237690.KQ
2022-10-20,81800.0,82200.0,79800.0,81100.0,79283.3984375,68677.0,-0.0085574572127139,-0.4387543252595155,82030.0,92731.66666666669,93820.83333333331,0.5155641532144316,0.4951763441096116,-0.0887640449438201,-0.1126914660831509,-0.158713692946058,-0.0113373156162379,-0.1254335987347005,-0.1355864457965092,144500.0,76900.0,-0.4387543252595155,0.0546163849154746,20701684.0,1678906572400.0,5569704700.0,5905745195.0,0.0033174595844473,yfinance_download,237690.KQ
2022-10-21,81100.0,82100.0,79900.0,80500.0,78696.84375,57193.0,-0.0073982737361282,-0.4429065743944637,81805.0,92563.33333333331,93700.0,0.4928770148232674,0.4950996040991508,-0.0529411764705882,-0.1114790286975717,-0.1526315789473684,-0.0159525701362996,-0.1303251827577514,-0.1408751334044824,144500.0,76900.0,-0.4429065743944637,0.046814044213264,20701684.0,1666485562000.0,4604036500.0,5761084270.0,0.0027627221051195,yfinance_download,237690.KQ
2022-10-24,82400.0,84400.0,81800.0,82400.0,80554.2734375,59256.0,0.0236024844720497,-0.429757785467128,81725.0,92428.33333333331,93616.66666666669,0.4997718895079397,0.4977651259679777,-0.019047619047619,-0.0895027624309392,-0.1082251082251082,0.0082594065463443,-0.1084984762969507,-0.1198148477835143,144500.0,76900.0,-0.429757785467128,0.071521456436931,20701684.0,1705818761600.0,4882694400.0,5687199190.0,0.0028623758337727,yfinance_download,237690.KQ
2022-10-25,83300.0,83300.0,81600.0,82400.0,80554.2734375,26603.0,0.0,-0.429757785467128,81790.0,92296.66666666669,93505.0,0.483346727193876,0.4977643875856085,0.0160295930949445,-0.0874861572535991,-0.1398747390396659,0.0074581244650935,-0.1072266965220846,-0.1187637024758034,144500.0,76900.0,-0.429757785467128,0.071521456436931,20701684.0,1705818761600.0,2192087200.0,5450538990.0,0.0012850645387109,yfinance_download,237690.KQ
2022-10-26,82500.0,83400.0,81900.0,82400.0,80554.2734375,38250.0,0.0,-0.429757785467128,81955.0,92161.66666666669,93404.16666666669,0.4736532767108494,0.4977230786922177,0.0417193426042983,-0.0895027624309392,-0.128042328042328,0.0054298090415472,-0.1059189467783062,-0.1178123745371816,144500.0,76900.0,-0.429757785467128,0.071521456436931,20701684.0,1705818761600.0,3151800000.0,5179976510.0,0.001847675773623,yfinance_download,237690.KQ
2022-10-27,83000.0,85500.0,82600.0,84600.0,82705.0078125,59597.0,0.0266990291262136,-0.4145328719723183,82170.0,92071.66666666669,93291.66666666669,0.4794860323145791,0.5008664218973625,0.0535491905354919,-0.06,-0.1376146788990825,0.0295728368017524,-0.0811505530112413,-0.0931665922286735,144500.0,76900.0,-0.4145328719723183,0.1001300390117034,20701684.0,1751362466400.0,5041906200.0,5181266815.0,0.0028788479236761,yfinance_download,237690.KQ
2022-10-28,85000.0,85000.0,83400.0,84500.0,82607.25,53764.0,-0.0011820330969266,-0.4152249134948097,82325.0,91975.0,93178.33333333331,0.4780073169286142,0.5008024704506441,0.038083538083538,-0.0642303433001107,-0.1386340468909276,0.0264196781050713,-0.0812720848056537,-0.0931368164988283,144500.0,76900.0,-0.4152249134948097,0.0988296488946685,20701684.0,1749292298000.0,4543058000.0,5081541735.0,0.0025970834063547,yfinance_download,237690.KQ
2022-10-31,85200.0,85200.0,82200.0,83300.0,81434.1328125,63573.0,-0.0142011834319526,-0.4235294117647059,82370.0,91726.66666666669,93007.5,0.4799108271839544,0.4665796345093346,0.0109223300970873,-0.1517311608961303,-0.197495183044316,0.0112905183926186,-0.091867141507377,-0.1043733032282342,144500.0,76900.0,-0.4235294117647059,0.0832249674902469,20701684.0,1724450277200.0,5295630900.0,4997371640.0,0.0030709095936349,yfinance_download,237690.KQ
2022-11-01,82000.0,82000.0,75000.0,76100.0,74395.40625,369341.0,-0.0864345738295317,-0.4733564013840831,82050.0,91371.66666666669,92796.66666666669,0.5714503862106026,0.4973295414563521,-0.0775757575757576,-0.2186858316221765,-0.2495069033530572,-0.0725167580743448,-0.1671378800868249,-0.179927439922411,144500.0,76100.0,-0.4733564013840831,0.0,20701684.0,1575398152400.0,28106850100.0,6210097270.0,0.0178411089648552,yfinance_download,237690.KQ
2022-11-02,75600.0,75700.0,73700.0,75100.0,73417.796875,141581.0,-0.0131406044678055,-0.4802768166089965,81530.0,90958.33333333331,92614.16666666669,0.5524564325018283,0.4939152140072705,-0.1216374269005847,-0.2482482482482482,-0.2257731958762886,-0.0788666748436158,-0.1743472285845166,-0.1891089376175351,144500.0,75100.0,-0.4802768166089965,0.0,20701684.0,1554696468400.0,10632733100.0,6367179800.0,0.0068391054563483,yfinance_download,237690.KQ
2022-11-03,74000.0,74400.0,71800.0,72500.0,70876.03125,138106.0,-0.0346205059920106,-0.4982698961937716,80995.0,90400.0,92445.83333333331,0.5570126813107102,0.4785453163087741,-0.1286057692307692,-0.3160377358490566,-0.2179072276159654,-0.1048830174702142,-0.198008849557522,-0.2157569748050659,144500.0,72500.0,-0.4982698961937716,0.0,20701684.0,1500872090000.0,10012685000.0,6559449890.0,0.0066712447161303,yfinance_download,237690.KQ
2022-11-04,72600.0,73800.0,71800.0,72800.0,71169.3203125,98613.0,0.0041379310344826,-0.4961937716262976,80335.0,89718.33333333333,92261.66666666669,0.5385006262542406,0.450305613767527,-0.1534883720930232,-0.3597185576077396,-0.2328767123287671,-0.0937947345490757,-0.188571640876075,-0.2109398991997398,144500.0,72500.0,-0.4961937716262976,0.0041379310344826,20701684.0,1507082595200.0,7179026400.0,6752111610.0,0.0047635255180206,yfinance_download,237690.KQ
2022-11-07,73100.0,74900.0,72700.0,74800.0,73124.515625,78169.0,0.0274725274725273,-0.4823529411764705,79850.0,89118.33333333333,92124.16666666669,0.5512233638473155,0.454082392197689,-0.114792899408284,-0.3249097472924187,-0.1807228915662651,-0.0632435817157169,-0.1606665295206747,-0.1880523568734227,144500.0,72500.0,-0.4823529411764705,0.0317241379310344,20701684.0,1548485963200.0,5847041200.0,6768955645.0,0.0037759730077997,yfinance_download,237690.KQ
2022-11-08,74800.0,78500.0,74700.0,78200.0,76448.359375,132522.0,0.0454545454545454,-0.4588235294117647,79790.0,88496.66666666667,92001.66666666669,0.5393932287148835,0.4555088733867362,-0.0151133501259446,-0.322943722943723,-0.1582346609257265,-0.0199273091866148,-0.1163508983389205,-0.1500153982717704,144500.0,72500.0,-0.4588235294117647,0.0786206896551724,20701684.0,1618871688800.0,10363220400.0,6877226075.0,0.0064015082058058,yfinance_download,237690.KQ
2022-11-09,78500.0,79700.0,77800.0,78900.0,77132.6796875,78593.0,0.0089514066496163,-0.4539792387543252,79740.0,87941.66666666667,91884.16666666669,0.5398998362443808,0.4540814178711724,-0.0125156445556946,-0.2967914438502673,-0.1516129032258064,-0.0105342362678705,-0.1028143655832465,-0.1413101640652634,144500.0,72500.0,-0.4539792387543252,0.0882758620689654,20701684.0,1633362867600.0,6200987700.0,7001072505.0,0.0037964544333688,yfinance_download,237690.KQ
2022-11-10,77600.0,78300.0,76100.0,76500.0,74786.4453125,83946.0,-0.0304182509505703,-0.4705882352941176,79720.0,87316.66666666667,91730.83333333331,0.5338973404960337,0.4546727514223617,-0.0052015604681404,-0.3289473684210526,-0.1938883034773445,-0.0403913697942799,-0.1238786027867914,-0.1660383186315033,144500.0,72500.0,-0.4705882352941176,0.0551724137931035,20701684.0,1583678826000.0,6421869000.0,6940315160.0,0.004055032431178,yfinance_download,237690.KQ
2022-11-11,80900.0,81300.0,77900.0,80700.0,78892.3671875,172323.0,0.0549019607843137,-0.4415224913494809,79640.0,86828.33333333333,91627.5,0.5094923588914091,0.4674921145561613,-0.0194410692588092,-0.2663636363636363,-0.1331901181525241,0.0133098945253642,-0.07057987983953,-0.1192600474748301,144500.0,72500.0,-0.4415224913494809,0.1131034482758621,20701684.0,1670625898800.0,13906466100.0,7296043975.0,0.0083241054206024,yfinance_download,237690.KQ
2022-11-14,80700.0,81200.0,78700.0,79500.0,77719.2421875,76619.0,-0.0148698884758364,-0.4498269896193771,79585.0,86323.33333333333,91519.16666666669,0.5068612152171761,0.4679109750049553,-0.0136476426799007,-0.2759562841530054,-0.1405405405405405,-0.0010680404598856,-0.0790439046993859,-0.1313295029274378,144500.0,72500.0,-0.4498269896193771,0.096551724137931,20701684.0,1645783878000.0,6091210500.0,7425758920.0,0.0037010998718751,yfinance_download,237690.KQ
2022-11-15,80000.0,82600.0,79000.0,82200.0,80358.765625,96482.0,0.0339622641509433,-0.4311418685121108,79515.0,85940.0,91419.16666666669,0.5037934804954787,0.4681466549180382,-0.0167464114832536,-0.2186311787072243,-0.1273885350318471,0.0337672137332578,-0.0435187340004654,-0.1008450087964778,144500.0,72500.0,-0.4311418685121108,0.1337931034482757,20701684.0,1701678424800.0,7930820400.0,7606361140.0,0.0046605870324365,yfinance_download,237690.KQ
2022-11-16,83800.0,83800.0,79500.0,80700.0,78892.3671875,100377.0,-0.0182481751824817,-0.4415224913494809,79460.0,85550.0,91275.0,0.5020954922428398,0.4689005242229505,-0.0134474327628362,-0.2247838616714697,-0.1765306122448979,0.0156053360181223,-0.0566919929865575,-0.1158586688578471,144500.0,72500.0,-0.4415224913494809,0.1131034482758621,20701684.0,1670625898800.0,8100423900.0,7803712585.0,0.0048487359772277,yfinance_download,237690.KQ
2022-11-17,81000.0,83700.0,79800.0,81500.0,79674.4453125,114630.0,0.009913258983891,-0.4359861591695502,79480.0,85203.33333333333,91152.5,0.5022957770290064,0.4688729218375886,0.0049321824907522,-0.2033235581622678,-0.1528066528066528,0.0254151987921489,-0.0434646531825827,-0.1058939688982748,144500.0,72500.0,-0.4359861591695502,0.1241379310344827,20701684.0,1687187246000.0,9342345000.0,7992344600.0,0.0055372306909911,yfinance_download,237690.KQ
2022-11-18,82000.0,82700.0,81100.0,81900.0,80065.484375,75003.0,0.0049079754601226,-0.4332179930795847,79550.0,84918.33333333333,91001.66666666669,0.5015537309253842,0.4652587302179194,0.0173913043478259,-0.1727272727272727,-0.181,0.0295411690760527,-0.0355439539950147,-0.1000164832145932,144500.0,72500.0,-0.4332179930795847,0.1296551724137931,20701684.0,1695467919600.0,6142745700.0,8069280060.0,0.0036230385895176,yfinance_download,237690.KQ
2022-11-21,81900.0,82200.0,80100.0,81000.0,79185.640625,65786.0,-0.0109890109890109,-0.4394463667820069,79480.0,84655.0,90837.5,0.4961947918128219,0.4638160795682279,-0.0169902912621359,-0.1632231404958677,-0.195630585898709,0.0191243080020131,-0.0431752406827712,-0.1082977845052979,144500.0,72500.0,-0.4394463667820069,0.1172413793103448,20701684.0,1676836404000.0,5328666000.0,8091578640.0,0.0031778091096357,yfinance_download,237690.KQ
2022-11-22,80900.0,81400.0,78700.0,78700.0,76937.1640625,61196.0,-0.028395061728395,-0.4553633217993079,79295.0,84330.0,90648.33333333331,0.5060417768270737,0.4654175725536121,-0.0449029126213592,-0.1985743380855397,-0.2238658777120316,-0.0075036257014944,-0.0667615320763667,-0.1318097409402636,144500.0,72500.0,-0.4553633217993079,0.0855172413793103,20701684.0,1629222530800.0,4816125200.0,8222780540.0,0.0029560880168009,yfinance_download,237690.KQ
2022-11-23,79700.0,79700.0,77700.0,78200.0,76448.359375,58347.0,-0.0063532401524777,-0.4588235294117647,79085.0,83975.0,90448.33333333331,0.5062436986787914,0.4641817846990176,-0.0509708737864077,-0.2140703517587939,-0.2348336594911937,-0.0111904912435986,-0.0687704674010122,-0.1354180102821131,144500.0,72500.0,-0.4588235294117647,0.0786206896551724,20701684.0,1618871688800.0,4562735400.0,8293327310.0,0.0028184663624466,yfinance_download,237690.KQ
2022-11-24,78400.0,80100.0,78400.0,80000.0,78208.046875,35611.0,0.0230179028132992,-0.4463667820069203,78855.0,83678.33333333333,90250.0,0.5036259380201765,0.4664703032642016,-0.0543735224586288,-0.1820040899795501,-0.2292870905587668,0.0145203221102023,-0.0439580138227736,-0.113573407202216,144500.0,72500.0,-0.4463667820069203,0.1034482758620689,20701684.0,1656134720000.0,2848880000.0,8183676000.0,0.0017201982215553,yfinance_download,237690.KQ
2022-11-25,80000.0,80000.0,77500.0,77800.0,76057.3125,56790.0,-0.0274999999999999,-0.46159169550173,78520.0,83388.33333333333,90031.66666666667,0.5114500793841136,0.466672353686226,-0.0792899408284023,-0.1827731092436975,-0.2519230769230769,-0.0091696383087112,-0.0670157695920692,-0.1358596049538125,144500.0,72500.0,-0.46159169550173,0.0731034482758621,20701684.0,1610591015200.0,4418262000.0,8177436200.0,0.0027432550897791,yfinance_download,237690.KQ
2022-11-28,77800.0,77800.0,75200.0,75200.0,73515.5625,58075.0,-0.0334190231362467,-0.4795847750865052,78115.0,83000.0,89800.0,0.5211789040938231,0.4640969631195892,-0.0972388955582232,-0.2365482233502538,-0.2699029126213592,-0.037316776547398,-0.0939759036144578,-0.1625835189309576,144500.0,72500.0,-0.4795847750865052,0.0372413793103447,20701684.0,1556766636800.0,4367240000.0,8131016655.0,0.0028053273347231,yfinance_download,237690.KQ
2022-11-29,75700.0,78300.0,75500.0,76700.0,74981.9609375,59494.0,0.0199468085106382,-0.4692041522491349,78145.0,82636.66666666667,89606.66666666667,0.4280717000981657,0.4666368835184902,0.0078843626806832,-0.2213197969543147,-0.2322322322322322,-0.0184912662358436,-0.0718405873099109,-0.1440369020162191,144500.0,72500.0,-0.4692041522491349,0.0579310344827586,20701684.0,1587819162800.0,4563189800.0,6953833640.0,0.0028738724830308,yfinance_download,237690.KQ
2022-11-30,76700.0,77200.0,75600.0,76400.0,74688.671875,44539.0,-0.0039113428943937,-0.471280276816609,78210.0,82320.0,89405.0,0.4253486573281467,0.463044073671187,0.0173102529960054,-0.1991614255765199,-0.2405566600397614,-0.023142820611175,-0.0719144800777453,-0.1454616632179408,144500.0,72500.0,-0.471280276816609,0.0537931034482759,20701684.0,1581608657600.0,3402779600.0,6592335965.0,0.0021514674844809,yfinance_download,237690.KQ
2022-12-01,78000.0,79000.0,76600.0,77400.0,75666.28125,64813.0,0.013089005235602,-0.4643598615916955,78455.0,82031.66666666667,89210.0,0.4053052196187607,0.4641694960300007,0.0675862068965518,-0.1826821541710664,-0.2321428571428571,-0.0134471990312918,-0.0564619354314391,-0.1323842618540522,144500.0,72500.0,-0.4643598615916955,0.0675862068965518,20701684.0,1602310341600.0,5016526200.0,6342528025.0,0.0031308081023746,yfinance_download,237690.KQ
2022-12-02,77000.0,77700.0,75700.0,75900.0,74199.8828125,42247.0,-0.0193798449612403,-0.4747404844290657,78610.0,81745.0,89020.83333333333,0.4133941842795142,0.4645164528243786,0.0425824175824176,-0.1847475832438239,-0.2302231237322515,-0.0344739854980282,-0.0715028442106551,-0.1473905920898666,144500.0,72500.0,-0.4747404844290657,0.0468965517241379,20701684.0,1571257815600.0,3206547300.0,6143904070.0,0.0020407518538105,yfinance_download,237690.KQ
2022-12-05,75900.0,78300.0,75900.0,78000.0,76252.84375,61680.0,0.0276679841897233,-0.4602076124567473,78770.0,81485.0,88899.16666666667,0.4135519229423831,0.4684585498209057,0.0427807486631015,-0.1666666666666666,-0.1576673866090713,-0.0097752951631331,-0.042768607719212,-0.1226014492074354,144500.0,72500.0,-0.4602076124567473,0.0758620689655171,20701684.0,1614731352000.0,4811040000.0,6092104010.0,0.002979467757309,yfinance_download,237690.KQ
2022-12-06,77400.0,81000.0,76500.0,78700.0,76937.1640625,91347.0,0.0089743589743589,-0.4553633217993079,78795.0,81276.66666666667,88784.16666666667,0.3822904910966954,0.4665554615826155,0.0063938618925831,-0.1370614035087719,-0.1491891891891892,-0.0012056602576305,-0.0317024156174384,-0.113580687247163,144500.0,72500.0,-0.4553633217993079,0.0855172413793103,20701684.0,1629222530800.0,7189008900.0,5933393435.0,0.0044125395789057,yfinance_download,237690.KQ
2022-12-07,78200.0,82500.0,76800.0,82000.0,80163.2421875,167489.0,0.0419313850063531,-0.4325259515570934,78950.0,81060.0,88721.66666666667,0.4088563293578731,0.4666616536200531,0.0392902408111532,-0.1368421052631578,-0.0837988826815642,0.0386320455984801,0.0115963483839132,-0.0757612759002874,144500.0,72500.0,-0.4325259515570934,0.1310344827586207,20701684.0,1697538088000.0,13734098000.0,6310048950.0,0.0080905978470157,yfinance_download,237690.KQ
2022-12-08,82000.0,82600.0,80500.0,81800.0,79967.734375,123966.0,-0.0024390243902439,-0.4339100346020761,79215.0,80850.0,88660.83333333333,0.3908806429897996,0.4665769511047105,0.0692810457516339,-0.1334745762711864,-0.0819304152637485,0.0326327084516822,0.0117501546072975,-0.077382910529828,144500.0,72500.0,-0.4339100346020761,0.1282758620689654,20701684.0,1693397751200.0,10140418800.0,6495976440.0,0.0059882084955021,yfinance_download,237690.KQ
2022-12-09,82500.0,84700.0,81500.0,83700.0,81825.1640625,143500.0,0.0232273838630807,-0.4207612456747405,79365.0,80750.0,88627.5,0.3497978491122436,0.458533075651019,0.0371747211895909,-0.0668896321070233,-0.0456100342075256,0.0546210546210546,0.0365325077399381,-0.0555978674790555,144500.0,72500.0,-0.4207612456747405,0.1544827586206896,20701684.0,1732730950800.0,12010950000.0,6401200635.0,0.0069318032291479,yfinance_download,237690.KQ
2022-12-12,83700.0,83800.0,82000.0,82500.0,80652.046875,51276.0,-0.014336917562724,-0.4290657439446367,79515.0,80633.33333333333,88584.16666666667,0.3494607426005919,0.4593715065345987,0.0377358490566037,-0.0782122905027933,-0.0592930444697833,0.03754008677608,0.0231500620090947,-0.0686823266008787,144500.0,72500.0,-0.4290657439446367,0.1379310344827586,20701684.0,1707888930000.0,4230270000.0,6308153610.0,0.0024768999468835,yfinance_download,237690.KQ
2022-12-13,82400.0,85900.0,82400.0,83900.0,82020.6875,97104.0,0.016969696969697,-0.4193771626297577,79600.0,80580.0,88509.16666666667,0.3337537909809229,0.4575992604486418,0.0206812652068126,-0.036739380022962,-0.0968783638320774,0.0540201005025124,0.0412012906428393,-0.0520755853913437,144500.0,72500.0,-0.4193771626297577,0.1572413793103448,20701684.0,1736871287600.0,8147025600.0,6318963870.0,0.0046906328973043,yfinance_download,237690.KQ
2022-12-14,87700.0,93500.0,87600.0,88800.0,86810.921875,461783.0,0.0584028605482718,-0.3854671280276817,80005.0,80630.0,88499.16666666667,0.3818500764012464,0.471979861494285,0.1003717472118959,0.034965034965035,-0.0133333333333333,0.1099306293356665,0.1013270494853031,0.0033992787126055,144500.0,72500.0,-0.3854671280276817,0.2248275862068964,20701684.0,1838309539200.0,41006330400.0,7964259195.0,0.022306542791398,yfinance_download,237690.KQ
2022-12-15,90200.0,92000.0,87200.0,89700.0,87690.7734375,168821.0,0.010135135135135,-0.3792387543252595,80415.0,80641.66666666667,88509.16666666667,0.3818882407652553,0.4663090115477264,0.1006134969325154,0.0078651685393258,0.0135593220338983,0.115463532922962,0.1123282008887052,0.0134543503026993,144500.0,72500.0,-0.3792387543252595,0.2372413793103447,20701684.0,1856941054800.0,15143243700.0,8254304130.0,0.0081549404386618,yfinance_download,237690.KQ
2022-12-16,88100.0,90300.0,87400.0,88900.0,86908.6796875,131411.0,-0.0089186176142698,-0.3847750865051903,80765.0,80706.66666666667,88472.5,0.3851097910699531,0.4570478245960656,0.0854700854700853,0.0458823529411764,-0.0471596998928188,0.1007243236550485,0.1015199074838921,0.0048320099465934,144500.0,72500.0,-0.3847750865051903,0.2262068965517241,20701684.0,1840379707600.0,11682437900.0,8531288740.0,0.006347841074185,yfinance_download,237690.KQ
2022-12-19,87800.0,88700.0,86600.0,88600.0,86615.40625,66821.0,-0.0033745781777277,-0.3868512110726644,81145.0,80783.33333333333,88429.16666666667,0.3820138754355761,0.4563576215394626,0.0938271604938272,0.0547619047619047,-0.0554371002132195,0.091872573787664,0.0967608830204251,0.0019318663713894,144500.0,72500.0,-0.3868512110726644,0.2220689655172414,20701684.0,1834169202400.0,5920340600.0,8560872470.0,0.0032278050423337,yfinance_download,237690.KQ
2022-12-20,88400.0,89300.0,85800.0,86300.0,84366.9296875,82117.0,-0.0259593679458238,-0.4027681660899653,81525.0,80870.0,88378.33333333333,0.3792977302629767,0.4538168291014749,0.096569250317662,0.064118372379778,-0.0660173160173159,0.0585709904937135,0.0671448002967725,-0.0235163218737624,144500.0,72500.0,-0.4027681660899653,0.1903448275862069,20701684.0,1786555329200.0,7086697100.0,8674401065.0,0.003966682130787,yfinance_download,237690.KQ
2022-12-21,87800.0,90000.0,87200.0,89100.0,87104.2109375,104598.0,0.0324449594438007,-0.3833910034602076,82070.0,81036.66666666667,88371.66666666667,0.3889265021410393,0.4548781310619356,0.1393861892583119,0.1264222503160557,-0.0088987764182424,0.0856585841354939,0.0995022829171978,0.0082417064292854,144500.0,72500.0,-0.3833910034602076,0.2289655172413793,20701684.0,1844520044400.0,9319681800.0,8912248385.0,0.0050526324331875,yfinance_download,237690.KQ
2022-12-22,90500.0,91200.0,89400.0,90900.0,88863.890625,91954.0,0.0202020202020201,-0.3709342560553633,82615.0,81213.33333333333,88380.0,0.3874976903202953,0.4555981817982182,0.1362499999999999,0.1320049813200499,0.0111234705228031,0.1002844519760333,0.1192743391889674,0.0285132382892057,144500.0,72500.0,-0.3709342560553633,0.2537931034482759,20701684.0,1881783075600.0,8358618600.0,9187735315.0,0.0044418608650388,yfinance_download,237690.KQ
2022-12-23,88500.0,89400.0,86900.0,87200.0,85246.765625,120806.0,-0.0407040704070407,-0.3965397923875432,83085.0,81310.0,88380.83333333333,0.4053709944424231,0.4634481852368122,0.1208226221079691,0.0712530712530712,0.0011481056257176,0.0495275922248299,0.0724388144139711,-0.0133607399794449,144500.0,72500.0,-0.3965397923875432,0.2027586206896552,20701684.0,1805186844800.0,10534283200.0,9493536375.0,0.0058355639087138,yfinance_download,237690.KQ
2022-12-26,84000.0,87600.0,83000.0,87200.0,85246.765625,148507.0,0.0,-0.3965397923875432,83685.0,81390.0,88342.5,0.3787203103714183,0.4629183763914131,0.1595744680851063,0.0582524271844659,-0.0501089324618736,0.0420027484017446,0.0713846909939797,-0.0129326201997905,144500.0,72500.0,-0.3965397923875432,0.2027586206896552,20701684.0,1805186844800.0,12949810400.0,9922664895.0,0.0071736676108088,yfinance_download,237690.KQ
2022-12-27,87200.0,89900.0,87200.0,89800.0,87788.53125,137035.0,0.0298165137614678,-0.3785467128027682,84340.0,81511.66666666667,88320.0,0.384529808174226,0.4665757903950019,0.1707953063885268,0.0884848484848483,-0.0291891891891892,0.0647379653782309,0.1016827856952991,0.0167572463768115,144500.0,72500.0,-0.3785467128027682,0.2386206896551723,20701684.0,1859011223200.0,12305743000.0,10309792555.0,0.0066195097944688,yfinance_download,237690.KQ
2022-12-28,88900.0,90500.0,86900.0,88300.0,86805.453125,131964.0,-0.0167037861915367,-0.3889273356401383,84935.0,81558.33333333333,88283.33333333333,0.3924693409008982,0.4624613659839973,0.1557591623036649,0.0327485380116958,-0.0474649406688241,0.0396185318184494,0.082660672320425,0.0001887861053426,144500.0,72500.0,-0.3889273356401383,0.2179310344827585,20701684.0,1827958697200.0,11652421200.0,10722274635.0,0.006374553876873,yfinance_download,237690.KQ
2022-12-29,87400.0,89000.0,84900.0,87600.0,86117.296875,104769.0,-0.0079275198187995,-0.3937716262975779,85445.0,81631.66666666667,88207.5,0.3956145139152868,0.4592032539815364,0.1317829457364341,0.0528846153846154,-0.0941054808686659,0.0252209023348353,0.0731129667816818,-0.0068871694583794,144500.0,72500.0,-0.3937716262975779,0.2082758620689655,20701684.0,1813467518400.0,9177764400.0,10930336545.0,0.0050608926307637,yfinance_download,237690.KQ
2023-01-02,88400.0,88800.0,85300.0,85300.0,83856.234375,67805.0,-0.026255707762557,-0.4096885813148788,85915.0,81620.0,88125.83333333333,0.4022773412878174,0.4575695954259488,0.1238471673254282,-0.0081395348837208,-0.103049421661409,-0.0071582377931677,0.0450869884832147,-0.0320658906298757,144500.0,72500.0,-0.4096885813148788,0.176551724137931,20701684.0,1765853645200.0,5783766500.0,11059197505.0,0.0032753374073336,yfinance_download,237690.KQ
2023-01-03,85300.0,86200.0,83200.0,84300.0,82873.1484375,62051.0,-0.0117233294255568,-0.4166089965397924,86230.0,81616.66666666667,88028.33333333333,0.3986249742534157,0.4567733548859401,0.0807692307692307,-0.0023668639053254,-0.1218749999999999,-0.0223820016235648,0.0328772717990606,-0.042353787606263,144500.0,72500.0,-0.4166089965397924,0.1627586206896552,20701684.0,1745151961200.0,5230899300.0,11080190470.0,0.0029973890046819,yfinance_download,237690.KQ
2023-01-04,85400.0,89100.0,85000.0,87200.0,85724.0703125,108227.0,0.0344009489916963,-0.3965397923875432,86655.0,81746.66666666667,87968.33333333333,0.4126452971139639,0.4440722947485417,0.1080050825921219,0.0982367758186397,-0.0762711864406779,0.0062893081761006,0.0667101614744738,-0.0087342035959909,144500.0,72500.0,-0.3965397923875432,0.2027586206896552,20701684.0,1805186844800.0,9437394400.0,11192609745.0,0.005227932181749,yfinance_download,237690.KQ
2023-01-05,90500.0,92900.0,86100.0,87500.0,86018.9921875,366135.0,0.0034403669724769,-0.3944636678200692,86930.0,81873.33333333333,87907.5,0.3894932250186292,0.4439913729107134,0.0670731707317073,0.0951188986232791,-0.0770042194092827,0.0065569998849648,0.0687240452731863,-0.0046355544179962,144500.0,72500.0,-0.3944636678200692,0.2068965517241379,20701684.0,1811397350000.0,32036812500.0,12107745470.0,0.0176862423366137,yfinance_download,237690.KQ
2023-01-06,87700.0,88100.0,86200.0,87300.0,85822.375,81442.0,-0.0022857142857143,-0.3958477508650518,87205.0,82046.66666666667,87860.83333333333,0.3894624169613287,0.4364267989720543,0.0672371638141808,0.1352405721716514,-0.0602798708288482,0.001089387076429,0.0640286016088405,-0.0063832007056613,144500.0,72500.0,-0.3958477508650518,0.2041379310344828,20701684.0,1807257013200.0,7109886600.0,11956218860.0,0.0039340760877231,yfinance_download,237690.KQ
2023-01-09,87600.0,87900.0,84100.0,85000.0,83561.3046875,204772.0,-0.0263459335624284,-0.4117647058823529,87270.0,82091.66666666667,87791.66666666667,0.3959294050379728,0.4168456944830273,0.0155316606929509,0.0328068043742406,-0.0889603429796356,-0.026011229517589,0.0354278753426047,-0.0317987660180352,144500.0,72500.0,-0.4117647058823529,0.1724137931034481,20701684.0,1759643140000.0,17405620000.0,12225952360.0,0.0098915624448716,yfinance_download,237690.KQ
2023-01-10,85100.0,85100.0,78700.0,78900.0,77564.5546875,316722.0,-0.0717647058823529,-0.4539792387543252,87090.0,82063.33333333333,87669.16666666667,0.4709299254608812,0.4406051256830635,-0.0436363636363635,-0.021091811414392,-0.157051282051282,-0.0940406476059249,-0.0385474633413216,-0.1000256646673574,142700.0,72500.0,-0.4470918009810791,0.0882758620689654,20701684.0,1633362867600.0,24989365800.0,13263907150.0,0.0152993350685866,yfinance_download,237690.KQ
2023-01-11,80600.0,81400.0,80000.0,81200.0,79825.625,103709.0,0.0291508238276299,-0.4380622837370242,86955.0,82023.33333333333,87560.83333333333,0.479282682710501,0.4379981123562018,-0.0321811680572109,-0.0287081339712919,-0.138004246284501,-0.0661836582140187,-0.0100377941236232,-0.0726447327096398,139200.0,72500.0,-0.4166666666666666,0.1200000000000001,20701684.0,1680976740800.0,8421170800.0,13277614410.0,0.0050096890668411,yfinance_download,237690.KQ
2023-01-12,81600.0,86000.0,81100.0,85700.0,84249.453125,214818.0,0.0554187192118227,-0.4069204152249135,86800.0,82088.33333333333,87495.83333333333,0.4744535324594366,0.4501437857415847,-0.0349099099099099,0.047677261613692,-0.083422459893048,-0.0126728110599078,0.0439973199602055,-0.020524786894614,131600.0,72500.0,-0.3487841945288754,0.1820689655172414,20701684.0,1774134318800.0,18409902600.0,12147793020.0,0.0103768369761609,yfinance_download,237690.KQ
2023-01-13,86000.0,86200.0,83400.0,85100.0,83659.6171875,101420.0,-0.0070011668611434,-0.4110726643598615,86570.0,82155.0,87443.33333333333,0.4728493548401778,0.4500113520590302,-0.0512820512820513,0.0493218249075215,-0.0689277899343544,-0.0169804782257132,0.0358468748098106,-0.0267983074753173,131600.0,72500.0,-0.3533434650455926,0.1737931034482758,20701684.0,1761713308400.0,8630842000.0,11822172935.0,0.0048991183519176,yfinance_download,237690.KQ
2023-01-16,85400.0,87700.0,84300.0,86700.0,85232.5390625,129279.0,0.0188014101057578,-0.4,86460.0,82258.33333333333,87410.83333333333,0.4778403475016993,0.4510750411814374,-0.0247469066366704,0.0770186335403726,-0.043046357615894,0.0027758501040944,0.053996555566812,-0.0081320965174034,131600.0,72500.0,-0.3411854103343464,0.1958620689655172,20701684.0,1794836002800.0,11208489300.0,11798475505.0,0.006244854283352,yfinance_download,237690.KQ
2023-01-17,87700.0,87800.0,82500.0,83200.0,81791.7734375,240475.0,-0.0403690888119954,-0.4242214532871972,86190.0,82271.66666666667,87350.0,0.4980803401905206,0.4567858637269475,-0.0609480812641083,0.0097087378640776,-0.0806629834254143,-0.0346907993966817,0.0112837550391993,-0.0475100171722954,131600.0,72500.0,-0.3677811550151976,0.1475862068965516,20701684.0,1722380108800.0,20007520000.0,12502834475.0,0.0116162047493334,yfinance_download,237690.KQ
2023-01-18,83300.0,83300.0,81800.0,82600.0,81201.9296875,72519.0,-0.0072115384615384,-0.4283737024221453,86005.0,82275.0,87285.83333333333,0.4908459559607747,0.4570633812616063,-0.0428736964078795,0.0024271844660195,-0.0852713178294574,-0.039590721469682,0.0039501671224551,-0.0536837783909186,131600.0,72500.0,-0.3723404255319149,0.1393103448275863,20701684.0,1709959098400.0,5990069400.0,12448003090.0,0.0035030483510423,yfinance_download,237690.KQ
2023-01-19,82100.0,84600.0,81200.0,82500.0,81103.625,109173.0,-0.0012106537530266,-0.4290657439446367,85675.0,82276.66666666667,87219.16666666667,0.4740158323176871,0.4570752167169596,-0.074074074074074,0.0012135922330096,-0.0883977900552486,-0.0370586518821126,0.0027144188307741,-0.0541069910092392,131600.0,72500.0,-0.3731003039513677,0.1379310344827586,20701684.0,1707888930000.0,9006772500.0,12432357625.0,0.0052736289472875,yfinance_download,237690.KQ
2023-01-20,82600.0,83200.0,81000.0,82000.0,80612.0859375,72260.0,-0.0060606060606061,-0.4325259515570934,85230.0,82233.33333333333,87152.5,0.4657571233489352,0.4539538730930403,-0.0979097909790979,-0.0307328605200946,-0.0888888888888889,-0.0378974539481403,-0.0028374543980542,-0.0591205071569949,131600.0,72500.0,-0.3768996960486322,0.1310344827586207,20701684.0,1697538088000.0,5925320000.0,12310692695.0,0.0034905372915556,yfinance_download,237690.KQ
2023-01-25,82300.0,82800.0,81000.0,82000.0,80612.0859375,211632.0,0.0,-0.4325259515570934,84970.0,82191.66666666667,87083.33333333333,0.4460492034525948,0.4539484722189549,-0.0596330275229357,-0.029585798816568,-0.0919158361018825,-0.0349535130045898,-0.0023319476832607,-0.0583732057416267,127800.0,72500.0,-0.3583724569640062,0.1310344827586207,20701684.0,1697538088000.0,17353824000.0,12651669735.0,0.0102229364528991,yfinance_download,237690.KQ
2023-01-26,81900.0,82500.0,81200.0,81800.0,80415.4765625,67956.0,-0.0024390243902439,-0.4339100346020761,84700.0,82166.66666666667,86946.66666666667,0.4459380098114157,0.4530264785469363,-0.0619266055045871,-0.0180072028811524,-0.1670061099796334,-0.0342384887839433,-0.0044624746450304,-0.0591933752491949,127300.0,72500.0,-0.3574234092694422,0.1282758620689654,20701684.0,1693397751200.0,5558800800.0,12282119255.0,0.0032826314999301,yfinance_download,237690.KQ
2023-01-27,81800.0,82100.0,81000.0,81800.0,80415.4765625,64783.0,0.0,-0.4339100346020761,84300.0,82261.66666666667,86816.66666666667,0.4292488943315195,0.4155925966271,-0.0890868596881959,0.0749014454664913,-0.1601642710472279,-0.029655990510083,-0.0056121725388497,-0.057784603570743,125600.0,72500.0,-0.3487261146496815,0.1282758620689654,20701684.0,1693397751200.0,5299249400.0,11931794575.0,0.0031293589449051,yfinance_download,237690.KQ
2023-01-30,81800.0,82600.0,81000.0,81300.0,79923.9296875,43980.0,-0.0061124694376527,-0.4373702422145329,83950.0,82365.0,86661.66666666667,0.4268306683345698,0.4147809318485927,-0.0792751981879954,0.0825565912117176,-0.1861861861861862,-0.0315664085765337,-0.0129302494991804,-0.0618689539781142,125600.0,72500.0,-0.3527070063694267,0.1213793103448275,20701684.0,1683046909200.0,3575574000.0,11527952215.0,0.0021244648502991,yfinance_download,237690.KQ
2023-01-31,80500.0,81600.0,80200.0,81300.0,79923.9296875,70699.0,0.0,-0.4373702422145329,83635.0,82511.66666666667,86455.83333333333,0.4267352790552658,0.4078579954716761,-0.071917808219178,0.1213793103448275,-0.2330188679245283,-0.0279189334608715,-0.0146847920496091,-0.0596354593385832,125600.0,72500.0,-0.3527070063694267,0.1213793103448275,20701684.0,1683046909200.0,5747828700.0,11356455430.0,0.0034151327978921,yfinance_download,237690.KQ
2023-02-01,81300.0,82600.0,80500.0,82100.0,80710.3984375,91687.0,0.009840098400984,-0.431833910034602,83475.0,82666.66666666667,86192.5,0.4202556944239988,0.4081389321867492,-0.0375146541617819,0.1277472527472527,-0.27792436235708,-0.016471997604073,-0.0068548387096775,-0.0474809293151956,125600.0,72500.0,-0.3463375796178344,0.1324137931034483,20701684.0,1699608256400.0,7527502700.0,11443642240.0,0.0044289633635601,yfinance_download,237690.KQ
2023-02-02,82500.0,83200.0,81300.0,82600.0,81201.9296875,85887.0,0.0060901339829475,-0.4283737024221453,83390.0,82796.66666666667,85957.5,0.4193054547255586,0.4048521433163085,-0.0201660735468565,0.1042780748663101,-0.2545126353790613,-0.0094735579805732,-0.002375296912114,-0.0390600005816828,119900.0,72500.0,-0.311092577147623,0.1393103448275863,20701684.0,1709959098400.0,7094266200.0,11536810585.0,0.0041487929194552,yfinance_download,237690.KQ
2023-02-03,82600.0,82600.0,80500.0,81000.0,79629.0078125,89763.0,-0.0193704600484261,-0.4394463667820069,83080.0,82843.33333333333,85670.0,0.4027482102308828,0.3968337294068931,-0.0711009174311926,0.0358056265984654,-0.2987012987012987,-0.025036109773712,-0.0222508349092663,-0.0545114976070969,115500.0,72500.0,-0.2987012987012987,0.1172413793103448,20701684.0,1676836404000.0,7270803000.0,11428481015.0,0.0043360240645157,yfinance_download,237690.KQ
2023-02-06,81000.0,82200.0,80400.0,81200.0,79825.625,50828.0,0.0024691358024691,-0.4380622837370242,82765.0,82881.66666666667,85411.66666666667,0.4025450423950914,0.3964937468086698,-0.0719999999999999,0.0291508238276299,-0.2762923351158645,-0.0189089591010692,-0.0202899716463231,-0.0493102035241087,115500.0,72500.0,-0.296969696969697,0.1200000000000001,20701684.0,1680976740800.0,4127233600.0,10033002070.0,0.0024552591953388,yfinance_download,237690.KQ
2023-02-07,82100.0,82500.0,80700.0,81000.0,79629.0078125,77712.0,-0.0024630541871921,-0.4394463667820069,82450.0,82956.66666666667,85136.66666666667,0.4025389065637302,0.391200728858858,-0.0721649484536082,0.0588235294117647,-0.2894736842105263,-0.0175864160097029,-0.0235866114839072,-0.0485885439097921,115500.0,72500.0,-0.2987012987012987,0.1172413793103448,20701684.0,1676836404000.0,6294672000.0,9992241340.0,0.0037538975090142,yfinance_download,237690.KQ
2023-02-08,81200.0,81800.0,80800.0,81500.0,80120.546875,50338.0,0.0061728395061728,-0.4359861591695502,82275.0,82970.0,84899.16666666667,0.3944533049598077,0.3750710481886782,-0.0411764705882352,0.009913258983891,-0.259090909090909,-0.0094196292920084,-0.0177172471977823,-0.0400376917716114,115500.0,72500.0,-0.2943722943722944,0.1241379310344827,20701684.0,1687187246000.0,4102547000.0,9327087690.0,0.0024315896233369,yfinance_download,237690.KQ
2023-02-09,81000.0,82400.0,80600.0,82200.0,80808.703125,68778.0,0.0085889570552146,-0.4311418685121108,82440.0,83015.0,84669.16666666667,0.2963536521114437,0.3740611913806604,0.0418250950570342,0.0339622641509433,-0.2513661202185792,-0.0029112081513827,-0.0098175028609287,-0.0291625247286005,115500.0,72500.0,-0.2883116883116883,0.1337931034482757,20701684.0,1701678424800.0,5653551600.0,8360296980.0,0.0033223384145946,yfinance_download,237690.KQ
2023-02-10,81700.0,81900.0,79200.0,79500.0,78154.3984375,129590.0,-0.0328467153284671,-0.4498269896193771,82355.0,82970.0,84455.0,0.3032454540795151,0.3738442107442095,-0.020935960591133,-0.0328467153284671,-0.244296577946768,-0.0346669904680954,-0.0418223454260575,-0.0586702977917233,115500.0,72500.0,-0.3116883116883117,0.096551724137931,20701684.0,1645783878000.0,10302405000.0,8454358690.0,0.0062598772157859,yfinance_download,237690.KQ
2023-02-13,79600.0,80400.0,77800.0,79400.0,78056.0859375,50454.0,-0.0012578616352201,-0.4505190311418685,82040.0,82948.33333333333,84249.16666666667,0.218594407755706,0.3719738363115619,-0.0735122520420069,-0.0161090458488227,-0.2372718539865513,-0.0321794246708923,-0.0427776326629025,-0.0575574436938051,115500.0,72500.0,-0.3125541125541126,0.0951724137931033,20701684.0,1643713709600.0,4006047600.0,7734165940.0,0.002437193032219,yfinance_download,237690.KQ
2023-02-14,79500.0,81100.0,79300.0,80600.0,79235.7890625,46876.0,0.0151133501259446,-0.4422145328719723,81815.0,82933.33333333333,84068.33333333333,0.2280793648563345,0.3727176832461072,-0.0528789659224442,-0.0110429447852761,-0.2121212121212121,-0.0148505775224592,-0.0281350482315112,-0.0412561210126681,115500.0,72500.0,-0.3021645021645022,0.1117241379310345,20701684.0,1668555730400.0,3778205600.0,7491534120.0,0.0022643568513556,yfinance_download,237690.KQ
2023-02-15,80100.0,80500.0,79100.0,79600.0,78252.703125,62431.0,-0.0124069478908188,-0.4491349480968858,81460.0,82895.0,83906.66666666667,0.2157872076425079,0.3734494815919293,-0.0818915801614763,-0.028083028083028,-0.195959595959596,-0.0228332924134544,-0.0397490801616502,-0.0513268711266486,115500.0,72500.0,-0.3108225108225108,0.0979310344827586,20701684.0,1647854046400.0,4969507600.0,7179585035.0,0.0030157449992957,yfinance_download,237690.KQ
2023-02-16,79900.0,83000.0,79700.0,81800.0,80415.4765625,139475.0,0.0276381909547738,-0.4339100346020761,81390.0,82908.33333333333,83781.66666666667,0.1988545570044267,0.3770567888892401,-0.0168269230769231,0.0098765432098766,-0.1549586776859504,0.0050374738911413,-0.013368177706302,-0.0236527482146055,115500.0,72500.0,-0.2917748917748918,0.1282758620689654,20701684.0,1693397751200.0,11409055000.0,6749661785.0,0.0067373746019889,yfinance_download,237690.KQ
2023-02-17,82000.0,82800.0,79600.0,79800.0,78449.3203125,94879.0,-0.0244498777506112,-0.4477508650519031,81250.0,82926.66666666667,83628.33333333333,0.2150147710635734,0.3758528402526548,-0.0338983050847457,0.013977128335451,-0.1873727087576374,-0.0178461538461538,-0.0377039954980304,-0.0457779460709089,115500.0,72500.0,-0.3090909090909091,0.1006896551724136,20701684.0,1651994383200.0,7571344200.0,6828725525.0,0.0045831537183158,yfinance_download,237690.KQ
2023-02-20,79700.0,82000.0,78300.0,81000.0,79629.0078125,94223.0,0.0150375939849625,-0.4394463667820069,81175.0,82973.33333333333,83474.16666666667,0.2230265109692727,0.3767406179931482,-0.0181818181818181,0.0358056265984654,-0.185929648241206,-0.002155836156452,-0.0237827414430338,-0.0296399085545429,115500.0,72500.0,-0.2987012987012987,0.1172413793103448,20701684.0,1676836404000.0,7632063000.0,6759990050.0,0.0045514654749826,yfinance_download,237690.KQ
2023-02-21,81100.0,81400.0,79700.0,80400.0,79039.1640625,53228.0,-0.0074074074074074,-0.443598615916955,81095.0,82980.0,83329.16666666667,0.2234967612676026,0.3742506298919975,-0.0195121951219512,0.0049999999999998,-0.1779141104294478,-0.0085701954497811,-0.0310918293564714,-0.0351517575878794,115500.0,72500.0,-0.3038961038961039,0.1089655172413792,20701684.0,1664415393600.0,4279531200.0,6677700610.0,0.0025711917928995,yfinance_download,237690.KQ
2023-02-22,79400.0,79800.0,78900.0,79300.0,77957.7890625,79050.0,-0.013681592039801,-0.4512110726643599,80960.0,83005.0,83196.66666666667,0.2280050016428268,0.3709140501559158,-0.0329268292682927,0.019280205655527,-0.167016806722689,-0.0205039525691699,-0.0446358653093187,-0.0468368123722906,115500.0,72500.0,-0.3134199134199134,0.0937931034482759,20701684.0,1641643541200.0,6268665000.0,6123442660.0,0.0038185299321543,yfinance_download,237690.KQ
2023-02-23,80500.0,80900.0,79200.0,79900.0,78547.6328125,71951.0,0.0075662042875157,-0.4470588235294117,80865.0,83083.33333333333,83041.66666666667,0.2302565688127434,0.3643163262062881,-0.0232273838630806,0.0625,-0.1888324873096446,-0.0119334693625178,-0.0383149448345034,-0.0378324134470647,115500.0,72500.0,-0.3082251082251082,0.1020689655172413,20701684.0,1654064551600.0,5748884900.0,6132946865.0,0.0034756109696196,yfinance_download,237690.KQ
2023-02-24,79900.0,80000.0,78500.0,78600.0,77269.6328125,85661.0,-0.0162703379224029,-0.4560553633217993,80705.0,83115.0,82875.83333333333,0.2364108313680834,0.3639468413825608,-0.0391198044009779,0.0247718383311603,-0.2020304568527918,-0.0260826466761663,-0.0543223244901642,-0.0515932469256216,115500.0,72500.0,-0.3194805194805195,0.0841379310344827,20701684.0,1627152362400.0,6732954600.0,6204632125.0,0.0041378759331849,yfinance_download,237690.KQ
2023-02-27,78000.0,78000.0,75700.0,76100.0,74811.953125,107856.0,-0.0318066157760814,-0.4733564013840831,80445.0,83110.0,82715.0,0.2590136557887418,0.3698870409630096,-0.063960639606396,-0.0039267015706806,-0.2023060796645702,-0.0540120579277767,-0.0843460474070508,-0.0799734026476455,115500.0,72500.0,-0.3411255411255411,0.049655172413793,20701684.0,1575398152400.0,8207841600.0,6436245505.0,0.0052100109343761,yfinance_download,237690.KQ
2023-02-28,75700.0,79000.0,75700.0,78400.0,77073.015625,80991.0,0.0302233902759527,-0.457439446366782,80300.0,83126.66666666667,82579.16666666667,0.2848522447192046,0.3740799025680557,-0.035670356703567,0.0129198966408268,-0.1721224920802534,-0.0236612702366126,-0.0568610153179887,-0.0506080024219184,115500.0,72500.0,-0.3212121212121211,0.0813793103448274,20701684.0,1623012025600.0,6349694400.0,6466338790.0,0.0039122904204314,yfinance_download,237690.KQ
2023-03-02,78500.0,78700.0,76400.0,76600.0,75303.484375,64526.0,-0.0229591836734693,-0.4698961937716263,80025.0,83138.33333333333,82441.66666666667,0.2910142376419686,0.3749627211064084,-0.0669914738124238,0.0092226613965744,-0.1772287862513426,-0.042799125273352,-0.0786440270232343,-0.0708581825533205,115500.0,72500.0,-0.3367965367965367,0.0565517241379309,20701684.0,1585748994400.0,4942691600.0,6337098235.0,0.0031169444959163,yfinance_download,237690.KQ
2023-03-03,76800.0,79200.0,76600.0,78000.0,76679.7890625,71359.0,0.0182767624020887,-0.4602076124567473,79795.0,83138.33333333333,82311.66666666667,0.2993265835348513,0.3725347682253175,-0.0556900726392252,0.0,-0.1666666666666666,-0.0224951438060029,-0.0618046228173926,-0.0523822058436431,115500.0,72500.0,-0.3246753246753247,0.0758620689655171,20701684.0,1614731352000.0,5566002000.0,6260685025.0,0.0034470142622213,yfinance_download,237690.KQ
2023-03-06,78300.0,78700.0,76500.0,77900.0,76581.4765625,71683.0,-0.0012820512820512,-0.4608996539792387,79640.0,83125.0,82200.83333333333,0.2927733117371913,0.3721040781975126,-0.0382716049382716,-0.0101651842439643,-0.1458333333333333,-0.0218483174284279,-0.0628571428571428,-0.0523210429740168,115500.0,72500.0,-0.3255411255411256,0.0744827586206897,20701684.0,1612661183600.0,5584105700.0,6176350160.0,0.003462665162892,yfinance_download,237690.KQ
2023-03-07,78000.0,80300.0,77700.0,79900.0,78547.6328125,127628.0,0.0256739409499358,-0.4470588235294117,79575.0,83090.0,82075.0,0.3084166331152828,0.3657350548495349,-0.0160098522167487,-0.025609756097561,-0.1589473684210526,0.0040841972981464,-0.0383921049464436,-0.0265001522997259,115500.0,72500.0,-0.3082251082251082,0.1020689655172413,20701684.0,1654064551600.0,10197477200.0,6479862340.0,0.00616510231728,yfinance_download,237690.KQ
2023-03-08,78600.0,79700.0,77900.0,78500.0,77171.328125,64073.0,-0.0175219023779724,-0.4567474048442906,79450.0,83035.0,81942.5,0.3141838983193519,0.3674368727874217,-0.0308641975308642,-0.0403422982885085,-0.1684322033898305,-0.0119572057898048,-0.0546155235743963,-0.0420111663666595,115500.0,72500.0,-0.3203463203463204,0.0827586206896551,20701684.0,1625082194000.0,5029730500.0,6416615265.0,0.0030950622181267,yfinance_download,237690.KQ
2023-03-09,79700.0,82000.0,78000.0,81200.0,79825.625,164175.0,0.0343949044585987,-0.4380622837370242,79435.0,82993.33333333333,81871.66666666667,0.3382328597652106,0.3712004137872238,-0.003680981595092,-0.029868578255675,-0.0947603121516165,0.0222194246868507,-0.0216081612980961,-0.0082038963418358,115500.0,72500.0,-0.296969696969697,0.1200000000000001,20701684.0,1680976740800.0,13331010000.0,6878038415.0,0.007930514251884,yfinance_download,237690.KQ
2023-03-10,80800.0,82500.0,77600.0,78000.0,76679.7890625,164042.0,-0.0394088669950738,-0.4602076124567473,79225.0,82918.33333333333,81775.83333333333,0.3640513374976536,0.3787478421748528,-0.0510948905109489,-0.0545454545454545,-0.1284916201117318,-0.0154622909435152,-0.0593153906454141,-0.0461729728628057,115500.0,72500.0,-0.3246753246753247,0.0758620689655171,20701684.0,1614731352000.0,12795276000.0,7235124635.0,0.0079240896537692,yfinance_download,237690.KQ
2023-03-13,78000.0,78400.0,76300.0,77700.0,76384.8671875,81376.0,-0.0038461538461538,-0.4622837370242214,79135.0,82815.0,81697.5,0.345954271175461,0.3770093130019162,-0.0226415094339622,-0.0738974970202622,-0.1079219288174512,-0.0181335692171605,-0.0617641731570367,-0.0489305058294317,115500.0,72500.0,-0.3272727272727272,0.0717241379310344,20701684.0,1608520846800.0,6322915200.0,7036150145.0,0.0039308879412901,yfinance_download,237690.KQ
2023-03-14,77000.0,77700.0,72500.0,72900.0,71666.109375,162890.0,-0.0617760617760617,-0.4955017301038062,78810.0,82550.0,81590.0,0.407891759479953,0.3765792562125248,-0.0818639798488665,-0.179054054054054,-0.1503496503496503,-0.0749904834411876,-0.1168988491823137,-0.1065081505086408,115500.0,72500.0,-0.3688311688311688,0.0055172413793103,20701684.0,1509152763600.0,11874681000.0,7429581815.0,0.0078684420069401,yfinance_download,237690.KQ
2023-03-15,74300.0,74500.0,72500.0,73200.0,71961.03125,78407.0,0.0041152263374486,-0.4934256055363322,78440.0,82275.0,81458.33333333333,0.402914131077328,0.3758836015148201,-0.0918114143920595,-0.1839464882943143,-0.1775280898876404,-0.0668026517083121,-0.1103008204193254,-0.1013810741687979,115500.0,72500.0,-0.3662337662337662,0.0096551724137932,20701684.0,1515363268800.0,5739392400.0,7527641155.0,0.0037874696570578,yfinance_download,237690.KQ
2023-03-16,72000.0,72400.0,69400.0,72200.0,70977.953125,112611.0,-0.0136612021857923,-0.5003460207612457,78070.0,81996.66666666667,81351.66666666667,0.403265260708437,0.3763223505737846,-0.092964824120603,-0.18785151856018,-0.1505882352941177,-0.0751889330088382,-0.119476401479735,-0.1124951342934994,115500.0,72200.0,-0.3748917748917749,0.0,20701684.0,1494661584800.0,8130514200.0,7685691485.0,0.0054397023932932,yfinance_download,237690.KQ
2023-03-17,72300.0,76400.0,72300.0,75000.0,73730.5625,101512.0,0.0387811634349031,-0.4809688581314879,77730.0,81770.0,81276.66666666667,0.4167778228919486,0.3860225695680222,-0.0831295843520782,-0.1534988713318285,-0.1071428571428571,-0.0351215746815901,-0.0827932004402592,-0.0772259361030226,115500.0,72200.0,-0.3506493506493506,0.0387811634349031,20701684.0,1552626300000.0,7613400000.0,7495908735.0,0.0049035624348241,yfinance_download,237690.KQ
2023-03-20,75100.0,76400.0,73900.0,74300.0,73042.4140625,82952.0,-0.0093333333333333,-0.4858131487889273,77455.0,81570.0,81220.0,0.4103448557302493,0.383196832563798,-0.068922305764411,-0.1390498261877172,-0.0838471023427867,-0.0407333290297592,-0.0891259041314208,-0.0852006894853484,115500.0,72200.0,-0.3567099567099567,0.0290858725761773,20701684.0,1538135121200.0,6163333600.0,7425508205.0,0.0040070170136883,yfinance_download,237690.KQ
2023-03-21,75500.0,78000.0,74700.0,75400.0,74123.796875,137295.0,0.0148048452220725,-0.4782006920415225,77175.0,81341.66666666667,81189.16666666667,0.4102081319588801,0.3780550574667315,-0.0691358024691357,-0.153759820426487,-0.0467762326169405,-0.0229996760609005,-0.0730457944882697,-0.0713046691368922,115500.0,72200.0,-0.3471861471861471,0.0443213296398892,20701684.0,1560906973600.0,10352043000.0,7561507205.0,0.0066320691592046,yfinance_download,237690.KQ
2023-03-22,75600.0,75900.0,74300.0,74600.0,73337.34375,59221.0,-0.0106100795755967,-0.4837370242214532,76885.0,81070.0,81141.66666666667,0.4107951334251205,0.3754175695443361,-0.072139303482587,-0.1793179317931793,-0.070983810709838,-0.0297197112570722,-0.0798075737017391,-0.0806203142651741,115500.0,72200.0,-0.3541125541125541,0.0332409972299168,20701684.0,1544345626400.0,4417886600.0,7568424975.0,0.0028606851500583,yfinance_download,237690.KQ
2023-03-23,74400.0,74400.0,72400.0,73500.0,72255.953125,137343.0,-0.0147453083109919,-0.4913494809688581,76595.0,80841.66666666667,81075.83333333333,0.4111648768144378,0.3679811595125868,-0.073139974779319,-0.1571100917431193,-0.097051597051597,-0.040407337293557,-0.0908153798577466,-0.0934413255080119,115500.0,72200.0,-0.3636363636363636,0.0180055401662049,20701684.0,1521573774000.0,10094710500.0,7759727250.0,0.0066343878111558,yfinance_download,237690.KQ
2023-03-24,75900.0,76700.0,73700.0,74500.0,73239.0234375,138506.0,0.0136054421768707,-0.4844290657439446,76325.0,80630.0,81010.0,0.4138646773342632,0.3694418087349969,-0.0675844806007509,-0.1456422018348624,-0.095873786407767,-0.0239109073042909,-0.0760262929430732,-0.0803604493272435,115500.0,72200.0,-0.3549783549783549,0.0318559556786703,20701684.0,1542275458000.0,10318697000.0,7988217855.0,0.0066905668157237,yfinance_download,237690.KQ
2023-03-27,74300.0,76000.0,72900.0,75000.0,73730.5625,93536.0,0.0067114093959732,-0.4809688581314879,76145.0,80383.33333333333,80947.5,0.4122510039359324,0.3638410457279652,-0.0458015267175572,-0.1648106904231625,-0.0909090909090909,-0.0150371002692232,-0.0669707650839726,-0.0734735476697859,115500.0,72200.0,-0.3506493506493506,0.0387811634349031,20701684.0,1552626300000.0,7015200000.0,8002330125.0,0.0045182797689308,yfinance_download,237690.KQ
2023-03-28,74700.0,76000.0,74100.0,74700.0,73435.640625,52632.0,-0.004,-0.4830449826989619,76075.0,80156.66666666667,80857.5,0.3971412235297801,0.3626877593124677,-0.0183968462549277,-0.1540203850509626,-0.1263157894736841,-0.0180742688136706,-0.0680750197529838,-0.0761524904925331,115500.0,72200.0,-0.3532467532467532,0.0346260387811634,20701684.0,1546415794800.0,3931610400.0,7788518565.0,0.0025424018645053,yfinance_download,237690.KQ
2023-03-29,74700.0,74800.0,73300.0,73300.0,72059.3359375,58099.0,-0.0187416331994645,-0.4927335640138408,75820.0,79918.33333333333,80775.0,0.3845244860665721,0.364050353889464,-0.0650510204081632,-0.16324200913242,-0.1189903846153845,-0.0332366130308625,-0.082813705657859,-0.0925410089755494,115500.0,72200.0,-0.3653679653679653,0.0152354570637118,20701684.0,1517433437200.0,4258656700.0,7683966680.0,0.0028064866606987,yfinance_download,237690.KQ
2023-03-30,73300.0,75100.0,72400.0,73900.0,72649.1875,80760.0,0.0081855388813096,-0.4885813148788928,75685.0,79728.33333333333,80674.16666666667,0.3790178109351413,0.3613667077757511,-0.0352480417754569,-0.1336459554513481,-0.1406976744186047,-0.0235845940410913,-0.0731024102682024,-0.0839694656488549,115500.0,72200.0,-0.3601731601731601,0.0235457063711912,20701684.0,1529854447600.0,5968164000.0,7735240300.0,0.0039011319079162,yfinance_download,237690.KQ
2023-03-31,73400.0,74400.0,72700.0,74000.0,72747.4921875,57125.0,0.0013531799729364,-0.4878892733564014,75485.0,79556.66666666667,80586.66666666667,0.3719900228905776,0.3608775262651199,-0.0512820512820513,-0.1221826809015421,-0.1242603550295857,-0.019672782672054,-0.0698453932207651,-0.0817339510258108,115500.0,72200.0,-0.3593073593073593,0.0249307479224376,20701684.0,1531924616000.0,4227250000.0,7668302700.0,0.0027594373481886,yfinance_download,237690.KQ
2023-04-03,74400.0,74900.0,72800.0,73400.0,72157.6484375,80810.0,-0.0081081081081081,-0.4920415224913494,75260.0,79326.66666666667,80536.66666666667,0.3725152031514814,0.3530373558899138,-0.0577663671373556,-0.1582568807339449,-0.0755667506297229,-0.0247143236779165,-0.074712160685772,-0.0886138818757502,115500.0,72200.0,-0.3645021645021645,0.0166204986149585,20701684.0,1519503605600.0,5931454000.0,7685670115.0,0.0039035471703654,yfinance_download,237690.KQ
2023-04-04,73000.0,77100.0,72900.0,76800.0,75500.1015625,191279.0,0.0463215258855584,-0.4685121107266435,75105.0,79148.33333333333,80510.83333333333,0.3996038693674646,0.3668499494281169,-0.0387984981226533,-0.1222857142857143,-0.0387984981226533,0.0225684042340723,-0.029670028848786,-0.0460911057518138,115500.0,72200.0,-0.335064935064935,0.0637119113573407,20701684.0,1589889331200.0,14690227200.0,7910307615.0,0.0092397797203357,yfinance_download,237690.KQ
2023-04-05,76600.0,79100.0,75400.0,78500.0,77171.328125,197869.0,0.0221354166666667,-0.4567474048442906,75105.0,79001.66666666667,80524.16666666667,0.4035193659758615,0.3701414973195541,0.0,-0.1008018327605956,0.0208062418725618,0.0452033819319619,-0.0063500770025949,-0.0251373811174699,115500.0,72200.0,-0.3203463203463204,0.0872576177285318,20701684.0,1625082194000.0,15532716500.0,8435456915.0,0.0095581113111377,yfinance_download,237690.KQ
2023-04-06,79300.0,82400.0,78500.0,79900.0,78547.6328125,243116.0,0.0178343949044585,-0.4470588235294117,75040.0,78916.66666666667,80504.16666666667,0.3889856236344245,0.3685454338294469,-0.0160098522167487,-0.06,-0.0291616038882138,0.0647654584221748,0.0124604012671594,-0.007504787536877,115500.0,72200.0,-0.3082251082251082,0.1066481994459833,20701684.0,1654064551600.0,19424968400.0,8740154835.0,0.0117437789118991,yfinance_download,237690.KQ
2023-04-07,80700.0,81400.0,78700.0,81300.0,79923.9296875,117043.0,0.0175219023779724,-0.4373702422145329,75205.0,78956.66666666667,80510.0,0.3652642458911064,0.3393444642734518,0.0423076923076923,0.0304182509505703,0.0086848635235732,0.0810451432750483,0.0296787267277409,0.0098124456589243,115500.0,72200.0,-0.2961038961038961,0.1260387811634349,20701684.0,1683046909200.0,9515595900.0,8576170830.0,0.0056537912567885,yfinance_download,237690.KQ
2023-04-10,81500.0,82800.0,80200.0,81300.0,79923.9296875,161415.0,0.0,-0.4373702422145329,75385.0,78958.33333333333,80490.83333333333,0.3646566968539984,0.3341332762041556,0.0463320463320462,0.001231527093596,-0.027511961722488,0.0784638853883399,0.0296569920844327,0.0100529045750552,115500.0,72200.0,-0.2961038961038961,0.1260387811634349,20701684.0,1683046909200.0,13123039500.0,8916177045.0,0.0077971917646892,yfinance_download,237690.KQ
2023-04-11,81800.0,83500.0,80300.0,83300.0,81890.0859375,173600.0,0.0246002460024601,-0.4235294117647059,75905.0,78918.33333333333,80503.33333333333,0.2822481742732807,0.317973645274001,0.1426611796982166,-0.028004667444574,0.0183374083129583,0.097424412094065,0.0555215306962895,0.034739762328682,115500.0,72200.0,-0.2787878787878788,0.1537396121883656,20701684.0,1724450277200.0,14460880000.0,9045486995.0,0.0083857912235545,yfinance_download,237690.KQ
2023-04-12,83300.0,85300.0,82400.0,85200.0,83757.9296875,170092.0,0.0228091236494598,-0.4103806228373702,76505.0,78920.0,80537.5,0.2876053153756732,0.3211335700597701,0.1639344262295081,0.0011750881316099,0.0505548705302096,0.1136527024377491,0.0795742524075013,0.0578922862020798,115500.0,72200.0,-0.2623376623376623,0.1800554016620499,20701684.0,1763783476800.0,14491838400.0,9483109295.0,0.00821633641012,yfinance_download,237690.KQ
2023-04-13,85400.0,87400.0,83600.0,86500.0,85035.921875,177363.0,0.0152582159624412,-0.4013840830449827,77220.0,78916.66666666667,80587.5,0.2771492574599089,0.3203391067215749,0.1980609418282548,-0.0023068050749711,0.0745341614906831,0.1201761201761202,0.0960929250263991,0.0733674577322784,115500.0,72200.0,-0.2510822510822511,0.1980609418282548,20701684.0,1790695666000.0,15341899500.0,9843678560.0,0.0085675638754798,yfinance_download,237690.KQ
2023-04-14,87000.0,89200.0,86200.0,87600.0,86117.296875,169773.0,0.0127167630057802,-0.3937716262975779,77850.0,78990.0,80630.83333333333,0.2548188298145698,0.309956209897438,0.1679999999999999,0.0528846153846154,0.0631067961165048,0.1252408477842004,0.1090011393847323,0.0864330229337413,115500.0,72200.0,-0.2415584415584415,0.2132963988919667,20701684.0,1813467518400.0,14872114800.0,10206614300.0,0.0082009270356942,yfinance_download,237690.KQ
2023-04-17,87600.0,87600.0,83500.0,85000.0,83561.3046875,170444.0,-0.0296803652968036,-0.4117647058823529,78385.0,79030.0,80652.5,0.281884832593032,0.3158772435468654,0.1440107671601616,0.0290556900726393,0.0315533980582525,0.0843911462652293,0.0755409338225989,0.0539040947273798,115500.0,72200.0,-0.2640692640692641,0.1772853185595568,20701684.0,1759643140000.0,14487740000.0,10622834620.0,0.0082333398577622,yfinance_download,237690.KQ
2023-04-18,84200.0,86000.0,83500.0,84500.0,83069.7734375,95857.0,-0.0058823529411764,-0.4152249134948097,78840.0,79063.33333333333,80670.0,0.2837477368202532,0.3161412186048278,0.1206896551724137,0.0242424242424241,0.0254854368932038,0.071790969051243,0.0687634385935327,0.0474773769678937,115500.0,72200.0,-0.2683982683982684,0.1703601108033241,20701684.0,1749292298000.0,8099916500.0,10510228295.0,0.0046303962518218,yfinance_download,237690.KQ
2023-04-19,84500.0,84500.0,82000.0,83600.0,82185.0,106096.0,-0.0106508875739644,-0.4214532871972318,79290.0,79090.0,80661.66666666667,0.2837791965222937,0.3166934679728653,0.1206434316353888,0.0195121951219512,-0.0118203309692671,0.0543574221213267,0.0570236439499305,0.036427877761018,115500.0,72200.0,-0.2761904761904762,0.1578947368421053,20701684.0,1730660782400.0,8869625600.0,10732815245.0,0.005124993696165,yfinance_download,237690.KQ
2023-04-20,83400.0,83400.0,80300.0,80900.0,79530.6953125,89335.0,-0.0322966507177033,-0.4401384083044982,79660.0,79071.66666666667,80631.66666666667,0.3066045620529189,0.3237572503165229,0.1006802721088435,-0.0134146341463414,-0.0426035502958579,0.0155661561636957,0.0231224838226924,0.0033278902002935,115500.0,72200.0,-0.2995670995670996,0.1204986149584488,20701684.0,1674766235600.0,7227201500.0,10589439795.0,0.0043153494179507,yfinance_download,237690.KQ
2023-04-21,81100.0,82300.0,79500.0,80800.0,79432.3984375,73857.0,-0.0012360939431397,-0.4408304498269896,79975.0,79055.0,80610.83333333333,0.3055942522969008,0.3237282395714627,0.0845637583892617,-0.0122249388753056,-0.0300120048019207,0.0103157236636448,0.0220732401492631,0.0023466655639752,115500.0,72200.0,-0.3004329004329004,0.1191135734072021,20701684.0,1672696067200.0,5967645600.0,10371887225.0,0.0035676807741824,yfinance_download,237690.KQ
2023-04-24,81200.0,81200.0,78500.0,79300.0,77957.7890625,74364.0,-0.0185643564356435,-0.4512110726643599,80190.0,79013.33333333333,80637.5,0.3158832936656069,0.325956302364023,0.0573333333333332,-0.030562347188264,0.0420499342969775,-0.0110986407282703,0.0036280796490044,-0.0165865757246937,115500.0,72200.0,-0.3134199134199134,0.0983379501385042,20701684.0,1641643541200.0,5897065200.0,10315980485.0,0.0035921715354171,yfinance_download,237690.KQ
2023-04-25,79000.0,80300.0,77200.0,79100.0,77761.171875,69299.0,-0.0025220680958385,-0.4525951557093426,80410.0,78976.66666666667,80670.83333333333,0.3154935497966081,0.3257662606646047,0.0589022757697457,-0.0270602706027059,0.0532623169107855,-0.0162915060315881,0.0015616426792723,-0.0194721347037859,115500.0,72200.0,-0.3151515151515152,0.0955678670360111,20701684.0,1637503204400.0,5481550900.0,10393477510.0,0.0033475054493151,yfinance_download,237690.KQ
2023-04-26,77800.0,79600.0,77300.0,78400.0,77073.015625,44088.0,-0.0088495575221239,-0.457439446366782,80665.0,78928.33333333333,80720.0,0.3083022744976926,0.3262418506533849,0.0695770804911324,-0.035670356703567,0.0813793103448274,-0.0280790925432343,-0.0066938361805012,-0.0287413280475719,115500.0,72200.0,-0.3212121212121211,0.0858725761772853,20701684.0,1623012025600.0,3456499200.0,10353369635.0,0.0021296818171893,yfinance_download,237690.KQ
2023-04-27,78300.0,79000.0,77200.0,78600.0,77269.6328125,55445.0,0.0025510204081633,-0.4560553633217993,80900.0,78870.0,80768.33333333333,0.3078263610390234,0.3256063484570627,0.0635994587280108,-0.0426309378806333,0.0796703296703296,-0.0284301606922126,-0.0034233548877899,-0.0268463300385877,115500.0,72200.0,-0.3194805194805195,0.0886426592797784,20701684.0,1627152362400.0,4357977000.0,10272860285.0,0.0026782845298962,yfinance_download,237690.KQ
2023-04-28,78800.0,80000.0,78100.0,79000.0,77662.859375,84090.0,0.0050890585241729,-0.4532871972318338,81150.0,78810.0,80803.33333333333,0.3078041718747007,0.3255260242246124,0.0675675675675675,-0.0435835351089588,0.0561497326203208,-0.0264941466420209,0.0024108615657911,-0.0223175611567179,115500.0,72200.0,-0.316017316017316,0.0941828254847645,20701684.0,1635433036000.0,6643110000.0,10393653285.0,0.0040619883870317,yfinance_download,237690.KQ
2023-05-02,80800.0,90500.0,79100.0,90000.0,88476.6796875,561806.0,0.139240506329114,-0.3771626297577855,81980.0,78960.0,80901.66666666667,0.5684402452491564,0.4314020400542722,0.2261580381471388,0.1111111111111111,0.1508951406649616,0.0978287387167602,0.1398176291793313,0.1124616303743226,115500.0,72200.0,-0.2207792207792207,0.2465373961218837,20701684.0,1863151560000.0,50562540000.0,12625207585.0,0.0271381787104855,yfinance_download,237690.KQ
2023-05-03,90200.0,92200.0,87600.0,89000.0,87493.6015625,223429.0,-0.011111111111111,-0.3840830449826989,82590.0,79090.0,80985.83333333333,0.5573145088112611,0.4322504911236595,0.1588541666666667,0.0960591133004926,0.1280101394169834,0.0776123017314445,0.1253002908079403,0.0989576366236895,115500.0,72200.0,-0.2294372294372294,0.2326869806094182,20701684.0,1842449876000.0,19885181000.0,12884955275.0,0.0107927934751588,yfinance_download,237690.KQ
2023-05-04,89000.0,92800.0,88400.0,91800.0,90246.2109375,247503.0,0.0314606741573033,-0.3647058823529412,83255.0,79270.0,81113.33333333333,0.5614308416067817,0.4363652895509881,0.1694267515923566,0.1333333333333333,0.1999999999999999,0.1026364782895923,0.158067364702914,0.1317498150735596,115500.0,72200.0,-0.2051948051948051,0.2714681440443214,20701684.0,1900414591200.0,22720775400.0,13244358220.0,0.0119556940391902,yfinance_download,237690.KQ
2023-05-08,92600.0,93100.0,89000.0,89200.0,87690.21875,146235.0,-0.028322440087146,-0.3826989619377162,83720.0,79398.33333333333,81184.16666666667,0.5749041352273386,0.4408113888152001,0.1163954943679599,0.0944785276073618,0.1053283767038413,0.065456282847587,0.1234492747538782,0.0987364120672134,115500.0,72200.0,-0.2277056277056277,0.2354570637119113,20701684.0,1846590212800.0,13044162000.0,12925317900.0,0.0070639180851181,yfinance_download,237690.KQ
2023-05-09,89200.0,90700.0,87500.0,88400.0,86903.7578125,125676.0,-0.0089686098654708,-0.388235294117647,84075.0,79501.66666666667,81258.33333333333,0.575617306010064,0.4411372859273658,0.087330873308733,0.0754257907542579,0.1119496855345911,0.0514421647338685,0.1119263747091254,0.0878884217003383,115500.0,72200.0,-0.2346320346320346,0.2243767313019391,20701684.0,1830028865600.0,11109758400.0,13005026025.0,0.006070810471264,yfinance_download,237690.KQ
2023-05-10,89000.0,89100.0,85300.0,85900.0,84446.078125,92515.0,-0.0282805429864253,-0.4055363321799308,84305.0,79608.33333333333,81289.16666666667,0.587367024711339,0.439712200019908,0.0565805658056579,0.080503144654088,0.0450121654501216,0.0189193997983512,0.0790327645765729,0.056721375337017,115500.0,72200.0,-0.2562770562770563,0.1897506925207757,20701684.0,1778274655600.0,7947038500.0,12746225975.0,0.0044689601097186,yfinance_download,237690.KQ
2023-05-11,85500.0,87100.0,83900.0,85000.0,83561.3046875,94484.0,-0.0104772991850989,-0.4117647058823529,84390.0,79701.66666666667,81325.0,0.5837357109736899,0.4403786110836614,0.0204081632653061,0.070528967254408,0.0532837670384138,0.0072283445905914,0.0664770707429789,0.0451890562557639,115500.0,72200.0,-0.2640692640692641,0.1772853185595568,20701684.0,1759643140000.0,8031140000.0,12424738975.0,0.0045640731449673,yfinance_download,237690.KQ
2023-05-12,84400.0,84600.0,82200.0,82500.0,81103.625,110766.0,-0.0294117647058823,-0.4290657439446367,84255.0,79733.33333333333,81333.33333333333,0.5880033866953424,0.4439402467542619,-0.0316901408450703,0.0235732009925557,0.0122699386503066,-0.0208296243546377,0.0346989966555184,0.014344262295082,115500.0,72200.0,-0.2857142857142857,0.1426592797783934,20701684.0,1707888930000.0,9138195000.0,12157056805.0,0.0053505792089184,yfinance_download,237690.KQ
2023-05-15,82100.0,82900.0,81000.0,82500.0,81103.625,70138.0,0.0,-0.4290657439446367,84055.0,79781.66666666667,81338.33333333333,0.5848950901665806,0.4430958126612391,-0.0462427745664739,0.0364321608040201,0.0073260073260073,-0.0184997918029861,0.0340721552570557,0.0142819088990431,115500.0,72200.0,-0.2857142857142857,0.1426592797783934,20701684.0,1707888930000.0,5786385000.0,11679281080.0,0.0033880335532123,yfinance_download,237690.KQ
2023-05-16,82700.0,84000.0,82500.0,82900.0,81496.8515625,66368.0,0.0048484848484848,-0.4262975778546712,83820.0,79800.0,81354.16666666667,0.5829758422230761,0.4396851505748415,-0.0536529680365296,0.0134474327628362,0.0234567901234568,-0.0109759007396802,0.0388471177944862,0.019001280409731,115500.0,72200.0,-0.2822510822510822,0.1481994459833795,20701684.0,1716169603600.0,5501907200.0,11210770700.0,0.0032059227645441,yfinance_download,237690.KQ
2023-05-17,82300.0,85400.0,82300.0,85000.0,83561.3046875,70192.0,0.0253317249698432,-0.4117647058823529,83820.0,79886.66666666667,81406.66666666667,0.581225519005538,0.4394135440304688,0.0,0.0651629072681705,0.0800508259212198,0.014077785731329,0.0640073437369606,0.0441405290312013,115500.0,72200.0,-0.2640692640692641,0.1772853185595568,20701684.0,1759643140000.0,5966320000.0,10784699700.0,0.0033906420366575,yfinance_download,237690.KQ
2023-05-18,85300.0,87000.0,84300.0,85700.0,84249.453125,94120.0,0.0082352941176471,-0.4069204152249135,83880.0,79965.0,81469.16666666667,0.5812983673958732,0.4387335795447196,0.0142011834319526,0.0580246913580246,0.0959079283887467,0.0216976633285645,0.0717188770086914,0.0519317124065341,115500.0,72200.0,-0.258008658008658,0.1869806094182826,20701684.0,1774134318800.0,8066084000.0,10783008075.0,0.0045464900343373,yfinance_download,237690.KQ
2023-05-19,85800.0,87200.0,82400.0,85200.0,83757.9296875,150335.0,-0.0058343057176195,-0.4103806228373702,83960.0,80045.0,81512.5,0.5802350974549817,0.4386119982005027,0.0191387559808613,0.0597014925373133,0.0649999999999999,0.0147689375893282,0.0644012742832156,0.0452384603588407,115500.0,72200.0,-0.2623376623376623,0.1800554016620499,20701684.0,1763783476800.0,12808542000.0,10979953895.0,0.0072619696059508,yfinance_download,237690.KQ
2023-05-22,85300.0,89000.0,84200.0,87800.0,86313.921875,160254.0,0.0305164319248827,-0.3923875432525952,84305.0,80186.66666666667,81595.83333333333,0.5744566250699791,0.4414943803733276,0.0852904820766378,0.1071878940731398,0.1285347043701799,0.041456615859083,0.0949451280345858,0.0760353367716897,115500.0,72200.0,-0.2398268398268398,0.2160664819944597,20701684.0,1817607855200.0,14070301200.0,11322108880.0,0.0077411093706193,yfinance_download,237690.KQ
2023-05-23,87900.0,88700.0,86700.0,88500.0,87002.0703125,85924.0,0.0079726651480638,-0.3875432525951557,84690.0,80330.0,81706.66666666667,0.5741276846627762,0.4415167910120888,0.0952970297029702,0.1076345431789738,0.1768617021276595,0.0449876018420121,0.1017054649570521,0.0831429503916447,115500.0,72200.0,-0.2337662337662337,0.2257617728531855,20701684.0,1832099034000.0,7604274000.0,11403940300.0,0.0041505802136676,yfinance_download,237690.KQ
2023-05-24,88000.0,89100.0,87000.0,88600.0,87100.375,71085.0,0.0011299435028249,-0.3868512110726644,85155.0,80496.66666666667,81805.83333333333,0.5675591841572821,0.4398659880435587,0.1172761664564943,0.1272264631043256,0.1551499348109517,0.0404556397158124,0.1006666942730547,0.0830523495675736,115500.0,72200.0,-0.2329004329004329,0.2271468144044321,20701684.0,1834169202400.0,6298131000.0,11423993590.0,0.0034337786239998,yfinance_download,237690.KQ
2023-05-25,88900.0,89000.0,86500.0,86700.0,85232.5390625,64373.0,-0.0214446952595936,-0.4,85535.0,80673.33333333333,81891.66666666667,0.575306782460007,0.4369307237920056,0.0960809102402022,0.1392904073587384,0.1348167539267015,0.0136201554919039,0.0747045698702586,0.0587157830467079,115500.0,72200.0,-0.2493506493506493,0.2008310249307479,20701684.0,1794836002800.0,5581139100.0,11428973000.0,0.0031095537928218,yfinance_download,237690.KQ
2023-05-26,86500.0,88100.0,85900.0,87600.0,86117.296875,49037.0,0.0103806228373701,-0.3937716262975779,85995.0,80826.66666666667,81976.66666666667,0.5731307770742659,0.4334386328313618,0.1173469387755101,0.1173469387755101,0.1317829457364341,0.018663875806733,0.0838007258330584,0.0685967551742365,115500.0,72200.0,-0.2415584415584415,0.2132963988919667,20701684.0,1813467518400.0,4295641200.0,11470930100.0,0.0023687444944092,yfinance_download,237690.KQ
2023-05-30,87900.0,88700.0,85000.0,86000.0,84544.3828125,87178.0,-0.0182648401826484,-0.4048442906574394,86365.0,80983.33333333333,82060.83333333333,0.5795887381090504,0.43238001671345,0.0941475826972009,0.1227154046997389,0.1330698287220026,-0.0042262490592254,0.0619469026548673,0.0480030059000944,115500.0,72200.0,-0.2554112554112554,0.1911357340720221,20701684.0,1780344824000.0,7497308000.0,11627896650.0,0.004211154995893,yfinance_download,237690.KQ
2023-05-31,85900.0,86900.0,85100.0,86300.0,84839.3046875,104949.0,0.0034883720930232,-0.4027681660899653,86730.0,81121.66666666667,82130.0,0.5796171531667846,0.4311039748895652,0.0924050632911392,0.1064102564102564,0.1064102564102564,-0.0049579153695376,0.0638341585684054,0.0507731644953122,115500.0,72200.0,-0.2528138528138528,0.1952908587257618,20701684.0,1786555329200.0,9057098700.0,11748596085.0,0.0050695875755808,yfinance_download,237690.KQ
2023-06-01,86400.0,89000.0,86200.0,88800.0,87296.984375,104497.0,0.0289687137891077,-0.3854671280276817,86670.0,81303.33333333333,82214.16666666667,0.3107642585019258,0.4345530355672815,-0.0133333333333333,0.1399229781771502,0.1283354510800507,0.0245759778470058,0.0922061416096102,0.0801058211784262,115500.0,72200.0,-0.2311688311688311,0.2299168975069252,20701684.0,1838309539200.0,9279333600.0,9684435765.0,0.0050477536030402,yfinance_download,237690.KQ
2023-06-02,89400.0,89500.0,86700.0,87500.0,86018.9921875,84808.0,-0.0146396396396396,-0.3944636678200692,86595.0,81430.0,82260.0,0.3126107896335391,0.4332388393531424,-0.0168539325842697,0.0951188986232791,0.0670731707317073,0.0104509498238929,0.0745425518850546,0.0637004619499148,115500.0,72200.0,-0.2424242424242424,0.2119113573407203,20701684.0,1811397350000.0,7420700000.0,9061211715.0,0.0040966715558019,yfinance_download,237690.KQ
2023-06-05,87400.0,87400.0,84600.0,85500.0,84052.8359375,67600.0,-0.0228571428571429,-0.4083044982698962,86280.0,81546.66666666667,82290.83333333333,0.2976772216949255,0.4343952360092572,-0.0686274509803921,0.0891719745222929,0.0452322738386308,-0.0090403337969402,0.0484793982995421,0.0389978632695016,115500.0,72200.0,-0.2597402597402597,0.1842105263157893,20701684.0,1769993982000.0,5779800000.0,8214162945.0,0.0032654348312919,yfinance_download,237690.KQ
2023-06-07,85500.0,87100.0,85300.0,85700.0,84249.453125,72480.0,0.0023391812865496,-0.4069204152249135,86105.0,81621.66666666667,82307.5,0.2831464807781848,0.4290503237837375,-0.0392376681614349,0.0554187192118227,0.0238948626045401,-0.004703559607456,0.0499663079656136,0.04121738602193,115500.0,72200.0,-0.258008658008658,0.1869806094182826,20701684.0,1774134318800.0,6211536000.0,7872531645.0,0.0035011644463319,yfinance_download,237690.KQ
2023-06-08,85700.0,86000.0,84500.0,85700.0,84249.453125,76688.0,0.0,-0.4069204152249135,85970.0,81750.0,82334.16666666667,0.2819423486656995,0.4206193512940873,-0.0305429864253393,0.0987179487179488,0.0387878787878788,-0.0031406304524834,0.0483180428134557,0.0408801530348883,115500.0,72200.0,-0.258008658008658,0.1869806094182826,20701684.0,1774134318800.0,6572161600.0,7645651805.0,0.003704432934055,yfinance_download,237690.KQ
2023-06-09,85100.0,86500.0,84800.0,85700.0,84249.453125,68301.0,0.0,-0.4069204152249135,85960.0,81883.33333333333,82349.16666666667,0.2634455866726629,0.4204686350476546,-0.0023282887077997,0.102960102960103,0.0214541120381406,-0.0030246626337832,0.0466110319560351,0.0406905554599823,115500.0,72200.0,-0.258008658008658,0.1869806094182826,20701684.0,1774134318800.0,5853395700.0,7540969665.0,0.0032992968108294,yfinance_download,237690.KQ
2023-06-12,85800.0,85900.0,83100.0,83500.0,82086.6953125,96038.0,-0.0256709451575262,-0.4221453287197232,85885.0,82060.0,82305.0,0.2766597306033915,0.4032480270776805,-0.0176470588235294,0.1454046639231825,-0.0596846846846846,-0.0277696920300402,0.0175481355106019,0.0145191665147925,115500.0,72200.0,-0.2770562770562771,0.1565096952908586,20701684.0,1728590614000.0,8019173000.0,7540371315.0,0.0046391395018878,yfinance_download,237690.KQ
2023-06-13,84000.0,86000.0,83400.0,83500.0,82086.6953125,81762.0,0.0,-0.4221453287197232,85935.0,82231.66666666667,82253.33333333333,0.2550986537051611,0.4032688235039648,0.0121212121212122,0.1407103825136613,-0.0691192865105908,-0.028335369756211,0.0154239040110257,0.0151564272977793,115500.0,72200.0,-0.2770562770562771,0.1565096952908586,20701684.0,1728590614000.0,6827127000.0,7424817915.0,0.0039495337673978,yfinance_download,237690.KQ
2023-06-14,83500.0,83800.0,81700.0,81900.0,80513.78125,96225.0,-0.0191616766467065,-0.4332179930795847,85905.0,82393.33333333333,82195.0,0.2647077051020945,0.4043664239167608,-0.0072727272727273,0.134349030470914,-0.0787401574803149,-0.0466212676794133,-0.0059875394449389,-0.0035890260964779,115500.0,72200.0,-0.2909090909090909,0.134349030470914,20701684.0,1695467919600.0,7880827500.0,7529540040.0,0.0046481725834478,yfinance_download,237690.KQ
2023-06-15,81900.0,82600.0,80500.0,81300.0,79923.9296875,68282.0,-0.0073260073260073,-0.4373702422145329,85825.0,82498.33333333333,82134.16666666667,0.2651351594443494,0.3976368481598876,-0.0193003618817853,0.084,-0.082392776523702,-0.0527235653946984,-0.0145255459706256,-0.0101561469546779,115500.0,72200.0,-0.2961038961038961,0.1260387811634349,20701684.0,1683046909200.0,5551326600.0,7532011010.0,0.0032983790110988,yfinance_download,237690.KQ
2023-06-16,81800.0,82500.0,80500.0,80700.0,79334.09375,69762.0,-0.007380073800738,-0.4415224913494809,85610.0,82605.0,82087.5,0.2471194756196866,0.3974267057726881,-0.0505882352941176,0.0861372812920591,-0.0648899188876014,-0.0573531129540941,-0.0230615580170692,-0.016902695294655,115500.0,72200.0,-0.3012987012987013,0.1177285318559557,20701684.0,1670625898800.0,5629793400.0,7515184680.0,0.0033698707795945,yfinance_download,237690.KQ
2023-06-19,80700.0,81600.0,79600.0,81500.0,80120.546875,82285.0,0.009913258983891,-0.4359861591695502,85400.0,82706.66666666667,82024.16666666667,0.2481538555523857,0.3968623853760938,-0.0490081680280046,0.0809018567639257,-0.0852974186307519,-0.0456674473067916,-0.0145897146541996,-0.0063903930752116,115500.0,72200.0,-0.2943722943722944,0.1288088642659279,20701684.0,1687187246000.0,6706227500.0,7447191855.0,0.0039747974126162,yfinance_download,237690.KQ
2023-06-20,81300.0,81500.0,79600.0,80100.0,78744.2421875,67373.0,-0.0171779141104294,-0.445674740484429,85145.0,82798.33333333333,81934.16666666667,0.2534502367944768,0.397951611991653,-0.0598591549295774,0.0737265415549597,-0.1188118811881188,-0.0592518644664983,-0.0325892228104429,-0.0223858585653116,115500.0,72200.0,-0.3064935064935065,0.1094182825484764,20701684.0,1658204888400.0,5396577300.0,7076593620.0,0.0032544695397727,yfinance_download,237690.KQ
2023-06-21,80000.0,80100.0,77400.0,78600.0,77269.6328125,133886.0,-0.0187265917602996,-0.4560553633217993,84685.0,82883.33333333333,81862.5,0.2259677724386717,0.3987279001359878,-0.1047835990888382,0.0693877551020407,-0.0986238532110092,-0.0718545196906181,-0.0516790669615925,-0.0398534127347686,115500.0,72200.0,-0.3194805194805195,0.0886426592797784,20701684.0,1627152362400.0,10523439600.0,6899250540.0,0.0064673965654195,yfinance_download,237690.KQ
2023-06-22,78400.0,79300.0,78000.0,78400.0,77073.015625,57182.0,-0.0025445292620864,-0.457439446366782,84180.0,82948.33333333333,81789.16666666667,0.2207216064022003,0.3979920590833842,-0.1141242937853107,0.0523489932885905,-0.1009174311926605,-0.0686623901164171,-0.0548333299845285,-0.0414378432351473,115500.0,72200.0,-0.3212121212121211,0.0858725761772853,20701684.0,1623012025600.0,4483068800.0,6743190280.0,0.0027621907473807,yfinance_download,237690.KQ
2023-06-23,78200.0,78900.0,77300.0,78200.0,76876.3984375,67198.0,-0.0025510204081632,-0.4588235294117647,83660.0,83001.66666666667,81692.5,0.219539462358936,0.3978915477103747,-0.1173814898419864,0.0426666666666666,-0.1291759465478842,-0.0652641644752569,-0.0578502439710046,-0.0427517825993818,115500.0,72200.0,-0.322943722943723,0.0831024930747923,20701684.0,1618871688800.0,5254883600.0,6691027910.0,0.0032460161212005,yfinance_download,237690.KQ
2023-06-26,78200.0,79300.0,77200.0,78400.0,77073.015625,36978.0,0.0025575447570331,-0.457439446366782,83245.0,83063.33333333333,81610.0,0.2137932420209235,0.3977670846916646,-0.0957324106113033,0.0495314591700133,-0.1121177802944507,-0.0582016937954231,-0.0561418997552067,-0.0393334150226687,115500.0,72200.0,-0.3212121212121211,0.0858725761772853,20701684.0,1623012025600.0,2899075200.0,6556924715.0,0.0017862314969159,yfinance_download,237690.KQ
2023-06-27,77900.0,78500.0,77300.0,78000.0,76679.7890625,52881.0,-0.0051020408163264,-0.4602076124567473,82765.0,83141.66666666667,81530.0,0.2060068155357576,0.3958383873661106,-0.1095890410958904,0.0641200545702591,-0.1095890410958904,-0.0575726454419138,-0.0618422371454345,-0.0432969459094811,115500.0,72200.0,-0.3246753246753247,0.080332409972299,20701684.0,1614731352000.0,4124718000.0,6548378555.0,0.0025544298715022,yfinance_download,237690.KQ
2023-06-28,78100.0,79200.0,77500.0,78200.0,76876.3984375,59865.0,0.0025641025641025,-0.4588235294117647,82375.0,83213.33333333333,81470.83333333333,0.2024023920703012,0.3955900382499416,-0.0906976744186046,0.0581867388362651,-0.0832356389214536,-0.0506828528072837,-0.0602467553276717,-0.0401472919756558,115500.0,72200.0,-0.322943722943723,0.0831024930747923,20701684.0,1618871688800.0,4681443000.0,6407585305.0,0.0028917937304037,yfinance_download,237690.KQ
2023-06-29,78300.0,78700.0,75800.0,77000.0,75696.7109375,90407.0,-0.0153452685421995,-0.4671280276816609,81910.0,83263.33333333333,81410.0,0.2033778369840363,0.397046254874968,-0.1077636152954808,0.0405405405405405,-0.0865954922894425,-0.059943840800879,-0.075223187477481,-0.054170249355116,115500.0,72200.0,-0.3333333333333333,0.0664819944598338,20701684.0,1594029668000.0,6961339000.0,6302797320.0,0.0043671326448611,yfinance_download,237690.KQ
2023-06-30,76200.0,77000.0,74400.0,76900.0,75598.40625,96848.0,-0.0012987012987012,-0.4678200692041522,81315.0,83321.66666666667,81324.16666666667,0.1585728736839254,0.3966272727856013,-0.134009009009009,0.047683923705722,-0.1181192660550458,-0.0542950255180471,-0.0770707899105875,-0.0544016231337548,115500.0,72200.0,-0.3341991341991341,0.0650969529085871,20701684.0,1591959499600.0,7447611200.0,6211211200.0,0.0046782667535645,yfinance_download,237690.KQ
2023-07-03,78100.0,79000.0,76900.0,78000.0,76679.7890625,73936.0,0.0143042912873863,-0.4602076124567473,80840.0,83341.66666666667,81245.0,0.1729968479640706,0.3863188038624296,-0.1085714285714285,0.015625,-0.1085714285714285,-0.0351311232063334,-0.064093590640936,-0.0399409194411963,115500.0,72200.0,-0.3246753246753247,0.080332409972299,20701684.0,1614731352000.0,5767008000.0,6128526600.0,0.0035714968888521,yfinance_download,237690.KQ
2023-07-04,77700.0,77900.0,76700.0,77700.0,76384.8671875,54710.0,-0.0038461538461538,-0.4622837370242214,80450.0,83328.33333333333,81165.0,0.1606737203417651,0.3837754985687971,-0.0912280701754385,-0.0101910828025477,-0.1099656357388316,-0.0341827221876942,-0.0675440526431585,-0.0426908150064683,115500.0,72200.0,-0.3272727272727272,0.0761772853185596,20701684.0,1608520846800.0,4250967000.0,6052084950.0,0.0026427801718932,yfinance_download,237690.KQ
2023-07-05,77300.0,78300.0,76700.0,76800.0,75500.1015625,59350.0,-0.0115830115830115,-0.4685121107266435,80005.0,83276.66666666667,81096.66666666667,0.1601571502861632,0.3827042679109804,-0.1038506417736289,-0.0387984981226533,-0.096470588235294,-0.0400599962502343,-0.0777728855621823,-0.0529820378971598,115500.0,72200.0,-0.335064935064935,0.0637119113573407,20701684.0,1589889331200.0,4558080000.0,5969412150.0,0.0028669165271772,yfinance_download,237690.KQ
2023-07-06,76500.0,76800.0,73700.0,73800.0,72550.875,109400.0,-0.0390625,-0.489273356401384,79410.0,83151.66666666667,81054.16666666667,0.1981453442383453,0.3889133998943568,-0.1388564760793466,-0.092250922509225,-0.0646387832699619,-0.0706460143558745,-0.1124651740794933,-0.0894977638410529,115500.0,72200.0,-0.361038961038961,0.0221606648199446,20701684.0,1527784279200.0,8073720000.0,6044490070.0,0.0052845942388068,yfinance_download,237690.KQ
2023-07-07,73700.0,74400.0,71700.0,72700.0,71469.5,76840.0,-0.0149051490514905,-0.4968858131487889,78760.0,83008.33333333333,80983.33333333333,0.1978538856281799,0.3898940718499755,-0.1516919486581096,-0.1057810578105781,-0.104679802955665,-0.0769426104621635,-0.1241843188434895,-0.1022844206626877,115500.0,72200.0,-0.3705627705627705,0.0069252077562327,20701684.0,1505012426800.0,5586268000.0,6031133685.0,0.0037117753319005,yfinance_download,237690.KQ
2023-07-10,72700.0,73300.0,70800.0,72600.0,71371.1875,64156.0,-0.0013755158184318,-0.4975778546712802,78215.0,82830.0,80874.16666666667,0.1878048251145295,0.3860601110420311,-0.1305389221556886,-0.1284513805522209,-0.1528588098016335,-0.0717892987278655,-0.1235059760956175,-0.1023091428041504,115500.0,72200.0,-0.3714285714285714,0.005540166204986,20701684.0,1502942258400.0,4657725600.0,5863061315.0,0.0030990715537924,yfinance_download,237690.KQ
2023-07-12,73000.0,73800.0,71900.0,73600.0,72354.2578125,46896.0,0.0137741046831956,-0.4906574394463667,77720.0,82636.66666666667,80778.33333333333,0.2004573605572561,0.3840177235259358,-0.118562874251497,-0.136150234741784,-0.1351351351351351,-0.0530108080288214,-0.1093542011213747,-0.0888645882765593,115500.0,72200.0,-0.3627705627705627,0.0193905817174515,20701684.0,1523643942400.0,3451545600.0,5694282245.0,0.0022653229563353,yfinance_download,237690.KQ
2023-07-13,74800.0,76200.0,73500.0,74200.0,72944.109375,65862.0,0.0081521739130434,-0.4865051903114187,77335.0,82431.66666666667,80674.16666666667,0.20050442367849,0.3829154655582581,-0.094017094017094,-0.1421965317919075,-0.1441753171856977,-0.0405379194413914,-0.0998604905072889,-0.0802508031278084,115500.0,72200.0,-0.3575757575757575,0.0277008310249307,20701684.0,1536064952800.0,4886960400.0,5544588890.0,0.0031814803085584,yfinance_download,237690.KQ
2023-07-14,74200.0,74200.0,72900.0,73100.0,71862.7265625,48548.0,-0.0148247978436657,-0.4941176470588235,76925.0,82190.0,80590.0,0.2034784234425245,0.3824679760126943,-0.100861008610086,-0.1655251141552511,-0.1213942307692307,-0.0497237569060773,-0.1105973962769193,-0.0929395706663357,115500.0,72200.0,-0.3670995670995671,0.0124653739612188,20701684.0,1513293100400.0,3548858800.0,5444465500.0,0.0023451232276562,yfinance_download,237690.KQ
2023-07-17,73500.0,73700.0,72200.0,73000.0,71764.421875,52304.0,-0.0013679890560875,-0.4948096885813149,76540.0,81990.0,80510.0,0.2037519900486308,0.378328702635251,-0.0954151177199504,-0.1411764705882353,-0.1162227602905568,-0.0462503266266004,-0.1096475179899988,-0.0932803378462302,115500.0,72200.0,-0.3679653679653679,0.0110803324099721,20701684.0,1511222932000.0,3818192000.0,5353885430.0,0.0025265577428386,yfinance_download,237690.KQ
2023-07-18,72600.0,73600.0,70800.0,70900.0,69699.9609375,86896.0,-0.0287671232876712,-0.5093425605536333,76010.0,81763.33333333333,80413.33333333333,0.2124727257365995,0.3821503393937217,-0.1300613496932515,-0.1609467455621301,-0.1406060606060606,-0.0672279963162741,-0.1328631415875085,-0.1183054219864034,115500.0,70900.0,-0.3861471861471861,0.0,20701684.0,1467749395600.0,6160926400.0,5326620375.0,0.0041975329156797,yfinance_download,237690.KQ
2023-07-19,71500.0,74400.0,71200.0,74200.0,72944.109375,101145.0,0.0465444287729195,-0.4865051903114187,75715.0,81606.66666666667,80348.33333333333,0.2808213175391307,0.3948020935231101,-0.0736579275905118,-0.1124401913875597,-0.0951219512195121,-0.0200092451958,-0.0907605587778777,-0.0765209815594597,115500.0,70900.0,-0.3575757575757575,0.0465444287729195,20701684.0,1536064952800.0,7504959000.0,5432039460.0,0.0048858344084471,yfinance_download,237690.KQ
2023-07-20,74200.0,75000.0,73300.0,73800.0,72550.875,71448.0,-0.0053908355795148,-0.489273356401384,75475.0,81488.33333333333,80280.0,0.2752730396487245,0.3897125055850136,-0.0610687022900763,-0.0877626699629171,-0.0999999999999999,-0.0221927790659158,-0.0943488842983657,-0.0807174887892376,115500.0,70900.0,-0.361038961038961,0.0409026798307474,20701684.0,1527784279200.0,5272862400.0,5169510600.0,0.0034513134293809,yfinance_download,237690.KQ
2023-07-21,73500.0,78900.0,73500.0,77300.0,75991.640625,186919.0,0.0474254742547426,-0.4650519031141868,75420.0,81430.0,80242.5,0.3283986965170842,0.4022758013066825,-0.0140306122448979,-0.0433168316831683,-0.0550122249388752,0.0249270750464067,-0.0507184084489745,-0.0366700937782347,115500.0,70900.0,-0.3307359307359307,0.0902679830747532,20701684.0,1600240173200.0,14448838700.0,5667799095.0,0.0090291688347672,yfinance_download,237690.KQ
2023-07-24,78300.0,78300.0,74400.0,74700.0,73435.640625,105634.0,-0.0336351875808538,-0.4830449826989619,75245.0,81353.33333333333,80183.33333333333,0.3488656911315146,0.4063417344968354,-0.0447570332480818,-0.0580075662042874,-0.0867970660146699,-0.0072430061798126,-0.0817831680734245,-0.0683849511536062,115500.0,70900.0,-0.3532467532467532,0.0535966149506346,20701684.0,1546415794800.0,7890859800.0,5799597905.0,0.0051026766711345,yfinance_download,237690.KQ
2023-07-25,75500.0,76300.0,73600.0,74000.0,72747.4921875,87449.0,-0.0093708165997322,-0.4878892733564014,75025.0,81268.33333333333,80122.5,0.3493412247103247,0.406716054568111,-0.0561224489795918,-0.0644753476611883,-0.0897908979089791,-0.0136621126291236,-0.0894362297737946,-0.0764142406939374,115500.0,70900.0,-0.3593073593073593,0.0437235543018335,20701684.0,1531924616000.0,6471226000.0,5978205445.0,0.0042242457183676,yfinance_download,237690.KQ
2023-07-26,73200.0,74700.0,71500.0,72500.0,71272.875,137542.0,-0.0202702702702702,-0.4982698961937716,74750.0,81170.0,80049.16666666667,0.3548557617711506,0.4083514887726404,-0.0705128205128204,-0.0752551020408163,-0.108241082410824,-0.0301003344481605,-0.1068128618947886,-0.0943066240539668,115500.0,70900.0,-0.3722943722943723,0.0225669957686882,20701684.0,1500872090000.0,9971795000.0,6270559295.0,0.0066440005557035,yfinance_download,237690.KQ
2023-07-27,72500.0,75500.0,72400.0,74900.0,73632.2578125,108869.0,0.033103448275862,-0.4816608996539793,74585.0,81108.33333333333,79989.16666666667,0.3775139870011554,0.4142415664444122,-0.0421994884910486,-0.0470737913486004,-0.0876979293544457,0.0042233693101829,-0.0765437172505907,-0.0636231989748612,115500.0,70900.0,-0.3515151515151515,0.0564174894217206,20701684.0,1550556131600.0,8154288100.0,6444201550.0,0.0052589441515965,yfinance_download,237690.KQ
2023-07-28,75400.0,76300.0,74200.0,75100.0,73828.8671875,70884.0,0.0026702269692924,-0.4802768166089965,74490.0,81043.33333333333,79926.66666666667,0.3743991544857574,0.4141322539549588,-0.0246753246753246,-0.0493670886075949,-0.0907990314769975,0.0081890186602229,-0.0733352527454447,-0.0603886896321628,115500.0,70900.0,-0.3497835497835497,0.0592383638928066,20701684.0,1554696468400.0,5323388400.0,6362304020.0,0.0034240692689541,yfinance_download,237690.KQ
2023-07-31,75500.0,76300.0,73700.0,75500.0,74222.1015625,75923.0,0.0053262316910784,-0.4775086505190311,74420.0,80801.66666666667,79880.83333333333,0.3750637536271949,0.2948601412297973,-0.0182054616384915,-0.1611111111111111,-0.0679012345679012,0.014512227895727,-0.0656133330583115,-0.0548421085575387,115500.0,70900.0,-0.3463203463203463,0.0648801128349787,20701684.0,1562977142000.0,5732186500.0,6276532785.0,0.0036674794185825,yfinance_download,237690.KQ
2023-08-01,75200.0,77500.0,75000.0,76800.0,75500.1015625,95472.0,0.0172185430463576,-0.4685121107266435,74360.0,80598.33333333333,79844.16666666667,0.3767442685161268,0.2971381001227751,-0.0153846153846153,-0.1370786516853932,-0.0541871921182266,0.0328133405056481,-0.047126698236109,-0.0381263502864955,115500.0,70900.0,-0.335064935064935,0.0832157968970381,20701684.0,1589889331200.0,7332249600.0,6354794865.0,0.0046117987309631,yfinance_download,237690.KQ
2023-08-02,76300.0,77200.0,73800.0,75400.0,74123.796875,86579.0,-0.0182291666666666,-0.4782006920415225,74245.0,80325.0,79797.5,0.3818585444056272,0.2904103723603999,-0.0296010296010296,-0.1786492374727668,-0.0691358024691357,0.0155566031382585,-0.0613134142545906,-0.0551082427394341,115500.0,70900.0,-0.3471861471861471,0.0634696755994357,20701684.0,1560906973600.0,6528056600.0,6468649345.0,0.0041822201517519,yfinance_download,237690.KQ
2023-08-03,74900.0,81000.0,74400.0,80300.0,78940.859375,227180.0,0.0649867374005304,-0.4442906574394464,74420.0,80176.66666666667,79787.5,0.4457100002781388,0.3175062101395967,0.0455729166666667,-0.0997757847533632,-0.0147239263803681,0.0790110185434023,0.0015382696545129,0.0064233119222936,115500.0,70900.0,-0.3047619047619048,0.1325811001410437,20701684.0,1662345225200.0,18242554000.0,7152873045.0,0.0109739864640963,yfinance_download,237690.KQ
2023-08-04,81500.0,81700.0,78300.0,79200.0,77859.484375,104736.0,-0.0136986301369863,-0.4519031141868512,74690.0,80023.33333333333,79762.5,0.4227674245140049,0.3181252658509877,0.0731707317073171,-0.1040723981900452,-0.0364963503649634,0.0603829160530191,-0.0102886658058065,-0.007052186177715,115500.0,70900.0,-0.3142857142857143,0.1170662905500705,20701684.0,1639573372800.0,8295091200.0,7163941605.0,0.0050592985575472,yfinance_download,237690.KQ
2023-08-07,79400.0,81500.0,78000.0,78800.0,77466.25,130900.0,-0.005050505050505,-0.4546712802768166,74995.0,79905.0,79756.66666666667,0.4183878759344624,0.3133408998161667,0.0839064649243466,-0.0826542491268917,-0.0088050314465408,0.0507367157810521,-0.0138289218446905,-0.0119948175701091,115500.0,70900.0,-0.3177489177489178,0.1114245416078985,20701684.0,1631292699200.0,10314920000.0,7400374205.0,0.0063231570919544,yfinance_download,237690.KQ
2023-08-08,79000.0,79000.0,73300.0,74000.0,72747.4921875,186759.0,-0.0609137055837563,-0.4878892733564014,75065.0,79721.66666666667,79711.66666666667,0.4783019251028719,0.3359215810538046,0.0192837465564739,-0.1294117647058823,-0.0680100755667506,-0.0141877039898754,-0.0717705349863065,-0.0716540866038012,115500.0,70900.0,-0.3593073593073593,0.0437235543018335,20701684.0,1531924616000.0,13820166000.0,7858496225.0,0.0090214399949298,yfinance_download,237690.KQ
2023-08-09,74600.0,82900.0,74600.0,82200.0,80808.703125,368491.0,0.1108108108108107,-0.4311418685121108,75495.0,79716.66666666667,79725.0,0.6158798804101708,0.4033557666275586,0.1168478260869565,-0.0036363636363636,0.0198511166253101,0.0888138287303794,0.031151996654819,0.0310442144872999,115500.0,70900.0,-0.2883116883116883,0.159379407616361,20701684.0,1701678424800.0,30289960200.0,9200416955.0,0.0178000495032191,yfinance_download,237690.KQ
2023-08-10,81600.0,82900.0,80600.0,82700.0,81300.234375,153083.0,0.0060827250608272,-0.427681660899654,75920.0,79720.0,79750.83333333333,0.6158382883408863,0.4035323147439693,0.11455525606469,0.0024242424242424,0.0389447236180904,0.089304531085353,0.0373808329152032,0.0369797598771173,115500.0,70900.0,-0.283982683982684,0.1664315937940761,20701684.0,1712029266800.0,12659964100.0,9589067140.0,0.0073947124301578,yfinance_download,237690.KQ
2023-08-11,83300.0,83400.0,81200.0,82600.0,81201.9296875,114883.0,-0.0012091898428052,-0.4283737024221453,76395.0,79715.0,79757.5,0.6115745787969488,0.403434867019284,0.1299589603283173,-0.0036188178528346,0.0097799511002445,0.0812225931016428,0.036191431976416,0.0356392815722659,115500.0,70900.0,-0.2848484848484848,0.1650211565585331,20701684.0,1709959098400.0,9489335800.0,9886090990.0,0.0055494519189839,yfinance_download,237690.KQ
2023-08-14,83000.0,83300.0,81300.0,82600.0,81201.9296875,85585.0,0.0,-0.4283737024221453,76875.0,79675.0,79780.83333333333,0.6113510989546423,0.4000340003447242,0.1315068493150684,-0.028235294117647,0.0350877192982457,0.0744715447154471,0.036711641041732,0.0353363903193122,115500.0,70900.0,-0.2848484848484848,0.1650211565585331,20701684.0,1709959098400.0,7069321000.0,10048647440.0,0.0041342047342621,yfinance_download,237690.KQ
2023-08-16,82600.0,82600.0,79500.0,80200.0,78842.546875,121295.0,-0.0290556900726391,-0.4449826989619377,77340.0,79583.33333333333,79774.16666666667,0.6115750919282247,0.4039670858052101,0.1311706629055007,-0.0641773628938155,-0.0098765432098765,0.0369795707266615,0.0077486910994764,0.0053379853544901,115500.0,70900.0,-0.3056277056277056,0.1311706629055007,20701684.0,1660275056800.0,9727859000.0,10226994070.0,0.0058591851754668,yfinance_download,237690.KQ
2023-08-17,78300.0,82300.0,78000.0,81000.0,79629.0078125,130692.0,0.0099750623441396,-0.4394463667820069,77680.0,79513.33333333333,79779.16666666667,0.5936206022070443,0.4044236310642293,0.091644204851752,-0.0492957746478873,0.007462686567164,0.0427394438722965,0.0186970738660183,0.0153026583799027,114000.0,70900.0,-0.2894736842105263,0.1424541607898448,20701684.0,1676836404000.0,10586052000.0,10381048720.0,0.0063131096001658,yfinance_download,237690.KQ
2023-08-18,80300.0,81000.0,78800.0,79500.0,78154.3984375,59488.0,-0.0185185185185184,-0.4498269896193771,77965.0,79375.0,79780.83333333333,0.5984887159325385,0.4008144213454313,0.0772357723577235,-0.0945330296127562,0.0025220680958386,0.0196883216828063,0.0015748031496063,-0.0035200601648265,114000.0,70900.0,-0.3026315789473685,0.1212976022566996,20701684.0,1645783878000.0,4729296000.0,10353870400.0,0.0028735826515369,yfinance_download,237690.KQ
2023-08-21,80900.0,82500.0,80900.0,81800.0,80415.4765625,105526.0,0.0289308176100628,-0.4339100346020761,78190.0,79263.33333333333,79796.66666666667,0.5842789322258148,0.4051736886922487,0.0582147477360932,-0.0757062146892655,0.0237797246558197,0.0461695869036962,0.0320030278817444,0.0251054764192322,110000.0,70900.0,-0.2563636363636363,0.1537376586741889,20701684.0,1693397751200.0,8632026800.0,10063029805.0,0.0050974597042443,yfinance_download,237690.KQ
2023-08-22,82300.0,82500.0,80700.0,81200.0,79825.625,62763.0,-0.0073349633251833,-0.4380622837370242,78515.0,79140.0,79818.33333333333,0.5694028187564432,0.4053550888638155,0.0870147255689424,-0.0835214446952595,0.0330788804071247,0.0341972871425841,0.0260298205711397,0.0173101417802927,109800.0,70900.0,-0.2604735883424408,0.1452750352609308,20701684.0,1680976740800.0,5096355600.0,9923304595.0,0.0030317823419582,yfinance_download,237690.KQ
2023-08-23,80700.0,81300.0,80300.0,80700.0,79334.09375,48103.0,-0.0061576354679803,-0.4415224913494809,78850.0,79040.0,79856.66666666667,0.568457699641028,0.4032898262493879,0.0905405405405406,-0.0692041522491349,0.0604467805519053,0.0234622701331641,0.0210020242914978,0.0105605877196643,105200.0,70900.0,-0.2328897338403042,0.1382228490832158,20701684.0,1670625898800.0,3881912100.0,9793838900.0,0.0023236273918585,yfinance_download,237690.KQ
2023-08-24,81300.0,81700.0,80500.0,81600.0,80218.8515625,61682.0,0.0111524163568772,-0.4352941176470588,79305.0,78940.0,79883.33333333333,0.5608719214814507,0.4033850010507689,0.1255172413793104,-0.0684931506849315,0.0408163265306122,0.0289389067524115,0.0336964783379782,0.0214896724389734,104100.0,70900.0,-0.2161383285302593,0.1509167842031029,20701684.0,1689257414400.0,5033251200.0,9546911710.0,0.0029795643678069,yfinance_download,237690.KQ
2023-08-25,80300.0,82000.0,79800.0,81700.0,80317.15625,52978.0,0.0012254901960784,-0.4346020761245674,79645.0,78868.33333333333,79925.83333333333,0.5521677696504657,0.4017700111913834,0.0907877169559412,-0.05,0.066579634464752,0.0258019963588422,0.0359037213921937,0.0221976624161983,102300.0,70900.0,-0.2013685239491691,0.1523272214386459,20701684.0,1691327582800.0,4328302600.0,9355612435.0,0.0025591154806536,yfinance_download,237690.KQ
2023-08-28,81700.0,82000.0,79900.0,80600.0,79235.7890625,52713.0,-0.0134638922888616,-0.4422145328719723,79920.0,78773.33333333333,79947.5,0.5559927708373276,0.4025440679453618,0.0732356857523301,-0.0660486674391657,0.0333333333333334,0.0085085085085085,0.0231888964116453,0.0081616060539728,99500.0,70900.0,-0.1899497487437186,0.1368124118476728,20701684.0,1668555730400.0,4248667800.0,9301876405.0,0.0025463145896729,yfinance_download,237690.KQ
2023-08-29,81000.0,82500.0,80500.0,81300.0,79923.9296875,64859.0,0.0086848635235732,-0.4373702422145329,80210.0,78648.33333333333,79975.83333333333,0.5562184815577776,0.3982543161266796,0.0768211920529802,-0.0844594594594594,0.0436456996148908,0.0135893280139633,0.0337154845408889,0.0165570849527461,99500.0,70900.0,-0.1829145728643215,0.1466854724964739,20701684.0,1683046909200.0,5273036700.0,9278918915.0,0.0031330301438279,yfinance_download,237690.KQ
2023-08-30,81600.0,82000.0,80500.0,81300.0,79923.9296875,47232.0,0.0,-0.4373702422145329,80435.0,78545.0,79987.5,0.5542573961713272,0.3972680391489732,0.05859375,-0.0708571428571428,0.0175219023779724,0.0107540249891215,0.0350754344643198,0.0164088138771683,99500.0,70900.0,-0.1829145728643215,0.1466854724964739,20701684.0,1683046909200.0,3839961600.0,9104304515.0,0.0022815535199938,yfinance_download,237690.KQ
2023-08-31,81700.0,82100.0,80400.0,81100.0,79727.3125,70094.0,-0.0024600246002459,-0.4387543252595155,80720.0,78471.66666666667,80009.16666666667,0.5488920576671813,0.3946487317421958,0.0755968169761274,-0.0514619883040935,0.0331210191082802,0.0047076313181366,0.0334940424356986,0.0136338544541769,99500.0,70900.0,-0.1849246231155779,0.1438645980253878,20701684.0,1678906572400.0,5684623400.0,9062132855.0,0.0033859081222571,yfinance_download,237690.KQ
2023-09-01,81100.0,81700.0,78700.0,78700.0,77367.9453125,72431.0,-0.0295930949445129,-0.4553633217993079,80640.0,78355.0,79988.33333333333,0.5113580147739698,0.3990399548260445,-0.0199252801992527,-0.0816802800466744,-0.0307881773399014,-0.0240575396825396,0.0044030374577244,-0.0161065155335152,98500.0,70900.0,-0.2010152284263959,0.1100141043723554,20701684.0,1629222530800.0,5700319700.0,8435021140.0,0.0034987974891318,yfinance_download,237690.KQ
2023-09-04,79300.0,80700.0,78500.0,80300.0,78940.859375,62421.0,0.0203303684879287,-0.4442906574394464,80695.0,78265.0,80007.5,0.513994496128357,0.4014507187609351,0.0138888888888888,-0.0630105017502917,0.0294871794871793,-0.0048949749055083,0.0260014054813773,0.0036559072586945,98500.0,70900.0,-0.1847715736040609,0.1325811001410437,20701684.0,1662345225200.0,5012406300.0,8270886895.0,0.0030152619468058,yfinance_download,237690.KQ
2023-09-05,80300.0,80900.0,79000.0,79700.0,78351.0078125,39961.0,-0.0074719800747198,-0.4484429065743944,80740.0,78165.0,80024.16666666667,0.514454951068757,0.4016809130404112,0.0114213197969543,-0.0700116686114352,0.0257400257400257,-0.0128808521179093,0.0196379453719695,-0.0040508596361515,98500.0,70900.0,-0.1908629441624365,0.1241184767277856,20701684.0,1649924214800.0,3184891700.0,7914385480.0,0.001930326054634,yfinance_download,237690.KQ
2023-09-06,79300.0,81100.0,78800.0,79800.0,78449.3203125,81541.0,0.001254705144291,-0.4477508650519031,81030.0,78103.33333333333,80081.66666666667,0.4595392885826392,0.3983659017074705,0.0783783783783784,-0.0443113772455089,0.0946502057613167,-0.0151795631247686,0.0217233579446034,-0.0035172428146268,98500.0,70900.0,-0.1898477157360406,0.1255289139633286,20701684.0,1651994383200.0,6506971800.0,7548725770.0,0.0039388583073724,yfinance_download,237690.KQ
2023-09-07,79800.0,81700.0,79700.0,80000.0,78645.9375,61217.0,0.0025062656641603,-0.4463667820069203,80920.0,78045.0,80138.33333333333,0.2292834967863107,0.398411185469564,-0.0267639902676398,-0.0419161676646706,0.092896174863388,-0.0113692535837864,0.0250496508424626,-0.0017261818106191,95400.0,70900.0,-0.1614255765199161,0.1283497884344147,20701684.0,1656134720000.0,4897360000.0,6279095760.0,0.0029571024270296,yfinance_download,237690.KQ
2023-09-08,80700.0,81500.0,79900.0,81100.0,79727.3125,54546.0,0.0137499999999999,-0.4387543252595155,80840.0,78031.66666666667,80212.5,0.2341030668189979,0.3975037871923946,-0.019347037484885,-0.0097680097680097,0.1232686980609418,0.0032162295893121,0.0393216429227449,0.0110643602929718,95000.0,70900.0,-0.1463157894736841,0.1438645980253878,20701684.0,1678906572400.0,4423680600.0,5867281585.0,0.0026348581110599,yfinance_download,237690.KQ
2023-09-11,81600.0,83700.0,79500.0,82700.0,81300.234375,150288.0,0.0197287299630086,-0.427681660899654,80845.0,78055.0,80276.66666666667,0.2452369893495521,0.3991974947147289,0.0012106537530265,0.017220172201722,0.1026666666666666,0.0229451419382769,0.0595093203510346,0.0301872690279449,95000.0,70900.0,-0.1294736842105263,0.1664315937940761,20701684.0,1712029266800.0,12428817600.0,6014255675.0,0.0072596992592486,yfinance_download,237690.KQ
2023-09-12,83500.0,83500.0,80600.0,81700.0,80317.15625,83611.0,-0.0120918984280532,-0.4346020761245674,80800.0,78071.66666666667,80338.33333333333,0.2490769667847914,0.3997156594525007,-0.0108958837772397,0.0123915737298636,0.0995962314939433,0.011138613861386,0.046474393185748,0.0169491525423728,95000.0,70900.0,-0.14,0.1523272214386459,20701684.0,1691327582800.0,6831018700.0,6002340560.0,0.0040388501727685,yfinance_download,237690.KQ
2023-09-13,81800.0,82000.0,80200.0,81100.0,79727.3125,48126.0,-0.00734394124847,-0.4387543252595155,80845.0,78065.0,80385.83333333333,0.2269201693611011,0.3995461891732032,0.0112219451371571,-0.0049079754601226,0.0755968169761274,0.003154183932216,0.0388778581950939,0.0088842354063216,95000.0,70900.0,-0.1463157894736841,0.1438645980253878,20701684.0,1678906572400.0,3903018600.0,5711098540.0,0.0023247384125851,yfinance_download,237690.KQ
2023-09-14,81500.0,83000.0,80600.0,82600.0,81201.9296875,75967.0,0.0184956843403205,-0.4283737024221453,80925.0,78106.66666666667,80452.5,0.2334824011587145,0.3995994162950296,0.019753086419753,0.0312109862671661,0.1072386058981234,0.0206981773246832,0.0575281666097644,0.0266927690252012,95000.0,70900.0,-0.1305263157894737,0.1650211565585331,20701684.0,1709959098400.0,6274874200.0,5495539650.0,0.0036696048495378,yfinance_download,237690.KQ
2023-09-15,82600.0,82800.0,81500.0,82500.0,81103.625,59720.0,-0.0012106537530266,-0.4290657439446367,81075.0,78171.66666666667,80527.5,0.2220135720173147,0.3975475919404406,0.0377358490566037,0.049618320610687,0.1224489795918366,0.0175763182238668,0.0553695925633754,0.0244947378224829,94400.0,70900.0,-0.1260593220338983,0.1636107193229901,20701684.0,1707888930000.0,4926900000.0,5505419850.0,0.0028847894693011,yfinance_download,237690.KQ
2023-09-18,82000.0,83600.0,81600.0,82400.0,81005.3046875,67583.0,-0.0012121212121212,-0.429757785467128,81105.0,78238.33333333333,80593.33333333333,0.1978945296631523,0.3975046735499133,0.0073349633251833,0.0510204081632652,0.1060402684563759,0.0159669564145243,0.0531921692265087,0.0224170733724875,91800.0,70900.0,-0.10239651416122,0.162200282087447,20701684.0,1705818761600.0,5568839200.0,5352260470.0,0.0032646136420592,yfinance_download,237690.KQ
2023-09-19,82400.0,82400.0,81100.0,81800.0,80415.4765625,51601.0,-0.0072815533980582,-0.4339100346020761,81135.0,78298.33333333333,80650.0,0.1978667893237131,0.397809919349386,0.0073891625615762,0.0460358056265983,0.0906666666666666,0.008196216182905,0.0447221098788821,0.0142591444513329,91800.0,70900.0,-0.1089324618736383,0.1537376586741889,20701684.0,1693397751200.0,4220961800.0,5308490780.0,0.0024925991528032,yfinance_download,237690.KQ
2023-09-20,82400.0,82500.0,79500.0,80300.0,78940.859375,81780.0,-0.0183374083129583,-0.4442906574394464,81115.0,78330.0,80696.66666666667,0.2077322909052588,0.3997720574645674,-0.0049566294919455,0.024234693877551,0.0749665327978581,-0.0100474634777785,0.0251500063832503,-0.0049155272832418,91800.0,70900.0,-0.125272331154684,0.1325811001410437,20701684.0,1662345225200.0,6566934000.0,5442741875.0,0.0039504032618795,yfinance_download,237690.KQ
2023-09-21,80000.0,80300.0,76200.0,76900.0,75598.40625,99279.0,-0.0423412204234121,-0.4678200692041522,80880.0,78311.66666666667,80726.66666666667,0.2512896467958559,0.4092541051195249,-0.0575980392156862,-0.014102564102564,0.0491132332878581,-0.0492087042532146,-0.0180262625832677,-0.0474027582789661,91800.0,70900.0,-0.1623093681917211,0.0846262341325811,20701684.0,1591959499600.0,7634555100.0,5572807070.0,0.0047956968138437,yfinance_download,237690.KQ
2023-09-22,76700.0,77800.0,75600.0,77200.0,75893.3359375,53713.0,0.0039011703511053,-0.4657439446366782,80655.0,78295.0,80754.16666666667,0.2520423728712757,0.4092978986808282,-0.055079559363525,-0.0127877237851662,0.0446549391069013,-0.0428367739135825,-0.0139855674053259,-0.0440121768742584,91800.0,70900.0,-0.159041394335512,0.0888575458392102,20701684.0,1598170004800.0,4146643600.0,5563724120.0,0.0025946198386566,yfinance_download,237690.KQ
2023-09-25,77300.0,77700.0,75700.0,76100.0,74811.953125,41546.0,-0.0142487046632124,-0.4733564013840831,80430.0,78280.0,80771.66666666667,0.252501565777247,0.4091272309142205,-0.0558312655086848,-0.0116883116883116,0.0283783783783784,-0.0538356334700982,-0.0278487480838017,-0.0578379382209108,91800.0,70900.0,-0.1710239651416122,0.073342736248237,20701684.0,1575398152400.0,3161650600.0,5509373260.0,0.002006889874273,yfinance_download,237690.KQ
2023-09-26,76200.0,76500.0,74200.0,74600.0,73337.34375,54015.0,-0.0197109067017082,-0.4837370242214532,80095.0,78241.66666666667,80781.66666666667,0.2555499119478202,0.4111357748844047,-0.082410824108241,-0.0299089726918075,0.0163487738419618,-0.0686060303389725,-0.0465438278836937,-0.0765231385008975,91800.0,70900.0,-0.1873638344226579,0.0521861777150916,20701684.0,1544345626400.0,4029519000.0,5447197375.0,0.0026092080238496,yfinance_download,237690.KQ
2023-09-27,74200.0,76500.0,74200.0,76400.0,75106.859375,32227.0,0.0241286863270777,-0.471280276816609,79850.0,78215.0,80778.33333333333,0.2744236769531021,0.4131027212990885,-0.060270602706027,-0.0205128205128205,-0.0052083333333333,-0.0432060112711333,-0.0232052675318034,-0.05420182804795,91800.0,70900.0,-0.167755991285403,0.0775740479548661,20701684.0,1581608657600.0,2462142800.0,5378306435.0,0.0015567332589947,yfinance_download,237690.KQ
2023-10-04,75600.0,75600.0,73800.0,74400.0,73140.71875,61667.0,-0.0261780104712041,-0.485121107266436,79515.0,78160.0,80744.16666666667,0.2864988413246539,0.4165074185038157,-0.0826140567200987,-0.0424710424710425,-0.0522292993630573,-0.064327485380117,-0.0481064483111566,-0.0785712074143644,91800.0,70900.0,-0.1895424836601307,0.0493653032440055,20701684.0,1540205289600.0,4588024800.0,5323476505.0,0.0029788397890722,yfinance_download,237690.KQ
2023-10-05,75100.0,77200.0,74400.0,74500.0,73239.0234375,49744.0,0.0013440860215054,-0.4844290657439446,79305.0,78121.66666666667,80699.16666666667,0.2706626294325027,0.4158659230245767,-0.0533672172808131,-0.0299479166666666,-0.0675844806007509,-0.0605888657713888,-0.0463593113306168,-0.0768182240626194,91800.0,70900.0,-0.1884531590413943,0.0507757404795485,20701684.0,1542275458000.0,3705928000.0,5223756920.0,0.0024028963054406,yfinance_download,237690.KQ
2023-10-06,75300.0,77400.0,74700.0,76800.0,75500.1015625,47222.0,0.0308724832214766,-0.4685121107266435,79130.0,78171.66666666667,80661.66666666667,0.284729247881414,0.4126199765981228,-0.0435865504358654,0.0406504065040651,-0.055350553505535,-0.0294452167319601,-0.0175468520137305,-0.0478748682769594,91800.0,70900.0,-0.1633986928104575,0.0832157968970381,20701684.0,1589889331200.0,3626649600.0,5154469085.0,0.0022810704675039,yfinance_download,237690.KQ
2023-10-10,77400.0,77600.0,75900.0,76500.0,75205.1796875,51365.0,-0.00390625,-0.4705882352941176,78970.0,78235.0,80621.66666666667,0.2841130352273806,0.4114243049490131,-0.0401505646173149,0.0522696011004126,-0.059040590405904,-0.0312777003925541,-0.0221767751006582,-0.0511235606640068,91800.0,70900.0,-0.1666666666666666,0.0789844851904091,20701684.0,1583678826000.0,3929422500.0,5191695625.0,0.002481199114043,yfinance_download,237690.KQ
2023-10-11,76600.0,77000.0,75200.0,76000.0,74713.640625,42893.0,-0.0065359477124182,-0.4740484429065744,78780.0,78291.66666666667,80560.83333333333,0.2843136521366923,0.4116966480582891,-0.0476190476190476,0.0468319559228649,-0.0876350540216086,-0.0352881441990352,-0.0292708887706227,-0.0566135322168547,91800.0,70900.0,-0.1721132897603485,0.071932299012694,20701684.0,1573327984000.0,3259868000.0,5029340435.0,0.0020719570446539,yfinance_download,237690.KQ
2023-10-12,76200.0,77500.0,75200.0,76000.0,74713.640625,47604.0,0.0,-0.4740484429065744,78580.0,78331.66666666667,80484.16666666667,0.2838925145677769,0.4108504797074461,-0.05,0.0326086956521738,-0.107981220657277,-0.0328327818783406,-0.0297665907785272,-0.0557148921630549,91800.0,70900.0,-0.1721132897603485,0.071932299012694,20701684.0,1573327984000.0,3617904000.0,4965367635.0,0.0022995230726157,yfinance_download,237690.KQ
2023-10-13,75300.0,75900.0,72800.0,73500.0,72255.953125,59643.0,-0.0328947368421053,-0.4913494809688581,78200.0,78320.0,80375.83333333333,0.2966741864675248,0.4163129961965423,-0.093711467324291,-0.0094339622641509,-0.1502890173410405,-0.0601023017902813,-0.0615423901940755,-0.0855460285533586,91800.0,70900.0,-0.1993464052287581,0.0366713681241184,20701684.0,1521573774000.0,4383760500.0,4963371630.0,0.0028810699651294,yfinance_download,237690.KQ
2023-10-16,73500.0,73600.0,70300.0,71400.0,70191.5,108393.0,-0.0285714285714285,-0.5058823529411764,77635.0,78291.66666666667,80240.83333333333,0.2933577727141185,0.419370173946809,-0.1366384522370012,-0.0232558139534884,-0.184931506849315,-0.0803117150769626,-0.0880255455029271,-0.1101787327732138,91800.0,70900.0,-0.2222222222222222,0.007052186177715,20701684.0,1478100237600.0,7739260200.0,4728893760.0,0.0052359508530803,yfinance_download,237690.KQ
2023-10-17,71700.0,73500.0,71700.0,72200.0,70977.953125,53868.0,0.011204481792717,-0.5003460207612457,77160.0,78278.33333333333,80134.16666666667,0.2997447766085358,0.4199932670473347,-0.1162790697674418,-0.0109589041095889,-0.1505882352941177,-0.064282011404873,-0.0776502650797368,-0.0990110335791017,91800.0,70900.0,-0.2135076252723311,0.0183356840620592,20701684.0,1494661584800.0,3889269600.0,4581806305.0,0.002602107152249,yfinance_download,237690.KQ
2023-10-18,71800.0,73000.0,70600.0,70600.0,69405.0390625,47237.0,-0.0221606648199446,-0.5114186851211073,76635.0,78273.33333333333,80018.33333333333,0.3051961711670246,0.4182649106100881,-0.1294697903822441,-0.004231311706629,-0.1644970414201183,-0.0787499184445749,-0.0980325355591515,-0.1177021932473807,91800.0,70600.0,-0.2309368191721132,0.0,20701684.0,1461538890400.0,3334932200.0,4553401985.0,0.0022817950462387,yfinance_download,237690.KQ
2023-10-19,69600.0,70900.0,68300.0,69200.0,68028.7265625,98671.0,-0.0198300283286119,-0.5211072664359861,75965.0,78190.0,79898.33333333333,0.2932656080917822,0.4089105016193438,-0.162227602905569,-0.0673854447439352,-0.1722488038277512,-0.0890541696834068,-0.1149763396853817,-0.1338993303990487,91800.0,69200.0,-0.2461873638344226,0.0,20701684.0,1432556532800.0,6828033200.0,4581059935.0,0.0047663272224617,yfinance_download,237690.KQ
2023-10-20,68500.0,69300.0,66100.0,68400.0,67242.2734375,112762.0,-0.0115606936416184,-0.526643598615917,75260.0,78100.0,79794.16666666667,0.2920829321915384,0.4093988077543775,-0.1709090909090909,-0.073170731707317,-0.1545117428924598,-0.0911506776508105,-0.1241997439180537,-0.1427944816350401,91800.0,68400.0,-0.2549019607843137,0.0,20701684.0,1415995185600.0,7712920800.0,4720360975.0,0.0054469964858897,yfinance_download,237690.KQ
2023-10-23,67300.0,70000.0,67300.0,69300.0,68127.046875,56237.0,0.013157894736842,-0.5204152249134948,74605.0,77966.66666666667,79698.33333333333,0.3015728278532102,0.3979695887595856,-0.1589805825242718,-0.1034928848641656,-0.1423267326732673,-0.0711078345955364,-0.1111586147926464,-0.1304711516342875,91800.0,68400.0,-0.2450980392156863,0.013157894736842,20701684.0,1434626701200.0,3897224100.0,4636780220.0,0.0027165422870912,yfinance_download,237690.KQ
2023-10-24,69800.0,70900.0,68500.0,70900.0,69699.9609375,95282.0,0.023088023088023,-0.5093425605536333,74060.0,77903.33333333333,79628.33333333333,0.3217242909973938,0.3953863853664984,-0.1332518337408312,-0.0508701472556893,-0.1059268600252206,-0.0426681069403186,-0.0898977365110607,-0.1096134123113631,91800.0,68400.0,-0.2276688453159041,0.0365497076023391,20701684.0,1467749395600.0,6755493800.0,4763506820.0,0.0046026207336562,yfinance_download,237690.KQ
2023-10-25,71500.0,71500.0,68200.0,69100.0,67930.421875,58639.0,-0.0253878702397742,-0.5217993079584775,73500.0,77821.66666666667,79545.0,0.3259854182847302,0.3982610381782221,-0.1394769613947696,-0.0662162162162162,-0.1264222503160555,-0.0598639455782312,-0.1120724733900156,-0.1313093217675529,91800.0,68400.0,-0.2472766884531591,0.010233918128655,20701684.0,1430486364400.0,4051954900.0,4637757865.0,0.0028325714951498,yfinance_download,237690.KQ
2023-10-26,67900.0,68700.0,67500.0,68700.0,67537.1953125,43922.0,-0.0057887120115773,-0.524567474048443,73090.0,77758.33333333333,79464.16666666667,0.2985081805354408,0.3963442928035187,-0.106631989596879,-0.0524137931034482,-0.1237244897959183,-0.0600629361061705,-0.1164934090665522,-0.1354593789653617,91800.0,68400.0,-0.2516339869281045,0.0043859649122806,20701684.0,1422205690800.0,3017441400.0,4406902180.0,0.002121663145858,yfinance_download,237690.KQ
2023-10-27,69700.0,70000.0,67500.0,68100.0,66947.359375,62934.0,-0.0087336244541484,-0.528719723183391,72635.0,77645.0,79376.66666666667,0.2966196104339355,0.3903794292675839,-0.1178756476683937,-0.0907877169559412,-0.1335877862595419,-0.0624354649962139,-0.1229312898448065,-0.1420652584722631,91800.0,68100.0,-0.2581699346405228,0.0,20701684.0,1409784680400.0,4285805400.0,4413860270.0,0.0030400425395344,yfinance_download,237690.KQ
2023-10-30,68000.0,69400.0,67500.0,68100.0,66947.359375,36349.0,0.0,-0.528719723183391,72235.0,77528.33333333333,79285.83333333333,0.295729506703989,0.3903019530326758,-0.1051248357424441,-0.0932090545938748,-0.1379746835443037,-0.0572437184190489,-0.1216114538770771,-0.141082370747191,91800.0,68100.0,-0.2581699346405228,0.0,20701684.0,1409784680400.0,2475366900.0,4379546085.0,0.0017558474953052,yfinance_download,237690.KQ
2023-10-31,68500.0,69600.0,67000.0,68000.0,66849.046875,82356.0,-0.0014684287812041,-0.5294117647058824,71905.0,77403.33333333333,79102.5,0.2910514604128421,0.3900546926845971,-0.0884718498659516,-0.0993377483443708,-0.2444444444444444,-0.0543077671928238,-0.1214848628396709,-0.1403558673872507,91800.0,68000.0,-0.2592592592592593,0.0,20701684.0,1407714512000.0,5600208000.0,4458080535.0,0.0039782270852941,yfinance_download,237690.KQ
2023-11-01,68000.0,69100.0,67200.0,68200.0,67045.6640625,42618.0,0.0029411764705882,-0.5280276816608996,71495.0,77260.0,78929.16666666667,0.2725785051588153,0.3882289187751344,-0.1073298429319371,-0.1119791666666666,-0.2337078651685393,-0.0460871389607664,-0.1172663732850116,-0.1359341181439054,91800.0,68000.0,-0.2570806100217865,0.0029411764705882,20701684.0,1411854848800.0,2906547600.0,4480300775.0,0.0020586731011834,yfinance_download,237690.KQ
2023-11-02,69100.0,70700.0,68200.0,70200.0,69011.8046875,77132.0,0.0293255131964809,-0.5141868512110727,71285.0,77173.33333333333,78749.16666666667,0.2875775648881102,0.3917921193132219,-0.0564516129032257,-0.0689655172413793,-0.2352941176470588,-0.0152205933927194,-0.0903593642017968,-0.1085619953650304,91800.0,68000.0,-0.2352941176470588,0.0323529411764706,20701684.0,1453258216800.0,5414666400.0,4521632855.0,0.0037258804646037,yfinance_download,237690.KQ
2023-11-03,70100.0,70100.0,68300.0,69200.0,68028.7265625,85996.0,-0.0142450142450142,-0.5211072664359861,71020.0,76988.33333333333,78582.5,0.2899515237505767,0.3677976368881472,-0.0711409395973154,-0.1382316313823163,-0.2242152466367712,-0.0256265840608279,-0.1011625138007922,-0.1193968122673623,91800.0,68000.0,-0.2461873638344226,0.0176470588235293,20701684.0,1432556532800.0,5950923200.0,4633882615.0,0.0041540581915944,yfinance_download,237690.KQ
2023-11-06,70500.0,72300.0,69400.0,72300.0,71076.265625,90828.0,0.0447976878612716,-0.4996539792387543,70795.0,76873.33333333333,78448.33333333333,0.3149935676625625,0.3793545441182551,-0.05859375,-0.0871212121212121,-0.1821266968325792,0.0212585634578712,-0.0594918047003728,-0.0783743015572882,91800.0,68000.0,-0.2124183006535948,0.063235294117647,20701684.0,1496731753200.0,6566864400.0,4780893355.0,0.0043874691546832,yfinance_download,237690.KQ
2023-11-07,72300.0,73100.0,69900.0,71200.0,69994.890625,61023.0,-0.0152143845089902,-0.5072664359861592,70530.0,76746.66666666667,78325.83333333333,0.3180494691504766,0.3803607898750044,-0.0692810457516339,-0.0964467005076141,-0.1711292200232829,0.0094995037572664,-0.0722724113968034,-0.0909767956506473,91800.0,68000.0,-0.224400871459695,0.0470588235294118,20701684.0,1473959900800.0,4344837600.0,4801664110.0,0.0029477312087267,yfinance_download,237690.KQ
2023-11-08,71900.0,72100.0,70800.0,71200.0,69994.890625,22881.0,0.0,-0.5072664359861592,70290.0,76700.0,78210.83333333333,0.318039238558826,0.3595788948219005,-0.063157894736842,-0.0378378378378377,-0.1623529411764706,0.0129463650590411,-0.0717079530638852,-0.0896401819867238,91800.0,68000.0,-0.224400871459695,0.0470588235294118,20701684.0,1473959900800.0,1629127200.0,4720127070.0,0.0011052724019939,yfinance_download,237690.KQ
2023-11-09,71600.0,72300.0,70700.0,71900.0,70683.0390625,33708.0,0.0098314606741574,-0.5024221453287196,70085.0,76528.33333333333,78122.5,0.3211957412539189,0.2760349600792565,-0.0539473684210526,-0.1253041362530413,-0.1284848484848485,0.0258971249197403,-0.0604786898098742,-0.0796505488175621,91800.0,68000.0,-0.2167755991285402,0.0573529411764706,20701684.0,1488451079600.0,2423605200.0,4660412130.0,0.0016282733327395,yfinance_download,237690.KQ
2023-11-10,70600.0,71800.0,70000.0,71700.0,70486.4140625,34756.0,-0.0027816411682892,-0.5038062283737024,69995.0,76345.0,78032.5,0.3006221084440895,0.2755126256956668,-0.0244897959183673,-0.1330108827085853,-0.1309090909090908,0.0243588827773413,-0.0608422293535922,-0.0811520840675359,91800.0,68000.0,-0.218954248366013,0.0544117647058823,20701684.0,1484310742800.0,2492005200.0,4565824365.0,0.0016788972336743,yfinance_download,237690.KQ
2023-11-13,72600.0,72700.0,70000.0,70200.0,69011.8046875,34257.0,-0.0209205020920502,-0.5141868512110727,69935.0,76138.33333333333,77926.66666666667,0.2924546746474513,0.2781501864864114,-0.0168067226890756,-0.1501210653753026,-0.1531966224366706,0.0037892328590833,-0.0779940021452181,-0.0991530498759518,91800.0,68000.0,-0.2352941176470588,0.0323529411764706,20701684.0,1453258216800.0,2404841400.0,4299103425.0,0.0016547929144315,yfinance_download,237690.KQ
2023-11-14,70800.0,70900.0,69900.0,70500.0,69306.7265625,41122.0,0.0042735042735042,-0.5121107266435987,69850.0,75936.66666666667,77805.83333333333,0.2897389930096752,0.2784556597011044,-0.0235457063711911,-0.1464891041162227,-0.1705882352941176,0.0093056549749463,-0.0715947500109741,-0.093898272408881,91800.0,68000.0,-0.2320261437908496,0.036764705882353,20701684.0,1459468722000.0,2899101000.0,4249594995.0,0.0019864084487039,yfinance_download,237690.KQ
2023-11-15,71500.0,71800.0,70100.0,71500.0,70289.8125,57992.0,0.0141843971631205,-0.5051903114186851,69895.0,75791.66666666667,77687.5,0.2832391504339904,0.2749107002953466,0.0127478753541077,-0.1084788029925186,-0.1656942823803967,0.0229630159525002,-0.0566245189664651,-0.079646017699115,91800.0,68000.0,-0.2211328976034858,0.0514705882352941,20701684.0,1480170406000.0,4146428000.0,4290169785.0,0.0028013179990574,yfinance_download,237690.KQ
2023-11-16,71400.0,71700.0,70800.0,71500.0,70289.8125,21819.0,0.0,-0.5051903114186851,70010.0,75633.33333333333,77573.33333333333,0.2726464170579683,0.2738493427516222,0.033236994219653,-0.1172839506172839,-0.1607981220657277,0.0212826739037279,-0.0546496253856323,-0.0782915091096596,91800.0,68000.0,-0.2211328976034858,0.0514705882352941,20701684.0,1480170406000.0,1560058500.0,4026771050.0,0.0010539722275733,yfinance_download,237690.KQ
2023-11-17,71500.0,71500.0,69200.0,69300.0,68127.046875,54900.0,-0.0307692307692307,-0.5204152249134948,70055.0,75463.33333333333,77419.16666666667,0.2928822157072558,0.2781361323443477,0.013157894736842,-0.1283018867924528,-0.2107061503416856,-0.0107772464492185,-0.0816732187817482,-0.1048728243436702,91800.0,68000.0,-0.2450980392156863,0.0191176470588234,20701684.0,1434626701200.0,3804570000.0,3831353510.0,0.0026519581692001,yfinance_download,237690.KQ
2023-11-20,69800.0,70400.0,69300.0,69400.0,68225.3515625,40539.0,0.0014430014430013,-0.5197231833910034,70060.0,75256.66666666667,77260.0,0.2892636472926541,0.2706262253458738,0.0014430014430013,-0.1515892420537897,-0.215819209039548,-0.0094204967170996,-0.0778225627851353,-0.1017344033134869,91800.0,68000.0,-0.2440087145969498,0.0205882352941175,20701684.0,1436696869600.0,2813406600.0,3777162635.0,0.0019582464885465,yfinance_download,237690.KQ
2023-11-21,69600.0,69600.0,67800.0,68700.0,67537.1953125,69457.0,-0.010086455331412,-0.524567474048443,69950.0,75048.33333333333,77094.16666666667,0.2782521670482757,0.270890762523103,-0.0310296191819463,-0.1539408866995073,-0.2246049661399548,-0.0178699070764831,-0.0845899309333984,-0.1088819949628701,91800.0,68000.0,-0.2516339869281045,0.0102941176470587,20701684.0,1422205690800.0,4771695900.0,3677972740.0,0.0033551376786545,yfinance_download,237690.KQ
2023-11-22,68500.0,69000.0,68200.0,68500.0,67340.5859375,34883.0,-0.0029112081513827,-0.5259515570934257,69920.0,74845.0,76942.5,0.2636390191795155,0.2707923358908857,-0.0086830680173661,-0.151177199504337,-0.2099192618223759,-0.0203089244851258,-0.0847752020843075,-0.1097247944893914,91800.0,68000.0,-0.2538126361655773,0.0073529411764705,20701684.0,1418065354000.0,2389485500.0,3594849270.0,0.0016850320002952,yfinance_download,237690.KQ
2023-11-23,68600.0,69200.0,68100.0,69000.0,67832.1171875,90188.0,0.0072992700729928,-0.5224913494809689,69935.0,74635.0,76787.5,0.2641219981019232,0.2700716268861968,0.0043668122270741,-0.1544117647058823,-0.2123287671232876,-0.0133695574462,-0.0755007704160246,-0.1014162461338108,91800.0,68000.0,-0.2483660130718954,0.0147058823529411,20701684.0,1428416196000.0,6222972000.0,3755125800.0,0.0043565537953337,yfinance_download,237690.KQ
2023-11-24,69000.0,69000.0,66200.0,66600.0,65472.74609375,116700.0,-0.0347826086956521,-0.5391003460207613,69860.0,74383.33333333333,76625.83333333333,0.2908360341389864,0.2778354618855524,-0.0220264317180616,-0.1848225214198287,-0.2255813953488372,-0.0466647580876037,-0.1046381357831054,-0.1308414264118932,91800.0,66600.0,-0.2745098039215686,0.0,20701684.0,1378732154400.0,7772220000.0,3929446530.0,0.0056372225563872,yfinance_download,237690.KQ
2023-11-27,66800.0,67400.0,63300.0,63600.0,62523.515625,144969.0,-0.045045045045045,-0.5598615916955016,69635.0,74100.0,76436.66666666667,0.3301690231997566,0.2900641246309035,-0.0660792951541849,-0.2109181141439206,-0.2630359212050984,-0.0866661879801823,-0.1417004048582996,-0.1679385984039074,91800.0,63600.0,-0.3071895424836601,0.0,20701684.0,1316627102400.0,9220028400.0,4266679605.0,0.0070027636399048,yfinance_download,237690.KQ
2023-11-28,62900.0,64100.0,62900.0,63100.0,62031.984375,124336.0,-0.0078616352201258,-0.5633217993079584,69390.0,73796.66666666667,76222.5,0.3305024070398943,0.2890084205803717,-0.0720588235294117,-0.2238622386223862,-0.2894144144144144,-0.0906470673007637,-0.1449478296219342,-0.1721604513103086,91800.0,63100.0,-0.3126361655773421,0.0,20701684.0,1306276260400.0,7845601600.0,4378949285.0,0.006006081437626,yfinance_download,237690.KQ
2023-11-29,63500.0,65200.0,63100.0,63900.0,62818.44140625,105984.0,0.0126782884310618,-0.5577854671280277,69175.0,73506.66666666667,76025.83333333333,0.3348087384031684,0.2909290969061516,-0.063049853372434,-0.2140221402214022,-0.2697142857142857,-0.0762558727864113,-0.1306910937783422,-0.1594962238712718,91800.0,63100.0,-0.303921568627451,0.0126782884310618,20701684.0,1322837607600.0,6772377600.0,4572240785.0,0.0051195835082788,yfinance_download,237690.KQ
2023-11-30,64100.0,65200.0,63500.0,65100.0,63998.12890625,93173.0,0.0187793427230047,-0.5494809688581315,68920.0,73240.0,75855.83333333333,0.3231783006479279,0.2945925695182633,-0.0726495726495726,-0.1972872996300863,-0.2385964912280701,-0.0554265815438189,-0.1111414527580557,-0.1417930943566194,91800.0,63100.0,-0.2908496732026143,0.0316957210776545,20701684.0,1347679628400.0,6065562300.0,4604785580.0,0.0045007449635498,yfinance_download,237690.KQ
2023-12-01,65200.0,66900.0,63600.0,63600.0,62523.515625,118805.0,-0.0230414746543778,-0.5598615916955016,68640.0,72988.33333333333,75671.66666666667,0.3284978904422939,0.2924105731279202,-0.0809248554913294,-0.1918678526048284,-0.2578763127187864,-0.0734265734265734,-0.1286278629004634,-0.1595269035085788,91800.0,63100.0,-0.3071895424836601,0.0079239302694136,20701684.0,1316627102400.0,7555998000.0,4685039320.0,0.0057389051054976,yfinance_download,237690.KQ
2023-12-04,64700.0,64700.0,62800.0,63500.0,62425.21484375,65651.0,-0.0015723270440252,-0.560553633217993,68200.0,72708.33333333333,75486.66666666667,0.2738117551220795,0.2882414975879204,-0.1217150760719225,-0.2092154420921543,-0.2590431738623103,-0.0689149560117302,-0.126647564469914,-0.1587918396184757,91800.0,63100.0,-0.3082788671023965,0.0063391442155309,20701684.0,1314556934000.0,4168838500.0,4565138025.0,0.0031712879010229,yfinance_download,237690.KQ
2023-12-05,63600.0,65300.0,63300.0,64300.0,63211.66796875,88026.0,0.0125984251968505,-0.5550173010380623,67855.0,72451.66666666667,75308.33333333333,0.2795732504022725,0.2900611786465824,-0.0969101123595506,-0.1932245922208281,-0.249708284714119,-0.0523911281408886,-0.1125117894688413,-0.1461768285935597,91800.0,63100.0,-0.2995642701525054,0.0190174326465926,20701684.0,1331118281200.0,5660071800.0,4630899735.0,0.0042521178470311,yfinance_download,237690.KQ
2023-12-06,64300.0,65200.0,62000.0,62500.0,61442.140625,148657.0,-0.0279937791601866,-0.5674740484429066,67420.0,72163.33333333333,75133.33333333333,0.2904672085269585,0.2942170147980937,-0.1221910112359551,-0.2167919799498746,-0.2514970059880239,-0.0729753782260457,-0.133909187491339,-0.168145519077196,91800.0,62500.0,-0.3191721132897603,0.0,20701684.0,1293855250000.0,9291062500.0,5013996500.0,0.0071809133981564,yfinance_download,237690.KQ
2023-12-07,62600.0,63900.0,62200.0,63200.0,62130.2890625,67810.0,0.0112,-0.5626297577854671,66985.0,71883.33333333333,74964.16666666667,0.2915161025357335,0.2955612814959951,-0.1210013908205841,-0.2099999999999999,-0.2431137724550898,-0.0565051877285959,-0.1207975886853697,-0.1569305334771058,91800.0,62500.0,-0.3115468409586056,0.0112,20701684.0,1308346428800.0,4285592000.0,5107095840.0,0.0032755789335785,yfinance_download,237690.KQ
2023-12-08,63300.0,63400.0,60400.0,61600.0,60557.37109375,177433.0,-0.0253164556962025,-0.5737024221453287,66480.0,71558.33333333333,74795.0,0.298827076722885,0.2965238173950261,-0.1408647140864714,-0.2404438964241677,-0.2478632478632478,-0.0734055354993983,-0.1391638523349248,-0.1764155357978474,91800.0,61600.0,-0.3289760348583878,0.0,20701684.0,1275223734400.0,10929872800.0,5528989220.0,0.0085709452429087,yfinance_download,237690.KQ
2023-12-11,61700.0,62600.0,61000.0,61900.0,60852.29296875,85279.0,0.0048701298701299,-0.5716262975778547,66065.0,71211.66666666667,74633.33333333333,0.2973608744353447,0.2929008429311035,-0.1182336182336182,-0.2515114873035067,-0.2386223862238622,-0.0630439718459093,-0.1307604091089943,-0.170611880303707,91800.0,61600.0,-0.3257080610021786,0.0048701298701299,20701684.0,1281434239600.0,5278770100.0,5672685655.0,0.0041194233280732,yfinance_download,237690.KQ
2023-12-12,61400.0,62700.0,61400.0,62200.0,61147.21484375,57688.0,0.0048465266558965,-0.5695501730103807,65650.0,70886.66666666667,74479.16666666667,0.2976329062859419,0.2931193234294556,-0.1177304964539006,-0.2386780905752754,-0.2292441140024783,-0.0525514089870525,-0.1225430264271607,-0.1648671328671329,91800.0,61600.0,-0.3224400871459695,0.0097402597402598,20701684.0,1287644744800.0,3588193600.0,5707140285.0,0.0027866332033664,yfinance_download,237690.KQ
2023-12-13,62100.0,62200.0,61300.0,61400.0,60360.75390625,37229.0,-0.0128617363344051,-0.5750865051903113,65145.0,70558.33333333333,74311.66666666667,0.2885620632402292,0.2935764947512356,-0.1412587412587412,-0.2429099876695437,-0.2466257668711656,-0.0574871440632435,-0.1297980394472657,-0.1737501962455424,91800.0,61400.0,-0.3311546840958606,0.0,20701684.0,1271083397600.0,2285860600.0,5614111915.0,0.0017983561144107,yfinance_download,237690.KQ
2023-12-14,62000.0,63500.0,61900.0,62800.0,61737.05859375,70523.0,0.0228013029315961,-0.5653979238754325,64710.0,70228.33333333333,74167.5,0.3071001616231802,0.2951428017905885,-0.1216783216783217,-0.2397094430992735,-0.215980024968789,-0.0295163035079585,-0.1057740228302915,-0.1532679408096537,91800.0,61400.0,-0.3159041394335512,0.0228013029315961,20701684.0,1300065755200.0,4428844400.0,5757551210.0,0.003406631074071,yfinance_download,237690.KQ
2023-12-15,63500.0,63500.0,61800.0,62100.0,61048.91015625,75436.0,-0.0111464968152866,-0.570242214532872,64350.0,69888.33333333333,74030.0,0.2939699393684089,0.2953884586773255,-0.1038961038961039,-0.2472727272727273,-0.2099236641221373,-0.034965034965035,-0.1114396775809027,-0.161150884776442,91800.0,61400.0,-0.3235294117647058,0.011400651465798,20701684.0,1285574576400.0,4684575600.0,5801551490.0,0.0036439547623275,yfinance_download,237690.KQ
2023-12-18,62800.0,63200.0,62000.0,62400.0,61343.828125,60680.0,0.0048309178743961,-0.568166089965398,64000.0,69555.0,73896.66666666667,0.2952446387383704,0.2959394181070799,-0.100864553314121,-0.2427184466019417,-0.2040816326530612,-0.025,-0.1028682337718353,-0.1555776083720511,91800.0,61400.0,-0.3202614379084967,0.01628664495114,20701684.0,1291785081600.0,3786432000.0,5850202760.0,0.0029311625083254,yfinance_download,237690.KQ
2023-12-19,62300.0,63400.0,62200.0,62800.0,61737.05859375,57637.0,0.0064102564102563,-0.5653979238754325,63705.0,69238.33333333333,73768.33333333333,0.29737512716637,0.2967094323828865,-0.0858806404657933,-0.2322738386308068,-0.19693094629156,-0.0142061062710933,-0.092987988349421,-0.1486862022999932,91800.0,61400.0,-0.3159041394335512,0.0228013029315961,20701684.0,1300065755200.0,3619603600.0,5792598145.0,0.0027841696356682,yfinance_download,237690.KQ
2023-12-20,63200.0,63500.0,62000.0,62900.0,61835.3671875,86463.0,0.0015923566878981,-0.5647058823529412,63425.0,68948.33333333333,73639.16666666667,0.2980851117809207,0.29546880226605,-0.0817518248175181,-0.2166874221668742,-0.197704081632653,-0.008277493102089,-0.0877226909038167,-0.1458349836477418,91800.0,61400.0,-0.3148148148148147,0.0244299674267101,20701684.0,1302135923600.0,5438522700.0,5945050005.0,0.0041766167428698,yfinance_download,237690.KQ
2023-12-21,62500.0,63200.0,60300.0,60500.0,59475.98828125,167944.0,-0.0381558028616851,-0.5813148788927336,63000.0,68675.0,73493.33333333333,0.3180579500123306,0.2932587008065379,-0.1231884057971014,-0.2132639791937581,-0.2243589743589743,-0.0396825396825396,-0.1190389515835457,-0.1767960812772132,91800.0,60500.0,-0.340958605664488,0.0,20701684.0,1252451882000.0,10160612000.0,6141932005.0,0.0081125767353032,yfinance_download,237690.KQ
2023-12-22,61000.0,62600.0,60400.0,62400.0,61343.828125,108676.0,0.0314049586776858,-0.568166089965398,62790.0,68428.33333333333,73361.66666666667,0.3262733378766481,0.3016491010356288,-0.063063063063063,-0.1917098445595855,-0.2020460358056266,-0.0062111801242236,-0.0880970358282386,-0.1494195424495081,91800.0,60500.0,-0.3202614379084967,0.0314049586776858,20701684.0,1291785081600.0,6781382400.0,6092390125.0,0.0052496212385427,yfinance_download,237690.KQ
2023-12-26,63300.0,63300.0,61400.0,61500.0,60459.0625,75306.0,-0.0144230769230768,-0.57439446366782,62685.0,68185.0,73232.5,0.2900975372754956,0.3016761885711137,-0.0330188679245283,-0.1918528252299606,-0.2012987012987013,-0.0189040440296721,-0.0980420913690695,-0.1602089236336326,91800.0,60500.0,-0.3300653594771242,0.0165289256198346,20701684.0,1273153566000.0,4631319000.0,5862954655.0,0.0036376750799596,yfinance_download,237690.KQ
2023-12-27,61500.0,63700.0,61400.0,63100.0,62540.4375,118011.0,0.0260162601626017,-0.5633217993079584,62685.0,67993.33333333333,73117.5,0.3048229289781149,0.3056238497158424,0.0,-0.1541554959785522,-0.1794538361508452,0.0066204036053281,-0.0719678399843121,-0.137005504838103,91800.0,60500.0,-0.3126361655773421,0.0429752066115702,20701684.0,1306276260400.0,7446494100.0,5842999280.0,0.0057005507378047,yfinance_download,237690.KQ
2023-12-28,63400.0,67900.0,62900.0,67800.0,67198.765625,301210.0,0.0744849445324882,-0.5307958477508651,62880.0,67850.0,73032.5,0.4019297722399229,0.3399343677718405,0.0610328638497652,-0.112565445026178,-0.1307692307692307,0.0782442748091603,-0.0007369196757552,-0.0716461849176736,91800.0,60500.0,-0.261437908496732,0.1206611570247933,20701684.0,1403574175200.0,20422038000.0,6525482300.0,0.0145500240463529,yfinance_download,237690.KQ
2024-01-02,67800.0,68400.0,67100.0,67900.0,67297.875,106603.0,0.0014749262536872,-0.5301038062283737,63020.0,67741.66666666667,72950.83333333333,0.3977431928531179,0.3361547925522981,0.043010752688172,-0.0873655913978495,-0.1261261261261261,0.0774357346874008,0.0023373108623445,-0.06923612935653,91800.0,60500.0,-0.2603485838779956,0.1223140495867769,20701684.0,1405644343600.0,7238343700.0,6584121370.0,0.0051494844573996,yfinance_download,237690.KQ
2024-01-03,69000.0,72100.0,68800.0,69500.0,68883.6875,309072.0,0.0235640648011781,-0.5190311418685121,63315.0,67658.33333333333,72890.0,0.392573517759706,0.3399650858406008,0.0927672955974843,-0.0671140939597315,-0.0950520833333333,0.097686172313038,0.0272201009976598,-0.0465084373713815,91800.0,60500.0,-0.2429193899782135,0.1487603305785123,20701684.0,1438767038000.0,21480504000.0,7280346670.0,0.014929799913862,yfinance_download,237690.KQ
2024-01-04,68500.0,68800.0,64800.0,65900.0,65315.609375,193751.0,-0.0517985611510791,-0.5439446366782007,63435.0,67476.66666666667,72824.16666666667,0.4407925312004069,0.3490268335342046,0.0377952755905512,-0.1419270833333333,-0.1070460704607045,0.0388586742334673,-0.0233661018623722,-0.0950806165535709,91800.0,60500.0,-0.2821350762527232,0.0892561983471074,20701684.0,1364240975600.0,12768190900.0,7710314290.0,0.0093591902958232,yfinance_download,237690.KQ
2024-01-05,66000.0,67200.0,64900.0,65000.0,64423.59375,106230.0,-0.0136570561456752,-0.5501730103806228,63470.0,67285.0,72760.0,0.4424428435181963,0.3497884019269802,0.0108864696734058,-0.1503267973856209,-0.1059147180192572,0.0241058767921853,-0.0339600208070149,-0.1066520065970313,91800.0,60500.0,-0.2919389978213508,0.0743801652892561,20701684.0,1345609460000.0,6904950000.0,7772558200.0,0.0051314665995288,yfinance_download,237690.KQ
2024-01-08,65000.0,65200.0,63700.0,64200.0,63630.68359375,69709.0,-0.0123076923076923,-0.5557093425605537,63555.0,67088.33333333333,72690.0,0.4322388478185777,0.350274365635582,0.0271999999999998,-0.1552631578947368,-0.1157024793388429,0.0101486901109275,-0.0430526917248402,-0.1167973586463062,91800.0,60500.0,-0.3006535947712418,0.0611570247933883,20701684.0,1329048112800.0,4475317800.0,7531770965.0,0.0033673106013984,yfinance_download,237690.KQ
2024-01-09,64900.0,66900.0,64500.0,66600.0,66009.40625,92532.0,0.0373831775700934,-0.5391003460207613,63725.0,66931.66666666667,72631.66666666667,0.4495247877012366,0.3596974962273334,0.0537974683544304,-0.1236842105263158,-0.0951086956521739,0.0451157316594743,-0.0049553026718793,-0.0830445856949448,91800.0,60500.0,-0.2745098039215686,0.1008264462809918,20701684.0,1378732154400.0,6162631200.0,7625622925.0,0.0044697812989513,yfinance_download,237690.KQ
2024-01-10,66000.0,66700.0,64800.0,65100.0,64522.703125,47196.0,-0.0225225225225225,-0.5494809688581315,63900.0,66791.66666666667,72555.83333333333,0.447294346794501,0.3564997108313312,0.0568181818181818,-0.1142857142857143,-0.1226415094339622,0.0187793427230047,-0.0253275109170306,-0.1027599434917936,91800.0,60500.0,-0.2908496732026143,0.0760330578512396,20701684.0,1347679628400.0,3072459600.0,7232752265.0,0.0022798145310304,yfinance_download,237690.KQ
2024-01-11,64900.0,65800.0,63400.0,64800.0,64225.36328125,63244.0,-0.0046082949308755,-0.5515570934256055,64045.0,66681.66666666667,72486.66666666667,0.4480728817270165,0.3521623326169928,0.0468497576736672,-0.0924369747899159,-0.1135430916552667,0.011788586150363,-0.0282186508035692,-0.1060424905729789,91800.0,60500.0,-0.2941176470588235,0.0710743801652893,20701684.0,1341469123200.0,4098211200.0,7173724320.0,0.0030550171667193,yfinance_download,237690.KQ
2024-01-12,64900.0,65300.0,62800.0,63000.0,62441.328125,75454.0,-0.0277777777777777,-0.5640138408304498,64085.0,66528.33333333333,72403.33333333333,0.4607530679904936,0.3552631144891823,0.0128617363344052,-0.1274238227146814,-0.136986301369863,-0.0169306389950846,-0.0530350477240273,-0.129874315178859,91800.0,60500.0,-0.3137254901960784,0.0413223140495868,20701684.0,1304206092000.0,4753602000.0,7231994740.0,0.0036448242568092,yfinance_download,237690.KQ
2024-01-15,61700.0,63100.0,61500.0,61700.0,61152.85546875,89201.0,-0.0206349206349206,-0.5730103806228374,64100.0,66380.0,72326.66666666667,0.4646721182007701,0.3549073256033246,0.004885993485342,-0.1260623229461756,-0.1297602256699577,-0.0374414976599063,-0.070503163603495,-0.1469259839616554,91800.0,60500.0,-0.3278867102396514,0.0198347107438017,20701684.0,1277293902800.0,5503701700.0,7392886795.0,0.0043088765145869,yfinance_download,237690.KQ
2024-01-16,61000.0,62900.0,61000.0,62100.0,61549.30859375,50583.0,0.0064829821717991,-0.570242214532872,64065.0,66261.66666666667,72225.83333333333,0.4579141674442948,0.353354150733265,-0.0111464968152866,-0.1026011560693641,-0.1630727762803234,-0.0306719737766331,-0.0628065497899741,-0.1401968363120305,91800.0,60500.0,-0.3235294117647058,0.0264462809917356,20701684.0,1285574576400.0,3141204300.0,7328504790.0,0.0024434244093379,yfinance_download,237690.KQ
2024-01-17,62800.0,62800.0,60800.0,61400.0,60855.515625,54973.0,-0.0112721417069243,-0.5750865051903113,64030.0,66145.0,72122.5,0.4579543310067966,0.3533197634363821,-0.0112721417069243,-0.1023391812865497,-0.1680216802168022,-0.0410744963298453,-0.0717363368357396,-0.1486706644944365,91800.0,60500.0,-0.3311546840958606,0.0148760330578512,20701684.0,1271083397600.0,3375342200.0,7263043120.0,0.0026554844523759,yfinance_download,237690.KQ
2024-01-18,61100.0,62100.0,60300.0,60400.0,59864.3828125,61949.0,-0.01628664495114,-0.582006920415225,63930.0,65996.66666666667,71981.66666666667,0.4610169441509092,0.3532355989280497,-0.032051282051282,-0.1284271284271284,-0.2186287192755498,-0.0552166432035038,-0.0848022627405424,-0.1608974507397718,91800.0,60400.0,-0.3420479302832244,0.0,20701684.0,1250381713600.0,3741719600.0,7260807500.0,0.0029924618692856,yfinance_download,237690.KQ
2024-01-19,61000.0,61400.0,59900.0,60600.0,60062.609375,75794.0,0.0033112582781456,-0.5806228373702422,63820.0,65825.0,71864.16666666667,0.4604665434218514,0.349530987084363,-0.0350318471337579,-0.1452750352609308,-0.1887550200803213,-0.0504544030084612,-0.079377136346373,-0.1567424655310366,91800.0,60400.0,-0.3398692810457516,0.0033112582781456,20701684.0,1254522050400.0,4593116400.0,7309483140.0,0.0036612480414636,yfinance_download,237690.KQ
2024-01-22,61400.0,61700.0,60000.0,61000.0,60459.0625,58118.0,0.0066006600660066,-0.5778546712802768,63725.0,65690.0,71755.83333333333,0.461238797570218,0.3466718803328724,-0.0302066772655007,-0.1172214182344428,-0.1756756756756756,-0.04276186739898,-0.0713959506774242,-0.1498948982080434,91800.0,60400.0,-0.335511982570806,0.009933774834437,20701684.0,1262802724000.0,3545198000.0,7214816905.0,0.0028074044604294,yfinance_download,237690.KQ
2024-01-23,61000.0,62900.0,60500.0,62200.0,61648.421875,67184.0,0.0196721311475409,-0.5695501730103807,63810.0,65581.66666666667,71670.0,0.4450726166476089,0.3493505502205915,0.028099173553719,-0.0946142649199417,-0.1420689655172413,-0.0252311549913806,-0.0515642074766831,-0.1321333891446909,91800.0,60400.0,-0.3224400871459695,0.0298013245033113,20701684.0,1287644744800.0,4178844800.0,6915728545.0,0.0032453398477148,yfinance_download,237690.KQ
2024-01-24,62200.0,62400.0,61000.0,61100.0,60558.17578125,35064.0,-0.0176848874598071,-0.5771626297577854,63745.0,65465.0,71555.0,0.4357113079095411,0.3506304313123398,-0.0208333333333333,-0.1027900146842878,-0.1842456608811749,-0.0414934504667032,-0.0666768502253112,-0.1461113828523513,91800.0,60400.0,-0.3344226579520697,0.0115894039735098,20701684.0,1264872892400.0,2142410400.0,6683779945.0,0.0016937752503612,yfinance_download,237690.KQ
2024-01-25,60700.0,61200.0,60400.0,61200.0,60657.2890625,29614.0,0.0016366612111293,-0.5764705882352941,63730.0,65350.0,71439.16666666667,0.4327211665511235,0.3506777219104849,-0.0048780487804878,-0.1013215859030837,-0.18508655126498,-0.0396987290130237,-0.0635042081101759,-0.143327073150816,91800.0,60400.0,-0.3333333333333333,0.0132450331125828,20701684.0,1266943060800.0,1812376800.0,6542832835.0,0.0014305116434006,yfinance_download,237690.KQ
2024-01-26,61200.0,62500.0,60700.0,61500.0,60954.62890625,51728.0,0.0049019607843137,-0.57439446366782,63650.0,65241.66666666666,71322.5,0.4223170686882391,0.3509262234904247,-0.0253565768621235,-0.0955882352941176,-0.1854304635761589,-0.0337784760408483,-0.0573508749521011,-0.1377195134775141,91800.0,60400.0,-0.3300653594771242,0.0182119205298012,20701684.0,1273153566000.0,3181272000.0,6329571730.0,0.0024987339194241,yfinance_download,237690.KQ
2024-01-29,61900.0,63500.0,61600.0,62800.0,62243.09765625,83216.0,0.0211382113821139,-0.5653979238754325,63400.0,65151.66666666666,71205.83333333333,0.3278103719507104,0.353864489414796,-0.0737463126843658,-0.0791788856304985,-0.1822916666666666,-0.0094637223974763,-0.0360952648947328,-0.1180497852469951,91800.0,60400.0,-0.3159041394335512,0.0397350993377483,20701684.0,1300065755200.0,5225964800.0,5569768070.0,0.00401976959942,yfinance_download,237690.KQ
2024-01-30,62900.0,63200.0,61600.0,63200.0,62639.5546875,48942.0,0.0063694267515923,-0.5626297577854671,63165.0,65035.0,71104.16666666667,0.3292762917595497,0.3485124747628497,-0.0692194403534609,-0.0997150997150997,-0.1618037135278515,0.0005541043299295,-0.0282155762281848,-0.1111631995312042,91800.0,60400.0,-0.3115468409586056,0.0463576158940397,20701684.0,1308346428800.0,3093134400.0,5362507605.0,0.0023641554957558,yfinance_download,237690.KQ
2024-01-31,62800.0,62800.0,61000.0,61900.0,61351.08203125,53331.0,-0.0205696202531645,-0.5716262975778547,62785.0,64913.333333333336,70950.83333333333,0.3184773871823146,0.3497381925199161,-0.1093525179856115,-0.1054913294797688,-0.2291407222914072,-0.0140957235008362,-0.0464208688507754,-0.127564862991978,91800.0,60400.0,-0.3257080610021786,0.0248344370860926,20701684.0,1281434239600.0,3301188900.0,4453541850.0,0.0025761672335448,yfinance_download,237690.KQ
2024-02-01,63000.0,65600.0,61300.0,63400.0,62837.77734375,165687.0,0.0242326332794831,-0.5612456747404844,62660.0,64765.0,70819.16666666667,0.2846975992540089,0.3404980085474441,-0.0379362670713201,-0.1230982019363762,-0.1994949494949495,0.0118097669964889,-0.0210761985640391,-0.1047621288963676,91800.0,60400.0,-0.3093681917211329,0.0496688741721853,20701684.0,1312486765600.0,10504555800.0,4340360095.0,0.0080035517883472,yfinance_download,237690.KQ
2024-02-02,64300.0,64700.0,60800.0,61200.0,60657.2890625,201589.0,-0.0347003154574132,-0.5764705882352941,62470.0,64598.333333333336,70672.5,0.3053886448507152,0.3460341918812766,-0.0584615384615384,-0.1404494382022472,-0.2233502538071066,-0.0203297582839763,-0.052607136407028,-0.1340337472142629,91800.0,60400.0,-0.3333333333333333,0.0132450331125828,20701684.0,1266943060800.0,12337246800.0,4611974935.0,0.0097378068373568,yfinance_download,237690.KQ
2024-02-05,61000.0,63600.0,60500.0,62500.0,61945.7578125,148919.0,0.0212418300653594,-0.5674740484429066,62385.0,64453.333333333336,70576.66666666667,0.3146607289035266,0.3493560129670278,-0.0264797507788161,-0.1221910112359551,-0.1554054054054053,0.0018433918409874,-0.0303061646669425,-0.1144381995938224,91800.0,60400.0,-0.3191721132897603,0.0347682119205297,20701684.0,1293855250000.0,9307437500.0,4853580920.0,0.0071935693733901,yfinance_download,237690.KQ
2024-02-06,62400.0,62400.0,60700.0,61700.0,61152.85546875,62238.0,-0.0128,-0.5730103806228374,62140.0,64283.333333333336,70405.83333333333,0.2818554033405146,0.3491798362499234,-0.0735735735735735,-0.1418636995827538,-0.2493917274939172,-0.0070807853234631,-0.0401866735805029,-0.1236521595038289,91800.0,60400.0,-0.3278867102396514,0.021523178807947,20701684.0,1277293902800.0,3840084600.0,4737453590.0,0.0030064220862418,yfinance_download,237690.KQ
2024-02-07,62100.0,63300.0,60700.0,62900.0,62342.21484375,111203.0,0.019448946515397,-0.5647058823529412,62030.0,64136.66666666666,70240.83333333333,0.2839753212849408,0.3520121036227613,-0.0337941628264208,-0.1227336122733612,-0.2394195888754534,0.0140254715460261,-0.0192817421131957,-0.1045094852234573,91800.0,60400.0,-0.3148148148148147,0.0413907284768211,20701684.0,1302135923600.0,6994668700.0,4933564045.0,0.0053716886027243,yfinance_download,237690.KQ
2024-02-08,63400.0,63400.0,61800.0,62100.0,61549.30859375,47014.0,-0.012718600953895,-0.570242214532872,61895.0,64001.66666666666,70070.0,0.2865755059549184,0.3505212412961031,-0.0416666666666666,-0.1153846153846154,-0.24818401937046,0.003312060748041,-0.0297127678966693,-0.1137433994576851,91800.0,60400.0,-0.3235294117647058,0.0281456953642385,20701684.0,1285574576400.0,2919569400.0,4874631955.0,0.0022710229757154,yfinance_download,237690.KQ
2024-02-13,62400.0,63100.0,61200.0,63100.0,62540.4375,89968.0,0.0161030595813205,-0.5633217993079584,61900.0,63878.333333333336,69907.5,0.2763104686405875,0.3522312442847312,0.0015873015873015,-0.1049645390070922,-0.2360774818401937,0.0193861066235865,-0.0121846218070812,-0.0973786789686371,91800.0,60400.0,-0.3126361655773421,0.0447019867549669,20701684.0,1306276260400.0,5676980800.0,4920800895.0,0.0043459266405573,yfinance_download,237690.KQ
2024-02-14,61800.0,62500.0,61500.0,62300.0,61747.53515625,40390.0,-0.0126782884310617,-0.5688581314878893,61930.0,63725.0,69758.33333333333,0.269708633400161,0.3513891862811931,0.0097244732576986,-0.1286713286713287,-0.2231920199501247,0.0059744873243985,-0.0223617104746959,-0.1069167363516903,91800.0,60400.0,-0.3213507625272331,0.0314569536423841,20701684.0,1289714913200.0,2516297000.0,4771430660.0,0.0019510490064479,yfinance_download,237690.KQ
2024-02-15,62400.0,63200.0,61900.0,62300.0,61747.53515625,48577.0,0.0,-0.5688581314878893,61940.0,63571.66666666666,69602.5,0.268820218324019,0.3513891862811931,0.0032206119162641,-0.1286713286713287,-0.2308641975308641,0.0058120762027769,-0.0200036703982381,-0.104917208433605,91800.0,60400.0,-0.3213507625272331,0.0314569536423841,20701684.0,1289714913200.0,3026347100.0,4765687800.0,0.0023465240798767,yfinance_download,237690.KQ
2024-02-16,62900.0,63300.0,61800.0,62600.0,62044.875,49236.0,0.0048154093097914,-0.5667820069204152,62000.0,63460.0,69461.66666666667,0.2656842437787968,0.3465018493066977,0.019543973941368,-0.0966810966810967,-0.2125786163522012,0.0096774193548387,-0.0135518436810588,-0.0987835016915805,91800.0,60400.0,-0.318082788671024,0.0364238410596027,20701684.0,1295925418400.0,3082173600.0,4751029370.0,0.0023783572389569,yfinance_download,237690.KQ
2024-02-19,62700.0,63500.0,62100.0,63200.0,62639.5546875,68794.0,0.0095846645367412,-0.5626297577854671,62140.0,63356.66666666666,69306.66666666667,0.2590144884350698,0.3471942051355964,0.0463576158940397,-0.0893371757925072,-0.2273838630806846,0.0170582555519793,-0.0024727731888251,-0.0881108118507119,91800.0,60400.0,-0.3115468409586056,0.0463576158940397,20701684.0,1308346428800.0,4347780800.0,4781332430.0,0.0033231112985784,yfinance_download,237690.KQ
2024-02-20,63000.0,63600.0,62300.0,62900.0,62342.21484375,55479.0,-0.004746835443038,-0.5647058823529412,62255.0,63260.0,69154.16666666667,0.2602131102732543,0.3467908343657805,0.0379537953795379,-0.0844250363901019,-0.2253694581280788,0.0103606136053329,-0.0056907998735378,-0.0904380309694523,91800.0,60400.0,-0.3148148148148147,0.0413907284768211,20701684.0,1302135923600.0,3489629100.0,4726158065.0,0.0026799269083616,yfinance_download,237690.KQ
2024-02-21,62500.0,63700.0,62300.0,62900.0,62342.21484375,56393.0,0.0,-0.5647058823529412,62350.0,63166.66666666666,69005.83333333333,0.2597170661417994,0.3467820550525106,0.0311475409836066,-0.0817518248175181,-0.2205700123915737,0.0088211708099439,-0.004221635883905,-0.088482857729419,91800.0,60400.0,-0.3148148148148147,0.0413907284768211,20701684.0,1302135923600.0,3547119700.0,4726254150.0,0.0027240779059326,yfinance_download,237690.KQ
2024-02-22,63200.0,63200.0,61700.0,61700.0,61152.85546875,61283.0,-0.0190779014308426,-0.5730103806228374,62325.0,63045.0,68840.0,0.260500417300654,0.3482354409596411,-0.0080385852090032,-0.1057971014492753,-0.2438725490196078,-0.0100280786201363,-0.0213339678007772,-0.1037187681580475,91800.0,60400.0,-0.3278867102396514,0.021523178807947,20701684.0,1277293902800.0,3781161100.0,4706369965.0,0.0029602905734625,yfinance_download,237690.KQ
2024-02-23,61800.0,67500.0,61800.0,66300.0,65712.0703125,293427.0,0.0745542949756887,-0.5411764705882354,62585.0,63040.0,68711.66666666667,0.3639569200996213,0.3748453199370956,0.0851063829787233,-0.0045045045045044,-0.1884944920440636,0.0593592713909083,0.0517131979695431,-0.0350983578722682,91800.0,60400.0,-0.2777777777777778,0.0976821192052981,20701684.0,1372521649200.0,19454210100.0,5571959950.0,0.0141740642935135,yfinance_download,237690.KQ
2024-02-26,66400.0,66900.0,65300.0,66100.0,65513.8359375,95446.0,-0.0030165912518853,-0.542560553633218,62830.0,63081.66666666666,68590.83333333333,0.3647886368228024,0.3628845987522772,0.0800653594771241,0.0393081761006288,-0.1799007444168734,0.052045201336941,0.0478480276889745,-0.0363143763136473,91800.0,60400.0,-0.2799564270152506,0.0943708609271523,20701684.0,1368381312400.0,6308980600.0,5796790140.0,0.0046105427944895,yfinance_download,237690.KQ
2024-02-27,66100.0,66100.0,63700.0,63800.0,63234.234375,87256.0,-0.0347957639939485,-0.558477508650519,62945.0,63093.333333333336,68445.0,0.3899833938890673,0.3697934927368227,0.0373983739837398,0.0110935023771789,-0.2152521525215252,0.0135832869965843,0.0112003381234149,-0.0678647088903499,91800.0,60400.0,-0.3050108932461873,0.0562913907284767,20701684.0,1320767439200.0,5566932800.0,5916073180.0,0.0042149228053138,yfinance_download,237690.KQ
2024-02-28,63800.0,64600.0,62900.0,64400.0,63828.9140625,55923.0,0.0094043887147334,-0.554325259515571,63025.0,63101.66666666666,68304.16666666667,0.3845804114710399,0.3693916545717781,0.0254777070063694,0.0078247261345851,-0.2078720787207871,0.0218167393891313,0.0205752621431023,-0.0571585432806686,91800.0,60400.0,-0.2984749455337691,0.0662251655629138,20701684.0,1333188449600.0,3601441200.0,5834847000.0,0.0027013744389103,yfinance_download,237690.KQ
2024-02-29,64000.0,64600.0,63500.0,63600.0,63036.0078125,47303.0,-0.0124223602484472,-0.5598615916955016,63045.0,63076.66666666666,68158.33333333333,0.3872214727587674,0.3682913285648703,0.0063291139240506,-0.0230414746543778,-0.2157829839704068,0.0088032357839638,0.0082967816942345,-0.066878591514855,91800.0,60400.0,-0.3071895424836601,0.0529801324503311,20701684.0,1316627102400.0,3008470800.0,5830613820.0,0.0022849831926716,yfinance_download,237690.KQ
2024-03-04,64300.0,64700.0,63400.0,63900.0,63333.34765625,63095.0,0.0047169811320755,-0.5577854671280277,63145.0,63081.66666666666,68035.0,0.3792124087773514,0.3652959769822584,0.0323101777059773,0.0047169811320755,-0.1880559085133417,0.0119566078074273,0.0129726016539406,-0.0607775409715587,91800.0,60400.0,-0.303921568627451,0.0579470198675495,20701684.0,1322837607600.0,4031770500.0,5867142900.0,0.0030478196846208,yfinance_download,237690.KQ
2024-03-05,63800.0,67100.0,63300.0,66000.0,65414.72265625,120443.0,0.0328638497652582,-0.5432525951557093,63275.0,63123.333333333336,67915.83333333333,0.3871222804933554,0.3712955938809292,0.0410094637223974,0.0393700787401574,-0.1780821917808219,0.0430659818253653,0.0455721603210645,-0.0282089350789579,91800.0,60400.0,-0.2810457516339869,0.0927152317880795,20701684.0,1366311144000.0,7949238000.0,5739377010.0,0.0058180291033328,yfinance_download,237690.KQ
2024-03-06,65800.0,70400.0,65600.0,69000.0,68388.125,224542.0,0.0454545454545454,-0.5224913494809689,63665.0,63201.66666666666,67826.66666666667,0.3900888827620236,0.3816740495990601,0.1274509803921568,0.0730948678071539,-0.1342534504391468,0.0837980051833817,0.0917433611982807,0.0172989974444661,91800.0,60400.0,-0.2483660130718954,0.1423841059602648,20701684.0,1428416196000.0,15493398000.0,5897184570.0,0.0108465572172775,yfinance_download,237690.KQ
2024-03-07,70000.0,70400.0,67500.0,68800.0,68189.890625,138852.0,-0.0028985507246376,-0.5238754325259516,63980.0,63306.66666666666,67735.0,0.3872232133023899,0.3768376311322443,0.1008,0.1008,-0.1378446115288221,0.0753360425132854,0.0867733782645325,0.0157230383110651,91800.0,60400.0,-0.2505446623093682,0.1390728476821192,20701684.0,1424275859200.0,9553017600.0,5909463575.0,0.0067072804318721,yfinance_download,237690.KQ
2024-03-08,71000.0,78000.0,69100.0,77500.0,76812.7421875,637987.0,0.1264534883720929,-0.4636678200692041,64770.0,63545.0,67714.16666666667,0.5728815000000926,0.4549472363947472,0.2560777957860616,0.2262658227848102,-0.03125,0.196541608769492,0.2196081517035171,0.144516780092792,91800.0,60400.0,-0.1557734204793028,0.2831125827814569,20701684.0,1604380510000.0,49443992500.0,8189658970.0,0.0308181208833059,yfinance_download,237690.KQ
2024-03-11,80000.0,81600.0,75700.0,76800.0,76118.953125,409890.0,-0.0090322580645161,-0.4685121107266435,65465.0,63798.333333333336,67678.33333333333,0.5769106030183868,0.4517089211783324,0.2209856915739267,0.2467532467532467,-0.0530209617755856,0.1731459558542731,0.2037932025392512,0.1347797177826484,91800.0,60400.0,-0.1633986928104575,0.2715231788079471,20701684.0,1589889331200.0,31479552000.0,9413903135.0,0.0197998385058916,yfinance_download,237690.KQ
2024-03-12,78000.0,78600.0,74700.0,75800.0,75127.8203125,173877.0,-0.0130208333333333,-0.475432525951557,66150.0,64030.0,67620.83333333333,0.5770737981697487,0.4530592714234646,0.2206119162640902,0.2245557350565428,-0.0834340991535671,0.1458805744520031,0.1838200843354678,0.1209563127734303,91800.0,60400.0,-0.1742919389978213,0.2549668874172186,20701684.0,1569187647200.0,13179876600.0,9926918495.0,0.008399171777523,yfinance_download,237690.KQ
2024-03-13,74600.0,75300.0,71500.0,72700.0,72055.3046875,236602.0,-0.0408970976253297,-0.4968858131487889,66630.0,64205.0,67545.83333333333,0.6046907470464057,0.46220161523355,0.1521394611727415,0.1688102893890675,-0.1101591187270502,0.0911001050577817,0.1323105677127949,0.0763062118314725,91800.0,60400.0,-0.2080610021786492,0.2036423841059602,20701684.0,1505012426800.0,17200965400.0,10503117725.0,0.0114291185200199,yfinance_download,237690.KQ
2024-03-14,72800.0,75400.0,72800.0,73500.0,72848.21875,140918.0,0.0110041265474551,-0.4913494809688581,67190.0,64406.66666666666,67482.5,0.5998969029547248,0.4612887696797666,0.1797752808988764,0.1970684039087948,-0.093711467324291,0.0939127846405716,0.1411862126073906,0.0891712666246804,91800.0,60400.0,-0.1993464052287581,0.2168874172185431,20701684.0,1521573774000.0,10357473000.0,10895176525.0,0.0068070790762722,yfinance_download,237690.KQ
2024-03-15,79000.0,82000.0,76200.0,77600.0,76911.859375,653369.0,0.05578231292517,-0.4629757785467128,67955.0,64653.333333333336,67440.83333333333,0.6211635524920409,0.4720386501280924,0.245585874799358,0.2356687898089171,-0.0605326876513316,0.1419321609888897,0.2002474737059187,0.1506382137429105,91800.0,60400.0,-0.1546840958605664,0.2847682119205297,20701684.0,1606450678400.0,50701434400.0,13278930890.0,0.0315611522231717,yfinance_download,237690.KQ
2024-03-18,81300.0,99000.0,80400.0,96300.0,95446.03125,2906864.0,0.240979381443299,-0.3335640138408304,69640.0,65223.333333333336,67555.83333333333,1.022366361895929,0.676224415910944,0.5383386581469649,0.5507246376811594,0.1672727272727272,0.3828259620907523,0.4764654775898196,0.4254875596728633,96300.0,60400.0,0.0,0.5943708609271523,20701684.0,1993572169200.0,279931003200.0,27121372370.0,0.1404167892814903,yfinance_download,237690.KQ
2024-03-19,94100.0,95700.0,88100.0,89100.0,88309.8828125,779115.0,-0.0747663551401869,-0.3833910034602076,70935.0,65668.33333333333,67611.66666666667,1.079869708416934,0.6972452737569499,0.4098101265822784,0.4278846153846154,0.0813106796116505,0.2560795094100232,0.3568183548640897,0.3178199028767223,96300.0,60400.0,-0.0747663551401869,0.4751655629139073,20701684.0,1844520044400.0,69419146500.0,30374940655.0,0.0376353440618647,yfinance_download,237690.KQ
2024-03-20,90900.0,92300.0,86000.0,87700.0,86922.2890625,575657.0,-0.015712682379349,-0.3930795847750865,72175.0,66083.33333333333,67660.83333333333,1.0838064400322298,0.6987745850345094,0.3942766295707471,0.3964968152866241,0.0721271393643032,0.2151021821960512,0.3271122320302648,0.2961708521670587,96300.0,60400.0,-0.0893042575285566,0.4519867549668874,20701684.0,1815537686800.0,50485118900.0,32724715145.0,0.0278072547141575,yfinance_download,237690.KQ
2024-03-21,86700.0,95800.0,85600.0,93900.0,93067.3125,824005.0,0.0706955530216648,-0.3501730103806229,73725.0,66600.0,67774.16666666667,1.0965372726941027,0.7109625113449499,0.4928457869634339,0.4928457869634339,0.1693648816936488,0.2736520854526958,0.4099099099099099,0.385483652817568,96300.0,60400.0,-0.0249221183800623,0.554635761589404,20701684.0,1943888127600.0,77374069500.0,36416062635.0,0.0398037666887389,yfinance_download,237690.KQ
2024-03-22,91900.0,94600.0,89500.0,89800.0,89003.6640625,329503.0,-0.0436634717784877,-0.3785467128027682,75130.0,67088.33333333333,67881.66666666667,1.1122068254981146,0.7125647087367921,0.4554294975688817,0.484297520661157,0.1677503250975291,0.1952615466524689,0.3385337738802079,0.3228903238478724,96300.0,60400.0,-0.0674974039460021,0.4867549668874171,20701684.0,1859011223200.0,29589369400.0,37706473050.0,0.0159167244558462,yfinance_download,237690.KQ
2024-03-25,88900.0,94300.0,87200.0,92100.0,91283.2734375,376669.0,0.0256124721603563,-0.3626297577854671,76420.0,67583.33333333333,68005.83333333333,1.094425607497508,0.7118339636055144,0.3891402714932126,0.4759615384615385,0.1930051813471502,0.2051818895577073,0.3627620221948213,0.3542955873883369,96300.0,60400.0,-0.043613707165109,0.5248344370860927,20701684.0,1906625096400.0,34691214900.0,38468323290.0,0.0181950898294071,yfinance_download,237690.KQ
2024-03-26,91300.0,92600.0,89100.0,90400.0,89598.34375,277816.0,-0.018458197611292,-0.37439446366782,77635.0,68065.0,68125.0,1.0998369525837144,0.7124107422353234,0.367624810892587,0.4699186991869919,0.1879106438896189,0.1644232627036774,0.3281422169984573,0.3269724770642201,96300.0,60400.0,-0.0612668743509865,0.4966887417218544,20701684.0,1871432233600.0,25114566400.0,39408602580.0,0.0134199710516303,yfinance_download,237690.KQ
2024-03-27,92300.0,92500.0,86500.0,88200.0,87417.859375,258996.0,-0.0243362831858406,-0.3896193771626297,78855.0,68483.33333333333,68238.33333333333,1.0938048137733003,0.7142492699869121,0.3824451410658307,0.3977812995245642,0.1823056300268095,0.118508655126498,0.2879045996592846,0.2925286373739102,96300.0,60400.0,-0.0841121495327102,0.4602649006622517,20701684.0,1825888528800.0,22843447200.0,40272428300.0,0.0125108662657588,yfinance_download,237690.KQ
2024-03-28,88200.0,91100.0,86700.0,90400.0,89598.34375,218113.0,0.0249433106575964,-0.37439446366782,80155.0,68860.0,68355.0,1.0935028144285024,0.701210915679976,0.4037267080745341,0.3333333333333332,0.1832460732984293,0.1278148587112468,0.3128085971536452,0.3225074976227049,96300.0,60400.0,-0.0612668743509865,0.4966887417218544,20701684.0,1871432233600.0,19717415200.0,41078227000.0,0.0105360027715619,yfinance_download,237690.KQ
2024-03-29,92200.0,92300.0,88600.0,88800.0,88012.5390625,197184.0,-0.0176991150442478,-0.3854671280276817,81415.0,69208.33333333333,68475.0,1.095682709613673,0.7028027428008383,0.3962264150943395,0.3078055964653903,0.1935483870967742,0.0907081004728858,0.2830824804334739,0.2968236582694414,96300.0,60400.0,-0.0778816199376947,0.4701986754966887,20701684.0,1838309539200.0,17509939200.0,41803300420.0,0.009525022215584,yfinance_download,237690.KQ
2024-04-01,90200.0,93800.0,89000.0,90100.0,89301.0078125,269158.0,0.0146396396396395,-0.3764705882352941,82725.0,69551.66666666667,68605.0,1.0945445500557929,0.7020537080187156,0.4100156494522691,0.2964028776978418,0.2093959731543624,0.0891508008461769,0.2954398408856724,0.3133153560236135,96300.0,60400.0,-0.0643821391484943,0.4917218543046358,20701684.0,1865221728400.0,24251135800.0,42814268685.0,0.0130017442059303,yfinance_download,237690.KQ
2024-04-02,90100.0,90200.0,80500.0,81200.0,80479.9296875,561293.0,-0.0987791342952275,-0.4380622837370242,83485.0,69806.66666666667,68641.66666666667,1.1701959601395713,0.7245925234416547,0.2303030303030302,0.2321699544764794,0.0572916666666667,-0.0273701862610049,0.1632126826473114,0.1829549593298529,96300.0,60400.0,-0.1568016614745586,0.3443708609271523,20701684.0,1680976740800.0,45576991600.0,44695656365.0,0.0271133981177569,yfinance_download,237690.KQ
2024-04-03,79600.0,81200.0,76400.0,78700.0,78002.1015625,429545.0,-0.0307881773399014,-0.4553633217993079,83970.0,70035.0,68660.0,1.1732818934503195,0.7272657423150533,0.1405797101449275,0.2107692307692308,0.0287581699346404,-0.0627605097058473,0.1237238523595345,0.1462277891057384,96300.0,60400.0,-0.1827622014537901,0.3029801324503312,20701684.0,1629222530800.0,33805191500.0,45611246040.0,0.0207492781746644,yfinance_download,237690.KQ
2024-04-04,78900.0,80200.0,78000.0,79800.0,79092.3515625,157045.0,0.013977128335451,-0.4477508650519031,84520.0,70295.0,68691.66666666667,1.1725404277546354,0.7267190357576162,0.1598837209302326,0.2429906542056075,0.05,-0.0558447704685282,0.1352158759513479,0.1617129685794005,96300.0,60400.0,-0.1713395638629283,0.3211920529801324,20701684.0,1651994383200.0,12532191000.0,45760204710.0,0.0075860978266309,yfinance_download,237690.KQ
2024-04-05,77700.0,80600.0,77700.0,79800.0,79092.3515625,104389.0,0.0,-0.4477508650519031,84635.0,70515.0,68723.33333333333,1.0886651060272592,0.7235462175891234,0.0296774193548388,0.1981981981981981,0.05,-0.057127665859278,0.1316741118910869,0.1611776689140029,96300.0,60400.0,-0.1713395638629283,0.3211920529801324,20701684.0,1651994383200.0,8330242200.0,43704517195.0,0.0050425366361499,yfinance_download,237690.KQ
2024-04-08,80500.0,80500.0,77900.0,79000.0,78299.4375,93729.0,-0.0100250626566416,-0.4532871972318338,84745.0,70746.66666666667,68769.16666666667,1.0888226703703032,0.7220434374069,0.0286458333333332,0.2135176651305683,0.0748299319727892,-0.067791610124491,0.1166603844704108,0.148770645759364,96300.0,60400.0,-0.1796469366562824,0.3079470198675496,20701684.0,1635433036000.0,7404591000.0,42500769145.0,0.0045276026819847,yfinance_download,237690.KQ
2024-04-09,79200.0,82100.0,78500.0,81100.0,80380.8203125,136189.0,0.0265822784810125,-0.4387543252595155,85010.0,71018.33333333333,68850.0,1.0899394961455129,0.7232505408706225,0.0699208443271768,0.2515432098765431,0.1358543417366946,-0.0459945888718974,0.1419586491750957,0.177923021060276,96300.0,60400.0,-0.157840083073728,0.3427152317880795,20701684.0,1678906572400.0,11044927900.0,42394021710.0,0.0065786435538287,yfinance_download,237690.KQ
2024-04-11,78700.0,80300.0,76900.0,80300.0,79587.9140625,129978.0,-0.0098643649815043,-0.4442906574394464,85390.0,71306.66666666667,68917.5,1.0779361609724782,0.7207422418921692,0.1045392022008253,0.2746031746031745,0.1121883656509694,-0.0596088534957255,0.1261219147344801,0.1651612435157978,96300.0,60400.0,-0.166147455867082,0.3294701986754966,20701684.0,1662345225200.0,10437233400.0,42055835110.0,0.0062786196523915,yfinance_download,237690.KQ
2024-04-12,80700.0,84100.0,79900.0,83300.0,82561.3125,176317.0,0.0373599003735989,-0.4235294117647059,85880.0,71666.66666666667,69023.33333333333,1.0832791533691473,0.7217319121232437,0.1333333333333333,0.3500810372771474,0.1798866855524079,-0.0300419189566837,0.1623255813953488,0.2068382672526199,96300.0,60400.0,-0.1349948078920041,0.3791390728476822,20701684.0,1724450277200.0,14687206100.0,42272321765.0,0.008517036585043,yfinance_download,237690.KQ
2024-04-15,82000.0,84900.0,82000.0,82400.0,81669.2890625,124895.0,-0.0108043217286915,-0.429757785467128,86120.0,72005.0,69133.33333333333,1.0702961022923565,0.7225479330739781,0.0618556701030927,0.326892109500805,0.1907514450867051,-0.0431955411054343,0.1443649746545379,0.1918997107039537,96300.0,60400.0,-0.1443406022845275,0.3642384105960266,20701684.0,1705818761600.0,10291348000.0,40251817445.0,0.0060330840718078,yfinance_download,237690.KQ
2024-04-16,81900.0,83500.0,80100.0,82000.0,81272.8359375,82361.0,-0.0048543689320388,-0.4325259515570934,85405.0,72348.33333333333,69246.66666666667,0.6067400200076905,0.7220244815958881,-0.1484942886812046,0.3355048859934852,0.1988304093567252,-0.0398688601369943,0.1334055149853716,0.1841725233464908,96300.0,60400.0,-0.1484942886812046,0.3576158940397351,20701684.0,1697538088000.0,6753602000.0,26592947385.0,0.003978468611539,yfinance_download,237690.KQ
2024-04-17,82500.0,83100.0,80200.0,80900.0,80182.59375,73741.0,-0.0134146341463414,-0.4401384083044982,84995.0,72690.0,69343.33333333333,0.5529542291910724,0.7216734320553457,-0.0920314253647587,0.3394039735099337,0.1673881673881674,-0.0481793046649803,0.1129453845095611,0.1666586550016824,96300.0,60400.0,-0.1599169262720664,0.3394039735099337,20701684.0,1674766235600.0,5965646900.0,23420272405.0,0.0035620773653003,yfinance_download,237690.KQ
2024-04-18,80900.0,83700.0,80900.0,83300.0,82561.3125,101685.0,0.0296662546353523,-0.4235294117647059,84775.0,73068.33333333333,69446.66666666667,0.5638103892694637,0.7232997607333563,-0.0501710376282782,0.3745874587458746,0.1748942172073342,-0.0173989973459156,0.1400287402203417,0.1994816165882691,96300.0,60400.0,-0.1349948078920041,0.3791390728476822,20701684.0,1724450277200.0,8470360500.0,21319534485.0,0.0049119192428983,yfinance_download,237690.KQ
2024-04-19,84400.0,84400.0,80600.0,82200.0,81471.0703125,138152.0,-0.0132052821128451,-0.4311418685121108,84190.0,73421.66666666667,69555.83333333333,0.4948495111304656,0.7243991873409961,-0.1246006389776357,0.3475409836065573,0.1895803183791606,-0.0236370115215583,0.1195605293623589,0.1817844177938588,96300.0,60400.0,-0.146417445482866,0.3609271523178807,20701684.0,1701678424800.0,11356094400.0,18018635730.0,0.0066734667575835,yfinance_download,237690.KQ
2024-04-22,83000.0,87800.0,83000.0,84400.0,83651.5546875,246296.0,0.0267639902676399,-0.4159169550173011,83920.0,73791.66666666667,69686.66666666667,0.4871353340163561,0.7251188359733267,-0.0601336302895323,0.3569131832797427,0.2285298398835515,0.0057197330791229,0.1437605872388481,0.2111355591696162,96300.0,60400.0,-0.1235721703011423,0.3973509933774835,20701684.0,1747222129600.0,20787382400.0,17578536380.0,0.011897389603667,yfinance_download,237690.KQ
2024-04-23,84800.0,88800.0,83900.0,87700.0,86922.2890625,170966.0,0.0390995260663507,-0.3930795847750865,83700.0,74235.0,69850.0,0.4996982715922567,0.7265142296795838,-0.0477741585233442,0.4353518821603928,0.2878120411160059,0.0477897252090799,0.1813834444668955,0.2555476020042948,96300.0,60400.0,-0.0893042575285566,0.4519867549668874,20701684.0,1815537686800.0,14993718200.0,16593661545.0,0.0082585551977317,yfinance_download,237690.KQ
2024-04-24,87800.0,88800.0,86700.0,88600.0,87814.3046875,167929.0,0.0102622576966933,-0.3868512110726644,83610.0,74691.66666666667,70020.83333333333,0.4975162527703801,0.7264570730539015,-0.0199115044247787,0.4477124183006535,0.3010279001468428,0.0596818562372922,0.1862099743389489,0.2653376971139543,96300.0,60400.0,-0.0799584631360332,0.4668874172185431,20701684.0,1834169202400.0,14878509400.0,16081858695.0,0.0081118521565685,yfinance_download,237690.KQ
2024-04-25,87800.0,89000.0,86300.0,86400.0,85633.8203125,79024.0,-0.0248306997742663,-0.4020761245674741,83520.0,75106.66666666667,70174.16666666667,0.4978331080119432,0.7293993301200776,-0.0204081632653061,0.4048780487804877,0.2705882352941176,0.0344827586206897,0.1503639268595773,0.2312223159044757,96300.0,60400.0,-0.102803738317757,0.4304635761589404,20701684.0,1788625497600.0,6827673600.0,15281070015.0,0.0038172739956807,yfinance_download,237690.KQ
2024-04-26,86300.0,87800.0,85000.0,85700.0,84940.0234375,73713.0,-0.0081018518518518,-0.4069204152249135,83285.0,75488.33333333333,70320.0,0.4891333998258871,0.7293806719555826,-0.0519911504424779,0.3646496815286624,0.2565982404692082,0.0289968181545297,0.1352747665202129,0.2187144482366325,96300.0,60400.0,-0.1100726895119418,0.4188741721854305,20701684.0,1774134318800.0,6317204100.0,14611059460.0,0.0035607248183287,yfinance_download,237690.KQ
2024-04-29,85900.0,89000.0,85900.0,88900.0,88111.6484375,98800.0,0.0373395565927654,-0.3847750865051903,83290.0,75916.66666666667,70475.83333333333,0.5047702238801376,0.7321738380440118,0.0011261261261261,0.4066455696202531,0.2663817663817664,0.0673550246127987,0.1710208562019757,0.2614253112769154,96300.0,60400.0,-0.0768431983385254,0.4718543046357615,20701684.0,1840379707600.0,8783320000.0,14174728500.0,0.0047725585995805,yfinance_download,237690.KQ
2024-04-30,89800.0,99000.0,88800.0,93400.0,92571.7421875,807253.0,0.0506186726659168,-0.3536332179930795,83455.0,76441.66666666667,70677.5,0.533431824217213,0.7353850546834297,0.0366259711431742,0.5088852988691437,0.3497109826589595,0.1191660176142832,0.2218467240815436,0.3214955254501079,96300.0,60400.0,-0.0301142263759086,0.5463576158940397,20701684.0,1933537285600.0,75397430200.0,16732043220.0,0.0389945571577655,yfinance_download,237690.KQ
2024-05-02,93100.0,95400.0,85000.0,88800.0,88012.5390625,420082.0,-0.0492505353319058,-0.3854671280276817,83835.0,76865.0,70815.0,0.4273097719406687,0.7437727717002692,0.0935960591133004,0.4006309148264984,0.2282157676348548,0.0592234746824118,0.1552722305340532,0.2539716161830121,96300.0,60400.0,-0.0778816199376947,0.4701986754966887,20701684.0,1838309539200.0,37303281600.0,16318357720.0,0.0202921656035325,yfinance_download,237690.KQ
2024-05-03,89400.0,97000.0,88600.0,96500.0,95644.2578125,428919.0,0.0867117117117117,-0.3321799307958477,84725.0,77453.33333333333,71025.83333333333,0.4955267904979057,0.7564588975443652,0.2261753494282083,0.576797385620915,0.3553370786516854,0.1389790498672174,0.2459115166121537,0.3586605812439136,96500.0,60400.0,0.0,0.5976821192052981,20701684.0,1997712506000.0,41390683500.0,16697632320.0,0.0207190390888006,yfinance_download,237690.KQ
2024-05-07,101100.0,103100.0,96100.0,99800.0,98914.9921875,561203.0,0.0341968911917098,-0.3093425605536332,85725.0,78075.0,71264.16666666667,0.5024490693057064,0.7578433764605418,0.2506265664160401,0.5968,0.401685393258427,0.1641878098571012,0.2782580851745118,0.4004233076464327,99800.0,60400.0,0.0,0.6523178807947019,20701684.0,2066028063200.0,56008059400.0,18871425740.0,0.0271090506453484,yfinance_download,237690.KQ
2024-05-08,97700.0,98500.0,92100.0,92800.0,91977.0625,359233.0,-0.0701402805611222,-0.3577854671280277,86375.0,78593.33333333333,71438.33333333333,0.5798574043207474,0.7737936201189958,0.162907268170426,0.5040518638573743,0.2906815020862308,0.0743849493487698,0.1807617270336754,0.2990224669295196,99800.0,60400.0,-0.0701402805611222,0.5364238410596027,20701684.0,1921116275200.0,33336822400.0,20121754750.0,0.0173528395081289,yfinance_download,237690.KQ
2024-05-09,92700.0,93300.0,89800.0,92600.0,91778.8359375,221182.0,-0.0021551724137931,-0.3591695501730103,87055.0,79088.33333333333,71612.5,0.5772427554660339,0.7736863258730492,0.1721518987341772,0.4721780604133545,0.2914923291492328,0.0636953649991385,0.1708427285946094,0.2930703438645488,99800.0,60400.0,-0.0721442885771542,0.5331125827814569,20701684.0,1916975938400.0,20481453200.0,20775597860.0,0.0106842515806926,yfinance_download,237690.KQ
2024-05-10,92500.0,93300.0,91200.0,91200.0,90391.2578125,115818.0,-0.0151187904967602,-0.3688581314878892,87560.0,79573.33333333333,71787.5,0.5789884660862716,0.7739707050817501,0.1245376078914919,0.4685990338164252,0.2991452991452992,0.0415714938328004,0.146112600536193,0.2704161588020197,99800.0,60400.0,-0.0861723446893787,0.509933774834437,20701684.0,1887993580800.0,10562601600.0,20751481545.0,0.0055946173267836,yfinance_download,237690.KQ
2024-05-13,91500.0,94800.0,89200.0,91200.0,90391.2578125,193684.0,0.0,-0.3688581314878892,88105.0,80041.66666666667,71960.0,0.5763402351556088,0.7739121806983247,0.1357409713574098,0.4453248811410459,0.2936170212765958,0.0351285398104534,0.1394065590838105,0.2673707615341856,99800.0,60400.0,-0.0861723446893787,0.509933774834437,20701684.0,1887993580800.0,17663980800.0,21112818915.0,0.0093559538441413,yfinance_download,237690.KQ
2024-05-14,93200.0,98100.0,91600.0,96000.0,95148.6875,319725.0,0.0526315789473683,-0.3356401384083045,88740.0,80603.33333333333,72164.16666666667,0.5894087167985258,0.7782876937364683,0.1524609843937574,0.5409309791332264,0.3426573426573427,0.0818120351588911,0.1910177412017699,0.330300125870411,99800.0,60400.0,-0.0380761523046092,0.5894039735099337,20701684.0,1987361664000.0,30693600000.0,21913138610.0,0.0154443957312844,yfinance_download,237690.KQ
2024-05-16,98700.0,99200.0,95800.0,96100.0,95247.796875,214400.0,0.0010416666666666,-0.3349480968858132,89425.0,81166.66666666667,72369.16666666667,0.5859470251267235,0.7782429021912967,0.1662621359223302,0.5425361155698234,0.3440559440559441,0.074643556052558,0.1839835728952772,0.3279135911933029,99800.0,60400.0,-0.0370741482965931,0.5910596026490067,20701684.0,1989431832400.0,20603840000.0,22428763210.0,0.0103566453820858,yfinance_download,237690.KQ
2024-05-17,94700.0,103000.0,93900.0,101800.0,100897.2578125,494523.0,0.0593132154006244,-0.2955017301038062,90415.0,81820.0,72640.0,0.6105050641836304,0.7851647890639611,0.2414634146341463,0.6261980830670926,0.468975468975469,0.125919371785655,0.2441945734539232,0.401431718061674,101800.0,60400.0,0.0,0.685430463576159,20701684.0,2107431431200.0,50342441400.0,24608205180.0,0.0238880566431214,yfinance_download,237690.KQ
2024-05-20,101000.0,101000.0,96400.0,100000.0,99113.21875,470754.0,-0.0176817288801571,-0.3079584775086506,91370.0,82433.33333333333,72895.0,0.6130041048870742,0.787104603155777,0.2360939431396786,0.5822784810126582,0.440922190201729,0.0944511327569224,0.213101496158512,0.3718362027573907,101800.0,60400.0,-0.0176817288801571,0.6556291390728477,20701684.0,2070168400000.0,47075400000.0,26663692835.0,0.0227398891800299,yfinance_download,237690.KQ
2024-05-21,100600.0,103900.0,99500.0,100100.0,99212.328125,203279.0,0.0009999999999998,-0.3072664359861592,92210.0,83053.33333333333,73156.66666666667,0.6100871987484734,0.7867696115173956,0.2016806722689075,0.5914149443561207,0.4570596797671034,0.0855655568810325,0.205249638786322,0.3682963502984462,101800.0,60400.0,-0.0166994106090373,0.6572847682119205,20701684.0,2072238568400.0,20348227900.0,27257586205.0,0.0098194427081391,yfinance_download,237690.KQ
2024-05-22,100100.0,100400.0,97800.0,98800.0,97923.859375,152914.0,-0.0129870129870129,-0.3162629757785467,93040.0,83651.66666666667,73409.16666666667,0.6099779261790481,0.7878475449600901,0.2019464720194648,0.5707472178060413,0.4423357664233576,0.0619088564058469,0.1810882429120757,0.345880964003133,101800.0,60400.0,-0.0294695481335952,0.6357615894039734,20701684.0,2045326379200.0,15107903200.0,27445176645.0,0.0073865488430796,yfinance_download,237690.KQ
2024-05-23,99800.0,100000.0,97100.0,97500.0,96635.390625,108669.0,-0.0131578947368421,-0.3252595155709342,93695.0,84248.33333333333,73646.66666666667,0.6118280170556564,0.7870491123174004,0.15521327014218,0.5802269043760129,0.4130434782608696,0.0406104914883398,0.1572929236977982,0.3238888385987144,101800.0,60400.0,-0.0422396856581532,0.6142384105960266,20701684.0,2018414190000.0,10595227500.0,26935568900.0,0.0052492831017998,yfinance_download,237690.KQ
2024-05-24,95400.0,96000.0,92500.0,94100.0,93265.5390625,226781.0,-0.0348717948717949,-0.3487889273356401,94015.0,84711.66666666667,73875.83333333333,0.6181714768682982,0.7799164966983891,0.072976054732041,0.4193061840120664,0.412912912912913,0.0009041110461096,0.1108269226985656,0.2737588972487621,101800.0,60400.0,-0.0756385068762278,0.5579470198675496,20701684.0,1948028464400.0,21340092100.0,27252887595.0,0.0109547126697518,yfinance_download,237690.KQ
2024-05-27,92100.0,92100.0,87200.0,89500.0,88706.328125,402234.0,-0.0488841657810839,-0.3806228373702421,94060.0,85101.66666666667,74091.66666666667,0.645575370196873,0.7880481221160117,0.010158013544018,0.3540090771558244,0.4072327044025157,-0.04847969381246,0.0516832807818099,0.2079631087616691,101800.0,60400.0,-0.1208251473477406,0.4817880794701987,20701684.0,1852800718000.0,35999943000.0,28308959275.0,0.019430013519673,yfinance_download,237690.KQ
2024-05-28,92000.0,95900.0,90500.0,93300.0,92472.6328125,311461.0,0.0424581005586592,-0.3543252595155709,94405.0,85593.33333333333,74343.33333333333,0.6536095612762604,0.7867822216277409,0.0798611111111111,0.4623824451410658,0.4786053882725831,-0.011704888512261,0.0900381649661188,0.2549881181903781,101800.0,60400.0,-0.0834970530451866,0.544701986754967,20701684.0,1931467117200.0,29059311300.0,29420541160.0,0.0150452011536839,yfinance_download,237690.KQ
2024-05-29,93300.0,93300.0,89100.0,89500.0,88706.328125,170167.0,-0.0407288317256162,-0.3806228373702421,94595.0,86011.66666666667,74556.66666666667,0.672051457709436,0.7929469982165379,0.044340723453909,0.389751552795031,0.4006259780907668,-0.053861197737724,0.0405565136512489,0.2004292037376491,101800.0,60400.0,-0.1208251473477406,0.4817880794701987,20701684.0,1852800718000.0,15229946500.0,29866178280.0,0.0082199593037938,yfinance_download,237690.KQ
2024-05-30,88600.0,91400.0,88300.0,91200.0,90391.2578125,100276.0,0.0189944134078212,-0.3688581314878892,94710.0,86471.66666666667,74774.16666666667,0.6627149832984394,0.7923314442465187,0.0258717660292462,0.4339622641509433,0.400921658986175,-0.0370605004751346,0.0546807239365494,0.2196725696263191,101800.0,60400.0,-0.1041257367387032,0.509933774834437,20701684.0,1887993580800.0,9145171200.0,29884270840.0,0.0048438571470804,yfinance_download,237690.KQ
2024-05-31,91200.0,91400.0,88800.0,91000.0,90193.0234375,117899.0,-0.0021929824561403,-0.370242214532872,94590.0,86923.33333333333,75002.5,0.6374660795508551,0.7925498554174143,-0.025695931477516,0.4241001564945226,0.4308176100628931,-0.0379532720160693,0.046899566667945,0.2132928902369921,101800.0,60400.0,-0.106090373280943,0.5066225165562914,20701684.0,1883853244000.0,10728809000.0,26650839780.0,0.0056951405499185,yfinance_download,237690.KQ
2024-06-03,91800.0,93800.0,89800.0,90900.0,90093.9140625,135328.0,-0.001098901098901,-0.3709342560553633,94695.0,87338.33333333333,75230.83333333333,0.611032921378551,0.7908831121367552,0.0236486486486486,0.3772727272727272,0.431496062992126,-0.0400760335814984,0.0407801080090834,0.2082811790378502,101800.0,60400.0,-0.1070726915520628,0.5049668874172186,20701684.0,1881783075600.0,12301315200.0,25400741460.0,0.0065370527344538,yfinance_download,237690.KQ
2024-06-04,93000.0,97600.0,91300.0,96300.0,95446.03125,340388.0,0.0594059405940594,-0.3335640138408304,94685.0,87793.33333333333,75497.5,0.5668338776605161,0.7943272603660427,-0.0020725388601036,0.3956521739130434,0.4976671850699845,0.0170565559486719,0.0968942212772421,0.2755389251299711,101800.0,60400.0,-0.0540275049115913,0.5943708609271523,20701684.0,1993572169200.0,32779364400.0,24970175505.0,0.0164425270910327,yfinance_download,237690.KQ
2024-06-05,97800.0,97800.0,93800.0,94900.0,94058.4375,163984.0,-0.0145379023883697,-0.3432525951557094,94440.0,88228.33333333333,75767.5,0.554676854715012,0.795287779284762,-0.0490981963927855,0.3793604651162789,0.5184,0.0048708174502329,0.0756181876570263,0.2525159204144256,101800.0,60400.0,-0.0677799607072691,0.5711920529801324,20701684.0,1964589811600.0,15562081600.0,22947876615.0,0.0079212879493281,yfinance_download,237690.KQ
2024-06-07,95900.0,110800.0,93500.0,109600.0,108628.09375,1572665.0,0.1548998946259221,-0.241522491349481,95280.0,88763.33333333333,76154.16666666667,0.7339086147589596,0.8154875486630407,0.1810344827586207,0.4141935483870969,0.7341772151898733,0.1502938706968932,0.2347440760073604,0.4391858620123652,109600.0,60400.0,0.0,0.814569536423841,20701684.0,2268904566400.0,172364084000.0,29899239695.0,0.0759679743928078,yfinance_download,237690.KQ
2024-06-10,106400.0,111300.0,104000.0,104500.0,103573.3125,542999.0,-0.0465328467153284,-0.2768166089965398,95875.0,89225.0,76511.66666666667,0.7595657808579324,0.8222330114144976,0.1285097192224622,0.3606770833333332,0.6964285714285714,0.0899608865710561,0.1711964135612216,0.3658047792275687,109600.0,60400.0,-0.0465328467153284,0.7301324503311257,20701684.0,2163325978000.0,56743395500.0,31712336810.0,0.0262297018928508,yfinance_download,237690.KQ
2024-06-11,107300.0,112700.0,104300.0,104800.0,103870.65625,618415.0,0.0028708133971291,-0.2747404844290657,96555.0,89708.33333333333,76869.16666666667,0.7552590594897882,0.8212750465175798,0.1491228070175438,0.3825857519788918,0.6930533117932149,0.0853917456372015,0.1682303762192289,0.363355484969049,109600.0,60400.0,-0.0437956204379561,0.7350993377483444,20701684.0,2169536483200.0,64809892000.0,34424701330.0,0.0298726905501987,yfinance_download,237690.KQ
2024-06-12,104800.0,106700.0,91700.0,94300.0,93463.7578125,1056230.0,-0.1001908396946564,-0.3474048442906574,96710.0,90068.33333333333,77136.66666666667,0.847438143561828,0.8445972474407084,0.0339912280701755,0.2971114167812929,0.5160771704180065,-0.0249198635094612,0.0469828463573953,0.2225055097013957,109600.0,60400.0,-0.1395985401459853,0.5612582781456954,20701684.0,1952168801200.0,99602489000.0,38521626740.0,0.0510214531339576,yfinance_download,237690.KQ
2024-06-13,95900.0,97800.0,92800.0,94200.0,93364.65625,531512.0,-0.0010604453870625,-0.3480968858131488,96620.0,90413.33333333331,77410.0,0.8269035626311542,0.8446335221764815,-0.01875,0.2816326530612245,0.5342019543973942,-0.0250465742082384,0.0418817283586492,0.2168970417258753,109600.0,60400.0,-0.1405109489051095,0.5596026490066226,20701684.0,1950098632800.0,50068430400.0,39490368260.0,0.0256748194977761,yfinance_download,237690.KQ
2024-06-14,95200.0,95200.0,92800.0,92800.0,91977.0625,209505.0,-0.0148619957537154,-0.3577854671280277,96455.0,90666.66666666669,77660.0,0.8286402898840955,0.8390482227094073,-0.0343392299687824,0.1958762886597937,0.4777070063694266,-0.0378933181276243,0.0235294117647058,0.1949523564254442,109600.0,60400.0,-0.1532846715328467,0.5364238410596027,20701684.0,1921116275200.0,19442064000.0,39432279460.0,0.010120191188311,yfinance_download,237690.KQ
2024-06-17,93000.0,93700.0,91600.0,92400.0,91580.6171875,182337.0,-0.0043103448275861,-0.360553633217993,95985.0,90601.66666666669,77912.5,0.797944480038222,0.6787869542819426,-0.0923379174852652,-0.0404984423676012,0.4879227053140096,-0.0373495858727925,0.0198487886536302,0.1859457725012032,109600.0,60400.0,-0.156934306569343,0.5298013245033113,20701684.0,1912835601600.0,16847938800.0,37757554330.0,0.0088078341839243,yfinance_download,237690.KQ
2024-06-18,92800.0,93500.0,88700.0,92300.0,91481.5,359239.0,-0.0010822510822511,-0.3612456747404844,95600.0,90655.0,78161.66666666667,0.7962531337923466,0.6605817064890858,-0.0769999999999999,0.0359147025813693,0.4791666666666667,-0.0345188284518828,0.0181457172797969,0.1808857709448363,109600.0,60400.0,-0.1578467153284671,0.5281456953642385,20701684.0,1910765433200.0,33157759700.0,37061672315.0,0.0173531293396228,yfinance_download,237690.KQ
2024-06-19,91100.0,94200.0,91000.0,92300.0,91481.5,198913.0,0.0,-0.3612456747404844,95210.0,90731.66666666669,78407.5,0.7961970236338975,0.6596244295849134,-0.0779220779220779,0.0524515393386544,0.4697452229299363,-0.0305640163848335,0.0172854020095887,0.1771833051685107,109600.0,60400.0,-0.1578467153284671,0.5281456953642385,20701684.0,1910765433200.0,18359669900.0,36962244415.0,0.0096085419910766,yfinance_download,237690.KQ
2024-06-20,92500.0,96700.0,92300.0,92900.0,92076.1796875,348826.0,0.0065005417118093,-0.3570934256055363,94915.0,90715.0,78657.5,0.7959252740612104,0.6438723597767538,-0.0597165991902833,-0.0106496272630457,0.4769475357710651,-0.021229521150503,0.0240864245163423,0.1810698280519975,109600.0,60400.0,-0.1523722627737226,0.5380794701986755,20701684.0,1923186443600.0,32405935400.0,37827146025.0,0.0168501267819564,yfinance_download,237690.KQ
2024-06-21,93400.0,96400.0,92500.0,92800.0,91977.0625,217863.0,-0.0010764262648008,-0.3577854671280277,94680.0,90765.0,78926.66666666667,0.7948171990685027,0.6372431019611458,-0.0482051282051282,0.0334075723830735,0.5338842975206612,-0.0198563582594001,0.0224205365504324,0.1757749809950164,109600.0,60400.0,-0.1532846715328467,0.5364238410596027,20701684.0,1921116275200.0,20217686400.0,38308268970.0,0.010523926459316,yfinance_download,237690.KQ
2024-06-24,94900.0,95700.0,87300.0,87400.0,86624.953125,313664.0,-0.0581896551724138,-0.3951557093425605,94345.0,90686.66666666669,79135.0,0.8119983995156248,0.6466773011906563,-0.0712008501594049,-0.0510314875135722,0.4006410256410255,-0.073612804070168,-0.0362420054399765,0.1044417767106842,109600.0,60400.0,-0.2025547445255474,0.4470198675496688,20701684.0,1809327181600.0,27414233600.0,38611976045.0,0.0151516176171948,yfinance_download,237690.KQ
2024-06-25,88400.0,89000.0,85200.0,87100.0,86327.609375,174196.0,-0.0034324942791762,-0.3972318339100346,94225.0,90631.66666666669,79348.33333333333,0.7933626838958145,0.6455843203507987,-0.0268156424581005,-0.036504424778761,0.416260162601626,-0.0756168745025205,-0.0389672483863257,0.0976916129303284,109600.0,60400.0,-0.2052919708029197,0.4420529801324504,20701684.0,1803116676400.0,15172471600.0,37570602475.0,0.0084145811519487,yfinance_download,237690.KQ
2024-06-26,88000.0,88400.0,85600.0,86100.0,85336.484375,109258.0,-0.0114810562571756,-0.404152249134948,93865.0,90596.66666666669,79540.0,0.7778404689117997,0.6440345772285847,-0.0771704180064308,-0.0238095238095238,0.364500792393027,-0.0827251904330688,-0.0496339085323227,0.0824742268041236,109600.0,60400.0,-0.2144160583941605,0.4254966887417217,20701684.0,1782414992400.0,9407113800.0,36587992600.0,0.0052777348934511,yfinance_download,237690.KQ
2024-06-27,87300.0,88500.0,85600.0,86900.0,86129.3828125,126612.0,0.0092915214866433,-0.3986159169550173,93735.0,90538.33333333331,79699.16666666667,0.7657512882138355,0.6422831677814322,-0.0290502793296089,-0.038716814159292,0.2817109144542773,-0.0729183336000426,-0.0401855567623289,0.0903501709553633,109600.0,60400.0,-0.2071167883211678,0.4387417218543046,20701684.0,1798976339600.0,11002582800.0,36376624415.0,0.0061160241843127,yfinance_download,237690.KQ
2024-06-28,87500.0,87500.0,85000.0,85500.0,84741.8046875,136913.0,-0.0161104718066743,-0.4083044982698962,93450.0,90483.33333333331,79845.83333333333,0.764093307916093,0.6421029623669852,-0.0625,-0.0371621621621621,0.2592047128129602,-0.0850722311396469,-0.0550745993737336,0.0708135469394146,109600.0,60400.0,-0.2198905109489051,0.4155629139072847,20701684.0,1769993982000.0,11706061500.0,36504668930.0,0.0066136165540928,yfinance_download,237690.KQ
2024-07-01,85000.0,90100.0,84400.0,89800.0,89003.6640625,167973.0,0.0502923976608187,-0.3785467128027682,93390.0,90478.33333333331,80015.0,0.7864485813981823,0.6496488980299572,-0.0131868131868131,-0.0033296337402886,0.2920863309352517,-0.038440946568155,-0.0074971908560059,0.1222895707054927,109600.0,60400.0,-0.1806569343065693,0.4867549668874171,20701684.0,1859011223200.0,15083975400.0,36722427250.0,0.0081139775875237,yfinance_download,237690.KQ
2024-07-02,89600.0,89700.0,85500.0,87600.0,86823.1796875,170346.0,-0.0244988864142539,-0.3937716262975779,93225.0,90585.0,80195.83333333333,0.7914361728525692,0.6181085781302507,-0.0363036303630363,0.0788177339901476,0.3292867981790592,-0.0603378921962992,-0.0329524755754263,0.0923260767911882,109600.0,60400.0,-0.2007299270072993,0.4503311258278146,20701684.0,1813467518400.0,14922309600.0,36853476970.0,0.0082286059433619,yfinance_download,237690.KQ
2024-07-03,87700.0,87800.0,84300.0,85100.0,84345.3515625,157358.0,-0.0285388127853881,-0.4110726643598615,92665.0,90691.66666666669,80363.33333333333,0.7639324497530258,0.6176159981401425,-0.1163032191069574,0.0813214739517154,0.3092307692307692,-0.0816381589596935,-0.061655793439309,0.0589406445725664,109600.0,60400.0,-0.2235401459854015,0.4089403973509933,20701684.0,1761713308400.0,13391165800.0,35884067040.0,0.0076012173695627,yfinance_download,237690.KQ
2024-07-04,84500.0,86500.0,83500.0,83800.0,83056.875,119709.0,-0.0152761457109282,-0.4200692041522491,92110.0,90758.33333333331,80526.66666666667,0.764057869445069,0.6181092510805429,-0.1169652265542676,0.050125313283208,0.3052959501557633,-0.090218217348822,-0.0766688091084381,0.0406490603526781,109600.0,60400.0,-0.2354014598540146,0.3874172185430464,20701684.0,1734801119200.0,10031614200.0,35607543670.0,0.0057825730505788,yfinance_download,237690.KQ
2024-07-05,83600.0,92400.0,83000.0,92100.0,91283.2734375,560567.0,0.0990453460620524,-0.3626297577854671,91235.0,90963.33333333331,80739.16666666667,0.6212699797025082,0.6495791222827416,-0.1596715328467153,0.1541353383458645,0.3828828828828829,0.009481010577081,0.0124958774597823,0.1407103120129635,109600.0,60400.0,-0.1596715328467153,0.5248344370860927,20701684.0,1906625096400.0,51628220700.0,29570750505.0,0.0270783285069948,yfinance_download,237690.KQ
2024-07-08,92400.0,95100.0,90900.0,92200.0,91382.3828125,378715.0,0.001085776330076,-0.3619377162629758,90620.0,91183.33333333331,80965.0,0.6048048501941572,0.6490120342194313,-0.1177033492822966,0.1670886075949367,0.4162826420890937,0.0174354447141911,0.0111496984097971,0.1387636633113074,109600.0,60400.0,-0.1587591240875911,0.5264900662251655,20701684.0,1908695264800.0,34917523000.0,28479456880.0,0.0182939223688275,yfinance_download,237690.KQ
2024-07-09,90800.0,95800.0,90500.0,93300.0,92472.6328125,334401.0,0.0119305856832971,-0.3543252595155709,90045.0,91386.66666666669,81202.5,0.607327835386197,0.6474677339010849,-0.1097328244274808,0.1504315659679407,0.4398148148148149,0.0361485923704814,0.020936679311351,0.148979403343493,109600.0,60400.0,-0.1487226277372263,0.544701986754967,20701684.0,1931467117200.0,31199613300.0,26798942945.0,0.0161533235653679,yfinance_download,237690.KQ
2024-07-10,95400.0,98800.0,94600.0,96400.0,95545.140625,467317.0,0.0332261521972132,-0.3328719723183391,90150.0,91655.0,81480.83333333333,0.5065466836046408,0.6497899904388219,0.0222693531283137,0.2004981320049812,0.53015873015873,0.0693288962839711,0.051770225301402,0.1831003201161827,109600.0,60400.0,-0.1204379562043795,0.5960264900662251,20701684.0,1995642337600.0,45049358800.0,24071286435.0,0.0225738640392733,yfinance_download,237690.KQ
2024-07-11,97000.0,97000.0,92300.0,94400.0,93562.875,202681.0,-0.020746887966805,-0.3467128027681661,90160.0,91840.0,81753.33333333333,0.51268682727495,0.6479023631853553,0.0021231422505307,0.1332533013205281,0.5299837925445705,0.0470275066548357,0.0278745644599303,0.1546929788795563,109600.0,60400.0,-0.1386861313868613,0.5629139072847682,20701684.0,1954238969600.0,19133086400.0,22524519235.0,0.0097905561692469,yfinance_download,237690.KQ
2024-07-12,94400.0,97300.0,94200.0,94800.0,93959.3359375,230805.0,0.0042372881355932,-0.3439446366782007,90260.0,92046.66666666669,82025.83333333333,0.5095256441642764,0.6472777357019328,0.021551724137931,0.1504854368932038,0.5265700483091786,0.050299135829825,0.0299123632939812,0.1557334579553191,109600.0,60400.0,-0.1350364963503649,0.5695364238410596,20701684.0,1962519643200.0,21880314000.0,22646431735.0,0.0111490929916619,yfinance_download,237690.KQ
2024-07-15,94800.0,96000.0,93400.0,93900.0,93067.3125,180188.0,-0.009493670886076,-0.3501730103806229,90335.0,92245.0,82296.66666666667,0.5106464041301731,0.647592161880253,0.0162337662337661,0.1451219512195121,0.5293159609120521,0.0394642165273704,0.0179413518347877,0.1409939649236502,109600.0,60400.0,-0.1432481751824817,0.554635761589404,20701684.0,1943888127600.0,16919653200.0,22650017455.0,0.0087040262038585,yfinance_download,237690.KQ
2024-07-16,94500.0,94900.0,89800.0,92000.0,91184.15625,235157.0,-0.0202342917997869,-0.3633217993079585,90320.0,92430.0,82560.0,0.5163173875143096,0.6484834068947068,-0.0032502708559046,0.1372064276885043,0.5231788079470199,0.0186005314437556,-0.0046521692091312,0.1143410852713178,109600.0,60400.0,-0.1605839416058394,0.5231788079470199,20701684.0,1904554928000.0,21634444000.0,22073851670.0,0.0113593174352386,yfinance_download,237690.KQ
2024-07-17,92000.0,95300.0,91600.0,93100.0,92274.3984375,173922.0,0.0119565217391304,-0.3557093425605536,90360.0,92593.33333333331,82830.83333333333,0.5179588345141477,0.6463790131385457,0.0086673889490791,0.1176470588235294,0.5363036303630364,0.0303231518370961,0.0054719562243501,0.1239775848365645,109600.0,60400.0,-0.1505474452554744,0.5413907284768211,20701684.0,1927326780400.0,16192138200.0,21965475085.0,0.0084013455137272,yfinance_download,237690.KQ
2024-07-18,93500.0,98000.0,92000.0,96000.0,95148.6875,449579.0,0.0311493018259936,-0.3356401384083045,90515.0,92823.33333333331,83122.5,0.5287556698091694,0.6481206952391635,0.0333692142088266,0.167883211678832,0.5737704918032787,0.0605976909904435,0.0342227169892628,0.1549219525399259,109600.0,60400.0,-0.1240875912408758,0.5894039735099337,20701684.0,1987361664000.0,43159584000.0,22503157515.0,0.021717025532802,yfinance_download,237690.KQ
2024-07-19,95200.0,98900.0,90400.0,91000.0,90193.0234375,476262.0,-0.0520833333333333,-0.370242214532872,90425.0,92933.33333333331,83362.5,0.5627954150003363,0.6560707150353686,-0.0193965517241379,0.0781990521327014,0.4630225080385852,0.006358860934476,-0.0208034433285508,0.0916179337231968,109600.0,60400.0,-0.1697080291970802,0.5066225165562914,20701684.0,1883853244000.0,43339842000.0,23659265295.0,0.0230059544914317,yfinance_download,237690.KQ
2024-07-22,92000.0,92500.0,87400.0,89100.0,88309.8828125,223641.0,-0.0208791208791209,-0.3833910034602076,90510.0,92956.66666666669,83595.83333333333,0.5263814066890095,0.6531226264471319,0.0194508009153318,0.015963511972634,0.4582651391162029,-0.0155783891282731,-0.041488865779754,0.0658425958231572,109600.0,60400.0,-0.1870437956204379,0.4751655629139073,20701684.0,1844520044400.0,19926413100.0,23284874270.0,0.0108030341879433,yfinance_download,237690.KQ
2024-07-23,89200.0,92400.0,88200.0,88500.0,87715.203125,250245.0,-0.0067340067340067,-0.3875432525951557,90580.0,92955.0,83823.33333333333,0.5269195807625096,0.653030543690863,0.0160734787600458,-0.0011286681715575,0.446078431372549,-0.0229631265179951,-0.0479264160077457,0.055791943372967,109600.0,60400.0,-0.1925182481751824,0.4652317880794703,20701684.0,1832099034000.0,22146682500.0,23633584815.0,0.0120881470319032,yfinance_download,237690.KQ
2024-07-24,89000.0,93100.0,88700.0,91700.0,90886.8203125,227460.0,0.0361581920903955,-0.3653979238754326,90860.0,93043.33333333331,84075.0,0.5385906105623495,0.6547680081692779,0.0650406504065039,0.0613425925925925,0.4910569105691056,0.0092449922958397,-0.0144377171927058,0.0906928337793637,109600.0,60400.0,-0.1633211678832117,0.5182119205298013,20701684.0,1898344422800.0,20858082000.0,24206133225.0,0.0109875119338117,yfinance_download,237690.KQ
2024-07-25,91100.0,93200.0,86000.0,89000.0,88210.765625,362171.0,-0.0294438386041439,-0.3840830449826989,90965.0,93098.33333333331,84293.33333333333,0.5506618587749923,0.6576026976544836,0.0241657077100114,0.0385064177362894,0.4171974522292994,-0.0216017149453086,-0.044021554270574,0.0558367605188232,109600.0,60400.0,-0.187956204379562,0.4735099337748345,20701684.0,1842449876000.0,32233219000.0,25267665035.0,0.0174947603296427,yfinance_download,237690.KQ
2024-07-26,90100.0,95300.0,90000.0,93900.0,93067.3125,481184.0,0.0550561797752808,-0.3501730103806229,91385.0,93181.66666666669,84549.16666666667,0.5773411719478371,0.6627144624831116,0.0982456140350878,0.0562429696287964,0.485759493670886,0.0275209279422223,0.0077089556243179,0.1105963985452251,109600.0,60400.0,-0.1432481751824817,0.554635761589404,20701684.0,1943888127600.0,45183177600.0,26941520840.0,0.023243712926929,yfinance_download,237690.KQ
2024-07-29,95200.0,97000.0,92500.0,93300.0,92472.6328125,310554.0,-0.0063897763578274,-0.3543252595155709,91560.0,93180.0,84810.83333333333,0.553327646233332,0.6550129367854223,0.0389755011135857,-0.0010706638115631,0.507269789983845,0.0190039318479684,0.0012878300064391,0.1000953101510224,109600.0,60400.0,-0.1487226277372263,0.544701986754967,20701684.0,1931467117200.0,28974688200.0,27636056480.0,0.0150013882928557,yfinance_download,237690.KQ
2024-07-30,93500.0,94800.0,92200.0,94300.0,93463.7578125,273509.0,0.0107181136120042,-0.3474048442906574,91895.0,93271.66666666669,85068.33333333333,0.5446088861373481,0.646920807222654,0.07648401826484,0.0619369369369369,0.4873817034700316,0.0261711736220686,0.0110251416114217,0.108520601085402,109600.0,60400.0,-0.1395985401459853,0.5612582781456954,20701684.0,1952168801200.0,25791898700.0,28179535935.0,0.0132119203442579,yfinance_download,237690.KQ
2024-07-31,94400.0,94600.0,87900.0,89200.0,88408.984375,357356.0,-0.0540827147401908,-0.3826989619377162,92100.0,93150.0,85301.66666666667,0.5718642886754179,0.632169219141673,0.0481786133960047,-0.0756476683937823,0.457516339869281,-0.0314875135722041,-0.0424047235641438,0.0457005529395673,109600.0,60400.0,-0.1861313868613139,0.4768211920529801,20701684.0,1846590212800.0,31876155200.0,29103785405.0,0.0172621705557866,yfinance_download,237690.KQ
2024-08-01,90000.0,90900.0,88100.0,88400.0,87616.0859375,154670.0,-0.0089686098654708,-0.388235294117647,92330.0,92960.0,85517.5,0.5696304637791115,0.6282135513765066,0.0548926014319808,-0.1142284569138276,0.4144000000000001,-0.0425647135275641,-0.0490533562822719,0.0337065512906715,109600.0,60400.0,-0.1934306569343066,0.4635761589403973,20701684.0,1830028865600.0,13672828000.0,29285846095.0,0.0074713728602948,yfinance_download,237690.KQ
2024-08-02,87400.0,88400.0,84000.0,84300.0,83552.4453125,247797.0,-0.0463800904977375,-0.4166089965397924,91940.0,92818.33333333331,85705.83333333333,0.4706466753781773,0.6189056176520294,-0.0846905537459283,-0.0915948275862068,0.366288492706645,-0.0830976723950402,-0.0917742543678511,-0.0164030064075761,109600.0,60400.0,-0.2308394160583942,0.3956953642384107,20701684.0,1745151961200.0,20889287100.0,27748899415.0,0.0119698957823914,yfinance_download,237690.KQ
2024-08-05,81500.0,82800.0,72000.0,74200.0,73542.0078125,376385.0,-0.1198102016607354,-0.4865051903114187,91040.0,92511.66666666669,85800.0,0.6239961972996682,0.6651877039748347,-0.1952277657266811,-0.1987041036717062,0.1796502384737679,-0.1849736379613357,-0.1979389986848506,-0.1351981351981351,109600.0,60400.0,-0.322992700729927,0.2284768211920529,20701684.0,1536064952800.0,27927767000.0,27399411615.0,0.0181813711386957,yfinance_download,237690.KQ
2024-08-06,77000.0,83600.0,76200.0,82700.0,81966.6328125,230716.0,0.11455525606469,-0.427681660899654,90510.0,92370.0,85971.66666666667,0.7628130055689643,0.7067447767908122,-0.1136120042872455,-0.0932017543859649,0.3317230273752012,-0.086288807866534,-0.1046876691566526,-0.038055173215982,109600.0,60400.0,-0.2454379562043795,0.369205298013245,20701684.0,1712029266800.0,19080213200.0,26793441610.0,0.0111447938245023,yfinance_download,237690.KQ
2024-08-07,82700.0,89500.0,82100.0,88900.0,88111.6484375,278173.0,0.0749697702539298,-0.3847750865051903,90135.0,92331.66666666669,86186.66666666667,0.8037831204535327,0.7235491303294314,-0.0778008298755186,-0.025219298245614,0.4088748019017432,-0.0137016697176457,-0.0371667358616581,0.0314820544554454,109600.0,60400.0,-0.188868613138686,0.4718543046357615,20701684.0,1840379707600.0,24729579700.0,25777452655.0,0.0134372160255175,yfinance_download,237690.KQ
2024-08-08,87500.0,89600.0,87100.0,88700.0,87913.421875,128804.0,-0.0022497187851518,-0.386159169550173,89850.0,92210.0,86406.66666666667,0.8009890282745659,0.7153814339805454,-0.0603813559322033,-0.0760416666666666,0.4237560192616372,-0.0127991096271563,-0.0380652857607635,0.0265411619473805,109600.0,60400.0,-0.1906934306569343,0.4685430463576159,20701684.0,1836239370800.0,11424914800.0,25392044075.0,0.0062219092900848,yfinance_download,237690.KQ
2024-08-09,90400.0,90900.0,88700.0,90700.0,89895.6875,160518.0,0.0225479143179256,-0.372318339100346,89645.0,92120.0,86643.33333333333,0.8054735613246435,0.7169143316740629,-0.0432489451476792,-0.0561914672216441,0.4558587479935794,0.0117686429806458,-0.0154146765089013,0.0468202977724772,109600.0,60400.0,-0.1724452554744525,0.5016556291390728,20701684.0,1877642738800.0,14558982600.0,25025977505.0,0.0077538619563509,yfinance_download,237690.KQ
2024-08-12,91300.0,91500.0,88500.0,91100.0,90292.140625,130960.0,0.0044101433296581,-0.3695501730103806,89505.0,91941.66666666669,86880.83333333333,0.8050367426377066,0.7062713230588459,-0.0298189563365282,-0.1051080550098232,0.4552715654952077,0.017820233506508,-0.0091543551164687,0.0485626864383208,109600.0,60400.0,-0.1687956204379561,0.5082781456953642,20701684.0,1885923412400.0,11930456000.0,24776517645.0,0.0063260554068934,yfinance_download,237690.KQ
2024-08-13,91100.0,91200.0,87800.0,89200.0,88408.984375,121739.0,-0.0208562019758506,-0.3826989619377162,89365.0,91761.66666666669,87097.5,0.8052441277081843,0.706623522380232,-0.0304347826086957,-0.1079999999999999,0.4113924050632911,-0.0018463604319364,-0.0279165228762918,0.0241396136513676,109600.0,60400.0,-0.1861313868613139,0.4768211920529801,20701684.0,1846590212800.0,10859118800.0,24237751385.0,0.0058806327060156,yfinance_download,237690.KQ
2024-08-14,89400.0,90000.0,88200.0,89200.0,88408.984375,69835.0,0.0,-0.3826989619377162,89170.0,91580.0,87316.66666666667,0.8039442912838815,0.7066147382095173,-0.0418904403866809,-0.1088911088911088,0.4181240063593006,0.0003364360210833,-0.025988207032103,0.0215690017178851,109600.0,60400.0,-0.1861313868613139,0.4768211920529801,20701684.0,1846590212800.0,6229282000.0,23739608575.0,0.0033733970627703,yfinance_download,237690.KQ
2024-08-16,90700.0,96400.0,90700.0,95000.0,94157.5546875,581128.0,0.0650224215246637,-0.342560553633218,89120.0,91516.66666666669,87584.16666666667,0.8304184457520423,0.7189226592640919,-0.0104166666666666,-0.0384615384615384,0.5103338632750398,0.0659784560143625,0.0380622837370241,0.0846709355762551,109600.0,60400.0,-0.1332116788321168,0.5728476821192052,20701684.0,1966659980000.0,55207160000.0,24341987375.0,0.0280715327313468,yfinance_download,237690.KQ
2024-08-19,96900.0,102500.0,95500.0,100300.0,99410.5625,625034.0,0.0557894736842106,-0.3058823529411765,89585.0,91563.33333333331,87905.83333333333,0.827619571462286,0.7272320263621195,0.1021978021978022,0.0287179487179487,0.6256077795786061,0.1196070770776358,0.0954166514980523,0.1409936769459745,109600.0,60400.0,-0.0848540145985401,0.6605960264900663,20701684.0,2076378905200.0,62690910200.0,25309540785.0,0.0301924229932212,yfinance_download,237690.KQ
2024-08-20,97700.0,100700.0,95200.0,98500.0,97626.515625,1381469.0,-0.0179461615154535,-0.3183391003460207,90055.0,91636.66666666669,88174.16666666667,0.8264127154955541,0.7244394956403405,0.1054994388327721,0.0467587672688629,0.4856711915535445,0.0937760257620343,0.0748972390964315,0.1171072404048805,109600.0,60400.0,-0.1012773722627736,0.630794701986755,20701684.0,2039115874000.0,136074696500.0,31116954955.0,0.0667322040081377,yfinance_download,237690.KQ
2024-08-21,98900.0,105500.0,95800.0,104900.0,103969.765625,2111105.0,0.0649746192893401,-0.2740484429065744,90875.0,91893.33333333331,88497.5,0.8502476779092757,0.7280064331356281,0.1853107344632767,0.1720670391061451,0.5869894099848714,0.1543328748280605,0.1415409170052235,0.1853442187632419,109600.0,60400.0,-0.0428832116788321,0.7367549668874172,20701684.0,2171606651600.0,221454914500.0,41082366555.0,0.1019774526555424,yfinance_download,237690.KQ
2024-08-22,106500.0,109300.0,101700.0,102500.0,101591.046875,1015378.0,-0.0228789323164918,-0.2906574394463668,91415.0,92046.66666666669,88820.0,0.8518928755074476,0.7254464196646564,0.1177753544165758,0.0986066452304395,0.6065830721003134,0.1212601870590166,0.1135655826754544,0.1540193650078811,109600.0,60400.0,-0.0647810218978102,0.6970198675496688,20701684.0,2121922610000.0,104076245000.0,45243274705.0,0.0490480871024791,yfinance_download,237690.KQ
2024-08-23,101000.0,108700.0,100300.0,108100.0,107141.390625,834219.0,0.0546341463414634,-0.2519031141868512,92370.0,92356.66666666669,89184.16666666667,0.8565159706594713,0.7274533921863602,0.2146067415730337,0.2078212290502792,0.6785714285714286,0.1702933852982571,0.1704623380373189,0.2120985600956821,109600.0,60400.0,-0.0136861313868613,0.7897350993377483,20701684.0,2237852040400.0,90179073900.0,48140567450.0,0.0402971565018575,yfinance_download,237690.KQ
2024-08-26,111200.0,119800.0,109600.0,114500.0,113484.6328125,1539442.0,0.0592044403330249,-0.2076124567474048,93400.0,92745.0,89608.33333333333,0.8594574711393482,0.7355759270243037,0.2193823216187433,0.2554824561403508,0.800314465408805,0.2259100642398286,0.2345679012345678,0.2777829442946156,114500.0,60400.0,0.0,0.8956953642384107,20701684.0,2370342818000.0,176266109000.0,54694714020.0,0.0743631291058254,yfinance_download,237690.KQ
2024-08-27,113400.0,117700.0,112700.0,113500.0,112493.5078125,544922.0,-0.0087336244541484,-0.2145328719723183,94410.0,93120.0,90021.66666666667,0.8601395999736117,0.73596498710626,0.2165058949624865,0.2472527472527472,0.7762128325508608,0.2022031564452917,0.2188573883161513,0.2608075833595615,114500.0,60400.0,-0.0087336244541484,0.8791390728476822,20701684.0,2349641134000.0,61848647000.0,56338411960.0,0.0263225928866463,yfinance_download,237690.KQ
2024-08-28,115000.0,119100.0,113600.0,115400.0,114376.6484375,676163.0,0.0167400881057269,-0.2013840830449826,95465.0,93528.33333333331,90433.33333333331,0.8603561673720526,0.7362695993175233,0.2237539766702014,0.2695269526952695,0.7484848484848485,0.2088199863824438,0.2338507047775184,0.2760781422779212,115400.0,60400.0,0.0,0.9105960264900664,20701684.0,2388974333600.0,78029210200.0,58950277535.0,0.0326622220685041,yfinance_download,237690.KQ
2024-08-29,117300.0,120800.0,109900.0,112700.0,111700.59375,877563.0,-0.0233968804159445,-0.2200692041522491,96640.0,93801.66666666669,90797.5,0.8358562405852219,0.7296745563920934,0.2634529147982063,0.170301142263759,0.6333333333333333,0.166183774834437,0.201471189211279,0.24122360197142,115400.0,60400.0,-0.0233968804159445,0.8658940397350994,20701684.0,2333079786800.0,98901350100.0,62301537280.0,0.042390899213803,yfinance_download,237690.KQ
2024-08-30,114300.0,117300.0,110500.0,115000.0,113980.203125,539011.0,0.0204081632653061,-0.2041522491349481,97970.0,94136.66666666669,91182.5,0.8320737697279919,0.7294694799043654,0.3009049773755656,0.2118018967334036,0.6715116279069768,0.1738287230784934,0.221628129315534,0.261206920187536,115400.0,60400.0,-0.0034662045060658,0.9039735099337748,20701684.0,2380693660000.0,61986265000.0,64717209130.0,0.0260370605599042,yfinance_download,237690.KQ
2024-09-02,116100.0,117200.0,108100.0,110600.0,109619.21875,496189.0,-0.0382608695652173,-0.2346020761245675,99285.0,94153.33333333331,91458.33333333331,0.8246542457261418,0.6634886050074854,0.3119810201660735,0.0091240875912408,0.4270967741935483,0.113964848667976,0.1746796006514197,0.2092938496583143,115400.0,60400.0,-0.0415944540727902,0.8311258278145695,20701684.0,2289606250400.0,54878503400.0,66416669945.0,0.023968533187928,yfinance_download,237690.KQ
2024-09-03,109000.0,111400.0,105300.0,105500.0,104564.4453125,556619.0,-0.0461121157323689,-0.2698961937716263,100850.0,94170.0,91697.5,0.696441185670489,0.6633603874825731,0.4218328840970351,0.0095693779904306,0.3736979166666667,0.0461080813088745,0.1203143251566316,0.1505220971127894,115400.0,60400.0,-0.08578856152513,0.7466887417218544,20701684.0,2184027662000.0,58723304500.0,67956446820.0,0.0268876193840076,yfinance_download,237690.KQ
2024-09-04,101100.0,107200.0,99900.0,106700.0,105753.8046875,727604.0,0.0113744075829382,-0.2615916955017301,102050.0,94201.66666666669,91955.0,0.5972066206504307,0.6636907534464126,0.2902055622732769,0.0181297709923664,0.4076517150395777,0.0455658990690837,0.1326763503830434,0.1603501712794302,115400.0,60400.0,-0.0753899480069324,0.7665562913907285,20701684.0,2208869682800.0,77635346800.0,70884203500.0,0.03514709238147,yfinance_download,237690.KQ
2024-09-05,107700.0,107700.0,97500.0,99400.0,98518.5390625,827773.0,-0.0684161199625117,-0.3121107266435986,102575.0,94286.66666666669,92177.5,0.6179297100262942,0.6459230374732616,0.1181102362204724,0.0540827147401907,0.3672627235213204,-0.0309529612478673,0.0542317754366117,0.078354262157251,115400.0,60400.0,-0.1386481802426343,0.6456953642384107,20701684.0,2057747389600.0,82280636200.0,73761756325.0,0.0399857808669091,yfinance_download,237690.KQ
2024-09-06,99000.0,101900.0,95900.0,99900.0,99014.109375,611211.0,0.0050301810865192,-0.3086505190311418,103135.0,94381.66666666669,92397.5,0.6171315880876648,0.6459329611239546,0.1262683201803833,0.0605095541401274,0.3591836734693878,-0.0313666553546322,0.0584682759716752,0.0811980843637545,115400.0,60400.0,-0.1343154246100519,0.6539735099337749,20701684.0,2068098231600.0,61059978900.0,76243509530.0,0.0295246995365207,yfinance_download,237690.KQ
2024-09-09,98400.0,103700.0,97500.0,100300.0,99410.5625,565803.0,0.0040040040040039,-0.3058823529411765,103615.0,94506.66666666669,92586.66666666669,0.6143103394288296,0.6450122188603395,0.1058434399117971,0.0808189655172413,0.2925257731958763,-0.0319934372436423,0.06130079006772,0.0833093317972348,115400.0,60400.0,-0.1308492201039861,0.6605960264900663,20701684.0,2076378905200.0,56750040900.0,78353062445.0,0.027331254790673,yfinance_download,237690.KQ
2024-09-10,102800.0,105400.0,97500.0,99500.0,98617.6484375,996457.0,-0.0079760717846461,-0.3114186851211072,104035.0,94625.0,92613.33333333331,0.616238868745931,0.6452116305562512,0.0922063666300767,0.0768398268398269,0.0332294911734163,-0.0435910991493248,0.0515191545574635,0.0743593435070544,115400.0,60400.0,-0.1377816291161178,0.6473509933774835,20701684.0,2059817558000.0,99147471500.0,82713913220.0,0.0481341034864603,yfinance_download,237690.KQ
2024-09-11,101400.0,103600.0,96800.0,96800.0,95941.59375,522951.0,-0.0271356783919598,-0.3301038062283736,104415.0,94700.0,92677.5,0.620141744351453,0.6479539955626255,0.0852017937219731,0.0487540628385698,0.0864197530864196,-0.0729301345592108,0.0221752903907075,0.0444822098136008,115400.0,60400.0,-0.1611785095320623,0.6026490066225165,20701684.0,2003923011200.0,50621656800.0,84702040120.0,0.0252612782612274,yfinance_download,237690.KQ
2024-09-12,98700.0,100100.0,97700.0,98900.0,98022.96875,296471.0,0.021694214876033,-0.3155709342560553,104900.0,94810.0,92770.83333333331,0.6226830847544002,0.6492480321836768,0.108744394618834,0.0715059588299025,0.1277080957810719,-0.0571973307912297,0.0431389093977427,0.0660678194475634,115400.0,60400.0,-0.1429809358752166,0.6374172185430464,20701684.0,2047396547600.0,29320981900.0,85856625115.0,0.0143211054714196,yfinance_download,237690.KQ
2024-09-13,100500.0,102500.0,99200.0,101800.0,100897.2578125,328511.0,0.0293225480283114,-0.2955017301038062,105240.0,94958.33333333331,92836.66666666669,0.5897503750300451,0.6516086387858977,0.0715789473684209,0.0958019375672767,0.0841320553780617,-0.03268719118206,0.072049144361562,0.0965494955297834,115400.0,60400.0,-0.1178509532062391,0.685430463576159,20701684.0,2107431431200.0,33442419800.0,84768388105.0,0.0158688056488544,yfinance_download,237690.KQ
2024-09-19,103900.0,110300.0,102900.0,109500.0,108528.9765625,754063.0,0.0756385068762279,-0.2422145328719723,105700.0,95236.66666666669,93000.83333333331,0.6164226760341723,0.6686299189927152,0.0917248255234297,0.1799568965517242,0.2193763919821827,0.0359508041627247,0.1497672465086976,0.1774088045806041,115400.0,60400.0,-0.0511265164644714,0.8129139072847682,20701684.0,2266834398000.0,82569898500.0,85762337520.0,0.0364252009643273,yfinance_download,237690.KQ
2024-09-20,108500.0,117400.0,107200.0,117000.0,115962.46875,882974.0,0.0684931506849315,-0.1903114186851211,106625.0,95730.0,93208.33333333331,0.6490444831523102,0.6690078948150171,0.1878172588832487,0.3386727688787185,0.270358306188925,0.0973036342321218,0.2221874020683172,0.2552525704067949,117000.0,60400.0,0.0,0.9370860927152318,20701684.0,2422097028000.0,103307958000.0,84124000595.0,0.0426522789160534,yfinance_download,237690.KQ
2024-09-23,115000.0,117600.0,111500.0,112600.0,111601.484375,583472.0,-0.0376068376068375,-0.2207612456747405,107010.0,96155.0,93393.33333333331,0.6345913456390768,0.6746513750532855,0.0734032411820782,0.2927669345579793,0.2455752212389381,0.0522381085879823,0.1710259476886277,0.205653508458848,117000.0,60400.0,-0.0376068376068375,0.8642384105960266,20701684.0,2331009618400.0,65698947200.0,76336202230.0,0.0281847602349644,yfinance_download,237690.KQ
2024-09-24,112700.0,113500.0,106100.0,108700.0,107736.0703125,624539.0,-0.0346358792184724,-0.2477508650519031,107320.0,96531.66666666669,93564.16666666669,0.6425920091287765,0.6787488138976272,0.0604878048780488,0.2624854819976772,0.2324263038548752,0.0128587402161759,0.1260553531656278,0.1617695520899205,117000.0,60400.0,-0.0709401709401709,0.7996688741721854,20701684.0,2250273050800.0,67887389300.0,74526759445.0,0.0301685118949743,yfinance_download,237690.KQ
2024-09-25,107700.0,109300.0,101300.0,103300.0,102383.9609375,542699.0,-0.0496780128794848,-0.285121107266436,107080.0,96805.0,93671.66666666669,0.6396304288165421,0.6877752659818019,-0.0444033302497687,0.1887226697353279,0.1426991150442478,-0.0353007097497198,0.067093641857342,0.1027881073964023,117000.0,60400.0,-0.1170940170940171,0.7102649006622517,20701684.0,2138483957200.0,56060806700.0,72820846085.0,0.0262152103181557,yfinance_download,237690.KQ
2024-09-26,105800.0,106400.0,103500.0,104000.0,103077.7421875,330093.0,0.0067763794772506,-0.2802768166089965,106555.0,97113.33333333331,93798.33333333331,0.5994453256079709,0.6865433542232842,-0.0917030567685589,0.2163742690058478,0.1711711711711712,-0.0239782272066069,0.0709137090684424,0.1087617050764939,117000.0,60400.0,-0.1111111111111111,0.7218543046357615,20701684.0,2152975136000.0,34329672000.0,65724024235.0,0.0159452245527465,yfinance_download,237690.KQ
2024-09-27,103200.0,103200.0,99500.0,100100.0,99212.328125,391979.0,-0.0374999999999999,-0.3072664359861592,105885.0,97285.0,93881.66666666669,0.6109656826602916,0.6849332699928162,-0.1180616740088106,0.1146993318485523,0.1109877913429522,-0.05463474524248,0.0289356015829778,0.0662358642972535,117000.0,60400.0,-0.1444444444444445,0.6572847682119205,20701684.0,2072238568400.0,39237097900.0,64593446780.0,0.0189346431913461,yfinance_download,237690.KQ
2024-09-30,99900.0,102600.0,99800.0,100700.0,99807.0078125,225704.0,0.005994005994006,-0.303114186851211,105150.0,97503.33333333331,94044.16666666669,0.6069405558430228,0.6826043879380146,-0.1273830155979203,0.1495433789954336,0.2401477832512315,-0.0423204945316214,0.0327852039246521,0.0707734840899221,117000.0,60400.0,-0.1393162393162392,0.6672185430463575,20701684.0,2084659578800.0,22728392800.0,61828405910.0,0.0109026879165965,yfinance_download,237690.KQ
2024-10-02,98600.0,101500.0,97600.0,100500.0,99608.78125,187917.0,-0.0019860973187686,-0.3044982698961938,104540.0,97760.0,94225.83333333331,0.6035964845179014,0.6794883448482882,-0.1082519964507542,0.1809635722679201,0.2770012706480305,-0.0386454945475416,0.0280278232405892,0.0665864810605725,117000.0,60400.0,-0.141025641025641,0.6639072847682119,20701684.0,2080519242000.0,18885658500.0,57827621330.0,0.0090773774732529,yfinance_download,237690.KQ
2024-10-04,101000.0,107700.0,100800.0,106500.0,105555.578125,378642.0,0.0597014925373133,-0.2629757785467128,104115.0,98138.33333333331,94448.33333333331,0.6405432175779014,0.6878807851802549,-0.0739130434782608,0.2708830548926013,0.3345864661654134,0.0229073620515776,0.0852028599086325,0.1276006282094266,117000.0,60400.0,-0.0897435897435897,0.7632450331125828,20701684.0,2204729346000.0,40325373000.0,56744576730.0,0.0182903960856517,yfinance_download,237690.KQ
2024-10-07,107000.0,107500.0,104700.0,107200.0,106249.375,193590.0,0.0065727699530515,-0.2581314878892733,103945.0,98390.0,94676.66666666669,0.6275058657307304,0.6593500040578657,-0.0307414104882459,0.1639522258414767,0.3433583959899748,0.0313146375487036,0.0895416200833418,0.1322747597084814,117000.0,60400.0,-0.0837606837606838,0.7748344370860927,20701684.0,2219220524800.0,20752848000.0,55038293960.0,0.0093514131507369,yfinance_download,237690.KQ
2024-10-08,106800.0,110400.0,105500.0,107500.0,106546.7109375,344840.0,0.0027985074626866,-0.2560553633217993,104045.0,98645.0,94914.16666666669,0.6042731532246935,0.659333899987787,0.0189573459715639,0.1659436008676789,0.360759493670886,0.0332067855254938,0.0897663338233059,0.1326022634485544,117000.0,60400.0,-0.0811965811965812,0.7798013245033113,20701684.0,2225431030000.0,37070300000.0,53955643735.0,0.0166575820595078,yfinance_download,237690.KQ
2024-10-10,109500.0,110600.0,105600.0,106100.0,105159.125,321352.0,-0.0130232558139534,-0.2657439446366781,104015.0,98858.33333333331,95122.5,0.6052564769821204,0.6599392138833792,-0.0056232427366448,0.137191854233655,0.3082614056720099,0.020045185790511,0.0732529714237546,0.11540382138821,117000.0,60400.0,-0.0931623931623931,0.7566225165562914,20701684.0,2196448672400.0,34095447200.0,51778648755.0,0.0155229883713808,yfinance_download,237690.KQ
2024-10-11,106100.0,109900.0,105000.0,108800.0,107835.1796875,386127.0,0.0254476908576815,-0.2470588235294117,104485.0,99065.0,95360.0,0.5531687001433205,0.6586083281633813,0.0945674044265594,0.1286307053941908,0.3549190535491906,0.041297793941714,0.09826881340534,0.1409395973154361,117000.0,60400.0,-0.07008547008547,0.8013245033112584,20701684.0,2252343219200.0,42010617600.0,49765147825.0,0.018651960874294,yfinance_download,237690.KQ
2024-10-14,110100.0,113500.0,106300.0,108500.0,107537.8359375,355180.0,-0.0027573529411765,-0.2491349480968858,104915.0,99300.0,95570.0,0.5538713415472283,0.6568835806049175,0.0860860860860861,0.1493644067796611,0.3025210084033614,0.0341705189915646,0.0926485397784491,0.1352935021450245,117000.0,60400.0,-0.0726495726495726,0.7963576158940397,20701684.0,2246132714000.0,38537030000.0,48639000380.0,0.0171570583339983,yfinance_download,237690.KQ
2024-10-15,108000.0,109900.0,106200.0,109100.0,108132.515625,357561.0,0.0055299539170508,-0.2449826989619377,105355.0,99538.33333333331,95792.5,0.5538721317775115,0.6568979589577864,0.0877367896311067,0.15084388185654,0.3240291262135921,0.0355464856912344,0.096060144333004,0.1389200615914607,117000.0,60400.0,-0.0675213675213675,0.8062913907284768,20701684.0,2258553724400.0,39009905100.0,47751993590.0,0.0172720731318283,yfinance_download,237690.KQ
2024-10-16,108200.0,110900.0,105600.0,105600.0,104663.5625,318155.0,-0.0320806599450045,-0.2692041522491349,105660.0,99733.33333333331,95989.16666666669,0.5676740948117222,0.6603814873502638,0.0613065326633166,0.1246006389776357,0.2878048780487805,-0.0005678591709256,0.0588235294117647,0.1001241459539703,117000.0,60400.0,-0.0974358974358974,0.7483443708609272,20701684.0,2186097830400.0,33597168000.0,44474478415.0,0.0153685564903802,yfinance_download,237690.KQ
2024-10-17,106000.0,106300.0,100600.0,103800.0,102879.5234375,339903.0,-0.0170454545454545,-0.2816608996539792,106010.0,99930.0,96180.0,0.5615299898034397,0.6599384514829812,0.0723140495867769,0.1282608695652174,0.2830655129789863,-0.0208470898971795,0.0387271089762835,0.0792264504054898,117000.0,60400.0,-0.1128205128205128,0.7185430463576159,20701684.0,2148834799200.0,35281931400.0,43707492145.0,0.0164190990452757,yfinance_download,237690.KQ
2024-10-18,103800.0,111000.0,103400.0,110000.0,109024.5390625,587225.0,0.0597302504816956,-0.2387543252595155,106565.0,100211.66666666669,96402.5,0.5927174798649534,0.669937812211324,0.1122345803842264,0.1815252416756176,0.3205282112845138,0.0322338478862667,0.0976765845626757,0.1410492466481678,117000.0,60400.0,-0.0598290598290598,0.8211920529801324,20701684.0,2277185240000.0,64594750000.0,45471180550.0,0.0283660498343999,yfinance_download,237690.KQ
2024-10-21,110200.0,112500.0,108300.0,109500.0,108528.9765625,309234.0,-0.0045454545454545,-0.2422145328719723,106950.0,100436.66666666669,96630.0,0.5871967855772572,0.6676712919023319,0.0756385068762279,0.140625,0.332116788321168,0.0238429172510519,0.0902392884404765,0.1331884507916796,117000.0,60400.0,-0.0641025641025641,0.8129139072847682,20701684.0,2266834398000.0,33861123000.0,45492115710.0,0.0149376253641974,yfinance_download,237690.KQ
2024-10-22,109900.0,110000.0,102600.0,102600.0,101690.1640625,376098.0,-0.0630136986301369,-0.2899653979238754,106605.0,100630.0,96781.66666666669,0.5697519842095569,0.6718896517710923,-0.0630136986301369,0.1274725274725274,0.2156398104265402,-0.0375685943436049,0.0195766669979131,0.0601181353217723,117000.0,60400.0,-0.123076923076923,0.6986754966887416,20701684.0,2123992778400.0,38587654800.0,43293003525.0,0.0181675075322374,yfinance_download,237690.KQ
2024-10-23,101900.0,104600.0,98000.0,99200.0,98320.3125,407787.0,-0.0331384015594542,-0.3134948096885813,105715.0,100798.33333333331,96877.5,0.5128254240138033,0.6742069493027985,-0.1521367521367521,0.1133557800224467,0.1311288483466361,-0.0616279619732299,-0.0158567436630896,0.023973574875487,117000.0,60400.0,-0.1521367521367521,0.6423841059602649,20701684.0,2053607052800.0,40452470400.0,40150229145.0,0.019698252567279,yfinance_download,237690.KQ
2024-10-24,98300.0,101900.0,97700.0,99000.0,98122.0859375,212711.0,-0.0020161290322581,-0.314878892733564,105035.0,100973.33333333331,96964.16666666669,0.5007367334199979,0.6739950188892617,-0.1207815275310835,0.11864406779661,0.1173814898419864,-0.0574570381301471,-0.0195431136933843,0.0209957286626503,117000.0,60400.0,-0.1538461538461538,0.6390728476821192,20701684.0,2049466716000.0,21058389000.0,37918201235.0,0.0102750578165525,yfinance_download,237690.KQ
2024-10-25,100000.0,100200.0,96800.0,97300.0,96437.15625,231565.0,-0.0171717171717171,-0.3266435986159169,104465.0,101066.66666666669,97055.0,0.4912109471568565,0.6715628132906151,-0.1048758049678012,0.0610687022900764,0.1261574074074074,-0.0685875652132292,-0.0372691292875989,0.0025243418680129,117000.0,60400.0,-0.1683760683760683,0.6109271523178808,20701684.0,2014273853200.0,22531274500.0,35650395495.0,0.0111858049808894,yfinance_download,237690.KQ
2024-10-28,96400.0,97800.0,92900.0,93100.0,92274.3984375,381793.0,-0.0431654676258992,-0.3557093425605536,103955.0,101135.0,97116.66666666669,0.483855806119076,0.6748757512440866,-0.0987415295256534,0.0460674157303371,0.0863477246207702,-0.1044201818094368,-0.0794482622237603,-0.04135918997769,117000.0,60400.0,-0.2042735042735043,0.5413907284768211,20701684.0,1927326780400.0,35544928300.0,34624601575.0,0.0184426059251991,yfinance_download,237690.KQ
2024-10-29,94200.0,95300.0,92800.0,94700.0,93860.21875,184175.0,0.0171858216970999,-0.344636678200692,103490.0,101148.33333333331,97165.0,0.4885314343548638,0.6664827875940944,-0.0894230769230769,0.0085197018104365,0.0652418447694038,-0.0849357425838245,-0.0637512564056088,-0.02536921731076,117000.0,60400.0,-0.1905982905982906,0.5678807947019868,20701684.0,1960449474800.0,17441372500.0,33780186600.0,0.0088966192315562,yfinance_download,237690.KQ
2024-10-30,95300.0,98400.0,94700.0,97400.0,96536.2734375,225392.0,0.0285110876451952,-0.3259515570934256,103355.0,101216.66666666669,97198.33333333331,0.4850772913672004,0.6686632187040464,-0.0269730269730269,0.0439442658092175,0.0428265524625268,-0.0576169512844081,-0.0377078873703277,0.0020747955211852,117000.0,60400.0,-0.1675213675213674,0.6125827814569536,20701684.0,2016344021600.0,21953180800.0,32915990745.0,0.0108876166789136,yfinance_download,237690.KQ
2024-10-31,97400.0,100300.0,96100.0,100300.0,99410.5625,232271.0,0.0297741273100615,-0.3058823529411765,103335.0,101316.66666666669,97294.16666666669,0.4967784491702524,0.6709113745028223,-0.0039721946375372,0.0636267232237539,0.1295045045045044,-0.0293704940242899,-0.0100345451554532,0.0308942810891368,117000.0,60400.0,-0.1427350427350427,0.6605960264900663,20701684.0,2076378905200.0,23296781300.0,32944410170.0,0.0112199084866719,yfinance_download,237690.KQ
2024-11-01,98700.0,99100.0,94800.0,95700.0,94851.3515625,227063.0,-0.0458624127617148,-0.3377162629757785,103095.0,101425.0,97287.5,0.5231309067147009,0.6681874079783818,-0.0477611940298507,0.0728699551569507,-0.0082901554404145,-0.0717299578059071,-0.0564456494947005,-0.016317615315431,117000.0,60400.0,-0.182051282051282,0.5844370860927153,20701684.0,1981151158800.0,21729929100.0,33086623700.0,0.0109683347499652,yfinance_download,237690.KQ
2024-11-04,95500.0,101500.0,91900.0,100900.0,100005.2421875,352280.0,0.0543364681295714,-0.3017301038062283,102815.0,101633.33333333331,97296.66666666669,0.5150318420975807,0.6762781047562504,-0.0525821596244131,0.1414027149321266,0.0110220440881763,-0.0186256869133881,-0.0072154804854049,0.0370344992976805,117000.0,60400.0,-0.1376068376068375,0.6705298013245033,20701684.0,2088799915600.0,35545052000.0,32847607650.0,0.0170169731119458,yfinance_download,237690.KQ
2024-11-05,100900.0,101000.0,97500.0,97600.0,96734.5,127378.0,-0.0327056491575817,-0.3245674740484429,102335.0,101855.0,97336.66666666669,0.5249381169912616,0.6725756175373718,-0.0895522388059701,0.1577698695136418,0.0517241379310344,-0.0462696047295646,-0.0417750724068528,0.0027053868018218,117000.0,60400.0,-0.1658119658119657,0.6158940397350994,20701684.0,2020484358400.0,12432092800.0,32431569890.0,0.0061530260050341,yfinance_download,237690.KQ
2024-11-06,98800.0,99300.0,95100.0,98000.0,97130.953125,231040.0,0.0040983606557376,-0.3217993079584775,101860.0,102251.66666666669,97381.66666666669,0.525186888307423,0.6216970597944875,-0.0883720930232557,0.320754716981132,0.0583153347732181,-0.0378951502061652,-0.0415804143371746,0.0063495866778482,117000.0,60400.0,-0.1623931623931623,0.6225165562913908,20701684.0,2028765032000.0,22641920000.0,31710150890.0,0.011160444725173,yfinance_download,237690.KQ
2024-11-07,98600.0,99300.0,92300.0,94200.0,93364.65625,274147.0,-0.0387755102040816,-0.3480968858131488,101265.0,102443.33333333331,97406.66666666669,0.538772599914433,0.5850337348060919,-0.1121583411875588,0.1390568319226117,0.0328947368421053,-0.0697674418604651,-0.0804672501870952,-0.0329204024365205,117000.0,60400.0,-0.1948717948717948,0.5596026490066226,20701684.0,1950098632800.0,25824647400.0,31296610900.0,0.0132427390931095,yfinance_download,237690.KQ
2024-11-08,96200.0,97400.0,94600.0,94900.0,94058.4375,160688.0,0.0074309978768578,-0.3432525951557094,100570.0,102543.33333333331,97437.5,0.5288017542311358,0.5655127284721835,-0.1277573529411765,0.0674915635545556,0.0405701754385965,-0.0563786417420701,-0.0745375938627571,-0.0260423348300192,117000.0,60400.0,-0.1888888888888888,0.5711920529801324,20701684.0,1964589811600.0,15249291200.0,29958544580.0,0.0077620738486782,yfinance_download,237690.KQ
2024-11-11,94700.0,99200.0,93900.0,98600.0,97725.6328125,198945.0,0.0389884088514225,-0.3176470588235294,100075.0,102708.33333333331,97459.16666666669,0.5527157884927963,0.5705723017386094,-0.0912442396313364,0.1116121758737316,0.0270833333333333,-0.014738945790657,-0.0399999999999999,0.0117057571119527,117000.0,60400.0,-0.1572649572649572,0.6324503311258278,20701684.0,2041186042400.0,19615977000.0,29012491930.0,0.0096100877590441,yfinance_download,237690.KQ
2024-11-12,98600.0,101300.0,94600.0,95100.0,94256.671875,248517.0,-0.0354969574036511,-0.3418685121107266,99375.0,102781.66666666669,97450.83333333331,0.5622434086571696,0.5742047944466739,-0.1283226397800183,0.0485115766262402,-0.0104058272632674,-0.0430188679245282,-0.0747377126270898,-0.0241232758399534,117000.0,60400.0,-0.1871794871794871,0.5745033112582782,20701684.0,1968730148400.0,23633966700.0,28243695010.0,0.0120046755616596,yfinance_download,237690.KQ
2024-11-13,94900.0,96000.0,89800.0,90700.0,89895.6875,223657.0,-0.046267087276551,-0.372318339100346,98630.0,102775.0,97358.33333333331,0.573039793732643,0.5824145144650281,-0.1410984848484848,-0.0043907793633369,-0.1090373280943025,-0.0804015005576396,-0.1174896618827535,-0.0683899683300521,117000.0,60400.0,-0.2247863247863247,0.5016556291390728,20701684.0,1877642738800.0,20285689900.0,27578121105.0,0.010803807071927,yfinance_download,237690.KQ
2024-11-14,91400.0,93900.0,90600.0,90600.0,89796.578125,153873.0,-0.0011025358324145,-0.3730103806228374,97970.0,102798.33333333331,97280.0,0.5721109438433428,0.5807130962512319,-0.1271676300578035,0.0156950672645739,-0.0939999999999999,-0.0752271103398999,-0.1186627539356992,-0.0686677631578946,117000.0,60400.0,-0.2256410256410256,0.5,20701684.0,1875572570400.0,13940893800.0,26511069225.0,0.0074328735768549,yfinance_download,237690.KQ
2024-11-15,89900.0,91500.0,88400.0,90600.0,89796.578125,154356.0,0.0,-0.3730103806228374,97000.0,102821.66666666669,97200.83333333331,0.5175572351308202,0.5807130962512319,-0.1763636363636364,0.0156950672645739,-0.0949050949050949,-0.0659793814432989,-0.1188627559042355,-0.0679092257439493,117000.0,60400.0,-0.2256410256410256,0.5,20701684.0,1875572570400.0,13984653600.0,23980564405.0,0.0074562050121139,yfinance_download,237690.KQ
2024-11-18,88500.0,90000.0,84200.0,87000.0,86228.5,254940.0,-0.0397350993377483,-0.3979238754325259,95875.0,102688.33333333331,97102.5,0.5283683277800416,0.5709193615397808,-0.2054794520547945,-0.0842105263157895,-0.1194331983805667,-0.0925684485006519,-0.1527761998279583,-0.1040395458407352,117000.0,60400.0,-0.2564102564102564,0.4403973509933774,20701684.0,1801046508000.0,22179780000.0,23396497255.0,0.0123149401758813,yfinance_download,237690.KQ
2024-11-19,87000.0,89500.0,85400.0,86200.0,85435.59375,206427.0,-0.0091954022988506,-0.4034602076124567,95055.0,102453.33333333331,97008.33333333331,0.49120181121934,0.5587961080212968,-0.1598440545808966,-0.1405782652043868,-0.1158974358974359,-0.0931565935511019,-0.1586413326392504,-0.1114165449703633,117000.0,60400.0,-0.2632478632478632,0.4271523178807948,20701684.0,1784485160800.0,17794007400.0,22356814885.0,0.0099715076319395,yfinance_download,237690.KQ
2024-11-20,87000.0,87300.0,83400.0,83900.0,83155.9921875,306387.0,-0.0266821345707656,-0.4193771626297577,94290.0,102210.0,96923.33333333331,0.4873767379063728,0.5601516581880328,-0.1542338709677418,-0.148223350253807,-0.1083953241232731,-0.1101919609714709,-0.1791409842481166,-0.1343673693984935,117000.0,60400.0,-0.2829059829059829,0.3890728476821192,20701684.0,1736871287600.0,25705869300.0,21619484830.0,0.014800100320341,yfinance_download,237690.KQ
2024-11-21,83900.0,87300.0,81000.0,85700.0,84940.0234375,286889.0,0.0214541120381406,-0.4069204152249135,93625.0,101890.0,96891.66666666669,0.4981318638078254,0.5447961413960384,-0.1343434343434343,-0.1830314585319351,-0.0424581005586591,-0.0846461949265687,-0.1588968495436254,-0.1155070095467446,117000.0,60400.0,-0.2675213675213675,0.4188741721854305,20701684.0,1774134318800.0,24586387300.0,21795884745.0,0.0138582445756586,yfinance_download,237690.KQ
2024-11-22,86100.0,86400.0,82700.0,83200.0,82462.1953125,219247.0,-0.029171528588098,-0.4242214532871972,92920.0,101568.33333333331,96807.5,0.5032662316924336,0.5459387832007344,-0.144912641315519,-0.1882926829268292,-0.1082529474812432,-0.1046061127851916,-0.1808470487848902,-0.1405624564212483,117000.0,60400.0,-0.2888888888888888,0.3774834437086092,20701684.0,1722380108800.0,18241350400.0,21581388540.0,0.0105907809239093,yfinance_download,237690.KQ
2024-11-25,83300.0,86300.0,82800.0,85200.0,84444.4609375,180396.0,0.0240384615384614,-0.4103806228373702,92525.0,101186.66666666669,96771.66666666669,0.4962667189634548,0.535673181177096,-0.0848549946294306,-0.2118408880666049,-0.0480446927374301,-0.0791677924885165,-0.1579918302806694,-0.119577011177514,117000.0,60400.0,-0.2717948717948718,0.4105960264900663,20701684.0,1763783476800.0,15369739200.0,20572629085.0,0.0087140736956471,yfinance_download,237690.KQ
2024-11-26,86800.0,86800.0,83000.0,83600.0,82858.6484375,116971.0,-0.0187793427230047,-0.4214532871972318,91970.0,100671.66666666669,96708.33333333331,0.492347625512197,0.5203669000171365,-0.1172122492080253,-0.2698689956331878,-0.0833333333333333,-0.0910079373708818,-0.169577669983279,-0.1355450236966824,117000.0,60400.0,-0.2854700854700854,0.3841059602649006,20701684.0,1730660782400.0,9778775600.0,20189499240.0,0.0056503132788617,yfinance_download,237690.KQ
2024-11-27,83800.0,84400.0,82500.0,83200.0,82462.1953125,100803.0,-0.0047846889952153,-0.4242214532871972,91260.0,100166.66666666669,96643.33333333331,0.4755086936081978,0.5202991370398962,-0.1457905544147844,-0.2669603524229075,-0.0857142857142857,-0.0883190883190883,-0.1693843594009983,-0.1391025419928948,117000.0,60400.0,-0.2888888888888888,0.3774834437086092,20701684.0,1722380108800.0,8386809600.0,19511180680.0,0.0048693140132947,yfinance_download,237690.KQ
2024-11-28,83200.0,90200.0,83200.0,89800.0,89003.6640625,338205.0,0.0793269230769231,-0.3785467128027682,90735.0,99740.0,96634.16666666669,0.5531183918415558,0.5464352238215829,-0.1046859421734796,-0.2218370883882149,-0.012101210121012,-0.0103047335647765,-0.0996591136956085,-0.0707220531040608,117000.0,60400.0,-0.2324786324786324,0.4867549668874171,20701684.0,1859011223200.0,30370809000.0,19864882065.0,0.0163370767325015,yfinance_download,237690.KQ
2024-11-29,90000.0,91800.0,88000.0,88000.0,87219.625,167424.0,-0.020044543429844,-0.3910034602076124,90350.0,99328.33333333331,96565.0,0.5350847629574408,0.5459592680286444,-0.0804597701149425,-0.2191659272404613,-0.0861889927310488,-0.0260099612617598,-0.1140493649009177,-0.0886967327706725,117000.0,60400.0,-0.2478632478632478,0.4569536423841058,20701684.0,1821748192000.0,14733312000.0,19515051210.0,0.0080874580058317,yfinance_download,237690.KQ
2024-12-02,90300.0,90800.0,87400.0,89500.0,88706.328125,153834.0,0.0170454545454545,-0.3806228373702421,89780.0,98903.33333333331,96520.0,0.4964618719214689,0.5453725187619496,-0.1129831516352825,-0.2217391304347826,-0.0569020021074815,-0.003118734684785,-0.0950760001348117,-0.0727310401989225,117000.0,60400.0,-0.2350427350427351,0.4817880794701987,20701684.0,1852800718000.0,13768143000.0,18426205760.0,0.0074309896721445,yfinance_download,237690.KQ
2024-12-03,89000.0,91600.0,88900.0,90000.0,89201.8984375,128467.0,0.0055865921787709,-0.3771626297577855,89400.0,98560.0,96356.66666666669,0.4871690585744926,0.5408519168630168,-0.0778688524590164,-0.1862567811934901,-0.1788321167883211,0.0067114093959732,-0.0868506493506493,-0.0659701802331615,117000.0,60400.0,-0.2307692307692307,0.490066225165563,20701684.0,1863151560000.0,11562030000.0,18382702620.0,0.0062056304211773,yfinance_download,237690.KQ
2024-12-04,87400.0,89400.0,86400.0,87100.0,86327.609375,163428.0,-0.0322222222222222,-0.3972318339100346,88855.0,98253.33333333331,96211.66666666669,0.4965231796174478,0.5368420273432796,-0.1112244897959183,-0.1744075829383886,-0.1665071770334928,-0.0197512801755669,-0.1135160808793593,-0.0947043844301627,117000.0,60400.0,-0.2555555555555555,0.4420529801324504,20701684.0,1803116676400.0,14234578800.0,17962335560.0,0.0078944302308932,yfinance_download,237690.KQ
2024-12-05,86700.0,88900.0,85300.0,87400.0,86624.953125,86783.0,0.0034443168771527,-0.3951557093425605,88515.0,97931.66666666669,96066.66666666669,0.4812879713340382,0.5362040325850674,-0.0721868365180467,-0.1808809746954076,-0.166030534351145,-0.0125967350166638,-0.1075409724467741,-0.0902151283830673,117000.0,60400.0,-0.252991452991453,0.4470198675496688,20701684.0,1809327181600.0,7584834200.0,17050344900.0,0.0041920744225445,yfinance_download,237690.KQ
2024-12-06,87400.0,87500.0,81100.0,83700.0,82957.765625,266243.0,-0.0423340961098398,-0.4207612456747405,87955.0,97670.0,95978.33333333331,0.4986642408784183,0.5251134842409598,-0.1180189673340358,-0.1579476861167001,-0.112407211028632,-0.0483770109715194,-0.143032661001331,-0.1279281782346709,117000.0,60400.0,-0.2846153846153846,0.3857615894039734,20701684.0,1732730950800.0,22284539100.0,17402107295.0,0.012860934405143,yfinance_download,237690.KQ
2024-12-09,78900.0,79000.0,75100.0,75600.0,74929.59375,415172.0,-0.0967741935483871,-0.4768166089965397,86805.0,97265.0,95823.33333333331,0.5653489263240504,0.5593518236867538,-0.2332657200811358,-0.2432432432432432,-0.197452229299363,-0.1290824261275271,-0.2227419935228499,-0.211048109367934,117000.0,60400.0,-0.3538461538461538,0.2516556291390728,20701684.0,1565047310400.0,31387003200.0,17990658605.0,0.020054986831023,yfinance_download,237690.KQ
2024-12-10,77000.0,81900.0,77000.0,81200.0,80479.9296875,175277.0,0.0740740740740741,-0.4380622837370242,86110.0,96946.66666666669,95726.66666666669,0.6358441511234864,0.5816368391063578,-0.1461619348054679,-0.1904287138584247,-0.125,-0.057020090581814,-0.1624260761930959,-0.151751514729438,117000.0,60400.0,-0.305982905982906,0.3443708609271523,20701684.0,1680976740800.0,14232492400.0,17520584890.0,0.0084667991261,yfinance_download,237690.KQ
2024-12-11,81200.0,83200.0,80200.0,81600.0,80876.390625,107980.0,0.0049261083743843,-0.4352941176470588,85655.0,96648.33333333331,95636.66666666669,0.6197901985708304,0.581752835659247,-0.1003307607497243,-0.1798994974874371,-0.1168831168831169,-0.0473410775786585,-0.1557019434720378,-0.1467707643511903,117000.0,60400.0,-0.3025641025641026,0.3509933774834437,20701684.0,1689257414400.0,8811168000.0,16946858795.0,0.0052160007852501,yfinance_download,237690.KQ
2024-12-12,82200.0,85700.0,82100.0,83700.0,82957.765625,284773.0,0.0257352941176469,-0.4207612456747405,85310.0,96430.0,95565.0,0.6290207152921719,0.5823352313735362,-0.0761589403973509,-0.1353305785123967,-0.0931744312026002,-0.018872347907631,-0.1320128590687544,-0.1241563333856538,117000.0,60400.0,-0.2846153846153846,0.3857615894039734,20701684.0,1732730950800.0,23835500100.0,17441589110.0,0.0137560306688093,yfinance_download,237690.KQ
2024-12-13,83700.0,85900.0,83300.0,85400.0,84642.6875,120779.0,0.0203106332138589,-0.4089965397923876,85050.0,96205.0,95507.5,0.6345008773193264,0.5821040684535542,-0.0573951434878586,-0.1365015166835187,-0.0747562296858072,0.0041152263374486,-0.1123122498830622,-0.1058293851268225,117000.0,60400.0,-0.2700854700854701,0.4139072847682119,20701684.0,1767923813600.0,10314526600.0,17258082760.0,0.0058342596669913,yfinance_download,237690.KQ
2024-12-16,87200.0,89500.0,86100.0,89000.0,88210.765625,193314.0,0.0421545667447307,-0.3840830449826989,85150.0,95991.66666666669,95475.0,0.6368102194994395,0.5856163134376067,0.0229885057471264,-0.1257367387033399,-0.0419806243272335,0.0452143276570757,-0.0728361836965014,-0.0678188007331762,117000.0,60400.0,-0.2393162393162393,0.4735099337748345,20701684.0,1842449876000.0,17204946000.0,17009341060.0,0.0093380809020174,yfinance_download,237690.KQ
2024-12-17,89600.0,90100.0,88000.0,89300.0,88508.1015625,87728.0,0.0033707865168539,-0.3820069204152249,85305.0,95655.0,95445.83333333331,0.635465672878537,0.5632209360804074,0.0359628770301623,-0.1844748858447488,-0.0377155172413793,0.0468319559228649,-0.0664366734619203,-0.0643907975727943,117000.0,60400.0,-0.2367521367521368,0.4784768211920529,20701684.0,1848660381200.0,7834110400.0,16511346210.0,0.004237722882834,yfinance_download,237690.KQ
2024-12-18,89800.0,89800.0,87500.0,89000.0,88210.765625,106393.0,-0.0033594624860022,-0.3840830449826989,85560.0,95188.33333333331,95459.16666666669,0.6265744446732472,0.5432846083878001,0.0607866507747318,-0.2393162393162393,0.0183066361556063,0.0402057035998129,-0.0650114684922872,-0.0676641845117023,117000.0,60400.0,-0.2393162393162393,0.4735099337748345,20701684.0,1842449876000.0,9468977000.0,15699501595.0,0.0051393403551131,yfinance_download,237690.KQ
2024-12-19,86900.0,88000.0,84300.0,85100.0,84345.3515625,184383.0,-0.043820224719101,-0.4110726643598615,85530.0,94730.0,95442.5,0.6446235971734212,0.5450738994913353,-0.0070011668611434,-0.2442273534635879,-0.0229621125143513,-0.0050274757395065,-0.1016573419191385,-0.1083636744636823,117000.0,60400.0,-0.2726495726495727,0.4089403973509933,20701684.0,1761713308400.0,15690993300.0,15254731895.0,0.0089066667233448,yfinance_download,237690.KQ
2024-12-20,86900.0,90600.0,82800.0,84800.0,84048.0078125,394736.0,-0.0035252643948295,-0.4131487889273356,85610.0,94331.66666666669,95431.66666666669,0.6353619941409856,0.5413399288157055,0.0192307692307691,-0.2198712051517939,-0.0150987224157955,-0.0094615115056652,-0.1010441880598597,-0.1114060671684801,117000.0,60400.0,-0.2752136752136752,0.4039735099337749,20701684.0,1755502803200.0,33473612800.0,16016345015.0,0.0190678207627939,yfinance_download,237690.KQ
2024-12-23,85600.0,88400.0,85300.0,85300.0,84543.5703125,175588.0,0.0058962264150943,-0.4096885813148788,85615.0,94031.66666666669,95418.33333333331,0.6301512592651819,0.5330340272989511,0.0011737089201877,-0.1742497579864472,-0.0184119677790564,-0.0036792618115983,-0.0928587887059324,-0.1060418158634782,117000.0,60400.0,-0.270940170940171,0.4122516556291391,20701684.0,1765853645200.0,14977656400.0,15996740875.0,0.0084818220585339,yfinance_download,237690.KQ
2024-12-24,85200.0,87200.0,84700.0,86100.0,85336.484375,92077.0,0.0093786635404455,-0.404152249134948,85740.0,93733.33333333331,95423.33333333331,0.6264566828513389,0.5332568167426389,0.0299043062200956,-0.1721153846153846,0.0070175438596491,0.0041987403778867,-0.0814366998577524,-0.0977049638453207,117000.0,60400.0,-0.264102564102564,0.4254966887417217,20701684.0,1782414992400.0,7927829700.0,15904193580.0,0.0044478024106637,yfinance_download,237690.KQ
2024-12-26,86100.0,88200.0,86000.0,87000.0,86228.5,116584.0,0.0104529616724737,-0.3979238754325259,85930.0,93515.0,95400.0,0.6265321515511352,0.528884984696981,0.0456730769230768,-0.1308691308691308,-0.0311804008908685,0.0124519958105435,-0.0696679677057157,-0.0880503144654087,117000.0,60400.0,-0.2564102564102564,0.4403973509933774,20701684.0,1801046508000.0,10142808000.0,15991993500.0,0.0056316191475051,yfinance_download,237690.KQ
2024-12-27,86900.0,89600.0,85900.0,86700.0,86427.875,126123.0,-0.0034482758620689,-0.4,85775.0,93281.66666666669,95392.5,0.557889158310363,0.5286455174840856,-0.034521158129176,-0.1390268123138034,-0.0102739726027397,0.0107840279801807,-0.0705569154353302,-0.0911235159996854,117000.0,60400.0,-0.2589743589743589,0.435430463576159,20701684.0,1794836002800.0,10934864100.0,15020196255.0,0.0060924029175597,yfinance_download,237690.KQ
2024-12-30,86200.0,90200.0,86200.0,88900.0,88620.96875,183609.0,0.0253748558246829,-0.3847750865051903,85820.0,93088.33333333331,95424.16666666669,0.56078337957055,0.5316021094243613,0.0102272727272727,-0.1154228855721393,0.0446533490011751,0.0358890701468188,-0.0449931069056271,-0.0683701717768909,117000.0,60400.0,-0.2401709401709402,0.4718543046357615,20701684.0,1840379707600.0,16322840100.0,15099672660.0,0.0088692784606315,yfinance_download,237690.KQ
2025-01-02,89000.0,89100.0,85400.0,85400.0,85131.953125,120855.0,-0.0393700787401575,-0.4089965397923876,85615.0,92736.66666666669,95437.5,0.5750981002443956,0.5215728566731118,-0.0458100558659217,-0.1981220657276995,0.0190930787589498,-0.0025112421888687,-0.079112900327091,-0.1051735428945644,117000.0,60400.0,-0.2700854700854701,0.4139072847682119,20701684.0,1767923813600.0,10321017000.0,14927316360.0,0.005837930865914,yfinance_download,237690.KQ
2025-01-03,85900.0,92200.0,84200.0,91500.0,91212.8046875,278061.0,0.0714285714285714,-0.3667820069204152,85690.0,92475.0,95432.5,0.6309518765022493,0.5432182434445176,0.0166666666666666,-0.146455223880597,-0.006514657980456,0.0678025440541487,-0.0105433901054339,-0.0412071359337752,117000.0,60400.0,-0.2179487179487179,0.5149006622516556,20701684.0,1894204086000.0,25442581500.0,15621343935.0,0.0134318058376313,yfinance_download,237690.KQ
2025-01-06,90500.0,92000.0,89200.0,91300.0,91013.4375,120426.0,-0.0021857923497268,-0.3681660899653979,85900.0,92205.0,95425.0,0.6184917107316509,0.5431238796721878,0.0482204362801377,-0.1506976744186046,-0.0097613882863341,0.0628637951105937,-0.0098150859497857,-0.0432276657060518,117000.0,60400.0,-0.2196581196581196,0.5115894039735098,20701684.0,1890063749200.0,10994893800.0,15459359685.0,0.0058172079141001,yfinance_download,237690.KQ
2025-01-07,91300.0,94100.0,90200.0,92000.0,91711.234375,140379.0,0.0076670317634173,-0.3633217993079585,86130.0,91970.0,95414.16666666669,0.6187057078286929,0.5430087129111929,0.0526315789473683,-0.1328934967012253,-0.0139335476956056,0.0681527922907232,0.00032619332391,-0.0357825969239369,117000.0,60400.0,-0.2136752136752137,0.5231788079470199,20701684.0,1904554928000.0,12914868000.0,15725861375.0,0.00678104254707,yfinance_download,237690.KQ
2025-01-08,91900.0,92900.0,88700.0,88800.0,88521.28125,179711.0,-0.0347826086956521,-0.3854671280276817,86385.0,91636.66666666669,95350.83333333331,0.6118616144511952,0.5441292137364308,0.060931899641577,-0.1838235294117647,-0.0788381742738589,0.0279562424031949,-0.0309555854643338,-0.0687024235061745,117000.0,60400.0,-0.241025641025641,0.4701986754966887,20701684.0,1838309539200.0,15958336800.0,15409551260.0,0.0086809846000934,yfinance_download,237690.KQ
2025-01-09,88900.0,94600.0,87700.0,94200.0,93904.3359375,276913.0,0.0608108108108107,-0.3480968858131488,87315.0,91398.33333333331,95349.16666666669,0.5170854803252494,0.5595288805113823,0.246031746031746,-0.1317972350230415,-0.0021186440677966,0.0788524308538052,0.0306533671292328,-0.0120521941285975,117000.0,60400.0,-0.1948717948717948,0.5596026490066226,20701684.0,1950098632800.0,26085204600.0,15144461330.0,0.0133763514117981,yfinance_download,237690.KQ
2025-01-10,93500.0,94100.0,92500.0,93000.0,92708.1015625,84932.0,-0.0127388535031847,-0.356401384083045,87905.0,91130.0,95334.16666666669,0.4672956201702168,0.5597672813020274,0.1453201970443349,-0.1475710357470211,-0.0189873417721518,0.0579602980490301,0.0205201360693514,-0.0244840517128347,117000.0,60400.0,-0.2051282051282051,0.5397350993377483,20701684.0,1925256612000.0,7898676000.0,14827770510.0,0.0041026614066759,yfinance_download,237690.KQ
2025-01-13,92800.0,92800.0,89600.0,90400.0,90116.2578125,100769.0,-0.0279569892473118,-0.37439446366782,88345.0,90876.66666666669,95305.0,0.483719990810676,0.5588853716406358,0.107843137254902,-0.1439393939393939,-0.0372736954206602,0.0232610787254512,-0.0052452041228038,-0.0514663448927128,117000.0,60400.0,-0.2273504273504273,0.4966887417218544,20701684.0,1871432233600.0,9109517600.0,14842687990.0,0.0048676716348293,yfinance_download,237690.KQ
2025-01-14,91600.0,92900.0,90100.0,90400.0,90116.2578125,102489.0,0.0,-0.37439446366782,88680.0,90653.33333333331,95291.66666666669,0.4780834050977826,0.5580136375696289,0.0800477897252089,-0.1290944123314065,-0.017391304347826,0.0193955796120883,-0.002794528607148,-0.0513336248360297,117000.0,60400.0,-0.2273504273504273,0.4966887417218544,20701684.0,1871432233600.0,9265005600.0,14114163265.0,0.0049507566630811,yfinance_download,237690.KQ
2025-01-15,90600.0,90700.0,87200.0,87800.0,87524.421875,123624.0,-0.0287610619469026,-0.3923875432525952,88800.0,90283.33333333331,95247.5,0.4878952211406384,0.5457435648640468,0.0281030444964871,-0.2018181818181817,-0.0569280343716434,-0.0112612612612612,-0.0275059996307919,-0.0781910286359222,117000.0,60400.0,-0.2495726495726495,0.4536423841059602,20701684.0,1817607855200.0,10854187200.0,14141146295.0,0.0059716881003497,yfinance_download,237690.KQ
2025-01-16,89100.0,91200.0,88200.0,90100.0,89817.203125,141803.0,0.0261958997722095,-0.3764705882352941,88855.0,89960.0,95198.33333333331,0.4734765262834845,0.5490388574106029,0.0123595505617977,-0.1771689497716895,-0.0614583333333332,0.0140115919194192,0.0015562472209871,-0.0535548591536966,117000.0,60400.0,-0.2299145299145298,0.4917218543046358,20701684.0,1865221728400.0,12776450300.0,13919721510.0,0.0068498292216227,yfinance_download,237690.KQ
2025-01-17,89500.0,90100.0,86500.0,86800.0,86527.5625,155552.0,-0.0366259711431742,-0.3993079584775086,88730.0,89696.66666666667,95163.33333333331,0.4917872498531918,0.5392242866958198,-0.0279955207166853,-0.1539961013645224,-0.0461538461538461,-0.0217513805928096,-0.0322940280203649,-0.087883988931311,117000.0,60400.0,-0.2581196581196581,0.4370860927152318,20701684.0,1796906171200.0,13501913600.0,14203111670.0,0.0075139780898983,yfinance_download,237690.KQ
2025-01-20,86400.0,87500.0,84800.0,85300.0,85032.265625,168491.0,-0.0172811059907833,-0.4096885813148788,88545.0,89465.0,95131.66666666669,0.4951562366801598,0.5363117721579818,-0.0415730337078651,-0.1401209677419355,-0.042648709315376,-0.0366480320740866,-0.0465545185267981,-0.1033479913803676,117000.0,60400.0,-0.270940170940171,0.4122516556291391,20701684.0,1765853645200.0,14372282300.0,14448276935.0,0.0081389997064973,yfinance_download,237690.KQ
2025-01-21,85700.0,87800.0,85000.0,85800.0,85530.6953125,113982.0,0.0058616647127784,-0.4062283737024221,88580.0,89245.0,95109.16666666669,0.4698128917780821,0.5365507242167746,0.0082256169212691,-0.1333333333333333,-0.0305084745762711,-0.0313840596071347,-0.0386016023306627,-0.0978787533623644,117000.0,60400.0,-0.2666666666666667,0.4205298013245033,20701684.0,1776204487200.0,9779655600.0,14152710050.0,0.0055059288896497,yfinance_download,237690.KQ
2025-01-22,86200.0,90400.0,86100.0,88600.0,88321.90625,207948.0,0.0326340326340326,-0.3868512110726644,88770.0,89100.0,95083.33333333331,0.4827330256655443,0.5401612698958852,0.0448113207547169,-0.0894141829393627,-0.0338058887677208,-0.0019150613946152,-0.0056116722783389,-0.0681858019281331,117000.0,60400.0,-0.2427350427350427,0.4668874172185431,20701684.0,1834169202400.0,18424192800.0,13400239050.0,0.0100449799156435,yfinance_download,237690.KQ
2025-01-23,87600.0,90200.0,86800.0,87400.0,87125.6796875,131886.0,-0.0135440180586907,-0.3951557093425605,88875.0,89005.0,95070.0,0.4859088332156912,0.5336550284847035,0.0246189917936694,-0.0612244897959183,-0.0179775280898876,-0.0165963431786216,-0.0180326947924274,-0.0806773956032397,117000.0,60400.0,-0.252991452991453,0.4470198675496688,20701684.0,1809327181600.0,11526836400.0,13227698050.0,0.0063707860674522,yfinance_download,237690.KQ
2025-01-24,87500.0,88700.0,87200.0,87400.0,87125.6796875,92777.0,0.0,-0.3951557093425605,88940.0,88883.33333333333,95015.83333333331,0.4850714371201002,0.5323834586235999,0.0150987224157956,-0.0770855332629355,-0.0692225772097976,-0.0173150438497863,-0.0166885430339395,-0.0801533077820363,117000.0,60400.0,-0.252991452991453,0.4470198675496688,20701684.0,1809327181600.0,8108709800.0,13236742055.0,0.0044816160849523,yfinance_download,237690.KQ
2025-01-31,88000.0,88700.0,85800.0,86800.0,86527.5625,85741.0,-0.0068649885583523,-0.3993079584775086,88930.0,88706.66666666667,94961.66666666669,0.4845785458617621,0.5289948320025598,-0.0022988505747126,-0.108829568788501,-0.0696677384780278,-0.0239514224671089,-0.021494062828799,-0.0859469610544606,117000.0,60400.0,-0.2581196581196581,0.4370860927152318,20701684.0,1796906171200.0,7442318800.0,13101717595.0,0.0041417403531036,yfinance_download,237690.KQ
2025-02-03,85300.0,85800.0,80100.0,80300.0,80047.9609375,207626.0,-0.074884792626728,-0.4442906574394464,88610.0,88373.33333333333,94845.0,0.553406100853663,0.5458875588064538,-0.0738177623990772,-0.1994017946161516,-0.1484623541887593,-0.0937817402099085,-0.091354858177429,-0.1533554747219147,117000.0,60400.0,-0.3136752136752136,0.3294701986754966,20701684.0,1662345225200.0,16672367800.0,13388592780.0,0.0100294256254708,yfinance_download,237690.KQ
2025-02-04,82400.0,84800.0,81900.0,82800.0,82540.1171875,126744.0,0.0311332503113324,-0.4269896193771626,88305.0,88158.33333333333,94791.66666666669,0.5577174138522081,0.5429345375302661,-0.0686164229471316,-0.1347962382445141,-0.0717488789237668,-0.0623407508068626,-0.0607807921353624,-0.1265054945054945,117000.0,60400.0,-0.2923076923076922,0.3708609271523178,20701684.0,1714099435200.0,10494403200.0,13097170935.0,0.0061224004771785,yfinance_download,237690.KQ
2025-02-05,83500.0,83600.0,81400.0,82800.0,82540.1171875,120035.0,0.0,-0.4269896193771626,88175.0,87856.66666666667,94745.0,0.5408858759962789,0.5301941141947775,-0.0304449648711944,-0.1793855302279484,-0.0633484162895927,-0.0609583215197051,-0.0575558675114771,-0.1260752546308512,117000.0,60600.0,-0.2923076923076922,0.3663366336633664,20701684.0,1714099435200.0,9938898000.0,13078064985.0,0.0057983205617475,yfinance_download,237690.KQ
2025-02-06,84500.0,90600.0,83800.0,90000.0,89717.515625,348103.0,0.0869565217391303,-0.3771626297577855,88100.0,87730.0,94792.5,0.5704618504610073,0.5573283748519999,-0.0163934426229508,-0.0778688524590164,0.0676156583629892,0.0215664018161181,0.0258748432691211,-0.0505577972940897,117000.0,61000.0,-0.2307692307692307,0.4754098360655738,20701684.0,1863151560000.0,31329270000.0,13372399410.0,0.0168152020869413,yfinance_download,237690.KQ
2025-02-07,89200.0,89900.0,88100.0,89100.0,88820.34375,112575.0,-0.01,-0.3833910034602076,87990.0,87581.66666666667,94916.66666666669,0.5714927103626882,0.5575538932053075,-0.0240963855421686,-0.0908163265306122,0.2008086253369272,0.0126150698943061,0.0173362004985822,-0.0612818261633011,117000.0,61100.0,-0.2384615384615385,0.4582651391162029,20701684.0,1844520044400.0,10030432500.0,13324176345.0,0.0054379634043298,yfinance_download,237690.KQ
2025-02-10,90500.0,98000.0,88500.0,93400.0,93106.84375,724629.0,0.0482603815937148,-0.3536332179930795,88060.0,87568.33333333333,95005.83333333331,0.5968903408410754,0.5608762307012822,0.0152173913043478,-0.0084925690021231,0.1293833131801693,0.0606404724051783,0.0665956110466112,-0.0169024709009095,117000.0,61100.0,-0.2017094017094016,0.5286415711947627,20701684.0,1933537285600.0,67680348600.0,16062450375.0,0.0350033842657437,yfinance_download,237690.KQ
2025-02-11,93500.0,94000.0,89800.0,89800.0,89518.140625,247217.0,-0.038543897216274,-0.3785467128027682,88110.0,87483.33333333333,95013.33333333331,0.6000570331717827,0.5663265944984973,0.0112612612612612,-0.053740779768177,0.0101237345331832,0.0191805697423674,0.0264812345208611,-0.0548694920011225,117000.0,61200.0,-0.2324786324786324,0.4673202614379084,20701684.0,1859011223200.0,22200086600.0,16374537865.0,0.0119418787379809,yfinance_download,237690.KQ
2025-02-12,89500.0,89700.0,85400.0,85800.0,85530.6953125,231615.0,-0.0445434298440979,-0.4062283737024221,87690.0,87270.0,94989.16666666669,0.5774264929769614,0.5674500971302003,-0.0891719745222929,-0.1298174442190669,-0.0326944757609921,-0.0215531987683886,-0.0168442763836369,-0.0967391018274014,117000.0,61200.0,-0.2666666666666667,0.4019607843137254,20701684.0,1776204487200.0,19872567000.0,16063905985.0,0.0111882202433386,yfinance_download,237690.KQ
2025-02-13,86500.0,86500.0,84800.0,85300.0,85032.265625,125438.0,-0.0058275058275057,-0.4096885813148788,87305.0,87106.66666666667,94944.16666666669,0.5765653009933854,0.5631412764651135,-0.0827956989247311,-0.103049421661409,-0.0595369349503859,-0.0229654658954241,-0.0207408541252105,-0.101577242765485,117000.0,61200.0,-0.270940170940171,0.3937908496732025,20701684.0,1765853645200.0,10699861400.0,16203965255.0,0.0060593138220059,yfinance_download,237690.KQ
2025-02-14,86200.0,86400.0,83700.0,84400.0,84135.09375,197009.0,-0.0105509964830011,-0.4159169550173011,87005.0,87001.66666666667,94888.33333333331,0.5701230462915065,0.5556383447777534,-0.0663716814159292,-0.0694597574421168,-0.0735455543358946,-0.0299408079995402,-0.0299036416926878,-0.1105334340364989,117000.0,61200.0,-0.2786324786324786,0.3790849673202614,20701684.0,1747222129600.0,16627559600.0,16579867355.0,0.0095165687970118,yfinance_download,237690.KQ
2025-02-17,84400.0,84900.0,83500.0,84500.0,84234.78125,125259.0,0.0011848341232227,-0.4152249134948097,86710.0,86900.0,94849.16666666669,0.5702162614324006,0.5556492602416856,-0.0652654867256636,-0.0673289183222958,-0.0526905829596412,-0.025487256371814,-0.0276179516685846,-0.1091118354580519,117000.0,61200.0,-0.2777777777777778,0.380718954248366,20701684.0,1749292298000.0,10584385500.0,16645836350.0,0.0060506671824379,yfinance_download,237690.KQ
2025-02-18,84600.0,84700.0,82300.0,83600.0,83337.6015625,164351.0,-0.0106508875739644,-0.4214532871972318,86500.0,86783.33333333333,94802.5,0.5628395240047984,0.5560319680220236,-0.0478359908883826,-0.0772626931567328,-0.0627802690582959,-0.0335260115606936,-0.0366813904359515,-0.1181667150127897,117000.0,61200.0,-0.2854700854700854,0.3660130718954248,20701684.0,1730660782400.0,13739743600.0,16790114170.0,0.0079390159757051,yfinance_download,237690.KQ
2025-02-19,82900.0,83500.0,82000.0,82400.0,82141.3671875,142302.0,-0.0143540669856458,-0.429757785467128,86115.0,86706.66666666667,94697.5,0.554377386576621,0.5508376101092989,-0.0854605993340732,-0.0528735632183907,-0.1326315789473684,-0.0431399872263833,-0.0496693833615254,-0.1298608727791124,117000.0,61200.0,-0.2957264957264957,0.34640522875817,20701684.0,1705818761600.0,11725684800.0,16737575895.0,0.0068739335408655,yfinance_download,237690.KQ
2025-02-20,82000.0,82600.0,80800.0,81000.0,80745.765625,146492.0,-0.0169902912621359,-0.4394463667820069,85825.0,86620.0,94536.66666666669,0.5432653760947705,0.5516054549739459,-0.0668202764976958,-0.0603248259860789,-0.1924227318045862,-0.056219050393242,-0.0648810898175941,-0.1431895913402208,117000.0,61700.0,-0.3076923076923077,0.312803889789303,20701684.0,1676836404000.0,11865852000.0,16655772815.0,0.0070763325341068,yfinance_download,237690.KQ
2025-02-21,81000.0,84000.0,80500.0,82800.0,82540.1171875,159567.0,0.0222222222222221,-0.4269896193771626,85700.0,86601.66666666667,94405.83333333331,0.5474763631718765,0.5507745872112064,-0.0293083235638921,-0.0131108462455303,-0.1593908629441623,-0.0338389731621937,-0.0438983083466446,-0.122935553064341,117000.0,61700.0,-0.2923076923076922,0.3419773095623988,20701684.0,1714099435200.0,13212147600.0,16597766080.0,0.0077079236645675,yfinance_download,237690.KQ
2025-02-24,82800.0,83700.0,80200.0,81500.0,81244.1953125,175755.0,-0.0157004830917874,-0.4359861591695502,85485.0,86531.66666666667,94210.83333333331,0.5492783011436548,0.5499625108113138,-0.0501165501165501,-0.0490081680280046,-0.2230695900857959,-0.0466163654442299,-0.0581482694196729,-0.1349190202825223,117000.0,61700.0,-0.3034188034188034,0.3209076175040519,20701684.0,1687187246000.0,14324032500.0,16824984925.0,0.0084898890351142,yfinance_download,237690.KQ
2025-02-25,81000.0,83200.0,80300.0,82300.0,82041.6796875,123249.0,0.0098159509202453,-0.4304498269896194,85170.0,86516.66666666667,94042.5,0.5360054235137889,0.5470012798158488,-0.0711060948081264,-0.0108173076923077,-0.1970731707317072,-0.0336973112598333,-0.0487382007320362,-0.1248637584071031,117000.0,61700.0,-0.2965811965811965,0.3338735818476499,20701684.0,1703748593200.0,10143392700.0,16410944920.0,0.0059535736319808,yfinance_download,237690.KQ
2025-02-26,82200.0,83500.0,81700.0,82000.0,81742.625,74234.0,-0.0036452004860266,-0.4325259515570934,84900.0,86463.33333333333,93825.0,0.5346079366098263,0.5448295527732367,-0.0617848970251716,-0.0375586854460093,-0.2414431082331174,-0.0341578327444052,-0.0516211110682754,-0.1260325073274714,117000.0,61700.0,-0.2991452991452992,0.3290113452188006,20701684.0,1697538088000.0,6087188000.0,16138962500.0,0.0035858918530492,yfinance_download,237690.KQ
2025-02-27,81500.0,82400.0,78000.0,79300.0,79051.1015625,243555.0,-0.0329268292682927,-0.4512110726643599,84495.0,86391.66666666667,93531.66666666669,0.5451168751992733,0.5476696759705432,-0.0926773455377574,-0.0514354066985646,-0.3074235807860261,-0.0614829279839044,-0.082087392688338,-0.152158805395677,117000.0,61700.0,-0.3222222222222222,0.2852512155591571,20701684.0,1641643541200.0,19313911500.0,16699222585.0,0.0117649849162029,yfinance_download,237690.KQ
2025-02-28,78500.0,79400.0,75800.0,76500.0,76259.890625,201429.0,-0.0353089533417402,-0.4705882352941176,83980.0,86280.0,93223.33333333331,0.556134209414531,0.5522912442373394,-0.118663594470046,-0.0805288461538461,-0.3259911894273127,-0.0890688259109311,-0.1133518776077886,-0.1793899953516644,117000.0,61700.0,-0.3461538461538461,0.239870340356564,20701684.0,1583678826000.0,15409318500.0,17097572570.0,0.0097300779975194,yfinance_download,237690.KQ
2025-03-04,76700.0,77600.0,75100.0,77400.0,77157.0625,134451.0,0.0117647058823529,-0.4643598615916955,83835.0,86073.33333333333,92906.66666666669,0.494881582705966,0.5272091746942612,-0.0361145703611457,-0.1380846325167037,-0.3292894280762565,-0.0767579173376274,-0.1007667880102237,-0.1669058553386911,117000.0,61700.0,-0.3384615384615385,0.2544570502431118,20701684.0,1602310341600.0,10406507400.0,16784279550.0,0.0064946890310952,yfinance_download,237690.KQ
2025-03-05,77300.0,80500.0,77000.0,78900.0,78652.3515625,136342.0,0.0193798449612403,-0.4539792387543252,83640.0,85921.66666666667,92625.0,0.4863228777326441,0.5276147990879088,-0.0471014492753623,-0.1034090909090909,-0.2999112688553682,-0.0566714490674318,-0.0817217232750762,-0.1481781376518218,117000.0,61700.0,-0.3256410256410256,0.2787682333873582,20701684.0,1633362867600.0,10757383800.0,16797428580.0,0.0065860342569232,yfinance_download,237690.KQ
2025-03-06,79600.0,79600.0,77000.0,78700.0,78452.984375,125404.0,-0.0025348542458808,-0.4553633217993079,83435.0,85741.66666666667,92322.5,0.4862697232879343,0.5262351265425614,-0.0495169082125603,-0.1206703910614525,-0.3156521739130434,-0.0567507640678371,-0.0821265429099038,-0.1475534133066154,117000.0,61700.0,-0.3273504273504273,0.2755267423014587,20701684.0,1629222530800.0,9869294800.0,16793948420.0,0.0060576714435405,yfinance_download,237690.KQ
2025-03-07,78000.0,79200.0,74900.0,75100.0,74864.28125,212740.0,-0.0457433290978398,-0.4802768166089965,82690.0,85493.33333333333,92026.66666666669,0.3805964906310897,0.5337021307003642,-0.1655555555555555,-0.1655555555555555,-0.3209764918625678,-0.0917886080541782,-0.1215689332501559,-0.183932193567082,117000.0,61700.0,-0.358119658119658,0.2171799027552674,20701684.0,1554696468400.0,15976774000.0,16026323620.0,0.010276458668773,yfinance_download,237690.KQ
2025-03-10,74200.0,76400.0,73000.0,75400.0,75163.34375,93250.0,0.0039946737683089,-0.4782006920415225,82005.0,85298.33333333333,91775.83333333331,0.3832123089060275,0.5302244465205483,-0.153759820426487,-0.1343283582089552,-0.2853080568720378,-0.0805438692762636,-0.1160436897946423,-0.1784329571147088,117000.0,61700.0,-0.3555555555555555,0.2220421393841167,20701684.0,1560906973600.0,7031050000.0,15876354495.0,0.0045044644677215,yfinance_download,237690.KQ
2025-03-11,73100.0,74800.0,72800.0,73300.0,73069.9296875,149620.0,-0.0278514588859416,-0.4927335640138408,81000.0,85063.33333333333,91497.5,0.3258608862053586,0.5327621428137452,-0.2152034261241969,-0.1613272311212814,-0.3130271790065604,-0.0950617283950617,-0.1382891179121438,-0.1988852154430449,117000.0,63600.0,-0.3735042735042735,0.1525157232704401,20701684.0,1517433437200.0,10967146000.0,13040694365.0,0.0072274313529276,yfinance_download,237690.KQ
2025-03-12,73400.0,74600.0,73300.0,74100.0,73867.421875,81802.0,0.0109140518417463,-0.48719723183391,80215.0,84903.33333333333,91286.66666666669,0.3193318844407969,0.5268468518526778,-0.1748329621380846,-0.114695340501792,-0.2545271629778671,-0.076232624820794,-0.1272427466530563,-0.1882713795369897,117000.0,63600.0,-0.3666666666666667,0.1650943396226414,20701684.0,1533994784400.0,6061528200.0,12233766445.0,0.0039514659773572,yfinance_download,237690.KQ
2025-03-13,75000.0,75300.0,73400.0,74400.0,74166.4765625,112137.0,0.0040485829959513,-0.485121107266436,79645.0,84883.33333333333,91074.16666666669,0.2939103277726694,0.4880508762454224,-0.1328671328671329,-0.0158730158730159,-0.2552552552552553,-0.065854730365999,-0.1235028470449636,-0.183083384421122,117000.0,63600.0,-0.3641025641025641,0.1698113207547169,20701684.0,1540205289600.0,8342992800.0,11657287735.0,0.0054168057052749,yfinance_download,237690.KQ
2025-03-14,74800.0,76500.0,74100.0,75600.0,75362.7109375,82500.0,0.0161290322580645,-0.4768166089965397,79160.0,84790.0,90868.33333333331,0.3051301193579952,0.4644629307255969,-0.1137162954279015,-0.0689655172413793,-0.2462612163509471,-0.0449722081859524,-0.1083854228092935,-0.1680269987711157,117000.0,63600.0,-0.3538461538461538,0.1886792452830188,20701684.0,1565047310400.0,6237000000.0,11434144665.0,0.0039851830411477,yfinance_download,237690.KQ
2025-03-17,76300.0,76500.0,74600.0,76200.0,75960.828125,70679.0,0.0079365079365079,-0.4726643598615917,78750.0,84700.0,90674.16666666669,0.3083840185267413,0.4646616065848465,-0.0971563981042653,-0.0661764705882352,-0.2341708542713567,-0.0323809523809524,-0.1003541912632821,-0.1596283395674991,117000.0,63600.0,-0.3487179487179487,0.1981132075471698,20701684.0,1577468320800.0,5385739800.0,10872053675.0,0.0034141666929125,yfinance_download,237690.KQ
2025-03-18,76000.0,77900.0,75300.0,77200.0,76957.6875,92335.0,0.0131233595800523,-0.4657439446366782,78385.0,84591.66666666667,90510.83333333331,0.3143700680229117,0.4623073489870772,-0.0863905325443786,-0.0776583034647551,-0.2024793388429752,-0.015117688333227,-0.0873805536400355,-0.1470634270299134,117000.0,63900.0,-0.3401709401709402,0.2081377151799686,20701684.0,1598170004800.0,7128262000.0,10699247500.0,0.0044602651649015,yfinance_download,237690.KQ
2025-03-19,77000.0,77900.0,76000.0,76200.0,75960.828125,98625.0,-0.0129533678756477,-0.4726643598615917,78015.0,84438.33333333333,90321.66666666669,0.3150905802569761,0.460802761713926,-0.0885167464114832,-0.1077283372365339,-0.2295247724974721,-0.0232647567775428,-0.0975662712433136,-0.1563486059085121,117000.0,66000.0,-0.3487179487179487,0.1545454545454545,20701684.0,1577468320800.0,7515225000.0,10388021570.0,0.0047641051810084,yfinance_download,237690.KQ
2025-03-20,75600.0,77300.0,75450.0,75900.0,75661.7734375,84651.0,-0.0039370078740157,-0.4747404844290657,77690.0,84220.0,90105.83333333331,0.3129028419877035,0.4517510136140675,-0.078883495145631,-0.147191011235955,-0.2544204322200393,-0.0230402883253958,-0.0987888862502968,-0.157657199404404,117000.0,68800.0,-0.3512820512820512,0.1031976744186047,20701684.0,1571257815600.0,6425010900.0,10122987875.0,0.0040890876317115,yfinance_download,237690.KQ
2025-03-21,75900.0,77300.0,75300.0,75800.0,75562.0859375,92451.0,-0.0013175230566534,-0.475432525951557,77430.0,83995.0,89825.0,0.3091383079870738,0.4516038110932398,-0.0641975308641975,-0.1511758118701007,-0.3077625570776255,-0.0210512721167506,-0.0975653312697184,-0.1561369329251322,117000.0,68800.0,-0.3521367521367521,0.1017441860465115,20701684.0,1569187647200.0,7007785800.0,9880084565.0,0.0044658685737836,yfinance_download,237690.KQ
2025-03-24,75500.0,78700.0,75200.0,77000.0,76758.3203125,57903.0,0.0158311345646438,-0.4671280276816609,77140.0,83795.0,89491.66666666667,0.3029574624227464,0.4531274231072474,-0.0700483091787439,-0.1348314606741573,-0.3418803418803419,-0.0018148820326678,-0.0810907572050838,-0.1395846913120403,117000.0,72700.0,-0.3418803418803419,0.0591471801925722,20701684.0,1594029668000.0,4458531000.0,9442403735.0,0.0027970188318979,yfinance_download,237690.KQ
2025-03-25,76300.0,78200.0,76200.0,77200.0,76957.6875,82246.0,0.0025974025974024,-0.4657439446366782,76925.0,83663.33333333333,89196.66666666667,0.3000921885228098,0.4447431459646221,-0.052760736196319,-0.0928319623971798,-0.3143872113676732,0.0035749106272342,-0.0772540738674847,-0.1344968048133339,117000.0,72700.0,-0.3401709401709402,0.061898211829436,20701684.0,1598170004800.0,6349391200.0,9043671670.0,0.0039729135079059,yfinance_download,237690.KQ
2025-03-26,77900.0,78000.0,75900.0,77200.0,76957.6875,43880.0,0.0,-0.4657439446366782,76670.0,83536.66666666667,88934.16666666667,0.2967383235349305,0.4447244325141418,-0.0619684082624544,-0.089622641509434,-0.2897884084636615,0.0069127429242206,-0.0758549140098161,-0.1319421669587054,117000.0,72700.0,-0.3401709401709402,0.061898211829436,20701684.0,1598170004800.0,3387536000.0,8705878835.0,0.0021196343254007,yfinance_download,237690.KQ
2025-03-27,76600.0,77400.0,76000.0,76200.0,75960.828125,53857.0,-0.0129533678756477,-0.4726643598615917,76380.0,83385.0,88708.33333333333,0.2988284887703375,0.4451208947165406,-0.0707317073170731,-0.1066822977725674,-0.2623426911907066,-0.0023566378633149,-0.0861665767224321,-0.1410051667449506,117000.0,72700.0,-0.3487179487179487,0.0481430536451168,20701684.0,1577468320800.0,4103903400.0,8606714605.0,0.0026015757945102,yfinance_download,237690.KQ
2025-03-28,76500.0,76800.0,73600.0,74100.0,73867.421875,65312.0,-0.0275590551181101,-0.48719723183391,76120.0,83185.0,88459.16666666667,0.2923527532269609,0.447696482150394,-0.0655737704918032,-0.1393728222996515,-0.2875,-0.0265370467682606,-0.1092144016349101,-0.1623253666946142,117000.0,73300.0,-0.3666666666666667,0.0109140518417463,20701684.0,1533994784400.0,4839619200.0,7882999990.0,0.0031549124216174,yfinance_download,237690.KQ
2025-03-31,72000.0,74000.0,70200.0,72100.0,71873.6953125,98271.0,-0.0269905533063428,-0.501038062283737,75900.0,82936.66666666667,88225.83333333333,0.2815347224340145,0.4497801309811088,-0.057516339869281,-0.171264367816092,-0.2797202797202797,-0.0500658761528326,-0.1306619508862184,-0.1827790424195482,117000.0,72100.0,-0.3837606837606837,0.0,20701684.0,1492591416400.0,7085339100.0,7466801020.0,0.0047470051228682,yfinance_download,237690.KQ
2025-04-01,72000.0,75800.0,72000.0,75000.0,74764.59375,59371.0,0.0402219140083217,-0.4809688581314879,75780.0,82741.66666666667,88011.66666666667,0.3169611967561203,0.4583073261745213,-0.0310077519379845,-0.1349480968858131,-0.2552135054617676,-0.0102929532858273,-0.0935643065766945,-0.1478402484519098,117000.0,72100.0,-0.3589743589743589,0.0402219140083217,20701684.0,1552626300000.0,4452825000.0,7169116900.0,0.0028679309374058,yfinance_download,237690.KQ
2025-04-02,74900.0,75000.0,72800.0,73000.0,72770.875,44791.0,-0.0266666666666666,-0.4948096885813149,75485.0,82476.66666666667,87782.5,0.3190909586764141,0.4574362587406562,-0.0747782002534854,-0.1788526434195725,-0.2736318407960199,-0.0329204477710803,-0.1149011841733016,-0.1683991683991683,117000.0,72100.0,-0.376068376068376,0.0124826629680998,20701684.0,1511222932000.0,3269743000.0,6794734860.0,0.0021636404072248,yfinance_download,237690.KQ
2025-04-03,71400.0,75200.0,71200.0,74400.0,74166.4765625,53024.0,0.0191780821917808,-0.485121107266436,75270.0,82293.33333333333,87515.0,0.3292750765753846,0.4532017724893231,-0.0546378653113087,-0.1288056206088993,-0.3014084507042254,-0.0115583897967317,-0.0959170447180816,-0.1498600239958863,117000.0,72100.0,-0.3641025641025641,0.0319001386962551,20701684.0,1540205289600.0,3944985600.0,6498519400.0,0.0025613375221068,yfinance_download,237690.KQ
2025-04-04,73600.0,75700.0,72500.0,73900.0,73668.046875,76410.0,-0.0067204301075268,-0.4885813148788928,75210.0,82000.0,87237.5,0.2880103249472684,0.4267213442921254,-0.0159786950732356,-0.1923497267759563,-0.3106343283582089,-0.0174178965563089,-0.098780487804878,-0.1528872331279552,117000.0,72100.0,-0.3683760683760684,0.0249653259361997,20701684.0,1529854447600.0,5646699000.0,5982015650.0,0.0036910040748375,yfinance_download,237690.KQ
2025-04-07,70800.0,71700.0,66600.0,67300.0,67088.765625,210869.0,-0.0893098782138024,-0.5342560553633218,74805.0,81600.0,86902.5,0.425616855698962,0.4617536189559797,-0.1074270557029177,-0.2628696604600219,-0.3739534883720929,-0.100327518214023,-0.1752450980392157,-0.225568884669601,117000.0,67300.0,-0.4247863247863248,0.0,20701684.0,1393223333200.0,14191483700.0,6340037335.0,0.0101860795479247,yfinance_download,237690.KQ
2025-04-08,68600.0,74300.0,67700.0,72800.0,72571.5,145962.0,0.0817236255572064,-0.4961937716262976,74780.0,81280.0,86625.0,0.5166489171989553,0.4940085596956605,-0.0068212824010913,-0.208695652173913,-0.3138548539114043,-0.0264776678256217,-0.1043307086614173,-0.1595959595959596,117000.0,67300.0,-0.3777777777777777,0.0817236255572064,20701684.0,1507082595200.0,10626033600.0,6322981715.0,0.0070507307521455,yfinance_download,237690.KQ
2025-04-09,72800.0,72800.0,67400.0,68200.0,67985.9375,133530.0,-0.0631868131868131,-0.5280276816608996,74485.0,80936.66666666667,86286.66666666667,0.5612334037435347,0.505018029709106,-0.0796221322537111,-0.2319819819819819,-0.3731617647058823,-0.084379405249379,-0.1573658416045468,-0.2096113729429035,117000.0,67300.0,-0.417094017094017,0.013372956909361,20701684.0,1411854848800.0,9106746000.0,6475242605.0,0.0064501998967813,yfinance_download,237690.KQ
2025-04-10,71900.0,73400.0,71200.0,73400.0,73169.6171875,95841.0,0.0762463343108503,-0.4920415224913494,74435.0,80590.0,85994.16666666667,0.628644819072104,0.5143688425108305,-0.0134408602150537,-0.2208067940552016,-0.3235023041474654,-0.0139047491099617,-0.0892170244447202,-0.1464537323268051,117000.0,67300.0,-0.3726495726495726,0.0906389301634471,20701684.0,1519503605600.0,7034729400.0,6409829435.0,0.004629623367838,yfinance_download,237690.KQ
2025-04-11,72500.0,76700.0,71200.0,76100.0,75861.140625,116516.0,0.0367847411444142,-0.4733564013840831,74460.0,80308.33333333333,85719.16666666667,0.6398198692431709,0.5206002168063125,0.0066137566137565,-0.1817204301075269,-0.3024747937671861,0.0220252484555465,-0.0524021998547264,-0.1122172209638062,117000.0,67300.0,-0.3495726495726495,0.1307578008915304,20701684.0,1575398152400.0,8866867600.0,6541322815.0,0.0056283343905742,yfinance_download,237690.KQ
2025-04-14,76100.0,78400.0,75700.0,77500.0,77256.75,98408.0,0.0183968462549277,-0.4636678200692041,74525.0,80093.33333333333,85485.0,0.6423740524191031,0.5197029793238067,0.0170603674540681,-0.1426991150442478,-0.2660984848484848,0.0399194901039918,-0.0323788912934909,-0.093408200269053,117000.0,67300.0,-0.3376068376068376,0.151560178306092,20701684.0,1604380510000.0,7626620000.0,6653366825.0,0.004753622941979,yfinance_download,237690.KQ
2025-04-15,78400.0,79100.0,76600.0,78200.0,77954.5546875,95511.0,0.0090322580645161,-0.4588235294117647,74575.0,79890.0,85271.66666666667,0.6415664698143874,0.5201835867816814,0.0129533678756477,-0.1349557522123894,-0.2466281310211946,0.0486087831042574,-0.0211540868694455,-0.0829310243730822,117000.0,67300.0,-0.3316239316239316,0.161961367013373,20701684.0,1618871688800.0,7468960200.0,6670401735.0,0.0046136826356735,yfinance_download,237690.KQ
2025-04-16,77500.0,78800.0,75500.0,76000.0,75761.4609375,71190.0,-0.0281329923273657,-0.4740484429065744,74565.0,79693.33333333333,84988.33333333333,0.6483045340895867,0.5200465658059585,-0.0026246719160104,-0.1343963553530751,-0.3090909090909091,0.0192449540669215,-0.0463443198929227,-0.1057596140646754,117000.0,67300.0,-0.3504273504273504,0.1292719167904903,20701684.0,1573327984000.0,5410440000.0,6565162485.0,0.0034388506751431,yfinance_download,237690.KQ
2025-04-17,75900.0,77000.0,75800.0,76100.0,75861.140625,43415.0,0.0013157894736841,-0.4733564013840831,74575.0,79460.0,84710.0,0.6480784108162377,0.5167999071392603,0.0026350461133068,-0.1553829078801332,-0.3050228310502283,0.0204492122024806,-0.0422854266297507,-0.1016408924566166,117000.0,67300.0,-0.3495726495726495,0.1307578008915304,20701684.0,1575398152400.0,3303881500.0,6409106015.0,0.0020971723846233,yfinance_download,237690.KQ
2025-04-18,75600.0,77400.0,75500.0,76600.0,76359.5703125,56111.0,0.0065703022339027,-0.4698961937716263,74615.0,79290.0,84493.33333333333,0.6483212569766866,0.5121026769054916,0.0105540897097624,-0.1175115207373271,-0.253411306042885,0.0266032299135563,-0.0339260940850044,-0.0934195991794224,117000.0,67300.0,-0.3452991452991453,0.138187221396731,20701684.0,1585748994400.0,4298102600.0,6273621855.0,0.0027104558257192,yfinance_download,237690.KQ
2025-04-21,76100.0,76500.0,75100.0,75800.0,75562.0859375,29935.0,-0.010443864229765,-0.475432525951557,74555.0,79131.66666666667,84298.33333333333,0.6472283107930861,0.5113979682643217,-0.0155844155844155,-0.1113716295427901,-0.2358870967741935,0.0166990812152103,-0.0421028244065798,-0.1008125902054212,117000.0,67300.0,-0.3521367521367521,0.1263001485884101,20701684.0,1569187647200.0,2269073000.0,6164148955.0,0.0014460176283243,yfinance_download,237690.KQ
2025-04-22,74100.0,77000.0,74100.0,76300.0,76060.515625,51037.0,0.0065963060686016,-0.4719723183391003,74510.0,78973.33333333333,84109.16666666667,0.6475962850739562,0.5114450833708315,-0.0116580310880829,-0.1107226107226106,-0.2292929292929293,0.0240236209904711,-0.0338510889751814,-0.0928456073951512,117000.0,67300.0,-0.3478632478632478,0.1337295690936106,20701684.0,1579538489200.0,3894123100.0,6041385550.0,0.0024653549923764,yfinance_download,237690.KQ
2025-04-23,76800.0,77000.0,76100.0,76700.0,76459.2578125,36455.0,0.0052424639580603,-0.4692041522491349,74485.0,78775.0,83937.5,0.6478415807467741,0.5067084188400078,-0.0064766839378238,-0.1343115124153499,-0.211716341212744,0.0297375310465193,-0.0263408441764518,-0.0862248696947133,117000.0,67300.0,-0.3444444444444444,0.1396731054977711,20701684.0,1587819162800.0,2796098500.0,6011813675.0,0.0017609678516974,yfinance_download,237690.KQ
2025-04-24,76100.0,78300.0,76100.0,77400.0,77157.0625,50725.0,0.0091264667535853,-0.4643598615916955,74545.0,78608.33333333333,83806.66666666667,0.6465145334702429,0.5066134181085974,0.0157480314960629,-0.11441647597254,-0.1686358754027926,0.0382990140183781,-0.0153715678999257,-0.0764457879245883,117000.0,67300.0,-0.3384615384615385,0.1500742942050519,20701684.0,1602310341600.0,3926115000.0,6002924255.0,0.0024502837546935,yfinance_download,237690.KQ
2025-04-25,77400.0,78100.0,76900.0,77100.0,76858.0078125,38957.0,-0.003875968992248,-0.4664359861591696,74695.0,78436.66666666667,83660.0,0.6377678694172614,0.5066259309112233,0.0404858299595141,-0.1178489702517162,-0.1858500527983104,0.0321976035879241,-0.0170413497088947,-0.0784126225197227,117000.0,67300.0,-0.341025641025641,0.1456166419019315,20701684.0,1596099836400.0,3003584700.0,5911122530.0,0.0018818275846544,yfinance_download,237690.KQ
2025-04-28,77100.0,81400.0,76800.0,79300.0,79051.1015625,180988.0,0.0285343709468222,-0.4512110726643599,75055.0,78311.66666666667,83509.16666666667,0.6338626845034142,0.5102322909790272,0.0998613037447988,-0.086405529953917,-0.1858316221765913,0.0565585237492505,0.0126205120565261,-0.0504036483020826,117000.0,67300.0,-0.3222222222222222,0.1783060921248143,20701684.0,1641643541200.0,14352348400.0,6274472995.0,0.0087426704030454,yfinance_download,237690.KQ
2025-04-29,80200.0,80300.0,76200.0,78200.0,77954.5546875,102159.0,-0.0138713745271121,-0.4588235294117647,75215.0,78276.66666666667,83325.0,0.6235973399203193,0.4873007199094474,0.0426666666666666,-0.0261519302615192,-0.2203389830508474,0.0396862327993086,-0.0009794319294809,-0.0615061506150614,117000.0,67300.0,-0.3316239316239316,0.161961367013373,20701684.0,1618871688800.0,7988833800.0,6451273435.0,0.0049348159309165,yfinance_download,237690.KQ
2025-04-30,77500.0,81100.0,77000.0,79000.0,78752.0390625,118774.0,0.0102301790281329,-0.4532871972318338,75515.0,78213.33333333333,83185.83333333333,0.6141339112425213,0.4834681038077549,0.0821917808219179,-0.0458937198067632,-0.1745036572622779,0.0461497715685625,0.0100579611319469,-0.0503190647445979,117000.0,67300.0,-0.3247863247863247,0.1738484398216939,20701684.0,1635433036000.0,9383146000.0,6756943585.0,0.0057374076427792,yfinance_download,237690.KQ
2025-05-02,78100.0,79500.0,77900.0,78900.0,78652.3515625,41749.0,-0.0012658227848101,-0.4539792387543252,75740.0,78148.33333333333,83002.5,0.612012994677279,0.4834713858991999,0.0604838709677419,-0.0471014492753623,-0.2180376610505451,0.0417216794296275,0.0096184606197615,-0.0494262221017439,117000.0,67300.0,-0.3256410256410256,0.1723625557206538,20701684.0,1633362867600.0,3293996100.0,6724394110.0,0.0020166958398167,yfinance_download,237690.KQ
2025-05-07,78300.0,78300.0,74700.0,75000.0,74764.59375,106130.0,-0.0494296577946767,-0.4809688581314879,75795.0,77898.33333333333,82814.16666666667,0.639759110283595,0.4584235399544841,0.0148849797023005,-0.1666666666666666,-0.2315573770491803,-0.0104888185236493,-0.0372066154603221,-0.094357849401773,117000.0,67300.0,-0.3589743589743589,0.1144130757800891,20701684.0,1552626300000.0,7959750000.0,6840046660.0,0.0051266360746304,yfinance_download,237690.KQ
2025-05-08,75100.0,76900.0,74900.0,75500.0,75263.0234375,88072.0,0.0066666666666665,-0.4775086505190311,76205.0,77671.66666666667,82626.66666666667,0.5423350205971343,0.4585504702668669,0.1218424962852897,-0.1526374859708192,-0.2295918367346938,-0.0092513614592217,-0.0279595734180203,-0.0862514119735355,117000.0,67300.0,-0.3547008547008546,0.1218424962852897,20701684.0,1562977142000.0,6649436000.0,6462944275.0,0.0042543398884844,yfinance_download,237690.KQ
2025-05-09,75500.0,75700.0,74300.0,74600.0,74365.8515625,42817.0,-0.0119205298013245,-0.4837370242214532,76295.0,77358.33333333333,82463.33333333333,0.4661511950651115,0.4466140303718333,0.0247252747252746,-0.2012847965738757,-0.2080679405520169,-0.0222163968805295,-0.0356565765377571,-0.0953555115404826,117000.0,67300.0,-0.3623931623931624,0.1084695393759287,20701684.0,1544345626400.0,3194148200.0,6091350005.0,0.0020682858457311,yfinance_download,237690.KQ
2025-05-12,75000.0,75000.0,71400.0,71700.0,71474.953125,122624.0,-0.0388739946380697,-0.5038062283737024,76470.0,77056.66666666667,82270.0,0.4277174077605144,0.4467256370952959,0.0513196480938416,-0.2015590200445434,-0.244467860906217,-0.0623774029030992,-0.0695159406497383,-0.1284793971070864,117000.0,67300.0,-0.3871794871794871,0.0653789004457652,20701684.0,1484310742800.0,8792140800.0,6075619745.0,0.0059233828513661,yfinance_download,237690.KQ
2025-05-13,72700.0,74100.0,72300.0,73600.0,73368.9921875,68046.0,0.0264993026499302,-0.4906574394463667,76480.0,76853.33333333333,82061.66666666667,0.3424402524293404,0.4424529330557715,0.0027247956403269,-0.1421911421911421,-0.2535496957403651,-0.0376569037656904,-0.0423317140874391,-0.1031135121961127,117000.0,67300.0,-0.3709401709401709,0.0936106983655273,20701684.0,1523643942400.0,5008185600.0,5974292555.0,0.0032869789723386,yfinance_download,237690.KQ
2025-05-14,72400.0,74300.0,71800.0,74200.0,73967.109375,48103.0,0.0081521739130434,-0.4865051903114187,76385.0,76668.33333333333,81887.5,0.3161158206340075,0.4428866714005909,-0.0249671484888305,-0.1301289566236811,-0.2197686645636172,-0.0286050926228971,-0.0321949522836459,-0.093878797130209,117000.0,67300.0,-0.3658119658119658,0.1025260029717682,20701684.0,1536064952800.0,3569242600.0,5709411305.0,0.0023236273918585,yfinance_download,237690.KQ
2025-05-15,73600.0,75200.0,73400.0,74600.0,74365.8515625,49502.0,0.0053908355795149,-0.4837370242214532,76240.0,76505.0,81753.33333333333,0.3087776035096997,0.4427673263537263,-0.0374193548387097,-0.1161137440758294,-0.177508269018743,-0.021511017838405,-0.0249003333115482,-0.0874989806735708,117000.0,67300.0,-0.3623931623931624,0.1084695393759287,20701684.0,1544345626400.0,3692849200.0,5512722765.0,0.0023912064351866,yfinance_download,237690.KQ
2025-05-16,74300.0,74900.0,72500.0,72800.0,72571.5,42707.0,-0.0241286863270777,-0.4961937716262976,75970.0,76310.0,81605.0,0.3158141445221766,0.4451029134348266,-0.0690537084398976,-0.1384615384615384,-0.1964679911699779,-0.0417269974990127,-0.0459965928449744,-0.1078978003798787,117000.0,67300.0,-0.3777777777777777,0.0817236255572064,20701684.0,1507082595200.0,3109069600.0,5294728235.0,0.002062972268343,yfinance_download,237690.KQ
2025-05-19,72600.0,72800.0,70800.0,71600.0,71375.265625,71243.0,-0.0164835164835165,-0.5044982698961937,75750.0,76110.0,81446.66666666667,0.3062673505400958,0.4457419432090375,-0.0578947368421052,-0.1435406698564593,-0.2097130242825606,-0.0547854785478547,-0.0592563395086059,-0.120897110583613,117000.0,67300.0,-0.388034188034188,0.0638930163447251,20701684.0,1482240574400.0,5100998800.0,5279256175.0,0.0034414108533392,yfinance_download,237690.KQ
2025-05-20,72200.0,77300.0,71900.0,73900.0,73668.046875,108267.0,0.032122905027933,-0.4885813148788928,75640.0,75968.33333333333,81337.5,0.3303334874395726,0.4504763970935982,-0.0289093298291721,-0.1031553398058252,-0.1505747126436781,-0.0230037017451084,-0.0272262565542659,-0.0914399877055478,117000.0,67300.0,-0.3683760683760684,0.0980683506686479,20701684.0,1529854447600.0,8000931300.0,5514108665.0,0.0052298643917084,yfinance_download,237690.KQ
2025-05-21,74900.0,76400.0,74200.0,75700.0,75462.3984375,59396.0,0.0243572395128552,-0.4761245674740484,75595.0,75880.0,81250.0,0.3417603520723596,0.4523364801980054,-0.0117493472584856,-0.0654320987654321,-0.1218097447795824,0.0013889807526952,-0.0023721665788086,-0.0683076923076922,117000.0,67300.0,-0.3529914529914529,0.1248142644873699,20701684.0,1567117478800.0,4496277200.0,5524017395.0,0.0028691385686304,yfinance_download,237690.KQ
2025-05-22,76000.0,78300.0,75100.0,75600.0,75362.7109375,100576.0,-0.0013210039630119,-0.4768166089965397,75585.0,75760.0,81180.83333333333,0.3397214316304376,0.4498010260962504,-0.0026385224274406,-0.0869565217391304,-0.098927294398093,0.000198452073824,-0.0021119324181626,-0.0687457014689427,117000.0,67300.0,-0.3538461538461538,0.1233283803863298,20701684.0,1565047310400.0,7603545600.0,5790741025.0,0.0048583487217754,yfinance_download,237690.KQ
2025-05-23,75300.0,76300.0,74100.0,75500.0,75263.0234375,44742.0,-0.0013227513227512,-0.4775086505190311,75545.0,75660.0,81095.83333333333,0.3388709729478305,0.4487741797212098,-0.0104849279161205,-0.0736196319018405,-0.1190198366394399,-0.0005956714541002,-0.0021147237642082,-0.0690027231156552,117000.0,67300.0,-0.3547008547008546,0.1218424962852897,20701684.0,1562977142000.0,3378021000.0,5764935920.0,0.0021612734500246,yfinance_download,237690.KQ
2025-05-26,76500.0,77000.0,75500.0,76600.0,76359.5703125,55417.0,0.0145695364238409,-0.4698961937716263,75540.0,75565.0,81040.83333333333,0.3424953326077081,0.4493634013997155,-0.0013037809647978,-0.0692588092345078,-0.0793269230769231,0.0140323007678051,0.013696817309601,-0.0547974786373124,117000.0,67300.0,-0.3452991452991453,0.138187221396731,20701684.0,1585748994400.0,4244942200.0,5837378105.0,0.0026769319829246,yfinance_download,237690.KQ
2025-05-27,76500.0,77500.0,75800.0,77500.0,77256.75,66330.0,0.0117493472584855,-0.4636678200692041,75545.0,75490.0,80976.66666666667,0.3435312671148733,0.4500540719839012,0.0012919896640826,-0.0548780487804878,-0.0903755868544601,0.0258786153947978,0.0266260431845277,-0.0429341785699585,117000.0,67300.0,-0.3376068376068376,0.151560178306092,20701684.0,1604380510000.0,5140575000.0,5898101105.0,0.0032040871650828,yfinance_download,237690.KQ
2025-05-28,77900.0,77900.0,76100.0,76400.0,76160.203125,58065.0,-0.0141935483870967,-0.471280276816609,75510.0,75441.66666666667,80916.66666666667,0.3471237840241941,0.4459152204195233,-0.0090791180285343,-0.0365699873896595,-0.0861244019138756,0.0117865183419414,0.0127029713906992,-0.0558187435633368,117000.0,67300.0,-0.347008547008547,0.1352154531946507,20701684.0,1581608657600.0,4436166000.0,5969730170.0,0.0028048442822332,yfinance_download,237690.KQ
2025-05-29,77300.0,78900.0,76700.0,77500.0,77256.75,87549.0,0.0143979057591623,-0.4636678200692041,75420.0,75458.33333333333,80869.16666666667,0.3350041098116398,0.4408209247651792,-0.0226986128625472,0.0130718954248365,-0.0685096153846154,0.0275788915407053,0.0270568746548869,-0.0416619436744536,117000.0,67300.0,-0.3376068376068376,0.151560178306092,20701684.0,1604380510000.0,6785047500.0,5591365125.0,0.004229076243266,yfinance_download,237690.KQ
2025-05-30,77500.0,80400.0,77300.0,79200.0,78951.4140625,129607.0,0.0219354838709677,-0.4519031141868512,75470.0,75488.33333333333,80780.83333333333,0.3407258855340148,0.4424113585816844,0.0127877237851663,0.0232558139534884,-0.1180400890868597,0.0494236120312707,0.0491687457222971,-0.019569411060792,117000.0,67300.0,-0.323076923076923,0.1768202080237741,20701684.0,1639573372800.0,10264874400.0,5705167155.0,0.0062606984050186,yfinance_download,237690.KQ
2025-06-02,78800.0,80500.0,77300.0,79500.0,79250.46875,102632.0,0.0037878787878788,-0.4498269896193771,75495.0,75498.33333333333,80710.0,0.3391389314584995,0.4407604258763029,0.0063291139240506,0.0076045627376426,-0.096590909090909,0.0530498708523743,0.0530033775580036,-0.0149919464750341,117000.0,67300.0,-0.3205128205128205,0.1812778603268945,20701684.0,1645783878000.0,8159244000.0,5643972055.0,0.0049576643136857,yfinance_download,237690.KQ
2025-06-04,81000.0,81100.0,77300.0,78200.0,77954.5546875,117125.0,-0.0163522012578616,-0.4588235294117647,75460.0,75490.0,80615.83333333333,0.3443884713910848,0.4420753822912543,-0.008871989860583,-0.0063532401524777,-0.1262569832402235,0.0363106281473628,0.0358987945423234,-0.0299672314164917,117000.0,67300.0,-0.3316239316239316,0.161961367013373,20701684.0,1618871688800.0,9159175000.0,5937231000.0,0.0056577522872052,yfinance_download,237690.KQ
2025-06-05,78600.0,79100.0,77100.0,77200.0,76957.6875,76309.0,-0.0127877237851662,-0.4657439446366782,75570.0,75525.0,80509.16666666667,0.2961246816223792,0.4324773371328505,0.0293333333333334,0.0279627163781623,-0.1422222222222222,0.0215694058488817,0.0221780867262495,-0.0411029799919264,117000.0,67300.0,-0.3401709401709402,0.1471025260029717,20701684.0,1598170004800.0,5891054800.0,5833796240.0,0.0036861252446902,yfinance_download,237690.KQ
2025-06-09,77400.0,80600.0,77000.0,80300.0,80047.9609375,161612.0,0.0401554404145076,-0.4442906574394464,75810.0,75606.66666666667,80452.5,0.3260532109398929,0.4398947625072584,0.0635761589403973,0.0649867374005304,-0.0780711825487945,0.0592270149056852,0.0620756547041705,-0.0018955284173891,117000.0,67300.0,-0.3136752136752136,0.1931649331352154,20701684.0,1662345225200.0,12977443600.0,6150196620.0,0.007806707898739,yfinance_download,237690.KQ
2025-06-10,80300.0,84700.0,79800.0,83200.0,82938.859375,208627.0,0.0361145703611456,-0.4242214532871972,76240.0,75771.66666666667,80417.5,0.3405974141823837,0.4412404075233267,0.1152815013404826,0.1350613915416099,-0.0480549199084667,0.0912906610703043,0.0980357653476453,0.0346006777131844,117000.0,67300.0,-0.2888888888888888,0.2362555720653789,20701684.0,1722380108800.0,17357766400.0,6858377530.0,0.0100777791797034,yfinance_download,237690.KQ
2025-06-11,83300.0,84000.0,82400.0,83700.0,83437.2890625,89924.0,0.0060096153846154,-0.4207612456747405,76840.0,75931.66666666667,80417.5,0.2972101393159728,0.440955086003065,0.1673640167364016,0.1295546558704452,0.0,0.0892764185320145,0.1023068987466799,0.0408182298629029,117000.0,67300.0,-0.2846153846153846,0.2436849925705795,20701684.0,1732730950800.0,7526638800.0,6795102430.0,0.004343801209602,yfinance_download,237690.KQ
2025-06-12,84400.0,84800.0,83000.0,83000.0,82739.484375,133361.0,-0.008363201911589,-0.4256055363321799,77310.0,76075.0,80479.16666666667,0.2940712006089663,0.4414917745078367,0.1277173913043479,0.1155913978494622,0.0978835978835979,0.0735997930410037,0.0910285902070324,0.0313228061092414,117000.0,67300.0,-0.2905982905982905,0.2332838038632987,20701684.0,1718239772000.0,11068963000.0,7098141300.0,0.0064420363097031,yfinance_download,237690.KQ
2025-06-13,83000.0,83500.0,79300.0,81200.0,80945.1328125,151195.0,-0.0216867469879518,-0.4380622837370242,77660.0,76168.33333333333,80479.16666666667,0.3100692582689038,0.4431969123506183,0.0943396226415094,0.0740740740740741,0.0,0.0455833118722637,0.0660598236362444,0.0089567693502459,117000.0,67300.0,-0.305982905982906,0.2065378900445764,20701684.0,1680976740800.0,12277034000.0,7533530870.0,0.0073035121200768,yfinance_download,237690.KQ
2025-06-16,81300.0,82400.0,78900.0,79900.0,79649.21875,97063.0,-0.0160098522167487,-0.4470588235294117,77925.0,76230.0,80465.0,0.3186221229636722,0.4444443334514371,0.0710455764075066,0.0485564304461942,-0.0208333333333333,0.0253448829002245,0.0481437754165026,-0.0070216864475237,117000.0,67300.0,-0.3170940170940171,0.1872213967310549,20701684.0,1654064551600.0,7755333700.0,7736655095.0,0.004688652382096,yfinance_download,237690.KQ
2025-06-17,79500.0,80400.0,78600.0,79100.0,78851.7265625,53847.0,-0.0100125156445557,-0.4525951557093426,78240.0,76261.66666666667,80426.66666666667,0.3060024434164879,0.4443172448659852,0.0865384615384614,0.0246113989637306,-0.054958183990442,0.0109918200408998,0.0372183491050548,-0.0164953580901857,117000.0,67300.0,-0.3239316239316239,0.175334323922734,20701684.0,1637503204400.0,4259297700.0,7794166500.0,0.0026010927420204,yfinance_download,237690.KQ
2025-06-18,78700.0,79200.0,77600.0,78000.0,77755.1796875,77139.0,-0.0139064475347661,-0.4602076124567473,78560.0,76291.66666666667,80365.0,0.303806076353912,0.4444474442541301,0.0893854748603351,0.0236220472440944,-0.0866510538641686,-0.0071283095723013,0.0223921354451119,-0.0294282336838175,117000.0,67300.0,-0.3333333333333333,0.1589895988112928,20701684.0,1614731352000.0,6016842000.0,7839958660.0,0.0037262186013466,yfinance_download,237690.KQ
2025-06-19,78700.0,78800.0,76800.0,77300.0,77057.375,55054.0,-0.0089743589743589,-0.4650519031141868,78730.0,76315.0,80267.5,0.2888334709717159,0.444795320370798,0.0460081190798375,0.0184453227931489,-0.1314606741573033,-0.0181633430712562,0.0129070300727249,-0.0369701311240538,117000.0,67300.0,-0.3393162393162393,0.1485884101040118,20701684.0,1600240173200.0,4255674200.0,7652695805.0,0.0026593971775436,yfinance_download,237690.KQ
2025-06-20,78600.0,81800.0,78500.0,80800.0,80546.390625,146728.0,0.0452781371280723,-0.4408304498269896,78985.0,76398.33333333333,80196.66666666667,0.3179949487992952,0.4540508299792513,0.0673712021136063,0.0659630606860157,-0.0951847704367301,0.0229790466544279,0.0576146949104474,0.0075231722016708,117000.0,67300.0,-0.3094017094017094,0.200594353640416,20701684.0,1672696067200.0,11855622400.0,8020663065.0,0.007087732572867,yfinance_download,237690.KQ
2025-06-23,80300.0,80300.0,77700.0,78300.0,78054.234375,98057.0,-0.0309405940594059,-0.4581314878892734,79120.0,76420.0,80107.5,0.3404794359460409,0.4578332987737951,0.0357142857142858,0.0168831168831169,-0.1202247191011236,-0.0103640040444893,0.0246008898194189,-0.0225634303904128,117000.0,67300.0,-0.3307692307692308,0.1634472511144131,20701684.0,1620941857200.0,7677863100.0,8024378940.0,0.0047366677995857,yfinance_download,237690.KQ
2025-06-24,79200.0,79900.0,78100.0,79100.0,78851.7265625,96869.0,0.0102171136653894,-0.4525951557093426,79300.0,76451.66666666667,80057.5,0.3414608183937098,0.4582351400280677,0.047682119205298,0.0246113989637306,-0.0705052878965922,-0.0025220680958385,0.0346406226155957,-0.0119601536395715,117000.0,67300.0,-0.3239316239316239,0.175334323922734,20701684.0,1637503204400.0,7662337900.0,8238594785.0,0.0046792811637932,yfinance_download,237690.KQ
2025-06-25,79300.0,80200.0,78200.0,79200.0,78951.4140625,57218.0,0.0012642225031604,-0.4519031141868512,79430.0,76485.0,80010.83333333333,0.3385021189598919,0.4582328568906212,0.0339425587467363,0.0259067357512954,-0.0660377358490565,-0.0028956313735364,0.0354971563051578,-0.0101340443481611,117000.0,67300.0,-0.323076923076923,0.1768202080237741,20701684.0,1639573372800.0,4531665600.0,8252930955.0,0.0027639297363441,yfinance_download,237690.KQ
2025-06-26,80000.0,80000.0,77500.0,77700.0,77456.125,62839.0,-0.0189393939393939,-0.4622837370242214,79440.0,76510.0,79947.5,0.3441213093283041,0.4591655317596166,0.0025806451612904,0.0196850393700787,-0.089097303634232,-0.0219033232628398,0.0155535224153704,-0.0281121986303511,117000.0,67300.0,-0.3358974358974359,0.1545319465081722,20701684.0,1608520846800.0,4882590300.0,8240031720.0,0.003035453540881,yfinance_download,237690.KQ
2025-06-27,78200.0,79100.0,76300.0,76500.0,76259.890625,65279.0,-0.0154440154440154,-0.4705882352941176,79445.0,76550.0,79867.5,0.3448500849196221,0.4566410876455859,0.0013089005235602,0.0323886639676114,-0.1114982578397212,-0.0370696708414626,-0.000653167864141,-0.0421635834350643,117000.0,67300.0,-0.3461538461538461,0.1367013372956909,20701684.0,1583678826000.0,4993843500.0,8267915595.0,0.003153318348401,yfinance_download,237690.KQ
2025-06-30,77100.0,77700.0,76100.0,77000.0,76758.3203125,50798.0,0.0065359477124182,-0.4671280276816609,79420.0,76631.66666666667,79784.16666666667,0.3416981332741893,0.4530377617530005,-0.0064516129032258,0.0679611650485436,-0.1149425287356321,-0.0304709141274238,0.0048065421170533,-0.0348962304550819,117000.0,67300.0,-0.3418803418803419,0.1441307578008914,20701684.0,1594029668000.0,3911446000.0,8124235520.0,0.0024538100378693,yfinance_download,237690.KQ
2025-07-01,77600.0,84500.0,77600.0,84400.0,84135.09375,276330.0,0.096103896103896,-0.4159169550173011,79680.0,76788.33333333333,79765.0,0.4789929363859919,0.4866669392451275,0.0656565656565657,0.1253333333333333,-0.0265282583621684,0.0592369477911647,0.0991253011525188,0.0581081928163982,117000.0,67300.0,-0.2786324786324786,0.2540861812778603,20701684.0,1747222129600.0,23322252000.0,8777104400.0,0.0133481894516407,yfinance_download,237690.KQ
2025-07-02,85300.0,89300.0,84700.0,86200.0,85929.4453125,327023.0,0.0213270142180095,-0.4034602076124567,80015.0,77008.33333333333,79742.5,0.4831112850094088,0.4843453828472834,0.0842767295597484,0.1808219178082191,-0.03037120359955,0.077298006623758,0.1193593766908343,0.0809794024516412,117000.0,67300.0,-0.2632478632478632,0.2808320950965823,20701684.0,1784485160800.0,28189382600.0,9778611330.0,0.0157969274383668,yfinance_download,237690.KQ
2025-07-03,86700.0,88900.0,85800.0,88000.0,87723.7890625,181271.0,0.0208816705336427,-0.3910034602076124,80505.0,77235.0,79764.16666666667,0.4798851087253219,0.4845975105340039,0.1253196930946292,0.1827956989247312,0.0304449648711944,0.0930998074653748,0.1393798148507801,0.1032522958304167,117000.0,67300.0,-0.2478632478632478,0.3075780089153046,20701684.0,1821748192000.0,15951848000.0,10118244980.0,0.0087563407885078,yfinance_download,237690.KQ
2025-07-04,88000.0,89000.0,84400.0,84800.0,84533.8359375,148735.0,-0.0363636363636363,-0.4131487889273356,80885.0,77416.66666666667,79708.33333333333,0.4992553895124573,0.4909703477530426,0.0984455958549221,0.1474966170500675,-0.073224043715847,0.0484020522964703,0.0953713670613563,0.0638787245164662,117000.0,67300.0,-0.2752136752136752,0.2600297176820207,20701684.0,1755502803200.0,12612728000.0,10454328640.0,0.0071846812075771,yfinance_download,237690.KQ
2025-07-07,83500.0,85200.0,83100.0,84000.0,83736.34375,65961.0,-0.0094339622641509,-0.4186851211072664,81070.0,77695.0,79647.5,0.4839524256445343,0.4527963558077202,0.046077210460772,0.2481426448736998,-0.0799561883899233,0.0361416060194892,0.0811506531951862,0.0546470385134498,117000.0,67300.0,-0.282051282051282,0.2481426448736998,20701684.0,1738941456000.0,5540724000.0,10082492660.0,0.0031862625282078,yfinance_download,237690.KQ
2025-07-08,83800.0,84700.0,82300.0,83700.0,83437.2890625,90254.0,-0.0035714285714285,-0.4207612456747405,81095.0,77876.66666666667,79578.33333333333,0.4678251292281528,0.4231052439536553,0.0060096153846154,0.1497252747252746,-0.0902173913043478,0.032122818916086,0.0747763557762273,0.0517938299788469,117000.0,67300.0,-0.2846153846153846,0.2436849925705795,20701684.0,1732730950800.0,7554259800.0,9592317330.0,0.0043597419417666,yfinance_download,237690.KQ
2025-07-09,84300.0,84300.0,82300.0,82500.0,82241.0546875,67859.0,-0.014336917562724,-0.4290657439446367,81035.0,78115.0,79525.83333333333,0.4703297238817032,0.4019425545008492,-0.014336917562724,0.2096774193548387,-0.0709459459459459,0.018078608008885,0.0561351853037188,0.0373987488342362,117000.0,67300.0,-0.2948717948717948,0.2258543833580981,20701684.0,1707888930000.0,5598367500.0,9495903765.0,0.0032779458907787,yfinance_download,237690.KQ
2025-07-10,84500.0,87000.0,82500.0,85600.0,85331.328125,185674.0,0.0375757575757575,-0.4076124567474048,81165.0,78318.33333333333,79454.16666666667,0.487850430671718,0.3792140158510712,0.0313253012048193,0.1662125340599454,-0.0912951167728237,0.0546417790919731,0.0929752505798984,0.0773506738685825,117000.0,67300.0,-0.2683760683760684,0.2719167904903417,20701684.0,1772064150400.0,15893694400.0,9737140335.0,0.0089690287997826,yfinance_download,237690.KQ
2025-07-11,86500.0,86700.0,83200.0,83300.0,83038.546875,102589.0,-0.0268691588785047,-0.4235294117647059,81270.0,78438.33333333333,79373.33333333333,0.4915177233121286,0.3773122110034921,0.0258620689655173,0.0946123521681996,-0.1043010752688171,0.0249784668389319,0.0619807492085078,0.0494708550310767,117000.0,67300.0,-0.288034188034188,0.237741456166419,20701684.0,1724450277200.0,8545663700.0,9550571820.0,0.0049555871879794,yfinance_download,237690.KQ
2025-07-14,84200.0,85500.0,81900.0,84400.0,84135.09375,100666.0,0.0132052821128452,-0.4159169550173011,81495.0,78553.33333333333,79323.33333333333,0.4884717923616573,0.3764848421133193,0.0563204005006257,0.0890322580645162,-0.0663716814159292,0.0356463586723112,0.0744292624968174,0.063999663823171,117000.0,67300.0,-0.2786324786324786,0.2540861812778603,20701684.0,1747222129600.0,8496210400.0,9587615655.0,0.004862696194184,yfinance_download,237690.KQ
2025-07-15,84100.0,86300.0,84100.0,85900.0,85630.3828125,85294.0,0.0177725118483411,-0.4055363321799308,81835.0,78681.66666666667,79285.83333333333,0.4884759732365627,0.3776367476200773,0.0859671302149178,0.0984654731457801,-0.0497787610619469,0.0496731227469908,0.091740981592493,0.0834217966639689,117000.0,67300.0,-0.2658119658119658,0.276374442793462,20701684.0,1778274655600.0,7326754600.0,9740988500.0,0.0041201479068079,yfinance_download,237690.KQ
2025-07-16,85200.0,89300.0,84000.0,87900.0,87624.109375,138861.0,0.0232828870779977,-0.3916955017301038,82330.0,78880.0,79286.66666666667,0.4876567718185656,0.3748970965516926,0.1269230769230769,0.1565789473684211,0.001138952164009,0.0676545609133973,0.1143509127789046,0.1086353317077271,117000.0,67300.0,-0.2487179487179487,0.3060921248142645,20701684.0,1819678023600.0,12205881900.0,10050440495.0,0.0067077151791129,yfinance_download,237690.KQ
2025-07-17,88100.0,89800.0,87100.0,88900.0,88620.96875,170513.0,0.0113765642775882,-0.3847750865051903,82910.0,79093.33333333333,79276.66666666667,0.4844713770068785,0.375305489751921,0.1500646830530401,0.1681997371879107,-0.0133185349611543,0.0722470148353635,0.1239885367498314,0.1213892275995458,117000.0,67300.0,-0.2401709401709402,0.3209509658246656,20701684.0,1840379707600.0,15158605700.0,10595587070.0,0.0082366729199421,yfinance_download,237690.KQ
2025-07-18,91600.0,95300.0,89600.0,93900.0,93605.2734375,444586.0,0.0562429696287964,-0.3501730103806229,83565.0,79381.66666666667,79335.83333333333,0.4972233721664958,0.3908828130170131,0.1621287128712871,0.2258485639686684,0.0817972350230413,0.1236761802189911,0.1828927754099392,0.1835761478104682,117000.0,67300.0,-0.1974358974358974,0.3952451708766715,20701684.0,1943888127600.0,41746625400.0,12090137220.0,0.0214758374246269,yfinance_download,237690.KQ
2025-07-21,93900.0,94300.0,91000.0,93200.0,92907.46875,191052.0,-0.007454739084132,-0.3550173010380623,84310.0,79671.66666666667,79401.66666666667,0.4795048075454725,0.3904688543647368,0.1902937420178798,0.2295514511873351,0.0926143024618992,0.1054441940457833,0.1698010585109719,0.1737788879326629,117000.0,67300.0,-0.2034188034188034,0.3848439821693907,20701684.0,1929396948800.0,17806046400.0,12596546385.0,0.0092288144288165,yfinance_download,237690.KQ
2025-07-22,93200.0,97000.0,91200.0,94300.0,94004.015625,274849.0,0.011802575107296,-0.3474048442906574,85070.0,79971.66666666667,79472.5,0.4795838075465177,0.390777013228515,0.1921618204804045,0.235910878112713,0.0990675990675991,0.108498883272599,0.1791676218660776,0.1865739721287238,117000.0,67300.0,-0.194017094017094,0.401188707280832,20701684.0,1952168801200.0,25918260700.0,13509342525.0,0.013276649377896,yfinance_download,237690.KQ
2025-07-23,95000.0,96500.0,93800.0,94800.0,94502.453125,184635.0,0.0053022269353129,-0.3439446366782007,85850.0,80273.33333333333,79524.16666666667,0.4789059600478715,0.3907779553243775,0.196969696969697,0.2359843546284223,0.0699774266365689,0.1042516016307513,0.1809650361265675,0.1920904546835866,117000.0,67300.0,-0.1897435897435897,0.4086181277860328,20701684.0,1962519643200.0,17503398000.0,14157929145.0,0.0089188396460886,yfinance_download,237690.KQ
2025-07-24,97000.0,102600.0,92000.0,92700.0,92409.0390625,1139006.0,-0.0221518987341772,-0.3584775086505191,86600.0,80528.33333333333,79568.33333333333,0.4815601357343836,0.3942098516205087,0.1930501930501931,0.197674418604651,0.0606407322654463,0.0704387990762125,0.1511476291988327,0.1650363419283216,117000.0,67300.0,-0.2076923076923077,0.3774145616641902,20701684.0,1919046106800.0,105585856200.0,19193092440.0,0.0550199684238248,yfinance_download,237690.KQ
2025-07-25,92600.0,93500.0,88400.0,89600.0,89318.7734375,280734.0,-0.0334412081984897,-0.3799307958477509,87255.0,80736.66666666667,79586.66666666667,0.4977839872369254,0.4011076257154578,0.1712418300653595,0.1621271076523995,0.0251716247139588,0.0268752507019656,0.1097807687543865,0.1258167197185458,117000.0,67300.0,-0.2341880341880341,0.3313521545319464,20701684.0,1854870886400.0,25153766400.0,20201088585.0,0.0135609257681645,yfinance_download,237690.KQ
2025-07-28,88200.0,90500.0,87800.0,89200.0,88920.0234375,187503.0,-0.0044642857142856,-0.3826989619377162,87865.0,80901.66666666667,79606.66666666667,0.499854346762724,0.3977577557123418,0.1584415584415583,0.12484237074401,0.0276497695852535,0.0151937631593923,0.1025730825487731,0.1205091700862572,117000.0,67300.0,-0.2376068376068376,0.325408618127786,20701684.0,1846590212800.0,16725267600.0,20841779665.0,0.0090573791001736,yfinance_download,237690.KQ
2025-07-29,88500.0,89100.0,86000.0,87500.0,87225.359375,152945.0,-0.0190582959641255,-0.3944636678200692,88020.0,81056.66666666667,79666.66666666667,0.3838313839774357,0.3987972900610758,0.0367298578199051,0.118925831202046,0.0896637608966375,-0.0059077482390366,0.0794917136159887,0.0983263598326358,117000.0,67300.0,-0.2521367521367521,0.300148588410104,20701684.0,1811397350000.0,13382687500.0,20344801440.0,0.0073880463057981,yfinance_download,237690.KQ
2025-07-30,87000.0,87200.0,84900.0,86100.0,85829.7578125,140704.0,-0.016,-0.404152249134948,88015.0,81175.0,79694.16666666667,0.3818716742267934,0.4001564774342485,-0.0011600928074245,0.089873417721519,0.039855072463768,-0.0217576549451797,0.0606713889744379,0.0803802034862442,117000.0,67300.0,-0.264102564102564,0.2793462109955422,20701684.0,1782414992400.0,12114614400.0,19541063030.0,0.0067967417529897,yfinance_download,237690.KQ
2025-07-31,87500.0,88900.0,85900.0,87100.0,86826.6171875,160373.0,0.0116144018583042,-0.3972318339100346,87970.0,81311.66666666667,79730.0,0.3766001049386854,0.4006132068726523,-0.0102272727272727,0.1039290240811152,0.0519323671497584,-0.0098897351369785,0.0711869965359623,0.0924369747899158,117000.0,67300.0,-0.2555555555555555,0.2942050520059436,20701684.0,1803116676400.0,13968488300.0,19441895045.0,0.0077468576952483,yfinance_download,237690.KQ
2025-08-01,85500.0,86300.0,82400.0,82700.0,82440.4296875,211809.0,-0.0505166475315729,-0.427681660899654,87865.0,81440.0,79669.16666666667,0.3973790580941875,0.4012144799389029,-0.0247641509433962,0.1026666666666666,-0.0811111111111111,-0.0587833608376486,0.0154715127701374,0.0380427392445843,117000.0,67300.0,-0.2931623931623931,0.2288261515601783,20701684.0,1712029266800.0,17516604300.0,19687088860.0,0.0102314864819692,yfinance_download,237690.KQ
2025-08-04,84200.0,87400.0,82900.0,87200.0,86926.3046875,142685.0,0.0544135429262393,-0.3965397923875432,88025.0,81635.0,79653.33333333333,0.4414926295940712,0.4153024845636719,0.0380952380952381,0.1549668874172185,-0.021324354657688,-0.0093723374041465,0.0681692901329087,0.094743890190827,117000.0,67300.0,-0.2547008547008547,0.2956909361069837,20701684.0,1805186844800.0,12442132000.0,20032159260.0,0.0068924344512262,yfinance_download,237690.KQ
2025-08-05,88500.0,92500.0,87300.0,91000.0,90714.375,232797.0,0.0435779816513761,-0.370242214532872,88390.0,81908.33333333333,79633.33333333333,0.4643950625642496,0.4224504237891419,0.087216248506571,0.2198391420911527,-0.025695931477516,0.0295282271750199,0.1109980669447554,0.1427375470908329,117000.0,67300.0,-0.2222222222222222,0.3521545319465082,20701684.0,1883853244000.0,21184527000.0,20713672620.0,0.0112453170476372,yfinance_download,237690.KQ
2025-08-06,90000.0,92000.0,89500.0,90900.0,90614.6875,83934.0,-0.001098901098901,-0.3709342560553633,88810.0,82228.33333333333,79642.5,0.459590332580379,0.413197600486161,0.1018181818181818,0.2677824267782427,0.0122494432071269,0.0235333858799684,0.1054583780935201,0.1413504096430926,117000.0,67300.0,-0.223076923076923,0.3506686478454681,20701684.0,1881783075600.0,7629600600.0,20815234275.0,0.0040544527681902,yfinance_download,237690.KQ
2025-08-07,90500.0,91200.0,89400.0,90000.0,89717.515625,60585.0,-0.0099009900990099,-0.3771626297577855,89030.0,82501.66666666667,79677.5,0.4460052765595664,0.4115716879214636,0.0514018691588784,0.2228260869565217,0.0489510489510489,0.0108952038638661,0.0908870527868124,0.1295535125976592,117000.0,67300.0,-0.2307692307692307,0.3372956909361069,20701684.0,1863151560000.0,5452650000.0,20293182055.0,0.0029265735096719,yfinance_download,237690.KQ
2025-08-08,91000.0,91400.0,88800.0,89300.0,89019.7109375,68976.0,-0.0077777777777777,-0.3820069204152249,89330.0,82753.33333333333,79710.83333333333,0.4341043600527538,0.412127307394083,0.0720288115246099,0.2035040431266845,0.0468933177022274,-0.0003358334266203,0.079110609844518,0.1202994155959562,117000.0,67300.0,-0.2367521367521368,0.3268945022288261,20701684.0,1848660381200.0,6159556800.0,20173876710.0,0.0033319028538934,yfinance_download,237690.KQ
2025-08-11,90400.0,92200.0,89000.0,91800.0,91511.8671875,114103.0,0.0279955207166853,-0.3647058823529412,89700.0,83040.0,79772.5,0.4414505565845713,0.4151819075273509,0.0876777251184834,0.230563002680965,0.0876777251184834,0.0234113712374581,0.1054913294797688,0.1507725093233884,117000.0,67300.0,-0.2153846153846154,0.3640416047548291,20701684.0,1900414591200.0,10474655400.0,20272798960.0,0.0055117738247767,yfinance_download,237690.KQ
2025-08-12,91600.0,93300.0,90300.0,90500.0,90215.9453125,83289.0,-0.014161220043573,-0.3737024221453286,89930.0,83335.0,79822.5,0.4433383610046951,0.4128144309665024,0.0535506402793946,0.2431318681318681,0.0710059171597632,0.0063382630935171,0.0859782804343913,0.1337655422969714,117000.0,67300.0,-0.2264957264957264,0.3447251114413077,20701684.0,1873502402000.0,7537654500.0,20283343955.0,0.0040232958825958,yfinance_download,237690.KQ
2025-08-13,91800.0,94000.0,91400.0,93700.0,93405.8984375,142616.0,0.0353591160220994,-0.3515570934256055,90220.0,83703.33333333333,79906.66666666667,0.4526483045748302,0.4155118442333705,0.0659840728100114,0.308659217877095,0.1208133971291867,0.0385723786300156,0.1194297319899646,0.1726180543967961,117000.0,67300.0,-0.1991452991452991,0.3922734026745913,20701684.0,1939747790800.0,13363119200.0,20341205820.0,0.0068891013890464,yfinance_download,237690.KQ
2025-08-14,93500.0,94200.0,92150.0,92800.0,92508.7265625,88664.0,-0.0096051227321237,-0.3577854671280277,90415.0,84018.33333333333,79993.33333333333,0.4539820827109467,0.4125925156029487,0.0438695163104612,0.2557510148849797,0.1262135922330096,0.0263783664215009,0.104520838705838,0.1600966747228935,117000.0,67300.0,-0.2068376068376068,0.3789004457652303,20701684.0,1921116275200.0,8228019200.0,19994676495.0,0.0042829365958827,yfinance_download,237690.KQ
2025-08-18,92600.0,94400.0,91500.0,91600.0,91312.4921875,72660.0,-0.0129310344827586,-0.3660899653979238,90300.0,84283.33333333333,80081.66666666667,0.4096812660758273,0.4118604755831374,-0.0244941427050052,0.2100396301188902,0.1308641975308642,0.0143964562569214,0.0868103618746292,0.1438323378218069,117000.0,67300.0,-0.2170940170940171,0.3610698365527489,20701684.0,1896274254400.0,6655656000.0,18240128025.0,0.003509859391149,yfinance_download,237690.KQ
2025-08-19,92000.0,92100.0,89000.0,89400.0,89119.3984375,84240.0,-0.0240174672489082,-0.3813148788927335,90110.0,84513.33333333333,80136.66666666667,0.4173297518947534,0.4156065178779559,-0.0407725321888412,0.1825396825396825,0.0797101449275361,-0.0078792586838308,0.0578212510846416,0.1155941932531923,117000.0,67300.0,-0.2358974358974359,0.3283803863298662,20701684.0,1850730549600.0,7531056000.0,17726378505.0,0.0040692341743792,yfinance_download,237690.KQ
2025-08-20,88300.0,89700.0,86700.0,89400.0,89119.3984375,81863.0,0.0,-0.3813148788927335,89865.0,84745.0,80202.5,0.4143372491708673,0.4155548340201552,-0.0519618239660657,0.1841059602649006,0.0969325153374234,-0.0051744283091303,0.0549294943654492,0.1146784701225023,117000.0,67300.0,-0.2358974358974359,0.3283803863298662,20701684.0,1850730549600.0,7318552200.0,16796393080.0,0.0039544125975452,yfinance_download,237690.KQ
2025-08-21,88700.0,89800.0,87600.0,88200.0,87923.1640625,75093.0,-0.0134228187919462,-0.3896193771626297,89535.0,84938.33333333333,80251.66666666667,0.4150852630771292,0.4162289079583246,-0.069620253164557,0.1514360313315927,0.071688942891859,-0.0149103702462723,0.0384004081392383,0.0990425951693629,117000.0,67300.0,-0.2461538461538461,0.3105497771173848,20701684.0,1825888528800.0,6623202600.0,16252383310.0,0.0036273860619261,yfinance_download,237690.KQ
2025-08-22,90500.0,95400.0,90200.0,92000.0,91711.234375,207218.0,0.0430839002267573,-0.3633217993079585,89500.0,85180.0,80335.0,0.4396128197996133,0.4240242875084581,-0.0075512405609492,0.1870967741935483,0.1219512195121952,0.0279329608938547,0.0800657431321907,0.1452044563390802,117000.0,67300.0,-0.2136752136752137,0.3670133729569094,20701684.0,1904554928000.0,19064056000.0,11926293300.0,0.0100097170838855,yfinance_download,237690.KQ
2025-08-25,93900.0,94000.0,92400.0,92700.0,92409.0390625,131062.0,0.0076086956521739,-0.3584775086505191,89655.0,85451.66666666667,80446.66666666667,0.4220148432999824,0.4225544557665223,0.0345982142857141,0.213350785340314,0.1689785624211854,0.0339635268529363,0.0848237795244875,0.1523162343581667,117000.0,67300.0,-0.2076923076923077,0.3774145616641902,20701684.0,1919046106800.0,12149447400.0,11276077350.0,0.0063309825422897,yfinance_download,237690.KQ
2025-08-26,92200.0,95000.0,91700.0,94300.0,94004.015625,157582.0,0.0172599784250269,-0.3474048442906574,89910.0,85731.66666666667,80595.0,0.4246148248958742,0.4229082536428516,0.0571748878923767,0.2167741935483871,0.2326797385620915,0.0488266043821599,0.0999436225432064,0.1700477697127613,117000.0,67300.0,-0.194017094017094,0.401188707280832,20701684.0,1952168801200.0,14859982600.0,11182813100.0,0.0076120377453351,yfinance_download,237690.KQ
2025-08-27,94300.0,95100.0,93500.0,94600.0,94303.078125,83701.0,0.0031813361611876,-0.3453287197231833,90265.0,85988.33333333333,80738.33333333333,0.4164676296383839,0.4211817699691886,0.0811428571428571,0.1944444444444444,0.2222222222222223,0.0480252589597296,0.1001492450526235,0.1716863117478273,117000.0,67300.0,-0.1914529914529914,0.4056463595839523,20701684.0,1958379306400.0,7918114600.0,10909584455.0,0.004043197645177,yfinance_download,237690.KQ
2025-08-28,94500.0,95000.0,93100.0,93500.0,93206.53125,68018.0,-0.0116279069767442,-0.3529411764705882,90635.0,86221.66666666667,80860.0,0.4139318674161263,0.4222898161620708,0.0859465737514517,0.1761006289308175,0.185044359949303,0.0316103050697853,0.0844142036997661,0.1563195646796933,117000.0,67300.0,-0.2008547008547008,0.3893016344725111,20701684.0,1935607454000.0,6359683000.0,10621837885.0,0.0032856264253671,yfinance_download,237690.KQ
2025-08-29,93600.0,94700.0,92300.0,92600.0,92309.3515625,71589.0,-0.0096256684491978,-0.3591695501730103,90910.0,86461.66666666667,80975.83333333333,0.4159186981697524,0.4211934687275103,0.0631458094144661,0.1841432225063939,0.1766200762388818,0.018589814101859,0.0709948532104784,0.1435510594724764,117000.0,67300.0,-0.2085470085470085,0.37592867756315,20701684.0,1916975938400.0,6629141400.0,10254870540.0,0.0034581244694876,yfinance_download,237690.KQ
2025-09-01,92500.0,93200.0,91100.0,92800.0,92508.7265625,87394.0,0.0021598272138227,-0.3577854671280277,91415.0,86721.66666666667,81123.33333333333,0.3641797856579899,0.4198879795126126,0.1221281741233373,0.2020725388601036,0.2356857523302262,0.015150686430017,0.070090135106567,0.1439372149402145,117000.0,67300.0,-0.2068376068376068,0.3789004457652303,20701684.0,1921116275200.0,8110163200.0,9784548485.0,0.0042215889296735,yfinance_download,237690.KQ
2025-09-02,93100.0,96700.0,92300.0,95700.0,95399.625,246485.0,0.03125,-0.3377162629757785,91840.0,86978.33333333333,81292.5,0.3311412509528563,0.416945607406487,0.0974770642201834,0.1917808219178083,0.2692307692307691,0.0420296167247387,0.1002740146013376,0.177230371805517,117000.0,67300.0,-0.182051282051282,0.4219910846953938,20701684.0,1981151158800.0,23588614500.0,10341872610.0,0.0119065192957249,yfinance_download,237690.KQ
2025-09-03,100000.0,102200.0,97500.0,98700.0,98390.2109375,354454.0,0.031347962382445,-0.316955017301038,92225.0,87236.66666666667,81504.16666666667,0.314611046113927,0.4154531853281561,0.0846153846153845,0.1862980769230768,0.3465211459754433,0.0702087286527515,0.1314049902563905,0.2109810336894841,117000.0,67300.0,-0.1564102564102564,0.4665676077265972,20701684.0,2043256210800.0,34984609800.0,11031876750.0,0.0171219887232362,yfinance_download,237690.KQ
2025-09-04,99500.0,100100.0,98200.0,99800.0,99486.7578125,159991.0,0.0111448834853089,-0.3093425605536332,92670.0,87505.0,81718.33333333333,0.3148499528226448,0.4157356679285054,0.0979097909790978,0.1923536439665472,0.3468286099865048,0.0769396784288334,0.1405062567853265,0.2212681772756013,117000.0,67300.0,-0.147008547008547,0.4829123328380387,20701684.0,2066028063200.0,15967101800.0,11448751810.0,0.0077284050901366,yfinance_download,237690.KQ
2025-09-05,100200.0,100300.0,97500.0,98000.0,97692.40625,162435.0,-0.0180360721442885,-0.3217993079584775,93070.0,87755.0,81915.0,0.3211712823249538,0.417360950624823,0.0888888888888888,0.1807228915662651,0.3172043010752687,0.0529708821317287,0.1167454845877726,0.1963620826466459,117000.0,67300.0,-0.1623931623931623,0.4561664190193164,20701684.0,2028765032000.0,15918630000.0,11972050810.0,0.0078464631186525,yfinance_download,237690.KQ
2025-09-08,100200.0,100500.0,98000.0,98300.0,97991.4609375,123038.0,0.0030612244897958,-0.3197231833910035,93520.0,88040.0,82104.16666666667,0.317982544867535,0.41415102435675,0.1007838745800671,0.2105911330049261,0.3002645502645502,0.0511120615911036,0.1165379373012267,0.1972595787871098,117000.0,67300.0,-0.1598290598290598,0.4606240713224367,20701684.0,2034975537200.0,12094635400.0,12268804740.0,0.0059433812244453,yfinance_download,237690.KQ
2025-09-09,94700.0,95600.0,92600.0,92600.0,92309.3515625,365326.0,-0.0579857578840284,-0.3591695501730103,93560.0,88251.66666666667,82240.83333333333,0.3765864868272124,0.4311888976618097,0.0087145969498909,0.1589486858573217,0.2152230971128608,-0.0102607952116289,0.0492719684236369,0.1259613533423178,117000.0,67300.0,-0.2085470085470085,0.37592867756315,20701684.0,1916975938400.0,33829187600.0,13436531350.0,0.017647163390186,yfinance_download,237690.KQ
2025-09-10,93700.0,96600.0,93000.0,93700.0,93405.8984375,206006.0,0.0118790496760259,-0.3515570934256055,93720.0,88495.0,82378.33333333333,0.3742919300213511,0.4307401236494267,0.0353591160220994,0.1845764854614411,0.2137305699481866,-0.0002134016218523,0.058816882309735,0.1374350051591235,117000.0,67300.0,-0.1991452991452991,0.3922734026745913,20701684.0,1939747790800.0,19302762200.0,14024786735.0,0.0099511711221174,yfinance_download,237690.KQ
2025-09-11,93800.0,94300.0,90900.0,91400.0,91113.1171875,218670.0,-0.0245464247598719,-0.3674740484429065,93605.0,88718.33333333333,82505.0,0.3637421376206148,0.4330887982536376,-0.0245464247598719,0.1717948717948718,0.1994750656167978,-0.0235564339511777,0.0302267475719035,0.1078116477789223,117000.0,67300.0,-0.2188034188034188,0.3580980683506687,20701684.0,1892133917600.0,19986438000.0,14355952675.0,0.0105629087952458,yfinance_download,237690.KQ
2025-09-12,93000.0,96400.0,92600.0,95200.0,94901.1953125,233504.0,0.0415754923413567,-0.3411764705882353,93725.0,89016.66666666667,82665.83333333333,0.3919422886930988,0.4394592798979374,0.0258620689655173,0.2315653298835704,0.2542819499341238,0.015737530008002,0.0694626474442987,0.1516245123438744,117000.0,67300.0,-0.1863247863247863,0.4145616641901932,20701684.0,1970800316800.0,22229580800.0,15056030755.0,0.0112794688586686,yfinance_download,237690.KQ
2025-09-15,96000.0,96300.0,94200.0,95300.0,95000.8828125,119701.0,0.0010504201680672,-0.3404844290657439,93910.0,89258.33333333333,82828.33333333333,0.3882067531063346,0.4309151057756641,0.0403930131004366,0.1794554455445545,0.2572559366754616,0.0148014056011074,0.067687424143404,0.1505724691631287,117000.0,67300.0,-0.1854700854700854,0.4160475482912333,20701684.0,1972870485200.0,11407505300.0,15293623220.0,0.005782186608587,yfinance_download,237690.KQ
2025-09-16,94800.0,95300.0,92900.0,93700.0,93405.8984375,121467.0,-0.0167890870933893,-0.3515570934256055,94125.0,89515.0,82967.5,0.3825218637771965,0.4270976344596578,0.0480984340044743,0.1966794380587484,0.2168831168831169,-0.0045152722443558,0.0467519410154722,0.1293578810980202,117000.0,67300.0,-0.1991452991452991,0.3922734026745913,20701684.0,1939747790800.0,11381457900.0,15486143315.0,0.005867493678292,yfinance_download,237690.KQ
2025-09-17,93500.0,93600.0,91300.0,91600.0,91312.4921875,103098.0,-0.0224119530416222,-0.3660899653979238,94235.0,89723.33333333333,83087.5,0.3927015827065174,0.4300806072991578,0.0246085011185681,0.1580278128950696,0.1865284974093264,-0.0279620098689447,0.0209161496452057,0.1024522340905671,117000.0,67300.0,-0.2170940170940171,0.3610698365527489,20701684.0,1896274254400.0,9443776800.0,15592404545.0,0.0049801745597121,yfinance_download,237690.KQ
2025-09-18,92400.0,92600.0,90400.0,91400.0,91113.1171875,111601.0,-0.002183406113537,-0.3674740484429065,94395.0,89926.66666666667,83205.83333333333,0.3890434249916114,0.4301913584304963,0.0362811791383219,0.1540404040404039,0.1839378238341968,-0.0317283754436146,0.0163837200682037,0.0984806754334131,117000.0,67300.0,-0.2188034188034188,0.3580980683506687,20701684.0,1892133917600.0,10200331400.0,15771260985.0,0.0053909140918197,yfinance_download,237690.KQ
2025-09-19,91000.0,94100.0,90600.0,94000.0,93704.9609375,170857.0,0.0284463894967177,-0.3494809688581315,94495.0,90198.33333333331,83354.16666666667,0.371657782717688,0.430949027678773,0.0217391304347827,0.2097812097812097,0.2335958005249343,-0.0052383724006561,0.0421478593469946,0.1277180704823792,117000.0,67300.0,-0.1965811965811965,0.3967310549777116,20701684.0,1945958296000.0,16060558000.0,15621086085.0,0.0082532899255925,yfinance_download,237690.KQ
2025-09-22,94300.0,95000.0,93100.0,94800.0,94502.453125,116085.0,0.0085106382978723,-0.3439446366782007,94600.0,90503.33333333331,83526.66666666667,0.3718733474214122,0.4292355438777689,0.0226537216828479,0.2392156862745098,0.2793522267206478,0.0021141649048626,0.047475231114876,0.1349668768457179,117000.0,67300.0,-0.1897435897435897,0.4086181277860328,20701684.0,1962519643200.0,11004858000.0,15563856615.0,0.0056075148282622,yfinance_download,237690.KQ
2025-09-23,94800.0,95900.0,92500.0,93300.0,93007.15625,91318.0,-0.0158227848101265,-0.3543252595155709,94550.0,90775.0,83703.33333333333,0.3716814192830038,0.4310987823940077,-0.0106044538706256,0.2116883116883117,0.2940360610263524,-0.0132205182443151,0.0278160286422473,0.1146509497829637,117000.0,67300.0,-0.2025641025641025,0.3863298662704308,20701684.0,1931467117200.0,8519969400.0,15246855955.0,0.0044111387266852,yfinance_download,237690.KQ
2025-09-24,93500.0,93800.0,90900.0,92300.0,92010.296875,105956.0,-0.0107181136120042,-0.3612456747404844,94435.0,90906.66666666669,83847.5,0.3732404270311584,0.386429052841642,-0.0243128964059197,0.0936018957345972,0.2306666666666665,-0.0226081431672579,0.0153270753886769,0.100808014550225,117000.0,67300.0,-0.2111111111111111,0.3714710252600297,20701684.0,1910765433200.0,9779738800.0,15339937165.0,0.0051182309613073,yfinance_download,237690.KQ
2025-09-25,92300.0,92900.0,90800.0,91000.0,90714.375,73219.0,-0.0140845070422535,-0.370242214532872,94310.0,90986.66666666669,83997.5,0.374271599341493,0.385593053688742,-0.0267379679144385,0.0556844547563806,0.2465753424657535,-0.0350970204644258,0.0001465416178194,0.0833655763564391,117000.0,67300.0,-0.2222222222222222,0.3521545319465082,20701684.0,1883853244000.0,6662929000.0,15355099465.0,0.0035368620253308,yfinance_download,237690.KQ
2025-09-26,89800.0,89800.0,88000.0,88900.0,88620.96875,123440.0,-0.0230769230769231,-0.3847750865051903,94125.0,91001.66666666669,84118.33333333333,0.3813201439949277,0.3865286986710493,-0.0399568034557235,0.0102272727272727,0.1948924731182795,-0.0555112881806109,-0.0230948151132763,0.0568445245784707,117000.0,67300.0,-0.2401709401709402,0.3209509658246656,20701684.0,1840379707600.0,10973816000.0,15572333195.0,0.0059627999345367,yfinance_download,237690.KQ
2025-09-29,89500.0,90000.0,88000.0,89600.0,89318.7734375,47518.0,0.0078740157480314,-0.3799307958477509,93965.0,91081.66666666669,84249.16666666667,0.3826366956191607,0.3790887617904877,-0.0344827586206896,0.0566037735849056,0.2124492557510149,-0.0464534667163305,-0.0162674522864096,0.0635120030860838,117000.0,67300.0,-0.2341880341880341,0.3313521545319464,20701684.0,1854870886400.0,4257612800.0,15379705675.0,0.0022953688212031,yfinance_download,237690.KQ
2025-09-30,89600.0,89900.0,88800.0,89500.0,89219.0859375,40450.0,-0.0011160714285713,-0.3806228373702421,93655.0,91173.33333333331,84434.16666666667,0.3626476975693902,0.3784752079433792,-0.06478578892372,0.0654761904761904,0.3298662704309063,-0.0443649564892424,-0.0183533196841181,0.0599974338982045,117000.0,67300.0,-0.2350427350427351,0.3298662704309063,20701684.0,1852800718000.0,3620275000.0,14381288700.0,0.0019539473213869,yfinance_download,237690.KQ
2025-10-01,90000.0,90000.0,88000.0,88500.0,88222.2265625,60797.0,-0.0111731843575418,-0.3875432525951557,93145.0,91253.33333333331,84565.0,0.3397743335573285,0.3792161003499856,-0.1033434650455926,0.0573476702508961,0.2156593406593405,-0.0498684846207525,-0.0301724137931034,0.0465322532962808,117000.0,67300.0,-0.2435897435897436,0.3150074294205052,20701684.0,1832099034000.0,5380534500.0,12901084935.0,0.0029368142224564,yfinance_download,237690.KQ
2025-10-02,89400.0,90600.0,88500.0,88800.0,88521.28125,94827.0,0.0033898305084745,-0.3854671280276817,92595.0,91358.33333333331,84736.66666666667,0.3359135023442342,0.3778498797048341,-0.1102204408817635,0.0763636363636364,0.3020527859237536,-0.0409849343917058,-0.0280032837726899,0.0479524802328783,112600.0,67300.0,-0.2113676731793961,0.3194650817236255,20701684.0,1838309539200.0,8420637600.0,12523761725.0,0.0045806418453687,yfinance_download,237690.KQ
2025-10-10,88800.0,91300.0,87100.0,90300.0,90016.5703125,114068.0,0.0168918918918918,-0.3750865051903114,92210.0,91436.66666666669,84877.5,0.3416058349825189,0.3717445313651957,-0.0785714285714286,0.0549065420560748,0.2302452316076293,-0.0207135885478798,-0.0124311909882979,0.0638861889193249,110000.0,67300.0,-0.179090909090909,0.3417533432392272,20701684.0,1869362065200.0,10300340400.0,12242847245.0,0.0055100831410623,yfinance_download,237690.KQ
2025-10-13,91000.0,94900.0,90000.0,94300.0,94004.015625,228164.0,0.0442967884828349,-0.3474048442906574,92010.0,91620.0,85029.16666666667,0.3816955030025365,0.3773933112621592,-0.0406917599186165,0.1320528211284513,0.2391590013140605,0.0248885990653189,0.0292512551844574,0.1090312147792422,110000.0,67300.0,-0.1427272727272727,0.401188707280832,20701684.0,1952168801200.0,21515865200.0,12713908735.0,0.0110215188290962,yfinance_download,237690.KQ
2025-10-14,94100.0,95400.0,92300.0,93000.0,92708.1015625,117948.0,-0.0137857900318133,-0.356401384083045,92030.0,91763.33333333331,85158.33333333333,0.3231582158573746,0.3781291802866599,0.0043196544276458,0.1018957345971565,0.1999999999999999,0.0105400412908833,0.013476697301028,0.0920833741070554,110000.0,67300.0,-0.1545454545454545,0.3818722139673105,20701684.0,1925256612000.0,10969164000.0,11570907555.0,0.0056975075071187,yfinance_download,237690.KQ
2025-10-15,93500.0,96000.0,93000.0,95400.0,95100.5625,145323.0,0.0258064516129032,-0.3397923875432526,92115.0,91921.66666666669,85301.66666666667,0.3333351566907757,0.3799241276303478,0.0181430096051227,0.1105937136204888,0.2199488491048593,0.0356619443087444,0.0378401900168621,0.1183837752290888,110000.0,67300.0,-0.1327272727272727,0.4175334323922735,20701684.0,1974940653600.0,13863814200.0,11298960155.0,0.007019863698045,yfinance_download,237690.KQ
2025-10-16,96300.0,97800.0,94500.0,95200.0,94901.1953125,166897.0,-0.0020964360587002,-0.3411764705882353,92305.0,92043.33333333331,85461.66666666667,0.3196653380802924,0.3774122261580392,0.0415754923413567,0.0830489192263936,0.2526315789473683,0.031363414766264,0.0342954405533626,0.1139497240478186,110000.0,67300.0,-0.1345454545454545,0.4145616641901932,20701684.0,1970800316800.0,15888594400.0,11094067975.0,0.0080620011396174,yfinance_download,237690.KQ
2025-10-17,95300.0,98500.0,94500.0,96800.0,96496.171875,186810.0,0.0168067226890755,-0.3301038062283736,92385.0,92175.0,85634.16666666667,0.2899386993280291,0.3781758937760483,0.0168067226890755,0.0888638920134983,0.2720105124835743,0.047789143259187,0.0501762950908597,0.1303899339243486,110000.0,67300.0,-0.12,0.438335809806835,20701684.0,2003923011200.0,18083208000.0,10886749335.0,0.009023903562628,yfinance_download,237690.KQ
2025-10-20,97900.0,105900.0,97100.0,105700.0,105368.234375,692691.0,0.0919421487603306,-0.2685121107266436,92905.0,92371.66666666669,85876.66666666667,0.433936387277111,0.4062063066011158,0.1091290661070303,0.1256656017039403,0.3798955613577024,0.1377213282385232,0.1442902765999674,0.2308349182936768,110000.0,67300.0,-0.039090909090909,0.5705794947994056,20701684.0,2188167998800.0,73217438700.0,13977246005.0,0.0334606112237052,yfinance_download,237690.KQ
2025-10-21,107500.0,108500.0,93400.0,94900.0,94602.1328125,856780.0,-0.1021759697256385,-0.3432525951557094,92965.0,92400.0,86035.83333333333,0.5750923149513332,0.4588827297707043,0.0128068303094983,0.0182403433476394,0.2519788918205805,0.0208142849459473,0.027056277056277,0.1030287767693693,110000.0,67300.0,-0.1372727272727273,0.4101040118870729,20701684.0,1964589811600.0,81308422000.0,17473594210.0,0.0413869712241767,yfinance_download,237690.KQ
2025-10-22,96300.0,98500.0,94300.0,95200.0,94901.1953125,199634.0,0.0031612223393044,-0.3411764705882353,93145.0,92415.0,86193.33333333333,0.5682509947217607,0.4583322379770397,0.0393013100436681,0.0095440084835631,0.2477064220183487,0.022062375865586,0.0301358004652925,0.1044937736870601,110000.0,67300.0,-0.1345454545454545,0.4145616641901932,20701684.0,1970800316800.0,19005156800.0,17951663210.0,0.0096433700755938,yfinance_download,237690.KQ
2025-10-23,94600.0,94600.0,90300.0,90800.0,90515.0078125,244142.0,-0.0462184873949579,-0.3716262975778547,93115.0,92348.33333333331,86310.83333333333,0.5940239805148118,0.4681175795725965,-0.0065645514223194,-0.0421940928270042,0.1838331160365058,-0.0248617301186704,-0.0167662293129274,0.0520116246512123,110000.0,67300.0,-0.1745454545454545,0.349182763744428,20701684.0,1879712907200.0,22168093600.0,18550051320.0,0.0117933400973563,yfinance_download,237690.KQ
2025-10-24,91800.0,91800.0,89300.0,89500.0,89219.0859375,157274.0,-0.01431718061674,-0.3806228373702421,92890.0,92295.0,86411.66666666667,0.5865380767288799,0.4668282853395797,-0.0478723404255319,-0.0345199568500539,0.1563307493540051,-0.0364947787705888,-0.0302833306246275,0.0357397727930255,110000.0,67300.0,-0.1863636363636364,0.3298662704309063,20701684.0,1852800718000.0,14076023000.0,18450824570.0,0.0075971597286481,yfinance_download,237690.KQ
2025-10-27,90900.0,94200.0,90200.0,94100.0,93804.6484375,179432.0,0.0513966480446927,-0.3487889273356401,92855.0,92370.0,86553.33333333333,0.61556889184219,0.473325799379839,-0.0073839662447257,0.0502232142857141,0.2204928664072634,0.0134080017231166,0.0187290245750784,0.0871909420010783,110000.0,67300.0,-0.1445454545454545,0.3982169390787518,20701684.0,1948028464400.0,16884551200.0,18744809230.0,0.0086675074356269,yfinance_download,237690.KQ
2025-10-28,95700.0,97400.0,94000.0,96700.0,96396.484375,201519.0,0.0276301806588734,-0.330795847750865,93025.0,92495.0,86698.33333333333,0.6197382535788352,0.4762303482643862,0.0364415862808145,0.0840807174887892,0.2194199243379571,0.0395055092717011,0.0454619168603709,0.1153616947653741,110000.0,67300.0,-0.1209090909090908,0.4368499257057949,20701684.0,2001852842800.0,19486887300.0,19293155125.0,0.0097344254699279,yfinance_download,237690.KQ
2025-10-29,96600.0,102000.0,93300.0,100800.0,100483.6171875,818794.0,0.0423991726990693,-0.3024221453287197,93450.0,92716.66666666669,86886.66666666667,0.6332225532658264,0.4813661073901492,0.0920910075839653,0.1519999999999999,0.289002557544757,0.0786516853932584,0.0871831745461082,0.1601319726847232,110000.0,67300.0,-0.0836363636363636,0.4977711738484398,20701684.0,2086729747200.0,82534435200.0,22930889945.0,0.0395520480362853,yfinance_download,237690.KQ
2025-10-30,101900.0,101900.0,95600.0,96800.0,96496.171875,266002.0,-0.0396825396825396,-0.3301038062283736,93740.0,92895.0,87035.0,0.6498510625330126,0.4877246097032187,0.0637362637362637,0.124274099883856,0.2253164556962026,0.0326434819714103,0.0420367081113084,0.112196242890791,110000.0,67300.0,-0.12,0.438335809806835,20701684.0,2003923011200.0,25748993600.0,23885193175.0,0.012849292840138,yfinance_download,237690.KQ
2025-10-31,98000.0,102400.0,97700.0,101300.0,100982.046875,351191.0,0.046487603305785,-0.298961937716263,94360.0,93131.66666666669,87221.66666666667,0.6584107672338421,0.4957035901999475,0.1394825646794151,0.1630309988518943,0.2839036755386566,0.0735481136074607,0.0877073677052202,0.1614086713928113,110000.0,67300.0,-0.0790909090909091,0.5052005943536404,20701684.0,2097080589200.0,35575648300.0,25115284790.0,0.0169643686958027,yfinance_download,237690.KQ
2025-11-03,100300.0,101700.0,99500.0,100700.0,100383.9296875,205614.0,-0.0059230009871668,-0.303114186851211,94915.0,93431.66666666669,87435.83333333333,0.6600916032461949,0.4834120646152017,0.1238839285714286,0.2176541717049576,0.3426666666666667,0.0609492703998313,0.077793039476266,0.1517017241214986,109500.0,67300.0,-0.080365296803653,0.4962852897473997,20701684.0,2084659578800.0,20705329800.0,25937670640.0,0.0099322354645158,yfinance_download,237690.KQ
2025-11-04,99900.0,102700.0,98900.0,101100.0,100782.671875,224580.0,0.0039721946375372,-0.3003460207612457,95495.0,93663.33333333331,87649.16666666667,0.6595408067320302,0.4717422268354431,0.1296089385474861,0.1594036697247707,0.3390728476821192,0.0586941724697627,0.0793978433396207,0.1534621930233219,105700.0,67300.0,-0.0435193945127719,0.5022288261515602,20701684.0,2092940252400.0,22705038000.0,26891908790.0,0.0108483928167389,yfinance_download,237690.KQ
2025-11-05,102600.0,102600.0,97000.0,99700.0,99387.0703125,215565.0,-0.0138476755687437,-0.3100346020761245,96055.0,93808.33333333331,87858.33333333333,0.6605825161308599,0.4652293768813559,0.1265536723163842,0.0956043956043957,0.3364611260053618,0.0379470095257925,0.0628053655503242,0.1347813715261312,105700.0,67300.0,-0.0567644276253548,0.4814264487369986,20701684.0,2063957894800.0,21491830500.0,27697473590.0,0.0104129209971517,yfinance_download,237690.KQ
2025-11-06,101000.0,101200.0,98800.0,99500.0,99187.6953125,127648.0,-0.0020060180541624,-0.3114186851211072,96590.0,93951.66666666669,88090.0,0.6612300459044924,0.4652584552614313,0.1204954954954955,0.0946094609460945,0.3877266387726639,0.030127342374987,0.0590551879512515,0.1295266205017595,105700.0,67300.0,-0.0586565752128666,0.4784546805349183,20701684.0,2059817558000.0,12700976000.0,27911490510.0,0.0061660684222597,yfinance_download,237690.KQ
2025-11-07,98500.0,98600.0,94600.0,95800.0,95499.3125,124102.0,-0.0371859296482411,-0.3370242214532871,96865.0,94048.33333333331,88275.0,0.6776567418990751,0.471540174756959,0.060908084163898,0.0644444444444445,0.3016304347826086,-0.0109946833221493,0.018625174998671,0.0852449730954403,105700.0,67300.0,-0.0936613055818353,0.4234769687964339,20701684.0,1983221327200.0,11888971600.0,27990922070.0,0.0059947780093638,yfinance_download,237690.KQ
2025-11-10,96500.0,96900.0,94900.0,96500.0,96197.1171875,72647.0,0.0073068893528183,-0.3321799307958477,96975.0,94168.33333333331,88460.83333333333,0.6608746829103838,0.4712889570474711,0.0233297985153764,0.0806270996640536,0.3005390835579515,-0.0048981696313482,0.0247606237057751,0.0908782606238165,105700.0,67300.0,-0.0870387890255439,0.4338781575037147,20701684.0,1997712506000.0,7010435500.0,27265650585.0,0.0035092314229122,yfinance_download,237690.KQ
2025-11-11,97000.0,98500.0,96000.0,97000.0,96695.546875,123456.0,0.005181347150259,-0.328719723183391,97175.0,94255.0,88647.5,0.6582964716529546,0.468166841763227,0.043010752688172,0.056644880174292,0.3002680965147453,-0.0018008747105736,0.0291231234417272,0.0942214952480329,105700.0,67300.0,-0.0823084200567644,0.4413075780089153,20701684.0,2008063348000.0,11975232000.0,27315953985.0,0.0059635728185204,yfinance_download,237690.KQ
2025-11-12,98800.0,101800.0,97800.0,100200.0,99885.5,210271.0,0.0329896907216495,-0.3065743944636678,97415.0,94416.66666666669,88875.83333333333,0.6620898924837125,0.4714560455581675,0.050314465408805,0.107182320441989,0.3763736263736263,0.0285890263306471,0.0612533097969991,0.1274155891646586,105700.0,67300.0,-0.0520340586565751,0.4888558692421991,20701684.0,2074308736800.0,21069154200.0,27676220985.0,0.0101571930090325,yfinance_download,237690.KQ
2025-11-13,101000.0,103600.0,100500.0,102000.0,101679.8515625,187111.0,0.0179640718562874,-0.2941176470588235,97755.0,94555.0,89129.16666666667,0.6637520083802071,0.4675516891956384,0.0714285714285714,0.0885805763073639,0.4245810055865922,0.0434248887524935,0.0787372428745174,0.1444065261091112,105700.0,67300.0,-0.0350047303689687,0.5156017830609212,20701684.0,2111571768000.0,19085322000.0,27836057365.0,0.0090384434425721,yfinance_download,237690.KQ
2025-11-14,100400.0,106400.0,99900.0,104100.0,103773.2578125,329636.0,0.0205882352941175,-0.2795847750865051,98120.0,94743.33333333331,89380.83333333333,0.6648323452492251,0.4684874168824051,0.0754132231404958,0.1217672413793102,0.408660351826793,0.0609457806767224,0.0987580480596701,0.1646792283953495,105700.0,67300.0,-0.0151371807000946,0.5468053491827638,20701684.0,2155045304400.0,34315107600.0,28647652345.0,0.015923149053961,yfinance_download,237690.KQ
2025-11-17,105000.0,105500.0,101900.0,103400.0,103075.453125,123396.0,-0.0067243035542747,-0.2844290657439446,98005.0,94940.0,89611.66666666667,0.5794490006884121,0.4677950396973603,-0.021759697256386,0.1288209606986898,0.3659180977542933,0.0550482118259272,0.0891089108910891,0.1538676139639554,105700.0,67300.0,-0.021759697256386,0.536404160475483,20701684.0,2140554125600.0,12759146400.0,25624737730.0,0.0059606745035814,yfinance_download,237690.KQ
2025-11-18,104000.0,104200.0,100500.0,101700.0,101380.7890625,136013.0,-0.0164410058027079,-0.2961937716262975,98345.0,95145.0,89829.16666666667,0.4438796587207543,0.4662190945162719,0.071654373024236,0.1375838926174497,0.3452380952380953,0.0341145965732878,0.0688948447107047,0.1321489865021567,105700.0,67300.0,-0.0378429517502365,0.5111441307578009,20701684.0,2105361262800.0,13832522100.0,22250942735.0,0.0065701418300076,yfinance_download,237690.KQ
2025-11-19,102300.0,102400.0,97800.0,98700.0,98390.2109375,108362.0,-0.0294985250737462,-0.316955017301038,98520.0,95300.0,90022.5,0.4594062758702485,0.4708123826654246,0.036764705882353,0.1040268456375839,0.3072847682119206,0.0018270401948843,0.0356768100734523,0.0963925685245354,105700.0,67300.0,-0.0662251655629139,0.4665676077265972,20701684.0,2043256210800.0,10695329400.0,21835451365.0,0.0052344533903618,yfinance_download,237690.KQ
2025-11-20,99800.0,102900.0,98900.0,102000.0,101679.8515625,83684.0,0.033434650455927,-0.2941176470588235,99080.0,95530.0,90234.16666666669,0.4343790958359257,0.4740025264461255,0.1233480176211454,0.1564625850340135,0.3315926892950391,0.0294711344368188,0.0677274154715796,0.1303922202417782,105700.0,67300.0,-0.0350047303689687,0.5156017830609212,20701684.0,2111571768000.0,8535768000.0,21153835085.0,0.0040423764559443,yfinance_download,237690.KQ
2025-11-21,100000.0,100800.0,98700.0,99800.0,99486.7578125,99648.0,-0.0215686274509804,-0.3093425605536332,99595.0,95660.0,90420.0,0.4396494812394855,0.4690656376368796,0.1150837988826816,0.0847826086956522,0.287741935483871,0.0020583362618604,0.0432782772318629,0.1037381110373811,105700.0,67300.0,-0.0558183538315988,0.4829123328380387,20701684.0,2066028063200.0,9944870400.0,20947277455.0,0.0048135214507186,yfinance_download,237690.KQ
2025-11-24,101700.0,102000.0,97900.0,98200.0,97891.78125,111507.0,-0.0160320641282565,-0.3204152249134948,99800.0,95751.66666666669,90601.66666666669,0.4111760589067262,0.4703132663801115,0.0435706695005313,0.0593311758360302,0.2853403141361257,-0.0160320641282565,0.0255696158465474,0.0838652710582954,105700.0,67300.0,-0.0709555345316934,0.4591381872213966,20701684.0,2032905368800.0,10949987400.0,20650549265.0,0.0053863733984153,yfinance_download,237690.KQ
2025-11-25,98800.0,100100.0,97400.0,97800.0,97493.03125,67082.0,-0.0040733197556007,-0.3231833910034601,99855.0,95810.0,90770.83333333331,0.4006944873061707,0.4692704967418558,0.0113753877973112,0.0371155885471898,0.2619354838709677,-0.0205798407691152,0.0207702745016178,0.0774386045444113,105700.0,67300.0,-0.0747398297067171,0.4531946508172362,20701684.0,2024624695200.0,6560619600.0,20004235880.0,0.0032404127123184,yfinance_download,237690.KQ
2025-11-26,98500.0,104800.0,98400.0,103600.0,103274.828125,203800.0,0.0593047034764826,-0.2830449826989619,99995.0,95960.0,90974.16666666669,0.4275299319228691,0.4842221498382129,0.0277777777777776,0.095137420718816,0.3080808080808082,0.0360518025901295,0.0796165068778658,0.1387848198664456,105700.0,67300.0,-0.0198675496688741,0.5393759286775632,20701684.0,2144694462400.0,21113680000.0,16933198120.0,0.0098446097428595,yfinance_download,237690.KQ
2025-11-27,104500.0,109600.0,102300.0,108200.0,107860.390625,313314.0,0.0444015444015444,-0.2512110726643598,100565.0,96205.0,91213.33333333331,0.4237177512304405,0.4910658391855014,0.1177685950413223,0.1572192513368984,0.361006289308176,0.0759210460895938,0.1246816693519048,0.1862300833211518,108200.0,67300.0,0.0,0.6077265973254087,20701684.0,2239922208800.0,33900574800.0,17340777180.0,0.0151347107800505,yfinance_download,237690.KQ
2025-11-28,110000.0,117100.0,107600.0,117000.0,116632.7734375,631840.0,0.0813308687615526,-0.1903114186851211,101350.0,96611.66666666669,91536.66666666669,0.4820084745149857,0.5159010086610255,0.154985192497532,0.2634989200863931,0.4961636828644502,0.1544153922052293,0.2110338640950886,0.2781763227850404,117000.0,67300.0,0.0,0.7384843982169391,20701684.0,2422097028000.0,73925280000.0,19258258765.0,0.0305211885178036,yfinance_download,237690.KQ
2025-12-01,118400.0,119900.0,114700.0,116700.0,116333.7109375,218262.0,-0.0025641025641025,-0.1923875432525951,102150.0,97010.0,91865.83333333331,0.4808993738099316,0.5160803792750052,0.1588877855014896,0.2575431034482758,0.5116580310880829,0.1424375917767988,0.2029687661065868,0.2703308266584421,117000.0,67300.0,-0.0025641025641025,0.7340267459138188,20701684.0,2415886522800.0,25471175400.0,19496551045.0,0.0105432002536605,yfinance_download,237690.KQ
2025-12-02,116700.0,118500.0,115000.0,117800.0,117430.2578125,174767.0,0.0094258783204799,-0.1847750865051903,102985.0,97378.33333333331,92178.33333333331,0.4807092248675272,0.5131506690631049,0.165182987141444,0.2309299895506791,0.4669987546699876,0.1438559013448561,0.2097146867030654,0.2779575822228652,117800.0,67300.0,0.0,0.75037147102526,20701684.0,2438658375200.0,20587552600.0,19390676775.0,0.0084421634491184,yfinance_download,237690.KQ
2025-12-03,116900.0,121600.0,115800.0,118900.0,118526.8046875,202971.0,0.0093378607809846,-0.1771626297577855,103945.0,97715.0,92475.83333333331,0.4736631087124263,0.5101107223831195,0.1925777331995988,0.204660587639311,0.4290865384615385,0.1438741642214633,0.2168039707312081,0.2857413198042733,118900.0,67300.0,0.0,0.7667161961367013,20701684.0,2461430227600.0,24133251900.0,19522747845.0,0.0098045646914521,yfinance_download,237690.KQ
2025-12-04,117900.0,119600.0,115900.0,117900.0,117529.9453125,133819.0,-0.0084104289318754,-0.184083044982699,104865.0,98016.66666666669,92760.83333333331,0.4762218404232042,0.5104519800498469,0.1849246231155779,0.1813627254509018,0.4086021505376345,0.1243026748676869,0.202856657031117,0.2710105737874282,118900.0,67300.0,-0.0084104289318754,0.7518573551263001,20701684.0,2440728543600.0,15777260100.0,19676562050.0,0.0064641601137376,yfinance_download,237690.KQ
2025-12-05,114600.0,119000.0,113600.0,118000.0,117629.6328125,242003.0,0.0008481764206955,-0.1833910034602076,105975.0,98350.0,93052.5,0.4455101470690767,0.5085458709142257,0.231732776617954,0.2040816326530612,0.4216867469879517,0.1134701580561452,0.1997966446365022,0.2681013406410359,118900.0,67300.0,-0.0075693860386879,0.7533432392273403,20701684.0,2442798712000.0,28556354000.0,20509931170.0,0.0116900151697803,yfinance_download,237690.KQ
2025-12-08,122800.0,129300.0,119400.0,125000.0,124607.65625,592854.0,0.0593220338983051,-0.1349480968858131,107400.0,98795.0,93417.5,0.4771735036779139,0.5212027205497377,0.2953367875647668,0.2716174974567651,0.5394088669950738,0.1638733705772812,0.2652462169138114,0.3380790537104932,125000.0,67300.0,0.0,0.8573551263001487,20701684.0,2587710500000.0,74106750000.0,23864746895.0,0.0286379600809286,yfinance_download,237690.KQ
2025-12-09,124000.0,131100.0,121900.0,127500.0,127099.8125,280970.0,0.02,-0.1176470588235294,108925.0,99376.66666666669,93814.16666666669,0.4766704767035431,0.5055107191319433,0.3144329896907216,0.3768898488120951,0.5957446808510638,0.1705301813174202,0.2829973501492637,0.359069792231095,127500.0,67300.0,0.0,0.8945022288261515,20701684.0,2639464710000.0,35823675000.0,25057169045.0,0.0135723258069246,yfinance_download,237690.KQ
2025-12-10,126000.0,126400.0,122400.0,125000.0,124607.65625,191869.0,-0.0196078431372549,-0.1349480968858131,110165.0,99898.33333333331,94196.66666666669,0.4856248363561576,0.5080168143609289,0.2475049900199601,0.3340448239060831,0.5802781289506953,0.1346616438977896,0.2512721266621065,0.3270108637956048,127500.0,67300.0,-0.0196078431372549,0.8573551263001487,20701684.0,2587710500000.0,23983625000.0,25202892585.0,0.0092682798172361,yfinance_download,237690.KQ
2025-12-11,127300.0,130700.0,125000.0,129300.0,128894.1640625,325774.0,0.0343999999999999,-0.105190311418685,111530.0,100530.0,94624.16666666669,0.4919663148365999,0.5075800227912683,0.2676470588235293,0.4146608315098468,0.6576923076923078,0.159329328431812,0.2861832288868995,0.3664585333204166,129300.0,67300.0,0.0,0.9212481426448738,20701684.0,2676727741200.0,42122578200.0,26354755395.0,0.0157365941823863,yfinance_download,237690.KQ
2025-12-12,129100.0,131000.0,126600.0,127300.0,126900.4375,140098.0,-0.0154679040989945,-0.1190311418685121,112690.0,101065.0,95040.83333333331,0.5005544223614594,0.504097524109576,0.2228626320845341,0.3371848739495797,0.6468305304010349,0.1296477060963705,0.2595854153267698,0.3394242825452218,129300.0,67300.0,-0.0154679040989945,0.8915304606240713,20701684.0,2635324373200.0,17834475400.0,25530723785.0,0.0067674687721056,yfinance_download,237690.KQ
2025-12-15,125700.0,132900.0,125700.0,132100.0,131685.375,287755.0,0.0377062058130399,-0.0858131487889273,114125.0,101678.33333333331,95468.33333333331,0.5050191048142744,0.5083422675047992,0.2775628626692457,0.3861490031479537,0.6349009900990099,0.1575027382256297,0.299195174324258,0.3837048934201568,132100.0,67300.0,0.0,0.9628528974739968,20701684.0,2734692456400.0,38012435500.0,26793388240.0,0.0139000769212784,yfinance_download,237690.KQ
2025-12-16,133900.0,134000.0,129900.0,131100.0,130688.515625,228572.0,-0.0075700227100681,-0.0927335640138408,115595.0,102301.66666666669,95908.33333333331,0.4991560873059043,0.5069293210421049,0.2890855457227139,0.3991462113127,0.6743295019157087,0.134132099139236,0.2815040484840585,0.366930228516813,132100.0,67300.0,-0.0075700227100681,0.9479940564635958,20701684.0,2713990772400.0,29965789200.0,27600051595.0,0.0110412273706815,yfinance_download,237690.KQ
2025-12-17,130800.0,130800.0,124800.0,127800.0,127398.875,262604.0,-0.0251716247139588,-0.1155709342560553,117050.0,102905.0,96314.16666666669,0.4944570496439981,0.5076236502081858,0.2948328267477202,0.3951965065502183,0.6156763590391909,0.0918410935497651,0.2419221612166562,0.3269076027237252,132100.0,67300.0,-0.032551097653293,0.8989598811292718,20701684.0,2645675215200.0,33560791200.0,28743324685.0,0.0126851516040917,yfinance_download,237690.KQ
2025-12-18,126800.0,130100.0,124600.0,128400.0,127996.984375,185300.0,0.0046948356807512,-0.1114186851211073,118370.0,103521.66666666669,96724.16666666669,0.4895521527462095,0.5073418153751947,0.2588235294117647,0.4048140043763677,0.6212121212121211,0.0847343076793105,0.2403200618228067,0.327486236635105,132100.0,67300.0,-0.0280090840272521,0.9078751857355128,20701684.0,2658096225600.0,23792520000.0,29506162285.0,0.0089509626366627,yfinance_download,237690.KQ
2025-12-19,128500.0,130000.0,123500.0,127700.0,127299.1875,262604.0,-0.0054517133956386,-0.1162629757785467,119765.0,104083.33333333331,97140.83333333331,0.4780965791055138,0.505741636548742,0.2795591182364729,0.3585106382978724,0.6435006435006434,0.0662547488832296,0.2269015212169736,0.3145862107421355,132100.0,67300.0,-0.0333080999242997,0.8974739970282317,20701684.0,2643605046800.0,33534530800.0,30685645305.0,0.0126851516040917,yfinance_download,237690.KQ
2025-12-22,130300.0,130600.0,123400.0,125500.0,125106.09375,191464.0,-0.0172278778386844,-0.1314878892733564,121130.0,104595.0,97549.16666666669,0.4790715980084885,0.5078588929124471,0.2780040733197555,0.3238396624472575,0.6405228758169934,0.0360769421282918,0.1998661503895979,0.2865307238230292,132100.0,67300.0,-0.0499621498864496,0.8647845468053492,20701684.0,2598061342000.0,24028732000.0,31339582535.0,0.0092487161913977,yfinance_download,237690.KQ
2025-12-23,125500.0,126400.0,123500.0,124900.0,124507.9765625,103372.0,-0.0047808764940239,-0.1356401384083044,122485.0,105121.66666666669,97948.33333333331,0.4794078348121875,0.5064098692556543,0.2770961145194275,0.3386923901393355,0.622077922077922,0.0197167000040821,0.1881470676834777,0.2751620752437509,132100.0,67300.0,-0.0545041635124905,0.8558692421991085,20701684.0,2585640331600.0,12911162800.0,31657109695.0,0.0049934101979336,yfinance_download,237690.KQ
2025-12-24,124600.0,125600.0,123300.0,124900.0,124507.9765625,76980.0,0.0,-0.1356401384083044,123550.0,105665.0,98285.83333333331,0.448187516803732,0.50543080880781,0.2055984555984555,0.353196099674973,0.4798578199052132,0.0109267503035208,0.1820375715705295,0.2707833444969181,132100.0,67300.0,-0.0545041635124905,0.8558692421991085,20701684.0,2585640331600.0,9614802000.0,31082165795.0,0.0037185380667582,yfinance_download,237690.KQ
2025-12-26,125000.0,125000.0,120600.0,120900.0,120520.53125,178623.0,-0.0320256204963971,-0.1633217993079584,124185.0,106163.33333333331,98575.0,0.4519310748171005,0.5097268112627542,0.1173752310536044,0.3285714285714285,0.4025522041763341,-0.0264524701050851,0.1388112656598323,0.2264773015470453,132100.0,67300.0,-0.084784254352763,0.7964338781575038,20701684.0,2502833595600.0,21595520700.0,30466913090.0,0.0086284284891992,yfinance_download,237690.KQ
2025-12-29,120700.0,121500.0,118700.0,120400.0,120022.1015625,163333.0,-0.0041356492969396,-0.1667820069204152,124355.0,106688.33333333331,98845.0,0.354059049816387,0.5066997926286326,0.0290598290598289,0.3543307086614173,0.3681818181818181,-0.0318041092034899,0.1285207692187524,0.2180686934088724,132100.0,67300.0,-0.0885692657077971,0.7890044576523032,20701684.0,2492482753600.0,19665293200.0,27753913750.0,0.0078898412322398,yfinance_download,237690.KQ
2025-12-30,120400.0,121200.0,117800.0,119200.0,118825.8671875,140993.0,-0.0099667774086378,-0.1750865051903114,124480.0,107181.66666666669,99131.66666666669,0.3562007098457125,0.5076710535815862,0.0214224507283633,0.3303571428571428,0.4056603773584906,-0.0424164524421594,0.11213049495405,0.2024411977336537,132100.0,67300.0,-0.0976532929598789,0.7711738484398216,20701684.0,2467640732800.0,16806365600.0,27320673260.0,0.006810701969946,yfinance_download,237690.KQ
2026-01-02,118100.0,120400.0,112200.0,115000.0,114639.046875,269409.0,-0.035234899328859,-0.2041522491349481,124340.0,107606.66666666669,99390.0,0.3773317976059492,0.5142763973920289,-0.0237691001697792,0.2849162011173185,0.369047619047619,-0.0751166157310599,0.0687070193916112,0.1570580541301942,132100.0,67300.0,-0.129447388342165,0.7087667161961366,20701684.0,2380693660000.0,30982035000.0,27840397380.0,0.0130138688234251,yfinance_download,237690.KQ
2026-01-05,114000.0,125000.0,112500.0,123800.0,123411.4296875,329728.0,0.0765217391304347,-0.1432525951557093,124585.0,108195.0,99724.16666666669,0.4664365009539578,0.5337492605191088,0.04121110176619,0.3988700564971752,0.4790919952210275,-0.0063009190512501,0.1442303248763805,0.2414242619224693,132100.0,67300.0,-0.0628311884935655,0.8395245170876671,20701684.0,2562868479200.0,40820326400.0,28674751105.0,0.0159275931368675,yfinance_download,237690.KQ
2026-01-06,122700.0,126900.0,121000.0,126400.0,126003.265625,221330.0,0.0210016155088852,-0.1252595155709343,125010.0,108821.66666666669,100090.0,0.4690537444523456,0.5345782228353154,0.0720949957591179,0.4234234234234233,0.5321212121212122,0.0111191104711623,0.1615333956166817,0.2628634229193725,132100.0,67300.0,-0.0431491294473883,0.8781575037147102,20701684.0,2616692857600.0,27976112000.0,29284693700.0,0.0106914007575422,yfinance_download,237690.KQ
2026-01-07,126000.0,128500.0,125000.0,126700.0,126302.3203125,175709.0,0.0023734177215188,-0.1231833910034602,125445.0,109428.33333333331,100432.5,0.4689536749670826,0.5341955575411249,0.0737288135593219,0.4031007751937985,0.4801401869158879,0.010004384391566,0.1578354173964695,0.2615438229656734,132100.0,67300.0,-0.0408781226343678,0.8826151560178306,20701684.0,2622903362800.0,22262330300.0,28969992515.0,0.0084876669936609,yfinance_download,237690.KQ
2026-01-08,128000.0,130900.0,126600.0,128200.0,127797.6171875,134980.0,0.0118389897395421,-0.1128027681660899,125605.0,109993.33333333331,100806.66666666669,0.4226180544748,0.5284226976203363,0.0256,0.3594909862142099,0.5390156062424969,0.0206600055730266,0.1655251833444451,0.2717412869519211,132100.0,67300.0,-0.0295230885692656,0.9049034175334324,20701684.0,2653955888800.0,17304436000.0,26129876815.0,0.0065202425078075,yfinance_download,237690.KQ
2026-01-09,128900.0,133300.0,127100.0,131800.0,131386.3125,193760.0,0.0280811232449298,-0.0878892733564014,125820.0,110640.0,101201.66666666669,0.4282221861784689,0.5288035133249512,0.0337254901960784,0.4172043010752688,0.561611374407583,0.0475282149101892,0.1912509038322487,0.3023500930485334,132100.0,67300.0,-0.0022710068130203,0.9583952451708766,20701684.0,2728481951200.0,25537568000.0,25615571465.0,0.0093596250430641,yfinance_download,237690.KQ
2026-01-12,131500.0,131500.0,126600.0,127600.0,127199.5,145489.0,-0.0318664643399089,-0.116955017301038,125950.0,111176.66666666669,101549.16666666669,0.4385130234522177,0.532942611614944,0.0207999999999999,0.3375262054507337,0.4854481955762515,0.0131004366812226,0.1477228435223216,0.2565341911553516,132100.0,67300.0,-0.0340651021953065,0.8959881129271916,20701684.0,2641534878400.0,18564396400.0,25344610035.0,0.0070278823693763,yfinance_download,237690.KQ
2026-01-13,127000.0,128500.0,124400.0,125800.0,125405.1484375,125490.0,-0.0141065830721003,-0.1294117647058823,125775.0,111686.66666666669,101865.0,0.4236281701593253,0.5342319112164866,-0.0270688321732405,0.3214285714285714,0.4311717861205915,0.000198767640628,0.1263654270876857,0.2349678496048692,132100.0,67300.0,-0.0476911430734292,0.8692421991084696,20701684.0,2604271847200.0,15786642000.0,24027813225.0,0.0060618256949531,yfinance_download,237690.KQ
2026-01-14,126400.0,127400.0,124300.0,125500.0,125106.09375,118538.0,-0.0023847376788552,-0.1314878892733564,125685.0,112165.0,102170.0,0.4202501327617942,0.5339001604308135,-0.01413982717989,0.296487603305785,0.4116985376827897,-0.0014719338027608,0.118887353452503,0.228344915337183,132100.0,67300.0,-0.0499621498864496,0.8647845468053492,20701684.0,2598061342000.0,14876519000.0,23879915405.0,0.005726007604019,yfinance_download,237690.KQ
2026-01-15,125900.0,129700.0,124400.0,124900.0,124507.9765625,96172.0,-0.0047808764940239,-0.1356401384083044,125325.0,112485.0,102428.33333333331,0.3955060604194785,0.5024093505614413,-0.0545041635124905,0.1816461684011352,0.3301384451544196,-0.0033911829243965,0.1103702715917678,0.2193891664090339,132100.0,67300.0,-0.0545041635124905,0.8558692421991085,20701684.0,2585640331600.0,12011882800.0,22579887770.0,0.0046456124052516,yfinance_download,237690.KQ
2026-01-16,123100.0,126400.0,120000.0,122400.0,122015.8203125,193355.0,-0.0200160128102482,-0.1529411764705882,124890.0,112943.33333333331,102671.66666666669,0.4000593669428054,0.4547028124279563,-0.0663615560640732,0.2897787144362487,0.3133047210300428,-0.0199375450396348,0.083729303780657,0.1921497329675503,132100.0,67300.0,-0.0734292202876608,0.8187221396731055,20701684.0,2533886121600.0,23666652000.0,22264930910.0,0.0093400614172257,yfinance_download,237690.KQ
2026-01-19,123100.0,125600.0,122000.0,123600.0,123212.0546875,126151.0,0.0098039215686274,-0.144636678200692,124680.0,113416.66666666669,102915.83333333331,0.393717015257689,0.4548138875635196,-0.0328638497652582,0.2983193277310925,0.3107104984093318,-0.0086621751684311,0.0897869213813371,0.2009813844646515,132100.0,67300.0,-0.064345193035579,0.8365527488855868,20701684.0,2558728142400.0,15592263600.0,21366504530.0,0.0060937554645312,yfinance_download,237690.KQ
2026-01-20,125000.0,129200.0,121700.0,123800.0,123411.4296875,175425.0,0.0016181229773462,-0.1432525951557093,124450.0,113966.66666666669,103157.5,0.3932382435175655,0.442307515737093,-0.0358255451713395,0.3634361233480176,0.3059071729957805,-0.0052229811169144,0.0862825387540215,0.2001066330610958,132100.0,67300.0,-0.0628311884935655,0.8395245170876671,20701684.0,2562868479200.0,21717615000.0,21262759280.0,0.0084739483029496,yfinance_download,237690.KQ
2026-01-21,122700.0,122800.0,114400.0,116900.0,116533.0859375,316107.0,-0.0557350565428109,-0.1910034602076125,123910.0,114423.33333333331,103359.16666666669,0.4378538175835066,0.4581175108459168,-0.0845732184808144,0.306145251396648,0.261057173678533,-0.0565733193446856,0.021644769423486,0.1310075706879732,132100.0,67300.0,-0.1150643451930355,0.736998514115899,20701684.0,2420026859600.0,36952908300.0,21433678155.0,0.0152696273404617,yfinance_download,237690.KQ
2026-01-22,117900.0,122600.0,115300.0,120100.0,119723.0390625,198196.0,0.0273738237810095,-0.1688581314878893,123640.0,114856.66666666669,103613.33333333331,0.4485438996477515,0.4502738257940761,-0.0430278884462151,0.2763018065887355,0.3404017857142858,-0.0286315108379164,0.0456511013727254,0.1591172307296358,132100.0,67300.0,-0.0908402725208176,0.7845468053491829,20701684.0,2486272248400.0,23803339600.0,21422408535.0,0.0095739071275554,yfinance_download,237690.KQ
2026-01-23,120300.0,144200.0,119700.0,139600.0,139161.828125,1348076.0,0.1623646960865945,-0.033910034602076,124375.0,115571.66666666669,104033.33333333331,0.7349032120675878,0.5528595844321681,0.1176941553242594,0.4436401240951395,0.5650224215246638,0.1224120603015075,0.2079085127554329,0.3418776033322654,139600.0,67300.0,0.0,1.074294205052006,20701684.0,2889955086400.0,188191409600.0,30186420875.0,0.065119146828828,yfinance_download,237690.KQ
2026-01-26,138300.0,153500.0,136700.0,149500.0,149030.765625,808751.0,0.0709169054441261,0.0,125605.0,116383.33333333331,104550.0,0.7688660527398914,0.5637053163478523,0.1969575660528422,0.4831349206349207,0.7085714285714286,0.1902392420683889,0.284548188457683,0.4299378287900526,149500.0,67300.0,0.0,1.2213967310549778,20701684.0,3094901758000.0,120908274500.0,35751094500.0,0.0390669184207429,yfinance_download,237690.KQ
2026-01-27,144500.0,153800.0,144100.0,146500.0,146040.171875,385859.0,-0.020066889632107,-0.020066889632107,126885.0,117211.66666666669,105053.33333333331,0.7613143224926046,0.55814550353771,0.2117452440033085,0.5134297520661157,0.7015098722415796,0.154588800882689,0.249875581213474,0.3945297626602362,149500.0,67300.0,-0.020066889632107,1.176820208023774,20701684.0,3032796706000.0,56528343500.0,37497735640.0,0.0186390150675664,yfinance_download,237690.KQ
2026-01-28,146500.0,154200.0,145200.0,150500.0,150027.625,369836.0,0.0273037542662115,0.0,128390.0,118031.66666666669,105581.66666666669,0.7613789762286169,0.553791417249985,0.25,0.4856860809476802,0.7278989667049369,0.1722096736505958,0.2750815459128199,0.4254368656174525,150500.0,67300.0,0.0,1.236255572065379,20701684.0,3115603442000.0,55660318000.0,39297486880.0,0.0178650200631021,yfinance_download,237690.KQ
2026-01-29,152200.0,156900.0,148700.0,154600.0,154114.75,386334.0,0.0272425249169434,0.0,130160.0,118930.0,106180.83333333331,0.7584276865767761,0.554607087523757,0.2969798657718121,0.535253227408143,0.8694074969770254,0.1877688998156115,0.2999243252333305,0.4560066553128703,154600.0,67300.0,0.0,1.2971768202080236,20701684.0,3200480346400.0,59727236400.0,41443530420.0,0.0186619600608336,yfinance_download,237690.KQ
2026-01-30,158000.0,166300.0,155800.0,159600.0,159099.0625,414322.0,0.0323415265200517,0.0,132390.0,119905.0,106784.16666666669,0.7377625635580571,0.5568257831123353,0.3878260869565217,0.5786350148367954,0.8302752293577982,0.2055291185134828,0.3310537508861182,0.4946036007210805,159600.0,67300.0,0.0,1.3714710252600295,20701684.0,3303988766400.0,66125791200.0,43200718230.0,0.0200139273693869,yfinance_download,237690.KQ
2026-02-02,153700.0,159500.0,150000.0,153500.0,153018.203125,251946.0,-0.0382205513784461,-0.0382205513784461,133875.0,120801.66666666669,107305.0,0.728362652769319,0.563155391384427,0.239903069466882,0.5396188565697091,0.6868131868131868,0.1465919701213818,0.2706778328113575,0.4305018405479708,159600.0,67300.0,-0.0382205513784461,1.2808320950965824,20701684.0,3177708494000.0,38673711000.0,43093387460.0,0.0121703142604244,yfinance_download,237690.KQ
2026-02-03,158000.0,163500.0,156400.0,160600.0,160095.921875,234880.0,0.0462540716612378,0.0,135585.0,121820.0,107885.83333333331,0.7380660224944108,0.5682240513114266,0.2705696202531646,0.614070351758794,0.7667766776677667,0.1844968101191135,0.3183385322607126,0.4886106455126175,160600.0,67300.0,0.0,1.3863298662704309,20701684.0,3324690450400.0,37721728000.0,43580668260.0,0.0113459368812701,yfinance_download,237690.KQ
2026-02-04,160100.0,161300.0,155000.0,155900.0,155410.671875,140448.0,-0.0292652552926525,-0.0292652552926525,137045.0,122821.66666666669,108435.0,0.7525201989554051,0.5657234758437049,0.2304656669297553,0.6273486430062631,0.7322222222222223,0.1375825458790909,0.2693200168265641,0.43772767095495,160600.0,67300.0,-0.0292652552926525,1.3164933135215455,20701684.0,3227392535600.0,21895843200.0,43562343905.0,0.0067843756092499,yfinance_download,237690.KQ
2026-02-05,153100.0,160900.0,149900.0,150800.0,150326.6875,210316.0,-0.0327132777421423,-0.0610211706102117,138175.0,123726.66666666669,108947.5,0.7686474052371124,0.5720686006165364,0.1762870514820593,0.5626943005181346,0.6886898096304592,0.0913696399493395,0.2188156689476803,0.3841529176897129,160600.0,67300.0,-0.0610211706102117,1.2407132243684993,20701684.0,3121813947200.0,31715652800.0,44282904745.0,0.0101593667452367,yfinance_download,237690.KQ
2026-02-06,142800.0,148000.0,140000.0,146700.0,146239.546875,174855.0,-0.0271883289124668,-0.0865504358655043,138920.0,124555.0,109405.0,0.7756528229841404,0.5765977879648536,0.1130500758725341,0.5123711340206185,0.5980392156862746,0.0560034552260293,0.1777929428766409,0.3408893560623371,160600.0,67300.0,-0.0865504358655043,1.1797919762258542,20701684.0,3036937042800.0,25651228500.0,44288587770.0,0.0084464143110289,yfinance_download,237690.KQ
2026-02-09,150000.0,161500.0,149300.0,154800.0,154314.125,329444.0,0.0552147239263802,-0.0361145703611457,140280.0,125465.0,109940.83333333331,0.780186087146599,0.5825556359949642,0.2131661442006269,0.5449101796407185,0.7104972375690608,0.1035072711719418,0.233810225959431,0.4080300767837246,160600.0,67300.0,-0.0361145703611457,1.3001485884101038,20701684.0,3204620683200.0,50997931200.0,45910264510.0,0.0159138744461561,yfinance_download,237690.KQ
2026-02-10,157600.0,158100.0,150000.0,152400.0,151921.65625,215187.0,-0.0155038759689922,-0.0510585305105852,141610.0,126305.0,110430.0,0.7807931953236522,0.5841246660980419,0.2114467408585054,0.4941176470588235,0.6264674493062967,0.0761951839559353,0.2066030640117175,0.3800597663678349,160600.0,67300.0,-0.0510585305105852,1.264487369985141,20701684.0,3154936641600.0,32794498800.0,46760657350.0,0.0103946616130359,yfinance_download,237690.KQ
2026-02-11,154800.0,154900.0,147700.0,147900.0,147435.78125,144598.0,-0.029527559055118,-0.0790784557907845,142730.0,127035.0,110889.16666666669,0.7926928640673606,0.5882896146690214,0.1784860557768923,0.4207492795389049,0.59375,0.0362222377916345,0.1642460739166371,0.33376419397747,160600.0,67300.0,-0.0790784557907845,1.197622585438336,20701684.0,3061779063600.0,21386044200.0,47086133610.0,0.0069848423925319,yfinance_download,237690.KQ
2026-02-12,148600.0,152100.0,147200.0,147700.0,147236.40625,163292.0,-0.0013522650439485,-0.0803237858032378,143870.0,127773.33333333331,111356.66666666669,0.791974128343836,0.5878759660227314,0.1825460368294635,0.4284332688588008,0.6124454148471616,0.0266212552999236,0.1559532505478451,0.3263687251174902,160600.0,67300.0,-0.0803237858032378,1.1946508172362558,20701684.0,3057638726800.0,24118228400.0,47691450890.0,0.0078878607170315,yfinance_download,237690.KQ
2026-02-13,145600.0,148600.0,144600.0,146700.0,146239.546875,140183.0,-0.00677048070413,-0.0865504358655043,145085.0,128523.33333333331,111834.16666666669,0.78679614102398,0.5865891592590412,0.1985294117647058,0.4424778761061947,0.6409395973154361,0.0111314057276767,0.1414269782400083,0.3117636977369766,160600.0,67300.0,-0.0865504358655043,1.1797919762258542,20701684.0,3036937042800.0,20564846100.0,47536360595.0,0.0067715747182692,yfinance_download,237690.KQ
2026-02-19,150100.0,155000.0,147500.0,153500.0,153018.203125,202370.0,0.0463531015678255,-0.0442092154420921,146580.0,129436.66666666669,112368.33333333331,0.7971771391604333,0.5871553660667743,0.2419093851132685,0.5552178318135765,0.7170022371364653,0.0472097148314913,0.1859081661559063,0.3660432209548954,160600.0,67300.0,-0.0442092154420921,1.2808320950965824,20701684.0,3177708494000.0,31063795000.0,48309937165.0,0.009775533236813,yfinance_download,237690.KQ
2026-02-20,153000.0,153500.0,147900.0,150000.0,149529.1875,110386.0,-0.0228013029315961,-0.0660024906600249,147890.0,130236.66666666669,112883.33333333331,0.8060710471971629,0.5880744307907796,0.2116316639741517,0.4705882352941177,0.7006802721088434,0.014267360876327,0.1517493793350566,0.328805551454304,160600.0,67300.0,-0.0660024906600249,1.2288261515601784,20701684.0,3105252600000.0,16557900000.0,48051951415.0,0.0053322232143046,yfinance_download,237690.KQ
2026-02-23,150000.0,153300.0,146000.0,151100.0,150625.734375,183624.0,0.0073333333333334,-0.0591531755915317,149600.0,131091.66666666666,113375.83333333331,0.7671628594653388,0.5850322503628007,0.2925577416595379,0.5140280561122244,0.642391304347826,0.0100267379679144,0.1526285677960714,0.3327355182982852,160600.0,67300.0,-0.0591531755915317,1.2451708766716196,20701684.0,3128024452400.0,27745586400.0,47591585320.0,0.0088700030393662,yfinance_download,237690.KQ
2026-02-24,152300.0,155400.0,148600.0,148900.0,148432.640625,133267.0,-0.014559894109861,-0.072851805728518,151040.0,131936.66666666666,113844.16666666669,0.7718673849543923,0.584786216132913,0.2398001665278935,0.5162932790224033,0.6062567421790723,-0.0141684322033898,0.1285717894949598,0.3079282352338357,160600.0,67300.0,-0.072851805728518,1.2124814264487371,20701684.0,3082480747600.0,19843456300.0,47393591155.0,0.0064374956162986,yfinance_download,237690.KQ
2026-02-25,149000.0,149000.0,142400.0,145000.0,144544.890625,191975.0,-0.0261920752182672,-0.0971357409713574,151310.0,132723.33333333334,114266.66666666669,0.5394555240702639,0.5884181055289525,0.0386819484240688,0.4826175869120654,0.5376458112407212,-0.0417024651377966,0.0924981791697012,0.2689614935822637,160600.0,67300.0,-0.0971357409713574,1.1545319465081725,20701684.0,3001744180000.0,27836375000.0,39375839425.0,0.0092734001736283,yfinance_download,237690.KQ
2026-02-26,146300.0,148700.0,141100.0,147100.0,146638.296875,197802.0,0.0144827586206897,-0.0840597758405977,151190.0,133448.33333333334,114704.16666666669,0.4781542918955179,0.578564241096174,-0.0160535117056855,0.41988416988417,0.554968287526427,-0.0270520537072557,0.1022992668823139,0.2824294380471501,160600.0,67300.0,-0.0840597758405977,1.1857355126300146,20701684.0,3045217716400.0,29096674200.0,34785259410.0,0.0095548748594558,yfinance_download,237690.KQ
2026-02-27,144500.0,157500.0,144300.0,152300.0,151821.96875,236712.0,0.0353501019714479,-0.0516811955168119,151480.0,134183.33333333334,115194.16666666669,0.488251383866815,0.5763237800122109,0.0395904436860068,0.4075785582255082,0.6288770053475936,0.005413255875363,0.1350142839398831,0.3221155585135242,160600.0,67300.0,-0.0516811955168119,1.263001485884101,20701684.0,3152866473200.0,36051237600.0,33761404115.0,0.0114344320974081,yfinance_download,237690.KQ
2026-03-03,151200.0,166600.0,148200.0,155600.0,155111.609375,366300.0,0.0216677609980302,-0.0311332503113325,151735.0,134826.66666666666,115719.16666666669,0.4848348628479798,0.5557676114590385,0.0338870431893687,0.3299145299145298,0.6803455723542116,0.0254720400698587,0.1540743670886077,0.3446346398968767,160600.0,67300.0,-0.0311332503113325,1.3120356612184247,20701684.0,3221182030400.0,56996280000.0,33828202215.0,0.017694212702696,yfinance_download,237690.KQ
2026-03-04,154500.0,155000.0,130000.0,131500.0,131087.265625,348764.0,-0.1548843187660668,-0.1811955168119551,150580.0,135073.33333333334,116041.66666666669,0.7290931515183819,0.645453834484983,-0.149417852522639,0.1268209083119109,0.4170258620689655,-0.126710054456103,-0.0264547653126697,0.1332136445242369,160600.0,67300.0,-0.1811955168119551,0.9539375928677564,20701684.0,2722271446000.0,45862466000.0,33134963695.0,0.0168471318565195,yfinance_download,237690.KQ
2026-03-05,141800.0,155500.0,138300.0,148800.0,148332.953125,264741.0,0.1315589353612167,-0.0734744707347446,150040.0,135590.0,116484.16666666669,0.8712932291753572,0.697258538470188,-0.0676691729323308,0.263157894736842,0.5548589341692789,-0.0082644628099173,0.0974260638690169,0.2774268319728719,160600.0,67300.0,-0.0734744707347446,1.210995542347697,20701684.0,3080410579200.0,39393460800.0,31798347175.0,0.0127883799211696,yfinance_download,237690.KQ
2026-03-06,149000.0,162100.0,148500.0,160000.0,159497.796875,270844.0,0.075268817204301,-0.0037359900373599,150365.0,136275.0,116995.0,0.9013947859023425,0.712011515173167,0.0423452768729641,0.3456686291000841,0.6210739614994933,0.0640774116316962,0.1740964960557696,0.3675798111030386,160600.0,67300.0,-0.0037359900373599,1.3774145616641902,20701684.0,3312269440000.0,43335040000.0,32031413625.0,0.0130831868557166,yfinance_download,237690.KQ
2026-03-09,153900.0,164800.0,152600.0,162100.0,161591.21875,319537.0,0.013125,0.0,150440.0,137011.66666666666,117514.16666666669,0.8881944014166245,0.7115256523681642,0.0093399750933997,0.3748939779474129,0.6242484969939879,0.0775059824514756,0.1831109272932962,0.3794081564634051,162100.0,67300.0,0.0,1.4086181277860326,20701684.0,3355742976400.0,51796947700.0,32735174610.0,0.0154353143444755,yfinance_download,237690.KQ
2026-03-10,170500.0,171500.0,158000.0,159600.0,159099.0625,298811.0,-0.0154225786551511,-0.0154225786551511,150625.0,137705.0,118027.5,0.8830802172146558,0.7128379253859236,0.023733162283515,0.3525423728813559,0.6285714285714286,0.0595850622406639,0.1589993101194582,0.3522272351782423,162100.0,67300.0,-0.0154225786551511,1.3714710252600295,20701684.0,3303988766400.0,47690235600.0,34024894230.0,0.0144341397540412,yfinance_download,237690.KQ
2026-03-11,161500.0,166900.0,157300.0,158900.0,158401.25,225598.0,-0.0043859649122807,-0.0197409006785934,151030.0,138270.0,118532.5,0.8737003185605293,0.7044000578131078,0.0537135278514588,0.2712000000000001,0.6164801627670398,0.0521088525458517,0.149200838938309,0.3405606057410415,162100.0,67300.0,-0.0197409006785934,1.361069836552749,20701684.0,3289497587600.0,35847522200.0,34231487700.0,0.0108975675602042,yfinance_download,237690.KQ
2026-03-12,156100.0,160700.0,153500.0,157400.0,156905.96875,184404.0,-0.0094398993077406,-0.0289944478716841,151565.0,138768.33333333334,119072.5,0.8675230737263078,0.7042997383197795,0.0729379686434901,0.2345098039215687,0.6997840172786176,0.0384983340480982,0.1342645416221279,0.3218837263012031,162100.0,67300.0,-0.0289944478716841,1.3387815750371472,20701684.0,3258445061600.0,29025189600.0,34400185755.0,0.0089076811335734,yfinance_download,237690.KQ
2026-03-13,154500.0,165000.0,153500.0,160700.0,160195.609375,162413.0,0.0209656925031767,-0.0086366440468846,151860.0,139363.33333333334,119630.83333333331,0.849549212761195,0.7032823083330457,0.0381136950904392,0.2856000000000001,0.7150480256136607,0.0582115106018701,0.1531010069602238,0.3432991773302591,162100.0,67300.0,-0.0086366440468846,1.387815750371471,20701684.0,3326760618800.0,26099769100.0,33155277650.0,0.0078454004031749,yfinance_download,237690.KQ
2026-03-16,159100.0,164000.0,153200.0,155100.0,154613.1875,131061.0,-0.0348475420037336,-0.0431832202344232,151995.0,139793.33333333334,120161.66666666669,0.8579500124983593,0.7052962875224225,0.0177165354330708,0.1995359628770301,0.6969365426695842,0.0204283035626171,0.1094949687634125,0.2907610580190576,162100.0,67300.0,-0.0431832202344232,1.3046062407132242,20701684.0,3210831188400.0,20327561100.0,32531930765.0,0.0063309342370408,yfinance_download,237690.KQ
2026-03-17,162200.0,163900.0,153100.0,153400.0,152918.515625,183507.0,-0.0109606705351386,-0.053670573719926,152270.0,140228.33333333334,120646.66666666669,0.8513215116662727,0.7048253766866737,0.0371872887085868,0.2050274941084053,0.6113445378151261,0.0074210284363303,0.0939301377515242,0.2714814610156379,162100.0,67300.0,-0.053670573719926,1.2793462109955422,20701684.0,3175638325600.0,28149973800.0,32870127245.0,0.0088643513252351,yfinance_download,237690.KQ
2026-03-18,155100.0,158000.0,152300.0,155800.0,155310.984375,105200.0,0.015645371577575,-0.0388648982109808,152675.0,140623.33333333334,121150.83333333331,0.8522471145170807,0.7017720878621129,0.054840893703453,0.1794095382286147,0.6348373557187827,0.0204683150483051,0.1079242420650909,0.2860002338682497,162100.0,67300.0,-0.0388648982109808,1.3150074294205054,20701684.0,3225322367200.0,16390160000.0,32483723825.0,0.0050817121930756,yfinance_download,237690.KQ
2026-03-19,152000.0,152400.0,147500.0,149500.0,149030.765625,115254.0,-0.0404364569961489,-0.0777297964219617,152815.0,140930.0,121615.83333333331,0.8661932384629432,0.7072380832966665,0.0190865712338104,0.1403508771929824,0.5955176093916756,-0.0216928966397277,0.0608103313701837,0.2292807268790384,162100.0,67300.0,-0.0777297964219617,1.2213967310549778,20701684.0,3094901758000.0,17230473000.0,32317005170.0,0.0055673731663569,yfinance_download,237690.KQ
2026-03-20,150100.0,152700.0,149200.0,150800.0,150326.6875,96831.0,0.0086956521739129,-0.0697100555212831,152680.0,141313.33333333334,122109.16666666669,0.8510254137014506,0.7048461662829794,-0.0175895765472312,0.1799687010954616,0.6462882096069869,-0.0123133350799057,0.0671321413407557,0.2349605202994586,162100.0,67300.0,-0.0697100555212831,1.2407132243684993,20701684.0,3121813947200.0,14602114800.0,31493921160.0,0.0046774455643318,yfinance_download,237690.KQ
2026-03-23,143200.0,146200.0,141000.0,142500.0,142052.734375,111341.0,-0.0550397877984084,-0.1209130166563849,152305.0,141548.33333333334,122535.0,0.8702144432482318,0.7150501514195845,-0.05,0.1098130841121496,0.5590809628008753,-0.0643774006106168,0.006723262960826,0.1629330395397232,162100.0,67300.0,-0.1209130166563849,1.1173848439821694,20701684.0,2949989970000.0,15866092500.0,31459330785.0,0.005378354727084,yfinance_download,237690.KQ
2026-03-24,149400.0,154300.0,145300.0,151000.0,150526.046875,158668.0,0.0596491228070175,-0.068476249228871,152300.0,141936.66666666666,123010.0,0.8963633296941292,0.7242585846647638,-0.00066181336863,0.182458888018794,0.6063829787234043,-0.0085357846355876,0.0638547709072121,0.2275424762214453,162100.0,67300.0,-0.068476249228871,1.2436849925705795,20701684.0,3125954284000.0,23958868000.0,31269994865.0,0.0076644972457313,yfinance_download,237690.KQ
2026-03-25,151500.0,161500.0,151500.0,159500.0,158999.375,206300.0,0.0562913907284767,-0.0160394818013571,152830.0,142503.33333333334,123549.16666666669,0.9146103638167364,0.7307806988186045,0.0711887172599059,0.2709163346613545,0.6824894514767932,0.0436432637571158,0.1192720638113726,0.2909840212061325,162100.0,67300.0,-0.0160394818013571,1.3699851411589896,20701684.0,3301918598000.0,32904850000.0,31923064550.0,0.0099653728653185,yfinance_download,237690.KQ
2026-03-26,161200.0,164500.0,153600.0,154800.0,154314.125,179823.0,-0.0294670846394984,-0.0450339296730413,153320.0,143001.66666666666,124061.66666666669,0.9161668951996184,0.7339411729004595,0.0675862068965518,0.2393915132105684,0.6591639871382637,0.0096530133055048,0.0825048659106537,0.2477665677015461,162100.0,67300.0,-0.0450339296730413,1.3001485884101038,20701684.0,3204620683200.0,27836600400.0,31923075820.0,0.0086863947879795,yfinance_download,237690.KQ
2026-03-27,152500.0,159700.0,150300.0,159300.0,158800.0,121338.0,0.0290697674418605,-0.0172732880937692,153930.0,143575.0,124620.0,0.9196490206139828,0.7355753014968596,0.0829367777022433,0.2754203362690153,0.7258938244853739,0.0348859871370104,0.1095246386905799,0.2782859894077998,162100.0,67300.0,-0.0172732880937692,1.3670133729569094,20701684.0,3297778261200.0,19329143400.0,31434699280.0,0.0058612623011731,yfinance_download,237690.KQ
2026-03-30,153600.0,155100.0,147500.0,148800.0,148800.0,121321.0,-0.0659133709981167,-0.082048118445404,153755.0,144040.0,125101.66666666669,0.9460969355797232,0.7460853728233402,-0.0229809586342744,0.2307692307692308,0.6351648351648351,-0.0322265942570972,0.0330463760066648,0.1894325948228774,162100.0,67300.0,-0.082048118445404,1.210995542347697,20701684.0,3080410579200.0,18052564800.0,30534765640.0,0.0058604411119404,yfinance_download,237690.KQ
2026-03-31,150100.0,154800.0,143500.0,144600.0,144600.0,110952.0,-0.0282258064516128,-0.107958050586058,153205.0,144443.33333333334,125565.83333333331,0.9479058518603072,0.7489102389903356,-0.0706940874035989,0.2009966777408638,0.626546681664792,-0.05616657419797,0.0010846237278747,0.1515871488395861,162100.0,67300.0,-0.107958050586058,1.1485884101040118,20701684.0,2993463506400.0,16043659200.0,28487134600.0,0.0053595639852294,yfinance_download,237690.KQ
2026-04-01,150500.0,155000.0,148800.0,152800.0,152800.0,115894.0,0.0567081604426003,-0.0573719925971621,154270.0,145003.33333333334,126092.5,0.7772970818548101,0.7559780833993842,0.1619771863117871,0.2818791946308725,0.7053571428571428,-0.0095287482984377,0.0537688788763475,0.211808791165216,162100.0,67300.0,-0.0573719925971621,1.2704309063893016,20701684.0,3163217315200.0,17708603200.0,27079441460.0,0.0055982885257064,yfinance_download,237690.KQ
2026-04-02,152800.0,154900.0,140800.0,143200.0,143200.0,133411.0,-0.06282722513089,-0.1165946946329425,153990.0,145473.33333333334,126540.0,0.6681999654220272,0.7643581244274241,-0.0376344086021505,0.2452173913043478,0.6000000000000001,-0.0700694850314955,-0.0156271481600294,0.1316579737632368,162100.0,67300.0,-0.1165946946329425,1.1277860326894502,20701684.0,2964481148800.0,19104455200.0,26064991180.0,0.0064444515721522,yfinance_download,237690.KQ
2026-04-03,144600.0,144900.0,135100.0,138100.0,138100.0,162891.0,-0.0356145251396647,-0.1480567550894509,152895.0,145711.66666666666,126953.33333333331,0.6138815690668811,0.7538870597442455,-0.1368749999999999,0.115508885298869,0.5604519774011298,-0.0967657542758102,-0.0522378670204856,0.0878012918132646,162100.0,67300.0,-0.1480567550894509,1.052005943536404,20701684.0,2858902560400.0,22495247100.0,25023001535.0,0.007868490312189,yfinance_download,237690.KQ
2026-04-06,138000.0,140900.0,136000.0,136800.0,136800.0,105592.0,-0.0094134685010861,-0.1560764959901295,151630.0,145885.0,127353.33333333331,0.6094632442194224,0.7533484460996863,-0.1560764959901295,0.0822784810126582,0.5405405405405406,-0.0978038646705796,-0.062275079686054,0.0741768308642623,162100.0,67300.0,-0.1560764959901295,1.0326894502228825,20701684.0,2831990371200.0,14444985600.0,23155403430.0,0.0051006478506772,yfinance_download,237690.KQ
2026-04-07,137400.0,143900.0,136000.0,137000.0,137000.0,95085.0,0.0014619883040936,-0.1548426896977174,150500.0,146056.66666666666,127742.5,0.6095903850922039,0.753350981973712,-0.1416040100250626,0.0812943962115233,0.5171650055370987,-0.0897009966777409,-0.0620078964785356,0.0724700080239544,162100.0,67300.0,-0.1548426896977174,1.0356612184249627,20701684.0,2836130708000.0,13026645000.0,21422223900.0,0.0045931045996064,yfinance_download,237690.KQ
2026-04-08,143600.0,145300.0,139000.0,140000.0,140000.0,121828.0,0.0218978102189781,-0.136335595311536,149555.0,146253.33333333334,128123.33333333331,0.6181106273301946,0.7541708301167002,-0.118942731277533,0.0920436817472698,0.4846235418875928,-0.0638895389655979,-0.0427568602425016,0.092697140775815,162100.0,67300.0,-0.136335595311536,1.0802377414561666,20701684.0,2898235760000.0,17055920000.0,20482643790.0,0.0058849318731751,yfinance_download,237690.KQ
2026-04-09,140300.0,143000.0,139800.0,141100.0,141100.0,82428.0,0.0078571428571427,-0.1295496607032695,148740.0,146408.33333333334,128524.16666666669,0.619729050036562,0.752385472360747,-0.1035578144853875,0.0705614567526555,0.5172043010752687,-0.0513647976334543,-0.0362570436564403,0.0978480052389627,162100.0,67300.0,-0.1295496607032695,1.0965824665676078,20701684.0,2921007612400.0,11630590800.0,19612913850.0,0.0039817050632209,yfinance_download,237690.KQ
2026-04-10,141100.0,146100.0,140500.0,143300.0,143300.0,78204.0,0.0155917788802268,-0.1159777914867365,147870.0,146670.0,128923.33333333331,0.6170621778112504,0.7494798223758972,-0.1082762912258867,0.1230407523510972,0.5020964360587001,-0.0309055251234192,-0.022976750528397,0.1115133024795098,162100.0,67300.0,-0.1159777914867365,1.1292719167904903,20701684.0,2966551317200.0,11206633200.0,18868257055.0,0.0037776636915141,yfinance_download,237690.KQ
2026-04-13,140500.0,144200.0,138100.0,143700.0,143700.0,73275.0,0.002791346824843,-0.1135101789019124,147300.0,146968.33333333334,129327.5,0.6072968444794191,0.7486299022872922,-0.0735009671179883,0.1422893481717011,0.509453781512605,-0.0244399185336049,-0.0222383506651093,0.1111325897430941,162100.0,67300.0,-0.1135101789019124,1.1352154531946508,20701684.0,2974831990800.0,10529617500.0,18378359875.0,0.0035395671192739,yfinance_download,237690.KQ
2026-04-14,145200.0,146700.0,141800.0,143600.0,143600.0,164640.0,-0.0006958942240778,-0.1141270820481185,146810.0,147270.0,129717.5,0.6066300027503593,0.748583087871892,-0.0638852672750978,0.1442231075697211,0.4834710743801653,-0.0218649955725086,-0.0249202145718747,0.1070210264613487,162100.0,67300.0,-0.1141270820481185,1.133729569093611,20701684.0,2972761822400.0,23642304000.0,18152976385.0,0.0079529761926614,yfinance_download,237690.KQ
2026-04-15,145200.0,149300.0,143200.0,147500.0,147500.0,143782.0,0.027158774373259,-0.0900678593460826,146395.0,147646.66666666666,130065.83333333331,0.6125700664170577,0.7499651079997117,-0.0532734274711168,0.1809447558046437,0.3954588457899717,0.0075480719969944,-0.0009933625321713,0.1340410945739016,162100.0,67300.0,-0.0900678593460826,1.1916790490341755,20701684.0,3053498390000.0,21207845000.0,18393860635.0,0.0069454253093613,yfinance_download,237690.KQ
2026-04-16,148800.0,150500.0,146000.0,146700.0,146700.0,79039.0,-0.0054237288135593,-0.095003084515731,146255.0,148051.66666666666,130497.5,0.5958284271387382,0.7485754585071923,-0.0187290969899666,0.1985294117647058,0.5458377239199157,0.0030426310211617,-0.0091296957143338,0.1241594666564493,162100.0,67300.0,-0.095003084515731,1.1797919762258542,20701684.0,3036937042800.0,11595021300.0,18112088050.0,0.0038179985744154,yfinance_download,237690.KQ
2026-04-17,146200.0,146500.0,140300.0,141000.0,141000.0,106683.0,-0.0388548057259713,-0.1301665638494756,145765.0,148341.66666666666,130879.16666666669,0.6100729041424695,0.7536190990404064,-0.0649867374005305,0.1407766990291261,0.48109243697479,-0.032689603128323,-0.0494916015954158,0.0773295979115595,162100.0,67300.0,-0.1301665638494756,1.0950965824665675,20701684.0,2918937444000.0,15042303000.0,18134097460.0,0.0051533488773183,yfinance_download,237690.KQ
2026-04-20,142500.0,143500.0,140000.0,141900.0,141900.0,62969.0,0.0063829787234042,-0.1246144355336211,145735.0,148643.33333333334,131305.0,0.5782437500825749,0.7536370332116874,-0.0042105263157894,0.1462035541195476,0.5627753303964758,-0.0263148866092565,-0.0453658645975826,0.0806899965728646,162100.0,68200.0,-0.1246144355336211,1.0806451612903225,20701684.0,2937568959600.0,8935301100.0,17787557890.0,0.0030417332232488,yfinance_download,237690.KQ
2026-04-21,143000.0,143000.0,135100.0,135800.0,135800.0,167497.0,-0.0429880197322057,-0.16224552745219,144975.0,148958.33333333334,131690.83333333334,0.553033488391257,0.7498097141358702,-0.1006622516556291,0.1616766467065868,0.51731843575419,-0.063286773581652,-0.0883356643356644,0.0312031336020603,162100.0,68200.0,-0.16224552745219,0.9912023460410556,20701684.0,2811288687200.0,22746092600.0,17726919120.0,0.0080909842890076,yfinance_download,237690.KQ
2026-04-22,138000.0,143000.0,137100.0,141900.0,141900.0,194661.0,0.044918998527246,-0.1246144355336211,144095.0,149321.66666666666,132089.16666666666,0.5376553483218635,0.753042080491124,-0.1103448275862069,0.1815154038301416,0.5079702444208289,-0.0152330060029841,-0.0497025437255141,0.0742743222696791,162100.0,71600.0,-0.1246144355336211,0.9818435754189944,20701684.0,2937568959600.0,27622395900.0,17462796415.0,0.0094031480723983,yfinance_download,237690.KQ
2026-04-23,143600.0,151400.0,143500.0,148000.0,148000.0,182235.0,0.0429880197322056,-0.0869833436150524,143755.0,149461.66666666666,132516.66666666666,0.5556364123710819,0.6821366197305841,-0.0439276485788113,0.0601719197707737,0.5305067218200621,0.0295294076727765,-0.0097795421345494,0.1168406489749718,162100.0,71600.0,-0.0869833436150524,1.0670391061452515,20701684.0,3063849232000.0,26970780000.0,17419505395.0,0.008802907048528,yfinance_download,237690.KQ
2026-04-24,147700.0,150500.0,144800.0,148000.0,148000.0,93763.0,0.0,-0.0869833436150524,143190.0,149436.66666666666,132910.0,0.5437701879516443,0.6667964348232168,-0.0709353421217827,-0.0100334448160535,0.4682539682539681,0.0335917312661497,-0.0096138832504293,0.1135354751335491,162100.0,71600.0,-0.0869833436150524,1.0670391061452515,20701684.0,3063849232000.0,13876924000.0,17146894425.0,0.0045292450604501,yfinance_download,237690.KQ
2026-04-27,150500.0,169100.0,149100.0,167500.0,167500.0,424180.0,0.1317567567567568,0.0,144125.0,149786.66666666666,133499.16666666666,0.6772775200835585,0.71727518537728,0.1256720430107527,0.1433447098976108,0.7303719008264462,0.1621856027753685,0.1182570767313513,0.2546894799593007,167500.0,71600.0,0.0,1.339385474860335,20701684.0,3467532070000.0,71050150000.0,19796773685.0,0.0204901205138673,yfinance_download,237690.KQ
2026-04-28,167500.0,172100.0,161900.0,168700.0,168700.0,289197.0,0.0071641791044776,0.0,145330.0,150090.0,134060.83333333334,0.6645521446757413,0.7155747858195295,0.1666666666666667,0.1209302325581396,0.665350444225074,0.1608064405146907,0.1239922713038843,0.2583839426131171,168700.0,71600.0,0.0,1.356145251396648,20701684.0,3492374090800.0,48787533900.0,21433967420.0,0.0139697330903128,yfinance_download,237690.KQ
2026-04-29,166100.0,171000.0,161600.0,163400.0,163400.0,144969.0,-0.0314167160640189,-0.0314167160640189,145860.0,150236.66666666666,134583.33333333334,0.6533673274724525,0.7171495021968387,0.0693717277486911,0.0569210866752911,0.6226415094339623,0.1202522967228849,0.0876173149031529,0.2141176470588235,168700.0,71600.0,-0.0314167160640189,1.2821229050279328,20701684.0,3382655165600.0,23687934600.0,21732933990.0,0.0070027636399048,yfinance_download,237690.KQ
2026-04-30,161700.0,162100.0,150900.0,152500.0,152500.0,230448.0,-0.0667074663402692,-0.0960284528749259,146325.0,150118.33333333334,135011.66666666666,0.6587648119056777,0.7278556391946525,0.0649441340782122,-0.0444862155388471,0.5084075173095945,0.0422005808986845,0.0158652618489858,0.1295320157517252,168700.0,71600.0,-0.0960284528749259,1.1298882681564244,20701684.0,3157006810000.0,35143320000.0,22534877230.0,0.0111318480177747,yfinance_download,237690.KQ
2026-05-04,155000.0,155100.0,152100.0,153800.0,153800.0,84093.0,0.0085245901639343,-0.0883224659158269,147110.0,150123.33333333334,135462.5,0.6420308424468805,0.7235877062391127,0.113685734974656,0.0019543973941367,0.5426278836509528,0.0454761742913465,0.0244909740879719,0.1353695672234012,168700.0,71600.0,-0.0883224659158269,1.1480446927374302,20701684.0,3183918999200.0,12933503400.0,22056790045.0,0.0040621333027786,yfinance_download,237690.KQ
2026-05-06,152500.0,152500.0,148700.0,150000.0,150000.0,118386.0,-0.0247074122236671,-0.1108476585655009,147770.0,149946.66666666666,135883.33333333334,0.649203096181123,0.7192562400236606,0.0964912280701755,-0.0660024906600249,0.5075376884422111,0.0150910198281113,0.0003556820202739,0.103888139335214,168700.0,71600.0,-0.1108476585655009,1.094972067039106,20701684.0,3105252600000.0,17757900000.0,22222435765.0,0.0057186652061735,yfinance_download,237690.KQ
2026-05-07,151400.0,157700.0,148900.0,153800.0,153800.0,140079.0,0.0253333333333334,-0.0883224659158269,148610.0,149911.66666666666,136366.66666666666,0.6528097142700857,0.7185123864346624,0.1226277372262774,-0.0134701731879409,0.605427974947808,0.0349236255972007,0.0259374965257319,0.1278416035199219,168700.0,71600.0,-0.0883224659158269,1.1480446927374302,20701684.0,3183918999200.0,21544150200.0,22648311025.0,0.006766550972375,yfinance_download,237690.KQ
2026-05-08,155200.0,159800.0,154100.0,156000.0,156000.0,141499.0,0.0143042912873863,-0.0752815649081208,149410.0,149998.33333333334,136862.5,0.6510002579426853,0.7156057940312008,0.1142857142857143,0.0344827586206897,0.616580310880829,0.0441068201592931,0.0400115556839519,0.1398301214722805,168700.0,71600.0,-0.0752815649081208,1.1787709497206702,20701684.0,3229462704000.0,22073844000.0,22899207225.0,0.0068351444259317,yfinance_download,237690.KQ
2026-05-11,154500.0,154500.0,144200.0,146000.0,146000.0,153866.0,-0.0641025641025641,-0.1345583876704208,149655.0,149986.66666666666,137270.83333333334,0.6970519103662067,0.7258663720447847,0.0347271438695959,-0.0047716428084526,0.5051546391752577,-0.0244228391968193,-0.0265801404569294,0.0635908332068597,168700.0,71600.0,-0.1345583876704208,1.0391061452513966,20701684.0,3022445864000.0,22464436000.0,23440899485.0,0.007432535440112,yfinance_download,237690.KQ
2026-05-12,145200.0,150200.0,140500.0,146100.0,146100.0,158291.0,0.0006849315068493,-0.1339656194427978,149795.0,149841.66666666666,137653.33333333334,0.6953735472195938,0.7170032419310692,0.0195394277739009,-0.0562015503875968,0.4580838323353293,-0.0246670449614473,-0.0249708025137644,0.061361875242154,168700.0,71600.0,-0.1339656194427978,1.0405027932960893,20701684.0,3024516032400.0,23126315100.0,24036883580.0,0.0076462861668644,yfinance_download,237690.KQ
2026-05-13,149200.0,151000.0,141400.0,142600.0,142600.0,106265.0,-0.0239561943874059,-0.1547125074096028,149740.0,149678.33333333334,137991.66666666666,0.7013521659125066,0.7179945233385172,-0.0076548364648573,-0.0643044619422572,0.3980392156862744,-0.0476826499265393,-0.0472903003106662,0.0333957364575157,168700.0,71600.0,-0.1547125074096028,0.9916201117318436,20701684.0,2952060138400.0,15153389000.0,24268072155.0,0.0051331572832432,yfinance_download,237690.KQ
2026-05-14,143700.0,148000.0,139300.0,142500.0,142500.0,111383.0,-0.0007012622720897,-0.1553052756372258,149685.0,149588.33333333334,138311.66666666666,0.7013522894195178,0.7153737257464761,-0.0076601671309192,-0.0365111561866126,0.3688760806916427,-0.0480008016835353,-0.0473856027096587,0.0302818513743117,168700.0,71600.0,-0.1553052756372258,0.9902234636871508,20701684.0,2949989970000.0,15872077500.0,23879560830.0,0.0053803835475413,yfinance_download,237690.KQ
2026-05-15,142600.0,142600.0,128900.0,131400.0,131400.0,255644.0,-0.0778947368421052,-0.2211025489033787,148880.0,149316.66666666666,138545.0,0.7461314190500995,0.7331437533830413,-0.1091525423728813,-0.1103588354773188,0.2707930367504836,-0.1174099946265448,-0.1199910704319677,-0.0515716915081742,168700.0,71600.0,-0.2211025489033787,0.8351955307262571,20701684.0,2720201277600.0,33591621600.0,24498749660.0,0.0123489470711658,yfinance_download,237690.KQ
2026-05-18,127600.0,128700.0,121400.0,124900.0,124900.0,168360.0,-0.0494672754946727,-0.2596324836988737,147790.0,148953.33333333334,138738.33333333334,0.7628623440407875,0.7397969946066184,-0.1486025903203817,-0.1486025903203817,0.2281219272369714,-0.1548819270586643,-0.1614823434632771,-0.0997441226289298,168700.0,71600.0,-0.2596324836988737,0.744413407821229,20701684.0,2585640331600.0,21028164000.0,24970406795.0,0.0081326717188804,yfinance_download,237690.KQ
2026-05-19,125300.0,129000.0,121900.0,128600.0,128600.0,140702.0,0.0296236989591673,-0.2377000592768228,147170.0,148538.33333333334,138987.5,0.76358753608372,0.7359492287931781,-0.0879432624113475,-0.162214983713355,0.3029381965552178,-0.1261806074607596,-0.134230221155033,-0.0747369367748898,168700.0,71600.0,-0.2377000592768228,0.7960893854748603,20701684.0,2662236562400.0,18094277200.0,25123005505.0,0.0067966451424917,yfinance_download,237690.KQ
2026-05-20,128500.0,128600.0,122100.0,124800.0,124800.0,114726.0,-0.0295489891135303,-0.2602252519264967,146315.0,148118.33333333334,139177.5,0.7680505132428749,0.7368976488149519,-0.120507399577167,-0.168,0.2235294117647059,-0.1470457574411372,-0.1574304328746161,-0.1033033356684809,168700.0,71600.0,-0.2602252519264967,0.7430167597765363,20701684.0,2583570163200.0,14317804800.0,25392130690.0,0.0055418679948935,yfinance_download,237690.KQ
2026-05-21,127100.0,130900.0,126200.0,126800.0,126800.0,122781.0,0.0160256410256409,-0.2483698873740367,145865.0,147713.33333333334,139402.5,0.7581557411559714,0.7375827508266591,-0.0662739322533136,-0.1608206485771012,0.2705410821643286,-0.1307030473382923,-0.1415805388816176,-0.0904036871648643,168700.0,71600.0,-0.2483698873740367,0.770949720670391,20701684.0,2624973531200.0,15568630800.0,25033257600.0,0.0059309667754565,yfinance_download,237690.KQ
2026-05-22,130500.0,144000.0,130000.0,139500.0,139500.0,158371.0,0.1001577287066246,-0.1730883224659158,145745.0,147556.66666666666,139746.66666666666,0.82614895635331,0.7660601420797726,-0.0169133192389006,-0.0631296171927467,0.4205702647657841,-0.0428488112799753,-0.0546004924661711,-0.0017650987501192,168700.0,71600.0,-0.1730883224659158,0.9483240223463688,20701684.0,2887884918000.0,22092754500.0,24756775530.0,0.0076501505867831,yfinance_download,237690.KQ
