date,open,high,low,close,adj_close,volume,daily_return,drawdown,ma20,ma60,ma120,rolling_vol_20,rolling_vol_60,return_20d,return_60d,return_120d,distance_to_ma20,distance_to_ma60,distance_to_ma120,rolling_high_52w,rolling_low_52w,price_to_52w_high,price_to_52w_low,shares_outstanding,market_cap,trading_value,trading_value_ma20,turnover_ratio,source,ticker
2021-01-04,105800.0,106600.0,102500.0,103900.0,101221.234375,367699.0,0.0,0.0,103900.0,103900.0,103900.0,0.0,0.0,0.0,0.0,0.0,0.0,0.0,0.0,103900.0,103900.0,0.0,0.0,20701684.0,2150904967600.0,38203926100.0,38203926100.0,0.01776179174602414,yfinance_download,237690.KQ
2021-01-05,103800.0,103800.0,98500.0,99900.0,97324.3515625,390761.0,-0.038498556304138565,-0.038498556304138565,101900.0,101900.0,101900.0,0.43214522272653766,0.43214522272653766,-0.038498556304138565,-0.038498556304138565,-0.038498556304138565,-0.01962708537782143,-0.01962708537782143,-0.01962708537782143,103900.0,99900.0,-0.038498556304138565,0.0,20701684.0,2068098231600.0,39037023900.0,38620475000.0,0.018875807398084136,yfinance_download,237690.KQ
2021-01-06,100000.0,103700.0,99300.0,99400.0,96837.2421875,286476.0,-0.005005005005005003,-0.04331087584215587,101066.66666666667,101066.66666666667,101066.66666666667,0.33229247573740106,0.33229247573740106,-0.04331087584215587,-0.04331087584215587,-0.04331087584215587,-0.01649076517150405,-0.01649076517150405,-0.01649076517150405,103900.0,99400.0,-0.04331087584215587,0.0,20701684.0,2057747389600.0,28475714400.0,35238888133.333336,0.013838294507828445,yfinance_download,237690.KQ
2021-01-07,101000.0,101100.0,95300.0,97700.0,95181.0859375,418181.0,-0.017102615694164935,-0.059672762271414825,100225.0,100225.0,100225.0,0.27210024088465223,0.27210024088465223,-0.059672762271414825,-0.059672762271414825,-0.059672762271414825,-0.025193315041157405,-0.025193315041157405,-0.025193315041157405,103900.0,97700.0,-0.059672762271414825,0.0,20701684.0,2022554526800.0,40856283700.0,36643237025.0,0.0202003373252147,yfinance_download,237690.KQ
2021-01-08,97900.0,99300.0,93900.0,96100.0,93622.328125,465719.0,-0.016376663254861867,-0.0750721847930702,99400.0,99400.0,99400.0,0.23580617466988918,0.23580617466988918,-0.0750721847930702,-0.0750721847930702,-0.0750721847930702,-0.03319919517102621,-0.03319919517102621,-0.03319919517102621,103900.0,96100.0,-0.0750721847930702,0.0,20701684.0,1989431832400.0,44755595900.0,38265708800.0,0.02249667225139752,yfinance_download,237690.KQ
2021-01-11,94000.0,94900.0,90100.0,93100.0,90699.6875,475739.0,-0.031217481789802326,-0.10394610202117416,98350.0,98350.0,98350.0,0.23451289238206202,0.23451289238206202,-0.10394610202117416,-0.10394610202117416,-0.10394610202117416,-0.053380782918149516,-0.053380782918149516,-0.053380782918149516,103900.0,93100.0,-0.10394610202117416,0.0,20701684.0,1927326780400.0,44291300900.0,39269974150.0,0.022980690846213285,yfinance_download,237690.KQ
2021-01-12,91200.0,94100.0,90200.0,91500.0,89140.9296875,228087.0,-0.017185821697099923,-0.11934552454282965,97371.42857142857,97371.42857142857,97371.42857142857,0.21414039426256062,0.21414039426256062,-0.11934552454282965,-0.11934552454282965,-0.11934552454282965,-0.060299295774647876,-0.060299295774647876,-0.060299295774647876,103900.0,91500.0,-0.11934552454282965,0.0,20701684.0,1894204086000.0,20869960500.0,36641400771.42857,0.011017799324924485,yfinance_download,237690.KQ
2021-01-13,92400.0,92400.0,86700.0,88000.0,85731.171875,385751.0,-0.03825136612021862,-0.1530317613089509,96200.0,96200.0,96200.0,0.2287707860417183,0.2287707860417183,-0.1530317613089509,-0.1530317613089509,-0.1530317613089509,-0.08523908523908519,-0.08523908523908519,-0.08523908523908519,103900.0,88000.0,-0.1530317613089509,0.0,20701684.0,1821748192000.0,33946088000.0,36304486675.0,0.018633798100676256,yfinance_download,237690.KQ
2021-01-14,87400.0,91000.0,85600.0,89000.0,86705.3828125,282764.0,0.011363636363636465,-0.1434071222329163,95400.0,95400.0,95400.0,0.27228923264226207,0.27228923264226207,-0.1434071222329163,-0.1434071222329163,-0.1434071222329163,-0.06708595387840666,-0.06708595387840666,-0.06708595387840666,103900.0,88000.0,-0.1434071222329163,0.011363636363636465,20701684.0,1842449876000.0,25165996000.0,35066876600.0,0.013658985423601288,yfinance_download,237690.KQ
2021-01-15,90700.0,91200.0,86100.0,87300.0,85049.2109375,231649.0,-0.019101123595505642,-0.15976900866217514,94590.0,94590.0,94590.0,0.2569502846331371,0.2569502846331371,-0.15976900866217514,-0.15976900866217514,-0.15976900866217514,-0.07706945765937201,-0.07706945765937201,-0.07706945765937201,103900.0,87300.0,-0.15976900866217514,0.0,20701684.0,1807257013200.0,20222957700.0,33582484710.0,0.011189862621804101,yfinance_download,237690.KQ
2021-01-18,86200.0,88700.0,84000.0,84100.0,81931.71875,242750.0,-0.03665521191294385,-0.190567853705486,93636.36363636363,93636.36363636363,93636.36363636363,0.26105194492571776,0.26105194492571776,-0.190567853705486,-0.190567853705486,-0.190567853705486,-0.10184466019417471,-0.10184466019417471,-0.10184466019417471,103900.0,84100.0,-0.190567853705486,0.0,20701684.0,1741011624400.0,20415275000.0,32385465645.454544,0.011726099190771147,yfinance_download,237690.KQ
2021-01-19,83900.0,85100.0,78700.0,81900.0,79788.4453125,473514.0,-0.026159334126040434,-0.21174205967276227,92658.33333333333,92658.33333333333,92658.33333333333,0.25110930876881593,0.25110930876881593,-0.21174205967276227,-0.21174205967276227,-0.21174205967276227,-0.11610756362982277,-0.11610756362982277,-0.11610756362982277,103900.0,81900.0,-0.21174205967276227,0.0,20701684.0,1695467919600.0,38780796600.0,32918409891.666668,0.022873211667224752,yfinance_download,237690.KQ
2021-01-20,81900.0,88500.0,81300.0,86900.0,84659.53125,354569.0,0.061050061050061055,-0.16361886429258898,92215.38461538461,92215.38461538461,92215.38461538461,0.42851370838219244,0.42851370838219244,-0.16361886429258898,-0.16361886429258898,-0.16361886429258898,-0.057640974307640924,-0.057640974307640924,-0.057640974307640924,103900.0,81900.0,-0.16361886429258898,0.061050061050061055,20701684.0,1798976339600.0,30812046100.0,32756381907.692307,0.01712754382686935,yfinance_download,237690.KQ
2021-01-21,88000.0,88300.0,84800.0,86200.0,83977.5703125,180297.0,-0.008055235903337121,-0.17035611164581332,91785.71428571429,91785.71428571429,91785.71428571429,0.41230776802340385,0.41230776802340385,-0.17035611164581332,-0.17035611164581332,-0.17035611164581332,-0.060856031128404764,-0.060856031128404764,-0.060856031128404764,103900.0,81900.0,-0.17035611164581332,0.05250305250305254,20701684.0,1784485160800.0,15541601400.0,31526754728.57143,0.008709291475997798,yfinance_download,237690.KQ
2021-01-22,86300.0,92100.0,83100.0,90500.0,88166.7109375,378256.0,0.04988399071925764,-0.12897016361886426,91700.0,91700.0,91700.0,0.47346317896476814,0.47346317896476814,-0.12897016361886426,-0.12897016361886426,-0.12897016361886426,-0.013086150490730697,-0.013086150490730697,-0.013086150490730697,103900.0,81900.0,-0.12897016361886426,0.10500610500610508,20701684.0,1873502402000.0,34232168000.0,31707115613.333332,0.0182717502595441,yfinance_download,237690.KQ
2021-01-25,92200.0,94000.0,89000.0,93000.0,90602.2578125,344788.0,0.027624309392265234,-0.10490856592877762,91781.25,91781.25,91781.25,0.47965216796317467,0.47965216796317467,-0.10490856592877762,-0.10490856592877762,-0.10490856592877762,0.013278855975485282,0.013278855975485282,0.013278855975485282,103900.0,81900.0,-0.10490856592877762,0.1355311355311355,20701684.0,1925256612000.0,32065284000.0,31729501137.5,0.016655070186560667,yfinance_download,237690.KQ
2021-01-26,94800.0,95400.0,90000.0,90700.0,88361.5546875,308935.0,-0.02473118279569897,-0.12704523580365734,91717.64705882352,91717.64705882352,91717.64705882352,0.4697069823837079,0.4697069823837079,-0.12704523580365734,-0.12704523580365734,-0.12704523580365734,-0.011095433555669554,-0.011095433555669554,-0.011095433555669554,103900.0,81900.0,-0.12704523580365734,0.10744810744810751,20701684.0,1877642738800.0,28020404500.0,31511318982.35294,0.014923182094751325,yfinance_download,237690.KQ
2021-01-27,92500.0,92500.0,89200.0,89300.0,86997.6484375,196389.0,-0.015435501653803696,-0.1405197305101059,91583.33333333333,91583.33333333333,91583.33333333333,0.4566359456867107,0.4566359456867107,-0.1405197305101059,-0.1405197305101059,-0.1405197305101059,-0.024931756141947203,-0.024931756141947203,-0.024931756141947203,103900.0,81900.0,-0.1405197305101059,0.09035409035409026,20701684.0,1848660381200.0,17537537700.0,30734997800.0,0.009486619542642039,yfinance_download,237690.KQ
2021-01-28,86100.0,89000.0,85300.0,85700.0,83490.4609375,199879.0,-0.04031354983202684,-0.17516843118383063,91273.68421052632,91273.68421052632,91273.68421052632,0.4591166205376569,0.4591166205376569,-0.17516843118383063,-0.17516843118383063,-0.17516843118383063,-0.061065621035636064,-0.061065621035636064,-0.061065621035636064,103900.0,81900.0,-0.17516843118383063,0.046398046398046455,20701684.0,1774134318800.0,17129630300.0,30018925826.31579,0.009655204861594834,yfinance_download,237690.KQ
2021-01-29,85800.0,93700.0,85800.0,88600.0,86315.6953125,624321.0,0.03383897316219375,-0.14725697786333014,91140.0,91140.0,91140.0,0.47283332583311194,0.47283332583311194,-0.14725697786333014,-0.14725697786333014,-0.14725697786333014,-0.027869212201009463,-0.027869212201009463,-0.027869212201009463,103900.0,81900.0,-0.14725697786333014,0.08180708180708174,20701684.0,1834169202400.0,55314840600.0,31283721565.0,0.030157981350695914,yfinance_download,237690.KQ
2021-02-01,89300.0,94300.0,89000.0,90800.0,88458.9765625,441416.0,0.02483069977426644,-0.12608277189605388,90485.0,91123.80952380953,91123.80952380953,0.4860975724764558,0.4742876682172443,-0.12608277189605388,-0.12608277189605388,-0.12608277189605388,0.003481239984527873,-0.0035535117056856302,-0.0035535117056856302,103900.0,81900.0,-0.12608277189605388,0.10866910866910873,20701684.0,1879712907200.0,40080572800.0,31377553900.0,0.021322709785348865,yfinance_download,237690.KQ
2021-02-02,92600.0,94300.0,89900.0,93800.0,91381.625,331173.0,0.033039647577092435,-0.09720885466794993,90180.0,91245.45454545454,91245.45454545454,0.489514961368454,0.48132456148872654,-0.06106106106106102,-0.09720885466794993,-0.09720885466794993,0.04014193834553126,0.027996413270897635,0.027996413270897635,103900.0,81900.0,-0.09720885466794993,0.14529914529914523,20701684.0,1941817959200.0,31064027400.0,30978904075.0,0.01599739422164883,yfinance_download,237690.KQ
2021-02-03,93300.0,95100.0,90700.0,94600.0,92161.0078125,386509.0,0.008528784648187626,-0.08950914340712224,89940.0,91391.30434782608,91391.30434782608,0.4910239470831894,0.4721426177422073,-0.048289738430583484,-0.08950914340712224,-0.08950914340712224,0.05181231932399388,0.03510941960038072,0.03510941960038072,103900.0,81900.0,-0.08950914340712224,0.15506715506715496,20701684.0,1958379306400.0,36563751400.0,31383305925.0,0.01867041347940583,yfinance_download,237690.KQ
2021-02-04,95700.0,95700.0,92500.0,94000.0,91576.4765625,242199.0,-0.006342494714587699,-0.095283926852743,89755.0,91500.0,91500.0,0.488117534564069,0.46184706234485373,-0.03787103377686796,-0.095283926852743,-0.095283926852743,0.04729541529719783,0.02732240437158473,0.02732240437158473,103900.0,81900.0,-0.095283926852743,0.14774114774114766,20701684.0,1945958296000.0,22766706000.0,30478827040.0,0.011699482998581178,yfinance_download,237690.KQ
2021-02-05,94600.0,97500.0,93600.0,93700.0,91284.203125,349353.0,-0.0031914893617021045,-0.09817131857555339,89635.0,91588.0,91588.0,0.4850156575304354,0.4521264965275977,-0.024973985431841816,-0.09817131857555339,-0.09817131857555339,0.04535058849779672,0.023059789492073213,0.023059789492073213,103900.0,81900.0,-0.09817131857555339,0.144078144078144,20701684.0,1939747790800.0,32734376100.0,29877766050.0,0.016875583648170843,yfinance_download,237690.KQ
2021-02-08,93300.0,93500.0,90000.0,90000.0,87679.609375,200808.0,-0.039487726787620026,-0.13378248315688157,89480.0,91526.92307692308,91526.92307692308,0.4927166413338856,0.4567586588299014,-0.03329752953813103,-0.13378248315688157,-0.13378248315688157,0.0058113544926241545,-0.016682775139723494,-0.016682775139723494,103900.0,81900.0,-0.13378248315688157,0.098901098901099,20701684.0,1863151560000.0,18072720000.0,28566837005.0,0.009700080437900608,yfinance_download,237690.KQ
2021-02-09,89500.0,90900.0,87700.0,89300.0,86997.6484375,136309.0,-0.007777777777777772,-0.1405197305101059,89370.0,91444.44444444444,91444.44444444444,0.4898008320507307,0.44796266957160763,-0.024043715846994496,-0.1405197305101059,-0.1405197305101059,-0.0007832606019917421,-0.02345078979343862,-0.02345078979343862,103900.0,81900.0,-0.1405197305101059,0.09035409035409026,20701684.0,1848660381200.0,12172393700.0,28131958665.0,0.006584440183706794,yfinance_download,237690.KQ
2021-02-10,89000.0,91200.0,88900.0,89700.0,87387.3359375,131819.0,0.004479283314669624,-0.13666987487969207,89455.0,91382.14285714286,91382.14285714286,0.46949268116605414,0.44054923157151976,0.01931818181818179,-0.13666987487969207,-0.13666987487969207,0.0027388072215079884,-0.018407785203423566,-0.018407785203423566,103900.0,81900.0,-0.13666987487969207,0.09523809523809534,20701684.0,1856941054800.0,11824164300.0,27025862480.0,0.006367549615770389,yfinance_download,237690.KQ
2021-02-15,90000.0,90100.0,88600.0,89200.0,86900.2265625,115339.0,-0.005574136008918651,-0.14148219441770937,89465.0,91306.89655172414,91306.89655172414,0.4685592894791005,0.43261579321752114,0.0022471910112360494,-0.14148219441770937,-0.14148219441770937,-0.0029620521991839954,-0.023074889535103393,-0.023074889535103393,103900.0,81900.0,-0.14148219441770937,0.08913308913308904,20701684.0,1846590212800.0,10288238800.0,26281974620.0,0.005571479112520508,yfinance_download,237690.KQ
2021-02-16,88900.0,89200.0,85400.0,85500.0,83295.609375,313286.0,-0.041479820627802644,-0.17709335899903755,89375.0,91113.33333333333,91113.33333333333,0.4873469555607228,0.4381193071720553,-0.020618556701030966,-0.17709335899903755,-0.17709335899903755,-0.043356643356643354,-0.06160825345723275,-0.06160825345723275,103900.0,81900.0,-0.17709335899903755,0.04395604395604402,20701684.0,1769993982000.0,26785953000.0,26610124385.0,0.015133358233079009,yfinance_download,237690.KQ
2021-02-17,87400.0,87400.0,83200.0,83800.0,81639.453125,146354.0,-0.019883040935672502,-0.1934552454282964,89360.0,90877.41935483871,90877.41935483871,0.47435091921553285,0.432541643190582,-0.003567181926278251,-0.1934552454282964,-0.1934552454282964,-0.06222023276633837,-0.07787874485304558,-0.07787874485304558,103900.0,81900.0,-0.1934552454282964,0.023199023199023117,20701684.0,1734801119200.0,12264465200.0,26202583895.0,0.007069666409747149,yfinance_download,237690.KQ
2021-02-18,83000.0,85300.0,83000.0,83000.0,80860.078125,114106.0,-0.009546539379474916,-0.2011549566891242,89415.0,90631.25,90631.25,0.4656733469155518,0.42559081702808643,0.013431013431013383,-0.2011549566891242,-0.2011549566891242,-0.07174411452217189,-0.08420108958002892,-0.08420108958002892,103900.0,81900.0,-0.2011549566891242,0.013431013431013383,20701684.0,1718239772000.0,9470798000.0,24737083965.0,0.005511918740523718,yfinance_download,237690.KQ
2021-02-19,83300.0,83900.0,80300.0,83900.0,81736.8828125,139484.0,0.010843373493975905,-0.19249278152069293,89265.0,90427.27272727272,90427.27272727272,0.41077377092299405,0.42166765127001976,-0.03452243958573076,-0.19249278152069293,-0.19249278152069293,-0.060101943650927026,-0.07218256760832409,-0.07218256760832409,103900.0,81900.0,-0.19249278152069293,0.024420024420024333,20701684.0,1736871287600.0,11702707600.0,23781617040.0,0.006737809349229754,yfinance_download,237690.KQ
2021-02-22,84500.0,84800.0,79700.0,80100.0,78034.84375,196529.0,-0.045292014302741324,-0.2290664100096247,88960.0,90123.5294117647,90123.5294117647,0.4390247101638824,0.4287071596806345,-0.07076566125290018,-0.2290664100096247,-0.2290664100096247,-0.09959532374100721,-0.11121989426277656,-0.11121989426277656,103900.0,80100.0,-0.2290664100096247,0.0,20701684.0,1658204888400.0,15741972900.0,23791635615.0,0.009493382277499744,yfinance_download,237690.KQ
2021-02-23,79500.0,79900.0,76400.0,76400.0,74430.2265625,237264.0,-0.046192259675405745,-0.26467757459095287,88255.0,89731.42857142857,89731.42857142857,0.41654361978480475,0.4350767918169212,-0.15580110497237565,-0.26467757459095287,-0.26467757459095287,-0.13432666704436014,-0.14857033687830346,-0.14857033687830346,103900.0,76400.0,-0.26467757459095287,0.0,20701684.0,1581608657600.0,18126969600.0,22986375695.0,0.011461096594847066,yfinance_download,237690.KQ
2021-02-24,77000.0,81200.0,75000.0,76200.0,74235.40625,285442.0,-0.002617801047120394,-0.2666025024061598,87415.0,89355.55555555556,89355.55555555556,0.3954382307259487,0.429087481166988,-0.1806451612903226,-0.2666025024061598,-0.2666025024061598,-0.12829605902877084,-0.14722705794578472,-0.14722705794578472,103900.0,76200.0,-0.2666025024061598,0.0,20701684.0,1577468320800.0,21750680400.0,22470645515.0,0.013788346880379393,yfinance_download,237690.KQ
2021-02-25,77600.0,80600.0,77200.0,80400.0,78327.109375,162133.0,0.055118110236220375,-0.2261790182868142,86900.0,89113.51351351352,89113.51351351352,0.45242749524356124,0.4542317391058888,-0.11356119073869897,-0.2261790182868142,-0.2261790182868142,-0.07479861910241659,-0.09777993448987021,-0.09777993448987021,103900.0,76200.0,-0.2261790182868142,0.055118110236220375,20701684.0,1664415393600.0,13035493200.0,21721399950.0,0.007831874933459519,yfinance_download,237690.KQ
2021-02-26,77700.0,79000.0,76600.0,78000.0,75988.9921875,144983.0,-0.02985074626865669,-0.24927815206929738,86335.0,88821.05263157895,88821.05263157895,0.45941390559826367,0.45206512621695844,-0.12653975363941772,-0.24927815206929738,-0.24927815206929738,-0.0965425377888458,-0.12182981749229671,-0.12182981749229671,103900.0,76200.0,-0.24927815206929738,0.023622047244094446,20701684.0,1614731352000.0,11308674000.0,21409956765.0,0.007003439913390621,yfinance_download,237690.KQ
2021-03-02,79200.0,82400.0,78500.0,79900.0,77840.0078125,168026.0,0.024358974358974272,-0.2309913378248316,86045.0,88592.30769230769,88592.30769230769,0.4533042008867109,0.4531992553074232,-0.0676779463243874,-0.2309913378248316,-0.2309913378248316,-0.07141611947236914,-0.09811582877485447,-0.09811582877485447,103900.0,76200.0,-0.2309913378248316,0.04855643044619429,20701684.0,1654064551600.0,13425277400.0,21224739120.0,0.008116537765719928,yfinance_download,237690.KQ
2021-03-03,80300.0,81400.0,78600.0,79000.0,76963.203125,101981.0,-0.01126408010012514,-0.23965351299326276,85565.0,88352.5,88352.5,0.432331358959152,0.44752357139795473,-0.10835214446952601,-0.23965351299326276,-0.23965351299326276,-0.07672529655817217,-0.10585439008517017,-0.10585439008517017,103900.0,76200.0,-0.23965351299326276,0.036745406824147064,20701684.0,1635433036000.0,8056499000.0,18861822040.0,0.0049262175965974556,yfinance_download,237690.KQ
2021-03-04,78500.0,78500.0,75000.0,76300.0,74332.8125,171889.0,-0.03417721518987338,-0.26564003849855633,84840.0,88058.53658536586,88058.53658536586,0.42839058242841327,0.4472123380056595,-0.1596916299559471,-0.26564003849855633,-0.26564003849855633,-0.10066006600660071,-0.1335309107024153,-0.1335309107024153,103900.0,76200.0,-0.26564003849855633,0.001312335958005173,20701684.0,1579538489200.0,13115130700.0,17513549935.0,0.008303140942543611,yfinance_download,237690.KQ
2021-03-05,74300.0,75100.0,71700.0,73900.0,71994.703125,175615.0,-0.03145478374836175,-0.2887391722810395,83845.0,87721.42857142857,87721.42857142857,0.40642134088587206,0.4457294655800824,-0.21215351812366734,-0.2887391722810395,-0.2887391722810395,-0.11861172401455067,-0.15756045924598971,-0.15756045924598971,103900.0,73900.0,-0.2887391722810395,0.0,20701684.0,1529854447600.0,12977948500.0,16609245990.0,0.008483126300256539,yfinance_download,237690.KQ
2021-03-08,74300.0,74900.0,69000.0,69500.0,67708.140625,204886.0,-0.05953991880920162,-0.3310875842155919,82590.0,87297.67441860466,87297.67441860466,0.43280683018729676,0.4579254308583272,-0.2653276955602537,-0.3310875842155919,-0.3310875842155919,-0.15849376437825402,-0.2038734082796101,-0.2038734082796101,103900.0,69500.0,-0.3310875842155919,0.0,20701684.0,1438767038000.0,14239577000.0,15493037270.0,0.009897069243255766,yfinance_download,237690.KQ
2021-03-09,68100.0,71500.0,66000.0,70400.0,68584.9296875,261643.0,0.012949640287769792,-0.32242540904716077,81410.0,86913.63636363637,86913.63636363637,0.44318496564156745,0.45558081690094154,-0.25106382978723407,-0.32242540904716077,-0.32242540904716077,-0.13524137083896326,-0.19000052298519954,-0.19000052298519954,103900.0,69500.0,-0.32242540904716077,0.012949640287769792,20701684.0,1457398553600.0,18419667200.0,15275685330.0,0.012638730259818477,yfinance_download,237690.KQ
2021-03-10,72000.0,73600.0,70300.0,70800.0,68974.625,126162.0,0.005681818181818121,-0.3185755534167469,80265.0,86555.55555555556,86555.55555555556,0.44715109817552134,0.45160614873154215,-0.2443970117395945,-0.3185755534167469,-0.3185755534167469,-0.11792188376004487,-0.18202824133504503,-0.18202824133504503,103900.0,69500.0,-0.3185755534167469,0.018705035971223083,20701684.0,1465679227200.0,8932269600.0,14085580005.0,0.006094286822270111,yfinance_download,237690.KQ
2021-03-11,71900.0,75400.0,70900.0,74500.0,72579.2265625,155909.0,0.05225988700564965,-0.28296438883541863,79490.0,86293.47826086957,86293.47826086957,0.49279321729995984,0.46836962664083387,-0.17222222222222228,-0.28296438883541863,-0.28296438883541863,-0.06277519184803115,-0.13666708653482806,-0.13666708653482806,103900.0,69500.0,-0.28296438883541863,0.07194244604316546,20701684.0,1542275458000.0,11615220500.0,13762705030.0,0.007531223063785535,yfinance_download,237690.KQ
2021-03-12,74500.0,78300.0,74500.0,77300.0,75307.046875,176696.0,0.037583892617449655,-0.2560153994225216,78890.0,86102.12765957447,86102.12765957447,0.5197884018569593,0.47450411540891435,-0.13437849944008962,-0.2560153994225216,-0.2560153994225216,-0.020154645709215324,-0.10222892161708019,-0.10222892161708019,103900.0,69500.0,-0.2560153994225216,0.11223021582733805,20701684.0,1600240173200.0,13658600800.0,13837015385.0,0.008535344274407821,yfinance_download,237690.KQ
2021-03-15,80000.0,83100.0,77400.0,78200.0,76183.828125,250043.0,0.011642949547218562,-0.24735322425409045,78315.0,85937.5,85937.5,0.522443409694303,0.4711345018900393,-0.1282051282051282,-0.24735322425409045,-0.24735322425409045,-0.001468428781204123,-0.09003636363636358,-0.09003636363636358,103900.0,69500.0,-0.24735322425409045,0.12517985611510785,20701684.0,1618871688800.0,19553362600.0,14223475300.0,0.012078389371608609,yfinance_download,237690.KQ
2021-03-16,80000.0,83200.0,78500.0,82900.0,80762.65625,219206.0,0.06010230179028131,-0.20211742059672766,78000.0,85875.51020408163,85875.51020408163,0.5732348847731126,0.48934445196354337,-0.070627802690583,-0.20211742059672766,-0.20211742059672766,0.06282051282051282,-0.03464911238384938,-0.03464911238384938,103900.0,69500.0,-0.20211742059672766,0.19280575539568345,20701684.0,1716169603600.0,18172177400.0,14617672230.0,0.010588800408701051,yfinance_download,237690.KQ
2021-03-17,85000.0,87400.0,82100.0,86700.0,84464.6953125,309502.0,0.045838359469239975,-0.1655437921077959,78060.0,85892.0,85892.0,0.5793324497565729,0.49714918631721694,0.01403508771929829,-0.1655437921077959,-0.1655437921077959,0.11068408916218297,0.009407162483118237,0.009407162483118237,103900.0,69500.0,-0.1655437921077959,0.24748201438848927,20701684.0,1794836002800.0,26833823400.0,14620065750.0,0.014950571170925032,yfinance_download,237690.KQ
2021-03-18,86700.0,88000.0,84400.0,86400.0,84172.4140625,150450.0,-0.0034602076124568004,-0.1684311838306064,78190.0,85901.96078431372,85901.96078431372,0.5742683056567932,0.4921531167153575,0.031026252983293645,-0.1684311838306064,-0.1684311838306064,0.10500063946796256,0.005797763067792783,0.005797763067792783,103900.0,69500.0,-0.1684311838306064,0.2431654676258992,20701684.0,1788625497600.0,12998880000.0,14656786490.0,0.007267524709584012,yfinance_download,237690.KQ
2021-03-19,85400.0,86200.0,84200.0,85500.0,83295.609375,79247.0,-0.01041666666666663,-0.17709335899903755,78315.0,85894.23076923077,85894.23076923077,0.5745116002711965,0.4875673288365436,0.030120481927710774,-0.17709335899903755,-0.17709335899903755,0.09174487646044827,-0.00458972349714537,-0.00458972349714537,103900.0,69500.0,-0.17709335899903755,0.2302158273381294,20701684.0,1769993982000.0,6775618500.0,14522027515.0,0.003828046066204083,yfinance_download,237690.KQ
2021-03-22,85100.0,85300.0,80500.0,80500.0,78424.53125,178526.0,-0.05847953216374269,-0.22521655437921073,78145.0,85792.45283018867,85792.45283018867,0.6120027623891843,0.49763169121522033,-0.040524433849821184,-0.22521655437921073,-0.22521655437921073,0.03013628511101163,-0.061689025731251346,-0.061689025731251346,103900.0,69500.0,-0.22521655437921073,0.15827338129496393,20701684.0,1666485562000.0,14371343000.0,14655459285.0,0.008623742880047826,yfinance_download,237690.KQ
2021-03-23,80500.0,86200.0,80500.0,84200.0,82029.1328125,234468.0,0.04596273291925468,-0.18960538979788255,78350.0,85762.96296296296,85762.96296296296,0.6108436632371261,0.5047426114267549,0.05118601747815221,-0.18960538979788255,-0.18960538979788255,0.07466496490108487,-0.018224218345137322,-0.018224218345137322,103900.0,69500.0,-0.18960538979788255,0.21151079136690654,20701684.0,1743081792800.0,19742205600.0,14855470920.0,0.011326035118688895,yfinance_download,237690.KQ
2021-03-24,82900.0,88200.0,82000.0,86800.0,84562.109375,236062.0,0.030878859857482288,-0.16458132820019244,78870.0,85781.81818181818,85781.81818181818,0.5890591039272587,0.5053991990399356,0.1361256544502618,-0.16458132820019244,-0.16458132820019244,0.10054520096361097,0.011869436201780381,0.011869436201780381,103900.0,69500.0,-0.16458132820019244,0.24892086330935248,20701684.0,1796906171200.0,20490181600.0,14973631520.0,0.011403033685568768,yfinance_download,237690.KQ
2021-03-25,86900.0,87000.0,84500.0,85300.0,83100.78125,114797.0,-0.017281105990783363,-0.17901828681424448,79325.0,85773.21428571429,85773.21428571429,0.5945271011944312,0.5017290057504826,0.11942257217847763,-0.17901828681424448,-0.17901828681424448,0.07532303813425778,-0.005517040368080317,-0.005517040368080317,103900.0,69500.0,-0.17901828681424448,0.22733812949640297,20701684.0,1765853645200.0,9792184100.0,14375706705.0,0.005545297667571392,yfinance_download,237690.KQ
2021-03-26,84800.0,85800.0,83100.0,84600.0,82418.828125,86670.0,-0.008206330597889777,-0.1857555341674687,79535.0,85752.63157894737,85752.63157894737,0.5674710937200279,0.4973483253940458,0.052238805970149294,-0.1857555341674687,-0.1857555341674687,0.0636826554347143,-0.013441355183207548,-0.013441355183207548,103900.0,69500.0,-0.1857555341674687,0.2172661870503596,20701684.0,1751362466400.0,7332282000.0,14090546145.0,0.004186615929409414,yfinance_download,237690.KQ
2021-03-29,85000.0,85700.0,83100.0,83700.0,81542.03125,81827.0,-0.010638297872340385,-0.19441770933589986,79820.0,85717.24137931035,85717.24137931035,0.5566441389807665,0.49321545962941404,0.07307692307692304,-0.19441770933589986,-0.19441770933589986,0.04860937108494112,-0.023533671252715438,-0.023533671252715438,103900.0,69500.0,-0.19441770933589986,0.20431654676259003,20701684.0,1732730950800.0,6848919900.0,13867558440.0,0.003952673608581795,yfinance_download,237690.KQ
2021-03-30,84100.0,85000.0,82900.0,84100.0,81931.71875,48348.0,0.004778972520907976,-0.190567853705486,80030.0,85689.83050847458,85689.83050847458,0.5515159925264888,0.48922645714062846,0.052565707133917394,-0.190567853705486,-0.190567853705486,0.050855929026615065,-0.01855331605910171,-0.01855331605910171,103900.0,69500.0,-0.190567853705486,0.2100719424460431,20701684.0,1741011624400.0,4066066800.0,13399597910.0,0.0023354621778595404,yfinance_download,237690.KQ
2021-03-31,84000.0,86000.0,83500.0,85300.0,83100.78125,93815.0,0.014268727705113005,-0.17901828681424448,80345.0,85683.33333333333,85683.33333333333,0.5501178862709127,0.48636882985935226,0.07974683544303796,-0.17901828681424448,-0.17901828681424448,0.061671541477378744,-0.004473837774751965,-0.004473837774751965,103900.0,69500.0,-0.17901828681424448,0.22733812949640297,20701684.0,1765853645200.0,8002419500.0,13396893935.0,0.004531756933397303,yfinance_download,237690.KQ
2021-04-01,86000.0,86000.0,84400.0,85500.0,83295.609375,73160.0,0.0023446658851113966,-0.17709335899903755,80805.0,85376.66666666667,85680.32786885246,0.5310825442479642,0.4864506704076092,0.1205766710353866,-0.17709335899903755,-0.17709335899903755,0.05810284017078149,0.0014445789247647944,-0.002104658949583893,103900.0,69500.0,-0.17709335899903755,0.2302158273381294,20701684.0,1769993982000.0,6255180000.0,13053896400.0,0.003534012015640853,yfinance_download,237690.KQ
2021-04-02,85600.0,85600.0,81500.0,83500.0,81347.1875,141508.0,-0.023391812865497075,-0.19634263715110678,81285.0,85103.33333333333,85645.16129032258,0.524218893454932,0.48268392638808516,0.1299052774018945,-0.16416416416416413,-0.19634263715110678,0.02724980008611677,-0.0188398417609964,-0.02504708097928432,103900.0,69500.0,-0.19634263715110678,0.2014388489208634,20701684.0,1728590614000.0,11815918000.0,12995794875.0,0.006835579173172578,yfinance_download,237690.KQ
2021-04-05,83400.0,83400.0,81100.0,82000.0,79885.859375,85751.0,-0.017964071856287456,-0.2107795957651588,81910.0,84813.33333333333,85587.30158730158,0.4728573226606024,0.4836971597280126,0.17985611510791366,-0.17505030181086523,-0.2107795957651588,0.0010987669393236477,-0.03317088508096211,-0.041913946587537,103900.0,69500.0,-0.2107795957651588,0.17985611510791366,20701684.0,1697538088000.0,7031582000.0,12635395125.0,0.004142223405593478,yfinance_download,237690.KQ
2021-04-06,81900.0,82500.0,78000.0,79800.0,77742.578125,204549.0,-0.02682926829268295,-0.23195380173243507,82380.0,84515.0,85496.875,0.48894951519396995,0.4853380815742212,0.1335227272727273,-0.18321392016376659,-0.23195380173243507,-0.031318281136198056,-0.0557889132106727,-0.06663255235936982,103900.0,69500.0,-0.23195380173243507,0.14820143884892079,20701684.0,1651994383200.0,16323010200.0,12530562275.0,0.009880790374348289,yfinance_download,237690.KQ
2021-04-07,79600.0,80700.0,78100.0,80500.0,78424.53125,89008.0,0.00877192982456143,-0.22521655437921073,82865.0,84255.0,85420.0,0.48898436937265,0.4850940263012079,0.13700564971751406,-0.16233090530697192,-0.22521655437921073,-0.028540397031315945,-0.04456708800664644,-0.0575977522828377,103900.0,69500.0,-0.22521655437921073,0.15827338129496393,20701684.0,1666485562000.0,7165144000.0,12442205995.0,0.004299553601533093,yfinance_download,237690.KQ
2021-04-08,79600.0,91800.0,78700.0,89900.0,87582.1796875,893929.0,0.11677018633540381,-0.13474494706448503,83635.0,84201.66666666667,85487.87878787878,0.6076038180234412,0.5394272999023251,0.2067114093959732,-0.034371643394199736,-0.13474494706448503,0.07490883003527227,0.06767482828922611,0.05161107369465823,103900.0,69500.0,-0.13474494706448503,0.29352517985611515,20701684.0,1861081391600.0,80364217100.0,15879655825.0,0.04318146291866884,yfinance_download,237690.KQ
2021-04-09,94100.0,99200.0,90800.0,93900.0,91479.0625,936507.0,0.04449388209121241,-0.09624639076034647,84465.0,84241.66666666667,85613.4328358209,0.6122247911140806,0.545818429952689,0.21474773609314357,0.026229508196721207,-0.09624639076034647,0.11170307227845844,0.11465031160352157,0.09679050225763142,103900.0,69500.0,-0.09624639076034647,0.3510791366906474,20701684.0,1943888127600.0,87938007300.0,19593626150.0,0.045238203809892956,yfinance_download,237690.KQ
2021-04-12,96500.0,106400.0,95500.0,106200.0,103461.9296875,1169643.0,0.1309904153354633,0.0,85865.0,84545.0,85916.17647058824,0.7470197509671909,0.6012193849530538,0.3580562659846547,0.2068181818181818,0.022136669874879722,0.2368252489372853,0.25613578567626716,0.23608852677883707,106200.0,69500.0,0.0,0.5280575539568346,20701684.0,2198518840800.0,124216086600.0,24826762350.0,0.05649989633693568,yfinance_download,237690.KQ
2021-04-13,105100.0,108400.0,100400.0,104700.0,102000.6015625,760904.0,-0.01412429378531077,-0.01412429378531077,86955.0,84806.66666666667,86188.40579710146,0.7358422756036853,0.6021227496810909,0.2629674306393246,0.17640449438202244,0.007699711260827691,0.2040710712437468,0.2345727537143305,0.21478056162771142,106200.0,69500.0,-0.01412429378531077,0.5064748201438849,20701684.0,2167466314800.0,79666648800.0,27901485920.0,0.03675565717262422,yfinance_download,237690.KQ
2021-04-14,104800.0,110300.0,104800.0,105800.0,103072.2421875,615128.0,0.010506208213944657,-0.0037664783427495685,87910.0,85115.0,86468.57142857143,0.7253614760772908,0.6004519827302499,0.22029988465974615,0.21191294387170667,0.018286814244465877,0.2035035832101013,0.24302414380543969,0.22356595294739612,106200.0,69500.0,-0.0037664783427495685,0.5223021582733813,20701684.0,2190238167200.0,65080542400.0,29813821870.0,0.029713911196789594,yfinance_download,237690.KQ
2021-04-15,107900.0,137000.0,105900.0,111300.0,108430.453125,3660699.0,0.051984877126654006,0.0,89155.0,85568.33333333333,86818.30985915494,0.7373544774790973,0.6023611296243089,0.2881944444444444,0.32342449464922707,0.07122232916265636,0.24838763950423415,0.30071482830486373,0.2819876380980191,111300.0,69500.0,0.0,0.6014388489208633,20701684.0,2304097429200.0,407435798700.0,49535667805.0,0.17683097664904943,yfinance_download,237690.KQ
2021-04-16,113000.0,134500.0,112200.0,131300.0,127914.796875,2700449.0,0.17969451931716085,0.0,91445.0,86391.66666666667,87436.11111111111,0.9366744843221554,0.6966865851740732,0.5356725146198831,0.6031746031746033,0.2637151106833493,0.43583574826398386,0.5198225137455386,0.5016678844870859,131300.0,69500.0,0.0,0.8892086330935252,20701684.0,2718131109200.0,354568953700.0,66925334565.0,0.13044586131253863,yfinance_download,237690.KQ
2021-04-19,131800.0,144900.0,130100.0,133100.0,129668.390625,1425753.0,0.013709063214013772,0.0,94075.0,87161.66666666667,88061.64383561644,0.8868829287576573,0.6882264475686406,0.653416149068323,0.5316455696202531,0.2810394610202118,0.41482859420675,0.5270474405797654,0.5114412382359803,133100.0,69500.0,0.0,0.9151079136690647,20701684.0,2755394140400.0,189767724300.0,75695153630.0,0.06887135365412785,yfinance_download,237690.KQ
2021-04-20,133100.0,144500.0,133100.0,138800.0,135221.4375,1170383.0,0.04282494365138989,0.0,96805.0,88038.33333333333,88747.2972972973,0.8860549591016759,0.6910462008334725,0.6484560570071258,0.6102088167053363,0.33589990375360923,0.43381023707453137,0.5765859568748464,0.5639912901801349,138800.0,69500.0,0.0,0.9971223021582734,20701684.0,2873393739200.0,162449160400.0,82830501370.0,0.056535642221183555,yfinance_download,237690.KQ
2021-04-21,140000.0,141400.0,129100.0,131300.0,127914.796875,909609.0,-0.054034582132564846,-0.054034582132564846,99030.0,88718.33333333333,89314.66666666667,0.9308508877369149,0.6974841217088892,0.5126728110599079,0.45082872928176787,0.2637151106833493,0.32586085024739986,0.47996468223403665,0.4700833009882661,138800.0,69500.0,-0.054034582132564846,0.8892086330935252,20701684.0,2718131109200.0,119431661700.0,87777575375.0,0.043938889222731835,yfinance_download,237690.KQ
2021-04-22,132500.0,136600.0,129900.0,131100.0,127719.953125,622563.0,-0.0015232292460015673,-0.0554755043227666,101320.0,89353.33333333333,89864.47368421052,0.9235862039332957,0.6963829052415914,0.536928487690504,0.4096774193548387,0.2617901828681424,0.29392025266482436,0.46720883384316947,0.4588634932720326,138800.0,69500.0,-0.0554755043227666,0.8863309352517985,20701684.0,2713990772400.0,81618009300.0,91368866635.0,0.030073060722982728,yfinance_download,237690.KQ
2021-04-23,131900.0,141500.0,126000.0,139700.0,136098.21875,871573.0,0.06559877955758964,0.0,104075.0,90170.0,90511.68831168831,0.9274253401973596,0.7035693220249652,0.6513002364066194,0.5402425578831311,0.3445620789220405,0.3423012250780686,0.5492957746478873,0.5434470686142279,139700.0,69500.0,0.0,1.0100719424460434,20701684.0,2892025254800.0,121758748100.0,97090189940.0,0.04210155077239127,yfinance_download,237690.KQ
2021-04-26,143100.0,145200.0,135000.0,143500.0,139800.25,1025955.0,0.027201145311381625,0.0,107065.0,91073.33333333333,91191.02564102564,0.9167706277017976,0.7028906106234825,0.7144563918757467,0.606942889137738,0.381135707410972,0.34030728996404047,0.5756533196691311,0.5736197612788032,143500.0,69500.0,0.0,1.064748201438849,20701684.0,2970691654000.0,147224542500.0,104108971070.0,0.04955901172097883,yfinance_download,237690.KQ
2021-04-27,144100.0,144300.0,119500.0,123700.0,120510.7421875,1128570.0,-0.1379790940766551,-0.1379790940766551,109045.0,91706.66666666667,91602.53164556962,1.0900605788377589,0.7583809190624996,0.4708680142687276,0.4434072345390898,0.190567853705486,0.13439405749919753,0.34886594940389637,0.35039935881491324,143500.0,69500.0,-0.1379790940766551,0.7798561151079137,20701684.0,2560798310800.0,139604109000.0,110885873180.0,0.0545158548454319,yfinance_download,237690.KQ
2021-04-28,120500.0,128100.0,116300.0,124100.0,120900.421875,682534.0,0.003233629749393785,-0.135191637630662,110985.0,92298.33333333333,92008.75,1.0917562185880652,0.7563856994598842,0.45486518171160606,0.40067720090293446,0.19441770933589986,0.11816912195341711,0.3445529894003143,0.3487847623188012,143500.0,69500.0,-0.135191637630662,0.7856115107913668,20701684.0,2569078984400.0,84702469400.0,114720875675.0,0.03296997480977876,yfinance_download,237690.KQ
2021-04-29,124100.0,124100.0,111800.0,111800.0,108917.5546875,799176.0,-0.09911361804995966,-0.22090592334494774,112300.0,92648.33333333333,92253.08641975309,1.1713868740031208,0.7857904118569654,0.30760233918128654,0.2312775330396475,0.07603464870067378,-0.0044523597506678225,0.20671355843782058,0.21188357310137174,143500.0,69500.0,-0.22090592334494774,0.6086330935251798,20701684.0,2314448271200.0,89347876800.0,118875510515.0,0.03860439566172491,yfinance_download,237690.KQ
2021-04-30,111200.0,117300.0,110500.0,114100.0,111158.25,448413.0,0.020572450805008913,-0.20487804878048776,113830.0,92986.66666666667,92519.51219512195,1.1621162956531634,0.7842808677997419,0.3664670658682634,0.21641791044776126,0.0981713185755535,0.0023719581832557513,0.2270576426727846,0.23325336778003325,143500.0,69500.0,-0.20487804878048776,0.6417266187050359,20701684.0,2362062144400.0,51163923300.0,120842910780.0,0.021660701612487177,yfinance_download,237690.KQ
2021-05-03,118900.0,130900.0,113000.0,115000.0,112035.046875,1186286.0,0.007887817703768674,-0.19860627177700352,115480.0,93326.66666666667,92790.36144578313,1.1550361616597808,0.7842677217626087,0.4024390243902438,0.2156448202959831,0.10683349374398454,-0.004156563907170119,0.232230873633831,0.2393528617430145,143500.0,69500.0,-0.19860627177700352,0.6546762589928057,20701684.0,2380693660000.0,136422890000.0,127312476180.0,0.057303840595769893,yfinance_download,237690.KQ
2021-05-04,116000.0,119400.0,108100.0,112500.0,109599.5078125,406039.0,-0.021739130434782594,-0.21602787456445993,117115.0,93635.0,93025.0,1.15246483847071,0.7858048440743263,0.40977443609022557,0.19680851063829796,0.0827718960538979,-0.039405712334030674,0.20147380787098834,0.20935232464391285,143500.0,69500.0,-0.21602787456445993,0.618705035971223,20701684.0,2328939450000.0,45679387500.0,128780295045.0,0.01961381499205572,yfinance_download,237690.KQ
2021-05-06,117400.0,119600.0,107400.0,111000.0,108138.1796875,467958.0,-0.013333333333333308,-0.22648083623693382,118640.0,93923.33333333333,93236.4705882353,1.1579251305074834,0.786485801446889,0.3788819875776397,0.18463180362860188,0.06833493743984609,-0.06439649359406607,0.18181495546012716,0.19052125525229946,143500.0,69500.0,-0.22648083623693382,0.5971223021582734,20701684.0,2297886924000.0,51943338000.0,131019204745.0,0.02260482770387182,yfinance_download,237690.KQ
2021-05-07,110700.0,114200.0,108500.0,111700.0,108820.125,376318.0,0.006306306306306242,-0.22160278745644602,119730.0,94285.0,93451.16279069768,1.0986893907104947,0.7812498474428142,0.24249165739710787,0.24111111111111105,0.0750721847930702,-0.0670675686962332,0.18470594474200563,0.19527672705554444,143500.0,69500.0,-0.22160278745644602,0.6071942446043166,20701684.0,2312378102800.0,42034720600.0,129102729920.0,0.018178134687013868,yfinance_download,237690.KQ
2021-05-10,113900.0,128900.0,113500.0,127600.0,124310.1875,1503618.0,0.14234556848701874,-0.11080139372822295,121415.0,94923.33333333333,93843.67816091955,1.1870551871404078,0.83000575744351,0.3588924387646433,0.42889137737961924,0.22810394610202112,0.05094098752213472,0.3442427221968607,0.3597080005879183,143500.0,69500.0,-0.11080139372822295,0.8359712230215828,20701684.0,2641534878400.0,191861656800.0,134298912395.0,0.07263264186623658,yfinance_download,237690.KQ
2021-05-11,128700.0,135000.0,123300.0,124100.0,120900.421875,962729.0,-0.027429467084639447,-0.135191637630662,122310.0,95496.66666666667,94187.5,1.1183528872785833,0.8330356254061488,0.16854990583804152,0.3835005574136008,0.19441770933589986,0.014634943994767502,0.29952179831756776,0.31758460517584597,143500.0,69500.0,-0.135191637630662,0.7856115107913668,20701684.0,2569078984400.0,119474668900.0,134061841510.0,0.04650486404874116,yfinance_download,237690.KQ
2021-05-12,122500.0,122700.0,114800.0,118600.0,115542.234375,653987.0,-0.04431909750201446,-0.1735191637630662,123005.0,95986.66666666667,94461.79775280898,1.1320897120271152,0.8392440201900291,0.13276026743075464,0.32959641255605376,0.14148219441770937,-0.03581155237591971,0.2355882761494652,0.2555340129176531,143500.0,69500.0,-0.1735191637630662,0.7064748201438849,20701684.0,2455219722400.0,77562858200.0,133956651980.0,0.031591004867043665,yfinance_download,237690.KQ
2021-05-13,123800.0,125000.0,114000.0,114000.0,111060.8359375,684177.0,-0.038785834738617186,-0.20557491289198604,123415.0,96461.66666666667,94678.88888888889,1.1444538922755743,0.8386096069464302,0.07750472589792068,0.33333333333333326,0.09720885466794993,-0.07628732325892318,0.18181661108903358,0.20406989707901557,143500.0,69500.0,-0.20557491289198604,0.6402877697841727,20701684.0,2359991976000.0,77996178000.0,134602433760.0,0.03304934033385883,yfinance_download,237690.KQ
2021-05-14,109000.0,118300.0,107500.0,116900.0,113886.0625,794523.0,0.025438596491228038,-0.18536585365853664,123695.0,97013.33333333333,94923.07692307692,1.1341877271084249,0.8377449613021984,0.05031446540880502,0.3949880668257757,0.12512030798845042,-0.05493350580055778,0.2049890049477736,0.23152350081037287,143500.0,69500.0,-0.18536585365853664,0.6820143884892087,20701684.0,2420026859600.0,92879738700.0,118874630760.0,0.03837963133820418,yfinance_download,237690.KQ
2021-05-17,114900.0,116100.0,111500.0,112100.0,109209.8125,429003.0,-0.04106073567151414,-0.21881533101045292,122735.0,97498.33333333333,95109.78260869565,0.9361769557849934,0.8428612886401329,-0.14623000761614624,0.35060240963855427,0.07892204042348405,-0.08665009980853056,0.1497632438161336,0.1786379584233324,143500.0,69500.0,-0.21881533101045292,0.6129496402877699,20701684.0,2320658776400.0,48091236300.0,103550744890.0,0.020723096729715323,yfinance_download,237690.KQ
2021-05-18,112500.0,127500.0,110600.0,121500.0,118367.453125,1332314.0,0.08385370205173959,-0.1533101045296167,122155.0,98125.0,95393.54838709677,0.9876667767246569,0.8576658432011052,-0.08715251690458303,0.44815256257449354,0.16939364773820986,-0.005362040031108073,0.2382165605095541,0.2736710401731368,143500.0,69500.0,-0.1533101045296167,0.7482014388489209,20701684.0,2515254606000.0,161876151000.0,102156166225.0,0.06435775949434838,yfinance_download,237690.KQ
2021-05-20,119800.0,120200.0,115700.0,115800.0,112814.421875,368088.0,-0.04691358024691361,-0.19303135888501743,121005.0,98720.0,95610.63829787234,0.984163541132644,0.858099223837136,-0.16570605187319887,0.44569288389513106,0.11453320500481223,-0.043014751456551426,0.17301458670988645,0.21116229387809593,143500.0,69500.0,-0.19303135888501743,0.6661870503597123,20701684.0,2397255007200.0,42624590400.0,96164937725.0,0.017780582487878765,yfinance_download,237690.KQ
2021-05-21,116100.0,119900.0,115200.0,115400.0,112424.7265625,255698.0,-0.003454231433506094,-0.19581881533101042,120210.0,99370.0,95818.94736842105,0.9684839070264923,0.8511052931172556,-0.1210967250571211,0.5104712041884816,0.11068334937439839,-0.04001331004076203,0.1613162926436551,0.20435470404710632,143500.0,69500.0,-0.19581881533101042,0.660431654676259,20701684.0,2388974333600.0,29507549200.0,91668732100.0,0.01235155555461092,yfinance_download,237690.KQ
2021-05-24,112000.0,113300.0,101700.0,102000.0,99370.21875,963249.0,-0.11611785095320626,-0.28919860627177696,118755.0,99800.0,95883.33333333333,1.0458901764336785,0.8882837947392221,-0.22196796338672764,0.3385826771653544,-0.018286814244465877,-0.14108879626121007,0.022044088176352616,0.06379280375456298,143500.0,69500.0,-0.28919860627177696,0.4676258992805755,20701684.0,2111571768000.0,98251398000.0,92500401535.0,0.04652998277821263,yfinance_download,237690.KQ
2021-05-25,102200.0,116500.0,102200.0,112200.0,109307.234375,941976.0,0.10000000000000009,-0.21811846689895475,117380.0,100330.0,96051.54639175258,1.08542187211273,0.9034339279850628,-0.19685039370078738,0.3955223880597014,0.07988450433108762,-0.044130175498381274,0.11830957839130862,0.16812278630460442,143500.0,69500.0,-0.21811846689895475,0.6143884892086331,20701684.0,2322728944800.0,105689707200.0,91696949490.0,0.04550238521658431,yfinance_download,237690.KQ
2021-05-26,112400.0,115700.0,111300.0,111500.0,108625.28125,300315.0,-0.0062388591800356386,-0.22299651567944256,115780.0,100888.33333333333,96209.1836734694,1.0772237199974872,0.9005969470620385,-0.22299651567944256,0.4294871794871795,0.07314725697786328,-0.036966660908619775,0.10518229725934614,0.15893302221986527,143500.0,69500.0,-0.22299651567944256,0.60431654676259,20701684.0,2308237766000.0,33485122500.0,86009978490.0,0.014506790848512613,yfinance_download,237690.KQ
2021-05-27,112800.0,119000.0,111300.0,115500.0,112522.15625,472506.0,0.03587443946188351,-0.19512195121951215,115370.0,101481.66666666667,96404.04040404041,0.9760250813380207,0.9018246206366808,-0.0662894098625707,0.44555694618272845,0.11164581328200196,0.0011268093958567427,0.138136609239764,0.19808256496227994,143500.0,69500.0,-0.19512195121951215,0.6618705035971224,20701684.0,2391044502000.0,54574443000.0,81758495190.0,0.022824519976249274,yfinance_download,237690.KQ
2021-05-28,115000.0,115100.0,112000.0,112000.0,109112.390625,192856.0,-0.030303030303030276,-0.2195121951219512,114765.0,102031.66666666667,96560.0,0.9810464205424324,0.9043767334471151,-0.09750201450443186,0.4177215189873418,0.0779595765158807,-0.024092711192436722,0.0976984269589507,0.15990057995028994,143500.0,69500.0,-0.2195121951219512,0.6115107913669064,20701684.0,2318588608000.0,21599872000.0,78603365320.0,0.009315957097982946,yfinance_download,237690.KQ
2021-05-31,114500.0,118800.0,112800.0,113900.0,110963.40625,293878.0,0.016964285714285765,-0.2062717770034843,114870.0,102658.33333333333,96731.68316831683,0.9150330698827399,0.9003988250604518,0.01878354203935606,0.4927916120576672,0.09624639076034658,-0.008444328371202237,0.10950564169169574,0.17748390464590225,143500.0,69500.0,-0.2062717770034843,0.6388489208633092,20701684.0,2357921807600.0,33472704200.0,75809606690.0,0.014195849960805121,yfinance_download,237690.KQ
2021-06-01,113200.0,116400.0,107700.0,109100.0,106287.1640625,406935.0,-0.04214223002633888,-0.2397212543554007,114620.0,103245.0,96852.94117647059,0.9256026351047827,0.9026754387913309,-0.04382120946538126,0.47631935047361296,0.05004812319538021,-0.04815913453149534,0.05670976802750749,0.12645004555116923,143500.0,69500.0,-0.2397212543554007,0.5697841726618704,20701684.0,2258553724400.0,44396608500.0,75471240950.0,0.01965709649514503,yfinance_download,237690.KQ
2021-06-02,112000.0,113800.0,106500.0,108000.0,105215.5234375,246030.0,-0.010082493125572856,-0.2473867595818815,114270.0,103886.66666666667,96961.16504854368,0.9255999948733691,0.8924853635917586,-0.060869565217391286,0.5539568345323742,0.039461020211742026,-0.05487004463113676,0.03959442982737604,0.1138480024031241,143500.0,69500.0,-0.2473867595818815,0.5539568345323742,20701684.0,2235781872000.0,26571240000.0,69978658450.0,0.011884540407437385,yfinance_download,237690.KQ
2021-06-03,107200.0,110000.0,105700.0,108500.0,105702.640625,178934.0,0.004629629629629539,-0.24390243902439024,114070.0,104521.66666666667,97072.11538461539,0.9227022567112818,0.8924869665443473,-0.03555555555555556,0.5411931818181819,0.044273339749759444,-0.04882966599456473,0.03806228373702414,0.11772571937992171,143500.0,69500.0,-0.24390243902439024,0.5611510791366907,20701684.0,2246132714000.0,19414339000.0,68665406025.0,0.008643451421633138,yfinance_download,237690.KQ
2021-06-04,108500.0,110900.0,106600.0,109100.0,106287.1640625,195543.0,0.0055299539170508005,-0.2397212543554007,113975.0,105160.0,97186.66666666667,0.9215804248960094,0.8924892583712237,-0.017117117117117164,0.5409604519774012,0.05004812319538021,-0.042772537837244995,0.03746671738303542,0.12258197283577998,143500.0,69500.0,-0.2397212543554007,0.5697841726618704,20701684.0,2258553724400.0,21333741300.0,67134926190.0,0.009445753302001906,yfinance_download,237690.KQ
2021-06-07,109600.0,110300.0,105200.0,105500.0,102779.96875,186331.0,-0.03299725022914757,-0.264808362369338,113665.0,105676.66666666667,97265.09433962264,0.92894268781199,0.8918428236397451,-0.0555058191584602,0.41610738255033564,0.015399422521655382,-0.07183389785773986,-0.0016717660789200561,0.08466455223518699,143500.0,69500.0,-0.264808362369338,0.5179856115107915,20701684.0,2184027662000.0,19657920500.0,66016086185.0,0.009000765348364897,yfinance_download,237690.KQ
2021-06-08,106000.0,107400.0,103400.0,105600.0,102877.390625,172101.0,0.0009478672985780978,-0.26411149825783975,112565.0,106148.33333333333,97342.99065420561,0.7590906389576256,0.8896936855358443,-0.1724137931034483,0.36610608020698576,0.016361886429258954,-0.061875360902589605,-0.005165727205639903,0.0848238716552896,143500.0,69500.0,-0.26411149825783975,0.5194244604316547,20701684.0,2186097830400.0,18173865600.0,57331696625.0,0.008313381655328137,yfinance_download,237690.KQ
2021-06-09,105600.0,105600.0,99800.0,100000.0,97421.78125,305562.0,-0.05303030303030298,-0.3031358885017421,111360.0,106511.66666666667,97367.5925925926,0.7729468496650127,0.8980009622609411,-0.19419822723609992,0.27877237851662406,-0.0375360923965351,-0.10201149425287359,-0.06113571283271002,0.027035765569576764,143500.0,69500.0,-0.3031358885017421,0.4388489208633093,20701684.0,2070168400000.0,30556200000.0,52885773180.0,0.014760248489929611,yfinance_download,237690.KQ
2021-06-10,99400.0,105400.0,99300.0,103600.0,100928.9609375,271597.0,0.03600000000000003,-0.2780487804878049,110610.0,106856.66666666667,97424.77064220184,0.777677318034257,0.8931036193195788,-0.12647554806070826,0.24969843184559704,-0.002887391722810384,-0.06337582497061744,-0.03047696290981694,0.06338459220475912,143500.0,69500.0,-0.2780487804878049,0.49064748201438846,20701684.0,2144694462400.0,28137449200.0,50414502730.0,0.013119560708201323,yfinance_download,237690.KQ
2021-06-11,103700.0,108900.0,103700.0,106400.0,103656.78125,198775.0,0.027027027027026973,-0.25853658536585367,110230.0,107185.0,97506.36363636363,0.7755076369022348,0.8902794673441042,-0.06666666666666665,0.22722029988465975,0.024061597690086645,-0.03474553206930964,-0.0073237859775154845,0.09121083006237352,143500.0,69500.0,-0.25853658536585367,0.530935251798561,20701684.0,2202659177600.0,21149660000.0,47572176830.0,0.00960187586671693,yfinance_download,237690.KQ
2021-06-14,107500.0,108200.0,104200.0,106600.0,103851.6171875,136152.0,0.001879699248120259,-0.2571428571428571,109715.0,107521.66666666667,97588.28828828828,0.7688096775215806,0.8901316839121138,-0.08810949529512402,0.23379629629629628,0.025986525505293567,-0.028391742241261397,-0.008571915737913383,0.09234419283070072,143500.0,69500.0,-0.2571428571428571,0.5338129496402877,20701684.0,2206799514400.0,14513803200.0,43653880055.0,0.006576856259616367,yfinance_download,237690.KQ
2021-06-15,105900.0,105900.0,102400.0,103000.0,100344.4375,134042.0,-0.0337711069418386,-0.28222996515679444,109260.0,107813.33333333333,97636.60714285714,0.7645072414086094,0.8931435169935824,-0.0811775200713648,0.20467836257309946,-0.008662175168431152,-0.05729452681676739,-0.04464506554538705,0.05493219207520594,143500.0,69500.0,-0.28222996515679444,0.4820143884892085,20701684.0,2132273452000.0,13806326000.0,41939634540.0,0.006474932184260952,yfinance_download,237690.KQ
2021-06-16,103800.0,108600.0,103700.0,106900.0,104143.8828125,278547.0,0.03786407766990285,-0.2550522648083624,108530.0,108253.33333333333,97718.58407079647,0.710649000896958,0.8858601590688404,-0.1201646090534979,0.32795031055900625,0.02887391722810384,-0.015018888786510587,-0.012501539598472666,0.09395772581550776,143500.0,69500.0,-0.2550522648083624,0.5381294964028778,20701684.0,2213010019600.0,29776674300.0,35334660705.0,0.013455282188637407,yfinance_download,237690.KQ
2021-06-17,101900.0,103400.0,100000.0,101000.0,98395.9921875,451715.0,-0.0551917680074836,-0.2961672473867596,107790.0,108533.33333333333,97747.36842105263,0.7176334393596967,0.8907290330152071,-0.1278065630397237,0.1995249406175772,-0.02791145332050049,-0.06299285648019293,-0.06941031941031939,0.03327589920310148,143500.0,69500.0,-0.2961672473867596,0.4532374100719425,20701684.0,2090870084000.0,45623215000.0,35484591935.0,0.021820205544631054,yfinance_download,237690.KQ
2021-06-18,100800.0,101900.0,98200.0,100800.0,98201.15625,284353.0,-0.001980198019801982,-0.29756097560975614,107060.0,108766.66666666667,97773.91304347826,0.7177172480462003,0.8891251247093818,-0.12651646447140386,0.16129032258064524,-0.029836381135707413,-0.05847188492434152,-0.07324547961998162,0.03094983991462108,143500.0,69500.0,-0.29756097560975614,0.45035971223021587,20701684.0,2086729747200.0,28662782400.0,35442353595.0,0.013735742464236244,yfinance_download,237690.KQ
2021-06-21,101000.0,103700.0,100000.0,101700.0,99077.9609375,175876.0,0.008928571428571397,-0.2912891986062718,107045.0,109040.0,97807.75862068965,0.5882769283574317,0.8880668864866269,-0.002941176470588225,0.19226260257913252,-0.02117420596727626,-0.04993227147461343,-0.06731474688187822,0.039794812131468404,143500.0,69500.0,-0.2912891986062718,0.46330935251798566,20701684.0,2105361262800.0,17886589200.0,31424113155.0,0.00849573397024126,yfinance_download,237690.KQ
2021-06-22,101600.0,102900.0,100200.0,102900.0,100247.0078125,131422.0,0.01179941002949847,-0.2829268292682927,106580.0,109345.0,97851.28205128205,0.4596573746600828,0.8877962517230499,-0.08288770053475936,0.2163120567375887,-0.009624639076034613,-0.03452805404391068,-0.058941881201701074,0.05159582831088527,143500.0,69500.0,-0.2829268292682927,0.4805755395683453,20701684.0,2130203283600.0,13523323800.0,26815793985.0,0.006348372431923896,yfinance_download,237690.KQ
2021-06-23,103300.0,107400.0,103300.0,106000.0,103267.0859375,362424.0,0.030126336248785135,-0.26132404181184665,106305.0,109716.66666666667,97920.33898305085,0.475084666378854,0.8887035761207612,-0.04932735426008972,0.2664277180406214,0.0202117420596728,-0.002869103052537514,-0.0338751329181225,0.08251259238744746,143500.0,69500.0,-0.26132404181184665,0.525179856115108,20701684.0,2194378504000.0,38416944000.0,27062385060.0,0.017506981557635602,yfinance_download,237690.KQ
2021-06-24,107500.0,107600.0,102100.0,102600.0,99954.75,246035.0,-0.0320754716981132,-0.2850174216027874,105660.0,110025.0,97959.66386554622,0.464156409644175,0.8920266317722315,-0.11168831168831173,0.21997621878715812,-0.012512030798844997,-0.028960817717206155,-0.06748466257668717,0.04736986583399094,143500.0,69500.0,-0.2850174216027874,0.47625899280575545,20701684.0,2123992778400.0,25243191000.0,25595822460.0,0.011884781933682304,yfinance_download,237690.KQ
2021-06-25,103100.0,105300.0,101200.0,103700.0,101026.390625,135980.0,0.01072124756335291,-0.27735191637630663,105245.0,110331.66666666667,98007.5,0.45787437599286696,0.8918961046967132,-0.07410714285714282,0.21570926143024627,-0.0019249278152069227,-0.014680032305572688,-0.060106648136678875,0.058082289620692285,143500.0,69500.0,-0.27735191637630663,0.4920863309352519,20701684.0,2146764630800.0,14101126000.0,25220885160.0,0.006568547756791186,yfinance_download,237690.KQ
2021-06-28,105000.0,110700.0,104100.0,109100.0,106287.1640625,416432.0,0.052073288331726086,-0.2397212543554007,105005.0,110725.0,98050.83333333333,0.4941512471636439,0.8971230610472087,-0.04214223002633888,0.2760233918128654,0.05004812319538021,0.03899814294557391,-0.01467599909686157,0.1126881464546452,143500.0,69500.0,-0.2397212543554007,0.5697841726618704,20701684.0,2258553724400.0,45432731200.0,25818886510.0,0.02011585144474237,yfinance_download,237690.KQ
2021-06-29,109300.0,113500.0,107000.0,111800.0,108917.5546875,399355.0,0.024747937671860676,-0.22090592334494774,105140.0,111196.66666666667,98150.0,0.47830970078167184,0.895899828901729,0.024747937671860676,0.33892215568862283,0.11911911911911921,0.06334411261175577,0.005425822116969847,0.13907284768211925,143500.0,69500.0,-0.22090592334494774,0.6086330935251798,20701684.0,2314448271200.0,44647889000.0,25831450535.0,0.019290942707849274,yfinance_download,237690.KQ
2021-06-30,114200.0,114200.0,108800.0,112600.0,109696.9296875,353255.0,0.007155635062611854,-0.21533101045296166,105370.0,111706.66666666667,98260.0,0.4766089622734135,0.8944584294515726,0.042592592592592515,0.3731707317073172,0.1327967806841046,0.06861535541425456,0.007997135354499862,0.1459393445959698,143500.0,69500.0,-0.21533101045296166,0.6201438848920864,20701684.0,2331009618400.0,39776513000.0,26491714185.0,0.017064070729704887,yfinance_download,237690.KQ
2021-07-01,112100.0,115400.0,110000.0,114300.0,111353.09375,304135.0,0.015097690941385356,-0.20348432055749133,105660.0,112281.66666666667,98398.33333333333,0.4786677646328476,0.8918425749688168,0.05345622119815663,0.4323308270676691,0.16990788126919143,0.08177172061328797,0.017975626771957298,0.16160504073578497,143500.0,69500.0,-0.20348432055749133,0.6446043165467625,20701684.0,2366202481200.0,34762630500.0,27259128760.0,0.014691316899630002,yfinance_download,237690.KQ
2021-07-02,116400.0,124500.0,115300.0,119700.0,116613.875,879472.0,0.04724409448818889,-0.1658536585365854,106190.0,112935.0,98595.0,0.5037856510727466,0.8955488403840053,0.09715857011915663,0.4869565217391305,0.24557752341311123,0.12722478576137108,0.059901713374950205,0.21405750798722045,143500.0,69500.0,-0.1658536585365854,0.7223021582733813,20701684.0,2477991574800.0,105272798400.0,31456081615.0,0.0424831139341128,yfinance_download,237690.KQ
2021-07-05,120900.0,121800.0,116500.0,119800.0,116711.296875,350770.0,0.0008354218880535225,-0.16515679442508713,106905.0,113433.33333333333,98817.5,0.48374220813550073,0.866549293171091,0.13554502369668242,0.33259176863181317,0.2867883995703544,0.12062111220242278,0.05612694681163677,0.21233587168264734,143500.0,69500.0,-0.16515679442508713,0.7237410071942445,20701684.0,2480061743200.0,42022246000.0,32574297890.0,0.016944032185980618,yfinance_download,237690.KQ
2021-07-06,117800.0,118600.0,111500.0,111700.0,108820.125,445317.0,-0.06761268781302165,-0.22160278745644602,107210.0,113730.0,98985.83333333333,0.5512828744108554,0.8758184101073041,0.0577651515151516,0.18956336528221507,0.22076502732240444,0.041880421602462414,-0.01784929218324105,0.1284443060033844,143500.0,69500.0,-0.22160278745644602,0.6071942446043166,20701684.0,2312378102800.0,49741908900.0,34152700055.0,0.021511148561633924,yfinance_download,237690.KQ
2021-07-07,113000.0,115200.0,109900.0,110600.0,107748.4921875,234448.0,-0.009847806624888045,-0.2292682926829268,107740.0,113803.33333333333,99174.16666666667,0.5126190053980209,0.8354826910902173,0.1060000000000001,0.04143126177024481,0.25681818181818183,0.02654538704288112,-0.028147974576022916,0.1152097740507021,143500.0,69500.0,-0.2292682926829268,0.5913669064748202,20701684.0,2289606250400.0,25929948800.0,33921387495.0,0.011325069013709223,yfinance_download,237690.KQ
2021-07-08,111500.0,113000.0,108000.0,108200.0,105410.359375,234647.0,-0.02169981916817365,-0.24599303135888506,107970.0,113861.66666666667,99334.16666666667,0.5080580783614737,0.8362519495498951,0.044401544401544424,0.03342884431709647,0.21573033707865163,0.002130221357784512,-0.04972408038994691,0.08925260694121695,143500.0,69500.0,-0.24599303135888506,0.5568345323741006,20701684.0,2239922208800.0,25388805400.0,33783955305.0,0.011334681758256962,yfinance_download,237690.KQ
2021-07-09,108100.0,111400.0,104300.0,107800.0,105020.6796875,208018.0,-0.003696857670979714,-0.24878048780487805,108040.0,113895.0,99505.0,0.500162878988085,0.8361339933470859,0.013157894736842035,0.018903591682419618,0.23482245131729673,-0.002221399481673436,-0.053514201676983175,0.08336264509321145,143500.0,69500.0,-0.24878048780487805,0.5510791366906476,20701684.0,2231641535200.0,22424340400.0,33847689325.0,0.01004836128307243,yfinance_download,237690.KQ
2021-07-12,107800.0,107800.0,104100.0,105200.0,102487.71875,143175.0,-0.024118738404452666,-0.26689895470383274,107970.0,113793.33333333333,99680.83333333333,0.5080968192580636,0.8311012179073473,-0.013133208255159512,-0.05480682839173401,0.2508917954815695,-0.025655274613318513,-0.07551701915753706,0.05536838409256206,143500.0,69500.0,-0.26689895470383274,0.5136690647482014,20701684.0,2177817156800.0,15062010000.0,33875099665.0,0.006916104023228255,yfinance_download,237690.KQ
2021-07-13,105200.0,106200.0,103500.0,105500.0,102779.96875,131738.0,0.002851711026615966,-0.264808362369338,108095.0,113363.33333333333,99877.5,0.4923611551504425,0.7424370683213528,0.024271844660194164,-0.19649657273419652,0.28815628815628824,-0.024006660807622926,-0.06936399188450115,0.05629396010112386,143500.0,69500.0,-0.264808362369338,0.5179856115107915,20701684.0,2184027662000.0,13898359000.0,33879701315.0,0.006363636890602716,yfinance_download,237690.KQ
2021-07-14,105900.0,106100.0,103500.0,104300.0,101610.90625,150364.0,-0.011374407582938395,-0.2731707317073171,107965.0,112883.33333333333,100022.5,0.47506003409371184,0.7418694901977496,-0.024321796071094526,-0.21637866265965444,0.20023014959723828,-0.03394618626406709,-0.07603720655544066,0.04276537778999723,143500.0,69500.0,-0.2731707317073171,0.5007194244604316,20701684.0,2159185641200.0,15682965200.0,33175015860.0,0.007263370458171423,yfinance_download,237690.KQ
2021-07-15,104000.0,107100.0,103600.0,105000.0,102292.875,149393.0,0.006711409395973256,-0.2682926829268293,108165.0,112320.0,100179.16666666667,0.4297114188016989,0.7360158604093311,0.03960396039603964,-0.24351585014409227,0.21809744779582374,-0.029260851476910266,-0.06517094017094016,0.048122114544773886,143500.0,69500.0,-0.2682926829268293,0.5107913669064748,20701684.0,2173676820000.0,15686265000.0,31678168360.0,0.007216466061408338,yfinance_download,237690.KQ
2021-07-16,105300.0,109900.0,104200.0,108100.0,105312.9453125,287297.0,0.029523809523809508,-0.24668989547038322,108530.0,111933.33333333333,100325.83333333333,0.43998325857762394,0.731455127362228,0.07242063492063489,-0.1766945925361767,0.19447513812154704,-0.0039620381461347165,-0.03424657534246567,0.07748918108496494,143500.0,69500.0,-0.24668989547038322,0.5553956834532374,20701684.0,2237852040400.0,31056805700.0,31797869525.0,0.013877953117243989,yfinance_download,237690.KQ
2021-07-19,108100.0,109000.0,106000.0,106200.0,103461.9296875,114310.0,-0.017576318223866738,-0.2599303135888502,108755.0,111518.33333333333,100435.83333333333,0.44595963218627593,0.7321328562071944,0.04424778761061954,-0.18993135011441653,0.14193548387096766,-0.023493172727690692,-0.04769021536070295,0.057391535225641555,143500.0,69500.0,-0.2599303135888502,0.5280575539568346,20701684.0,2198518840800.0,12139722000.0,31510526165.0,0.005521773011316374,yfinance_download,237690.KQ
2021-07-20,105000.0,107400.0,104800.0,107200.0,104436.1484375,125512.0,0.009416195856873921,-0.2529616724738676,108970.0,110976.66666666667,100573.33333333333,0.44538350775000357,0.7187606068823585,0.041788143828960234,-0.23264137437365784,0.18191841234840123,-0.016243002661282868,-0.03403117772504738,0.0658889036192496,143500.0,69500.0,-0.2529616724738676,0.5424460431654676,20701684.0,2219220524800.0,13454886400.0,31507104295.0,0.006062888410430765,yfinance_download,237690.KQ
2021-07-21,107300.0,108100.0,105200.0,107100.0,104338.71875,106965.0,-0.000932835820895539,-0.25365853658536586,109025.0,110370.0,100721.66666666667,0.4332421051330939,0.7159539190406641,0.01037735849056598,-0.25365853658536586,0.1993281075027995,-0.017656500802568198,-0.029627616200054385,0.06332632833054785,143500.0,69500.0,-0.25365853658536586,0.5410071942446044,20701684.0,2217150356400.0,11455951500.0,30159054670.0,0.005166970957531764,yfinance_download,237690.KQ
2021-07-22,107100.0,107100.0,103600.0,104300.0,101610.90625,163595.0,-0.02614379084967322,-0.2731707317073171,109110.0,110046.66666666667,100876.66666666667,0.42773576199585994,0.6610495482286723,0.016569200779727122,-0.15683104284559413,0.21703617269544928,-0.04408395197507098,-0.052220270188404916,0.03393582923041327,143500.0,69500.0,-0.2731707317073171,0.5007194244604316,20701684.0,2159185641200.0,17062958500.0,29750043045.0,0.007902497207473557,yfinance_download,237690.KQ
2021-07-23,104400.0,109300.0,103700.0,107000.0,104241.3125,220890.0,0.025886864813039256,-0.25435540069686413,109275.0,109761.66666666667,101030.0,0.43554412186217417,0.6634402450993414,0.03182256509161041,-0.1377921031426269,0.20767494356659144,-0.02081903454587053,-0.02516057518562953,0.05909135900227658,143500.0,69500.0,-0.25435540069686413,0.539568345323741,20701684.0,2215080188000.0,23635230000.0,30226748245.0,0.010670146447989448,yfinance_download,237690.KQ
2021-07-26,107000.0,107000.0,103800.0,103800.0,101123.8125,123432.0,-0.029906542056074792,-0.27665505226480835,109010.0,109628.33333333333,101138.33333333333,0.4066082020274096,0.6345299996607063,-0.048579285059578314,-0.07155635062611809,0.14317180616740077,-0.047793780387120455,-0.05316447998540519,0.026317090453669145,143500.0,69500.0,-0.27665505226480835,0.4935251798561151,20701684.0,2148834799200.0,12812241600.0,28595723765.0,0.005962413492544858,yfinance_download,237690.KQ
2021-07-27,103900.0,106300.0,102800.0,105100.0,102390.296875,134124.0,0.012524084778420042,-0.267595818815331,108675.0,109478.33333333333,101232.5,0.3981005884516027,0.633604225534694,-0.059928443649373886,-0.07887817703768629,0.1204690831556503,-0.03289625028755461,-0.03999269261802174,0.03820413404786005,143500.0,69500.0,-0.267595818815331,0.5122302158273382,20701684.0,2175746988400.0,14096432400.0,27068150935.0,0.006478893214677608,yfinance_download,237690.KQ
2021-07-28,104000.0,107300.0,103200.0,106800.0,104046.46875,191815.0,0.016175071360609028,-0.2557491289198607,108385.0,109341.66666666667,101334.16666666667,0.40235179683024164,0.6343053422349417,-0.05150976909413851,-0.07130434782608697,0.12896405919661724,-0.014623794805554313,-0.023245179483271095,0.05393870116199695,143500.0,69500.0,-0.2557491289198607,0.5366906474820143,20701684.0,2210939851200.0,20485842000.0,26103617385.0,0.00926567133379101,yfinance_download,237690.KQ
2021-07-29,108000.0,111400.0,107700.0,110000.0,107163.9609375,348865.0,0.029962546816479474,-0.23344947735191635,108170.0,109300.0,101467.5,0.41417856184788665,0.635744128039559,-0.03762029746281714,-0.022222222222222254,0.17021276595744683,0.016917814551169474,0.006404391582799596,0.08409096508734315,143500.0,69500.0,-0.23344947735191635,0.5827338129496402,20701684.0,2277185240000.0,38375150000.0,26284243360.0,0.016852010686666842,yfinance_download,237690.KQ
2021-07-30,110000.0,110100.0,106900.0,107400.0,104630.9921875,116477.0,-0.023636363636363678,-0.25156794425087103,107555.0,109240.0,101581.66666666667,0.3781944617952917,0.6370444158746711,-0.10275689223057649,-0.032432432432432434,0.1462113127001068,-0.0014411231462972962,-0.016843647015745145,0.05727739585555125,143500.0,69500.0,-0.25156794425087103,0.5453237410071943,20701684.0,2223360861600.0,12509629800.0,21646084930.0,0.005626450485863855,yfinance_download,237690.KQ
2021-08-02,107400.0,110600.0,106300.0,109200.0,106384.5859375,110416.0,0.016759776536312776,-0.23902439024390243,107025.0,109198.33333333333,101741.66666666667,0.38567778069567715,0.6378297889985646,-0.08848080133555924,-0.022381378692927445,0.21333333333333337,0.020322354590049052,1.5262748210398414e-05,0.0733065771152428,143500.0,69500.0,-0.23902439024390243,0.5712230215827339,20701684.0,2260623892800.0,12057427200.0,20147843990.0,0.005333672371774199,yfinance_download,237690.KQ
2021-08-03,110500.0,111900.0,107800.0,109000.0,106189.7421875,163120.0,-0.001831501831501825,-0.24041811846689898,106890.0,108888.33333333333,101905.83333333333,0.30472504790230687,0.5650836488868721,-0.024171888988361645,-0.14576802507836994,0.2206047032474805,0.019739919543455997,0.0010255154363032482,0.06961492227301358,143500.0,69500.0,-0.24041811846689898,0.5683453237410072,20701684.0,2256483556000.0,17780080000.0,18549752545.0,0.007879552214206342,yfinance_download,237690.KQ
2021-08-04,109000.0,117800.0,109000.0,116300.0,113301.5390625,578361.0,0.06697247706422016,-0.18954703832752617,107175.0,108758.33333333333,102127.5,0.38637015038099776,0.579860575244153,0.051537070524412254,-0.06285253827558424,0.2965440356744704,0.08514112432936782,0.06934334533752207,0.13877261266554064,143500.0,69500.0,-0.18954703832752617,0.6733812949640288,20701684.0,2407605849200.0,67263384300.0,20616424320.0,0.027937872107409233,yfinance_download,237690.KQ
2021-08-05,118900.0,123500.0,117300.0,119400.0,116321.6015625,761310.0,0.02665520206362859,-0.16794425087108011,107735.0,108771.66666666667,102379.16666666667,0.38383123569657307,0.5751354847290242,0.10351201478743066,0.006745362563237878,0.33856502242152464,0.10827493386550335,0.09771233317499961,0.16625289975987956,143500.0,69500.0,-0.16794425087108011,0.7179856115107914,20701684.0,2471781069600.0,90900414000.0,23892004750.0,0.03677526910371156,yfinance_download,237690.KQ
2021-08-06,122000.0,124300.0,117100.0,117500.0,114470.59375,471871.0,-0.015912897822445538,-0.181184668989547,108220.0,108830.0,102645.83333333333,0.38999144301085203,0.5703079318892095,0.08998144712430434,0.030701754385964897,0.3742690058479532,0.08575124745887996,0.0796655334007168,0.14471280698193634,143500.0,69500.0,-0.181184668989547,0.6906474820143884,20701684.0,2432447870000.0,55444842500.0,25543029855.0,0.022793846143144683,yfinance_download,237690.KQ
2021-08-09,117500.0,117600.0,109300.0,110300.0,107456.2265625,390919.0,-0.061276595744680806,-0.23135888501742163,108475.0,108720.0,102866.66666666667,0.4447442539105877,0.5820957436874454,0.048479087452471425,-0.056458511548331924,0.31622911694510747,0.016824153030652322,0.014532744665195052,0.07226182760855471,143500.0,69500.0,-0.23135888501742163,0.5870503597122303,20701684.0,2283395745200.0,43118365700.0,26945847640.0,0.018883439627423546,yfinance_download,237690.KQ
2021-08-10,111200.0,115500.0,110200.0,113200.0,110281.453125,310546.0,0.026291931097008225,-0.21114982578397212,108860.0,108738.33333333333,103118.33333333333,0.4525355407995023,0.5783064024650333,0.0729857819905213,0.009812667261373864,0.3638554216867469,0.03986772000734895,0.0410312217402633,0.09776793651306748,143500.0,69500.0,-0.21114982578397212,0.6287769784172661,20701684.0,2343430628800.0,35153807200.0,28008620050.0,0.015001001850863921,yfinance_download,237690.KQ
2021-08-11,112100.0,115200.0,110300.0,112900.0,109989.1953125,199228.0,-0.0026501766784452485,-0.21324041811846695,109290.0,108595.0,103360.0,0.4496768464420263,0.5518229088662423,0.08245445829338438,-0.07078189300411519,0.3456495828367103,0.03303138439015463,0.03964270914867174,0.09229876160990713,143500.0,69500.0,-0.21324041811846695,0.6244604316546762,20701684.0,2337220123600.0,22492841200.0,28349113850.0,0.009623758144506505,yfinance_download,237690.KQ
2021-08-12,112900.0,114500.0,111400.0,112900.0,109989.1953125,160369.0,0.0,-0.21324041811846695,109685.0,108546.66666666667,103633.33333333333,0.4498405482622476,0.5433238929097699,0.07523809523809533,-0.025043177892918878,0.40948813982521837,0.029311209372293368,0.04010563812799406,0.08941781923448056,143500.0,69500.0,-0.21324041811846695,0.6244604316546762,20701684.0,2337220123600.0,18105660100.0,28470083605.0,0.007746664474252433,yfinance_download,237690.KQ
2021-08-13,112500.0,115700.0,111400.0,111900.0,109014.96875,246147.0,-0.008857395925597866,-0.22020905923344947,109875.0,108488.33333333333,103929.16666666667,0.441528046038941,0.5435901648290766,0.035152636447733476,-0.030329289428076223,0.4646596858638743,0.018430034129692796,0.031447313843270486,0.07669486429058248,143500.0,69500.0,-0.22020905923344947,0.6100719424460432,20701684.0,2316518439600.0,27543849300.0,28294435785.0,0.011890192121568468,yfinance_download,237690.KQ
2021-08-17,112600.0,117300.0,110200.0,114300.0,111353.09375,503891.0,0.02144772117962468,-0.20348432055749133,110280.0,108693.33333333333,104246.66666666667,0.44019448775694076,0.4882993317844398,0.07627118644067798,0.12058823529411766,0.5,0.036452665941240525,0.05158243375858684,0.09643793566540881,143500.0,69500.0,-0.20348432055749133,0.6446043165467625,20701684.0,2366202481200.0,57594741300.0,30567186750.0,0.02434058021559985,yfinance_download,237690.KQ
2021-08-18,115100.0,116000.0,111500.0,112100.0,109209.8125,211840.0,-0.01924759405074361,-0.21881533101045292,110525.0,108691.66666666667,104510.83333333333,0.44725967011664786,0.4457587042610408,0.04570895522388052,-0.0008912655971479166,0.394278606965174,0.014250169644876687,0.03135781645326996,0.07261607648329926,143500.0,69500.0,-0.21881533101045292,0.6129496402877699,20701684.0,2320658776400.0,23747264000.0,31081805630.0,0.010232983944687786,yfinance_download,237690.KQ
2021-08-19,111000.0,111400.0,106700.0,107700.0,104923.2578125,247898.0,-0.039250669045495123,-0.24947735191637632,110555.0,108628.33333333333,104758.33333333333,0.4713240447586443,0.4529270961129872,0.0056022408963585235,-0.03408071748878927,0.38076923076923075,-0.02582425037311742,-0.008545959464228092,0.02808050274441176,143500.0,69500.0,-0.24947735191637632,0.5496402877697841,20701684.0,2229571366800.0,26698614600.0,31843938785.0,0.011974774612538767,yfinance_download,237690.KQ
2021-08-20,107000.0,107900.0,101100.0,101700.0,99077.9609375,284495.0,-0.055710306406685284,-0.2912891986062718,110425.0,108398.33333333333,104940.0,0.5041952603042903,0.4606169492528758,-0.024928092042186045,-0.11948051948051952,0.2728410513141426,-0.07901290468643873,-0.06179369301496018,-0.030874785591766707,143500.0,69500.0,-0.2912891986062718,0.46330935251798566,20701684.0,2105361262800.0,28933141500.0,32437447935.0,0.013742601809591914,yfinance_download,237690.KQ
2021-08-23,102700.0,105500.0,101900.0,103900.0,101221.234375,137002.0,0.02163225172074723,-0.2759581881533101,110270.0,108263.33333333333,105147.5,0.5014292735672075,0.45913784189992757,-0.028971962616822444,-0.07232142857142854,0.3151898734177214,-0.05776729844926087,-0.040302964992764534,-0.011864285884115144,143500.0,69500.0,-0.2759581881533101,0.4949640287769783,20701684.0,2150904967600.0,14234507800.0,31967411825.0,0.006617915721252436,yfinance_download,237690.KQ
2021-08-24,103900.0,106400.0,103600.0,105000.0,102292.875,116718.0,0.010587102983638186,-0.2682926829268293,110330.0,108115.0,105386.66666666667,0.49095267142368537,0.45826702071859765,0.011560693641618602,-0.07813871817383666,0.37614678899082565,-0.04830961660473121,-0.028811913240530895,-0.003669028340080982,143500.0,69500.0,-0.2682926829268293,0.5107913669064748,20701684.0,2173676820000.0,12255390000.0,31939569245.0,0.005638092050868905,yfinance_download,237690.KQ
2021-08-25,105100.0,105200.0,102200.0,105100.0,102390.296875,128509.0,0.0009523809523810378,-0.267595818815331,110330.0,108048.33333333333,105646.66666666667,0.4890747275731419,0.45015752270235226,0.0,-0.036663611365719495,0.42219215155615686,-0.04740324481102143,-0.02728717086489063,-0.005174480974316942,143500.0,69500.0,-0.267595818815331,0.5122302158273382,20701684.0,2175746988400.0,13506295900.0,31910062420.0,0.006207659241634642,yfinance_download,237690.KQ
2021-08-26,105000.0,105000.0,102400.0,102600.0,99954.75,125014.0,-0.02378686964795429,-0.2850174216027874,110120.0,107958.33333333333,105922.5,0.492594994003593,0.4523103842768224,-0.0393258426966292,-0.050000000000000044,0.47625899280575545,-0.06828913912095891,-0.049633346198379,-0.03136727324222899,143500.0,69500.0,-0.2850174216027874,0.47625899280575545,20701684.0,2123992778400.0,12826436400.0,31527092140.0,0.006038832396436928,yfinance_download,237690.KQ
2021-08-27,101700.0,102900.0,99800.0,101000.0,98395.9921875,185267.0,-0.015594541910331383,-0.2961672473867596,109670.0,107833.33333333333,106177.5,0.480338291668473,0.4532378316341453,-0.08181818181818179,-0.06912442396313367,0.43465909090909083,-0.07905534786176716,-0.06336939721792889,-0.04876268512632154,143500.0,69500.0,-0.2961672473867596,0.4532374100719425,20701684.0,2090870084000.0,18711967000.0,30543932990.0,0.008949368563446336,yfinance_download,237690.KQ
2021-08-30,102000.0,102100.0,99800.0,100700.0,98103.7421875,99715.0,-0.002970297029702973,-0.2982578397212543,109335.0,107693.33333333333,106426.66666666667,0.474599278403499,0.45306634749239266,-0.062383612662942234,-0.07699358386801103,0.42231638418079087,-0.07897745461197236,-0.06493747678593531,-0.05380856928088207,143500.0,69500.0,-0.2982578397212543,0.44892086330935244,20701684.0,2084659578800.0,10041300500.0,30420516525.0,0.004816757902400597,yfinance_download,237690.KQ
2021-08-31,100800.0,102300.0,98900.0,101700.0,99077.9609375,208390.0,0.009930486593842991,-0.2912891986062718,108960.0,107630.0,106653.33333333333,0.47147710671401494,0.44860910158049067,-0.06868131868131866,-0.0360189573459716,0.3651006711409397,-0.06662995594713661,-0.05509616277989404,-0.04644330541317665,143500.0,69500.0,-0.2912891986062718,0.46330935251798566,20701684.0,2105361262800.0,21193263000.0,30877308315.0,0.010066330835694333,yfinance_download,237690.KQ
2021-09-01,102000.0,103300.0,100400.0,101700.0,99077.9609375,107179.0,0.0,-0.2912891986062718,108595.0,107565.0,106856.66666666667,0.4715888668933837,0.44860280469862357,-0.06697247706422016,-0.03693181818181823,0.31565329883570503,-0.06349279432754729,-0.05452517082694186,-0.048257790810119494,143500.0,69500.0,-0.2912891986062718,0.46330935251798566,20701684.0,2105361262800.0,10900104300.0,30533309530.0,0.005177308280814257,yfinance_download,237690.KQ
2021-09-02,101800.0,109800.0,100300.0,107400.0,104630.9921875,382907.0,0.05604719764011801,-0.25156794425087103,108150.0,107688.33333333333,107100.0,0.45123171354473546,0.4494651810881477,-0.07652622527944974,0.07400000000000007,0.3734015345268542,-0.006934812760055475,-0.0026774797641341275,0.0028011204481792618,143500.0,69500.0,-0.25156794425087103,0.5453237410071943,20701684.0,2223360861600.0,41124211800.0,29226350905.0,0.01849641797256687,yfinance_download,237690.KQ
2021-09-03,108500.0,119000.0,107500.0,117300.0,114275.75,981439.0,0.0921787709497206,-0.18257839721254354,108045.0,107916.66666666667,107386.66666666667,0.5570168007313147,0.4814452567439753,-0.017587939698492483,0.13223938223938214,0.4149577804583835,0.08565875329723727,0.08694980694980692,0.09231437794884534,143500.0,69500.0,-0.18257839721254354,0.6877697841726618,20701684.0,2428307533200.0,115122794700.0,30437469940.0,0.047408655257224486,yfinance_download,237690.KQ
2021-09-06,118000.0,120800.0,114900.0,119000.0,115931.9296875,426284.0,0.01449275362318847,-0.1707317073170732,108120.0,108126.66666666667,107655.83333333333,0.5561758021526918,0.47940133120311085,0.012765957446808418,0.11842105263157898,0.37254901960784315,0.10062893081761004,0.10056107034958983,0.10537437977505482,143500.0,69500.0,-0.1707317073170732,0.7122302158273381,20701684.0,2463500396000.0,50727796000.0,30201617615.0,0.020591754757728887,yfinance_download,237690.KQ
2021-09-07,118300.0,120900.0,117800.0,119900.0,116808.7109375,222489.0,0.007563025210084007,-0.16445993031358885,108600.0,108348.33333333333,107935.0,0.5049116131186885,0.4795208324737603,0.08703535811423402,0.12476547842401509,0.3877314814814814,0.10405156537753224,0.10661600701441354,0.11085375457451252,143500.0,69500.0,-0.16445993031358885,0.7251798561151079,20701684.0,2482131911600.0,26676431100.0,29379520885.0,0.01074738654111424,yfinance_download,237690.KQ
2021-09-08,119300.0,119300.0,112200.0,112200.0,109307.234375,354970.0,-0.06422018348623848,-0.21811846689895475,108550.0,108501.66666666667,108157.5,0.5533587937934612,0.49319853472779407,-0.00883392226148405,0.08932038834951461,0.31228070175438605,0.03362505757715328,0.0340854979186187,0.037376048817696406,143500.0,69500.0,-0.21811846689895475,0.6143884892086331,20701684.0,2322728944800.0,39827634000.0,29613212225.0,0.017146914231711777,yfinance_download,237690.KQ
2021-09-09,111600.0,113700.0,109300.0,112200.0,109307.234375,153418.0,0.0,-0.21811846689895475,108515.0,108590.0,108421.66666666667,0.5532623276485279,0.4874772083291488,-0.00620017714791854,0.04957904583723116,0.3937888198757764,0.033958438925494105,0.03324431347269541,0.0348485081395169,143500.0,69500.0,-0.21811846689895475,0.6143884892086331,20701684.0,2322728944800.0,17213499600.0,29349245145.0,0.007410894688567365,yfinance_download,237690.KQ
2021-09-10,111800.0,113200.0,108500.0,109200.0,106384.5859375,158262.0,-0.0267379679144385,-0.23902439024390243,108330.0,108726.66666666667,108630.0,0.56150812153112,0.4767711230257834,-0.03277236492471214,0.08118811881188126,0.2969121140142519,0.008031016338964303,0.004353424489545565,0.0052471692902513745,143500.0,69500.0,-0.23902439024390243,0.5712230215827339,20701684.0,2260623892800.0,17282210400.0,29308072660.0,0.007644885314643968,yfinance_download,237690.KQ
2021-09-13,108700.0,108900.0,104200.0,105300.0,102585.140625,180803.0,-0.0357142857142857,-0.26620209059233446,108000.0,108801.66666666667,108784.16666666667,0.57438869658257,0.48287003667742506,-0.05898123324396787,0.044642857142857206,0.21313364055299533,-0.025000000000000022,-0.03218394326067309,-0.03202825166039791,143500.0,69500.0,-0.26620209059233446,0.5151079136690648,20701684.0,2179887325200.0,19038555900.0,28882807990.0,0.008733733931983505,yfinance_download,237690.KQ
2021-09-14,105300.0,105300.0,102300.0,104200.0,101513.4921875,121113.0,-0.010446343779677125,-0.27386759581881537,107495.0,108843.33333333333,108941.66666666667,0.5679318533058375,0.4831748674376888,-0.08836395450568679,0.024582104228122015,0.22157092614302454,-0.030652588492487975,-0.042660704988821796,-0.043524822152528175,143500.0,69500.0,-0.27386759581881537,0.4992805755395684,20701684.0,2157115472800.0,12619974600.0,26634069655.0,0.005850393620151868,yfinance_download,237690.KQ
2021-09-15,104200.0,105800.0,103200.0,103800.0,101123.8125,111291.0,-0.0038387715930902067,-0.27665505226480835,107080.0,108858.33333333333,109101.66666666667,0.5650769600291984,0.48272514266498084,-0.07404103479036572,0.008746355685131268,0.22695035460992918,-0.030631303698169576,-0.046467120875755885,-0.048593819220604684,143500.0,69500.0,-0.27665505226480835,0.4935251798561151,20701684.0,2148834799200.0,11552005800.0,26024306745.0,0.005375939464634858,yfinance_download,237690.KQ
2021-09-16,104700.0,104700.0,102600.0,104000.0,101318.6484375,86418.0,0.0019267822736031004,-0.2752613240418118,106895.0,108825.0,109270.83333333333,0.5489508804971901,0.47880102123922763,-0.03435468895078919,-0.018867924528301883,0.24253285543608127,-0.027082651199775487,-0.04433723868596373,-0.04823641563393699,143500.0,69500.0,-0.2752613240418118,0.49640287769784175,20701684.0,2152975136000.0,8987472000.0,25138749615.0,0.004174443006665545,yfinance_download,237690.KQ
2021-09-17,104000.0,105400.0,102700.0,104700.0,102000.6015625,98660.0,0.006730769230769207,-0.270383275261324,107045.0,108860.0,109442.5,0.5100605789586531,0.4742360600539646,0.029498525073746285,0.020467836257309857,0.24494649227110576,-0.021906674762950162,-0.03821422009920994,-0.043333257189848595,143500.0,69500.0,-0.270383275261324,0.5064748201438849,20701684.0,2167466314800.0,10329702000.0,24208577640.0,0.004765795864722889,yfinance_download,237690.KQ
2021-09-23,103300.0,104700.0,102100.0,102200.0,99565.0625,103780.0,-0.02387774594078318,-0.2878048780487805,106960.0,108835.0,109583.33333333333,0.5123295679179327,0.47643252110140477,-0.016361886429258954,-0.014464802314368419,0.1981242672919108,-0.04450261780104714,-0.06096384435154134,-0.06737642585551329,143500.0,69500.0,-0.2878048780487805,0.47050359712230216,20701684.0,2115712104800.0,10606316000.0,24027168050.0,0.005013118739518968,yfinance_download,237690.KQ
2021-09-24,102000.0,103500.0,101300.0,101800.0,99175.375,128057.0,-0.003913894324853229,-0.2905923344947735,106800.0,108713.33333333333,109719.16666666667,0.5108114435031919,0.46405092307807017,-0.030476190476190435,-0.06691109074243817,0.19064327485380117,-0.04681647940074907,-0.06359232231557,-0.07217669352817424,143500.0,69500.0,-0.2905923344947735,0.4647482014388489,20701684.0,2107431431200.0,13036202600.0,24066208680.0,0.006185825269094051,yfinance_download,237690.KQ
2021-09-27,100500.0,103400.0,100500.0,101600.0,98980.5234375,85800.0,-0.0019646365422396617,-0.29198606271777006,106625.0,108543.33333333333,109870.0,0.5107636694407276,0.4610047310868745,-0.033301617507136005,-0.09123434704830058,0.21676646706586822,-0.047127784290738606,-0.06396830758836713,-0.07527077455174291,143500.0,69500.0,-0.29198606271777006,0.46187050359712223,20701684.0,2103291094400.0,8717280000.0,23826757885.0,0.0041445903627936745,yfinance_download,237690.KQ
2021-09-28,101700.0,101800.0,98600.0,99200.0,96642.4140625,203014.0,-0.023622047244094446,-0.3087108013937282,106455.0,108320.0,110013.33333333333,0.5106673656640424,0.46293880617968675,-0.033138401559454245,-0.1190053285968028,0.20975609756097557,-0.06815086186651642,-0.08419497784342689,-0.09829111622833597,143500.0,69500.0,-0.3087108013937282,0.42733812949640293,20701684.0,2053607052800.0,20138988800.0,24192385505.0,0.00980664181715845,yfinance_download,237690.KQ
2021-09-29,96100.0,97500.0,92100.0,93300.0,90894.515625,281137.0,-0.05947580645161288,-0.3498257839721254,106070.0,107970.0,110125.83333333333,0.5493603989682183,0.47641707007969847,-0.0762376237623762,-0.18372703412073488,0.16917293233082709,-0.12039219383426036,-0.13587107529869413,-0.1527873417529947,143500.0,69500.0,-0.3498257839721254,0.3424460431654677,20701684.0,1931467117200.0,26230082100.0,24568291260.0,0.013580392783504956,yfinance_download,237690.KQ
2021-09-30,93100.0,95700.0,89200.0,94900.0,92453.2578125,190584.0,0.017148981779206762,-0.3386759581881533,105780.0,107556.66666666667,110245.83333333333,0.554187810239606,0.46677275443763694,-0.05759682224428997,-0.2071846282372598,0.17888198757763973,-0.10285498203819243,-0.11767440419003938,-0.13919649268679846,143500.0,69500.0,-0.3386759581881533,0.3654676258992806,20701684.0,1964589811600.0,18086421600.0,24970547315.0,0.009206207572292187,yfinance_download,237690.KQ
2021-10-01,94100.0,94200.0,90700.0,91500.0,89140.9296875,124953.0,-0.035827186512118026,-0.3623693379790941,105270.0,107085.0,110259.16666666667,0.564403758554459,0.47136402607204103,-0.10029498525073743,-0.23622704507512526,0.017797552836484876,-0.1308064975776575,-0.14553859083905307,-0.17013702564412636,143500.0,69500.0,-0.3623693379790941,0.3165467625899281,20701684.0,1894204086000.0,11433199500.0,24482544140.0,0.0060358857762489275,yfinance_download,237690.KQ
2021-10-05,87500.0,89300.0,85200.0,85300.0,83100.78125,203030.0,-0.06775956284153006,-0.4055749128919861,104450.0,106645.0,110187.5,0.606626138957657,0.4714487112250456,-0.16125860373647982,-0.23634735899731418,-0.09158679446219387,-0.18334131163236,-0.20015003047494018,-0.2258650028360749,143500.0,69500.0,-0.4055749128919861,0.22733812949640297,20701684.0,1765853645200.0,17318459000.0,24803461875.0,0.009807414701142188,yfinance_download,237690.KQ
2021-10-06,85300.0,88100.0,82100.0,85200.0,83003.3671875,165875.0,-0.0011723329425556983,-0.40627177700348427,103340.0,106221.66666666667,110012.5,0.5585130734510666,0.4713283235719082,-0.2067039106145251,-0.22965641952983729,-0.19774011299435024,-0.17553706212502418,-0.1979037547267507,-0.2255425519827292,143500.0,69500.0,-0.40627177700348427,0.22589928057553954,20701684.0,1763783476800.0,14132550000.0,23453878785.0,0.008012633175156185,yfinance_download,237690.KQ
2021-10-07,85300.0,88800.0,85300.0,88700.0,86413.1171875,101884.0,0.04107981220657275,-0.38188153310104533,101910.0,105896.66666666667,109879.16666666667,0.45285867072041547,0.4787079715801586,-0.2438192668371697,-0.18022181146025873,-0.15281757402101237,-0.1296241781964479,-0.16239101010418966,-0.1927496113154602,143500.0,69500.0,-0.38188153310104533,0.2762589928057555,20701684.0,1836239370800.0,9037110800.0,18149594590.0,0.004921531987446046,yfinance_download,237690.KQ
2021-10-08,88700.0,89400.0,82800.0,85600.0,83393.046875,172639.0,-0.03494926719278468,-0.4034843205574913,100240.0,105526.66666666667,109710.83333333333,0.4463107552262981,0.4832048726934734,-0.280672268907563,-0.20593692022263455,-0.1909262759924386,-0.14604948124501194,-0.188830627329585,-0.2197671150676399,143500.0,69500.0,-0.4034843205574913,0.23165467625899283,20701684.0,1772064150400.0,14777898400.0,16352099710.0,0.008339369879281319,yfinance_download,237690.KQ
2021-10-12,85000.0,85400.0,82500.0,83400.0,81249.7734375,71260.0,-0.025700934579439227,-0.418815331010453,98415.0,105163.33333333333,109478.33333333333,0.4386168766137803,0.48350568851562276,-0.30442035029190995,-0.2072243346007605,-0.2506738544474394,-0.1525682060661484,-0.20694792227962844,-0.23820542877586126,143500.0,69500.0,-0.418815331010453,0.19999999999999996,20701684.0,1726520445600.0,5943084000.0,15315432355.0,0.0034422320425719958,yfinance_download,237690.KQ
2021-10-13,82300.0,85500.0,82300.0,83400.0,81249.7734375,92728.0,0.0,-0.418815331010453,96975.0,104795.0,109079.16666666667,0.4061526156016581,0.4833833233380155,-0.25668449197860965,-0.20947867298578204,-0.36481340441736476,-0.139984532095901,-0.20416050384083206,-0.23541770121089423,143500.0,69500.0,-0.418815331010453,0.19999999999999996,20701684.0,1726520445600.0,7733515200.0,13710726415.0,0.004479249127752119,yfinance_download,237690.KQ
2021-10-14,83700.0,88400.0,83600.0,88300.0,86023.4296875,95743.0,0.058752997601918544,-0.3846689895470383,95780.0,104528.33333333333,108705.83333333333,0.48052616837435885,0.4995699053445263,-0.21301247771836007,-0.15340364333652923,-0.3365890308039068,-0.07809563583211532,-0.15525296171691882,-0.1877160839268055,143500.0,69500.0,-0.3846689895470383,0.2705035971223022,20701684.0,1827958697200.0,8454106900.0,13272756780.0,0.004624889453437701,yfinance_download,237690.KQ
2021-10-15,89100.0,90000.0,86500.0,87000.0,84756.9453125,72149.0,-0.014722536806342057,-0.39372822299651566,94670.0,104228.33333333333,108274.16666666667,0.4773442871357193,0.49985222544514313,-0.20329670329670335,-0.17142857142857137,-0.37319884726224783,-0.08101827400443651,-0.1652941458656475,-0.1964842336968653,143500.0,69500.0,-0.39372822299651566,0.2517985611510791,20701684.0,1801046508000.0,6276963000.0,12722494410.0,0.0034851754089184244,yfinance_download,237690.KQ
2021-10-18,87100.0,87100.0,82800.0,83600.0,81444.609375,128302.0,-0.039080459770114984,-0.41742160278745644,93585.0,103820.0,107876.66666666667,0.4798114031031396,0.5007679182917631,-0.20607787274453937,-0.2266419981498612,-0.3632901751713633,-0.10669444889672486,-0.19476016181853206,-0.22504094181627166,143500.0,69500.0,-0.41742160278745644,0.2028776978417266,20701684.0,1730660782400.0,10726047200.0,12306868975.0,0.006197660055095035,yfinance_download,237690.KQ
2021-10-19,84100.0,87300.0,83500.0,87000.0,84756.9453125,101855.0,0.04066985645933019,-0.39372822299651566,92725.0,103500.0,107509.16666666667,0.5137510025198626,0.5080907972058828,-0.1650671785028791,-0.1807909604519774,-0.33638443935926776,-0.06174170935562151,-0.1594202898550725,-0.19076667881033404,143500.0,69500.0,-0.39372822299651566,0.2517985611510791,20701684.0,1801046508000.0,8861385000.0,12118939495.0,0.004920131135225521,yfinance_download,237690.KQ
2021-10-20,86300.0,87200.0,85400.0,86400.0,84172.4140625,50671.0,-0.006896551724137945,-0.3979094076655052,91855.0,103153.33333333333,107065.0,0.5134992322001658,0.5075129363032631,-0.16763005780346818,-0.19402985074626866,-0.3815318539727989,-0.059387077459038706,-0.16241194338525167,-0.19301358987530937,143500.0,69500.0,-0.3979094076655052,0.2431654676258992,20701684.0,1788625497600.0,4377974400.0,11760237925.0,0.0024476752712484645,yfinance_download,237690.KQ
2021-10-21,86200.0,87600.0,84100.0,84100.0,81931.71875,63795.0,-0.02662037037037035,-0.4139372822299652,90860.0,102770.0,106570.0,0.5157068326328115,0.5097724080716509,-0.19134615384615383,-0.21475256769374418,-0.4139372822299652,-0.07440017609509131,-0.18166780188771037,-0.21084733039316883,143500.0,69500.0,-0.4139372822299652,0.2100719424460431,20701684.0,1741011624400.0,5365159500.0,11579122300.0,0.0030816333589093526,yfinance_download,237690.KQ
2021-10-22,84400.0,85800.0,83700.0,85000.0,82808.515625,41078.0,0.010701545778834642,-0.4076655052264808,89875.0,102448.33333333333,106247.5,0.5176106452030225,0.508377471621723,-0.18815663801337157,-0.18504314477468842,-0.3128536782538399,-0.05424200278164115,-0.17031349135336504,-0.1999811760276713,143500.0,69500.0,-0.4076655052264808,0.2230215827338129,20701684.0,1759643140000.0,3491630000.0,11237218700.0,0.001984283017748701,yfinance_download,237690.KQ
2021-10-25,84300.0,85600.0,83700.0,85000.0,82808.515625,46229.0,0.0,-0.4076655052264808,89015.0,102081.66666666667,105921.66666666667,0.5159718041768773,0.5048722920132194,-0.16829745596868884,-0.20560747663551404,-0.31506849315068497,-0.04510475762511934,-0.16733334421786483,-0.19752018000723814,143500.0,69500.0,-0.4076655052264808,0.2230215827338129,20701684.0,1759643140000.0,3929465000.0,10903376150.0,0.002233103355263272,yfinance_download,237690.KQ
2021-10-26,85200.0,87500.0,85200.0,86500.0,84269.84375,49385.0,0.01764705882352935,-0.3972125435540069,88250.0,101793.33333333333,105710.83333333333,0.5242166867616396,0.5035861612493199,-0.150294695481336,-0.16666666666666663,-0.22629695885509837,-0.019830028328611915,-0.15023904643395114,-0.1817300339763348,143500.0,69500.0,-0.3972125435540069,0.24460431654676262,20701684.0,1790695666000.0,4271802500.0,10465156145.0,0.002385554721055543,yfinance_download,237690.KQ
2021-10-27,86600.0,86700.0,83700.0,85000.0,82808.515625,80554.0,-0.017341040462427793,-0.4076655052264808,87420.0,101458.33333333333,105468.33333333333,0.5248694175936004,0.5034896463565601,-0.1633858267716536,-0.19124643196955282,-0.2550394390885189,-0.027682452528025592,-0.1622176591375769,-0.19407089015660306,143500.0,69500.0,-0.4076655052264808,0.2230215827338129,20701684.0,1759643140000.0,6847090000.0,10371646645.0,0.00389118102662566,yfinance_download,237690.KQ
2021-10-28,85000.0,89400.0,84200.0,87200.0,84951.796875,170799.0,0.025882352941176467,-0.3923344947735191,86820.0,101131.66666666667,105236.66666666667,0.5350913759057201,0.5054610111144325,-0.12096774193548387,-0.18352059925093633,-0.24173913043478257,0.004376871688551054,-0.13775770859770275,-0.1713914668524913,143500.0,69500.0,-0.3923344947735191,0.25467625899280577,20701684.0,1805186844800.0,14893672800.0,10109380845.0,0.008250488221151478,yfinance_download,237690.KQ
2021-10-29,87200.0,89800.0,86700.0,87500.0,85244.0546875,121456.0,0.0034403669724769603,-0.3902439024390244,86530.0,100756.66666666667,105028.33333333333,0.49674601290902787,0.5010041105382601,-0.062165058949624874,-0.20454545454545459,-0.2222222222222222,0.011209984976308762,-0.13157111191980686,-0.16689147372931112,143500.0,69500.0,-0.3902439024390244,0.2589928057553956,20701684.0,1811397350000.0,10627400000.0,9329246740.0,0.005866962320553246,yfinance_download,237690.KQ
2021-11-01,87600.0,94400.0,87600.0,92200.0,89822.875,173239.0,0.0537142857142856,-0.3574912891986063,86395.0,100503.33333333333,104871.66666666667,0.5318756330852827,0.5125515616767383,-0.028451001053740765,-0.14152700186219735,-0.16936936936936942,0.06719138839053196,-0.08261749195714896,-0.12083022106384,143500.0,69500.0,-0.3574912891986063,0.32661870503597124,20701684.0,1908695264800.0,15972635800.0,9223557450.0,0.008368353028671484,yfinance_download,237690.KQ
2021-11-02,92300.0,93000.0,90200.0,91000.0,88653.8125,87475.0,-0.013015184381778733,-0.36585365853658536,86370.0,100200.0,104699.16666666667,0.5179951680734921,0.5115208672382204,-0.005464480874316946,-0.16666666666666663,-0.18531781557743954,0.05360657635753152,-0.09181636726546905,-0.1308431299198498,143500.0,69500.0,-0.36585365853658536,0.3093525179856116,20701684.0,1883853244000.0,7960225000.0,9049908725.0,0.00422550165484122,yfinance_download,237690.KQ
2021-11-03,91600.0,95700.0,91600.0,94100.0,91673.8984375,128259.0,0.03406593406593417,-0.3442508710801394,86810.0,99951.66666666667,104420.0,0.4640189765359784,0.5169900296696954,0.10316529894490034,-0.136697247706422,-0.262539184952978,0.08397650040317939,-0.05854496339897619,-0.0988316414479985,143500.0,69500.0,-0.3442508710801394,0.35395683453237403,20701684.0,1948028464400.0,12069171900.0,8787444370.0,0.006195582929388739,yfinance_download,237690.KQ
2021-11-04,95200.0,97700.0,92400.0,93200.0,90797.1015625,139302.0,-0.009564293304994642,-0.35052264808362366,87210.0,99566.66666666667,104162.5,0.46652634176277186,0.49682458149682757,0.0938967136150235,-0.19862424763542563,-0.24899274778404512,0.0686847838550626,-0.06394375627720128,-0.10524420976839077,143500.0,69500.0,-0.35052264808362366,0.34100719424460424,20701684.0,1929396948800.0,12982946400.0,8729964190.0,0.006729017793914736,yfinance_download,237690.KQ
2021-11-05,93200.0,93200.0,88000.0,89600.0,87289.9140625,165185.0,-0.03862660944206009,-0.375609756097561,87255.0,99070.0,103920.83333333333,0.4703266550056035,0.498079414358758,0.01014656144306647,-0.24958123953098832,-0.24451939291736935,0.026875250701965614,-0.0955889774906632,-0.137805220319955,143500.0,69500.0,-0.375609756097561,0.28920863309352507,20701684.0,1854870886400.0,14800576000.0,9018137450.0,0.007979302553357494,yfinance_download,237690.KQ
2021-11-08,87000.0,88100.0,84700.0,88000.0,85731.171875,116614.0,-0.017857142857142905,-0.38675958188153314,87375.0,98578.33333333333,103704.16666666667,0.45675628154048703,0.4982890737330356,0.028037383177569986,-0.25106382978723407,-0.22807017543859653,0.007153075822603716,-0.10730890831318574,-0.15143235967696578,143500.0,69500.0,-0.38675958188153314,0.26618705035971213,20701684.0,1821748192000.0,10262032000.0,8792344130.0,0.0056330683049746096,yfinance_download,237690.KQ
2021-11-09,87700.0,89300.0,85900.0,86500.0,84269.84375,66480.0,-0.017045454545454586,-0.3972125435540069,87530.0,98181.66666666667,103450.83333333333,0.4508463395970679,0.48475739300607557,0.037170263788968816,-0.21577515865820485,-0.26005132591958935,-0.011767394036330425,-0.11898012188290419,-0.16385400472043876,143500.0,69500.0,-0.3972125435540069,0.24460431654676262,20701684.0,1790695666000.0,5750520000.0,8782715930.0,0.0032113329524303433,yfinance_download,237690.KQ
2021-11-10,86500.0,88600.0,84800.0,85600.0,83393.046875,74205.0,-0.010404624277456698,-0.4034843205574913,87640.0,97721.66666666667,103230.0,0.45302879344711133,0.48091530274735844,0.026378896882494063,-0.2438162544169611,-0.23639607493309545,-0.02327704244637152,-0.12404277454675694,-0.17078368691271917,143500.0,69500.0,-0.4034843205574913,0.23165467625899283,20701684.0,1772064150400.0,6351948000.0,8713637570.0,0.0035844910008287247,yfinance_download,237690.KQ
2021-11-11,85100.0,86600.0,84000.0,85000.0,82808.515625,74680.0,-0.007009345794392496,-0.4076655052264808,87475.0,97256.66666666667,102925.83333333333,0.4002185150708744,0.48093836071928797,-0.03737259343148358,-0.2471213463241807,-0.3004115226337448,-0.028293798228065214,-0.12602392295301101,-0.17416262519127845,143500.0,69500.0,-0.4076655052264808,0.2230215827338129,20701684.0,1759643140000.0,6347800000.0,8608322225.0,0.0036074359940959392,yfinance_download,237690.KQ
2021-11-12,85000.0,86900.0,84200.0,86500.0,84269.84375,53878.0,0.01764705882352935,-0.3972125435540069,87450.0,96816.66666666667,102681.66666666667,0.40263144261668554,0.4829631798926469,-0.005747126436781658,-0.23383525243578385,-0.25302245250431776,-0.010863350485991963,-0.10655878808745056,-0.15759061176126865,143500.0,69500.0,-0.3972125435540069,0.24460431654676262,20701684.0,1790695666000.0,4660447000.0,8527496425.0,0.0026025902047388996,yfinance_download,237690.KQ
2021-11-15,86500.0,89000.0,86000.0,88700.0,86413.1171875,68033.0,0.025433526011560792,-0.38188153310104533,87705.0,96430.0,102459.16666666667,0.3842506392314479,0.4865822643907775,0.06100478468899517,-0.20732797140303838,-0.23136915077989606,0.011344849210421337,-0.08016177538110547,-0.13428926970907118,143500.0,69500.0,-0.38188153310104533,0.2762589928057555,20701684.0,1836239370800.0,6034527100.0,8292920420.0,0.0032863510041018884,yfinance_download,237690.KQ
2021-11-16,88600.0,88600.0,86800.0,87000.0,84756.9453125,59443.0,-0.01916572717023679,-0.39372822299651566,87705.0,95975.0,102334.16666666667,0.3651748433063575,0.48483787198021405,0.0,-0.23884514435695536,-0.1470588235294118,-0.008038310244569913,-0.0935139359208127,-0.14984405664448985,143500.0,69500.0,-0.39372822299651566,0.2517985611510791,20701684.0,1801046508000.0,5171541000.0,8108428220.0,0.002871408915332685,yfinance_download,237690.KQ
2021-11-17,87200.0,87200.0,84100.0,86000.0,83782.734375,81477.0,-0.011494252873563204,-0.4006968641114983,87685.0,95540.0,102115.83333333333,0.3667294957463845,0.48406175157559717,-0.00462962962962965,-0.23282783229259585,-0.23351158645276293,-0.01921651365683985,-0.09985346451747956,-0.1578191432931556,143500.0,69500.0,-0.4006968641114983,0.23741007194244612,20701684.0,1780344824000.0,7007022000.0,8239880600.0,0.003935766771437531,yfinance_download,237690.KQ
2021-11-18,86000.0,86100.0,83700.0,84700.0,82516.25,91502.0,-0.015116279069767424,-0.40975609756097564,87715.0,95156.66666666667,101892.5,0.35781089202238053,0.47904583219833713,0.007134363852556502,-0.21355617455896003,-0.2403587443946188,-0.03437268426152884,-0.10988895505657337,-0.168731751600952,143500.0,69500.0,-0.40975609756097564,0.21870503597122304,20701684.0,1753432634800.0,7750219400.0,8359133595.0,0.004420026892498214,yfinance_download,237690.KQ
2021-11-19,85200.0,91600.0,84200.0,90900.0,88556.3984375,153866.0,0.0731995277449824,-0.36655052264808363,88010.0,94976.66666666667,101687.5,0.44045420053967316,0.49177337050002506,0.06941176470588228,-0.10619469026548678,-0.21298701298701295,0.03283717759345528,-0.04292282314954554,-0.10608481868469577,143500.0,69500.0,-0.36655052264808363,0.30791366906474815,20701684.0,1881783075600.0,13986419400.0,8883873065.0,0.007432535440112022,yfinance_download,237690.KQ
2021-11-22,90500.0,94200.0,90000.0,93900.0,91479.0625,112832.0,0.03300330033003296,-0.34564459930313585,88455.0,94810.0,101536.66666666667,0.45218113862482007,0.49459229696285933,0.1047058823529412,-0.09624639076034647,-0.16160714285714284,0.061556723757842935,-0.009598143655732527,-0.07521092544565189,143500.0,69500.0,-0.34564459930313585,0.3510791366906474,20701684.0,1943888127600.0,10594924800.0,9217146055.0,0.0054503778533186,yfinance_download,237690.KQ
2021-11-23,92000.0,93100.0,88000.0,90100.0,87777.0234375,99789.0,-0.04046858359957406,-0.3721254355400697,88635.0,94561.66666666667,101338.33333333333,0.47759462988601253,0.5004232870128648,0.04161849710982657,-0.14190476190476187,-0.20895522388059706,0.01652845941219616,-0.04718261451962569,-0.11089913326645062,143500.0,69500.0,-0.3721254355400697,0.2964028776978418,20701684.0,1865221728400.0,8990988900.0,9453105375.0,0.004820332490825384,yfinance_download,237690.KQ
2021-11-24,90400.0,99100.0,89000.0,99100.0,96544.9921875,429312.0,0.09988901220865709,-0.30940766550522647,89340.0,94461.66666666667,101255.0,0.5828121125203004,0.5422947720239514,0.16588235294117637,-0.057088487155090406,-0.09165902841429885,0.10924557868815765,0.049102810663937735,-0.021282899609895822,143500.0,69500.0,-0.30940766550522647,0.4258992805755395,20701684.0,2051536884400.0,42544819200.0,11237991835.0,0.020738023051651257,yfinance_download,237690.KQ
2021-11-25,101300.0,118600.0,101300.0,115700.0,112717.0078125,1201265.0,0.16750756811301715,-0.1937282229965157,90765.0,94680.0,101319.16666666667,0.8113907193285267,0.639986878907275,0.326834862385321,0.12768031189083828,0.07129629629629619,0.2747204318845371,0.22201098436839883,0.14193596144197795,143500.0,69500.0,-0.1937282229965157,0.6647482014388488,20701684.0,2395184838800.0,138986360500.0,17442626220.0,0.05802740492029537,yfinance_download,237690.KQ
2021-11-26,114600.0,117900.0,112100.0,114900.0,111937.625,369011.0,-0.00691443388072599,-0.1993031358885018,92135.0,94911.66666666667,101372.5,0.8142436563494304,0.6391694993234811,0.31314285714285717,0.13762376237623752,0.05898617511520743,0.24708308460411343,0.2105993292008359,0.1334434881254778,143500.0,69500.0,-0.1993031358885018,0.6532374100719425,20701684.0,2378623491600.0,42399363900.0,19031224415.0,0.017825168232690636,yfinance_download,237690.KQ
2021-11-29,116000.0,118300.0,114000.0,115500.0,112522.15625,301385.0,0.005221932114882533,-0.19512195121951215,93300.0,95158.33333333333,101425.83333333333,0.8016730941473553,0.6390676077115929,0.25271149674620386,0.14697120158887778,0.05866177818515128,0.23794212218649524,0.2137665294684299,0.13876313562455334,143500.0,69500.0,-0.19512195121951215,0.6618705035971224,20701684.0,2391044502000.0,34809967500.0,19973091000.0,0.014558477464925076,yfinance_download,237690.KQ
2021-11-30,117800.0,127000.0,114500.0,125400.0,122166.9140625,780819.0,0.08571428571428563,-0.12613240418118465,95020.0,95553.33333333333,101591.66666666667,0.8359242790383886,0.6610443777405087,0.378021978021978,0.23303834808259594,0.18862559241706167,0.31972216375499896,0.3123561013046816,0.2343532113854483,143500.0,69500.0,-0.12613240418118465,0.8043165467625899,20701684.0,2595991173600.0,97914702600.0,24470814880.0,0.037717656206132794,yfinance_download,237690.KQ
2021-12-01,125500.0,128900.0,121300.0,126600.0,123335.9765625,402066.0,0.009569377990430672,-0.11777003484320558,96645.0,95968.33333333333,101766.66666666667,0.8339672320458795,0.6610682868998051,0.34537725823591914,0.2448377581120944,0.19886363636363646,0.3099487816234674,0.3191851478786405,0.24402227317392722,143500.0,69500.0,-0.11777003484320558,0.8215827338129496,20701684.0,2620833194400.0,50901555600.0,26412434065.0,0.01942189823784384,yfinance_download,237690.KQ
2021-12-02,126600.0,140000.0,117000.0,122000.0,118854.578125,1152012.0,-0.0363349131121643,-0.14982578397212543,98085.0,96211.66666666667,101950.0,0.8501824186727264,0.6573882468858668,0.3090128755364807,0.13594040968342647,0.21999999999999997,0.24381913646327158,0.26803748679127604,0.1966650318783718,143500.0,69500.0,-0.14982578397212543,0.7553956834532374,20701684.0,2525605448000.0,140545464000.0,32790559945.0,0.055648226492105664,yfinance_download,237690.KQ
2021-12-03,125300.0,129700.0,117800.0,128000.0,124699.8828125,458998.0,0.049180327868852514,-0.10801393728222997,100005.0,96390.0,102153.33333333333,0.833923721723458,0.6380796526422728,0.4285714285714286,0.0912190963341859,0.2355212355212355,0.2799360031998399,0.32793858284054367,0.2530183384454743,143500.0,69500.0,-0.10801393728222997,0.8417266187050361,20701684.0,2649815552000.0,58751744000.0,34988118345.0,0.02217201267297868,yfinance_download,237690.KQ
2021-12-06,127300.0,131900.0,125400.0,131700.0,128304.4765625,254567.0,0.02890624999999991,-0.08222996515679437,102190.0,96601.66666666667,102364.16666666667,0.822788117268759,0.6399446110005401,0.4965909090909091,0.10672268907563032,0.23778195488721798,0.28877580976612194,0.36333051534652605,0.28658303279956354,143500.0,69500.0,-0.08222996515679437,0.8949640287769784,20701684.0,2726411782800.0,33526473900.0,36151340440.0,0.012296922318010458,yfinance_download,237690.KQ
2021-12-07,130000.0,130400.0,121200.0,124500.0,121290.109375,376531.0,-0.0546697038724373,-0.132404181184669,104090.0,96678.33333333333,102513.33333333333,0.8563597776556897,0.6504485784424573,0.4393063583815029,0.038365304420350244,0.16791744840525324,0.19608031511192237,0.28777561328805157,0.21447616570202266,143500.0,69500.0,-0.132404181184669,0.7913669064748201,20701684.0,2577359658000.0,46878109500.0,38207719915.0,0.018188423705047377,yfinance_download,237690.KQ
2021-12-08,123000.0,128800.0,122800.0,128000.0,124699.8828125,211665.0,0.028112449799196693,-0.10801393728222997,106210.0,96941.66666666667,102721.66666666667,0.8492951348495007,0.6380542113818964,0.49532710280373826,0.14081996434937616,0.24271844660194164,0.2051595894925149,0.3203816728273017,0.24608570084208137,143500.0,69500.0,-0.10801393728222997,0.8417266187050361,20701684.0,2649815552000.0,27093120000.0,39244778515.0,0.010224530526115654,yfinance_download,237690.KQ
2021-12-09,128000.0,137700.0,126900.0,130600.0,127232.8359375,415149.0,0.020312499999999956,-0.08989547038327528,108490.0,97248.33333333333,102919.16666666667,0.8425946189028205,0.6390085341632323,0.536470588235294,0.16399286987522288,0.2217025257249765,0.20379758503087841,0.3429536067456169,0.26895702938390165,143500.0,69500.0,-0.08989547038327528,0.879136690647482,20701684.0,2703639930400.0,54218459400.0,41638311485.0,0.020053875810296398,yfinance_download,237690.KQ
2021-12-10,130600.0,133000.0,128500.0,128700.0,125381.8203125,131778.0,-0.014548238897396648,-0.10313588850174216,110600.0,97573.33333333333,103150.0,0.852981630218263,0.6370462797653709,0.48786127167630067,0.1785714285714286,0.2742574257425743,0.1636528028933093,0.3190079256627494,0.24769752787203103,143500.0,69500.0,-0.10313588850174216,0.8517985611510792,20701684.0,2664306730800.0,16959828600.0,42253280565.0,0.00636556910056206,yfinance_download,237690.KQ
2021-12-13,129600.0,133200.0,126500.0,126500.0,123238.5546875,134247.0,-0.017094017094017144,-0.11846689895470386,112490.0,97926.66666666667,103364.16666666667,0.8635845984126921,0.6332818450108366,0.42615558060879377,0.20132953466286807,0.25496031746031744,0.1245444039470176,0.2917829668459391,0.22382837379169107,143500.0,69500.0,-0.11846689895470386,0.8201438848920863,20701684.0,2618763026000.0,16982245500.0,42800666485.0,0.006484834760302592,yfinance_download,237690.KQ
2021-12-14,127800.0,130800.0,126500.0,128900.0,125576.671875,135279.0,0.018972332015810167,-0.10174216027874561,114585.0,98338.33333333333,103590.83333333333,0.8516167310362517,0.6333220252371661,0.48160919540229874,0.23704414587332057,0.2674532940019665,0.12492909194048085,0.31078080775553785,0.24431859318311622,143500.0,69500.0,-0.10174216027874561,0.8546762589928059,20701684.0,2668447067600.0,17437463100.0,43413962590.0,0.0065346857772536765,yfinance_download,237690.KQ
2021-12-15,127900.0,135400.0,127800.0,131900.0,128499.328125,252438.0,0.023273855702094615,-0.08083623693379793,116880.0,98806.66666666667,103832.5,0.8428391151156078,0.6342695715622761,0.5337209302325581,0.27071290944123305,0.28182701652089404,0.12850787132101305,0.3349301666554212,0.2703151710687888,143500.0,69500.0,-0.08083623693379793,0.8978417266187051,20701684.0,2730552119600.0,33296572200.0,44728440100.0,0.012194080442924353,yfinance_download,237690.KQ
2021-12-16,133400.0,138700.0,129900.0,135700.0,132201.34375,286754.0,0.028809704321455687,-0.054355400696864065,119430.0,99335.0,104080.0,0.8309088563466595,0.6361471002727881,0.6021251475796929,0.30480769230769234,0.280188679245283,0.1362304278656954,0.3660844616701062,0.30380476556495006,143500.0,69500.0,-0.054355400696864065,0.9525179856115107,20701684.0,2809218518800.0,38912517800.0,46286555020.0,0.013851723367045888,yfinance_download,237690.KQ
2021-12-17,134200.0,138300.0,131000.0,134500.0,131032.2890625,248016.0,-0.008843036109064117,-0.06271777003484325,121610.0,99831.66666666667,104345.83333333333,0.8188422509708656,0.6367879602351316,0.47964796479647975,0.28462273161413565,0.3109161793372319,0.10599457281473557,0.3472679009666271,0.2889829493271574,143500.0,69500.0,-0.06271777003484325,0.935251798561151,20701684.0,2784376498000.0,33358152000.0,47255141650.0,0.011980474631918833,yfinance_download,237690.KQ
2021-12-20,136000.0,143200.0,134800.0,141000.0,137364.703125,421891.0,0.048327137546468446,-0.017421602787456414,123965.0,100478.33333333333,104656.66666666667,0.8236192415212029,0.6400134997308201,0.5015974440894568,0.3796477495107633,0.3596914175506267,0.13741781954583954,0.4032876076102643,0.347262477306749,143500.0,69500.0,-0.017421602787456414,1.028776978417266,20701684.0,2918937444000.0,59486631000.0,49699726960.0,0.020379549798943894,yfinance_download,237690.KQ
2021-12-21,141500.0,142100.0,131100.0,137000.0,133467.84375,292767.0,-0.028368794326241176,-0.04529616724738672,126310.0,101065.0,104889.16666666667,0.8125421384519155,0.6436080413918818,0.5205327413984462,0.34577603143418467,0.25572868927589365,0.08463304568126029,0.3555632513728788,0.3061406087377947,143500.0,69500.0,-0.04529616724738672,0.9712230215827338,20701684.0,2836130708000.0,40109079000.0,51255631465.0,0.01414218282918433,yfinance_download,237690.KQ
2021-12-22,137000.0,138200.0,130900.0,136100.0,132591.046875,240044.0,-0.006569343065693456,-0.05156794425087108,128160.0,101640.0,105091.66666666667,0.7642398377474239,0.6439126491974481,0.3733602421796165,0.33956692913385833,0.21735241502683356,0.06195380774032455,0.3390397481306573,0.2950598683688843,143500.0,69500.0,-0.05156794425087108,0.958273381294964,20701684.0,2817499192400.0,32669988400.0,50761889925.0,0.0115953851870215,yfinance_download,237690.KQ
2021-12-23,139000.0,140400.0,135100.0,139200.0,135611.125,230224.0,0.022777369581190365,-0.02996515679442513,129335.0,102306.66666666667,105313.33333333333,0.5198832729095775,0.6419169906444315,0.20311149524632666,0.403225806451613,0.236234458259325,0.07627479027332118,0.36061514401146866,0.3217699563208205,143500.0,69500.0,-0.02996515679442513,1.0028776978417264,20701684.0,2881674412800.0,32047180800.0,45414930940.0,0.011121027642002457,yfinance_download,237690.KQ
2021-12-24,139900.0,147900.0,136700.0,137900.0,134344.625,530286.0,-0.009339080459770166,-0.039024390243902474,130485.0,103050.0,105510.0,0.520986739280786,0.6280005967494614,0.20017406440382945,0.47802786709539125,0.20647419072615913,0.05682645514810125,0.3381853469189713,0.3069851198938489,143500.0,69500.0,-0.039024390243902474,0.9841726618705036,20701684.0,2854762223600.0,73126439400.0,46951284715.0,0.02561559726252222,yfinance_download,237690.KQ
2021-12-27,137500.0,140300.0,136300.0,137900.0,134344.625,183023.0,0.0,-0.039024390243902474,131605.0,103766.66666666667,105661.66666666667,0.5219070595212346,0.6278322268703982,0.19393939393939386,0.45310853530031614,0.1520467836257311,0.04783252915922653,0.32894314166398964,0.3051090745618876,143500.0,69500.0,-0.039024390243902474,0.9841726618705036,20701684.0,2854762223600.0,25238871700.0,46472729925.0,0.008840971584727117,yfinance_download,237690.KQ
2021-12-28,137900.0,144500.0,135900.0,144500.0,140774.46875,481813.0,0.047860768672951304,0.0,132560.0,104650.0,105867.5,0.46240952613313696,0.6268813917195382,0.15231259968102084,0.5792349726775956,0.20617696160267118,0.09007242003620997,0.3807931199235548,0.3649136892814131,144500.0,69500.0,0.0,1.079136690647482,20701684.0,2991393338000.0,69621978500.0,45058093720.0,0.023274096928539725,yfinance_download,237690.KQ
2021-12-29,147800.0,150800.0,140800.0,142700.0,139503.609375,382147.0,-0.01245674740484426,-0.01245674740484426,133365.0,105606.66666666667,106125.83333333333,0.4676923859139999,0.6081566413489106,0.1271721958925751,0.6729191090269637,0.2775290957923009,0.06999587597945478,0.3512404519916672,0.3446301952870414,144500.0,69500.0,-0.01245674740484426,1.0532374100719424,20701684.0,2954130306800.0,54532376900.0,45239634785.0,0.018459705983339326,yfinance_download,237690.KQ
2021-12-30,142000.0,142600.0,138500.0,139200.0,136082.0,158839.0,-0.02452697967764539,-0.03667820069204153,134225.0,106506.66666666667,106364.16666666667,0.45508531537799285,0.6117479558049629,0.14098360655737707,0.6338028169014085,0.25858951175406863,0.03706463028496931,0.3069604406609914,0.3087114238034425,144500.0,69500.0,-0.03667820069204153,1.0028776978417264,20701684.0,2881674412800.0,22110388800.0,39317881025.0,0.007672757443307511,yfinance_download,237690.KQ
2022-01-04,137200.0,137800.0,129200.0,130200.0,127283.5859375,337448.0,-0.06465517241379315,-0.09896193771626294,134335.0,107198.33333333333,106547.5,0.49297909049368216,0.6262103226996528,0.01718749999999991,0.46786922209695603,0.2033271719038816,-0.030781255815684694,0.21457112206346496,0.22199019216781246,144500.0,69500.0,-0.09896193771626294,0.8733812949640287,20701684.0,2695359256800.0,43935729600.0,38577080305.0,0.016300509659020978,yfinance_download,237690.KQ
2022-01-05,130200.0,131800.0,125500.0,130800.0,127870.15625,220249.0,0.004608294930875667,-0.09480968858131489,134290.0,107951.66666666667,106739.16666666667,0.4823724377775565,0.6200680998870227,-0.006833712984054663,0.52803738317757,0.2133580705009277,-0.025988532280884602,0.21165336338793583,0.22541709931530907,144500.0,69500.0,-0.09480968858131489,0.8820143884892087,20701684.0,2707780267200.0,28808569200.0,38341185070.0,0.010639182783390955,yfinance_download,237690.KQ
2022-01-06,125700.0,129200.0,122900.0,123600.0,120831.4296875,221972.0,-0.05504587155963303,-0.14463667820069204,134245.0,108621.66666666667,106892.5,0.4829404251101731,0.6296841851179633,-0.0072289156626506035,0.4820143884892085,0.1749049429657794,-0.0792953182613878,0.1378945268746259,0.15630189208784517,144500.0,69500.0,-0.14463667820069204,0.7784172661870503,20701684.0,2558728142400.0,27435739200.0,37369066555.0,0.010722412727389713,yfinance_download,237690.KQ
2022-01-07,125000.0,130300.0,124700.0,126500.0,123666.46875,130224.0,0.023462783171521062,-0.12456747404844293,134170.0,109340.0,107067.5,0.47963154775721556,0.6303542350345307,-0.01171875,0.5167865707434052,0.19905213270142186,-0.05716628158306625,0.1569416498993963,0.1814976533495225,144500.0,69500.0,-0.12456747404844293,0.8201438848920863,20701684.0,2618763026000.0,16473336000.0,36838077355.0,0.006290502743641532,yfinance_download,237690.KQ
2022-01-10,126100.0,128700.0,122800.0,124300.0,121515.75,129107.0,-0.017391304347826098,-0.13979238754325263,133855.0,109940.0,107234.16666666667,0.476959889773313,0.6232974533935483,-0.0482388973966309,0.4077010192525481,0.19175455417066156,-0.07138321317843932,0.1306167000181917,0.15914548379325621,144500.0,69500.0,-0.13979238754325263,0.7884892086330935,20701684.0,2573219321200.0,16048000100.0,34929554390.0,0.006236545780526841,yfinance_download,237690.KQ
2022-01-11,126000.0,127000.0,123400.0,124300.0,121515.75,85282.0,0.0,-0.13979238754325263,133635.0,110561.66666666667,107395.0,0.47468877976257984,0.6218905715294045,-0.03418803418803418,0.428735632183908,0.18380952380952387,-0.06985445429715265,0.12425946304475621,0.15740956282880947,144500.0,69500.0,-0.13979238754325263,0.7884892086330935,20701684.0,2573219321200.0,10600552600.0,34611590590.0,0.004119568243820164,yfinance_download,237690.KQ
2022-01-12,125600.0,132300.0,125500.0,131600.0,128652.234375,157789.0,0.05872888173773139,-0.08927335640138412,133890.0,111361.66666666667,107590.83333333333,0.5157728472877232,0.6234460013981933,0.04031620553359683,0.5741626794258374,0.21739130434782616,-0.017103592501306997,0.18173518715297,0.22315253003276303,144500.0,69500.0,-0.08927335640138412,0.893525179856115,20701684.0,2724341614400.0,20765032400.0,34800729935.0,0.007622036931874721,yfinance_download,237690.KQ
2022-01-13,131700.0,131900.0,124800.0,127800.0,124937.3515625,148862.0,-0.028875379939209744,-0.11557093425605536,133835.0,112041.66666666667,107770.83333333333,0.5233901342960676,0.6243240328988794,-0.00853374709076804,0.46896551724137936,0.20338983050847448,-0.04509283819628651,0.14064708069914467,0.18584960371157933,144500.0,69500.0,-0.11557093425605536,0.8388489208633094,20701684.0,2645675215200.0,19024563600.0,34880084960.0,0.007190815974198041,yfinance_download,237690.KQ
2022-01-14,126200.0,129300.0,125000.0,127300.0,124448.546875,99181.0,-0.00391236306729259,-0.11903114186851216,133605.0,112723.33333333333,107938.33333333333,0.5162653425503246,0.6240669219042562,-0.03487490523123582,0.47337962962962954,0.1875,-0.047191347629205516,0.12931365881065737,0.17937711347528684,144500.0,69500.0,-0.11903114186851216,0.8316546762589927,20701684.0,2635324373200.0,12625741300.0,33846543415.0,0.00479096289944335,yfinance_download,237690.KQ
2022-01-17,126900.0,127100.0,123200.0,125200.0,122395.5859375,75872.0,-0.01649646504320501,-0.1335640138408305,133080.0,113408.33333333333,108089.16666666667,0.5062042774842825,0.6220644129853269,-0.07737656595431097,0.48870392390011896,0.16900093370681613,-0.0592125037571386,0.1039753104563157,0.15830294432837078,144500.0,69500.0,-0.1335640138408305,0.8014388489208633,20701684.0,2591850836800.0,9499174400.0,32375876245.0,0.0036650158508844013,yfinance_download,237690.KQ
2022-01-18,125600.0,126600.0,120500.0,121800.0,119071.7421875,106993.0,-0.027156549520766737,-0.1570934256055363,132445.0,114021.66666666667,108235.0,0.5128809199905824,0.6260268731834177,-0.09442379182156135,0.43294117647058816,0.16778523489932895,-0.08037298501264678,0.06821802873722826,0.12532914491615466,144500.0,69500.0,-0.1570934256055363,0.7525179856115107,20701684.0,2521465111200.0,13031747400.0,31359556015.0,0.005168323504503305,yfinance_download,237690.KQ
2022-01-19,118900.0,121600.0,115000.0,120500.0,117800.8671875,98964.0,-0.010673234811165888,-0.16608996539792387,131420.0,114613.33333333333,108347.5,0.47360977348075733,0.6268998900018141,-0.14539007092198586,0.4176470588235295,0.12616822429906538,-0.08309237558971239,0.0513610981852024,0.11216225570502325,144500.0,69500.0,-0.16608996539792387,0.7338129496402879,20701684.0,2494552922000.0,11925162000.0,28981482565.0,0.004780480660413906,yfinance_download,237690.KQ
2022-01-20,121000.0,126500.0,120000.0,125600.0,122786.625,93910.0,0.04232365145228223,-0.13079584775086506,130850.0,115265.0,108529.16666666667,0.4979513773787468,0.6307897378219715,-0.08321167883211678,0.4520231213872832,0.21001926782273594,-0.04012227741688956,0.08966295059211382,0.15729258647828925,144500.0,69500.0,-0.13079584775086506,0.8071942446043165,20701684.0,2600131510400.0,11795096000.0,27565783415.0,0.004536345932050745,yfinance_download,237690.KQ
2022-01-21,122900.0,123500.0,118700.0,119900.0,117214.3046875,106547.0,-0.04538216560509556,-0.17024221453287203,130040.0,115846.66666666667,108652.5,0.5193448304683514,0.6379848256213112,-0.11903012490815579,0.4105882352941177,0.14081826831588962,-0.07797600738234389,0.03498877827012703,0.10351809668438361,144500.0,69500.0,-0.17024221453287203,0.7251798561151079,20701684.0,2482131911600.0,12774985300.0,26571033260.0,0.005146779363456615,yfinance_download,237690.KQ
2022-01-24,119800.0,119800.0,111100.0,115000.0,112424.0625,142167.0,-0.04086738949124269,-0.20415224913494812,128830.0,116310.0,108720.83333333333,0.5220140106882992,0.6439680053123984,-0.17385057471264365,0.3188073394495412,0.07677902621722854,-0.10735077233563606,-0.011263004040925062,0.057754953435787515,144500.0,69500.0,-0.20415224913494812,0.6546762589928057,20701684.0,2380693660000.0,16349205000.0,25786134470.0,0.006867412332252777,yfinance_download,237690.KQ
2022-01-25,115000.0,115100.0,108100.0,110300.0,107829.34375,148944.0,-0.04086956521739127,-0.23667820069204148,127450.0,116690.0,108723.33333333333,0.5341510945643144,0.650909968600947,-0.2001450326323423,0.2605714285714287,0.0027272727272726893,-0.13456257355825818,-0.05476047647613336,0.014501640248949954,144500.0,69500.0,-0.23667820069204148,0.5870503597122303,20701684.0,2283395745200.0,16428523200.0,22951238660.0,0.007194777004614697,yfinance_download,237690.KQ
2022-01-26,111000.0,113200.0,107900.0,109400.0,106949.4921875,99838.0,-0.008159564823209453,-0.24290657439446361,126025.0,116976.66666666667,108740.0,0.5327938532740135,0.643302154169869,-0.2066715010877448,0.18655097613882865,0.01862197392923659,-0.1319182701844872,-0.0647707520018238,0.006069523634357088,144500.0,69500.0,-0.24290657439446361,0.5741007194244605,20701684.0,2264764229600.0,10922277200.0,22235408935.0,0.004822699448025581,yfinance_download,237690.KQ
2022-01-27,109400.0,109400.0,101800.0,103000.0,100692.859375,187473.0,-0.058500914076782484,-0.28719723183391,123950.0,117176.66666666667,108688.33333333333,0.5103083360939177,0.6549779203753336,-0.28719723183391,0.13186813186813184,-0.0567765567765568,-0.16901976603469138,-0.12098540665092594,-0.052336190636836144,144500.0,69500.0,-0.28719723183391,0.4820143884892085,20701684.0,2132273452000.0,19309719000.0,19719795960.0,0.009055929942704178,yfinance_download,237690.KQ
2022-01-28,103900.0,106100.0,101300.0,105500.0,103136.8515625,144255.0,0.024271844660194164,-0.2698961937716263,122090.0,117366.66666666667,108659.16666666667,0.5302346160371972,0.653291192055507,-0.2606867554309741,0.12114771519659939,-0.032110091743119296,-0.1358833647309362,-0.10110763987503557,-0.029074092537061613,144500.0,69500.0,-0.2698961937716263,0.5179856115107915,20701684.0,2184027662000.0,15218902500.0,17754122240.0,0.006968273692130553,yfinance_download,237690.KQ
2022-02-03,108900.0,110900.0,105700.0,107700.0,105287.578125,106047.0,0.020853080568720372,-0.2546712802768166,120515.0,117608.33333333333,108587.5,0.5431144471710568,0.6538237562393963,-0.2262931034482759,0.155579399141631,-0.0739466895958727,-0.10633531095714222,-0.08424856515269608,-0.00817313226660532,144500.0,69500.0,-0.2546712802768166,0.5496402877697841,20701684.0,2229571366800.0,11421261900.0,17219665895.0,0.005122626738964811,yfinance_download,237690.KQ
2022-02-04,107300.0,108300.0,104800.0,106400.0,104016.703125,103690.0,-0.0120705663881151,-0.2636678200692042,119325.0,117888.33333333333,108479.16666666667,0.50658395968277,0.6488102536213975,-0.18279569892473113,0.1875,-0.10887772194304857,-0.10831761994552691,-0.09745097762006416,-0.01916650662569619,144500.0,69500.0,-0.2636678200692042,0.530935251798561,20701684.0,2202659177600.0,11032616000.0,15574510215.0,0.0050087712671104435,yfinance_download,237690.KQ
2022-02-07,106300.0,106300.0,102600.0,104200.0,101865.96875,94315.0,-0.020676691729323293,-0.2788927335640139,117995.0,118158.33333333333,108368.33333333333,0.5051549585920045,0.6492352595744268,-0.20336391437308865,0.18409090909090908,-0.11319148936170209,-0.11691173354803175,-0.11813244939699552,-0.03846449608587987,144500.0,69500.0,-0.2788927335640139,0.4992805755395684,20701684.0,2157115472800.0,9827623000.0,14625462905.0,0.004555909557889107,yfinance_download,237690.KQ
2022-02-08,104600.0,104900.0,99700.0,104400.0,102061.4921875,123655.0,0.0019193857965451588,-0.2775086505190312,117035.0,118456.66666666667,108319.16666666667,0.4787934192443892,0.6478194358637384,-0.15533980582524276,0.20693641618497116,-0.05349048050770622,-0.10795915751698215,-0.1186650533247039,-0.0361816545240532,144500.0,69500.0,-0.2775086505190312,0.502158273381295,20701684.0,2161255809600.0,12909582000.0,13899155045.0,0.005973185563068203,yfinance_download,237690.KQ
2022-02-09,104900.0,104900.0,100000.0,101700.0,99421.9765625,155279.0,-0.025862068965517238,-0.29619377162629756,115795.0,118725.0,108223.33333333333,0.46772490802864536,0.6500510691274121,-0.1960474308300395,0.1880841121495327,-0.10159010600706708,-0.12172373591260421,-0.14339861023373346,-0.060276588536052,144500.0,69500.0,-0.29619377162629756,0.46330935251798566,20701684.0,2105361262800.0,15791874300.0,13865081960.0,0.007500790756925862,yfinance_download,237690.KQ
2022-02-10,101700.0,103500.0,100000.0,101300.0,99030.9296875,85032.0,-0.003933136676499527,-0.298961937716263,114645.0,118996.66666666667,108126.66666666667,0.46751160241055406,0.6498657007823272,-0.18503620273531773,0.19176470588235284,-0.10274579273693529,-0.11640280867024289,-0.14871565029832767,-0.06313582834946674,144500.0,69500.0,-0.298961937716263,0.45755395683453237,20701684.0,2097080589200.0,8613741600.0,13493369035.0,0.004107491931574263,yfinance_download,237690.KQ
2022-02-11,99800.0,99800.0,93500.0,93900.0,91796.6953125,244617.0,-0.07305034550839096,-0.3501730103806229,113125.0,119120.0,107968.33333333333,0.5166034787832967,0.6678979156311349,-0.2445695897023331,0.08554913294797695,-0.16829052258635957,-0.16994475138121545,-0.21171927468099394,-0.13030055108751015,144500.0,69500.0,-0.3501730103806229,0.3510791366906474,20701684.0,1943888127600.0,22969536300.0,14111818220.0,0.011816285090623546,yfinance_download,237690.KQ
2022-02-14,91600.0,95200.0,89500.0,94500.0,92383.2578125,129628.0,0.006389776357827559,-0.3460207612456747,111270.0,119216.66666666667,107823.33333333333,0.44858355738623296,0.6662081116459839,-0.28191489361702127,0.06538895152198432,-0.1554959785522788,-0.15071447829603668,-0.20732559765133518,-0.12356632763471109,144500.0,69500.0,-0.3460207612456747,0.3597122302158273,20701684.0,1956309138000.0,12249846000.0,13686058900.0,0.0062617128152473,yfinance_download,237690.KQ
2022-02-15,93600.0,94400.0,91200.0,92700.0,90623.5703125,74009.0,-0.01904761904761909,-0.3584775086505191,109515.0,119311.66666666667,107643.33333333333,0.4462030226042751,0.6661922078770813,-0.27464788732394363,0.06551724137931036,-0.1889763779527559,-0.15354061087522253,-0.2230432899828182,-0.13882265506456504,144500.0,69500.0,-0.3584775086505191,0.33381294964028774,20701684.0,1919046106800.0,6860634300.0,13077862435.0,0.0035750231720279376,yfinance_download,237690.KQ
2022-02-16,93400.0,98500.0,93000.0,97600.0,95413.8125,106172.0,0.05285868392664517,-0.3245674740484429,108030.0,119505.0,107522.5,0.5071728466755802,0.6736794097258186,-0.23330714846818534,0.1348837209302325,-0.12934879571810887,-0.09654725539202069,-0.1832977699677838,-0.09228301053267918,144500.0,69500.0,-0.3245674740484429,0.40431654676259,20701684.0,2020484358400.0,10362387200.0,12964694730.0,0.0051286648950877615,yfinance_download,237690.KQ
2022-02-17,98000.0,102400.0,95300.0,97300.0,95120.5390625,155483.0,-0.0030737704918032405,-0.32664359861591696,106635.0,119715.0,107435.83333333333,0.5080797035663689,0.6727499636328441,-0.22284345047923326,0.14876033057851235,-0.09656453110492103,-0.08754161391663151,-0.1872363530050537,-0.09434313504960323,144500.0,69500.0,-0.32664359861591696,0.3999999999999999,20701684.0,2014273853200.0,15128495900.0,13246160805.0,0.007510645027718518,yfinance_download,237690.KQ
2022-02-18,95100.0,98800.0,94200.0,98100.0,95902.609375,72090.0,0.008221993833504637,-0.3211072664359862,105450.0,119835.0,107405.83333333333,0.5096322164349555,0.6568521009342771,-0.19458128078817738,0.07920792079207928,-0.03539823008849563,-0.06970128022759603,-0.18137438978595566,-0.08664178699170588,144500.0,69500.0,-0.3211072664359862,0.4115107913669065,20701684.0,2030835200400.0,7072029000.0,12948174885.0,0.0034823253992283913,yfinance_download,237690.KQ
2022-02-21,96100.0,99900.0,94500.0,99000.0,96782.453125,52021.0,0.00917431192660545,-0.31487889273356406,104375.0,119920.0,107365.0,0.5142706265491634,0.6538703267471832,-0.17842323651452285,0.054313099041533475,-0.04716073147256983,-0.05149700598802398,-0.17444963308872585,-0.07791179620919297,144500.0,69500.0,-0.31487889273356406,0.4244604316546763,20701684.0,2049466716000.0,5150079000.0,12609420735.0,0.002512887357376337,yfinance_download,237690.KQ
2022-02-22,96000.0,97400.0,95600.0,96500.0,94338.4453125,62156.0,-0.025252525252525304,-0.33217993079584773,102920.0,120026.66666666667,107294.16666666667,0.47908388168208066,0.6504144594874011,-0.231687898089172,0.07103218645948939,-0.080952380952381,-0.06237854644383989,-0.19601199733392582,-0.10060348108393591,144500.0,69500.0,-0.33217993079584773,0.38848920863309355,20701684.0,1997712506000.0,5998054000.0,12319568635.0,0.003002461055825217,yfinance_download,237690.KQ
2022-02-23,97200.0,100300.0,96800.0,98800.0,96586.9375,67064.0,0.023834196891191706,-0.3162629757785467,101865.0,120021.66666666667,107241.66666666667,0.4793682955204315,0.6194346666454749,-0.17597998331943288,-0.003027245206861706,-0.05994291151284492,-0.030088843076620964,-0.17681529723799871,-0.07871629497241439,144500.0,69500.0,-0.3162629757785467,0.42158273381294964,20701684.0,2045326379200.0,6625923200.0,12012115530.0,0.0032395432178367713,yfinance_download,237690.KQ
2022-02-24,98500.0,98500.0,93800.0,94300.0,92187.734375,95615.0,-0.045546558704453455,-0.34740484429065743,100830.0,119665.0,107172.5,0.4837369268111624,0.5203027898673483,-0.18000000000000005,-0.18496110630942086,-0.08089668615984402,-0.0647624714866607,-0.21196674048385078,-0.12011010287153889,144500.0,69500.0,-0.34740484429065743,0.3568345323741007,20701684.0,1952168801200.0,9016494500.0,11645480005.0,0.004618706381567799,yfinance_download,237690.KQ
2022-02-25,97000.0,99800.0,97000.0,99000.0,96782.453125,82797.0,0.04984093319194072,-0.31487889273356406,100265.0,119400.0,107155.83333333333,0.5118781135811014,0.5313053045779903,-0.10244786944696282,-0.13838120104438645,-0.01980198019801982,-0.012616566099835413,-0.17085427135678388,-0.07611189311516708,144500.0,69500.0,-0.31487889273356406,0.4244604316546763,20701684.0,2049466716000.0,8196903000.0,11233898995.0,0.003999529700095895,yfinance_download,237690.KQ
2022-02-28,97500.0,100500.0,96800.0,99500.0,97271.2421875,55998.0,0.005050505050504972,-0.31141868512110726,99770.0,119133.33333333333,107145.83333333333,0.5129058808512834,0.5312955662425711,-0.09049360146252283,-0.1385281385281385,-0.011916583912611745,-0.0027062243159265975,-0.1648013430330162,-0.07135912891308571,144500.0,69500.0,-0.31141868512110726,0.4316546762589928,20701684.0,2059817558000.0,5571801000.0,10966375185.0,0.002704997332584151,yfinance_download,237690.KQ
2022-03-02,99600.0,103300.0,99000.0,102400.0,100106.3046875,79268.0,0.029145728643216184,-0.29134948096885815,99740.0,118750.0,107151.66666666667,0.48341286181668086,0.5033506677923191,-0.005825242718446644,-0.18341307814992025,0.0068829891838742,0.026669340284740217,-0.13768421052631574,-0.044345242724487144,144500.0,69500.0,-0.29134948096885815,0.4733812949640288,20701684.0,2119852441600.0,8117043200.0,10406741395.0,0.0038290604764327383,yfinance_download,237690.KQ
2022-03-03,102200.0,103900.0,100800.0,103800.0,101474.9453125,60719.0,0.013671875,-0.2816608996539792,99655.0,118370.0,107169.16666666667,0.4778303573233307,0.5038538237405149,-0.01611374407582944,-0.1800947867298578,0.020648967551622377,0.0415934975666048,-0.12308862042747315,-0.03143783582031523,144500.0,69500.0,-0.2816608996539792,0.4935251798561151,20701684.0,2148834799200.0,6302632200.0,9960927880.0,0.0029330464130357704,yfinance_download,237690.KQ
2022-03-04,102900.0,103000.0,99400.0,100200.0,97955.5703125,72595.0,-0.034682080924855474,-0.30657439446366785,99280.0,118006.66666666667,107109.16666666667,0.4857018629472066,0.5033952239085229,-0.0696378830083565,-0.17868852459016393,-0.06703910614525144,0.009266720386784888,-0.15089542963674374,-0.06450583905828167,144500.0,69500.0,-0.30657439446366785,0.44172661870503593,20701684.0,2074308736800.0,7274019000.0,9753565735.0,0.003506719549965114,yfinance_download,237690.KQ
2022-03-07,99200.0,99500.0,95700.0,98000.0,95804.84375,76756.0,-0.021956087824351322,-0.32179930795847755,98860.0,117506.66666666667,106948.33333333333,0.4893625152495755,0.49303791347456144,-0.07894736842105265,-0.234375,-0.16453537936913898,-0.008699170544203882,-0.16600476568705325,-0.0836696847387367,144500.0,69500.0,-0.32179930795847755,0.41007194244604306,20701684.0,2028765032000.0,7522088000.0,9578039335.0,0.003707717690985912,yfinance_download,237690.KQ
2022-03-08,97500.0,101200.0,95700.0,98800.0,96586.9375,60314.0,0.008163265306122547,-0.3162629757785467,98590.0,116958.33333333333,106780.0,0.4867534267251716,0.48894691728161127,-0.051823416506717845,-0.24981017463933186,-0.16974789915966382,0.0021300334719545067,-0.15525472034200205,-0.07473309608540923,144500.0,69500.0,-0.3162629757785467,0.42158273381294964,20701684.0,2045326379200.0,5959023200.0,9384609345.0,0.0029134827871974086,yfinance_download,237690.KQ
2022-03-10,99700.0,102900.0,98700.0,100500.0,98248.859375,92803.0,0.0172064777327936,-0.3044982698961938,98395.0,116558.33333333333,106618.33333333333,0.49147392434388254,0.47942301929877607,-0.03735632183908044,-0.19277108433734935,-0.16180150125104253,0.02139336348391696,-0.1377707871595052,-0.05738537774929264,144500.0,69500.0,-0.3044982698961938,0.4460431654676258,20701684.0,2080519242000.0,9326701500.0,9205465320.0,0.004482872021425889,yfinance_download,237690.KQ
2022-03-11,100000.0,100400.0,98800.0,99600.0,97369.0078125,30986.0,-0.008955223880596996,-0.3107266435986159,98290.0,116085.0,106513.33333333333,0.4839385727102805,0.47511075866481683,-0.020648967551622377,-0.22187500000000004,-0.11229946524064172,0.013327907213348311,-0.14200801137097818,-0.064905802090505,144500.0,69500.0,-0.3107266435986159,0.4330935251798562,20701684.0,2061887726400.0,3086205600.0,8570181885.0,0.0014967864450061163,yfinance_download,237690.KQ
2022-03-14,100000.0,100000.0,93000.0,94000.0,91894.453125,129848.0,-0.05622489959839361,-0.3494809688581315,97925.0,115475.0,106361.66666666667,0.5227599351939033,0.4843704098677374,-0.07206317867719647,-0.2802450229709035,-0.16221033868092694,-0.040081695174878695,-0.18597098939164325,-0.1162229499976496,144500.0,69500.0,-0.3494809688581315,0.3525179856115108,20701684.0,1945958296000.0,12205712000.0,8749780405.0,0.006272339970023695,yfinance_download,237690.KQ
2022-03-15,93500.0,97600.0,93400.0,97000.0,94827.25,54080.0,0.03191489361702127,-0.32871972318339104,98080.0,114946.66666666667,106260.0,0.4665254666933351,0.489789850884278,0.03301384451544198,-0.24630924630924633,-0.11172161172161177,-0.011011419249592147,-0.156130379306345,-0.08714473931865241,144500.0,69500.0,-0.32871972318339104,0.39568345323741005,20701684.0,2008063348000.0,5245760000.0,7863591590.0,0.0026123478650335887,yfinance_download,237690.KQ
2022-03-16,97900.0,100800.0,96500.0,100300.0,98053.3359375,59205.0,0.03402061855670113,-0.3058823529411765,98370.0,114510.0,106218.33333333333,0.48005855696645183,0.49522813584085135,0.061375661375661306,-0.20711462450592888,-0.047483380816714105,0.019619802785401985,-0.12409396559252472,-0.05571856710235201,144500.0,70400.0,-0.3058823529411765,0.42471590909090917,20701684.0,2076378905200.0,5938261500.0,7548012365.0,0.002859912266074586,yfinance_download,237690.KQ
2022-03-17,101700.0,112700.0,101600.0,111300.0,108806.9453125,416065.0,0.10967098703888345,-0.229757785467128,99300.0,114216.66666666667,106277.5,0.6020888327749638,0.5450858028829241,0.20064724919093857,-0.13653995345228864,0.06813819577735125,0.12084592145015116,-0.025536261491317713,0.04725835666062905,144500.0,70800.0,-0.229757785467128,0.5720338983050848,20701684.0,2304097429200.0,46308034500.0,9520382375.0,0.020098123418365386,yfinance_download,237690.KQ
2022-03-18,110800.0,112900.0,109600.0,111700.0,109197.984375,97193.0,0.003593890386343279,-0.22698961937716267,100005.0,113880.0,106343.33333333333,0.5804244395326125,0.5426956970789587,0.1444672131147542,-0.1531463229719484,0.07610789980732169,0.11694415279236048,-0.01914295749912187,0.05037143842271896,144500.0,74500.0,-0.22698961937716267,0.4993288590604026,20701684.0,2312378102800.0,10856458100.0,9545085920.0,0.004694932064463935,yfinance_download,237690.KQ
2022-03-21,111800.0,112200.0,107900.0,107900.0,105483.1015625,107966.0,-0.0340196956132498,-0.2532871972318339,100535.0,113416.66666666667,106375.83333333333,0.5979541775974399,0.5426393603812854,0.10894141829393633,-0.20486366985998528,0.03750000000000009,0.0732580693290894,-0.04864070536370324,0.014328129039333781,144500.0,77300.0,-0.2532871972318339,0.3958602846054333,20701684.0,2233711703600.0,11649531400.0,9371137695.0,0.005215324511764357,yfinance_download,237690.KQ
2022-03-22,107900.0,110900.0,106300.0,109200.0,106753.9765625,76167.0,0.012048192771084265,-0.24429065743944633,101090.0,112995.0,106413.33333333333,0.598310163613214,0.5434069028473567,0.11314984709480114,-0.18810408921933086,0.042979942693409656,0.08022554159659712,-0.03358555688304787,0.02618719458714458,144500.0,78200.0,-0.24429065743944633,0.3964194373401535,20701684.0,2260623892800.0,8317436400.0,9433408065.0,0.003679265899334566,yfinance_download,237690.KQ
2022-03-23,109000.0,112600.0,108300.0,108400.0,105971.90625,109061.0,-0.0073260073260073,-0.24982698961937722,101560.0,112451.66666666667,106465.0,0.6000262116061974,0.5328681097983586,0.0949494949494949,-0.23120567375886525,0.0606653620352251,0.06734935013784948,-0.03603029449689499,0.01817498708495746,144500.0,79800.0,-0.24982698961937722,0.3583959899749374,20701684.0,2244062545600.0,11822212400.0,9767014735.0,0.005268218759401409,yfinance_download,237690.KQ
2022-03-24,108300.0,108600.0,103500.0,107000.0,104603.265625,96250.0,-0.01291512915129156,-0.25951557093425603,102085.0,111951.66666666667,106508.33333333333,0.5932790268800283,0.5307645282258358,0.10880829015544036,-0.21897810218978098,0.05108055009823187,0.04814615271587397,-0.04423039704634446,0.004616227212268287,144500.0,79800.0,-0.25951557093425603,0.3408521303258145,20701684.0,2215080188000.0,10298750000.0,9982049535.0,0.004649380214672391,yfinance_download,237690.KQ
2022-03-25,109300.0,109700.0,105600.0,105900.0,103527.890625,87472.0,-0.010280373831775713,-0.2671280276816609,102440.0,111448.33333333333,106544.16666666667,0.5919023774928237,0.5309087384943132,0.07186234817813775,-0.221895664952241,0.042322834645669216,0.0337758688012495,-0.04978390584575809,-0.006046005959969736,144500.0,79800.0,-0.2671280276816609,0.3270676691729324,20701684.0,2192308335600.0,9263284800.0,10113917615.0,0.004225356739094269,yfinance_download,237690.KQ
2022-03-28,106000.0,106600.0,103000.0,103800.0,101474.9453125,87808.0,-0.019830028328611915,-0.2816608996539792,102915.0,110858.33333333333,106582.5,0.5699121006122907,0.5290356166206707,0.10074231177094384,-0.2543103448275862,0.0463709677419355,0.008599329543798273,-0.0636698489062617,-0.026106537189501067,144500.0,79800.0,-0.2816608996539792,0.3007518796992481,20701684.0,2148834799200.0,9114470400.0,10118816410.0,0.004241587302752762,yfinance_download,237690.KQ
2022-03-29,105000.0,106000.0,103400.0,105200.0,102843.578125,51153.0,0.01348747591522148,-0.2719723183391003,103225.0,110313.33333333333,106681.66666666667,0.5464456536181074,0.5301807135136254,0.06262626262626259,-0.23712835387962294,0.127545551982851,0.01913296197626546,-0.04635281319876705,-0.01388867190551335,144500.0,79800.0,-0.2719723183391003,0.31829573934837097,20701684.0,2177817156800.0,5381295600.0,9978036040.0,0.0024709584012585642,yfinance_download,237690.KQ
2022-03-30,105200.0,106000.0,103500.0,104300.0,101963.7265625,58542.0,-0.008555133079847899,-0.27820069204152253,103465.0,109753.33333333333,106760.0,0.5480947838605414,0.5301979738537891,0.048241206030150696,-0.24365482233502533,0.09905163329820854,0.00807036195815014,-0.0496871773066877,-0.023042337954290004,144500.0,79800.0,-0.27820069204152253,0.3070175438596492,20701684.0,2159185641200.0,6105930600.0,10004742520.0,0.002827885885998453,yfinance_download,237690.KQ
2022-03-31,104500.0,104500.0,95800.0,96800.0,94631.7265625,355984.0,-0.07190795781399806,-0.33010380622837365,103185.0,108958.33333333333,106804.16666666667,0.5989551740538134,0.5368398961160601,-0.0546875,-0.33010380622837365,0.05792349726775958,-0.061879149101129016,-0.11158699808795403,-0.09366831818359156,144500.0,79800.0,-0.33010380622837365,0.21303258145363402,20701684.0,2003923011200.0,34459251200.0,11321852920.0,0.017195895754181158,yfinance_download,237690.KQ
2022-04-01,97300.0,97800.0,93300.0,97400.0,95218.296875,203672.0,0.006198347107438051,-0.3259515570934256,102865.0,108203.33333333333,106905.0,0.5969218421101009,0.5372567887237438,-0.06165703275529866,-0.3174491941135249,0.14185228604923794,-0.053127886064259,-0.0998428883891439,-0.08891071512090176,144500.0,79800.0,-0.3259515570934256,0.22055137844611528,20701684.0,2016344021600.0,19837652800.0,11998603950.0,0.009838426670989664,yfinance_download,237690.KQ
2022-04-04,97000.0,98300.0,95400.0,97700.0,95511.5859375,89458.0,0.0030800821355236874,-0.3238754325259515,102740.0,107511.66666666667,107009.16666666667,0.5848623733462494,0.5361209280117291,-0.024950099800399195,-0.29813218390804597,0.14671361502347424,-0.04905586918434879,-0.09126141349000882,-0.08699410486640557,144500.0,79800.0,-0.3238754325259515,0.2243107769423558,20701684.0,2022554526800.0,8740046600.0,12071905330.0,0.004321290963575717,yfinance_download,237690.KQ
2022-04-05,97700.0,98800.0,97100.0,97900.0,95707.0859375,81816.0,0.0020470829068577334,-0.3224913494809688,102735.0,106973.33333333333,107085.83333333333,0.5794345717361121,0.5218288463839622,-0.0010204081632653184,-0.2480798771121352,0.10372040586245768,-0.04706283155691826,-0.08481864639162406,-0.08578009851910073,144500.0,79800.0,-0.3224913494809688,0.22681704260651636,20701684.0,2026694863600.0,8009786400.0,12096290250.0,0.0039521422508429745,yfinance_download,237690.KQ
2022-04-06,97300.0,97300.0,95600.0,96300.0,94142.921875,90334.0,-0.01634320735444328,-0.33356401384083045,102610.0,106398.33333333333,107175.0,0.581700946316259,0.5220827657054237,-0.0253036437246964,-0.2637614678899083,0.125,-0.061494980996004256,-0.09491063456507776,-0.1014695591322603,144500.0,79800.0,-0.33356401384083045,0.20676691729323315,20701684.0,1993572169200.0,8699164200.0,12233297300.0,0.004363606361685359,yfinance_download,237690.KQ
2022-04-07,95300.0,95600.0,94100.0,94700.0,92578.7734375,61450.0,-0.01661474558670817,-0.344636678200692,102320.0,105916.66666666667,107269.16666666667,0.5803144108608159,0.5120544746760718,-0.057711442786069655,-0.2338187702265372,0.13549160671462834,-0.07447224394057861,-0.10590086546026756,-0.11717408699300047,144500.0,79800.0,-0.344636678200692,0.18671679197994995,20701684.0,1960449474800.0,5819315000.0,12057927975.0,0.0029683575500427887,yfinance_download,237690.KQ
2022-04-08,95700.0,95700.0,93400.0,95400.0,93263.09375,42452.0,0.007391763463569179,-0.3397923875432526,102110.0,105398.33333333333,107369.16666666667,0.5807458239121379,0.5094362054919563,-0.04216867469879515,-0.24584980237154153,0.14388489208633093,-0.0657134462834198,-0.09486234760195444,-0.11147675853558214,144500.0,79800.0,-0.3397923875432526,0.19548872180451138,20701684.0,1974940653600.0,4049920800.0,12106113735.0,0.00205065442985218,yfinance_download,237690.KQ
2022-04-11,94700.0,94700.0,92500.0,92600.0,90525.8125,90129.0,-0.02935010482180289,-0.35916955017301033,102040.0,104870.0,107405.0,0.5544126827588816,0.5113459396767517,-0.014893617021276562,-0.2550281576830249,0.04869762174405445,-0.09251274010192079,-0.11700200247926007,-0.13784274475117542,144500.0,79800.0,-0.35916955017301033,0.16040100250626566,20701684.0,1916975938400.0,8345945400.0,11913125405.0,0.004353703785643719,yfinance_download,237690.KQ
2022-04-12,91400.0,93200.0,90600.0,92300.0,90232.5234375,54267.0,-0.003239740820734305,-0.3612456747404844,101805.0,104336.66666666667,107449.16666666667,0.54130558400456,0.5112703043046355,-0.04845360824742273,-0.25744167337087687,0.060919540229884994,-0.09336476597416632,-0.11536372639851766,-0.14098914990809608,144500.0,79800.0,-0.3612456747404844,0.15664160401002514,20701684.0,1910765433200.0,5008844100.0,11901279610.0,0.0026213809465935236,yfinance_download,237690.KQ
2022-04-13,92700.0,95500.0,92300.0,95400.0,93263.09375,66862.0,0.03358613217768158,-0.3397923875432526,101560.0,103733.33333333333,107547.5,0.5409247923406982,0.5004844637089153,-0.04885343968095712,-0.2750759878419453,0.1411483253588517,-0.06065380070894055,-0.08033419023136246,-0.11295009181989357,144500.0,79800.0,-0.3397923875432526,0.19548872180451138,20701684.0,1974940653600.0,6378634800.0,11923298275.0,0.003229785557542082,yfinance_download,237690.KQ
2022-04-14,95800.0,96400.0,94000.0,95500.0,93360.8515625,57711.0,0.0010482180293500676,-0.3391003460207612,100770.0,103195.0,107618.33333333333,0.34584001252630975,0.49810327531163795,-0.14195867026055708,-0.25273865414710484,0.09770114942528729,-0.052297310707551836,-0.07456756625805516,-0.11260472967740931,144500.0,80500.0,-0.3391003460207612,0.18633540372670798,20701684.0,1977010822000.0,5511400500.0,9883466575.0,0.002787744224093074,yfinance_download,237690.KQ
2022-04-15,94100.0,96300.0,93300.0,96200.0,94045.171875,52147.0,0.00732984293193728,-0.3342560553633218,99995.0,102676.66666666667,107700.0,0.3476639067700843,0.4986791329679872,-0.13876454789615045,-0.24430479183032205,0.11342592592592582,-0.03795189759487971,-0.06307827159692247,-0.10677808727948002,144500.0,83400.0,-0.3342560553633218,0.1534772182254196,20701684.0,1991502000800.0,5016541400.0,9591470740.0,0.0025189738187482717,yfinance_download,237690.KQ
2022-04-18,96300.0,96400.0,94500.0,95400.0,93263.09375,43022.0,-0.008316008316008316,-0.3397923875432526,99370.0,102180.0,107794.16666666667,0.3330376305138977,0.49809726283912714,-0.11584800741427248,-0.23801916932907352,0.1343638525564803,-0.03995169568280166,-0.06635349383440992,-0.11497993861758138,144500.0,83400.0,-0.3397923875432526,0.14388489208633093,20701684.0,1974940653600.0,4104298800.0,9214209110.0,0.0020781884217728375,yfinance_download,237690.KQ
2022-04-19,96000.0,97000.0,95200.0,96700.0,94533.96875,46316.0,0.013626834381551323,-0.330795847750865,98745.0,101761.66666666667,107891.66666666667,0.3342125373816583,0.49702371233306575,-0.1144688644688645,-0.20607553366174058,0.13764705882352946,-0.02070990936249939,-0.049740406505396684,-0.10373059395999074,144500.0,83400.0,-0.330795847750865,0.15947242206235002,20701684.0,2001852842800.0,4478757200.0,9022275150.0,0.002237305911924846,yfinance_download,237690.KQ
2022-04-20,95900.0,97500.0,95200.0,97000.0,94827.25,38454.0,0.0031023784901758056,-0.32871972318339104,98175.0,101370.0,107991.66666666667,0.33564618227481835,0.49695958307494303,-0.10516605166051662,-0.19502074688796678,0.14117647058823524,-0.011968423733129563,-0.04310940120351192,-0.10178254494945604,144500.0,83400.0,-0.32871972318339104,0.1630695443645085,20701684.0,2008063348000.0,3730038000.0,8617666430.0,0.0018575300444157103,yfinance_download,237690.KQ
2022-04-21,97500.0,98300.0,95100.0,96400.0,94240.6875,79850.0,-0.006185567010309256,-0.3328719723183391,97645.0,100883.33333333333,108074.16666666667,0.3344751861216325,0.48787007592772247,-0.09906542056074763,-0.23248407643312097,0.11445086705202323,-0.012750268830969302,-0.044440773170328685,-0.10801995543184084,144500.0,83400.0,-0.3328719723183391,0.15587529976019177,20701684.0,1995642337600.0,7697540000.0,8487605930.0,0.0038571741313411993,yfinance_download,237690.KQ
2022-04-22,94800.0,95700.0,93600.0,95000.0,92872.046875,61538.0,-0.014522821576763434,-0.342560553633218,97100.0,100468.33333333333,108157.5,0.33570256679151167,0.4807198122096358,-0.10292728989612843,-0.20767306088407,0.11764705882352944,-0.02162718846549949,-0.05442842686750382,-0.12165129556433907,144500.0,83400.0,-0.342560553633218,0.1390887290167866,20701684.0,1966659980000.0,5846110000.0,8316747190.0,0.0029726084119533463,yfinance_download,237690.KQ
2022-04-25,93000.0,93600.0,91400.0,92400.0,90330.296875,88861.0,-0.027368421052631597,-0.36055363321799305,96530.0,100091.66666666667,108200.83333333333,0.34108367248062765,0.47701053512107344,-0.10982658959537572,-0.1965217391304348,0.059633027522935755,-0.042784626540971704,-0.0768462242943968,-0.14603245507967433,144500.0,83400.0,-0.36055363321799305,0.1079136690647482,20701684.0,1912835601600.0,8210756400.0,8271561490.0,0.004292452729932502,yfinance_download,237690.KQ
2022-04-26,92800.0,95800.0,92500.0,95800.0,93654.140625,48012.0,0.03679653679653683,-0.33702422145328714,96060.0,99850.0,108270.0,0.36738314358742774,0.477368127520644,-0.08935361216730042,-0.1314596554850408,0.09485714285714275,-0.0027066416822818518,-0.040560841261892855,-0.11517502539946434,144500.0,83400.0,-0.33702422145328714,0.14868105515587526,20701684.0,1983221327200.0,4599549600.0,8232474190.0,0.002319231614201048,yfinance_download,237690.KQ
2022-04-27,91600.0,94500.0,91600.0,94500.0,92383.2578125,61531.0,-0.013569937369519836,-0.3460207612456747,95570.0,99601.66666666667,108289.16666666667,0.3685629783349446,0.4777995419789398,-0.09395973154362414,-0.13619744058500916,0.024945770065075923,-0.01119598200272054,-0.0512206957714898,-0.1273365295081842,144500.0,83400.0,-0.3460207612456747,0.13309352517985618,20701684.0,1956309138000.0,5814679500.0,8217911635.0,0.002972270275210461,yfinance_download,237690.KQ
2022-04-28,95800.0,99200.0,95200.0,98100.0,95902.609375,143524.0,0.03809523809523818,-0.3211072664359862,95635.0,99520.0,108348.33333333333,0.3034485338703676,0.4699515480154496,0.013429752066115741,-0.04757281553398063,0.07802197802197797,0.025775082344329903,-0.014268488745980745,-0.0945869033518435,144500.0,83400.0,-0.3211072664359862,0.1762589928057554,20701684.0,2030835200400.0,14079704400.0,7198934295.0,0.006932962555123535,yfinance_download,237690.KQ
2022-04-29,98800.0,99000.0,96500.0,98100.0,95902.609375,83304.0,0.0,-0.3211072664359862,95670.0,99396.66666666667,108381.66666666667,0.302793685828029,0.4671366654034945,0.007186858316221789,-0.07014218009478668,0.04250797024442088,0.02539981185324547,-0.013045373754988487,-0.0948653677589999,144500.0,83400.0,-0.3211072664359862,0.1762589928057554,20701684.0,2030835200400.0,8172122400.0,6615657775.0,0.004024020461330585,yfinance_download,237690.KQ
2022-05-03,103100.0,106000.0,102200.0,103800.0,101474.9453125,132573.0,0.05810397553516822,-0.2816608996539792,95975.0,99331.66666666667,108470.0,0.3654513125012317,0.4805531025686661,0.06243602865916076,-0.03621169916434541,0.11373390557939911,0.08153164886689246,0.04498397624121209,-0.04305337881441873,144500.0,83400.0,-0.2816608996539792,0.24460431654676262,20701684.0,2148834799200.0,13761077400.0,6866709315.0,0.0064039717735040295,yfinance_download,237690.KQ
2022-05-04,104500.0,104600.0,101200.0,101400.0,99128.6875,64700.0,-0.023121387283236983,-0.29826989619377164,96150.0,99248.33333333333,108568.33333333333,0.3773060648744619,0.48225287202666095,0.035750766087844665,-0.046992481203007475,0.1316964285714286,0.05460218408736339,0.021679625182622786,-0.06602600512733914,144500.0,83400.0,-0.29826989619377164,0.2158273381294964,20701684.0,2099150757600.0,6560580000.0,6794248995.0,0.003125349609239519,yfinance_download,237690.KQ
2022-05-06,100000.0,100000.0,96500.0,97000.0,94827.25,94887.0,-0.04339250493096647,-0.32871972318339104,96185.0,99128.33333333333,108643.33333333333,0.4059021213283221,0.4885479006196576,0.007268951194184803,-0.06909788867562383,0.10227272727272729,0.008473254665488428,-0.021470484388923405,-0.10717025128094981,144500.0,83400.0,-0.32871972318339104,0.1630695443645085,20701684.0,2008063348000.0,9204039000.0,6819492735.0,0.004583540160307731,yfinance_download,237690.KQ
2022-05-10,91600.0,94000.0,90900.0,92700.0,90623.5703125,73508.0,-0.04432989690721645,-0.3584775086505191,96085.0,98933.33333333333,108695.0,0.4325995464114588,0.4966044349876525,-0.02111932418162621,-0.11206896551724133,0.07167630057803476,-0.03522922412447316,-0.06300539083557943,-0.14715488292929757,144500.0,83400.0,-0.3584775086505191,0.11151079136690645,20701684.0,1919046106800.0,6814191600.0,6869236565.0,0.003550822242287149,yfinance_download,237690.KQ
2022-05-11,91500.0,95000.0,91500.0,94900.0,92774.28125,52840.0,0.02373247033441217,-0.3432525951557094,96060.0,98820.0,108772.5,0.4404782469496959,0.4966142990303305,-0.00524109014675056,-0.06686332350049162,0.10864485981308403,-0.012075785967103903,-0.03966808338393035,-0.1275368314601577,144500.0,83400.0,-0.3432525951557094,0.1378896882494005,20701684.0,1964589811600.0,5014516000.0,6917466325.0,0.0025524493562939132,yfinance_download,237690.KQ
2022-05-12,92100.0,93600.0,91100.0,91300.0,89254.9375,87787.0,-0.037934668071654354,-0.3681660899653979,95995.0,98653.33333333333,108825.0,0.44906147864989665,0.5024219769476772,-0.01403887688984884,-0.09871668311944715,0.07411764705882362,-0.04890879733319442,-0.0745370996080551,-0.1610383643464277,144500.0,83400.0,-0.3681660899653979,0.09472422062350128,20701684.0,1890063749200.0,8014953100.0,6900916710.0,0.004240572892524106,yfinance_download,237690.KQ
2022-05-13,91800.0,93400.0,91800.0,92900.0,90819.09375,47540.0,0.017524644030668224,-0.35709342560553636,96025.0,98636.66666666667,108878.33333333333,0.4533045449867551,0.48096098413894056,0.00650054171180936,-0.010649627263045747,0.07398843930635834,-0.03254360843530335,-0.05815957554661899,-0.14675402207356836,144500.0,83400.0,-0.35709342560553636,0.11390887290167862,20701684.0,1923186443600.0,4416466000.0,6871297805.0,0.002296431536680784,yfinance_download,237690.KQ
2022-05-16,94500.0,94800.0,92300.0,93000.0,90916.84375,68814.0,0.0010764262648008671,-0.356401384083045,95905.0,98611.66666666667,108914.16666666667,0.4364066658497078,0.4807953763590977,-0.02515723270440251,-0.015873015873015928,0.04847801578354005,-0.030290391533288163,-0.056906721652272396,-0.14611659028133783,144500.0,83400.0,-0.356401384083045,0.1151079136690647,20701684.0,1925256612000.0,6399702000.0,6872351165.0,0.0033240774035580875,yfinance_download,237690.KQ
2022-05-17,94300.0,95600.0,93200.0,94900.0,92774.28125,42895.0,0.02043010752688179,-0.3432525951557094,95875.0,98648.33333333333,108980.0,0.442937392039055,0.480859398267525,-0.006282722513089034,0.02373247033441217,0.09080459770114935,-0.01016949152542368,-0.03799692510432673,-0.12919801798495134,144500.0,83400.0,-0.3432525951557094,0.1378896882494005,20701684.0,1964589811600.0,4070735500.0,6800317915.0,0.002072053655151919,yfinance_download,237690.KQ
2022-05-18,94900.0,94900.0,92500.0,93100.0,91014.6171875,40835.0,-0.018967334035827177,-0.35570934256055364,95720.0,98573.33333333333,109039.16666666667,0.44702513424096796,0.47007999721431093,-0.032224532224532254,-0.04610655737704916,0.08255813953488378,-0.027371500208942745,-0.05552549709184362,-0.14617836098649573,144500.0,83400.0,-0.35570934256055364,0.11630695443645078,20701684.0,1927326780400.0,3801738500.0,6739577770.0,0.001972544842245684,yfinance_download,237690.KQ
2022-05-19,91600.0,92800.0,91000.0,92500.0,90428.0546875,54405.0,-0.0064446831364124435,-0.3598615916955017,95575.0,98493.33333333333,109104.16666666667,0.44668264772162775,0.47021387618771976,-0.03039832285115307,-0.04933196300102771,0.09208972845336483,-0.0321736855872351,-0.060850142141600116,-0.15218636624021387,144500.0,83400.0,-0.3598615916955017,0.10911270983213428,20701684.0,1914905770000.0,5032462500.0,6785985955.0,0.0026280470709532616,yfinance_download,237690.KQ
2022-05-20,92100.0,94300.0,92100.0,94200.0,92089.96875,41639.0,0.018378378378378413,-0.3480968858131488,95450.0,98428.33333333333,109131.66666666667,0.4490818894351432,0.4714697494583864,-0.02585315408479838,-0.03975535168195721,0.03630363036303641,-0.013095861707700385,-0.042958497722539235,-0.13682249270758573,144500.0,83400.0,-0.3480968858131488,0.12949640287769792,20701684.0,1950098632800.0,3922393800.0,6758167785.0,0.002011382262428506,yfinance_download,237690.KQ
2022-05-23,95000.0,99400.0,94300.0,98000.0,95804.84375,101625.0,0.04033970276008492,-0.32179930795847755,95500.0,98411.66666666667,109165.83333333333,0.4723651637094918,0.47840478234088796,0.010309278350515427,-0.010101010101010055,0.04366347177848784,0.02617801047120416,-0.004183108371297539,-0.10228322353605745,144500.0,83400.0,-0.32179930795847755,0.17505995203836933,20701684.0,2028765032000.0,9959250000.0,7069628385.0,0.004909020927959291,yfinance_download,237690.KQ
2022-05-24,98500.0,99500.0,96200.0,96200.0,94045.171875,65172.0,-0.01836734693877551,-0.3342560553633218,95490.0,98406.66666666667,109216.66666666667,0.4767584222553509,0.4770418556695216,-0.0020746887966804906,-0.0031088082901554737,0.06770255271920078,0.007435333542779254,-0.022423955016597885,-0.11918205402105908,144500.0,83400.0,-0.3342560553633218,0.1534772182254196,20701684.0,1991502000800.0,6269546400.0,6998228705.0,0.0031481496867597825,yfinance_download,237690.KQ
2022-05-25,96700.0,102500.0,96300.0,100000.0,97760.0546875,160730.0,0.03950103950103956,-0.3079584775086506,95740.0,98426.66666666667,109224.16666666667,0.49274528467001444,0.48139141730813906,0.05263157894736836,0.012145748987854255,0.00908173562058523,0.04449550866931262,0.015984827959902415,-0.08445170101244381,144500.0,83400.0,-0.3079584775086506,0.19904076738609122,20701684.0,2070168400000.0,16073000000.0,7509573205.0,0.007764102669135515,yfinance_download,237690.KQ
2022-05-26,100600.0,102600.0,99800.0,100700.0,98444.3828125,72990.0,0.006999999999999895,-0.30311418685121105,96155.0,98533.33333333333,109099.16666666667,0.47955499900782794,0.4718035690754331,0.08982683982683981,0.06786850477200423,-0.12964563526361284,0.047267432790806474,0.02198917456021654,-0.07698653365821617,144500.0,83400.0,-0.30311418685121105,0.2074340527577938,20701684.0,2084659578800.0,7350093000.0,7466540035.0,0.0035258001233136396,yfinance_download,237690.KQ
2022-05-27,102200.0,102700.0,100000.0,101400.0,99128.6875,72900.0,0.006951340615690249,-0.29826989619377164,96435.0,98573.33333333333,108986.66666666667,0.46456394421475083,0.4611101150931656,0.05845511482254695,0.024242424242424176,-0.11749347258485643,0.0514854565251206,0.028675774381171415,-0.06961096158551505,144500.0,83400.0,-0.29826989619377164,0.2158273381294964,20701684.0,2099150757600.0,7392060000.0,7606165555.0,0.003521452650905115,yfinance_download,237690.KQ
2022-05-30,101900.0,102400.0,101000.0,102200.0,99910.78125,53622.0,0.007889546351084853,-0.2927335640138409,96820.0,98618.33333333333,108875.83333333333,0.4604859608961999,0.46125831689018976,0.08148148148148149,0.02713567839195985,-0.11515151515151512,0.055567031605040285,0.03631846681651485,-0.061316025135666696,144500.0,83400.0,-0.2927335640138409,0.22541966426858506,20701684.0,2115712104800.0,5480168400.0,7589440000.0,0.0025902240609990954,yfinance_download,237690.KQ
2022-05-31,102300.0,105300.0,101200.0,103800.0,101474.9453125,85653.0,0.015655577299412915,-0.2816608996539792,97105.0,98641.66666666667,108695.83333333333,0.44529699678497714,0.4585451544950619,0.05810397553516822,0.013671875,-0.1722488038277512,0.0689459863034858,0.05229365548703213,-0.04504159159734733,144500.0,83400.0,-0.2816608996539792,0.24460431654676262,20701684.0,2148834799200.0,8890781400.0,7329993850.0,0.004137489491193084,yfinance_download,237690.KQ
2022-06-02,103500.0,104800.0,102500.0,104000.0,101670.453125,44887.0,0.0019267822736031004,-0.2802768166089965,97400.0,98645.0,108507.5,0.4451657831065911,0.45774968174502506,0.060142711518858416,0.0019267822736031004,-0.17851500789889418,0.06776180698151957,0.054285569466267836,-0.0415409073105546,144500.0,83400.0,-0.2802768166089965,0.2470023980815348,20701684.0,2152975136000.0,4668248000.0,7154800130.0,0.0021682777111272688,yfinance_download,237690.KQ
2022-06-03,104900.0,105100.0,102800.0,103000.0,100692.859375,52033.0,-0.009615384615384581,-0.28719723183391,97360.0,98691.66666666667,108349.16666666667,0.39686762487634775,0.4523868490463584,-0.0077071290944122905,0.027944111776447178,-0.15573770491803274,0.05792933442892356,0.043654479439331206,-0.04936970750428793,144500.0,83400.0,-0.28719723183391,0.23501199040767395,20701684.0,2132273452000.0,5359399000.0,6734716210.0,0.0025134670203641406,yfinance_download,237690.KQ
2022-06-07,102100.0,102300.0,99400.0,99900.0,97662.2890625,67000.0,-0.030097087378640808,-0.3086505190311418,97285.0,98723.33333333333,108115.0,0.40296284617509764,0.45444310965323215,-0.014792899408283988,0.019387755102040716,-0.21953124999999996,0.026879786195199706,0.01191883040145858,-0.07598390602599081,144500.0,83400.0,-0.3086505190311418,0.19784172661870514,20701684.0,2068098231600.0,6693300000.0,6741352210.0,0.00323645168190182,yfinance_download,237690.KQ
2022-06-08,100200.0,102400.0,99700.0,100600.0,98346.6171875,46018.0,0.00700700700700696,-0.3038062283737024,97465.0,98753.33333333333,107855.83333333333,0.37007682435508943,0.4543683789671904,0.03711340206185576,0.018218623481781382,-0.23614274867122242,0.03216539270507357,0.018699790724363785,-0.06727344371730781,144500.0,83400.0,-0.3038062283737024,0.20623501199040772,20701684.0,2082589410400.0,4629410800.0,6512620800.0,0.0022229109477277307,yfinance_download,237690.KQ
2022-06-09,100500.0,101000.0,99300.0,100800.0,98542.140625,51909.0,0.001988071570576455,-0.3024221453287197,97870.0,98758.33333333333,107658.33333333333,0.32705282450814893,0.45307549878492853,0.08737864077669899,0.0029850746268655914,-0.19036144578313252,0.02993767242260148,0.020673360897814685,-0.0637046211007043,144500.0,83400.0,-0.3024221453287197,0.2086330935251799,20701684.0,2086729747200.0,5232427200.0,6433532580.0,0.002507477169490173,yfinance_download,237690.KQ
2022-06-10,99800.0,100200.0,98600.0,98600.0,96391.4140625,44029.0,-0.02182539682539686,-0.3176470588235294,98055.0,98741.66666666667,107413.33333333333,0.33128629267954585,0.45497985388965306,0.03898840885142252,-0.010040160642570295,-0.22968750000000004,0.005558105145071712,-0.0014347202295552641,-0.08205064548162855,144500.0,83400.0,-0.3176470588235294,0.18225419664268583,20701684.0,2041186042400.0,4341259400.0,6399869750.0,0.0021268318074993318,yfinance_download,237690.KQ
2022-06-13,96900.0,96900.0,92100.0,92600.0,90525.8125,91978.0,-0.0608519269776876,-0.35916955017301033,98120.0,98718.33333333333,107096.66666666667,0.37512437496670936,0.457523838721002,0.014238773274917849,-0.014893617021276562,-0.29096477794793263,-0.05625764370158992,-0.061977680606439156,-0.13536057767126275,144500.0,83400.0,-0.35916955017301033,0.11031175059952036,20701684.0,1916975938400.0,8517162800.0,6424980235.0,0.004443020191014412,yfinance_download,237690.KQ
2022-06-14,90000.0,93200.0,90000.0,92500.0,90428.0546875,87839.0,-0.001079913606911398,-0.3598615916955017,98100.0,98643.33333333333,106795.0,0.3700163442495422,0.4527124280952312,-0.0043057050592034685,-0.046391752577319534,-0.2812742812742812,-0.05708460754332312,-0.062278241476024676,-0.13385458120698535,144500.0,83400.0,-0.3598615916955017,0.10911270983213428,20701684.0,1914905770000.0,8125107500.0,6610412310.0,0.0042430847654712535,yfinance_download,237690.KQ
2022-06-15,92200.0,93300.0,88800.0,89500.0,87495.25,104701.0,-0.032432432432432434,-0.38062283737024216,97925.0,98463.33333333333,106486.66666666667,0.38748277096705513,0.4516179363653117,-0.037634408602150504,-0.10767696909272184,-0.2924901185770751,-0.08603523104416644,-0.09103219472561697,-0.1595191886308145,144500.0,83400.0,-0.38062283737024216,0.07314148681055155,20701684.0,1852800718000.0,9370739500.0,6758964185.0,0.005057607873832873,yfinance_download,237690.KQ
2022-06-16,90600.0,91800.0,88800.0,89100.0,87104.2109375,51850.0,-0.004469273743016755,-0.3833910034602076,97635.0,98093.33333333333,106155.0,0.3786604279806321,0.3876573999497127,-0.0611169652265543,-0.19946091644204855,-0.30876648564778897,-0.08741742203103398,-0.09168139187168678,-0.16066129715981348,144500.0,83400.0,-0.3833910034602076,0.06834532374100721,20701684.0,1844520044400.0,4619835000.0,6786419160.0,0.00250462715980014,yfinance_download,237690.KQ
2022-06-17,87500.0,89200.0,87000.0,87700.0,85735.5625,84418.0,-0.015712682379349086,-0.39307958477508653,97365.0,97693.33333333333,105786.66666666667,0.376998583258983,0.3881873221814923,-0.0580021482277121,-0.2148612354521039,-0.3351023502653525,-0.09926564987418474,-0.102292889313498,-0.17097302747668264,144500.0,83400.0,-0.39307958477508653,0.05155875299760182,20701684.0,1815537686800.0,7403458600.0,6966505165.0,0.0040778325086983265,yfinance_download,237690.KQ
2022-06-20,89000.0,90200.0,86600.0,87700.0,85735.5625,74748.0,0.0,-0.39307958477508653,97125.0,97356.66666666667,105386.66666666667,0.376846524634947,0.3830757241173328,-0.05189189189189192,-0.18721037998146428,-0.3537214443625645,-0.09703989703989702,-0.09918855068990318,-0.16782641700404866,144500.0,83400.0,-0.39307958477508653,0.05155875299760182,20701684.0,1815537686800.0,6555399600.0,7042652020.0,0.0036107207510268245,yfinance_download,237690.KQ
2022-06-21,88900.0,94300.0,86500.0,92900.0,90819.09375,82064.0,0.05929304446978345,-0.35709342560553636,97060.0,97085.0,105040.0,0.43086752891712915,0.4028146728516976,-0.013800424628450103,-0.1492673992673993,-0.3092936802973978,-0.04286008654440554,-0.04310655611062475,-0.1155750190403656,144500.0,83400.0,-0.35709342560553636,0.11390887290167862,20701684.0,1923186443600.0,7623745600.0,7227719610.0,0.00396412195259091,yfinance_download,237690.KQ
2022-06-22,93300.0,93900.0,89600.0,90000.0,87984.046875,54240.0,-0.031216361679224924,-0.3771626297577855,96660.0,96778.33333333333,104615.0,0.415858028238027,0.4070228754026495,-0.08163265306122447,-0.1697416974169742,-0.36170212765957444,-0.06890130353817503,-0.07003978163156355,-0.13970271949529223,144500.0,83400.0,-0.3771626297577855,0.07913669064748197,20701684.0,1863151560000.0,4881600000.0,6973837110.0,0.002620076704870966,yfinance_download,237690.KQ
2022-06-23,91000.0,92500.0,88200.0,88500.0,86517.6484375,72005.0,-0.01666666666666672,-0.38754325259515576,96275.0,96470.0,104210.83333333333,0.4151177034808,0.40749455978111193,-0.08004158004158002,-0.1728971962616822,-0.35401459854014594,-0.08075824461178915,-0.0826163574168135,-0.1507600777270437,144500.0,83400.0,-0.38754325259515576,0.06115107913669071,20701684.0,1832099034000.0,6372442500.0,6978981915.0,0.0034782194530647843,yfinance_download,237690.KQ
2022-06-24,90000.0,93800.0,89000.0,93300.0,91210.125,79275.0,0.05423728813559325,-0.3543252595155709,95940.0,96260.0,103854.16666666667,0.4381779815701192,0.4235921535744965,-0.06699999999999995,-0.11898016997167138,-0.31447465099191774,-0.027517198248905528,-0.030750051942655343,-0.10162487462387171,144500.0,83400.0,-0.3543252595155709,0.11870503597122295,20701684.0,1931467117200.0,7396357500.0,6545149790.0,0.003829398613175624,yfinance_download,237690.KQ
2022-06-27,93500.0,94700.0,91300.0,93800.0,91698.9296875,66791.0,0.005359056806002238,-0.35086505190311423,95595.0,96093.33333333333,103475.83333333333,0.4377147435235733,0.42214525156427146,-0.06852035749751739,-0.09633911368015413,-0.32614942528735635,-0.01877713269522463,-0.023865686138476394,-0.09350814602443402,144500.0,83400.0,-0.35086505190311423,0.12470023980815337,20701684.0,1941817959200.0,6264995800.0,6490894930.0,0.003226355884864246,yfinance_download,237690.KQ
2022-06-28,93800.0,94400.0,91000.0,92400.0,90330.296875,44600.0,-0.014925373134328401,-0.36055363321799305,95145.0,95880.0,103096.66666666667,0.4378851563955416,0.42189898678764315,-0.08875739644970415,-0.12167300380228141,-0.3299492385786802,-0.028850701560775627,-0.03629536921151444,-0.10375375860842584,144500.0,83400.0,-0.36055363321799305,0.1079136690647482,20701684.0,1912835601600.0,4121040000.0,6327343930.0,0.002154414104668973,yfinance_download,237690.KQ
2022-06-29,91500.0,91500.0,89500.0,89900.0,87886.2890625,53111.0,-0.02705627705627711,-0.37785467128027683,94530.0,95640.0,102696.66666666667,0.442552426088995,0.42485535628544446,-0.12035225048923681,-0.1380632790028763,-0.3480783176214648,-0.04897916005500902,-0.06001672940192393,-0.1246064461683275,144500.0,83400.0,-0.37785467128027683,0.07793764988009588,20701684.0,1861081391600.0,4774678900.0,6292069455.0,0.002565540078768471,yfinance_download,237690.KQ
2022-06-30,89900.0,91400.0,89200.0,89900.0,87886.2890625,43241.0,0.0,-0.37785467128027683,93835.0,95525.0,102241.66666666667,0.43581834999073293,0.39918825091363236,-0.13391136801541426,-0.07128099173553715,-0.37785467128027683,-0.041935311983801404,-0.05888510861031149,-0.1207107343711794,144500.0,83400.0,-0.37785467128027683,0.07793764988009588,20701684.0,1861081391600.0,3887365900.0,6041898680.0,0.002088767271300248,yfinance_download,237690.KQ
2022-07-01,90500.0,91400.0,86000.0,87100.0,85149.0078125,108385.0,-0.031145717463848754,-0.3972318339100346,92990.0,95353.33333333333,101778.33333333333,0.4427837238756323,0.40365461826367094,-0.16249999999999998,-0.10574948665297745,-0.3896285914505957,-0.06334014410151634,-0.08655526812556802,-0.14421864509473192,144500.0,83400.0,-0.3972318339100346,0.04436450839328532,20701684.0,1803116676400.0,9440333500.0,6280502955.0,0.0052355644110884895,yfinance_download,237690.KQ
2022-07-04,86200.0,93500.0,86200.0,91800.0,89743.7265625,130177.0,0.053960964408725554,-0.3647058823529412,92430.0,95255.0,101383.33333333333,0.495013509488188,0.4193092934129018,-0.10873786407766994,-0.060388945752302914,-0.3405172413793104,-0.006815968841285325,-0.03627106188651519,-0.09452572743711984,144500.0,83400.0,-0.3647058823529412,0.1007194244604317,20701684.0,1900414591200.0,11950248600.0,6610045435.0,0.006288232396939302,yfinance_download,237690.KQ
2022-07-05,92000.0,93000.0,91000.0,92500.0,90428.0546875,71345.0,0.007625272331154731,-0.3598615916955017,92060.0,95165.0,101069.16666666667,0.48799253126809616,0.4196209012215909,-0.07407407407407407,-0.05515832482124616,-0.2895545314900153,0.004779491635889643,-0.028003993064677157,-0.08478517187074863,144500.0,83400.0,-0.3598615916955017,0.10911270983213428,20701684.0,1914905770000.0,6599412500.0,6605351060.0,0.0034463379887356023,yfinance_download,237690.KQ
2022-07-06,93000.0,95900.0,91300.0,92700.0,90623.5703125,124854.0,0.00216216216216214,-0.3584775086505191,91665.0,95105.0,100751.66666666667,0.4869246024734693,0.41836807173798374,-0.07852882703777331,-0.03738317757009346,-0.29128440366972475,0.011291114383897849,-0.025287839756059083,-0.07991596499644349,144500.0,83400.0,-0.3584775086505191,0.11151079136690645,20701684.0,1919046106800.0,11573965800.0,6952578810.0,0.00603110355659955,yfinance_download,237690.KQ
2022-07-07,93600.0,98400.0,93000.0,96700.0,94533.96875,114279.0,0.0431499460625675,-0.330795847750865,91460.0,95138.33333333333,100527.5,0.5143797165822803,0.42626485013203574,-0.04067460317460314,0.021119324181626098,-0.21763754045307449,0.0572928055980757,0.016414694392375972,-0.03807415881226528,144500.0,83400.0,-0.330795847750865,0.15947242206235002,20701684.0,2001852842800.0,11050779300.0,7243496415.0,0.005520275548597882,yfinance_download,237690.KQ
2022-07-08,97700.0,98600.0,95100.0,95100.0,92969.8125,73126.0,-0.016546018614270963,-0.34186851211072666,91285.0,95133.33333333333,100265.83333333333,0.5119593957520989,0.42748128403889724,-0.03549695740365111,-0.0031446540880503138,-0.2482213438735178,0.04179218929725592,-0.0003503854239662596,-0.051521372351831296,144500.0,83400.0,-0.34186851211072666,0.14028776978417268,20701684.0,1968730148400.0,6954282600.0,7374147575.0,0.0035323696371754106,yfinance_download,237690.KQ
2022-07-11,95100.0,97300.0,95100.0,96000.0,93849.65625,70009.0,0.009463722397476282,-0.33564013840830453,91455.0,95190.0,100030.0,0.4619011775677972,0.4233627852676948,0.036717062634989306,0.036717062634989306,-0.2276749798873693,0.04969657208463185,0.008509297195083532,-0.04028791362591222,144500.0,83400.0,-0.33564013840830453,0.15107913669064743,20701684.0,1987361664000.0,6720864000.0,7284332635.0,0.0033818021760935006,yfinance_download,237690.KQ
2022-07-12,95500.0,97200.0,93600.0,94400.0,92285.5,82888.0,-0.01666666666666672,-0.3467128027681661,91550.0,95225.0,99780.83333333333,0.4666582839179023,0.4248219330869275,0.020540540540540553,0.02275189599133265,-0.24054706355591315,0.031130529765155623,-0.008663691257547956,-0.053926522294695856,144500.0,83400.0,-0.3467128027681661,0.1318944844124701,20701684.0,1954238969600.0,7824627200.0,7269308620.0,0.004003925477753404,yfinance_download,237690.KQ
2022-07-13,94400.0,95800.0,94100.0,94800.0,92676.5234375,42663.0,0.004237288135593209,-0.34394463667820074,91815.0,95215.0,99474.16666666667,0.44920308153083954,0.4193481234388493,0.05921787709497206,-0.0062893081761006275,-0.27963525835866265,0.03251102760986768,-0.004358556950060377,-0.046988749172733324,144500.0,83400.0,-0.34394463667820074,0.13669064748201443,20701684.0,1962519643200.0,4044452400.0,7002994265.0,0.0020608468373877215,yfinance_download,237690.KQ
2022-07-14,94100.0,94100.0,92000.0,92900.0,90819.09375,62185.0,-0.020042194092827037,-0.35709342560553636,92005.0,95171.66666666667,99183.33333333333,0.45610262977323907,0.42139615095476085,0.04264870931537601,-0.027225130890052407,-0.27308294209702655,0.009727732188468119,-0.02386914873124013,-0.06335069736178789,144500.0,83400.0,-0.35709342560553636,0.11390887290167862,20701684.0,1923186443600.0,5776986500.0,7060851840.0,0.0030038619080457415,yfinance_download,237690.KQ
2022-07-15,94000.0,95400.0,92400.0,93300.0,91210.125,61025.0,0.0043057050592034685,-0.3543252595155709,92285.0,95123.33333333333,98900.0,0.45102181634905153,0.4212134742686495,0.06385404789053584,-0.03014553014553012,-0.2670856245090337,0.010998537140380238,-0.019168097557556774,-0.056622851365015214,144500.0,83400.0,-0.3543252595155709,0.11870503597122295,20701684.0,1931467117200.0,5693632500.0,6975360535.0,0.002947827819224755,yfinance_download,237690.KQ
2022-07-18,94200.0,95200.0,92700.0,93600.0,91503.40625,44317.0,0.003215434083601254,-0.35224913494809684,92580.0,95093.33333333333,98636.66666666667,0.45083747701279314,0.42092331999192345,0.06727480045610035,-0.018867924528301883,-0.25239616613418525,0.011017498379779722,-0.015703869882220944,-0.05106282315568933,144500.0,83400.0,-0.35224913494809684,0.1223021582733812,20701684.0,1937677622400.0,4148071200.0,6854994115.0,0.0021407437192066114,yfinance_download,237690.KQ
2022-07-19,93600.0,94400.0,92300.0,94200.0,92089.96875,37218.0,0.0064102564102563875,-0.3480968858131488,92645.0,95051.66666666667,98406.66666666667,0.40052251447379295,0.4201865646949061,0.013993541442411273,-0.02585315408479838,-0.22660098522167482,0.016784499973015343,-0.008960039276884602,-0.04274778131562906,144500.0,83400.0,-0.3480968858131488,0.12949640287769792,20701684.0,1950098632800.0,3505935600.0,6649103615.0,0.0017978247566719694,yfinance_download,237690.KQ
2022-07-20,95100.0,95300.0,92200.0,93500.0,91405.6484375,64821.0,-0.007430997876857748,-0.3529411764705882,92820.0,94993.33333333333,98181.66666666667,0.38369842731008913,0.42039879344144143,0.03888888888888897,-0.03608247422680411,-0.22406639004149376,0.0073260073260073,-0.01572040143167941,-0.047683715561289475,144500.0,83400.0,-0.3529411764705882,0.12110311750599512,20701684.0,1935607454000.0,6060763500.0,6708061790.0,0.0031311945443665357,yfinance_download,237690.KQ
2022-07-21,93200.0,93300.0,90900.0,91400.0,89352.6875,73475.0,-0.022459893048128343,-0.36747404844290654,92965.0,94910.0,97896.66666666667,0.38799992670739,0.4226937371732281,0.03276836158192098,-0.051867219917012486,-0.27229299363057324,-0.016834292475662926,-0.03698240438309974,-0.0663624910620042,144500.0,83400.0,-0.36747404844290654,0.09592326139088736,20701684.0,1892133917600.0,6715615000.0,6725220415.0,0.00354922816907069,yfinance_download,237690.KQ
2022-07-22,91100.0,92000.0,90400.0,90600.0,88570.609375,40405.0,-0.008752735229759279,-0.3730103806228374,92830.0,94836.66666666667,97652.5,0.33626668420538525,0.4220434196441375,-0.02893890675241162,-0.0463157894736842,-0.24437030859049202,-0.024022406549606856,-0.044673297950862945,-0.07222037326233333,144500.0,83400.0,-0.3730103806228374,0.08633093525179847,20701684.0,1875572570400.0,3660693000.0,6538437190.0,0.001951773585182732,yfinance_download,237690.KQ
2022-07-25,90500.0,90600.0,89400.0,90500.0,88472.8515625,39332.0,-0.001103752759381904,-0.37370242214532867,92665.0,94805.0,97448.33333333333,0.3353615536935438,0.41830280105227696,-0.03518123667377404,-0.02056277056277056,-0.21304347826086956,-0.023363729563481317,-0.04540899741574811,-0.07130274162376637,144500.0,83400.0,-0.37370242214532867,0.08513189448441238,20701684.0,1873502402000.0,3559546000.0,6403164700.0,0.0018999420530233192,yfinance_download,237690.KQ
2022-07-26,89600.0,91200.0,89600.0,90300.0,88277.3203125,26099.0,-0.0022099447513812542,-0.3750865051903114,92560.0,94713.33333333333,97281.66666666667,0.3316673638221207,0.41122304968238116,-0.022727272727272707,-0.05741127348643005,-0.18132366273798728,-0.024416594641313738,-0.04659674808193137,-0.07176754784217654,144500.0,83400.0,-0.3750865051903114,0.08273381294964022,20701684.0,1869362065200.0,2356739700.0,6314949685.0,0.001260718693223218,yfinance_download,237690.KQ
2022-07-27,90000.0,91500.0,89900.0,90500.0,88472.8515625,34087.0,0.00221483942414169,-0.37370242214532867,92590.0,94646.66666666667,97124.16666666667,0.3170552430958513,0.41037748270345553,0.006674082313681939,-0.042328042328042326,-0.17276051188299812,-0.02257263203369697,-0.04381207297316336,-0.06820307338544307,144500.0,83400.0,-0.37370242214532867,0.08513189448441238,20701684.0,1873502402000.0,3084873500.0,6230459415.0,0.0016465810221042887,yfinance_download,237690.KQ
2022-07-28,91000.0,92400.0,89700.0,90000.0,87984.046875,63122.0,-0.0055248618784530246,-0.3771626297577855,92595.0,94511.66666666667,97015.83333333333,0.31778097593832555,0.4025659110848884,0.0011123470522802492,-0.08256880733944949,-0.12621359223300976,-0.02802527134294508,-0.047736611000405604,-0.07231637447495676,144500.0,83400.0,-0.3771626297577855,0.07913669064748197,20701684.0,1863151560000.0,5680980000.0,6320140120.0,0.0030491239263433834,yfinance_download,237690.KQ
2022-07-29,90500.0,90600.0,89200.0,90300.0,88277.3203125,49053.0,0.0033333333333334103,-0.3750865051903114,92755.0,94381.66666666667,96889.16666666667,0.29539020435108176,0.4026635001722227,0.036739380022962065,-0.07951070336391441,-0.1440758293838863,-0.026467575871920612,-0.04324639319076806,-0.06800725915350014,144500.0,83400.0,-0.3750865051903114,0.08273381294964022,20701684.0,1869362065200.0,4429485900.0,6069597740.0,0.0023695173783929847,yfinance_download,237690.KQ
2022-08-01,90100.0,100000.0,90100.0,98200.0,96000.3671875,481501.0,0.0874861572535992,-0.32041522491349483,93075.0,94288.33333333333,96810.0,0.38425921047792017,0.42498812404432507,0.06971677559912859,-0.05394990366088637,-0.08820798514391825,0.05506312113886658,0.04148622134233659,0.014358020865613108,144500.0,83400.0,-0.32041522491349483,0.1774580335731415,20701684.0,2032905368800.0,47283398200.0,7836255220.0,0.02325902569085684,yfinance_download,237690.KQ
2022-08-02,97200.0,99800.0,96500.0,97400.0,95218.296875,151409.0,-0.008146639511201648,-0.3259515570934256,93320.0,94221.66666666667,96735.0,0.38616513642467193,0.42269689782646586,0.052972972972972876,-0.03944773175542404,-0.08458646616541354,0.043720531504500615,0.03373251021527235,0.006874450819248423,144500.0,83400.0,-0.3259515570934256,0.16786570743405282,20701684.0,2016344021600.0,14747236600.0,8243646425.0,0.007313849443359294,yfinance_download,237690.KQ
2022-08-03,97400.0,101200.0,97100.0,99900.0,97662.2890625,146731.0,0.02566735112936347,-0.3086505190311418,93680.0,94270.0,96699.16666666667,0.39452895807115973,0.4162897134337638,0.07766990291262132,0.02989690721649474,-0.041266794625719805,0.066396242527754,0.05972207489126968,0.033100940201139295,144500.0,83400.0,-0.3086505190311418,0.19784172661870514,20701684.0,2068098231600.0,14658426900.0,8397869480.0,0.00708787748861397,yfinance_download,237690.KQ
2022-08-04,104100.0,107800.0,103400.0,106000.0,103625.65625,361474.0,0.06106106106106113,-0.2664359861591695,94145.0,94491.66666666667,96712.5,0.4222342718754565,0.42343255644599076,0.09617373319544975,0.1434735706580368,0.015325670498084198,0.12592277869244262,0.12179204515389364,0.09603205376761026,144500.0,83400.0,-0.2664359861591695,0.2709832134292567,20701684.0,2194378504000.0,38316244000.0,9761142715.0,0.01746109157110117,yfinance_download,237690.KQ
2022-08-05,106800.0,114000.0,106600.0,113700.0,111153.1796875,347777.0,0.0726415094339623,-0.2131487889273357,95075.0,94805.0,96812.5,0.4771892358614586,0.44517274452829597,0.19558359621451094,0.1981032665964173,0.11799410029498536,0.1958979752826715,0.19930383418596076,0.1744351194318916,144500.0,83400.0,-0.2131487889273357,0.3633093525179856,20701684.0,2353781470800.0,39542244900.0,11390540830.0,0.016799454575772678,yfinance_download,237690.KQ
2022-08-08,114100.0,116400.0,105000.0,110800.0,108318.1328125,250805.0,-0.025505716798592815,-0.2332179930795848,95815.0,95130.0,96891.66666666667,0.49299548939500437,0.44095274266351026,0.15416666666666656,0.21358159912376773,0.09378084896347483,0.1563951364608882,0.16472195942394618,0.14354519652532893,144500.0,83400.0,-0.2332179930795848,0.3285371702637889,20701684.0,2293746587200.0,27789194000.0,12443957330.0,0.01211519797133412,yfinance_download,237690.KQ
2022-08-09,110900.0,116700.0,110600.0,115500.0,112912.859375,191169.0,0.04241877256317683,-0.20069204152249132,96870.0,95506.66666666667,97071.66666666667,0.49894037404895303,0.4472163517456638,0.2235169491525424,0.24327233584499464,0.23003194888178924,0.1923196035924435,0.20933966215272926,0.18984255618700963,144500.0,83400.0,-0.20069204152249132,0.3848920863309353,20701684.0,2391044502000.0,22080019500.0,13156726945.0,0.009234466142947598,yfinance_download,237690.KQ
2022-08-10,114800.0,115900.0,112100.0,112200.0,109686.7734375,99078.0,-0.02857142857142858,-0.22352941176470587,97740.0,95826.66666666667,97219.16666666667,0.5177196805493145,0.45214977888975694,0.18354430379746844,0.2064516129032259,0.1873015873015873,0.14794352363413132,0.17086406010852917,0.15409341436445145,144500.0,83400.0,-0.22352941176470587,0.3453237410071943,20701684.0,2322728944800.0,11116551600.0,13510331905.0,0.004785987458798038,yfinance_download,237690.KQ
2022-08-11,113200.0,117400.0,113200.0,114000.0,111446.4609375,122709.0,0.016042780748663166,-0.2110726643598616,98795.0,96145.0,97396.66666666667,0.5066446274618155,0.4515381259126551,0.22712594187298163,0.2012644889357218,0.22977346278317157,0.15390454982539592,0.18570908523584162,0.17047126869502716,144500.0,83400.0,-0.2110726643598616,0.3669064748201438,20701684.0,2359991976000.0,13988826000.0,13920923880.0,0.005927488797529708,yfinance_download,237690.KQ
2022-08-12,114000.0,114500.0,109500.0,110000.0,107536.0625,128176.0,-0.03508771929824561,-0.23875432525951557,99630.0,96426.66666666667,97500.0,0.5319593958734509,0.4561417898020032,0.1789924973204715,0.18152524167561768,0.12704918032786883,0.10408511492522332,0.14076327433628322,0.1282051282051282,144500.0,83400.0,-0.23875432525951557,0.31894484412470026,20701684.0,2277185240000.0,14099360000.0,14341210255.0,0.0061915735937231,yfinance_download,237690.KQ
2022-08-16,110800.0,111800.0,109100.0,109800.0,107340.546875,70004.0,-0.0018181818181818299,-0.24013840830449829,100440.0,96715.0,97604.16666666667,0.5329575037352235,0.45582314610457714,0.17307692307692313,0.18702702702702712,0.1284686536485098,0.09318996415770608,0.1352944217546399,0.12495197438633943,144500.0,83400.0,-0.24013840830449829,0.3165467625899281,20701684.0,2273044903200.0,7686439200.0,14518128655.0,0.0033815606498485825,yfinance_download,237690.KQ
2022-08-17,109800.0,109900.0,103800.0,105200.0,102843.578125,162717.0,-0.041894353369763215,-0.2719723183391003,100990.0,96898.33333333333,97663.33333333333,0.5622845877947761,0.46394873977329704,0.11677282377919318,0.11677282377919318,0.07237512742099894,0.04168729577185859,0.08567398820069161,0.07716986927881497,144500.0,83400.0,-0.2719723183391003,0.2613908872901678,20701684.0,2177817156800.0,17117828400.0,15198723295.0,0.007860085198865947,yfinance_download,237690.KQ
2022-08-18,104500.0,105600.0,103400.0,104100.0,101768.2109375,88942.0,-0.010456273764258506,-0.27958477508650514,101520.0,97000.0,97705.83333333333,0.5633529747524711,0.45777715024237753,0.11336898395721917,0.06224489795918364,0.051515151515151514,0.02541371158392436,0.07319587628865976,0.06544303905430415,144500.0,83400.0,-0.27958477508650514,0.24820143884892087,20701684.0,2155045304400.0,9258862200.0,15358628230.0,0.0042963654551001745,yfinance_download,237690.KQ
2022-08-19,104100.0,104200.0,102100.0,102300.0,100008.5390625,67134.0,-0.01729106628242072,-0.2920415224913495,102065.0,97101.66666666667,97754.16666666667,0.560183572740482,0.45758383173128725,0.11925601750547044,0.0634095634095635,0.060103626943005084,0.002302454318326541,0.05353495477248926,0.04650270661949607,144500.0,83400.0,-0.2920415224913495,0.22661870503597115,20701684.0,2117782273200.0,6867808200.0,15366237890.0,0.0032429245852656236,yfinance_download,237690.KQ
2022-08-22,101100.0,101200.0,98500.0,99000.0,96782.453125,99008.0,-0.032258064516129004,-0.31487889273356406,102485.0,97085.0,97755.83333333333,0.5745485215766784,0.4557093505578781,0.0927152317880795,-0.010000000000000009,0.002024291497975783,-0.0340049763380007,0.019724983262089824,0.012727288226619171,144500.0,83400.0,-0.31487889273356406,0.18705035971223016,20701684.0,2049466716000.0,9801792000.0,15673292840.0,0.004782606091369186,yfinance_download,237690.KQ
2022-08-23,97800.0,99700.0,96500.0,96800.0,94631.7265625,91519.0,-0.022222222222222254,-0.33010380622837365,102800.0,97020.0,97776.66666666667,0.5823853669581662,0.4577857111648127,0.0696132596685084,-0.038728897715988087,0.026511134676564074,-0.05836575875486383,-0.0022675736961451642,-0.009988749872157698,144500.0,83400.0,-0.33010380622837365,0.1606714628297361,20701684.0,2003923011200.0,8859039200.0,15938267500.0,0.004420848081730935,yfinance_download,237690.KQ
2022-08-24,98000.0,98700.0,96900.0,98200.0,96000.3671875,67222.0,0.01446280991735538,-0.32041522491349483,103195.0,96966.66666666667,97770.0,0.5830364391072931,0.45854903261036956,0.0874861572535992,-0.0315581854043393,-0.008080808080808133,-0.048403507921895406,0.01271914747335856,0.004398077119770916,144500.0,83400.0,-0.32041522491349483,0.1774580335731415,20701684.0,2032905368800.0,6601200400.0,16150490535.0,0.003247175447176181,yfinance_download,237690.KQ
2022-08-25,98700.0,101200.0,97300.0,99500.0,97271.2421875,80611.0,0.01323828920570258,-0.31141868512110726,103645.0,96921.66666666667,97770.0,0.5836939215035578,0.4590793454820597,0.09944751381215466,-0.026418786692759322,0.0,-0.03999228134497568,0.026602238921465737,0.017694589342334144,144500.0,83400.0,-0.31141868512110726,0.19304556354916058,20701684.0,2059817558000.0,8020794500.0,16397286585.0,0.0038939344258177256,yfinance_download,237690.KQ
2022-08-26,99700.0,100200.0,97400.0,97800.0,95609.328125,52543.0,-0.0170854271356784,-0.32318339100346016,104035.0,96821.66666666667,97731.66666666667,0.5879849004911107,0.4592012074591945,0.08666666666666667,-0.05780346820809246,-0.044921875,-0.059931753736723214,0.010104487631900527,0.0006991933696003372,144500.0,83400.0,-0.32318339100346016,0.17266187050359716,20701684.0,2024624695200.0,5138705400.0,16370172855.0,0.0025381026973457814,yfinance_download,237690.KQ
2022-08-29,93700.0,97800.0,93200.0,95200.0,93067.5703125,90696.0,-0.026584867075664653,-0.3411764705882353,104280.0,96675.0,97660.0,0.5984722688327611,0.46224190354291084,0.054263565891472965,-0.08461538461538465,-0.08285163776493254,-0.08707326428845419,-0.01525730540470649,-0.025189432725783334,144500.0,83400.0,-0.3411764705882353,0.14148681055155876,20701684.0,1970800316800.0,8634259200.0,16580411520.0,0.004381092861817425,yfinance_download,237690.KQ
2022-08-30,95500.0,98600.0,95500.0,98500.0,96293.65625,49179.0,0.034663865546218586,-0.31833910034602075,104295.0,96600.0,97645.83333333333,0.5247592405881705,0.46761877977291105,0.003054989816700715,-0.043689320388349495,-0.01696606786427146,-0.055563545711683204,0.019668737060041463,0.008747599743972767,144500.0,83400.0,-0.31833910034602075,0.18105515587529974,20701684.0,2039115874000.0,4844131500.0,14458448185.0,0.0023756038397649195,yfinance_download,237690.KQ
2022-08-31,96500.0,98500.0,96300.0,98500.0,96293.65625,52453.0,0.0,-0.31833910034602075,104350.0,96576.66666666667,97650.0,0.5237409393713064,0.4634839536790245,0.011293634496919891,-0.014014014014014031,0.005102040816326481,-0.05606133205558217,0.019915093362786074,0.008704557091653964,144500.0,83400.0,-0.31833910034602075,0.18105515587529974,20701684.0,2039115874000.0,5166620500.0,13979417380.0,0.0025337552249372563,yfinance_download,237690.KQ
2022-09-01,96800.0,97200.0,95100.0,95400.0,93263.09375,74282.0,-0.03147208121827416,-0.3397923875432526,104125.0,96490.0,97621.66666666667,0.5274105860905419,0.4677509379048396,-0.04504504504504503,-0.05168986083499005,-0.03441295546558709,-0.08379351740696284,-0.011296507410094359,-0.022757926006863327,144500.0,83400.0,-0.3397923875432526,0.14388489208633093,20701684.0,1974940653600.0,7086502800.0,13600821175.0,0.0035882105050004626,yfinance_download,237690.KQ
2022-09-02,96100.0,97400.0,94700.0,94700.0,92578.7734375,42395.0,-0.007337526205450695,-0.344636678200692,103560.0,96388.33333333333,97573.33333333333,0.4723157289491737,0.46793249117778835,-0.10660377358490569,-0.06051587301587302,-0.057711442786069655,-0.08555426805716493,-0.017515951100582683,-0.02944793659469791,144500.0,83400.0,-0.344636678200692,0.13549160671462834,20701684.0,1960449474800.0,4014806500.0,11885749300.0,0.0020479010306601146,yfinance_download,237690.KQ
2022-09-05,95400.0,95600.0,92000.0,93100.0,91014.6171875,49863.0,-0.0168954593453009,-0.35570934256055364,102530.0,96296.66666666667,97519.16666666667,0.3730958854934576,0.4670865696112787,-0.18117854001759015,-0.055780933062880345,-0.06526104417670686,-0.0919730810494489,-0.0331960261691302,-0.04531587807525017,144500.0,83400.0,-0.35570934256055364,0.11630695443645078,20701684.0,1927326780400.0,4642245300.0,10140749320.0,0.0024086446300697084,yfinance_download,237690.KQ
2022-09-06,92000.0,94900.0,92000.0,93600.0,91503.40625,43713.0,0.005370569280343629,-0.35224913494809684,101670.0,96313.33333333333,97515.83333333333,0.37182400595443965,0.44996567008420046,-0.15523465703971118,0.010799136069114423,-0.004255319148936176,-0.07937444673945115,-0.028171938810825692,-0.04015587212333038,144500.0,83400.0,-0.35224913494809684,0.1223021582733812,20701684.0,1937677622400.0,4091536800.0,8955866460.0,0.0021115673488205115,yfinance_download,237690.KQ
2022-09-07,92100.0,93500.0,90700.0,91200.0,89157.171875,74389.0,-0.02564102564102566,-0.36885813148788926,100455.0,96291.66666666667,97467.5,0.3245650177898491,0.4531534515564867,-0.21038961038961035,-0.014054054054054022,-0.0597938144329897,-0.09213080483798719,-0.05287754218952834,-0.06430348577731038,144500.0,83400.0,-0.36885813148788926,0.09352517985611519,20701684.0,1887993580800.0,6784276800.0,8191079325.0,0.003593379166641709,yfinance_download,237690.KQ
2022-09-08,92600.0,96000.0,92100.0,95000.0,92872.046875,101613.0,0.04166666666666674,-0.342560553633218,99595.0,96383.33333333333,97423.33333333333,0.3684757887076646,0.45582964279236654,-0.15329768270944744,0.06145251396648055,-0.05284147557328012,-0.046136854259752,-0.014352412242780499,-0.024874260101960477,144500.0,83400.0,-0.342560553633218,0.1390887290167866,20701684.0,1966659980000.0,9653235000.0,8117913495.0,0.004908441264971487,yfinance_download,237690.KQ
2022-09-13,97600.0,98300.0,93500.0,94400.0,92285.5,96628.0,-0.0063157894736841635,-0.3467128027681661,98615.0,96471.66666666667,97282.5,0.35748552688695323,0.4559467397448454,-0.1719298245614035,0.05948372615039288,-0.15184186882300088,-0.04274197637276278,-0.02147435343710591,-0.029630200704134912,144500.0,83400.0,-0.3467128027681661,0.1318944844124701,20701684.0,1954238969600.0,9121683200.0,7874556355.0,0.004667639598788196,yfinance_download,237690.KQ
2022-09-14,91900.0,91900.0,89600.0,89700.0,87690.7734375,173296.0,-0.04978813559322037,-0.37923875432525955,97600.0,96505.0,97099.16666666667,0.37501196062337316,0.46661978387968817,-0.18454545454545457,0.022805017103762815,-0.1969561324977619,-0.08094262295081966,-0.07051448111496816,-0.07620216445386596,144500.0,83400.0,-0.37923875432525955,0.07553956834532372,20701684.0,1856941054800.0,15544651200.0,7946820915.0,0.00837110642786355,yfinance_download,237690.KQ
2022-09-15,90200.0,90700.0,89200.0,89500.0,87495.25,61974.0,-0.0022296544035674826,-0.38062283737024216,96585.0,96535.0,96945.83333333333,0.37489742405140764,0.4666583361899785,-0.18488160291438982,0.020524515393386622,-0.17052826691380907,-0.07335507583993373,-0.07287512301237897,-0.0768040572484634,144500.0,83400.0,-0.38062283737024216,0.07314148681055155,20701684.0,1852800718000.0,5546673000.0,7839832605.0,0.0029936695005102,yfinance_download,237690.KQ
2022-09-16,88400.0,89300.0,86800.0,87100.0,85149.0078125,114133.0,-0.02681564245810053,-0.3972318339100346,95680.0,96438.33333333333,96761.66666666667,0.3614099030718716,0.4537105576627537,-0.17205323193916355,-0.06243272335844996,-0.20238095238095233,-0.08967391304347827,-0.09683217254549537,-0.09985014726906316,144500.0,83400.0,-0.3972318339100346,0.04436450839328532,20701684.0,1803116676400.0,9940984300.0,7480990400.0,0.0055132229822462755,yfinance_download,237690.KQ
2022-09-19,86500.0,88300.0,85100.0,85800.0,83878.125,75185.0,-0.014925373134328401,-0.40622837370242215,94765.0,96368.33333333333,96573.33333333333,0.3619719411634256,0.4502425026125791,-0.17579250720461093,-0.046666666666666634,-0.20848708487084866,-0.09460243760882181,-0.10966603829058641,-0.1115559850890514,144500.0,83400.0,-0.40622837370242215,0.02877697841726623,20701684.0,1776204487200.0,6450873000.0,7340590940.0,0.003631830144832662,yfinance_download,237690.KQ
2022-09-20,86900.0,90400.0,86800.0,89000.0,87006.4453125,97712.0,0.037296037296037365,-0.38408304498269896,94100.0,96376.66666666667,96423.33333333333,0.3963625249202417,0.45547100789756023,-0.1300097751710655,0.005649717514124353,-0.16822429906542058,-0.054197662061636565,-0.07653996472175151,-0.07698689805372139,144500.0,83400.0,-0.38408304498269896,0.06714628297362113,20701684.0,1842449876000.0,8696368000.0,7432018930.0,0.004720002488686427,yfinance_download,237690.KQ
2022-09-21,88900.0,88900.0,84900.0,85000.0,83096.046875,88203.0,-0.0449438202247191,-0.4117647058823529,93400.0,96238.33333333333,96249.16666666667,0.4095733901313993,0.45081372319305124,-0.14141414141414144,-0.08896034297963562,-0.19735599622285172,-0.08993576017130622,-0.11677605943577574,-0.11687547078329685,144500.0,83400.0,-0.4117647058823529,0.01918465227817756,20701684.0,1759643140000.0,7497255000.0,7316792080.0,0.004260667876101287,yfinance_download,237690.KQ
2022-09-22,84800.0,84800.0,82500.0,84000.0,82118.4453125,75719.0,-0.0117647058823529,-0.4186851211072664,92760.0,96075.0,96084.16666666667,0.4061806970331653,0.4511216269447397,-0.1322314049586777,-0.10447761194029848,-0.19075144508670516,-0.09443725743855114,-0.12568306010928965,-0.12576647210345104,144500.0,83400.0,-0.4186851211072664,0.007194244604316502,20701684.0,1738941456000.0,6360396000.0,7191859920.0,0.003657625147789909,yfinance_download,237690.KQ
2022-09-23,83100.0,84700.0,80500.0,81100.0,79283.3984375,85392.0,-0.03452380952380951,-0.4387543252595155,91905.0,95886.66666666667,95883.33333333333,0.4094479223015343,0.45539043187655337,-0.17413441955193487,-0.12229437229437234,-0.22908745247148288,-0.11756705293509606,-0.15420983105054586,-0.15418042760298967,144500.0,81100.0,-0.4387543252595155,0.0,20701684.0,1678906572400.0,6925291200.0,7208064460.0,0.004124881821208361,yfinance_download,237690.KQ
2022-09-26,79300.0,82100.0,78700.0,79100.0,77328.203125,108256.0,-0.024660912453760786,-0.4525951557093426,90885.0,95706.66666666667,95673.33333333333,0.4039596352431616,0.4548485556614511,-0.20502512562814068,-0.12013348164627369,-0.24161073825503354,-0.129669362381031,-0.17351629980495964,-0.17322834645669283,144500.0,79100.0,-0.4525951557093426,0.0,20701684.0,1637503204400.0,8563049600.0,7235177215.0,0.005229333033969603,yfinance_download,237690.KQ
2022-09-27,79200.0,80600.0,79000.0,80300.0,78501.3203125,62467.0,0.015170670037926604,-0.4442906574394464,90010.0,95546.66666666667,95535.83333333333,0.41372845480670073,0.4561562404561148,-0.17893660531697342,-0.10678531701890992,-0.17045454545454541,-0.1078769025663815,-0.15957298353335203,-0.159477682893853,144500.0,79100.0,-0.4442906574394464,0.015170670037926604,20701684.0,1662345225200.0,5016100100.0,7229046950.0,0.0030174839882591196,yfinance_download,237690.KQ
2022-09-28,79600.0,83600.0,79600.0,81400.0,79576.6875,80314.0,0.013698630136986356,-0.43667820069204155,89320.0,95451.66666666667,95402.5,0.4163498719082939,0.4529468649217558,-0.14495798319327735,-0.06544202066590121,-0.16427104722792607,-0.08866995073891626,-0.14721237624626782,-0.1467728833101858,144500.0,79100.0,-0.43667820069204155,0.029077117572692712,20701684.0,1685117077600.0,6537559600.0,7124211970.0,0.0038795877668695937,yfinance_download,237690.KQ
2022-09-29,83700.0,85300.0,82400.0,82400.0,80554.2734375,84697.0,0.01228501228501222,-0.42975778546712806,88515.0,95295.0,95275.0,0.39324825007346054,0.43929935866007264,-0.1634517766497462,-0.10239651416122009,-0.15660184237461616,-0.06908433598825059,-0.13531664830263912,-0.1351351351351351,144500.0,79100.0,-0.42975778546712806,0.041719342604298326,20701684.0,1705818761600.0,6979032800.0,7230957035.0,0.0040913096731647535,yfinance_download,237690.KQ
2022-09-30,80700.0,83400.0,80700.0,82500.0,80652.046875,46695.0,0.0012135922330096527,-0.4290657439446367,87715.0,95128.33333333333,95146.66666666667,0.3936233178552529,0.43893134563245445,-0.1624365482233503,-0.10810810810810811,-0.1573033707865169,-0.05945391324174887,-0.13275049494542457,-0.132917600896861,144500.0,79100.0,-0.4290657439446367,0.04298356510745882,20701684.0,1707888930000.0,3852337500.0,7165242885.0,0.002255613601289634,yfinance_download,237690.KQ
2022-10-04,83300.0,86900.0,83000.0,85500.0,83584.8359375,87615.0,0.036363636363636376,-0.40830449826989623,87220.0,95008.33333333333,95056.66666666667,0.4142933531352359,0.44570594566395383,-0.10377358490566035,-0.07766990291262132,-0.11214953271028039,-0.01972024764962166,-0.10007894044382071,-0.1005365220745521,144500.0,79100.0,-0.40830449826989623,0.08091024020227566,20701684.0,1769993982000.0,7491082500.0,7185471870.0,0.004232264389698925,yfinance_download,237690.KQ
2022-10-05,87500.0,87900.0,82000.0,83200.0,81336.3671875,74126.0,-0.026900584795321647,-0.4242214532871972,86645.0,94783.33333333333,94960.83333333333,0.42142868964523617,0.43916429476550056,-0.12143611404435062,-0.13960703205791103,-0.12143611404435062,-0.03975993998499627,-0.12220854580622464,-0.12384930629294533,144500.0,79100.0,-0.4242214532871972,0.05183312262958273,20701684.0,1722380108800.0,6167283200.0,7293095705.0,0.0035806748861590197,yfinance_download,237690.KQ
2022-10-06,83800.0,86100.0,83300.0,86000.0,84073.6484375,38672.0,0.033653846153846256,-0.40484429065743943,86290.0,94631.66666666667,94882.5,0.4419789356742287,0.44414914837436076,-0.07626208378088073,-0.09568874868559407,-0.0985324947589099,-0.0033607602271410464,-0.09121330069215738,-0.09361578794825176,144500.0,79100.0,-0.40484429065743943,0.08723135271807836,20701684.0,1780344824000.0,3325792000.0,7227273040.0,0.0018680605886941372,yfinance_download,237690.KQ
2022-10-07,84800.0,86400.0,83500.0,84500.0,82607.25,65209.0,-0.01744186046511631,-0.4152249134948097,85835.0,94440.0,94815.0,0.443261185973302,0.4447875408802869,-0.09722222222222221,-0.11979166666666663,-0.08747300215982723,-0.015553096056387217,-0.1052520118593816,-0.10879080314296263,144500.0,79100.0,-0.4152249134948097,0.06826801517067005,20701684.0,1749292298000.0,5510160500.0,7298204225.0,0.0031499369809721758,yfinance_download,237690.KQ
2022-10-11,82300.0,82500.0,78700.0,79400.0,77621.4765625,103247.0,-0.06035502958579886,-0.45051903114186853,85245.0,94190.0,94707.5,0.48054105887343124,0.45980592270118226,-0.12938596491228072,-0.15889830508474578,-0.13976164680390035,-0.06856707138248574,-0.15702303853912303,-0.1616292268299765,144500.0,79100.0,-0.45051903114186853,0.0037926675094817064,20701684.0,1643713709600.0,8197811800.0,7368880975.0,0.0049873720418107045,yfinance_download,237690.KQ
2022-10-12,79400.0,80300.0,78200.0,79900.0,78110.2890625,46609.0,0.006297229219143663,-0.44705882352941173,84490.0,93941.66666666667,94578.33333333333,0.44891350016565423,0.4599536675693048,-0.15894736842105261,-0.15717299578059074,-0.16247379454926625,-0.05432595573440646,-0.14947219018894708,-0.1551976315928595,144500.0,79100.0,-0.44705882352941173,0.010113780025284402,20701684.0,1654064551600.0,3724059100.0,7072422180.0,0.002251459349877044,yfinance_download,237690.KQ
2022-10-13,80000.0,80300.0,75800.0,76900.0,75177.484375,99311.0,-0.03754693366708384,-0.4678200692041522,83615.0,93675.0,94423.33333333333,0.46067750269209673,0.4641946945565439,-0.1853813559322034,-0.17222820236813774,-0.19476439790575917,-0.08030855707707951,-0.1790765946090206,-0.1855826596533342,144500.0,76900.0,-0.4678200692041522,0.0,20701684.0,1591959499600.0,7637015900.0,6998188815.0,0.004797242581811219,yfinance_download,237690.KQ
2022-10-14,78300.0,82500.0,78300.0,82300.0,80456.5234375,82526.0,0.07022106631989589,-0.4304498269896194,83245.0,93491.66666666667,94307.5,0.5161203312949242,0.4875310190060715,-0.08249721293199552,-0.11789924973204713,-0.14449064449064453,-0.011352033155144436,-0.11970763882698998,-0.12732285343159344,144500.0,76900.0,-0.4304498269896194,0.07022106631989589,20701684.0,1703748593200.0,6791889800.0,6560550745.0,0.003986438977621337,yfinance_download,237690.KQ
2022-10-17,81000.0,81400.0,78600.0,80600.0,78794.609375,43386.0,-0.020656136087484844,-0.4422145328719723,82800.0,93275.0,94184.16666666667,0.5195122807367766,0.4889698941112185,-0.09944134078212286,-0.13888888888888884,-0.15513626834381555,-0.02657004830917875,-0.13588850174216027,-0.14422983339379414,144500.0,76900.0,-0.4422145328719723,0.04811443433029905,20701684.0,1668555730400.0,3496911600.0,6458062675.0,0.002095771532402871,yfinance_download,237690.KQ
2022-10-18,82200.0,84100.0,81300.0,83600.0,81727.3984375,51660.0,0.037220843672456594,-0.42145328719723185,82625.0,93098.33333333333,94075.0,0.5329382233325499,0.49527745991696953,-0.04018369690011481,-0.11252653927813161,-0.1354705274043433,0.01180030257186071,-0.10202474086539315,-0.11134732925857027,144500.0,76900.0,-0.42145328719723185,0.08712613784135237,20701684.0,1730660782400.0,4318776000.0,6176952260.0,0.0024954491624932544,yfinance_download,237690.KQ
2022-10-19,83200.0,84300.0,81500.0,81800.0,79967.734375,50775.0,-0.021531100478468845,-0.4339100346020761,82425.0,92903.33333333333,93948.33333333333,0.5356517636750342,0.4968372854411809,-0.046620046620046596,-0.12513368983957218,-0.15670103092783505,-0.0075826508947528515,-0.11951490796885644,-0.12930866256275608,144500.0,76900.0,-0.4339100346020761,0.06371911573472033,20701684.0,1693397751200.0,4153395000.0,6062078360.0,0.00245269901714276,yfinance_download,237690.KQ
2022-10-20,81800.0,82200.0,79800.0,81100.0,79283.3984375,68677.0,-0.008557457212713948,-0.4387543252595155,82030.0,92731.66666666667,93820.83333333333,0.5155641532144316,0.49517634410961164,-0.08876404494382018,-0.11269146608315095,-0.15871369294605808,-0.011337315616237964,-0.1254335987347005,-0.13558644579650925,144500.0,76900.0,-0.4387543252595155,0.0546163849154746,20701684.0,1678906572400.0,5569704700.0,5905745195.0,0.003317459584447333,yfinance_download,237690.KQ
2022-10-21,81100.0,82100.0,79900.0,80500.0,78696.84375,57193.0,-0.007398273736128225,-0.4429065743944637,81805.0,92563.33333333333,93700.0,0.49287701482326746,0.4950996040991508,-0.05294117647058827,-0.11147902869757176,-0.15263157894736845,-0.015952570136299693,-0.1303251827577514,-0.14087513340448243,144500.0,76900.0,-0.4429065743944637,0.04681404421326407,20701684.0,1666485562000.0,4604036500.0,5761084270.0,0.002762722105119564,yfinance_download,237690.KQ
2022-10-24,82400.0,84400.0,81800.0,82400.0,80554.2734375,59256.0,0.023602484472049712,-0.42975778546712806,81725.0,92428.33333333333,93616.66666666667,0.49977188950793977,0.4977651259679777,-0.01904761904761909,-0.08950276243093924,-0.10822510822510822,0.008259406546344383,-0.10849847629695075,-0.11981484778351437,144500.0,76900.0,-0.42975778546712806,0.07152145643693109,20701684.0,1705818761600.0,4882694400.0,5687199190.0,0.00286237583377275,yfinance_download,237690.KQ
2022-10-25,83300.0,83300.0,81600.0,82400.0,80554.2734375,26603.0,0.0,-0.42975778546712806,81790.0,92296.66666666667,93505.0,0.483346727193876,0.4977643875856085,0.01602959309494456,-0.0874861572535991,-0.13987473903966596,0.00745812446509353,-0.10722669652208461,-0.11876370247580348,144500.0,76900.0,-0.42975778546712806,0.07152145643693109,20701684.0,1705818761600.0,2192087200.0,5450538990.0,0.001285064538710957,yfinance_download,237690.KQ
2022-10-26,82500.0,83400.0,81900.0,82400.0,80554.2734375,38250.0,0.0,-0.42975778546712806,81955.0,92161.66666666667,93404.16666666667,0.47365327671084945,0.4977230786922177,0.041719342604298326,-0.08950276243093924,-0.12804232804232807,0.005429809041547218,-0.10591894677830627,-0.11781237453718163,144500.0,76900.0,-0.42975778546712806,0.07152145643693109,20701684.0,1705818761600.0,3151800000.0,5179976510.0,0.001847675773623054,yfinance_download,237690.KQ
2022-10-27,83000.0,85500.0,82600.0,84600.0,82705.0078125,59597.0,0.02669902912621369,-0.41453287197231836,82170.0,92071.66666666667,93291.66666666667,0.47948603231457915,0.5008664218973625,0.0535491905354919,-0.06000000000000005,-0.13761467889908252,0.02957283680175249,-0.0811505530112413,-0.09316659222867352,144500.0,76900.0,-0.41453287197231836,0.10013003901170348,20701684.0,1751362466400.0,5041906200.0,5181266815.0,0.0028788479236761606,yfinance_download,237690.KQ
2022-10-28,85000.0,85000.0,83400.0,84500.0,82607.25,53764.0,-0.0011820330969266601,-0.4152249134948097,82325.0,91975.0,93178.33333333333,0.47800731692861426,0.5008024704506441,0.03808353808353804,-0.06423034330011079,-0.13863404689092762,0.026419678105071398,-0.08127208480565373,-0.09313681649882832,144500.0,76900.0,-0.4152249134948097,0.0988296488946685,20701684.0,1749292298000.0,4543058000.0,5081541735.0,0.002597083406354768,yfinance_download,237690.KQ
2022-10-31,85200.0,85200.0,82200.0,83300.0,81434.1328125,63573.0,-0.014201183431952646,-0.42352941176470593,82370.0,91726.66666666667,93007.5,0.47991082718395445,0.4665796345093346,0.010922330097087318,-0.15173116089613037,-0.19749518304431601,0.011290518392618631,-0.09186714150737707,-0.10437330322823424,144500.0,76900.0,-0.42352941176470593,0.08322496749024699,20701684.0,1724450277200.0,5295630900.0,4997371640.0,0.003070909593634991,yfinance_download,237690.KQ
2022-11-01,82000.0,82000.0,75000.0,76100.0,74395.40625,369341.0,-0.08643457382953179,-0.4733564013840831,82050.0,91371.66666666667,92796.66666666667,0.5714503862106026,0.4973295414563521,-0.07757575757575763,-0.21868583162217659,-0.24950690335305725,-0.07251675807434488,-0.16713788008682495,-0.179927439922411,144500.0,76100.0,-0.4733564013840831,0.0,20701684.0,1575398152400.0,28106850100.0,6210097270.0,0.017841108964855225,yfinance_download,237690.KQ
2022-11-02,75600.0,75700.0,73700.0,75100.0,73417.796875,141581.0,-0.013140604467805517,-0.48027681660899657,81530.0,90958.33333333333,92614.16666666667,0.5524564325018283,0.4939152140072705,-0.12163742690058477,-0.2482482482482482,-0.22577319587628863,-0.07886667484361587,-0.17434722858451668,-0.1891089376175351,144500.0,75100.0,-0.48027681660899657,0.0,20701684.0,1554696468400.0,10632733100.0,6367179800.0,0.006839105456348382,yfinance_download,237690.KQ
2022-11-03,74000.0,74400.0,71800.0,72500.0,70876.03125,138106.0,-0.03462050599201061,-0.4982698961937716,80995.0,90400.0,92445.83333333333,0.5570126813107102,0.47854531630877417,-0.12860576923076927,-0.3160377358490566,-0.21790722761596548,-0.10488301747021422,-0.19800884955752207,-0.21575697480506595,144500.0,72500.0,-0.4982698961937716,0.0,20701684.0,1500872090000.0,10012685000.0,6559449890.0,0.00667124471613034,yfinance_download,237690.KQ
2022-11-04,72600.0,73800.0,71800.0,72800.0,71169.3203125,98613.0,0.004137931034482678,-0.49619377162629763,80335.0,89718.33333333333,92261.66666666667,0.5385006262542406,0.450305613767527,-0.15348837209302324,-0.35971855760773963,-0.23287671232876717,-0.09379473454907572,-0.18857164087607503,-0.21093989919973988,144500.0,72500.0,-0.49619377162629763,0.004137931034482678,20701684.0,1507082595200.0,7179026400.0,6752111610.0,0.00476352551802066,yfinance_download,237690.KQ
2022-11-07,73100.0,74900.0,72700.0,74800.0,73124.515625,78169.0,0.027472527472527375,-0.48235294117647054,79850.0,89118.33333333333,92124.16666666667,0.5512233638473155,0.45408239219768903,-0.11479289940828408,-0.3249097472924187,-0.1807228915662651,-0.06324358171571698,-0.16066652952067473,-0.1880523568734227,144500.0,72500.0,-0.48235294117647054,0.03172413793103446,20701684.0,1548485963200.0,5847041200.0,6768955645.0,0.003775973007799752,yfinance_download,237690.KQ
2022-11-08,74800.0,78500.0,74700.0,78200.0,76448.359375,132522.0,0.045454545454545414,-0.45882352941176474,79790.0,88496.66666666667,92001.66666666667,0.5393932287148835,0.45550887338673623,-0.015113350125944613,-0.322943722943723,-0.15823466092572658,-0.019927309186614894,-0.11635089833892054,-0.15001539827177046,144500.0,72500.0,-0.45882352941176474,0.07862068965517244,20701684.0,1618871688800.0,10363220400.0,6877226075.0,0.006401508205805866,yfinance_download,237690.KQ
2022-11-09,78500.0,79700.0,77800.0,78900.0,77132.6796875,78593.0,0.008951406649616356,-0.4539792387543252,79740.0,87941.66666666667,91884.16666666667,0.5398998362443808,0.4540814178711724,-0.01251564455569465,-0.29679144385026734,-0.15161290322580645,-0.010534236267870534,-0.10281436558324653,-0.14131016406526342,144500.0,72500.0,-0.4539792387543252,0.08827586206896543,20701684.0,1633362867600.0,6200987700.0,7001072505.0,0.003796454433368802,yfinance_download,237690.KQ
2022-11-10,77600.0,78300.0,76100.0,76500.0,74786.4453125,83946.0,-0.03041825095057038,-0.47058823529411764,79720.0,87316.66666666667,91730.83333333333,0.5338973404960337,0.4546727514223617,-0.005201560468140465,-0.32894736842105265,-0.19388830347734454,-0.04039136979427993,-0.12387860278679141,-0.1660383186315033,144500.0,72500.0,-0.47058823529411764,0.05517241379310356,20701684.0,1583678826000.0,6421869000.0,6940315160.0,0.004055032431178063,yfinance_download,237690.KQ
2022-11-11,80900.0,81300.0,77900.0,80700.0,78892.3671875,172323.0,0.05490196078431375,-0.44152249134948096,79640.0,86828.33333333333,91627.5,0.5094923588914091,0.4674921145561613,-0.019441069258809285,-0.26636363636363636,-0.13319011815252413,0.013309894525364241,-0.07057987983953007,-0.1192600474748301,144500.0,72500.0,-0.44152249134948096,0.11310344827586216,20701684.0,1670625898800.0,13906466100.0,7296043975.0,0.008324105420602497,yfinance_download,237690.KQ
2022-11-14,80700.0,81200.0,78700.0,79500.0,77719.2421875,76619.0,-0.014869888475836479,-0.44982698961937717,79585.0,86323.33333333333,91519.16666666667,0.5068612152171761,0.4679109750049553,-0.013647642679900707,-0.27595628415300544,-0.14054054054054055,-0.001068040459885622,-0.07904390469938594,-0.13132950292743784,144500.0,72500.0,-0.44982698961937717,0.096551724137931,20701684.0,1645783878000.0,6091210500.0,7425758920.0,0.003701099871875158,yfinance_download,237690.KQ
2022-11-15,80000.0,82600.0,79000.0,82200.0,80358.765625,96482.0,0.03396226415094339,-0.4311418685121108,79515.0,85940.0,91419.16666666667,0.5037934804954787,0.4681466549180382,-0.01674641148325362,-0.21863117870722437,-0.1273885350318471,0.03376721373325786,-0.043518734000465464,-0.10084500879647784,144500.0,72500.0,-0.4311418685121108,0.13379310344827577,20701684.0,1701678424800.0,7930820400.0,7606361140.0,0.004660587032436588,yfinance_download,237690.KQ
2022-11-16,83800.0,83800.0,79500.0,80700.0,78892.3671875,100377.0,-0.018248175182481785,-0.44152249134948096,79460.0,85550.0,91275.0,0.5020954922428398,0.4689005242229505,-0.01344743276283622,-0.2247838616714697,-0.17653061224489797,0.015605336018122307,-0.05669199298655758,-0.11585866885784712,144500.0,72500.0,-0.44152249134948096,0.11310344827586216,20701684.0,1670625898800.0,8100423900.0,7803712585.0,0.0048487359772277465,yfinance_download,237690.KQ
2022-11-17,81000.0,83700.0,79800.0,81500.0,79674.4453125,114630.0,0.00991325898389106,-0.4359861591695502,79480.0,85203.33333333333,91152.5,0.5022957770290064,0.4688729218375886,0.004932182490752224,-0.20332355816226788,-0.15280665280665284,0.02541519879214893,-0.043464653182582746,-0.10589396889827485,144500.0,72500.0,-0.4359861591695502,0.12413793103448278,20701684.0,1687187246000.0,9342345000.0,7992344600.0,0.005537230690991129,yfinance_download,237690.KQ
2022-11-18,82000.0,82700.0,81100.0,81900.0,80065.484375,75003.0,0.004907975460122671,-0.43321799307958475,79550.0,84918.33333333333,91001.66666666667,0.5015537309253842,0.4652587302179194,0.017391304347825987,-0.17272727272727273,-0.18100000000000005,0.029541169076052753,-0.035543953995014754,-0.10001648321459322,144500.0,72500.0,-0.43321799307958475,0.1296551724137931,20701684.0,1695467919600.0,6142745700.0,8069280060.0,0.003623038589517645,yfinance_download,237690.KQ
2022-11-21,81900.0,82200.0,80100.0,81000.0,79185.640625,65786.0,-0.01098901098901095,-0.4394463667820069,79480.0,84655.0,90837.5,0.4961947918128219,0.46381607956822796,-0.016990291262135915,-0.16322314049586772,-0.19563058589870908,0.019124308002013146,-0.04317524068277123,-0.10829778450529792,144500.0,72500.0,-0.4394463667820069,0.11724137931034484,20701684.0,1676836404000.0,5328666000.0,8091578640.0,0.0031778091096357187,yfinance_download,237690.KQ
2022-11-22,80900.0,81400.0,78700.0,78700.0,76937.1640625,61196.0,-0.02839506172839501,-0.45536332179930794,79295.0,84330.0,90648.33333333333,0.5060417768270737,0.46541757255361216,-0.04490291262135926,-0.1985743380855397,-0.2238658777120316,-0.007503625701494432,-0.0667615320763667,-0.13180974094026365,144500.0,72500.0,-0.45536332179930794,0.08551724137931038,20701684.0,1629222530800.0,4816125200.0,8222780540.0,0.002956088016800952,yfinance_download,237690.KQ
2022-11-23,79700.0,79700.0,77700.0,78200.0,76448.359375,58347.0,-0.006353240152477735,-0.45882352941176474,79085.0,83975.0,90448.33333333333,0.5062436986787914,0.46418178469901766,-0.050970873786407744,-0.21407035175879396,-0.23483365949119372,-0.01119049124359861,-0.06877046740101223,-0.1354180102821131,144500.0,72500.0,-0.45882352941176474,0.07862068965517244,20701684.0,1618871688800.0,4562735400.0,8293327310.0,0.0028184663624466495,yfinance_download,237690.KQ
2022-11-24,78400.0,80100.0,78400.0,80000.0,78208.046875,35611.0,0.023017902813299296,-0.44636678200692037,78855.0,83678.33333333333,90250.0,0.5036259380201765,0.46647030326420164,-0.05437352245862881,-0.1820040899795501,-0.22928709055876684,0.014520322110202377,-0.043958013822773645,-0.11357340720221609,144500.0,72500.0,-0.44636678200692037,0.10344827586206895,20701684.0,1656134720000.0,2848880000.0,8183676000.0,0.0017201982215553093,yfinance_download,237690.KQ
2022-11-25,80000.0,80000.0,77500.0,77800.0,76057.3125,56790.0,-0.02749999999999997,-0.46159169550173007,78520.0,83388.33333333333,90031.66666666667,0.5114500793841136,0.466672353686226,-0.07928994082840235,-0.1827731092436975,-0.2519230769230769,-0.009169638308711203,-0.06701576959206923,-0.13585960495381255,144500.0,72500.0,-0.46159169550173007,0.07310344827586213,20701684.0,1610591015200.0,4418262000.0,8177436200.0,0.0027432550897791698,yfinance_download,237690.KQ
2022-11-28,77800.0,77800.0,75200.0,75200.0,73515.5625,58075.0,-0.033419023136246784,-0.4795847750865052,78115.0,83000.0,89800.0,0.5211789040938231,0.4640969631195892,-0.09723889555822329,-0.23654822335025383,-0.26990291262135924,-0.03731677654739807,-0.09397590361445785,-0.16258351893095768,144500.0,72500.0,-0.4795847750865052,0.03724137931034477,20701684.0,1556766636800.0,4367240000.0,8131016655.0,0.0028053273347231076,yfinance_download,237690.KQ
2022-11-29,75700.0,78300.0,75500.0,76700.0,74981.9609375,59494.0,0.019946808510638236,-0.4692041522491349,78145.0,82636.66666666667,89606.66666666667,0.4280717000981657,0.4666368835184902,0.007884362680683266,-0.2213197969543147,-0.23223223223223222,-0.01849126623584363,-0.07184058730991094,-0.1440369020162191,144500.0,72500.0,-0.4692041522491349,0.0579310344827586,20701684.0,1587819162800.0,4563189800.0,6953833640.0,0.0028738724830308492,yfinance_download,237690.KQ
2022-11-30,76700.0,77200.0,75600.0,76400.0,74688.671875,44539.0,-0.003911342894393766,-0.471280276816609,78210.0,82320.0,89405.0,0.4253486573281467,0.463044073671187,0.017310252996005415,-0.19916142557651995,-0.2405566600397614,-0.023142820611175008,-0.07191448007774537,-0.14546166321794085,144500.0,72500.0,-0.471280276816609,0.053793103448275925,20701684.0,1581608657600.0,3402779600.0,6592335965.0,0.0021514674844809725,yfinance_download,237690.KQ
2022-12-01,78000.0,79000.0,76600.0,77400.0,75666.28125,64813.0,0.01308900523560208,-0.4643598615916955,78455.0,82031.66666666667,89210.0,0.40530521961876076,0.4641694960300007,0.06758620689655181,-0.18268215417106648,-0.2321428571428571,-0.013447199031291879,-0.05646193543143918,-0.13238426185405228,144500.0,72500.0,-0.4643598615916955,0.06758620689655181,20701684.0,1602310341600.0,5016526200.0,6342528025.0,0.0031308081023746666,yfinance_download,237690.KQ
2022-12-02,77000.0,77700.0,75700.0,75900.0,74199.8828125,42247.0,-0.019379844961240345,-0.4747404844290657,78610.0,81745.0,89020.83333333333,0.4133941842795142,0.4645164528243786,0.04258241758241765,-0.1847475832438239,-0.2302231237322515,-0.03447398549802827,-0.07150284421065511,-0.1473905920898666,144500.0,72500.0,-0.4747404844290657,0.04689655172413798,20701684.0,1571257815600.0,3206547300.0,6143904070.0,0.0020407518538105404,yfinance_download,237690.KQ
2022-12-05,75900.0,78300.0,75900.0,78000.0,76252.84375,61680.0,0.027667984189723382,-0.46020761245674735,78770.0,81485.0,88899.16666666667,0.4135519229423831,0.4684585498209057,0.04278074866310155,-0.16666666666666663,-0.1576673866090713,-0.009775295163133135,-0.04276860771921209,-0.12260144920743543,144500.0,72500.0,-0.46020761245674735,0.07586206896551717,20701684.0,1614731352000.0,4811040000.0,6092104010.0,0.002979467757309019,yfinance_download,237690.KQ
2022-12-06,77400.0,81000.0,76500.0,78700.0,76937.1640625,91347.0,0.008974358974358942,-0.45536332179930794,78795.0,81276.66666666667,88784.16666666667,0.3822904910966954,0.46655546158261557,0.006393861892583175,-0.13706140350877194,-0.14918918918918922,-0.0012056602576305808,-0.03170241561743847,-0.11358068724716308,144500.0,72500.0,-0.45536332179930794,0.08551724137931038,20701684.0,1629222530800.0,7189008900.0,5933393435.0,0.004412539578905755,yfinance_download,237690.KQ
2022-12-07,78200.0,82500.0,76800.0,82000.0,80163.2421875,167489.0,0.04193138500635318,-0.4325259515570934,78950.0,81060.0,88721.66666666667,0.4088563293578731,0.4666616536200531,0.03929024081115329,-0.13684210526315788,-0.08379888268156421,0.0386320455984801,0.011596348383913213,-0.07576127590028747,144500.0,72500.0,-0.4325259515570934,0.13103448275862073,20701684.0,1697538088000.0,13734098000.0,6310048950.0,0.00809059784701573,yfinance_download,237690.KQ
2022-12-08,82000.0,82600.0,80500.0,81800.0,79967.734375,123966.0,-0.0024390243902439046,-0.4339100346020761,79215.0,80850.0,88660.83333333333,0.39088064298979963,0.4665769511047105,0.06928104575163396,-0.13347457627118642,-0.08193041526374856,0.0326327084516822,0.011750154607297558,-0.07738291052982804,144500.0,72500.0,-0.4339100346020761,0.12827586206896546,20701684.0,1693397751200.0,10140418800.0,6495976440.0,0.005988208495502105,yfinance_download,237690.KQ
2022-12-09,82500.0,84700.0,81500.0,83700.0,81825.1640625,143500.0,0.023227383863080764,-0.4207612456747405,79365.0,80750.0,88627.5,0.34979784911224365,0.458533075651019,0.037174721189590976,-0.06688963210702337,-0.04561003420752563,0.0546210546210546,0.0365325077399381,-0.055597867479055596,144500.0,72500.0,-0.4207612456747405,0.1544827586206896,20701684.0,1732730950800.0,12010950000.0,6401200635.0,0.006931803229147928,yfinance_download,237690.KQ
2022-12-12,83700.0,83800.0,82000.0,82500.0,80652.046875,51276.0,-0.014336917562724039,-0.4290657439446367,79515.0,80633.33333333333,88584.16666666667,0.3494607426005919,0.4593715065345987,0.037735849056603765,-0.07821229050279332,-0.05929304446978334,0.037540086776080006,0.023150062009094752,-0.0686823266008787,144500.0,72500.0,-0.4290657439446367,0.13793103448275867,20701684.0,1707888930000.0,4230270000.0,6308153610.0,0.0024768999468835484,yfinance_download,237690.KQ
2022-12-13,82400.0,85900.0,82400.0,83900.0,82020.6875,97104.0,0.01696969696969708,-0.41937716262975777,79600.0,80580.0,88509.16666666667,0.3337537909809229,0.4575992604486418,0.020681265206812682,-0.036739380022962065,-0.09687836383207749,0.05402010050251249,0.041201290642839394,-0.052075585391343715,144500.0,72500.0,-0.41937716262975777,0.15724137931034488,20701684.0,1736871287600.0,8147025600.0,6318963870.0,0.004690632897304393,yfinance_download,237690.KQ
2022-12-14,87700.0,93500.0,87600.0,88800.0,86810.921875,461783.0,0.05840286054827182,-0.3854671280276817,80005.0,80630.0,88499.16666666667,0.38185007640124646,0.471979861494285,0.1003717472118959,0.034965034965035,-0.013333333333333308,0.10993062933566655,0.10132704948530313,0.0033992787126055912,144500.0,72500.0,-0.3854671280276817,0.22482758620689647,20701684.0,1838309539200.0,41006330400.0,7964259195.0,0.022306542791398033,yfinance_download,237690.KQ
2022-12-15,90200.0,92000.0,87200.0,89700.0,87690.7734375,168821.0,0.010135135135135087,-0.37923875432525955,80415.0,80641.66666666667,88509.16666666667,0.38188824076525535,0.46630901154772647,0.10061349693251542,0.00786516853932584,0.013559322033898313,0.11546353292296208,0.11232820088870521,0.01345435030269937,144500.0,72500.0,-0.37923875432525955,0.23724137931034472,20701684.0,1856941054800.0,15143243700.0,8254304130.0,0.008154940438661898,yfinance_download,237690.KQ
2022-12-16,88100.0,90300.0,87400.0,88900.0,86908.6796875,131411.0,-0.00891861761426982,-0.3847750865051903,80765.0,80706.66666666667,88472.5,0.3851097910699531,0.4570478245960656,0.08547008547008539,0.045882352941176485,-0.047159699892818874,0.10072432365504858,0.10151990748389217,0.004832009946593496,144500.0,72500.0,-0.3847750865051903,0.2262068965517241,20701684.0,1840379707600.0,11682437900.0,8531288740.0,0.006347841074185076,yfinance_download,237690.KQ
2022-12-19,87800.0,88700.0,86600.0,88600.0,86615.40625,66821.0,-0.003374578177727794,-0.3868512110726644,81145.0,80783.33333333333,88429.16666666667,0.3820138754355761,0.4563576215394626,0.09382716049382722,0.05476190476190479,-0.05543710021321957,0.091872573787664,0.09676088302042518,0.0019318663713894235,144500.0,72500.0,-0.3868512110726644,0.22206896551724142,20701684.0,1834169202400.0,5920340600.0,8560872470.0,0.003227805042333754,yfinance_download,237690.KQ
2022-12-20,88400.0,89300.0,85800.0,86300.0,84366.9296875,82117.0,-0.025959367945823875,-0.40276816608996535,81525.0,80870.0,88378.33333333333,0.3792977302629767,0.4538168291014749,0.09656925031766206,0.06411837237977802,-0.06601731601731597,0.058570990493713504,0.0671448002967725,-0.023516321873762402,144500.0,72500.0,-0.40276816608996535,0.19034482758620697,20701684.0,1786555329200.0,7086697100.0,8674401065.0,0.003966682130787041,yfinance_download,237690.KQ
2022-12-21,87800.0,90000.0,87200.0,89100.0,87104.2109375,104598.0,0.03244495944380077,-0.3833910034602076,82070.0,81036.66666666667,88371.66666666667,0.3889265021410393,0.45487813106193564,0.13938618925831192,0.1264222503160557,-0.008898776418242438,0.08565858413549399,0.09950228291719787,0.008241706429285456,144500.0,72500.0,-0.3833910034602076,0.22896551724137937,20701684.0,1844520044400.0,9319681800.0,8912248385.0,0.005052632433187561,yfinance_download,237690.KQ
2022-12-22,90500.0,91200.0,89400.0,90900.0,88863.890625,91954.0,0.02020202020202011,-0.37093425605536334,82615.0,81213.33333333333,88380.0,0.38749769032029535,0.4555981817982182,0.13624999999999998,0.1320049813200499,0.011123470522803158,0.1002844519760333,0.11927433918896746,0.02851323828920571,144500.0,72500.0,-0.37093425605536334,0.2537931034482759,20701684.0,1881783075600.0,8358618600.0,9187735315.0,0.004441860865038806,yfinance_download,237690.KQ
2022-12-23,88500.0,89400.0,86900.0,87200.0,85246.765625,120806.0,-0.040704070407040716,-0.3965397923875432,83085.0,81310.0,88380.83333333333,0.4053709944424231,0.4634481852368122,0.12082262210796912,0.07125307125307123,0.0011481056257176547,0.04952759222482994,0.07243881441397115,-0.01336073997944498,144500.0,72500.0,-0.3965397923875432,0.20275862068965522,20701684.0,1805186844800.0,10534283200.0,9493536375.0,0.0058355639087138995,yfinance_download,237690.KQ
2022-12-26,84000.0,87600.0,83000.0,87200.0,85246.765625,148507.0,0.0,-0.3965397923875432,83685.0,81390.0,88342.5,0.37872031037141834,0.46291837639141314,0.15957446808510634,0.058252427184465994,-0.050108932461873645,0.04200274840174467,0.0713846909939797,-0.012932620199790579,144500.0,72500.0,-0.3965397923875432,0.20275862068965522,20701684.0,1805186844800.0,12949810400.0,9922664895.0,0.00717366761080886,yfinance_download,237690.KQ
2022-12-27,87200.0,89900.0,87200.0,89800.0,87788.53125,137035.0,0.029816513761467878,-0.3785467128027682,84340.0,81511.66666666667,88320.0,0.38452980817422605,0.4665757903950019,0.1707953063885268,0.08848484848484839,-0.029189189189189224,0.06473796537823095,0.1016827856952991,0.01675724637681153,144500.0,72500.0,-0.3785467128027682,0.23862068965517236,20701684.0,1859011223200.0,12305743000.0,10309792555.0,0.006619509794468894,yfinance_download,237690.KQ
2022-12-28,88900.0,90500.0,86900.0,88300.0,86805.453125,131964.0,-0.016703786191536785,-0.38892733564013837,84935.0,81558.33333333333,88283.33333333333,0.3924693409008982,0.46246136598399734,0.15575916230366493,0.03274853801169586,-0.04746494066882412,0.03961853181844943,0.08266067232042507,0.00018878610534267537,144500.0,72500.0,-0.38892733564013837,0.21793103448275852,20701684.0,1827958697200.0,11652421200.0,10722274635.0,0.0063745538768730115,yfinance_download,237690.KQ
2022-12-29,87400.0,89000.0,84900.0,87600.0,86117.296875,104769.0,-0.007927519818799578,-0.3937716262975779,85445.0,81631.66666666667,88207.5,0.39561451391528685,0.45920325398153644,0.13178294573643412,0.05288461538461542,-0.09410548086866599,0.025220902334835316,0.07311296678168189,-0.006887169458379416,144500.0,72500.0,-0.3937716262975779,0.20827586206896553,20701684.0,1813467518400.0,9177764400.0,10930336545.0,0.005060892630763758,yfinance_download,237690.KQ
2023-01-02,88400.0,88800.0,85300.0,85300.0,83856.234375,67805.0,-0.026255707762557035,-0.40968858131487884,85915.0,81620.0,88125.83333333333,0.40227734128781745,0.4575695954259488,0.12384716732542822,-0.008139534883720878,-0.10304942166140907,-0.00715823779316771,0.045086988483214796,-0.03206589062987575,144500.0,72500.0,-0.40968858131487884,0.17655172413793108,20701684.0,1765853645200.0,5783766500.0,11059197505.0,0.0032753374073336257,yfinance_download,237690.KQ
2023-01-03,85300.0,86200.0,83200.0,84300.0,82873.1484375,62051.0,-0.011723329425556872,-0.41660899653979244,86230.0,81616.66666666667,88028.33333333333,0.39862497425341575,0.4567733548859401,0.0807692307692307,-0.002366863905325478,-0.12187499999999996,-0.02238200162356485,0.03287727179906064,-0.04235378760626307,144500.0,72500.0,-0.41660899653979244,0.1627586206896552,20701684.0,1745151961200.0,5230899300.0,11080190470.0,0.002997389004681938,yfinance_download,237690.KQ
2023-01-04,85400.0,89100.0,85000.0,87200.0,85724.0703125,108227.0,0.03440094899169632,-0.3965397923875432,86655.0,81746.66666666667,87968.33333333333,0.4126452971139639,0.44407229474854176,0.10800508259212194,0.09823677581863977,-0.07627118644067798,0.0062893081761006275,0.06671016147447384,-0.008734203595990975,144500.0,72500.0,-0.3965397923875432,0.20275862068965522,20701684.0,1805186844800.0,9437394400.0,11192609745.0,0.005227932181749079,yfinance_download,237690.KQ
2023-01-05,90500.0,92900.0,86100.0,87500.0,86018.9921875,366135.0,0.0034403669724769603,-0.39446366782006925,86930.0,81873.33333333333,87907.5,0.3894932250186292,0.4439913729107134,0.06707317073170738,0.09511889862327916,-0.0770042194092827,0.0065569998849648314,0.06872404527318632,-0.004635554417996235,144500.0,72500.0,-0.39446366782006925,0.2068965517241379,20701684.0,1811397350000.0,32036812500.0,12107745470.0,0.017686242336613776,yfinance_download,237690.KQ
2023-01-06,87700.0,88100.0,86200.0,87300.0,85822.375,81442.0,-0.0022857142857143353,-0.39584775086505186,87205.0,82046.66666666667,87860.83333333333,0.3894624169613287,0.4364267989720543,0.06723716381418088,0.13524057217165142,-0.060279870828848225,0.001089387076429027,0.0640286016088405,-0.0063832007056613405,144500.0,72500.0,-0.39584775086505186,0.20413793103448286,20701684.0,1807257013200.0,7109886600.0,11956218860.0,0.003934076087723105,yfinance_download,237690.KQ
2023-01-09,87600.0,87900.0,84100.0,85000.0,83561.3046875,204772.0,-0.026345933562428425,-0.4117647058823529,87270.0,82091.66666666667,87791.66666666667,0.39592940503797286,0.41684569448302733,0.015531660692950977,0.03280680437424066,-0.08896034297963562,-0.026011229517589052,0.03542787534260472,-0.03179876601803522,144500.0,72500.0,-0.4117647058823529,0.17241379310344818,20701684.0,1759643140000.0,17405620000.0,12225952360.0,0.009891562444871634,yfinance_download,237690.KQ
2023-01-10,85100.0,85100.0,78700.0,78900.0,77564.5546875,316722.0,-0.07176470588235295,-0.4539792387543252,87090.0,82063.33333333333,87669.16666666667,0.4709299254608812,0.44060512568306354,-0.043636363636363584,-0.021091811414392092,-0.15705128205128205,-0.0940406476059249,-0.03854746334132164,-0.1000256646673574,142700.0,72500.0,-0.44709180098107915,0.08827586206896543,20701684.0,1633362867600.0,24989365800.0,13263907150.0,0.01529933506858669,yfinance_download,237690.KQ
2023-01-11,80600.0,81400.0,80000.0,81200.0,79825.625,103709.0,0.0291508238276299,-0.43806228373702427,86955.0,82023.33333333333,87560.83333333333,0.479282682710501,0.4379981123562018,-0.03218116805721094,-0.028708133971291905,-0.13800424628450103,-0.06618365821401873,-0.010037794123623267,-0.07264473270963989,139200.0,72500.0,-0.41666666666666663,0.1200000000000001,20701684.0,1680976740800.0,8421170800.0,13277614410.0,0.005009689066841132,yfinance_download,237690.KQ
2023-01-12,81600.0,86000.0,81100.0,85700.0,84249.453125,214818.0,0.05541871921182273,-0.4069204152249135,86800.0,82088.33333333333,87495.83333333333,0.4744535324594366,0.4501437857415847,-0.03490990990990994,0.04767726161369201,-0.08342245989304808,-0.012672811059907807,0.043997319960205505,-0.02052478689461401,131600.0,72500.0,-0.34878419452887544,0.1820689655172414,20701684.0,1774134318800.0,18409902600.0,12147793020.0,0.010376836976160974,yfinance_download,237690.KQ
2023-01-13,86000.0,86200.0,83400.0,85100.0,83659.6171875,101420.0,-0.007001166861143493,-0.41107266435986156,86570.0,82155.0,87443.33333333333,0.47284935484017787,0.45001135205903026,-0.05128205128205132,0.04932182490752157,-0.06892778993435444,-0.016980478225713247,0.035846874809810636,-0.026798307475317307,131600.0,72500.0,-0.35334346504559266,0.1737931034482758,20701684.0,1761713308400.0,8630842000.0,11822172935.0,0.0048991183519176505,yfinance_download,237690.KQ
2023-01-16,85400.0,87700.0,84300.0,86700.0,85232.5390625,129279.0,0.018801410105757865,-0.4,86460.0,82258.33333333333,87410.83333333333,0.47784034750169935,0.45107504118143743,-0.02474690663667045,0.07701863354037264,-0.04304635761589404,0.002775850104094424,0.05399655556681204,-0.008132096517403431,131600.0,72500.0,-0.34118541033434646,0.19586206896551728,20701684.0,1794836002800.0,11208489300.0,11798475505.0,0.006244854283352021,yfinance_download,237690.KQ
2023-01-17,87700.0,87800.0,82500.0,83200.0,81791.7734375,240475.0,-0.04036908881199541,-0.4242214532871972,86190.0,82271.66666666667,87350.0,0.49808034019052067,0.45678586372694757,-0.060948081264108334,0.009708737864077666,-0.08066298342541434,-0.03469079939668174,0.011283755039199317,-0.047510017172295416,131600.0,72500.0,-0.3677811550151976,0.14758620689655166,20701684.0,1722380108800.0,20007520000.0,12502834475.0,0.011616204749333435,yfinance_download,237690.KQ
2023-01-18,83300.0,83300.0,81800.0,82600.0,81201.9296875,72519.0,-0.007211538461538436,-0.42837370242214534,86005.0,82275.0,87285.83333333333,0.4908459559607747,0.45706338126160634,-0.042873696407879525,0.0024271844660195274,-0.0852713178294574,-0.03959072146968201,0.003950167122455106,-0.053683778390918646,131600.0,72500.0,-0.37234042553191493,0.1393103448275863,20701684.0,1709959098400.0,5990069400.0,12448003090.0,0.0035030483510423596,yfinance_download,237690.KQ
2023-01-19,82100.0,84600.0,81200.0,82500.0,81103.625,109173.0,-0.001210653753026647,-0.4290657439446367,85675.0,82276.66666666667,87219.16666666667,0.4740158323176871,0.4570752167169596,-0.07407407407407407,0.0012135922330096527,-0.08839779005524862,-0.03705865188211266,0.002714418830774168,-0.054106991009239214,131600.0,72500.0,-0.37310030395136773,0.13793103448275867,20701684.0,1707888930000.0,9006772500.0,12432357625.0,0.005273628947287574,yfinance_download,237690.KQ
2023-01-20,82600.0,83200.0,81000.0,82000.0,80612.0859375,72260.0,-0.0060606060606061,-0.4325259515570934,85230.0,82233.33333333333,87152.5,0.46575712334893526,0.4539538730930403,-0.09790979097909791,-0.030732860520094607,-0.0888888888888889,-0.03789745394814037,-0.0028374543980542732,-0.059120507156994906,131600.0,72500.0,-0.37689969604863227,0.13103448275862073,20701684.0,1697538088000.0,5925320000.0,12310692695.0,0.003490537291555605,yfinance_download,237690.KQ
2023-01-25,82300.0,82800.0,81000.0,82000.0,80612.0859375,211632.0,0.0,-0.4325259515570934,84970.0,82191.66666666667,87083.33333333333,0.4460492034525948,0.45394847221895496,-0.059633027522935755,-0.029585798816568087,-0.09191583610188259,-0.03495351300458982,-0.0023319476832607267,-0.058373205741626744,127800.0,72500.0,-0.3583724569640062,0.13103448275862073,20701684.0,1697538088000.0,17353824000.0,12651669735.0,0.010222936452899194,yfinance_download,237690.KQ
2023-01-26,81900.0,82500.0,81200.0,81800.0,80415.4765625,67956.0,-0.0024390243902439046,-0.4339100346020761,84700.0,82166.66666666667,86946.66666666667,0.44593800981141574,0.4530264785469363,-0.06192660550458717,-0.01800720288115243,-0.1670061099796334,-0.03423848878394331,-0.0044624746450304675,-0.05919337524919499,127300.0,72500.0,-0.35742340926944227,0.12827586206896546,20701684.0,1693397751200.0,5558800800.0,12282119255.0,0.0032826314999301505,yfinance_download,237690.KQ
2023-01-27,81800.0,82100.0,81000.0,81800.0,80415.4765625,64783.0,0.0,-0.4339100346020761,84300.0,82261.66666666667,86816.66666666667,0.4292488943315195,0.4155925966271,-0.08908685968819596,0.07490144546649136,-0.16016427104722797,-0.029655990510083052,-0.0056121725388497135,-0.057784603570743,125600.0,72500.0,-0.3487261146496815,0.12827586206896546,20701684.0,1693397751200.0,5299249400.0,11931794575.0,0.0031293589449051585,yfinance_download,237690.KQ
2023-01-30,81800.0,82600.0,81000.0,81300.0,79923.9296875,43980.0,-0.006112469437652757,-0.4373702422145329,83950.0,82365.0,86661.66666666667,0.42683066833456984,0.4147809318485927,-0.07927519818799544,0.08255659121171766,-0.1861861861861862,-0.0315664085765337,-0.012930249499180424,-0.061868953978114205,125600.0,72500.0,-0.35270700636942676,0.12137931034482752,20701684.0,1683046909200.0,3575574000.0,11527952215.0,0.002124464850299135,yfinance_download,237690.KQ
2023-01-31,80500.0,81600.0,80200.0,81300.0,79923.9296875,70699.0,0.0,-0.4373702422145329,83635.0,82511.66666666667,86455.83333333333,0.42673527905526587,0.4078579954716761,-0.07191780821917804,0.12137931034482752,-0.2330188679245283,-0.027918933460871598,-0.014684792049609152,-0.059635459338583274,125600.0,72500.0,-0.35270700636942676,0.12137931034482752,20701684.0,1683046909200.0,5747828700.0,11356455430.0,0.0034151327978921907,yfinance_download,237690.KQ
2023-02-01,81300.0,82600.0,80500.0,82100.0,80710.3984375,91687.0,0.009840098400984099,-0.43183391003460203,83475.0,82666.66666666667,86192.5,0.4202556944239988,0.4081389321867492,-0.0375146541617819,0.12774725274725274,-0.27792436235708007,-0.01647199760407303,-0.006854838709677513,-0.04748092931519565,125600.0,72500.0,-0.3463375796178344,0.13241379310344836,20701684.0,1699608256400.0,7527502700.0,11443642240.0,0.004428963363560182,yfinance_download,237690.KQ
2023-02-02,82500.0,83200.0,81300.0,82600.0,81201.9296875,85887.0,0.006090133982947554,-0.42837370242214534,83390.0,82796.66666666667,85957.5,0.4193054547255586,0.4048521433163085,-0.02016607354685651,0.10427807486631013,-0.2545126353790613,-0.009473557980573255,-0.002375296912114022,-0.0390600005816828,119900.0,72500.0,-0.31109257714762306,0.1393103448275863,20701684.0,1709959098400.0,7094266200.0,11536810585.0,0.004148792919455248,yfinance_download,237690.KQ
2023-02-03,82600.0,82600.0,80500.0,81000.0,79629.0078125,89763.0,-0.01937046004842613,-0.4394463667820069,83080.0,82843.33333333333,85670.0,0.40274821023088286,0.39683372940689315,-0.07110091743119262,0.03580562659846542,-0.2987012987012987,-0.025036109773712067,-0.02225083490926638,-0.05451149760709695,115500.0,72500.0,-0.2987012987012987,0.11724137931034484,20701684.0,1676836404000.0,7270803000.0,11428481015.0,0.004336024064515717,yfinance_download,237690.KQ
2023-02-06,81000.0,82200.0,80400.0,81200.0,79825.625,50828.0,0.0024691358024691024,-0.43806228373702427,82765.0,82881.66666666667,85411.66666666667,0.4025450423950914,0.3964937468086698,-0.07199999999999995,0.0291508238276299,-0.2762923351158645,-0.018908959101069267,-0.02028997164632318,-0.04931020352410875,115500.0,72500.0,-0.296969696969697,0.1200000000000001,20701684.0,1680976740800.0,4127233600.0,10033002070.0,0.0024552591953388913,yfinance_download,237690.KQ
2023-02-07,82100.0,82500.0,80700.0,81000.0,79629.0078125,77712.0,-0.0024630541871921707,-0.4394463667820069,82450.0,82956.66666666667,85136.66666666667,0.4025389065637302,0.391200728858858,-0.07216494845360821,0.05882352941176472,-0.2894736842105263,-0.0175864160097029,-0.023586611483907283,-0.04858854390979217,115500.0,72500.0,-0.2987012987012987,0.11724137931034484,20701684.0,1676836404000.0,6294672000.0,9992241340.0,0.0037538975090142426,yfinance_download,237690.KQ
2023-02-08,81200.0,81800.0,80800.0,81500.0,80120.546875,50338.0,0.006172839506172867,-0.4359861591695502,82275.0,82970.0,84899.16666666667,0.39445330495980774,0.37507104818867826,-0.04117647058823526,0.00991325898389106,-0.25909090909090904,-0.009419629292008458,-0.017717247197782338,-0.04003769177161143,115500.0,72500.0,-0.2943722943722944,0.12413793103448278,20701684.0,1687187246000.0,4102547000.0,9327087690.0,0.002431589623336923,yfinance_download,237690.KQ
2023-02-09,81000.0,82400.0,80600.0,82200.0,80808.703125,68778.0,0.008588957055214674,-0.4311418685121108,82440.0,83015.0,84669.16666666667,0.2963536521114437,0.3740611913806604,0.041825095057034245,0.03396226415094339,-0.2513661202185792,-0.0029112081513827937,-0.00981750286092875,-0.029162524728600592,115500.0,72500.0,-0.2883116883116883,0.13379310344827577,20701684.0,1701678424800.0,5653551600.0,8360296980.0,0.0033223384145946774,yfinance_download,237690.KQ
2023-02-10,81700.0,81900.0,79200.0,79500.0,78154.3984375,129590.0,-0.03284671532846717,-0.44982698961937717,82355.0,82970.0,84455.0,0.3032454540795151,0.3738442107442095,-0.020935960591133007,-0.03284671532846717,-0.24429657794676807,-0.034666990468095404,-0.04182234542605756,-0.05867029779172339,115500.0,72500.0,-0.3116883116883117,0.096551724137931,20701684.0,1645783878000.0,10302405000.0,8454358690.0,0.0062598772157859235,yfinance_download,237690.KQ
2023-02-13,79600.0,80400.0,77800.0,79400.0,78056.0859375,50454.0,-0.0012578616352201255,-0.45051903114186853,82040.0,82948.33333333333,84249.16666666667,0.218594407755706,0.37197383631156195,-0.07351225204200695,-0.01610904584882278,-0.23727185398655137,-0.0321794246708923,-0.042777632662902576,-0.05755744369380511,115500.0,72500.0,-0.3125541125541126,0.09517241379310337,20701684.0,1643713709600.0,4006047600.0,7734165940.0,0.0024371930322190215,yfinance_download,237690.KQ
2023-02-14,79500.0,81100.0,79300.0,80600.0,79235.7890625,46876.0,0.015113350125944613,-0.4422145328719723,81815.0,82933.33333333333,84068.33333333333,0.22807936485633457,0.3727176832461072,-0.05287896592244423,-0.011042944785276121,-0.21212121212121215,-0.014850577522459218,-0.02813504823151125,-0.04125612101266818,115500.0,72500.0,-0.3021645021645022,0.11172413793103453,20701684.0,1668555730400.0,3778205600.0,7491534120.0,0.0022643568513556673,yfinance_download,237690.KQ
2023-02-15,80100.0,80500.0,79100.0,79600.0,78252.703125,62431.0,-0.012406947890818865,-0.4491349480968858,81460.0,82895.0,83906.66666666667,0.21578720764250797,0.37344948159192937,-0.08189158016147635,-0.028083028083028094,-0.195959595959596,-0.022833292413454442,-0.03974908016165024,-0.05132687112664869,115500.0,72500.0,-0.3108225108225108,0.09793103448275864,20701684.0,1647854046400.0,4969507600.0,7179585035.0,0.0030157449992957094,yfinance_download,237690.KQ
2023-02-16,79900.0,83000.0,79700.0,81800.0,80415.4765625,139475.0,0.027638190954773822,-0.4339100346020761,81390.0,82908.33333333333,83781.66666666667,0.19885455700442672,0.37705678888924016,-0.016826923076923128,0.009876543209876631,-0.1549586776859504,0.005037473891141397,-0.013368177706302053,-0.0236527482146055,115500.0,72500.0,-0.2917748917748918,0.12827586206896546,20701684.0,1693397751200.0,11409055000.0,6749661785.0,0.006737374601988901,yfinance_download,237690.KQ
2023-02-17,82000.0,82800.0,79600.0,79800.0,78449.3203125,94879.0,-0.02444987775061125,-0.4477508650519031,81250.0,82926.66666666667,83628.33333333333,0.21501477106357342,0.37585284025265486,-0.03389830508474578,0.013977128335451061,-0.18737270875763745,-0.017846153846153845,-0.037703995498030496,-0.045777946070908904,115500.0,72500.0,-0.3090909090909091,0.10068965517241368,20701684.0,1651994383200.0,7571344200.0,6828725525.0,0.004583153718315863,yfinance_download,237690.KQ
2023-02-20,79700.0,82000.0,78300.0,81000.0,79629.0078125,94223.0,0.015037593984962516,-0.4394463667820069,81175.0,82973.33333333333,83474.16666666667,0.2230265109692727,0.37674061799314823,-0.018181818181818188,0.03580562659846542,-0.18592964824120606,-0.0021558361564520956,-0.023782741443033828,-0.029639908554542904,115500.0,72500.0,-0.2987012987012987,0.11724137931034484,20701684.0,1676836404000.0,7632063000.0,6759990050.0,0.004551465474982615,yfinance_download,237690.KQ
2023-02-21,81100.0,81400.0,79700.0,80400.0,79039.1640625,53228.0,-0.007407407407407418,-0.44359861591695504,81095.0,82980.0,83329.16666666667,0.22349676126760268,0.3742506298919975,-0.019512195121951237,0.004999999999999893,-0.17791411042944782,-0.008570195449781104,-0.03109182935647148,-0.03515175758787947,115500.0,72500.0,-0.3038961038961039,0.10896551724137926,20701684.0,1664415393600.0,4279531200.0,6677700610.0,0.0025711917928995533,yfinance_download,237690.KQ
2023-02-22,79400.0,79800.0,78900.0,79300.0,77957.7890625,79050.0,-0.013681592039801016,-0.4512110726643599,80960.0,83005.0,83196.66666666667,0.2280050016428268,0.3709140501559158,-0.03292682926829271,0.019280205655527016,-0.16701680672268904,-0.020503952569169925,-0.044635865309318734,-0.04683681237229065,115500.0,72500.0,-0.3134199134199134,0.09379310344827596,20701684.0,1641643541200.0,6268665000.0,6123442660.0,0.003818529932154312,yfinance_download,237690.KQ
2023-02-23,80500.0,80900.0,79200.0,79900.0,78547.6328125,71951.0,0.007566204287515754,-0.44705882352941173,80865.0,83083.33333333333,83041.66666666667,0.23025656881274345,0.3643163262062881,-0.023227383863080653,0.0625,-0.18883248730964464,-0.011933469362517823,-0.038314944834503484,-0.03783241344706478,115500.0,72500.0,-0.3082251082251082,0.10206896551724132,20701684.0,1654064551600.0,5748884900.0,6132946865.0,0.0034756109696196698,yfinance_download,237690.KQ
2023-02-24,79900.0,80000.0,78500.0,78600.0,77269.6328125,85661.0,-0.016270337922402955,-0.4560553633217993,80705.0,83115.0,82875.83333333333,0.23641083136808347,0.36394684138256084,-0.03911980440097795,0.024771838331160367,-0.20203045685279186,-0.026082646676166332,-0.054322324490164275,-0.051593246925621616,115500.0,72500.0,-0.3194805194805195,0.08413793103448275,20701684.0,1627152362400.0,6732954600.0,6204632125.0,0.004137875933184952,yfinance_download,237690.KQ
2023-02-27,78000.0,78000.0,75700.0,76100.0,74811.953125,107856.0,-0.03180661577608146,-0.4733564013840831,80445.0,83110.0,82715.0,0.2590136557887418,0.3698870409630096,-0.06396063960639609,-0.003926701570680646,-0.20230607966457026,-0.054012057927776747,-0.08434604740705087,-0.07997340264764552,115500.0,72500.0,-0.34112554112554117,0.049655172413793025,20701684.0,1575398152400.0,8207841600.0,6436245505.0,0.00521001093437616,yfinance_download,237690.KQ
2023-02-28,75700.0,79000.0,75700.0,78400.0,77073.015625,80991.0,0.030223390275952777,-0.457439446366782,80300.0,83126.66666666667,82579.16666666667,0.2848522447192046,0.37407990256805573,-0.035670356703567,0.012919896640826822,-0.17212249208025343,-0.023661270236612686,-0.056861015317988706,-0.05060800242191843,115500.0,72500.0,-0.32121212121212117,0.08137931034482748,20701684.0,1623012025600.0,6349694400.0,6466338790.0,0.0039122904204314975,yfinance_download,237690.KQ
2023-03-02,78500.0,78700.0,76400.0,76600.0,75303.484375,64526.0,-0.022959183673469385,-0.4698961937716263,80025.0,83138.33333333333,82441.66666666667,0.2910142376419686,0.3749627211064084,-0.06699147381242387,0.00922266139657446,-0.17722878625134264,-0.04279912527335206,-0.07864402702323436,-0.07085818255332055,115500.0,72500.0,-0.33679653679653676,0.05655172413793097,20701684.0,1585748994400.0,4942691600.0,6337098235.0,0.003116944495916371,yfinance_download,237690.KQ
2023-03-03,76800.0,79200.0,76600.0,78000.0,76679.7890625,71359.0,0.018276762402088753,-0.46020761245674735,79795.0,83138.33333333333,82311.66666666667,0.2993265835348513,0.3725347682253175,-0.05569007263922521,0.0,-0.16666666666666663,-0.022495143806002926,-0.06180462281739263,-0.05238220584364317,115500.0,72500.0,-0.3246753246753247,0.07586206896551717,20701684.0,1614731352000.0,5566002000.0,6260685025.0,0.003447014262221373,yfinance_download,237690.KQ
2023-03-06,78300.0,78700.0,76500.0,77900.0,76581.4765625,71683.0,-0.0012820512820512775,-0.4608996539792387,79640.0,83125.0,82200.83333333333,0.29277331173719134,0.3721040781975126,-0.03827160493827164,-0.010165184243964398,-0.14583333333333337,-0.021848317428427966,-0.06285714285714283,-0.05232104297401685,115500.0,72500.0,-0.3255411255411256,0.07448275862068976,20701684.0,1612661183600.0,5584105700.0,6176350160.0,0.0034626651628920624,yfinance_download,237690.KQ
2023-03-07,78000.0,80300.0,77700.0,79900.0,78547.6328125,127628.0,0.025673940949935803,-0.44705882352941173,79575.0,83090.0,82075.0,0.3084166331152828,0.3657350548495349,-0.016009852216748777,-0.025609756097561,-0.15894736842105261,0.004084197298146464,-0.03839210494644363,-0.02650015229972591,115500.0,72500.0,-0.3082251082251082,0.10206896551724132,20701684.0,1654064551600.0,10197477200.0,6479862340.0,0.006165102317280082,yfinance_download,237690.KQ
2023-03-08,78600.0,79700.0,77900.0,78500.0,77171.328125,64073.0,-0.017521902377972465,-0.45674740484429066,79450.0,83035.0,81942.5,0.3141838983193519,0.3674368727874217,-0.030864197530864224,-0.04034229828850855,-0.16843220338983056,-0.011957205789804859,-0.05461552357439636,-0.04201116636665958,115500.0,72500.0,-0.3203463203463204,0.08275862068965512,20701684.0,1625082194000.0,5029730500.0,6416615265.0,0.0030950622181267957,yfinance_download,237690.KQ
2023-03-09,79700.0,82000.0,78000.0,81200.0,79825.625,164175.0,0.03439490445859872,-0.43806228373702427,79435.0,82993.33333333333,81871.66666666667,0.3382328597652106,0.3712004137872238,-0.0036809815950920033,-0.029868578255675016,-0.09476031215161651,0.022219424686850786,-0.021608161298096173,-0.008203896341835826,115500.0,72500.0,-0.296969696969697,0.1200000000000001,20701684.0,1680976740800.0,13331010000.0,6878038415.0,0.00793051425188405,yfinance_download,237690.KQ
2023-03-10,80800.0,82500.0,77600.0,78000.0,76679.7890625,164042.0,-0.039408866995073843,-0.46020761245674735,79225.0,82918.33333333333,81775.83333333333,0.3640513374976536,0.37874784217485286,-0.051094890510948954,-0.054545454545454564,-0.12849162011173187,-0.015462290943515256,-0.059315390645414134,-0.04617297286280575,115500.0,72500.0,-0.3246753246753247,0.07586206896551717,20701684.0,1614731352000.0,12795276000.0,7235124635.0,0.00792408965376923,yfinance_download,237690.KQ
2023-03-13,78000.0,78400.0,76300.0,77700.0,76384.8671875,81376.0,-0.0038461538461538325,-0.46228373702422143,79135.0,82815.0,81697.5,0.345954271175461,0.3770093130019162,-0.02264150943396226,-0.07389749702026227,-0.10792192881745122,-0.018133569217160583,-0.06176417315703675,-0.0489305058294317,115500.0,72500.0,-0.32727272727272727,0.07172413793103449,20701684.0,1608520846800.0,6322915200.0,7036150145.0,0.0039308879412901865,yfinance_download,237690.KQ
2023-03-14,77000.0,77700.0,72500.0,72900.0,71666.109375,162890.0,-0.061776061776061764,-0.49550173010380627,78810.0,82550.0,81590.0,0.40789175947995304,0.37657925621252486,-0.08186397984886651,-0.17905405405405406,-0.1503496503496503,-0.07499048344118764,-0.11689884918231375,-0.10650815050864082,115500.0,72500.0,-0.36883116883116884,0.0055172413793103114,20701684.0,1509152763600.0,11874681000.0,7429581815.0,0.007868442006940111,yfinance_download,237690.KQ
2023-03-15,74300.0,74500.0,72500.0,73200.0,71961.03125,78407.0,0.004115226337448652,-0.4934256055363322,78440.0,82275.0,81458.33333333333,0.40291413107732804,0.37588360151482014,-0.09181141439205953,-0.18394648829431437,-0.17752808988764046,-0.06680265170831212,-0.11030082041932543,-0.10138107416879794,115500.0,72500.0,-0.36623376623376624,0.009655172413793212,20701684.0,1515363268800.0,5739392400.0,7527641155.0,0.0037874696570578507,yfinance_download,237690.KQ
2023-03-16,72000.0,72400.0,69400.0,72200.0,70977.953125,112611.0,-0.013661202185792365,-0.5003460207612457,78070.0,81996.66666666667,81351.66666666667,0.403265260708437,0.37632235057378466,-0.09296482412060303,-0.18785151856018,-0.1505882352941177,-0.07518893300883822,-0.11947640147973504,-0.11249513429349944,115500.0,72200.0,-0.37489177489177494,0.0,20701684.0,1494661584800.0,8130514200.0,7685691485.0,0.005439702393293222,yfinance_download,237690.KQ
2023-03-17,72300.0,76400.0,72300.0,75000.0,73730.5625,101512.0,0.03878116343490312,-0.48096885813148793,77730.0,81770.0,81276.66666666667,0.41677782289194865,0.3860225695680222,-0.08312958435207829,-0.1534988713318285,-0.1071428571428571,-0.03512157468159016,-0.08279320044025928,-0.07722593610302264,115500.0,72200.0,-0.35064935064935066,0.03878116343490312,20701684.0,1552626300000.0,7613400000.0,7495908735.0,0.004903562434824143,yfinance_download,237690.KQ
2023-03-20,75100.0,76400.0,73900.0,74300.0,73042.4140625,82952.0,-0.009333333333333305,-0.48581314878892734,77455.0,81570.0,81220.0,0.41034485573024937,0.38319683256379805,-0.06892230576441105,-0.13904982618771722,-0.0838471023427867,-0.040733329029759235,-0.08912590413142085,-0.08520068948534842,115500.0,72200.0,-0.35670995670995675,0.02908587257617734,20701684.0,1538135121200.0,6163333600.0,7425508205.0,0.004007017013688355,yfinance_download,237690.KQ
2023-03-21,75500.0,78000.0,74700.0,75400.0,74123.796875,137295.0,0.014804845222072593,-0.4782006920415225,77175.0,81341.66666666667,81189.16666666667,0.4102081319588801,0.3780550574667315,-0.06913580246913575,-0.15375982042648706,-0.04677623261694053,-0.022999676060900587,-0.07304579448826976,-0.07130466913689226,115500.0,72200.0,-0.34718614718614715,0.04432132963988922,20701684.0,1560906973600.0,10352043000.0,7561507205.0,0.006632069159204633,yfinance_download,237690.KQ
2023-03-22,75600.0,75900.0,74300.0,74600.0,73337.34375,59221.0,-0.010610079575596787,-0.48373702422145326,76885.0,81070.0,81141.66666666667,0.4107951334251205,0.3754175695443361,-0.07213930348258701,-0.17931793179317934,-0.07098381070983806,-0.02971971125707229,-0.07980757370173919,-0.08062031426517413,115500.0,72200.0,-0.35411255411255416,0.0332409972299168,20701684.0,1544345626400.0,4417886600.0,7568424975.0,0.002860685150058324,yfinance_download,237690.KQ
2023-03-23,74400.0,74400.0,72400.0,73500.0,72255.953125,137343.0,-0.014745308310991967,-0.4913494809688581,76595.0,80841.66666666667,81075.83333333333,0.4111648768144378,0.3679811595125868,-0.073139974779319,-0.1571100917431193,-0.09705159705159705,-0.040407337293557055,-0.09081537985774668,-0.09344132550801199,115500.0,72200.0,-0.36363636363636365,0.018005540166204925,20701684.0,1521573774000.0,10094710500.0,7759727250.0,0.006634387811155846,yfinance_download,237690.KQ
2023-03-24,75900.0,76700.0,73700.0,74500.0,73239.0234375,138506.0,0.013605442176870763,-0.4844290657439446,76325.0,80630.0,81010.0,0.41386467733426324,0.36944180873499693,-0.06758448060075095,-0.14564220183486243,-0.095873786407767,-0.023910907304290907,-0.07602629294307328,-0.08036044932724351,115500.0,72200.0,-0.35497835497835495,0.03185595567867039,20701684.0,1542275458000.0,10318697000.0,7988217855.0,0.006690566815723784,yfinance_download,237690.KQ
2023-03-27,74300.0,76000.0,72900.0,75000.0,73730.5625,93536.0,0.006711409395973256,-0.48096885813148793,76145.0,80383.33333333333,80947.5,0.41225100393593245,0.3638410457279652,-0.04580152671755722,-0.16481069042316254,-0.09090909090909094,-0.015037100269223225,-0.0669707650839726,-0.07347354766978598,115500.0,72200.0,-0.35064935064935066,0.03878116343490312,20701684.0,1552626300000.0,7015200000.0,8002330125.0,0.004518279768930876,yfinance_download,237690.KQ
2023-03-28,74700.0,76000.0,74100.0,74700.0,73435.640625,52632.0,-0.0040000000000000036,-0.4830449826989619,76075.0,80156.66666666667,80857.5,0.3971412235297801,0.3626877593124677,-0.018396846254927768,-0.1540203850509626,-0.12631578947368416,-0.01807426881367069,-0.0680750197529838,-0.07615249049253314,115500.0,72200.0,-0.35324675324675325,0.03462603878116344,20701684.0,1546415794800.0,3931610400.0,7788518565.0,0.0025424018645053225,yfinance_download,237690.KQ
2023-03-29,74700.0,74800.0,73300.0,73300.0,72059.3359375,58099.0,-0.018741633199464536,-0.49273356401384083,75820.0,79918.33333333333,80775.0,0.3845244860665721,0.364050353889464,-0.06505102040816324,-0.16324200913242004,-0.11899038461538458,-0.03323661303086256,-0.08281370565785906,-0.0925410089755494,115500.0,72200.0,-0.36536796536796534,0.015235457063711877,20701684.0,1517433437200.0,4258656700.0,7683966680.0,0.002806486660698714,yfinance_download,237690.KQ
2023-03-30,73300.0,75100.0,72400.0,73900.0,72649.1875,80760.0,0.008185538881309684,-0.4885813148788928,75685.0,79728.33333333333,80674.16666666667,0.3790178109351413,0.36136670777575114,-0.03524804177545693,-0.13364595545134816,-0.1406976744186047,-0.023584594041091367,-0.07310241026820241,-0.08396946564885499,115500.0,72200.0,-0.36017316017316015,0.023545706371191244,20701684.0,1529854447600.0,5968164000.0,7735240300.0,0.0039011319079162833,yfinance_download,237690.KQ
2023-03-31,73400.0,74400.0,72700.0,74000.0,72747.4921875,57125.0,0.0013531799729364913,-0.4878892733564014,75485.0,79556.66666666667,80586.66666666667,0.3719900228905776,0.3608775262651199,-0.05128205128205132,-0.12218268090154216,-0.12426035502958577,-0.01967278267205408,-0.0698453932207651,-0.08173395102581082,115500.0,72200.0,-0.35930735930735935,0.024930747922437657,20701684.0,1531924616000.0,4227250000.0,7668302700.0,0.002759437348188679,yfinance_download,237690.KQ
2023-04-03,74400.0,74900.0,72800.0,73400.0,72157.6484375,80810.0,-0.008108108108108136,-0.49204152249134947,75260.0,79326.66666666667,80536.66666666667,0.37251520315148146,0.3530373558899138,-0.05776636713735561,-0.15825688073394495,-0.07556675062972296,-0.024714323677916594,-0.07471216068577202,-0.08861388187575026,115500.0,72200.0,-0.36450216450216455,0.016620498614958512,20701684.0,1519503605600.0,5931454000.0,7685670115.0,0.003903547170365464,yfinance_download,237690.KQ
2023-04-04,73000.0,77100.0,72900.0,76800.0,75500.1015625,191279.0,0.04632152588555849,-0.46851211072664356,75105.0,79148.33333333333,80510.83333333333,0.39960386936746467,0.3668499494281169,-0.038798498122653347,-0.12228571428571433,-0.038798498122653347,0.02256840423407236,-0.029670028848786,-0.046091105751813854,115500.0,72200.0,-0.33506493506493507,0.06371191135734078,20701684.0,1589889331200.0,14690227200.0,7910307615.0,0.009239779720335795,yfinance_download,237690.KQ
2023-04-05,76600.0,79100.0,75400.0,78500.0,77171.328125,197869.0,0.02213541666666674,-0.45674740484429066,75105.0,79001.66666666667,80524.16666666667,0.4035193659758615,0.3701414973195541,0.0,-0.10080183276059562,0.02080624187256186,0.04520338193196194,-0.006350077002594934,-0.025137381117469992,115500.0,72200.0,-0.3203463203463204,0.0872576177285318,20701684.0,1625082194000.0,15532716500.0,8435456915.0,0.00955811131113778,yfinance_download,237690.KQ
2023-04-06,79300.0,82400.0,78500.0,79900.0,78547.6328125,243116.0,0.017834394904458595,-0.44705882352941173,75040.0,78916.66666666667,80504.16666666667,0.3889856236344245,0.3685454338294469,-0.016009852216748777,-0.06000000000000005,-0.02916160388821387,0.06476545842217485,0.012460401267159416,-0.007504787536877,115500.0,72200.0,-0.3082251082251082,0.10664819944598336,20701684.0,1654064551600.0,19424968400.0,8740154835.0,0.011743778911899148,yfinance_download,237690.KQ
2023-04-07,80700.0,81400.0,78700.0,81300.0,79923.9296875,117043.0,0.017521902377972465,-0.4373702422145329,75205.0,78956.66666666667,80510.0,0.3652642458911064,0.33934446427345183,0.04230769230769238,0.03041825095057038,0.008684863523573227,0.0810451432750483,0.029678726727740967,0.009812445658924362,115500.0,72200.0,-0.2961038961038961,0.12603878116343492,20701684.0,1683046909200.0,9515595900.0,8576170830.0,0.005653791256788578,yfinance_download,237690.KQ
2023-04-10,81500.0,82800.0,80200.0,81300.0,79923.9296875,161415.0,0.0,-0.4373702422145329,75385.0,78958.33333333333,80490.83333333333,0.3646566968539984,0.3341332762041556,0.04633204633204624,0.0012315270935960854,-0.027511961722488043,0.07846388538833993,0.02965699208443273,0.010052904575055255,115500.0,72200.0,-0.2961038961038961,0.12603878116343492,20701684.0,1683046909200.0,13123039500.0,8916177045.0,0.007797191764689288,yfinance_download,237690.KQ
2023-04-11,81800.0,83500.0,80300.0,83300.0,81890.0859375,173600.0,0.024600246002460135,-0.42352941176470593,75905.0,78918.33333333333,80503.33333333333,0.2822481742732807,0.31797364527400107,0.14266117969821668,-0.028004667444574083,0.01833740831295838,0.09742441209406505,0.05552153069628951,0.03473976232868203,115500.0,72200.0,-0.2787878787878788,0.15373961218836563,20701684.0,1724450277200.0,14460880000.0,9045486995.0,0.008385791223554567,yfinance_download,237690.KQ
2023-04-12,83300.0,85300.0,82400.0,85200.0,83757.9296875,170092.0,0.02280912364945986,-0.4103806228373702,76505.0,78920.0,80537.5,0.2876053153756732,0.32113357005977017,0.16393442622950816,0.001175088131609936,0.05055487053020968,0.11365270243774916,0.07957425240750138,0.05789228620207987,115500.0,72200.0,-0.2623376623376623,0.18005540166204992,20701684.0,1763783476800.0,14491838400.0,9483109295.0,0.008216336410120066,yfinance_download,237690.KQ
2023-04-13,85400.0,87400.0,83600.0,86500.0,85035.921875,177363.0,0.015258215962441257,-0.40138408304498274,77220.0,78916.66666666667,80587.5,0.2771492574599089,0.3203391067215749,0.19806094182825484,-0.0023068050749711633,0.07453416149068315,0.12017612017612023,0.0960929250263991,0.07336745773227848,115500.0,72200.0,-0.25108225108225113,0.19806094182825484,20701684.0,1790695666000.0,15341899500.0,9843678560.0,0.008567563875479888,yfinance_download,237690.KQ
2023-04-14,87000.0,89200.0,86200.0,87600.0,86117.296875,169773.0,0.012716763005780285,-0.3937716262975779,77850.0,78990.0,80630.83333333333,0.2548188298145698,0.30995620989743805,0.16799999999999993,0.05288461538461542,0.06310679611650483,0.12524084778420042,0.10900113938473233,0.08643302293374133,115500.0,72200.0,-0.24155844155844153,0.21329639889196672,20701684.0,1813467518400.0,14872114800.0,10206614300.0,0.008200927035694295,yfinance_download,237690.KQ
2023-04-17,87600.0,87600.0,83500.0,85000.0,83561.3046875,170444.0,-0.029680365296803624,-0.4117647058823529,78385.0,79030.0,80652.5,0.281884832593032,0.3158772435468654,0.1440107671601616,0.029055690072639306,0.031553398058252524,0.08439114626522937,0.07554093382259897,0.05390409472737989,115500.0,72200.0,-0.2640692640692641,0.17728531855955687,20701684.0,1759643140000.0,14487740000.0,10622834620.0,0.008233339857762296,yfinance_download,237690.KQ
2023-04-18,84200.0,86000.0,83500.0,84500.0,83069.7734375,95857.0,-0.00588235294117645,-0.4152249134948097,78840.0,79063.33333333333,80670.0,0.2837477368202532,0.3161412186048278,0.1206896551724137,0.024242424242424176,0.025485436893203817,0.07179096905124305,0.06876343859353273,0.04747737696789378,115500.0,72200.0,-0.2683982683982684,0.17036011080332414,20701684.0,1749292298000.0,8099916500.0,10510228295.0,0.004630396251821833,yfinance_download,237690.KQ
2023-04-19,84500.0,84500.0,82000.0,83600.0,82185.0,106096.0,-0.010650887573964485,-0.42145328719723185,79290.0,79090.0,80661.66666666667,0.2837791965222937,0.31669346797286535,0.12064343163538882,0.019512195121951237,-0.011820330969267157,0.05435742212132677,0.057023643949930536,0.03642787776101808,115500.0,72200.0,-0.2761904761904762,0.1578947368421053,20701684.0,1730660782400.0,8869625600.0,10732815245.0,0.005124993696165008,yfinance_download,237690.KQ
2023-04-20,83400.0,83400.0,80300.0,80900.0,79530.6953125,89335.0,-0.03229665071770338,-0.44013840830449824,79660.0,79071.66666666667,80631.66666666667,0.3066045620529189,0.32375725031652297,0.10068027210884356,-0.013414634146341475,-0.04260355029585794,0.015566156163695721,0.02312248382269244,0.0033278902002935595,115500.0,72200.0,-0.2995670995670996,0.12049861495844882,20701684.0,1674766235600.0,7227201500.0,10589439795.0,0.004315349417950733,yfinance_download,237690.KQ
2023-04-21,81100.0,82300.0,79500.0,80800.0,79432.3984375,73857.0,-0.0012360939431397266,-0.4408304498269896,79975.0,79055.0,80610.83333333333,0.30559425229690085,0.3237282395714627,0.08456375838926178,-0.012224938875305624,-0.03001200480192079,0.01031572366364486,0.02207324014926315,0.0023466655639752254,115500.0,72200.0,-0.3004329004329004,0.11911357340720219,20701684.0,1672696067200.0,5967645600.0,10371887225.0,0.003567680774182429,yfinance_download,237690.KQ
2023-04-24,81200.0,81200.0,78500.0,79300.0,77957.7890625,74364.0,-0.01856435643564358,-0.4512110726643599,80190.0,79013.33333333333,80637.5,0.3158832936656069,0.32595630236402307,0.057333333333333236,-0.030562347188264005,0.042049934296977565,-0.011098640728270381,0.0036280796490044676,-0.016586575724693797,115500.0,72200.0,-0.3134199134199134,0.09833795013850422,20701684.0,1641643541200.0,5897065200.0,10315980485.0,0.0035921715354171185,yfinance_download,237690.KQ
2023-04-25,79000.0,80300.0,77200.0,79100.0,77761.171875,69299.0,-0.0025220680958385477,-0.4525951557093426,80410.0,78976.66666666667,80670.83333333333,0.31549354979660815,0.32576626066460473,0.058902275769745716,-0.027060270602705994,0.053262316910785534,-0.016291506031588132,0.0015616426792723903,-0.019472134703785948,115500.0,72200.0,-0.3151515151515152,0.09556786703601117,20701684.0,1637503204400.0,5481550900.0,10393477510.0,0.003347505449315138,yfinance_download,237690.KQ
2023-04-26,77800.0,79600.0,77300.0,78400.0,77073.015625,44088.0,-0.008849557522123908,-0.457439446366782,80665.0,78928.33333333333,80720.0,0.3083022744976926,0.32624185065338496,0.06957708049113243,-0.035670356703567,0.08137931034482748,-0.028079092543234374,-0.006693836180501234,-0.0287413280475719,115500.0,72200.0,-0.32121212121212117,0.08587257617728539,20701684.0,1623012025600.0,3456499200.0,10353369635.0,0.002129681817189365,yfinance_download,237690.KQ
2023-04-27,78300.0,79000.0,77200.0,78600.0,77269.6328125,55445.0,0.0025510204081633514,-0.4560553633217993,80900.0,78870.0,80768.33333333333,0.30782636103902344,0.32560634845706277,0.06359945872801087,-0.042630937880633324,0.07967032967032961,-0.028430160692212603,-0.0034233548877899977,-0.026846330038587718,115500.0,72200.0,-0.3194805194805195,0.08864265927977844,20701684.0,1627152362400.0,4357977000.0,10272860285.0,0.0026782845298962154,yfinance_download,237690.KQ
2023-04-28,78800.0,80000.0,78100.0,79000.0,77662.859375,84090.0,0.0050890585241729624,-0.45328719723183386,81150.0,78810.0,80803.33333333333,0.30780417187470077,0.32552602422461246,0.06756756756756754,-0.04358353510895885,0.05614973262032086,-0.026494146642020988,0.002410861565791178,-0.022317561156717902,115500.0,72200.0,-0.316017316017316,0.09418282548476453,20701684.0,1635433036000.0,6643110000.0,10393653285.0,0.004061988387031703,yfinance_download,237690.KQ
2023-05-02,80800.0,90500.0,79100.0,90000.0,88476.6796875,561806.0,0.139240506329114,-0.3771626297577855,81980.0,78960.0,80901.66666666667,0.5684402452491564,0.43140204005427224,0.22615803814713886,0.11111111111111116,0.15089514066496168,0.09782873871676023,0.13981762917933138,0.11246163037432266,115500.0,72200.0,-0.22077922077922074,0.24653739612188375,20701684.0,1863151560000.0,50562540000.0,12625207585.0,0.027138178710485582,yfinance_download,237690.KQ
2023-05-03,90200.0,92200.0,87600.0,89000.0,87493.6015625,223429.0,-0.011111111111111072,-0.38408304498269896,82590.0,79090.0,80985.83333333333,0.5573145088112611,0.4322504911236595,0.15885416666666674,0.09605911330049266,0.12801013941698347,0.07761230173144451,0.12530029080794036,0.0989576366236895,115500.0,72200.0,-0.22943722943722944,0.23268698060941828,20701684.0,1842449876000.0,19885181000.0,12884955275.0,0.010792793475158833,yfinance_download,237690.KQ
2023-05-04,89000.0,92800.0,88400.0,91800.0,90246.2109375,247503.0,0.03146067415730336,-0.3647058823529412,83255.0,79270.0,81113.33333333333,0.5614308416067817,0.4363652895509881,0.16942675159235665,0.1333333333333333,0.19999999999999996,0.10263647828959233,0.15806736470291405,0.13174981507355965,115500.0,72200.0,-0.20519480519480515,0.2714681440443214,20701684.0,1900414591200.0,22720775400.0,13244358220.0,0.011955694039190242,yfinance_download,237690.KQ
2023-05-08,92600.0,93100.0,89000.0,89200.0,87690.21875,146235.0,-0.028322440087146017,-0.38269896193771624,83720.0,79398.33333333333,81184.16666666667,0.5749041352273386,0.44081138881520016,0.11639549436795993,0.09447852760736186,0.10532837670384132,0.06545628284758709,0.12344927475387824,0.0987364120672134,115500.0,72200.0,-0.22770562770562774,0.23545706371191133,20701684.0,1846590212800.0,13044162000.0,12925317900.0,0.0070639180851181,yfinance_download,237690.KQ
2023-05-09,89200.0,90700.0,87500.0,88400.0,86903.7578125,125676.0,-0.008968609865470878,-0.388235294117647,84075.0,79501.66666666667,81258.33333333333,0.575617306010064,0.4411372859273658,0.08733087330873301,0.07542579075425793,0.11194968553459117,0.051442164733868534,0.11192637470912548,0.08788842170033839,115500.0,72200.0,-0.23463203463203464,0.22437673130193914,20701684.0,1830028865600.0,11109758400.0,13005026025.0,0.006070810471264077,yfinance_download,237690.KQ
2023-05-10,89000.0,89100.0,85300.0,85900.0,84446.078125,92515.0,-0.02828054298642535,-0.4055363321799308,84305.0,79608.33333333333,81289.16666666667,0.587367024711339,0.439712200019908,0.056580565805657956,0.08050314465408803,0.045012165450121655,0.018919399798351222,0.07903276457657293,0.056721375337017044,115500.0,72200.0,-0.2562770562770563,0.1897506925207757,20701684.0,1778274655600.0,7947038500.0,12746225975.0,0.00446896010971861,yfinance_download,237690.KQ
2023-05-11,85500.0,87100.0,83900.0,85000.0,83561.3046875,94484.0,-0.010477299185098987,-0.4117647058823529,84390.0,79701.66666666667,81325.0,0.5837357109736899,0.4403786110836614,0.020408163265306145,0.07052896725440805,0.053283767038413865,0.007228344590591407,0.06647707074297893,0.04518905625576397,115500.0,72200.0,-0.2640692640692641,0.17728531855955687,20701684.0,1759643140000.0,8031140000.0,12424738975.0,0.004564073144967337,yfinance_download,237690.KQ
2023-05-12,84400.0,84600.0,82200.0,82500.0,81103.625,110766.0,-0.02941176470588236,-0.4290657439446367,84255.0,79733.33333333333,81333.33333333333,0.5880033866953424,0.44394024675426197,-0.03169014084507038,0.023573200992555776,0.012269938650306678,-0.020829624354637755,0.034698996655518455,0.014344262295082011,115500.0,72200.0,-0.2857142857142857,0.14265927977839343,20701684.0,1707888930000.0,9138195000.0,12157056805.0,0.005350579208918463,yfinance_download,237690.KQ
2023-05-15,82100.0,82900.0,81000.0,82500.0,81103.625,70138.0,0.0,-0.4290657439446367,84055.0,79781.66666666667,81338.33333333333,0.5848950901665806,0.44309581266123915,-0.046242774566473965,0.03643216080402012,0.0073260073260073,-0.01849979180298611,0.03407215525705576,0.014281908899043128,115500.0,72200.0,-0.2857142857142857,0.14265927977839343,20701684.0,1707888930000.0,5786385000.0,11679281080.0,0.003388033553212386,yfinance_download,237690.KQ
2023-05-16,82700.0,84000.0,82500.0,82900.0,81496.8515625,66368.0,0.00484848484848488,-0.42629757785467126,83820.0,79800.0,81354.16666666667,0.5829758422230761,0.4396851505748415,-0.053652968036529636,0.01344743276283622,0.023456790123456805,-0.010975900739680244,0.03884711779448624,0.019001280409731036,115500.0,72200.0,-0.2822510822510822,0.14819944598337953,20701684.0,1716169603600.0,5501907200.0,11210770700.0,0.003205922764544179,yfinance_download,237690.KQ
2023-05-17,82300.0,85400.0,82300.0,85000.0,83561.3046875,70192.0,0.02533172496984326,-0.4117647058823529,83820.0,79886.66666666667,81406.66666666667,0.581225519005538,0.43941354403046884,0.0,0.06516290726817053,0.08005082592121981,0.014077785731329007,0.0640073437369606,0.04414052903120136,115500.0,72200.0,-0.2640692640692641,0.17728531855955687,20701684.0,1759643140000.0,5966320000.0,10784699700.0,0.003390642036657501,yfinance_download,237690.KQ
2023-05-18,85300.0,87000.0,84300.0,85700.0,84249.453125,94120.0,0.008235294117647118,-0.4069204152249135,83880.0,79965.0,81469.16666666667,0.5812983673958732,0.43873357954471964,0.014201183431952646,0.05802469135802468,0.09590792838874673,0.021697663328564598,0.0717188770086914,0.05193171240653416,115500.0,72200.0,-0.258008658008658,0.18698060941828265,20701684.0,1774134318800.0,8066084000.0,10783008075.0,0.004546490034337303,yfinance_download,237690.KQ
2023-05-19,85800.0,87200.0,82400.0,85200.0,83757.9296875,150335.0,-0.005834305717619559,-0.4103806228373702,83960.0,80045.0,81512.5,0.5802350974549817,0.43861199820050273,0.019138755980861344,0.05970149253731338,0.06499999999999995,0.01476893758932829,0.06440127428321563,0.045238460358840715,115500.0,72200.0,-0.2623376623376623,0.18005540166204992,20701684.0,1763783476800.0,12808542000.0,10979953895.0,0.007261969605950897,yfinance_download,237690.KQ
2023-05-22,85300.0,89000.0,84200.0,87800.0,86313.921875,160254.0,0.030516431924882736,-0.3923875432525952,84305.0,80186.66666666667,81595.83333333333,0.5744566250699791,0.44149438037332767,0.08529048207663781,0.10718789407313989,0.1285347043701799,0.041456615859083,0.09494512803458588,0.07603533677168972,115500.0,72200.0,-0.23982683982683983,0.21606648199445977,20701684.0,1817607855200.0,14070301200.0,11322108880.0,0.007741109370619318,yfinance_download,237690.KQ
2023-05-23,87900.0,88700.0,86700.0,88500.0,87002.0703125,85924.0,0.007972665148063829,-0.38754325259515576,84690.0,80330.0,81706.66666666667,0.5741276846627762,0.4415167910120888,0.09529702970297027,0.10763454317897381,0.1768617021276595,0.044987601842012115,0.10170546495705213,0.08314295039164477,115500.0,72200.0,-0.23376623376623373,0.22576177285318555,20701684.0,1832099034000.0,7604274000.0,11403940300.0,0.004150580213667642,yfinance_download,237690.KQ
2023-05-24,88000.0,89100.0,87000.0,88600.0,87100.375,71085.0,0.001129943502824915,-0.3868512110726644,85155.0,80496.66666666667,81805.83333333333,0.5675591841572821,0.43986598804355875,0.1172761664564943,0.12722646310432562,0.15514993481095174,0.04045563971581245,0.10066669427305475,0.08305234956757368,115500.0,72200.0,-0.23290043290043294,0.22714681440443218,20701684.0,1834169202400.0,6298131000.0,11423993590.0,0.003433778623999864,yfinance_download,237690.KQ
2023-05-25,88900.0,89000.0,86500.0,86700.0,85232.5390625,64373.0,-0.021444695259593693,-0.4,85535.0,80673.33333333333,81891.66666666667,0.575306782460007,0.43693072379200565,0.09608091024020227,0.13929040735873843,0.13481675392670156,0.013620155491903985,0.07470456987025864,0.05871578304670799,115500.0,72200.0,-0.24935064935064932,0.2008310249307479,20701684.0,1794836002800.0,5581139100.0,11428973000.0,0.0031095537928218786,yfinance_download,237690.KQ
2023-05-26,86500.0,88100.0,85900.0,87600.0,86117.296875,49037.0,0.01038062283737018,-0.3937716262975779,85995.0,80826.66666666667,81976.66666666667,0.5731307770742659,0.43343863283136186,0.11734693877551017,0.11734693877551017,0.13178294573643412,0.01866387580673301,0.08380072583305842,0.06859675517423658,115500.0,72200.0,-0.24155844155844153,0.21329639889196672,20701684.0,1813467518400.0,4295641200.0,11470930100.0,0.002368744494409247,yfinance_download,237690.KQ
2023-05-30,87900.0,88700.0,85000.0,86000.0,84544.3828125,87178.0,-0.0182648401826484,-0.40484429065743943,86365.0,80983.33333333333,82060.83333333333,0.5795887381090504,0.43238001671345,0.09414758269720092,0.12271540469973896,0.13306982872200268,-0.004226249059225418,0.06194690265486735,0.04800300590009443,115500.0,72200.0,-0.2554112554112554,0.1911357340720221,20701684.0,1780344824000.0,7497308000.0,11627896650.0,0.0042111549958930876,yfinance_download,237690.KQ
2023-05-31,85900.0,86900.0,85100.0,86300.0,84839.3046875,104949.0,0.0034883720930232176,-0.40276816608996535,86730.0,81121.66666666667,82130.0,0.5796171531667846,0.43110397488956526,0.09240506329113929,0.10641025641025648,0.10641025641025648,-0.004957915369537602,0.06383415856840546,0.05077316449531222,115500.0,72200.0,-0.2528138528138528,0.1952908587257618,20701684.0,1786555329200.0,9057098700.0,11748596085.0,0.005069587575580808,yfinance_download,237690.KQ
2023-06-01,86400.0,89000.0,86200.0,88800.0,87296.984375,104497.0,0.028968713789107703,-0.3854671280276817,86670.0,81303.33333333333,82214.16666666667,0.3107642585019258,0.4345530355672815,-0.013333333333333308,0.13992297817715027,0.12833545108005073,0.024575977847005825,0.09220614160961027,0.08010582117842624,115500.0,72200.0,-0.23116883116883113,0.22991689750692523,20701684.0,1838309539200.0,9279333600.0,9684435765.0,0.005047753603040216,yfinance_download,237690.KQ
2023-06-02,89400.0,89500.0,86700.0,87500.0,86018.9921875,84808.0,-0.014639639639639657,-0.39446366782006925,86595.0,81430.0,82260.0,0.3126107896335391,0.43323883935314245,-0.016853932584269704,0.09511889862327916,0.06707317073170738,0.010450949823892941,0.07454255188505465,0.06370046194991485,115500.0,72200.0,-0.24242424242424243,0.2119113573407203,20701684.0,1811397350000.0,7420700000.0,9061211715.0,0.004096671555801934,yfinance_download,237690.KQ
2023-06-05,87400.0,87400.0,84600.0,85500.0,84052.8359375,67600.0,-0.02285714285714291,-0.40830449826989623,86280.0,81546.66666666667,82290.83333333333,0.29767722169492555,0.4343952360092572,-0.06862745098039214,0.08917197452229297,0.04523227383863082,-0.009040333796940248,0.048479398299542176,0.03899786326950161,115500.0,72200.0,-0.2597402597402597,0.18421052631578938,20701684.0,1769993982000.0,5779800000.0,8214162945.0,0.0032654348312919856,yfinance_download,237690.KQ
2023-06-07,85500.0,87100.0,85300.0,85700.0,84249.453125,72480.0,0.002339181286549641,-0.4069204152249135,86105.0,81621.66666666667,82307.5,0.28314648077818483,0.4290503237837375,-0.039237668161434924,0.05541871921182273,0.0238948626045401,-0.004703559607456054,0.04996630796561363,0.041217386021930036,115500.0,72200.0,-0.258008658008658,0.18698060941828265,20701684.0,1774134318800.0,6211536000.0,7872531645.0,0.003501164446331999,yfinance_download,237690.KQ
2023-06-08,85700.0,86000.0,84500.0,85700.0,84249.453125,76688.0,0.0,-0.4069204152249135,85970.0,81750.0,82334.16666666667,0.2819423486656995,0.42061935129408734,-0.03054298642533937,0.09871794871794881,0.038787878787878816,-0.0031406304524834727,0.04831804281345575,0.040880153034888345,115500.0,72200.0,-0.258008658008658,0.18698060941828265,20701684.0,1774134318800.0,6572161600.0,7645651805.0,0.0037044329340550266,yfinance_download,237690.KQ
2023-06-09,85100.0,86500.0,84800.0,85700.0,84249.453125,68301.0,0.0,-0.4069204152249135,85960.0,81883.33333333333,82349.16666666667,0.2634455866726629,0.42046863504765464,-0.002328288707799775,0.10296010296010305,0.021454112038140627,-0.003024662633783204,0.04661103195603511,0.04069055545998235,115500.0,72200.0,-0.258008658008658,0.18698060941828265,20701684.0,1774134318800.0,5853395700.0,7540969665.0,0.0032992968108294957,yfinance_download,237690.KQ
2023-06-12,85800.0,85900.0,83100.0,83500.0,82086.6953125,96038.0,-0.025670945157526215,-0.4221453287197232,85885.0,82060.0,82305.0,0.27665973060339155,0.40324802707768054,-0.01764705882352946,0.14540466392318252,-0.059684684684684686,-0.027769692030040205,0.01754813551060197,0.01451916651479257,115500.0,72200.0,-0.2770562770562771,0.15650969529085867,20701684.0,1728590614000.0,8019173000.0,7540371315.0,0.004639139501887866,yfinance_download,237690.KQ
2023-06-13,84000.0,86000.0,83400.0,83500.0,82086.6953125,81762.0,0.0,-0.4221453287197232,85935.0,82231.66666666667,82253.33333333333,0.2550986537051611,0.40326882350396487,0.0121212121212122,0.1407103825136613,-0.06911928651059085,-0.028335369756211093,0.01542390401102578,0.015156427297779329,115500.0,72200.0,-0.2770562770562771,0.15650969529085867,20701684.0,1728590614000.0,6827127000.0,7424817915.0,0.00394953376739786,yfinance_download,237690.KQ
2023-06-14,83500.0,83800.0,81700.0,81900.0,80513.78125,96225.0,-0.019161676646706538,-0.43321799307958475,85905.0,82393.33333333333,82195.0,0.26470770510209457,0.4043664239167608,-0.0072727272727273196,0.13434903047091407,-0.07874015748031493,-0.046621267679413325,-0.005987539444938905,-0.003589026096477932,115500.0,72200.0,-0.2909090909090909,0.13434903047091407,20701684.0,1695467919600.0,7880827500.0,7529540040.0,0.0046481725834478,yfinance_download,237690.KQ
2023-06-15,81900.0,82600.0,80500.0,81300.0,79923.9296875,68282.0,-0.0073260073260073,-0.4373702422145329,85825.0,82498.33333333333,82134.16666666667,0.2651351594443494,0.39763684815988765,-0.0193003618817853,0.08400000000000007,-0.08239277652370203,-0.05272356539469847,-0.014525545970625608,-0.010156146954677925,115500.0,72200.0,-0.2961038961038961,0.12603878116343492,20701684.0,1683046909200.0,5551326600.0,7532011010.0,0.0032983790110988074,yfinance_download,237690.KQ
2023-06-16,81800.0,82500.0,80500.0,80700.0,79334.09375,69762.0,-0.0073800738007380184,-0.44152249134948096,85610.0,82605.0,82087.5,0.2471194756196866,0.3974267057726881,-0.0505882352941176,0.08613728129205911,-0.06488991888760143,-0.057353112954094176,-0.023061558017069217,-0.016902695294655046,115500.0,72200.0,-0.3012987012987013,0.11772853185595578,20701684.0,1670625898800.0,5629793400.0,7515184680.0,0.003369870779594549,yfinance_download,237690.KQ
2023-06-19,80700.0,81600.0,79600.0,81500.0,80120.546875,82285.0,0.00991325898389106,-0.4359861591695502,85400.0,82706.66666666667,82024.16666666667,0.24815385555238575,0.3968623853760938,-0.04900816802800467,0.0809018567639257,-0.08529741863075191,-0.04566744730679162,-0.01458971465419967,-0.006390393075211609,115500.0,72200.0,-0.2943722943722944,0.12880886426592797,20701684.0,1687187246000.0,6706227500.0,7447191855.0,0.003974797412616288,yfinance_download,237690.KQ
2023-06-20,81300.0,81500.0,79600.0,80100.0,78744.2421875,67373.0,-0.01717791411042946,-0.445674740484429,85145.0,82798.33333333333,81934.16666666667,0.2534502367944768,0.397951611991653,-0.059859154929577496,0.07372654155495972,-0.1188118811881188,-0.05925186446649833,-0.032589222810442964,-0.02238585856531161,115500.0,72200.0,-0.3064935064935065,0.10941828254847641,20701684.0,1658204888400.0,5396577300.0,7076593620.0,0.0032544695397727064,yfinance_download,237690.KQ
2023-06-21,80000.0,80100.0,77400.0,78600.0,77269.6328125,133886.0,-0.01872659176029967,-0.4560553633217993,84685.0,82883.33333333333,81862.5,0.22596777243867172,0.39872790013598786,-0.10478359908883828,0.06938775510204076,-0.0986238532110092,-0.07185451969061818,-0.051679066961592524,-0.03985341273476861,115500.0,72200.0,-0.3194805194805195,0.08864265927977844,20701684.0,1627152362400.0,10523439600.0,6899250540.0,0.006467396565419509,yfinance_download,237690.KQ
2023-06-22,78400.0,79300.0,78000.0,78400.0,77073.015625,57182.0,-0.0025445292620864812,-0.457439446366782,84180.0,82948.33333333333,81789.16666666667,0.22072160640220037,0.3979920590833842,-0.11412429378531075,0.05234899328859055,-0.1009174311926605,-0.06866239011641717,-0.0548333299845285,-0.04143784323514732,115500.0,72200.0,-0.32121212121212117,0.08587257617728539,20701684.0,1623012025600.0,4483068800.0,6743190280.0,0.0027621907473807444,yfinance_download,237690.KQ
2023-06-23,78200.0,78900.0,77300.0,78200.0,76876.3984375,67198.0,-0.0025510204081632404,-0.45882352941176474,83660.0,83001.66666666667,81692.5,0.21953946235893607,0.39789154771037477,-0.11738148984198649,0.04266666666666663,-0.12917594654788422,-0.06526416447525696,-0.05785024397100469,-0.04275178259938184,115500.0,72200.0,-0.322943722943723,0.08310249307479234,20701684.0,1618871688800.0,5254883600.0,6691027910.0,0.0032460161212005748,yfinance_download,237690.KQ
2023-06-26,78200.0,79300.0,77200.0,78400.0,77073.015625,36978.0,0.002557544757033181,-0.457439446366782,83245.0,83063.33333333333,81610.0,0.2137932420209235,0.39776708469166466,-0.09573241061130333,0.04953145917001334,-0.11211778029445074,-0.05820169379542317,-0.05614189975520678,-0.03933341502266874,115500.0,72200.0,-0.32121212121212117,0.08587257617728539,20701684.0,1623012025600.0,2899075200.0,6556924715.0,0.001786231496915903,yfinance_download,237690.KQ
2023-06-27,77900.0,78500.0,77300.0,78000.0,76679.7890625,52881.0,-0.005102040816326481,-0.46020761245674735,82765.0,83141.66666666667,81530.0,0.20600681553575767,0.39583838736611066,-0.1095890410958904,0.06412005457025916,-0.1095890410958904,-0.05757264544191387,-0.061842237145434575,-0.04329694590948119,115500.0,72200.0,-0.3246753246753247,0.08033240997229907,20701684.0,1614731352000.0,4124718000.0,6548378555.0,0.002554429871502241,yfinance_download,237690.KQ
2023-06-28,78100.0,79200.0,77500.0,78200.0,76876.3984375,59865.0,0.002564102564102555,-0.45882352941176474,82375.0,83213.33333333333,81470.83333333333,0.20240239207030125,0.39559003824994166,-0.09069767441860466,0.05818673883626513,-0.08323563892145369,-0.050682852807283796,-0.060246755327671764,-0.04014729197565581,115500.0,72200.0,-0.322943722943723,0.08310249307479234,20701684.0,1618871688800.0,4681443000.0,6407585305.0,0.002891793730403768,yfinance_download,237690.KQ
2023-06-29,78300.0,78700.0,75800.0,77000.0,75696.7109375,90407.0,-0.01534526854219953,-0.46712802768166095,81910.0,83263.33333333333,81410.0,0.2033778369840363,0.397046254874968,-0.10776361529548084,0.04054054054054057,-0.08659549228944252,-0.059943840800879,-0.07522318747748102,-0.05417024935511605,115500.0,72200.0,-0.33333333333333337,0.06648199445983383,20701684.0,1594029668000.0,6961339000.0,6302797320.0,0.004367132644861162,yfinance_download,237690.KQ
2023-06-30,76200.0,77000.0,74400.0,76900.0,75598.40625,96848.0,-0.0012987012987012436,-0.4678200692041522,81315.0,83321.66666666667,81324.16666666667,0.15857287368392545,0.39662727278560134,-0.13400900900900903,0.04768392370572205,-0.11811926605504586,-0.0542950255180471,-0.07707078991058758,-0.05440162313375485,115500.0,72200.0,-0.33419913419913416,0.06509695290858719,20701684.0,1591959499600.0,7447611200.0,6211211200.0,0.00467826675356459,yfinance_download,237690.KQ
2023-07-03,78100.0,79000.0,76900.0,78000.0,76679.7890625,73936.0,0.014304291287386306,-0.46020761245674735,80840.0,83341.66666666667,81245.0,0.1729968479640706,0.3863188038624296,-0.10857142857142854,0.015625,-0.10857142857142854,-0.03513112320633349,-0.064093590640936,-0.039940919441196376,115500.0,72200.0,-0.3246753246753247,0.08033240997229907,20701684.0,1614731352000.0,5767008000.0,6128526600.0,0.0035714968888521338,yfinance_download,237690.KQ
2023-07-04,77700.0,77900.0,76700.0,77700.0,76384.8671875,54710.0,-0.0038461538461538325,-0.46228373702422143,80450.0,83328.33333333333,81165.0,0.16067372034176516,0.3837754985687971,-0.09122807017543855,-0.010191082802547768,-0.10996563573883167,-0.03418272218769425,-0.06754405264315855,-0.04269081500646832,115500.0,72200.0,-0.32727272727272727,0.0761772853185596,20701684.0,1608520846800.0,4250967000.0,6052084950.0,0.0026427801718932626,yfinance_download,237690.KQ
2023-07-05,77300.0,78300.0,76700.0,76800.0,75500.1015625,59350.0,-0.01158301158301156,-0.46851211072664356,80005.0,83276.66666666667,81096.66666666667,0.16015715028616323,0.38270426791098044,-0.1038506417736289,-0.038798498122653347,-0.09647058823529409,-0.040059996250234375,-0.07777288556218231,-0.05298203789715983,115500.0,72200.0,-0.33506493506493507,0.06371191135734078,20701684.0,1589889331200.0,4558080000.0,5969412150.0,0.002866916527177209,yfinance_download,237690.KQ
2023-07-06,76500.0,76800.0,73700.0,73800.0,72550.875,109400.0,-0.0390625,-0.48927335640138403,79410.0,83151.66666666667,81054.16666666667,0.19814534423834534,0.3889133998943568,-0.1388564760793466,-0.09225092250922506,-0.06463878326996197,-0.07064601435587459,-0.1124651740794933,-0.0894977638410529,115500.0,72200.0,-0.36103896103896105,0.02216066481994461,20701684.0,1527784279200.0,8073720000.0,6044490070.0,0.005284594238806853,yfinance_download,237690.KQ
2023-07-07,73700.0,74400.0,71700.0,72700.0,71469.5,76840.0,-0.01490514905149054,-0.4968858131487889,78760.0,83008.33333333333,80983.33333333333,0.1978538856281799,0.3898940718499755,-0.15169194865810964,-0.10578105781057812,-0.10467980295566504,-0.07694261046216355,-0.12418431884348957,-0.10228442066268773,115500.0,72200.0,-0.37056277056277054,0.006925207756232732,20701684.0,1505012426800.0,5586268000.0,6031133685.0,0.0037117753319005353,yfinance_download,237690.KQ
2023-07-10,72700.0,73300.0,70800.0,72600.0,71371.1875,64156.0,-0.0013755158184318717,-0.49757785467128024,78215.0,82830.0,80874.16666666667,0.1878048251145295,0.38606011104203114,-0.13053892215568863,-0.12845138055222094,-0.15285880980163358,-0.07178929872786555,-0.12350597609561753,-0.10230914280415049,115500.0,72200.0,-0.37142857142857144,0.005540166204986097,20701684.0,1502942258400.0,4657725600.0,5863061315.0,0.0030990715537924356,yfinance_download,237690.KQ
2023-07-12,73000.0,73800.0,71900.0,73600.0,72354.2578125,46896.0,0.01377410468319562,-0.49065743944636675,77720.0,82636.66666666667,80778.33333333333,0.2004573605572561,0.3840177235259358,-0.11856287425149703,-0.136150234741784,-0.1351351351351351,-0.05301080802882141,-0.10935420112137473,-0.0888645882765593,115500.0,72200.0,-0.36277056277056274,0.01939058171745156,20701684.0,1523643942400.0,3451545600.0,5694282245.0,0.0022653229563353396,yfinance_download,237690.KQ
2023-07-13,74800.0,76200.0,73500.0,74200.0,72944.109375,65862.0,0.008152173913043459,-0.4865051903114187,77335.0,82431.66666666667,80674.16666666667,0.20050442367849008,0.3829154655582581,-0.09401709401709402,-0.1421965317919075,-0.14417531718569776,-0.0405379194413914,-0.09986049050728896,-0.08025080312780841,115500.0,72200.0,-0.35757575757575755,0.027700831024930705,20701684.0,1536064952800.0,4886960400.0,5544588890.0,0.003181480308558473,yfinance_download,237690.KQ
2023-07-14,74200.0,74200.0,72900.0,73100.0,71862.7265625,48548.0,-0.014824797843665749,-0.49411764705882355,76925.0,82190.0,80590.0,0.20347842344252454,0.3824679760126943,-0.10086100861008607,-0.16552511415525117,-0.12139423076923073,-0.04972375690607733,-0.11059739627691934,-0.09293957066633574,115500.0,72200.0,-0.36709956709956715,0.012465373961218829,20701684.0,1513293100400.0,3548858800.0,5444465500.0,0.002345123227656262,yfinance_download,237690.KQ
2023-07-17,73500.0,73700.0,72200.0,73000.0,71764.421875,52304.0,-0.001367989056087593,-0.4948096885813149,76540.0,81990.0,80510.0,0.20375199004863082,0.378328702635251,-0.09541511771995048,-0.14117647058823535,-0.11622276029055689,-0.046250326626600446,-0.10964751798999883,-0.09328033784623024,115500.0,72200.0,-0.36796536796536794,0.011080332409972193,20701684.0,1511222932000.0,3818192000.0,5353885430.0,0.0025265577428386986,yfinance_download,237690.KQ
2023-07-18,72600.0,73600.0,70800.0,70900.0,69699.9609375,86896.0,-0.02876712328767128,-0.5093425605536333,76010.0,81763.33333333333,80413.33333333333,0.21247272573659953,0.3821503393937217,-0.13006134969325156,-0.16094674556213018,-0.14060606060606062,-0.06722799631627419,-0.13286314158750856,-0.11830542198640348,115500.0,70900.0,-0.38614718614718613,0.0,20701684.0,1467749395600.0,6160926400.0,5326620375.0,0.00419753291567971,yfinance_download,237690.KQ
2023-07-19,71500.0,74400.0,71200.0,74200.0,72944.109375,101145.0,0.04654442877291953,-0.4865051903114187,75715.0,81606.66666666667,80348.33333333333,0.28082131753913075,0.3948020935231101,-0.07365792759051182,-0.11244019138755978,-0.09512195121951217,-0.02000924519580005,-0.0907605587778777,-0.07652098155945974,115500.0,70900.0,-0.35757575757575755,0.04654442877291953,20701684.0,1536064952800.0,7504959000.0,5432039460.0,0.004885834408447158,yfinance_download,237690.KQ
2023-07-20,74200.0,75000.0,73300.0,73800.0,72550.875,71448.0,-0.005390835579514808,-0.48927335640138403,75475.0,81488.33333333333,80280.0,0.2752730396487245,0.3897125055850136,-0.06106870229007633,-0.08776266996291715,-0.09999999999999998,-0.02219277906591588,-0.09434888429836574,-0.08071748878923768,115500.0,70900.0,-0.36103896103896105,0.04090267983074747,20701684.0,1527784279200.0,5272862400.0,5169510600.0,0.003451313429380914,yfinance_download,237690.KQ
2023-07-21,73500.0,78900.0,73500.0,77300.0,75991.640625,186919.0,0.04742547425474264,-0.46505190311418687,75420.0,81430.0,80242.5,0.32839869651708425,0.4022758013066825,-0.014030612244897989,-0.043316831683168355,-0.055012224938875254,0.024927075046406788,-0.05071840844897457,-0.036670093778234714,115500.0,70900.0,-0.33073593073593077,0.09026798307475326,20701684.0,1600240173200.0,14448838700.0,5667799095.0,0.00902916883476726,yfinance_download,237690.KQ
2023-07-24,78300.0,78300.0,74400.0,74700.0,73435.640625,105634.0,-0.03363518758085382,-0.4830449826989619,75245.0,81353.33333333333,80183.33333333333,0.34886569113151467,0.4063417344968354,-0.04475703324808189,-0.058007566204287486,-0.08679706601466997,-0.007243006179812661,-0.08178316807342456,-0.06838495115360621,115500.0,70900.0,-0.35324675324675325,0.05359661495063461,20701684.0,1546415794800.0,7890859800.0,5799597905.0,0.00510267667113458,yfinance_download,237690.KQ
2023-07-25,75500.0,76300.0,73600.0,74000.0,72747.4921875,87449.0,-0.009370816599732268,-0.4878892733564014,75025.0,81268.33333333333,80122.5,0.34934122471032475,0.40671605456811105,-0.056122448979591844,-0.06447534766118834,-0.0897908979089791,-0.013662112629123646,-0.08943622977379462,-0.07641424069393743,115500.0,70900.0,-0.35930735930735935,0.0437235543018335,20701684.0,1531924616000.0,6471226000.0,5978205445.0,0.0042242457183676455,yfinance_download,237690.KQ
2023-07-26,73200.0,74700.0,71500.0,72500.0,71272.875,137542.0,-0.020270270270270285,-0.4982698961937716,74750.0,81170.0,80049.16666666667,0.35485576177115064,0.40835148877264044,-0.07051282051282048,-0.07525510204081631,-0.10824108241082409,-0.030100334448160515,-0.10681286189478867,-0.09430662405396684,115500.0,70900.0,-0.37229437229437234,0.02256699576868826,20701684.0,1500872090000.0,9971795000.0,6270559295.0,0.0066440005557035844,yfinance_download,237690.KQ
2023-07-27,72500.0,75500.0,72400.0,74900.0,73632.2578125,108869.0,0.03310344827586209,-0.4816608996539793,74585.0,81108.33333333333,79989.16666666667,0.37751398700115546,0.4142415664444122,-0.0421994884910486,-0.04707379134860046,-0.08769792935444576,0.004223369310182967,-0.07654371725059073,-0.06362319897486124,115500.0,70900.0,-0.35151515151515156,0.056417489421720646,20701684.0,1550556131600.0,8154288100.0,6444201550.0,0.005258944151596556,yfinance_download,237690.KQ
2023-07-28,75400.0,76300.0,74200.0,75100.0,73828.8671875,70884.0,0.002670226969292422,-0.48027681660899657,74490.0,81043.33333333333,79926.66666666667,0.37439915448575745,0.4141322539549588,-0.024675324675324628,-0.04936708860759498,-0.09079903147699753,0.008189018660222924,-0.07333525274544472,-0.06038868963216282,115500.0,70900.0,-0.34978354978354975,0.05923836389280668,20701684.0,1554696468400.0,5323388400.0,6362304020.0,0.0034240692689541585,yfinance_download,237690.KQ
2023-07-31,75500.0,76300.0,73700.0,75500.0,74222.1015625,75923.0,0.005326231691078487,-0.47750865051903113,74420.0,80801.66666666667,79880.83333333333,0.37506375362719496,0.29486014122979737,-0.01820546163849157,-0.1611111111111111,-0.0679012345679012,0.014512227895727037,-0.06561333305831152,-0.05484210855753879,115500.0,70900.0,-0.34632034632034636,0.06488011283497874,20701684.0,1562977142000.0,5732186500.0,6276532785.0,0.0036674794185825657,yfinance_download,237690.KQ
2023-08-01,75200.0,77500.0,75000.0,76800.0,75500.1015625,95472.0,0.017218543046357615,-0.46851211072664356,74360.0,80598.33333333333,79844.16666666667,0.3767442685161268,0.29713810012277514,-0.01538461538461533,-0.13707865168539324,-0.054187192118226646,0.0328133405056481,-0.047126698236109044,-0.03812635028649558,115500.0,70900.0,-0.33506493506493507,0.08321579689703817,20701684.0,1589889331200.0,7332249600.0,6354794865.0,0.004611798730963143,yfinance_download,237690.KQ
2023-08-02,76300.0,77200.0,73800.0,75400.0,74123.796875,86579.0,-0.01822916666666663,-0.4782006920415225,74245.0,80325.0,79797.5,0.3818585444056272,0.2904103723603999,-0.029601029601029616,-0.17864923747276684,-0.06913580246913575,0.015556603138258573,-0.06131341425459069,-0.055108242739434155,115500.0,70900.0,-0.34718614718614715,0.06346967559943573,20701684.0,1560906973600.0,6528056600.0,6468649345.0,0.004182220151751906,yfinance_download,237690.KQ
2023-08-03,74900.0,81000.0,74400.0,80300.0,78940.859375,227180.0,0.0649867374005304,-0.4442906574394464,74420.0,80176.66666666667,79787.5,0.4457100002781388,0.31750621013959673,0.04557291666666674,-0.09977578475336324,-0.014723926380368124,0.07901101854340231,0.0015382696545129804,0.0064233119222936175,115500.0,70900.0,-0.3047619047619048,0.13258110014104374,20701684.0,1662345225200.0,18242554000.0,7152873045.0,0.010973986464096351,yfinance_download,237690.KQ
2023-08-04,81500.0,81700.0,78300.0,79200.0,77859.484375,104736.0,-0.013698630136986356,-0.45190311418685125,74690.0,80023.33333333333,79762.5,0.42276742451400495,0.3181252658509877,0.07317073170731714,-0.10407239819004521,-0.03649635036496346,0.06038291605301915,-0.010288665805806563,-0.007052186177715081,115500.0,70900.0,-0.3142857142857143,0.11706629055007056,20701684.0,1639573372800.0,8295091200.0,7163941605.0,0.005059298557547299,yfinance_download,237690.KQ
2023-08-07,79400.0,81500.0,78000.0,78800.0,77466.25,130900.0,-0.005050505050505083,-0.4546712802768166,74995.0,79905.0,79756.66666666667,0.4183878759344624,0.3133408998161667,0.08390646492434661,-0.08265424912689179,-0.008805031446540879,0.0507367157810521,-0.013828921844690534,-0.011994817570109118,115500.0,70900.0,-0.3177489177489178,0.1114245416078985,20701684.0,1631292699200.0,10314920000.0,7400374205.0,0.006323157091954451,yfinance_download,237690.KQ
2023-08-08,79000.0,79000.0,73300.0,74000.0,72747.4921875,186759.0,-0.060913705583756306,-0.4878892733564014,75065.0,79721.66666666667,79711.66666666667,0.4783019251028719,0.33592158105380465,0.019283746556473913,-0.12941176470588234,-0.06801007556675065,-0.014187703989875455,-0.07177053498630659,-0.07165408660380124,115500.0,70900.0,-0.35930735930735935,0.0437235543018335,20701684.0,1531924616000.0,13820166000.0,7858496225.0,0.00902143999492988,yfinance_download,237690.KQ
2023-08-09,74600.0,82900.0,74600.0,82200.0,80808.703125,368491.0,0.11081081081081079,-0.4311418685121108,75495.0,79716.66666666667,79725.0,0.6158798804101708,0.4033557666275586,0.11684782608695654,-0.0036363636363636598,0.01985111662531014,0.08881382873037946,0.031151996654819047,0.031044214487299993,115500.0,70900.0,-0.2883116883116883,0.15937940761636105,20701684.0,1701678424800.0,30289960200.0,9200416955.0,0.01780004950321916,yfinance_download,237690.KQ
2023-08-10,81600.0,82900.0,80600.0,82700.0,81300.234375,153083.0,0.006082725060827299,-0.427681660899654,75920.0,79720.0,79750.83333333333,0.6158382883408863,0.4035323147439693,0.11455525606469008,0.00242424242424244,0.03894472361809043,0.08930453108535308,0.03738083291520322,0.036979759877117324,115500.0,70900.0,-0.283982683982684,0.16643159379407613,20701684.0,1712029266800.0,12659964100.0,9589067140.0,0.007394712430157856,yfinance_download,237690.KQ
2023-08-11,83300.0,83400.0,81200.0,82600.0,81201.9296875,114883.0,-0.0012091898428052694,-0.42837370242214534,76395.0,79715.0,79757.5,0.6115745787969488,0.403434867019284,0.12995896032831733,-0.003618817852834688,0.009779951100244544,0.08122259310164281,0.036191431976416055,0.035639281572265924,115500.0,70900.0,-0.2848484848484848,0.1650211565585331,20701684.0,1709959098400.0,9489335800.0,9886090990.0,0.005549451918983982,yfinance_download,237690.KQ
2023-08-14,83000.0,83300.0,81300.0,82600.0,81201.9296875,85585.0,0.0,-0.42837370242214534,76875.0,79675.0,79780.83333333333,0.6113510989546423,0.4000340003447242,0.1315068493150684,-0.028235294117647025,0.03508771929824572,0.07447154471544715,0.03671164104173208,0.03533639031931224,115500.0,70900.0,-0.2848484848484848,0.1650211565585331,20701684.0,1709959098400.0,7069321000.0,10048647440.0,0.004134204734262199,yfinance_download,237690.KQ
2023-08-16,82600.0,82600.0,79500.0,80200.0,78842.546875,121295.0,-0.029055690072639195,-0.44498269896193776,77340.0,79583.33333333333,79774.16666666667,0.6115750919282247,0.4039670858052101,0.13117066290550072,-0.06417736289381559,-0.00987654320987652,0.03697957072666158,0.007748691099476401,0.005337985354490149,115500.0,70900.0,-0.3056277056277056,0.13117066290550072,20701684.0,1660275056800.0,9727859000.0,10226994070.0,0.005859185175466884,yfinance_download,237690.KQ
2023-08-17,78300.0,82300.0,78000.0,81000.0,79629.0078125,130692.0,0.009975062344139696,-0.4394463667820069,77680.0,79513.33333333333,79779.16666666667,0.5936206022070443,0.4044236310642293,0.09164420485175206,-0.04929577464788737,0.00746268656716409,0.042739443872296556,0.018697073866018377,0.015302658379902745,114000.0,70900.0,-0.2894736842105263,0.14245416078984485,20701684.0,1676836404000.0,10586052000.0,10381048720.0,0.0063131096001658605,yfinance_download,237690.KQ
2023-08-18,80300.0,81000.0,78800.0,79500.0,78154.3984375,59488.0,-0.01851851851851849,-0.44982698961937717,77965.0,79375.0,79780.83333333333,0.5984887159325385,0.4008144213454313,0.0772357723577235,-0.09453302961275623,0.0025220680958386588,0.01968832168280632,0.0015748031496063408,-0.003520060164826533,114000.0,70900.0,-0.3026315789473685,0.12129760225669961,20701684.0,1645783878000.0,4729296000.0,10353870400.0,0.0028735826515369476,yfinance_download,237690.KQ
2023-08-21,80900.0,82500.0,80900.0,81800.0,80415.4765625,105526.0,0.028930817610062887,-0.4339100346020761,78190.0,79263.33333333333,79796.66666666667,0.5842789322258148,0.40517368869224873,0.05821474773609325,-0.07570621468926553,0.02377972465581979,0.046169586903696214,0.03200302788174447,0.02510547641923222,110000.0,70900.0,-0.25636363636363635,0.15373765867418898,20701684.0,1693397751200.0,8632026800.0,10063029805.0,0.005097459704244351,yfinance_download,237690.KQ
2023-08-22,82300.0,82500.0,80700.0,81200.0,79825.625,62763.0,-0.007334963325183352,-0.43806228373702427,78515.0,79140.0,79818.33333333333,0.5694028187564432,0.4053550888638155,0.08701472556894241,-0.08352144469525957,0.0330788804071247,0.03419728714258419,0.026029820571139783,0.017310141780292776,109800.0,70900.0,-0.26047358834244083,0.14527503526093088,20701684.0,1680976740800.0,5096355600.0,9923304595.0,0.003031782341958268,yfinance_download,237690.KQ
2023-08-23,80700.0,81300.0,80300.0,80700.0,79334.09375,48103.0,-0.006157635467980316,-0.44152249134948096,78850.0,79040.0,79856.66666666667,0.568457699641028,0.4032898262493879,0.09054054054054061,-0.0692041522491349,0.06044678055190533,0.023462270133164154,0.02100202429149789,0.010560587719664394,105200.0,70900.0,-0.2328897338403042,0.1382228490832158,20701684.0,1670625898800.0,3881912100.0,9793838900.0,0.002323627391858556,yfinance_download,237690.KQ
2023-08-24,81300.0,81700.0,80500.0,81600.0,80218.8515625,61682.0,0.011152416356877248,-0.43529411764705883,79305.0,78940.0,79883.33333333333,0.5608719214814507,0.40338500105076897,0.12551724137931042,-0.06849315068493156,0.04081632653061229,0.02893890675241151,0.033696478337978286,0.021489672438973484,104100.0,70900.0,-0.21613832853025938,0.15091678420310295,20701684.0,1689257414400.0,5033251200.0,9546911710.0,0.0029795643678069863,yfinance_download,237690.KQ
2023-08-25,80300.0,82000.0,79800.0,81700.0,80317.15625,52978.0,0.001225490196078427,-0.43460207612456747,79645.0,78868.33333333333,79925.83333333333,0.5521677696504657,0.40177001119138345,0.09078771695594123,-0.050000000000000044,0.06657963446475201,0.025801996358842283,0.03590372139219378,0.02219766241619836,102300.0,70900.0,-0.20136852394916915,0.15232722143864597,20701684.0,1691327582800.0,4328302600.0,9355612435.0,0.0025591154806536513,yfinance_download,237690.KQ
2023-08-28,81700.0,82000.0,79900.0,80600.0,79235.7890625,52713.0,-0.01346389228886169,-0.4422145328719723,79920.0,78773.33333333333,79947.5,0.5559927708373276,0.4025440679453618,0.07323568575233019,-0.06604866743916571,0.03333333333333344,0.008508508508508594,0.023188896411645343,0.00816160605397287,99500.0,70900.0,-0.18994974874371862,0.1368124118476728,20701684.0,1668555730400.0,4248667800.0,9301876405.0,0.0025463145896729945,yfinance_download,237690.KQ
2023-08-29,81000.0,82500.0,80500.0,81300.0,79923.9296875,64859.0,0.008684863523573227,-0.4373702422145329,80210.0,78648.33333333333,79975.83333333333,0.5562184815577776,0.39825431612667966,0.07682119205298021,-0.08445945945945943,0.04364569961489084,0.013589328013963398,0.03371548454088891,0.016557084952746104,99500.0,70900.0,-0.18291457286432156,0.1466854724964739,20701684.0,1683046909200.0,5273036700.0,9278918915.0,0.003133030143827913,yfinance_download,237690.KQ
2023-08-30,81600.0,82000.0,80500.0,81300.0,79923.9296875,47232.0,0.0,-0.4373702422145329,80435.0,78545.0,79987.5,0.5542573961713272,0.3972680391489732,0.05859375,-0.07085714285714284,0.017521902377972465,0.010754024989121591,0.03507543446431982,0.016408813877168305,99500.0,70900.0,-0.18291457286432156,0.1466854724964739,20701684.0,1683046909200.0,3839961600.0,9104304515.0,0.0022815535199938322,yfinance_download,237690.KQ
2023-08-31,81700.0,82100.0,80400.0,81100.0,79727.3125,70094.0,-0.002460024600245969,-0.4387543252595155,80720.0,78471.66666666667,80009.16666666667,0.5488920576671813,0.3946487317421958,0.07559681697612741,-0.05146198830409354,0.03312101910828025,0.004707631318136674,0.033494042435698645,0.013633854454176975,99500.0,70900.0,-0.1849246231155779,0.14386459802538787,20701684.0,1678906572400.0,5684623400.0,9062132855.0,0.003385908122257107,yfinance_download,237690.KQ
2023-09-01,81100.0,81700.0,78700.0,78700.0,77367.9453125,72431.0,-0.0295930949445129,-0.45536332179930794,80640.0,78355.0,79988.33333333333,0.5113580147739698,0.39903995482604454,-0.01992528019925277,-0.08168028004667449,-0.030788177339901468,-0.024057539682539653,0.0044030374577244125,-0.016106515533515275,98500.0,70900.0,-0.20101522842639596,0.11001410437235548,20701684.0,1629222530800.0,5700319700.0,8435021140.0,0.003498797489131802,yfinance_download,237690.KQ
2023-09-04,79300.0,80700.0,78500.0,80300.0,78940.859375,62421.0,0.020330368487928796,-0.4442906574394464,80695.0,78265.0,80007.5,0.513994496128357,0.4014507187609351,0.01388888888888884,-0.06301050175029177,0.029487179487179382,-0.004894974905508387,0.026001405481377304,0.0036559072586945796,98500.0,70900.0,-0.18477157360406093,0.13258110014104374,20701684.0,1662345225200.0,5012406300.0,8270886895.0,0.0030152619468058733,yfinance_download,237690.KQ
2023-09-05,80300.0,80900.0,79000.0,79700.0,78351.0078125,39961.0,-0.007471980074719831,-0.44844290657439445,80740.0,78165.0,80024.16666666667,0.514454951068757,0.4016809130404112,0.011421319796954377,-0.07001166861143526,0.025740025740025763,-0.012880852117909347,0.0196379453719695,-0.004050859636151594,98500.0,70900.0,-0.19086294416243654,0.12411847672778564,20701684.0,1649924214800.0,3184891700.0,7914385480.0,0.0019303260546340096,yfinance_download,237690.KQ
2023-09-06,79300.0,81100.0,78800.0,79800.0,78449.3203125,81541.0,0.0012547051442910462,-0.4477508650519031,81030.0,78103.33333333333,80081.66666666667,0.4595392885826392,0.3983659017074705,0.07837837837837847,-0.04431137724550893,0.09465020576131677,-0.015179563124768647,0.02172335794460345,-0.003517242814626842,98500.0,70900.0,-0.18984771573604065,0.12552891396332866,20701684.0,1651994383200.0,6506971800.0,7548725770.0,0.0039388583073724824,yfinance_download,237690.KQ
2023-09-07,79800.0,81700.0,79700.0,80000.0,78645.9375,61217.0,0.0025062656641603454,-0.44636678200692037,80920.0,78045.0,80138.33333333333,0.2292834967863107,0.39841118546956406,-0.02676399026763987,-0.041916167664670656,0.09289617486338808,-0.011369253583786487,0.02504965084246269,-0.0017261818106191207,95400.0,70900.0,-0.16142557651991618,0.1283497884344147,20701684.0,1656134720000.0,4897360000.0,6279095760.0,0.002957102427029608,yfinance_download,237690.KQ
2023-09-08,80700.0,81500.0,79900.0,81100.0,79727.3125,54546.0,0.013749999999999929,-0.4387543252595155,80840.0,78031.66666666667,80212.5,0.23410306681899795,0.3975037871923946,-0.019347037484885088,-0.009768009768009733,0.12326869806094187,0.003216229589312114,0.03932164292274498,0.011064360292971864,95000.0,70900.0,-0.14631578947368418,0.14386459802538787,20701684.0,1678906572400.0,4423680600.0,5867281585.0,0.0026348581110599506,yfinance_download,237690.KQ
2023-09-11,81600.0,83700.0,79500.0,82700.0,81300.234375,150288.0,0.019728729963008673,-0.427681660899654,80845.0,78055.0,80276.66666666667,0.24523698934955215,0.3991974947147289,0.001210653753026536,0.017220172201722006,0.10266666666666668,0.022945141938276903,0.05950932035103462,0.030187269027944996,95000.0,70900.0,-0.1294736842105263,0.16643159379407613,20701684.0,1712029266800.0,12428817600.0,6014255675.0,0.007259699259248668,yfinance_download,237690.KQ
2023-09-12,83500.0,83500.0,80600.0,81700.0,80317.15625,83611.0,-0.01209189842805325,-0.43460207612456747,80800.0,78071.66666666667,80338.33333333333,0.24907696678479144,0.39971565945250076,-0.010895883777239712,0.012391573729863659,0.09959623149394337,0.011138613861386037,0.046474393185748086,0.016949152542372836,95000.0,70900.0,-0.14,0.15232722143864597,20701684.0,1691327582800.0,6831018700.0,6002340560.0,0.004038850172768554,yfinance_download,237690.KQ
2023-09-13,81800.0,82000.0,80200.0,81100.0,79727.3125,48126.0,-0.007343941248470043,-0.4387543252595155,80845.0,78065.0,80385.83333333333,0.22692016936110115,0.3995461891732032,0.01122194513715713,-0.004907975460122671,0.07559681697612741,0.0031541839322160037,0.03887785819509393,0.008884235406321661,95000.0,70900.0,-0.14631578947368418,0.14386459802538787,20701684.0,1678906572400.0,3903018600.0,5711098540.0,0.002324738412585179,yfinance_download,237690.KQ
2023-09-14,81500.0,83000.0,80600.0,82600.0,81201.9296875,75967.0,0.018495684340320562,-0.42837370242214534,80925.0,78106.66666666667,80452.5,0.2334824011587145,0.3995994162950296,0.01975308641975304,0.03121098626716612,0.1072386058981234,0.020698177324683265,0.05752816660976445,0.026692769025201235,95000.0,70900.0,-0.1305263157894737,0.1650211565585331,20701684.0,1709959098400.0,6274874200.0,5495539650.0,0.0036696048495378445,yfinance_download,237690.KQ
2023-09-15,82600.0,82800.0,81500.0,82500.0,81103.625,59720.0,-0.001210653753026647,-0.4290657439446367,81075.0,78171.66666666667,80527.5,0.2220135720173147,0.3975475919404406,0.037735849056603765,0.04961832061068705,0.12244897959183665,0.01757631822386685,0.05536959256337548,0.024494737822482904,94400.0,70900.0,-0.12605932203389836,0.1636107193229901,20701684.0,1707888930000.0,4926900000.0,5505419850.0,0.002884789469301145,yfinance_download,237690.KQ
2023-09-18,82000.0,83600.0,81600.0,82400.0,81005.3046875,67583.0,-0.00121212121212122,-0.42975778546712806,81105.0,78238.33333333333,80593.33333333333,0.19789452966315232,0.3975046735499133,0.007334963325183352,0.05102040816326525,0.10604026845637593,0.01596695641452439,0.05319216922650871,0.02241707337248755,91800.0,70900.0,-0.10239651416122009,0.16220028208744708,20701684.0,1705818761600.0,5568839200.0,5352260470.0,0.0032646136420592642,yfinance_download,237690.KQ
2023-09-19,82400.0,82400.0,81100.0,81800.0,80415.4765625,51601.0,-0.007281553398058249,-0.4339100346020761,81135.0,78298.33333333333,80650.0,0.19786678932371318,0.39780991934938603,0.00738916256157629,0.04603580562659837,0.09066666666666667,0.008196216182905003,0.044722109878882144,0.014259144451332917,91800.0,70900.0,-0.10893246187363836,0.15373765867418898,20701684.0,1693397751200.0,4220961800.0,5308490780.0,0.0024925991528032213,yfinance_download,237690.KQ
2023-09-20,82400.0,82500.0,79500.0,80300.0,78940.859375,81780.0,-0.01833740831295838,-0.4442906574394464,81115.0,78330.0,80696.66666666667,0.20773229090525888,0.39977205746456745,-0.00495662949194553,0.02423469387755106,0.07496653279785814,-0.010047463477778518,0.02515000638325038,-0.0049155272832418495,91800.0,70900.0,-0.12527233115468406,0.13258110014104374,20701684.0,1662345225200.0,6566934000.0,5442741875.0,0.003950403261879565,yfinance_download,237690.KQ
2023-09-21,80000.0,80300.0,76200.0,76900.0,75598.40625,99279.0,-0.04234122042341215,-0.4678200692041522,80880.0,78311.66666666667,80726.66666666667,0.25128964679585597,0.4092541051195249,-0.05759803921568629,-0.014102564102564052,0.049113233287858105,-0.04920870425321466,-0.018026262583267783,-0.04740275827896612,91800.0,70900.0,-0.16230936819172115,0.08462623413258119,20701684.0,1591959499600.0,7634555100.0,5572807070.0,0.004795696813843744,yfinance_download,237690.KQ
2023-09-22,76700.0,77800.0,75600.0,77200.0,75893.3359375,53713.0,0.0039011703511053764,-0.46574394463667823,80655.0,78295.0,80754.16666666667,0.25204237287127573,0.4092978986808282,-0.055079559363525044,-0.012787723785166238,0.044654939106901326,-0.04283677391358254,-0.013985567405325972,-0.0440121768742584,91800.0,70900.0,-0.159041394335512,0.08885754583921024,20701684.0,1598170004800.0,4146643600.0,5563724120.0,0.002594619838656604,yfinance_download,237690.KQ
2023-09-25,77300.0,77700.0,75700.0,76100.0,74811.953125,41546.0,-0.014248704663212486,-0.4733564013840831,80430.0,78280.0,80771.66666666667,0.252501565777247,0.40912723091422054,-0.05583126550868489,-0.011688311688311637,0.02837837837837842,-0.05383563347009823,-0.027848748083801778,-0.05783793822091088,91800.0,70900.0,-0.17102396514161222,0.07334273624823706,20701684.0,1575398152400.0,3161650600.0,5509373260.0,0.0020068898742730303,yfinance_download,237690.KQ
2023-09-26,76200.0,76500.0,74200.0,74600.0,73337.34375,54015.0,-0.019710906701708275,-0.48373702422145326,80095.0,78241.66666666667,80781.66666666667,0.25554991194782023,0.4111357748844047,-0.08241082410824108,-0.02990897269180759,0.016348773841961872,-0.0686060303389725,-0.04654382788369371,-0.07652313850089754,91800.0,70900.0,-0.18736383442265792,0.0521861777150916,20701684.0,1544345626400.0,4029519000.0,5447197375.0,0.002609208023849654,yfinance_download,237690.KQ
2023-09-27,74200.0,76500.0,74200.0,76400.0,75106.859375,32227.0,0.024128686327077764,-0.471280276816609,79850.0,78215.0,80778.33333333333,0.27442367695310216,0.41310272129908854,-0.06027060270602702,-0.02051282051282055,-0.00520833333333337,-0.04320601127113333,-0.02320526753180341,-0.05420182804795004,91800.0,70900.0,-0.16775599128540308,0.07757404795486611,20701684.0,1581608657600.0,2462142800.0,5378306435.0,0.0015567332589947755,yfinance_download,237690.KQ
2023-10-04,75600.0,75600.0,73800.0,74400.0,73140.71875,61667.0,-0.02617801047120416,-0.485121107266436,79515.0,78160.0,80744.16666666667,0.2864988413246539,0.4165074185038157,-0.0826140567200987,-0.0424710424710425,-0.05222929936305731,-0.06432748538011701,-0.048106448311156624,-0.07857120741436441,91800.0,70900.0,-0.1895424836601307,0.049365303244005565,20701684.0,1540205289600.0,4588024800.0,5323476505.0,0.002978839789072232,yfinance_download,237690.KQ
2023-10-05,75100.0,77200.0,74400.0,74500.0,73239.0234375,49744.0,0.0013440860215054862,-0.4844290657439446,79305.0,78121.66666666667,80699.16666666667,0.27066262943250274,0.4158659230245767,-0.05336721728081317,-0.02994791666666663,-0.06758448060075095,-0.06058886577138889,-0.04635931133061688,-0.0768182240626194,91800.0,70900.0,-0.18845315904139437,0.05077574047954858,20701684.0,1542275458000.0,3705928000.0,5223756920.0,0.0024028963054406587,yfinance_download,237690.KQ
2023-10-06,75300.0,77400.0,74700.0,76800.0,75500.1015625,47222.0,0.03087248322147662,-0.46851211072664356,79130.0,78171.66666666667,80661.66666666667,0.28472924788141407,0.41261997659812283,-0.043586550435865457,0.04065040650406515,-0.05535055350553508,-0.0294452167319601,-0.01754685201373052,-0.047874868276959415,91800.0,70900.0,-0.1633986928104575,0.08321579689703817,20701684.0,1589889331200.0,3626649600.0,5154469085.0,0.002281070467503996,yfinance_download,237690.KQ
2023-10-10,77400.0,77600.0,75900.0,76500.0,75205.1796875,51365.0,-0.00390625,-0.47058823529411764,78970.0,78235.0,80621.66666666667,0.28411303522738063,0.4114243049490131,-0.04015056461731492,0.05226960110041268,-0.059040590405904037,-0.031277700392554175,-0.022176775100658297,-0.051123560664006806,91800.0,70900.0,-0.16666666666666663,0.07898448519040913,20701684.0,1583678826000.0,3929422500.0,5191695625.0,0.0024811991140430895,yfinance_download,237690.KQ
2023-10-11,76600.0,77000.0,75200.0,76000.0,74713.640625,42893.0,-0.006535947712418277,-0.47404844290657444,78780.0,78291.66666666667,80560.83333333333,0.2843136521366923,0.41169664805828915,-0.04761904761904767,0.04683195592286493,-0.08763505402160865,-0.035288144199035254,-0.029270888770622783,-0.05661353221685472,91800.0,70900.0,-0.17211328976034856,0.07193229901269405,20701684.0,1573327984000.0,3259868000.0,5029340435.0,0.0020719570446539517,yfinance_download,237690.KQ
2023-10-12,76200.0,77500.0,75200.0,76000.0,74713.640625,47604.0,0.0,-0.47404844290657444,78580.0,78331.66666666667,80484.16666666667,0.2838925145677769,0.4108504797074461,-0.050000000000000044,0.032608695652173836,-0.107981220657277,-0.0328327818783406,-0.02976659077852728,-0.05571489216305492,91800.0,70900.0,-0.17211328976034856,0.07193229901269405,20701684.0,1573327984000.0,3617904000.0,4965367635.0,0.002299523072615735,yfinance_download,237690.KQ
2023-10-13,75300.0,75900.0,72800.0,73500.0,72255.953125,59643.0,-0.03289473684210531,-0.4913494809688581,78200.0,78320.0,80375.83333333333,0.2966741864675248,0.41631299619654233,-0.09371146732429103,-0.009433962264150941,-0.1502890173410405,-0.06010230179028131,-0.06154239019407559,-0.08554602855335869,91800.0,70900.0,-0.19934640522875813,0.03667136812411842,20701684.0,1521573774000.0,4383760500.0,4963371630.0,0.002881069965129407,yfinance_download,237690.KQ
2023-10-16,73500.0,73600.0,70300.0,71400.0,70191.5,108393.0,-0.02857142857142858,-0.5058823529411764,77635.0,78291.66666666667,80240.83333333333,0.2933577727141185,0.41937017394680903,-0.13663845223700122,-0.023255813953488413,-0.18493150684931503,-0.08031171507696266,-0.08802554550292718,-0.11017873277321388,91800.0,70900.0,-0.2222222222222222,0.007052186177715081,20701684.0,1478100237600.0,7739260200.0,4728893760.0,0.005235950853080358,yfinance_download,237690.KQ
2023-10-17,71700.0,73500.0,71700.0,72200.0,70977.953125,53868.0,0.011204481792717047,-0.5003460207612457,77160.0,78278.33333333333,80134.16666666667,0.2997447766085358,0.4199932670473347,-0.11627906976744184,-0.010958904109588996,-0.1505882352941177,-0.064282011404873,-0.07765026507973682,-0.09901103357910179,91800.0,70900.0,-0.21350762527233114,0.01833568406205921,20701684.0,1494661584800.0,3889269600.0,4581806305.0,0.0026021071522490634,yfinance_download,237690.KQ
2023-10-18,71800.0,73000.0,70600.0,70600.0,69405.0390625,47237.0,-0.02216066481994461,-0.5114186851211073,76635.0,78273.33333333333,80018.33333333333,0.30519617116702463,0.4182649106100881,-0.12946979038224415,-0.004231311706629048,-0.16449704142011834,-0.0787499184445749,-0.09803253555915159,-0.11770219324738074,91800.0,70600.0,-0.23093681917211328,0.0,20701684.0,1461538890400.0,3334932200.0,4553401985.0,0.0022817950462387503,yfinance_download,237690.KQ
2023-10-19,69600.0,70900.0,68300.0,69200.0,68028.7265625,98671.0,-0.019830028328611915,-0.5211072664359861,75965.0,78190.0,79898.33333333333,0.2932656080917822,0.4089105016193438,-0.16222760290556903,-0.06738544474393526,-0.1722488038277512,-0.08905416968340685,-0.11497633968538179,-0.13389933039904878,91800.0,69200.0,-0.24618736383442263,0.0,20701684.0,1432556532800.0,6828033200.0,4581059935.0,0.004766327222461709,yfinance_download,237690.KQ
2023-10-20,68500.0,69300.0,66100.0,68400.0,67242.2734375,112762.0,-0.011560693641618491,-0.526643598615917,75260.0,78100.0,79794.16666666667,0.29208293219153847,0.40939880775437754,-0.1709090909090909,-0.07317073170731703,-0.15451174289245984,-0.09115067765081053,-0.12419974391805377,-0.14279448163504016,91800.0,68400.0,-0.2549019607843137,0.0,20701684.0,1415995185600.0,7712920800.0,4720360975.0,0.005446996485889747,yfinance_download,237690.KQ
2023-10-23,67300.0,70000.0,67300.0,69300.0,68127.046875,56237.0,0.013157894736842035,-0.5204152249134948,74605.0,77966.66666666667,79698.33333333333,0.30157282785321027,0.3979695887595856,-0.15898058252427183,-0.10349288486416564,-0.14232673267326734,-0.07110783459553649,-0.11115861479264644,-0.13047115163428757,91800.0,68400.0,-0.2450980392156863,0.013157894736842035,20701684.0,1434626701200.0,3897224100.0,4636780220.0,0.0027165422870912338,yfinance_download,237690.KQ
2023-10-24,69800.0,70900.0,68500.0,70900.0,69699.9609375,95282.0,0.023088023088023046,-0.5093425605536333,74060.0,77903.33333333333,79628.33333333333,0.3217242909973938,0.39538638536649845,-0.13325183374083127,-0.05087014725568939,-0.10592686002522067,-0.04266810694031864,-0.0898977365110607,-0.10961341231136312,91800.0,68400.0,-0.22766884531590414,0.03654970760233911,20701684.0,1467749395600.0,6755493800.0,4763506820.0,0.004602620733656257,yfinance_download,237690.KQ
2023-10-25,71500.0,71500.0,68200.0,69100.0,67930.421875,58639.0,-0.02538787023977429,-0.5217993079584775,73500.0,77821.66666666667,79545.0,0.32598541828473027,0.3982610381782221,-0.13947696139476962,-0.0662162162162162,-0.12642225031605558,-0.05986394557823127,-0.11207247339001569,-0.13130932176755294,91800.0,68400.0,-0.2472766884531591,0.01023391812865504,20701684.0,1430486364400.0,4051954900.0,4637757865.0,0.0028325714951498633,yfinance_download,237690.KQ
2023-10-26,67900.0,68700.0,67500.0,68700.0,67537.1953125,43922.0,-0.005788712011577379,-0.524567474048443,73090.0,77758.33333333333,79464.16666666667,0.2985081805354408,0.39634429280351874,-0.10663198959687903,-0.05241379310344829,-0.12372448979591832,-0.06006293610617053,-0.11649340906655226,-0.13545937896536175,91800.0,68400.0,-0.25163398692810457,0.004385964912280604,20701684.0,1422205690800.0,3017441400.0,4406902180.0,0.002121663145858086,yfinance_download,237690.KQ
2023-10-27,69700.0,70000.0,67500.0,68100.0,66947.359375,62934.0,-0.008733624454148492,-0.528719723183391,72635.0,77645.0,79376.66666666667,0.29661961043393553,0.3903794292675839,-0.11787564766839376,-0.09078771695594123,-0.13358778625954193,-0.062435464996213996,-0.1229312898448065,-0.14206525847226315,91800.0,68100.0,-0.25816993464052285,0.0,20701684.0,1409784680400.0,4285805400.0,4413860270.0,0.003040042539534465,yfinance_download,237690.KQ
2023-10-30,68000.0,69400.0,67500.0,68100.0,66947.359375,36349.0,0.0,-0.528719723183391,72235.0,77528.33333333333,79285.83333333333,0.295729506703989,0.39030195303267584,-0.10512483574244413,-0.09320905459387485,-0.13797468354430376,-0.05724371841904896,-0.12161145387707717,-0.141082370747191,91800.0,68100.0,-0.25816993464052285,0.0,20701684.0,1409784680400.0,2475366900.0,4379546085.0,0.001755847495305213,yfinance_download,237690.KQ
2023-10-31,68500.0,69600.0,67000.0,68000.0,66849.046875,82356.0,-0.001468428781204123,-0.5294117647058824,71905.0,77403.33333333333,79102.5,0.2910514604128421,0.3900546926845971,-0.08847184986595169,-0.09933774834437081,-0.24444444444444446,-0.05430776719282382,-0.12148486283967097,-0.1403558673872507,91800.0,68000.0,-0.2592592592592593,0.0,20701684.0,1407714512000.0,5600208000.0,4458080535.0,0.003978227085294124,yfinance_download,237690.KQ
2023-11-01,68000.0,69100.0,67200.0,68200.0,67045.6640625,42618.0,0.002941176470588225,-0.5280276816608996,71495.0,77260.0,78929.16666666667,0.2725785051588153,0.3882289187751344,-0.10732984293193715,-0.11197916666666663,-0.23370786516853936,-0.04608713896076644,-0.11726637328501166,-0.13593411814390544,91800.0,68000.0,-0.2570806100217865,0.002941176470588225,20701684.0,1411854848800.0,2906547600.0,4480300775.0,0.002058673101183459,yfinance_download,237690.KQ
2023-11-02,69100.0,70700.0,68200.0,70200.0,69011.8046875,77132.0,0.029325513196480912,-0.5141868512110727,71285.0,77173.33333333333,78749.16666666667,0.2875775648881102,0.39179211931322194,-0.056451612903225756,-0.06896551724137934,-0.23529411764705888,-0.015220593392719417,-0.0903593642017968,-0.10856199536503042,91800.0,68000.0,-0.23529411764705888,0.032352941176470695,20701684.0,1453258216800.0,5414666400.0,4521632855.0,0.003725880464603749,yfinance_download,237690.KQ
2023-11-03,70100.0,70100.0,68300.0,69200.0,68028.7265625,85996.0,-0.014245014245014231,-0.5211072664359861,71020.0,76988.33333333333,78582.5,0.2899515237505767,0.36779763688814726,-0.07114093959731549,-0.1382316313823163,-0.22421524663677128,-0.02562658406082796,-0.10116251380079222,-0.11939681226736232,91800.0,68000.0,-0.24618736383442263,0.01764705882352935,20701684.0,1432556532800.0,5950923200.0,4633882615.0,0.004154058191594461,yfinance_download,237690.KQ
2023-11-06,70500.0,72300.0,69400.0,72300.0,71076.265625,90828.0,0.044797687861271696,-0.4996539792387543,70795.0,76873.33333333333,78448.33333333333,0.3149935676625625,0.37935454411825514,-0.05859375,-0.08712121212121215,-0.1821266968325792,0.02125856345787125,-0.05949180470037285,-0.0783743015572882,91800.0,68000.0,-0.2124183006535948,0.06323529411764706,20701684.0,1496731753200.0,6566864400.0,4780893355.0,0.004387469154683262,yfinance_download,237690.KQ
2023-11-07,72300.0,73100.0,69900.0,71200.0,69994.890625,61023.0,-0.015214384508990264,-0.5072664359861592,70530.0,76746.66666666667,78325.83333333333,0.3180494691504766,0.3803607898750044,-0.06928104575163396,-0.09644670050761417,-0.1711292200232829,0.009499503757266492,-0.0722724113968034,-0.09097679565064731,91800.0,68000.0,-0.224400871459695,0.04705882352941182,20701684.0,1473959900800.0,4344837600.0,4801664110.0,0.0029477312087267875,yfinance_download,237690.KQ
2023-11-08,71900.0,72100.0,70800.0,71200.0,69994.890625,22881.0,0.0,-0.5072664359861592,70290.0,76700.0,78210.83333333333,0.31803923855882604,0.35957889482190053,-0.06315789473684208,-0.037837837837837784,-0.1623529411764706,0.01294636505904112,-0.07170795306388522,-0.08964018198672385,91800.0,68000.0,-0.224400871459695,0.04705882352941182,20701684.0,1473959900800.0,1629127200.0,4720127070.0,0.0011052724019939633,yfinance_download,237690.KQ
2023-11-09,71600.0,72300.0,70700.0,71900.0,70683.0390625,33708.0,0.00983146067415741,-0.5024221453287196,70085.0,76528.33333333333,78122.5,0.3211957412539189,0.2760349600792565,-0.05394736842105263,-0.12530413625304138,-0.12848484848484854,0.02589712491974039,-0.06047868980987425,-0.07965054881756217,91800.0,68000.0,-0.21677559912854028,0.057352941176470607,20701684.0,1488451079600.0,2423605200.0,4660412130.0,0.0016282733327395008,yfinance_download,237690.KQ
2023-11-10,70600.0,71800.0,70000.0,71700.0,70486.4140625,34756.0,-0.0027816411682892728,-0.5038062283737024,69995.0,76345.0,78032.5,0.30062210844408954,0.2755126256956668,-0.024489795918367308,-0.1330108827085853,-0.13090909090909086,0.02435888277734133,-0.06084222935359229,-0.08115208406753593,91800.0,68000.0,-0.21895424836601307,0.05441176470588238,20701684.0,1484310742800.0,2492005200.0,4565824365.0,0.0016788972336743233,yfinance_download,237690.KQ
2023-11-13,72600.0,72700.0,70000.0,70200.0,69011.8046875,34257.0,-0.02092050209205021,-0.5141868512110727,69935.0,76138.33333333333,77926.66666666667,0.29245467464745134,0.27815018648641143,-0.01680672268907568,-0.15012106537530268,-0.15319662243667065,0.0037892328590833912,-0.07799400214521812,-0.09915304987595186,91800.0,68000.0,-0.23529411764705888,0.032352941176470695,20701684.0,1453258216800.0,2404841400.0,4299103425.0,0.0016547929144315023,yfinance_download,237690.KQ
2023-11-14,70800.0,70900.0,69900.0,70500.0,69306.7265625,41122.0,0.004273504273504258,-0.5121107266435987,69850.0,75936.66666666667,77805.83333333333,0.2897389930096752,0.2784556597011044,-0.023545706371191133,-0.14648910411622273,-0.1705882352941176,0.009305654974946398,-0.07159475001097415,-0.09389827240888104,91800.0,68000.0,-0.23202614379084963,0.03676470588235303,20701684.0,1459468722000.0,2899101000.0,4249594995.0,0.0019864084487039796,yfinance_download,237690.KQ
2023-11-15,71500.0,71800.0,70100.0,71500.0,70289.8125,57992.0,0.014184397163120588,-0.5051903114186851,69895.0,75791.66666666667,77687.5,0.2832391504339904,0.2749107002953466,0.012747875354107707,-0.10847880299251866,-0.16569428238039674,0.022963015952500276,-0.05662451896646514,-0.07964601769911506,91800.0,68000.0,-0.22113289760348587,0.05147058823529416,20701684.0,1480170406000.0,4146428000.0,4290169785.0,0.002801317999057468,yfinance_download,237690.KQ
2023-11-16,71400.0,71700.0,70800.0,71500.0,70289.8125,21819.0,0.0,-0.5051903114186851,70010.0,75633.33333333333,77573.33333333333,0.2726464170579683,0.27384934275162226,0.03323699421965309,-0.11728395061728392,-0.16079812206572774,0.021282673903727956,-0.05464962538563234,-0.07829150910965965,91800.0,68000.0,-0.22113289760348587,0.05147058823529416,20701684.0,1480170406000.0,1560058500.0,4026771050.0,0.0010539722275733703,yfinance_download,237690.KQ
2023-11-17,71500.0,71500.0,69200.0,69300.0,68127.046875,54900.0,-0.03076923076923077,-0.5204152249134948,70055.0,75463.33333333333,77419.16666666667,0.29288221570725587,0.2781361323443477,0.013157894736842035,-0.1283018867924528,-0.2107061503416856,-0.010777246449218514,-0.08167321878174827,-0.10487282434367029,91800.0,68000.0,-0.2450980392156863,0.01911764705882346,20701684.0,1434626701200.0,3804570000.0,3831353510.0,0.002651958169200148,yfinance_download,237690.KQ
2023-11-20,69800.0,70400.0,69300.0,69400.0,68225.3515625,40539.0,0.0014430014430013571,-0.5197231833910034,70060.0,75256.66666666667,77260.0,0.2892636472926541,0.2706262253458738,0.0014430014430013571,-0.15158924205378976,-0.215819209039548,-0.009420496717099658,-0.07782256278513533,-0.10173440331348693,91800.0,68000.0,-0.24400871459694984,0.020588235294117574,20701684.0,1436696869600.0,2813406600.0,3777162635.0,0.0019582464885465355,yfinance_download,237690.KQ
2023-11-21,69600.0,69600.0,67800.0,68700.0,67537.1953125,69457.0,-0.010086455331412059,-0.524567474048443,69950.0,75048.33333333333,77094.16666666667,0.2782521670482757,0.270890762523103,-0.031029619181946355,-0.15394088669950734,-0.22460496613995484,-0.01786990707648317,-0.0845899309333984,-0.1088819949628701,91800.0,68000.0,-0.25163398692810457,0.010294117647058787,20701684.0,1422205690800.0,4771695900.0,3677972740.0,0.003355137678654548,yfinance_download,237690.KQ
2023-11-22,68500.0,69000.0,68200.0,68500.0,67340.5859375,34883.0,-0.0029112081513827937,-0.5259515570934257,69920.0,74845.0,76942.5,0.2636390191795155,0.2707923358908857,-0.00868306801736618,-0.15117719950433706,-0.20991926182237597,-0.02030892448512589,-0.08477520208430755,-0.10972479448939143,91800.0,68000.0,-0.25381263616557737,0.007352941176470562,20701684.0,1418065354000.0,2389485500.0,3594849270.0,0.0016850320002952416,yfinance_download,237690.KQ
2023-11-23,68600.0,69200.0,68100.0,69000.0,67832.1171875,90188.0,0.007299270072992803,-0.5224913494809689,69935.0,74635.0,76787.5,0.26412199810192327,0.2700716268861968,0.004366812227074135,-0.15441176470588236,-0.21232876712328763,-0.013369557446200053,-0.07550077041602465,-0.10141624613381084,91800.0,68000.0,-0.24836601307189543,0.014705882352941124,20701684.0,1428416196000.0,6222972000.0,3755125800.0,0.004356553795333752,yfinance_download,237690.KQ
2023-11-24,69000.0,69000.0,66200.0,66600.0,65472.74609375,116700.0,-0.034782608695652195,-0.5391003460207613,69860.0,74383.33333333333,76625.83333333333,0.29083603413898645,0.27783546188555247,-0.022026431718061623,-0.1848225214198287,-0.22558139534883725,-0.04666475808760373,-0.10463813578310543,-0.13084142641189322,91800.0,66600.0,-0.27450980392156865,0.0,20701684.0,1378732154400.0,7772220000.0,3929446530.0,0.0056372225563872,yfinance_download,237690.KQ
2023-11-27,66800.0,67400.0,63300.0,63600.0,62523.515625,144969.0,-0.04504504504504503,-0.5598615916955016,69635.0,74100.0,76436.66666666667,0.33016902319975666,0.29006412463090353,-0.06607929515418498,-0.2109181141439206,-0.26303592120509844,-0.08666618798018233,-0.1417004048582996,-0.16793859840390746,91800.0,63600.0,-0.30718954248366015,0.0,20701684.0,1316627102400.0,9220028400.0,4266679605.0,0.00700276363990485,yfinance_download,237690.KQ
2023-11-28,62900.0,64100.0,62900.0,63100.0,62031.984375,124336.0,-0.00786163522012584,-0.5633217993079584,69390.0,73796.66666666667,76222.5,0.33050240703989436,0.2890084205803717,-0.07205882352941173,-0.2238622386223862,-0.2894144144144144,-0.09064706730076377,-0.1449478296219342,-0.17216045131030866,91800.0,63100.0,-0.3126361655773421,0.0,20701684.0,1306276260400.0,7845601600.0,4378949285.0,0.00600608143762604,yfinance_download,237690.KQ
2023-11-29,63500.0,65200.0,63100.0,63900.0,62818.44140625,105984.0,0.01267828843106189,-0.5577854671280277,69175.0,73506.66666666667,76025.83333333333,0.3348087384031684,0.29092909690615165,-0.06304985337243407,-0.2140221402214022,-0.2697142857142857,-0.07625587278641133,-0.1306910937783422,-0.15949622387127182,91800.0,63100.0,-0.303921568627451,0.01267828843106189,20701684.0,1322837607600.0,6772377600.0,4572240785.0,0.005119583508278843,yfinance_download,237690.KQ
2023-11-30,64100.0,65200.0,63500.0,65100.0,63998.12890625,93173.0,0.018779342723004744,-0.5494809688581315,68920.0,73240.0,75855.83333333333,0.32317830064792796,0.29459256951826335,-0.07264957264957261,-0.1972872996300863,-0.23859649122807014,-0.055426581543818965,-0.11114145275805576,-0.14179309435661946,91800.0,63100.0,-0.29084967320261434,0.031695721077654504,20701684.0,1347679628400.0,6065562300.0,4604785580.0,0.004500744963549825,yfinance_download,237690.KQ
2023-12-01,65200.0,66900.0,63600.0,63600.0,62523.515625,118805.0,-0.02304147465437789,-0.5598615916955016,68640.0,72988.33333333333,75671.66666666667,0.3284978904422939,0.29241057312792024,-0.08092485549132944,-0.19186785260482841,-0.2578763127187864,-0.07342657342657344,-0.12862786290046346,-0.1595269035085788,91800.0,63100.0,-0.30718954248366015,0.007923930269413626,20701684.0,1316627102400.0,7555998000.0,4685039320.0,0.005738905105497697,yfinance_download,237690.KQ
2023-12-04,64700.0,64700.0,62800.0,63500.0,62425.21484375,65651.0,-0.0015723270440252124,-0.560553633217993,68200.0,72708.33333333333,75486.66666666667,0.2738117551220795,0.28824149758792045,-0.12171507607192256,-0.20921544209215437,-0.25904317386231035,-0.06891495601173026,-0.126647564469914,-0.15879183961847576,91800.0,63100.0,-0.3082788671023965,0.006339144215530945,20701684.0,1314556934000.0,4168838500.0,4565138025.0,0.0031712879010229312,yfinance_download,237690.KQ
2023-12-05,63600.0,65300.0,63300.0,64300.0,63211.66796875,88026.0,0.012598425196850505,-0.5550173010380623,67855.0,72451.66666666667,75308.33333333333,0.27957325040227254,0.2900611786465824,-0.0969101123595506,-0.1932245922208281,-0.249708284714119,-0.05239112814088864,-0.11251178946884133,-0.14617682859355974,91800.0,63100.0,-0.2995642701525054,0.019017432646592614,20701684.0,1331118281200.0,5660071800.0,4630899735.0,0.004252117847031188,yfinance_download,237690.KQ
2023-12-06,64300.0,65200.0,62000.0,62500.0,61442.140625,148657.0,-0.027993779160186638,-0.5674740484429066,67420.0,72163.33333333333,75133.33333333333,0.2904672085269585,0.2942170147980937,-0.1221910112359551,-0.21679197994987465,-0.25149700598802394,-0.07297537822604572,-0.13390918749133907,-0.168145519077196,91800.0,62500.0,-0.31917211328976036,0.0,20701684.0,1293855250000.0,9291062500.0,5013996500.0,0.007180913398156401,yfinance_download,237690.KQ
2023-12-07,62600.0,63900.0,62200.0,63200.0,62130.2890625,67810.0,0.011200000000000099,-0.5626297577854671,66985.0,71883.33333333333,74964.16666666667,0.29151610253573357,0.2955612814959951,-0.12100139082058414,-0.20999999999999996,-0.2431137724550898,-0.05650518772859592,-0.12079758868536972,-0.15693053347710584,91800.0,62500.0,-0.31154684095860563,0.011200000000000099,20701684.0,1308346428800.0,4285592000.0,5107095840.0,0.003275578933578544,yfinance_download,237690.KQ
2023-12-08,63300.0,63400.0,60400.0,61600.0,60557.37109375,177433.0,-0.025316455696202556,-0.5737024221453287,66480.0,71558.33333333333,74795.0,0.298827076722885,0.2965238173950261,-0.1408647140864714,-0.24044389642416775,-0.24786324786324787,-0.07340553549939832,-0.1391638523349248,-0.1764155357978474,91800.0,61600.0,-0.3289760348583878,0.0,20701684.0,1275223734400.0,10929872800.0,5528989220.0,0.008570945242908742,yfinance_download,237690.KQ
2023-12-11,61700.0,62600.0,61000.0,61900.0,60852.29296875,85279.0,0.004870129870129913,-0.5716262975778547,66065.0,71211.66666666667,74633.33333333333,0.2973608744353447,0.2929008429311035,-0.11823361823361822,-0.2515114873035067,-0.23862238622386223,-0.06304397184590937,-0.13076040910899434,-0.170611880303707,91800.0,61600.0,-0.32570806100217864,0.004870129870129913,20701684.0,1281434239600.0,5278770100.0,5672685655.0,0.004119423328073214,yfinance_download,237690.KQ
2023-12-12,61400.0,62700.0,61400.0,62200.0,61147.21484375,57688.0,0.004846526655896577,-0.5695501730103807,65650.0,70886.66666666667,74479.16666666667,0.2976329062859419,0.2931193234294556,-0.11773049645390066,-0.23867809057527545,-0.22924411400247835,-0.05255140898705257,-0.12254302642716075,-0.16486713286713295,91800.0,61600.0,-0.3224400871459695,0.009740259740259827,20701684.0,1287644744800.0,3588193600.0,5707140285.0,0.0027866332033664506,yfinance_download,237690.KQ
2023-12-13,62100.0,62200.0,61300.0,61400.0,60360.75390625,37229.0,-0.012861736334405127,-0.5750865051903113,65145.0,70558.33333333333,74311.66666666667,0.28856206324022926,0.2935764947512356,-0.14125874125874127,-0.24290998766954375,-0.24662576687116566,-0.05748714406324351,-0.12979803944726576,-0.17375019624554244,91800.0,61400.0,-0.3311546840958606,0.0,20701684.0,1271083397600.0,2285860600.0,5614111915.0,0.001798356114410789,yfinance_download,237690.KQ
2023-12-14,62000.0,63500.0,61900.0,62800.0,61737.05859375,70523.0,0.0228013029315961,-0.5653979238754325,64710.0,70228.33333333333,74167.5,0.30710016162318027,0.29514280179058855,-0.12167832167832171,-0.23970944309927356,-0.215980024968789,-0.02951630350795853,-0.10577402283029158,-0.15326794080965378,91800.0,61400.0,-0.3159041394335512,0.0228013029315961,20701684.0,1300065755200.0,4428844400.0,5757551210.0,0.0034066310740710755,yfinance_download,237690.KQ
2023-12-15,63500.0,63500.0,61800.0,62100.0,61048.91015625,75436.0,-0.011146496815286677,-0.570242214532872,64350.0,69888.33333333333,74030.0,0.2939699393684089,0.2953884586773255,-0.10389610389610393,-0.2472727272727273,-0.20992366412213737,-0.034965034965035,-0.11143967758090279,-0.16115088477644202,91800.0,61400.0,-0.32352941176470584,0.01140065146579805,20701684.0,1285574576400.0,4684575600.0,5801551490.0,0.003643954762327548,yfinance_download,237690.KQ
2023-12-18,62800.0,63200.0,62000.0,62400.0,61343.828125,60680.0,0.004830917874396157,-0.568166089965398,64000.0,69555.0,73896.66666666667,0.2952446387383704,0.29593941810707997,-0.10086455331412103,-0.24271844660194175,-0.20408163265306123,-0.025000000000000022,-0.1028682337718353,-0.15557760837205115,91800.0,61400.0,-0.3202614379084967,0.016286644951140072,20701684.0,1291785081600.0,3786432000.0,5850202760.0,0.0029311625083254097,yfinance_download,237690.KQ
2023-12-19,62300.0,63400.0,62200.0,62800.0,61737.05859375,57637.0,0.0064102564102563875,-0.5653979238754325,63705.0,69238.33333333333,73768.33333333333,0.29737512716637,0.2967094323828865,-0.08588064046579336,-0.23227383863080686,-0.19693094629156005,-0.01420610627109331,-0.09298798834942101,-0.1486862022999932,91800.0,61400.0,-0.3159041394335512,0.0228013029315961,20701684.0,1300065755200.0,3619603600.0,5792598145.0,0.0027841696356682866,yfinance_download,237690.KQ
2023-12-20,63200.0,63500.0,62000.0,62900.0,61835.3671875,86463.0,0.0015923566878981443,-0.5647058823529412,63425.0,68948.33333333333,73639.16666666667,0.2980851117809207,0.29546880226605,-0.08175182481751819,-0.2166874221668742,-0.19770408163265307,-0.008277493102089029,-0.08772269090381679,-0.14583498364774183,91800.0,61400.0,-0.31481481481481477,0.02442996742671011,20701684.0,1302135923600.0,5438522700.0,5945050005.0,0.0041766167428698075,yfinance_download,237690.KQ
2023-12-21,62500.0,63200.0,60300.0,60500.0,59475.98828125,167944.0,-0.038155802861685184,-0.5813148788927336,63000.0,68675.0,73493.33333333333,0.31805795001233067,0.29325870080653793,-0.12318840579710144,-0.21326397919375817,-0.22435897435897434,-0.03968253968253965,-0.11903895158354572,-0.17679608127721325,91800.0,60500.0,-0.340958605664488,0.0,20701684.0,1252451882000.0,10160612000.0,6141932005.0,0.008112576735303273,yfinance_download,237690.KQ
2023-12-22,61000.0,62600.0,60400.0,62400.0,61343.828125,108676.0,0.03140495867768589,-0.568166089965398,62790.0,68428.33333333333,73361.66666666667,0.3262733378766481,0.30164910103562886,-0.06306306306306309,-0.1917098445595855,-0.20204603580562663,-0.006211180124223614,-0.08809703582823869,-0.14941954244950817,91800.0,60500.0,-0.3202614379084967,0.03140495867768589,20701684.0,1291785081600.0,6781382400.0,6092390125.0,0.00524962123854272,yfinance_download,237690.KQ
2023-12-26,63300.0,63300.0,61400.0,61500.0,60459.0625,75306.0,-0.014423076923076872,-0.57439446366782,62685.0,68185.0,73232.5,0.2900975372754956,0.3016761885711137,-0.03301886792452835,-0.1918528252299606,-0.2012987012987013,-0.018904044029672162,-0.0980420913690695,-0.1602089236336326,91800.0,60500.0,-0.33006535947712423,0.016528925619834656,20701684.0,1273153566000.0,4631319000.0,5862954655.0,0.0036376750799596786,yfinance_download,237690.KQ
2023-12-27,61500.0,63700.0,61400.0,63100.0,62540.4375,118011.0,0.026016260162601723,-0.5633217993079584,62685.0,67993.33333333333,73117.5,0.3048229289781149,0.3056238497158424,0.0,-0.15415549597855227,-0.1794538361508452,0.006620403605328118,-0.07196783998431211,-0.13700550483810303,91800.0,60500.0,-0.3126361655773421,0.04297520661157028,20701684.0,1306276260400.0,7446494100.0,5842999280.0,0.005700550737804712,yfinance_download,237690.KQ
2023-12-28,63400.0,67900.0,62900.0,67800.0,67198.765625,301210.0,0.07448494453248822,-0.5307958477508651,62880.0,67850.0,73032.5,0.40192977223992293,0.33993436777184055,0.06103286384976525,-0.11256544502617805,-0.13076923076923075,0.0782442748091603,-0.0007369196757552876,-0.0716461849176736,91800.0,60500.0,-0.261437908496732,0.1206611570247933,20701684.0,1403574175200.0,20422038000.0,6525482300.0,0.014550024046352944,yfinance_download,237690.KQ
2024-01-02,67800.0,68400.0,67100.0,67900.0,67297.875,106603.0,0.001474926253687281,-0.5301038062283737,63020.0,67741.66666666667,72950.83333333333,0.39774319285311793,0.33615479255229813,0.043010752688172005,-0.0873655913978495,-0.12612612612612617,0.07743573468740084,0.002337310862344566,-0.06923612935653001,91800.0,60500.0,-0.26034858387799564,0.12231404958677694,20701684.0,1405644343600.0,7238343700.0,6584121370.0,0.005149484457399697,yfinance_download,237690.KQ
2024-01-03,69000.0,72100.0,68800.0,69500.0,68883.6875,309072.0,0.02356406480117812,-0.5190311418685121,63315.0,67658.33333333333,72890.0,0.39257351775970606,0.3399650858406008,0.09276729559748431,-0.06711409395973156,-0.09505208333333337,0.097686172313038,0.027220100997659813,-0.04650843737138155,91800.0,60500.0,-0.2429193899782135,0.14876033057851235,20701684.0,1438767038000.0,21480504000.0,7280346670.0,0.01492979991386208,yfinance_download,237690.KQ
2024-01-04,68500.0,68800.0,64800.0,65900.0,65315.609375,193751.0,-0.05179856115107917,-0.5439446366782007,63435.0,67476.66666666667,72824.16666666667,0.44079253120040696,0.3490268335342046,0.03779527559055129,-0.14192708333333337,-0.10704607046070458,0.03885867423346734,-0.0233661018623722,-0.09508061655357092,91800.0,60500.0,-0.28213507625272327,0.08925619834710741,20701684.0,1364240975600.0,12768190900.0,7710314290.0,0.009359190295823277,yfinance_download,237690.KQ
2024-01-05,66000.0,67200.0,64900.0,65000.0,64423.59375,106230.0,-0.01365705614567525,-0.5501730103806228,63470.0,67285.0,72760.0,0.4424428435181963,0.3497884019269802,0.010886469673405896,-0.15032679738562094,-0.10591471801925723,0.024105876792185343,-0.03396002080701499,-0.10665200659703133,91800.0,60500.0,-0.2919389978213508,0.07438016528925617,20701684.0,1345609460000.0,6904950000.0,7772558200.0,0.0051314665995288115,yfinance_download,237690.KQ
2024-01-08,65000.0,65200.0,63700.0,64200.0,63630.68359375,69709.0,-0.012307692307692353,-0.5557093425605537,63555.0,67088.33333333333,72690.0,0.4322388478185777,0.35027436563558206,0.02719999999999989,-0.15526315789473688,-0.11570247933884292,0.01014869011092756,-0.043052691724840275,-0.11679735864630625,91800.0,60500.0,-0.30065359477124187,0.06115702479338836,20701684.0,1329048112800.0,4475317800.0,7531770965.0,0.0033673106013984177,yfinance_download,237690.KQ
2024-01-09,64900.0,66900.0,64500.0,66600.0,66009.40625,92532.0,0.03738317757009346,-0.5391003460207613,63725.0,66931.66666666667,72631.66666666667,0.4495247877012366,0.35969749622733344,0.053797468354430444,-0.12368421052631584,-0.09510869565217395,0.045115731659474356,-0.00495530267187938,-0.08304458569494488,91800.0,60500.0,-0.27450980392156865,0.1008264462809918,20701684.0,1378732154400.0,6162631200.0,7625622925.0,0.0044697812989513315,yfinance_download,237690.KQ
2024-01-10,66000.0,66700.0,64800.0,65100.0,64522.703125,47196.0,-0.022522522522522515,-0.5494809688581315,63900.0,66791.66666666667,72555.83333333333,0.44729434679450103,0.3564997108313312,0.05681818181818188,-0.11428571428571432,-0.12264150943396224,0.018779342723004744,-0.02532751091703067,-0.10275994349179363,91800.0,60500.0,-0.29084967320261434,0.0760330578512396,20701684.0,1347679628400.0,3072459600.0,7232752265.0,0.0022798145310304226,yfinance_download,237690.KQ
2024-01-11,64900.0,65800.0,63400.0,64800.0,64225.36328125,63244.0,-0.004608294930875556,-0.5515570934256055,64045.0,66681.66666666667,72486.66666666667,0.4480728817270165,0.35216233261699287,0.04684975767366728,-0.09243697478991597,-0.11354309165526677,0.011788586150363045,-0.028218650803569223,-0.10604249057297899,91800.0,60500.0,-0.2941176470588235,0.07107438016528933,20701684.0,1341469123200.0,4098211200.0,7173724320.0,0.0030550171667193837,yfinance_download,237690.KQ
2024-01-12,64900.0,65300.0,62800.0,63000.0,62441.328125,75454.0,-0.02777777777777779,-0.5640138408304498,64085.0,66528.33333333333,72403.33333333333,0.4607530679904936,0.3552631144891823,0.012861736334405238,-0.12742382271468145,-0.136986301369863,-0.016930638995084624,-0.05303504772402734,-0.12987431517885906,91800.0,60500.0,-0.3137254901960784,0.04132231404958686,20701684.0,1304206092000.0,4753602000.0,7231994740.0,0.0036448242568092528,yfinance_download,237690.KQ
2024-01-15,61700.0,63100.0,61500.0,61700.0,61152.85546875,89201.0,-0.020634920634920673,-0.5730103806228374,64100.0,66380.0,72326.66666666667,0.4646721182007701,0.35490732560332466,0.004885993485342022,-0.1260623229461756,-0.1297602256699577,-0.03744149765990634,-0.07050316360349507,-0.14692598396165546,91800.0,60500.0,-0.32788671023965144,0.01983471074380172,20701684.0,1277293902800.0,5503701700.0,7392886795.0,0.004308876514586929,yfinance_download,237690.KQ
2024-01-16,61000.0,62900.0,61000.0,62100.0,61549.30859375,50583.0,0.006482982171799101,-0.570242214532872,64065.0,66261.66666666667,72225.83333333333,0.4579141674442948,0.35335415073326504,-0.011146496815286677,-0.10260115606936415,-0.16307277628032346,-0.03067197377663311,-0.06280654978997413,-0.1401968363120305,91800.0,60500.0,-0.32352941176470584,0.026446280991735627,20701684.0,1285574576400.0,3141204300.0,7328504790.0,0.002443424409337907,yfinance_download,237690.KQ
2024-01-17,62800.0,62800.0,60800.0,61400.0,60855.515625,54973.0,-0.011272141706924366,-0.5750865051903113,64030.0,66145.0,72122.5,0.45795433100679667,0.3533197634363821,-0.011272141706924366,-0.10233918128654973,-0.1680216802168022,-0.04107449632984539,-0.07173633683573966,-0.14867066449443656,91800.0,60500.0,-0.3311546840958606,0.014876033057851235,20701684.0,1271083397600.0,3375342200.0,7263043120.0,0.0026554844523759514,yfinance_download,237690.KQ
2024-01-18,61100.0,62100.0,60300.0,60400.0,59864.3828125,61949.0,-0.016286644951140072,-0.582006920415225,63930.0,65996.66666666667,71981.66666666667,0.4610169441509092,0.3532355989280497,-0.03205128205128205,-0.12842712842712845,-0.21862871927554983,-0.055216643203503835,-0.08480226274054248,-0.1608974507397718,91800.0,60400.0,-0.34204793028322444,0.0,20701684.0,1250381713600.0,3741719600.0,7260807500.0,0.0029924618692856097,yfinance_download,237690.KQ
2024-01-19,61000.0,61400.0,59900.0,60600.0,60062.609375,75794.0,0.0033112582781456013,-0.5806228373702422,63820.0,65825.0,71864.16666666667,0.4604665434218514,0.349530987084363,-0.035031847133757954,-0.14527503526093088,-0.1887550200803213,-0.05045440300846127,-0.079377136346373,-0.15674246553103666,91800.0,60400.0,-0.33986928104575165,0.0033112582781456013,20701684.0,1254522050400.0,4593116400.0,7309483140.0,0.00366124804146368,yfinance_download,237690.KQ
2024-01-22,61400.0,61700.0,60000.0,61000.0,60459.0625,58118.0,0.0066006600660066805,-0.5778546712802768,63725.0,65690.0,71755.83333333333,0.461238797570218,0.34667188033287244,-0.030206677265500748,-0.11722141823444288,-0.17567567567567566,-0.042761867398980025,-0.07139595067742421,-0.14989489820804347,91800.0,60400.0,-0.33551198257080606,0.009933774834437026,20701684.0,1262802724000.0,3545198000.0,7214816905.0,0.002807404460429403,yfinance_download,237690.KQ
2024-01-23,61000.0,62900.0,60500.0,62200.0,61648.421875,67184.0,0.01967213114754096,-0.5695501730103807,63810.0,65581.66666666667,71670.0,0.4450726166476089,0.3493505502205915,0.028099173553719048,-0.09461426491994174,-0.14206896551724135,-0.025231154991380622,-0.05156420747668311,-0.13213338914469097,91800.0,60400.0,-0.3224400871459695,0.0298013245033113,20701684.0,1287644744800.0,4178844800.0,6915728545.0,0.0032453398477148045,yfinance_download,237690.KQ
2024-01-24,62200.0,62400.0,61000.0,61100.0,60558.17578125,35064.0,-0.01768488745980712,-0.5771626297577854,63745.0,65465.0,71555.0,0.4357113079095411,0.3506304313123398,-0.02083333333333337,-0.10279001468428783,-0.1842456608811749,-0.041493450466703274,-0.06667685022531122,-0.14611138285235137,91800.0,60400.0,-0.3344226579520697,0.011589403973509826,20701684.0,1264872892400.0,2142410400.0,6683779945.0,0.001693775250361275,yfinance_download,237690.KQ
2024-01-25,60700.0,61200.0,60400.0,61200.0,60657.2890625,29614.0,0.0016366612111293755,-0.5764705882352941,63730.0,65350.0,71439.16666666667,0.4327211665511235,0.35067772191048496,-0.004878048780487809,-0.10132158590308371,-0.18508655126498008,-0.03969872901302374,-0.06350420811017599,-0.14332707315081605,91800.0,60400.0,-0.33333333333333337,0.013245033112582849,20701684.0,1266943060800.0,1812376800.0,6542832835.0,0.0014305116434006045,yfinance_download,237690.KQ
2024-01-26,61200.0,62500.0,60700.0,61500.0,60954.62890625,51728.0,0.004901960784313708,-0.57439446366782,63650.0,65241.666666666664,71322.5,0.4223170686882391,0.35092622349042474,-0.02535657686212356,-0.09558823529411764,-0.1854304635761589,-0.03377847604084838,-0.057350874952101116,-0.1377195134775141,91800.0,60400.0,-0.33006535947712423,0.01821192052980125,20701684.0,1273153566000.0,3181272000.0,6329571730.0,0.0024987339194241396,yfinance_download,237690.KQ
2024-01-29,61900.0,63500.0,61600.0,62800.0,62243.09765625,83216.0,0.021138211382113914,-0.5653979238754325,63400.0,65151.666666666664,71205.83333333333,0.32781037195071044,0.35386448941479604,-0.07374631268436582,-0.07917888563049857,-0.18229166666666663,-0.009463722397476393,-0.036095264894732804,-0.11804978524699516,91800.0,60400.0,-0.3159041394335512,0.039735099337748325,20701684.0,1300065755200.0,5225964800.0,5569768070.0,0.004019769599420028,yfinance_download,237690.KQ
2024-01-30,62900.0,63200.0,61600.0,63200.0,62639.5546875,48942.0,0.006369426751592355,-0.5626297577854671,63165.0,65035.0,71104.16666666667,0.32927629175954976,0.34851247476284974,-0.06921944035346095,-0.09971509971509973,-0.1618037135278515,0.0005541043299295279,-0.028215576228184824,-0.11116319953120424,91800.0,60400.0,-0.31154684095860563,0.04635761589403975,20701684.0,1308346428800.0,3093134400.0,5362507605.0,0.002364155495755804,yfinance_download,237690.KQ
2024-01-31,62800.0,62800.0,61000.0,61900.0,61351.08203125,53331.0,-0.020569620253164556,-0.5716262975778547,62785.0,64913.333333333336,70950.83333333333,0.31847738718231466,0.34973819251991617,-0.10935251798561152,-0.1054913294797688,-0.22914072229140725,-0.01409572350083621,-0.046420868850775454,-0.127564862991978,91800.0,60400.0,-0.32570806100217864,0.024834437086092676,20701684.0,1281434239600.0,3301188900.0,4453541850.0,0.002576167233544865,yfinance_download,237690.KQ
2024-02-01,63000.0,65600.0,61300.0,63400.0,62837.77734375,165687.0,0.024232633279483107,-0.5612456747404844,62660.0,64765.0,70819.16666666667,0.28469759925400895,0.34049800854744416,-0.03793626707132014,-0.12309820193637622,-0.1994949494949495,0.011809766996488946,-0.021076198564039195,-0.1047621288963676,91800.0,60400.0,-0.30936819172113295,0.04966887417218535,20701684.0,1312486765600.0,10504555800.0,4340360095.0,0.008003551788347267,yfinance_download,237690.KQ
2024-02-02,64300.0,64700.0,60800.0,61200.0,60657.2890625,201589.0,-0.034700315457413256,-0.5764705882352941,62470.0,64598.333333333336,70672.5,0.3053886448507152,0.3460341918812766,-0.058461538461538454,-0.1404494382022472,-0.2233502538071066,-0.020329758283976318,-0.05260713640702808,-0.13403374721426298,91800.0,60400.0,-0.33333333333333337,0.013245033112582849,20701684.0,1266943060800.0,12337246800.0,4611974935.0,0.009737806837356807,yfinance_download,237690.KQ
2024-02-05,61000.0,63600.0,60500.0,62500.0,61945.7578125,148919.0,0.0212418300653594,-0.5674740484429066,62385.0,64453.333333333336,70576.66666666667,0.3146607289035266,0.3493560129670278,-0.026479750778816147,-0.1221910112359551,-0.15540540540540537,0.0018433918409874739,-0.03030616466694258,-0.1144381995938224,91800.0,60400.0,-0.31917211328976036,0.0347682119205297,20701684.0,1293855250000.0,9307437500.0,4853580920.0,0.0071935693733901065,yfinance_download,237690.KQ
2024-02-06,62400.0,62400.0,60700.0,61700.0,61152.85546875,62238.0,-0.012800000000000034,-0.5730103806228374,62140.0,64283.333333333336,70405.83333333333,0.2818554033405146,0.34917983624992344,-0.07357357357357353,-0.1418636995827538,-0.24939172749391725,-0.0070807853234631235,-0.040186673580502985,-0.1236521595038289,91800.0,60400.0,-0.32788671023965144,0.021523178807947074,20701684.0,1277293902800.0,3840084600.0,4737453590.0,0.003006422086241873,yfinance_download,237690.KQ
2024-02-07,62100.0,63300.0,60700.0,62900.0,62342.21484375,111203.0,0.01944894651539708,-0.5647058823529412,62030.0,64136.666666666664,70240.83333333333,0.2839753212849408,0.35201210362276136,-0.03379416282642089,-0.12273361227336121,-0.23941958887545345,0.01402547154602618,-0.019281742113195777,-0.10450948522345738,91800.0,60400.0,-0.31481481481481477,0.041390728476821126,20701684.0,1302135923600.0,6994668700.0,4933564045.0,0.0053716886027243005,yfinance_download,237690.KQ
2024-02-08,63400.0,63400.0,61800.0,62100.0,61549.30859375,47014.0,-0.012718600953895098,-0.570242214532872,61895.0,64001.666666666664,70070.0,0.28657550595491843,0.3505212412961031,-0.04166666666666663,-0.11538461538461542,-0.24818401937046008,0.0033120607480410236,-0.029712767896669323,-0.11374339945768519,91800.0,60400.0,-0.32352941176470584,0.0281456953642385,20701684.0,1285574576400.0,2919569400.0,4874631955.0,0.0022710229757154058,yfinance_download,237690.KQ
2024-02-13,62400.0,63100.0,61200.0,63100.0,62540.4375,89968.0,0.016103059581320522,-0.5633217993079584,61900.0,63878.333333333336,69907.5,0.2763104686405875,0.3522312442847312,0.0015873015873015817,-0.10496453900709224,-0.23607748184019373,0.01938610662358653,-0.012184621807081242,-0.09737867896863717,91800.0,60400.0,-0.3126361655773421,0.04470198675496695,20701684.0,1306276260400.0,5676980800.0,4920800895.0,0.004345926640557358,yfinance_download,237690.KQ
2024-02-14,61800.0,62500.0,61500.0,62300.0,61747.53515625,40390.0,-0.01267828843106178,-0.5688581314878893,61930.0,63725.0,69758.33333333333,0.269708633400161,0.35138918628119314,0.009724473257698651,-0.1286713286713287,-0.22319201995012472,0.005974487324398536,-0.02236171047469593,-0.1069167363516903,91800.0,60400.0,-0.32135076252723316,0.0314569536423841,20701684.0,1289714913200.0,2516297000.0,4771430660.0,0.0019510490064479778,yfinance_download,237690.KQ
2024-02-15,62400.0,63200.0,61900.0,62300.0,61747.53515625,48577.0,0.0,-0.5688581314878893,61940.0,63571.666666666664,69602.5,0.26882021832401903,0.35138918628119314,0.0032206119162641045,-0.1286713286713287,-0.23086419753086418,0.005812076202776906,-0.020003670398238138,-0.10491720843360508,91800.0,60400.0,-0.32135076252723316,0.0314569536423841,20701684.0,1289714913200.0,3026347100.0,4765687800.0,0.002346524079876787,yfinance_download,237690.KQ
2024-02-16,62900.0,63300.0,61800.0,62600.0,62044.875,49236.0,0.0048154093097914075,-0.5667820069204152,62000.0,63460.0,69461.66666666667,0.26568424377879685,0.3465018493066977,0.019543973941368087,-0.0966810966810967,-0.2125786163522012,0.00967741935483879,-0.013551843681058884,-0.09878350169158057,91800.0,60400.0,-0.318082788671024,0.036423841059602724,20701684.0,1295925418400.0,3082173600.0,4751029370.0,0.0023783572389569855,yfinance_download,237690.KQ
2024-02-19,62700.0,63500.0,62100.0,63200.0,62639.5546875,68794.0,0.009584664536741228,-0.5626297577854671,62140.0,63356.666666666664,69306.66666666667,0.2590144884350698,0.3471942051355964,0.04635761589403975,-0.08933717579250722,-0.2273838630806846,0.017058255551979373,-0.002472773188825106,-0.0881108118507119,91800.0,60400.0,-0.31154684095860563,0.04635761589403975,20701684.0,1308346428800.0,4347780800.0,4781332430.0,0.003323111298578415,yfinance_download,237690.KQ
2024-02-20,63000.0,63600.0,62300.0,62900.0,62342.21484375,55479.0,-0.004746835443038,-0.5647058823529412,62255.0,63260.0,69154.16666666667,0.26021311027325433,0.34679083436578056,0.037953795379537913,-0.0844250363901019,-0.22536945812807885,0.010360613605332913,-0.005690799873537822,-0.09043803096945235,91800.0,60400.0,-0.31481481481481477,0.041390728476821126,20701684.0,1302135923600.0,3489629100.0,4726158065.0,0.002679926908361658,yfinance_download,237690.KQ
2024-02-21,62500.0,63700.0,62300.0,62900.0,62342.21484375,56393.0,0.0,-0.5647058823529412,62350.0,63166.666666666664,69005.83333333333,0.2597170661417994,0.34678205505251064,0.031147540983606614,-0.08175182481751819,-0.2205700123915737,0.008821170809943935,-0.004221635883905006,-0.088482857729419,91800.0,60400.0,-0.31481481481481477,0.041390728476821126,20701684.0,1302135923600.0,3547119700.0,4726254150.0,0.0027240779059326766,yfinance_download,237690.KQ
2024-02-22,63200.0,63200.0,61700.0,61700.0,61152.85546875,61283.0,-0.019077901430842648,-0.5730103806228374,62325.0,63045.0,68840.0,0.26050041730065404,0.34823544095964115,-0.008038585209003246,-0.10579710144927534,-0.24387254901960786,-0.010028078620136327,-0.02133396780077723,-0.10371876815804759,91800.0,60400.0,-0.32788671023965144,0.021523178807947074,20701684.0,1277293902800.0,3781161100.0,4706369965.0,0.002960290573462526,yfinance_download,237690.KQ
2024-02-23,61800.0,67500.0,61800.0,66300.0,65712.0703125,293427.0,0.07455429497568877,-0.5411764705882354,62585.0,63040.0,68711.66666666667,0.3639569200996213,0.37484531993709563,0.0851063829787233,-0.0045045045045044585,-0.18849449204406366,0.05935927139090835,0.0517131979695431,-0.03509835787226823,91800.0,60400.0,-0.2777777777777778,0.09768211920529812,20701684.0,1372521649200.0,19454210100.0,5571959950.0,0.014174064293513514,yfinance_download,237690.KQ
2024-02-26,66400.0,66900.0,65300.0,66100.0,65513.8359375,95446.0,-0.003016591251885359,-0.542560553633218,62830.0,63081.666666666664,68590.83333333333,0.36478863682280244,0.3628845987522772,0.08006535947712412,0.03930817610062887,-0.17990074441687343,0.052045201336941016,0.04784802768897456,-0.03631437631364731,91800.0,60400.0,-0.2799564270152506,0.0943708609271523,20701684.0,1368381312400.0,6308980600.0,5796790140.0,0.004610542794489569,yfinance_download,237690.KQ
2024-02-27,66100.0,66100.0,63700.0,63800.0,63234.234375,87256.0,-0.03479576399394857,-0.558477508650519,62945.0,63093.333333333336,68445.0,0.38998339388906733,0.3697934927368227,0.0373983739837398,0.011093502377178988,-0.2152521525215252,0.013583286996584398,0.011200338123414921,-0.0678647088903499,91800.0,60400.0,-0.30501089324618735,0.056291390728476776,20701684.0,1320767439200.0,5566932800.0,5916073180.0,0.004214922805313809,yfinance_download,237690.KQ
2024-02-28,63800.0,64600.0,62900.0,64400.0,63828.9140625,55923.0,0.00940438871473348,-0.554325259515571,63025.0,63101.666666666664,68304.16666666667,0.3845804114710399,0.36939165457177814,0.02547770700636942,0.00782472613458518,-0.20787207872078717,0.021816739389131312,0.020575262143102346,-0.057158543280668606,91800.0,60400.0,-0.2984749455337691,0.0662251655629138,20701684.0,1333188449600.0,3601441200.0,5834847000.0,0.0027013744389103806,yfinance_download,237690.KQ
2024-02-29,64000.0,64600.0,63500.0,63600.0,63036.0078125,47303.0,-0.012422360248447228,-0.5598615916955016,63045.0,63076.666666666664,68158.33333333333,0.38722147275876745,0.3682913285648703,0.006329113924050667,-0.02304147465437789,-0.21578298397040685,0.008803235783963803,0.008296781694234534,-0.06687859151485509,91800.0,60400.0,-0.30718954248366015,0.052980132450331174,20701684.0,1316627102400.0,3008470800.0,5830613820.0,0.0022849831926716685,yfinance_download,237690.KQ
2024-03-04,64300.0,64700.0,63400.0,63900.0,63333.34765625,63095.0,0.004716981132075526,-0.5577854671280277,63145.0,63081.666666666664,68035.0,0.3792124087773514,0.3652959769822584,0.03231017770597733,0.004716981132075526,-0.18805590851334175,0.011956607807427355,0.012972601653940652,-0.06077754097155874,91800.0,60400.0,-0.303921568627451,0.057947019867549576,20701684.0,1322837607600.0,4031770500.0,5867142900.0,0.003047819684620826,yfinance_download,237690.KQ
2024-03-05,63800.0,67100.0,63300.0,66000.0,65414.72265625,120443.0,0.032863849765258246,-0.5432525951557093,63275.0,63123.333333333336,67915.83333333333,0.38712228049335545,0.3712955938809292,0.04100946372239744,0.03937007874015741,-0.17808219178082196,0.04306598182536536,0.04557216032106459,-0.028208935078957942,91800.0,60400.0,-0.28104575163398693,0.0927152317880795,20701684.0,1366311144000.0,7949238000.0,5739377010.0,0.00581802910333285,yfinance_download,237690.KQ
2024-03-06,65800.0,70400.0,65600.0,69000.0,68388.125,224542.0,0.045454545454545414,-0.5224913494809689,63665.0,63201.666666666664,67826.66666666667,0.39008888276202364,0.38167404959906015,0.12745098039215685,0.07309486780715391,-0.13425345043914683,0.08379800518338176,0.09174336119828075,0.01729899744446617,91800.0,60400.0,-0.24836601307189543,0.14238410596026485,20701684.0,1428416196000.0,15493398000.0,5897184570.0,0.01084655721727759,yfinance_download,237690.KQ
2024-03-07,70000.0,70400.0,67500.0,68800.0,68189.890625,138852.0,-0.0028985507246376274,-0.5238754325259516,63980.0,63306.666666666664,67735.0,0.38722321330238996,0.3768376311322443,0.1008,0.1008,-0.1378446115288221,0.0753360425132854,0.08677337826453257,0.01572303831106514,91800.0,60400.0,-0.2505446623093682,0.13907284768211925,20701684.0,1424275859200.0,9553017600.0,5909463575.0,0.006707280431872112,yfinance_download,237690.KQ
2024-03-08,71000.0,78000.0,69100.0,77500.0,76812.7421875,637987.0,0.12645348837209291,-0.46366782006920415,64770.0,63545.0,67714.16666666667,0.5728815000000926,0.4549472363947472,0.2560777957860616,0.22626582278481022,-0.03125,0.196541608769492,0.2196081517035171,0.144516780092792,91800.0,60400.0,-0.15577342047930287,0.2831125827814569,20701684.0,1604380510000.0,49443992500.0,8189658970.0,0.03081812088330592,yfinance_download,237690.KQ
2024-03-11,80000.0,81600.0,75700.0,76800.0,76118.953125,409890.0,-0.00903225806451613,-0.46851211072664356,65465.0,63798.333333333336,67678.33333333333,0.5769106030183868,0.4517089211783324,0.22098569157392678,0.24675324675324672,-0.053020961775585684,0.17314595585427317,0.20379320253925126,0.1347797177826484,91800.0,60400.0,-0.1633986928104575,0.2715231788079471,20701684.0,1589889331200.0,31479552000.0,9413903135.0,0.0197998385058916,yfinance_download,237690.KQ
2024-03-12,78000.0,78600.0,74700.0,75800.0,75127.8203125,173877.0,-0.01302083333333337,-0.47543252595155705,66150.0,64030.0,67620.83333333333,0.5770737981697487,0.45305927142346464,0.22061191626409027,0.2245557350565428,-0.08343409915356714,0.1458805744520031,0.18382008433546781,0.12095631277343033,91800.0,60400.0,-0.17429193899782136,0.2549668874172186,20701684.0,1569187647200.0,13179876600.0,9926918495.0,0.008399171777523027,yfinance_download,237690.KQ
2024-03-13,74600.0,75300.0,71500.0,72700.0,72055.3046875,236602.0,-0.04089709762532978,-0.4968858131487889,66630.0,64205.0,67545.83333333333,0.6046907470464057,0.46220161523355,0.15213946117274157,0.1688102893890675,-0.1101591187270502,0.09110010505778177,0.13231056771279492,0.07630621183147257,91800.0,60400.0,-0.2080610021786492,0.20364238410596025,20701684.0,1505012426800.0,17200965400.0,10503117725.0,0.011429118520019918,yfinance_download,237690.KQ
2024-03-14,72800.0,75400.0,72800.0,73500.0,72848.21875,140918.0,0.011004126547455195,-0.4913494809688581,67190.0,64406.666666666664,67482.5,0.5998969029547248,0.4612887696797666,0.1797752808988764,0.19706840390879488,-0.09371146732429103,0.09391278464057162,0.14118621260739062,0.08917126662468045,91800.0,60400.0,-0.19934640522875813,0.2168874172185431,20701684.0,1521573774000.0,10357473000.0,10895176525.0,0.0068070790762722495,yfinance_download,237690.KQ
2024-03-15,79000.0,82000.0,76200.0,77600.0,76911.859375,653369.0,0.05578231292517,-0.4629757785467128,67955.0,64653.333333333336,67440.83333333333,0.6211635524920409,0.4720386501280924,0.245585874799358,0.23566878980891715,-0.060532687651331685,0.14193216098888972,0.20024747370591878,0.15063821374291053,91800.0,60400.0,-0.15468409586056642,0.2847682119205297,20701684.0,1606450678400.0,50701434400.0,13278930890.0,0.031561152223171796,yfinance_download,237690.KQ
2024-03-18,81300.0,99000.0,80400.0,96300.0,95446.03125,2906864.0,0.240979381443299,-0.33356401384083045,69640.0,65223.333333333336,67555.83333333333,1.0223663618959293,0.676224415910944,0.5383386581469649,0.5507246376811594,0.16727272727272724,0.38282596209075237,0.4764654775898196,0.42548755967286334,96300.0,60400.0,0.0,0.5943708609271523,20701684.0,1993572169200.0,279931003200.0,27121372370.0,0.14041678928149035,yfinance_download,237690.KQ
2024-03-19,94100.0,95700.0,88100.0,89100.0,88309.8828125,779115.0,-0.07476635514018692,-0.3833910034602076,70935.0,65668.33333333333,67611.66666666667,1.079869708416934,0.6972452737569499,0.40981012658227844,0.4278846153846154,0.0813106796116505,0.2560795094100232,0.35681835486408975,0.31781990287672235,96300.0,60400.0,-0.07476635514018692,0.4751655629139073,20701684.0,1844520044400.0,69419146500.0,30374940655.0,0.03763534406186472,yfinance_download,237690.KQ
2024-03-20,90900.0,92300.0,86000.0,87700.0,86922.2890625,575657.0,-0.015712682379349086,-0.39307958477508653,72175.0,66083.33333333333,67660.83333333333,1.0838064400322298,0.6987745850345094,0.39427662957074716,0.39649681528662417,0.07212713936430326,0.21510218219605126,0.32711223203026485,0.29617085216705874,96300.0,60400.0,-0.08930425752855664,0.45198675496688745,20701684.0,1815537686800.0,50485118900.0,32724715145.0,0.027807254714157553,yfinance_download,237690.KQ
2024-03-21,86700.0,95800.0,85600.0,93900.0,93067.3125,824005.0,0.07069555302166486,-0.3501730103806229,73725.0,66600.0,67774.16666666667,1.0965372726941027,0.7109625113449499,0.49284578696343395,0.49284578696343395,0.16936488169364883,0.2736520854526958,0.40990990990990994,0.385483652817568,96300.0,60400.0,-0.024922118380062308,0.554635761589404,20701684.0,1943888127600.0,77374069500.0,36416062635.0,0.039803766688738945,yfinance_download,237690.KQ
2024-03-22,91900.0,94600.0,89500.0,89800.0,89003.6640625,329503.0,-0.04366347177848773,-0.3785467128027682,75130.0,67088.33333333333,67881.66666666667,1.1122068254981146,0.7125647087367921,0.45542949756888174,0.48429752066115705,0.16775032509752918,0.19526154665246898,0.3385337738802079,0.3228903238478724,96300.0,60400.0,-0.06749740394600212,0.48675496688741715,20701684.0,1859011223200.0,29589369400.0,37706473050.0,0.0159167244558462,yfinance_download,237690.KQ
2024-03-25,88900.0,94300.0,87200.0,92100.0,91283.2734375,376669.0,0.025612472160356337,-0.36262975778546713,76420.0,67583.33333333333,68005.83333333333,1.094425607497508,0.7118339636055144,0.3891402714932126,0.47596153846153855,0.19300518134715028,0.20518188955770733,0.36276202219482134,0.3542955873883369,96300.0,60400.0,-0.04361370716510904,0.5248344370860927,20701684.0,1906625096400.0,34691214900.0,38468323290.0,0.018195089829407114,yfinance_download,237690.KQ
2024-03-26,91300.0,92600.0,89100.0,90400.0,89598.34375,277816.0,-0.018458197611292082,-0.37439446366782003,77635.0,68065.0,68125.0,1.0998369525837144,0.7124107422353234,0.36762481089258703,0.4699186991869919,0.18791064388961898,0.16442326270367746,0.32814221699845736,0.32697247706422017,96300.0,60400.0,-0.061266874350986544,0.4966887417218544,20701684.0,1871432233600.0,25114566400.0,39408602580.0,0.013419971051630388,yfinance_download,237690.KQ
2024-03-27,92300.0,92500.0,86500.0,88200.0,87417.859375,258996.0,-0.02433628318584069,-0.38961937716262973,78855.0,68483.33333333333,68238.33333333333,1.0938048137733005,0.7142492699869121,0.3824451410658307,0.3977812995245642,0.18230563002680955,0.118508655126498,0.2879045996592846,0.2925286373739102,96300.0,60400.0,-0.08411214953271029,0.4602649006622517,20701684.0,1825888528800.0,22843447200.0,40272428300.0,0.012510866265758864,yfinance_download,237690.KQ
2024-03-28,88200.0,91100.0,86700.0,90400.0,89598.34375,218113.0,0.024943310657596474,-0.37439446366782003,80155.0,68860.0,68355.0,1.0935028144285024,0.701210915679976,0.40372670807453415,0.33333333333333326,0.18324607329842935,0.12781485871124687,0.3128085971536452,0.3225074976227049,96300.0,60400.0,-0.061266874350986544,0.4966887417218544,20701684.0,1871432233600.0,19717415200.0,41078227000.0,0.010536002771561966,yfinance_download,237690.KQ
2024-03-29,92200.0,92300.0,88600.0,88800.0,88012.5390625,197184.0,-0.017699115044247815,-0.3854671280276817,81415.0,69208.33333333333,68475.0,1.095682709613673,0.7028027428008383,0.39622641509433953,0.3078055964653903,0.19354838709677424,0.0907081004728858,0.28308248043347395,0.29682365826944146,96300.0,60400.0,-0.07788161993769471,0.4701986754966887,20701684.0,1838309539200.0,17509939200.0,41803300420.0,0.009525022215584008,yfinance_download,237690.KQ
2024-04-01,90200.0,93800.0,89000.0,90100.0,89301.0078125,269158.0,0.014639639639639546,-0.3764705882352941,82725.0,69551.66666666667,68605.0,1.0945445500557929,0.7020537080187156,0.4100156494522691,0.2964028776978418,0.20939597315436242,0.08915080084617699,0.29543984088567243,0.3133153560236135,96300.0,60400.0,-0.06438213914849433,0.4917218543046358,20701684.0,1865221728400.0,24251135800.0,42814268685.0,0.0130017442059303,yfinance_download,237690.KQ
2024-04-02,90100.0,90200.0,80500.0,81200.0,80479.9296875,561293.0,-0.09877913429522756,-0.43806228373702427,83485.0,69806.66666666667,68641.66666666667,1.1701959601395713,0.7245925234416547,0.23030303030303023,0.23216995447647948,0.05729166666666674,-0.02737018626100496,0.16321268264731148,0.18295495932985295,96300.0,60400.0,-0.15680166147455865,0.3443708609271523,20701684.0,1680976740800.0,45576991600.0,44695656365.0,0.02711339811775699,yfinance_download,237690.KQ
2024-04-03,79600.0,81200.0,76400.0,78700.0,78002.1015625,429545.0,-0.030788177339901468,-0.45536332179930794,83970.0,70035.0,68660.0,1.1732818934503195,0.7272657423150533,0.14057971014492754,0.21076923076923082,0.02875816993464042,-0.06276050970584734,0.12372385235953454,0.14622778910573841,96300.0,60400.0,-0.18276220145379019,0.3029801324503312,20701684.0,1629222530800.0,33805191500.0,45611246040.0,0.02074927817466444,yfinance_download,237690.KQ
2024-04-04,78900.0,80200.0,78000.0,79800.0,79092.3515625,157045.0,0.013977128335451061,-0.4477508650519031,84520.0,70295.0,68691.66666666667,1.1725404277546354,0.7267190357576162,0.15988372093023262,0.2429906542056075,0.050000000000000044,-0.055844770468528204,0.13521587595134799,0.16171296857940054,96300.0,60400.0,-0.17133956386292837,0.3211920529801324,20701684.0,1651994383200.0,12532191000.0,45760204710.0,0.007586097826630916,yfinance_download,237690.KQ
2024-04-05,77700.0,80600.0,77700.0,79800.0,79092.3515625,104389.0,0.0,-0.4477508650519031,84635.0,70515.0,68723.33333333333,1.0886651060272592,0.7235462175891234,0.029677419354838808,0.19819819819819817,0.050000000000000044,-0.05712766585927809,0.1316741118910869,0.16117766891400298,96300.0,60400.0,-0.17133956386292837,0.3211920529801324,20701684.0,1651994383200.0,8330242200.0,43704517195.0,0.005042536636149986,yfinance_download,237690.KQ
2024-04-08,80500.0,80500.0,77900.0,79000.0,78299.4375,93729.0,-0.010025062656641603,-0.45328719723183386,84745.0,70746.66666666667,68769.16666666667,1.0888226703703032,0.7220434374069,0.02864583333333326,0.21351766513056836,0.0748299319727892,-0.06779161012449109,0.11666038447041083,0.14877064575936405,96300.0,60400.0,-0.1796469366562824,0.3079470198675496,20701684.0,1635433036000.0,7404591000.0,42500769145.0,0.004527602681984712,yfinance_download,237690.KQ
2024-04-09,79200.0,82100.0,78500.0,81100.0,80380.8203125,136189.0,0.026582278481012578,-0.4387543252595155,85010.0,71018.33333333333,68850.0,1.0899394961455127,0.7232505408706225,0.06992084432717682,0.2515432098765431,0.13585434173669464,-0.045994588871897446,0.1419586491750957,0.17792302106027602,96300.0,60400.0,-0.157840083073728,0.3427152317880795,20701684.0,1678906572400.0,11044927900.0,42394021710.0,0.006578643553828761,yfinance_download,237690.KQ
2024-04-11,78700.0,80300.0,76900.0,80300.0,79587.9140625,129978.0,-0.009864364981504337,-0.4442906574394464,85390.0,71306.66666666667,68917.5,1.0779361609724782,0.7207422418921692,0.10453920220082535,0.2746031746031745,0.11218836565096946,-0.05960885349572553,0.1261219147344801,0.16516124351579786,96300.0,60400.0,-0.16614745586708202,0.32947019867549665,20701684.0,1662345225200.0,10437233400.0,42055835110.0,0.0062786196523915636,yfinance_download,237690.KQ
2024-04-12,80700.0,84100.0,79900.0,83300.0,82561.3125,176317.0,0.03735990037359893,-0.42352941176470593,85880.0,71666.66666666667,69023.33333333333,1.0832791533691473,0.7217319121232437,0.1333333333333333,0.35008103727714746,0.17988668555240794,-0.030041918956683733,0.1623255813953488,0.2068382672526199,96300.0,60400.0,-0.13499480789200413,0.3791390728476822,20701684.0,1724450277200.0,14687206100.0,42272321765.0,0.008517036585043034,yfinance_download,237690.KQ
2024-04-15,82000.0,84900.0,82000.0,82400.0,81669.2890625,124895.0,-0.010804321728691502,-0.42975778546712806,86120.0,72005.0,69133.33333333333,1.0702961022923563,0.7225479330739781,0.061855670103092786,0.32689210950080505,0.19075144508670516,-0.04319554110543433,0.1443649746545379,0.19189971070395373,96300.0,60400.0,-0.1443406022845275,0.3642384105960266,20701684.0,1705818761600.0,10291348000.0,40251817445.0,0.006033084071807878,yfinance_download,237690.KQ
2024-04-16,81900.0,83500.0,80100.0,82000.0,81272.8359375,82361.0,-0.004854368932038833,-0.4325259515570934,85405.0,72348.33333333333,69246.66666666667,0.6067400200076905,0.7220244815958881,-0.14849428868120462,0.33550488599348527,0.19883040935672525,-0.03986886013699431,0.13340551498537168,0.1841725233464908,96300.0,60400.0,-0.14849428868120462,0.35761589403973515,20701684.0,1697538088000.0,6753602000.0,26592947385.0,0.003978468611539042,yfinance_download,237690.KQ
2024-04-17,82500.0,83100.0,80200.0,80900.0,80182.59375,73741.0,-0.013414634146341475,-0.44013840830449824,84995.0,72690.0,69343.33333333333,0.5529542291910724,0.7216734320553457,-0.09203142536475872,0.3394039735099337,0.16738816738816742,-0.04817930466498033,0.11294538450956115,0.16665865500168242,96300.0,60400.0,-0.15991692627206644,0.3394039735099337,20701684.0,1674766235600.0,5965646900.0,23420272405.0,0.00356207736530033,yfinance_download,237690.KQ
2024-04-18,80900.0,83700.0,80900.0,83300.0,82561.3125,101685.0,0.02966625463535233,-0.42352941176470593,84775.0,73068.33333333333,69446.66666666667,0.5638103892694637,0.7232997607333563,-0.05017103762827824,0.3745874587458746,0.17489421720733422,-0.017398997345915657,0.14002874022034173,0.19948161658826913,96300.0,60400.0,-0.13499480789200413,0.3791390728476822,20701684.0,1724450277200.0,8470360500.0,21319534485.0,0.004911919242898307,yfinance_download,237690.KQ
2024-04-19,84400.0,84400.0,80600.0,82200.0,81471.0703125,138152.0,-0.013205282112845107,-0.4311418685121108,84190.0,73421.66666666667,69555.83333333333,0.4948495111304656,0.7243991873409961,-0.12460063897763574,0.3475409836065573,0.18958031837916067,-0.023637011521558393,0.11956052936235895,0.1817844177938588,96300.0,60400.0,-0.14641744548286606,0.36092715231788075,20701684.0,1701678424800.0,11356094400.0,18018635730.0,0.006673466757583586,yfinance_download,237690.KQ
2024-04-22,83000.0,87800.0,83000.0,84400.0,83651.5546875,246296.0,0.02676399026763998,-0.4159169550173011,83920.0,73791.66666666667,69686.66666666667,0.48713533401635617,0.7251188359733267,-0.060133630289532336,0.35691318327974275,0.22852983988355158,0.0057197330791229906,0.1437605872388481,0.21113555916961624,96300.0,60400.0,-0.12357217030114231,0.3973509933774835,20701684.0,1747222129600.0,20787382400.0,17578536380.0,0.011897389603667026,yfinance_download,237690.KQ
2024-04-23,84800.0,88800.0,83900.0,87700.0,86922.2890625,170966.0,0.0390995260663507,-0.39307958477508653,83700.0,74235.0,69850.0,0.4996982715922567,0.7265142296795838,-0.04777415852334421,0.4353518821603928,0.2878120411160059,0.04778972520907998,0.18138344446689558,0.2555476020042948,96300.0,60400.0,-0.08930425752855664,0.45198675496688745,20701684.0,1815537686800.0,14993718200.0,16593661545.0,0.00825855519773174,yfinance_download,237690.KQ
2024-04-24,87800.0,88800.0,86700.0,88600.0,87814.3046875,167929.0,0.010262257696693311,-0.3868512110726644,83610.0,74691.66666666667,70020.83333333333,0.4975162527703801,0.7264570730539015,-0.019911504424778736,0.44771241830065356,0.3010279001468428,0.059681856237292275,0.18620997433894892,0.2653376971139543,96300.0,60400.0,-0.07995846313603328,0.4668874172185431,20701684.0,1834169202400.0,14878509400.0,16081858695.0,0.00811185215656852,yfinance_download,237690.KQ
2024-04-25,87800.0,89000.0,86300.0,86400.0,85633.8203125,79024.0,-0.02483069977426633,-0.4020761245674741,83520.0,75106.66666666667,70174.16666666667,0.4978331080119432,0.7293993301200776,-0.020408163265306145,0.4048780487804877,0.2705882352941176,0.034482758620689724,0.15036392685957733,0.23122231590447573,96300.0,60400.0,-0.10280373831775702,0.4304635761589404,20701684.0,1788625497600.0,6827673600.0,15281070015.0,0.003817273995680738,yfinance_download,237690.KQ
2024-04-26,86300.0,87800.0,85000.0,85700.0,84940.0234375,73713.0,-0.00810185185185186,-0.4069204152249135,83285.0,75488.33333333333,70320.0,0.48913339982588716,0.7293806719555826,-0.05199115044247793,0.3646496815286624,0.2565982404692082,0.028996818154529702,0.13527476652021297,0.21871444823663255,96300.0,60400.0,-0.11007268951194182,0.41887417218543055,20701684.0,1774134318800.0,6317204100.0,14611059460.0,0.003560724818328789,yfinance_download,237690.KQ
2024-04-29,85900.0,89000.0,85900.0,88900.0,88111.6484375,98800.0,0.037339556592765444,-0.3847750865051903,83290.0,75916.66666666667,70475.83333333333,0.5047702238801376,0.7321738380440118,0.0011261261261261701,0.4066455696202531,0.26638176638176647,0.06735502461279874,0.1710208562019757,0.2614253112769154,96300.0,60400.0,-0.07684319833852549,0.4718543046357615,20701684.0,1840379707600.0,8783320000.0,14174728500.0,0.004772558599580595,yfinance_download,237690.KQ
2024-04-30,89800.0,99000.0,88800.0,93400.0,92571.7421875,807253.0,0.0506186726659168,-0.35363321799307956,83455.0,76441.66666666667,70677.5,0.533431824217213,0.7353850546834297,0.03662597114317423,0.5088852988691437,0.3497109826589595,0.11916601761428325,0.2218467240815436,0.32149552545010796,96300.0,60400.0,-0.03011422637590866,0.5463576158940397,20701684.0,1933537285600.0,75397430200.0,16732043220.0,0.03899455715776552,yfinance_download,237690.KQ
2024-05-02,93100.0,95400.0,85000.0,88800.0,88012.5390625,420082.0,-0.04925053533190582,-0.3854671280276817,83835.0,76865.0,70815.0,0.4273097719406687,0.7437727717002692,0.09359605911330049,0.4006309148264984,0.22821576763485485,0.05922347468241185,0.15527223053405326,0.2539716161830121,96300.0,60400.0,-0.07788161993769471,0.4701986754966887,20701684.0,1838309539200.0,37303281600.0,16318357720.0,0.020292165603532544,yfinance_download,237690.KQ
2024-05-03,89400.0,97000.0,88600.0,96500.0,95644.2578125,428919.0,0.08671171171171177,-0.33217993079584773,84725.0,77453.33333333333,71025.83333333333,0.4955267904979057,0.7564588975443652,0.22617534942820838,0.576797385620915,0.3553370786516854,0.13897904986721743,0.2459115166121537,0.35866058124391365,96500.0,60400.0,0.0,0.5976821192052981,20701684.0,1997712506000.0,41390683500.0,16697632320.0,0.020719039088800698,yfinance_download,237690.KQ
2024-05-07,101100.0,103100.0,96100.0,99800.0,98914.9921875,561203.0,0.03419689119170988,-0.3093425605536332,85725.0,78075.0,71264.16666666667,0.5024490693057064,0.7578433764605418,0.2506265664160401,0.5968,0.401685393258427,0.16418780985710124,0.2782580851745118,0.40042330764643275,99800.0,60400.0,0.0,0.6523178807947019,20701684.0,2066028063200.0,56008059400.0,18871425740.0,0.027109050645348465,yfinance_download,237690.KQ
2024-05-08,97700.0,98500.0,92100.0,92800.0,91977.0625,359233.0,-0.0701402805611222,-0.3577854671280277,86375.0,78593.33333333333,71438.33333333333,0.5798574043207474,0.7737936201189958,0.162907268170426,0.5040518638573743,0.2906815020862308,0.07438494934876982,0.18076172703367543,0.2990224669295196,99800.0,60400.0,-0.0701402805611222,0.5364238410596027,20701684.0,1921116275200.0,33336822400.0,20121754750.0,0.017352839508128905,yfinance_download,237690.KQ
2024-05-09,92700.0,93300.0,89800.0,92600.0,91778.8359375,221182.0,-0.0021551724137931494,-0.35916955017301033,87055.0,79088.33333333333,71612.5,0.5772427554660339,0.7736863258730492,0.17215189873417724,0.47217806041335453,0.29149232914923284,0.06369536499913853,0.17084272859460947,0.2930703438645488,99800.0,60400.0,-0.07214428857715427,0.5331125827814569,20701684.0,1916975938400.0,20481453200.0,20775597860.0,0.010684251580692663,yfinance_download,237690.KQ
2024-05-10,92500.0,93300.0,91200.0,91200.0,90391.2578125,115818.0,-0.015118790496760237,-0.36885813148788926,87560.0,79573.33333333333,71787.5,0.5789884660862716,0.7739707050817501,0.12453760789149193,0.4685990338164252,0.2991452991452992,0.041571493832800455,0.14611260053619302,0.27041615880201975,99800.0,60400.0,-0.08617234468937873,0.509933774834437,20701684.0,1887993580800.0,10562601600.0,20751481545.0,0.005594617326783657,yfinance_download,237690.KQ
2024-05-13,91500.0,94800.0,89200.0,91200.0,90391.2578125,193684.0,0.0,-0.36885813148788926,88105.0,80041.66666666667,71960.0,0.5763402351556088,0.7739121806983247,0.1357409713574098,0.44532488114104596,0.29361702127659584,0.035128539810453496,0.1394065590838105,0.2673707615341856,99800.0,60400.0,-0.08617234468937873,0.509933774834437,20701684.0,1887993580800.0,17663980800.0,21112818915.0,0.009355953844141375,yfinance_download,237690.KQ
2024-05-14,93200.0,98100.0,91600.0,96000.0,95148.6875,319725.0,0.05263157894736836,-0.33564013840830453,88740.0,80603.33333333333,72164.16666666667,0.5894087167985258,0.7782876937364683,0.15246098439375744,0.5409309791332264,0.3426573426573427,0.08181203515889113,0.19101774120176995,0.330300125870411,99800.0,60400.0,-0.038076152304609256,0.5894039735099337,20701684.0,1987361664000.0,30693600000.0,21913138610.0,0.01544439573128447,yfinance_download,237690.KQ
2024-05-16,98700.0,99200.0,95800.0,96100.0,95247.796875,214400.0,0.0010416666666666075,-0.3349480968858132,89425.0,81166.66666666667,72369.16666666667,0.5859470251267235,0.7782429021912967,0.1662621359223302,0.5425361155698234,0.3440559440559441,0.07464355605255801,0.18398357289527723,0.3279135911933029,99800.0,60400.0,-0.03707414829659317,0.5910596026490067,20701684.0,1989431832400.0,20603840000.0,22428763210.0,0.010356645382085824,yfinance_download,237690.KQ
2024-05-17,94700.0,103000.0,93900.0,101800.0,100897.2578125,494523.0,0.0593132154006244,-0.2955017301038062,90415.0,81820.0,72640.0,0.6105050641836304,0.7851647890639611,0.24146341463414633,0.6261980830670926,0.46897546897546905,0.12591937178565504,0.24419457345392326,0.401431718061674,101800.0,60400.0,0.0,0.685430463576159,20701684.0,2107431431200.0,50342441400.0,24608205180.0,0.0238880566431214,yfinance_download,237690.KQ
2024-05-20,101000.0,101000.0,96400.0,100000.0,99113.21875,470754.0,-0.017681728880157177,-0.3079584775086506,91370.0,82433.33333333333,72895.0,0.6130041048870742,0.787104603155777,0.23609394313967869,0.5822784810126582,0.44092219020172907,0.0944511327569224,0.21310149615851204,0.3718362027573907,101800.0,60400.0,-0.017681728880157177,0.6556291390728477,20701684.0,2070168400000.0,47075400000.0,26663692835.0,0.02273988918002999,yfinance_download,237690.KQ
2024-05-21,100600.0,103900.0,99500.0,100100.0,99212.328125,203279.0,0.0009999999999998899,-0.3072664359861592,92210.0,83053.33333333333,73156.66666666667,0.6100871987484734,0.7867696115173956,0.2016806722689075,0.5914149443561207,0.4570596797671034,0.08556555688103251,0.20524963878632208,0.3682963502984462,101800.0,60400.0,-0.016699410609037346,0.6572847682119205,20701684.0,2072238568400.0,20348227900.0,27257586205.0,0.009819442708139106,yfinance_download,237690.KQ
2024-05-22,100100.0,100400.0,97800.0,98800.0,97923.859375,152914.0,-0.012987012987012991,-0.3162629757785467,93040.0,83651.66666666667,73409.16666666667,0.6099779261790481,0.7878475449600901,0.2019464720194648,0.5707472178060413,0.4423357664233576,0.06190885640584698,0.1810882429120757,0.34588096400313306,101800.0,60400.0,-0.029469548133595258,0.6357615894039734,20701684.0,2045326379200.0,15107903200.0,27445176645.0,0.007386548843079626,yfinance_download,237690.KQ
2024-05-23,99800.0,100000.0,97100.0,97500.0,96635.390625,108669.0,-0.013157894736842146,-0.32525951557093424,93695.0,84248.33333333333,73646.66666666667,0.6118280170556564,0.7870491123174004,0.15521327014218,0.5802269043760129,0.4130434782608696,0.04061049148833984,0.15729292369779824,0.3238888385987144,101800.0,60400.0,-0.04223968565815328,0.6142384105960266,20701684.0,2018414190000.0,10595227500.0,26935568900.0,0.005249283101799835,yfinance_download,237690.KQ
2024-05-24,95400.0,96000.0,92500.0,94100.0,93265.5390625,226781.0,-0.034871794871794926,-0.34878892733564015,94015.0,84711.66666666667,73875.83333333333,0.6181714768682982,0.7799164966983891,0.07297605473204105,0.41930618401206643,0.412912912912913,0.0009041110461096569,0.11082692269856564,0.2737588972487621,101800.0,60400.0,-0.07563850687622786,0.5579470198675496,20701684.0,1948028464400.0,21340092100.0,27252887595.0,0.010954712669751891,yfinance_download,237690.KQ
2024-05-27,92100.0,92100.0,87200.0,89500.0,88706.328125,402234.0,-0.0488841657810839,-0.38062283737024216,94060.0,85101.66666666667,74091.66666666667,0.645575370196873,0.7880481221160117,0.010158013544018019,0.3540090771558244,0.4072327044025157,-0.04847969381246009,0.05168328078180995,0.20796310876166912,101800.0,60400.0,-0.12082514734774064,0.48178807947019875,20701684.0,1852800718000.0,35999943000.0,28308959275.0,0.019430013519673085,yfinance_download,237690.KQ
2024-05-28,92000.0,95900.0,90500.0,93300.0,92472.6328125,311461.0,0.042458100558659284,-0.3543252595155709,94405.0,85593.33333333333,74343.33333333333,0.6536095612762604,0.7867822216277409,0.07986111111111116,0.46238244514106586,0.47860538827258314,-0.011704888512261036,0.09003816496611883,0.25498811819037814,101800.0,60400.0,-0.08349705304518662,0.544701986754967,20701684.0,1931467117200.0,29059311300.0,29420541160.0,0.015045201153683923,yfinance_download,237690.KQ
2024-05-29,93300.0,93300.0,89100.0,89500.0,88706.328125,170167.0,-0.040728831725616255,-0.38062283737024216,94595.0,86011.66666666667,74556.66666666667,0.672051457709436,0.7929469982165379,0.04434072345390905,0.38975155279503104,0.40062597809076683,-0.05386119773772402,0.040556513651248904,0.20042920373764916,101800.0,60400.0,-0.12082514734774064,0.48178807947019875,20701684.0,1852800718000.0,15229946500.0,29866178280.0,0.008219959303793836,yfinance_download,237690.KQ
2024-05-30,88600.0,91400.0,88300.0,91200.0,90391.2578125,100276.0,0.018994413407821265,-0.36885813148788926,94710.0,86471.66666666667,74774.16666666667,0.6627149832984394,0.7923314442465187,0.025871766029246235,0.4339622641509433,0.40092165898617504,-0.03706050047513465,0.054680723936549436,0.2196725696263191,101800.0,60400.0,-0.10412573673870329,0.509933774834437,20701684.0,1887993580800.0,9145171200.0,29884270840.0,0.004843857147080402,yfinance_download,237690.KQ
2024-05-31,91200.0,91400.0,88800.0,91000.0,90193.0234375,117899.0,-0.002192982456140302,-0.370242214532872,94590.0,86923.33333333333,75002.5,0.6374660795508551,0.7925498554174143,-0.025695931477516032,0.4241001564945226,0.4308176100628931,-0.03795327201606935,0.046899566667945036,0.21329289023699216,101800.0,60400.0,-0.10609037328094306,0.5066225165562914,20701684.0,1883853244000.0,10728809000.0,26650839780.0,0.005695140549918548,yfinance_download,237690.KQ
2024-06-03,91800.0,93800.0,89800.0,90900.0,90093.9140625,135328.0,-0.001098901098901095,-0.37093425605536334,94695.0,87338.33333333333,75230.83333333333,0.611032921378551,0.7908831121367552,0.023648648648648685,0.3772727272727272,0.43149606299212606,-0.04007603358149847,0.04078010800908349,0.20828117903785026,101800.0,60400.0,-0.10707269155206289,0.5049668874172186,20701684.0,1881783075600.0,12301315200.0,25400741460.0,0.006537052734453873,yfinance_download,237690.KQ
2024-06-04,93000.0,97600.0,91300.0,96300.0,95446.03125,340388.0,0.05940594059405946,-0.33356401384083045,94685.0,87793.33333333333,75497.5,0.5668338776605161,0.7943272603660427,-0.002072538860103612,0.3956521739130434,0.49766718506998453,0.017056555948671948,0.09689422127724212,0.27553892512997114,101800.0,60400.0,-0.05402750491159136,0.5943708609271523,20701684.0,1993572169200.0,32779364400.0,24970175505.0,0.016442527091032787,yfinance_download,237690.KQ
2024-06-05,97800.0,97800.0,93800.0,94900.0,94058.4375,163984.0,-0.014537902388369717,-0.3432525951557094,94440.0,88228.33333333333,75767.5,0.554676854715012,0.795287779284762,-0.049098196392785565,0.37936046511627897,0.5184,0.004870817450232989,0.07561818765702633,0.2525159204144256,101800.0,60400.0,-0.0677799607072691,0.5711920529801324,20701684.0,1964589811600.0,15562081600.0,22947876615.0,0.007921287949328181,yfinance_download,237690.KQ
2024-06-07,95900.0,110800.0,93500.0,109600.0,108628.09375,1572665.0,0.15489989462592213,-0.241522491349481,95280.0,88763.33333333333,76154.16666666667,0.7339086147589596,0.8154875486630407,0.18103448275862077,0.4141935483870969,0.7341772151898733,0.15029387069689326,0.23474407600736047,0.4391858620123652,109600.0,60400.0,0.0,0.814569536423841,20701684.0,2268904566400.0,172364084000.0,29899239695.0,0.07596797439280785,yfinance_download,237690.KQ
2024-06-10,106400.0,111300.0,104000.0,104500.0,103573.3125,542999.0,-0.046532846715328424,-0.2768166089965398,95875.0,89225.0,76511.66666666667,0.7595657808579324,0.8222330114144976,0.12850971922246224,0.36067708333333326,0.6964285714285714,0.08996088657105616,0.17119641356122162,0.3658047792275687,109600.0,60400.0,-0.046532846715328424,0.7301324503311257,20701684.0,2163325978000.0,56743395500.0,31712336810.0,0.026229701892850843,yfinance_download,237690.KQ
2024-06-11,107300.0,112700.0,104300.0,104800.0,103870.65625,618415.0,0.002870813397129135,-0.27474048442906573,96555.0,89708.33333333333,76869.16666666667,0.7552590594897882,0.8212750465175798,0.14912280701754388,0.3825857519788918,0.6930533117932149,0.08539174563720153,0.16823037621922898,0.363355484969049,109600.0,60400.0,-0.04379562043795615,0.7350993377483444,20701684.0,2169536483200.0,64809892000.0,34424701330.0,0.029872690550198717,yfinance_download,237690.KQ
2024-06-12,104800.0,106700.0,91700.0,94300.0,93463.7578125,1056230.0,-0.10019083969465647,-0.34740484429065743,96710.0,90068.33333333333,77136.66666666667,0.847438143561828,0.8445972474407084,0.033991228070175517,0.29711141678129294,0.5160771704180065,-0.024919863509461293,0.04698284635739536,0.2225055097013957,109600.0,60400.0,-0.13959854014598538,0.5612582781456954,20701684.0,1952168801200.0,99602489000.0,38521626740.0,0.0510214531339576,yfinance_download,237690.KQ
2024-06-13,95900.0,97800.0,92800.0,94200.0,93364.65625,531512.0,-0.0010604453870625141,-0.3480968858131488,96620.0,90413.33333333333,77410.0,0.8269035626311542,0.8446335221764815,-0.018750000000000044,0.28163265306122454,0.5342019543973942,-0.025046574208238415,0.04188172835864923,0.21689704172587532,109600.0,60400.0,-0.1405109489051095,0.5596026490066226,20701684.0,1950098632800.0,50068430400.0,39490368260.0,0.025674819497776124,yfinance_download,237690.KQ
2024-06-14,95200.0,95200.0,92800.0,92800.0,91977.0625,209505.0,-0.014861995753715496,-0.3577854671280277,96455.0,90666.66666666667,77660.0,0.8286402898840955,0.8390482227094073,-0.03433922996878247,0.19587628865979378,0.47770700636942665,-0.03789331812762431,0.0235294117647058,0.19495235642544428,109600.0,60400.0,-0.15328467153284675,0.5364238410596027,20701684.0,1921116275200.0,19442064000.0,39432279460.0,0.010120191188311057,yfinance_download,237690.KQ
2024-06-17,93000.0,93700.0,91600.0,92400.0,91580.6171875,182337.0,-0.004310344827586188,-0.36055363321799305,95985.0,90601.66666666667,77912.5,0.797944480038222,0.6787869542819426,-0.09233791748526521,-0.04049844236760125,0.4879227053140096,-0.03734958587279258,0.019848788653630267,0.18594577250120325,109600.0,60400.0,-0.15693430656934304,0.5298013245033113,20701684.0,1912835601600.0,16847938800.0,37757554330.0,0.00880783418392436,yfinance_download,237690.KQ
2024-06-18,92800.0,93500.0,88700.0,92300.0,91481.5,359239.0,-0.0010822510822511289,-0.3612456747404844,95600.0,90655.0,78161.66666666667,0.7962531337923466,0.6605817064890858,-0.07699999999999996,0.03591470258136931,0.47916666666666674,-0.03451882845188281,0.01814571727979697,0.18088577094483638,109600.0,60400.0,-0.15784671532846717,0.5281456953642385,20701684.0,1910765433200.0,33157759700.0,37061672315.0,0.017353129339622804,yfinance_download,237690.KQ
2024-06-19,91100.0,94200.0,91000.0,92300.0,91481.5,198913.0,0.0,-0.3612456747404844,95210.0,90731.66666666667,78407.5,0.7961970236338975,0.6596244295849134,-0.07792207792207795,0.05245153933865443,0.46974522292993637,-0.030564016384833526,0.017285402009588724,0.17718330516851077,109600.0,60400.0,-0.15784671532846717,0.5281456953642385,20701684.0,1910765433200.0,18359669900.0,36962244415.0,0.009608541991076669,yfinance_download,237690.KQ
2024-06-20,92500.0,96700.0,92300.0,92900.0,92076.1796875,348826.0,0.00650054171180936,-0.35709342560553636,94915.0,90715.0,78657.5,0.7959252740612104,0.6438723597767538,-0.05971659919028338,-0.010649627263045747,0.4769475357710651,-0.021229521150503028,0.024086424516342353,0.18106982805199756,109600.0,60400.0,-0.15237226277372262,0.5380794701986755,20701684.0,1923186443600.0,32405935400.0,37827146025.0,0.016850126781956482,yfinance_download,237690.KQ
2024-06-21,93400.0,96400.0,92500.0,92800.0,91977.0625,217863.0,-0.0010764262648008671,-0.3577854671280277,94680.0,90765.0,78926.66666666667,0.7948171990685027,0.6372431019611458,-0.048205128205128234,0.03340757238307357,0.5338842975206612,-0.01985635825940013,0.022420536550432413,0.17577498099501643,109600.0,60400.0,-0.15328467153284675,0.5364238410596027,20701684.0,1921116275200.0,20217686400.0,38308268970.0,0.010523926459316064,yfinance_download,237690.KQ
2024-06-24,94900.0,95700.0,87300.0,87400.0,86624.953125,313664.0,-0.05818965517241381,-0.3951557093425605,94345.0,90686.66666666667,79135.0,0.8119983995156248,0.6466773011906563,-0.07120085015940492,-0.05103148751357223,0.40064102564102555,-0.07361280407016801,-0.03624200543997658,0.10444177671068422,109600.0,60400.0,-0.20255474452554745,0.4470198675496688,20701684.0,1809327181600.0,27414233600.0,38611976045.0,0.015151617617194814,yfinance_download,237690.KQ
2024-06-25,88400.0,89000.0,85200.0,87100.0,86327.609375,174196.0,-0.003432494279176246,-0.3972318339100346,94225.0,90631.66666666667,79348.33333333333,0.7933626838958145,0.6455843203507987,-0.02681564245810053,-0.036504424778761035,0.416260162601626,-0.07561687450252053,-0.038967248386325704,0.09769161293032846,109600.0,60400.0,-0.20529197080291972,0.4420529801324504,20701684.0,1803116676400.0,15172471600.0,37570602475.0,0.008414581151948798,yfinance_download,237690.KQ
2024-06-26,88000.0,88400.0,85600.0,86100.0,85336.484375,109258.0,-0.01148105625717566,-0.40415224913494807,93865.0,90596.66666666667,79540.0,0.7778404689117997,0.6440345772285847,-0.07717041800643087,-0.023809523809523836,0.364500792393027,-0.08272519043306881,-0.049633908532322746,0.08247422680412364,109600.0,60400.0,-0.21441605839416056,0.42549668874172175,20701684.0,1782414992400.0,9407113800.0,36587992600.0,0.00527773489345118,yfinance_download,237690.KQ
2024-06-27,87300.0,88500.0,85600.0,86900.0,86129.3828125,126612.0,0.009291521486643362,-0.3986159169550173,93735.0,90538.33333333333,79699.16666666667,0.7657512882138355,0.6422831677814322,-0.029050279329608908,-0.03871681415929207,0.2817109144542773,-0.07291833360004263,-0.04018555676232893,0.09035017095536335,109600.0,60400.0,-0.20711678832116787,0.4387417218543046,20701684.0,1798976339600.0,11002582800.0,36376624415.0,0.0061160241843127355,yfinance_download,237690.KQ
2024-06-28,87500.0,87500.0,85000.0,85500.0,84741.8046875,136913.0,-0.016110471806674354,-0.40830449826989623,93450.0,90483.33333333333,79845.83333333333,0.764093307916093,0.6421029623669852,-0.0625,-0.03716216216216217,0.2592047128129602,-0.0850722311396469,-0.0550745993737336,0.07081354693941466,109600.0,60400.0,-0.2198905109489051,0.4155629139072847,20701684.0,1769993982000.0,11706061500.0,36504668930.0,0.006613616554092894,yfinance_download,237690.KQ
2024-07-01,85000.0,90100.0,84400.0,89800.0,89003.6640625,167973.0,0.05029239766081872,-0.3785467128027682,93390.0,90478.33333333333,80015.0,0.7864485813981823,0.6496488980299572,-0.01318681318681314,-0.0033296337402886067,0.2920863309352517,-0.038440946568155,-0.007497190856005975,0.12228957070549273,109600.0,60400.0,-0.18065693430656937,0.48675496688741715,20701684.0,1859011223200.0,15083975400.0,36722427250.0,0.008113977587523798,yfinance_download,237690.KQ
2024-07-02,89600.0,89700.0,85500.0,87600.0,86823.1796875,170346.0,-0.024498886414253906,-0.3937716262975779,93225.0,90585.0,80195.83333333333,0.7914361728525692,0.6181085781302507,-0.0363036303630363,0.07881773399014769,0.32928679817905926,-0.06033789219629926,-0.032952475575426354,0.0923260767911882,109600.0,60400.0,-0.2007299270072993,0.45033112582781465,20701684.0,1813467518400.0,14922309600.0,36853476970.0,0.008228605943361902,yfinance_download,237690.KQ
2024-07-03,87700.0,87800.0,84300.0,85100.0,84345.3515625,157358.0,-0.028538812785388168,-0.41107266435986156,92665.0,90691.66666666667,80363.33333333333,0.7639324497530258,0.6176159981401425,-0.1163032191069574,0.0813214739517154,0.3092307692307692,-0.08163815895969351,-0.06165579343930905,0.058940644572566425,109600.0,60400.0,-0.2235401459854015,0.4089403973509933,20701684.0,1761713308400.0,13391165800.0,35884067040.0,0.007601217369562785,yfinance_download,237690.KQ
2024-07-04,84500.0,86500.0,83500.0,83800.0,83056.875,119709.0,-0.01527614571092828,-0.42006920415224913,92110.0,90758.33333333333,80526.66666666667,0.764057869445069,0.6181092510805429,-0.11696522655426767,0.05012531328320802,0.3052959501557633,-0.09021821734882207,-0.0766688091084381,0.040649060352678124,109600.0,60400.0,-0.23540145985401462,0.38741721854304645,20701684.0,1734801119200.0,10031614200.0,35607543670.0,0.0057825730505788805,yfinance_download,237690.KQ
2024-07-05,83600.0,92400.0,83000.0,92100.0,91283.2734375,560567.0,0.0990453460620524,-0.36262975778546713,91235.0,90963.33333333333,80739.16666666667,0.6212699797025082,0.6495791222827416,-0.15967153284671531,0.15413533834586457,0.38288288288288297,0.009481010577081062,0.012495877459782312,0.14071031201296358,109600.0,60400.0,-0.15967153284671531,0.5248344370860927,20701684.0,1906625096400.0,51628220700.0,29570750505.0,0.02707832850699489,yfinance_download,237690.KQ
2024-07-08,92400.0,95100.0,90900.0,92200.0,91382.3828125,378715.0,0.0010857763300760048,-0.3619377162629758,90620.0,91183.33333333333,80965.0,0.6048048501941572,0.6490120342194313,-0.11770334928229664,0.1670886075949367,0.4162826420890937,0.017435444714191117,0.011149698409797182,0.1387636633113074,109600.0,60400.0,-0.15875912408759119,0.5264900662251655,20701684.0,1908695264800.0,34917523000.0,28479456880.0,0.01829392236882758,yfinance_download,237690.KQ
2024-07-09,90800.0,95800.0,90500.0,93300.0,92472.6328125,334401.0,0.01193058568329719,-0.3543252595155709,90045.0,91386.66666666667,81202.5,0.607327835386197,0.6474677339010849,-0.10973282442748089,0.15043156596794072,0.4398148148148149,0.0361485923704814,0.020936679311351014,0.14897940334349302,109600.0,60400.0,-0.14872262773722633,0.544701986754967,20701684.0,1931467117200.0,31199613300.0,26798942945.0,0.01615332356536792,yfinance_download,237690.KQ
2024-07-10,95400.0,98800.0,94600.0,96400.0,95545.140625,467317.0,0.033226152197213255,-0.3328719723183391,90150.0,91655.0,81480.83333333333,0.5065466836046408,0.6497899904388219,0.022269353128313796,0.20049813200498123,0.53015873015873,0.0693288962839711,0.05177022530140207,0.1831003201161827,109600.0,60400.0,-0.12043795620437958,0.5960264900662251,20701684.0,1995642337600.0,45049358800.0,24071286435.0,0.022573864039273327,yfinance_download,237690.KQ
2024-07-11,97000.0,97000.0,92300.0,94400.0,93562.875,202681.0,-0.020746887966805017,-0.3467128027681661,90160.0,91840.0,81753.33333333333,0.51268682727495,0.6479023631853553,0.002123142250530785,0.13325330132052815,0.5299837925445705,0.04702750665483579,0.027874564459930307,0.15469297887955635,109600.0,60400.0,-0.13868613138686137,0.5629139072847682,20701684.0,1954238969600.0,19133086400.0,22524519235.0,0.009790556169246907,yfinance_download,237690.KQ
2024-07-12,94400.0,97300.0,94200.0,94800.0,93959.3359375,230805.0,0.004237288135593209,-0.34394463667820074,90260.0,92046.66666666667,82025.83333333333,0.5095256441642764,0.6472777357019328,0.02155172413793105,0.15048543689320382,0.5265700483091786,0.05029913582982504,0.02991236329398128,0.15573345795531912,109600.0,60400.0,-0.13503649635036497,0.5695364238410596,20701684.0,1962519643200.0,21880314000.0,22646431735.0,0.011149092991661934,yfinance_download,237690.KQ
2024-07-15,94800.0,96000.0,93400.0,93900.0,93067.3125,180188.0,-0.009493670886076,-0.3501730103806229,90335.0,92245.0,82296.66666666667,0.5106464041301731,0.647592161880253,0.016233766233766156,0.1451219512195121,0.5293159609120521,0.03946421652737042,0.017941351834787733,0.14099396492365024,109600.0,60400.0,-0.14324817518248179,0.554635761589404,20701684.0,1943888127600.0,16919653200.0,22650017455.0,0.008704026203858585,yfinance_download,237690.KQ
2024-07-16,94500.0,94900.0,89800.0,92000.0,91184.15625,235157.0,-0.020234291799786974,-0.3633217993079585,90320.0,92430.0,82560.0,0.5163173875143096,0.6484834068947068,-0.00325027085590468,0.13720642768850433,0.5231788079470199,0.01860053144375562,-0.004652169209131252,0.11434108527131781,109600.0,60400.0,-0.16058394160583944,0.5231788079470199,20701684.0,1904554928000.0,21634444000.0,22073851670.0,0.011359317435238601,yfinance_download,237690.KQ
2024-07-17,92000.0,95300.0,91600.0,93100.0,92274.3984375,173922.0,0.011956521739130421,-0.35570934256055364,90360.0,92593.33333333333,82830.83333333333,0.5179588345141477,0.6463790131385457,0.008667388949079147,0.11764705882352944,0.5363036303630364,0.030323151837096107,0.00547195622435015,0.12397758483656451,109600.0,60400.0,-0.15054744525547448,0.5413907284768211,20701684.0,1927326780400.0,16192138200.0,21965475085.0,0.00840134551372729,yfinance_download,237690.KQ
2024-07-18,93500.0,98000.0,92000.0,96000.0,95148.6875,449579.0,0.031149301825993625,-0.33564013840830453,90515.0,92823.33333333333,83122.5,0.5287556698091694,0.6481206952391635,0.03336921420882666,0.16788321167883202,0.5737704918032787,0.06059769099044354,0.034222716989262825,0.1549219525399259,109600.0,60400.0,-0.12408759124087587,0.5894039735099337,20701684.0,1987361664000.0,43159584000.0,22503157515.0,0.021717025532802067,yfinance_download,237690.KQ
2024-07-19,95200.0,98900.0,90400.0,91000.0,90193.0234375,476262.0,-0.05208333333333337,-0.370242214532872,90425.0,92933.33333333333,83362.5,0.5627954150003363,0.6560707150353686,-0.0193965517241379,0.0781990521327014,0.46302250803858525,0.006358860934476018,-0.020803443328550886,0.09161793372319682,109600.0,60400.0,-0.16970802919708028,0.5066225165562914,20701684.0,1883853244000.0,43339842000.0,23659265295.0,0.02300595449143171,yfinance_download,237690.KQ
2024-07-22,92000.0,92500.0,87400.0,89100.0,88309.8828125,223641.0,-0.020879120879120916,-0.3833910034602076,90510.0,92956.66666666667,83595.83333333333,0.5263814066890095,0.6531226264471319,0.0194508009153318,0.015963511972634015,0.4582651391162029,-0.01557838912827314,-0.04148886577975408,0.06584259582315721,109600.0,60400.0,-0.18704379562043794,0.4751655629139073,20701684.0,1844520044400.0,19926413100.0,23284874270.0,0.010803034187943358,yfinance_download,237690.KQ
2024-07-23,89200.0,92400.0,88200.0,88500.0,87715.203125,250245.0,-0.006734006734006703,-0.38754325259515576,90580.0,92955.0,83823.33333333333,0.5269195807625096,0.653030543690863,0.016073478760045834,-0.0011286681715575453,0.446078431372549,-0.022963126517995147,-0.04792641600774572,0.055791943372967,109600.0,60400.0,-0.19251824817518248,0.4652317880794703,20701684.0,1832099034000.0,22146682500.0,23633584815.0,0.012088147031903298,yfinance_download,237690.KQ
2024-07-24,89000.0,93100.0,88700.0,91700.0,90886.8203125,227460.0,0.0361581920903955,-0.3653979238754326,90860.0,93043.33333333333,84075.0,0.5385906105623495,0.6547680081692779,0.06504065040650397,0.06134259259259256,0.4910569105691056,0.009244992295839749,-0.014437717192705812,0.09069283377936377,109600.0,60400.0,-0.16332116788321172,0.5182119205298013,20701684.0,1898344422800.0,20858082000.0,24206133225.0,0.01098751193381176,yfinance_download,237690.KQ
2024-07-25,91100.0,93200.0,86000.0,89000.0,88210.765625,362171.0,-0.0294438386041439,-0.38408304498269896,90965.0,93098.33333333333,84293.33333333333,0.5506618587749923,0.6576026976544836,0.024165707710011475,0.03850641773628949,0.4171974522292994,-0.021601714945308603,-0.04402155427057408,0.05583676051882325,109600.0,60400.0,-0.18795620437956206,0.4735099337748345,20701684.0,1842449876000.0,32233219000.0,25267665035.0,0.01749476032964275,yfinance_download,237690.KQ
2024-07-26,90100.0,95300.0,90000.0,93900.0,93067.3125,481184.0,0.05505617977528088,-0.3501730103806229,91385.0,93181.66666666667,84549.16666666667,0.5773411719478371,0.6627144624831116,0.0982456140350878,0.05624296962879649,0.485759493670886,0.027520927942222384,0.007708955624317948,0.11059639854522518,109600.0,60400.0,-0.14324817518248179,0.554635761589404,20701684.0,1943888127600.0,45183177600.0,26941520840.0,0.023243712926929037,yfinance_download,237690.KQ
2024-07-29,95200.0,97000.0,92500.0,93300.0,92472.6328125,310554.0,-0.006389776357827448,-0.3543252595155709,91560.0,93180.0,84810.83333333333,0.553327646233332,0.6550129367854223,0.03897550111358572,-0.0010706638115631772,0.507269789983845,0.019003931847968447,0.0012878300064391723,0.10009531015102247,109600.0,60400.0,-0.14872262773722633,0.544701986754967,20701684.0,1931467117200.0,28974688200.0,27636056480.0,0.01500138829285579,yfinance_download,237690.KQ
2024-07-30,93500.0,94800.0,92200.0,94300.0,93463.7578125,273509.0,0.010718113612004254,-0.34740484429065743,91895.0,93271.66666666667,85068.33333333333,0.5446088861373481,0.646920807222654,0.07648401826484008,0.061936936936936915,0.4873817034700316,0.026171173622068666,0.011025141611421763,0.10852060108540207,109600.0,60400.0,-0.13959854014598538,0.5612582781456954,20701684.0,1952168801200.0,25791898700.0,28179535935.0,0.013211920344257983,yfinance_download,237690.KQ
2024-07-31,94400.0,94600.0,87900.0,89200.0,88408.984375,357356.0,-0.054082714740190885,-0.38269896193771624,92100.0,93150.0,85301.66666666667,0.5718642886754179,0.632169219141673,0.04817861339600471,-0.07564766839378234,0.457516339869281,-0.03148751357220414,-0.04240472356414382,0.04570055293956732,109600.0,60400.0,-0.18613138686131392,0.4768211920529801,20701684.0,1846590212800.0,31876155200.0,29103785405.0,0.01726217055578667,yfinance_download,237690.KQ
2024-08-01,90000.0,90900.0,88100.0,88400.0,87616.0859375,154670.0,-0.008968609865470878,-0.388235294117647,92330.0,92960.0,85517.5,0.5696304637791115,0.6282135513765066,0.054892601431980825,-0.11422845691382766,0.4144000000000001,-0.04256471352756419,-0.04905335628227192,0.03370655129067157,109600.0,60400.0,-0.1934306569343066,0.4635761589403973,20701684.0,1830028865600.0,13672828000.0,29285846095.0,0.007471372860294844,yfinance_download,237690.KQ
2024-08-02,87400.0,88400.0,84000.0,84300.0,83552.4453125,247797.0,-0.0463800904977375,-0.41660899653979244,91940.0,92818.33333333333,85705.83333333333,0.4706466753781773,0.6189056176520294,-0.08469055374592838,-0.09159482758620685,0.366288492706645,-0.08309767239504029,-0.09177425436785114,-0.016403006407576193,109600.0,60400.0,-0.2308394160583942,0.3956953642384107,20701684.0,1745151961200.0,20889287100.0,27748899415.0,0.011969895782391422,yfinance_download,237690.KQ
2024-08-05,81500.0,82800.0,72000.0,74200.0,73542.0078125,376385.0,-0.11981020166073542,-0.4865051903114187,91040.0,92511.66666666667,85800.0,0.6239961972996682,0.6651877039748347,-0.1952277657266811,-0.1987041036717062,0.17965023847376793,-0.1849736379613357,-0.19793899868485065,-0.13519813519813517,109600.0,60400.0,-0.32299270072992703,0.22847682119205293,20701684.0,1536064952800.0,27927767000.0,27399411615.0,0.01818137113869577,yfinance_download,237690.KQ
2024-08-06,77000.0,83600.0,76200.0,82700.0,81966.6328125,230716.0,0.11455525606469008,-0.427681660899654,90510.0,92370.0,85971.66666666667,0.7628130055689643,0.7067447767908122,-0.1136120042872455,-0.0932017543859649,0.3317230273752012,-0.08628880786653403,-0.10468766915665262,-0.03805517321598206,109600.0,60400.0,-0.24543795620437958,0.369205298013245,20701684.0,1712029266800.0,19080213200.0,26793441610.0,0.011144793824502394,yfinance_download,237690.KQ
2024-08-07,82700.0,89500.0,82100.0,88900.0,88111.6484375,278173.0,0.07496977025392981,-0.3847750865051903,90135.0,92331.66666666667,86186.66666666667,0.8037831204535327,0.7235491303294314,-0.07780082987551862,-0.025219298245614086,0.4088748019017432,-0.013701669717645748,-0.037166735861658196,0.031482054455445496,109600.0,60400.0,-0.18886861313868608,0.4718543046357615,20701684.0,1840379707600.0,24729579700.0,25777452655.0,0.013437216025517538,yfinance_download,237690.KQ
2024-08-08,87500.0,89600.0,87100.0,88700.0,87913.421875,128804.0,-0.0022497187851518996,-0.38615916955017304,89850.0,92210.0,86406.66666666667,0.8009890282745659,0.7153814339805454,-0.060381355932203395,-0.07604166666666667,0.4237560192616372,-0.012799109627156358,-0.03806528576076351,0.026541161947380543,109600.0,60400.0,-0.19069343065693434,0.4685430463576159,20701684.0,1836239370800.0,11424914800.0,25392044075.0,0.006221909290084806,yfinance_download,237690.KQ
2024-08-09,90400.0,90900.0,88700.0,90700.0,89895.6875,160518.0,0.022547914317925688,-0.37231833910034606,89645.0,92120.0,86643.33333333333,0.8054735613246435,0.7169143316740629,-0.043248945147679296,-0.05619146722164414,0.4558587479935794,0.011768642980645838,-0.015414676508901382,0.046820297772477204,109600.0,60400.0,-0.17244525547445255,0.5016556291390728,20701684.0,1877642738800.0,14558982600.0,25025977505.0,0.0077538619563509905,yfinance_download,237690.KQ
2024-08-12,91300.0,91500.0,88500.0,91100.0,90292.140625,130960.0,0.004410143329658167,-0.3695501730103806,89505.0,91941.66666666667,86880.83333333333,0.8050367426377066,0.7062713230588459,-0.029818956336528202,-0.10510805500982323,0.45527156549520775,0.017820233506508076,-0.009154355116468782,0.048562686438320846,109600.0,60400.0,-0.16879562043795615,0.5082781456953642,20701684.0,1885923412400.0,11930456000.0,24776517645.0,0.006326055406893468,yfinance_download,237690.KQ
2024-08-13,91100.0,91200.0,87800.0,89200.0,88408.984375,121739.0,-0.020856201975850697,-0.38269896193771624,89365.0,91761.66666666667,87097.5,0.8052441277081843,0.706623522380232,-0.0304347826086957,-0.10799999999999998,0.4113924050632911,-0.0018463604319364224,-0.02791652287629187,0.02413961365136763,109600.0,60400.0,-0.18613138686131392,0.4768211920529801,20701684.0,1846590212800.0,10859118800.0,24237751385.0,0.005880632706015607,yfinance_download,237690.KQ
2024-08-14,89400.0,90000.0,88200.0,89200.0,88408.984375,69835.0,0.0,-0.38269896193771624,89170.0,91580.0,87316.66666666667,0.8039442912838815,0.7066147382095173,-0.041890440386680994,-0.10889110889110887,0.4181240063593006,0.0003364360210833528,-0.025988207032103028,0.021569001717885117,109600.0,60400.0,-0.18613138686131392,0.4768211920529801,20701684.0,1846590212800.0,6229282000.0,23739608575.0,0.0033733970627703525,yfinance_download,237690.KQ
2024-08-16,90700.0,96400.0,90700.0,95000.0,94157.5546875,581128.0,0.06502242152466375,-0.342560553633218,89120.0,91516.66666666667,87584.16666666667,0.8304184457520423,0.7189226592640919,-0.01041666666666663,-0.038461538461538436,0.5103338632750398,0.06597845601436259,0.03806228373702414,0.08467093557625516,109600.0,60400.0,-0.13321167883211682,0.5728476821192052,20701684.0,1966659980000.0,55207160000.0,24341987375.0,0.02807153273134688,yfinance_download,237690.KQ
2024-08-19,96900.0,102500.0,95500.0,100300.0,99410.5625,625034.0,0.05578947368421061,-0.3058823529411765,89585.0,91563.33333333333,87905.83333333333,0.827619571462286,0.7272320263621195,0.10219780219780228,0.02871794871794875,0.6256077795786061,0.11960707707763585,0.09541665149805234,0.14099367694597453,109600.0,60400.0,-0.08485401459854014,0.6605960264900663,20701684.0,2076378905200.0,62690910200.0,25309540785.0,0.030192422993221227,yfinance_download,237690.KQ
2024-08-20,97700.0,100700.0,95200.0,98500.0,97626.515625,1381469.0,-0.017946161515453585,-0.31833910034602075,90055.0,91636.66666666667,88174.16666666667,0.8264127154955541,0.7244394956403405,0.10549943883277213,0.046758767268862966,0.48567119155354455,0.09377602576203437,0.07489723909643153,0.11710724040488052,109600.0,60400.0,-0.10127737226277367,0.630794701986755,20701684.0,2039115874000.0,136074696500.0,31116954955.0,0.0667322040081377,yfinance_download,237690.KQ
2024-08-21,98900.0,105500.0,95800.0,104900.0,103969.765625,2111105.0,0.06497461928934012,-0.2740484429065744,90875.0,91893.33333333333,88497.5,0.8502476779092757,0.7280064331356281,0.18531073446327673,0.17206703910614518,0.5869894099848714,0.15433287482806057,0.14154091700522353,0.18534421876324192,109600.0,60400.0,-0.042883211678832134,0.7367549668874172,20701684.0,2171606651600.0,221454914500.0,41082366555.0,0.10197745265554242,yfinance_download,237690.KQ
2024-08-22,106500.0,109300.0,101700.0,102500.0,101591.046875,1015378.0,-0.02287893231649185,-0.2906574394463668,91415.0,92046.66666666667,88820.0,0.8518928755074476,0.7254464196646564,0.11777535441657583,0.0986066452304395,0.6065830721003134,0.12126018705901664,0.11356558267545447,0.15401936500788116,109600.0,60400.0,-0.06478102189781021,0.6970198675496688,20701684.0,2121922610000.0,104076245000.0,45243274705.0,0.049048087102479196,yfinance_download,237690.KQ
2024-08-23,101000.0,108700.0,100300.0,108100.0,107141.390625,834219.0,0.05463414634146346,-0.2519031141868512,92370.0,92356.66666666667,89184.16666666667,0.8565159706594713,0.7274533921863602,0.21460674157303372,0.20782122905027922,0.6785714285714286,0.1702933852982571,0.17046233803731892,0.21209856009568218,109600.0,60400.0,-0.013686131386861367,0.7897350993377483,20701684.0,2237852040400.0,90179073900.0,48140567450.0,0.04029715650185753,yfinance_download,237690.KQ
2024-08-26,111200.0,119800.0,109600.0,114500.0,113484.6328125,1539442.0,0.059204440333024966,-0.2076124567474048,93400.0,92745.0,89608.33333333333,0.8594574711393482,0.7355759270243037,0.21938232161874338,0.2554824561403508,0.800314465408805,0.22591006423982862,0.23456790123456783,0.2777829442946156,114500.0,60400.0,0.0,0.8956953642384107,20701684.0,2370342818000.0,176266109000.0,54694714020.0,0.0743631291058254,yfinance_download,237690.KQ
2024-08-27,113400.0,117700.0,112700.0,113500.0,112493.5078125,544922.0,-0.008733624454148492,-0.2145328719723183,94410.0,93120.0,90021.66666666667,0.8601395999736117,0.73596498710626,0.2165058949624865,0.24725274725274726,0.7762128325508608,0.20220315644529174,0.2188573883161513,0.26080758335956156,114500.0,60400.0,-0.008733624454148492,0.8791390728476822,20701684.0,2349641134000.0,61848647000.0,56338411960.0,0.026322592886646325,yfinance_download,237690.KQ
2024-08-28,115000.0,119100.0,113600.0,115400.0,114376.6484375,676163.0,0.016740088105726914,-0.20138408304498268,95465.0,93528.33333333333,90433.33333333333,0.8603561673720526,0.7362695993175233,0.22375397667020147,0.2695269526952695,0.7484848484848485,0.2088199863824438,0.23385070477751846,0.27607814227792127,115400.0,60400.0,0.0,0.9105960264900663,20701684.0,2388974333600.0,78029210200.0,58950277535.0,0.032662222068504186,yfinance_download,237690.KQ
2024-08-29,117300.0,120800.0,109900.0,112700.0,111700.59375,877563.0,-0.023396880415944565,-0.22006920415224918,96640.0,93801.66666666667,90797.5,0.8358562405852219,0.7296745563920934,0.2634529147982063,0.17030114226375903,0.6333333333333333,0.16618377483443703,0.20147118921127904,0.24122360197142,115400.0,60400.0,-0.023396880415944565,0.8658940397350994,20701684.0,2333079786800.0,98901350100.0,62301537280.0,0.04239089921380309,yfinance_download,237690.KQ
2024-08-30,114300.0,117300.0,110500.0,115000.0,113980.203125,539011.0,0.020408163265306145,-0.20415224913494812,97970.0,94136.66666666667,91182.5,0.8320737697279919,0.7294694799043654,0.30090497737556565,0.21180189673340366,0.6715116279069768,0.1738287230784934,0.221628129315534,0.261206920187536,115400.0,60400.0,-0.0034662045060658286,0.9039735099337749,20701684.0,2380693660000.0,61986265000.0,64717209130.0,0.026037060559904207,yfinance_download,237690.KQ
2024-09-02,116100.0,117200.0,108100.0,110600.0,109619.21875,496189.0,-0.03826086956521735,-0.23460207612456752,99285.0,94153.33333333333,91458.33333333333,0.8246542457261418,0.6634886050074854,0.31198102016607354,0.009124087591240837,0.4270967741935483,0.11396484866797607,0.17467960065141974,0.20929384965831432,115400.0,60400.0,-0.04159445407279028,0.8311258278145695,20701684.0,2289606250400.0,54878503400.0,66416669945.0,0.023968533187928093,yfinance_download,237690.KQ
2024-09-03,109000.0,111400.0,105300.0,105500.0,104564.4453125,556619.0,-0.04611211573236895,-0.2698961937716263,100850.0,94170.0,91697.5,0.696441185670489,0.6633603874825731,0.4218328840970351,0.009569377990430672,0.37369791666666674,0.04610808130887456,0.12031432515663165,0.1505220971127894,115400.0,60400.0,-0.08578856152513004,0.7466887417218544,20701684.0,2184027662000.0,58723304500.0,67956446820.0,0.0268876193840076,yfinance_download,237690.KQ
2024-09-04,101100.0,107200.0,99900.0,106700.0,105753.8046875,727604.0,0.011374407582938284,-0.2615916955017301,102050.0,94201.66666666667,91955.0,0.5972066206504307,0.6636907534464126,0.2902055622732769,0.018129770992366456,0.40765171503957776,0.045565899069083704,0.13267635038304348,0.1603501712794302,115400.0,60400.0,-0.07538994800693244,0.7665562913907285,20701684.0,2208869682800.0,77635346800.0,70884203500.0,0.03514709238147003,yfinance_download,237690.KQ
2024-09-05,107700.0,107700.0,97500.0,99400.0,98518.5390625,827773.0,-0.06841611996251173,-0.3121107266435986,102575.0,94286.66666666667,92177.5,0.6179297100262942,0.6459230374732616,0.11811023622047245,0.054082714740190774,0.3672627235213204,-0.030952961247867394,0.05423177543661173,0.07835426215725105,115400.0,60400.0,-0.13864818024263437,0.6456953642384107,20701684.0,2057747389600.0,82280636200.0,73761756325.0,0.03998578086690918,yfinance_download,237690.KQ
2024-09-06,99000.0,101900.0,95900.0,99900.0,99014.109375,611211.0,0.005030181086519203,-0.3086505190311418,103135.0,94381.66666666667,92397.5,0.6171315880876648,0.6459329611239546,0.12626832018038336,0.060509554140127486,0.35918367346938784,-0.031366655354632234,0.058468275971675254,0.08119808436375453,115400.0,60400.0,-0.13431542461005197,0.6539735099337749,20701684.0,2068098231600.0,61059978900.0,76243509530.0,0.029524699536520798,yfinance_download,237690.KQ
2024-09-09,98400.0,103700.0,97500.0,100300.0,99410.5625,565803.0,0.004004004004003914,-0.3058823529411765,103615.0,94506.66666666667,92586.66666666667,0.6143103394288296,0.6450122188603395,0.10584343991179712,0.08081896551724133,0.29252577319587636,-0.03199343724364234,0.061300790067720046,0.08330933179723488,115400.0,60400.0,-0.13084922010398614,0.6605960264900663,20701684.0,2076378905200.0,56750040900.0,78353062445.0,0.027331254790673068,yfinance_download,237690.KQ
2024-09-10,102800.0,105400.0,97500.0,99500.0,98617.6484375,996457.0,-0.0079760717846461,-0.31141868512110726,104035.0,94625.0,92613.33333333333,0.616238868745931,0.6452116305562512,0.09220636663007675,0.07683982683982693,0.03322949117341634,-0.0435910991493248,0.05151915455746359,0.07435934350705442,115400.0,60400.0,-0.1377816291161178,0.6473509933774835,20701684.0,2059817558000.0,99147471500.0,82713913220.0,0.04813410348646033,yfinance_download,237690.KQ
2024-09-11,101400.0,103600.0,96800.0,96800.0,95941.59375,522951.0,-0.02713567839195985,-0.33010380622837365,104415.0,94700.0,92677.5,0.620141744351453,0.6479539955626255,0.08520179372197312,0.04875406283856987,0.08641975308641969,-0.07293013455921082,0.022175290390707536,0.04448220981360085,115400.0,60400.0,-0.16117850953206236,0.6026490066225165,20701684.0,2003923011200.0,50621656800.0,84702040120.0,0.025261278261227444,yfinance_download,237690.KQ
2024-09-12,98700.0,100100.0,97700.0,98900.0,98022.96875,296471.0,0.02169421487603307,-0.3155709342560553,104900.0,94810.0,92770.83333333333,0.6226830847544002,0.6492480321836768,0.108744394618834,0.07150595882990252,0.1277080957810719,-0.057197330791229795,0.043138909397742786,0.06606781944756346,115400.0,60400.0,-0.14298093587521665,0.6374172185430464,20701684.0,2047396547600.0,29320981900.0,85856625115.0,0.01432110547141962,yfinance_download,237690.KQ
2024-09-13,100500.0,102500.0,99200.0,101800.0,100897.2578125,328511.0,0.029322548028311468,-0.2955017301038062,105240.0,94958.33333333333,92836.66666666667,0.5897503750300451,0.6516086387858977,0.07157894736842096,0.09580193756727673,0.08413205537806179,-0.032687191182060094,0.07204914436156207,0.09654949552978342,115400.0,60400.0,-0.11785095320623917,0.685430463576159,20701684.0,2107431431200.0,33442419800.0,84768388105.0,0.01586880564885446,yfinance_download,237690.KQ
2024-09-19,103900.0,110300.0,102900.0,109500.0,108528.9765625,754063.0,0.07563850687622797,-0.24221453287197237,105700.0,95236.66666666667,93000.83333333333,0.6164226760341723,0.6686299189927152,0.09172482552342975,0.1799568965517242,0.21937639198218273,0.03595080416272478,0.14976724650869766,0.17740880458060415,115400.0,60400.0,-0.051126516464471417,0.8129139072847682,20701684.0,2266834398000.0,82569898500.0,85762337520.0,0.036425200964327345,yfinance_download,237690.KQ
2024-09-20,108500.0,117400.0,107200.0,117000.0,115962.46875,882974.0,0.06849315068493156,-0.19031141868512114,106625.0,95730.0,93208.33333333333,0.6490444831523102,0.6690078948150171,0.18781725888324874,0.33867276887871856,0.270358306188925,0.09730363423212185,0.22218740206831722,0.25525257040679494,117000.0,60400.0,0.0,0.9370860927152318,20701684.0,2422097028000.0,103307958000.0,84124000595.0,0.0426522789160534,yfinance_download,237690.KQ
2024-09-23,115000.0,117600.0,111500.0,112600.0,111601.484375,583472.0,-0.037606837606837584,-0.22076124567474054,107010.0,96155.0,93393.33333333333,0.6345913456390768,0.6746513750532855,0.0734032411820782,0.2927669345579793,0.24557522123893816,0.05223810858798239,0.17102594768862778,0.205653508458848,117000.0,60400.0,-0.037606837606837584,0.8642384105960266,20701684.0,2331009618400.0,65698947200.0,76336202230.0,0.02818476023496446,yfinance_download,237690.KQ
2024-09-24,112700.0,113500.0,106100.0,108700.0,107736.0703125,624539.0,-0.03463587921847244,-0.24775086505190314,107320.0,96531.66666666667,93564.16666666667,0.6425920091287765,0.6787488138976272,0.060487804878048834,0.2624854819976772,0.23242630385487528,0.012858740216175946,0.12605535316562788,0.1617695520899205,117000.0,60400.0,-0.07094017094017091,0.7996688741721854,20701684.0,2250273050800.0,67887389300.0,74526759445.0,0.03016851189497434,yfinance_download,237690.KQ
2024-09-25,107700.0,109300.0,101300.0,103300.0,102383.9609375,542699.0,-0.04967801287948481,-0.285121107266436,107080.0,96805.0,93671.66666666667,0.6396304288165421,0.6877752659818019,-0.044403330249768724,0.18872266973532792,0.14269911504424782,-0.03530070974971988,0.06709364185734201,0.10278810739640232,117000.0,60400.0,-0.11709401709401712,0.7102649006622517,20701684.0,2138483957200.0,56060806700.0,72820846085.0,0.02621521031815576,yfinance_download,237690.KQ
2024-09-26,105800.0,106400.0,103500.0,104000.0,103077.7421875,330093.0,0.006776379477250627,-0.2802768166089965,106555.0,97113.33333333333,93798.33333333333,0.5994453256079709,0.6865433542232842,-0.09170305676855894,0.21637426900584789,0.1711711711711712,-0.023978227206606917,0.07091370906844241,0.10876170507649396,117000.0,60400.0,-0.11111111111111116,0.7218543046357615,20701684.0,2152975136000.0,34329672000.0,65724024235.0,0.01594522455274653,yfinance_download,237690.KQ
2024-09-27,103200.0,103200.0,99500.0,100100.0,99212.328125,391979.0,-0.03749999999999998,-0.3072664359861592,105885.0,97285.0,93881.66666666667,0.6109656826602916,0.6849332699928162,-0.11806167400881062,0.1146993318485523,0.11098779134295222,-0.05463474524248002,0.02893560158297781,0.06623586429725359,117000.0,60400.0,-0.1444444444444445,0.6572847682119205,20701684.0,2072238568400.0,39237097900.0,64593446780.0,0.018934643191346173,yfinance_download,237690.KQ
2024-09-30,99900.0,102600.0,99800.0,100700.0,99807.0078125,225704.0,0.005994005994006013,-0.30311418685121105,105150.0,97503.33333333333,94044.16666666667,0.6069405558430228,0.6826043879380146,-0.1273830155979203,0.14954337899543368,0.24014778325123154,-0.042320494531621455,0.03278520392465212,0.07077348408992212,117000.0,60400.0,-0.13931623931623927,0.6672185430463575,20701684.0,2084659578800.0,22728392800.0,61828405910.0,0.010902687916596543,yfinance_download,237690.KQ
2024-10-02,98600.0,101500.0,97600.0,100500.0,99608.78125,187917.0,-0.0019860973187686426,-0.3044982698961938,104540.0,97760.0,94225.83333333333,0.6035964845179014,0.6794883448482882,-0.10825199645075423,0.18096357226792015,0.2770012706480305,-0.038645494547541626,0.028027823240589278,0.06658648106057252,117000.0,60400.0,-0.14102564102564108,0.6639072847682119,20701684.0,2080519242000.0,18885658500.0,57827621330.0,0.0090773774732529,yfinance_download,237690.KQ
2024-10-04,101000.0,107700.0,100800.0,106500.0,105555.578125,378642.0,0.05970149253731338,-0.26297577854671284,104115.0,98138.33333333333,94448.33333333333,0.6405432175779014,0.6878807851802549,-0.07391304347826089,0.27088305489260134,0.33458646616541343,0.022907362051577618,0.08520285990863252,0.12760062820942664,117000.0,60400.0,-0.08974358974358976,0.7632450331125828,20701684.0,2204729346000.0,40325373000.0,56744576730.0,0.018290396085651774,yfinance_download,237690.KQ
2024-10-07,107000.0,107500.0,104700.0,107200.0,106249.375,193590.0,0.00657276995305156,-0.2581314878892733,103945.0,98390.0,94676.66666666667,0.6275058657307304,0.6593500040578657,-0.030741410488245968,0.16395222584147673,0.34335839598997486,0.03131463754870367,0.08954162008334188,0.13227475970848146,117000.0,60400.0,-0.0837606837606838,0.7748344370860927,20701684.0,2219220524800.0,20752848000.0,55038293960.0,0.009351413150736915,yfinance_download,237690.KQ
2024-10-08,106800.0,110400.0,105500.0,107500.0,106546.7109375,344840.0,0.002798507462686617,-0.25605536332179935,104045.0,98645.0,94914.16666666667,0.6042731532246935,0.659333899987787,0.018957345971563955,0.1659436008676789,0.360759493670886,0.03320678552549383,0.0897663338233059,0.1326022634485544,117000.0,60400.0,-0.08119658119658124,0.7798013245033113,20701684.0,2225431030000.0,37070300000.0,53955643735.0,0.016657582059507816,yfinance_download,237690.KQ
2024-10-10,109500.0,110600.0,105600.0,106100.0,105159.125,321352.0,-0.013023255813953472,-0.26574394463667816,104015.0,98858.33333333333,95122.5,0.6052564769821204,0.6599392138833792,-0.005623242736644829,0.137191854233655,0.3082614056720099,0.020045185790511066,0.07325297142375464,0.11540382138821004,117000.0,60400.0,-0.09316239316239316,0.7566225165562914,20701684.0,2196448672400.0,34095447200.0,51778648755.0,0.0155229883713808,yfinance_download,237690.KQ
2024-10-11,106100.0,109900.0,105000.0,108800.0,107835.1796875,386127.0,0.025447690857681504,-0.24705882352941178,104485.0,99065.0,95360.0,0.5531687001433205,0.6586083281633813,0.09456740442655942,0.12863070539419086,0.3549190535491906,0.04129779394171407,0.09826881340534,0.14093959731543615,117000.0,60400.0,-0.07008547008547006,0.8013245033112584,20701684.0,2252343219200.0,42010617600.0,49765147825.0,0.01865196087429409,yfinance_download,237690.KQ
2024-10-14,110100.0,113500.0,106300.0,108500.0,107537.8359375,355180.0,-0.0027573529411765163,-0.24913494809688586,104915.0,99300.0,95570.0,0.5538713415472283,0.6568835806049175,0.08608608608608614,0.14936440677966112,0.3025210084033614,0.03417051899156465,0.09264853977844911,0.13529350214502456,117000.0,60400.0,-0.07264957264957261,0.7963576158940397,20701684.0,2246132714000.0,38537030000.0,48639000380.0,0.017157058333998335,yfinance_download,237690.KQ
2024-10-15,108000.0,109900.0,106200.0,109100.0,108132.515625,357561.0,0.0055299539170508005,-0.2449826989619377,105355.0,99538.33333333333,95792.5,0.5538721317775115,0.6568979589577864,0.08773678963110676,0.15084388185654007,0.32402912621359214,0.03554648569123442,0.09606014433300403,0.13892006159146075,117000.0,60400.0,-0.0675213675213675,0.8062913907284768,20701684.0,2258553724400.0,39009905100.0,47751993590.0,0.017272073131828308,yfinance_download,237690.KQ
2024-10-16,108200.0,110900.0,105600.0,105600.0,104663.5625,318155.0,-0.03208065994500453,-0.26920415224913496,105660.0,99733.33333333333,95989.16666666667,0.5676740948117222,0.6603814873502638,0.06130653266331665,0.12460063897763574,0.2878048780487805,-0.0005678591709256109,0.05882352941176472,0.10012414595397034,117000.0,60400.0,-0.09743589743589742,0.7483443708609272,20701684.0,2186097830400.0,33597168000.0,44474478415.0,0.015368556490380204,yfinance_download,237690.KQ
2024-10-17,106000.0,106300.0,100600.0,103800.0,102879.5234375,339903.0,-0.017045454545454586,-0.2816608996539792,106010.0,99930.0,96180.0,0.5615299898034397,0.6599384514829812,0.0723140495867769,0.12826086956521743,0.2830655129789863,-0.020847089897179538,0.03872710897628351,0.07922645040548981,117000.0,60400.0,-0.11282051282051286,0.7185430463576159,20701684.0,2148834799200.0,35281931400.0,43707492145.0,0.016419099045275738,yfinance_download,237690.KQ
2024-10-18,103800.0,111000.0,103400.0,110000.0,109024.5390625,587225.0,0.05973025048169567,-0.23875432525951557,106565.0,100211.66666666667,96402.5,0.5927174798649534,0.669937812211324,0.1122345803842264,0.18152524167561768,0.3205282112845138,0.03223384788626671,0.0976765845626757,0.14104924664816787,117000.0,60400.0,-0.05982905982905984,0.8211920529801324,20701684.0,2277185240000.0,64594750000.0,45471180550.0,0.028366049834399946,yfinance_download,237690.KQ
2024-10-21,110200.0,112500.0,108300.0,109500.0,108528.9765625,309234.0,-0.004545454545454519,-0.24221453287197237,106950.0,100436.66666666667,96630.0,0.5871967855772572,0.6676712919023319,0.07563850687622797,0.140625,0.332116788321168,0.02384291725105192,0.09023928844047657,0.13318845079167962,117000.0,60400.0,-0.0641025641025641,0.8129139072847682,20701684.0,2266834398000.0,33861123000.0,45492115710.0,0.014937625364197425,yfinance_download,237690.KQ
2024-10-22,109900.0,110000.0,102600.0,102600.0,101690.1640625,376098.0,-0.06301369863013695,-0.28996539792387543,106605.0,100630.0,96781.66666666667,0.5697519842095569,0.6718896517710923,-0.06301369863013695,0.12747252747252746,0.21563981042654023,-0.03756859434360493,0.01957666699791316,0.06011813532177235,117000.0,60400.0,-0.12307692307692308,0.6986754966887416,20701684.0,2123992778400.0,38587654800.0,43293003525.0,0.018167507532237476,yfinance_download,237690.KQ
2024-10-23,101900.0,104600.0,98000.0,99200.0,98320.3125,407787.0,-0.033138401559454245,-0.31349480968858134,105715.0,100798.33333333333,96877.5,0.5128254240138033,0.6742069493027985,-0.15213675213675215,0.11335578002244673,0.13112884834663618,-0.06162796197322995,-0.015856743663089645,0.023973574875487014,117000.0,60400.0,-0.15213675213675215,0.6423841059602649,20701684.0,2053607052800.0,40452470400.0,40150229145.0,0.019698252567279067,yfinance_download,237690.KQ
2024-10-24,98300.0,101900.0,97700.0,99000.0,98122.0859375,212711.0,-0.0020161290322581182,-0.31487889273356406,105035.0,100973.33333333333,96964.16666666667,0.5007367334199979,0.6739950188892617,-0.12078152753108351,0.11864406779661008,0.11738148984198649,-0.05745703813014713,-0.01954311369338435,0.020995728662650315,117000.0,60400.0,-0.15384615384615385,0.6390728476821192,20701684.0,2049466716000.0,21058389000.0,37918201235.0,0.010275057816552509,yfinance_download,237690.KQ
2024-10-25,100000.0,100200.0,96800.0,97300.0,96437.15625,231565.0,-0.01717171717171717,-0.32664359861591696,104465.0,101066.66666666667,97055.0,0.49121094715685654,0.6715628132906151,-0.10487580496780124,0.06106870229007644,0.12615740740740744,-0.06858756521322928,-0.03726912928759896,0.0025243418680129803,117000.0,60400.0,-0.16837606837606833,0.6109271523178808,20701684.0,2014273853200.0,22531274500.0,35650395495.0,0.011185804980889478,yfinance_download,237690.KQ
2024-10-28,96400.0,97800.0,92900.0,93100.0,92274.3984375,381793.0,-0.043165467625899234,-0.35570934256055364,103955.0,101135.0,97116.66666666667,0.483855806119076,0.6748757512440866,-0.0987415295256534,0.046067415730337125,0.08634772462077023,-0.1044201818094368,-0.07944826222376034,-0.04135918997769006,117000.0,60400.0,-0.20427350427350432,0.5413907284768211,20701684.0,1927326780400.0,35544928300.0,34624601575.0,0.01844260592519913,yfinance_download,237690.KQ
2024-10-29,94200.0,95300.0,92800.0,94700.0,93860.21875,184175.0,0.017185821697099923,-0.344636678200692,103490.0,101148.33333333333,97165.0,0.48853143435486385,0.6664827875940944,-0.08942307692307694,0.008519701810436597,0.06524184476940387,-0.08493574258382453,-0.06375125640560886,-0.02536921731076003,117000.0,60400.0,-0.1905982905982906,0.5678807947019868,20701684.0,1960449474800.0,17441372500.0,33780186600.0,0.008896619231556234,yfinance_download,237690.KQ
2024-10-30,95300.0,98400.0,94700.0,97400.0,96536.2734375,225392.0,0.028511087645195277,-0.3259515570934256,103355.0,101216.66666666667,97198.33333333333,0.48507729136720046,0.6686632187040464,-0.026973026973026948,0.04394426580921751,0.04282655246252687,-0.057616951284408136,-0.03770788737032771,0.0020747955211852798,117000.0,60400.0,-0.16752136752136748,0.6125827814569536,20701684.0,2016344021600.0,21953180800.0,32915990745.0,0.010887616678913657,yfinance_download,237690.KQ
2024-10-31,97400.0,100300.0,96100.0,100300.0,99410.5625,232271.0,0.02977412731006157,-0.3058823529411765,103335.0,101316.66666666667,97294.16666666667,0.49677844917025243,0.6709113745028223,-0.003972194637537285,0.06362672322375396,0.12950450450450446,-0.029370494024289928,-0.010034545155453212,0.030894281089136832,117000.0,60400.0,-0.14273504273504278,0.6605960264900663,20701684.0,2076378905200.0,23296781300.0,32944410170.0,0.011219908486671905,yfinance_download,237690.KQ
2024-11-01,98700.0,99100.0,94800.0,95700.0,94851.3515625,227063.0,-0.04586241276171488,-0.3377162629757785,103095.0,101425.0,97287.5,0.5231309067147009,0.6681874079783818,-0.047761194029850795,0.07286995515695072,-0.00829015544041456,-0.07172995780590719,-0.056445649494700545,-0.016317615315431078,117000.0,60400.0,-0.18205128205128207,0.5844370860927153,20701684.0,1981151158800.0,21729929100.0,33086623700.0,0.010968334749965268,yfinance_download,237690.KQ
2024-11-04,95500.0,101500.0,91900.0,100900.0,100005.2421875,352280.0,0.05433646812957149,-0.30173010380622833,102815.0,101633.33333333333,97296.66666666667,0.5150318420975807,0.6762781047562504,-0.05258215962441315,0.14140271493212664,0.011022044088176308,-0.018625686913388173,-0.00721548048540499,0.037034499297680545,117000.0,60400.0,-0.13760683760683756,0.6705298013245033,20701684.0,2088799915600.0,35545052000.0,32847607650.0,0.01701697311194587,yfinance_download,237690.KQ
2024-11-05,100900.0,101000.0,97500.0,97600.0,96734.5,127378.0,-0.032705649157581784,-0.3245674740484429,102335.0,101855.0,97336.66666666667,0.5249381169912616,0.6725756175373718,-0.08955223880597019,0.1577698695136418,0.051724137931034475,-0.04626960472956465,-0.04177507240685285,0.002705386801821863,117000.0,60400.0,-0.16581196581196578,0.6158940397350994,20701684.0,2020484358400.0,12432092800.0,32431569890.0,0.0061530260050341795,yfinance_download,237690.KQ
2024-11-06,98800.0,99300.0,95100.0,98000.0,97130.953125,231040.0,0.004098360655737654,-0.32179930795847755,101860.0,102251.66666666667,97381.66666666667,0.525186888307423,0.6216970597944875,-0.08837209302325577,0.320754716981132,0.05831533477321815,-0.037895150206165296,-0.04158041433717463,0.00634958667784824,117000.0,60400.0,-0.16239316239316237,0.6225165562913908,20701684.0,2028765032000.0,22641920000.0,31710150890.0,0.011160444725173083,yfinance_download,237690.KQ
2024-11-07,98600.0,99300.0,92300.0,94200.0,93364.65625,274147.0,-0.038775510204081653,-0.3480968858131488,101265.0,102443.33333333333,97406.66666666667,0.538772599914433,0.5850337348060919,-0.11215834118755885,0.13905683192261176,0.03289473684210531,-0.06976744186046513,-0.08046725018709522,-0.0329204024365205,117000.0,60400.0,-0.19487179487179485,0.5596026490066226,20701684.0,1950098632800.0,25824647400.0,31296610900.0,0.013242739093109527,yfinance_download,237690.KQ
2024-11-08,96200.0,97400.0,94600.0,94900.0,94058.4375,160688.0,0.007430997876857859,-0.3432525951557094,100570.0,102543.33333333333,97437.5,0.5288017542311358,0.5655127284721835,-0.12775735294117652,0.06749156355455566,0.040570175438596534,-0.05637864174207019,-0.07453759386275716,-0.026042334830019276,117000.0,60400.0,-0.18888888888888888,0.5711920529801324,20701684.0,1964589811600.0,15249291200.0,29958544580.0,0.0077620738486782045,yfinance_download,237690.KQ
2024-11-11,94700.0,99200.0,93900.0,98600.0,97725.6328125,198945.0,0.03898840885142252,-0.3176470588235294,100075.0,102708.33333333333,97459.16666666667,0.5527157884927963,0.5705723017386094,-0.09124423963133643,0.11161217587373162,0.027083333333333348,-0.014738945790657043,-0.039999999999999925,0.011705757111952764,117000.0,60400.0,-0.15726495726495726,0.6324503311258278,20701684.0,2041186042400.0,19615977000.0,29012491930.0,0.009610087759044143,yfinance_download,237690.KQ
2024-11-12,98600.0,101300.0,94600.0,95100.0,94256.671875,248517.0,-0.03549695740365111,-0.34186851211072666,99375.0,102781.66666666667,97450.83333333333,0.5622434086571696,0.5742047944466739,-0.12832263978001834,0.04851157662624028,-0.010405827263267442,-0.04301886792452825,-0.07473771262708984,-0.02412327583995344,117000.0,60400.0,-0.18717948717948718,0.5745033112582782,20701684.0,1968730148400.0,23633966700.0,28243695010.0,0.012004675561659621,yfinance_download,237690.KQ
2024-11-13,94900.0,96000.0,89800.0,90700.0,89895.6875,223657.0,-0.046267087276551044,-0.37231833910034606,98630.0,102775.0,97358.33333333333,0.573039793732643,0.5824145144650281,-0.14109848484848486,-0.004390779363336983,-0.10903732809430255,-0.08040150055763962,-0.11748966188275356,-0.06838996833005218,117000.0,60400.0,-0.22478632478632476,0.5016556291390728,20701684.0,1877642738800.0,20285689900.0,27578121105.0,0.010803807071927095,yfinance_download,237690.KQ
2024-11-14,91400.0,93900.0,90600.0,90600.0,89796.578125,153873.0,-0.0011025358324145973,-0.3730103806228374,97970.0,102798.33333333333,97280.0,0.5721109438433428,0.5807130962512319,-0.12716763005780352,0.015695067264573925,-0.09399999999999997,-0.07522711033989993,-0.11866275393569925,-0.06866776315789469,117000.0,60400.0,-0.22564102564102562,0.5,20701684.0,1875572570400.0,13940893800.0,26511069225.0,0.007432873576854907,yfinance_download,237690.KQ
2024-11-15,89900.0,91500.0,88400.0,90600.0,89796.578125,154356.0,0.0,-0.3730103806228374,97000.0,102821.66666666667,97200.83333333333,0.5175572351308202,0.5807130962512319,-0.1763636363636364,0.015695067264573925,-0.09490509490509491,-0.06597938144329896,-0.11886275590423556,-0.06790922574394931,117000.0,60400.0,-0.22564102564102562,0.5,20701684.0,1875572570400.0,13984653600.0,23980564405.0,0.00745620501211399,yfinance_download,237690.KQ
2024-11-18,88500.0,90000.0,84200.0,87000.0,86228.5,254940.0,-0.039735099337748325,-0.39792387543252594,95875.0,102688.33333333333,97102.5,0.5283683277800416,0.5709193615397808,-0.20547945205479456,-0.08421052631578951,-0.11943319838056676,-0.09256844850065193,-0.15277619982795831,-0.10403954584073527,117000.0,60400.0,-0.2564102564102564,0.4403973509933774,20701684.0,1801046508000.0,22179780000.0,23396497255.0,0.012314940175881344,yfinance_download,237690.KQ
2024-11-19,87000.0,89500.0,85400.0,86200.0,85435.59375,206427.0,-0.00919540229885063,-0.4034602076124567,95055.0,102453.33333333333,97008.33333333333,0.49120181121934003,0.5587961080212968,-0.15984405458089668,-0.14057826520438688,-0.11589743589743595,-0.09315659355110195,-0.1586413326392504,-0.11141654497036335,117000.0,60400.0,-0.2632478632478632,0.4271523178807948,20701684.0,1784485160800.0,17794007400.0,22356814885.0,0.009971507631939509,yfinance_download,237690.KQ
2024-11-20,87000.0,87300.0,83400.0,83900.0,83155.9921875,306387.0,-0.026682134570765625,-0.41937716262975777,94290.0,102210.0,96923.33333333333,0.4873767379063728,0.5601516581880328,-0.15423387096774188,-0.14822335025380706,-0.10839532412327313,-0.11019196097147099,-0.17914098424811664,-0.13436736939849359,117000.0,60400.0,-0.2829059829059829,0.38907284768211925,20701684.0,1736871287600.0,25705869300.0,21619484830.0,0.014800100320341089,yfinance_download,237690.KQ
2024-11-21,83900.0,87300.0,81000.0,85700.0,84940.0234375,286889.0,0.021454112038140627,-0.4069204152249135,93625.0,101890.0,96891.66666666667,0.4981318638078254,0.5447961413960384,-0.13434343434343432,-0.18303145853193514,-0.04245810055865917,-0.08464619492656877,-0.15889684954362548,-0.11550700954674464,117000.0,60400.0,-0.26752136752136757,0.41887417218543055,20701684.0,1774134318800.0,24586387300.0,21795884745.0,0.013858244575658676,yfinance_download,237690.KQ
2024-11-22,86100.0,86400.0,82700.0,83200.0,82462.1953125,219247.0,-0.029171528588098017,-0.4242214532871972,92920.0,101568.33333333333,96807.5,0.5032662316924336,0.5459387832007344,-0.14491264131551906,-0.1882926829268292,-0.10825294748124326,-0.10460611278519161,-0.18084704878489022,-0.14056245642124832,117000.0,60400.0,-0.28888888888888886,0.3774834437086092,20701684.0,1722380108800.0,18241350400.0,21581388540.0,0.010590780923909379,yfinance_download,237690.KQ
2024-11-25,83300.0,86300.0,82800.0,85200.0,84444.4609375,180396.0,0.024038461538461453,-0.4103806228373702,92525.0,101186.66666666667,96771.66666666667,0.4962667189634548,0.535673181177096,-0.08485499462943069,-0.21184088806660495,-0.04804469273743017,-0.07916779248851658,-0.15799183028066943,-0.11957701117751407,117000.0,60400.0,-0.27179487179487183,0.4105960264900663,20701684.0,1763783476800.0,15369739200.0,20572629085.0,0.008714073695647175,yfinance_download,237690.KQ
2024-11-26,86800.0,86800.0,83000.0,83600.0,82858.6484375,116971.0,-0.018779342723004744,-0.42145328719723185,91970.0,100671.66666666667,96708.33333333333,0.492347625512197,0.5203669000171365,-0.11721224920802531,-0.2698689956331878,-0.08333333333333337,-0.09100793737088186,-0.16957766998327906,-0.13554502369668242,117000.0,60400.0,-0.28547008547008546,0.3841059602649006,20701684.0,1730660782400.0,9778775600.0,20189499240.0,0.005650313278861758,yfinance_download,237690.KQ
2024-11-27,83800.0,84400.0,82500.0,83200.0,82462.1953125,100803.0,-0.004784688995215336,-0.4242214532871972,91260.0,100166.66666666667,96643.33333333333,0.4755086936081978,0.5202991370398962,-0.1457905544147844,-0.2669603524229075,-0.08571428571428574,-0.0883190883190883,-0.16938435940099839,-0.13910254199289485,117000.0,60400.0,-0.28888888888888886,0.3774834437086092,20701684.0,1722380108800.0,8386809600.0,19511180680.0,0.004869314013294764,yfinance_download,237690.KQ
2024-11-28,83200.0,90200.0,83200.0,89800.0,89003.6640625,338205.0,0.07932692307692313,-0.3785467128027682,90735.0,99740.0,96634.16666666667,0.5531183918415558,0.5464352238215829,-0.1046859421734796,-0.22183708838821492,-0.012101210121012063,-0.01030473356477657,-0.09965911369560854,-0.07072205310406088,117000.0,60400.0,-0.23247863247863243,0.48675496688741715,20701684.0,1859011223200.0,30370809000.0,19864882065.0,0.01633707673250157,yfinance_download,237690.KQ
2024-11-29,90000.0,91800.0,88000.0,88000.0,87219.625,167424.0,-0.020044543429844075,-0.39100346020761245,90350.0,99328.33333333333,96565.0,0.5350847629574408,0.5459592680286444,-0.08045977011494254,-0.21916592724046136,-0.08618899273104885,-0.026009961261759806,-0.11404936490091777,-0.08869673277067258,117000.0,60400.0,-0.24786324786324787,0.45695364238410585,20701684.0,1821748192000.0,14733312000.0,19515051210.0,0.008087458005831796,yfinance_download,237690.KQ
2024-12-02,90300.0,90800.0,87400.0,89500.0,88706.328125,153834.0,0.017045454545454586,-0.38062283737024216,89780.0,98903.33333333333,96520.0,0.4964618719214689,0.5453725187619496,-0.1129831516352825,-0.22173913043478266,-0.05690200210748153,-0.003118734684785074,-0.09507600013481177,-0.07273104019892251,117000.0,60400.0,-0.2350427350427351,0.48178807947019875,20701684.0,1852800718000.0,13768143000.0,18426205760.0,0.0074309896721445464,yfinance_download,237690.KQ
2024-12-03,89000.0,91600.0,88900.0,90000.0,89201.8984375,128467.0,0.005586592178770999,-0.3771626297577855,89400.0,98560.0,96356.66666666667,0.4871690585744926,0.5408519168630168,-0.07786885245901642,-0.1862567811934901,-0.17883211678832112,0.006711409395973256,-0.08685064935064934,-0.06597018023316159,117000.0,60400.0,-0.23076923076923073,0.490066225165563,20701684.0,1863151560000.0,11562030000.0,18382702620.0,0.00620563042117733,yfinance_download,237690.KQ
2024-12-04,87400.0,89400.0,86400.0,87100.0,86327.609375,163428.0,-0.03222222222222226,-0.3972318339100346,88855.0,98253.33333333333,96211.66666666667,0.4965231796174478,0.5368420273432796,-0.11122448979591837,-0.17440758293838865,-0.16650717703349283,-0.019751280175566932,-0.11351608087935938,-0.09470438443016271,117000.0,60400.0,-0.25555555555555554,0.4420529801324504,20701684.0,1803116676400.0,14234578800.0,17962335560.0,0.007894430230893293,yfinance_download,237690.KQ
2024-12-05,86700.0,88900.0,85300.0,87400.0,86624.953125,86783.0,0.003444316877152742,-0.3951557093425605,88515.0,97931.66666666667,96066.66666666667,0.4812879713340382,0.5362040325850674,-0.0721868365180467,-0.18088097469540765,-0.166030534351145,-0.012596735016663807,-0.10754097244677419,-0.09021512838306733,117000.0,60400.0,-0.252991452991453,0.4470198675496688,20701684.0,1809327181600.0,7584834200.0,17050344900.0,0.004192074422544562,yfinance_download,237690.KQ
2024-12-06,87400.0,87500.0,81100.0,83700.0,82957.765625,266243.0,-0.04233409610983985,-0.4207612456747405,87955.0,97670.0,95978.33333333333,0.4986642408784183,0.5251134842409598,-0.11801896733403583,-0.15794768611670018,-0.11240721102863205,-0.048377010971519474,-0.14303266100133105,-0.12792817823467095,117000.0,60400.0,-0.2846153846153846,0.3857615894039734,20701684.0,1732730950800.0,22284539100.0,17402107295.0,0.01286093440514308,yfinance_download,237690.KQ
2024-12-09,78900.0,79000.0,75100.0,75600.0,74929.59375,415172.0,-0.09677419354838712,-0.47681660899653977,86805.0,97265.0,95823.33333333333,0.5653489263240504,0.5593518236867538,-0.23326572008113589,-0.2432432432432432,-0.197452229299363,-0.12908242612752718,-0.22274199352284996,-0.21104810936793406,117000.0,60400.0,-0.3538461538461538,0.2516556291390728,20701684.0,1565047310400.0,31387003200.0,17990658605.0,0.02005498683102302,yfinance_download,237690.KQ
2024-12-10,77000.0,81900.0,77000.0,81200.0,80479.9296875,175277.0,0.07407407407407418,-0.43806228373702427,86110.0,96946.66666666667,95726.66666666667,0.6358441511234864,0.5816368391063578,-0.1461619348054679,-0.19042871385842475,-0.125,-0.05702009058181401,-0.1624260761930959,-0.15175151472943804,117000.0,60400.0,-0.305982905982906,0.3443708609271523,20701684.0,1680976740800.0,14232492400.0,17520584890.0,0.008466799126100079,yfinance_download,237690.KQ
2024-12-11,81200.0,83200.0,80200.0,81600.0,80876.390625,107980.0,0.0049261083743843415,-0.43529411764705883,85655.0,96648.33333333333,95636.66666666667,0.6197901985708304,0.581752835659247,-0.10033076074972436,-0.17989949748743717,-0.11688311688311692,-0.047341077578658575,-0.1557019434720378,-0.1467707643511903,117000.0,60400.0,-0.3025641025641026,0.3509933774834437,20701684.0,1689257414400.0,8811168000.0,16946858795.0,0.005216000785250127,yfinance_download,237690.KQ
2024-12-12,82200.0,85700.0,82100.0,83700.0,82957.765625,284773.0,0.025735294117646967,-0.4207612456747405,85310.0,96430.0,95565.0,0.6290207152921719,0.5823352313735362,-0.07615894039735094,-0.13533057851239672,-0.09317443120260027,-0.018872347907631037,-0.13201285906875448,-0.1241563333856538,117000.0,60400.0,-0.2846153846153846,0.3857615894039734,20701684.0,1732730950800.0,23835500100.0,17441589110.0,0.01375603066880936,yfinance_download,237690.KQ
2024-12-13,83700.0,85900.0,83300.0,85400.0,84642.6875,120779.0,0.020310633213858953,-0.4089965397923876,85050.0,96205.0,95507.5,0.6345008773193264,0.5821040684535542,-0.05739514348785868,-0.13650151668351873,-0.0747562296858072,0.004115226337448652,-0.11231224988306221,-0.1058293851268225,117000.0,60400.0,-0.2700854700854701,0.4139072847682119,20701684.0,1767923813600.0,10314526600.0,17258082760.0,0.005834259666991342,yfinance_download,237690.KQ
2024-12-16,87200.0,89500.0,86100.0,89000.0,88210.765625,193314.0,0.042154566744730726,-0.38408304498269896,85150.0,95991.66666666667,95475.0,0.6368102194994395,0.5856163134376067,0.02298850574712641,-0.1257367387033399,-0.041980624327233595,0.04521432765707578,-0.07283618369650147,-0.06781880073317625,117000.0,60400.0,-0.23931623931623935,0.4735099337748345,20701684.0,1842449876000.0,17204946000.0,17009341060.0,0.00933808090201744,yfinance_download,237690.KQ
2024-12-17,89600.0,90100.0,88000.0,89300.0,88508.1015625,87728.0,0.003370786516853963,-0.3820069204152249,85305.0,95655.0,95445.83333333333,0.635465672878537,0.5632209360804074,0.03596287703016232,-0.1844748858447488,-0.03771551724137934,0.04683195592286493,-0.06643667346192039,-0.06439079757279431,117000.0,60400.0,-0.2367521367521368,0.4784768211920529,20701684.0,1848660381200.0,7834110400.0,16511346210.0,0.0042377228828340725,yfinance_download,237690.KQ
2024-12-18,89800.0,89800.0,87500.0,89000.0,88210.765625,106393.0,-0.0033594624860022737,-0.38408304498269896,85560.0,95188.33333333333,95459.16666666667,0.6265744446732472,0.5432846083878001,0.06078665077473189,-0.23931623931623935,0.01830663615560635,0.0402057035998129,-0.06501146849228723,-0.06766418451170231,117000.0,60400.0,-0.23931623931623935,0.4735099337748345,20701684.0,1842449876000.0,9468977000.0,15699501595.0,0.0051393403551131395,yfinance_download,237690.KQ
2024-12-19,86900.0,88000.0,84300.0,85100.0,84345.3515625,184383.0,-0.043820224719101075,-0.41107266435986156,85530.0,94730.0,95442.5,0.6446235971734212,0.5450738994913353,-0.007001166861143493,-0.24422735346358793,-0.02296211251435132,-0.0050274757395065706,-0.10165734191913856,-0.10836367446368234,117000.0,60400.0,-0.2726495726495727,0.4089403973509933,20701684.0,1761713308400.0,15690993300.0,15254731895.0,0.008906666723344826,yfinance_download,237690.KQ
2024-12-20,86900.0,90600.0,82800.0,84800.0,84048.0078125,394736.0,-0.003525264394829586,-0.41314878892733564,85610.0,94331.66666666667,95431.66666666667,0.6353619941409856,0.5413399288157055,0.019230769230769162,-0.21987120515179392,-0.015098722415795574,-0.00946151150566521,-0.10104418805985971,-0.11140606716848012,117000.0,60400.0,-0.27521367521367524,0.4039735099337749,20701684.0,1755502803200.0,33473612800.0,16016345015.0,0.019067820762793983,yfinance_download,237690.KQ
2024-12-23,85600.0,88400.0,85300.0,85300.0,84543.5703125,175588.0,0.005896226415094352,-0.40968858131487884,85615.0,94031.66666666667,95418.33333333333,0.6301512592651819,0.5330340272989511,0.0011737089201877549,-0.17424975798644726,-0.018411967779056404,-0.003679261811598389,-0.09285878870593245,-0.10604181586347827,117000.0,60400.0,-0.270940170940171,0.4122516556291391,20701684.0,1765853645200.0,14977656400.0,15996740875.0,0.008481822058533981,yfinance_download,237690.KQ
2024-12-24,85200.0,87200.0,84700.0,86100.0,85336.484375,92077.0,0.009378663540445586,-0.40415224913494807,85740.0,93733.33333333333,95423.33333333333,0.6264566828513389,0.5332568167426389,0.029904306220095656,-0.17211538461538467,0.007017543859649145,0.0041987403778867005,-0.08143669985775248,-0.09770496384532079,117000.0,60400.0,-0.26410256410256405,0.42549668874172175,20701684.0,1782414992400.0,7927829700.0,15904193580.0,0.004447802410663789,yfinance_download,237690.KQ
2024-12-26,86100.0,88200.0,86000.0,87000.0,86228.5,116584.0,0.010452961672473782,-0.39792387543252594,85930.0,93515.0,95400.0,0.6265321515511352,0.528884984696981,0.04567307692307687,-0.13086913086913088,-0.031180400890868598,0.01245199581054357,-0.0696679677057157,-0.08805031446540879,117000.0,60400.0,-0.2564102564102564,0.4403973509933774,20701684.0,1801046508000.0,10142808000.0,15991993500.0,0.005631619147505102,yfinance_download,237690.KQ
2024-12-27,86900.0,89600.0,85900.0,86700.0,86427.875,126123.0,-0.0034482758620689724,-0.4,85775.0,93281.66666666667,95392.5,0.557889158310363,0.5286455174840856,-0.034521158129176,-0.13902681231380343,-0.010273972602739767,0.010784027980180744,-0.07055691543533027,-0.09112351599968549,117000.0,60400.0,-0.25897435897435894,0.435430463576159,20701684.0,1794836002800.0,10934864100.0,15020196255.0,0.006092402917559751,yfinance_download,237690.KQ
2024-12-30,86200.0,90200.0,86200.0,88900.0,88620.96875,183609.0,0.025374855824682907,-0.3847750865051903,85820.0,93088.33333333333,95424.16666666667,0.56078337957055,0.5316021094243613,0.010227272727272751,-0.11542288557213931,0.044653349001175124,0.03588907014681886,-0.04499310690562719,-0.06837017177689098,117000.0,60400.0,-0.2401709401709402,0.4718543046357615,20701684.0,1840379707600.0,16322840100.0,15099672660.0,0.008869278460631512,yfinance_download,237690.KQ
2025-01-02,89000.0,89100.0,85400.0,85400.0,85131.953125,120855.0,-0.03937007874015752,-0.4089965397923876,85615.0,92736.66666666667,95437.5,0.5750981002443956,0.5215728566731118,-0.045810055865921795,-0.19812206572769953,0.019093078758949833,-0.0025112421888687786,-0.07911290032709106,-0.10517354289456449,117000.0,60400.0,-0.2700854700854701,0.4139072847682119,20701684.0,1767923813600.0,10321017000.0,14927316360.0,0.005837930865914096,yfinance_download,237690.KQ
2025-01-03,85900.0,92200.0,84200.0,91500.0,91212.8046875,278061.0,0.0714285714285714,-0.3667820069204152,85690.0,92475.0,95432.5,0.6309518765022493,0.5432182434445176,0.016666666666666607,-0.14645522388059706,-0.006514657980456029,0.06780254405414876,-0.010543390105433925,-0.04120713593377523,117000.0,60400.0,-0.21794871794871795,0.5149006622516556,20701684.0,1894204086000.0,25442581500.0,15621343935.0,0.013431805837631374,yfinance_download,237690.KQ
2025-01-06,90500.0,92000.0,89200.0,91300.0,91013.4375,120426.0,-0.002185792349726823,-0.3681660899653979,85900.0,92205.0,95425.0,0.6184917107316509,0.5431238796721878,0.048220436280137724,-0.1506976744186046,-0.009761388286334105,0.0628637951105937,-0.009815085949785751,-0.043227665706051854,117000.0,60400.0,-0.21965811965811965,0.5115894039735098,20701684.0,1890063749200.0,10994893800.0,15459359685.0,0.0058172079141001285,yfinance_download,237690.KQ
2025-01-07,91300.0,94100.0,90200.0,92000.0,91711.234375,140379.0,0.00766703176341732,-0.3633217993079585,86130.0,91970.0,95414.16666666667,0.6187057078286929,0.5430087129111929,0.05263157894736836,-0.1328934967012253,-0.01393354769560562,0.06815279229072324,0.0003261933239100401,-0.03578259692393693,117000.0,60400.0,-0.2136752136752137,0.5231788079470199,20701684.0,1904554928000.0,12914868000.0,15725861375.0,0.006781042547070084,yfinance_download,237690.KQ
2025-01-08,91900.0,92900.0,88700.0,88800.0,88521.28125,179711.0,-0.034782608695652195,-0.3854671280276817,86385.0,91636.66666666667,95350.83333333333,0.6118616144511952,0.5441292137364308,0.06093189964157708,-0.18382352941176472,-0.07883817427385897,0.027956242403194942,-0.030955585464333857,-0.0687024235061745,117000.0,60400.0,-0.24102564102564106,0.4701986754966887,20701684.0,1838309539200.0,15958336800.0,15409551260.0,0.008680984600093403,yfinance_download,237690.KQ
2025-01-09,88900.0,94600.0,87700.0,94200.0,93904.3359375,276913.0,0.060810810810810745,-0.3480968858131488,87315.0,91398.33333333333,95349.16666666667,0.5170854803252494,0.5595288805113823,0.24603174603174605,-0.13179723502304153,-0.0021186440677966045,0.07885243085380522,0.030653367129232834,-0.012052194128597593,117000.0,60400.0,-0.19487179487179485,0.5596026490066226,20701684.0,1950098632800.0,26085204600.0,15144461330.0,0.01337635141179819,yfinance_download,237690.KQ
2025-01-10,93500.0,94100.0,92500.0,93000.0,92708.1015625,84932.0,-0.01273885350318471,-0.356401384083045,87905.0,91130.0,95334.16666666667,0.4672956201702168,0.5597672813020274,0.14532019704433496,-0.14757103574702113,-0.01898734177215189,0.057960298049030134,0.020520136069351436,-0.024484051712834742,117000.0,60400.0,-0.20512820512820518,0.5397350993377483,20701684.0,1925256612000.0,7898676000.0,14827770510.0,0.004102661406675901,yfinance_download,237690.KQ
2025-01-13,92800.0,92800.0,89600.0,90400.0,90116.2578125,100769.0,-0.027956989247311825,-0.37439446366782003,88345.0,90876.66666666667,95305.0,0.483719990810676,0.5588853716406358,0.10784313725490202,-0.14393939393939392,-0.03727369542066028,0.023261078725451245,-0.005245204122803826,-0.051466344892712845,117000.0,60400.0,-0.22735042735042732,0.4966887417218544,20701684.0,1871432233600.0,9109517600.0,14842687990.0,0.0048676716348293216,yfinance_download,237690.KQ
2025-01-14,91600.0,92900.0,90100.0,90400.0,90116.2578125,102489.0,0.0,-0.37439446366782003,88680.0,90653.33333333333,95291.66666666667,0.4780834050977826,0.5580136375696289,0.08004778972520898,-0.1290944123314065,-0.017391304347826098,0.019395579612088376,-0.002794528607148017,-0.05133362483602977,117000.0,60400.0,-0.22735042735042732,0.4966887417218544,20701684.0,1871432233600.0,9265005600.0,14114163265.0,0.004950756663081129,yfinance_download,237690.KQ
2025-01-15,90600.0,90700.0,87200.0,87800.0,87524.421875,123624.0,-0.028761061946902644,-0.3923875432525952,88800.0,90283.33333333333,95247.5,0.4878952211406384,0.5457435648640468,0.02810304449648715,-0.20181818181818179,-0.0569280343716434,-0.011261261261261257,-0.027505999630791922,-0.0781910286359222,117000.0,60400.0,-0.24957264957264957,0.45364238410596025,20701684.0,1817607855200.0,10854187200.0,14141146295.0,0.0059716881003497105,yfinance_download,237690.KQ
2025-01-16,89100.0,91200.0,88200.0,90100.0,89817.203125,141803.0,0.026195899772209597,-0.3764705882352941,88855.0,89960.0,95198.33333333333,0.4734765262834845,0.5490388574106029,0.012359550561797716,-0.1771689497716895,-0.06145833333333328,0.014011591919419253,0.001556247220987128,-0.05355485915369662,117000.0,60400.0,-0.22991452991452987,0.4917218543046358,20701684.0,1865221728400.0,12776450300.0,13919721510.0,0.006849829221622744,yfinance_download,237690.KQ
2025-01-17,89500.0,90100.0,86500.0,86800.0,86527.5625,155552.0,-0.03662597114317423,-0.39930795847750866,88730.0,89696.66666666667,95163.33333333333,0.49178724985319183,0.5392242866958198,-0.027995520716685318,-0.15399610136452246,-0.0461538461538461,-0.021751380592809677,-0.03229402802036496,-0.087883988931311,117000.0,60400.0,-0.2581196581196581,0.4370860927152318,20701684.0,1796906171200.0,13501913600.0,14203111670.0,0.007513978089898387,yfinance_download,237690.KQ
2025-01-20,86400.0,87500.0,84800.0,85300.0,85032.265625,168491.0,-0.017281105990783363,-0.40968858131487884,88545.0,89465.0,95131.66666666667,0.4951562366801598,0.5363117721579818,-0.04157303370786514,-0.1401209677419355,-0.04264870931537601,-0.03664803207408662,-0.04655451852679815,-0.10334799138036765,117000.0,60400.0,-0.270940170940171,0.4122516556291391,20701684.0,1765853645200.0,14372282300.0,14448276935.0,0.008138999706497308,yfinance_download,237690.KQ
2025-01-21,85700.0,87800.0,85000.0,85800.0,85530.6953125,113982.0,0.0058616647127784915,-0.40622837370242215,88580.0,89245.0,95109.16666666667,0.46981289177808216,0.5365507242167746,0.008225616921269108,-0.1333333333333333,-0.03050847457627115,-0.03138405960713475,-0.03860160233066279,-0.0978787533623644,117000.0,60400.0,-0.2666666666666667,0.42052980132450335,20701684.0,1776204487200.0,9779655600.0,14152710050.0,0.00550592888964975,yfinance_download,237690.KQ
2025-01-22,86200.0,90400.0,86100.0,88600.0,88321.90625,207948.0,0.03263403263403264,-0.3868512110726644,88770.0,89100.0,95083.33333333333,0.4827330256655443,0.5401612698958852,0.04481132075471694,-0.08941418293936276,-0.03380588876772084,-0.0019150613946152806,-0.0056116722783389195,-0.06818580192813317,117000.0,60400.0,-0.24273504273504276,0.4668874172185431,20701684.0,1834169202400.0,18424192800.0,13400239050.0,0.010044979915643577,yfinance_download,237690.KQ
2025-01-23,87600.0,90200.0,86800.0,87400.0,87125.6796875,131886.0,-0.013544018058690765,-0.3951557093425605,88875.0,89005.0,95070.0,0.4859088332156912,0.5336550284847035,0.024618991793669442,-0.061224489795918324,-0.017977528089887618,-0.016596343178621686,-0.018032694792427417,-0.08067739560323972,117000.0,60400.0,-0.252991452991453,0.4470198675496688,20701684.0,1809327181600.0,11526836400.0,13227698050.0,0.00637078606745229,yfinance_download,237690.KQ
2025-01-24,87500.0,88700.0,87200.0,87400.0,87125.6796875,92777.0,0.0,-0.3951557093425605,88940.0,88883.33333333333,95015.83333333333,0.48507143712010026,0.5323834586235999,0.015098722415795685,-0.07708553326293555,-0.06922257720979763,-0.017315043849786327,-0.016688543033939518,-0.08015330778203633,117000.0,60400.0,-0.252991452991453,0.4470198675496688,20701684.0,1809327181600.0,8108709800.0,13236742055.0,0.004481616084952316,yfinance_download,237690.KQ
2025-01-31,88000.0,88700.0,85800.0,86800.0,86527.5625,85741.0,-0.006864988558352381,-0.39930795847750866,88930.0,88706.66666666667,94961.66666666667,0.48457854586176213,0.5289948320025598,-0.0022988505747126853,-0.10882956878850103,-0.06966773847802787,-0.023951422467108907,-0.021494062828799065,-0.08594696105446065,117000.0,60400.0,-0.2581196581196581,0.4370860927152318,20701684.0,1796906171200.0,7442318800.0,13101717595.0,0.0041417403531036415,yfinance_download,237690.KQ
2025-02-03,85300.0,85800.0,80100.0,80300.0,80047.9609375,207626.0,-0.07488479262672809,-0.4442906574394464,88610.0,88373.33333333333,94845.0,0.553406100853663,0.5458875588064538,-0.07381776239907722,-0.1994017946161516,-0.1484623541887593,-0.09378174020990859,-0.09135485817742905,-0.1533554747219147,117000.0,60400.0,-0.31367521367521367,0.32947019867549665,20701684.0,1662345225200.0,16672367800.0,13388592780.0,0.010029425625470855,yfinance_download,237690.KQ
2025-02-04,82400.0,84800.0,81900.0,82800.0,82540.1171875,126744.0,0.031133250311332406,-0.4269896193771626,88305.0,88158.33333333333,94791.66666666667,0.5577174138522081,0.5429345375302661,-0.06861642294713166,-0.13479623824451414,-0.0717488789237668,-0.06234075080686263,-0.06078079213536247,-0.12650549450549453,117000.0,60400.0,-0.29230769230769227,0.3708609271523178,20701684.0,1714099435200.0,10494403200.0,13097170935.0,0.006122400477178572,yfinance_download,237690.KQ
2025-02-05,83500.0,83600.0,81400.0,82800.0,82540.1171875,120035.0,0.0,-0.4269896193771626,88175.0,87856.66666666667,94745.0,0.5408858759962789,0.5301941141947775,-0.030444964871194413,-0.17938553022794845,-0.06334841628959276,-0.06095832151970515,-0.05755586751147712,-0.12607525463085123,117000.0,60600.0,-0.29230769230769227,0.36633663366336644,20701684.0,1714099435200.0,9938898000.0,13078064985.0,0.005798320561747537,yfinance_download,237690.KQ
2025-02-06,84500.0,90600.0,83800.0,90000.0,89717.515625,348103.0,0.08695652173913038,-0.3771626297577855,88100.0,87730.0,94792.5,0.5704618504610073,0.5573283748519999,-0.016393442622950838,-0.07786885245901642,0.06761565836298922,0.02156640181611813,0.02587484326912115,-0.05055779729408971,117000.0,61000.0,-0.23076923076923073,0.47540983606557385,20701684.0,1863151560000.0,31329270000.0,13372399410.0,0.016815202086941334,yfinance_download,237690.KQ
2025-02-07,89200.0,89900.0,88100.0,89100.0,88820.34375,112575.0,-0.010000000000000009,-0.3833910034602076,87990.0,87581.66666666667,94916.66666666667,0.5714927103626882,0.5575538932053075,-0.02409638554216864,-0.09081632653061222,0.20080862533692723,0.012615069894306163,0.0173362004985822,-0.061281826163301134,117000.0,61100.0,-0.2384615384615385,0.4582651391162029,20701684.0,1844520044400.0,10030432500.0,13324176345.0,0.005437963404329812,yfinance_download,237690.KQ
2025-02-10,90500.0,98000.0,88500.0,93400.0,93106.84375,724629.0,0.04826038159371482,-0.35363321799307956,88060.0,87568.33333333333,95005.83333333333,0.5968903408410754,0.5608762307012822,0.01521739130434785,-0.00849256900212314,0.12938331318016938,0.060640472405178336,0.06659561104661127,-0.016902470900909572,117000.0,61100.0,-0.20170940170940166,0.5286415711947627,20701684.0,1933537285600.0,67680348600.0,16062450375.0,0.035003384265743794,yfinance_download,237690.KQ
2025-02-11,93500.0,94000.0,89800.0,89800.0,89518.140625,247217.0,-0.03854389721627405,-0.3785467128027682,88110.0,87483.33333333333,95013.33333333333,0.6000570331717827,0.5663265944984973,0.011261261261261257,-0.05374077976817704,0.01012373453318327,0.01918056974236748,0.026481234520861152,-0.054869492001122566,117000.0,61200.0,-0.23247863247863243,0.4673202614379084,20701684.0,1859011223200.0,22200086600.0,16374537865.0,0.01194187873798093,yfinance_download,237690.KQ
2025-02-12,89500.0,89700.0,85400.0,85800.0,85530.6953125,231615.0,-0.04454342984409798,-0.40622837370242215,87690.0,87270.0,94989.16666666667,0.5774264929769614,0.5674500971302003,-0.08917197452229297,-0.12981744421906694,-0.03269447576099216,-0.02155319876838868,-0.016844276383636947,-0.09673910182740142,117000.0,61200.0,-0.2666666666666667,0.4019607843137254,20701684.0,1776204487200.0,19872567000.0,16063905985.0,0.011188220243338659,yfinance_download,237690.KQ
2025-02-13,86500.0,86500.0,84800.0,85300.0,85032.265625,125438.0,-0.005827505827505797,-0.40968858131487884,87305.0,87106.66666666667,94944.16666666667,0.5765653009933854,0.5631412764651135,-0.08279569892473115,-0.10304942166140907,-0.05953693495038592,-0.022965465895424142,-0.02074085412521054,-0.10157724276548508,117000.0,61200.0,-0.270940170940171,0.39379084967320255,20701684.0,1765853645200.0,10699861400.0,16203965255.0,0.006059313822005978,yfinance_download,237690.KQ
2025-02-14,86200.0,86400.0,83700.0,84400.0,84135.09375,197009.0,-0.010550996483001174,-0.4159169550173011,87005.0,87001.66666666667,94888.33333333333,0.5701230462915065,0.5556383447777534,-0.0663716814159292,-0.06945975744211685,-0.0735455543358946,-0.029940807999540242,-0.029903641692687888,-0.11053343403649896,117000.0,61200.0,-0.27863247863247864,0.3790849673202614,20701684.0,1747222129600.0,16627559600.0,16579867355.0,0.009516568797011876,yfinance_download,237690.KQ
2025-02-17,84400.0,84900.0,83500.0,84500.0,84234.78125,125259.0,0.0011848341232227888,-0.4152249134948097,86710.0,86900.0,94849.16666666667,0.5702162614324006,0.5556492602416856,-0.06526548672566368,-0.06732891832229582,-0.05269058295964124,-0.025487256371814038,-0.027617951668584606,-0.10911183545805192,117000.0,61200.0,-0.2777777777777778,0.380718954248366,20701684.0,1749292298000.0,10584385500.0,16645836350.0,0.006050667182437912,yfinance_download,237690.KQ
2025-02-18,84600.0,84700.0,82300.0,83600.0,83337.6015625,164351.0,-0.010650887573964485,-0.42145328719723185,86500.0,86783.33333333333,94802.5,0.5628395240047984,0.5560319680220236,-0.04783599088838264,-0.07726269315673284,-0.06278026905829592,-0.03352601156069368,-0.03668139043595153,-0.11816671501278975,117000.0,61200.0,-0.28547008547008546,0.36601307189542487,20701684.0,1730660782400.0,13739743600.0,16790114170.0,0.007939015975705165,yfinance_download,237690.KQ
2025-02-19,82900.0,83500.0,82000.0,82400.0,82141.3671875,142302.0,-0.014354066985645897,-0.42975778546712806,86115.0,86706.66666666667,94697.5,0.554377386576621,0.5508376101092989,-0.08546059933407324,-0.05287356321839076,-0.13263157894736843,-0.04313998722638335,-0.04966938336152549,-0.1298608727791124,117000.0,61200.0,-0.2957264957264957,0.34640522875817004,20701684.0,1705818761600.0,11725684800.0,16737575895.0,0.006873933540865565,yfinance_download,237690.KQ
2025-02-20,82000.0,82600.0,80800.0,81000.0,80745.765625,146492.0,-0.016990291262135915,-0.4394463667820069,85825.0,86620.0,94536.66666666667,0.5432653760947705,0.5516054549739459,-0.06682027649769584,-0.06032482598607891,-0.19242273180458624,-0.05621905039324204,-0.0648810898175941,-0.1431895913402208,117000.0,61700.0,-0.3076923076923077,0.31280388978930307,20701684.0,1676836404000.0,11865852000.0,16655772815.0,0.0070763325341068875,yfinance_download,237690.KQ
2025-02-21,81000.0,84000.0,80500.0,82800.0,82540.1171875,159567.0,0.022222222222222143,-0.4269896193771626,85700.0,86601.66666666667,94405.83333333333,0.5474763631718765,0.5507745872112064,-0.029308323563892125,-0.013110846245530383,-0.15939086294416238,-0.03383897316219375,-0.043898308346644654,-0.12293555306434101,117000.0,61700.0,-0.29230769230769227,0.3419773095623988,20701684.0,1714099435200.0,13212147600.0,16597766080.0,0.007707923664567578,yfinance_download,237690.KQ
2025-02-24,82800.0,83700.0,80200.0,81500.0,81244.1953125,175755.0,-0.0157004830917874,-0.4359861591695502,85485.0,86531.66666666667,94210.83333333333,0.5492783011436548,0.5499625108113138,-0.05011655011655014,-0.04900816802800467,-0.22306959008579597,-0.04661636544422998,-0.05814826941967299,-0.13491902028252234,117000.0,61700.0,-0.30341880341880345,0.32090761750405195,20701684.0,1687187246000.0,14324032500.0,16824984925.0,0.008489889035114245,yfinance_download,237690.KQ
2025-02-25,81000.0,83200.0,80300.0,82300.0,82041.6796875,123249.0,0.009815950920245342,-0.4304498269896194,85170.0,86516.66666666667,94042.5,0.5360054235137889,0.5470012798158488,-0.07110609480812646,-0.01081730769230771,-0.19707317073170727,-0.03369731125983333,-0.048738200732036274,-0.12486375840710318,117000.0,61700.0,-0.2965811965811965,0.3338735818476499,20701684.0,1703748593200.0,10143392700.0,16410944920.0,0.005953573631980858,yfinance_download,237690.KQ
2025-02-26,82200.0,83500.0,81700.0,82000.0,81742.625,74234.0,-0.0036452004860266785,-0.4325259515570934,84900.0,86463.33333333333,93825.0,0.5346079366098263,0.5448295527732367,-0.06178489702517165,-0.03755868544600938,-0.24144310823311743,-0.0341578327444052,-0.051621111068275494,-0.1260325073274714,117000.0,61700.0,-0.2991452991452992,0.3290113452188006,20701684.0,1697538088000.0,6087188000.0,16138962500.0,0.0035858918530492496,yfinance_download,237690.KQ
2025-02-27,81500.0,82400.0,78000.0,79300.0,79051.1015625,243555.0,-0.03292682926829271,-0.4512110726643599,84495.0,86391.66666666667,93531.66666666667,0.5451168751992733,0.5476696759705432,-0.09267734553775742,-0.05143540669856461,-0.30742358078602616,-0.06148292798390442,-0.08208739268833809,-0.15215880539567705,117000.0,61700.0,-0.3222222222222222,0.2852512155591571,20701684.0,1641643541200.0,19313911500.0,16699222585.0,0.011764984916202953,yfinance_download,237690.KQ
2025-02-28,78500.0,79400.0,75800.0,76500.0,76259.890625,201429.0,-0.035308953341740223,-0.47058823529411764,83980.0,86280.0,93223.33333333333,0.556134209414531,0.5522912442373394,-0.11866359447004604,-0.08052884615384615,-0.32599118942731276,-0.08906882591093113,-0.11335187760778864,-0.17938999535166444,117000.0,61700.0,-0.34615384615384615,0.23987034035656407,20701684.0,1583678826000.0,15409318500.0,17097572570.0,0.009730077997519428,yfinance_download,237690.KQ
2025-03-04,76700.0,77600.0,75100.0,77400.0,77157.0625,134451.0,0.0117647058823529,-0.4643598615916955,83835.0,86073.33333333333,92906.66666666667,0.49488158270596605,0.5272091746942612,-0.03611457036114574,-0.13808463251670378,-0.3292894280762565,-0.07675791733762749,-0.10076678801022376,-0.16690585533869118,117000.0,61700.0,-0.3384615384615385,0.2544570502431118,20701684.0,1602310341600.0,10406507400.0,16784279550.0,0.0064946890310952484,yfinance_download,237690.KQ
2025-03-05,77300.0,80500.0,77000.0,78900.0,78652.3515625,136342.0,0.019379844961240345,-0.4539792387543252,83640.0,85921.66666666667,92625.0,0.48632287773264415,0.5276147990879088,-0.047101449275362306,-0.1034090909090909,-0.29991126885536823,-0.05667144906743182,-0.08172172327507621,-0.14817813765182186,117000.0,61700.0,-0.3256410256410256,0.27876823338735823,20701684.0,1633362867600.0,10757383800.0,16797428580.0,0.006586034256923253,yfinance_download,237690.KQ
2025-03-06,79600.0,79600.0,77000.0,78700.0,78452.984375,125404.0,-0.0025348542458808465,-0.45536332179930794,83435.0,85741.66666666667,92322.5,0.48626972328793433,0.5262351265425614,-0.049516908212560384,-0.1206703910614525,-0.31565217391304345,-0.05675076406783719,-0.08212654290990384,-0.14755341330661542,117000.0,61700.0,-0.3273504273504273,0.2755267423014587,20701684.0,1629222530800.0,9869294800.0,16793948420.0,0.006057671443540535,yfinance_download,237690.KQ
2025-03-07,78000.0,79200.0,74900.0,75100.0,74864.28125,212740.0,-0.04574332909783985,-0.48027681660899657,82690.0,85493.33333333333,92026.66666666667,0.38059649063108975,0.5337021307003642,-0.16555555555555557,-0.16555555555555557,-0.3209764918625678,-0.09178860805417821,-0.12156893325015594,-0.18393219356708201,117000.0,61700.0,-0.35811965811965807,0.21717990275526744,20701684.0,1554696468400.0,15976774000.0,16026323620.0,0.010276458668773034,yfinance_download,237690.KQ
2025-03-10,74200.0,76400.0,73000.0,75400.0,75163.34375,93250.0,0.003994673768308976,-0.4782006920415225,82005.0,85298.33333333333,91775.83333333333,0.38321230890602753,0.5302244465205483,-0.15375982042648706,-0.13432835820895528,-0.28530805687203786,-0.08054386927626367,-0.1160436897946423,-0.17843295711470886,117000.0,61700.0,-0.3555555555555555,0.22204213938411677,20701684.0,1560906973600.0,7031050000.0,15876354495.0,0.004504464467721563,yfinance_download,237690.KQ
2025-03-11,73100.0,74800.0,72800.0,73300.0,73069.9296875,149620.0,-0.02785145888594165,-0.49273356401384083,81000.0,85063.33333333333,91497.5,0.32586088620535864,0.5327621428137452,-0.21520342612419696,-0.16132723112128144,-0.3130271790065604,-0.09506172839506177,-0.13828911791214382,-0.19888521544304494,117000.0,63600.0,-0.3735042735042735,0.15251572327044016,20701684.0,1517433437200.0,10967146000.0,13040694365.0,0.007227431352927617,yfinance_download,237690.KQ
2025-03-12,73400.0,74600.0,73300.0,74100.0,73867.421875,81802.0,0.01091405184174632,-0.48719723183391006,80215.0,84903.33333333333,91286.66666666667,0.3193318844407969,0.5268468518526778,-0.17483296213808464,-0.11469534050179209,-0.25452716297786715,-0.07623262482079407,-0.12724274665305635,-0.1882713795369897,117000.0,63600.0,-0.3666666666666667,0.16509433962264142,20701684.0,1533994784400.0,6061528200.0,12233766445.0,0.003951465977357204,yfinance_download,237690.KQ
2025-03-13,75000.0,75300.0,73400.0,74400.0,74166.4765625,112137.0,0.004048582995951344,-0.485121107266436,79645.0,84883.33333333333,91074.16666666667,0.29391032777266946,0.4880508762454224,-0.13286713286713292,-0.015873015873015928,-0.2552552552552553,-0.06585473036599909,-0.12350284704496362,-0.18308338442112204,117000.0,63600.0,-0.36410256410256414,0.16981132075471694,20701684.0,1540205289600.0,8342992800.0,11657287735.0,0.005416805705274991,yfinance_download,237690.KQ
2025-03-14,74800.0,76500.0,74100.0,75600.0,75362.7109375,82500.0,0.016129032258064502,-0.47681660899653977,79160.0,84790.0,90868.33333333333,0.3051301193579952,0.46446293072559697,-0.11371629542790151,-0.06896551724137934,-0.2462612163509471,-0.04497220818595249,-0.10838542280929353,-0.1680269987711157,117000.0,63600.0,-0.3538461538461538,0.18867924528301883,20701684.0,1565047310400.0,6237000000.0,11434144665.0,0.003985183041147764,yfinance_download,237690.KQ
2025-03-17,76300.0,76500.0,74600.0,76200.0,75960.828125,70679.0,0.007936507936507908,-0.4726643598615917,78750.0,84700.0,90674.16666666667,0.30838401852674135,0.46466160658484656,-0.09715639810426535,-0.06617647058823528,-0.23417085427135675,-0.0323809523809524,-0.10035419126328216,-0.1596283395674991,117000.0,63600.0,-0.3487179487179487,0.19811320754716988,20701684.0,1577468320800.0,5385739800.0,10872053675.0,0.0034141666929125188,yfinance_download,237690.KQ
2025-03-18,76000.0,77900.0,75300.0,77200.0,76957.6875,92335.0,0.013123359580052396,-0.46574394463667823,78385.0,84591.66666666667,90510.83333333333,0.31437006802291173,0.4623073489870772,-0.08639053254437867,-0.07765830346475511,-0.2024793388429752,-0.01511768833322702,-0.0873805536400355,-0.14706342702991348,117000.0,63900.0,-0.3401709401709402,0.2081377151799686,20701684.0,1598170004800.0,7128262000.0,10699247500.0,0.004460265164901561,yfinance_download,237690.KQ
2025-03-19,77000.0,77900.0,76000.0,76200.0,75960.828125,98625.0,-0.012953367875647714,-0.4726643598615917,78015.0,84438.33333333333,90321.66666666667,0.3150905802569761,0.460802761713926,-0.08851674641148322,-0.10772833723653397,-0.22952477249747216,-0.023264756777542805,-0.09756627124331363,-0.15634860590851218,117000.0,66000.0,-0.3487179487179487,0.15454545454545454,20701684.0,1577468320800.0,7515225000.0,10388021570.0,0.004764105181008463,yfinance_download,237690.KQ
2025-03-20,75600.0,77300.0,75450.0,75900.0,75661.7734375,84651.0,-0.003937007874015741,-0.4747404844290657,77690.0,84220.0,90105.83333333333,0.3129028419877035,0.45175101361406755,-0.07888349514563109,-0.14719101123595502,-0.2544204322200393,-0.02304028832539584,-0.0987888862502968,-0.15765719940440404,117000.0,68800.0,-0.35128205128205126,0.10319767441860472,20701684.0,1571257815600.0,6425010900.0,10122987875.0,0.004089087631711507,yfinance_download,237690.KQ
2025-03-21,75900.0,77300.0,75300.0,75800.0,75562.0859375,92451.0,-0.0013175230566534468,-0.47543252595155705,77430.0,83995.0,89825.0,0.3091383079870738,0.4516038110932398,-0.06419753086419755,-0.15117581187010076,-0.30776255707762556,-0.02105127211675062,-0.09756533126971845,-0.1561369329251322,117000.0,68800.0,-0.3521367521367521,0.10174418604651159,20701684.0,1569187647200.0,7007785800.0,9880084565.0,0.004465868573783659,yfinance_download,237690.KQ
2025-03-24,75500.0,78700.0,75200.0,77000.0,76758.3203125,57903.0,0.0158311345646438,-0.46712802768166095,77140.0,83795.0,89491.66666666667,0.3029574624227464,0.4531274231072474,-0.07004830917874394,-0.1348314606741573,-0.3418803418803419,-0.001814882032667886,-0.08109075720508385,-0.13958469131204032,117000.0,72700.0,-0.3418803418803419,0.05914718019257226,20701684.0,1594029668000.0,4458531000.0,9442403735.0,0.002797018831897927,yfinance_download,237690.KQ
2025-03-25,76300.0,78200.0,76200.0,77200.0,76957.6875,82246.0,0.0025974025974024872,-0.46574394463667823,76925.0,83663.33333333333,89196.66666666667,0.3000921885228098,0.44474314596462217,-0.05276073619631905,-0.09283196239717983,-0.3143872113676732,0.0035749106272342512,-0.07725407386748473,-0.13449680481333393,117000.0,72700.0,-0.3401709401709402,0.061898211829436,20701684.0,1598170004800.0,6349391200.0,9043671670.0,0.003972913507905927,yfinance_download,237690.KQ
2025-03-26,77900.0,78000.0,75900.0,77200.0,76957.6875,43880.0,0.0,-0.46574394463667823,76670.0,83536.66666666667,88934.16666666667,0.2967383235349305,0.4447244325141418,-0.06196840826245442,-0.089622641509434,-0.2897884084636615,0.006912742924220616,-0.07585491400981614,-0.13194216695870542,117000.0,72700.0,-0.3401709401709402,0.061898211829436,20701684.0,1598170004800.0,3387536000.0,8705878835.0,0.002119634325400774,yfinance_download,237690.KQ
2025-03-27,76600.0,77400.0,76000.0,76200.0,75960.828125,53857.0,-0.012953367875647714,-0.4726643598615917,76380.0,83385.0,88708.33333333333,0.2988284887703375,0.4451208947165406,-0.07073170731707312,-0.10668229777256744,-0.26234269119070663,-0.00235663786331497,-0.08616657672243211,-0.14100516674495067,117000.0,72700.0,-0.3487179487179487,0.04814305364511684,20701684.0,1577468320800.0,4103903400.0,8606714605.0,0.0026015757945102437,yfinance_download,237690.KQ
2025-03-28,76500.0,76800.0,73600.0,74100.0,73867.421875,65312.0,-0.027559055118110187,-0.48719723183391006,76120.0,83185.0,88459.16666666667,0.29235275322696097,0.447696482150394,-0.06557377049180324,-0.13937282229965153,-0.2875,-0.02653704676826063,-0.10921440163491014,-0.16232536669461428,117000.0,73300.0,-0.3666666666666667,0.01091405184174632,20701684.0,1533994784400.0,4839619200.0,7882999990.0,0.0031549124216174876,yfinance_download,237690.KQ
2025-03-31,72000.0,74000.0,70200.0,72100.0,71873.6953125,98271.0,-0.026990553306342813,-0.501038062283737,75900.0,82936.66666666667,88225.83333333333,0.28153472243401456,0.4497801309811088,-0.05751633986928106,-0.171264367816092,-0.2797202797202797,-0.050065876152832645,-0.13066195088621846,-0.18277904241954823,117000.0,72100.0,-0.38376068376068373,0.0,20701684.0,1492591416400.0,7085339100.0,7466801020.0,0.004747005122868265,yfinance_download,237690.KQ
2025-04-01,72000.0,75800.0,72000.0,75000.0,74764.59375,59371.0,0.04022191400832176,-0.48096885813148793,75780.0,82741.66666666667,88011.66666666667,0.3169611967561203,0.4583073261745213,-0.03100775193798455,-0.1349480968858131,-0.2552135054617676,-0.010292953285827355,-0.09356430657669457,-0.1478402484519098,117000.0,72100.0,-0.3589743589743589,0.04022191400832176,20701684.0,1552626300000.0,4452825000.0,7169116900.0,0.002867930937405865,yfinance_download,237690.KQ
2025-04-02,74900.0,75000.0,72800.0,73000.0,72770.875,44791.0,-0.026666666666666616,-0.4948096885813149,75485.0,82476.66666666667,87782.5,0.3190909586764141,0.45743625874065624,-0.07477820025348547,-0.17885264341957252,-0.2736318407960199,-0.032920447771080386,-0.11490118417330164,-0.16839916839916835,117000.0,72100.0,-0.37606837606837606,0.012482662968099856,20701684.0,1511222932000.0,3269743000.0,6794734860.0,0.002163640407224842,yfinance_download,237690.KQ
2025-04-03,71400.0,75200.0,71200.0,74400.0,74166.4765625,53024.0,0.019178082191780854,-0.485121107266436,75270.0,82293.33333333333,87515.0,0.3292750765753846,0.45320177248932314,-0.054637865311308764,-0.12880562060889933,-0.3014084507042254,-0.011558389796731738,-0.0959170447180816,-0.14986002399588638,117000.0,72100.0,-0.36410256410256414,0.03190013869625519,20701684.0,1540205289600.0,3944985600.0,6498519400.0,0.002561337522106897,yfinance_download,237690.KQ
2025-04-04,73600.0,75700.0,72500.0,73900.0,73668.046875,76410.0,-0.006720430107526876,-0.4885813148788928,75210.0,82000.0,87237.5,0.28801032494726847,0.4267213442921254,-0.015978695073235683,-0.1923497267759563,-0.3106343283582089,-0.017417896556308987,-0.09878048780487803,-0.15288723312795527,117000.0,72100.0,-0.3683760683760684,0.02496532593619971,20701684.0,1529854447600.0,5646699000.0,5982015650.0,0.003691004074837583,yfinance_download,237690.KQ
2025-04-07,70800.0,71700.0,66600.0,67300.0,67088.765625,210869.0,-0.08930987821380243,-0.5342560553633218,74805.0,81600.0,86902.5,0.425616855698962,0.4617536189559797,-0.10742705570291777,-0.2628696604600219,-0.37395348837209297,-0.10032751821402308,-0.17524509803921573,-0.225568884669601,117000.0,67300.0,-0.42478632478632483,0.0,20701684.0,1393223333200.0,14191483700.0,6340037335.0,0.010186079547924701,yfinance_download,237690.KQ
2025-04-08,68600.0,74300.0,67700.0,72800.0,72571.5,145962.0,0.08172362555720647,-0.49619377162629763,74780.0,81280.0,86625.0,0.5166489171989553,0.4940085596956605,-0.006821282401091366,-0.20869565217391306,-0.31385485391140433,-0.026477667825621776,-0.10433070866141736,-0.15959595959595962,117000.0,67300.0,-0.37777777777777777,0.08172362555720647,20701684.0,1507082595200.0,10626033600.0,6322981715.0,0.007050730752145574,yfinance_download,237690.KQ
2025-04-09,72800.0,72800.0,67400.0,68200.0,67985.9375,133530.0,-0.06318681318681318,-0.5280276816608996,74485.0,80936.66666666667,86286.66666666667,0.5612334037435347,0.505018029709106,-0.07962213225371118,-0.23198198198198194,-0.37316176470588236,-0.08437940524937904,-0.1573658416045468,-0.20961137294290355,117000.0,67300.0,-0.41709401709401706,0.013372956909361022,20701684.0,1411854848800.0,9106746000.0,6475242605.0,0.006450199896781344,yfinance_download,237690.KQ
2025-04-10,71900.0,73400.0,71200.0,73400.0,73169.6171875,95841.0,0.07624633431085037,-0.49204152249134947,74435.0,80590.0,85994.16666666667,0.628644819072104,0.5143688425108305,-0.013440860215053752,-0.22080679405520165,-0.3235023041474654,-0.013904749109961756,-0.08921702444472024,-0.14645373232680514,117000.0,67300.0,-0.37264957264957266,0.09063893016344715,20701684.0,1519503605600.0,7034729400.0,6409829435.0,0.004629623367838094,yfinance_download,237690.KQ
2025-04-11,72500.0,76700.0,71200.0,76100.0,75861.140625,116516.0,0.03678474114441421,-0.4733564013840831,74460.0,80308.33333333333,85719.16666666667,0.6398198692431709,0.5206002168063125,0.006613756613756516,-0.18172043010752692,-0.3024747937671861,0.022025248455546542,-0.052402199854726494,-0.11221722096380626,117000.0,67300.0,-0.34957264957264955,0.13075780089153044,20701684.0,1575398152400.0,8866867600.0,6541322815.0,0.005628334390574216,yfinance_download,237690.KQ
2025-04-14,76100.0,78400.0,75700.0,77500.0,77256.75,98408.0,0.018396846254927768,-0.46366782006920415,74525.0,80093.33333333333,85485.0,0.6423740524191031,0.5197029793238067,0.017060367454068137,-0.14269911504424782,-0.26609848484848486,0.03991949010399187,-0.03237889129349092,-0.09340820026905305,117000.0,67300.0,-0.33760683760683763,0.15156017830609203,20701684.0,1604380510000.0,7626620000.0,6653366825.0,0.00475362294197902,yfinance_download,237690.KQ
2025-04-15,78400.0,79100.0,76600.0,78200.0,77954.5546875,95511.0,0.00903225806451613,-0.45882352941176474,74575.0,79890.0,85271.66666666667,0.6415664698143874,0.5201835867816814,0.012953367875647714,-0.13495575221238942,-0.24662813102119463,0.048608783104257425,-0.021154086869445532,-0.0829310243730822,117000.0,67300.0,-0.33162393162393167,0.16196136701337305,20701684.0,1618871688800.0,7468960200.0,6670401735.0,0.0046136826356735034,yfinance_download,237690.KQ
2025-04-16,77500.0,78800.0,75500.0,76000.0,75761.4609375,71190.0,-0.02813299232736577,-0.47404844290657444,74565.0,79693.33333333333,84988.33333333333,0.6483045340895867,0.5200465658059585,-0.002624671916010457,-0.13439635535307515,-0.3090909090909091,0.019244954066921505,-0.04634431989292276,-0.10575961406467549,117000.0,67300.0,-0.3504273504273504,0.12927191679049033,20701684.0,1573327984000.0,5410440000.0,6565162485.0,0.003438850675143143,yfinance_download,237690.KQ
2025-04-17,75900.0,77000.0,75800.0,76100.0,75861.140625,43415.0,0.001315789473684159,-0.4733564013840831,74575.0,79460.0,84710.0,0.6480784108162377,0.5167999071392603,0.0026350461133068936,-0.1553829078801332,-0.3050228310502283,0.020449212202480638,-0.042285426629750766,-0.10164089245661667,117000.0,67300.0,-0.34957264957264955,0.13075780089153044,20701684.0,1575398152400.0,3303881500.0,6409106015.0,0.0020971723846233956,yfinance_download,237690.KQ
2025-04-18,75600.0,77400.0,75500.0,76600.0,76359.5703125,56111.0,0.006570302233902758,-0.4698961937716263,74615.0,79290.0,84493.33333333333,0.6483212569766866,0.5121026769054916,0.01055408970976246,-0.11751152073732718,-0.253411306042885,0.026603229913556348,-0.033926094085004466,-0.09341959917942244,117000.0,67300.0,-0.3452991452991453,0.138187221396731,20701684.0,1585748994400.0,4298102600.0,6273621855.0,0.002710455825719299,yfinance_download,237690.KQ
2025-04-21,76100.0,76500.0,75100.0,75800.0,75562.0859375,29935.0,-0.010443864229765065,-0.47543252595155705,74555.0,79131.66666666667,84298.33333333333,0.6472283107930861,0.5113979682643217,-0.01558441558441559,-0.11137162954279012,-0.2358870967741935,0.016699081215210354,-0.042102824406579864,-0.10081259020542122,117000.0,67300.0,-0.3521367521367521,0.1263001485884101,20701684.0,1569187647200.0,2269073000.0,6164148955.0,0.001446017628324343,yfinance_download,237690.KQ
2025-04-22,74100.0,77000.0,74100.0,76300.0,76060.515625,51037.0,0.006596306068601621,-0.47197231833910036,74510.0,78973.33333333333,84109.16666666667,0.6475962850739562,0.5114450833708315,-0.011658031088082943,-0.11072261072261069,-0.22929292929292933,0.024023620990471173,-0.03385108897518141,-0.09284560739515124,117000.0,67300.0,-0.34786324786324785,0.13372956909361067,20701684.0,1579538489200.0,3894123100.0,6041385550.0,0.0024653549923764656,yfinance_download,237690.KQ
2025-04-23,76800.0,77000.0,76100.0,76700.0,76459.2578125,36455.0,0.005242463958060384,-0.4692041522491349,74485.0,78775.0,83937.5,0.6478415807467741,0.5067084188400078,-0.006476683937823857,-0.1343115124153499,-0.21171634121274407,0.029737531046519328,-0.026340844176451883,-0.08622486969471332,117000.0,67300.0,-0.34444444444444444,0.13967310549777112,20701684.0,1587819162800.0,2796098500.0,6011813675.0,0.0017609678516974754,yfinance_download,237690.KQ
2025-04-24,76100.0,78300.0,76100.0,77400.0,77157.0625,50725.0,0.009126466753585305,-0.4643598615916955,74545.0,78608.33333333333,83806.66666666667,0.6465145334702429,0.5066134181085974,0.015748031496062964,-0.11441647597254001,-0.16863587540279268,0.0382990140183781,-0.015371567899925775,-0.07644578792458834,117000.0,67300.0,-0.3384615384615385,0.15007429420505192,20701684.0,1602310341600.0,3926115000.0,6002924255.0,0.0024502837546935795,yfinance_download,237690.KQ
2025-04-25,77400.0,78100.0,76900.0,77100.0,76858.0078125,38957.0,-0.003875968992248069,-0.4664359861591696,74695.0,78436.66666666667,83660.0,0.6377678694172614,0.5066259309112233,0.04048582995951411,-0.11784897025171626,-0.18585005279831046,0.03219760358792412,-0.017041349708894704,-0.0784126225197227,117000.0,67300.0,-0.34102564102564104,0.14561664190193158,20701684.0,1596099836400.0,3003584700.0,5911122530.0,0.0018818275846544659,yfinance_download,237690.KQ
2025-04-28,77100.0,81400.0,76800.0,79300.0,79051.1015625,180988.0,0.028534370946822207,-0.4512110726643599,75055.0,78311.66666666667,83509.16666666667,0.6338626845034142,0.5102322909790272,0.09986130374479885,-0.08640552995391704,-0.18583162217659133,0.05655852374925052,0.012620512056526145,-0.05040364830208266,117000.0,67300.0,-0.3222222222222222,0.1783060921248143,20701684.0,1641643541200.0,14352348400.0,6274472995.0,0.008742670403045471,yfinance_download,237690.KQ
2025-04-29,80200.0,80300.0,76200.0,78200.0,77954.5546875,102159.0,-0.013871374527112179,-0.45882352941176474,75215.0,78276.66666666667,83325.0,0.6235973399203193,0.48730071990944746,0.04266666666666663,-0.026151930261519296,-0.22033898305084743,0.03968623279930861,-0.0009794319294809117,-0.06150615061506148,117000.0,67300.0,-0.33162393162393167,0.16196136701337305,20701684.0,1618871688800.0,7988833800.0,6451273435.0,0.004934815930916538,yfinance_download,237690.KQ
2025-04-30,77500.0,81100.0,77000.0,79000.0,78752.0390625,118774.0,0.010230179028132946,-0.45328719723183386,75515.0,78213.33333333333,83185.83333333333,0.6141339112425213,0.48346810380775496,0.08219178082191791,-0.04589371980676327,-0.1745036572622779,0.04614977156856259,0.010057961131946902,-0.05031906474459791,117000.0,67300.0,-0.32478632478632474,0.17384843982169396,20701684.0,1635433036000.0,9383146000.0,6756943585.0,0.005737407642779206,yfinance_download,237690.KQ
2025-05-02,78100.0,79500.0,77900.0,78900.0,78652.3515625,41749.0,-0.0012658227848101333,-0.4539792387543252,75740.0,78148.33333333333,83002.5,0.612012994677279,0.4834713858991999,0.06048387096774199,-0.047101449275362306,-0.21803766105054512,0.04172167942962757,0.00961846061976157,-0.049426222101743966,117000.0,67300.0,-0.3256410256410256,0.17236255572065384,20701684.0,1633362867600.0,3293996100.0,6724394110.0,0.002016695839816703,yfinance_download,237690.KQ
2025-05-07,78300.0,78300.0,74700.0,75000.0,74764.59375,106130.0,-0.049429657794676785,-0.48096885813148793,75795.0,77898.33333333333,82814.16666666667,0.639759110283595,0.4584235399544841,0.014884979702300516,-0.16666666666666663,-0.23155737704918034,-0.010488818523649357,-0.03720661546032211,-0.09435784940177305,117000.0,67300.0,-0.3589743589743589,0.11441307578008919,20701684.0,1552626300000.0,7959750000.0,6840046660.0,0.005126636074630451,yfinance_download,237690.KQ
2025-05-08,75100.0,76900.0,74900.0,75500.0,75263.0234375,88072.0,0.006666666666666599,-0.47750865051903113,76205.0,77671.66666666667,82626.66666666667,0.5423350205971343,0.45855047026686696,0.12184249628528976,-0.15263748597081928,-0.22959183673469385,-0.009251361459221785,-0.027959573418020356,-0.08625141197353559,117000.0,67300.0,-0.35470085470085466,0.12184249628528976,20701684.0,1562977142000.0,6649436000.0,6462944275.0,0.004254339888484435,yfinance_download,237690.KQ
2025-05-09,75500.0,75700.0,74300.0,74600.0,74365.8515625,42817.0,-0.01192052980132452,-0.48373702422145326,76295.0,77358.33333333333,82463.33333333333,0.46615119506511155,0.44661403037183334,0.024725274725274637,-0.20128479657387577,-0.20806794055201694,-0.022216396880529565,-0.03565657653775711,-0.09535551154048261,117000.0,67300.0,-0.36239316239316244,0.10846953937592874,20701684.0,1544345626400.0,3194148200.0,6091350005.0,0.0020682858457311973,yfinance_download,237690.KQ
2025-05-12,75000.0,75000.0,71400.0,71700.0,71474.953125,122624.0,-0.03887399463806973,-0.5038062283737024,76470.0,77056.66666666667,82270.0,0.4277174077605144,0.44672563709529595,0.0513196480938416,-0.2015590200445434,-0.24446786090621708,-0.06237740290309923,-0.06951594064973832,-0.12847939710708645,117000.0,67300.0,-0.38717948717948714,0.06537890044576522,20701684.0,1484310742800.0,8792140800.0,6075619745.0,0.005923382851366101,yfinance_download,237690.KQ
2025-05-13,72700.0,74100.0,72300.0,73600.0,73368.9921875,68046.0,0.02649930264993028,-0.49065743944636675,76480.0,76853.33333333333,82061.66666666667,0.3424402524293404,0.4424529330557715,0.0027247956403269047,-0.14219114219114215,-0.2535496957403651,-0.03765690376569042,-0.04233171408743919,-0.10311351219611276,117000.0,67300.0,-0.37094017094017095,0.09361069836552738,20701684.0,1523643942400.0,5008185600.0,5974292555.0,0.0032869789723386756,yfinance_download,237690.KQ
2025-05-14,72400.0,74300.0,71800.0,74200.0,73967.109375,48103.0,0.008152173913043459,-0.4865051903114187,76385.0,76668.33333333333,81887.5,0.31611582063400756,0.4428866714005909,-0.024967148488830526,-0.13012895662368118,-0.2197686645636172,-0.02860509262289712,-0.032194952283645994,-0.09387879713020908,117000.0,67300.0,-0.36581196581196584,0.10252600297176828,20701684.0,1536064952800.0,3569242600.0,5709411305.0,0.002323627391858556,yfinance_download,237690.KQ
2025-05-15,73600.0,75200.0,73400.0,74600.0,74365.8515625,49502.0,0.005390835579514919,-0.48373702422145326,76240.0,76505.0,81753.33333333333,0.3087776035096997,0.44276732635372634,-0.03741935483870973,-0.11611374407582942,-0.17750826901874306,-0.021511017838405033,-0.024900333311548284,-0.08749898067357087,117000.0,67300.0,-0.36239316239316244,0.10846953937592874,20701684.0,1544345626400.0,3692849200.0,5512722765.0,0.0023912064351866253,yfinance_download,237690.KQ
2025-05-16,74300.0,74900.0,72500.0,72800.0,72571.5,42707.0,-0.024128686327077764,-0.49619377162629763,75970.0,76310.0,81605.0,0.3158141445221766,0.44510291343482666,-0.06905370843989767,-0.1384615384615384,-0.19646799116997793,-0.04172699749901276,-0.04599659284497448,-0.10789780037987873,117000.0,67300.0,-0.37777777777777777,0.08172362555720647,20701684.0,1507082595200.0,3109069600.0,5294728235.0,0.0020629722683430003,yfinance_download,237690.KQ
2025-05-19,72600.0,72800.0,70800.0,71600.0,71375.265625,71243.0,-0.016483516483516536,-0.5044982698961937,75750.0,76110.0,81446.66666666667,0.30626735054009585,0.44574194320903754,-0.05789473684210522,-0.1435406698564593,-0.20971302428256067,-0.05478547854785476,-0.05925633950860598,-0.12089711058361308,117000.0,67300.0,-0.388034188034188,0.0638930163447251,20701684.0,1482240574400.0,5100998800.0,5279256175.0,0.003441410853339274,yfinance_download,237690.KQ
2025-05-20,72200.0,77300.0,71900.0,73900.0,73668.046875,108267.0,0.032122905027933024,-0.4885813148788928,75640.0,75968.33333333333,81337.5,0.33033348743957264,0.45047639709359827,-0.02890932982917216,-0.10315533980582525,-0.15057471264367817,-0.023003701745108462,-0.027226256554265915,-0.09143998770554784,117000.0,67300.0,-0.3683760683760684,0.09806835066864794,20701684.0,1529854447600.0,8000931300.0,5514108665.0,0.005229864391708423,yfinance_download,237690.KQ
2025-05-21,74900.0,76400.0,74200.0,75700.0,75462.3984375,59396.0,0.02435723951285529,-0.4761245674740484,75595.0,75880.0,81250.0,0.3417603520723596,0.45233648019800543,-0.011749347258485643,-0.0654320987654321,-0.1218097447795824,0.0013889807526952236,-0.0023721665788086765,-0.06830769230769229,117000.0,67300.0,-0.35299145299145296,0.12481426448736999,20701684.0,1567117478800.0,4496277200.0,5524017395.0,0.0028691385686304555,yfinance_download,237690.KQ
2025-05-22,76000.0,78300.0,75100.0,75600.0,75362.7109375,100576.0,-0.0013210039630119352,-0.47681660899653977,75585.0,75760.0,81180.83333333333,0.3397214316304376,0.44980102609625044,-0.0026385224274406704,-0.08695652173913049,-0.098927294398093,0.0001984520738240736,-0.002111932418162654,-0.06874570146894277,117000.0,67300.0,-0.3538461538461538,0.12332838038632987,20701684.0,1565047310400.0,7603545600.0,5790741025.0,0.004858348721775484,yfinance_download,237690.KQ
2025-05-23,75300.0,76300.0,74100.0,75500.0,75263.0234375,44742.0,-0.001322751322751281,-0.47750865051903113,75545.0,75660.0,81095.83333333333,0.3388709729478305,0.44877417972120986,-0.010484927916120546,-0.07361963190184051,-0.11901983663943994,-0.0005956714541002217,-0.0021147237642082928,-0.06900272311565525,117000.0,67300.0,-0.35470085470085466,0.12184249628528976,20701684.0,1562977142000.0,3378021000.0,5764935920.0,0.002161273450024645,yfinance_download,237690.KQ
2025-05-26,76500.0,77000.0,75500.0,76600.0,76359.5703125,55417.0,0.014569536423840956,-0.4698961937716263,75540.0,75565.0,81040.83333333333,0.34249533260770815,0.44936340139971553,-0.0013037809647978849,-0.06925880923450789,-0.07932692307692313,0.01403230076780515,0.01369681730960104,-0.054797478637312436,117000.0,67300.0,-0.3452991452991453,0.138187221396731,20701684.0,1585748994400.0,4244942200.0,5837378105.0,0.002676931982924674,yfinance_download,237690.KQ
2025-05-27,76500.0,77500.0,75800.0,77500.0,77256.75,66330.0,0.011749347258485532,-0.46366782006920415,75545.0,75490.0,80976.66666666667,0.34353126711487336,0.45005407198390124,0.0012919896640826156,-0.054878048780487854,-0.09037558685446012,0.025878615394797855,0.02662604318452777,-0.042934178569958514,117000.0,67300.0,-0.33760683760683763,0.15156017830609203,20701684.0,1604380510000.0,5140575000.0,5898101105.0,0.003204087165082802,yfinance_download,237690.KQ
2025-05-28,77900.0,77900.0,76100.0,76400.0,76160.203125,58065.0,-0.014193548387096744,-0.471280276816609,75510.0,75441.66666666667,80916.66666666667,0.34712378402419414,0.4459152204195233,-0.009079118028534339,-0.03656998738965955,-0.0861244019138756,0.011786518341941443,0.012702971390699203,-0.055818743563336826,117000.0,67300.0,-0.347008547008547,0.13521545319465078,20701684.0,1581608657600.0,4436166000.0,5969730170.0,0.0028048442822332714,yfinance_download,237690.KQ
2025-05-29,77300.0,78900.0,76700.0,77500.0,77256.75,87549.0,0.014397905759162333,-0.46366782006920415,75420.0,75458.33333333333,80869.16666666667,0.33500410981163986,0.44082092476517926,-0.022698612862547263,0.013071895424836555,-0.06850961538461542,0.027578891540705364,0.02705687465488693,-0.04166194367445364,117000.0,67300.0,-0.33760683760683763,0.15156017830609203,20701684.0,1604380510000.0,6785047500.0,5591365125.0,0.004229076243266007,yfinance_download,237690.KQ
2025-05-30,77500.0,80400.0,77300.0,79200.0,78951.4140625,129607.0,0.021935483870967776,-0.45190311418685125,75470.0,75488.33333333333,80780.83333333333,0.3407258855340148,0.44241135858168446,0.01278772378516635,0.023255813953488413,-0.1180400890868597,0.04942361203127077,0.049168745722297125,-0.01956941106079202,117000.0,67300.0,-0.32307692307692304,0.17682020802377418,20701684.0,1639573372800.0,10264874400.0,5705167155.0,0.006260698405018645,yfinance_download,237690.KQ
2025-06-02,78800.0,80500.0,77300.0,79500.0,79250.46875,102632.0,0.0037878787878788955,-0.44982698961937717,75495.0,75498.33333333333,80710.0,0.33913893145849955,0.4407604258763029,0.006329113924050667,0.0076045627376426506,-0.09659090909090906,0.05304987085237434,0.05300337755800366,-0.014991946475034101,117000.0,67300.0,-0.3205128205128205,0.18127786032689452,20701684.0,1645783878000.0,8159244000.0,5643972055.0,0.004957664313685785,yfinance_download,237690.KQ
2025-06-04,81000.0,81100.0,77300.0,78200.0,77954.5546875,117125.0,-0.01635220125786163,-0.45882352941176474,75460.0,75490.0,80615.83333333333,0.34438847139108486,0.44207538229125437,-0.008871989860583018,-0.006353240152477735,-0.1262569832402235,0.036310628147362856,0.035898794542323476,-0.029967231416491713,117000.0,67300.0,-0.33162393162393167,0.16196136701337305,20701684.0,1618871688800.0,9159175000.0,5937231000.0,0.005657752287205234,yfinance_download,237690.KQ
2025-06-05,78600.0,79100.0,77100.0,77200.0,76957.6875,76309.0,-0.012787723785166238,-0.46574394463667823,75570.0,75525.0,80509.16666666667,0.29612468162237926,0.4324773371328505,0.029333333333333433,0.02796271637816239,-0.14222222222222225,0.021569405848881784,0.022178086726249546,-0.04110297999192647,117000.0,67300.0,-0.3401709401709402,0.1471025260029717,20701684.0,1598170004800.0,5891054800.0,5833796240.0,0.0036861252446902387,yfinance_download,237690.KQ
2025-06-09,77400.0,80600.0,77000.0,80300.0,80047.9609375,161612.0,0.04015544041450769,-0.4442906574394464,75810.0,75606.66666666667,80452.5,0.3260532109398929,0.4398947625072584,0.06357615894039736,0.0649867374005304,-0.07807118254879453,0.05922701490568527,0.062075654704170535,-0.0018955284173891584,117000.0,67300.0,-0.31367521367521367,0.19316493313521543,20701684.0,1662345225200.0,12977443600.0,6150196620.0,0.007806707898739059,yfinance_download,237690.KQ
2025-06-10,80300.0,84700.0,79800.0,83200.0,82938.859375,208627.0,0.036114570361145626,-0.4242214532871972,76240.0,75771.66666666667,80417.5,0.34059741418238376,0.4412404075233267,0.11528150134048265,0.1350613915416099,-0.048054919908466776,0.09129066107030437,0.09803576534764535,0.034600677713184425,117000.0,67300.0,-0.28888888888888886,0.23625557206537895,20701684.0,1722380108800.0,17357766400.0,6858377530.0,0.010077779179703449,yfinance_download,237690.KQ
2025-06-11,83300.0,84000.0,82400.0,83700.0,83437.2890625,89924.0,0.006009615384615419,-0.4207612456747405,76840.0,75931.66666666667,80417.5,0.29721013931597284,0.44095508600306504,0.16736401673640167,0.12955465587044523,0.0,0.08927641853201451,0.10230689874667998,0.040818229862902955,117000.0,67300.0,-0.2846153846153846,0.24368499257057952,20701684.0,1732730950800.0,7526638800.0,6795102430.0,0.004343801209602079,yfinance_download,237690.KQ
2025-06-12,84400.0,84800.0,83000.0,83000.0,82739.484375,133361.0,-0.008363201911589013,-0.4256055363321799,77310.0,76075.0,80479.16666666667,0.2940712006089663,0.4414917745078367,0.1277173913043479,0.11559139784946226,0.0978835978835979,0.07359979304100372,0.09102859020703247,0.03132280610924143,117000.0,67300.0,-0.29059829059829057,0.23328380386329872,20701684.0,1718239772000.0,11068963000.0,7098141300.0,0.006442036309703114,yfinance_download,237690.KQ
2025-06-13,83000.0,83500.0,79300.0,81200.0,80945.1328125,151195.0,-0.02168674698795181,-0.43806228373702427,77660.0,76168.33333333333,80479.16666666667,0.3100692582689038,0.4431969123506183,0.09433962264150941,0.07407407407407418,0.0,0.04558331187226372,0.06605982363624441,0.008956769350245919,117000.0,67300.0,-0.305982905982906,0.20653789004457646,20701684.0,1680976740800.0,12277034000.0,7533530870.0,0.007303512120076802,yfinance_download,237690.KQ
2025-06-16,81300.0,82400.0,78900.0,79900.0,79649.21875,97063.0,-0.016009852216748777,-0.44705882352941173,77925.0,76230.0,80465.0,0.31862212296367226,0.44444433345143713,0.07104557640750664,0.04855643044619429,-0.02083333333333337,0.02534488290022452,0.04814377541650261,-0.007021686447523767,117000.0,67300.0,-0.3170940170940171,0.18722139673105498,20701684.0,1654064551600.0,7755333700.0,7736655095.0,0.0046886523820960655,yfinance_download,237690.KQ
2025-06-17,79500.0,80400.0,78600.0,79100.0,78851.7265625,53847.0,-0.010012515644555742,-0.4525951557093426,78240.0,76261.66666666667,80426.66666666667,0.30600244341648797,0.44431724486598523,0.08653846153846145,0.024611398963730657,-0.054958183990442055,0.010991820040899825,0.03721834910505484,-0.016495358090185763,117000.0,67300.0,-0.3239316239316239,0.17533432392273407,20701684.0,1637503204400.0,4259297700.0,7794166500.0,0.0026010927420204075,yfinance_download,237690.KQ
2025-06-18,78700.0,79200.0,77600.0,78000.0,77755.1796875,77139.0,-0.013906447534766109,-0.46020761245674735,78560.0,76291.66666666667,80365.0,0.303806076353912,0.4444474442541301,0.0893854748603351,0.023622047244094446,-0.0866510538641686,-0.007128309572301372,0.022392135445111983,-0.02942823368381753,117000.0,67300.0,-0.33333333333333337,0.15898959881129282,20701684.0,1614731352000.0,6016842000.0,7839958660.0,0.0037262186013466343,yfinance_download,237690.KQ
2025-06-19,78700.0,78800.0,76800.0,77300.0,77057.375,55054.0,-0.008974358974358942,-0.46505190311418687,78730.0,76315.0,80267.5,0.2888334709717159,0.44479532037079805,0.046008119079837595,0.01844532279314892,-0.13146067415730334,-0.01816334307125622,0.012907030072724979,-0.036970131124053895,117000.0,67300.0,-0.33931623931623933,0.1485884101040118,20701684.0,1600240173200.0,4255674200.0,7652695805.0,0.002659397177543624,yfinance_download,237690.KQ
2025-06-20,78600.0,81800.0,78500.0,80800.0,80546.390625,146728.0,0.04527813712807238,-0.4408304498269896,78985.0,76398.33333333333,80196.66666666667,0.31799494879929524,0.45405082997925134,0.06737120211360637,0.06596306068601576,-0.09518477043673013,0.02297904665442796,0.05761469491044746,0.007523172201670869,117000.0,67300.0,-0.3094017094017094,0.200594353640416,20701684.0,1672696067200.0,11855622400.0,8020663065.0,0.007087732572867019,yfinance_download,237690.KQ
2025-06-23,80300.0,80300.0,77700.0,78300.0,78054.234375,98057.0,-0.030940594059405968,-0.4581314878892734,79120.0,76420.0,80107.5,0.3404794359460409,0.45783329877379514,0.03571428571428581,0.016883116883116944,-0.12022471910112364,-0.010364004044489339,0.024600889819418992,-0.022563430390412864,117000.0,67300.0,-0.3307692307692308,0.16344725111441316,20701684.0,1620941857200.0,7677863100.0,8024378940.0,0.0047366677995857726,yfinance_download,237690.KQ
2025-06-24,79200.0,79900.0,78100.0,79100.0,78851.7265625,96869.0,0.010217113665389466,-0.4525951557093426,79300.0,76451.66666666667,80057.5,0.3414608183937098,0.4582351400280677,0.04768211920529808,0.024611398963730657,-0.07050528789659227,-0.0025220680958385477,0.03464062261559575,-0.011960153639571591,117000.0,67300.0,-0.3239316239316239,0.17533432392273407,20701684.0,1637503204400.0,7662337900.0,8238594785.0,0.004679281163793245,yfinance_download,237690.KQ
2025-06-25,79300.0,80200.0,78200.0,79200.0,78951.4140625,57218.0,0.0012642225031604948,-0.45190311418685125,79430.0,76485.0,80010.83333333333,0.33850211895989196,0.45823285689062127,0.03394255874673635,0.02590673575129543,-0.06603773584905659,-0.0028956313735364336,0.03549715630515782,-0.01013404434816112,117000.0,67300.0,-0.32307692307692304,0.17682020802377418,20701684.0,1639573372800.0,4531665600.0,8252930955.0,0.0027639297363441545,yfinance_download,237690.KQ
2025-06-26,80000.0,80000.0,77500.0,77700.0,77456.125,62839.0,-0.018939393939393923,-0.46228373702422143,79440.0,76510.0,79947.5,0.3441213093283041,0.45916553175961666,0.002580645161290418,0.019685039370078705,-0.08909730363423207,-0.021903323262839836,0.015553522415370447,-0.028112198630351193,117000.0,67300.0,-0.3358974358974359,0.15453194650817226,20701684.0,1608520846800.0,4882590300.0,8240031720.0,0.003035453540881022,yfinance_download,237690.KQ
2025-06-27,78200.0,79100.0,76300.0,76500.0,76259.890625,65279.0,-0.015444015444015413,-0.47058823529411764,79445.0,76550.0,79867.5,0.34485008491962216,0.4566410876455859,0.0013089005235602524,0.03238866396761142,-0.11149825783972123,-0.03706967084146262,-0.0006531678641410466,-0.04216358343506432,117000.0,67300.0,-0.34615384615384615,0.1367013372956909,20701684.0,1583678826000.0,4993843500.0,8267915595.0,0.0031533183484010285,yfinance_download,237690.KQ
2025-06-30,77100.0,77700.0,76100.0,77000.0,76758.3203125,50798.0,0.006535947712418277,-0.46712802768166095,79420.0,76631.66666666667,79784.16666666667,0.3416981332741893,0.45303776175300053,-0.006451612903225823,0.06796116504854366,-0.11494252873563215,-0.030470914127423865,0.004806542117053336,-0.034896230455081945,117000.0,67300.0,-0.3418803418803419,0.14413075780089146,20701684.0,1594029668000.0,3911446000.0,8124235520.0,0.002453810037869383,yfinance_download,237690.KQ
2025-07-01,77600.0,84500.0,77600.0,84400.0,84135.09375,276330.0,0.09610389610389602,-0.4159169550173011,79680.0,76788.33333333333,79765.0,0.47899293638599194,0.48666693924512755,0.06565656565656575,0.1253333333333333,-0.026528258362168433,0.05923694779116473,0.09912530115251883,0.05810819281639823,117000.0,67300.0,-0.27863247863247864,0.2540861812778603,20701684.0,1747222129600.0,23322252000.0,8777104400.0,0.013348189451640746,yfinance_download,237690.KQ
2025-07-02,85300.0,89300.0,84700.0,86200.0,85929.4453125,327023.0,0.021327014218009532,-0.4034602076124567,80015.0,77008.33333333333,79742.5,0.48311128500940886,0.4843453828472834,0.08427672955974841,0.1808219178082191,-0.030371203599550034,0.07729800662375808,0.1193593766908343,0.08097940245164126,117000.0,67300.0,-0.2632478632478632,0.28083209509658236,20701684.0,1784485160800.0,28189382600.0,9778611330.0,0.01579692743836685,yfinance_download,237690.KQ
2025-07-03,86700.0,88900.0,85800.0,88000.0,87723.7890625,181271.0,0.02088167053364276,-0.39100346020761245,80505.0,77235.0,79764.16666666667,0.4798851087253219,0.48459751053400396,0.1253196930946292,0.18279569892473124,0.030444964871194413,0.09309980746537483,0.1393798148507801,0.10325229583041673,117000.0,67300.0,-0.24786324786324787,0.3075780089153046,20701684.0,1821748192000.0,15951848000.0,10118244980.0,0.008756340788507833,yfinance_download,237690.KQ
2025-07-04,88000.0,89000.0,84400.0,84800.0,84533.8359375,148735.0,-0.036363636363636376,-0.41314878892733564,80885.0,77416.66666666667,79708.33333333333,0.49925538951245735,0.49097034775304266,0.09844559585492219,0.14749661705006756,-0.07322404371584701,0.04840205229647032,0.0953713670613563,0.06387872451646626,117000.0,67300.0,-0.27521367521367524,0.26002971768202077,20701684.0,1755502803200.0,12612728000.0,10454328640.0,0.007184681207577123,yfinance_download,237690.KQ
2025-07-07,83500.0,85200.0,83100.0,84000.0,83736.34375,65961.0,-0.009433962264150941,-0.4186851211072664,81070.0,77695.0,79647.5,0.4839524256445343,0.4527963558077202,0.04607721046077207,0.24814264487369986,-0.07995618838992335,0.036141606019489236,0.08115065319518622,0.054647038513449875,117000.0,67300.0,-0.28205128205128205,0.24814264487369986,20701684.0,1738941456000.0,5540724000.0,10082492660.0,0.0031862625282078503,yfinance_download,237690.KQ
2025-07-08,83800.0,84700.0,82300.0,83700.0,83437.2890625,90254.0,-0.0035714285714285587,-0.4207612456747405,81095.0,77876.66666666667,79578.33333333333,0.4678251292281528,0.4231052439536553,0.006009615384615419,0.14972527472527464,-0.0902173913043478,0.03212281891608604,0.07477635577622732,0.05179382997884696,117000.0,67300.0,-0.2846153846153846,0.24368499257057952,20701684.0,1732730950800.0,7554259800.0,9592317330.0,0.00435974194176667,yfinance_download,237690.KQ
2025-07-09,84300.0,84300.0,82300.0,82500.0,82241.0546875,67859.0,-0.014336917562724039,-0.4290657439446367,81035.0,78115.0,79525.83333333333,0.47032972388170324,0.40194255450084926,-0.014336917562724039,0.20967741935483875,-0.07094594594594594,0.018078608008885055,0.05613518530371886,0.03739874883423622,117000.0,67300.0,-0.2948717948717948,0.22585438335809815,20701684.0,1707888930000.0,5598367500.0,9495903765.0,0.0032779458907787407,yfinance_download,237690.KQ
2025-07-10,84500.0,87000.0,82500.0,85600.0,85331.328125,185674.0,0.037575757575757596,-0.40761245674740487,81165.0,78318.33333333333,79454.16666666667,0.487850430671718,0.3792140158510712,0.031325301204819356,0.1662125340599454,-0.09129511677282376,0.0546417790919731,0.09297525057989842,0.07735067386858252,117000.0,67300.0,-0.2683760683760684,0.2719167904903417,20701684.0,1772064150400.0,15893694400.0,9737140335.0,0.008969028799782666,yfinance_download,237690.KQ
2025-07-11,86500.0,86700.0,83200.0,83300.0,83038.546875,102589.0,-0.026869158878504718,-0.42352941176470593,81270.0,78438.33333333333,79373.33333333333,0.4915177233121286,0.3773122110034921,0.02586206896551735,0.09461235216819963,-0.10430107526881716,0.0249784668389319,0.061980749208507824,0.04947085503107673,117000.0,67300.0,-0.288034188034188,0.23774145616641906,20701684.0,1724450277200.0,8545663700.0,9550571820.0,0.00495558718797949,yfinance_download,237690.KQ
2025-07-14,84200.0,85500.0,81900.0,84400.0,84135.09375,100666.0,0.013205282112845218,-0.4159169550173011,81495.0,78553.33333333333,79323.33333333333,0.48847179236165733,0.3764848421133193,0.0563204005006257,0.0890322580645162,-0.0663716814159292,0.03564635867231125,0.07442926249681747,0.06399966382317102,117000.0,67300.0,-0.27863247863247864,0.2540861812778603,20701684.0,1747222129600.0,8496210400.0,9587615655.0,0.00486269619418401,yfinance_download,237690.KQ
2025-07-15,84100.0,86300.0,84100.0,85900.0,85630.3828125,85294.0,0.017772511848341166,-0.4055363321799308,81835.0,78681.66666666667,79285.83333333333,0.4884759732365627,0.3776367476200773,0.08596713021491786,0.09846547314578014,-0.0497787610619469,0.04967312274699087,0.091740981592493,0.08342179666396898,117000.0,67300.0,-0.26581196581196587,0.276374442793462,20701684.0,1778274655600.0,7326754600.0,9740988500.0,0.0041201479068079675,yfinance_download,237690.KQ
2025-07-16,85200.0,89300.0,84000.0,87900.0,87624.109375,138861.0,0.02328288707799775,-0.3916955017301038,82330.0,78880.0,79286.66666666667,0.48765677181856565,0.3748970965516926,0.12692307692307692,0.15657894736842115,0.001138952164009055,0.06765456091339739,0.11435091277890463,0.1086353317077271,117000.0,67300.0,-0.24871794871794872,0.3060921248142645,20701684.0,1819678023600.0,12205881900.0,10050440495.0,0.006707715179112965,yfinance_download,237690.KQ
2025-07-17,88100.0,89800.0,87100.0,88900.0,88620.96875,170513.0,0.011376564277588264,-0.3847750865051903,82910.0,79093.33333333333,79276.66666666667,0.4844713770068785,0.375305489751921,0.1500646830530401,0.1681997371879107,-0.013318534961154316,0.07224701483536355,0.12398853674983146,0.12138922759954585,117000.0,67300.0,-0.2401709401709402,0.32095096582466565,20701684.0,1840379707600.0,15158605700.0,10595587070.0,0.008236672919942165,yfinance_download,237690.KQ
2025-07-18,91600.0,95300.0,89600.0,93900.0,93605.2734375,444586.0,0.05624296962879649,-0.3501730103806229,83565.0,79381.66666666667,79335.83333333333,0.4972233721664958,0.3908828130170131,0.16212871287128716,0.22584856396866848,0.08179723502304137,0.12367618021899118,0.1828927754099392,0.18357614781046827,117000.0,67300.0,-0.1974358974358974,0.39524517087667155,20701684.0,1943888127600.0,41746625400.0,12090137220.0,0.021475837424626904,yfinance_download,237690.KQ
2025-07-21,93900.0,94300.0,91000.0,93200.0,92907.46875,191052.0,-0.007454739084132078,-0.3550173010380623,84310.0,79671.66666666667,79401.66666666667,0.4795048075454725,0.39046885436473683,0.19029374201787985,0.2295514511873351,0.09261430246189928,0.10544419404578331,0.16980105851097194,0.17377888793266294,117000.0,67300.0,-0.20341880341880347,0.38484398216939075,20701684.0,1929396948800.0,17806046400.0,12596546385.0,0.009228814428816515,yfinance_download,237690.KQ
2025-07-22,93200.0,97000.0,91200.0,94300.0,94004.015625,274849.0,0.011802575107296098,-0.34740484429065743,85070.0,79971.66666666667,79472.5,0.4795838075465177,0.390777013228515,0.19216182048040453,0.23591087811271305,0.0990675990675991,0.10849888327259904,0.1791676218660776,0.18657397212872384,117000.0,67300.0,-0.194017094017094,0.401188707280832,20701684.0,1952168801200.0,25918260700.0,13509342525.0,0.01327664937789602,yfinance_download,237690.KQ
2025-07-23,95000.0,96500.0,93800.0,94800.0,94502.453125,184635.0,0.005302226935312904,-0.34394463667820074,85850.0,80273.33333333333,79524.16666666667,0.47890596004787156,0.39077795532437754,0.19696969696969702,0.23598435462842238,0.06997742663656892,0.10425160163075131,0.18096503612656756,0.19209045468358665,117000.0,67300.0,-0.18974358974358974,0.4086181277860328,20701684.0,1962519643200.0,17503398000.0,14157929145.0,0.008918839646088694,yfinance_download,237690.KQ
2025-07-24,97000.0,102600.0,92000.0,92700.0,92409.0390625,1139006.0,-0.022151898734177222,-0.3584775086505191,86600.0,80528.33333333333,79568.33333333333,0.4815601357343836,0.39420985162050876,0.1930501930501931,0.19767441860465107,0.06064073226544631,0.07043879907621253,0.15114762919883273,0.16503634192832162,117000.0,67300.0,-0.20769230769230773,0.3774145616641902,20701684.0,1919046106800.0,105585856200.0,19193092440.0,0.055019968423824846,yfinance_download,237690.KQ
2025-07-25,92600.0,93500.0,88400.0,89600.0,89318.7734375,280734.0,-0.033441208198489725,-0.3799307958477509,87255.0,80736.66666666667,79586.66666666667,0.4977839872369254,0.4011076257154578,0.17124183006535953,0.16212710765239957,0.02517162471395884,0.026875250701965614,0.10978076875438658,0.1258167197185458,117000.0,67300.0,-0.23418803418803413,0.33135215453194644,20701684.0,1854870886400.0,25153766400.0,20201088585.0,0.013560925768164561,yfinance_download,237690.KQ
2025-07-28,88200.0,90500.0,87800.0,89200.0,88920.0234375,187503.0,-0.004464285714285698,-0.38269896193771624,87865.0,80901.66666666667,79606.66666666667,0.499854346762724,0.39775775571234184,0.15844155844155838,0.12484237074401006,0.02764976958525356,0.01519376315939236,0.10257308254877318,0.12050917008625728,117000.0,67300.0,-0.23760683760683765,0.325408618127786,20701684.0,1846590212800.0,16725267600.0,20841779665.0,0.009057379100173686,yfinance_download,237690.KQ
2025-07-29,88500.0,89100.0,86000.0,87500.0,87225.359375,152945.0,-0.01905829596412556,-0.39446366782006925,88020.0,81056.66666666667,79666.66666666667,0.38383138397743577,0.3987972900610758,0.03672985781990512,0.11892583120204603,0.08966376089663752,-0.005907748239036614,0.07949171361598872,0.09832635983263582,117000.0,67300.0,-0.25213675213675213,0.30014858841010406,20701684.0,1811397350000.0,13382687500.0,20344801440.0,0.007388046305798117,yfinance_download,237690.KQ
2025-07-30,87000.0,87200.0,84900.0,86100.0,85829.7578125,140704.0,-0.016000000000000014,-0.40415224913494807,88015.0,81175.0,79694.16666666667,0.3818716742267934,0.40015647743424854,-0.001160092807424573,0.08987341772151902,0.03985507246376807,-0.021757654945179783,0.06067138897443791,0.0803802034862442,117000.0,67300.0,-0.26410256410256405,0.27934621099554224,20701684.0,1782414992400.0,12114614400.0,19541063030.0,0.006796741752989757,yfinance_download,237690.KQ
2025-07-31,87500.0,88900.0,85900.0,87100.0,86826.6171875,160373.0,0.011614401858304202,-0.3972318339100346,87970.0,81311.66666666667,79730.0,0.3766001049386854,0.40061320687265234,-0.010227272727272751,0.10392902408111526,0.05193236714975846,-0.00988973513697855,0.07118699653596239,0.09243697478991586,117000.0,67300.0,-0.25555555555555554,0.2942050520059436,20701684.0,1803116676400.0,13968488300.0,19441895045.0,0.007746857695248367,yfinance_download,237690.KQ
2025-08-01,85500.0,86300.0,82400.0,82700.0,82440.4296875,211809.0,-0.05051664753157292,-0.427681660899654,87865.0,81440.0,79669.16666666667,0.3973790580941875,0.4012144799389029,-0.024764150943396235,0.10266666666666668,-0.08111111111111113,-0.05878336083764868,0.015471512770137474,0.038042739244584345,117000.0,67300.0,-0.2931623931623931,0.22882615156017838,20701684.0,1712029266800.0,17516604300.0,19687088860.0,0.010231486481969292,yfinance_download,237690.KQ
2025-08-04,84200.0,87400.0,82900.0,87200.0,86926.3046875,142685.0,0.054413542926239344,-0.3965397923875432,88025.0,81635.0,79653.33333333333,0.44149262959407126,0.4153024845636719,0.03809523809523818,0.15496688741721854,-0.021324354657688005,-0.009372337404146558,0.06816929013290873,0.09474389019082707,117000.0,67300.0,-0.2547008547008547,0.2956909361069837,20701684.0,1805186844800.0,12442132000.0,20032159260.0,0.006892434451226287,yfinance_download,237690.KQ
2025-08-05,88500.0,92500.0,87300.0,91000.0,90714.375,232797.0,0.04357798165137616,-0.370242214532872,88390.0,81908.33333333333,79633.33333333333,0.46439506256424967,0.42245042378914194,0.08721624850657106,0.21983914209115274,-0.025695931477516032,0.029528227175019905,0.11099806694475545,0.14273754709083297,117000.0,67300.0,-0.2222222222222222,0.35215453194650825,20701684.0,1883853244000.0,21184527000.0,20713672620.0,0.011245317047637284,yfinance_download,237690.KQ
2025-08-06,90000.0,92000.0,89500.0,90900.0,90614.6875,83934.0,-0.001098901098901095,-0.37093425605536334,88810.0,82228.33333333333,79642.5,0.459590332580379,0.413197600486161,0.10181818181818181,0.2677824267782427,0.012249443207126953,0.02353338587996845,0.1054583780935201,0.14135040964309264,117000.0,67300.0,-0.22307692307692306,0.35066864784546814,20701684.0,1881783075600.0,7629600600.0,20815234275.0,0.00405445276819026,yfinance_download,237690.KQ
2025-08-07,90500.0,91200.0,89400.0,90000.0,89717.515625,60585.0,-0.00990099009900991,-0.3771626297577855,89030.0,82501.66666666667,79677.5,0.44600527655956645,0.41157168792146365,0.051401869158878455,0.22282608695652173,0.04895104895104896,0.01089520386386611,0.09088705278681242,0.12955351259765924,117000.0,67300.0,-0.23076923076923073,0.3372956909361069,20701684.0,1863151560000.0,5452650000.0,20293182055.0,0.002926573509671967,yfinance_download,237690.KQ
2025-08-08,91000.0,91400.0,88800.0,89300.0,89019.7109375,68976.0,-0.007777777777777772,-0.3820069204152249,89330.0,82753.33333333333,79710.83333333333,0.4341043600527538,0.41212730739408304,0.07202881152460994,0.20350404312668458,0.04689331770222749,-0.00033583342662035776,0.07911060984451801,0.12029941559595625,117000.0,67300.0,-0.2367521367521368,0.3268945022288261,20701684.0,1848660381200.0,6159556800.0,20173876710.0,0.003331902853893432,yfinance_download,237690.KQ
2025-08-11,90400.0,92200.0,89000.0,91800.0,91511.8671875,114103.0,0.027995520716685318,-0.3647058823529412,89700.0,83040.0,79772.5,0.4414505565845713,0.4151819075273509,0.08767772511848348,0.23056300268096508,0.08767772511848348,0.02341137123745818,0.1054913294797688,0.15077250932338848,117000.0,67300.0,-0.2153846153846154,0.36404160475482916,20701684.0,1900414591200.0,10474655400.0,20272798960.0,0.005511773824776767,yfinance_download,237690.KQ
2025-08-12,91600.0,93300.0,90300.0,90500.0,90215.9453125,83289.0,-0.014161220043573008,-0.37370242214532867,89930.0,83335.0,79822.5,0.44333836100469515,0.4128144309665024,0.0535506402793946,0.24313186813186816,0.07100591715976323,0.006338263093517149,0.08597828043439137,0.13376554229697146,117000.0,67300.0,-0.22649572649572647,0.3447251114413077,20701684.0,1873502402000.0,7537654500.0,20283343955.0,0.004023295882595831,yfinance_download,237690.KQ
2025-08-13,91800.0,94000.0,91400.0,93700.0,93405.8984375,142616.0,0.0353591160220994,-0.3515570934256055,90220.0,83703.33333333333,79906.66666666667,0.4526483045748302,0.4155118442333705,0.0659840728100114,0.30865921787709505,0.1208133971291867,0.038572378630015614,0.11942973198996465,0.17261805439679612,117000.0,67300.0,-0.1991452991452991,0.3922734026745913,20701684.0,1939747790800.0,13363119200.0,20341205820.0,0.006889101389046417,yfinance_download,237690.KQ
2025-08-14,93500.0,94200.0,92150.0,92800.0,92508.7265625,88664.0,-0.009605122732123772,-0.3577854671280277,90415.0,84018.33333333333,79993.33333333333,0.4539820827109467,0.41259251560294874,0.04386951631046121,0.25575101488497975,0.12621359223300965,0.02637836642150093,0.10452083870583806,0.16009667472289357,117000.0,67300.0,-0.20683760683760688,0.3789004457652303,20701684.0,1921116275200.0,8228019200.0,19994676495.0,0.004282936595882731,yfinance_download,237690.KQ
2025-08-18,92600.0,94400.0,91500.0,91600.0,91312.4921875,72660.0,-0.012931034482758674,-0.3660899653979238,90300.0,84283.33333333333,80081.66666666667,0.4096812660758273,0.4118604755831374,-0.024494142705005273,0.21003963011889026,0.1308641975308642,0.01439645625692143,0.0868103618746292,0.14383233782180693,117000.0,67300.0,-0.2170940170940171,0.36106983655274894,20701684.0,1896274254400.0,6655656000.0,18240128025.0,0.0035098593911490486,yfinance_download,237690.KQ
2025-08-19,92000.0,92100.0,89000.0,89400.0,89119.3984375,84240.0,-0.024017467248908297,-0.3813148788927335,90110.0,84513.33333333333,80136.66666666667,0.4173297518947534,0.4156065178779559,-0.04077253218884125,0.18253968253968256,0.07971014492753614,-0.007879258683830881,0.057821251084641645,0.11559419325319231,117000.0,67300.0,-0.23589743589743595,0.3283803863298662,20701684.0,1850730549600.0,7531056000.0,17726378505.0,0.004069234174379243,yfinance_download,237690.KQ
2025-08-20,88300.0,89700.0,86700.0,89400.0,89119.3984375,81863.0,0.0,-0.3813148788927335,89865.0,84745.0,80202.5,0.41433724917086734,0.41555483402015525,-0.051961823966065745,0.18410596026490067,0.09693251533742342,-0.005174428309130397,0.05492949436544925,0.11467847012250232,117000.0,67300.0,-0.23589743589743595,0.3283803863298662,20701684.0,1850730549600.0,7318552200.0,16796393080.0,0.003954412597545204,yfinance_download,237690.KQ
2025-08-21,88700.0,89800.0,87600.0,88200.0,87923.1640625,75093.0,-0.01342281879194629,-0.38961937716262973,89535.0,84938.33333333333,80251.66666666667,0.4150852630771292,0.4162289079583246,-0.069620253164557,0.15143603133159278,0.07168894289185901,-0.014910370246272397,0.038400408139238396,0.09904259516936298,117000.0,67300.0,-0.24615384615384617,0.31054977711738485,20701684.0,1825888528800.0,6623202600.0,16252383310.0,0.0036273860619261697,yfinance_download,237690.KQ
2025-08-22,90500.0,95400.0,90200.0,92000.0,91711.234375,207218.0,0.04308390022675734,-0.3633217993079585,89500.0,85180.0,80335.0,0.4396128197996133,0.4240242875084581,-0.007551240560949246,0.1870967741935483,0.12195121951219523,0.027932960893854775,0.08006574313219073,0.1452044563390802,117000.0,67300.0,-0.2136752136752137,0.3670133729569094,20701684.0,1904554928000.0,19064056000.0,11926293300.0,0.010009717083885542,yfinance_download,237690.KQ
2025-08-25,93900.0,94000.0,92400.0,92700.0,92409.0390625,131062.0,0.007608695652173925,-0.3584775086505191,89655.0,85451.66666666667,80446.66666666667,0.42201484329998246,0.4225544557665223,0.03459821428571419,0.21335078534031404,0.16897856242118547,0.033963526852936354,0.0848237795244875,0.15231623435816677,117000.0,67300.0,-0.20769230769230773,0.3774145616641902,20701684.0,1919046106800.0,12149447400.0,11276077350.0,0.006330982542289796,yfinance_download,237690.KQ
2025-08-26,92200.0,95000.0,91700.0,94300.0,94004.015625,157582.0,0.01725997842502691,-0.34740484429065743,89910.0,85731.66666666667,80595.0,0.4246148248958742,0.4229082536428516,0.05717488789237679,0.21677419354838712,0.23267973856209156,0.04882660438215991,0.09994362254320643,0.17004776971276137,117000.0,67300.0,-0.194017094017094,0.401188707280832,20701684.0,1952168801200.0,14859982600.0,11182813100.0,0.007612037745335113,yfinance_download,237690.KQ
2025-08-27,94300.0,95100.0,93500.0,94600.0,94303.078125,83701.0,0.0031813361611876534,-0.34532871972318335,90265.0,85988.33333333333,80738.33333333333,0.41646762963838396,0.4211817699691886,0.08114285714285718,0.19444444444444442,0.22222222222222232,0.048025258959729644,0.10014924505262357,0.17168631174782734,117000.0,67300.0,-0.19145299145299144,0.40564635958395234,20701684.0,1958379306400.0,7918114600.0,10909584455.0,0.0040431976451770785,yfinance_download,237690.KQ
2025-08-28,94500.0,95000.0,93100.0,93500.0,93206.53125,68018.0,-0.011627906976744207,-0.3529411764705882,90635.0,86221.66666666667,80860.0,0.4139318674161263,0.4222898161620708,0.08594657375145176,0.17610062893081757,0.18504435994930302,0.03161030506978535,0.08441420369976615,0.15631956467969332,117000.0,67300.0,-0.2008547008547008,0.3893016344725111,20701684.0,1935607454000.0,6359683000.0,10621837885.0,0.0032856264253671346,yfinance_download,237690.KQ
2025-08-29,93600.0,94700.0,92300.0,92600.0,92309.3515625,71589.0,-0.009625668449197877,-0.35916955017301033,90910.0,86461.66666666667,80975.83333333333,0.4159186981697524,0.4211934687275103,0.06314580941446613,0.18414322250639392,0.17662007623888187,0.018589814101859004,0.07099485321047849,0.14355105947247648,117000.0,67300.0,-0.20854700854700858,0.37592867756315007,20701684.0,1916975938400.0,6629141400.0,10254870540.0,0.0034581244694876032,yfinance_download,237690.KQ
2025-09-01,92500.0,93200.0,91100.0,92800.0,92508.7265625,87394.0,0.002159827213822796,-0.3577854671280277,91415.0,86721.66666666667,81123.33333333333,0.3641797856579899,0.41988797951261264,0.12212817412333732,0.20207253886010368,0.23568575233022626,0.015150686430017046,0.07009013510656703,0.1439372149402145,117000.0,67300.0,-0.20683760683760688,0.3789004457652303,20701684.0,1921116275200.0,8110163200.0,9784548485.0,0.004221588929673547,yfinance_download,237690.KQ
2025-09-02,93100.0,96700.0,92300.0,95700.0,95399.625,246485.0,0.03125,-0.3377162629757785,91840.0,86978.33333333333,81292.5,0.33114125095285635,0.41694560740648706,0.09747706422018343,0.19178082191780832,0.26923076923076916,0.042029616724738705,0.10027401460133767,0.17723037180551704,117000.0,67300.0,-0.18205128205128207,0.4219910846953938,20701684.0,1981151158800.0,23588614500.0,10341872610.0,0.011906519295724928,yfinance_download,237690.KQ
2025-09-03,100000.0,102200.0,97500.0,98700.0,98390.2109375,354454.0,0.03134796238244508,-0.31695501730103803,92225.0,87236.66666666667,81504.16666666667,0.314611046113927,0.41545318532815617,0.08461538461538454,0.18629807692307687,0.34652114597544337,0.07020872865275152,0.13140499025639052,0.21098103368948418,117000.0,67300.0,-0.1564102564102564,0.4665676077265972,20701684.0,2043256210800.0,34984609800.0,11031876750.0,0.017121988723236236,yfinance_download,237690.KQ
2025-09-04,99500.0,100100.0,98200.0,99800.0,99486.7578125,159991.0,0.011144883485308954,-0.3093425605536332,92670.0,87505.0,81718.33333333333,0.3148499528226448,0.41573566792850547,0.0979097909790978,0.1923536439665472,0.3468286099865048,0.07693967842883342,0.14050625678532658,0.22126817727560133,117000.0,67300.0,-0.14700854700854704,0.4829123328380387,20701684.0,2066028063200.0,15967101800.0,11448751810.0,0.007728405090136629,yfinance_download,237690.KQ
2025-09-05,100200.0,100300.0,97500.0,98000.0,97692.40625,162435.0,-0.018036072144288595,-0.32179930795847755,93070.0,87755.0,81915.0,0.32117128232495384,0.41736095062482303,0.0888888888888888,0.1807228915662651,0.31720430107526876,0.052970882131728736,0.11674548458777267,0.1963620826466459,117000.0,67300.0,-0.16239316239316237,0.4561664190193164,20701684.0,2028765032000.0,15918630000.0,11972050810.0,0.00784646311865257,yfinance_download,237690.KQ
2025-09-08,100200.0,100500.0,98000.0,98300.0,97991.4609375,123038.0,0.003061224489795844,-0.3197231833910035,93520.0,88040.0,82104.16666666667,0.317982544867535,0.41415102435675,0.1007838745800671,0.21059113300492616,0.30026455026455023,0.0511120615911036,0.11653793730122675,0.19725957878710987,117000.0,67300.0,-0.15982905982905982,0.46062407132243677,20701684.0,2034975537200.0,12094635400.0,12268804740.0,0.005943381224445316,yfinance_download,237690.KQ
2025-09-09,94700.0,95600.0,92600.0,92600.0,92309.3515625,365326.0,-0.05798575788402849,-0.35916955017301033,93560.0,88251.66666666667,82240.83333333333,0.37658648682721246,0.4311888976618097,0.008714596949890963,0.1589486858573217,0.2152230971128608,-0.010260795211628926,0.0492719684236369,0.12596135334231784,117000.0,67300.0,-0.20854700854700858,0.37592867756315007,20701684.0,1916975938400.0,33829187600.0,13436531350.0,0.017647163390186037,yfinance_download,237690.KQ
2025-09-10,93700.0,96600.0,93000.0,93700.0,93405.8984375,206006.0,0.011879049676025932,-0.3515570934256055,93720.0,88495.0,82378.33333333333,0.3742919300213511,0.43074012364942676,0.0353591160220994,0.18457648546144112,0.21373056994818662,-0.00021340162185234934,0.05881688230973503,0.13743500515912355,117000.0,67300.0,-0.1991452991452991,0.3922734026745913,20701684.0,1939747790800.0,19302762200.0,14024786735.0,0.009951171122117408,yfinance_download,237690.KQ
2025-09-11,93800.0,94300.0,90900.0,91400.0,91113.1171875,218670.0,-0.0245464247598719,-0.36747404844290654,93605.0,88718.33333333333,82505.0,0.36374213762061486,0.4330887982536376,-0.0245464247598719,0.17179487179487185,0.19947506561679784,-0.02355643395117779,0.03022674757190358,0.10781164777892238,117000.0,67300.0,-0.2188034188034188,0.3580980683506687,20701684.0,1892133917600.0,19986438000.0,14355952675.0,0.010562908795245836,yfinance_download,237690.KQ
2025-09-12,93000.0,96400.0,92600.0,95200.0,94901.1953125,233504.0,0.04157549234135671,-0.3411764705882353,93725.0,89016.66666666667,82665.83333333333,0.3919422886930988,0.4394592798979374,0.02586206896551735,0.23156532988357048,0.2542819499341238,0.015737530008002043,0.06946264744429875,0.15162451234387442,117000.0,67300.0,-0.18632478632478633,0.41456166419019325,20701684.0,1970800316800.0,22229580800.0,15056030755.0,0.011279468858668696,yfinance_download,237690.KQ
2025-09-15,96000.0,96300.0,94200.0,95300.0,95000.8828125,119701.0,0.0010504201680672232,-0.34048442906574394,93910.0,89258.33333333333,82828.33333333333,0.3882067531063346,0.43091510577566416,0.04039301310043664,0.1794554455445545,0.25725593667546165,0.014801405601107431,0.067687424143404,0.15057246916312872,117000.0,67300.0,-0.18547008547008548,0.41604754829123336,20701684.0,1972870485200.0,11407505300.0,15293623220.0,0.0057821866085870114,yfinance_download,237690.KQ
2025-09-16,94800.0,95300.0,92900.0,93700.0,93405.8984375,121467.0,-0.016789087093389332,-0.3515570934256055,94125.0,89515.0,82967.5,0.3825218637771965,0.4270976344596578,0.04809843400447433,0.19667943805874843,0.2168831168831169,-0.0045152722443558835,0.0467519410154722,0.12935788109802027,117000.0,67300.0,-0.1991452991452991,0.3922734026745913,20701684.0,1939747790800.0,11381457900.0,15486143315.0,0.005867493678292065,yfinance_download,237690.KQ
2025-09-17,93500.0,93600.0,91300.0,91600.0,91312.4921875,103098.0,-0.022411953041622246,-0.3660899653979238,94235.0,89723.33333333333,83087.5,0.39270158270651745,0.4300806072991578,0.02460850111856816,0.15802781289506962,0.18652849740932642,-0.027962009868944704,0.020916149645205717,0.10245223409056714,117000.0,67300.0,-0.2170940170940171,0.36106983655274894,20701684.0,1896274254400.0,9443776800.0,15592404545.0,0.004980174559712147,yfinance_download,237690.KQ
2025-09-18,92400.0,92600.0,90400.0,91400.0,91113.1171875,111601.0,-0.0021834061135370675,-0.36747404844290654,94395.0,89926.66666666667,83205.83333333333,0.3890434249916114,0.43019135843049633,0.03628117913832196,0.15404040404040398,0.18393782383419688,-0.03172837544361462,0.016383720068203766,0.0984806754334131,117000.0,67300.0,-0.2188034188034188,0.3580980683506687,20701684.0,1892133917600.0,10200331400.0,15771260985.0,0.005390914091819777,yfinance_download,237690.KQ
2025-09-19,91000.0,94100.0,90600.0,94000.0,93704.9609375,170857.0,0.02844638949671774,-0.3494809688581315,94495.0,90198.33333333333,83354.16666666667,0.371657782717688,0.430949027678773,0.021739130434782705,0.20978120978120973,0.23359580052493434,-0.005238372400656166,0.04214785934699461,0.12771807048237926,117000.0,67300.0,-0.19658119658119655,0.39673105497771166,20701684.0,1945958296000.0,16060558000.0,15621086085.0,0.008253289925592527,yfinance_download,237690.KQ
2025-09-22,94300.0,95000.0,93100.0,94800.0,94502.453125,116085.0,0.008510638297872353,-0.34394463667820074,94600.0,90503.33333333333,83526.66666666667,0.3718733474214122,0.4292355438777689,0.02265372168284796,0.23921568627450984,0.27935222672064786,0.0021141649048626032,0.04747523111487606,0.13496687684571795,117000.0,67300.0,-0.18974358974358974,0.4086181277860328,20701684.0,1962519643200.0,11004858000.0,15563856615.0,0.005607514828262281,yfinance_download,237690.KQ
2025-09-23,94800.0,95900.0,92500.0,93300.0,93007.15625,91318.0,-0.015822784810126556,-0.3543252595155709,94550.0,90775.0,83703.33333333333,0.3716814192830038,0.4310987823940077,-0.010604453870625696,0.2116883116883117,0.2940360610263524,-0.013220518244315138,0.027816028642247304,0.11465094978296375,117000.0,67300.0,-0.2025641025641025,0.38632986627043087,20701684.0,1931467117200.0,8519969400.0,15246855955.0,0.00441113872668523,yfinance_download,237690.KQ
2025-09-24,93500.0,93800.0,90900.0,92300.0,92010.296875,105956.0,-0.010718113612004254,-0.3612456747404844,94435.0,90906.66666666667,83847.5,0.37324042703115845,0.38642905284164203,-0.024312896405919715,0.0936018957345972,0.23066666666666658,-0.0226081431672579,0.015327075388676947,0.10080801455022503,117000.0,67300.0,-0.21111111111111114,0.37147102526002973,20701684.0,1910765433200.0,9779738800.0,15339937165.0,0.0051182309613073025,yfinance_download,237690.KQ
2025-09-25,92300.0,92900.0,90800.0,91000.0,90714.375,73219.0,-0.014084507042253502,-0.370242214532872,94310.0,90986.66666666667,83997.5,0.37427159934149307,0.385593053688742,-0.0267379679144385,0.05568445475638062,0.24657534246575352,-0.035097020464425865,0.0001465416178194623,0.08336557635643915,117000.0,67300.0,-0.2222222222222222,0.35215453194650825,20701684.0,1883853244000.0,6662929000.0,15355099465.0,0.0035368620253308863,yfinance_download,237690.KQ
2025-09-26,89800.0,89800.0,88000.0,88900.0,88620.96875,123440.0,-0.023076923076923106,-0.3847750865051903,94125.0,91001.66666666667,84118.33333333333,0.3813201439949277,0.38652869867104933,-0.0399568034557235,0.010227272727272751,0.1948924731182795,-0.05551128818061091,-0.02309481511327638,0.05684452457847078,117000.0,67300.0,-0.2401709401709402,0.32095096582466565,20701684.0,1840379707600.0,10973816000.0,15572333195.0,0.005962799934536726,yfinance_download,237690.KQ
2025-09-29,89500.0,90000.0,88000.0,89600.0,89318.7734375,47518.0,0.007874015748031482,-0.3799307958477509,93965.0,91081.66666666667,84249.16666666667,0.38263669561916075,0.3790887617904877,-0.03448275862068961,0.05660377358490565,0.21244925575101492,-0.04645346671633055,-0.01626745228640969,0.06351200308608385,117000.0,67300.0,-0.23418803418803413,0.33135215453194644,20701684.0,1854870886400.0,4257612800.0,15379705675.0,0.0022953688212031444,yfinance_download,237690.KQ
2025-09-30,89600.0,89900.0,88800.0,89500.0,89219.0859375,40450.0,-0.0011160714285713969,-0.38062283737024216,93655.0,91173.33333333333,84434.16666666667,0.3626476975693902,0.37847520794337924,-0.06478578892372,0.06547619047619047,0.3298662704309063,-0.044364956489242435,-0.01835331968411813,0.059997433898204555,117000.0,67300.0,-0.2350427350427351,0.3298662704309063,20701684.0,1852800718000.0,3620275000.0,14381288700.0,0.0019539473213869944,yfinance_download,237690.KQ
2025-10-01,90000.0,90000.0,88000.0,88500.0,88222.2265625,60797.0,-0.011173184357541888,-0.38754325259515576,93145.0,91253.33333333333,84565.0,0.3397743335573285,0.3792161003499856,-0.10334346504559266,0.057347670250896154,0.21565934065934056,-0.04986848462075255,-0.030172413793103425,0.04653225329628086,117000.0,67300.0,-0.2435897435897436,0.3150074294205052,20701684.0,1832099034000.0,5380534500.0,12901084935.0,0.002936814222456492,yfinance_download,237690.KQ
2025-10-02,89400.0,90600.0,88500.0,88800.0,88521.28125,94827.0,0.003389830508474523,-0.3854671280276817,92595.0,91358.33333333333,84736.66666666667,0.3359135023442342,0.3778498797048341,-0.11022044088176353,0.07636363636363641,0.3020527859237536,-0.04098493439170581,-0.028003283772689902,0.04795248023287835,112600.0,67300.0,-0.2113676731793961,0.31946508172362553,20701684.0,1838309539200.0,8420637600.0,12523761725.0,0.004580641845368715,yfinance_download,237690.KQ
2025-10-10,88800.0,91300.0,87100.0,90300.0,90016.5703125,114068.0,0.016891891891891886,-0.3750865051903114,92210.0,91436.66666666667,84877.5,0.3416058349825189,0.3717445313651957,-0.07857142857142863,0.054906542056074814,0.23024523160762933,-0.020713588547879858,-0.012431190988297924,0.06388618891932496,110000.0,67300.0,-0.17909090909090908,0.34175334323922724,20701684.0,1869362065200.0,10300340400.0,12242847245.0,0.0055100831410623404,yfinance_download,237690.KQ
2025-10-13,91000.0,94900.0,90000.0,94300.0,94004.015625,228164.0,0.044296788482834915,-0.34740484429065743,92010.0,91620.0,85029.16666666667,0.3816955030025365,0.3773933112621592,-0.04069175991861651,0.1320528211284513,0.23915900131406054,0.024888599065318928,0.02925125518445748,0.10903121477924227,110000.0,67300.0,-0.1427272727272727,0.401188707280832,20701684.0,1952168801200.0,21515865200.0,12713908735.0,0.011021518829096221,yfinance_download,237690.KQ
2025-10-14,94100.0,95400.0,92300.0,93000.0,92708.1015625,117948.0,-0.01378579003181335,-0.356401384083045,92030.0,91763.33333333333,85158.33333333333,0.32315821585737464,0.3781291802866599,0.004319654427645814,0.1018957345971565,0.19999999999999996,0.010540041290883373,0.013476697301028073,0.09208337410705547,110000.0,67300.0,-0.15454545454545454,0.3818722139673105,20701684.0,1925256612000.0,10969164000.0,11570907555.0,0.005697507507118745,yfinance_download,237690.KQ
2025-10-15,93500.0,96000.0,93000.0,95400.0,95100.5625,145323.0,0.02580645161290329,-0.3397923875432526,92115.0,91921.66666666667,85301.66666666667,0.3333351566907757,0.3799241276303478,0.018143009605122717,0.11059371362048886,0.21994884910485935,0.035661944308744475,0.03784019001686212,0.11838377522908883,110000.0,67300.0,-0.1327272727272727,0.4175334323922735,20701684.0,1974940653600.0,13863814200.0,11298960155.0,0.007019863698045048,yfinance_download,237690.KQ
2025-10-16,96300.0,97800.0,94500.0,95200.0,94901.1953125,166897.0,-0.002096436058700246,-0.3411764705882353,92305.0,92043.33333333333,85461.66666666667,0.3196653380802924,0.37741222615803927,0.04157549234135671,0.08304891922639368,0.2526315789473683,0.03136341476626403,0.034295440553362644,0.11394972404781867,110000.0,67300.0,-0.13454545454545452,0.41456166419019325,20701684.0,1970800316800.0,15888594400.0,11094067975.0,0.008062001139617435,yfinance_download,237690.KQ
2025-10-17,95300.0,98500.0,94500.0,96800.0,96496.171875,186810.0,0.01680672268907557,-0.33010380622837365,92385.0,92175.0,85634.16666666667,0.2899386993280291,0.3781758937760483,0.01680672268907557,0.08886389201349831,0.27201051248357433,0.04778914325918704,0.050176295090859746,0.1303899339243486,110000.0,67300.0,-0.12,0.43833580980683506,20701684.0,2003923011200.0,18083208000.0,10886749335.0,0.009023903562628045,yfinance_download,237690.KQ
2025-10-20,97900.0,105900.0,97100.0,105700.0,105368.234375,692691.0,0.09194214876033069,-0.2685121107266436,92905.0,92371.66666666667,85876.66666666667,0.43393638727711104,0.40620630660111584,0.10912906610703033,0.12566560170394037,0.3798955613577024,0.13772132823852323,0.1442902765999674,0.23083491829367686,110000.0,67300.0,-0.039090909090909065,0.5705794947994056,20701684.0,2188167998800.0,73217438700.0,13977246005.0,0.03346061122370528,yfinance_download,237690.KQ
2025-10-21,107500.0,108500.0,93400.0,94900.0,94602.1328125,856780.0,-0.10217596972563858,-0.3432525951557094,92965.0,92400.0,86035.83333333333,0.5750923149513332,0.4588827297707043,0.012806830309498363,0.018240343347639465,0.25197889182058053,0.020814284945947392,0.027056277056277,0.10302877676936939,110000.0,67300.0,-0.13727272727272732,0.4101040118870729,20701684.0,1964589811600.0,81308422000.0,17473594210.0,0.04138697122417674,yfinance_download,237690.KQ
2025-10-22,96300.0,98500.0,94300.0,95200.0,94901.1953125,199634.0,0.0031612223393044925,-0.3411764705882353,93145.0,92415.0,86193.33333333333,0.5682509947217607,0.4583322379770397,0.0393013100436681,0.009544008483563182,0.2477064220183487,0.022062375865586015,0.030135800465292517,0.10449377368706014,110000.0,67300.0,-0.13454545454545452,0.41456166419019325,20701684.0,1970800316800.0,19005156800.0,17951663210.0,0.00964337007559385,yfinance_download,237690.KQ
2025-10-23,94600.0,94600.0,90300.0,90800.0,90515.0078125,244142.0,-0.04621848739495793,-0.3716262975778547,93115.0,92348.33333333333,86310.83333333333,0.5940239805148118,0.4681175795725965,-0.006564551422319487,-0.04219409282700426,0.18383311603650587,-0.024861730118670433,-0.016766229312927483,0.05201162465121234,110000.0,67300.0,-0.17454545454545456,0.349182763744428,20701684.0,1879712907200.0,22168093600.0,18550051320.0,0.01179334009735633,yfinance_download,237690.KQ
2025-10-24,91800.0,91800.0,89300.0,89500.0,89219.0859375,157274.0,-0.014317180616740033,-0.38062283737024216,92890.0,92295.0,86411.66666666667,0.5865380767288799,0.4668282853395797,-0.0478723404255319,-0.034519956850053934,0.15633074935400515,-0.03649477877058882,-0.030283330624627514,0.03573977279302554,110000.0,67300.0,-0.1863636363636364,0.3298662704309063,20701684.0,1852800718000.0,14076023000.0,18450824570.0,0.007597159728648162,yfinance_download,237690.KQ
2025-10-27,90900.0,94200.0,90200.0,94100.0,93804.6484375,179432.0,0.051396648044692794,-0.34878892733564015,92855.0,92370.0,86553.33333333333,0.61556889184219,0.473325799379839,-0.007383966244725704,0.05022321428571419,0.2204928664072634,0.013408001723116625,0.018729024575078412,0.08719094200107835,110000.0,67300.0,-0.14454545454545453,0.3982169390787518,20701684.0,1948028464400.0,16884551200.0,18744809230.0,0.008667507435626977,yfinance_download,237690.KQ
2025-10-28,95700.0,97400.0,94000.0,96700.0,96396.484375,201519.0,0.02763018065887346,-0.330795847750865,93025.0,92495.0,86698.33333333333,0.6197382535788352,0.47623034826438626,0.03644158628081451,0.0840807174887892,0.2194199243379571,0.039505509271701156,0.04546191686037093,0.11536169476537417,110000.0,67300.0,-0.12090909090909085,0.43684992570579495,20701684.0,2001852842800.0,19486887300.0,19293155125.0,0.009734425469927954,yfinance_download,237690.KQ
2025-10-29,96600.0,102000.0,93300.0,100800.0,100483.6171875,818794.0,0.04239917269906934,-0.3024221453287197,93450.0,92716.66666666667,86886.66666666667,0.6332225532658264,0.4813661073901492,0.09209100758396538,0.1519999999999999,0.289002557544757,0.0786516853932584,0.08718317454610824,0.16013197268472323,110000.0,67300.0,-0.08363636363636362,0.49777117384843983,20701684.0,2086729747200.0,82534435200.0,22930889945.0,0.039552048036285356,yfinance_download,237690.KQ
2025-10-30,101900.0,101900.0,95600.0,96800.0,96496.171875,266002.0,-0.03968253968253965,-0.33010380622837365,93740.0,92895.0,87035.0,0.6498510625330126,0.48772460970321874,0.06373626373626373,0.12427409988385607,0.22531645569620262,0.032643481971410315,0.04203670811130844,0.112196242890791,110000.0,67300.0,-0.12,0.43833580980683506,20701684.0,2003923011200.0,25748993600.0,23885193175.0,0.012849292840138029,yfinance_download,237690.KQ
2025-10-31,98000.0,102400.0,97700.0,101300.0,100982.046875,351191.0,0.04648760330578505,-0.298961937716263,94360.0,93131.66666666667,87221.66666666667,0.6584107672338421,0.4957035901999475,0.1394825646794151,0.16303099885189432,0.2839036755386566,0.07354811360746072,0.08770736770522025,0.16140867139281134,110000.0,67300.0,-0.0790909090909091,0.5052005943536404,20701684.0,2097080589200.0,35575648300.0,25115284790.0,0.016964368695802718,yfinance_download,237690.KQ
2025-11-03,100300.0,101700.0,99500.0,100700.0,100383.9296875,205614.0,-0.005923000987166804,-0.30311418685121105,94915.0,93431.66666666667,87435.83333333333,0.6600916032461949,0.48341206461520175,0.1238839285714286,0.2176541717049576,0.3426666666666667,0.060949270399831335,0.07779303947626603,0.15170172412149863,109500.0,67300.0,-0.08036529680365301,0.4962852897473997,20701684.0,2084659578800.0,20705329800.0,25937670640.0,0.009932235464515833,yfinance_download,237690.KQ
2025-11-04,99900.0,102700.0,98900.0,101100.0,100782.671875,224580.0,0.003972194637537285,-0.3003460207612457,95495.0,93663.33333333333,87649.16666666667,0.6595408067320302,0.4717422268354431,0.12960893854748612,0.1594036697247707,0.3390728476821192,0.05869417246976272,0.07939784333962074,0.15346219302332198,105700.0,67300.0,-0.04351939451277198,0.5022288261515602,20701684.0,2092940252400.0,22705038000.0,26891908790.0,0.010848392816738966,yfinance_download,237690.KQ
2025-11-05,102600.0,102600.0,97000.0,99700.0,99387.0703125,215565.0,-0.013847675568743778,-0.31003460207612454,96055.0,93808.33333333333,87858.33333333333,0.6605825161308599,0.4652293768813559,0.12655367231638426,0.09560439560439571,0.3364611260053618,0.03794700952579255,0.06280536555032423,0.13478137152613123,105700.0,67300.0,-0.05676442762535483,0.4814264487369986,20701684.0,2063957894800.0,21491830500.0,27697473590.0,0.01041292099715173,yfinance_download,237690.KQ
2025-11-06,101000.0,101200.0,98800.0,99500.0,99187.6953125,127648.0,-0.0020060180541624506,-0.31141868512110726,96590.0,93951.66666666667,88090.0,0.6612300459044924,0.46525845526143134,0.12049549549549554,0.09460946094609457,0.3877266387726639,0.030127342374987043,0.05905518795125153,0.12952662050175956,105700.0,67300.0,-0.0586565752128666,0.47845468053491835,20701684.0,2059817558000.0,12700976000.0,27911490510.0,0.006166068422259754,yfinance_download,237690.KQ
2025-11-07,98500.0,98600.0,94600.0,95800.0,95499.3125,124102.0,-0.03718592964824119,-0.33702422145328714,96865.0,94048.33333333333,88275.0,0.6776567418990751,0.47154017475695903,0.060908084163898035,0.06444444444444453,0.30163043478260865,-0.010994683322149368,0.018625174998671,0.08524497309544032,105700.0,67300.0,-0.09366130558183539,0.42347696879643393,20701684.0,1983221327200.0,11888971600.0,27990922070.0,0.005994778009363876,yfinance_download,237690.KQ
2025-11-10,96500.0,96900.0,94900.0,96500.0,96197.1171875,72647.0,0.007306889352818313,-0.33217993079584773,96975.0,94168.33333333333,88460.83333333333,0.6608746829103838,0.47128895704747115,0.02332979851537642,0.08062709966405368,0.30053908355795156,-0.004898169631348259,0.024760623705775142,0.09087826062381654,105700.0,67300.0,-0.08703878902554396,0.4338781575037147,20701684.0,1997712506000.0,7010435500.0,27265650585.0,0.0035092314229122614,yfinance_download,237690.KQ
2025-11-11,97000.0,98500.0,96000.0,97000.0,96695.546875,123456.0,0.005181347150259086,-0.32871972318339104,97175.0,94255.0,88647.5,0.6582964716529546,0.46816684176322704,0.043010752688172005,0.056644880174292034,0.3002680965147453,-0.0018008747105736633,0.029123123441727294,0.09422149524803292,105700.0,67300.0,-0.08230842005676442,0.4413075780089153,20701684.0,2008063348000.0,11975232000.0,27315953985.0,0.005963572818520464,yfinance_download,237690.KQ
2025-11-12,98800.0,101800.0,97800.0,100200.0,99885.5,210271.0,0.03298969072164959,-0.30657439446366785,97415.0,94416.66666666667,88875.83333333333,0.6620898924837125,0.47145604555816756,0.05031446540880502,0.10718232044198905,0.37637362637362637,0.028589026330647194,0.06125330979699917,0.12741558916465867,105700.0,67300.0,-0.05203405865657518,0.48885586924219915,20701684.0,2074308736800.0,21069154200.0,27676220985.0,0.010157193009032502,yfinance_download,237690.KQ
2025-11-13,101000.0,103600.0,100500.0,102000.0,101679.8515625,187111.0,0.017964071856287456,-0.2941176470588235,97755.0,94555.0,89129.16666666667,0.6637520083802071,0.4675516891956384,0.0714285714285714,0.08858057630736393,0.4245810055865922,0.04342488875249351,0.07873724287451744,0.1444065261091112,105700.0,67300.0,-0.035004730368968784,0.5156017830609212,20701684.0,2111571768000.0,19085322000.0,27836057365.0,0.009038443442572111,yfinance_download,237690.KQ
2025-11-14,100400.0,106400.0,99900.0,104100.0,103773.2578125,329636.0,0.020588235294117574,-0.27958477508650514,98120.0,94743.33333333333,89380.83333333333,0.6648323452492251,0.4684874168824051,0.07541322314049581,0.12176724137931028,0.40866035182679306,0.060945780676722405,0.09875804805967014,0.16467922839534954,105700.0,67300.0,-0.015137180700094621,0.5468053491827638,20701684.0,2155045304400.0,34315107600.0,28647652345.0,0.01592314905396102,yfinance_download,237690.KQ
2025-11-17,105000.0,105500.0,101900.0,103400.0,103075.453125,123396.0,-0.00672430355427478,-0.28442906574394466,98005.0,94940.0,89611.66666666667,0.5794490006884121,0.4677950396973603,-0.021759697256386046,0.12882096069868987,0.3659180977542933,0.05504821182592723,0.08910891089108919,0.15386761396395543,105700.0,67300.0,-0.021759697256386046,0.536404160475483,20701684.0,2140554125600.0,12759146400.0,25624737730.0,0.005960674503581447,yfinance_download,237690.KQ
2025-11-18,104000.0,104200.0,100500.0,101700.0,101380.7890625,136013.0,-0.01644100580270791,-0.29619377162629756,98345.0,95145.0,89829.16666666667,0.4438796587207543,0.4662190945162719,0.07165437302423605,0.13758389261744974,0.34523809523809534,0.03411459657328786,0.06889484471070473,0.13214898650215678,105700.0,67300.0,-0.03784295175023655,0.5111441307578009,20701684.0,2105361262800.0,13832522100.0,22250942735.0,0.006570141830007646,yfinance_download,237690.KQ
2025-11-19,102300.0,102400.0,97800.0,98700.0,98390.2109375,108362.0,-0.029498525073746285,-0.31695501730103803,98520.0,95300.0,90022.5,0.4594062758702485,0.47081238266542463,0.03676470588235303,0.10402684563758391,0.30728476821192063,0.0018270401948843329,0.03567681007345236,0.09639256852453548,105700.0,67300.0,-0.06622516556291391,0.4665676077265972,20701684.0,2043256210800.0,10695329400.0,21835451365.0,0.005234453390361866,yfinance_download,237690.KQ
2025-11-20,99800.0,102900.0,98900.0,102000.0,101679.8515625,83684.0,0.033434650455927084,-0.2941176470588235,99080.0,95530.0,90234.16666666667,0.4343790958359257,0.4740025264461255,0.12334801762114544,0.15646258503401356,0.33159268929503916,0.029471134436818813,0.06772741547157968,0.1303922202417782,105700.0,67300.0,-0.035004730368968784,0.5156017830609212,20701684.0,2111571768000.0,8535768000.0,21153835085.0,0.004042376455944357,yfinance_download,237690.KQ
2025-11-21,100000.0,100800.0,98700.0,99800.0,99486.7578125,99648.0,-0.021568627450980427,-0.3093425605536332,99595.0,95660.0,90420.0,0.43964948123948555,0.4690656376368796,0.11508379888268161,0.08478260869565224,0.28774193548387106,0.0020583362618604717,0.04327827723186295,0.10373811103738118,105700.0,67300.0,-0.05581835383159883,0.4829123328380387,20701684.0,2066028063200.0,9944870400.0,20947277455.0,0.004813521450718695,yfinance_download,237690.KQ
2025-11-24,101700.0,102000.0,97900.0,98200.0,97891.78125,111507.0,-0.01603206412825653,-0.32041522491349483,99800.0,95751.66666666667,90601.66666666667,0.41117605890672626,0.4703132663801115,0.043570669500531345,0.0593311758360302,0.2853403141361257,-0.01603206412825653,0.02556961584654749,0.08386527105829544,105700.0,67300.0,-0.07095553453169345,0.45913818722139665,20701684.0,2032905368800.0,10949987400.0,20650549265.0,0.005386373398415317,yfinance_download,237690.KQ
2025-11-25,98800.0,100100.0,97400.0,97800.0,97493.03125,67082.0,-0.004073319755600768,-0.32318339100346016,99855.0,95810.0,90770.83333333333,0.40069448730617074,0.46927049674185584,0.011375387797311287,0.03711558854718988,0.26193548387096777,-0.020579840769115232,0.020770274501617836,0.07743860454441132,105700.0,67300.0,-0.07473982970671711,0.4531946508172362,20701684.0,2024624695200.0,6560619600.0,20004235880.0,0.003240412712318476,yfinance_download,237690.KQ
2025-11-26,98500.0,104800.0,98400.0,103600.0,103274.828125,203800.0,0.059304703476482645,-0.28304498269896194,99995.0,95960.0,90974.16666666667,0.42752993192286914,0.4842221498382129,0.02777777777777768,0.09513742071881603,0.3080808080808082,0.03605180259012952,0.07961650687786581,0.13878481986644564,105700.0,67300.0,-0.019867549668874163,0.5393759286775632,20701684.0,2144694462400.0,21113680000.0,16933198120.0,0.009844609742859566,yfinance_download,237690.KQ
2025-11-27,104500.0,109600.0,102300.0,108200.0,107860.390625,313314.0,0.044401544401544424,-0.2512110726643598,100565.0,96205.0,91213.33333333333,0.4237177512304405,0.49106583918550145,0.11776859504132231,0.1572192513368984,0.361006289308176,0.07592104608959382,0.12468166935190483,0.18623008332115187,108200.0,67300.0,0.0,0.6077265973254087,20701684.0,2239922208800.0,33900574800.0,17340777180.0,0.015134710780050551,yfinance_download,237690.KQ
2025-11-28,110000.0,117100.0,107600.0,117000.0,116632.7734375,631840.0,0.0813308687615526,-0.19031141868512114,101350.0,96611.66666666667,91536.66666666667,0.4820084745149857,0.5159010086610255,0.15498519249753206,0.2634989200863931,0.49616368286445023,0.15441539220522937,0.21103386409508862,0.27817632278504045,117000.0,67300.0,0.0,0.7384843982169391,20701684.0,2422097028000.0,73925280000.0,19258258765.0,0.030521188517803673,yfinance_download,237690.KQ
2025-12-01,118400.0,119900.0,114700.0,116700.0,116333.7109375,218262.0,-0.002564102564102555,-0.1923875432525951,102150.0,97010.0,91865.83333333333,0.4808993738099316,0.5160803792750052,0.15888778550148963,0.2575431034482758,0.5116580310880829,0.14243759177679882,0.20296876610658687,0.2703308266584421,117000.0,67300.0,-0.002564102564102555,0.7340267459138188,20701684.0,2415886522800.0,25471175400.0,19496551045.0,0.010543200253660524,yfinance_download,237690.KQ
2025-12-02,116700.0,118500.0,115000.0,117800.0,117430.2578125,174767.0,0.009425878320479919,-0.18477508650519037,102985.0,97378.33333333333,92178.33333333333,0.48070922486752726,0.5131506690631049,0.16518298714144408,0.23092998955067912,0.46699875466998764,0.14385590134485615,0.20971468670306548,0.27795758222286526,117800.0,67300.0,0.0,0.75037147102526,20701684.0,2438658375200.0,20587552600.0,19390676775.0,0.00844216344911844,yfinance_download,237690.KQ
2025-12-03,116900.0,121600.0,115800.0,118900.0,118526.8046875,202971.0,0.009337860780984641,-0.17716262975778552,103945.0,97715.0,92475.83333333333,0.4736631087124263,0.5101107223831195,0.1925777331995988,0.20466058763931105,0.42908653846153855,0.14387416422146337,0.21680397073120816,0.2857413198042733,118900.0,67300.0,0.0,0.7667161961367013,20701684.0,2461430227600.0,24133251900.0,19522747845.0,0.009804564691452154,yfinance_download,237690.KQ
2025-12-04,117900.0,119600.0,115900.0,117900.0,117529.9453125,133819.0,-0.008410428931875491,-0.184083044982699,104865.0,98016.66666666667,92760.83333333333,0.4762218404232042,0.5104519800498469,0.1849246231155779,0.18136272545090182,0.4086021505376345,0.12430267486768698,0.202856657031117,0.2710105737874282,118900.0,67300.0,-0.008410428931875491,0.7518573551263001,20701684.0,2440728543600.0,15777260100.0,19676562050.0,0.006464160113737607,yfinance_download,237690.KQ
2025-12-05,114600.0,119000.0,113600.0,118000.0,117629.6328125,242003.0,0.0008481764206955678,-0.18339100346020765,105975.0,98350.0,93052.5,0.44551014706907677,0.5085458709142257,0.231732776617954,0.20408163265306123,0.4216867469879517,0.11347015805614524,0.19979664463650226,0.26810134064103597,118900.0,67300.0,-0.007569386038687953,0.7533432392273403,20701684.0,2442798712000.0,28556354000.0,20509931170.0,0.011690015169780391,yfinance_download,237690.KQ
2025-12-08,122800.0,129300.0,119400.0,125000.0,124607.65625,592854.0,0.05932203389830515,-0.1349480968858131,107400.0,98795.0,93417.5,0.4771735036779139,0.5212027205497377,0.2953367875647668,0.2716174974567651,0.5394088669950738,0.16387337057728124,0.26524621691381145,0.3380790537104932,125000.0,67300.0,0.0,0.8573551263001487,20701684.0,2587710500000.0,74106750000.0,23864746895.0,0.02863796008092868,yfinance_download,237690.KQ
2025-12-09,124000.0,131100.0,121900.0,127500.0,127099.8125,280970.0,0.020000000000000018,-0.11764705882352944,108925.0,99376.66666666667,93814.16666666667,0.4766704767035431,0.5055107191319433,0.31443298969072164,0.3768898488120951,0.5957446808510638,0.17053018131742026,0.28299735014926375,0.35906979223109503,127500.0,67300.0,0.0,0.8945022288261515,20701684.0,2639464710000.0,35823675000.0,25057169045.0,0.013572325806924693,yfinance_download,237690.KQ
2025-12-10,126000.0,126400.0,122400.0,125000.0,124607.65625,191869.0,-0.019607843137254943,-0.1349480968858131,110165.0,99898.33333333333,94196.66666666667,0.48562483635615766,0.5080168143609289,0.24750499001996018,0.33404482390608314,0.5802781289506953,0.13466164389778967,0.2512721266621065,0.32701086379560484,127500.0,67300.0,-0.019607843137254943,0.8573551263001487,20701684.0,2587710500000.0,23983625000.0,25202892585.0,0.009268279817236125,yfinance_download,237690.KQ
2025-12-11,127300.0,130700.0,125000.0,129300.0,128894.1640625,325774.0,0.034399999999999986,-0.10519031141868507,111530.0,100530.0,94624.16666666667,0.49196631483659997,0.5075800227912683,0.26764705882352935,0.4146608315098468,0.6576923076923078,0.15932932843181202,0.2861832288868995,0.36645853332041667,129300.0,67300.0,0.0,0.9212481426448738,20701684.0,2676727741200.0,42122578200.0,26354755395.0,0.01573659418238632,yfinance_download,237690.KQ
2025-12-12,129100.0,131000.0,126600.0,127300.0,126900.4375,140098.0,-0.015467904098994567,-0.11903114186851216,112690.0,101065.0,95040.83333333333,0.5005544223614594,0.504097524109576,0.22286263208453416,0.33718487394957974,0.6468305304010349,0.12964770609637055,0.2595854153267698,0.33942428254522183,129300.0,67300.0,-0.015467904098994567,0.8915304606240713,20701684.0,2635324373200.0,17834475400.0,25530723785.0,0.00676746877210569,yfinance_download,237690.KQ
2025-12-15,125700.0,132900.0,125700.0,132100.0,131685.375,287755.0,0.03770620581303996,-0.08581314878892732,114125.0,101678.33333333333,95468.33333333333,0.5050191048142744,0.5083422675047992,0.2775628626692457,0.38614900314795375,0.6349009900990099,0.15750273822562977,0.299195174324258,0.3837048934201568,132100.0,67300.0,0.0,0.9628528974739969,20701684.0,2734692456400.0,38012435500.0,26793388240.0,0.013900076921278481,yfinance_download,237690.KQ
2025-12-16,133900.0,134000.0,129900.0,131100.0,130688.515625,228572.0,-0.007570022710068125,-0.09273356401384081,115595.0,102301.66666666667,95908.33333333333,0.4991560873059043,0.5069293210421049,0.28908554572271394,0.3991462113127,0.6743295019157087,0.13413209913923607,0.2815040484840585,0.366930228516813,132100.0,67300.0,-0.007570022710068125,0.9479940564635958,20701684.0,2713990772400.0,29965789200.0,27600051595.0,0.011041227370681535,yfinance_download,237690.KQ
2025-12-17,130800.0,130800.0,124800.0,127800.0,127398.875,262604.0,-0.02517162471395884,-0.11557093425605536,117050.0,102905.0,96314.16666666667,0.49445704964399817,0.5076236502081858,0.29483282674772027,0.3951965065502183,0.6156763590391909,0.09184109354976511,0.24192216121665622,0.3269076027237252,132100.0,67300.0,-0.032551097653293004,0.8989598811292718,20701684.0,2645675215200.0,33560791200.0,28743324685.0,0.012685151604091725,yfinance_download,237690.KQ
2025-12-18,126800.0,130100.0,124600.0,128400.0,127996.984375,185300.0,0.0046948356807512415,-0.11141868512110731,118370.0,103521.66666666667,96724.16666666667,0.48955215274620956,0.5073418153751947,0.2588235294117647,0.4048140043763677,0.6212121212121211,0.08473430767931056,0.24032006182280674,0.327486236635105,132100.0,67300.0,-0.028009084027252107,0.9078751857355127,20701684.0,2658096225600.0,23792520000.0,29506162285.0,0.008950962636662795,yfinance_download,237690.KQ
2025-12-19,128500.0,130000.0,123500.0,127700.0,127299.1875,262604.0,-0.005451713395638658,-0.11626297577854672,119765.0,104083.33333333333,97140.83333333333,0.47809657910551384,0.505741636548742,0.27955911823647295,0.35851063829787244,0.6435006435006434,0.06625474888322969,0.2269015212169736,0.31458621074213555,132100.0,67300.0,-0.03330809992429973,0.8974739970282317,20701684.0,2643605046800.0,33534530800.0,30685645305.0,0.012685151604091725,yfinance_download,237690.KQ
2025-12-22,130300.0,130600.0,123400.0,125500.0,125106.09375,191464.0,-0.017227877838684402,-0.13148788927335642,121130.0,104595.0,97549.16666666667,0.47907159800848853,0.5078588929124471,0.2780040733197555,0.3238396624472575,0.6405228758169934,0.03607694212829182,0.19986615038959799,0.28653072382302924,132100.0,67300.0,-0.04996214988644965,0.8647845468053492,20701684.0,2598061342000.0,24028732000.0,31339582535.0,0.009248716191397763,yfinance_download,237690.KQ
2025-12-23,125500.0,126400.0,123500.0,124900.0,124507.9765625,103372.0,-0.004780876494023922,-0.13564013840830447,122485.0,105121.66666666667,97948.33333333333,0.4794078348121875,0.5064098692556543,0.2770961145194275,0.3386923901393355,0.622077922077922,0.0197167000040821,0.18814706768347778,0.2751620752437509,132100.0,67300.0,-0.054504163512490544,0.8558692421991085,20701684.0,2585640331600.0,12911162800.0,31657109695.0,0.004993410197933656,yfinance_download,237690.KQ
2025-12-24,124600.0,125600.0,123300.0,124900.0,124507.9765625,76980.0,0.0,-0.13564013840830447,123550.0,105665.0,98285.83333333333,0.44818751680373203,0.50543080880781,0.20559845559845558,0.353196099674973,0.47985781990521326,0.01092675030352086,0.18203757157052958,0.2707833444969181,132100.0,67300.0,-0.054504163512490544,0.8558692421991085,20701684.0,2585640331600.0,9614802000.0,31082165795.0,0.0037185380667582404,yfinance_download,237690.KQ
2025-12-26,125000.0,125000.0,120600.0,120900.0,120520.53125,178623.0,-0.03202562049639712,-0.16332179930795843,124185.0,106163.33333333333,98575.0,0.45193107481710054,0.5097268112627542,0.11737523105360448,0.3285714285714285,0.4025522041763341,-0.026452470105085113,0.13881126565983237,0.22647730154704537,132100.0,67300.0,-0.08478425435276304,0.7964338781575038,20701684.0,2502833595600.0,21595520700.0,30466913090.0,0.008628428489199235,yfinance_download,237690.KQ
2025-12-29,120700.0,121500.0,118700.0,120400.0,120022.1015625,163333.0,-0.0041356492969396585,-0.16678200692041523,124355.0,106688.33333333333,98845.0,0.354059049816387,0.5066997926286326,0.029059829059828957,0.35433070866141736,0.36818181818181817,-0.03180410920348997,0.12852076921875244,0.21806869340887247,132100.0,67300.0,-0.0885692657077971,0.7890044576523032,20701684.0,2492482753600.0,19665293200.0,27753913750.0,0.00788984123223985,yfinance_download,237690.KQ
2025-12-30,120400.0,121200.0,117800.0,119200.0,118825.8671875,140993.0,-0.009966777408637828,-0.17508650519031144,124480.0,107181.66666666667,99131.66666666667,0.35620070984571256,0.5076710535815862,0.02142245072836335,0.3303571428571428,0.4056603773584906,-0.042416452442159414,0.11213049495405003,0.20244119773365377,132100.0,67300.0,-0.0976532929598789,0.7711738484398216,20701684.0,2467640732800.0,16806365600.0,27320673260.0,0.00681070196994602,yfinance_download,237690.KQ
2026-01-02,118100.0,120400.0,112200.0,115000.0,114639.046875,269409.0,-0.03523489932885904,-0.20415224913494812,124340.0,107606.66666666667,99390.0,0.37733179760594926,0.5142763973920289,-0.02376910016977929,0.2849162011173185,0.36904761904761907,-0.07511661573105999,0.06870701939161128,0.15705805413019425,132100.0,67300.0,-0.12944738834216507,0.7087667161961366,20701684.0,2380693660000.0,30982035000.0,27840397380.0,0.013013868823425185,yfinance_download,237690.KQ
2026-01-05,114000.0,125000.0,112500.0,123800.0,123411.4296875,329728.0,0.0765217391304347,-0.14325259515570932,124585.0,108195.0,99724.16666666667,0.4664365009539578,0.5337492605191088,0.04121110176619003,0.3988700564971752,0.4790919952210275,-0.006300919051250187,0.14423032487638054,0.24142426192246935,132100.0,67300.0,-0.0628311884935655,0.8395245170876671,20701684.0,2562868479200.0,40820326400.0,28674751105.0,0.015927593136867514,yfinance_download,237690.KQ
2026-01-06,122700.0,126900.0,121000.0,126400.0,126003.265625,221330.0,0.02100161550888524,-0.1252595155709343,125010.0,108821.66666666667,100090.0,0.4690537444523456,0.5345782228353154,0.07209499575911793,0.4234234234234233,0.5321212121212122,0.011119110471162319,0.16153339561668179,0.2628634229193725,132100.0,67300.0,-0.04314912944738836,0.8781575037147102,20701684.0,2616692857600.0,27976112000.0,29284693700.0,0.010691400757542237,yfinance_download,237690.KQ
2026-01-07,126000.0,128500.0,125000.0,126700.0,126302.3203125,175709.0,0.002373417721518889,-0.12318339100346021,125445.0,109428.33333333333,100432.5,0.4689536749670826,0.5341955575411249,0.07372881355932193,0.4031007751937985,0.4801401869158879,0.010004384391566035,0.15783541739646956,0.26154382296567347,132100.0,67300.0,-0.04087812263436785,0.8826151560178306,20701684.0,2622903362800.0,22262330300.0,28969992515.0,0.008487666993660999,yfinance_download,237690.KQ
2026-01-08,128000.0,130900.0,126600.0,128200.0,127797.6171875,134980.0,0.011838989739542116,-0.11280276816608992,125605.0,109993.33333333333,100806.66666666667,0.4226180544748,0.5284226976203363,0.025600000000000067,0.35949098621420994,0.5390156062424969,0.020660005573026607,0.1655251833444451,0.2717412869519211,132100.0,67300.0,-0.029523088569265665,0.9049034175334323,20701684.0,2653955888800.0,17304436000.0,26129876815.0,0.006520242507807577,yfinance_download,237690.KQ
2026-01-09,128900.0,133300.0,127100.0,131800.0,131386.3125,193760.0,0.02808112324492984,-0.0878892733564014,125820.0,110640.0,101201.66666666667,0.42822218617846897,0.5288035133249512,0.0337254901960784,0.41720430107526885,0.561611374407583,0.047528214910189215,0.19125090383224874,0.30235009304853344,132100.0,67300.0,-0.002271006813020393,0.9583952451708766,20701684.0,2728481951200.0,25537568000.0,25615571465.0,0.00935962504306413,yfinance_download,237690.KQ
2026-01-12,131500.0,131500.0,126600.0,127600.0,127199.5,145489.0,-0.03186646433990892,-0.11695501730103808,125950.0,111176.66666666667,101549.16666666667,0.4385130234522177,0.532942611614944,0.02079999999999993,0.33752620545073375,0.4854481955762515,0.013100436681222627,0.14772284352232168,0.2565341911553516,132100.0,67300.0,-0.03406510219530656,0.8959881129271916,20701684.0,2641534878400.0,18564396400.0,25344610035.0,0.007027882369376327,yfinance_download,237690.KQ
2026-01-13,127000.0,128500.0,124400.0,125800.0,125405.1484375,125490.0,-0.014106583072100332,-0.12941176470588234,125775.0,111686.66666666667,101865.0,0.42362817015932536,0.5342319112164866,-0.02706883217324052,0.3214285714285714,0.4311717861205915,0.0001987676406280947,0.12636542708768572,0.23496784960486927,132100.0,67300.0,-0.047691143073429254,0.8692421991084696,20701684.0,2604271847200.0,15786642000.0,24027813225.0,0.006061825694953125,yfinance_download,237690.KQ
2026-01-14,126400.0,127400.0,124300.0,125500.0,125106.09375,118538.0,-0.0023847376788552754,-0.13148788927335642,125685.0,112165.0,102170.0,0.4202501327617942,0.5339001604308135,-0.014139827179890041,0.29648760330578505,0.41169853768278974,-0.0014719338027608941,0.11888735345250301,0.22834491533718304,132100.0,67300.0,-0.04996214988644965,0.8647845468053492,20701684.0,2598061342000.0,14876519000.0,23879915405.0,0.005726007604019074,yfinance_download,237690.KQ
2026-01-15,125900.0,129700.0,124400.0,124900.0,124507.9765625,96172.0,-0.004780876494023922,-0.13564013840830447,125325.0,112485.0,102428.33333333333,0.3955060604194785,0.5024093505614413,-0.054504163512490544,0.18164616840113523,0.3301384451544196,-0.003391182924396552,0.11037027159176782,0.21938916640903394,132100.0,67300.0,-0.054504163512490544,0.8558692421991085,20701684.0,2585640331600.0,12011882800.0,22579887770.0,0.004645612405251669,yfinance_download,237690.KQ
2026-01-16,123100.0,126400.0,120000.0,122400.0,122015.8203125,193355.0,-0.02001601281024823,-0.15294117647058825,124890.0,112943.33333333333,102671.66666666667,0.40005936694280547,0.45470281242795635,-0.06636155606407323,0.2897787144362487,0.3133047210300428,-0.019937545039634852,0.08372930378065702,0.19214973296755034,132100.0,67300.0,-0.07342922028766086,0.8187221396731055,20701684.0,2533886121600.0,23666652000.0,22264930910.0,0.009340061417225768,yfinance_download,237690.KQ
2026-01-19,123100.0,125600.0,122000.0,123600.0,123212.0546875,126151.0,0.009803921568627416,-0.14463667820069204,124680.0,113416.66666666667,102915.83333333333,0.393717015257689,0.45481388756351965,-0.032863849765258246,0.2983193277310925,0.31071049840933185,-0.008662175168431152,0.08978692138133715,0.20098138446465152,132100.0,67300.0,-0.06434519303557906,0.8365527488855868,20701684.0,2558728142400.0,15592263600.0,21366504530.0,0.006093755464531291,yfinance_download,237690.KQ
2026-01-20,125000.0,129200.0,121700.0,123800.0,123411.4296875,175425.0,0.0016181229773462036,-0.14325259515570932,124450.0,113966.66666666667,103157.5,0.39323824351756553,0.442307515737093,-0.03582554517133951,0.36343612334801767,0.3059071729957805,-0.005222981116914438,0.08628253875402159,0.20010663306109588,132100.0,67300.0,-0.0628311884935655,0.8395245170876671,20701684.0,2562868479200.0,21717615000.0,21262759280.0,0.008473948302949653,yfinance_download,237690.KQ
2026-01-21,122700.0,122800.0,114400.0,116900.0,116533.0859375,316107.0,-0.05573505654281097,-0.1910034602076125,123910.0,114423.33333333333,103359.16666666667,0.43785381758350667,0.4581175108459168,-0.08457321848081445,0.30614525139664805,0.261057173678533,-0.05657331934468568,0.021644769423486032,0.1310075706879732,132100.0,67300.0,-0.11506434519303554,0.736998514115899,20701684.0,2420026859600.0,36952908300.0,21433678155.0,0.01526962734046177,yfinance_download,237690.KQ
2026-01-22,117900.0,122600.0,115300.0,120100.0,119723.0390625,198196.0,0.0273738237810095,-0.1688581314878893,123640.0,114856.66666666667,103613.33333333333,0.44854389964775154,0.4502738257940761,-0.04302788844621519,0.2763018065887355,0.3404017857142858,-0.028631510837916485,0.04565110137272543,0.1591172307296358,132100.0,67300.0,-0.09084027252081761,0.7845468053491829,20701684.0,2486272248400.0,23803339600.0,21422408535.0,0.00957390712755542,yfinance_download,237690.KQ
2026-01-23,120300.0,144200.0,119700.0,139600.0,139161.828125,1348076.0,0.16236469608659454,-0.03391003460207609,124375.0,115571.66666666667,104033.33333333333,0.7349032120675878,0.5528595844321681,0.11769415532425942,0.44364012409513953,0.5650224215246638,0.12241206030150753,0.20790851275543298,0.34187760333226547,139600.0,67300.0,0.0,1.0742942050520061,20701684.0,2889955086400.0,188191409600.0,30186420875.0,0.06511914682882804,yfinance_download,237690.KQ
2026-01-26,138300.0,153500.0,136700.0,149500.0,149030.765625,808751.0,0.0709169054441261,0.0,125605.0,116383.33333333333,104550.0,0.7688660527398914,0.5637053163478523,0.1969575660528422,0.4831349206349207,0.7085714285714286,0.19023924206838894,0.28454818845768304,0.4299378287900526,149500.0,67300.0,0.0,1.2213967310549778,20701684.0,3094901758000.0,120908274500.0,35751094500.0,0.03906691842074297,yfinance_download,237690.KQ
2026-01-27,144500.0,153800.0,144100.0,146500.0,146040.171875,385859.0,-0.02006688963210701,-0.02006688963210701,126885.0,117211.66666666667,105053.33333333333,0.7613143224926046,0.55814550353771,0.21174524400330852,0.5134297520661157,0.7015098722415796,0.154588800882689,0.24987558121347409,0.3945297626602362,149500.0,67300.0,-0.02006688963210701,1.176820208023774,20701684.0,3032796706000.0,56528343500.0,37497735640.0,0.018639015067566485,yfinance_download,237690.KQ
2026-01-28,146500.0,154200.0,145200.0,150500.0,150027.625,369836.0,0.027303754266211566,0.0,128390.0,118031.66666666667,105581.66666666667,0.7613789762286169,0.553791417249985,0.25,0.4856860809476802,0.7278989667049369,0.1722096736505958,0.27508154591281997,0.42543686561745253,150500.0,67300.0,0.0,1.236255572065379,20701684.0,3115603442000.0,55660318000.0,39297486880.0,0.017865020063102113,yfinance_download,237690.KQ
2026-01-29,152200.0,156900.0,148700.0,154600.0,154114.75,386334.0,0.027242524916943456,0.0,130160.0,118930.0,106180.83333333333,0.7584276865767761,0.554607087523757,0.2969798657718121,0.535253227408143,0.8694074969770254,0.1877688998156115,0.29992432523333057,0.4560066553128703,154600.0,67300.0,0.0,1.2971768202080236,20701684.0,3200480346400.0,59727236400.0,41443530420.0,0.018661960060833697,yfinance_download,237690.KQ
2026-01-30,158000.0,166300.0,155800.0,159600.0,159099.0625,414322.0,0.03234152652005173,0.0,132390.0,119905.0,106784.16666666667,0.7377625635580571,0.5568257831123353,0.38782608695652177,0.5786350148367954,0.8302752293577982,0.20552911851348288,0.3310537508861182,0.49460360072108056,159600.0,67300.0,0.0,1.3714710252600297,20701684.0,3303988766400.0,66125791200.0,43200718230.0,0.020013927369386956,yfinance_download,237690.KQ
2026-02-02,153700.0,159500.0,150000.0,153500.0,153018.203125,251946.0,-0.038220551378446155,-0.038220551378446155,133875.0,120801.66666666667,107305.0,0.728362652769319,0.563155391384427,0.239903069466882,0.5396188565697091,0.6868131868131868,0.1465919701213818,0.2706778328113575,0.4305018405479708,159600.0,67300.0,-0.038220551378446155,1.2808320950965824,20701684.0,3177708494000.0,38673711000.0,43093387460.0,0.012170314260424418,yfinance_download,237690.KQ
2026-02-03,158000.0,163500.0,156400.0,160600.0,160095.921875,234880.0,0.04625407166123785,0.0,135585.0,121820.0,107885.83333333333,0.7380660224944108,0.5682240513114266,0.27056962025316467,0.614070351758794,0.7667766776677667,0.18449681011911356,0.3183385322607126,0.48861064551261757,160600.0,67300.0,0.0,1.3863298662704309,20701684.0,3324690450400.0,37721728000.0,43580668260.0,0.011345936881270143,yfinance_download,237690.KQ
2026-02-04,160100.0,161300.0,155000.0,155900.0,155410.671875,140448.0,-0.02926525529265256,-0.02926525529265256,137045.0,122821.66666666667,108435.0,0.7525201989554051,0.5657234758437049,0.23046566692975534,0.6273486430062631,0.7322222222222223,0.1375825458790909,0.26932001682656415,0.43772767095495,160600.0,67300.0,-0.02926525529265256,1.3164933135215455,20701684.0,3227392535600.0,21895843200.0,43562343905.0,0.006784375609249953,yfinance_download,237690.KQ
2026-02-05,153100.0,160900.0,149900.0,150800.0,150326.6875,210316.0,-0.03271327774214239,-0.06102117061021173,138175.0,123726.66666666667,108947.5,0.7686474052371124,0.5720686006165364,0.17628705148205936,0.5626943005181346,0.6886898096304592,0.09136963994933955,0.21881566894768034,0.38415291768971294,160600.0,67300.0,-0.06102117061021173,1.2407132243684993,20701684.0,3121813947200.0,31715652800.0,44282904745.0,0.010159366745236764,yfinance_download,237690.KQ
2026-02-06,142800.0,148000.0,140000.0,146700.0,146239.546875,174855.0,-0.027188328912466808,-0.08655043586550437,138920.0,124555.0,109405.0,0.7756528229841404,0.5765977879648536,0.11305007587253413,0.5123711340206185,0.5980392156862746,0.05600345522602934,0.17779294287664094,0.34088935606233717,160600.0,67300.0,-0.08655043586550437,1.1797919762258542,20701684.0,3036937042800.0,25651228500.0,44288587770.0,0.008446414311028997,yfinance_download,237690.KQ
2026-02-09,150000.0,161500.0,149300.0,154800.0,154314.125,329444.0,0.05521472392638027,-0.03611457036114574,140280.0,125465.0,109940.83333333333,0.780186087146599,0.5825556359949642,0.21316614420062696,0.5449101796407185,0.7104972375690608,0.1035072711719418,0.23381022595943102,0.4080300767837246,160600.0,67300.0,-0.03611457036114574,1.3001485884101038,20701684.0,3204620683200.0,50997931200.0,45910264510.0,0.01591387444615617,yfinance_download,237690.KQ
2026-02-10,157600.0,158100.0,150000.0,152400.0,151921.65625,215187.0,-0.015503875968992276,-0.05105853051058529,141610.0,126305.0,110430.0,0.7807931953236522,0.5841246660980419,0.21144674085850546,0.49411764705882355,0.6264674493062967,0.07619518395593539,0.20660306401171757,0.3800597663678349,160600.0,67300.0,-0.05105853051058529,1.264487369985141,20701684.0,3154936641600.0,32794498800.0,46760657350.0,0.010394661613035925,yfinance_download,237690.KQ
2026-02-11,154800.0,154900.0,147700.0,147900.0,147435.78125,144598.0,-0.029527559055118058,-0.07907845579078454,142730.0,127035.0,110889.16666666667,0.7926928640673606,0.5882896146690214,0.17848605577689236,0.42074927953890495,0.59375,0.03622223779163458,0.16424607391663715,0.33376419397747004,160600.0,67300.0,-0.07907845579078454,1.197622585438336,20701684.0,3061779063600.0,21386044200.0,47086133610.0,0.006984842392531931,yfinance_download,237690.KQ
2026-02-12,148600.0,152100.0,147200.0,147700.0,147236.40625,163292.0,-0.0013522650439485862,-0.08032378580323785,143870.0,127773.33333333333,111356.66666666667,0.791974128343836,0.5878759660227314,0.18254603682946358,0.42843326885880084,0.6124454148471616,0.026621255299923652,0.15595325054784515,0.32636872511749027,160600.0,67300.0,-0.08032378580323785,1.1946508172362558,20701684.0,3057638726800.0,24118228400.0,47691450890.0,0.007887860717031523,yfinance_download,237690.KQ
2026-02-13,145600.0,148600.0,144600.0,146700.0,146239.546875,140183.0,-0.00677048070413,-0.08655043586550437,145085.0,128523.33333333333,111834.16666666667,0.78679614102398,0.5865891592590412,0.19852941176470584,0.4424778761061947,0.6409395973154361,0.01113140572767679,0.14142697824000838,0.31176369773697665,160600.0,67300.0,-0.08655043586550437,1.1797919762258542,20701684.0,3036937042800.0,20564846100.0,47536360595.0,0.006771574718269296,yfinance_download,237690.KQ
2026-02-19,150100.0,155000.0,147500.0,153500.0,153018.203125,202370.0,0.04635310156782557,-0.04420921544209211,146580.0,129436.66666666667,112368.33333333333,0.7971771391604333,0.5871553660667743,0.24190938511326854,0.5552178318135765,0.7170022371364653,0.04720971483149139,0.18590816615590633,0.3660432209548954,160600.0,67300.0,-0.04420921544209211,1.2808320950965824,20701684.0,3177708494000.0,31063795000.0,48309937165.0,0.009775533236813004,yfinance_download,237690.KQ
2026-02-20,153000.0,153500.0,147900.0,150000.0,149529.1875,110386.0,-0.0228013029315961,-0.06600249066002495,147890.0,130236.66666666667,112883.33333333333,0.8060710471971629,0.5880744307907796,0.21163166397415178,0.47058823529411775,0.7006802721088434,0.014267360876327073,0.1517493793350566,0.328805551454304,160600.0,67300.0,-0.06600249066002495,1.2288261515601784,20701684.0,3105252600000.0,16557900000.0,48051951415.0,0.005332223214304692,yfinance_download,237690.KQ
2026-02-23,150000.0,153300.0,146000.0,151100.0,150625.734375,183624.0,0.007333333333333414,-0.05915317559153177,149600.0,131091.66666666666,113375.83333333333,0.7671628594653388,0.5850322503628007,0.29255774165953796,0.5140280561122244,0.642391304347826,0.010026737967914423,0.15262856779607148,0.3327355182982852,160600.0,67300.0,-0.05915317559153177,1.2451708766716196,20701684.0,3128024452400.0,27745586400.0,47591585320.0,0.008870003039366267,yfinance_download,237690.KQ
2026-02-24,152300.0,155400.0,148600.0,148900.0,148432.640625,133267.0,-0.014559894109861027,-0.07285180572851802,151040.0,131936.66666666666,113844.16666666667,0.7718673849543923,0.584786216132913,0.2398001665278935,0.5162932790224033,0.6062567421790723,-0.014168432203389814,0.12857178949495984,0.3079282352338357,160600.0,67300.0,-0.07285180572851802,1.2124814264487371,20701684.0,3082480747600.0,19843456300.0,47393591155.0,0.006437495616298655,yfinance_download,237690.KQ
2026-02-25,149000.0,149000.0,142400.0,145000.0,144544.890625,191975.0,-0.026192075218267274,-0.09713574097135746,151310.0,132723.33333333334,114266.66666666667,0.5394555240702639,0.5884181055289525,0.0386819484240688,0.48261758691206547,0.5376458112407212,-0.04170246513779663,0.09249817916970127,0.26896149358226373,160600.0,67300.0,-0.09713574097135746,1.1545319465081723,20701684.0,3001744180000.0,27836375000.0,39375839425.0,0.009273400173628387,yfinance_download,237690.KQ
2026-02-26,146300.0,148700.0,141100.0,147100.0,146638.296875,197802.0,0.014482758620689706,-0.08405977584059776,151190.0,133448.33333333334,114704.16666666667,0.4781542918955179,0.578564241096174,-0.016053511705685586,0.41988416988417,0.554968287526427,-0.02705205370725572,0.10229926688231394,0.28242943804715015,160600.0,67300.0,-0.08405977584059776,1.1857355126300146,20701684.0,3045217716400.0,29096674200.0,34785259410.0,0.009554874859455878,yfinance_download,237690.KQ
2026-02-27,144500.0,157500.0,144300.0,152300.0,151821.96875,236712.0,0.035350101971447945,-0.05168119551681194,151480.0,134183.33333333334,115194.16666666667,0.488251383866815,0.5763237800122109,0.03959044368600684,0.40757855822550826,0.6288770053475936,0.00541325587536301,0.13501428393988313,0.32211555851352425,160600.0,67300.0,-0.05168119551681194,1.263001485884101,20701684.0,3152866473200.0,36051237600.0,33761404115.0,0.011434432097408114,yfinance_download,237690.KQ
2026-03-03,151200.0,166600.0,148200.0,155600.0,155111.609375,366300.0,0.02166776099803025,-0.031133250311332517,151735.0,134826.66666666666,115719.16666666667,0.4848348628479798,0.5557676114590385,0.03388704318936875,0.32991452991452985,0.6803455723542116,0.025472040069858704,0.15407436708860778,0.3446346398968767,160600.0,67300.0,-0.031133250311332517,1.3120356612184247,20701684.0,3221182030400.0,56996280000.0,33828202215.0,0.01769421270269607,yfinance_download,237690.KQ
2026-03-04,154500.0,155000.0,130000.0,131500.0,131087.265625,348764.0,-0.1548843187660668,-0.18119551681195512,150580.0,135073.33333333334,116041.66666666667,0.7290931515183819,0.645453834484983,-0.14941785252263906,0.12682090831191095,0.4170258620689655,-0.12671005445610306,-0.02645476531266977,0.1332136445242369,160600.0,67300.0,-0.18119551681195512,0.9539375928677563,20701684.0,2722271446000.0,45862466000.0,33134963695.0,0.0168471318565195,yfinance_download,237690.KQ
2026-03-05,141800.0,155500.0,138300.0,148800.0,148332.953125,264741.0,0.13155893536121677,-0.07347447073474467,150040.0,135590.0,116484.16666666667,0.8712932291753572,0.697258538470188,-0.06766917293233088,0.26315789473684204,0.5548589341692789,-0.008264462809917328,0.09742606386901698,0.2774268319728719,160600.0,67300.0,-0.07347447073474467,1.210995542347697,20701684.0,3080410579200.0,39393460800.0,31798347175.0,0.012788379921169699,yfinance_download,237690.KQ
2026-03-06,149000.0,162100.0,148500.0,160000.0,159497.796875,270844.0,0.07526881720430101,-0.0037359900373599153,150365.0,136275.0,116995.0,0.9013947859023425,0.712011515173167,0.04234527687296419,0.3456686291000841,0.6210739614994933,0.06407741163169622,0.1740964960557696,0.3675798111030386,160600.0,67300.0,-0.0037359900373599153,1.3774145616641902,20701684.0,3312269440000.0,43335040000.0,32031413625.0,0.013083186855716666,yfinance_download,237690.KQ
2026-03-09,153900.0,164800.0,152600.0,162100.0,161591.21875,319537.0,0.013125000000000053,0.0,150440.0,137011.66666666666,117514.16666666667,0.8881944014166245,0.7115256523681642,0.009339975093399788,0.37489397794741297,0.6242484969939879,0.07750598245147566,0.18311092729329626,0.3794081564634051,162100.0,67300.0,0.0,1.4086181277860326,20701684.0,3355742976400.0,51796947700.0,32735174610.0,0.01543531434447555,yfinance_download,237690.KQ
2026-03-10,170500.0,171500.0,158000.0,159600.0,159099.0625,298811.0,-0.015422578655151176,-0.015422578655151176,150625.0,137705.0,118027.5,0.8830802172146558,0.7128379253859236,0.023733162283515075,0.3525423728813559,0.6285714285714286,0.059585062240663955,0.15899931011945823,0.3522272351782423,162100.0,67300.0,-0.015422578655151176,1.3714710252600297,20701684.0,3303988766400.0,47690235600.0,34024894230.0,0.014434139754041266,yfinance_download,237690.KQ
2026-03-11,161500.0,166900.0,157300.0,158900.0,158401.25,225598.0,-0.004385964912280715,-0.019740900678593465,151030.0,138270.0,118532.5,0.8737003185605293,0.7044000578131078,0.05371352785145889,0.2712000000000001,0.6164801627670398,0.052108852545851736,0.14920083893830904,0.3405606057410415,162100.0,67300.0,-0.019740900678593465,1.361069836552749,20701684.0,3289497587600.0,35847522200.0,34231487700.0,0.010897567560204281,yfinance_download,237690.KQ
2026-03-12,156100.0,160700.0,153500.0,157400.0,156905.96875,184404.0,-0.009439899307740696,-0.028994447871684148,151565.0,138768.33333333334,119072.5,0.8675230737263078,0.7042997383197795,0.07293796864349011,0.23450980392156873,0.6997840172786176,0.038498334048098215,0.13426454162212798,0.3218837263012031,162100.0,67300.0,-0.028994447871684148,1.3387815750371472,20701684.0,3258445061600.0,29025189600.0,34400185755.0,0.008907681133573481,yfinance_download,237690.KQ
2026-03-13,154500.0,165000.0,153500.0,160700.0,160195.609375,162413.0,0.020965692503176703,-0.00863664404688469,151860.0,139363.33333333334,119630.83333333333,0.849549212761195,0.7032823083330457,0.03811369509043927,0.2856000000000001,0.7150480256136607,0.05821151060187013,0.15310100696022388,0.34329917733025916,162100.0,67300.0,-0.00863664404688469,1.387815750371471,20701684.0,3326760618800.0,26099769100.0,33155277650.0,0.00784540040317493,yfinance_download,237690.KQ
2026-03-16,159100.0,164000.0,153200.0,155100.0,154613.1875,131061.0,-0.034847542003733634,-0.043183220234423225,151995.0,139793.33333333334,120161.66666666667,0.8579500124983593,0.7052962875224225,0.017716535433070835,0.19953596287703013,0.6969365426695842,0.020428303562617156,0.10949496876341258,0.2907610580190576,162100.0,67300.0,-0.043183220234423225,1.3046062407132242,20701684.0,3210831188400.0,20327561100.0,32531930765.0,0.006330934237040813,yfinance_download,237690.KQ
2026-03-17,162200.0,163900.0,153100.0,153400.0,152918.515625,183507.0,-0.010960670535138606,-0.05367057371992601,152270.0,140228.33333333334,120646.66666666667,0.8513215116662727,0.7048253766866737,0.037187288708586896,0.20502749410840537,0.6113445378151261,0.007421028436330301,0.09393013775152426,0.27148146101563797,162100.0,67300.0,-0.05367057371992601,1.2793462109955422,20701684.0,3175638325600.0,28149973800.0,32870127245.0,0.008864351325235184,yfinance_download,237690.KQ
2026-03-18,155100.0,158000.0,152300.0,155800.0,155310.984375,105200.0,0.015645371577575062,-0.038864898210980825,152675.0,140623.33333333334,121150.83333333333,0.8522471145170807,0.7017720878621129,0.05484089370345302,0.17940953822861472,0.6348373557187827,0.020468315048305152,0.10792424206509099,0.2860002338682497,162100.0,67300.0,-0.038864898210980825,1.3150074294205054,20701684.0,3225322367200.0,16390160000.0,32483723825.0,0.005081712193075694,yfinance_download,237690.KQ
2026-03-19,152000.0,152400.0,147500.0,149500.0,149030.765625,115254.0,-0.04043645699614895,-0.07772979642196176,152815.0,140930.0,121615.83333333333,0.8661932384629432,0.7072380832966665,0.019086571233810412,0.14035087719298245,0.5955176093916756,-0.021692896639727732,0.06081033137018377,0.22928072687903844,162100.0,67300.0,-0.07772979642196176,1.2213967310549778,20701684.0,3094901758000.0,17230473000.0,32317005170.0,0.005567373166356901,yfinance_download,237690.KQ
2026-03-20,150100.0,152700.0,149200.0,150800.0,150326.6875,96831.0,0.008695652173912993,-0.06971005552128318,152680.0,141313.33333333334,122109.16666666667,0.8510254137014506,0.7048461662829794,-0.017589576547231256,0.1799687010954616,0.6462882096069869,-0.01231333507990573,0.06713214134075574,0.23496052029945869,162100.0,67300.0,-0.06971005552128318,1.2407132243684993,20701684.0,3121813947200.0,14602114800.0,31493921160.0,0.004677445564331868,yfinance_download,237690.KQ
2026-03-23,143200.0,146200.0,141000.0,142500.0,142052.734375,111341.0,-0.05503978779840846,-0.12091301665638499,152305.0,141548.33333333334,122535.0,0.8702144432482318,0.7150501514195845,-0.050000000000000044,0.10981308411214963,0.5590809628008753,-0.06437740061061681,0.0067232629608260375,0.16293303953972327,162100.0,67300.0,-0.12091301665638499,1.1173848439821694,20701684.0,2949989970000.0,15866092500.0,31459330785.0,0.005378354727084038,yfinance_download,237690.KQ
2026-03-24,149400.0,154300.0,145300.0,151000.0,150526.046875,158668.0,0.05964912280701751,-0.06847624922887108,152300.0,141936.66666666666,123010.0,0.8963633296941292,0.7242585846647638,-0.0006618133686300265,0.18245888801879406,0.6063829787234043,-0.008535784635587684,0.06385477090721214,0.2275424762214453,162100.0,67300.0,-0.06847624922887108,1.2436849925705795,20701684.0,3125954284000.0,23958868000.0,31269994865.0,0.007664497245731313,yfinance_download,237690.KQ
2026-03-25,151500.0,161500.0,151500.0,159500.0,158999.375,206300.0,0.056291390728476776,-0.01603948180135717,152830.0,142503.33333333334,123549.16666666667,0.9146103638167364,0.7307806988186045,0.07118871725990594,0.27091633466135456,0.6824894514767932,0.0436432637571158,0.11927206381137267,0.29098402120613254,162100.0,67300.0,-0.01603948180135717,1.3699851411589896,20701684.0,3301918598000.0,32904850000.0,31923064550.0,0.00996537286531859,yfinance_download,237690.KQ
2026-03-26,161200.0,164500.0,153600.0,154800.0,154314.125,179823.0,-0.02946708463949843,-0.04503392967304132,153320.0,143001.66666666666,124061.66666666667,0.9161668951996185,0.7339411729004595,0.06758620689655181,0.2393915132105684,0.6591639871382637,0.009653013305504832,0.08250486591065376,0.24776656770154615,162100.0,67300.0,-0.04503392967304132,1.3001485884101038,20701684.0,3204620683200.0,27836600400.0,31923075820.0,0.008686394787979567,yfinance_download,237690.KQ
2026-03-27,152500.0,159700.0,150300.0,159300.0,158800.0,121338.0,0.029069767441860517,-0.017273288093769268,153930.0,143575.0,124620.0,0.9196490206139827,0.7355753014968596,0.08293677770224339,0.2754203362690153,0.7258938244853739,0.03488598713701041,0.10952463869057993,0.2782859894077998,162100.0,67300.0,-0.017273288093769268,1.3670133729569094,20701684.0,3297778261200.0,19329143400.0,31434699280.0,0.00586126230117318,yfinance_download,237690.KQ
2026-03-30,153600.0,155100.0,147500.0,148800.0,148800.0,121321.0,-0.06591337099811678,-0.08204811844540405,153755.0,144040.0,125101.66666666667,0.9460969355797233,0.7460853728233402,-0.022980958634274407,0.23076923076923084,0.6351648351648351,-0.032226594257097285,0.033046376006664824,0.18943259482287744,162100.0,67300.0,-0.08204811844540405,1.210995542347697,20701684.0,3080410579200.0,18052564800.0,30534765640.0,0.005860441111940459,yfinance_download,237690.KQ
2026-03-31,150100.0,154800.0,143500.0,144600.0,144600.0,110952.0,-0.028225806451612878,-0.10795805058605801,153205.0,144443.33333333334,125565.83333333333,0.9479058518603073,0.7489102389903356,-0.07069408740359895,0.20099667774086383,0.626546681664792,-0.05616657419797,0.0010846237278747672,0.15158714883958613,162100.0,67300.0,-0.10795805058605801,1.1485884101040118,20701684.0,2993463506400.0,16043659200.0,28487134600.0,0.005359563985229414,yfinance_download,237690.KQ
2026-04-01,150500.0,155000.0,148800.0,152800.0,152800.0,115894.0,0.0567081604426003,-0.05737199259716219,154270.0,145003.33333333334,126092.5,0.7772970818548101,0.7559780833993842,0.16197718631178715,0.2818791946308725,0.7053571428571428,-0.00952874829843775,0.053768878876347515,0.211808791165216,162100.0,67300.0,-0.05737199259716219,1.2704309063893016,20701684.0,3163217315200.0,17708603200.0,27079441460.0,0.0055982885257064114,yfinance_download,237690.KQ
2026-04-02,152800.0,154900.0,140800.0,143200.0,143200.0,133411.0,-0.06282722513089001,-0.11659469463294259,153990.0,145473.33333333334,126540.0,0.6681999654220272,0.7643581244274241,-0.037634408602150504,0.24521739130434783,0.6000000000000001,-0.07006948503149557,-0.015627148160029414,0.13165797376323685,162100.0,67300.0,-0.11659469463294259,1.1277860326894502,20701684.0,2964481148800.0,19104455200.0,26064991180.0,0.006444451572152295,yfinance_download,237690.KQ
2026-04-03,144600.0,144900.0,135100.0,138100.0,138100.0,162891.0,-0.03561452513966479,-0.14805675508945093,152895.0,145711.66666666666,126953.33333333333,0.6138815690668811,0.7538870597442455,-0.13687499999999997,0.11550888529886905,0.5604519774011298,-0.09676575427581025,-0.05223786702048561,0.08780129181326468,162100.0,67300.0,-0.14805675508945093,1.052005943536404,20701684.0,2858902560400.0,22495247100.0,25023001535.0,0.007868490312189095,yfinance_download,237690.KQ
2026-04-06,138000.0,140900.0,136000.0,136800.0,136800.0,105592.0,-0.009413468501086153,-0.15607649599012952,151630.0,145885.0,127353.33333333333,0.6094632442194224,0.7533484460996863,-0.15607649599012952,0.08227848101265822,0.5405405405405406,-0.09780386467057967,-0.06227507968605406,0.0741768308642623,162100.0,67300.0,-0.15607649599012952,1.0326894502228825,20701684.0,2831990371200.0,14444985600.0,23155403430.0,0.005100647850677269,yfinance_download,237690.KQ
2026-04-07,137400.0,143900.0,136000.0,137000.0,137000.0,95085.0,0.0014619883040936088,-0.15484268969771742,150500.0,146056.66666666666,127742.5,0.6095903850922039,0.753350981973712,-0.14160401002506262,0.08129439621152335,0.5171650055370987,-0.0897009966777409,-0.06200789647853566,0.07247000802395442,162100.0,67300.0,-0.15484268969771742,1.0356612184249627,20701684.0,2836130708000.0,13026645000.0,21422223900.0,0.004593104599606486,yfinance_download,237690.KQ
2026-04-08,143600.0,145300.0,139000.0,140000.0,140000.0,121828.0,0.021897810218978186,-0.13633559531153605,149555.0,146253.33333333334,128123.33333333333,0.6181106273301946,0.7541708301167002,-0.11894273127753308,0.09204368174726985,0.4846235418875928,-0.0638895389655979,-0.04275686024250169,0.09269714077581503,162100.0,67300.0,-0.13633559531153605,1.0802377414561666,20701684.0,2898235760000.0,17055920000.0,20482643790.0,0.005884931873175149,yfinance_download,237690.KQ
2026-04-09,140300.0,143000.0,139800.0,141100.0,141100.0,82428.0,0.007857142857142785,-0.12954966070326956,148740.0,146408.33333333334,128524.16666666667,0.619729050036562,0.752385472360747,-0.10355781448538759,0.07056145675265557,0.5172043010752687,-0.05136479763345436,-0.036257043656440335,0.09784800523896275,162100.0,67300.0,-0.12954966070326956,1.0965824665676078,20701684.0,2921007612400.0,11630590800.0,19612913850.0,0.0039817050632209436,yfinance_download,237690.KQ
2026-04-10,141100.0,146100.0,140500.0,143300.0,143300.0,78204.0,0.015591778880226892,-0.11597779148673659,147870.0,146670.0,128923.33333333333,0.6170621778112504,0.7494798223758972,-0.10827629122588678,0.12304075235109724,0.5020964360587001,-0.030905525123419264,-0.022976750528397094,0.11151330247950986,162100.0,67300.0,-0.11597779148673659,1.1292719167904903,20701684.0,2966551317200.0,11206633200.0,18868257055.0,0.003777663691514178,yfinance_download,237690.KQ
2026-04-13,140500.0,144200.0,138100.0,143700.0,143700.0,73275.0,0.002791346824843055,-0.1135101789019124,147300.0,146968.33333333334,129327.5,0.6072968444794191,0.7486299022872922,-0.07350096711798837,0.14228934817170114,0.509453781512605,-0.024439918533604943,-0.022238350665109374,0.11113258974309415,162100.0,67300.0,-0.1135101789019124,1.1352154531946508,20701684.0,2974831990800.0,10529617500.0,18378359875.0,0.0035395671192739683,yfinance_download,237690.KQ
2026-04-14,145200.0,146700.0,141800.0,143600.0,143600.0,164640.0,-0.0006958942240778976,-0.1141270820481185,146810.0,147270.0,129717.5,0.6066300027503593,0.748583087871892,-0.0638852672750978,0.14422310756972112,0.48347107438016534,-0.02186499557250865,-0.024920214571874766,0.1070210264613487,162100.0,67300.0,-0.1141270820481185,1.1337295690936107,20701684.0,2972761822400.0,23642304000.0,18152976385.0,0.007952976192661427,yfinance_download,237690.KQ
2026-04-15,145200.0,149300.0,143200.0,147500.0,147500.0,143782.0,0.027158774373259087,-0.09006785934608263,146395.0,147646.66666666666,130065.83333333333,0.6125700664170577,0.7499651079997117,-0.05327342747111685,0.18094475580464375,0.3954588457899717,0.0075480719969944765,-0.0009933625321713047,0.13404109457390168,162100.0,67300.0,-0.09006785934608263,1.1916790490341755,20701684.0,3053498390000.0,21207845000.0,18393860635.0,0.006945425309361306,yfinance_download,237690.KQ
2026-04-16,148800.0,150500.0,146000.0,146700.0,146700.0,79039.0,-0.0054237288135593476,-0.09500308451573103,146255.0,148051.66666666666,130497.5,0.5958284271387382,0.7485754585071923,-0.01872909698996661,0.19852941176470584,0.5458377239199157,0.003042631021161757,-0.009129695714333863,0.12415946665644939,162100.0,67300.0,-0.09500308451573103,1.1797919762258542,20701684.0,3036937042800.0,11595021300.0,18112088050.0,0.003817998574415492,yfinance_download,237690.KQ
2026-04-17,146200.0,146500.0,140300.0,141000.0,141000.0,106683.0,-0.03885480572597133,-0.13016656384947567,145765.0,148341.66666666666,130879.16666666667,0.6100729041424695,0.7536190990404064,-0.06498673740053051,0.14077669902912615,0.48109243697479,-0.03268960312832303,-0.04949160159541588,0.07732959791155958,162100.0,67300.0,-0.13016656384947567,1.0950965824665677,20701684.0,2918937444000.0,15042303000.0,18134097460.0,0.005153348877318387,yfinance_download,237690.KQ
2026-04-20,142500.0,143500.0,140000.0,141900.0,141900.0,62969.0,0.006382978723404209,-0.12461443553362117,145735.0,148643.33333333334,131305.0,0.5782437500825749,0.7536370332116874,-0.004210526315789442,0.14620355411954766,0.5627753303964758,-0.026314886609256516,-0.04536586459758263,0.08068999657286469,162100.0,68200.0,-0.12461443553362117,1.0806451612903225,20701684.0,2937568959600.0,8935301100.0,17787557890.0,0.003041733223248891,yfinance_download,237690.KQ
2026-04-21,143000.0,143000.0,135100.0,135800.0,135800.0,167497.0,-0.042988019732205784,-0.16224552745219,144975.0,148958.33333333334,131690.83333333334,0.553033488391257,0.7498097141358702,-0.10066225165562914,0.16167664670658688,0.51731843575419,-0.06328677358165202,-0.08833566433566442,0.031203133602060396,162100.0,68200.0,-0.16224552745219,0.9912023460410557,20701684.0,2811288687200.0,22746092600.0,17726919120.0,0.0080909842890076,yfinance_download,237690.KQ
2026-04-22,138000.0,143000.0,137100.0,141900.0,141900.0,194661.0,0.04491899852724601,-0.12461443553362117,144095.0,149321.66666666666,132089.16666666666,0.5376553483218635,0.753042080491124,-0.1103448275862069,0.18151540383014164,0.5079702444208289,-0.015233006002984162,-0.04970254372551419,0.07427432226967912,162100.0,71600.0,-0.12461443553362117,0.9818435754189945,20701684.0,2937568959600.0,27622395900.0,17462796415.0,0.009403148072398362,yfinance_download,237690.KQ
2026-04-23,143600.0,151400.0,143500.0,148000.0,148000.0,182235.0,0.04298801973220567,-0.08698334361505244,143755.0,149461.66666666666,132516.66666666666,0.5556364123710819,0.6821366197305841,-0.043927648578811374,0.06017191977077374,0.5305067218200621,0.029529407672776564,-0.009779542134549457,0.11684064897497182,162100.0,71600.0,-0.08698334361505244,1.0670391061452515,20701684.0,3063849232000.0,26970780000.0,17419505395.0,0.008802907048528033,yfinance_download,237690.KQ
2026-04-24,147700.0,150500.0,144800.0,148000.0,148000.0,93763.0,0.0,-0.08698334361505244,143190.0,149436.66666666666,132910.0,0.5437701879516443,0.6667964348232168,-0.07093534212178276,-0.010033444816053505,0.46825396825396814,0.03359173126614978,-0.009613883250429334,0.11353547513354911,162100.0,71600.0,-0.08698334361505244,1.0670391061452515,20701684.0,3063849232000.0,13876924000.0,17146894425.0,0.004529245060450155,yfinance_download,237690.KQ
2026-04-27,150500.0,169100.0,149100.0,167500.0,167500.0,424180.0,0.1317567567567568,0.0,144125.0,149786.66666666666,133499.16666666666,0.6772775200835585,0.71727518537728,0.12567204301075274,0.14334470989761083,0.7303719008264462,0.16218560277536853,0.11825707673135133,0.2546894799593007,167500.0,71600.0,0.0,1.339385474860335,20701684.0,3467532070000.0,71050150000.0,19796773685.0,0.020490120513867373,yfinance_download,237690.KQ
2026-04-28,167500.0,172100.0,161900.0,168700.0,168700.0,289197.0,0.0071641791044776415,0.0,145330.0,150090.0,134060.83333333334,0.6645521446757413,0.7155747858195295,0.16666666666666674,0.12093023255813962,0.665350444225074,0.16080644051469073,0.12399227130388435,0.25838394261311715,168700.0,71600.0,0.0,1.356145251396648,20701684.0,3492374090800.0,48787533900.0,21433967420.0,0.013969733090312846,yfinance_download,237690.KQ
2026-04-29,166100.0,171000.0,161600.0,163400.0,163400.0,144969.0,-0.03141671606401897,-0.03141671606401897,145860.0,150236.66666666666,134583.33333333334,0.6533673274724525,0.7171495021968387,0.06937172774869116,0.056921086675291166,0.6226415094339623,0.12025229672288495,0.08761731490315294,0.21411764705882352,168700.0,71600.0,-0.03141671606401897,1.2821229050279328,20701684.0,3382655165600.0,23687934600.0,21732933990.0,0.00700276363990485,yfinance_download,237690.KQ
2026-04-30,161700.0,162100.0,150900.0,152500.0,152500.0,230448.0,-0.06670746634026925,-0.0960284528749259,146325.0,150118.33333333334,135011.66666666666,0.6587648119056777,0.7278556391946525,0.0649441340782122,-0.04448621553884713,0.5084075173095945,0.0422005808986845,0.015865261848985845,0.12953201575172524,168700.0,71600.0,-0.0960284528749259,1.1298882681564244,20701684.0,3157006810000.0,35143320000.0,22534877230.0,0.011131848017774787,yfinance_download,237690.KQ
2026-05-04,155000.0,155100.0,152100.0,153800.0,153800.0,84093.0,0.008524590163934365,-0.08832246591582693,147110.0,150123.33333333334,135462.5,0.6420308424468805,0.7235877062391127,0.11368573497465606,0.00195439739413672,0.5426278836509528,0.04547617429134654,0.024490974087971962,0.1353695672234012,168700.0,71600.0,-0.08832246591582693,1.1480446927374302,20701684.0,3183918999200.0,12933503400.0,22056790045.0,0.004062133302778654,yfinance_download,237690.KQ
2026-05-06,152500.0,152500.0,148700.0,150000.0,150000.0,118386.0,-0.024707412223667125,-0.11084765856550094,147770.0,149946.66666666666,135883.33333333334,0.649203096181123,0.7192562400236606,0.09649122807017552,-0.06600249066002495,0.5075376884422111,0.01509101982811134,0.0003556820202739175,0.10388813933521401,168700.0,71600.0,-0.11084765856550094,1.094972067039106,20701684.0,3105252600000.0,17757900000.0,22222435765.0,0.005718665206173566,yfinance_download,237690.KQ
2026-05-07,151400.0,157700.0,148900.0,153800.0,153800.0,140079.0,0.02533333333333343,-0.08832246591582693,148610.0,149911.66666666666,136366.66666666666,0.6528097142700857,0.7185123864346624,0.1226277372262774,-0.01347017318794097,0.605427974947808,0.03492362559720075,0.025937496525731962,0.1278416035199219,168700.0,71600.0,-0.08832246591582693,1.1480446927374302,20701684.0,3183918999200.0,21544150200.0,22648311025.0,0.006766550972375001,yfinance_download,237690.KQ
2026-05-08,155200.0,159800.0,154100.0,156000.0,156000.0,141499.0,0.014304291287386306,-0.07528156490812088,149410.0,149998.33333333334,136862.5,0.6510002579426853,0.7156057940312008,0.11428571428571432,0.034482758620689724,0.616580310880829,0.044106820159293125,0.04001155568395198,0.13983012147228058,168700.0,71600.0,-0.07528156490812088,1.1787709497206702,20701684.0,3229462704000.0,22073844000.0,22899207225.0,0.006835144425931726,yfinance_download,237690.KQ
2026-05-11,154500.0,154500.0,144200.0,146000.0,146000.0,153866.0,-0.0641025641025641,-0.13455838767042083,149655.0,149986.66666666666,137270.83333333334,0.6970519103662067,0.7258663720447847,0.03472714386959597,-0.0047716428084526585,0.5051546391752577,-0.024422839196819313,-0.02658014045692947,0.06359083320685976,168700.0,71600.0,-0.13455838767042083,1.0391061452513966,20701684.0,3022445864000.0,22464436000.0,23440899485.0,0.007432535440112022,yfinance_download,237690.KQ
2026-05-12,145200.0,150200.0,140500.0,146100.0,146100.0,158291.0,0.00068493150684934,-0.13396561944279783,149795.0,149841.66666666666,137653.33333333334,0.6953735472195938,0.7170032419310692,0.01953942777390094,-0.05620155038759689,0.45808383233532934,-0.024667044961447337,-0.02497080251376449,0.061361875242154085,168700.0,71600.0,-0.13396561944279783,1.0405027932960893,20701684.0,3024516032400.0,23126315100.0,24036883580.0,0.007646286166864493,yfinance_download,237690.KQ
2026-05-13,149200.0,151000.0,141400.0,142600.0,142600.0,106265.0,-0.023956194387405927,-0.15471250740960285,149740.0,149678.33333333334,137991.66666666666,0.7013521659125066,0.7179945233385172,-0.0076548364648573175,-0.06430446194225725,0.39803921568627443,-0.04768264992653937,-0.04729030031066628,0.0333957364575157,168700.0,71600.0,-0.15471250740960285,0.9916201117318435,20701684.0,2952060138400.0,15153389000.0,24268072155.0,0.005133157283243237,yfinance_download,237690.KQ
2026-05-14,143700.0,148000.0,139300.0,142500.0,142500.0,111383.0,-0.0007012622720897754,-0.15530527563722585,149685.0,149588.33333333334,138311.66666666666,0.7013522894195178,0.7153737257464761,-0.007660167130919215,-0.0365111561866126,0.3688760806916427,-0.04800080168353538,-0.04738560270965875,0.03028185137431172,168700.0,71600.0,-0.15530527563722585,0.9902234636871508,20701684.0,2949989970000.0,15872077500.0,23879560830.0,0.00538038354754135,yfinance_download,237690.KQ
2026-05-15,142600.0,142600.0,128900.0,131400.0,131400.0,255644.0,-0.07789473684210524,-0.22110254890337877,148880.0,149316.66666666666,138545.0,0.7461314190500995,0.7331437533830413,-0.1091525423728813,-0.11035883547731884,0.2707930367504836,-0.11740999462654489,-0.11999107043196777,-0.0515716915081742,168700.0,71600.0,-0.22110254890337877,0.8351955307262571,20701684.0,2720201277600.0,33591621600.0,24498749660.0,0.012348947071165805,yfinance_download,237690.KQ
2026-05-18,127600.0,128700.0,121400.0,124900.0,124900.0,168360.0,-0.04946727549467278,-0.2596324836988737,147790.0,148953.33333333334,138738.33333333334,0.7628623440407875,0.7397969946066184,-0.1486025903203817,-0.1486025903203817,0.22812192723697144,-0.15488192705866433,-0.16148234346327717,-0.09974412262892984,168700.0,71600.0,-0.2596324836988737,0.744413407821229,20701684.0,2585640331600.0,21028164000.0,24970406795.0,0.008132671718880454,yfinance_download,237690.KQ
2026-05-19,125300.0,129000.0,121900.0,128600.0,128600.0,140702.0,0.02962369895916739,-0.2377000592768228,147170.0,148538.33333333334,138987.5,0.76358753608372,0.7359492287931781,-0.08794326241134753,-0.16221498371335508,0.3029381965552178,-0.12618060746075965,-0.13423022115503302,-0.0747369367748898,168700.0,71600.0,-0.2377000592768228,0.7960893854748603,20701684.0,2662236562400.0,18094277200.0,25123005505.0,0.00679664514249179,yfinance_download,237690.KQ
2026-05-20,128500.0,128600.0,122100.0,124800.0,124800.0,114726.0,-0.029548989113530322,-0.2602252519264967,146315.0,148118.33333333334,139177.5,0.7680505132428749,0.7368976488149519,-0.12050739957716705,-0.16800000000000004,0.22352941176470598,-0.14704575744113724,-0.1574304328746161,-0.10330333566848093,168700.0,71600.0,-0.2602252519264967,0.7430167597765363,20701684.0,2583570163200.0,14317804800.0,25392130690.0,0.005541867994893555,yfinance_download,237690.KQ
2026-05-21,127100.0,130900.0,126200.0,126800.0,126800.0,122781.0,0.01602564102564097,-0.24836988737403676,145865.0,147713.33333333334,139402.5,0.7581557411559714,0.7375827508266591,-0.06627393225331368,-0.1608206485771012,0.2705410821643286,-0.1307030473382923,-0.1415805388816176,-0.09040368716486435,168700.0,71600.0,-0.24836988737403676,0.770949720670391,20701684.0,2624973531200.0,15568630800.0,25033257600.0,0.005930966775456528,yfinance_download,237690.KQ
2026-05-22,130500.0,144000.0,130000.0,139500.0,139500.0,158371.0,0.10015772870662465,-0.17308832246591588,145745.0,147556.66666666666,139746.66666666666,0.82614895635331,0.7660601420797726,-0.016913319238900604,-0.06312961719274679,0.4205702647657841,-0.04284881127997531,-0.05460049246617116,-0.0017650987501192095,168700.0,71600.0,-0.17308832246591588,0.9483240223463687,20701684.0,2887884918000.0,22092754500.0,24756775530.0,0.007650150586783182,yfinance_download,237690.KQ
