application_number,open_number,register_number,register_status,final_disposal,invention_title,right_holder,claim_no,claim_text,claim_char_len,is_dependent_estimated,is_independent_estimated,dependency_source
1019860000366,1019860005583,1000443010000,소멸,소멸,살충제조성물,미코겐 코포레이숀,1,"1. <P>폴리펩타이드 독소를 코딩하는 유전자를 함유한 미생물을 배양하고, 프로테아제 불활성화 조건이나 세포벽 강화조건하에서 미생물세포를 사별시키는 것을 특징으로하여 세포내 독소함유의 미분해에 가까운 단세포 미생물을 제조하는 방법.</P>",133,False,True,explicit_or_regex_estimated
1019860000366,1019860005583,1000443010000,소멸,소멸,살충제조성물,미코겐 코포레이숀,2,"2. <P>제1항에 있어서, 폴리펩타이드 독소를 코딩하는 유전자가 이형유전자인 것을 특징으로하는 방법.</P>",61,True,False,explicit_or_regex_estimated
1019860000366,1019860005583,1000443010000,소멸,소멸,살충제조성물,미코겐 코포레이숀,3,"3. <P>제1항에 있어서, 폴리펩타이드 독소를 코딩하는 유전자가 상동유전자인 것을 특징으로 하는 방법.</P>",62,True,False,explicit_or_regex_estimated
1019950701653,1019950704523,1002206270000,소멸,소멸,금속코발트분말의제조방법,유미코아,1,"1. <P>0.3g 내지 10g의 가용성 은에 대하여 환원시키고자 하는 코발트 중량비가 1kg이 되도록 황산은 또는 질산은을 암모니아성 황산코발트 용액에 첨가하는 단계와, 제조하고자 하는 코발트 금속분말의 응집을 방지하는데 효과적인 양의 유기분산제를 첨가하는 단계와, 황산코발트를 코발트 금속분말로 환원시키는데 충분한 시간동안 2.5 내지 5.0MPa의 수소압하에서 교반하면서 150 내지 250<EMI ID=""127"" HE=""4"" WI=""4"" FILE=""kpo00127.TIF"">에서 상기 용액을 가열하는 단계로 이루어진, 40 내지 80g/L 코발트를 함유하며 암모니아/코발트의 몰 비가 약 1.5<EMI ID=""128"" HE=""4"" WI=""4"" FILE=""kpo00128.TIF"">3.0:1인 암모니아성 황산코발트용액으로부터 황화물과 시안화물을 사용하지 않고 제조하는 미세 코발트 분말의 제조방법.</P>",453,False,True,explicit_or_regex_estimated
1019950701653,1019950704523,1002206270000,소멸,소멸,금속코발트분말의제조방법,유미코아,2,"2. <P>제1항에 있어서, 상기 유기분산제는 아교, 폴리아크릴산 및 아교와 폴리아크릴산의 혼합물로 이루어진 그룹 중에서 선택된 미세 코발트 분말의 제조방법.</P>",92,True,False,explicit_or_regex_estimated
1019950701653,1019950704523,1002206270000,소멸,소멸,금속코발트분말의제조방법,유미코아,3,"3. <P>제1항에 있어서, 상기 유기분산제는 아교와 폴리아크릴산의 혼합물인 미세 코발트 분말의 제조방법.</P>",63,True,False,explicit_or_regex_estimated
1019950701653,1019950704523,1002206270000,소멸,소멸,금속코발트분말의제조방법,유미코아,4,"4. <P>제3항에 있어서, 상기 아교와 폴리아크릴산의 혼합물은 코발트 중량의 2.5 이하의 유효량으로 첨가되는 미세 코발트 분말의 제조방법.</P>",83,True,False,explicit_or_regex_estimated
1019950701653,1019950704523,1002206270000,소멸,소멸,금속코발트분말의제조방법,유미코아,5,"5. <P>환원시키고자 하는 코발트 1kg당 0.3 내지 4g의 은을 공급하는 유효량의 황산은 또는 질산은을 암모니아성 황산코발트 용액에 첨가하는 단계와, 제조하고자 하는 초미세 코발트 분말의 응집을 방지하는데 효과적인 양의 유기분산제를 첨가하는 단계와, 황산코발트를 초미세 코발트 분말로 환원시키는데 충분한 시간동안 3.5MPa의 수소압하에서 180<EMI ID=""129"" HE=""4"" WI=""4"" FILE=""kpo00129.TIF"">로 상기 용액을 가열하는 단계로 이루어진, 40 내지 80g/L 코발트를 함유하며 암모니아:코발트의 몰 비가 약 2.0:1인 암모니아성 황산코발트 용액으로부터 초미세 코발트 분말을 제조하는 초미세 코발트 분말의 제조방법.</P>",371,False,True,explicit_or_regex_estimated
1019950701653,1019950704523,1002206270000,소멸,소멸,금속코발트분말의제조방법,유미코아,6,"6. <P>제1항에 있어서, 상기 암모니아성 황산코발트 용액은 40 내지 80g/L 코발트를 함유하는 황산코발트 용액에 암모니아를 첨가하여 암모니아/코발트의 몰비가 1.5<EMI ID=""130"" HE=""4"" WI=""4"" FILE=""kpo00130.TIF"">3.0:1이 되도록 하는 미세 코발트 분말의 제조방법.</P>",177,True,False,explicit_or_regex_estimated
1019950701653,1019950704523,1002206270000,소멸,소멸,금속코발트분말의제조방법,유미코아,7,"7. <P>제5항에 있어서, 상기 암모니아성 황산코발트 용액은 40 내지 80g/L의 코발트를 함유하는 황산코발트 용액에 암모니아를 첨가하여 암모니아/코발트의 몰비가 2.0:1이 되도록 하는 초미세 코발트 분말의 제조방법.</P>",128,True,False,explicit_or_regex_estimated
1019950701653,1019950704523,1002206270000,소멸,소멸,금속코발트분말의제조방법,유미코아,8,"8. <P>제7항에 있어서, 상기 유기분산제는 아교와 폴리아크릴산의 혼합물인 초미세 코발트 분말의 제조방법.</P>",64,True,False,explicit_or_regex_estimated
1019950701653,1019950704523,1002206270000,소멸,소멸,금속코발트분말의제조방법,유미코아,9,"9. <P>제8항에 있어서, 상기 아교와 폴리아크릴산의 혼합물은 코발트 중량의 2.5<EMI ID=""131"" HE=""4"" WI=""4"" FILE=""kpo00131.TIF""> 이하의 유효량으로 첨가되는 것을 초미세 코발트 분말의 제조방법.</P>",135,True,False,explicit_or_regex_estimated
1020010014345,1020010092397,1005926950000,소멸,소멸,배기가스 정제 촉매의 작업성 검사방법,우미코레 아게 운트 코 카게,1,"1. 연소 엔진에 엔진 일렉트로닉스(electronics) 및 OBD 일렉트로닉스를 포함하는 전자 제어 시스템을 설치하고 수학식 1과 같이 온도 차이(ΔT)를 측정하고 일산화탄소에 대한 전환도(rCO)를 평가함으로써 촉매의 잔존 촉매 활성을 평가함을 특징으로 하는, 연소 엔진 작동 동안 연소 엔진의 배기가스를 정제하는, 점화 온도와 일산화탄소(CO)에 대한 전환도(rCO)를 갖는 촉매의 작업성 검사 방법. 수학식 1 상기 식에서, TE는 배기가스의 현재 촉매 출구 온도이고, TCO,50%,fresh는 엔진의 특정 작동점에서의 새로운 촉매의 일산화탄소에 대한 점화 온도이다.",323,False,True,explicit_or_regex_estimated
1020010014345,1020010092397,1005926950000,소멸,소멸,배기가스 정제 촉매의 작업성 검사방법,우미코레 아게 운트 코 카게,2,"2. 제1항에 있어서, 일산화탄소에 대한 전환도(rCO)가 수학식 2와 같이 측정됨을 특징으로 하는 방법. 수학식 2 상기 식에서, cCO,1은 촉매 앞쪽에서 측정된 배기가스 중의 일산화탄소 농도이고, cCO,2는 촉매 뒤쪽에서 측정된 배기가스 중의 일산화탄소 농도이다.",151,True,False,explicit_or_regex_estimated
1020010014345,1020010092397,1005926950000,소멸,소멸,배기가스 정제 촉매의 작업성 검사방법,우미코레 아게 운트 코 카게,3,"3. 제1항에 있어서, 일산화탄소에 대한 전환도(rCO)가 수학식 3과 같이 측정됨을 특징으로 하는 방법. 수학식 3 상기 식에서, cCO,2는 촉매 뒤쪽에서 측정된 배기가스 중의 일산화탄소 농도이고, cCO,engine은 OBD 일렉트로닉스에 사상(mapping) 형태로 엔진의 현재 작동 지점에 대해 저장된 일산화탄소 농도이다.",185,True,False,explicit_or_regex_estimated
1020010014345,1020010092397,1005926950000,소멸,소멸,배기가스 정제 촉매의 작업성 검사방법,우미코레 아게 운트 코 카게,4,"4. 제2항 또는 제3항에 있어서, 일산화탄소에 대한 전환도(rCO)가 일산화탄소에 대한 전환도의 한계값(rCO,L) 미만으로 존재하는 동시에, 온도 차이(ΔT)가 작동점에서의 한계값(ΔTL)을 초과함이 촉매의 성능저하로서 OBD 일렉트로닉스에 기록됨을 특징으로 하는 방법.",153,True,False,explicit_or_regex_estimated
1020010014345,1020010092397,1005926950000,소멸,소멸,배기가스 정제 촉매의 작업성 검사방법,우미코레 아게 운트 코 카게,5,"5. 제4항에 있어서, 촉매의 성능저하가 나타나는 작동점의 갯수가 촉매의 성능저하가 나타나는 작동점의 예비설정된 허용 갯수(nM)를 초과하는 경우, 촉매가 심각하게 손상된 것으로 분류됨을 특징으로 하는 방법.",116,True,False,explicit_or_regex_estimated
1020010014345,1020010092397,1005926950000,소멸,소멸,배기가스 정제 촉매의 작업성 검사방법,우미코레 아게 운트 코 카게,6,"6. 제4항에 있어서, 촉매의 성능저하가 나타나는 작동점의 갯수가 예비설정된 시간 간격(ΔtM) 내에 촉매의 성능저하가 나타나는 작동점의 예비설정된 허용 갯수(nM)를 초과하는 경우, 촉매가 심각하게 손상된 것으로 분류됨을 특징으로 하는 방법.",136,True,False,explicit_or_regex_estimated
1020010014345,1020010092397,1005926950000,소멸,소멸,배기가스 정제 촉매의 작업성 검사방법,우미코레 아게 운트 코 카게,7,"7. 제5항에 있어서, 촉매가 심각하게 손상된 것으로 분류되는 경우, 촉매를 교체하라는 시그널이 발생됨을 특징으로 하는 방법.",70,True,False,explicit_or_regex_estimated
1020010014345,1020010092397,1005926950000,소멸,소멸,배기가스 정제 촉매의 작업성 검사방법,우미코레 아게 운트 코 카게,8,"8. 제6항에 있어서, 촉매가 심각하게 손상된 것으로 분류되는 경우, 촉매를 교체하라는 시그널이 발생됨을 특징으로 하는 방법.",70,True,False,explicit_or_regex_estimated
1020010015914,1020010093713,1007761860000,소멸,소멸,단일층 고성능 촉매,우미코레 아게 운트 코 카게,1,"1. 제1 활성 알루미나, 세리아를 60 내지 90중량% 함유(혼합 산화물의 총 중량을 기준으로 함)하는 세리아/지르코니아 혼합 산화물 및 지르코니아 성분을 포함하는 그룹으로부터 선택되고 촉매의 총 백금량의 제1 부분에 의해 촉매화된 하나 이상의 제1 지지체 물질(a) 및 총 백금량의 제2 부분 및 로듐에 의해 촉매화되고 제2 활성 알루미나인 제2 지지체 물질(b)를 포함함을 특징으로 하는, 백금 및 로듐을 포함하는 촉매성 피막을 불활성 담체 위에 함유하는, 내연 엔진의 배기 가스 정화용 단일층 촉매.",283,False,True,explicit_or_regex_estimated
1020010015914,1020010093713,1007761860000,소멸,소멸,단일층 고성능 촉매,우미코레 아게 운트 코 카게,2,"2. 제1항에 있어서, 전체 백금/로듐의 질량 비가 10:1 내지 1:5의 범위로부터 선택됨을 특징으로 하는, 내연 엔진의 배기 가스 정화용 단일층 촉매.",86,True,False,explicit_or_regex_estimated
1020010015914,1020010093713,1007761860000,소멸,소멸,단일층 고성능 촉매,우미코레 아게 운트 코 카게,3,"3. 제1항에 있어서, 백금 및 로듐이 제2 활성 알루미나 위에 3:1 내지 1:5의 백금/로듐 질량 비로 존재함을 특징으로 하는, 내연 엔진의 배기 가스 정화용 단일층 촉매.",98,True,False,explicit_or_regex_estimated
1020010015914,1020010093713,1007761860000,소멸,소멸,단일층 고성능 촉매,우미코레 아게 운트 코 카게,4,"4. 제1항에 있어서, 백금 및 로듐이 촉매성 피막 중에, 당해 피막의 총 질량에 대해 0.05 내지 10중량%의 농도로 존재함을 특징으로 하는, 내연 엔진의 배기 가스 정화용 단일층 촉매.",106,True,False,explicit_or_regex_estimated
1020010015914,1020010093713,1007761860000,소멸,소멸,단일층 고성능 촉매,우미코레 아게 운트 코 카게,5,"5. 제1항에 있어서, 주입 침전에 의해 지지체 물질에 백금을 먼저 부착시킨 다음 로듐을 부착시킴으로써, 백금 및 로듐이 제2 활성 알루미나 위에 서로 긴밀하게 접촉되어 존재함을 특징으로 하는, 내연 엔진의 배기 가스 정화용 단일층 촉매.",133,True,False,explicit_or_regex_estimated
1020010015914,1020010093713,1007761860000,소멸,소멸,단일층 고성능 촉매,우미코레 아게 운트 코 카게,6,"6. 제1항에 있어서, 제1 활성 알루미나 및 제2 활성 알루미나가 란타나, 세리아, 이트리아, 네오디미아, 산화가돌리늄 또는 이들의 혼합물 0.5 내지 25중량%로 안정화됨을 특징으로 하는, 내연 엔진의 배기 가스 정화용 단일층 촉매.",132,True,False,explicit_or_regex_estimated
1020010015914,1020010093713,1007761860000,소멸,소멸,단일층 고성능 촉매,우미코레 아게 운트 코 카게,7,"7. 제1항에 있어서, 세리아/지르코니아 혼합 산화물이 프라세오디미아, 이트리아, 네오디미아, 란타나, 산화가돌리늄 또는 이들의 혼합물로 안정화됨을 특징으로 하는, 내연 엔진의 배기 가스 정화용 단일층 촉매.",116,True,False,explicit_or_regex_estimated
1020010015914,1020010093713,1007761860000,소멸,소멸,단일층 고성능 촉매,우미코레 아게 운트 코 카게,8,"8. 제1항에 있어서, 지르코니아 성분이 세리아, 이트리아, 네오디미아, 란타나, 프라세오디미아, 산화가돌리늄 또는 이들의 혼합물 0.5 내지 55중량%를 포함하고, 이에 의해 지르코니아가 세리아의 양과 동일하거나 이를 초과하는 양으로 존재함을 특징으로 하는, 내연 엔진의 배기 가스 정화용 단일층 촉매.",170,True,False,explicit_or_regex_estimated
1020010015914,1020010093713,1007761860000,소멸,소멸,단일층 고성능 촉매,우미코레 아게 운트 코 카게,9,"9. 제8항에 있어서, 지르코니아 성분이 지르코니아이거나, 이트리아, 세리아, 네오디미아, 란타나, 프라세오디미아, 산화가돌리늄 또는 이들의 혼합물 0.5 내지 10중량%로 안정화된 지르코니아임을 특징으로 하는, 내연 엔진의 배기 가스 정화용 단일층 촉매.",143,True,False,explicit_or_regex_estimated
1020010015914,1020010093713,1007761860000,소멸,소멸,단일층 고성능 촉매,우미코레 아게 운트 코 카게,10,"10. 제1항에 있어서, 담체가 이의 전체에 걸쳐 연장되는 평행한 다수의 통로를 갖는 벌집 형태이고, 당해 통로가 담체 용적 1ℓ당 50 내지 250g의 양의 촉매성 피막으로 도포된 벽에 의해 구획되어 있음을 특징으로 하는, 내연 엔진의 배기 가스 정화용 단일층 촉매.",150,True,False,explicit_or_regex_estimated
1020010015914,1020010093713,1007761860000,소멸,소멸,단일층 고성능 촉매,우미코레 아게 운트 코 카게,11,"11. 제10항에 있어서, 제1 활성 알루미나가 0 내지 150g/ℓ의 양으로 존재하고, 세리아/지르코니아 혼합 산화물이 10 내지 100g/ℓ의 양으로 존재하며, 지르코니아 성분이 0 내지 80g/ℓ의 양으로 존재함을 특징으로 하는, 내연 엔진의 배기 가스 정화용 단일층 촉매.",156,True,False,explicit_or_regex_estimated
1020010015914,1020010093713,1007761860000,소멸,소멸,단일층 고성능 촉매,우미코레 아게 운트 코 카게,12,"12. 제11항에 있어서, 제2 활성 알루미나가 5 내지 50g/ℓ의 양으로 존재함을 특징으로 하는, 내연 엔진의 배기 가스 정화용 단일층 촉매.",81,True,False,explicit_or_regex_estimated
1020010015914,1020010093713,1007761860000,소멸,소멸,단일층 고성능 촉매,우미코레 아게 운트 코 카게,13,"13. 제12항에 있어서, 촉매성 피막이 니켈, 철 또는 망간 성분 1 내지 30g/ℓ를 추가로 포함함을 특징으로 하는, 내연 엔진의 배기 가스 정화용 단일층 촉매.",92,True,False,explicit_or_regex_estimated
1020010015914,1020010093713,1007761860000,소멸,소멸,단일층 고성능 촉매,우미코레 아게 운트 코 카게,14,"14. 하나 이상의 제1 지지체 물질로부터 수성 분산액을 제조하고, 백금의 염기성 전구체 화합물의 용액을 당해 분산액에 주입하며, 수득한 분산액의 pH 값을 아세트산을 사용하여 pH 7 미만으로 조절하는 단계(a),제2 활성 알루미나로부터 수성 분산액을 제조하고, 백금의 염기성 전구체 화합물의 용액을 당해 분산액에 주입하는 단계(b),이어서, 로듐의 산성 전구체 화합물의 수용액을 단계(b)로부터의 피복 분산액에 주입하고, 분산액의 pH 값을 아세트산을 사용하여 pH 6 내지 8로 조절하여, 백금/로듐 촉매화된 제2 활성 알루미나를 수득하는 단계(c),단계(a)로부터의 분산액과 단계(c)로부터의 분산액을 합하여 피복 조성물을 수득하는 단계(d),당해 피복 조성물을 사용하여 촉매성 피막을 일체성 담체(monolithic carrier body)에 도포하는 단계(e) 및피복된 일체성 담체를 건조 및 하소시키는 단계(f)를 포함함을 특징으로 하는, 제1항 내지 제13항 중의 어느 한 항에 따르는 내연 엔진의 배기 가스 정화용 단일층 촉매의 제조방법.",534,True,False,explicit_or_regex_estimated
1020010015914,1020010093713,1007761860000,소멸,소멸,단일층 고성능 촉매,우미코레 아게 운트 코 카게,15,"15. 제14항에 있어서, 백금의 염기성 전구체 화합물이 (EA)2Pt(OH)6이고, 로듐의 산성 전구체 화합물이 질산로듐임을 특징으로 하는, 내연 엔진의 배기 가스 정화용 단일층 촉매의 제조방법.",110,True,False,explicit_or_regex_estimated
1020010015914,1020010093713,1007761860000,소멸,소멸,단일층 고성능 촉매,우미코레 아게 운트 코 카게,16,"16. 하나 이상의 제1 지지체 물질을 백금의 가용성 전구체 화합물의 수용액으로 함침시키고, 함침된 물질을 건조 및 하소시켜 상부에 백금을 열고정시키는 단계(a),단계(a)의 백금 촉매화된 물질로부터 수성 분산액을 제조하는 단계(b),제2 활성 알루미나로부터 수성 분산액을 제조하고, 백금의 염기성 전구체 화합물의 용액을 당해 분산액에 주입하는 단계(c), 이어서, 로듐의 산성 전구체 화합물의 수용액을 단계(c)로부터의 피복 분산액에 주입하고, 분산액의 pH 값을 아세트산을 사용하여 pH 6 내지 8로 조절하여, 백금/로듐 촉매화된 제2 활성 알루미나를 수득하는 단계(d),단계(b)로부터의 분산액과 단계(d)로부터의 분산액을 합하여 피복 조성물을 수득하는 단계(e),당해 피복 조성물을 사용하여 촉매성 피막을 일체성 담체 위에 도포하는 단계(f) 및피복된 일체성 담체를 건조 및 하소시키는 단계(g)를 포함함을 특징으로 하는, 제1항 내지 제13항 중의 어느 한 항에 따르는 내연 엔진의 배기 가스 정화용 단일층 촉매의 제조방법.",523,True,False,explicit_or_regex_estimated
1020010015914,1020010093713,1007761860000,소멸,소멸,단일층 고성능 촉매,우미코레 아게 운트 코 카게,17,"17. 제16항에 있어서, 백금의 염기성 전구체 화합물이 (EA)2Pt(OH)6이고, 로듐의 산성 전구체 화합물이 질산로듐임을 특징으로 하는, 내연 엔진의 배기 가스 정화용 단일층 촉매의 제조방법.",110,True,False,explicit_or_regex_estimated
1020010015914,1020010093713,1007761860000,소멸,소멸,단일층 고성능 촉매,우미코레 아게 운트 코 카게,17,"17. 제16항에 있어서, 백금의 염기성 전구체 화합물이 (EA)2Pt(OH)6이고, 로듐의 산성 전구체 화합물이 질산로듐임을 특징으로 하는, 내연 엔진의 배기 가스 정화용 단일층 촉매의 제조방법.",110,True,False,explicit_or_regex_estimated
1020020017815,1020020077284,1008988810000,소멸,소멸,열복합 발전소 및 그의 운전 방법,우미코레 아게 운트 코 카게|비에스만 웨르케 겜바하 운트 코 카게,1,"1. 통합된 가스 생산 시스템을 구비한 열복합 발전소에 있어서, a. 일산화탄소와 수소를 함유하는 개질가스 스트림을 생성하는 스팀 개질기; b. 스팀 개질기에 열을 제공하는 불꽃을 가진 가스버너; c. 스팀 개질기의 하류에 위치하며, 개질가스 스트림으로부터 일산화탄소를 제거하는 저온 시프트 반응기; d. 저온 시프트 반응기의 하류에 위치하며, 개질가스 스트림으로부터 일산화탄소를 제거하는 메탄화 반응기; e. 개질기와 저온 시프트 반응기 사이에 위치하며, 스팀 개질기로부터 생성된 개질가스 스트림을 냉각하는 1차 열교환기; f. 저온 시프트 반응기의 하류에 위치하며, 저온 시프트 반응기로부터의 개질가스 스트림의 온도를 연료전지 유니트의 작동온도까지 낮추는 2차 열교환기; g. 2차 열교환기의 하류에 위치하며, 개질가스 스트림에 함유된 수소와 연료전지 내 산소의 촉매반응에 의해 전기에너지를 생산하는 작동온도를 가진 연료전지 유니트; 및 h. 가스버너의 불꽃을 모니터하는 이온 검출기; 를 포함하는 열복합 발전소.",513,False,True,explicit_or_regex_estimated
1020020017815,1020020077284,1008988810000,소멸,소멸,열복합 발전소 및 그의 운전 방법,우미코레 아게 운트 코 카게|비에스만 웨르케 겜바하 운트 코 카게,2,"2. 제1항에 있어서, 스팀 개질기는 탄화수소와 수증기의 혼합물을 수소와 일산화 탄소를 함유하는 개질가스 스트림으로 변환시키는 것을 특징으로 하는 열복합 발전소.",90,True,False,explicit_or_regex_estimated
1020020017815,1020020077284,1008988810000,소멸,소멸,열복합 발전소 및 그의 운전 방법,우미코레 아게 운트 코 카게|비에스만 웨르케 겜바하 운트 코 카게,3,"3. 제1항에 있어서, 개질가스 스트림이 연료전지 유니트의 양극(anode)으로 공급되고, 양극 폐가스가 연료전지 유니트에 의해 생성되어 가스버너에서 연료로 사용되는 것을 특징으로 하는 열복합 발전소.",112,True,False,explicit_or_regex_estimated
1020020017815,1020020077284,1008988810000,소멸,소멸,열복합 발전소 및 그의 운전 방법,우미코레 아게 운트 코 카게|비에스만 웨르케 겜바하 운트 코 카게,4,"4. 제1항에 있어서, 열복합 발전소는 천연가스를 사용하는 것을 특징으로 하는 열복합 발전소.",52,True,False,explicit_or_regex_estimated
1020020017815,1020020077284,1008988810000,소멸,소멸,열복합 발전소 및 그의 운전 방법,우미코레 아게 운트 코 카게|비에스만 웨르케 겜바하 운트 코 카게,5,"5. 제1항에 있어서, 저온 시프트 반응기는 Cu/ZnO 시프트 촉매를 구비하는 것을 특징으로 하는 열복합 발전소.",64,True,False,explicit_or_regex_estimated
1020020017815,1020020077284,1008988810000,소멸,소멸,열복합 발전소 및 그의 운전 방법,우미코레 아게 운트 코 카게|비에스만 웨르케 겜바하 운트 코 카게,6,"6. 제1항에 있어서, 메탄화 반응기는 루테늄-함유 촉매를 구비하는 것을 특징으로 하는 열복합 발전소.",57,True,False,explicit_or_regex_estimated
1020020017815,1020020077284,1008988810000,소멸,소멸,열복합 발전소 및 그의 운전 방법,우미코레 아게 운트 코 카게|비에스만 웨르케 겜바하 운트 코 카게,7,"7. 통합된 가스 생산 시스템을 가지는 열복합 발전소를 운전하는 방법에 있어서, a. 천연가스와 수증기의 혼합물을 스팀 개질기에서 부분적으로 개질하여 수소, 일탄화산소 및 메탄을 함유하는 개질가스로 전환하는 단계로서, 상기 스팀 개질기는 이온 검출기로 모니터되는 가스버너로 가열되는 단계; b. 열교환기에서 개질가스를 냉각하는 단계; c. 저온 시프트 반응기에서 개질가스를 처리하여 개질가스의 일산화탄소를 0.5부피% 이하로 감소시키는 단계; d. 메탄화 반응기에서 개질가스의 일산화탄소를 100부피ppm 이하의 잔류농도로 더 감소시키는 단계; 및 e. 단계 d를 거친 개질가스를 연료전지 유니트의 작동온도로 냉각하는 단계; 를 포함하는 열복합 발전소 운전 방법.",371,False,True,explicit_or_regex_estimated
1020020017815,1020020077284,1008988810000,소멸,소멸,열복합 발전소 및 그의 운전 방법,우미코레 아게 운트 코 카게|비에스만 웨르케 겜바하 운트 코 카게,8,"8. 제7항에 있어서, 연료전지 유니트로부터의 양극 폐가스가 가스버너에 연료로서 공급되는 것을 특징으로 하는 열복합 발전소 운전 방법.",75,True,False,explicit_or_regex_estimated
1020020017815,1020020077284,1008988810000,소멸,소멸,열복합 발전소 및 그의 운전 방법,우미코레 아게 운트 코 카게|비에스만 웨르케 겜바하 운트 코 카게,10,"10. 제8항에 있어서, 스팀 개질기에서 혼합물의 부분적인 개질이 스팀 개질기의 작동온도를 조절함으로써 제어되어, 개질가스가 5 내지 10부피% 메탄을 함유하는 것을 특징으로 하는 열복합 발전소 운전 방법.",115,True,False,explicit_or_regex_estimated
1020020017815,1020020077284,1008988810000,소멸,소멸,열복합 발전소 및 그의 운전 방법,우미코레 아게 운트 코 카게|비에스만 웨르케 겜바하 운트 코 카게,11,"11. 제10항에 있어서, 저온 시프트 반응기가 180 내지 250℃ 사이에서 작동되는 것을 특징으로 하는 열복합 발전소 운전 방법.",74,True,False,explicit_or_regex_estimated
1020020017815,1020020077284,1008988810000,소멸,소멸,열복합 발전소 및 그의 운전 방법,우미코레 아게 운트 코 카게|비에스만 웨르케 겜바하 운트 코 카게,12,"12. 제11항에 있어서, 메탄화 반응기가 저온 시프트 반응기의 온도에서 작동하고, 메탄화 반응기 하류의 개질가스 온도가 60 내지 90℃까지 낮아지는 것을 특징으로 하는 열복합 발전소 운전 방법.",110,True,False,explicit_or_regex_estimated
1020020017815,1020020077284,1008988810000,소멸,소멸,열복합 발전소 및 그의 운전 방법,우미코레 아게 운트 코 카게|비에스만 웨르케 겜바하 운트 코 카게,13,"13. 제11항에 있어서, 저온 시프트 반응기와 메탄화 반응기가 하나의 하우징 내에 순차적으로 위치하는 것을 특징으로 하는 열복합 발전소 운전 방법.",83,True,False,explicit_or_regex_estimated
1020020017815,1020020077284,1008988810000,소멸,소멸,열복합 발전소 및 그의 운전 방법,우미코레 아게 운트 코 카게|비에스만 웨르케 겜바하 운트 코 카게,14,"14. 제11항에 있어서, 메탄화 반응기가 연료전지 유니트의 작동온도에서 작동하고, 개질가스의 온도가 메탄화 반응기로 진입 전에 연료전지 유니트의 온도까지 낮아지는 것을 특징으로 하는 열복합 발전소 운전 방법.",117,True,False,explicit_or_regex_estimated
1020020017815,1020020077284,1008988810000,소멸,소멸,열복합 발전소 및 그의 운전 방법,우미코레 아게 운트 코 카게|비에스만 웨르케 겜바하 운트 코 카게,15,"15. 제7항에 있어서, 상기 운전 방법이 자가-조절 방식으로 작동되는 것을 특징으로 하는 열복합 발전소 운전 방법.",65,True,False,explicit_or_regex_estimated
1020020017815,1020020077284,1008988810000,소멸,소멸,열복합 발전소 및 그의 운전 방법,우미코레 아게 운트 코 카게|비에스만 웨르케 겜바하 운트 코 카게,15,"15. 제7항에 있어서, 상기 운전 방법이 자가-조절 방식으로 작동되는 것을 특징으로 하는 열복합 발전소 운전 방법.",65,True,False,explicit_or_regex_estimated
1020020037419,1020030003116,1008904070000,소멸,소멸,캐리어 구조체를 코팅하기 위한 방법,우미코레 아게 운트 코 카게,1,"1. 원통형 캐리어 구조체를 소정량(목표 흡수량)의 코팅 현탁액으로 코팅하기 위한 방법으로서, 상기 캐리어 구조체는 원통 축, 두 개의 단면, 인케이싱면(encasing surface), 축 길이(L) 및 하단면에서 상단면까지 연장하는 다수의 채널을 가지며, 상기 방법은,a) 캐리어 구조체의 원통 축을 수직으로 정렬하고, 하단면으로부터 미리결정된 충전 높이(H1)까지 채널들의 빈 공간을 충전하는 단계;b) 캐리어 구조체의 하단면을 통해서 과량의 코팅 현탁액을 목표 흡수량까지 제거하는 단계;c) 상단면과 하단면이 상호 교환되도록 캐리어 구조체를 180°회전시키는 단계; 및d) 채널들이 충전 높이(H2)(H2=L-x·H1, 여기서 x는 0.8 내지 1.0)까지 충전되도록 단계 a)와 b)를 반복하는 단계;를 포함하는 것을 특징으로 하는 방법.",418,False,True,explicit_or_regex_estimated
1020020037419,1020030003116,1008904070000,소멸,소멸,캐리어 구조체를 코팅하기 위한 방법,우미코레 아게 운트 코 카게,2,"2. 제 1 항에 있어서, 충전 높이 H1 및 H2까지 채널의 빈 공간을 충전시키는 것은 코팅 현탁액이 용적, 중량적으로 또는 계량 장치의 보조장치를 지닌 센서로 제어되어 수행되는 것을 특징으로 하는 방법.",115,True,False,explicit_or_regex_estimated
1020020037419,1020030003116,1008904070000,소멸,소멸,캐리어 구조체를 코팅하기 위한 방법,우미코레 아게 운트 코 카게,3,"3. 제 2 항에 있어서, 계량 장치는 펌프 또는 밸브인 것을 특징으로 하는 방법.",46,True,False,explicit_or_regex_estimated
1020020037419,1020030003116,1008904070000,소멸,소멸,캐리어 구조체를 코팅하기 위한 방법,우미코레 아게 운트 코 카게,4,"4. 제 1 항에 있어서, 목표 흡수량까지 과량의 코팅 현탁액의 제거는 흡입하의 작업 단계에서 또는 과량의 코팅 현탁액을 송풍시켜 수행되는 것을 특징으로 하는 방법.",92,True,False,explicit_or_regex_estimated
1020020037419,1020030003116,1008904070000,소멸,소멸,캐리어 구조체를 코팅하기 위한 방법,우미코레 아게 운트 코 카게,5,"5. 제 1 항에 있어서, 과량의 코팅 현탁액의 제거는 펌프하여 수행되고 목표 흡수량은 과량의 현탁액을 송풍시키거나 흡입을 사용하여 달성되는 것을 특징으로 하는 방법.",93,True,False,explicit_or_regex_estimated
1020020037419,1020030003116,1008904070000,소멸,소멸,캐리어 구조체를 코팅하기 위한 방법,우미코레 아게 운트 코 카게,6,"6. 제 1 항에 있어서, 캐리어 구조체는 세라믹 또는 금속으로 제조된 것을 특징으로 하는 방법.",54,True,False,explicit_or_regex_estimated
1020020037419,1020030003116,1008904070000,소멸,소멸,캐리어 구조체를 코팅하기 위한 방법,우미코레 아게 운트 코 카게,7,"7. 제 6 항에 있어서, 캐리어 구조체는 세라믹으로 만들어지고 전기용량 센서는 하단면 위의 소정의 높이 H1 및 H2, 및 각각의 코팅물 높이에 있어서 캐리어 구조체의 인케이싱면으로부터 일정한 거리에 위치되는 것을 특징으로 하는 방법.",132,True,False,explicit_or_regex_estimated
1020020037419,1020030003116,1008904070000,소멸,소멸,캐리어 구조체를 코팅하기 위한 방법,우미코레 아게 운트 코 카게,8,"8. 제 1 항에 있어서, 코팅 현탁액이 캐리어 구조체로 도입되는 비율은 매 시간 필요한 코팅물 높이가 1초 이하로 도달되는 것을 특징으로 하는 방법.",84,True,False,explicit_or_regex_estimated
1020020037419,1020030003116,1008904070000,소멸,소멸,캐리어 구조체를 코팅하기 위한 방법,우미코레 아게 운트 코 카게,9,"9. 제 1 항에 있어서, 코팅물은 단계 d) 후에 80℃ 내지 200℃의 온도에서 5분 내지 2시간 동안 건조되고 캐리어 구조체에 코팅물을 고정시키기 위해 300℃ 내지 600℃의 온도에서 소성되는 것을 특징으로 하는 방법.",126,True,False,explicit_or_regex_estimated
1020020037419,1020030003116,1008904070000,소멸,소멸,캐리어 구조체를 코팅하기 위한 방법,우미코레 아게 운트 코 카게,10,"10. 제 9 항에 있어서, 단계 b) 후에 중간 건조가 80℃ 내지 200℃의 온도에서 5분 내지 2시간 동안 수행되는 것을 특징으로 하는 방법.",82,True,False,explicit_or_regex_estimated
1020020075382,1020030044878,,거절,거절,희박 연소 엔진에서 나온 배기가스에서 질소산화물의 양을줄이기 위한 촉매,우미코레 아게 운트 코 카게,1,"1. <P INDENT=""14"" ALIGN=""JUSTIFIED"">희박 연소 엔진에서 나오는 배기가스에서 질소산화물의 양을 낮추는 촉매로서 마그네슘 산화물 및 알루미늄 산화물로 된 균질 Mg/Al 혼성 산화물과 조합으로 주기율표 백금족의 적어도 하나의 귀금속과 적어도 하나의 질소 산화물 저장 물질을 포함하며 마그네슘 산화물이 Mg/Al 혼성 산화물의 총 중량의 1-40중량%의 농도로 존재함을 특징으로 하는 촉매</P>",234,False,True,explicit_or_regex_estimated
1020020075382,1020030044878,,거절,거절,희박 연소 엔진에서 나온 배기가스에서 질소산화물의 양을줄이기 위한 촉매,우미코레 아게 운트 코 카게,2,"2. <P INDENT=""14"" ALIGN=""JUSTIFIED"">제 1항에 있어서, 질소 산화물 저장 물질이 질소 산화물 저장 성분과 담체 물질을 포함함을 특징으로 하는 촉매</P>",101,True,False,explicit_or_regex_estimated
1020020075382,1020030044878,,거절,거절,희박 연소 엔진에서 나온 배기가스에서 질소산화물의 양을줄이기 위한 촉매,우미코레 아게 운트 코 카게,3,"3. <P INDENT=""14"" ALIGN=""JUSTIFIED"">제 1항에 있어서, 귀금속이 백금, 팔라듐, 로듐 또는 이의 혼합물에서 선택되고 Mg/Al 혼성 산화물 상에 완전 또는 부분적으로 침착됨을 특징으로 하는 촉매</P>",128,True,False,explicit_or_regex_estimated
1020020075382,1020030044878,,거절,거절,희박 연소 엔진에서 나온 배기가스에서 질소산화물의 양을줄이기 위한 촉매,우미코레 아게 운트 코 카게,4,"4. <P INDENT=""14"" ALIGN=""JUSTIFIED"">제 3항에 있어서, Mg/Al 혼성 산화물에 희토류 산화물이 도입됨을 특징으로 하는 촉매</P>",89,True,False,explicit_or_regex_estimated
1020020075382,1020030044878,,거절,거절,희박 연소 엔진에서 나온 배기가스에서 질소산화물의 양을줄이기 위한 촉매,우미코레 아게 운트 코 카게,5,"5. <P INDENT=""14"" ALIGN=""JUSTIFIED"">제 4항에 있어서, Mg/Al 혼성 산화물에 프라세오디뮴 또는 세륨 산화물이 도입됨을 특징으로 하는 촉매</P>",98,True,False,explicit_or_regex_estimated
1020020075382,1020030044878,,거절,거절,희박 연소 엔진에서 나온 배기가스에서 질소산화물의 양을줄이기 위한 촉매,우미코레 아게 운트 코 카게,6,"6. <DP N=""29"" TYPE=""SOFT""><P INDENT=""14"" ALIGN=""JUSTIFIED"">제 1항에 있어서, 마그네슘 산화물이 혼성 산화물 총 중량의 5-28중량%농도로 존재함을 특징으로 하는 촉매</P>",123,True,False,explicit_or_regex_estimated
1020020075382,1020030044878,,거절,거절,희박 연소 엔진에서 나온 배기가스에서 질소산화물의 양을줄이기 위한 촉매,우미코레 아게 운트 코 카게,7,"7. <P INDENT=""14"" ALIGN=""JUSTIFIED"">제 6항에 있어서, 마그네슘 산화물이 혼성 산화물 총 중량의 10-25중량%농도로 존재함을 특징으로 하는 촉매</P>",101,True,False,explicit_or_regex_estimated
1020020075382,1020030044878,,거절,거절,희박 연소 엔진에서 나온 배기가스에서 질소산화물의 양을줄이기 위한 촉매,우미코레 아게 운트 코 카게,8,"8. <P INDENT=""14"" ALIGN=""JUSTIFIED"">제 2항에 있어서, 질소 산화물 저장 성분이 마그네슘, 칼슘, 스트론튬, 바륨, 알칼리금속, 희토류 금속 또는 이의 혼합물의 산화물, 탄산염 또는 수산화물임을 특징으로 하는 촉매</P>",139,True,False,explicit_or_regex_estimated
1020020075382,1020030044878,,거절,거절,희박 연소 엔진에서 나온 배기가스에서 질소산화물의 양을줄이기 위한 촉매,우미코레 아게 운트 코 카게,9,"9. <P INDENT=""14"" ALIGN=""JUSTIFIED"">제 8항에 있어서, 질소 산화물 저장 성분에 대한 담체 물질이 고0융점 금속 산화물로 구성됨을 특징으로 하는 촉매</P>",103,True,False,explicit_or_regex_estimated
1020020075382,1020030044878,,거절,거절,희박 연소 엔진에서 나온 배기가스에서 질소산화물의 양을줄이기 위한 촉매,우미코레 아게 운트 코 카게,10,"10. <P INDENT=""14"" ALIGN=""JUSTIFIED"">제 9항에 있어서, 고-융점 금속 산화물이 세륨 산화물, 세륨 혼성 산화물, 알루미늄 산화물, 마그네슘 산화물, 균질 Mg/Al 혼성 산화물, 칼슘 티타네이트, 스트론튬 티타네이트, 바륨 티타네이트, 바륨 지르코네이트, 란탄 산화물, 프라세오디뮴 산화물, 사마륨 산화물, 네오디뮴 산화물, 이트륨 산화물 및 란탄 망간에이트 또는 이의 혼합물에서 선택됨을 특징으로 하는 촉매</P>",249,True,False,explicit_or_regex_estimated
1020020075382,1020030044878,,거절,거절,희박 연소 엔진에서 나온 배기가스에서 질소산화물의 양을줄이기 위한 촉매,우미코레 아게 운트 코 카게,11,"11. <P INDENT=""14"" ALIGN=""JUSTIFIED"">제 10항에 있어서, 질소 산화물 저장 성분이 세륨 산화물 또는 세륨 혼성 산<DP N=""30"" TYPE=""SOFT"">화물로 된 담체 물질 상에 고정된 스트론튬 또는 바륨의 산화물, 탄산염 또는 수산화물임을 특징으로 하는 촉매</P>",167,True,False,explicit_or_regex_estimated
1020020075382,1020030044878,,거절,거절,희박 연소 엔진에서 나온 배기가스에서 질소산화물의 양을줄이기 위한 촉매,우미코레 아게 운트 코 카게,12,"12. <P INDENT=""14"" ALIGN=""JUSTIFIED"">제 11항에 있어서, 질소 산화물 저장 성분에 대한 담체 물질이 저장 물질 총 중량에 대해 0.5-80중량%의 지르코늄, 실리콘, 스칸듐, 이트륨, 란탄 및 희토류 금속 또는 이의 혼합물에서 선택된 원소의 산화물이 도핑된 세륨 혼성 산화물임을 특징으로 하는 촉매</P>",187,True,False,explicit_or_regex_estimated
1020020075382,1020030044878,,거절,거절,희박 연소 엔진에서 나온 배기가스에서 질소산화물의 양을줄이기 위한 촉매,우미코레 아게 운트 코 카게,13,"13. <P INDENT=""14"" ALIGN=""JUSTIFIED"">제 12항에 있어서, 질소 산화물 저장 성분에 대한 담체 물질이 혼성 산화물 총 중량에 대해 1-25중량%의 지르코늄 산화물 함량을 갖는 세륨/지르코늄 혼성 산화물임을 특징으로 하는 촉매</P>",145,True,False,explicit_or_regex_estimated
1020020075382,1020030044878,,거절,거절,희박 연소 엔진에서 나온 배기가스에서 질소산화물의 양을줄이기 위한 촉매,우미코레 아게 운트 코 카게,14,"14. <P INDENT=""14"" ALIGN=""JUSTIFIED"">제 13항에 있어서, 세륨/지르코늄 혼성 산화물에 세륨/지르코늄 혼성 산화물 및 란탄 또는 프라세오디뮴 산화물 총 중량에 대해 0.5-10중량%의 란탄 또는 프라세오디뮴 산화물이 도핑됨을 특징으로 하는 촉매</P>",156,True,False,explicit_or_regex_estimated
1020020075382,1020030044878,,거절,거절,희박 연소 엔진에서 나온 배기가스에서 질소산화물의 양을줄이기 위한 촉매,우미코레 아게 운트 코 카게,15,"15. <P INDENT=""14"" ALIGN=""JUSTIFIED"">제 1항에 있어서, 선택된 귀금속이 균질 Mg/Al 혼성 산화물에 적용되는 백금 또는 팔라듐임을 특징으로 하는 촉매</P>",105,True,False,explicit_or_regex_estimated
1020020075382,1020030044878,,거절,거절,희박 연소 엔진에서 나온 배기가스에서 질소산화물의 양을줄이기 위한 촉매,우미코레 아게 운트 코 카게,16,"16. <P INDENT=""14"" ALIGN=""JUSTIFIED"">제 15항에 있어서, 백금이 질소 산화물 저장 물질에도 침착됨을 특징으로 하<DP N=""31"" TYPE=""SOFT"">는 촉매</P>",110,True,False,explicit_or_regex_estimated
1020020075382,1020030044878,,거절,거절,희박 연소 엔진에서 나온 배기가스에서 질소산화물의 양을줄이기 위한 촉매,우미코레 아게 운트 코 카게,17,"17. <P INDENT=""14"" ALIGN=""JUSTIFIED"">제 16항에 있어서, 추가 담체 물질로서 로듐이 침착된 안정화된 활성 알루미늄을 포함함을 특징으로 하는 촉매</P>",101,True,False,explicit_or_regex_estimated
1020020075382,1020030044878,,거절,거절,희박 연소 엔진에서 나온 배기가스에서 질소산화물의 양을줄이기 위한 촉매,우미코레 아게 운트 코 카게,18,"18. <P INDENT=""14"" ALIGN=""JUSTIFIED"">제 16항에 있어서, 추가 담체 물질로서 백금이 침착된 세륨 산화물 또는 세륨/지르코늄 혼성 산화물을 포함함을 특징으로 하는 촉매</P>",113,True,False,explicit_or_regex_estimated
1020020075382,1020030044878,,거절,거절,희박 연소 엔진에서 나온 배기가스에서 질소산화물의 양을줄이기 위한 촉매,우미코레 아게 운트 코 카게,19,"19. <P INDENT=""14"" ALIGN=""JUSTIFIED"">제 1항에 있어서, 선택된 귀금속이 균질 Mg/Al 혼성 산화물에 적용되는 백금 또는 로듐임을 특징으로 하는 촉매</P>",104,True,False,explicit_or_regex_estimated
1020020075382,1020030044878,,거절,거절,희박 연소 엔진에서 나온 배기가스에서 질소산화물의 양을줄이기 위한 촉매,우미코레 아게 운트 코 카게,20,"20. <P INDENT=""14"" ALIGN=""JUSTIFIED"">제 19항에 있어서, 백금이 질소 산화물 저장 물질에도 침착됨을 특징으로 하는 촉매</P>",87,True,False,explicit_or_regex_estimated
1020020075382,1020030044878,,거절,거절,희박 연소 엔진에서 나온 배기가스에서 질소산화물의 양을줄이기 위한 촉매,우미코레 아게 운트 코 카게,21,"21. <P INDENT=""14"" ALIGN=""JUSTIFIED"">제 20항에 있어서, 추가 담체 물질로서 로듐이 침착된 안정화된 활성 알루미늄을 포함함을 특징으로 하는 촉매</P>",101,True,False,explicit_or_regex_estimated
1020020075382,1020030044878,,거절,거절,희박 연소 엔진에서 나온 배기가스에서 질소산화물의 양을줄이기 위한 촉매,우미코레 아게 운트 코 카게,22,"22. <P INDENT=""14"" ALIGN=""JUSTIFIED"">제 20항에 있어서, 추가 담체 물질로서 백금이 침착된 세륨 산화물 또는 세륨/지르코늄 혼성 산화물을 포함함을 특징으로 하는 촉매</P>",113,True,False,explicit_or_regex_estimated
1020020075382,1020030044878,,거절,거절,희박 연소 엔진에서 나온 배기가스에서 질소산화물의 양을줄이기 위한 촉매,우미코레 아게 운트 코 카게,23,"23. <DP N=""32"" TYPE=""SOFT""><P INDENT=""14"" ALIGN=""JUSTIFIED"">제 2항에 있어서, 코팅 형태로 불활성 세라믹이나 금속 캐리어에 적용됨을 특징으로 하는 촉매</P>",115,True,False,explicit_or_regex_estimated
1020020075382,1020030044878,,거절,거절,희박 연소 엔진에서 나온 배기가스에서 질소산화물의 양을줄이기 위한 촉매,우미코레 아게 운트 코 카게,24,"24. <P INDENT=""14"" ALIGN=""JUSTIFIED"">희박 연소 엔진에서 나오는 배기가스 정화용 제1항의 촉매</P>",72,False,True,explicit_or_regex_estimated
1020027011405,1020030003232,1006948300000,소멸,소멸,질소산화물 정화용 촉매,"아이씨티 코., 엘티디.|유미코어 쇼쿠바이 유에스에이 인코포레이티드",1,"1. (A) 이리듐(A-a)과, 주석(A-b)을 포함하는 촉매 활성물질을, (B) 내화성 무기화합물에 의해 피복하여 이루어진 질소산화물 정화용 촉매.",83,False,True,explicit_or_regex_estimated
1020027011405,1020030003232,1006948300000,소멸,소멸,질소산화물 정화용 촉매,"아이씨티 코., 엘티디.|유미코어 쇼쿠바이 유에스에이 인코포레이티드",2,"2. 제1항에 있어서, 상기 촉매가 내화성 무기담체에 담지되어 이루어진 질소산화물 정화용 촉매.",53,True,False,explicit_or_regex_estimated
1020027011405,1020030003232,1006948300000,소멸,소멸,질소산화물 정화용 촉매,"아이씨티 코., 엘티디.|유미코어 쇼쿠바이 유에스에이 인코포레이티드",3,"3. 제2항에 있어서, 상기 내화성 무기담체위에, 상기 이리듐(A-a) 및 주석(A-b)으로 이루어진 촉매 활성물질을 함유하는 층을 갖고, 또한 상기 층을 내화성 무기화합물(B)을 포함하는 층으로 피복하여 이루어진 질소산화물 정화용 촉매.",133,True,False,explicit_or_regex_estimated
1020027011405,1020030003232,1006948300000,소멸,소멸,질소산화물 정화용 촉매,"아이씨티 코., 엘티디.|유미코어 쇼쿠바이 유에스에이 인코포레이티드",5,"5. 제1항 내지 제3항 중 어느 한 항에 있어서, 상기 내화성 무기화합물(B)이,(B-a) 알루미늄, 티타늄, 지르코늄 및 규소로 이루어진 군으로부터 선택된 적어도 1종을 포함하는 화합물,(B-b) 그들의 복합 산화물,(B-c) 제올라이트, 및(B-d) 황산 바륨으로 이루어진 군으로부터 선택된 적어도 1종의 화합물인 질소산화물 정화용 촉매.",192,True,False,explicit_or_regex_estimated
1020027011405,1020030003232,1006948300000,소멸,소멸,질소산화물 정화용 촉매,"아이씨티 코., 엘티디.|유미코어 쇼쿠바이 유에스에이 인코포레이티드",7,"7. 제1항 내지 제3항 중 어느 한 항에 있어서, 상기 내화성 무기화합물(B)이 제올라이트, 황산 바륨 또는 이들의 혼합물인 질소산화물 정화용 촉매.",84,True,False,explicit_or_regex_estimated
1020027011405,1020030003232,1006948300000,소멸,소멸,질소산화물 정화용 촉매,"아이씨티 코., 엘티디.|유미코어 쇼쿠바이 유에스에이 인코포레이티드",8,"8. 제1항 내지 제3항 중 어느 한 항에 있어서, 상기 주석(A-b)과 이리듐의 몰비[(A-b)/Ir]가 1:5∼200:1이고, 또한 상기 내화성 무기화합물(B)과 이리듐의 몰비[(B)/Ir]가 10:1∼100:1인 질소산화물 정화용 촉매.",135,True,False,explicit_or_regex_estimated
1020027011405,1020030003232,1006948300000,소멸,소멸,질소산화물 정화용 촉매,"아이씨티 코., 엘티디.|유미코어 쇼쿠바이 유에스에이 인코포레이티드",9,"9. 제1항 내지 제3항 중 어느 한 항에 있어서, 상기 내화성 무기화합물(B)에 의해 피복된 상기 촉매 활성물질에, 또한 내화성 무기산화물이 배합되어 이루어진 질소산화물 정화용 촉매.",103,True,False,explicit_or_regex_estimated
1020027011405,1020030003232,1006948300000,소멸,소멸,질소산화물 정화용 촉매,"아이씨티 코., 엘티디.|유미코어 쇼쿠바이 유에스에이 인코포레이티드",10,"10. 제9항에 있어서, 상기 배합된 내화성 무기산화물의 양이 청구항 제1항 내지 제3항 중 어느 한 항에 기재된 상기 촉매 활성물질 1g당 1∼300g인 질소산화물 정화용 촉매.",100,True,False,explicit_or_regex_estimated
1020027011405,1020030003232,1006948300000,소멸,소멸,질소산화물 정화용 촉매,"아이씨티 코., 엘티디.|유미코어 쇼쿠바이 유에스에이 인코포레이티드",11,"11. 제9항에 있어서, 상기 이리듐의 함유량이 상기 배합된 내화성 무기산화물에 대해 0.1∼20중량%인 질소산화물 정화용 촉매.",72,True,False,explicit_or_regex_estimated
1020027011405,1020030003232,1006948300000,소멸,소멸,질소산화물 정화용 촉매,"아이씨티 코., 엘티디.|유미코어 쇼쿠바이 유에스에이 인코포레이티드",12,"12. 제9항에 있어서, 상기 촉매가 내화성 무기담체 1리터당 50∼500g 담지되어 이루어진 질소산화물 정화용 촉매.",66,True,False,explicit_or_regex_estimated
1020030055868,1020040016394,1009612790000,소멸,소멸,도포법을 이용한 플라즈마처리 용기 내부재의 제조방법과그 방법으로 제조된 내부재,주식회사 미코,1,"1. 세라믹 성형체로 된 기지 표면에 도포법을 이용하여 세라믹 코팅층을 형성하는 단계; 및 상기 세라믹 코팅층이 형성된 기지를 공소결(共燒結)하는 단계를 포함하고, 상기 세라믹 코팅층은 각각 서로 다른 물질로 이루어지는 복수의 층들을 포함하는 층이거나, 또는 상기 세라믹 코팅층은 그 내에 포함되는 성분들 중의 적어도 어느 하나의 성분의 농도를 상기 기지로부터 멀어지는 방향으로 경사지게 포함하는 층인 것을 특징으로 하는 플라즈마처리 용기 내부재의 제조방법.",256,False,True,explicit_or_regex_estimated
1020030055868,1020040016394,1009612790000,소멸,소멸,도포법을 이용한 플라즈마처리 용기 내부재의 제조방법과그 방법으로 제조된 내부재,주식회사 미코,2,"2. 금속 또는 세라믹 소결체로 된 기지 표면에 도포법을 이용하여 세라믹 코팅층을 형성하는 단계; 및 상기 세라믹 코팅층이 형성된 기지를 소결하는 단계를 포함하고, 상기 세라믹 코팅층은 각각 서로 다른 물질로 이루어지는 복수의 층들을 포함하는 층이거나, 또는 상기 세라믹 코팅층은 그 내에 포함되는 성분들 중의 적어도 어느 하나의 성분의 농도를 상기 기지로부터 멀어지는 방향으로 경사지게 포함하는 층인 것을 특징으로 하는 플라즈마처리 용기 내부재의 제조방법.",256,False,True,explicit_or_regex_estimated
1020030055868,1020040016394,1009612790000,소멸,소멸,도포법을 이용한 플라즈마처리 용기 내부재의 제조방법과그 방법으로 제조된 내부재,주식회사 미코,3,"3. 세라믹 성형체로 된 기지 표면에 도포법을 이용하여 세라믹 코팅층을 형성하는 단계; 및 상기 세라믹 코팅층이 형성된 기지를 공소결(共燒結)하는 단계를 포함하고, 상기 세라믹 코팅층의 성분 속에 SiC 위스커(whisker) 혹은 BN 분말을 1wt% 내지 10wt% 범위에 포함되는 어느 한 양으로 첨가하여 중간층의 기공율을 조절하는 것을 특징으로 하는 플라즈마처리 용기 내부재의 제조방법.",220,False,True,explicit_or_regex_estimated
1020030055868,1020040016394,1009612790000,소멸,소멸,도포법을 이용한 플라즈마처리 용기 내부재의 제조방법과그 방법으로 제조된 내부재,주식회사 미코,4,"4. 금속 또는 세라믹 소결체로 된 기지 표면에 도포법을 이용하여 세라믹 코팅층을 형성하는 단계; 및 상기 세라믹 코팅층이 형성된 기지를 소결하는 단계를 포함하고, 상기 세라믹 코팅층의 성분 속에 SiC 위스커(whisker) 혹은 BN 분말을 1wt% 내지 10wt% 범위에 포함되는 어느 한 양으로 첨가하여 중간층의 기공율을 조절하는 것을 특징으로 하는 플라즈마처리 용기 내부재의 제조방법.",220,False,True,explicit_or_regex_estimated
1020030055868,1020040016394,1009612790000,소멸,소멸,도포법을 이용한 플라즈마처리 용기 내부재의 제조방법과그 방법으로 제조된 내부재,주식회사 미코,5,"5. 제1항 내지 제4항 중의 어느 한 항에 있어서, 상기 세라믹 코팅층은 산화물계, 탄화물계, 질화물계, 또는 붕화물계 세라믹으로 형성하는 것을 특징으로 하는 플라즈마처리 용기 내부재의 제조방법.",110,True,False,explicit_or_regex_estimated
1020030055868,1020040016394,1009612790000,소멸,소멸,도포법을 이용한 플라즈마처리 용기 내부재의 제조방법과그 방법으로 제조된 내부재,주식회사 미코,6,"6. 제1항 내지 제4항 중의 어느 한 항에 있어서, 상기 도포법에 이용되는 도포 물질의 형태는 코팅시킬 세라믹 분말이 포함된 슬러리 혹은 졸을 사용하는 것을 특징으로 하는 플라즈마처리 용기 내부재의 제조방법.",117,True,False,explicit_or_regex_estimated
1020030055868,1020040016394,1009612790000,소멸,소멸,도포법을 이용한 플라즈마처리 용기 내부재의 제조방법과그 방법으로 제조된 내부재,주식회사 미코,7,7. 코팅시킬 세라믹 분말이 포함된 졸을 제조하는 단계; 금속 또는 세라믹 소결체로 된 기지 표면에 상기 졸을 도포하여 세라믹 코팅층을 형성하는 단계; 상기 세라믹 코팅층을 건조시키는 단계; 및 상기 세라믹 코팅층이 형성된 기지를 1200℃ 이하에서 소결하는 단계를 포함하는 것을 특징으로 하는 플라즈마처리 용기 내부재의 제조방법.,185,False,True,explicit_or_regex_estimated
1020030055868,1020040016394,1009612790000,소멸,소멸,도포법을 이용한 플라즈마처리 용기 내부재의 제조방법과그 방법으로 제조된 내부재,주식회사 미코,8,"8. 제7항에 있어서, 상기 졸을 제조하는 단계는, 휘발 온도를 달리하는 글리콜 및 아세테이트 등의 분산제 1% 이하와, 75 ~ 95%의 유기용매를 0.5% 내지 2%의 바인더와 혼합하는 단계; 및 상기 혼합된 분산제와 바인더가 포함된 유기용매에 5 ~ 20wt%의 분말을 첨가하여 졸을 형성하는 단계를 포함하는 것을 특징으로 하는 플라즈마처리 용기 내부재의 제조방법.",207,True,False,explicit_or_regex_estimated
1020030055868,1020040016394,1009612790000,소멸,소멸,도포법을 이용한 플라즈마처리 용기 내부재의 제조방법과그 방법으로 제조된 내부재,주식회사 미코,9,"9. 제8항에 있어서, 상기 유기용매는 메탄올과 SiO2를 혼합하여 만든 솔벤트 25 ~ 35% 및, 메틸, 에틸, IPA 중 1 종 이상의 용매 50 ~ 60%를 포함하는 것을 특징으로 하는 플라즈마처리 용기 내부재의 제조방법.",128,True,False,explicit_or_regex_estimated
1020030055868,1020040016394,1009612790000,소멸,소멸,도포법을 이용한 플라즈마처리 용기 내부재의 제조방법과그 방법으로 제조된 내부재,주식회사 미코,10,"10. 기지 표면에 도포법을 이용하여 세라믹 코팅층을 형성한 뒤, 상기 세라믹 코팅층을 소결시켜 내식막을 형성하고, 상기 세라믹 코팅층의 총두께가 1㎛ 내지 2000㎛의 범위에 있고, 상기 세라믹 코팅층은, Al2O3, Y2O3, ZrO2, YAG, YAM, 멀라이트, AlON, PSZ, MgO, TiO2, Nb2O5, HfO2, ThO2, Cr2O3, SiC, B4C, TaC, TiC, AlN, Si3N4, TiN, CrN, BN, TiB2 및 ZrB2 중 적어도 어느 하나를 포함하는 것을 특징으로 하는 플라즈마처리 용기 내부재.",300,False,True,explicit_or_regex_estimated
1020030055868,1020040016394,1009612790000,소멸,소멸,도포법을 이용한 플라즈마처리 용기 내부재의 제조방법과그 방법으로 제조된 내부재,주식회사 미코,11,"11. 기지 표면에 도포법을 이용하여 세라믹 코팅층을 형성한 뒤, 상기 세라믹 코팅층을 소결시켜 내식막을 형성하고, 상기 기지와 상기 세라믹 코팅층 사이에 기공을 함유한 중간층을 더 포함하고, 상기 세라믹 코팅층은, Al2O3, Y2O3, ZrO2, YAG, YAM, 멀라이트, AlON, PSZ, MgO, TiO2, Nb2O5, HfO2, ThO2, Cr2O3, SiC, B4C, TaC, TiC, AlN, Si3N4, TiN, CrN, BN, TiB2, 및 ZrB2 중 적어도 어느 하나를 포함하는 것을 특징으로 하는 플라즈마처리 용기 내부재.",306,False,True,explicit_or_regex_estimated
1020030055868,1020040016394,1009612790000,소멸,소멸,도포법을 이용한 플라즈마처리 용기 내부재의 제조방법과그 방법으로 제조된 내부재,주식회사 미코,12,"12. 기지 표면에 도포법을 이용하여 Al2O3 성분 및 Y2O3 성분을 포함하는 세라믹 코팅층을 형성한 뒤, 상기 세라믹 코팅층을 소결시켜 내식막을 형성하고, 상기 기지와 인접한 상기 세라믹 코팅층의 내부는 Al2O3 성분을 많게 하고, 상기 기지로부터 멀어지는 방향으로 상기 세라믹 코팅층의 내부는 Y2O3가 증량되도록 조성의 경사를 갖게 한 것을 특징으로 하는 플라즈마처리 용기 내부재.",219,False,True,explicit_or_regex_estimated
1020030055868,1020040016394,1009612790000,소멸,소멸,도포법을 이용한 플라즈마처리 용기 내부재의 제조방법과그 방법으로 제조된 내부재,주식회사 미코,13,"13. 제10항 내지 제12항 중의 어느 한 항에 있어서, 상기 세라믹 코팅층은 단층 또는 다층인 것을 특징으로 하는 내부재.",70,True,False,explicit_or_regex_estimated
1020030055868,1020040016394,1009612790000,소멸,소멸,도포법을 이용한 플라즈마처리 용기 내부재의 제조방법과그 방법으로 제조된 내부재,주식회사 미코,14,"14. 제12항에 있어서, 상기 세라믹 코팅층은, ZrO2, YAG, YAM, 멀라이트, AlON, PSZ, MgO, TiO2, Nb2O5, HfO2, ThO2, Cr2O3, SiC, B4C, TaC, TiC, AlN, Si3N4, TiN, CrN, BN, TiB2 및 ZrB2 중 적어도 어느 하나를 더 포함하는 것을 특징으로 하는 내부재.",191,True,False,explicit_or_regex_estimated
1020030055868,1020040016394,1009612790000,소멸,소멸,도포법을 이용한 플라즈마처리 용기 내부재의 제조방법과그 방법으로 제조된 내부재,주식회사 미코,15,"15. 제10항 내지 제12항 중의 어느 한 항에 있어서, 상기 기지는 Al2O3, ZrO2, PSZ(Partially Stabilized Zirconia), AlON, TiO2, SiC, B4C, TaC, TiC, AlN, Si3N4, BN, TiN, TiB2, ZrB2, Mo, W, Ta, Al, 퀄츠, 실리콘, 탄소, YAG 또는 멀라이트 재질인 것을 특징으로 하는 내부재.",213,True,False,explicit_or_regex_estimated
1020030055868,1020040016394,1009612790000,소멸,소멸,도포법을 이용한 플라즈마처리 용기 내부재의 제조방법과그 방법으로 제조된 내부재,주식회사 미코,15,"15. 제10항 내지 제12항 중의 어느 한 항에 있어서, 상기 기지는 Al2O3, ZrO2, PSZ(Partially Stabilized Zirconia), AlON, TiO2, SiC, B4C, TaC, TiC, AlN, Si3N4, BN, TiN, TiB2, ZrB2, Mo, W, Ta, Al, 퀄츠, 실리콘, 탄소, YAG 또는 멀라이트 재질인 것을 특징으로 하는 내부재.",213,True,False,explicit_or_regex_estimated
1020040045415,1020050120163,1006234280000,소멸,소멸,반도체 제조설비용 부품정보 제공시스템 및 부품정보제공방법,주식회사 미코,1,"1. 통신망을 통해 사용자단말기 및 관리자단말기에 연결되는 웹서버와, 상기 웹서버에 연결되는 데이터베이스를 구비하는 반도체 제조설비용 부품정보 제공시스템에 있어서,상기 웹서버는, 상기 관리자단말기로부터 입력되는 정보를 상기 데이터베이스에 저장하고, 상기 사용자단말기를 통해 접속하는 사용자에 검색페이지를 제공하고, 사용자에 의해 입력되거나 선택되어진 검색페이지내의 검색항목에 대응되는 상기 데이터베이스내의 부품정보를 상기 사용자단말기에 표시하는 검색결과페이지를 제공하되,상기 검색항목에는 커스토머(Customer), 라인(Line), 영역(Area), 부품(Parts), 시리얼번호(S/N), 제조업체(Maker), 날짜(Date) 및 공정(Process)을 포함하며,상기 검색결과페이지는, 상기 부품의 고유번호 및 세정횟수; 상기 부품의 반출일자, 반입일자, 현작업상태, 담당부서, 입고검사, 최종검사 및 특이사항을 포함하는 세정이력; 상기 부품의 라인명, 부품명, 재질, 세정횟수 및 구분이 포함하는 상기 부품에 관한 정보를 표시하는 적어도 하나 이상의 프레임을 포함하는 것을 특징으로 하는 반도체 제조설비용 부품정보 제공시스템.",578,False,True,explicit_or_regex_estimated
1020040045415,1020050120163,1006234280000,소멸,소멸,반도체 제조설비용 부품정보 제공시스템 및 부품정보제공방법,주식회사 미코,6,"6. 제1항에 있어서,상기 프레임은, 사용자의 선택에 의해 부품에 대한 특이사항을 표시하는 이미지 뷰어창을 포함하는 것을 특징으로 하는 반도체 제조설비용 부품정보 제공시스템.",97,True,False,explicit_or_regex_estimated
1020040045415,1020050120163,1006234280000,소멸,소멸,반도체 제조설비용 부품정보 제공시스템 및 부품정보제공방법,주식회사 미코,7,"7. 제1항에 있어서,상기 웹서버는, 상기 검색결과페이지에서의 사용자의 선택에 의해 반입반출현황정보를 제공하기 위한 반입반출현황정보제공페이지를 상기 사용자에게 제공하는 것을 특징으로 하는 반도체 제조설비용 부품정보 제공시스템.",126,True,False,explicit_or_regex_estimated
1020040045415,1020050120163,1006234280000,소멸,소멸,반도체 제조설비용 부품정보 제공시스템 및 부품정보제공방법,주식회사 미코,8,"8. 제7항에 있어서, 상기 반입반출현황정보에는 반출일자, 반출번호, 라인, 반출증상태, 반출증수량, 실반출수량, 반입수량, 입고대기수량, 세정중수량 및 현재작업상태가 포함되는 것을 특징으로 하는 반도체 제조설비용 부품정보 제공시스템.",131,True,False,explicit_or_regex_estimated
1020040045415,1020050120163,1006234280000,소멸,소멸,반도체 제조설비용 부품정보 제공시스템 및 부품정보제공방법,주식회사 미코,9,"9. 사용자로부터의 인증요구에 따라 인증여부를 확인하여 인증된 사용자에게 커스토머(Customer), 라인(Line), 영역(Area), 부품(Parts), 시리얼번호(S/N), 제조업체(Maker), 날짜(Date) 및 공정(Process)으로 이루어진 검색항목들을 갖는 검색페이지를 제공하는 단계; 및상기 검색항목들 중 사용자에 의해 선택되거나 입력된 검색항목에 대응하는 부품의 고유번호 및 세정횟수; 상기 부품의 반출일자, 반입일자, 현작업상태, 담당부서, 입고검사, 최종검사 및 특이사항이 포함하는 세정이력; 상기 부품의 라인명, 부품명, 재질, 세정횟수 및 구분을 포함하는 상기 부품에 관한 정보를 표시하는 적어도 하나 이상의 검색결과페이지를 사용자에게 제공하는 단계를 포함하는 것을 특징으로 하는 반도체 제조설비용 부품정보 제공방법.",416,False,True,explicit_or_regex_estimated
1020040045415,1020050120163,1006234280000,소멸,소멸,반도체 제조설비용 부품정보 제공시스템 및 부품정보제공방법,주식회사 미코,10,"10. 제9항에 있어서, 상기 사용자에 대한 인증여부의 확인은, 접속한 사용자에 대해 사용자 인증을 위한 아이디 및 패스워드 입력박스가 포함되는 초기화면을 표시하는 단계; 및 상기 아이디 및 패스워드 입력박스를 통해 입력된 아이디 및 패스워드를 확인하여 사용자에 대한 인증여부를 확인하는 단계를 포함하는 것을 특징으로 하는 반도체 제조설비용 부품정보 제공방법.",201,True,False,explicit_or_regex_estimated
1020040045415,1020050120163,1006234280000,소멸,소멸,반도체 제조설비용 부품정보 제공시스템 및 부품정보제공방법,주식회사 미코,11,"11. 제10항에 있어서, 상기 초기화면내에 언어를 선택할 수 있는 메뉴를 더 표시하는 것을 특징으로 하는 반도체 제조설비용 부품정보 제공방법.",80,True,False,explicit_or_regex_estimated
1020040045415,1020050120163,1006234280000,소멸,소멸,반도체 제조설비용 부품정보 제공시스템 및 부품정보제공방법,주식회사 미코,16,"16. 제9항에 있어서, 상기 검색결과페이지에서의 사용자의 선택에 의해 반입반출현황정보를 제공하기 위한 반입반출현황정보제공페이지를 상기 사용자에게 제공하는 단계를 더 포함하는 것을 특징으로 하는 반도체 제조설비용 부품정보 제공방법.",129,True,False,explicit_or_regex_estimated
1020040045415,1020050120163,1006234280000,소멸,소멸,반도체 제조설비용 부품정보 제공시스템 및 부품정보제공방법,주식회사 미코,17,"17. 제16항에 있어서, 상기 반입반출현황정보에는 반출일자, 반출번호, 라인, 반출증상태, 반출증수량, 실반출수량, 반입수량, 입고대기수량, 세정중수량 및 현재작업상태가 포함되는 것을 특징으로 하는 반도체 제조설비용 부품정보 제공방법.",132,True,False,explicit_or_regex_estimated
1020040045415,1020050120163,1006234280000,소멸,소멸,반도체 제조설비용 부품정보 제공시스템 및 부품정보제공방법,주식회사 미코,17,"17. 제16항에 있어서, 상기 반입반출현황정보에는 반출일자, 반출번호, 라인, 반출증상태, 반출증수량, 실반출수량, 반입수량, 입고대기수량, 세정중수량 및 현재작업상태가 포함되는 것을 특징으로 하는 반도체 제조설비용 부품정보 제공방법.",132,True,False,explicit_or_regex_estimated
1020040056857,1020060007696,1005500190000,소멸,소멸,아크 방지용 에지 돌출부를 갖는 세라믹 정전척 장치 및그 제조 방법,주식회사 미코,1,"1. 서셉터와, 상기 서셉터 상부에 배치되고 내부에 전극이 삽입된 세라믹 정전척을 포함하는 정전척 장치에 있어서, 상기 서셉터의 상부 측면에는 링 형상의 에지 돌출부가 형성되며, 상기 에지 돌출부 내측면에 그리고 서셉터 상부 표면에 상기 정전척이 놓이며, 상기 정전척과 서셉터 사이에는 복수의 와이어가 삽입된 겔형 접착제 시트가 삽입되며, 상기 링 형상의 에지 돌출부와 정전척 사이의 빈틈에는 실리콘 또는 내식성 에폭시계 물질이 충진되는 것을 특징으로 하는, 세라믹 정전척 장치.",268,False,True,explicit_or_regex_estimated
1020040056857,1020060007696,1005500190000,소멸,소멸,아크 방지용 에지 돌출부를 갖는 세라믹 정전척 장치 및그 제조 방법,주식회사 미코,2,"2. 제1항에 있어서, 상기 복수의 와이어는 메쉬망 형태, 동심원 형태, 또는 방사형 형태이며 수축율이 5%이하이며, 상기 메쉬망은 광섬유인, 세라믹 정전척 장치.",91,True,False,explicit_or_regex_estimated
1020040056857,1020060007696,1005500190000,소멸,소멸,아크 방지용 에지 돌출부를 갖는 세라믹 정전척 장치 및그 제조 방법,주식회사 미코,3,"3. 제1항 또는 제2항에 있어서, 상기 링 형상의 에지 돌출부는 상기 서셉터와 일체로 형성되며, 상기 링 형상의 에지 돌출부의 높이는 정전척이 서셉터에 장착되었을 때의 높이보다 낮거나 같은, 세라믹 정전척 장치.",119,True,False,explicit_or_regex_estimated
1020040056857,1020060007696,1005500190000,소멸,소멸,아크 방지용 에지 돌출부를 갖는 세라믹 정전척 장치 및그 제조 방법,주식회사 미코,4,"4. 내부에 전극이 삽입된 세라믹 정전척이 그 상면에 배치되는 서셉터로서, 상기 서셉터의 상부 측면에 링 형상의 에지 돌출부가 형성되는, 세라믹 정전척용 서셉터.",90,False,True,explicit_or_regex_estimated
1020040056857,1020060007696,1005500190000,소멸,소멸,아크 방지용 에지 돌출부를 갖는 세라믹 정전척 장치 및그 제조 방법,주식회사 미코,5,"5. 서셉터 및, 그 내부에 전극이 삽입된 세라믹 정전척을 포함하며, 상기 서셉터와 세라믹 정전척이 접착제에 의해 접착되는 정전척 장치 제조 방법에 있어서, 측면에 링 형상의 에지 돌출부가 형성된 서셉터를 준비하는 단계, 상기 에지 돌출부 사이에 복수의 와이어가 삽입된 접착제 시트를 적층하는 단계, 상기 접착제 시트 상에 세라믹 정전척을 적층하는 단계, 상기 세라믹 정전척 상면에 압력과 온도를 가하여 세라믹 정전척을 서셉터에 접착시키는 단계, 및 상기 세라믹 정전척과 상기 링 형상의 에지 돌출부 사이의 틈에 실리콘 또는 에폭시계 물질을 충진시키는 단계를 포함하는, 정전척 장치 제조 방법.",332,False,True,explicit_or_regex_estimated
1020040056857,1020060007696,1005500190000,소멸,소멸,아크 방지용 에지 돌출부를 갖는 세라믹 정전척 장치 및그 제조 방법,주식회사 미코,5,"5. 서셉터 및, 그 내부에 전극이 삽입된 세라믹 정전척을 포함하며, 상기 서셉터와 세라믹 정전척이 접착제에 의해 접착되는 정전척 장치 제조 방법에 있어서, 측면에 링 형상의 에지 돌출부가 형성된 서셉터를 준비하는 단계, 상기 에지 돌출부 사이에 복수의 와이어가 삽입된 접착제 시트를 적층하는 단계, 상기 접착제 시트 상에 세라믹 정전척을 적층하는 단계, 상기 세라믹 정전척 상면에 압력과 온도를 가하여 세라믹 정전척을 서셉터에 접착시키는 단계, 및 상기 세라믹 정전척과 상기 링 형상의 에지 돌출부 사이의 틈에 실리콘 또는 에폭시계 물질을 충진시키는 단계를 포함하는, 정전척 장치 제조 방법.",332,False,True,explicit_or_regex_estimated
1020050001082,1020060080678,1006612540000,소멸,소멸,반도체 검사용 프로브 카드,(주) 미코에스앤피,1,"1. 판면 중앙에는 소정의 크기로 관통홀을 형성하고, 회로 패턴이 형성된 상부면에는 다수의 콘넥터가 부착되도록 한 메인 기판 부재와; 상기 콘넥터를 수용할 수 있도록 소정의 면적을 상향 요입시키면서 상기 메인 기판 부재의 상부면으로 소정의 면적을 커버하도록 결합되는 상부 보강판 부재와; 상기 상부 보강판 부재와는 대응되는 상기 메인 기판 부재의 저면에 결합되고, 중앙에는 소정의 크기로 안치홀을 형성하는 하부 보강판 부재와; 상기 하부 보강판 부재의 상부로 안착되고, 판면에는 검사하고자 하는 반도체 디바이스와 동일한 갯수와 간격으로 다수의 수직 관통되도록 한 관통홀을 일정하게 배열시킨 절연 부재와; 상기 절연 부재의 저면에서 각 관통홀의 주연부에 접착되고, 내부에는 다수의 니들이 내장되며, 상부는 상기 절연 부재의 관통홀에 삽입되면서 내장된 상기 니들들은 상기 메인 기판 부재의 콘넥터와 플렉시블 기판에 의해 각각 연결되어 전기적 신호가 전달되도록 하는 니들 가이드 부재;를 포함하는 구성인 반도체 검사용 프로브 카드.",518,False,True,explicit_or_regex_estimated
1020050001082,1020060080678,1006612540000,소멸,소멸,반도체 검사용 프로브 카드,(주) 미코에스앤피,2,"2. 제 1 항에 있어서, 상기 하부 보강판 부재는 상측이 하측보다는 반경을 크게 하여 단차지게 한 안치홀을 형성한 반도체 검사용 프로브 카드.",80,True,False,explicit_or_regex_estimated
1020050001082,1020060080678,1006612540000,소멸,소멸,반도체 검사용 프로브 카드,(주) 미코에스앤피,3,"3. 제 2 항에 있어서, 상기 하부 보강판 부재의 안치홀의 단차진 주면에는 하향 요입되는 삽입홈이 형성되도록 하여 볼과 스프링이 삽입되고, 상기 볼 상측의 절연 부재의 외주연부는 상기 상부 보강판 부재로부터 체결하는 볼트에 의해 상기 절연 부재의 평탄도가 조절되도록 하는 반도체 검사용 프로브 카드.",168,True,False,explicit_or_regex_estimated
1020050001082,1020060080678,1006612540000,소멸,소멸,반도체 검사용 프로브 카드,(주) 미코에스앤피,4,"4. 제 1 항에 있어서, 상기 니들 가이드 부재는 판면에 니들 수용홀을 형성하는 하부 니들 가이드 부재와 상기 하부 니들 가이드 부재의 니들 수용홀에 삽입되는 니들로부터 상향 돌출되게 형성한 돌출 단자가 수직으로 관통하는 홀을 형성하는 상부 니들 가이드 부재가 서로 상하적층되면서 접합시킨 구성인 반도체 검사용 프로브 카드.",182,True,False,explicit_or_regex_estimated
1020050001082,1020060080678,1006612540000,소멸,소멸,반도체 검사용 프로브 카드,(주) 미코에스앤피,5,"5. 제 4 항에 있어서, 상기 니들 가이드 부재에 수용되는 니들은 상부의 일부가 소정의 높이로 상향 돌출되면서 돌출 단자를 이루고, 상기 돌출 단자는 상기 니들 가이드 부재의 상부에서 상기 플렉시블 기판의 일단과 납땜에 의해 결합되고, 상기 니들의 돌출 단자와 상기 플렉시블 기판의 결합 부위는 에폭시 수지에 의해 몰딩시킨 몰딩부에 의해서 감싸져 외부로부터 보호되는 반도체 검사용 프로브 카드.",221,True,False,explicit_or_regex_estimated
1020050001082,1020060080678,1006612540000,소멸,소멸,반도체 검사용 프로브 카드,(주) 미코에스앤피,5,"5. 제 4 항에 있어서, 상기 니들 가이드 부재에 수용되는 니들은 상부의 일부가 소정의 높이로 상향 돌출되면서 돌출 단자를 이루고, 상기 돌출 단자는 상기 니들 가이드 부재의 상부에서 상기 플렉시블 기판의 일단과 납땜에 의해 결합되고, 상기 니들의 돌출 단자와 상기 플렉시블 기판의 결합 부위는 에폭시 수지에 의해 몰딩시킨 몰딩부에 의해서 감싸져 외부로부터 보호되는 반도체 검사용 프로브 카드.",221,True,False,explicit_or_regex_estimated
1020050131659,1020070069463,1009799150000,소멸,소멸,정전척 및 히터,주식회사 미코,1,"1. 개구부가 형성된 절연 플레이트; 상기 절연 플레이트 내에 내장되며, 상기 개구부를 통하여 부분적으로 노출되는 전도성 부재; 그리고 ⅰ)상기 개구부를 통하여 상기 절연 플레이트 내부로 삽입되며, 상기 전도성 부재를 마주보는 일면에 복수개의 단자 홈들이 형성된 몸체, ⅱ)상기 전도성 부재에 파워를 전달하기 위하여 상기 단자 홈들에 각각 삽입되는 단자들 및 ⅲ)상기 단자 홈들에 각각 배치되어 상기 단자들이 상기 전도성 부재의 노출된 부분에 전기적으로 연결되도록 상기 단자들을 상기 전도성 부재 방향으로 탄성 지지하는 탄성 부재들을 포함하는 커넥터를 구비하는 것을 특징으로 하는 정전척.",329,False,True,explicit_or_regex_estimated
1020050131659,1020070069463,1009799150000,소멸,소멸,정전척 및 히터,주식회사 미코,2,"2. 제 1 항에 있어서, 상기 몸체는 상기 일면과 대향되는 타면에 복수개의 제2 단자 홈들이 더 형성되고, 상기 커넥터는 상기 제2 단자 홈들에 각각 삽입되는 제2 단자들, 및 상기 제2 단자 홈들에 각각 배치되어 상기 제2 단자들을 상기 파워를 공급하는 전원 공급 유닛 방향으로 탄성 지지하는 제2 탄성 부재들을 더 포함하는 것을 특징으로 하는 정전척.",199,True,False,explicit_or_regex_estimated
1020050131659,1020070069463,1009799150000,소멸,소멸,정전척 및 히터,주식회사 미코,3,"3. 제 2 항에 있어서, 상기 제2 단자 홈들은 상기 몸체에 상기 단자 홈들과 서로 다른 수직축선들을 따라 형성된 것을 특징으로 하는 정전척.",80,True,False,explicit_or_regex_estimated
1020050131659,1020070069463,1009799150000,소멸,소멸,정전척 및 히터,주식회사 미코,4,"4. 제 2 항에 있어서, 상기 제2 단자들은 핀 형상을 가지며, 상기 제2 탄성 부재는 스프링 형상을 갖는 것을 특징으로 하는 정전척.",76,True,False,explicit_or_regex_estimated
1020050131659,1020070069463,1009799150000,소멸,소멸,정전척 및 히터,주식회사 미코,5,"5. 제 1 항에 있어서, 상기 단자들은 핀 형상을 가지며, 상기 탄성 부재는 스프링 형상을 갖는 것을 특징으로 하는 정전척.",70,True,False,explicit_or_regex_estimated
1020050131659,1020070069463,1009799150000,소멸,소멸,정전척 및 히터,주식회사 미코,6,"6. 개구부가 형성된 절연 플레이트; 상기 절연 플레이트 내에 내장되며, 상기 개구부를 통하여 부분적으로 노출되는 발열체; 그리고 ⅰ)상기 개구부를 통하여 상기 절연 플레이트 내부로 삽입되며, 상기 발열체를 마주보는 일면에 복수개의 단자 홈들이 형성된 몸체, ⅱ)상기 발열체에 파워를 전달하기 위하여 상기 단자 홈들에 각각 삽입되는 단자들 및 ⅲ)상기 단자 홈들에 각각 배치되어 상기 단자들이 상기 발열체의 노출된 부분에 전기적으로 연결되도록 상기 단자들을 상기 발열체 방향으로 탄성 지지하는 탄성 부재들을 포함하는 커넥터를 구비하는 것을 특징으로 하는 히터.",313,False,True,explicit_or_regex_estimated
1020050131659,1020070069463,1009799150000,소멸,소멸,정전척 및 히터,주식회사 미코,7,"7. 제 6 항에 있어서, 상기 몸체는 상기 일면과 대향되는 타면에 복수개의 제2 단자 홈들이 더 형성되고, 상기 커넥터는 상기 제2 단자 홈들에 각각 삽입되는 제2 단자들, 및 상기 제2 단자 홈들에 각각 배치되어 상기 제2 단자들을 상기 파워를 공급하는 전원 공급 유닛 방향으로 탄성 지지하는 제2 탄성 부재들을 더 포함하는 것을 특징으로 하는 히터.",198,True,False,explicit_or_regex_estimated
1020057008497,1020050072141,1007190740000,소멸,소멸,배기가스 정화용 촉매 및 배기가스의 정화 방법,"아이씨티 코., 엘티디.|유미코어 쇼쿠바이 유에스에이 인코포레이티드",1,"1. 구리, ZSM-5, 및 β형 제올라이트를 포함하는 촉매성분을 가지며,상기 구리가 침지법 또는 함침법에 의하여 상기 ZSM-5 및 β형 제올라이트의 쌍방에 담지되어 있는 것을 특징으로 하는 배기가스 정화용 촉매.",120,False,True,explicit_or_regex_estimated
1020057008497,1020050072141,1007190740000,소멸,소멸,배기가스 정화용 촉매 및 배기가스의 정화 방법,"아이씨티 코., 엘티디.|유미코어 쇼쿠바이 유에스에이 인코포레이티드",2,"2. 제 1 항에 있어서,상기 ZSM-5와 β형 제올라이트의 질량비율이 1:0.1∼1:5인 것을 특징으로 하는 촉매.",65,True,False,explicit_or_regex_estimated
1020057008497,1020050072141,1007190740000,소멸,소멸,배기가스 정화용 촉매 및 배기가스의 정화 방법,"아이씨티 코., 엘티디.|유미코어 쇼쿠바이 유에스에이 인코포레이티드",3,"3. 제 1 항에 있어서,상기 ZSM-5는 SiO2/Al2O3의 몰비가 20∼100/1, 또한 전자현미경으로 관찰한 평균결정자경이 0.5㎛ 이하이고, β형 제올라이트의 SiO2/Al2O3의 몰비가 10∼50/1의 범위인 것을 특징으로 하는 촉매.",137,True,False,explicit_or_regex_estimated
1020057008497,1020050072141,1007190740000,소멸,소멸,배기가스 정화용 촉매 및 배기가스의 정화 방법,"아이씨티 코., 엘티디.|유미코어 쇼쿠바이 유에스에이 인코포레이티드",5,"5. 제 1 항에 있어서,상기 제올라이트가 70∼300g, 상기 구리가 산화물 상태에서 3∼30g의 비율로 내화성 3차원 구조체(1리터당)에 담지되어 있는 것을 특징으로 하는 촉매.",101,True,False,explicit_or_regex_estimated
1020057008497,1020050072141,1007190740000,소멸,소멸,배기가스 정화용 촉매 및 배기가스의 정화 방법,"아이씨티 코., 엘티디.|유미코어 쇼쿠바이 유에스에이 인코포레이티드",6,"6. 제 1 항에 있어서,상기 촉매성분에 대해 인, 세륨 및 붕소로 이루어진 군에서 선택된 적어도 1종이 더 첨가되어 있는 것을 특징으로 하는 촉매.",83,True,False,explicit_or_regex_estimated
1020057008497,1020050072141,1007190740000,소멸,소멸,배기가스 정화용 촉매 및 배기가스의 정화 방법,"아이씨티 코., 엘티디.|유미코어 쇼쿠바이 유에스에이 인코포레이티드",7,"7. 디젤 엔진에서 나오는 배기가스를 청구항 1 내지 3, 청구항 5, 또는 청구항 6 중 어느 한 항에 기재된 촉매를 이용하여 처리하는 것을 특징으로 하는 배기가스 정화 방법.",99,False,True,explicit_or_regex_estimated
1020060030252,1020070099188,1009847480000,등록,등록,"정전척, 조립형 정전 흡착 장치, 글라스 기판 접합 장치 및조립형 글라스 기판 접합 장치",주식회사 미코,1,"1. 기판을 안정적으로 지지하기 위하여 고분자 물질로 이루어지고, 내부에 상기 기판을 척킹하기 위한 정전기력을 발생시키는 전극이 삽입된 척킹 플레이트; 상기 척킹 플레이트 하부에 배치되어 상기 척킹 플레이트를 지지하는 서포팅 부재; 상기 척킹 플레이트와 상기 서포팅 부재 사이에 배치되는 완충 부재; 상기 완충 부재를 상기 척킹 플레이트에 견고하게 접합시키기 위하여 상기 완충 부재와 상기 척킹 플레이트 사이에 개재되고, 2개의 접착층들로 이루어진 다중 접착증 구조물을 포함하는 제1·접착제; 및 상기 완충 부재를 상기 서포팅 부재에 견고하게 접합시키기 위하여 상기 완충 부재와 상기 척킹 플레이트 사이에 개재되고, 2개의 접착층들로 이루어진 다중 접착층 구조물을 포함하는 제2 접착제를 구비하는 것을 특징으로 하는 정전척.",405,False,True,explicit_or_regex_estimated
1020060030252,1020070099188,1009847480000,등록,등록,"정전척, 조립형 정전 흡착 장치, 글라스 기판 접합 장치 및조립형 글라스 기판 접합 장치",주식회사 미코,2,"2. 제 1 항에 있어서, 상기 고분자 물질은 폴리에스테르(polyester) 또는 폴리이미드(polyimide)를 포함하는 것을 특징으로 하는 정전척.",85,True,False,explicit_or_regex_estimated
1020060030252,1020070099188,1009847480000,등록,등록,"정전척, 조립형 정전 흡착 장치, 글라스 기판 접합 장치 및조립형 글라스 기판 접합 장치",주식회사 미코,4,"4. 제 1 항에 있어서, 상기 각각 2개의 접착층들 중에서 상기 완충 부재에 대향하는 접착층은 실리콘 수지를 포함하는 것을 특징으로 하는 정전척.",82,True,False,explicit_or_regex_estimated
1020060030252,1020070099188,1009847480000,등록,등록,"정전척, 조립형 정전 흡착 장치, 글라스 기판 접합 장치 및조립형 글라스 기판 접합 장치",주식회사 미코,5,"5. 제 1 항에 있어서, 상기 각각 2개의 접착층들 중에서 상기 척킹 플레이트 또는 상기 서포팅 부재를 대향하는 접착층은 아크릴 수지를 포함하는 것을 특징으로 하는 정전척.",97,True,False,explicit_or_regex_estimated
1020060030252,1020070099188,1009847480000,등록,등록,"정전척, 조립형 정전 흡착 장치, 글라스 기판 접합 장치 및조립형 글라스 기판 접합 장치",주식회사 미코,6,"6. 제 1 항에 있어서, 상기 척킹 플레이트에는 상기 척킹 플레이트의 일부분과 상기 전극을 일체로 절곡시키기 위한 절개부가 형성된 것을 특징으로 하는 정전척.",89,True,False,explicit_or_regex_estimated
1020060030252,1020070099188,1009847480000,등록,등록,"정전척, 조립형 정전 흡착 장치, 글라스 기판 접합 장치 및조립형 글라스 기판 접합 장치",주식회사 미코,7,"7. 기판을 안정적으로 지지하기 위하여 고분자 물질로 이루어지고, 내부에 상기 기판을 척킹하기 위한 정전기력을 발생시키는 전극이 삽입된 척킹 플레이트, 상기 척킹 플레이트 하부에 배치되어 상기 척킹 플레이트를 지지하는 서포팅 부재, 상기 척킹 플레이트와 상기 서포팅 부재 사이에 배치되는 완충 부재, 상기 완충 부재를 상기 척킹 플레이트에 견고하게 접합시키기 위하여 상기 완충 부재와 상기 척킹 플레이트 사이에 개재되고, 2개의 접착층들로 이루어진 다중 접착층 구조물을 구비하는 제1·접착제, 및 상기 완충 부재를 상기 서포팅 부재에 견고하게 접합시키기 위하여 상기 완충 부재와 상기 척킹 플레이트 사이에 개재되고, 2개의 접착층들로 이루어진 다중 접착층 구조물을 구비하는 제2 접착제를 포함하는 정전척이 동일 평면상에 복수개 배치되어 일체로 조립된 대형의 조립형 정전 흡착 장치.",437,False,True,explicit_or_regex_estimated
1020060030252,1020070099188,1009847480000,등록,등록,"정전척, 조립형 정전 흡착 장치, 글라스 기판 접합 장치 및조립형 글라스 기판 접합 장치",주식회사 미코,8,"8. ⅰ)제1 글라스 기판을 안정적으로 지지하기 위하여 고분자 물질로 이루어지고, 내부에 상기 제1 글라스 기판을 척킹하기 위한 정전기력을 발생시키는 제1 전극이 삽입된 제1 척킹 플레이트, ⅱ)상기 제1 척킹 플레이트 하부에 배치되어 상기 제1 척킹 플레이트를 지지하는 제1 서포팅 부재, ⅲ)상기 제1 척킹 플레이트와 상기 제1 서포팅 부재 사이에 배치되는 제1 완충 부재, ⅳ)상기 제1 완충 부재를 상기 제1 척킹 플레이트에 견고하게 접합시키기 위하여 상기 제1 완충 부재와 상기 제1 척킹 플레이트 사이에 개재되고, 2개의 접착층들로 이루어진 다중 접착층 구조물을 구비하는 제1·접착제 및 ⅴ)상기 제1 완충 부재를 상기 제1 서포팅 부재에 견고하게 접합시키기 위하여 상기 제1 완충 부재와 상기 제1 척킹 플레이트 사이에 개재되고, 2개의 접착층들로 이루어진 다중 접착층 구조물을 구비하는 제2 접착제를 포함하는 제1 정전척; 상기 제1 정전척을 마주보도록 상기 제1 정전척 상부에 배치되며, ⅵ)제2 글라스 기판을 안정적으로 지지하기 위하여 고분자 물질로 이루어지고, 내부에 상기 제2 글라스 기판을 척킹하기 위한 정전기력을 발생시키는 제2 전극이 삽입된 제2 척킹 플레이트, ⅶ)상기 제2 척킹 플레이트 상부에 배치되어 상기 제2 척킹 플레이트를 홀딩하는 제2 서포팅 부재, ⅷ)상기 제2 척킹 플레이트와 상기 제2 서포팅 부재 사이에 배치되는 제2 완충 부재, ⅸ)상기 제2 완충 부재를 상기 제2 척킹 플레이트에 견고하게 접합시키기 위하여 상기 제2 완충 부재와 상기 제2 척킹 플레이트 사이에 개재되고, 2개의 접착층들로 이루어진 다중 접착층 구조물을 구비하는 제3·접착제 및 ⅹ)상기 제2 완충 부재를 상기 제2 서포팅 부재에 견고하게 접합시키기 위하여 상기 제2 완충 부재와 상기 제2 척킹 플레이트 사이에 개재되고, 2개의 접착층들로 이루어진 다중 접착층 구조물을 구비하는 제4 접착제를 포함하는 제2 정전척; 그리고 상기 제2 글라스 기판을 상기 제1 글라스 기판에 접합시키기 위하여 상기 제1 정전척과 상기 제2 정전척 중, 한쪽 또는 양쪽에 장착되어 상기 제1 글라스 기판과 상기 제 2 글라스 기판을 접근시켜 접합하는 구동 부재를 포함하는 것을 특징으로 하는 글라스 기판 접합 장치.",1128,False,True,explicit_or_regex_estimated
1020060030252,1020070099188,1009847480000,등록,등록,"정전척, 조립형 정전 흡착 장치, 글라스 기판 접합 장치 및조립형 글라스 기판 접합 장치",주식회사 미코,9,"9. 제 8 항에 있어서, 상기 제1 접착제는 상기 제3 접착제와 실질적으로 동일하고, 상기 제2 접착제는 상기 제4 접착제와 실질적으로 동일한 것을 특징으로 하는 글라스 기판 접합 장치.",105,True,False,explicit_or_regex_estimated
1020060030252,1020070099188,1009847480000,등록,등록,"정전척, 조립형 정전 흡착 장치, 글라스 기판 접합 장치 및조립형 글라스 기판 접합 장치",주식회사 미코,10,"10. ⅰ)제1 글라스 기판을 안정적으로 지지하기 위하여 고분자 물질로 이루어지고, 내부에 상기 제1 글라스 기판을 척킹하기 위한 정전기력을 발생시키는 제1 전극이 삽입된 제1 척킹 플레이트, ⅱ)상기 제1 척킹 플레이트 하부에 배치되어 상기 제1 척킹 플레이트를 지지하는 제1 서포팅 부재, ⅲ)상기 제1 척킹 플레이트와 상기 제1 서포팅 부재 사이에 배치되는 제1 완충 부재, ⅳ)상기 제1 완충 부재를 상기 제1 척킹 플레이트에 견고하게 접합시키기 위하여 상기 제1 완충 부재와 상기 제1 척킹 플레이트 사이에 개재되고, 2개의 접착층들로 이루어진 다중 접착층 구조물을 구비하는 제1·접착제 및 ⅴ)상기 제1 완충 부재를 상기 제1 서포팅 부재에 견고하게 접합시키기 위하여 상기 제1 완충 부재와 상기 제1 척킹 플레이트 사이에 개재되고, 2개의 접착층들로 이루어진 다중 접착층 구조물을 구비하는 제2 접착제를 포함하는 제1 정전척이 제1 평면상에 복수개 배치되어 일체로 조립된 제1 조립형 정천 흡착 장치; 상기 제1 정전척을 마주보도록 상기 제1 정전척 상부에 배치되며, ⅵ)제2 글라스 기판을 안정적으로 지지하기 위하여 고분자 물질로 이루어지고, 내부에 상기 제2 글라스 기판을 척킹하기 위한 정전기력을 발생시키는 제2 전극이 삽입된 제2 척킹 플레이트, ⅶ)상기 제2 척킹 플레이트 상부에 배치되어 상기 제2 척킹 플레이트를 홀딩하는 제2 서포팅 부재, ⅷ)상기 제2 척킹 플레이트와 상기 제2 서포팅 부재 사이에 배치되는 제2 완충 부재, ⅸ)상기 제2 완충 부재를 상기 제2 척킹 플레이트에 견고하게 접합시키기 위하여 상기 제2 완충 부재와 상기 제2 척킹 플레이트 사이에 개재되고, 2개의 접착층들로 이루어진 다중 접착층 구조물을 구비하는 제3·접착제 및 ⅹ)상기 제2 완충 부재를 상기 제2 서포팅 부재에 견고하게 접합시키기 위하여 상기 제2 완충 부재와 상기 제2 척킹 플레이트 사이에 개재되고, 2개의 접착층들로 이루어진 다중 접착층 구조물을 구비하는 제4 접착제를 포함하는 제2 정전척이 제2 평면상에 복수개 배치되어 일체로 조립된 제2 조립형 정전 흡착 장치; 그리고 상기 제2 글라스 기판을 상기 제1 글라스 기판에 접합시키기 위하여 상기 제1 조립형 정전 흡착 장치와 상기 제2 조립형 정전 흡착 장치 중, 한쪽 또는 양쪽에 장착되어 상기 제1 글라스 기판과 상기 제 2 글라스 기판을 접근시켜 접합하는 구동 부재를 포함하는 것을 특징으로 하는 대형의 조립형 글라스 기판 접합 장치.",1239,False,True,explicit_or_regex_estimated
1020060074048,1020080013052,1008140330000,소멸,소멸,왁스 결합 장치 및 이를 이용한 왁스 결합 방법,(주)미코엠에스티,1,"1. 기판을 가공하기 위하여 작업 지그와 기판을 왁스를 사용하여 결합하는 왁스 결합 장치에 있어서,하부가 개방된 원통형으로 형성되되, 일측에 상부 통로가 형성된 진공 챔버 덮개;상기 진공 챔버 덮개의 중앙부에 결합되어 내부 공간을 분할하되, 외주를 따라 복수개의 연질 가압판용 개구부가 형성된 챔버 분할판;상기 챔버 분할판 상부에 부착된 하나의 연질 가압판; 및상기 진공 챔버 덮개에 대응하고, 일측에 하부 통로가 형성되며, 내부에 냉각관이 결합된 진공 챔버 바닥과;상기 진공 챔버 바닥 외부에 위치되고, 상기 기판과 작업 지그를 가열하는 가열 블럭; 및상기 가열 블럭의 상부에 위치된 상기 기판과 작업 지그를 상기 진공 챔버 바닥으로 이송하는 이송 수단을 포함하여서 됨을 특징으로 하는 왁스 결합 장치.",394,False,True,explicit_or_regex_estimated
1020060074048,1020080013052,1008140330000,소멸,소멸,왁스 결합 장치 및 이를 이용한 왁스 결합 방법,(주)미코엠에스티,3,"3. 제1항에 있어서, 상기 진공 챔버 덮개는,상기 진공 챔버 바닥으로 이송된 상기 작업 지그를 파지하기 위해, 상기 챔버 분할판의 하부에서 연장된 지그 가이드와 상기 지그 가이드의 하단에 결합되고 탄성력에 의해 상기 작업 지그를 가압하는 가압단을 포함하는 파지 수단을 추가로 포함하는 것을 특징으로 하는 왁스 결합 장치.",180,True,False,explicit_or_regex_estimated
1020060074048,1020080013052,1008140330000,소멸,소멸,왁스 결합 장치 및 이를 이용한 왁스 결합 방법,(주)미코엠에스티,4,"4. 제3항에 있어서, 상기 챔버 분할판의 상기 복수개의 연질 가압판용 개구부의 중심은 상기 작업 지그 상의 상기 기판의 중심과 일치하는 것을 특징으로 하는 왁스 결합 장치.",97,True,False,explicit_or_regex_estimated
1020060074048,1020080013052,1008140330000,소멸,소멸,왁스 결합 장치 및 이를 이용한 왁스 결합 방법,(주)미코엠에스티,5,"5. 제3항에 있어서, 상기 연질 가압판 외주면은 상기 챔버 분할판의 가장자리를 따라 부착되는 것을 특징으로 하는 왁스 결합 장치.",73,True,False,explicit_or_regex_estimated
1020060074048,1020080013052,1008140330000,소멸,소멸,왁스 결합 장치 및 이를 이용한 왁스 결합 방법,(주)미코엠에스티,6,"6. 기판을 가공하기 위하여 작업 지그와 기판을 왁스를 사용하여 결합하는 왁스 결합 방법에 있어서,가열 블럭 위에 작업 지그를 위치시키고 가열하는 제1단계;상기 작업 지그 상부에 왁스를 도포하고 복수개의 기판을 위치시키는 제2단계;상기 작업 지그를 수용하기 위한 공간과 상기 가열된 작업 지그를 냉각하기 위한 냉각 수단을 구비한 진공 챔버 바닥에 상기 작업 지그와 상기 기판을 위치시키고, 복수개의 연질 가압판용 개구부가 형성되고 상부에 하나의 연질 가압판이 부착된 챔버 분할판이 내부에 결합된 진공 챔버 덮개를 덮는 제3단계;상기 진공 챔버 덮개에 형성된 상부 통로를 통해 진공 챔버 덮개의 상부 공간을 진공으로 형성하는 제4단계;상기 진공 챔버 바닥에 형성된 하부 통로를 통해 진공 챔버 덮개의 하부 공간을 진공으로 형성하는 제5단계;상기 진공 챔버 덮개에 형성된 상부 통로를 통해 상부 공간으로 기체를 주입하는 제6단계; 및상기 진공 챔버 바닥에 결합된 냉각관을 사용하여 상기 작업 지그를 냉각하는 제7단계를 포함하는 것을 특징으로 하는 왁스 결합 방법.",537,False,True,explicit_or_regex_estimated
1020060074048,1020080013052,1008140330000,소멸,소멸,왁스 결합 장치 및 이를 이용한 왁스 결합 방법,(주)미코엠에스티,7,"7. 제6항에 있어서, 상기 제5단계는 상기 기판과 상기 작업 지그 사이의 기포가 충분히 배출될 때까지 유지되는 것을 특징으로 하는 왁스 결합 방법.",83,True,False,explicit_or_regex_estimated
1020060074048,1020080013052,1008140330000,소멸,소멸,왁스 결합 장치 및 이를 이용한 왁스 결합 방법,(주)미코엠에스티,8,"8. 제6항에 있어서, 상기 제6단계에 의해 상기 연질 가압판이 상기 복수개의 연질 가압판용 개구부를 통해 상기 하부 공간으로 팽창하며 상기 각각의 기판을 중앙부터 가압하게 되는 것을 특징으로 하는 왁스 결합 방법.",120,True,False,explicit_or_regex_estimated
1020060074048,1020080013052,1008140330000,소멸,소멸,왁스 결합 장치 및 이를 이용한 왁스 결합 방법,(주)미코엠에스티,9,"9. 제6항에 있어서, 상기 제1단계는 상기 작업 지그를 120℃에서 3~5분간 가열하는 단계이며, 상기 제6단계는 상기 작업 지그가 실온이 될 때까지 수행되는 것을 특징으로 하는 왁스 결합 방법.",110,True,False,explicit_or_regex_estimated
1020060074048,1020080013052,1008140330000,소멸,소멸,왁스 결합 장치 및 이를 이용한 왁스 결합 방법,(주)미코엠에스티,10,"10. 제6항에 있어서, 상기 제6단계와 상기 제7단계는 동시에 수행되는 것을 특징으로 하는 왁스 결합 방법.",61,True,False,explicit_or_regex_estimated
1020060105104,1020080037873,,거절,거절,프로브 모듈 및 그의 제조 방법,주식회사 미코|(주) 미코에스앤피,1,"1. 기판;상기 기판 상에 형성되어, 피검체의 전극들과 접촉하는 제 1 도전성 라인들; 및상기 기판 상에서 상기 제 1 도전성 라인들로부터 연장되어, 상기 피검체를 구동하기 위한 구동칩과 접촉하는 제 2 도전성 라인들을 포함하는 프로브 모듈.",135,False,True,explicit_or_regex_estimated
1020060105104,1020080037873,,거절,거절,프로브 모듈 및 그의 제조 방법,주식회사 미코|(주) 미코에스앤피,2,"2. 제 1 항에 있어서, 상기 제 2 도전성 라인들간의 간격은 상기 제 1 도전성 라인들 간의 간격보다 넓은 것을 특징으로 하는 프로브 모듈.",80,True,False,explicit_or_regex_estimated
1020060105104,1020080037873,,거절,거절,프로브 모듈 및 그의 제조 방법,주식회사 미코|(주) 미코에스앤피,3,"3. 제 1 항에 있어서, 상기 기판은 상기 제 1 및 제 2 도전성 라인들을 수용하는 복수개의 트렌치들을 갖는 것을 특징으로 하는 프로브 모듈.",81,True,False,explicit_or_regex_estimated
1020060105104,1020080037873,,거절,거절,프로브 모듈 및 그의 제조 방법,주식회사 미코|(주) 미코에스앤피,4,"4. 제 2 항에 있어서, 상기 트렌치들의 저면에 형성된 시드층들을 더 포함하는 것을 특징으로 하는 프로브 모듈.",63,True,False,explicit_or_regex_estimated
1020060105104,1020080037873,,거절,거절,프로브 모듈 및 그의 제조 방법,주식회사 미코|(주) 미코에스앤피,5,"5. 제 4 항에 있어서, 상기 기판과 상기 시드층들 사이에 개재된 절연층을 더 포함하는 것을 특징으로 하는 프로브 모듈.",68,True,False,explicit_or_regex_estimated
1020060105104,1020080037873,,거절,거절,프로브 모듈 및 그의 제조 방법,주식회사 미코|(주) 미코에스앤피,6,"6. 제 1 항에 있어서, 상기 제 1 도전성 라인들 상에 형성된 지지빔들을 더 포함하는 것을 특징으로 하는 프로브 모듈.",68,True,False,explicit_or_regex_estimated
1020060105104,1020080037873,,거절,거절,프로브 모듈 및 그의 제조 방법,주식회사 미코|(주) 미코에스앤피,7,"7. 기판 상에 도전층을 형성하는 단계; 및상기 도전층을 패터닝하여, 피검체의 전극들과 접촉하는 제 1 도전성 라인들과 상기 피검체를 구동하기 위한 구동칩과 접촉하는 제 2 도전성 라인들을 형성하는 단계를 포함하는 프로브 모듈의 제조 방법.",134,False,True,explicit_or_regex_estimated
1020060105104,1020080037873,,거절,거절,프로브 모듈 및 그의 제조 방법,주식회사 미코|(주) 미코에스앤피,8,"8. 제 7 항에 있어서, 상기 도전층을 패터닝하는 단계는상기 도전층 상에 마스크 패턴을 형성하는 단계;상기 마스크 패턴을 식각 마스크로 사용하여 상기 도전층을 식각하여, 상기 제 1 및 제 2 도전성 라인들을 형성하는 단계; 및상기 마스크 패턴을 제거하는 단계를 포함하는 것을 특징으로 하는 프로브 모듈의 제조 방법.",178,True,False,explicit_or_regex_estimated
1020060105104,1020080037873,,거절,거절,프로브 모듈 및 그의 제조 방법,주식회사 미코|(주) 미코에스앤피,9,"9. 제 7 항에 있어서, 상기 기판의 측부를 부분적으로 제거하여, 상기 제 1 도전성 라인의 단부들을 상기 기판으로부터 돌출시키는 단계를 더 포함하는 것을 특징으로 하는 프로브 모듈의 제조 방법.",110,True,False,explicit_or_regex_estimated
1020060105104,1020080037873,,거절,거절,프로브 모듈 및 그의 제조 방법,주식회사 미코|(주) 미코에스앤피,10,"10. 제 7 항에 있어서, 상기 제 1 도전성 라인들 상에 지지빔들을 형성하는 단계를 더 포함하는 것을 특징으로 하는 프로브 모듈의 제조 방법.",81,True,False,explicit_or_regex_estimated
1020060105104,1020080037873,,거절,거절,프로브 모듈 및 그의 제조 방법,주식회사 미코|(주) 미코에스앤피,11,"11. 기판 상에 복수개의 트렌치들을 형성하는 단계;상기 트렌치들 상에 시드층을 형성하는 단계; 및상기 시드층에 대한 도금 공정을 수행하여, 피검체의 전극들과 접촉하는 제 1 도전성 라인들과 상기 피검체를 구동하기 위한 구동칩과 접촉하는 제 2 도전성 라인들을 형성하는 단계를 포함하는 프로브 모듈의 제조 방법.",174,False,True,explicit_or_regex_estimated
1020060105104,1020080037873,,거절,거절,프로브 모듈 및 그의 제조 방법,주식회사 미코|(주) 미코에스앤피,12,"12. 제 11 항에 있어서, 상기 시드층을 형성하는 단계는 상기 시드층을 상기 기판 상에도 형성하는 단계를 포함하고, 상기 트렌치들을 노출시키는 마스크 패턴을 상기 시드층 상에 형성하는 단계; 및상기 제 1 및 제 2 도전성 라인 형성 후에, 상기 마스크 패턴과 상기 기판 상에 잔류하는 상기 시드층을 제거하는 단계를 더 포함하는 것을 특징으로 하는 프로브 모듈의 제조 방법.",211,True,False,explicit_or_regex_estimated
1020060105104,1020080037873,,거절,거절,프로브 모듈 및 그의 제조 방법,주식회사 미코|(주) 미코에스앤피,13,"13. 제 11 항에 있어서, 상기 트렌치들 상에 절연층을 형성하는 단계를 더 포함하는 것을 특징으로 하는 프로브 모듈의 제조 방법.",74,True,False,explicit_or_regex_estimated
1020060105104,1020080037873,,거절,거절,프로브 모듈 및 그의 제조 방법,주식회사 미코|(주) 미코에스앤피,14,"14. 제 11 항에 있어서, 상기 제 1 및 제 2 도전성 라인들과 상기 기판의 표면이 동일 평면 상에 위치하도록 상기 제 1 및 제 2 도전성 라인들의 상부면들을 평탄화시키는 단계를 더 포함하는 것을 특징으로 하는 프로브 모듈의 제조 방법.",136,True,False,explicit_or_regex_estimated
1020060105104,1020080037873,,거절,거절,프로브 모듈 및 그의 제조 방법,주식회사 미코|(주) 미코에스앤피,15,"15. 제 11 항에 있어서, 상기 기판의 측부를 부분적으로 제거하여, 상기 제 1 도전성 라인의 단부들을 상기 기판으로부터 돌출시키는 단계를 더 포함하는 것을 특징으로 하는 프로브 모듈의 제조 방법.",112,True,False,explicit_or_regex_estimated
1020060105104,1020080037873,,거절,거절,프로브 모듈 및 그의 제조 방법,주식회사 미코|(주) 미코에스앤피,16,"16. 제 11 항에 있어서, 상기 제 1 도전성 라인들 상에 지지빔들을 형성하는 단계를 더 포함하는 것을 특징으로 하는 프로브 모듈의 제조 방법.",82,True,False,explicit_or_regex_estimated
1020060105122,1020080037879,,거절,거절,히터 및 이의 제조방법,주식회사 미코,1,1. 가열면을 갖는 절연 기판;상기 절연 기판 내부에 형성되어 있는 제1 발열체;상기 제1 발열체의 상부인 상기 절연 기판 내에 형성된 제2 발열체; 및상기 제1 발열체 및 상기 제2 발열체들을 직렬로 연결시키는 도전부재를 포함하는 히터.,133,False,True,explicit_or_regex_estimated
1020060105122,1020080037879,,거절,거절,히터 및 이의 제조방법,주식회사 미코,2,"2. 제 1 항에 있어서, 상기 제1 발열체 및 상기 제2 발열체들은 동심원의 판상 형상을 갖는 사행 구조로 패턴화되고, 상기 제1 발열체는 상기 절연 기판의 중심부 및 외측부분에 밀집되어 형성되고 상기 제2 발열체는 상기 절연 기판의 내측부분에 밀집되어 형성되는 것을 특징으로 하는 히터.",162,True,False,explicit_or_regex_estimated
1020060105122,1020080037879,,거절,거절,히터 및 이의 제조방법,주식회사 미코,3,"3. 제 1 항에 있어서, 상기 제1 발열체 및 상기 제2 발열체들은 동심원의 판상 형상을 갖는 사행 구조로 패턴화되고, 상기 제1 발열체는 상기 절연 기판의 전 영역 상에 형성되고 상기 제2 발열체는 상기 절연 기판의 중심부 및 외측 부분에 밀집되어 형성되는 것을 특징으로 하는 히터.",160,True,False,explicit_or_regex_estimated
1020060105122,1020080037879,,거절,거절,히터 및 이의 제조방법,주식회사 미코,4,"4. 제 1 항에 있어서, 상기 절연 기판 내에 입력 단자부가 형성되고 상기 입력 단자부는 상기 제1 발열체에 연결되는 것을 특징으로 하는 히터.",81,True,False,explicit_or_regex_estimated
1020060105122,1020080037879,,거절,거절,히터 및 이의 제조방법,주식회사 미코,5,5. 베이스 상에 제1 발열체를 형성하는 단계;상기 제1 발열체와 전기적으로 연결된 도전부재를 갖는 절연판을 상기 베이스 상에 부착하는 단계; 및상기 절연판 상에 상기 도전 부재를 통하여 상기 제1 발열체와 직렬 연결되는 제2 발열체를 형성하는 단계를 포함하는 히터의 제조 방법.,156,False,True,explicit_or_regex_estimated
1020060105122,1020080037879,,거절,거절,히터 및 이의 제조방법,주식회사 미코,6,"6. 제 6항에 있어서, 상기 절연판을 형성하는 단계는 도전 입자를 포함하는 복수매의 세라믹체를 적층하여 열압착하는 단계를 포함하는 것을 특징으로 하는 히터의 제조 방법.",95,True,False,explicit_or_regex_estimated
1020060105122,1020080037879,,거절,거절,히터 및 이의 제조방법,주식회사 미코,7,"7. 제 6 항에 있어서, 상기 제1 및 제2 발열체를 형성하는 단계는 도전 입자를 포함하는 저항 발열체 페이스트를 소정의 패턴 형상으로 스크린 인쇄법으로 형성하는 것을 특징으로 하는 히터의 제조 방법.",113,True,False,explicit_or_regex_estimated
1020060105122,1020080037879,,거절,거절,히터 및 이의 제조방법,주식회사 미코,8,"8. 제 6 항에 있어서, 상기 제1 발열체를 형성하는 단계는 상기 베이스 상에 수용홈을 형성하는 단계 및 상기 수용홈에 도전 입자를 매립하는 단계를 포함하는 것을 특징으로 하는 히터의 제조 방법.",110,True,False,explicit_or_regex_estimated
1020060105122,1020080037879,,거절,거절,히터 및 이의 제조방법,주식회사 미코,9,"9. 제 6 항에 있어서, 상기 제2 발열체를 형성하는 단계는 상기 절연판 상에 수용홈을 형성하는 단계 및 상기 수용홈에 도전 입자를 매립하는 단계를 포함하는 것을 특징으로 하는 히터의 제조 방법.",110,True,False,explicit_or_regex_estimated
1020060105122,1020080037879,,거절,거절,히터 및 이의 제조방법,주식회사 미코,10,"10. 제 6 항에 있어서, 상기 제1 발열체 및 상기 제2 발열체들은 동심원 형상을 갖는 사행 구조로 패턴화되고, 상기 제1 발열체는 상기 절연 기판의 중심부 및 외측부분에 밀집되어 형성되고 상기 제2 발열체는 상기 절연 기판의 내측부분에 밀집되어 형성되는 것을 특징으로 하는 히터.",159,True,False,explicit_or_regex_estimated
1020060105122,1020080037879,,거절,거절,히터 및 이의 제조방법,주식회사 미코,11,"11. 제 6 항에 있어서, 상기 제1 발열체 및 상기 제2 발열체들은 동심원의 판상 형상을 갖는 사행 구조로 패턴화되고, 상기 제1 발열체는 상기 절연 기판의 전 영역 상에 형성되고 상기 제2 발열체는 상기 절연 기판의 중심부 및 외측 부분에 밀집되어 형성되는 것을 특징으로 하는 히터.",161,True,False,explicit_or_regex_estimated
1020060105122,1020080037879,,거절,거절,히터 및 이의 제조방법,주식회사 미코,12,12. 가열면을 갖는 절연 기판;상기 절연 기판 내부에 층상 구조로 형성되어 있는 복수의 발열체들; 및상기 발열체들을 직렬로 연결하는 도전부재를 포함하는 것을 특징으로 하는 히터.,100,False,True,explicit_or_regex_estimated
1020060105122,1020080037879,,거절,거절,히터 및 이의 제조방법,주식회사 미코,13,"13. 제 12 항에 있어서, 상기 발열체들은 사행 구조로 패턴화되어 형성되는 것을 특징으로 하는 히터.",58,True,False,explicit_or_regex_estimated
1020060116640,,1008306240000,등록,등록,자동차 촉매 분할도포 장치 및 방법,한국유미코아촉매 유한책임회사,1,"1. 툴 지그(Tool Zig : 1), 흡입탱크(Suction Tank : 2), 송풍기(Blower : 3), 펌프(Pump : 4), 및 콘트롤 패널(Control panel : 5)로 구성된 자동차 촉매 도포장치에 있어서, 상기 흡입탱크( 2)에 투시창(sight glass) 장치(6) 와 높이조절 감지 센서(7)를 설치하여 분할도포를 가능하게 구성한 것을 특징으로 하는 자동차 촉매 분할 도포장치.",228,False,True,explicit_or_regex_estimated
1020060116640,,1008306240000,등록,등록,자동차 촉매 분할도포 장치 및 방법,한국유미코아촉매 유한책임회사,2,"2. 자동차 촉매 도포방법에 있어서, 툴 지그(Tool Zig : 1), 투시창(sight glass) 장치(6) 와 높이조절 감지 센서(7)가 설치된 흡입탱크(Suction Tank : 2), 송풍기(Blower : 3), 펌프(Pump : 4), 및 콘트롤 패널(Control panel : 5)을 포함하는 자동차 촉매 도포장치를 사용하여, 상기 투시창(Sight glass:6)을 통해 원하는 부위만큼 도포되었는지 확인하고 체크하여 원하는 부위만큼 도포되면, 상기 높이조절 감지센서(7)로 높이를 감지하여 높이를 고정하고 일정하게 분할도포가 되도록 하는 것을 특징으로 하는 자동차 촉매 분할 도포방법.",339,False,True,explicit_or_regex_estimated
1020060118032,1020080048120,1010883460000,소멸,소멸,프로브 카드,주식회사 미코,1,"1. 기판; 상기 기판 상에 형성된 범프; 지지빔과, 상기 지지빔의 일단부에 돌출된 팁부로 이루어지는 프로브; 및 제1 결합부와, 상기 제1 결합부 외측 둘레를 감싸도록 결합되는 제2 결합부로 이루어지고, 상기 범프와 상기 프로브를 전기적으로 결합시키는 결합부재를 포함하는 프로브 카드.",160,False,True,explicit_or_regex_estimated
1020060118032,1020080048120,1010883460000,소멸,소멸,프로브 카드,주식회사 미코,2,"2. 제 1 항에 있어서, 상기 제1 결합부와 제2 결합부는 서로 억지끼워맞춤 결합되도록 형성된 것을 특징으로 하는 프로브 카드.",72,True,False,explicit_or_regex_estimated
1020060118032,1020080048120,1010883460000,소멸,소멸,프로브 카드,주식회사 미코,3,"3. 제 1 항에 있어서, 상기 제1 결합부와 제2 결합부 사이에는 솔더 페이스트(solder paste)가 개재되는 것을 특징으로 하는 프로브 카드.",84,True,False,explicit_or_regex_estimated
1020060118032,1020080048120,1010883460000,소멸,소멸,프로브 카드,주식회사 미코,4,"4. 제 1 항에 있어서, 상기 제1 결합부는 상기 범프 상에 형성되고, 상기 제2 결합부는 상기 지지빔에서 상기 팁부의 반대쪽 단부에 형성되는 것을 특징으로 하는 프로브 카드.",99,True,False,explicit_or_regex_estimated
1020060118032,1020080048120,1010883460000,소멸,소멸,프로브 카드,주식회사 미코,5,"5. 제 1 항에 있어서, 상기 제1 결합부는 상기 지지빔에서 상기 팁부와 반대쪽 단부에 형성되고, 상기 제2 결합부는 상기 범프 상에 형성되는 것을 특징으로 하는 프로브 카드.",99,True,False,explicit_or_regex_estimated
1020060118032,1020080048120,1010883460000,소멸,소멸,프로브 카드,주식회사 미코,6,"6. 제 1 항에 있어서, 상기 제2 결합부는 상기 제1 결합부의 외측 둘레와 대응되는 크기의 중공부를 갖는 중공형 기둥으로 형성되는 것을 특징으로 하는 프로브 카드.",93,True,False,explicit_or_regex_estimated
1020060118032,1020080048120,1010883460000,소멸,소멸,프로브 카드,주식회사 미코,7,"7. 기판; 지지빔과, 상기 지지빔의 일단부에 돌출된 팁부로 이루어지는 프로브; 및 상기 기판 상에 형성된 제1 결합부와, 상기 제1 결합부에 결합되고 상기 제1 결합부 외측 둘레를 감싸는 형상을 갖는 제2 결합부를 갖는 결합부재를 포함하는 프로브 카드.",142,False,True,explicit_or_regex_estimated
1020060118032,1020080048120,1010883460000,소멸,소멸,프로브 카드,주식회사 미코,8,"8. 제 7 항에 있어서, 상기 제1 결합부와 상기 제2 결합부는 서로 억지끼워맞춤 방식으로 결합되도록 형성된 것을 특징으로 하는 프로브 카드.",80,True,False,explicit_or_regex_estimated
1020060118032,1020080048120,1010883460000,소멸,소멸,프로브 카드,주식회사 미코,9,"9. 제 7 항에 있어서, 상기 제1 결합부는 상기 기판에 형성된 요부 내부에서 돌출되도록 형성된 것을 특징으로 하는 프로브 카드.",73,True,False,explicit_or_regex_estimated
1020060118032,1020080048120,1010883460000,소멸,소멸,프로브 카드,주식회사 미코,10,"10. 제 8 항에 있어서, 상기 제2 결합부는 상기 제1 결합부의 외측 둘레와 대응되는 크기의 중공부를 갖는 중공형 기둥으로 형성되는 것을 특징으로 하는 프로브 카드.",94,True,False,explicit_or_regex_estimated
1020060118032,1020080048120,1010883460000,소멸,소멸,프로브 카드,주식회사 미코,11,"11. 제 7 항에 있어서, 상기 제1 결합부와 제2 결합부 사이에는 솔더 페이스트가 개재되는 것을 특징으로 하는 프로브 카드.",71,True,False,explicit_or_regex_estimated
1020067010589,1020060122878,1011604770000,소멸,소멸,대너 파이프,우미코레 아게 운트 코 카게,1,"1. 유리 튜브 또는 유리 막대를 생산하기 위한 맨드릴(mandrel)(42)로서, 백금 그룹 재료로 제조된 자체-지지 금속 재료 재킷(22)을 포함하며,상기 맨드릴(42)은 길이방향축(X)을 따라서 축 방향으로 대칭이며, 상기 축 주위로 맨드릴을 회전시키기 위해 구성된 고정 베어링을 전방단부에 구비하고 플로팅 베어링을 후방단부에 구비하며, 상기 맨드릴(42)은 가스를 송풍하기 위한 내부채널을 제공하며 유리튜브의 내부면을 적어도 하나의 가스로 처리하도록 하는 맨드릴.",263,False,True,explicit_or_regex_estimated
1020067010589,1020060122878,1011604770000,소멸,소멸,대너 파이프,우미코레 아게 운트 코 카게,2,"2. 제 1 항에 있어서, 상기 자체-지지 금속 재킷(22)은 외벽 및 내부 자체-지지 구조물을 포함하는 맨드릴.",63,True,False,explicit_or_regex_estimated
1020067010589,1020060122878,1011604770000,소멸,소멸,대너 파이프,우미코레 아게 운트 코 카게,3,"3. 제 2 항에 있어서, 상기 내부 자체-지지 구조물은 적어도 하나의 지지 스트럿(strut)을 포함하는 맨드릴.",64,True,False,explicit_or_regex_estimated
1020067010589,1020060122878,1011604770000,소멸,소멸,대너 파이프,우미코레 아게 운트 코 카게,4,"4. 제 2 항에 있어서, 상기 내부 자체-지지 구조물은 적어도 하나의 트러스트(thrust) 또는 환형 링(21)을 포함하는 맨드릴.",75,True,False,explicit_or_regex_estimated
1020067010589,1020060122878,1011604770000,소멸,소멸,대너 파이프,우미코레 아게 운트 코 카게,5,"5. 제 2 항에 있어서, 상기 내부 지지 구조물은 상기 외벽의 금속 재료와 실질적으로 유사한 금속 재료로 만들어진 엠보싱된 또는 주름형성된 판(7)인, 맨드릴.",90,True,False,explicit_or_regex_estimated
1020067010589,1020060122878,1011604770000,소멸,소멸,대너 파이프,우미코레 아게 운트 코 카게,16,"16. 제 1 항 내지 제 5 항 중 어느 한 항에 있어서, 상기 맨드릴(42)은 대너 블로우 파이프 튜브(Danner blowpipe/tube) 또는 대너 슬리브(Danner sleeve)인, 맨드릴.",113,True,False,explicit_or_regex_estimated
1020067010589,1020060122878,1011604770000,소멸,소멸,대너 파이프,우미코레 아게 운트 코 카게,19,"19. 제 16 항에 있어서, 상기 금속 재료는 백금 합금을 포함하는 맨드릴.",43,True,False,explicit_or_regex_estimated
1020067010589,1020060122878,1011604770000,소멸,소멸,대너 파이프,우미코레 아게 운트 코 카게,20,"20. 제 19 항에 있어서, 상기 금속 재료는 산화물 분산 강화(ODS) 백금 합금을 포함하는 맨드릴.",58,True,False,explicit_or_regex_estimated
1020067010589,1020060122878,1011604770000,소멸,소멸,대너 파이프,우미코레 아게 운트 코 카게,21,"21. 제 20 항에 있어서, 상기 금속 재료는 0.1 내지 0.5 중량%를 갖는, 지르코늄 산화물, 이트륨 산화물, 또는 지르코늄 산화물 및 이트륨 산화물을 포함하는 맨드릴.",98,True,False,explicit_or_regex_estimated
1020067010589,1020060122878,1011604770000,소멸,소멸,대너 파이프,우미코레 아게 운트 코 카게,22,"22. 제 21 항에 있어서, 상기 금속 재료 재킷은 생산되는 튜브의 내부면과 접촉후 이형되어 내부면에 코팅을 형성하기 위해 내부면 상에 축적되는 코팅을 포함하는 맨드릴.",95,True,False,explicit_or_regex_estimated
1020067010589,1020060122878,1011604770000,소멸,소멸,대너 파이프,우미코레 아게 운트 코 카게,23,"23. 제 22 항에 있어서, 상기 맨드릴(42)은 유리 재료의 유동 방향에 대하여 전방 단부 및 후방 단부를 갖고, 상기 후방 단부로부터 상기 전방 단부로의 직경이 균일하게 원추형이거나 또는 감소하는 맨드릴.",117,True,False,explicit_or_regex_estimated
1020067010589,1020060122878,1011604770000,소멸,소멸,대너 파이프,우미코레 아게 운트 코 카게,27,"27. 제 23 항에 따른 대너 블로우 튜브를 이용하여 유리 막대 또는 유리 튜브를 생산하기 위한 시스템으로서, 유리 필름을 형성하기 위해 상기 후방단부에서 상기 맨드릴의 표면으로 상기 맨드릴의 후방 단부와 전방 단부 사이의 온도 기울기가 300 내지 400K의 범위에 있는 온도에서 유리의 유동을 분배하기 위한 노즐을 더욱 포함하고, 상기 유리필름은 튜브의 형태로 상기 전방 단부에서 제거되거나 인출되는 시스템.",231,False,True,explicit_or_regex_estimated
1020067023758,1020070007929,1012694940000,소멸,소멸,다층 막-전극-어셈블리(ML-MEA) 및 이의 제조방법,우미코레 아게 운트 코 카게,1,"1. 전기화학 전지에 사용하기 위한 다층 막-전극-어셈블리(ML-MEA)로서,- 제1 전기 전도성 양극판(bipolar plate)(6a),- 제2 전기 전도성 양극판(6b),- 상기 제1 양극판과 상기 제2 양극판 사이에 위치한 막-전극-어셈블리(MEA)를 포함하고, 상기 막-전극-어셈블리(ML-MEA)가 전면 및 후면을 갖는 이오노머 막(1), 2개의 전극 층(2), 2개의 보호 필름 층(3) 및 이오노머 막(1)의 전면 및 후면에 부착된 2개의 기체 확산 층(4)을 포함하며, 상기 제1 양극판(6a), 상기 제2 양극판(6b) 및 막-전극-어셈블리[(1)-(4)]가 접착재(5)에 의해 함께 접착되어 있고, 상기 접착재(5)가 상기 보호 필름 층(3) 및 상기 양극판(6a, 6b)과 직접 접촉하여 상기 보호 필름 층(3)이 상기 전극 층(2)과 겹쳐지도록 상기 보호 필름 층(3)의 프레임이 상기 이오노머 막(1)의 각각의 면에 부착되는, 다층 막-전극-어셈블리(ML-MEA).",498,False,True,explicit_or_regex_estimated
1020067023758,1020070007929,1012694940000,소멸,소멸,다층 막-전극-어셈블리(ML-MEA) 및 이의 제조방법,우미코레 아게 운트 코 카게,2,"2. 제1항에 있어서, 상기 보호 필름 층(3)이 추가적으로 상기 전극 층(2)을 관통하는, 다층 막-전극-어셈블리(ML-MEA).",73,True,False,explicit_or_regex_estimated
1020067023758,1020070007929,1012694940000,소멸,소멸,다층 막-전극-어셈블리(ML-MEA) 및 이의 제조방법,우미코레 아게 운트 코 카게,3,"3. 제1항에 있어서, 상기 접착재(5)가 상기 이오노머 막(1)과 직접 접촉하지 않는, 다층 막-전극-어셈블리(ML-MEA).",71,True,False,explicit_or_regex_estimated
1020067023758,1020070007929,1012694940000,소멸,소멸,다층 막-전극-어셈블리(ML-MEA) 및 이의 제조방법,우미코레 아게 운트 코 카게,4,"4. 제1항에 있어서, 상기 접착재(5)가 전기 절연성 폴리우레탄 시스템을 포함하는, 다층 막-전극-어셈블리(ML-MEA).",69,True,False,explicit_or_regex_estimated
1020067023758,1020070007929,1012694940000,소멸,소멸,다층 막-전극-어셈블리(ML-MEA) 및 이의 제조방법,우미코레 아게 운트 코 카게,5,"5. 제1항에 있어서, 상기 보호 필름 층(3)이 폴리테트라플루오로에틸렌, PVDF, 폴리에틸렌, 폴리프로필렌, 폴리에스테르, 폴리아미드, 코-폴리아미드, 폴리아미드 탄성중합체, 폴리이미드, 폴리우레탄, 폴리우레탄 탄성중합체, 실리콘, 실리콘 고무, 규소계 탄성중합체 및 이의 혼합물 또는 복합물을 포함하는, 다층 막-전극-어셈블리(ML-MEA).",194,True,False,explicit_or_regex_estimated
1020067023758,1020070007929,1012694940000,소멸,소멸,다층 막-전극-어셈블리(ML-MEA) 및 이의 제조방법,우미코레 아게 운트 코 카게,6,"6. 제1항에 있어서, 상기 보호 필름 층(3)이 폴리우레탄 또는 폴리우레탄 탄성중합체 시스템을 포함하는, 다층 막-전극-어셈블리(ML-MEA).",81,True,False,explicit_or_regex_estimated
1020067023758,1020070007929,1012694940000,소멸,소멸,다층 막-전극-어셈블리(ML-MEA) 및 이의 제조방법,우미코레 아게 운트 코 카게,7,"7. 제1항에 있어서, 경화 후의 상기 접착재(5)의 층 두께가 100 내지 500μ의 범위인, 다층 막-전극-어셈블리(ML-MEA).",75,True,False,explicit_or_regex_estimated
1020067023758,1020070007929,1012694940000,소멸,소멸,다층 막-전극-어셈블리(ML-MEA) 및 이의 제조방법,우미코레 아게 운트 코 카게,8,"8. 제1항에 있어서, 경화 후의 상기 접착재(5)의 층 두께가 100 내지 250μ의 범위인, 다층 막-전극-어셈블리(ML-MEA).",75,True,False,explicit_or_regex_estimated
1020067023758,1020070007929,1012694940000,소멸,소멸,다층 막-전극-어셈블리(ML-MEA) 및 이의 제조방법,우미코레 아게 운트 코 카게,9,"9. 제1항에 있어서, 상기 제1 전기 전도성 양극판(6a) 및 상기 제2 전기 전도성 양극판(6b)이 흑연, 흑연화 탄소, 흑연 복합물, 금속 또는 금속 복합 재료로 제조되는, 다층 막-전극-어셈블리(ML-MEA).",121,True,False,explicit_or_regex_estimated
1020067023758,1020070007929,1012694940000,소멸,소멸,다층 막-전극-어셈블리(ML-MEA) 및 이의 제조방법,우미코레 아게 운트 코 카게,10,"10. 제1항에 있어서, 상기 이오노머 막(1)이 양자 전도성 중합체 재료로 이루어지는, 다층 막-전극-어셈블리(ML-MEA).",71,True,False,explicit_or_regex_estimated
1020067023758,1020070007929,1012694940000,소멸,소멸,다층 막-전극-어셈블리(ML-MEA) 및 이의 제조방법,우미코레 아게 운트 코 카게,11,"11. 접착재(5)의 부착물을 양극판(6a, 6b) 위에 도포하는 단계(a),전면 및 후면을 갖는 이오노머 막(1), 2개의 전극 층(2), 2개의 보호 필름 층(3) 및 이오노머 막(1)의 전면 및 후면에 부착된 2개의 기체 확산 층(4)을 포함하는 막-전극-어셈블리를, 접착재(5)의 부착물을 포함하는 양극판(6a, 6b) 사이에 위치시키는 단계(b) 및접착재(5)를 경화시키면서 양극판(6a, 6b) 및 막-전극 어셈블리의 단위를 형성하는 단계(c)를 포함하는, 제1항에 따르는 다층 막-전극-어셈블리(ML-MEA)의 제조방법.",298,False,True,explicit_or_regex_estimated
1020067023758,1020070007929,1012694940000,소멸,소멸,다층 막-전극-어셈블리(ML-MEA) 및 이의 제조방법,우미코레 아게 운트 코 카게,12,"12. 접착재(5) 부착물을 보호 필름 층(3) 위에 적용하는 단계(a),전면 및 후면을 갖는 이오노머 막(1), 2개의 전극 층(2), 접착재(5)의 부착물을 포함한 2개의 보호 필름 층(3) 및 상기 이오노머 막(1)의 전면 및 후면에 부착된 2개의 기체 확산 층(4)을 포함하는 막-전극-어셈블리를 양극판(6a, 6b) 사이에 위치시키는 단계(b) 및상기 접착재(5)를 경화시키면서 상기 양극판(6a, 6b) 및 막-전극 어셈블리의 단위를 형성하는 단계(c)를 포함하는, 제1항에 따르는 다층 막-전극-어셈블리(ML-MEA)의 제조방법.",303,False,True,explicit_or_regex_estimated
1020067023758,1020070007929,1012694940000,소멸,소멸,다층 막-전극-어셈블리(ML-MEA) 및 이의 제조방법,우미코레 아게 운트 코 카게,13,"13. 제11항 또는 제12항에 있어서, 상기 접착재(5)가 상기 양극판(6a, 6b) 및 상기 보호 필름 층(3)에 도포되는, 다층 막-전극-어셈블리(ML-MEA)의 제조방법.",99,True,False,explicit_or_regex_estimated
1020067023758,1020070007929,1012694940000,소멸,소멸,다층 막-전극-어셈블리(ML-MEA) 및 이의 제조방법,우미코레 아게 운트 코 카게,14,"14. 제11항 또는 제12항에 있어서, 상기 접착재(5)의 경화가 열 및 압력을 적용하여 수행되는, 다층 막-전극-어셈블리(ML-MEA)의 제조방법.",84,True,False,explicit_or_regex_estimated
1020067023758,1020070007929,1012694940000,소멸,소멸,다층 막-전극-어셈블리(ML-MEA) 및 이의 제조방법,우미코레 아게 운트 코 카게,15,"15. 제11항에 있어서, 상기 접착재(5)를 양극판, 보호 필름 층, 또는 양극판 및 보호 필름 층 모두에 도포하는 공정이 최종 어셈블리의 경화된 접착제의 층 두께를 조절하는 2단계의 접착제 도포 및 경화 공정을 포함하는, 다층 막-전극-어셈블리(ML-MEA)의 제조방법.",153,True,False,explicit_or_regex_estimated
1020067023758,1020070007929,1012694940000,소멸,소멸,다층 막-전극-어셈블리(ML-MEA) 및 이의 제조방법,우미코레 아게 운트 코 카게,16,"16. 제1항 내지 제10항 중의 어느 한 항에 있어서, 상기 다층 막-전극-어셈블리(ML-MEA)가 중합체-전해질-막 연료 전지(PEMFC) 및 직접 메탄올 연료 전지(DMFC) 스택(stack)을 제조하기 위해 사용되는, 다층 막-전극-어셈블리(ML-MEA).",147,True,False,explicit_or_regex_estimated
1020070043682,1020080098246,1014416130000,등록,등록,재조합 대장균을 이용한 라이코펜 생산 방법,아미코젠주식회사,1,"1. 라이코펜 생합성 관련 유전자인 crtE, crtB, crtI와 함께 mvaK1, mvaD, mvaK2, mvaE, mvaS 및 idi를 포함하되, 상기 유전자 crtE, crtB 및 crtI 중 적어도 하나는 서열번호 1의 염기서열을 갖는 crtE, 서열번호 3의 염기 서열을 갖는 crtB, 및 서열번호 5의 염기서열을 갖는 crtI 로 구성되는 그룹으로부터 선택된 유전자인 것을 특징으로 하는 재조합 벡터를 제조하는 단계;상기 재조합 벡터를 대장균에 형질도입하는 단계; 및형질도입된 대장균 형질전환체를 배양하여 그 배양액으로부터 라이코펜을 회수하는 단계를 포함하는 라이코펜의 생산 방법.",333,False,True,explicit_or_regex_estimated
1020070043682,1020080098246,1014416130000,등록,등록,재조합 대장균을 이용한 라이코펜 생산 방법,아미코젠주식회사,3,"3. 제 1항에 있어서, 재조합 벡터는 crtE, crtB, crtI, mvaK1, mvaD, mvaK2, mvaE, mvaS 및 idi로 구성된 그룹으로부터 선택된 최소 하나의 유전자를 포함하는 적어도 한 개 이상의 별도의 벡터로 제조되며, 상기 별도의 재조합 벡터들에 포함된 유전자를 조합하면 crtE, crtB, crtI, mvaK1, mvaD, mvaK2, mvaE, mvaS 및 idi가 모두 포함되는 것을 특징으로 하는 라이코펜의 생산 방법.",253,True,False,explicit_or_regex_estimated
1020070043682,1020080098246,1014416130000,등록,등록,재조합 대장균을 이용한 라이코펜 생산 방법,아미코젠주식회사,4,"4. 제 3항에 있어서, 상기 mvaK1, mvaD, mvaK2, mvaE 및 mvaS 유전자와 crtE, crtB, crtI 및 idi 유전자를 포함하는 각각의 재조합 벡터를 제조한 후 대장균에 형질도입하는 것을 특징으로 하는 라이코펜의 생산 방법.",140,True,False,explicit_or_regex_estimated
1020070043682,1020080098246,1014416130000,등록,등록,재조합 대장균을 이용한 라이코펜 생산 방법,아미코젠주식회사,5,"5. 제 4항에 있어서, crtE, crtB, crtI 및 idi 유전자를 포함하는 상기 재조합 벡터는 서열번호 7로 표시되는 염기서열을 갖는 crtE 유전자, 서열번호 3으로 표시되는 염기서열을 갖는 crtB 유전자, 서열번호 5로 표시되는 염기서열을 갖는 crtI 유전자 및 대장균의 idi 유전자를 포함하여 구성되는 것을 특징으로 하는 라이코펜의 생산 방법.",203,True,False,explicit_or_regex_estimated
1020070043682,1020080098246,1014416130000,등록,등록,재조합 대장균을 이용한 라이코펜 생산 방법,아미코젠주식회사,6,"6. 제 4항에 있어서, crtE, crtB, crtI 및 idi 유전자를 포함하는 상기 재조합 벡터는 서열번호 8로 표시되는 염기서열을 갖는 crtE 유전자, 서열번호 3으로 표시되는 염기서열을 갖는 crtB 유전자, 서열번호 5로 표시되는 염기서열을 갖는 crtI 유전자 및 대장균의 idi 유전자를 포함하여 구성되는 것을 특징으로 하는 라이코펜의 생산 방법.",203,True,False,explicit_or_regex_estimated
1020070043682,1020080098246,1014416130000,등록,등록,재조합 대장균을 이용한 라이코펜 생산 방법,아미코젠주식회사,7,"7. 제 4항에 있어서, crtE, crtB, crtI 및 idi 유전자를 포함하는 상기 재조합 벡터는 에르위니아 하이르비콜라(Erwinia herbicola)에서 유래된 crtE 유전자, 서열번호 3으로 표시되는 염기서열을 갖는 crtB 유전자, 서열번호 5로 표시되는 염기서열을 갖는 crtI 유전자 및 대장균의 idi 유전자를 포함하여 구성되는 것을 특징으로 하는 라이코펜의 생산 방법.",219,True,False,explicit_or_regex_estimated
1020070043682,1020080098246,1014416130000,등록,등록,재조합 대장균을 이용한 라이코펜 생산 방법,아미코젠주식회사,8,"8. 제 1항에 있어서, 상기 crtB 및 crtI 유전자는 각각 서열번호 3 및 5로 표시되는 염기서열을 가지며, 상기 crtE 유전자는 서열번호 7 또는 서열번호 8로 표시되는 염기서열을 갖거나 에르위니아 하이르비콜라(Erwinia herbicola)에서 유래된 것을 특징으로 하는 라이코펜의 생산 방법.",172,True,False,explicit_or_regex_estimated
1020070043682,1020080098246,1014416130000,등록,등록,재조합 대장균을 이용한 라이코펜 생산 방법,아미코젠주식회사,9,"9. 제 1항 및 제 3항 내지 제 8항 중 어느 한 항에 있어서, 상기 형질전환체는 배양 온도 25-35℃, 멸균 전 배양액의 pH는 7.0-7.5, 교반속도 200-1,000rpm, 그리고 용존산소의 농도 20-30%가 유지되는 배양 조건하에서 배양되는 것을 특징으로 하는 라이코펜의 생산 방법.",167,True,False,explicit_or_regex_estimated
1020070043682,1020080098246,1014416130000,등록,등록,재조합 대장균을 이용한 라이코펜 생산 방법,아미코젠주식회사,10,"10. 제 1항 및 제 3항 내지 제 8항 중 어느 한 항에 있어서, 상기 형질전환체를 유가식 배양 방법으로 배양함으로써 라이코펜을 대량으로 생산하는 것을 특징으로 하는 라이코펜의 생산 방법.",107,True,False,explicit_or_regex_estimated
1020070073572,,1008797950000,등록,등록,프로브 카드의 니들 팁 형성 방법,(주)미코엠에스티,1,"1. 제 1 실리콘 웨이퍼를 ICP를 이용한 건식 식각 공정으로 선택적으로 식각하여 팁 형성 제 1 영역을 정의하는 단계;상기 팁 형성 제 1 영역을 갖는 제 1 실리콘 웨이퍼에 제 2 실리콘 웨이퍼를 접합하는 단계;상기 팁 형성 제 1 영역상의 제 2 실리콘 웨이퍼를 ICP를 이용한 건식 식각 공정으로 선택적으로 식각하여 팁 형성 제 2 영역을 정의하는 단계;상기 팁 형성 제 1,2 영역내에 금속 성장층을 형성하여 니들 팁 구조물을 형성하는 단계;를 포함하는 것을 특징으로 하는 프로브 카드의 니들 팁 형성 방법.",290,False,True,explicit_or_regex_estimated
1020070073572,,1008797950000,등록,등록,프로브 카드의 니들 팁 형성 방법,(주)미코엠에스티,2,"2. 제 1 항에 있어서,팁 형성 제 1 영역은 제 1 실리콘 웨이퍼를 ICP를 이용한 건식 식각 공정으로 서로 다른 식각 조건으로 식각하여 형성되는 팁 중간 영역과 팁 중간 영역에서 연속되는 팁 끝단 영역으로 이루어지고,팁 형성 제 2 영역은 니들 팁의 기둥 역할을 하는 팁 기둥 영역이고 팁 기둥 영역은 팁 중간 영역에서 연속되는 것을 특징으로 하는 프로브 카드의 니들 팁 형성 방법.",217,True,False,explicit_or_regex_estimated
1020070073572,,1008797950000,등록,등록,프로브 카드의 니들 팁 형성 방법,(주)미코엠에스티,3,"3. 제 2 항에 있어서, 팁 끝단 영역은 팁 중간 영역보다 작은 면적으로 형성되고, 팁 끝단 영역과 팁 기둥 영역은 동일 형상의 다른 면적으로 형성되는 것을 특징으로 하는 특징으로 하는 프로브 카드의 니들 팁 형성 방법.",124,True,False,explicit_or_regex_estimated
1020070073572,,1008797950000,등록,등록,프로브 카드의 니들 팁 형성 방법,(주)미코엠에스티,4,"4. 제 2 항에 있어서, 팁 끝단 영역을 정의하기 위하여,제 1 실리콘 웨이퍼상에 제 1 포토레지스트 패턴을 형성하는 단계와,상기 제 1 포토레지스트 패턴을 마스크로 제 1 실리콘 웨이퍼를 ICP를 이용한 건식 식각 공정으로 선택적으로 식각하여 팁 중간 영역을 정의하는 단계와, 상기 제 1 포토레지스트 패턴을 마스크로 팁 중간 영역이 형성된 제 1 실리콘 웨이퍼를 ICP를 이용한 건식 식각 공정으로 선택적으로 식각하여 니들 팁의 끝단 형성 영역을 정의하는 단계를 포함하는 것을 특징으로 하는 프로브 카드의 니들 팁 형성 방법.",297,True,False,explicit_or_regex_estimated
1020070073572,,1008797950000,등록,등록,프로브 카드의 니들 팁 형성 방법,(주)미코엠에스티,6,"6. 제 2 항에 있어서, 팁 끝단 영역을 형성하는 식각 공정에서,식각 깊이에 따라 팁 끝단의 형성 높이가 결정되는 것을 특징으로 하는 프로브 카드의 니들 팁 형성 방법.",95,True,False,explicit_or_regex_estimated
1020070073572,,1008797950000,등록,등록,프로브 카드의 니들 팁 형성 방법,(주)미코엠에스티,7,"7. 제 1 항 또는 제 2 항에 있어서, 팁 형성 제 2 영역을 형성하는 단계에서,제 1 실리콘 웨이퍼에 제 2 실리콘 웨이퍼를 접합하고, 접합된 제 2 실리콘 웨이퍼를 가공하여 제 2 실리콘 웨이퍼의 두께를 조정하여 팁 형성 제 2 영역의 높이를 결정하는 것을 특징으로 하는 프로브 카드의 니들 팁 형성 방법.",175,True,False,explicit_or_regex_estimated
1020070073572,,1008797950000,등록,등록,프로브 카드의 니들 팁 형성 방법,(주)미코엠에스티,8,"8. 제 1 항 또는 제 2 항에 있어서, 팁 형성 제 2 영역을 형성하기 위하여,접합된 제 2 실리콘 웨이퍼상에 제 2 포토레지스트 패턴을 형성하고, 제 2 포토레지스트 패턴을 마스크로 노출된 제 2 실리콘 웨이퍼를 ICP(inductively coupled plasma)를 이용한 건식 식각 공정으로 식각하는 것을 특징으로 하는 프로브 카드의 니들 팁 형성 방법.",205,True,False,explicit_or_regex_estimated
1020070073572,,1008797950000,등록,등록,프로브 카드의 니들 팁 형성 방법,(주)미코엠에스티,9,"9. 제 1 항에 있어서, 팁 형성 제 1,2 영역내에 금속 성장층을 형성하여 니들 팁 구조물을 형성하는 단계에서,팁 형성 제 1,2 영역을 포함하는 전면에 씨드 금속층을 증착하는 단계와,상기 씨드 금속층상에 팁 형성 제 1,2 영역이 오픈되는 제 3 포토레지스트 패턴을 형성하는 단계와,상기 제 3 포토레지스트 패턴을 마스크로한 씨드 금속층을 이용한 금속 성장 공정으로 팁 형성 제 1,2 영역내에 성장 금속층을 형성하는 단계와,상기 성장 금속층의 표면 거칠기를 제어하고 표면 보호를 위한 표면 보호층을 형성하는 단계를 포함하는 것을 특징으로 하는 프로브 카드의 니들 팁 형성 방법.",327,True,False,explicit_or_regex_estimated
1020070073572,,1008797950000,등록,등록,프로브 카드의 니들 팁 형성 방법,(주)미코엠에스티,10,"10. 제 9 항에 있어서, 씨드 금속층을 Ti/Cu의 적층 구조로 형성하고, 전해 도금(electro plating) 방법으로 금속 성장 공정을 진행하는 것을 특징으로 하는 프로브 카드의 니들 팁 형성 방법.",117,True,False,explicit_or_regex_estimated
1020070073572,,1008797950000,등록,등록,프로브 카드의 니들 팁 형성 방법,(주)미코엠에스티,11,"11. 제 9 항에 있어서, 표면 보호층을 Au를 이용한 전해 도금 방법을 사용하여 형성하는 것을 특징으로 하는 프로브 카드의 니들 팁 형성 방법.",82,True,False,explicit_or_regex_estimated
1020070073572,,1008797950000,등록,등록,프로브 카드의 니들 팁 형성 방법,(주)미코엠에스티,12,"12. 제 9 항에 있어서, 니들 팁 구조물을 하부 기판과의 접합을 하기 위하여,상기 팁 구조물의 영역위에 제 4 포토레지스트 패턴을 형성하는 단계와, 전면에 하부 기판과의 접합을 위한 제 1,2 본딩용 금속층을 차례로 증착하는 단계와,상기 제 3 포토레지스트 패턴 및 제 4 포토레지스트 패턴상의 제 1,2 본딩용 금속층을 제거하고, 팁 형성 영역을 제외한 부분에 잔류하는 씨드 금속층을 제거하는 단계를 더 포함하는 것을 특징으로 하는 프로브 카드의 니들 팁 형성 방법.",264,True,False,explicit_or_regex_estimated
1020070077652,1020090013482,,거절,거절,플라즈마 식각 장치,주식회사 미코,1,"1. 챔버와;상기 챔버 내부에 구비되어 상기 챔버 내부로 인입된 기판이 안착되는 기판 지지부와;상기 기판 지지부의 상측에 대향 배치되고, 플라즈마 발생을 억제하는 차폐부와;상기 기판의 에지 영역을 둘러싸고, 플라즈마 형성을 위한 전원을 인가하는 전극부와;상기 전극부를 승강시키는 승강수단을 포함하는 플라즈마 식각 장치.",178,False,True,explicit_or_regex_estimated
1020070077652,1020090013482,,거절,거절,플라즈마 식각 장치,주식회사 미코,2,"2. 제 1항에 있어서, 상기 승강수단은 상기 전극부와 연결되는 승강체와;상기 승강체를 승강시키는 승강 구동부로 구성되는 것을 특징으로 하는 플라즈마 식각 장치.",90,True,False,explicit_or_regex_estimated
1020070077652,1020090013482,,거절,거절,플라즈마 식각 장치,주식회사 미코,3,"3. 제 2항에 있어서, 상기 승강체는상기 전극부와 연결되는 링 형상의 승강몸체와;상기 승강몸체에서 돌출형성되고, 상기 승강 구동부에 연결되어 승강되는 승강로드로 구성되는 것을 특징으로 하는 플라즈마 식각 장치.",118,True,False,explicit_or_regex_estimated
1020070077652,1020090013482,,거절,거절,플라즈마 식각 장치,주식회사 미코,4,"4. 제 1항 내지 제 3항 중 어느 한 항에 있어서,상기 전극부는 적어도 일단으로 구성되는 링 형상의 전극을 포함하는 것을 특징으로 하는 플라즈마 식각 장치.",89,True,False,explicit_or_regex_estimated
1020070077652,1020090013482,,거절,거절,플라즈마 식각 장치,주식회사 미코,5,"5. 제 4항에 있어서,상기 전극은 복수개가 구비되어 복수의 단으로 구성되고, 상기 복수개의 전극은 서로 등간격으로 이격되어 상하로 배치되는 것을 특징으로 하는 플라즈마 식각 장치.",101,True,False,explicit_or_regex_estimated
1020070077652,1020090013482,,거절,거절,플라즈마 식각 장치,주식회사 미코,6,"6. 제 5항에 있어서,상기 복수개의 전극은 동일한 중심을 갖고, 동일한 직경으로 구성되는 것을 특징으로 하는 플라즈마 식각 장치.",73,True,False,explicit_or_regex_estimated
1020070077652,1020090013482,,거절,거절,플라즈마 식각 장치,주식회사 미코,7,"7. 제 5항에 있어서,상기 복수개의 전극은 동일한 중심을 갖고, 서로 다른 직경으로 구성되는 것을 특징으로 하는 플라즈마 식각 장치.",75,True,False,explicit_or_regex_estimated
1020070077652,1020090013482,,거절,거절,플라즈마 식각 장치,주식회사 미코,8,"8. 제 4항에 있어서,상기 전극은 복수개가 구비되어 복수의 단으로 구성되고, 상기 복수개의 전극은 서로 다른 간격으로 이격되어 상하로 배치되는 것을 특징으로 하는 플라즈마 식각 장치.",103,True,False,explicit_or_regex_estimated
1020070077652,1020090013482,,거절,거절,플라즈마 식각 장치,주식회사 미코,9,"9. 제 8항에 있어서,상기 복수개의 전극은 동일한 중심을 갖고, 동일한 직경으로 구성되는 것을 특징으로 하는 플라즈마 식각 장치.",73,True,False,explicit_or_regex_estimated
1020070077652,1020090013482,,거절,거절,플라즈마 식각 장치,주식회사 미코,10,"10. 제 8항에 있어서,상기 복수개의 전극은 동일한 중심을 갖고, 서로 다른 직경으로 구성되는 것을 특징으로 하는 플라즈마 식각 장치.",76,True,False,explicit_or_regex_estimated
1020070077652,1020090013482,,거절,거절,플라즈마 식각 장치,주식회사 미코,11,"11. 제 1항에 있어서,상기 챔버에는 그 내부에서 상기 전극부가 승강되는 공간을 구획하는 실드부가 더 구비되는 것을 특징으로 하는 플라즈마 식각 장치.",85,True,False,explicit_or_regex_estimated
1020070077652,1020090013482,,거절,거절,플라즈마 식각 장치,주식회사 미코,12,"12. 제 11항에 있어서,상기 실드부는 상기 챔버의 상부벽에서 측벽으로 연장된 링 형상으로 마련되는 것을 특징으로 하는 플라즈마 식각 장치.",79,True,False,explicit_or_regex_estimated
1020070084418,1020090020031,1009826490000,등록,등록,"용사 코팅 방법, 이를 이용한 정전척 제조 방법 및 정전척",주식회사 미코,6,"6. 상부면이 중력의 방향인 제1 방향, 상기 제1 방향과 수직한 제2 방향 또는 상기 제1 방향과 상기 제2 방향 사이의 방향을 향하도록 몸체를 배치하고, 용융된 유전 물질(dielectric material)을 상기 몸체의 상부면을 향해 분사하여 상기 몸체의 상부면에 제1 유전층을 형성하는 단계; 상기 제1 유전층의 상부면 일부 영역에 정전기력을 발생시키기 위한 전원이 인가되는 전극을 형성하는 단계; 및 상기 제1 유전층 및 상기 전극이 형성된 상기 상부면이 중력의 반대 방향인 제3 방향 또는 상기 제3 방향과 수직한 방향의 사이 방향을 향하도록 상기 몸체를 배치하고, 용융된 유전 물질을 상기 제1 유전층 및 상기 전극을 향해 분사하여 상기 제1 유전층의 상부면 나머지 영역 및 상기 전극 상에 기판을 지지하는 제2 유전층을 형성하는 단계를 포함하는 것을 특징으로 하는 정전척 제조 방법.",447,False,True,explicit_or_regex_estimated
1020070084418,1020090020031,1009826490000,등록,등록,"용사 코팅 방법, 이를 이용한 정전척 제조 방법 및 정전척",주식회사 미코,9,"9. 제6 항에 있어서, 상기 제1 유전체가 갖는 제1 기공율과 상기 제2 유전체가 갖는 제2 기공율의 비는 0.7 내지 0.8 : 1인 것을 특징으로 하는 정전척 제조 방법.",98,True,False,explicit_or_regex_estimated
1020070084418,1020090020031,1009826490000,등록,등록,"용사 코팅 방법, 이를 이용한 정전척 제조 방법 및 정전척",주식회사 미코,10,"10. 제9항에 있어서, 상기 제1 기공율은 5% 내지 8% 이며, 상기 제2 기공율은 7% 내지 10%인 것을 특징으로 하는 정전척 제조 방법.",81,True,False,explicit_or_regex_estimated
1020070084418,1020090020031,1009826490000,등록,등록,"용사 코팅 방법, 이를 이용한 정전척 제조 방법 및 정전척",주식회사 미코,11,"11. 제6항에 있어서, 상기 제1 유전층 및 상기 제2 유전층은 각각 세라믹을 포함하는 것을 특징으로 하는 정전척 제조 방법.",71,True,False,explicit_or_regex_estimated
1020070084418,1020090020031,1009826490000,등록,등록,"용사 코팅 방법, 이를 이용한 정전척 제조 방법 및 정전척",주식회사 미코,12,"12. 제11항에 있어서, 상기 세라믹은 Al2O3, Y2O3, Al2O3/Y2O3, ZrO2, AlC, TiN, AlN, TiC, MgO, CaO, CeO2, TiO2,BxCy, BN, SiO2, SiC, YAG, Mullite 및 AlF3으로 이루어진 군에서 선택되는 적어도 하나를 포함하는 것을 특징으로 하는 정전척 제조 방법.",186,True,False,explicit_or_regex_estimated
1020070084418,1020090020031,1009826490000,등록,등록,"용사 코팅 방법, 이를 이용한 정전척 제조 방법 및 정전척",주식회사 미코,13,"13. 몸체; 상기 몸체의 상부면에 구비되며, 제1 기공율을 갖는 제1 유전층; 상기 제1 유전층의 상부면 일부 영역에 구비되며, 정전기력을 발생시키는 전원이 인가되는 전극; 및 상기 제1 유전층의 상부면 나머지 부분 및 상기 전극 상에 기판을 지지하도록 구비되며, 상기 제1 기공율보다 높은 제2 기공율을 갖는 제2 유전층을 포함하는 것을 특징으로 하는 정전척.",203,False,True,explicit_or_regex_estimated
1020070084418,1020090020031,1009826490000,등록,등록,"용사 코팅 방법, 이를 이용한 정전척 제조 방법 및 정전척",주식회사 미코,14,"14. 제13항에 있어서, 상기 제1 기공율과 상기 제2 기공율의 비는 0.7 내지 0.8 : 1 인 것을 특징으로 하는 정전척.",72,True,False,explicit_or_regex_estimated
1020070084418,1020090020031,1009826490000,등록,등록,"용사 코팅 방법, 이를 이용한 정전척 제조 방법 및 정전척",주식회사 미코,15,"15. 제14항에 있어서, 상기 제1 기공율은 5% 내지 8% 이며, 상기 제2 기공율은 7% 내지 10%인 것을 특징으로 하는 정전척.",76,True,False,explicit_or_regex_estimated
1020070084418,1020090020031,1009826490000,등록,등록,"용사 코팅 방법, 이를 이용한 정전척 제조 방법 및 정전척",주식회사 미코,16,"16. 제13항에 있어서, 상기 제1 유전층 및 상기 제2 유전층은 각각 세라믹을 포함하는 것을 특징으로 하는 정전척.",66,True,False,explicit_or_regex_estimated
1020070084418,1020090020031,1009826490000,등록,등록,"용사 코팅 방법, 이를 이용한 정전척 제조 방법 및 정전척",주식회사 미코,17,"17. 제16항에 있어서, 상기 세라믹은 Al2O3, Y2O3, Al2O3/Y2O3, ZrO2, AlC, TiN, AlN, TiC, MgO, CaO, CeO2, TiO2,BxCy, BN, SiO2, SiC, YAG, Mullite 및 AlF3으로 이루어진 군에서 선택되는 적어도 하나를 포함하는 것을 특징으로 하는 정전척.",180,True,False,explicit_or_regex_estimated
1020070086139,1020090021545,1008910250000,소멸,소멸,프로브 카드 구조체 및 그의 형성 방법,(주)미코엠에스티,2,2. 검사 대상물의 단자에 접촉되는 프로브 팁 부분과 프로브 팁 부분을 지지하고 전기적으로 연결하는 탐침 빔부를 포함하고 일체형으로 구성되는 탐침 구조체;상기 탐침 구조체의 탐침 빔부와 연결되는 접합 전극층을 상부에 갖고 하부에는 MLC 기판과의 연결을 위한 MLC 접합 전극층을 갖고 상기 탐침 빔부의 유격 공간으로 사용되는 트렌치 영역 및 접합 기둥층 삽입홀을 포함하는 하부 기판;다층의 배선을 포함하고 전극층들이 상기 하부 기판의 MLC 접합 전극층에 접합 물질층에 의해 연결되는 MLC 기판;을 포함하고 구성되는 것을 특징으로 하는 프로브 카드 구조체.,313,False,True,explicit_or_regex_estimated
1020070086139,1020090021545,1008910250000,소멸,소멸,프로브 카드 구조체 및 그의 형성 방법,(주)미코엠에스티,3,3. 검사 대상물의 단자에 접촉되는 프로브 팁과 프로브 팁을 지지하고 전기적으로 연결하는 탐침 빔부를 포함하고 일체형으로 구성되는 탐침 구조체;상기 탐침 빔부의 유격 공간으로 사용되는 트렌치 영역을 포함하고 트렌치 영역의 양측에 접합 니들 삽입홀 및 접합 기둥층 삽입홀을 포함하는 하부 기판;상부에 탐침 빔부와 연결되는 접합 전극층을 갖고 상기 접합 니들 삽입홀에 삽입되는 접합 니들;다층의 배선을 포함하고 전극층들이 상기 하부 기판에 삽입된 접합 니들의 끝단에 접합 물질층에 의해 연결되는 MLC 기판;을 포함하고 구성되는 것을 특징으로 하는 프로브 카드 구조체.,316,False,True,explicit_or_regex_estimated
1020070086139,1020090021545,1008910250000,소멸,소멸,프로브 카드 구조체 및 그의 형성 방법,(주)미코엠에스티,6,"6. 제 2 항 또는 제 3 항에 있어서, 프로브 팁은 서로 접합되는 실리콘 웨이퍼들에 정의된 팁 형성 영역들에 의해 팁 형상이 결정되는 것을 특징으로 하는 프로브 카드 구조체.",99,True,False,explicit_or_regex_estimated
1020070086139,1020090021545,1008910250000,소멸,소멸,프로브 카드 구조체 및 그의 형성 방법,(주)미코엠에스티,19,"19. 제 1,2 실리콘 웨이퍼의 접합 및 선택적인 식각 공정에 의해 팁 형성 영역을 형성하고 금속을 성장시켜 탐침 구조체를 형성하는 단계;접합 전극층을 상부에 갖고 하부에는 MLC 기판과의 연결을 위한 MLC 접합 전극층을 갖고 상기 탐침 빔부의 유격 공간으로 사용되는 트렌치 영역 및 접합 기둥층 삽입홀을 포함하는 하부 기판을 형성하는 단계;상기 탐침 구조체가 하부 기판의 접합 전극층에 연결되도록 접합하는 단계;다층의 배선을 포함하는 MLC 기판의 전극층들을 상기 하부 기판의 MLC 접합 전극층에 접합하는 단계;를 포함하는 것을 특징으로 하는 프로브 카드 구조체의 형성 방법.",326,False,True,explicit_or_regex_estimated
1020070086139,1020090021545,1008910250000,소멸,소멸,프로브 카드 구조체 및 그의 형성 방법,(주)미코엠에스티,20,"20. 제 19 항에 있어서, 탐침 구조체를 형성하는 단계에서,탐침 구조체는 팁 부분과, 팁 부분을 지지하는 탐침 빔부를 포함하고, 팁 부분은 팁 형성 영역 내에 형성되고, 탐침 빔부는 팁 부분에 연결되어 웨이퍼의 표면에 형성되는 것을 특징으로 하는 프로브 카드 구조체의 형성 방법.",158,True,False,explicit_or_regex_estimated
1020070086139,1020090021545,1008910250000,소멸,소멸,프로브 카드 구조체 및 그의 형성 방법,(주)미코엠에스티,21,"21. 제 20 항에 있어서, 탐침 구조체를 형성하는 단계에서 금속 성장은 팁 부분과 탐침 빔부가 형성되는 부분에서 동시에 이루어지는 것을 특징으로 하는 프로브 카드 구조체의 형성 방법.",104,True,False,explicit_or_regex_estimated
1020070086139,1020090021545,1008910250000,소멸,소멸,프로브 카드 구조체 및 그의 형성 방법,(주)미코엠에스티,22,"22. 제 19 항에 있어서, 하부 기판을 형성하는 단계는,탐침 구조체의 유격 공간으로 사용되는 트렌치 영역을 형성하는 공정과,기판을 관통하는 전극 형성 영역 및 접합 기둥층 삽입홀을 형성하는 공정과,MLC 기판의 전극들과의 접합 연결을 위한 전극 연결층을 형성하는 공정과,상기 전극 연결층이 형성된 기판의 반대면에 탐침 구조체와 접합 연결하기 위한 다른 전극 연결층을 형성하는 공정과,상기 다른 전극 연결층상에 접합 물질층을 형성하는 공정을 포함하는 것을 특징으로 하는 프로브 카드 구조체의 형성 방법.",282,True,False,explicit_or_regex_estimated
1020070086139,1020090021545,1008910250000,소멸,소멸,프로브 카드 구조체 및 그의 형성 방법,(주)미코엠에스티,23,"23. 제 22 항에 있어서, 전극 연결층과 다른 전극 연결층은 전극 형성 영역내의 도전성 물질에 의해 전기적으로 콘택되는 것을 특징으로 하는 프로브 카드 구조체의 형성 방법.",98,True,False,explicit_or_regex_estimated
1020070086139,1020090021545,1008910250000,소멸,소멸,프로브 카드 구조체 및 그의 형성 방법,(주)미코엠에스티,24,"24. 제 22 항에 있어서, 트렌치 영역을 형성하는 공정은,실리콘 웨이퍼의 전면에 산화막을 형성하고 탐침 구조체가 위치하는 영역에 대응되는 부분이 오픈되는 포토레지스트 패턴을 형성하는 단계;상기 오픈 영역의 산화막을 제거하고 포토레지스트 패턴을 제거하는 단계;실리콘 웨이퍼를 습식 식각 용액에 넣어 선택적으로 식각하여 탐침 구조체의 동작에 있어서 유격을 지닐 수 있는 트렌치 영역을 형성하는 공정을 포함하는 것을 특징으로 하는 프로브 카드 구조체의 형성 방법.",258,True,False,explicit_or_regex_estimated
1020070086139,1020090021545,1008910250000,소멸,소멸,프로브 카드 구조체 및 그의 형성 방법,(주)미코엠에스티,25,"25. 제 22 항에 있어서, 전극 형성 영역을 형성하는 공정은,트렌치 영역을 형성하기 위하여 습식 식각된 부분의 표면 산화막을 보호하기 위해 보호 테이프를 접착하는 단계;상기 트렌치 영역의 반대의 실리콘 웨이퍼 표면에 형성된 산화막을 제거하는 단계;전극 형성 영역 및 접합 기둥 영역이 노출되는 포토레지스트 패턴을 형성하고 보호 테이프를 제거하는 단계;포토레지스트 패턴을 마스크로 건식 식각 공정을 진행하여 전극 형성 영역 및 접합 기둥 영역을 형성하는 단계;를 포함하는 것을 특징으로 하는 프로브 카드 구조체의 형성 방법.",294,True,False,explicit_or_regex_estimated
1020070086139,1020090021545,1008910250000,소멸,소멸,프로브 카드 구조체 및 그의 형성 방법,(주)미코엠에스티,26,"26. 제 22 항에 있어서, 전극 연결층 및 다른 전극 연결층을 형성하는 공정은,전극 형성 영역 및 접합 기둥 영역을 형성하기 위한 건식 식각 공정에 사용된 포토레지스트 패턴 및 잔류하는 산화막을 제거하는 단계;실리콘 웨이퍼를 보호하기 위한 보호층을 형성하는 단계;전극 형성 영역 및 접합 기둥 영역의 벽면 및 실리콘 웨이퍼 상에 금속을 성장시킬 금속 씨드층을 형성하는 단계;선택적으로 금속 성장 공정을 진행하여 MLC 기판의 전극들과의 접합 연결을 위한 전극 연결층을 형성하고 평탄화하는 단계;트렌치 영역이 형성된 기판면에 다른 금속 씨드층을 형성하고 상기 전극 연결층이 형성된 기판면에 보호 테이프를 부착하는 단계;상기 다른 금속 씨드층을 이용한 금속 성장 공정으로 탐침 구조체와 접합 연결하기 위한 다른 전극 연결층을 형성하고 평탄화하는 단계;를 포함하는 것을 특징으로 하는 프로브 카드 구조체의 형성 방법.",456,True,False,explicit_or_regex_estimated
1020070086139,1020090021545,1008910250000,소멸,소멸,프로브 카드 구조체 및 그의 형성 방법,(주)미코엠에스티,27,"27. 제 22 항에 있어서, 금속 씨드층 및 다른 금속 씨드층은 Ti/Cu가 적층된 것을 특징으로 하는 프로브 카드 구조체의 형성 방법.",77,True,False,explicit_or_regex_estimated
1020070086139,1020090021545,1008910250000,소멸,소멸,프로브 카드 구조체 및 그의 형성 방법,(주)미코엠에스티,28,"28. 제 22 항에 있어서, 다른 전극 연결층상에 접합 물질층을 형성하는 공정은 AuSn, AgSn을 포함하는 전도성 물질들중에 선택한 물질을 스크린프린팅의 방법을 형성하는 것을 특징으로 하는 프로브 카드 구조체의 형성 방법.",127,True,False,explicit_or_regex_estimated
1020070086139,1020090021545,1008910250000,소멸,소멸,프로브 카드 구조체 및 그의 형성 방법,(주)미코엠에스티,29,"29. 제 19 항에 있어서, 탐침 구조체를 하부 기판의 접합 전극층에 접합하는 단계는,탐침 구조체가 형성된 웨이퍼의 이면(backside)을 선택적으로 식각하여 탐침 구조체의 팁 부분을 노출시키는 공정과,상기 탐침 구조체의 탐침 빔의 접합부를 하부 기판의 전극 연결층과 본딩하는 공정과,상기 하부 기판에 접합된 탐침 구조체를 남기고 상기 웨이퍼 전체를 제거하는 공정을 포함하는 것을 특징으로 하는 프로브 카드 구조체의 형성 방법.",241,True,False,explicit_or_regex_estimated
1020070086139,1020090021545,1008910250000,소멸,소멸,프로브 카드 구조체 및 그의 형성 방법,(주)미코엠에스티,30,"30. 제 29 항에 있어서, 탐침 구조체의 팁 부분을 노출시키는 단계는,상기 탐침 구조체가 형성된 웨이퍼의 이면(backside)에 포토레지스트를 도포하는 공정과,상기 포토레지스트를 선택적으로 패터닝하여 탐침 구조체의 팁 형성 부분의 이면이 선택적으로 노출되는 포토레지스트 패턴을 형성하는 공정과,상기 포토레지스트 패턴을 이용한 backside ICP 공정으로 선택적으로 식각하여 탐침 구조체의 팁 부분이 노출되는 팁 오픈 영역을 형성하는 공정으로 이루어지는 것을 특징으로 하는 프로브 카드 구조체의 형성 방법.",287,True,False,explicit_or_regex_estimated
1020070086139,1020090021545,1008910250000,소멸,소멸,프로브 카드 구조체 및 그의 형성 방법,(주)미코엠에스티,31,"31. 제 29 항에 있어서, 하부 기판에 접합된 탐침 구조체를 남기고 상기 웨이퍼 전체를 제거하는 공정에서,실리콘 에칭 용액을 사용하여 웨이퍼 전체를 제거하고, 제거시에 하부 기판은 절연층에 의해 보호되는 것을 특징으로 하는 프로브 카드 구조체의 형성 방법.",145,True,False,explicit_or_regex_estimated
1020070086139,1020090021545,1008910250000,소멸,소멸,프로브 카드 구조체 및 그의 형성 방법,(주)미코엠에스티,32,"32. 제 1,2 실리콘 웨이퍼의 접합 및 선택적인 식각 공정에 의해 팁 형성 영역을 형성하고 금속을 성장시켜 탐침 구조체를 형성하는 단계;상기 탐침 구조체의 유격 공간으로 사용되는 트렌치 영역을 포함하고 트렌치 영역의 양측에 접합 니들 삽입홀 및 접합 기둥층 삽입홀을 포함하는 하부 기판을 형성하는 단계;상기 접합 니들 삽입홀에 접합 니들을 삽입하고 상기 탐침 구조체가 하부 기판에 삽입된 접합 니들의 상부측에 연결되도록 접합하는 단계;다층의 배선을 포함하는 MLC 기판의 전극층들이 상기 접합 니들의 하부측에 연결되도록 접합하는 단계;를 포함하는 것을 특징으로 하는 프로브 카드 구조체의 형성 방법.",337,False,True,explicit_or_regex_estimated
1020070086139,1020090021545,1008910250000,소멸,소멸,프로브 카드 구조체 및 그의 형성 방법,(주)미코엠에스티,33,"33. 제 32 항에 있어서, 탐침 구조체를 형성하는 단계에서,탐침 구조체는 팁 부분과, 팁 부분을 지지하는 탐침 빔부를 포함하고, 팁 부분은 팁 형성 영역 내에 형성되고, 탐침 빔부는 팁 부분에 연결되어 웨이퍼의 표면에 형성되는 것을 특징으로 하는 프로브 카드 구조체의 형성 방법.",158,True,False,explicit_or_regex_estimated
1020070086139,1020090021545,1008910250000,소멸,소멸,프로브 카드 구조체 및 그의 형성 방법,(주)미코엠에스티,34,"34. 제 33 항에 있어서, 탐침 구조체를 형성하는 단계에서 금속 성장은 팁 부분과 탐침 빔부가 형성되는 부분에서 동시에 이루어지는 것을 특징으로 하는 프로브 카드 구조체의 형성 방법.",104,True,False,explicit_or_regex_estimated
1020070086139,1020090021545,1008910250000,소멸,소멸,프로브 카드 구조체 및 그의 형성 방법,(주)미코엠에스티,35,"35. 제 32 항에 있어서, 하부 기판을 형성하는 단계는,접합 니들 삽입홀 및 접합 기둥층 삽입홀을 형성하기 위하여 기판의 제 1 면을 선택적으로 1차 식각하는 공정과,상기 1차 식각 영역에 대응되는 기판의 제 2 면을 선택적으로 식각하여 기판이 관통되는 접합 니들 삽입홀 및 접합 기둥층 삽입홀을 형성하는 공정과,상기 접합 니들 삽입홀들 사이의 기판 중앙 영역을 선택적으로 식각하여 탐침 구조체의 유격 공간으로 사용되는 트렌치 영역을 형성하는 공정을 포함하는 것을 특징으로 하는 프로브 카드 구조체의 형성 방법.",288,True,False,explicit_or_regex_estimated
1020070086139,1020090021545,1008910250000,소멸,소멸,프로브 카드 구조체 및 그의 형성 방법,(주)미코엠에스티,36,"36. 제 35 항에 있어서, 탐침 구조체에 대응되는 영역에 트렌치가 식각되어진 기판을 사용하여, 트렌치 영역이 형성된 상태에서 접합 니들 삽입홀 및 접합 기둥층 삽입홀 형성 공정을 진행하는 것을 특징으로 하는 프로브 카드 구조체의 형성 방법.",136,True,False,explicit_or_regex_estimated
1020070086139,1020090021545,1008910250000,소멸,소멸,프로브 카드 구조체 및 그의 형성 방법,(주)미코엠에스티,37,"37. 제 32 항에 있어서, 접합 니들 삽입홀에 접합 니들을 삽입하고 삽입된 접합 니들에 에폭시를 도포하고 경화시켜 접합 니들을 고정시키는 것을 특징으로 하는 프로브 카드 구조체의 형성 방법.",108,True,False,explicit_or_regex_estimated
1020070086139,1020090021545,1008910250000,소멸,소멸,프로브 카드 구조체 및 그의 형성 방법,(주)미코엠에스티,38,"38. 제 32 항에 있어서, 탐침 구조체와의 접합시에,삽입된 접합 니들상에 상부 기판과의 접합을 위한 AuSn, AgSn을 포함하는 전도성 물질들 중에 선택된 물질을 프린팅하여 접합하는 것을 특징으로 하는 프로브 카드 구조체의 형성 방법.",134,True,False,explicit_or_regex_estimated
1020070086139,1020090021545,1008910250000,소멸,소멸,프로브 카드 구조체 및 그의 형성 방법,(주)미코엠에스티,39,"39. 제 32 항에 있어서, 탐침 구조체가 하부 기판에 삽입된 접합 니들의 상부측에 연결되도록 접합하는 단계에서,탐침 구조체가 형성된 웨이퍼의 이면(backside)을 선택적으로 식각하여 탐침 구조체의 팁 부분을 노출시키는 공정과,상기 탐침 구조체의 탐침 빔의 접합부를 하부 기판에 삽입된 접합 니들과 접합하는 공정과,상기 하부 기판의 접합 니들에 접합된 탐침 구조체를 남기고 상기 웨이퍼 전체를 제거하는 공정을 포함하는 것을 특징으로 하는 프로브 카드 구조체의 형성 방법.",266,True,False,explicit_or_regex_estimated
1020070086139,1020090021545,1008910250000,소멸,소멸,프로브 카드 구조체 및 그의 형성 방법,(주)미코엠에스티,40,"40. 제 39 항에 있어서, 탐침 구조체의 팁 부분을 노출시키는 단계는,상기 탐침 구조체가 형성된 웨이퍼의 이면(backside)에 포토레지스트를 도포하는 공정과,상기 포토레지스트를 선택적으로 패터닝하여 탐침 구조체의 팁 형성 부분의 이면이 선택적으로 노출되는 포토레지스트 패턴을 형성하는 공정과,상기 포토레지스트 패턴을 이용한 backside ICP 공정으로 선택적으로 식각하여 탐침 구조체의 팁 부분이 노출되는 팁 오픈 영역을 형성하는 공정으로 이루어지는 것을 특징으로 하는 프로브 카드 구조체의 형성 방법.",287,True,False,explicit_or_regex_estimated
1020070086139,1020090021545,1008910250000,소멸,소멸,프로브 카드 구조체 및 그의 형성 방법,(주)미코엠에스티,41,"41. 제 39 항에 있어서, 하부 기판에 접합된 탐침 구조체를 남기고 상기 웨이퍼 전체를 제거하는 공정에서,실리콘 에칭 용액을 사용하여 웨이퍼 전체를 제거하고, 제거시에 하부 기판은 절연층에 의해 보호되는 것을 특징으로 하는 프로브 카드 구조체의 형성 방법.",145,True,False,explicit_or_regex_estimated
1020070086139,1020090021545,1008910250000,소멸,소멸,프로브 카드 구조체 및 그의 형성 방법,(주)미코엠에스티,42,"42. 제 19 항 또는 제 32 항에 있어서, 다층의 배선을 포함하는 MLC 기판의 전극층들을,다층 배선이 형성된 MLC 기판상에 금속 씨드층을 형성하는 공정과,포토레지스트를 도포하고 선택적으로 패터닝하여 전극 형성 영역이 오픈되는 포토레지스트 패턴층을 형성하는 공정과,상기 금속 씨드층이 노출된 부분에 전해도금을 실시하여 1차 금속층을 성장시키고 평탄화하는 공정과,평탄화된 1차 금속층이 선택적으로 노출되도록 패터닝하여 포토레지스트 패턴층을 형성하는 공정과,평탄화된 1차 금속층을 씨드층으로 사용하여 2차 전해 도금을 실시하여 2차 금속층을 형성하고 평탄화하는 공정을 포함하여 형성하는 것을 특징으로 하는 프로브 카드 구조체의 형성 방법.",359,True,False,explicit_or_regex_estimated
1020070086139,1020090021545,1008910250000,소멸,소멸,프로브 카드 구조체 및 그의 형성 방법,(주)미코엠에스티,43,"43. 제 42 항에 있어서, 금속 씨드층은 Ti/Cu 또는 Ti/Au의 적층 구조인 것을 특징으로 하는 프로브 카드 구조체의 형성 방법.",77,True,False,explicit_or_regex_estimated
1020070086139,1020090021545,1008910250000,소멸,소멸,프로브 카드 구조체 및 그의 형성 방법,(주)미코엠에스티,44,"44. 제 42 항에 있어서, 2차 전해 도금 이후에 전극층으로 사용되는 2차 금속층 이외에 본딩 공정에서 기판 정렬에 사용되는 접합 기둥으로 사용되는 부분의 2차 금속층만 오픈시켜,3차 전해 도금을 실시하여 3차 금속층을 형성하고 평탄화하여 접합 기둥층으로 사용하는 것을 특징으로 하는 프로브 카드 구조체의 형성 방법.",179,True,False,explicit_or_regex_estimated
1020070088573,1020090022897,1010887330000,소멸,소멸,프로브 카드,(주) 미코에스앤피,1,"1. 제1 관통홀들을 가지며, 회로 라인들이 형성된 제1 기판 구조물; 상기 제1 기판 구조물의 하부면에 구비되고, 상기 제1 관통홀들의 개수보다 많은 개수의 제2 관통홀들을 가지며, 하부면에 다수의 탐침들을 갖는 제2 기판 구조물; 및 상기 제1 관통홀들 및 상기 제2 관통홀들을 통해 상기 회로 라인들과 상기 탐침들을 전기적으로 연결하는 유연 접속체들을 포함하되, 각각의 상기 제1 관통홀들과 각각의 상기 제2 관통홀들은 서로 연통하며, 상기 제1 관통홀들 중 적어도 하나는 적어도 두 개의 제2 관통홀들과 연통하는 것을 특징으로 하는 프로브 카드.",309,False,True,explicit_or_regex_estimated
1020070088573,1020090022897,1010887330000,소멸,소멸,프로브 카드,(주) 미코에스앤피,2,"2. 제1항에 있어서, 상기 제2 관통홀들은 각각 하나의 유연 접속체를 수용하며, 상기 제1 관통홀들은 연통된 제2 관통홀들의 개수와 동일한 개수의 유연 접속체들을 수용하는 것을 특징으로 하는 프로브 카드.",115,True,False,explicit_or_regex_estimated
1020070088573,1020090022897,1010887330000,소멸,소멸,프로브 카드,(주) 미코에스앤피,3,"3. 제1항에 있어서, 상기 제2 기판 구조물은, 각각의 상기 제1 관통홀들과 각각 서로 연통하며, 상기 제1 관통홀들 중 적어도 하나는 적어도 두 개의 연통하는 제2 관통홀을 가지며, 상기 제1 기판 구조물의 하부면에 구비되는 제2 기판; 상기 제2 기판의 제2 관통홀들과 각각 연통하는 제3 관통홀들을 가지며, 상기 제2 기판의 하부면에 결합되는 다수의 가이드바들; 상기 가이드바들의 제3 관통홀들과 각각 연통하는 제4 관통홀들을 가지며, 각각의 상기 가이드바들의 하부면에 부착되는 다수의 가이드 부재들; 및 상기 가이드 부재들의 제4 관통홀들 각각에 삽입 고정되는 다수의 탐침들을 포함하는 것을 특징으로 하는 프로브 카드.",351,True,False,explicit_or_regex_estimated
1020070088573,1020090022897,1010887330000,소멸,소멸,프로브 카드,(주) 미코에스앤피,4,"4. 제3항에 있어서, 하나의 상기 제1 관통홀과 연통하는 적어도 두 개 이상의 제2 관통홀들은 상기 제2 기판 상단 부위에서 서로 연통하는 것을 특징으로 하는 프로브 카드.",97,True,False,explicit_or_regex_estimated
1020070088573,1020090022897,1010887330000,소멸,소멸,프로브 카드,(주) 미코에스앤피,5,"5. 제1항에 있어서, 상기 회로 라인들과 연결되며 상기 제1 기판 구조물에 구비되는 소켓 커넥터 및 상기 유연 접속체와 연결되며 상기 소켓 커넥터에 삽입되는 플러그 커넥터를 더 포함하며, 상기 소켓 커넥터는, 상기 제1 기판 구조물의 상부면에 구비되며, 상기 플러그 커넥터가 삽입되기 위한 홈을 갖는 몸체; 상기 몸체의 양측 하부에 구비되는 연결 패드들; 및 상기 연결 패드들 사이의 상기 제1 기판 구조물에 구비되며, 상기 연결 패드들과 상기 회로 라인들을 전기적으로 연결하는 연결 라인들을 포함하는 것을 특징으로 하는 프로브 카드.",300,True,False,explicit_or_regex_estimated
1020070088573,1020090022897,1010887330000,소멸,소멸,프로브 카드,(주) 미코에스앤피,6,"6. 회로 라인들이 형성된 제1 기판 구조물; 상기 제1 기판 구조물의 하부면에 구비되고, 하부면에 다수의 탐침들을 갖는 제2 기판 구조물; 상기 회로 라인들과 상기 탐침들을 전기적으로 연결하는 유연 접속체들; 상기 제1 기판 구조물의 상부면에 구비되며 홈을 갖는 몸체와, 상기 몸체의 양측 하부에 구비되는 연결 패드들 및 상기 연결 패드들 사이의 상기 제1 기판 구조물에 구비되며, 상기 연결 패드들과 상기 회로 라인들을 전기적으로 연결하는 연결 라인들을 포함하는 소켓 커넥터; 및 상기 유연 접속체와 연결되며 상기 몸체의 홈에 삽입되는 플러그 커넥터를 포함하는 것을 특징으로 하는 프로브 카드.",334,False,True,explicit_or_regex_estimated
1020070088573,1020090022897,1010887330000,소멸,소멸,프로브 카드,(주) 미코에스앤피,7,"7. 제1 관통홀들을 가지며, 회로 라인들이 형성된 제1 기판 구조물; 상기 제1 기판 구조물의 하부면에 구비되고, 상기 제1 관통홀들의 개수보다 많은 개수의 제2 관통홀들을 가지고, 그 하부면에 다수의 탐침들을 갖는 제2 기판; 및 상기 제1 관통홀들 및 상기 제2 관통홀들을 통해 상기 회로 라인들과 상기 탐침들을 전기적으로 연결하는 유연 접속체들을 포함하되, 상기 제1 기판 구조물의 하부면에 상기 제2 기판을 구비할 때 상기 제1 관통홀들 중 적어도 하나는 상기 제2 관통홀들 중 적어도 두 개와 서로 연통시키고, 상기 유연 접속체들은 상기 제2 관통홀에 수용되는 개수와 상기 제1 관통홀에 수용되는 개수가 동일한 것을 특징으로 하는 프로브 카드.",366,False,True,explicit_or_regex_estimated
1020070088573,1020090022897,1010887330000,소멸,소멸,프로브 카드,(주) 미코에스앤피,8,"8. 제7 항에 있어서, 상기 제2 기판의 하부면에 부착되는 다수의 가이드 부재를 더 포함하고, 상기 탐침들은 상기 가이드 부재에 고정되는 것을 특징으로 하는 프로브 카드.",96,True,False,explicit_or_regex_estimated
1020070092487,1020090027340,1008978540000,등록,등록,액체 화장료용 도포구,주식회사 케미코스,1,"1. 개방된 전단부를 가지며, 개방된 후단부가 밀봉 캡으로 폐쇄되는 슬리이브 홀더와; 상기 슬리이브 홀더의 개방된 전단부 내에 고정되고 선단부로는 다공성 농도 조절체 고정부가 구비되고 후단부의 플렌지와의 사이로는 외측 원주상에 다수의 화장료 조절 홈이 구비된 조절기와; 상기 슬리이브 홀더의 개방된 선단부를 통해 외부로 뽀족한 단부가 노출되게 고정되는 인조모인 화장용 브러시와; 상기 조절기의 화장료 조절 홈의 일부와 소통되게 축선 방향으로 형성된 구멍에 끼워지되 플렌지의 후단보다 연장되지 않게 설치되는 연결 코어와; 상기 조절기의 후단부와 밀봉 캡 사이에 형성되고 액체 화장료가 저장되는 화장료 저장부와; 상기 화장용 브러시와 조절기에 구비된 연결 코어와의 사이에 상호 연계 설치되어 화장료 저장부로부터 화장용 브러시에 대해 비중이 상이한 액체 화장료의 배합 농도를 일정하게 유지 공급하기 위한 다공성 농도 조절체와; 상기 화장료 저장부 내에 저장되는 화장료가 침전되는 것을 방지하기 위해 유동되도록 구비되는 볼(ball); 및 상기 슬리이브 홀더의 개방된 전단부에 화장용 브러시를 보호하기 위하여 탈착 가능하게 씌워지는 브러시 보호용 캡; 을 포함하여 구성됨을 특징으로 하는 액체 화장료용 도포구.",617,False,True,explicit_or_regex_estimated
1020070092487,1020090027340,1008978540000,등록,등록,액체 화장료용 도포구,주식회사 케미코스,2,"2. 제1항에 있어서, 상기 다공성 농도 조절체는 슬리이브 홀더의 다공성 농도 조절체 고정부에 끼워진 고정체를 중심으로 화장용 브러시 후단으로 일정 깊이 끼워진 유동체가 화장용 브러시의 움직임에 대해 수동적으로 움직이면서 액체 화장료를 상기 화장용 브러시에 대해 공급되도록 구성됨을 특징으로 하는 액체 화장료용 도포구.",178,True,False,explicit_or_regex_estimated
1020070092487,1020090027340,1008978540000,등록,등록,액체 화장료용 도포구,주식회사 케미코스,3,"3. 제1항에 있어서, 상기 다공성 농도 조절체는 조절기에 구비된 연결 코어에 비하여 더 높은 기공률을 가짐을 특징으로 하는 액체 화장료용 도포구.",82,True,False,explicit_or_regex_estimated
1020070092487,1020090027340,1008978540000,등록,등록,액체 화장료용 도포구,주식회사 케미코스,4,"4. 제1항에 있어서, 상기 조절기의 플렌지 후면 중앙으로는 볼이 안착되는 볼 시트 면을 경사지게 형성하고, 상기 조절기의 축선 방향의 구멍에 끼워지는 연결 코어의 후단부는 상기 볼 시트 면에 미치지 못하도록 근접되게 설치하여 화장료 저장부에 내장되는 볼의 유동시 상호 간섭되지 않도록 조립 구성됨을 특징으로 하는 액체 화장료용 도포구.",188,True,False,explicit_or_regex_estimated
1020070092487,1020090027340,1008978540000,등록,등록,액체 화장료용 도포구,주식회사 케미코스,5,"5. 제1항에 있어서, 상기 조절기의 플렌지로는 원주면으로 다수개의 슬릿을 방사상으로 형성하고, 상기 화장료 저장부로는 다수개의 모세관 홈이 형성되어 짐을 특징으로 하는 액체 화장료용 도포구.",107,True,False,explicit_or_regex_estimated
1020070092487,1020090027340,1008978540000,등록,등록,액체 화장료용 도포구,주식회사 케미코스,6,"6. 제5항에 있어서, 상기 플렌지로 형성되는 슬릿과, 상기 화장료 저장부로 형성되는 모세관 홈은 화장료의 공급이 원활하도록 서로 일치되게 조립 구성됨을 특징으로 하는 액체 화장료용 도포구.",106,True,False,explicit_or_regex_estimated
1020070092487,1020090027340,1008978540000,등록,등록,액체 화장료용 도포구,주식회사 케미코스,7,"7. 제6항에 있어서, 상기 슬릿과 모세관 홈이 서로 일치되게 조립되도록 하기 위하여 플렌지 외주면을 다각 면으로 형성하고, 상기 플렌지가 안착되는 슬리이브 홀더의 안착부 역시 대응 다각 면으로 형성됨을 특징으로 하는 액체 화장료용 도포구.",134,True,False,explicit_or_regex_estimated
1020070092487,1020090027340,1008978540000,등록,등록,액체 화장료용 도포구,주식회사 케미코스,8,"8. 제5항에 있어서, 상기 화장료 저장부로 형성되는 모세관 홈은 직선 또는 나선형 중 어느 하나임을 특징으로 하는 액체 화장료용 도포구.",77,True,False,explicit_or_regex_estimated
1020070092487,1020090027340,1008978540000,등록,등록,액체 화장료용 도포구,주식회사 케미코스,9,"9. 제1항에 있어서, 상기 슬리이브 홀더의 외주면으로는 캡 정지 돌출 테를 경계로 하여 장축의 지주 캡이 더 결합되어 짐을 특징으로 하는 액체 화장료용 도포구.",90,True,False,explicit_or_regex_estimated
1020070092487,1020090027340,1008978540000,등록,등록,액체 화장료용 도포구,주식회사 케미코스,10,"10. 개방된 전단부 및 개방된 후단부가 밀봉 캡으로 폐쇄되는 슬리이브 홀더와; 상기 슬리이브 홀더의 개방된 전단부 내에 고정되고 선단 부로는 다공성 농도 조절체 고정부가 구비되고, 외측 원주 상으로는 다수의 화장료 조절 홈이 형성되며, 후단부의 플렌지로는 방사상의 슬릿 및 볼 시트 면이 구비되어 지며, 상기 화장료 조절 홈으로는 그 전단부부터 후단부까지 연장한 적어도 하나의 슬릿이 형성되어 있고, 상기 슬릿과는 반대 방향으로 연장 형성된 통풍 슬롯을 포함하는 조절기와; 상기 조절기의 다공성 농도 조절체 고정부 내에 일단 부가 끼워 고정되되 액체 화장료의 배합 농도를 일정하게 유지 공급하기 위한 다공성 농도 조절체와; 끝이 뽀족한 선단부가 슬리이브 홀더의 선단부를 통해 외부로 노출되게 고정되고, 후단부로는 상기 다공성 농도 조절체의 일단이 끼워지도록 연계 설치되는 인조모인 화장용 브러시와; 상기 조절기의 축선 방향으로 형성된 구멍에 끼워지되 그 일 단부는 상기 다공성 농도 조절체의 후단부에 꽂아지고, 또 타단 부는 상기 볼 시트 면에 못 미치도록 끼워진 연결 코어와; 상기 조절기의 후단부와 밀봉 캡 사이에 형성되고 그 내주 면으로는 상기 조절기의 플렌지에 형성된 슬릿과 상호 연계되어 지게 방사상으로 형성되는 다수개의 모세관 홈이 구비되어 지고, 그 내부로는 화장료의 침전을 방지하기 위한 볼이 내장된 화장료 저장부; 및 상기 슬리이브 홀더의 개방된 전단부에 화장용 브러시를 보호하기 위하여 탈착 가능하게 씌워지는 브러시 보호용 캡; 을 포함하여 구성됨을 특징으로 하는 액체 화장료용 도포구.",787,False,True,explicit_or_regex_estimated
1020070092487,1020090027340,1008978540000,등록,등록,액체 화장료용 도포구,주식회사 케미코스,11,"11. 제10항에 있어서, 상기 조절기의 슬릿은 상기 화장료 저장부의 모세관 홈과 동일한 수 및 위치로 형성하여 상기 화장료 저장부의 모세관 홈을 따라 이동된 화장료가 상기 슬릿에 직접 연계되어 공급되도록 구성됨을 특징으로 하는 액체 화장료용 도포구",139,True,False,explicit_or_regex_estimated
1020070092487,1020090027340,1008978540000,등록,등록,액체 화장료용 도포구,주식회사 케미코스,12,"12. 제10항에 있어서, 상기 다공성 농도 조절체는 슬리이브 홀더의 다공성 농도 조절체 고정부에 끼워진 고정체를 중심으로 화장용 브러시 후단으로 일정 깊이 끼워진 유동체가 화장용 브러시의 움직임에 대해 수동적으로 움직이면서 액체 화장료를 상기 화장료 브러시에 대해 공급되도록 구성됨을 특징으로 하는 액체 화장료용 도포구.",180,True,False,explicit_or_regex_estimated
1020070092487,1020090027340,1008978540000,등록,등록,액체 화장료용 도포구,주식회사 케미코스,13,"13. 제10항에 있어서, 상기 슬리이브 홀더의 외주 면으로는 캡 정지 돌출 테를 경계로 하여 장축의 지주 캡이 더 결합되어 짐을 특징으로 하는 액체 화장료용 도포구.",93,True,False,explicit_or_regex_estimated
1020070092487,1020090027340,1008978540000,등록,등록,액체 화장료용 도포구,주식회사 케미코스,14,"14. 개방된 선단부 및 개방된 후단부가 구비되고, 상기 후단부가 밀봉 캡에 의해 폐쇄되는 슬리이브 홀더와; 상기 슬리이브 홀더의 선단부 내에 끝이 뽀족한 선단부가 외부로 노출되게 고정 설치되는 인조모의 화장용 브러시와; 상기 슬리이브 홀더에 구비된 화장용 브러시와 밀봉 캡 사이로 형성되는 화장료 저장부와; 상기 화장료 저장부 내에 구비되는 화장료 흡수체에 흡수 저장된 화장료를 상기 화장용 브러시로 공급하기 위하여 일단 부가 상기 화장료 흡수체에 꽂아지도록 연결 구성된 연결 코어와; 상기 화장용 브러시 및 연결 코어와의 사이에 연계 설치되어 상기 연결 코어를 통해 공급되는 화장료를 흡수 저장하여 배합 농도가 일정하게 유지 공급되도록 하기 위한 다공성 농도 조절체; 및 상기 슬리이브 홀더의 개방된 전단부에 화장용 브러시를 보호하기 위하여 탈착 가능하게 씌워지는 브러시 보호용 캡; 을 포함하여 구성됨을 특징으로 하는 액체 화장료용 도포구.",473,False,True,explicit_or_regex_estimated
1020080003840,1020090078061,1009911950000,소멸,소멸,기판 지지 유닛 및 이를 포함하는 기판 처리 장치,주식회사 미코,1,1. 그 전면(front surface)에 기판이 놓여지는 안착부 및 상기 안착부 이면(backside)의 중심 영역으로부터 돌출된 돌출부를 포함하는 몸체부; 상기 돌출부가 삽입되면서 상기 안착부 이면의 주변 영역을 지지하는 지지부; 및 상기 지지부에 상기 돌출부를 삽입시킬 때 상기 돌출부를 둘러싸도록 위치하면서 나사 결합에 의해 상기 몸체부와 상기 지지부를 결합하는 결합부; 및 상기 안착부의 주변 영역에서 상기 안착부와 상기 지지부 사이에 배치되어 상기 안착부와 상기 지지부를 이격시키는 이격부를 포함하는 기판 지지 유닛.,295,False,True,explicit_or_regex_estimated
1020080003840,1020090078061,1009911950000,소멸,소멸,기판 지지 유닛 및 이를 포함하는 기판 처리 장치,주식회사 미코,2,"2. 제1항에 있어서, 상기 결합부는 상기 지지부와 마주하는 부위에 제1 나사산이 형성되고, 상기 지지부는 상기 결합부와 마주보는 부위에 상기 제1 나사산과 결합 가능한 제2 나사산이 형성된 것을 특징으로 하는 기판 지지 유닛.",127,True,False,explicit_or_regex_estimated
1020080003840,1020090078061,1009911950000,소멸,소멸,기판 지지 유닛 및 이를 포함하는 기판 처리 장치,주식회사 미코,3,"3. 제1항에 있어서, 상기 지지부는 상기 돌출부가 삽입되는 입구가 상기 돌출부를 둘러싼 결합부를 가이드하기 하기 위하여 바깥쪽으로 테이퍼지게 형성된 것을 특징으로 하는 기판 지지 유닛.",104,True,False,explicit_or_regex_estimated
1020080003840,1020090078061,1009911950000,소멸,소멸,기판 지지 유닛 및 이를 포함하는 기판 처리 장치,주식회사 미코,4,"4. 제1항에 있어서, 상기 결합부는 코바르(kovar) 재질로 이루어진 것을 특징으로 하는 기판 지지 유닛.",61,True,False,explicit_or_regex_estimated
1020080003840,1020090078061,1009911950000,소멸,소멸,기판 지지 유닛 및 이를 포함하는 기판 처리 장치,주식회사 미코,6,"6. 제1항에 있어서, 상기 이격부는 상기 안착부의 주변 영역에 일정한 간격으로 적어도 두 개 이상이 구분되어 배치되는 것을 특징으로 하는 기판 지지 유닛.",87,True,False,explicit_or_regex_estimated
1020080003840,1020090078061,1009911950000,소멸,소멸,기판 지지 유닛 및 이를 포함하는 기판 처리 장치,주식회사 미코,7,"7. 제1항에 있어서, 상기 이격부는 상기 안착부와 상기 지지부를 0.05 내지 10㎜ 이격시키는 것을 특징으로 하는 기판 지지 유닛.",75,True,False,explicit_or_regex_estimated
1020080003840,1020090078061,1009911950000,소멸,소멸,기판 지지 유닛 및 이를 포함하는 기판 처리 장치,주식회사 미코,8,"8. 제1항에 있어서, 상기 이격부는 세라믹 재질로 이루어진 것을 특징으로 하는 기판 지지 유닛.",54,True,False,explicit_or_regex_estimated
1020080003840,1020090078061,1009911950000,소멸,소멸,기판 지지 유닛 및 이를 포함하는 기판 처리 장치,주식회사 미코,9,"9. 제1항에 있어서, 상기 결합부와 상기 지지부가 나사 결합되는 부위의 주위에 배치되고, 상기 나사 결합되는 부위를 외부로부터 실링하기 위한 실링부를 더 포함하는 것을 특징으로 하는 기판 지지 유닛.",112,True,False,explicit_or_regex_estimated
1020080003840,1020090078061,1009911950000,소멸,소멸,기판 지지 유닛 및 이를 포함하는 기판 처리 장치,주식회사 미코,10,"10. 제1항에 있어서, 상기 결합부가 둘러싼 상기 돌출부와 상기 안착부를 지지한 지지부를 상기 지지부가 상기 안착부를 지지한 반대측에서 커버하면서 고정하는 커버부를 더 포함하는 것을 특징으로 하는 기판 지지 유닛.",120,True,False,explicit_or_regex_estimated
1020080003840,1020090078061,1009911950000,소멸,소멸,기판 지지 유닛 및 이를 포함하는 기판 처리 장치,주식회사 미코,11,"11. 기판을 대상으로 공정을 수행하기 위한 공간을 제공하는 공정 챔버; 상기 공정 챔버와 연결되고, 외부로부터 상기 기판을 처리하기 위한 반응 가스를 상기 공정 챔버의 내부로 제공하는 가스 제공부; 및 상기 공정 챔버 내에 배치되고, 상기 가스 제공부로부터 제공되는 반응 가스를 통해 처리되는 상기 기판을 지지하는 기판 지지부를 포함하고, 상기 기판 지지부는, 그 전면(front surface)에 상기 기판이 놓여지는 안착부 및 상기 안착부 이면(backside)의 중심 영역으로부터 돌출된 돌출부를 포함하는 몸체부; 상기 돌출부가 삽입되면서 상기 안착부 이면의 주변 영역을 지지하는 지지부; 및 상기 지지부에 상기 돌출부를 삽입시킬 때 상기 돌출부를 둘러싸도록 위치하면서 나사 결합에 의해 상기 몸체부와 상기 지지부를 결합하는 결합부; 및 상기 안착부의 주변 영역에서 상기 안착부와 상기 지지부 사이에 배치되어 상기 안착부와 상기 지지부를 이격시키는 이격부를 포함하는 것을 특징으로 하는 기판 처리 장치.",509,False,True,explicit_or_regex_estimated
1020080003840,1020090078061,1009911950000,소멸,소멸,기판 지지 유닛 및 이를 포함하는 기판 처리 장치,주식회사 미코,12,"12. 제11항에 있어서, 상기 기판 지지부는 상기 결합부와 상기 지지부가 나사 결합되는 부위의 주위에 배치되어 상기 공정 챔버의 내부 공간을 외부로부터 실링하기 위한 실링부를 더 포함하는 것을 특징으로 하는 기판 처리 장치.",126,True,False,explicit_or_regex_estimated
1020080003843,1020090078063,1010410690000,소멸,소멸,세라믹 히터 및 이를 포함하는 기판 처리 장치,주식회사 미코,1,"1. 그 전면(front surface)에는 기판이 놓여지고, 그 내부에는 발열 부재가 배치되는 플레이트; 상기 플레이트에 배치된 발열 부재와 전기적으로 연결되면서 상기 플레이트의 이면(backside)으로 돌출되는 연결부; 상기 플레이트의 이면을 지지하며 상기 연결부를 관통시키는 제1 관통홀이 형성된 지지부; 상기 플레이트가 지지된 상기 지지부의 일면에 대향하는 상기 지지부의 이면에 상기 지지부로부터 착탈 가능한 구조로 결합하여 상기 제1 관통홀을 커버하며, 상기 연결부를 관통시키는 제2 관통홀이 형성된 착탈부; 및 상기 플레이트와 상기 지지부 사이에 배치되어 상기 플레이트와 상기 지지부를 이격시키는 이격부를 포함하고, 상기 플레이트에는 상기 이격부가 삽입되는 제1 삽입홈이 형성되고, 상기 지지부에는 상기 이격부가 삽입되는 제2 삽입홈이 형성된 것을 특징으로 하는 세라믹 히터.",441,False,True,explicit_or_regex_estimated
1020080003843,1020090078063,1010410690000,소멸,소멸,세라믹 히터 및 이를 포함하는 기판 처리 장치,주식회사 미코,2,"2. 제1항에 있어서, 상기 착탈부는 상기 지지부와 결합하여 상기 연결부와 연결될 때 상기 연결부를 실링하는 실링부를 포함하는 것을 특징으로 하는 세라믹 히터.",89,True,False,explicit_or_regex_estimated
1020080003843,1020090078063,1010410690000,소멸,소멸,세라믹 히터 및 이를 포함하는 기판 처리 장치,주식회사 미코,4,"4. 제1항에 있어서, 상기 이격부는 상기 플레이트와 상기 지지부 사이에서 일정한 간격으로 적어도 두 개 이상이 구분되어 배치되는 것을 특징으로 하는 세라믹 히터.",91,True,False,explicit_or_regex_estimated
1020080003843,1020090078063,1010410690000,소멸,소멸,세라믹 히터 및 이를 포함하는 기판 처리 장치,주식회사 미코,6,"6. 제1항에 있어서, 상기 제1 및 제2 삽입홈의 입구는 상기 이격부의 삽입을 가이드하기 위하여 바깥쪽으로 테이퍼진 것을 특징으로 하는 세라믹 히터.",84,True,False,explicit_or_regex_estimated
1020080003843,1020090078063,1010410690000,소멸,소멸,세라믹 히터 및 이를 포함하는 기판 처리 장치,주식회사 미코,7,"7. 제1항에 있어서, 상기 이격부는 상기 플레이트 이면과 상기 지지부를 0.05 내지 10㎜ 이격시키는 것을 특징으로 하는 세라믹 히터.",77,True,False,explicit_or_regex_estimated
1020080003843,1020090078063,1010410690000,소멸,소멸,세라믹 히터 및 이를 포함하는 기판 처리 장치,주식회사 미코,8,"8. 제1항에 있어서, 상기 이격부는 세라믹 재질로 이루어진 것을 특징으로 하는 세라믹 히터.",52,True,False,explicit_or_regex_estimated
1020080003843,1020090078063,1010410690000,소멸,소멸,세라믹 히터 및 이를 포함하는 기판 처리 장치,주식회사 미코,9,"9. 제1항에 있어서, 상기 착탈부와 상기 지지부 사이에 배치되어 상기 지지부의 상기 연결부가 관통하는 부위를 외부로부터 실링하는 실링부를 더 포함하는 것을 특징으로 하는 세라믹 히터.",103,True,False,explicit_or_regex_estimated
1020080003843,1020090078063,1010410690000,소멸,소멸,세라믹 히터 및 이를 포함하는 기판 처리 장치,주식회사 미코,10,"10. 기판을 대상으로 공정을 수행하기 위한 공간을 제공하는 공정 챔버; 상기 공정 챔버와 연결되고, 외부로부터 상기 기판을 처리하기 위한 반응 가스를 상기 공정 챔버의 내부로 제공하는 가스 제공부; 및 상기 공정 챔버 내에 배치되고, 상기 가스 제공부로부터 제공되는 반응 가스를 통해 처리되는 상기 기판을 지지하는 세라믹 히터를 포함하고, 상기 세라믹 히터는, 그 전면(front surface)에는 상기 기판이 놓여지고, 그 내부에는 발열 부재가 배치되는 플레이트; 상기 플레이트에 배치된 발열 부재와 전기적으로 연결되면서 상기 플레이트의 이면(backside)으로 돌출되는 연결부; 상기 플레이트의 이면을 지지하며 상기 연결부를 관통시키는 제1 관통홀이 형성된 지지부; 상기 플레이트가 지지된 상기 지지부의 일면에 대향하는 상기 지지부의 이면에 상기 지지부로부터 착탈 가능한 구조로 결합하여 상기 제1 관통홀을 커버하며, 상기 연결부를 관통시키는 제2 관통홀이 형성된 착탈부; 및 상기 플레이트와 상기 지지부 사이에 배치되어 상기 플레이트와 상기 지지부를 이격시키는 이격부를 포함하며, 상기 플레이트에는 상기 이격부가 삽입되는 제1 삽입홈이 형성되고 상기 지지부에는 상기 이격부가 삽입되는 제2 삽입홈이 형성된 것을 특징으로 하는 기판 처리 장치.",645,False,True,explicit_or_regex_estimated
1020080003843,1020090078063,1010410690000,소멸,소멸,세라믹 히터 및 이를 포함하는 기판 처리 장치,주식회사 미코,11,"11. 제10항에 있어서, 상기 세라믹 히터는 상기 착탈부와 상기 지지부 사이에 배치되고, 상기 공정 챔버의 내부와 연결된 상기 지지부의 상기 연결부가 관통하는 부위를 외부로부터 실링하는 실링부를 더 포함하는 것을 특징으로 하는 기판 처리 장치.",137,True,False,explicit_or_regex_estimated
1020080019877,1020090094898,1014867550000,등록,등록,기판 지지 장치 및 이를 포함하는 기판 처리 장치,주식회사 미코,1,"1. 유전 물질로 이루어지고, 그 상부에 기판이 놓여지는 유전 플레이트;상기 유전 플레이트 내에 매설되고, 상기 유전 플레이트 상에 놓여지는 기판으로 정전기력을 제공하는 전극부;상기 유전 플레이트 하부에 배치되어 상기 유전 플레이트를 지지하고, 내부를 관통하는 제1 홀을 갖는 바디 플레이트;상기 바디 플레이트의 제1 홀 내에 체결되고, 내부를 관통하는 제2 홀을 갖는 절연부;상기 절연부의 제2 홀 하단부에 체결되고, 외부로부터 전원을 제공받는 단자부; 및상기 절연부의 제2 홀을 통하여 상기 단자부와 상기 전극부 사이를 연결하고, 상기 정전기력을 생성하기 위하여 상기 전극부로 전원을 제공하는 연결 배선을 포함하고,상기 절연부의 제2 홀 내부에는 절연 물질이 충진되고,상기 절연부는 나사 결합으로 상기 바디 플레이트의 제1 홀 내에 체결되고,상기 단자부는 나사 결합으로 상기 절연부의 제2 홀 하단부에 체결되는 것을 특징으로 하는 기판 지지 장치.",476,False,True,explicit_or_regex_estimated
1020080019877,1020090094898,1014867550000,등록,등록,기판 지지 장치 및 이를 포함하는 기판 처리 장치,주식회사 미코,3,"3. 제1항에 있어서, 상기 단자부는상기 절연부의 제2 홀 하단부에 체결됨에 의해 상기 제2 홀 내에 수용되고, 그 내부를 관통하는 제3 홀을 가지며, 상기 연결 배선이 상기 제3 홀의 상단부 내부까지 연장하여 전기적으로 연결되는 제1 단자부; 및상기 제1 단자부의 제3 홀 하단부에 체결되고, 상기 제3 홀 하단부에 체결됨에 의해 상기 제1 단자부의 하부를 커버하며, 상기 제1 단자부와 전기적으로 연결된 상태에서 외부로부터 전원을 공급받는 제2 단자부를 포함하는 것을 특징으로 하는 기판 지지 장치.",281,True,False,explicit_or_regex_estimated
1020080019877,1020090094898,1014867550000,등록,등록,기판 지지 장치 및 이를 포함하는 기판 처리 장치,주식회사 미코,4,"4. 제3항에 있어서, 상기 제1 단자부는 하단부의 외경이 상단부의 외경보다 큰 구조를 갖고, 하단부의 외주면에 상기 제2 홀과의 체결을 위한 체결수단이 형성되어 있는 것을 특징으로 하는 기판 지지 장치.",114,True,False,explicit_or_regex_estimated
1020080019877,1020090094898,1014867550000,등록,등록,기판 지지 장치 및 이를 포함하는 기판 처리 장치,주식회사 미코,5,"5. 제3항에 있어서, 상기 제1 단자부의 제3 홀은 하단부의 내경이 상단부의 내경보다 큰 구조를 갖고, 하단부의 내측면에는 상기 제2 단자부와의 체결을 위한 체결수단이 구비되며,상기 제2 단자부는 하단부의 외경이 상단부의 외경보다 큰 구조를 갖고, 상단부의 외경은 상기 제3 홀 하단부의 내경에 대응하면서 그 외주면에 상기 제3 홀과의 체결을 위한 체결수단이 구비된 것을 특징으로 하는 기판 지지 장치.",226,True,False,explicit_or_regex_estimated
1020080019877,1020090094898,1014867550000,등록,등록,기판 지지 장치 및 이를 포함하는 기판 처리 장치,주식회사 미코,6,"6. 제3항에 있어서, 상기 제2 단자부는 나사 결합으로 상기 제1 단자부의 제3 홀 하단부에 체결되는 것을 특징으로 하는 기판 지지 장치.",78,True,False,explicit_or_regex_estimated
1020080019877,1020090094898,1014867550000,등록,등록,기판 지지 장치 및 이를 포함하는 기판 처리 장치,주식회사 미코,8,"8. 제1항에 있어서, 상기 절연부는 하단부의 외경이 상단부의 외경보다 큰 구조를 갖고, 그 하단부의 외주면에 상기 제1 홀과의 체결을 위한 체결수단이 구비되며,상기 절연부의 제2 홀은 하단부의 내경이 상단부의 내경보다 큰 구조를 갖고, 그 하단부의 내측면에 상기 단자부와의 체결을 위한 체결수단이 구비되는 것을 특징으로 하는 기판 지지 장치.",192,True,False,explicit_or_regex_estimated
1020080019877,1020090094898,1014867550000,등록,등록,기판 지지 장치 및 이를 포함하는 기판 처리 장치,주식회사 미코,9,"9. 제1항에 있어서, 상기 바디 플레이트의 제1 홀은 하단부의 내경이 상단부의 내경보다 큰 구조를 갖고, 그 하단부의 내측면에 상기 절연부와의 체결을 위한 체결수단이 구비되는 것을 특징으로 하는 기판 지지 장치.",119,True,False,explicit_or_regex_estimated
1020080019877,1020090094898,1014867550000,등록,등록,기판 지지 장치 및 이를 포함하는 기판 처리 장치,주식회사 미코,10,"10. 제1항에 있어서, 상기 절연부는 상기 단자부 또는 상기 연결 배선이 상기 바디 플레이트와 단락되는 것을 방지하기 위하여 상기 바디 플레이트의 제1 홀 내측면 전면을 커버할 수 있도록 상기 제1 홀에 대응하는 길이를 갖는 것을 특징으로 하는 기판 지지 장치.",147,True,False,explicit_or_regex_estimated
1020080019877,1020090094898,1014867550000,등록,등록,기판 지지 장치 및 이를 포함하는 기판 처리 장치,주식회사 미코,11,"11. 프로세스 챔버;상기 프로세스 챔버 내부에 배치되고, 기판이 놓여져 지지되는 기판 지지부; 및상기 프로세스 챔버 내부로 공정 가스를 공급하기 위한 가스 공급부를 포함하고,상기 기판 지지부는유전 물질로 이루어지고, 그 상부에 기판이 놓여지는 유전 플레이트;상기 유전 플레이트 내에 매설되고, 상기 유전 플레이트 상에 놓여지는 기판으로 정전기력을 제공하는 전극부;상기 유전 플레이트 하부에 배치되어 상기 유전 플레이트를 지지하고, 내부를 관통하는 제1 홀을 갖는 바디 플레이트;나사 결합으로 상기 바디 플레이트의 제1 홀 내에 체결되고, 내부를 관통하는 제2 홀을 갖는 절연부;나사 결합으로 상기 절연부의 제2 홀 하단부에 체결되고, 외부로부터 전원을 제공받는 단자부; 및상기 절연부의 제2 홀을 통하여 상기 단자부와 상기 전극부 사이를 연결하고, 상기 정전기력을 생성하기 위하여 상기 전극부로 전원을 제공하는 연결 배선을 포함하고,상기 절연부의 제2 홀 내부에는 절연 물질이 충진되는 것을 특징으로 하는 기판 처리 장치.",517,False,True,explicit_or_regex_estimated
1020080019877,1020090094898,1014867550000,등록,등록,기판 지지 장치 및 이를 포함하는 기판 처리 장치,주식회사 미코,12,"12. 제11항에 있어서, 상기 기판 지지부로 정전기력 형성을 위한 직류 전압을 인가하기 위한 전원 공급부를 더 포함하는 것을 특징으로 하는 기판 처리 장치.",88,True,False,explicit_or_regex_estimated
1020080081158,1020100022583,1011205990000,소멸,소멸,"세라믹 히터, 이의 제조 방법 및 이를 포함하는 박막 증착 장치",주식회사 미코,1,"1. 그 상면에 기판이 놓여지고, 절연성의 세라믹 재질로 이루어진 플레이트;상기 플레이트에 내장되는 제1 발열층;상기 플레이트에 상기 제1 발열층과 복층 구조로 내장되고, 외부의 전원 공급 장치와 연결되어 구동 전원을 공급 받는 제2 발열층; 및상기 플레이트에 상기 제1 및 제2 발열층들의 사이를 연결하도록 내장되고, 상기 제2 발열층이 타겟 온도 이상으로 발열할 때 상기 제2 발열층으로부터 상기 구동 전원을 상기 제1 발열층에 인가하는 연결 부재를 포함하는 세라믹 히터.",266,False,True,explicit_or_regex_estimated
1020080081158,1020100022583,1011205990000,소멸,소멸,"세라믹 히터, 이의 제조 방법 및 이를 포함하는 박막 증착 장치",주식회사 미코,2,"2. 제1항에 있어서, 상기 연결 부재는 부온도 계수(Negative Temperature Coefficient)를 갖는 반도성의 세라믹 재질을 포함하는 것을 특징으로 하는 세라믹 히터.",104,True,False,explicit_or_regex_estimated
1020080081158,1020100022583,1011205990000,소멸,소멸,"세라믹 히터, 이의 제조 방법 및 이를 포함하는 박막 증착 장치",주식회사 미코,3,"3. 제2항에 있어서, 상기 연결 부재는 산화알루미늄(Al2O3) 및 산화마그네슘(MgO)으로 이루어진 그룹으로부터 선택된 적어도 하나와 인듐-주석(In-Sn), 망간(Mn), 코발트(Co), 니켈(Ni), 크롬(Cr) 및 구리(Cu)로 이루어진 그룹으로부터 선택된 적어도 하나의 산화물을 포함하는 것을 특징으로 하는 세라믹 히터.",185,True,False,explicit_or_regex_estimated
1020080081158,1020100022583,1011205990000,소멸,소멸,"세라믹 히터, 이의 제조 방법 및 이를 포함하는 박막 증착 장치",주식회사 미코,4,"4. 제2항에 있어서, 상기 연결 부재는 산화 바륨(BaO), 산화 티타늄(TiO2), 산화납(PbO), 산화지르코늄(ZrO2) 및 산화이트륨(Y2O3)으로 이루어진 그룹으로부터 선택된 적어도 두개를 포함하는 것을 특징으로 하는 세라믹 히터.",135,True,False,explicit_or_regex_estimated
1020080081158,1020100022583,1011205990000,소멸,소멸,"세라믹 히터, 이의 제조 방법 및 이를 포함하는 박막 증착 장치",주식회사 미코,5,"5. 제1항에 있어서, 상기 타겟 온도는 상기 플레이트에 놓여진 기판을 대상으로 하는 특정 공정의 최대 가열 온도보다 0.4 내지 0.6배 낮은 온도인 것을 특징으로 하는 세라믹 히터.",103,True,False,explicit_or_regex_estimated
1020080081158,1020100022583,1011205990000,소멸,소멸,"세라믹 히터, 이의 제조 방법 및 이를 포함하는 박막 증착 장치",주식회사 미코,6,"6. 제1항에 있어서, 상기 제1 발열층은 상기 제2 발열층의 일부 영역에 대응하여 내장되는 것을 특징으로 하는 세라믹 히터.",70,True,False,explicit_or_regex_estimated
1020080081158,1020100022583,1011205990000,소멸,소멸,"세라믹 히터, 이의 제조 방법 및 이를 포함하는 박막 증착 장치",주식회사 미코,7,"7. 제1항에 있어서, 상기 제1 및 제2 발열층들은 발열선이 판상 구조로 이루어진 것을 특징으로 하는 세라믹 히터.",65,True,False,explicit_or_regex_estimated
1020080081158,1020100022583,1011205990000,소멸,소멸,"세라믹 히터, 이의 제조 방법 및 이를 포함하는 박막 증착 장치",주식회사 미코,8,"8. 제1항에 있어서, 상기 제1 및 제2 발열층들 사이에 위치되는 상기 플레이트의 일부는 산화마그네슘(MgO) 및 산화티타늄(TiO2) 중 적어도 하나가 1 중량% 미만으로 함유된 질화알루미늄(AlN)으로 이루어진 것을 특징으로 하는 세라믹 히터.",139,True,False,explicit_or_regex_estimated
1020080081158,1020100022583,1011205990000,소멸,소멸,"세라믹 히터, 이의 제조 방법 및 이를 포함하는 박막 증착 장치",주식회사 미코,9,"9. 제1항에 있어서, 상기 플레이트를 지지하는 서포터를 더 포함하고, 상기 제2 발열층은 상기 서포터의 내부를 관통하는 공급 라인을 통하여 전원 공급 장치와 연결되는 것을 특징으로 하는 세라믹 히터.",112,True,False,explicit_or_regex_estimated
1020080081158,1020100022583,1011205990000,소멸,소멸,"세라믹 히터, 이의 제조 방법 및 이를 포함하는 박막 증착 장치",주식회사 미코,10,10. 절연성의 제1 세라믹 분말을 몰드 공간에 충전하여 제1 세라믹층을 형성하는 단계;상기 제1 세라믹층 상에 제1 발열층을 배치시키는 단계;상기 제1 발열층 상에 타겟 온도 이상에서 전도성을 갖는 연결 부재를 연결시키는 단계;상기 제1 세라믹층 상에 상기 제1 발열층이 매설되면서 상기 연결 부재가 노출되도록 제2 세라믹 분말을 충전하여 제2 세라믹층을 형성하는 단계; 및상기 제2 세라믹층 상에 외부로부터 구동 전원이 인가되는 제2 발열층을 상기 부재와 연결되도록 배치시키는 단계를 포함하는 세라믹 히터의 제조 방법.,292,False,True,explicit_or_regex_estimated
1020080081158,1020100022583,1011205990000,소멸,소멸,"세라믹 히터, 이의 제조 방법 및 이를 포함하는 박막 증착 장치",주식회사 미코,11,"11. 제10항에 있어서, 상기 제2 세라믹 분말은 산화마그네슘(MgO) 및 산화티타늄(TiO2) 중 적어도 하나가 1 중량% 미만으로 함유된 질화알루미늄(AlN)으로 이루어진 것을 특징으로 하는 세라믹 히터의 제조 방법.",124,True,False,explicit_or_regex_estimated
1020080081158,1020100022583,1011205990000,소멸,소멸,"세라믹 히터, 이의 제조 방법 및 이를 포함하는 박막 증착 장치",주식회사 미코,12,"12. 제10항에 있어서, 상기 제2 발열층을 형성한 단계 이후에, 상기 제2 세라믹층 상에 상기 제2 발열층이 매설되도록 제3 세라믹 분말을 충전하여 제3 세라믹층을 형성하는 단계를 더 포함하는 것을 특징으로 하는 세라믹 히터의 제조 방법.",135,True,False,explicit_or_regex_estimated
1020080081158,1020100022583,1011205990000,소멸,소멸,"세라믹 히터, 이의 제조 방법 및 이를 포함하는 박막 증착 장치",주식회사 미코,13,"13. 제12항에 있어서, 상기 제3 세라믹층을 형성한 단계 이후에,상기 몰드 공간에 충전된 상기 제1, 제2 및 제3 세라믹층들을 소결시키는 단계를 더 포함하는 것을 특징으로 하는 세라믹 히터의 제조 방법.",116,True,False,explicit_or_regex_estimated
1020080081158,1020100022583,1011205990000,소멸,소멸,"세라믹 히터, 이의 제조 방법 및 이를 포함하는 박막 증착 장치",주식회사 미코,14,"14. 반응 가스가 주입되는 공정 챔버;상기 공정 챔버에 배치되고, 박막을 증착하기 위한 기판이 외부로부터 반입되어 놓여지며, 상기 놓여진 기판을 가열하는 세라믹 히터; 및상기 공정 챔버에서 상기 세라믹 히터와 마주보도록 배치되고, 상기 반응 가스로부터 플라즈마를 생성하기 위한 플라즈마 전극을 포함하고,상기 세라믹 히터는,그 상면에 기판이 놓여지고, 절연성의 세라믹 재질로 이루어진 플레이트;상기 플레이트에 내장되는 제1 발열층;상기 플레이트에 상기 제1 발열층과 복층 구조로 내장되고, 외부의 전원 공급 장치와 연결되어 구동 전원을 공급 받는 제2 발열층; 및상기 플레이트에 상기 제1 및 제2 발열층들의 사이를 연결하도록 내장되고, 상기 제2 발열층이 타겟 온도 이상으로 발열할 때 상기 제2 발열층으로부터 상기 구동 전원을 상기 제1 발열층에 인가하기 위하여 부온도 계수(Negative Temperature Coefficient)를 갖는 반도성의 세라믹 재질로 이루어진 연결 부재를 포함하는 것을 특징으로 박막 증착 장치.",521,False,True,explicit_or_regex_estimated
1020080081158,1020100022583,1011205990000,소멸,소멸,"세라믹 히터, 이의 제조 방법 및 이를 포함하는 박막 증착 장치",주식회사 미코,15,"15. 제14항에 있어서, 상기 타겟 온도는 상기 박막을 증착하기 위한 상기 공정 챔버 내의 최대 가열 온도보다 0.4 내지 0.6배 낮은 온도인 것을 특징으로 하는 박막 증착 장치.",102,True,False,explicit_or_regex_estimated
1020087001777,1020080022215,1008797130000,소멸,소멸,열 노화된 질소 산화물 저장 촉매 전환기의 재활성화 방법,우미코레 아게 운트 코 카게,1,"1. 산화세륨을 포함하는 지지체 물질 상에 염기성 스트론튬 또는 바륨 화합물이나 스트론튬 및 바륨 화합물을 포함하고, 열 노화로 인해 형성된, 스트론튬, 바륨 또는 이들 둘 다와 지지체 물질과의 화합물을 추가로 함유하는 열 노화된 질소 산화물 저장 촉매를 재활성화하는 방법으로서, 스트론튬, 바륨 또는 이들 둘 다와 지지체 물질과의 화합물이, 이산화질소 0.05 내지 5용적%, 수증기 5 내지 15용적% 및 이산화탄소 0 내지 20용적%를 포함하는 가스 혼합물로 300 내지 500℃에서 처리함으로써 분해됨을 특징으로 하는, 열 노화된 질소 산화물 저장 촉매의 재활성화방법.",322,False,True,explicit_or_regex_estimated
1020087001777,1020080022215,1008797130000,소멸,소멸,열 노화된 질소 산화물 저장 촉매 전환기의 재활성화 방법,우미코레 아게 운트 코 카게,2,"2. 제1항에 있어서, 질소 산화물 저장 촉매가 희박 연소(lean-burn) 엔진, 배기 가스 재순환기를 갖는 차량에 탑재된 배기 가스 정화 장치의 일부이고, 재활성화용으로 사용되는 가스 혼합물이 내부 연소 엔진의 배기 가스에 의해 형성되며, 재활성화가 배기 가스 온도가 300 내지 500℃인 희박 연소 엔진의 작동점에서 수행됨을 특징으로 하는, 열 노화된 질소 산화물 저장 촉매의 재활성화방법.",223,True,False,explicit_or_regex_estimated
1020087001777,1020080022215,1008797130000,소멸,소멸,열 노화된 질소 산화물 저장 촉매 전환기의 재활성화 방법,우미코레 아게 운트 코 카게,3,"3. 제2항에 있어서, 배기 가스에서 질소 산화물 농도가, 배기 가스 재순환 차단, 엔진의 점화점 변경 또는 이들 둘 다에 의해 증가되어 엔진 실린더에서의 연소 온도가 상승됨을 특징으로 하는, 열 노화된 질소 산화물 저장 촉매의 재활성화방법.",135,True,False,explicit_or_regex_estimated
1020087001777,1020080022215,1008797130000,소멸,소멸,열 노화된 질소 산화물 저장 촉매 전환기의 재활성화 방법,우미코레 아게 운트 코 카게,4,"4. 제3항에 있어서, 재활성화에 사용되는 배기 가스가 산소 5 내지 20용적%와 필수적으로 잔여량의 질소를 포함하며, 가스 혼합물 처리가 0.5 내지 5시간 동안 수행됨을 특징으로 하는, 열 노화된 질소 산화물 저장 촉매의 재활성화방법.",133,True,False,explicit_or_regex_estimated
1020087001777,1020080022215,1008797130000,소멸,소멸,열 노화된 질소 산화물 저장 촉매 전환기의 재활성화 방법,우미코레 아게 운트 코 카게,5,"5. 제4항에 있어서,배기 가스 정화 장치가 엔진에 인접한 촉매 전환기 및 언더플루어 전환기를 포함함을 특징으로 하는, 열 노화된 질소 산화물 저장 촉매의 재활성화방법.",94,True,False,explicit_or_regex_estimated
1020087001777,1020080022215,1008797130000,소멸,소멸,열 노화된 질소 산화물 저장 촉매 전환기의 재활성화 방법,우미코레 아게 운트 코 카게,6,"6. 제5항에 있어서, 두 전환기가 모두 질소 산화물 저장 촉매를 함유함을 특징으로 하는, 열 노화된 질소 산화물 저장 촉매의 재활성화방법.",78,True,False,explicit_or_regex_estimated
1020087001777,1020080022215,1008797130000,소멸,소멸,열 노화된 질소 산화물 저장 촉매 전환기의 재활성화 방법,우미코레 아게 운트 코 카게,7,"7. 제5항에 있어서, 엔진에 인접한 촉매 전환기는 디젤 산화 촉매 또는 삼원 촉매를 함유하고, 언더플루어 전환기는 질소 산화물 저장 촉매를 함유함을 특징으로 하는, 열 노화된 질소 산화물 저장 촉매의 재활성화방법.",120,True,False,explicit_or_regex_estimated
1020087001777,1020080022215,1008797130000,소멸,소멸,열 노화된 질소 산화물 저장 촉매 전환기의 재활성화 방법,우미코레 아게 운트 코 카게,8,"8. 산화세륨을 포함하는 지지체 물질 상에 염기성 스트론튬 또는 바륨 화합물이나 스트론튬 및 바륨 화합물을 포함하고, 열 노화로 인해 형성된, 스트론튬, 바륨 또는 이들 둘 다와 지지체 물질과의 화합물을 추가로 함유하는 열 노화된 질소 산화물 저장 촉매를 재활성화하는 방법으로서, 질소 산화물 저장 촉매가 희박 연소 엔진과 촉매를 갖는 차량에 탑재된 배기 가스 정화 장치의 일부이고, 재활성화용 촉매가 계획된 정비 기간 동안 배기 가스 정화 장치로부터 제거되며, 상기 촉매가 0.1 내지 5시간 동안 300 내지 500℃의 온도 범위에서 이산화질소를 포함하는 질소 산화물 1 내지 35용적%, 산소 5 내지 50용적%, 수증기 5 내지 30용적%, 이산화탄소 0 내지 20용적% 및, 필요한 경우, 잔여량의 질소를 포함하는 가스 혼합물로 처리됨을 특징으로 하는, 열 노화된 질소 산화물 저장 촉매의 재활성화방법.",454,False,True,explicit_or_regex_estimated
1020087015906,1020080087805,1012892150000,소멸,소멸,오메프라졸의 (에스)-엔안티오머의 제조 방법,"유니온 퀴미코 파르마세우티카, 에스.에이.",1,"1. 광학 순정의 일반식(II)의 (S)-오메프라졸(II), 또는 하이드레이트를 포함하는, 이것의 약제학적 수용가능한 염 및 용매 화합물의 제조 방법으로서 ; a) 일반식(I)의 오메프라졸의 라세믹 혼합물을 적절한 용매에서 일반식(III)의 (S)-1,1,2-트리페닐-1,1-에탄디올로 처리하여 대응 (S)-오메프라졸 광학 아이소머가 (S)-1,1,2-트리메틸-1,2-에탄디올과의 포접 복합물을 형성하고, 반응 매질로부터 이에 따라 수득된 일반식(IV)의 (S)-오메프라졸ㆍ2[(S)-1,1,2-트리페닐-1,2-에탄디올] 포접 복합물을 단리하는 단계 ;b) 상기 단계의 포접 복합물을 파괴함에 의해 (S)-1,1,2-트리페닐-1,2-에탄디올로부터 (S)-오메프라졸을 분리하고 중성 형태로 또는 약제학적으로 수용가능한 염으로 광학적 순정의 형태로 (S)-오메프라졸을 회수하는 단계 ; 를 포함하는 것을 특징으로 하는 (S)-오메프라졸(II) 또는 하이드레이트를 포함하는 이것의 약제학적 수용가능한 염 및 용매 화합물의 제조 방법.",519,False,True,explicit_or_regex_estimated
1020087015906,1020080087805,1012892150000,소멸,소멸,오메프라졸의 (에스)-엔안티오머의 제조 방법,"유니온 퀴미코 파르마세우티카, 에스.에이.",2,"2. 제 1 항에 있어서,상기 단계에서 사용되는 용매가 (C6-C9) 방향족 하이드로카본, (C5-C8)지방족 하이드로카본, (C1-C5)알콜, (C3-C6)케톤, (C2-C8)지방족 에테르, (C7-C8)방향족 에테르, 아세토니트릴, (C1-C9)할로겐화 방향족 또는 지방족 하이드로카본, 및 이들의 혼합물로 이루어진 그룹으로부터 선택되는 것을 특징으로 하는 (S)-오메프라졸(II)의 제조 방법.",223,True,False,explicit_or_regex_estimated
1020087015906,1020080087805,1012892150000,소멸,소멸,오메프라졸의 (에스)-엔안티오머의 제조 방법,"유니온 퀴미코 파르마세우티카, 에스.에이.",3,"3. 제 2 항에 있어서,상기 용매가 이소프로필 알코올, 메틸 이소부틸 케톤, 톨루엔, 에탄올, 크실렌, 아니솔, 클로로포름, 아세토니트릴, 및 톨루엔/헵탄 혼합물로 이루어진 그룹으로 부터 선택되는 것을 특징으로 하는 (S)-오메프라졸(II)의 제조 방법.",143,True,False,explicit_or_regex_estimated
1020087015906,1020080087805,1012892150000,소멸,소멸,오메프라졸의 (에스)-엔안티오머의 제조 방법,"유니온 퀴미코 파르마세우티카, 에스.에이.",4,"4. 제 1 항에 있어서,상기 포접 복합물의 파괴가, 물 및 적어도 하나의 비수용성 용매로 이루어진 용매로 수행되는 것을 특징으로 하는 (S)-오메프라졸(II)의 제조 방법.",97,True,False,explicit_or_regex_estimated
1020087015906,1020080087805,1012892150000,소멸,소멸,오메프라졸의 (에스)-엔안티오머의 제조 방법,"유니온 퀴미코 파르마세우티카, 에스.에이.",5,"5. 제 4 항에 있어서,상기 포접 복합물의 파괴가 염기로 수행되는 것을 특징으로 하는 (S)-오메프라졸(II)의 제조 방법.",70,True,False,explicit_or_regex_estimated
1020087015906,1020080087805,1012892150000,소멸,소멸,오메프라졸의 (에스)-엔안티오머의 제조 방법,"유니온 퀴미코 파르마세우티카, 에스.에이.",6,"6. 제 5 항에 있어서,상기 염기가 알카린 금속 하이드록시드 및 알카린 토류 금속 하이드록시드로 이루어진 그룹으로 부터 선택되는 것을 특징으로 하는 (S)-오메프라졸(II)의 제조 방법.",105,True,False,explicit_or_regex_estimated
1020087015906,1020080087805,1012892150000,소멸,소멸,오메프라졸의 (에스)-엔안티오머의 제조 방법,"유니온 퀴미코 파르마세우티카, 에스.에이.",7,"7. 제 6 항에 있어서,상기 알카린 금속 하이드록시드가 소디움 하이드록시드 및 포타슘 하이드록시드로부터 선택되는 것을 특징으로 하는 (S)-오메프라졸(II)의 제조 방법.",96,True,False,explicit_or_regex_estimated
1020087015906,1020080087805,1012892150000,소멸,소멸,오메프라졸의 (에스)-엔안티오머의 제조 방법,"유니온 퀴미코 파르마세우티카, 에스.에이.",8,"8. 제 4 항에 있어서,수성 상으로부터 광학 순정 형태로 (S)-오메프라졸의 염이 직접 회수되는 것을 특징으로 하는 (S)-오메프라졸(II)의 제조 방법.",87,True,False,explicit_or_regex_estimated
1020087015906,1020080087805,1012892150000,소멸,소멸,오메프라졸의 (에스)-엔안티오머의 제조 방법,"유니온 퀴미코 파르마세우티카, 에스.에이.",9,"9. 제 4 항에 있어서,반응 매질에 산, 이들의 염 및 이들의 혼합물로 이루어진 그룹으로부터 선택된 화합물을 부가함에 의해 수성 상으로부터 광학 순정 형태로 미가공 (S)-오메프라졸을 회수하고, 생성물을 단리하는 것을 특징으로 하는 (S)-오메프라졸(II)의 제조 방법.",152,True,False,explicit_or_regex_estimated
1020087015906,1020080087805,1012892150000,소멸,소멸,오메프라졸의 (에스)-엔안티오머의 제조 방법,"유니온 퀴미코 파르마세우티카, 에스.에이.",10,"10. 제 9 항에 있어서,반응 매질에 산을 부가함에 의해 수성 상으로부터 미가공 (S)-오메프라졸을 광학 순정 형태로 회수하고, 생성물을 단리하는 것을 특징으로 하는 (S)-오메프라졸(II)의 제조 방법.",115,True,False,explicit_or_regex_estimated
1020087015906,1020080087805,1012892150000,소멸,소멸,오메프라졸의 (에스)-엔안티오머의 제조 방법,"유니온 퀴미코 파르마세우티카, 에스.에이.",11,"11. 제 9 항에 있어서,상기 (S)-오메프라졸의 단리가 여과에 의해 수행되는 것을 특징으로 하는 (S)-오메프라졸(II)의 제조 방법.",77,True,False,explicit_or_regex_estimated
1020087015906,1020080087805,1012892150000,소멸,소멸,오메프라졸의 (에스)-엔안티오머의 제조 방법,"유니온 퀴미코 파르마세우티카, 에스.에이.",12,"12. 제 9 항에 있어서,상기 (S)-오메프라졸의 회수가 비수용성 용매의 존재하에 수행되고 용매를 제거함에 의해 유기 상으로부터 (S)-오메프라졸이 단리되는 것을 특징으로 하는 (S)-오메프라졸(II)의 제조 방법.",121,True,False,explicit_or_regex_estimated
1020087015906,1020080087805,1012892150000,소멸,소멸,오메프라졸의 (에스)-엔안티오머의 제조 방법,"유니온 퀴미코 파르마세우티카, 에스.에이.",13,"13. 제 12 항에 있어서, 상기 비수용성 용매가 (C6-C9) 방향족 하이드로카본, (C5-C8)지방족 하이드로카본, (C2-C8)지방족 에테르, (C7-C8)방향족 에테르, (C1-C9)할로겐화 방향족 또는 지방족 하이드로카본, 및 이들의 혼합물로 이루어진 그룹으로부터 선택되는 것을 특징으로 하는 (S)-오메프라졸(II)의 제조 방법.",191,True,False,explicit_or_regex_estimated
1020087015906,1020080087805,1012892150000,소멸,소멸,오메프라졸의 (에스)-엔안티오머의 제조 방법,"유니온 퀴미코 파르마세우티카, 에스.에이.",14,"14. 제 13 항에 있어서,상기 비수용성 유기 용매가 톨루엔, 디클로로메탄 및 3차-부틸 메틸 에테르로 이루어진 그룹으로부터 선택된 것을 특징으로 하는 (S)-오메프라졸(II)의 제조 방법.",107,True,False,explicit_or_regex_estimated
1020087015906,1020080087805,1012892150000,소멸,소멸,오메프라졸의 (에스)-엔안티오머의 제조 방법,"유니온 퀴미코 파르마세우티카, 에스.에이.",15,"15. 일반식(IV)의 포접 복합 화합물 (S)-오메프라졸ㆍ2[(S)-1,1,2-트리페닐-1,2-에탄디올] ;",61,False,True,explicit_or_regex_estimated
1020087015906,1020080087805,1012892150000,소멸,소멸,오메프라졸의 (에스)-엔안티오머의 제조 방법,"유니온 퀴미코 파르마세우티카, 에스.에이.",16,"16. 제 1항에 있어서,상기 단계 (a) 및 단계 (b) 사이에 상기 포접 복합물의 재결정화 또는 침지를 수행하는 단계를 더 포함하는 것을 특징으로 하는 (S)-오메프라졸(II)의 제조 방법.",108,True,False,explicit_or_regex_estimated
1020087015906,1020080087805,1012892150000,소멸,소멸,오메프라졸의 (에스)-엔안티오머의 제조 방법,"유니온 퀴미코 파르마세우티카, 에스.에이.",17,"17. 제 16항에 있어서,용매가 사용되고 사용되는 상기 용매가 (C6-C9) 방향족 하이드로카본, (C5-C8)지방족 하이드로카본, (C1-C5)알콜, (C3-C6)케톤, (C2-C8)지방족 에테르, (C7-C8)방향족 에테르, 아세토니트릴, (C1-C9)할로겐화 방향족 또는 지방족 하이드로카본, 및 이들의 혼합물로 이루어진 그룹으로부터 선택되는 것을 특징으로 하는 (S)-오메프라졸(II)의 제조 방법.",228,True,False,explicit_or_regex_estimated
1020087015906,1020080087805,1012892150000,소멸,소멸,오메프라졸의 (에스)-엔안티오머의 제조 방법,"유니온 퀴미코 파르마세우티카, 에스.에이.",18,"18. 제 9항에 있어서, 상기 생성물을 상기 생성물의 약학적으로 수용가능한 염으로 전환하는 단계를 더 포함하는 것을 특징으로 하는 (S)-오메프라졸(II)의 제조 방법.",95,True,False,explicit_or_regex_estimated
1020087015906,1020080087805,1012892150000,소멸,소멸,오메프라졸의 (에스)-엔안티오머의 제조 방법,"유니온 퀴미코 파르마세우티카, 에스.에이.",19,"19. 제 10항에 있어서,상기 생성물을 상기 생성물의 약학적으로 수용가능한 염으로 전환하는 단계를 더 포함하는 것을 특징으로 하는 (S)-오메프라졸(II)의 제조 방법.",95,True,False,explicit_or_regex_estimated
1020087027440,1020080109080,1010581330000,소멸,소멸,내향성 네일용 네일 정형구,우에무라 후미코,1,"1. 네일의 표면에 장착되는 내향성 네일용 네일 정형구로서: 스프링 판재에 의해 네일의 폭에 대응하는 폭으로 형성된 본체부 및 상기 본체부를 덮은 상태에서 손발가락에 둘러 감기고 또한 손발가락의 표면에 부착 설치되는 반창고를 구비하고, 상기 반창고는 점착면을 갖는 시트상 기재와, 상기 시트상 기재의 점착면을 덮도록 박리 가능하게 부착 설치되는 박리지를 갖고, 상기 시트상 기재의 길이 중앙부의 점착면 상에는 상기 본체부를 접합하는 패드가 고정되어 있고, 상기 본체부의 선단 가장자리의 적어도 양측 부분에 하방으로 되접어 꺾인 고정편이 설치됨과 아울러, 이 고정편과 상기 본체부 사이에 네일 끝이 들어가서 고정되는 홈이 형성되어 있고, 상기 홈에 네일 끝이 들어간 상태일 때 상기 본체부가 휘어져서 그 양측 부분에 복원력을 발생시키도록 한 것을 특징으로 하는 내향성 네일용 네일 정형구.",440,False,True,explicit_or_regex_estimated
1020087027440,1020080109080,1010581330000,소멸,소멸,내향성 네일용 네일 정형구,우에무라 후미코,3,"3. 제 1 항에 있어서, 상기 본체부의 이면은 네일의 표면에 점착할 수 있는 점착면으로 되어 있는 것을 특징으로 하는 내향성 네일용 네일 정형구.",82,True,False,explicit_or_regex_estimated
1020087027440,1020080109080,1010581330000,소멸,소멸,내향성 네일용 네일 정형구,우에무라 후미코,4,"4. 제 1 항에 있어서, 상기 본체부의 전단 가장자리와 후단 가장자리 중 적어도 한쪽은 폭 중앙부가 내측으로 잘록하게 되어 있는 것을 특징으로 하는 내향성 네일용 네일 정형구.",99,True,False,explicit_or_regex_estimated
1020087027440,1020080109080,1010581330000,소멸,소멸,내향성 네일용 네일 정형구,우에무라 후미코,5,"5. 제 1 항에 있어서, 상기 홈은 네일의 두께에 따라 상기 고정편이 확대됨으로써 홈 개구가 개방되도록 되어 있는 것을 특징으로 하는 내향성 네일용 네일 정형구.",91,True,False,explicit_or_regex_estimated
1020087027440,1020080109080,1010581330000,소멸,소멸,내향성 네일용 네일 정형구,우에무라 후미코,9,"9. 제 1 항에 있어서, 상기 패드의 적어도 양단부에는 약제가 함침되거나 또는 도포되어 있는 것을 특징으로 하는 내향성 네일용 네일 정형구.",79,True,False,explicit_or_regex_estimated
1020087031089,1020090034314,,거절,거절,실질적인 희박 연소 주행의 내연기관을 갖는 차량의 열적 변형된 산화질소 저장촉매의 차내 재활성화 방법,우미코레 아게 운트 코 카게,1,"1. 산화세륨을 함유하는 지지재료의 스트론튬 및 바륨 화합물 또는 염기성 스트론튬 또는 바륨 화합물을 포함하고 열적 노화에 의해서 형성된 지지재료에서 스트론튬 및/또는 바륨 화합물을 추가로 함유하며 린번 엔진을 갖는 차량의 배기가스의 정화를 위하여 사용되는, 열적 노화된 산화질소 저장촉매의 실내 재활성화 방법으로서, 지지재료에서의 스트론튬 및/또는 바륨 화합물은 가스 혼합물에 의해서 처리하여 정상 구동작동 동안 분해되며, 상기 가스 혼합물은 이산화탄소, 선택적으로 수증기 및 선택적으로 산화질소를 함유하고, 분해공정 동안 가스 혼합물의 산소성분이 공기 지수 λ= 1을 초과하지 않는 상태에서 차량 엔진에 의해서 발생되는, 재활성화 방법.",358,False,True,explicit_or_regex_estimated
1020087031089,1020090034314,,거절,거절,실질적인 희박 연소 주행의 내연기관을 갖는 차량의 열적 변형된 산화질소 저장촉매의 차내 재활성화 방법,우미코레 아게 운트 코 카게,2,"2. 제 1 항에 있어서,상기 산화질소 저장촉매는 린번 엔진을 구비한 차량의 배기가스 정화유닛의 구성요소이고, 상기 촉매의 재활성화에 필요한 가스 혼합물의 발생은 200℃ 내지 950℃ 범위의 배기가스 온도를 갖는 린번 엔진의 작동 상태에서 실행되는, 재활성화 방법.",149,True,False,explicit_or_regex_estimated
1020087031089,1020090034314,,거절,거절,실질적인 희박 연소 주행의 내연기관을 갖는 차량의 열적 변형된 산화질소 저장촉매의 차내 재활성화 방법,우미코레 아게 운트 코 카게,3,"3. 제 2 항에 있어서,화학량론 공연비는 재활성화를 위해서 사용된 배기가스가 공기 지수 λ= 1을 가지며 재활성화의 지속기간이 적어도 몇분이되도록 촉매의 재활성화를 위해서 사용된 린번 엔진의 작동 상태에서 세팅되는, 재활성화 방법.",130,True,False,explicit_or_regex_estimated
1020087031089,1020090034314,,거절,거절,실질적인 희박 연소 주행의 내연기관을 갖는 차량의 열적 변형된 산화질소 저장촉매의 차내 재활성화 방법,우미코레 아게 운트 코 카게,4,"4. 제 2 항에 있어서,화학량론 공연비는 재활성화를 위해서 사용된 배기가스가 공기 지수 λ&lt; 1을 가지며 재활성화의 지속기간이 적어도 몇분이 되도록 촉매의 재활성화를 위해서 사용된 린번 엔진의 작동 상태에서 세팅되는, 재활성화 방법.",134,True,False,explicit_or_regex_estimated
1020087031089,1020090034314,,거절,거절,실질적인 희박 연소 주행의 내연기관을 갖는 차량의 열적 변형된 산화질소 저장촉매의 차내 재활성화 방법,우미코레 아게 운트 코 카게,5,"5. 제 3 항 또는 제 4 항에 있어서,촉매의 재활성를 위해서 사용된 배기가스는 5 내지 20용적%의 이산화탄소, 5 내지 15용적%의 수증기, 0 내지 5용적%의 이산화질소, 나머지로서 필수적으로 질소를 함유하는, 재활성화 방법.",130,True,False,explicit_or_regex_estimated
1020087031089,1020090034314,,거절,거절,실질적인 희박 연소 주행의 내연기관을 갖는 차량의 열적 변형된 산화질소 저장촉매의 차내 재활성화 방법,우미코레 아게 운트 코 카게,6,"6. 제 3 항 또는 제 4 항에 있어서,상기 배기가스 정화유닛은 적어도 하나의 촉매 변환기를 함유하는, 재활성화 방법.",67,True,False,explicit_or_regex_estimated
1020087031089,1020090034314,,거절,거절,실질적인 희박 연소 주행의 내연기관을 갖는 차량의 열적 변형된 산화질소 저장촉매의 차내 재활성화 방법,우미코레 아게 운트 코 카게,7,"7. 제 6 항에 있어서,상기 배기가스 정화유닛은 엔진에 인접한 적어도 하나의 촉매 변환기와 저면 변환기(underbody converter)를 수용하는, 재활성화 방법.",95,True,False,explicit_or_regex_estimated
1020087031089,1020090034314,,거절,거절,실질적인 희박 연소 주행의 내연기관을 갖는 차량의 열적 변형된 산화질소 저장촉매의 차내 재활성화 방법,우미코레 아게 운트 코 카게,8,"8. 제 7 항에 있어서,양 변환기들은 적어도 하나의 산화질소 저장촉매를 수용하는, 재활성화 방법.",55,True,False,explicit_or_regex_estimated
1020087031089,1020090034314,,거절,거절,실질적인 희박 연소 주행의 내연기관을 갖는 차량의 열적 변형된 산화질소 저장촉매의 차내 재활성화 방법,우미코레 아게 운트 코 카게,9,"9. 제 7 항에 있어서,상기 엔진에 인접한 상기 변환기는 삼원촉매를 수용하고 상기 저면 변환기는 산화질소 저장촉매를 수용하는, 재활성화 방법.",80,True,False,explicit_or_regex_estimated
1020087031089,1020090034314,,거절,거절,실질적인 희박 연소 주행의 내연기관을 갖는 차량의 열적 변형된 산화질소 저장촉매의 차내 재활성화 방법,우미코레 아게 운트 코 카게,10,"10. 제 7 항에 있어서,상기 엔진에 인접한 상기 변환기는 디젤 산화촉매를 수용하고 상기 저면 변환기는 산화질소 저장촉매를 수용하는, 재활성화 방법.",84,True,False,explicit_or_regex_estimated
1020087031089,1020090034314,,거절,거절,실질적인 희박 연소 주행의 내연기관을 갖는 차량의 열적 변형된 산화질소 저장촉매의 차내 재활성화 방법,우미코레 아게 운트 코 카게,11,"11. 제 9 항 또는 제 10 항에 있어서,상기 저면 변환기의 상류측 온도는 300℃ 내지 850℃인, 재활성화 방법.",67,True,False,explicit_or_regex_estimated
1020087031089,1020090034314,,거절,거절,실질적인 희박 연소 주행의 내연기관을 갖는 차량의 열적 변형된 산화질소 저장촉매의 차내 재활성화 방법,우미코레 아게 운트 코 카게,12,"12. 제 1 항에 있어서,상기 엔진에 의해서 발생된 가스 혼합물의 공기 지수를 조정하기 위하여, 환원제가 상기 배기가스 유닛에 제공된 제 1 산화질소 저장촉매의 배기 가스열(exhaust gas train) 상류 안으로 직접 도입되는, 재활성화 방법.",141,True,False,explicit_or_regex_estimated
1020090019052,1020100100269,,거절,거절,리프트 핀 및 이를 포함하는 웨이퍼 처리 장치,주식회사 미코,1,"1. 웨이퍼가 놓여지는 서셉터의 관통홀에 수직 방향으로 이동이 가능하도록 삽입된 몸통부; 및 상기 몸통부의 상부면에 체결되어 상기 웨이퍼를 지지하며, 상기 웨이퍼의 스크래치(scatch) 불량을 방지하기 위하여 상기 웨이퍼보다 경도가 낮은 물질로 재질로 이루어진 지지부를 포함하는 리프트 핀.",163,False,True,explicit_or_regex_estimated
1020090019052,1020100100269,,거절,거절,리프트 핀 및 이를 포함하는 웨이퍼 처리 장치,주식회사 미코,2,"2. 제1항에 있어서, 상기 지지부는 이트리아(Y2O3) 재질을 포함하는 것을 특징으로 하는 리프트 핀.",58,True,False,explicit_or_regex_estimated
1020090019052,1020100100269,,거절,거절,리프트 핀 및 이를 포함하는 웨이퍼 처리 장치,주식회사 미코,3,"3. 제1항에 있어서, 상기 몸통부는 상부면에 삽입홀을 갖고, 상기 지지부는 상기 삽입홀에 일부가 돌출되도록 삽입되는 구조를 갖는 것을 특징으로 하는 리프트 핀.",90,True,False,explicit_or_regex_estimated
1020090019052,1020100100269,,거절,거절,리프트 핀 및 이를 포함하는 웨이퍼 처리 장치,주식회사 미코,4,"4. 제3항에 있어서, 상기 삽입홀의 안쪽에는 상기 지지부를 상기 몸통부에 접착시키기 위한 접착 물질이 도포된 것을 특징으로 하는 리프트 핀.",79,True,False,explicit_or_regex_estimated
1020090019052,1020100100269,,거절,거절,리프트 핀 및 이를 포함하는 웨이퍼 처리 장치,주식회사 미코,5,"5. 제3항에 있어서, 상기 지지부는 상기 삽입홀에 삽입될 때 상기 삽입홀에 잔존하는 에어를 수용하기 위하여 중심 부위에 에어홀을 갖는 것을 특징으로 하는 리프트 핀.",93,True,False,explicit_or_regex_estimated
1020090019052,1020100100269,,거절,거절,리프트 핀 및 이를 포함하는 웨이퍼 처리 장치,주식회사 미코,6,"6. 제3항에 있어서, 상기 지지부는 상기 삽입홀에 나사산들을 통해 체결되는 것을 특징으로 하는 리프트 핀.",60,True,False,explicit_or_regex_estimated
1020090019052,1020100100269,,거절,거절,리프트 핀 및 이를 포함하는 웨이퍼 처리 장치,주식회사 미코,7,"7. 제1항에 있어서, 상기 지지부는 상기 몸통부와의 사이에 열압착으로부터 생성된 상변이층을 통하여 체결되는 것을 특징으로 하는 리프트 핀.",78,True,False,explicit_or_regex_estimated
1020090019052,1020100100269,,거절,거절,리프트 핀 및 이를 포함하는 웨이퍼 처리 장치,주식회사 미코,8,"8. 제7항에 있어서, 상기 지지부가 이트리아(Y2O3) 재질로 이루어지고, 상기 몸통부가 알루미나(Al2O3) 재질로 이루어질 경우, 상기 상변이층은 이트륨 알루미늄 가닛(yttrium aluminum garnet) 재질로 생성되는 것을 특징으로 하는 리프트 핀.",148,True,False,explicit_or_regex_estimated
1020090019052,1020100100269,,거절,거절,리프트 핀 및 이를 포함하는 웨이퍼 처리 장치,주식회사 미코,9,"9. 제1항에 있어서, 상기 몸통부는 상부면에 돌기를 갖고, 상기 지지부는 상기 돌기가 삽입되는 삽입홀을 가지며, 상기 돌기는 상기 삽입홀에 나사산들을 통해 체결되는 것을 특징으로 하는 리프트 핀.",110,True,False,explicit_or_regex_estimated
1020090019052,1020100100269,,거절,거절,리프트 핀 및 이를 포함하는 웨이퍼 처리 장치,주식회사 미코,10,"10. 제9항에 있어서, 상기 삽입홀의 안쪽에는 상기 돌기를 상기 지지부에 접착시키기 위한 접착 물질이 도포된 것을 특징으로 하는 리프트 핀.",79,True,False,explicit_or_regex_estimated
1020090019052,1020100100269,,거절,거절,리프트 핀 및 이를 포함하는 웨이퍼 처리 장치,주식회사 미코,11,"11. 웨이퍼를 대상으로 반도체 소자 제조 공정을 수행하기 위한 공간을 제공하며, 외부로부터 반응 가스가 주입되는 반응 챔버; 상기 반응 챔버 내에 배치되어 상기 웨이퍼가 놓여지며, 수직 방향으로 관통된 관통홀을 갖는 서셉터; 상기 서셉터의 상부에 배치되며, 상기 반응 가스로부터 플라즈마를 생성하기 위하여 외부로부터 고주파 전원이 인가되는 고주파 전극; 및 상기 서셉터의 관통홀에 수직 방향으로 이동이 가능하도록 삽입되는 몸통부 및 상기 몸통부의 상부면에 체결되어 상기 웨이퍼를 지지하며 상기 웨이퍼의 스크래치(scratch) 불량을 방지하기 위하여 상기 웨이퍼보다 경도가 낮은 물질로 이루어진 지지부를 갖는 리프트 핀을 포함하는 웨이퍼 처리 장치.",364,False,True,explicit_or_regex_estimated
1020090034644,1020100115963,1010531010000,등록,등록,핫 프레스 소결용 몰드 및 그 제조방법,(주) 미코하이테크,1,"1. 중앙부에 하나 이상의 중공(中空)이 형성되어, 상기 중공 내에 장입된 세라믹 원료가 열 가압 소결법(hot press sintering)에 의하여 소결되도록 이루어진 몰드 본체를 포함하는 핫 프레스용 몰드에 있어서, 상기 몰드 본체의 외주면에 감겨진 몰드 보강섬유를 더 포함하며, 상기 몰드 보강섬유는, 실(yarn) 형태로 방사된 복수의 탄소 재질 섬유가 서로 꼬여서 로프 형태로 형성된 것을 특징으로 하는 핫 프레스 소결용 몰드.",245,False,True,explicit_or_regex_estimated
1020090034644,1020100115963,1010531010000,등록,등록,핫 프레스 소결용 몰드 및 그 제조방법,(주) 미코하이테크,2,"2. 제1항에 있어서, 상기 몰드 본체와 상기 탄소 재질 섬유는 동일한 탄소 재질로 이루어지며, 상기 탄소 재질은 그라파이트(graphite)인 것을 특징으로 하는 핫 프레스 소결용 몰드.",105,True,False,explicit_or_regex_estimated
1020090034644,1020100115963,1010531010000,등록,등록,핫 프레스 소결용 몰드 및 그 제조방법,(주) 미코하이테크,3,"3. 제1항 또는 제2항에 있어서, 상기 몰드 본체는, 상기 몰드 본체를 이루는 다수의 분할된 조각이 서로 결합되어 일체화된 원통 형상으로 이루어진 것을 특징으로 하는 핫 프레스 소결용 몰드.",107,True,False,explicit_or_regex_estimated
1020090034644,1020100115963,1010531010000,등록,등록,핫 프레스 소결용 몰드 및 그 제조방법,(주) 미코하이테크,4,"4. 제3항에 있어서, 상기 다수의 분할된 각각의 몰드 본체의 조각의 외주면에 상기 몰드 보강섬유가 감겨진 것을 특징으로 하는 핫 프레스 소결용 몰드.",84,True,False,explicit_or_regex_estimated
1020090034644,1020100115963,1010531010000,등록,등록,핫 프레스 소결용 몰드 및 그 제조방법,(주) 미코하이테크,5,"5. 세라믹 원료를 열 가압 소결법(hot press sintering)에 의하여 소결하기 위한 핫 프레스 소결용 몰드의 제조방법에 있어서, 실(yarn) 형태로 방사된 복수의 탄소 재질 섬유를 서로 꼬아서 단일 로프 형태의 몰드 보강섬유를 형성하는 보강섬유준비단계; 중앙부에 하나 이상의 중공(中空)이 형성된 탄소 재질 몰드 본체의 외주면에 상기 몰드 보강섬유를 감는 와인딩단계를 포함하는 핫 프레스 소결용 몰드의 제조방법.",238,False,True,explicit_or_regex_estimated
1020090034644,1020100115963,1010531010000,등록,등록,핫 프레스 소결용 몰드 및 그 제조방법,(주) 미코하이테크,6,"6. 제5항에 있어서, 상기 몰드 본체는, 다수의 분할된 조각이 조립되어 이루어지며, 상기 와인딩단계 이전에, 상기 각각의 분할된 조각의 외주면에 상기 몰드 보강섬유를 감는 준비보강단계; 및 상기 분할된 조각을 서로 결합하여 상기 몰드 본체를 조립하는 본체조립단계를 더 포함하는 것을 특징으로 하는 핫 프레스 소결용 몰드의 제조방법.",186,True,False,explicit_or_regex_estimated
1020090034644,1020100115963,1010531010000,등록,등록,핫 프레스 소결용 몰드 및 그 제조방법,(주) 미코하이테크,7,"7. 제5항 또는 제6항에 있어서, 상기 몰드 본체 및 몰드 보강섬유의 탄소재질은, 그라파이트(graphite)인 것을 특징으로 하는 핫 프레스 소결용 몰드의 제조방법.",94,True,False,explicit_or_regex_estimated
1020090077369,,1009973740000,등록,등록,정전척 및 이의 제조 방법,주식회사 미코,1,1. 베이스 기재; 상기 베이스 기재 상에 형성된 제1 절연층; 상기 제1 절연층 상에 형성된 정전기력 발생용 전극층; 상기 전극층 상에 형성된 비정질의 제1 유전층; 및 상기 제1 유전층 상에 형성된 결정질의 제2 유전층을 포함하는 정전척.,135,False,True,explicit_or_regex_estimated
1020090077369,,1009973740000,등록,등록,정전척 및 이의 제조 방법,주식회사 미코,3,"3. 제1항에 있어서, 상기 제1 유전층의 두께는 100㎛ 내지 300㎛이고, 상기 제2 유전층의 두께는 200㎛ 내지 400㎛인 것을 특징으로 하는 정전척.",88,True,False,explicit_or_regex_estimated
1020090077369,,1009973740000,등록,등록,정전척 및 이의 제조 방법,주식회사 미코,4,"4. 제1항에 있어서, 상기 제1 유전층은 기공률이 0.5％ 내지 2％이고, 상기 제2 유전층은 기공률이 3％ 내지 7％인 것을 특징으로 하는 정전척.",84,True,False,explicit_or_regex_estimated
1020090077369,,1009973740000,등록,등록,정전척 및 이의 제조 방법,주식회사 미코,5,"5. 제1항에 있어서, 상기 제1 유전층은 표면 조도(Ra)가 4㎛ 내지 8㎛이고, 상기 제2 유전층은 표면 조도(Ra)가 3㎛ 내지 5㎛인 것을 특징으로 하는 정전척.",94,True,False,explicit_or_regex_estimated
1020090077369,,1009973740000,등록,등록,정전척 및 이의 제조 방법,주식회사 미코,6,"6. 제1항에 있어서, 상기 제1 및 제2 유전층은 경도가 650Hv 이상이고, 접착 강도가 14Mpa 이상인 것을 특징으로 하는 정전척.",77,True,False,explicit_or_regex_estimated
1020090077369,,1009973740000,등록,등록,정전척 및 이의 제조 방법,주식회사 미코,7,"7. 제1항에 있어서, 상기 제1 유전층과 상기 제2 유전층의 통합 체적 저항은 1014 내지 1015 [Ω·㎝]인 것을 특징으로 하는 정전척.",80,True,False,explicit_or_regex_estimated
1020090077369,,1009973740000,등록,등록,정전척 및 이의 제조 방법,주식회사 미코,8,"8. 제1항에 있어서, 상기 전극층은 상기 제1 유전층에 의해 매설되고, 상기 제1 유전층은 상기 제2 유전층에 의해 매설되도록 형성된 것을 특징으로 하는 정전척.",91,True,False,explicit_or_regex_estimated
1020090077369,,1009973740000,등록,등록,정전척 및 이의 제조 방법,주식회사 미코,9,"9. 제1항에 있어서, 상기 제1 절연층의 두께는 400㎛ 내지 600㎛인 것을 특징으로 하는 정전척.",57,True,False,explicit_or_regex_estimated
1020090077369,,1009973740000,등록,등록,정전척 및 이의 제조 방법,주식회사 미코,10,"10. 제1항에 있어서, 상기 베이스 기재와 상기 전극층 사이에 형성된 결정질의 제2 절연층을 더 포함하는 것을 특징으로 하는 정전척.",75,True,False,explicit_or_regex_estimated
1020090077369,,1009973740000,등록,등록,정전척 및 이의 제조 방법,주식회사 미코,11,"11. 제10항에 있어서, 상기 제1 절연층의 두께는 100㎛ 내지 300㎛이고, 상기 제2 절연층의 두께는 200㎛ 내지 400㎛인 것을 특징으로 하는 정전척.",90,True,False,explicit_or_regex_estimated
1020090077369,,1009973740000,등록,등록,정전척 및 이의 제조 방법,주식회사 미코,13,13. 베이스 기재를 준비하는 단계; 상기 베이스 기재 상에 제1 절연층을 형성하는 단계; 상기 제1 절연층 상에 정전기력 발생용 전극층을 형성하는 단계; 상기 전극층 상에 비정질의 제1 유전층을 형성하는 단계; 및 상기 제1 유전층 상에 결정질의 제2 유전층을 형성하는 단계를 포함하는 정전척 제조 방법.,171,False,True,explicit_or_regex_estimated
1020090077369,,1009973740000,등록,등록,정전척 및 이의 제조 방법,주식회사 미코,15,"15. 제13항에 있어서, 상기 제1 유전층은 상기 전극층을 감싸도록 형성되고, 상기 제2 유전층은 상기 제1 절연층, 상기 제1 유전층 및 상기 베이스 기재를 모두 감싸도록 형성되는 것을 특징으로 하는 정전척 제조 방법.",124,True,False,explicit_or_regex_estimated
1020090077369,,1009973740000,등록,등록,정전척 및 이의 제조 방법,주식회사 미코,16,"16. 제13항에 있어서, 상기 제1 절연층, 상기 제1 및 제2 유전층은 대기 플라즈마 용사 공정, 고속 산소-연료 용사 공정, 진공 플라즈마 용사 공정 또는 카이네틱 분사 공정 중 어느 하나에 의해 형성되는 것을 특징으로 하는 정전척 제조 방법.",139,True,False,explicit_or_regex_estimated
1020090077369,,1009973740000,등록,등록,정전척 및 이의 제조 방법,주식회사 미코,17,"17. 제13항에 있어서, 상기 제1 절연층과 상기 제1 및 제2 유전층에 대하여 개별 또는 그룹 단위 또는 일괄적으로 봉공 처리재를 이용하여 봉공 처리하는 단계를 더 포함하는 것을 특징으로 하는 정전척 제조 방법.",120,True,False,explicit_or_regex_estimated
1020090077369,,1009973740000,등록,등록,정전척 및 이의 제조 방법,주식회사 미코,18,"18. 제13항에 있어서, 상기 전극층을 형성하는 단계 이전에 상기 제1 절연층 상에 또는 상기 제1 절연층을 형성하는 단계 이전에 상기 베이스 기재 상에 결정질의 제2 절연층을 형성하는 단계를 더 포함하는 것을 특징으로 하는 정전척 제조 방법.",137,True,False,explicit_or_regex_estimated
1020090077369,,1009973740000,등록,등록,정전척 및 이의 제조 방법,주식회사 미코,19,"19. 제18항에 있어서, 상기 제2 절연층은 대기 플라즈마 용사 공정, 고속 산소-연료 용사 공정, 진공 플라즈마 용사 공정 또는 카이네틱 분사 공정 중 어느 하나에 의해 형성되며, 상기 제1 및 제2 절연층과 상기 제1 및 제2 유전층에 대하여 개별 또는 그룹 단위 또는 일괄적으로 봉공 처리재를 이용하여 봉공 처리하는 단계를 더 포함하는 것을 특징으로 하는 정전척 제조 방법.",213,True,False,explicit_or_regex_estimated
1020090077369,,1009973740000,등록,등록,정전척 및 이의 제조 방법,주식회사 미코,21,"21. 제1항에 있어서, 상기 제1 절연층은 비정질인 것을 특징으로 하는 정전척.",45,True,False,explicit_or_regex_estimated
1020090077369,,1009973740000,등록,등록,정전척 및 이의 제조 방법,주식회사 미코,22,"22. 제13항에 있어서, 상기 제1 절연층은 비정질인 것을 특징으로 하는 정전척 제조 방법.",52,True,False,explicit_or_regex_estimated
1020090100494,1020110043809,,취하,취하,프로브 카드용 기판 및 그 제조 방법,(주) 미코에스앤피,1,1. 세라믹 디스크를 준비하는 단계; 상기 세라믹 디스크의 상하면을 관통하는 도전홀을 형성하는 단계; 상기 도전홀에 접착 페이스트를 충진하는 단계; 상기 접착 페이스트가 충진되어 있는 상기 도전홀의 상단으로 도전핀을 삽입하는 단계; 및 상기 도전핀이 삽입된 상태에서 상기 도전핀을 고정하기 위하여 상기 접착 페이스트를 경화시키는 단계를 포함하는 프로브 카드용 기판의 제조 방법.,211,False,True,explicit_or_regex_estimated
1020090100494,1020110043809,,취하,취하,프로브 카드용 기판 및 그 제조 방법,(주) 미코에스앤피,2,"2. 제1항에 있어서, 상기 도전핀은 상기 도전홀의 상단에 걸리도록 헤드부를 갖는 것을 특징으로 하는 프로브 카드용 기판의 제조 방법.",75,True,False,explicit_or_regex_estimated
1020090100494,1020110043809,,취하,취하,프로브 카드용 기판 및 그 제조 방법,(주) 미코에스앤피,3,"3. 제2항에 있어서, 상기 도전홀은 상단에 단턱을 갖도록 형성되고, 상기 단턱에 상기 도전핀의 상기 헤드부가 걸리도록 삽입되는 것을 특징으로 하는 프로브 카드용 기판의 제조 방법.",101,True,False,explicit_or_regex_estimated
1020090100494,1020110043809,,취하,취하,프로브 카드용 기판 및 그 제조 방법,(주) 미코에스앤피,4,"4. 제3항에 있어서, 상기 도전핀은 상기 헤드부가 상기 단턱에 걸리도록 삽입될 때 상기 세라믹 디스크의 상면으로 상기 헤드부 일부가 돌출되는 것을 특징으로 하는 프로브 카드용 기판의 제조 방법.",109,True,False,explicit_or_regex_estimated
1020090100494,1020110043809,,취하,취하,프로브 카드용 기판 및 그 제조 방법,(주) 미코에스앤피,5,"5. 제2항에 있어서, 상기 접착 페이스트는 에폭시 수지 또는 실리콘 수지를 포함하고, 상기 접착 페이스트의 경화는 상온 내지 200℃의 온도 범위에서 이루어지는 것을 특징으로 하는 프로브 카드용 기판의 제조 방법.",120,True,False,explicit_or_regex_estimated
1020090100494,1020110043809,,취하,취하,프로브 카드용 기판 및 그 제조 방법,(주) 미코에스앤피,6,"6. 제2항에 있어서, 상기 접착 페이스트는 도전성 금속을 포함하고, 상기 접착 페이스트의 경화는 800℃ 내지 900℃의 온도 범위에서 이루어지는 것을 특징으로 하는 프로브 카드용 기판의 제조 방법.",112,True,False,explicit_or_regex_estimated
1020090100494,1020110043809,,취하,취하,프로브 카드용 기판 및 그 제조 방법,(주) 미코에스앤피,7,"7. 제1항에 있어서, 상기 접착 페이스트가 충진되어 있는 상기 도전홀의 하단으로 제2 도전핀을 삽입하는 단계를 더 포함하는 것을 특징으로 하는 프로브 카드용 기판의 제조 방법.",99,True,False,explicit_or_regex_estimated
1020090100494,1020110043809,,취하,취하,프로브 카드용 기판 및 그 제조 방법,(주) 미코에스앤피,8,"8. 제7항에 있어서, 상기 도전핀은 상기 도전홀의 상단에 걸리도록 제1 헤드부를 갖고, 상기 제2 도전핀은 상기 도전홀의 하단에 걸리도록 제2 헤드부를 갖는 것을 특징으로 하는 프로브 카드용 기판의 제조 방법.",118,True,False,explicit_or_regex_estimated
1020090100494,1020110043809,,취하,취하,프로브 카드용 기판 및 그 제조 방법,(주) 미코에스앤피,9,"9. 제8항에 있어서, 상기 도전홀은 상단 및 하단에 각각 제1 및 제2 단턱을 갖도록 형성되며, 상기 제1 단턱에 상기 도전핀의 상기 제1 헤드부가 걸리도록 삽입되고, 상기 제2 단턱에 상기 제2 도전핀의 상기 제2 헤드부가 걸리도록 삽입되는 것을 특징으로 하는 프로브 카드용 기판의 제조 방법.",166,True,False,explicit_or_regex_estimated
1020090100494,1020110043809,,취하,취하,프로브 카드용 기판 및 그 제조 방법,(주) 미코에스앤피,10,"10. 제9항에 있어서, 상기 도전핀은 상기 제1 헤드부가 상기 제1 단턱에 걸리도록 삽입될 때 상기 세라믹 디스크의 상면으로 상기 제1 헤드부 일부가 돌출되고, 상기 제2 도전핀은 상기 제2 헤드부가 상기 제2 단턱에 걸리도록 삽입될 때 상기 세라믹 디스크의 하면으로 상기 제2 헤드부 일부가 돌출되는 것을 특징으로 하는 프로브 카드용 기판의 제조 방법.",199,True,False,explicit_or_regex_estimated
1020090100494,1020110043809,,취하,취하,프로브 카드용 기판 및 그 제조 방법,(주) 미코에스앤피,11,"11. 제7항에 있어서, 상기 접착 페이스트는 도전성 에폭시 수지 또는 도전성 실리콘 수지를 포함하고, 상기 접착 페이스트의 경화는 상온 내지 200℃의 온도 범위에서 이루어지는 것을 특징으로 하는 프로브 카드용 기판의 제조 방법.",129,True,False,explicit_or_regex_estimated
1020090100494,1020110043809,,취하,취하,프로브 카드용 기판 및 그 제조 방법,(주) 미코에스앤피,12,"12. 제7항에 있어서, 상기 접착 페이스트는 도전성 금속을 포함하고, 상기 접착 페이스트의 경화는 800℃ 내지 900℃의 온도 범위에서 이루어지는 것을 특징으로 하는 프로브 카드용 기판의 제조 방법.",113,True,False,explicit_or_regex_estimated
1020090100494,1020110043809,,취하,취하,프로브 카드용 기판 및 그 제조 방법,(주) 미코에스앤피,13,"13. 제7항에 있어서, 상기 도전핀의 길이와 상기 제2 도전핀의 길이의 합은 상기 도전홀의 길이보다 작은 길이를 갖는 것을 특징으로 하는 프로브 카드용 기판의 제조 방법.",96,True,False,explicit_or_regex_estimated
1020090100494,1020110043809,,취하,취하,프로브 카드용 기판 및 그 제조 방법,(주) 미코에스앤피,14,14. 상하면을 관통하는 도전홀을 갖는 세라믹 디스크; 상기 도전홀의 상단으로 삽입되며 상기 도전홀의 상단에 걸리도록 헤드부를 갖는 도전핀; 및 상기 도전홀에 충진되고 상기 도전핀을 고정하는 경화 상태의 접착층을 포함하는 프로브 카드용 기판.,135,False,True,explicit_or_regex_estimated
1020090100494,1020110043809,,취하,취하,프로브 카드용 기판 및 그 제조 방법,(주) 미코에스앤피,15,"15. 제14항에 있어서, 상기 도전홀은 상단에 상기 헤드부가 삽입되어 걸리는 단턱을 갖는 것을 특징으로 하는 프로브 카드용 기판.",73,True,False,explicit_or_regex_estimated
1020090100494,1020110043809,,취하,취하,프로브 카드용 기판 및 그 제조 방법,(주) 미코에스앤피,16,"16. 제15항에 있어서, 상기 도전핀은 상기 헤드부가 상기 단턱에 걸리도록 삽입될 때 상기 세라믹 디스크의 상면으로 상기 헤드부 일부가 돌출되고, 상기 헤드부의 반대편에 위치하는 상기 도전핀의 타단 일부가 상기 세라믹 디스크의 하면으로 돌출되는 것을 특징으로 하는 프로브 카드용 기판.",160,True,False,explicit_or_regex_estimated
1020090100494,1020110043809,,취하,취하,프로브 카드용 기판 및 그 제조 방법,(주) 미코에스앤피,17,"17. 제14항에 있어서, 상기 도전홀의 하단으로 삽입되며 상기 도전홀의 하단에 걸리도록 제2 헤드부를 갖는 제2 도전핀을 더 포함하는 것을 특징으로 하는 프로브 카드용 기판.",98,True,False,explicit_or_regex_estimated
1020090100494,1020110043809,,취하,취하,프로브 카드용 기판 및 그 제조 방법,(주) 미코에스앤피,18,"18. 제17항에 있어서, 상기 도전홀은 상단에 상기 헤드부가 삽입되어 걸리는 제1 단턱을 갖고, 하단에 상기 제2 헤드부가 삽입되어 걸리는 제2 단턱을 갖는 것을 특징으로 하는 프로브 카드용 기판.",111,True,False,explicit_or_regex_estimated
1020090100494,1020110043809,,취하,취하,프로브 카드용 기판 및 그 제조 방법,(주) 미코에스앤피,19,"19. 제18항에 있어서, 상기 도전핀은 상기 헤드부가 상기 제1 단턱에 걸리도록 삽입될 때 상기 세라믹 디스크의 상면으로 상기 헤드부 일부가 돌출되며, 상기 제2 도전핀은 상기 제2 헤드부가 상기 제2 단턱에 걸리도록 삽입될 때 상기 세라믹 디스크의 하면으로 상기 제2 헤드부 일부가 돌출된 것을 특징으로 하는 프로브 카드용 기판.",186,True,False,explicit_or_regex_estimated
1020090100494,1020110043809,,취하,취하,프로브 카드용 기판 및 그 제조 방법,(주) 미코에스앤피,20,"20. 제17항에 있어서, 상기 도전핀의 길이와 상기 제2 도전핀의 길이의 합은 상기 도전홀의 길이보다 작은 길이를 갖는 것을 특징으로 하는 프로브 카드용 기판.",90,True,False,explicit_or_regex_estimated
1020090107972,1020110051411,1016067290000,등록,등록,홀을 갖는 대상물을 세정하는 장치,(주)코미코,1,"1. 다수의 홀들을 갖는 대상물을 세정하기 위한 공간을 제공하는 세정 챔버; 및 상기 세정 챔버 내부로 세정 가스를 공급하고, 상기 공급된 세정 가스를 배출하며, 상기 대상물 상의 불순물을 제거하기 위하여 상기 세정 가스의 공급과 배출 동작들을 제어하여 상기 세정 챔버 내에서 압력 맥동을 발생시키는 압력 제어 유닛을 포함하고, 상기 대상물은 상기 세정 챔버 내에 배치되며, 상기 압력 제어 유닛은 상기 세정 가스가 상기 대상물의 홀들을 통하여 흐르도록 상기 세정 챔버의 서로 마주하는 부위들에 연결되는 것을 특징으로 하는 세정 장치.",299,False,True,explicit_or_regex_estimated
1020090107972,1020110051411,1016067290000,등록,등록,홀을 갖는 대상물을 세정하는 장치,(주)코미코,3,"3. 제1항에 있어서, 상기 대상물 상으로 광을 조사하기 위한 적어도 하나의 램프를 더 포함하는 것을 특징으로 하는 세정 장치.",71,True,False,explicit_or_regex_estimated
1020090107972,1020110051411,1016067290000,등록,등록,홀을 갖는 대상물을 세정하는 장치,(주)코미코,4,"4. 개방된 상부를 갖는 하부 챔버와 상기 개방된 상부를 개폐하는 커버를 포함하며 다수의 홀들을 갖는 대상물을 세정하기 위한 공간을 제공하는 세정 챔버; 상기 커버와 연결되며 상기 세정 챔버 내부로 세정 가스를 공급하는 가스 공급부; 상기 하부 챔버와 연결되며 상기 세정 챔버 내부로 공급된 세정 가스를 배출시키기 위한 배기부; 및 상기 가스 공급과 가스 배출 동작들을 교대로 진행하여 상기 세정 챔버 내에서의 압력 맥동에 의해 상기 대상물 상의 불순물이 제거되도록 상기 가스 공급부와 상기 배기부를 제어하는 제어부를 포함하고, 상기 커버는 상기 하부 챔버에 힌지(hinge)를 이용하여 결합되며 상기 커버와 하부 챔버 사이에는 세정 공정이 수행되는 동안 상기 세정 챔버를 밀폐시키기 위한 밀봉 부재가 배치되는 것을 특징으로 하는 세정 장치.",415,False,True,explicit_or_regex_estimated
1020090107972,1020110051411,1016067290000,등록,등록,홀을 갖는 대상물을 세정하는 장치,(주)코미코,6,"6. 제4항에 있어서, 상기 세정 챔버 내에 배치되며 상기 대상물에 광을 조사하기 위한 적어도 하나의 램프를 더 포함하는 것을 특징으로 하는 세정 장치.",85,True,False,explicit_or_regex_estimated
1020090107972,1020110051411,1016067290000,등록,등록,홀을 갖는 대상물을 세정하는 장치,(주)코미코,7,"7. 제6항에 있어서, 상기 커버에는 자외선 램프가 장착되는 것을 특징으로 하는 세정 장치.",51,True,False,explicit_or_regex_estimated
1020090107972,1020110051411,1016067290000,등록,등록,홀을 갖는 대상물을 세정하는 장치,(주)코미코,8,"8. 제6항에 있어서, 상기 커버에는 제1 파장을 갖는 제1 자외선 램프와 상기 제1 파장과 다른 제2 파장을 갖는 제2 자외선 램프가 장착되는 것을 특징으로 하는 세정 장치.",98,True,False,explicit_or_regex_estimated
1020090107972,1020110051411,1016067290000,등록,등록,홀을 갖는 대상물을 세정하는 장치,(주)코미코,9,"9. 제6항에 있어서, 상기 하부 챔버의 내측면 상에는 반사경이 배치되는 것을 특징으로 하는 세정 장치.",58,True,False,explicit_or_regex_estimated
1020090107972,1020110051411,1016067290000,등록,등록,홀을 갖는 대상물을 세정하는 장치,(주)코미코,10,"10. 제4항에 있어서, 상기 대상물은 플레이트 형태를 갖고 상기 하부 챔버 내에 구비된 서포트 부재에 의해 수평 방향으로 지지되며, 상기 세정 가스는 상기 대상물의 홀들을 통해 하방으로 흐르는 것을 특징으로 하는 세정 장치.",126,True,False,explicit_or_regex_estimated
1020090107972,1020110051411,1016067290000,등록,등록,홀을 갖는 대상물을 세정하는 장치,(주)코미코,11,"11. 제4항에 있어서, 상기 하부 챔버는 깔때기 형상을 가지며 상기 배기부는 상기 하부 챔버의 하단 부위에 연결되는 것을 특징으로 하는 세정 장치.",83,True,False,explicit_or_regex_estimated
1020090107972,1020110051411,1016067290000,등록,등록,홀을 갖는 대상물을 세정하는 장치,(주)코미코,12,"12. 제4항에 있어서, 상기 세정 챔버 내부의 압력은 1.8MPa 내지 3MPa 범위의 제1 압력값과 0.08MPa 내지 0.18MPa 범위의 제2 압력값 사이에서 맥동하는 것을 특징으로 하는 세정 장치.",115,True,False,explicit_or_regex_estimated
1020090107972,1020110051411,1016067290000,등록,등록,홀을 갖는 대상물을 세정하는 장치,(주)코미코,13,"13. 제4항에 있어서, 상기 세정 챔버 내부의 압력을 측정하기 위한 압력계를 더 포함하는 것을 특징으로 하는 세정 장치.",68,True,False,explicit_or_regex_estimated
1020090107972,1020110051411,1016067290000,등록,등록,홀을 갖는 대상물을 세정하는 장치,(주)코미코,14,"14. 제4항에 있어서, 상기 가스 공급부는, 상기 세정 가스를 저장하는 가스 소스; 상기 가스 소스로부터 공급되는 상기 세정 가스의 유량을 조절하는 밸브; 상기 세정 가스로부터 불순물을 제거하기 위한 필터; 및 상기 가스 소스로부터 상기 밸브 및 상기 필터를 경유하여 상기 세정 가스를 상기 세정 챔버로 공급하기 위한 가스 공급 라인을 포함하는 것을 특징으로 하는 세정 장치.",211,True,False,explicit_or_regex_estimated
1020090107972,1020110051411,1016067290000,등록,등록,홀을 갖는 대상물을 세정하는 장치,(주)코미코,15,"15. 제14항에 있어서, 상기 가스 공급부는, 상기 가스 공급 라인과 연결된 다수의 제2 가스 공급 라인들; 및 상기 제2 가스 공급 라인들에 연결되며 상기 세정 챔버 내부로 상기 세정 가스를 공급하기 위한 다수의 노즐들을 더 포함하는 것을 특징으로 하는 세정 장치.",150,True,False,explicit_or_regex_estimated
1020090107972,1020110051411,1016067290000,등록,등록,홀을 갖는 대상물을 세정하는 장치,(주)코미코,16,"16. 제4항에 있어서, 상기 세정 가스는 질소, 공기 또는 불활성 가스를 포함하는 것을 특징으로 하는 세정 장치.",64,True,False,explicit_or_regex_estimated
1020090107972,1020110051411,1016067290000,등록,등록,홀을 갖는 대상물을 세정하는 장치,(주)코미코,17,"17. 제4항에 있어서, 상기 배기부는, 상기 세정 가스를 상기 세정 챔버로부터 배출시키기 위한 펌프; 상기 세정 챔버로부터 배출되는 세정 가스의 유량을 조절하기 위한 밸브; 및 상기 세정 챔버로부터 상기 밸브를 경유하여 상기 펌프를 연결하는 가스 배출 라인을 포함하는 것을 특징으로 하는 세정 장치.",168,True,False,explicit_or_regex_estimated
1020090107972,1020110051411,1016067290000,등록,등록,홀을 갖는 대상물을 세정하는 장치,(주)코미코,18,"18. 제17항에 있어서, 상기 가스 배출 라인으로부터 분기된 제2 가스 배출 라인; 및 상기 제2 가스 배출 라인과 연결되어 상기 배출되는 세정 가스의 일부를 흡입하며 상기 흡입된 세정 가스에 포함된 파티클들을 수를 측정하기 위한 파티클 카운터를 더 포함하는 것을 특징으로 하는 세정 장치.",163,True,False,explicit_or_regex_estimated
1020090107972,1020110051411,1016067290000,등록,등록,홀을 갖는 대상물을 세정하는 장치,(주)코미코,19,"19. 제18항에 있어서, 상기 제2 가스 배출 라인에 배치되어 상기 제2 가스 배출 라인을 통해 배출되는 세정 가스의 유량을 조절하는 제2 밸브를 더 포함하는 것을 특징으로 하는 세정 장치.",107,True,False,explicit_or_regex_estimated
1020090107972,1020110051411,1016067290000,등록,등록,홀을 갖는 대상물을 세정하는 장치,(주)코미코,20,"20. 제18항에 있어서, 상기 제2 가스 배출 라인에 배치되어 상기 제2 가스 배출 라인을 통해 배출되는 세정 가스의 유량을 측정하기 위한 유량계를 더 포함하는 것을 특징으로 하는 세정 장치.",108,True,False,explicit_or_regex_estimated
1020097006485,1020090045412,1014364100000,등록,등록,금속 또는 세라믹 코어 물질을 포함하는 코어/쉘형 촉매 입자 및 이의 제조방법,우미코레 아게 운트 코 카게,1,"1. M코어/M쉘 구조(여기서, M코어 = 내부 입자 코어의 물질, M쉘 = 외부 입자 쉘의 물질)를 포함하는 촉매 입자로서, 상기 촉매 입자의 중간 직경(d코어+쉘)이 20 내지 100㎚의 범위이고, 상기 외부 입자 쉘의 두께(t쉘)가 상기 내부 입자 코어(d코어)의 5 내지 20%이며: t쉘 ~ 0.05 - 0.2 d코어 [여기서, t쉘 = (d코어+쉘 - d코어)/2],상기 내부 입자 코어의 물질(M코어)이 세라믹 물질을 포함하고, 상기 외부 입자 쉘의 물질(M쉘)이 3개 이상의 원자 층(atomic layer)을 포함하며 귀금속, 귀금속 합금 또는 이들의 혼합물을 포함하는, 촉매 입자.",335,False,True,explicit_or_regex_estimated
1020097006485,1020090045412,1014364100000,등록,등록,금속 또는 세라믹 코어 물질을 포함하는 코어/쉘형 촉매 입자 및 이의 제조방법,우미코레 아게 운트 코 카게,2,"2. 제1항에 있어서, 상기 세라믹 물질이 무기 산화물, 무기 질화물, 혼합 무기 산화물, 페로브스카이트, 스피넬, 안정화 무기 산화물 및 도핑된 무기 산화물 및 이들의 혼합물 또는 배합물로 이루어진 그룹으로부터 선택되는, 촉매 입자.",131,True,False,explicit_or_regex_estimated
1020097006485,1020090045412,1014364100000,등록,등록,금속 또는 세라믹 코어 물질을 포함하는 코어/쉘형 촉매 입자 및 이의 제조방법,우미코레 아게 운트 코 카게,3,"3. 제1항 또는 제2항에 있어서, 상기 세라믹 물질이 알루미나(Al2O3), 지르코니아(ZrO2), 티타니아(TiO2), 이산화주석(SnO2), 세리아(예: Ce2O3 및/또는 CeO2), MgO/SiO2, CaO/(Al2O3/SiO2), MgAl2O4 또는 CoAl2O4, Ce/ZrO2, Y2O3-ZrO2, La2O3-ZrO2 또는 SnO2(F)를 포함하는, 촉매 입자.",210,True,False,explicit_or_regex_estimated
1020097006485,1020090045412,1014364100000,등록,등록,금속 또는 세라믹 코어 물질을 포함하는 코어/쉘형 촉매 입자 및 이의 제조방법,우미코레 아게 운트 코 카게,4,"4. 제1항 또는 제2항에 있어서, 상기 외부 입자 쉘(M쉘)이 루테늄(Ru), 오스뮴(Os), 로듐(Rh), 이리듐(Ir), 팔라듐(Pd), 백금(Pt), 은(Ag) 및 금(Au) 및 이들의 합금 및/또는 혼합물로 이루어진 그룹으로부터 선택된 귀금속을 포함하는, 촉매 입자.",154,True,False,explicit_or_regex_estimated
1020097006485,1020090045412,1014364100000,등록,등록,금속 또는 세라믹 코어 물질을 포함하는 코어/쉘형 촉매 입자 및 이의 제조방법,우미코레 아게 운트 코 카게,5,"5. 제1항 또는 제2항에 있어서, 상기 외부 입자 쉘(M쉘)이 귀금속과 하나 이상의 비(卑)금속(base metal)과의 합금을 포함하는, 촉매 입자.",85,True,False,explicit_or_regex_estimated
1020097006485,1020090045412,1014364100000,등록,등록,금속 또는 세라믹 코어 물질을 포함하는 코어/쉘형 촉매 입자 및 이의 제조방법,우미코레 아게 운트 코 카게,6,"6. 제1항 또는 제2항에 있어서, 상기 외부 입자 쉘의 물질(M쉘)이 Pt, PtRu, Pt/Ni, Pt/Cr, PtCo, PtCu 및 PtRuW로 이루어진 그룹으로부터 선택되는, 촉매 입자.",108,True,False,explicit_or_regex_estimated
1020097006485,1020090045412,1014364100000,등록,등록,금속 또는 세라믹 코어 물질을 포함하는 코어/쉘형 촉매 입자 및 이의 제조방법,우미코레 아게 운트 코 카게,7,"7. 제1항 또는 제2항에 있어서, 연료 전지에서 전극촉매로서 사용되는, 촉매 입자.",47,True,False,explicit_or_regex_estimated
1020097006485,1020090045412,1014364100000,등록,등록,금속 또는 세라믹 코어 물질을 포함하는 코어/쉘형 촉매 입자 및 이의 제조방법,우미코레 아게 운트 코 카게,8,"8. 제1항 또는 제2항에 있어서, 기체상 촉매 또는 자동차용 촉매 전환장치에서 사용되는, 촉매 입자.",57,True,False,explicit_or_regex_estimated
1020097006485,1020090045412,1014364100000,등록,등록,금속 또는 세라믹 코어 물질을 포함하는 코어/쉘형 촉매 입자 및 이의 제조방법,우미코레 아게 운트 코 카게,9,"9. 지지재로 지지된, 제1항 또는 제2항에 기재된 촉매 입자를 포함하는, 연료 전지용 전극촉매.",54,True,False,explicit_or_regex_estimated
1020097006485,1020090045412,1014364100000,등록,등록,금속 또는 세라믹 코어 물질을 포함하는 코어/쉘형 촉매 입자 및 이의 제조방법,우미코레 아게 운트 코 카게,10,"10. 제9항에 있어서, 상기 지지재가 전기전도성 카본 블랙 또는 흑연인, 전극촉매.",47,True,False,explicit_or_regex_estimated
1020097006485,1020090045412,1014364100000,등록,등록,금속 또는 세라믹 코어 물질을 포함하는 코어/쉘형 촉매 입자 및 이의 제조방법,우미코레 아게 운트 코 카게,11,"11. 제9항에 있어서, 상기 지지재 위의 촉매 입자 부하량이 지지된 전극촉매의 총 중량을 기준으로 하여, 10 내지 90중량%의 범위인, 전극촉매.",83,True,False,explicit_or_regex_estimated
1020097006485,1020090045412,1014364100000,등록,등록,금속 또는 세라믹 코어 물질을 포함하는 코어/쉘형 촉매 입자 및 이의 제조방법,우미코레 아게 운트 코 카게,12,"12. 외부 입자 쉘(M쉘)을 습식 화학적 환원방법으로 코어 물질(M코어)에 도포함을 포함하는, 제1항 또는 제2항에 기재된 촉매 입자의 제조방법.",82,True,False,explicit_or_regex_estimated
1020097006485,1020090045412,1014364100000,등록,등록,금속 또는 세라믹 코어 물질을 포함하는 코어/쉘형 촉매 입자 및 이의 제조방법,우미코레 아게 운트 코 카게,13,"13. 제12항에 있어서, 상기 외부 입자 쉘(M쉘)이 콜로이드성 분산액으로부터 귀금속 입자를 침착시켜 도포되는, 촉매 입자의 제조방법.",76,True,False,explicit_or_regex_estimated
1020097006485,1020090045412,1014364100000,등록,등록,금속 또는 세라믹 코어 물질을 포함하는 코어/쉘형 촉매 입자 및 이의 제조방법,우미코레 아게 운트 코 카게,14,"14. 제12항에 있어서, 200 내지 500℃의 온도 범위에서 0.5 내지 2시간 동안의 열처리 단계를 추가로 포함하는, 촉매 입자의 제조방법.",81,True,False,explicit_or_regex_estimated
1020097006485,1020090045412,1014364100000,등록,등록,금속 또는 세라믹 코어 물질을 포함하는 코어/쉘형 촉매 입자 및 이의 제조방법,우미코레 아게 운트 코 카게,15,"15. 제12항에 있어서, 적합한 지지재로의 지지 단계를 추가로 포함하는, 촉매 입자의 제조방법.",54,True,False,explicit_or_regex_estimated
1020097006485,1020090045412,1014364100000,등록,등록,금속 또는 세라믹 코어 물질을 포함하는 코어/쉘형 촉매 입자 및 이의 제조방법,우미코레 아게 운트 코 카게,16,"16. 외부 입자 쉘(M쉘)을 전기도금법, 시멘트 접합법(cementation), 금속교환법, UPD, 플라즈마 피복법, 증착법, 물리적 증착법(PVD), 화학적 증착법(CVD) 또는 원자 층 침착법(ALD)으로 코어 물질(M코어)에 도포함을 포함하는, 제1항 또는 제2항에 기재된 촉매 입자의 제조방법.",170,True,False,explicit_or_regex_estimated
1020097006485,1020090045412,1014364100000,등록,등록,금속 또는 세라믹 코어 물질을 포함하는 코어/쉘형 촉매 입자 및 이의 제조방법,우미코레 아게 운트 코 카게,17,"17. 외부 입자 쉘(M쉘)을 지지재의 존재하에 내부 입자 코어의 물질(M코어)에 도포함을 포함하는, 제9항에 기재된 지지된 전극촉매의 제조방법.",81,False,True,explicit_or_regex_estimated
1020097013362,1020090094452,,취하,취하,희박 혼합 엔진의 배기 가스 시스템에서의 질소 산화물 저장 촉매 탈황 방법,우미코레 아게 운트 코 카게,1,"1. 2개 이상의 실린더들을 구비한 희박 연소 엔진(1)의 배기 가스 시스템에서의 질소 산화물 저장 촉매의 탈황 방법에 있어서, 상기 희박 연소 엔진의 실린더들은 각각에 할당된 제 1 배기 레그(3)와 제 2 배기 레그(3') 내로 배기 가스를 방출하는 제 1 그룹(2)과 제 2 그룹(2')의 실린더들로 분할되고, 질소 산화물 저장 촉매(6, 6')의 적어도 하나는 각각의 배기 레그에 배열되고, 2개의 배기 레그는 촉매(7)를 포함하는 공통의 배기 레그(5)를 형성하도록 합류점(4)에서 저장 촉매의 하류에 결합되고, 상기 촉매(7)는 화학량적 조건하에서 3중 기능을 가지며, 상기 제 1 질소 산화물 저장 촉매(6)는 제 2 배기 레그(3')에 있는 배기 가스가 일정하게 희박으로 유지되는 동안 제 1 배기 레그(3)에서 배기 가스를 부화시키고 배기 가스의 온도를 탈황온도로 상승시키는 것에 의해 탈황되고, 상기 2개의 배기 레그에 있는 배기 가스는 공통의 배기 레그(5)에 있는 배기 가스가 전체 탈황 기간에 걸쳐서 약 1의 공연비(λ)를 가지도록 서로에 대해 조정되고, 상기 제 2 질소 산화물 저장 촉매(6')는 상기 제 1 질소 산화물 저장 촉매(6)에 대해 적시에 오프셋되어 대응하는 방식으로 탈황되는 것을 특징으로 하는 질소 산화물 저장 촉매의 탈황 방법.",656,False,True,explicit_or_regex_estimated
1020097013362,1020090094452,,취하,취하,희박 혼합 엔진의 배기 가스 시스템에서의 질소 산화물 저장 촉매 탈황 방법,우미코레 아게 운트 코 카게,2,"2. 제 1 항에 있어서, 상기 저장 촉매들의 탈황을 위하여, 배기 가스는 엔진 조치에 의해 부화되고, 배기 가스의 온도는 탈황 온도로 되는 것을 특징으로 하는 질소 산화물 저장 촉매의 탈황 방법.",110,True,False,explicit_or_regex_estimated
1020097013362,1020090094452,,취하,취하,희박 혼합 엔진의 배기 가스 시스템에서의 질소 산화물 저장 촉매 탈황 방법,우미코레 아게 운트 코 카게,3,"3. 제 2 항에 있어서, 상기 엔진 조치는 각각의 경우에 부화 공기/연료 혼합물이 할당되는 상기 실린더들의 그룹의 동작, 연료의 후분사, 지연 연소 위치, 다단 연소 또는 이러한 조치들의 조합으로부터 선택되는 것을 특징으로 하는 질소 산화물 저장 촉매의 탈황 방법.",149,True,False,explicit_or_regex_estimated
1020097013362,1020090094452,,취하,취하,희박 혼합 엔진의 배기 가스 시스템에서의 질소 산화물 저장 촉매 탈황 방법,우미코레 아게 운트 코 카게,4,"4. 제 1 항에 있어서, 저장 촉매들의 탈황을 위하여, 배기 가스는 질소 산화물 저장 촉매의 상류의 특정 배기 레그 내로 연료를 분사하는 것에 의하여 부화되고, 배기 가스의 온도는 외부 가열에 의해 탈황 온도로 상승되는 것을 특징으로 하는 질소 산화물 저장 촉매의 탈황 방법.",155,True,False,explicit_or_regex_estimated
1020097013362,1020090094452,,취하,취하,희박 혼합 엔진의 배기 가스 시스템에서의 질소 산화물 저장 촉매 탈황 방법,우미코레 아게 운트 코 카게,5,"5. 제 1 항에 있어서, 산소 프로브가 상기 공통의 배기 레그에서 공연비를 조정하기 위하여 3중 기능을 구비한 촉매의 상류 및/또는 하류에 배열되는 것을 특징으로 하는 질소 산화물 저장 촉매의 탈황 방법.",115,True,False,explicit_or_regex_estimated
1020097018665,1020090119766,,거절,거절,일산화탄소의 메탄화를 위한 촉매로서 금속 도핑된 니켈 산화물,우미코레 아게 운트 코 카게,1,"1. 수소 함유 가스 혼합물에서 일산화탄소의 메탄화를 위한 촉매로서, 다음 조성(몰% 단위)의 금속 도핑된 니켈 산화물을 포함하고, (Ml)a(M2)bNicOx 상기 식에서, a = 0.1 내지 5 몰%, b = 3 내지 20 몰%, c = 100 - (a+b) 몰%이고, Ml은 PTE(=원소 주기율표)의 전이 그룹 VII 또는 VIII의 적어도 하나의 금속을 포함하고, M2는 PTE의 전이 그룹 III 또는 IV의 적어도 하나의 금속을 포함하는, 촉매.",256,False,True,explicit_or_regex_estimated
1020097018665,1020090119766,,거절,거절,일산화탄소의 메탄화를 위한 촉매로서 금속 도핑된 니켈 산화물,우미코레 아게 운트 코 카게,2,"2. 제 1항에 있어서, Ml은, 금속 망간(Mn), 레늄(Re), 철(Fe), 코발트(Co), 백금(Pt), 루테늄(Ru), 팔라듐(Pd), 은(Ag), 금(Au), 로듐(Rh), 오스뮴(Os), 이리듐(Ir) 및 이들의 혼합물 또는 합금을 포함하는, 촉매.",145,True,False,explicit_or_regex_estimated
1020097018665,1020090119766,,거절,거절,일산화탄소의 메탄화를 위한 촉매로서 금속 도핑된 니켈 산화물,우미코레 아게 운트 코 카게,3,"3. 제 1항 또는 제 2항에 있어서, M2는, 금속 스칸듐(Sc), 이트륨(Y), 란타늄(La), 티타늄(Ti), 지르코늄(Zr) 및 하프늄(Hf) 및 이들의 혼합물 또는 합금을 포함하는, 촉매.",110,True,False,explicit_or_regex_estimated
1020097018665,1020090119766,,거절,거절,일산화탄소의 메탄화를 위한 촉매로서 금속 도핑된 니켈 산화물,우미코레 아게 운트 코 카게,4,"4. 제 1항 내지 제 3항 중 어느 한 항에 있어서, a = 0.2 내지 3 몰%이고, b = 5 내지 15 몰%인, 촉매.",70,True,False,explicit_or_regex_estimated
1020097018665,1020090119766,,거절,거절,일산화탄소의 메탄화를 위한 촉매로서 금속 도핑된 니켈 산화물,우미코레 아게 운트 코 카게,5,"5. 제 1항 내지 제 4항 중 어느 한 항에 있어서, 20m2/g 이상의 비표면적을 갖는 무기 지지체 물질을 더 포함하는, 촉매.",73,True,False,explicit_or_regex_estimated
1020097018665,1020090119766,,거절,거절,일산화탄소의 메탄화를 위한 촉매로서 금속 도핑된 니켈 산화물,우미코레 아게 운트 코 카게,6,"6. 제 5항에 있어서, 상기 무기 지지체 물질은, 알루미늄 산화물, 실리콘 산화물, 티타늄 산화물, 희토류 산화물 또는 이들의 혼합 산화물 및 제올라이트를 포함하는, 촉매.",97,True,False,explicit_or_regex_estimated
1020097018665,1020090119766,,거절,거절,일산화탄소의 메탄화를 위한 촉매로서 금속 도핑된 니켈 산화물,우미코레 아게 운트 코 카게,7,"7. 제 5항에 있어서, 상기 무기 지지체 물질의 비율은, 1 내지 99중량%, 바람직하게는 10 내지 95중량% (각각의 경우 금속 도핑된 니켈 산화물의 양을 기준으로) 범위인, 촉매.",104,True,False,explicit_or_regex_estimated
1020097018665,1020090119766,,거절,거절,일산화탄소의 메탄화를 위한 촉매로서 금속 도핑된 니켈 산화물,우미코레 아게 운트 코 카게,8,"8. 제 1항 내지 제 7항 중 어느 한 항에 있어서, 붕소 산화물, 비스무트 산화물, 갈륨 산화물, 주석 산화물, 아연 산화물, 알칼리 금속의 산화물 및 알칼리 토금속의 산화물로 구성된 그룹으로부터 선택된 무기 산화물을 20중량% 이하의 농도로 (금속 도핑된 니켈 산화물의 양을 기준으로) 더 포함하는, 촉매.",174,True,False,explicit_or_regex_estimated
1020097018665,1020090119766,,거절,거절,일산화탄소의 메탄화를 위한 촉매로서 금속 도핑된 니켈 산화물,우미코레 아게 운트 코 카게,9,"9. 제 1항 내지 제 8항 중 어느 한 항에 있어서, 상기 촉매는 불활성 지지체에 도포되어 있는, 촉매.",59,True,False,explicit_or_regex_estimated
1020097018665,1020090119766,,거절,거절,일산화탄소의 메탄화를 위한 촉매로서 금속 도핑된 니켈 산화물,우미코레 아게 운트 코 카게,10,"10. 제 9항에 있어서, 모노리식 세라믹 허니콤 본체(honeycomb bodies), 금속 허니콤 본체, 금속 시트, 열 교환기 플레이트, 오픈-셀형 세라믹 발포체(foam bodies), 오픈-셀형 금속 발포체 또는 불규칙한 형상의 성분들이 불활성 지지체로 사용되는, 촉매.",156,True,False,explicit_or_regex_estimated
1020097018665,1020090119766,,거절,거절,일산화탄소의 메탄화를 위한 촉매로서 금속 도핑된 니켈 산화물,우미코레 아게 운트 코 카게,11,11. 졸-겔 공정에 의해 제 1항 내지 제 7항 중 어느 한 항에 기재된 촉매를 제조하는 방법.,54,True,False,explicit_or_regex_estimated
1020097018665,1020090119766,,거절,거절,일산화탄소의 메탄화를 위한 촉매로서 금속 도핑된 니켈 산화물,우미코레 아게 운트 코 카게,12,"12. 제 11항에 있어서, 20m2/g 이상의 비표면적(BET)을 갖는 무기 지지체 물질이 겔 형성 전에 첨가되는, 방법.",69,True,False,explicit_or_regex_estimated
1020097018665,1020090119766,,거절,거절,일산화탄소의 메탄화를 위한 촉매로서 금속 도핑된 니켈 산화물,우미코레 아게 운트 코 카게,13,"13. 제 11항 또는 제 12항에 있어서, 상기 겔은 20 내지 150℃의 온도에서 건조되는, 방법.",57,True,False,explicit_or_regex_estimated
1020097018665,1020090119766,,거절,거절,일산화탄소의 메탄화를 위한 촉매로서 금속 도핑된 니켈 산화물,우미코레 아게 운트 코 카게,14,"14. 제 11항 내지 제 13항 중 어느 한 항에 있어서, 상기 겔은 200 내지 500℃의 온도에서 소성되는, 방법.",67,True,False,explicit_or_regex_estimated
1020097018665,1020090119766,,거절,거절,일산화탄소의 메탄화를 위한 촉매로서 금속 도핑된 니켈 산화물,우미코레 아게 운트 코 카게,15,15. 수소 함유 가스 혼합물에서 CO를 메탄화하기 위해 제 1항 내지 제 10항 중 어느 한 항에 기재된 촉매를 사용하는 방법.,72,True,False,explicit_or_regex_estimated
1020097018665,1020090119766,,거절,거절,일산화탄소의 메탄화를 위한 촉매로서 금속 도핑된 니켈 산화물,우미코레 아게 운트 코 카게,16,"16. 제 15항에 있어서, 상기 수소 함유 가스 혼합물은 180 내지 270℃의 온도에서 상기 촉매와 접촉하게 되는, 촉매 사용 방법.",76,True,False,explicit_or_regex_estimated
1020097018665,1020090119766,,거절,거절,일산화탄소의 메탄화를 위한 촉매로서 금속 도핑된 니켈 산화물,우미코레 아게 운트 코 카게,17,"17. 제 15항에 있어서, 75% 이상의 일산화탄소 전환율은 250℃의 작동 온도에서 이루어지는, 촉매 사용 방법.",65,True,False,explicit_or_regex_estimated
1020097018665,1020090119766,,거절,거절,일산화탄소의 메탄화를 위한 촉매로서 금속 도핑된 니켈 산화물,우미코레 아게 운트 코 카게,18,"18. 제 15항에 있어서, 상기 수소 함유 가스 혼합물은 연료 전지의 작동을 위한 리포메이트 가스(reformate gas)인, 촉매 사용 방법.",82,True,False,explicit_or_regex_estimated
1020097018665,1020090119766,,거절,거절,일산화탄소의 메탄화를 위한 촉매로서 금속 도핑된 니켈 산화물,우미코레 아게 운트 코 카게,19,"19. 수소 함유 가스 혼합물에서 CO를 메탄화하기 위한 방법으로서, 제 11항 내지 제 10항 중 어느 한 항에 기재된 촉매가 사용되는, CO의 메탄화 방법.",89,True,False,explicit_or_regex_estimated
1020107009259,1020100075968,1014969160000,소멸,소멸,질소 산화물 제거용 촉매 및 그것을 사용한 질소 산화물 제거 방법,유미코어 니폰 쇼쿠바이 가부시키가이샤|유미코어 쇼쿠바이 유에스에이 인코포레이티드,1,"1. 모노리스 담체에 산화세륨을 포함한 촉매 성분A를 포함한 하층과, 구리, 망간, 철, 코발트 및 니켈로 이루어진 군에서 선택되는 적어도 1종의 금속 또는 금속 화합물 및 제올라이트를 포함한 촉매 성분B를 포함한 상층이, 피복되어 이루어지고,상층 중에 포함되는 상기 금속 또는 금속 화합물의 함유량은 제올라이트 100질량부에 대해 1.0∼30.0질량부이고,상기 촉매 성분A는 산화세륨 100질량부에 대해 2∼100질량부의 내화성 무기 산화물을 포함하는 질소 산화물 제거용 촉매.",268,False,True,explicit_or_regex_estimated
1020107009259,1020100075968,1014969160000,소멸,소멸,질소 산화물 제거용 촉매 및 그것을 사용한 질소 산화물 제거 방법,유미코어 니폰 쇼쿠바이 가부시키가이샤|유미코어 쇼쿠바이 유에스에이 인코포레이티드,2,"2. 제1항에 있어서, 상기 촉매 성분A의 함유량은 상기 촉매 성분B 100질량부에 대해 10∼100질량부인 질소 산화물 제거용 촉매.",75,True,False,explicit_or_regex_estimated
1020107009259,1020100075968,1014969160000,소멸,소멸,질소 산화물 제거용 촉매 및 그것을 사용한 질소 산화물 제거 방법,유미코어 니폰 쇼쿠바이 가부시키가이샤|유미코어 쇼쿠바이 유에스에이 인코포레이티드,4,"4. 제1항에 있어서, 상기 촉매 성분A 및/또는 촉매 성분B는 산화알루미늄, 산화규소, 산화인, 산화티타늄 및 산화지르코늄으로 이루어진 군에서 선택되는 적어도 1종의 내화성 무기 산화물을 포함한 질소 산화물 제거용 촉매.",124,True,False,explicit_or_regex_estimated
1020107009259,1020100075968,1014969160000,소멸,소멸,질소 산화물 제거용 촉매 및 그것을 사용한 질소 산화물 제거 방법,유미코어 니폰 쇼쿠바이 가부시키가이샤|유미코어 쇼쿠바이 유에스에이 인코포레이티드,6,"6. 제4항에 있어서, 상기 촉매 성분B에 포함되는 내화성 무기 산화물의 함유량은 금속 또는 금속 화합물과 제올라이트와의 합계 질량 100질량부에 대해 10∼100질량부인 질소 산화물 제거용 촉매.",110,True,False,explicit_or_regex_estimated
1020107009259,1020100075968,1014969160000,소멸,소멸,질소 산화물 제거용 촉매 및 그것을 사용한 질소 산화물 제거 방법,유미코어 니폰 쇼쿠바이 가부시키가이샤|유미코어 쇼쿠바이 유에스에이 인코포레이티드,7,"7. 제1항에 있어서, 상기 촉매 성분A의 함유량은 모노리스 담체 1리터당 50∼150g이고, 상기 촉매 성분B의 함유량은 모노리스 담체 1리터당 150∼250g인 질소 산화물 제거용 촉매.",106,True,False,explicit_or_regex_estimated
1020107009259,1020100075968,1014969160000,소멸,소멸,질소 산화물 제거용 촉매 및 그것을 사용한 질소 산화물 제거 방법,유미코어 니폰 쇼쿠바이 가부시키가이샤|유미코어 쇼쿠바이 유에스에이 인코포레이티드,8,"8. 제1항, 제2항, 제4항, 제6항 및 제7항 중 어느 한 항에 기재된 질소 산화물 제거용 촉매에 질소 산화물을 포함한 배기 가스를 접촉시키는, 배기 가스중의 질소 산화물 제거 방법.",104,False,True,explicit_or_regex_estimated
1020107009259,1020100075968,1014969160000,소멸,소멸,질소 산화물 제거용 촉매 및 그것을 사용한 질소 산화물 제거 방법,유미코어 니폰 쇼쿠바이 가부시키가이샤|유미코어 쇼쿠바이 유에스에이 인코포레이티드,9,"9. 제8항에 있어서, 상기 질소 산화물 제거용 촉매를 배기 가스의 하류쪽에 설치하고, 산화 촉매 및 3원 촉매 중 적어도 일방을 배기 가스의 상류쪽에 설치하는, 배기 가스중의 질소 산화물 제거 방법.",112,True,False,explicit_or_regex_estimated
1020107009259,1020100075968,1014969160000,소멸,소멸,질소 산화물 제거용 촉매 및 그것을 사용한 질소 산화물 제거 방법,유미코어 니폰 쇼쿠바이 가부시키가이샤|유미코어 쇼쿠바이 유에스에이 인코포레이티드,10,"10. 제8항에 있어서, 상기 질소 산화물 제거용 촉매에 80∼150℃ 온도의 질소 산화물을 포함한 배기 가스를 접촉시키는, 배기 가스중의 질소 산화물 제거 방법.",91,True,False,explicit_or_regex_estimated
1020107009259,1020100075968,1014969160000,소멸,소멸,질소 산화물 제거용 촉매 및 그것을 사용한 질소 산화물 제거 방법,유미코어 니폰 쇼쿠바이 가부시키가이샤|유미코어 쇼쿠바이 유에스에이 인코포레이티드,11,"11. 제8항에 있어서, 상기 배기 가스는 디젤 엔진에서 배출되는, 배기 가스중의 질소 산화물 제거 방법.",59,True,False,explicit_or_regex_estimated
1020107015563,1020100108558,,취하,취하,개선된 가열 유닛을 갖는 무기 산화물 또는 미네랄로 제조된 멜트의 성형 장치,우미코레 아게 운트 코 카게,1,"1. 무기 산화물 또는 미네랄을 포함하는 멜트를 성형하기 위한 장치(1)에 있어서, 상기 장치는, 컨테이너 케이싱(3, 4)과, 멜트 컨테이너의 베이스(6)에 배치되는 개별 오리피스 또는 다수의 오리피스들(8)을 갖는 오리피스 플레이트(7)를 구비하는 멜트 컨테이너(2)를 포함하고, 상기 멜트 컨테이너 내에 하나 이상의 파이프들(9)이 배치되며, 상기 파이프들은 상기 컨테이너 케이싱을 통한 외부로의 적어도 하나의 연결부를 갖고, 상기 파이프 내에는 전기 가열 요소들(10)이 삽입되며, 상기 멜트 컨테이너(2), 상기 개별 오리피스 또는 오리피스 플레이트(7) 및 튜브들(9)은 백금, 팔라듐 또는 그 합금들로 제조되며, 상기 합금들은 로듐, 이리듐 및 금으로부터 선택되는 하나 이상의 금속들과의 그 합금들인 멜트 성형 장치.",408,False,True,explicit_or_regex_estimated
1020107015563,1020100108558,,취하,취하,개선된 가열 유닛을 갖는 무기 산화물 또는 미네랄로 제조된 멜트의 성형 장치,우미코레 아게 운트 코 카게,2,"2. 제 1 항에 있어서, 상기 파이프들(9)은 상기 가열 요소들(10)과 함께 상기 컨테이너 케이싱(3, 4)의 두 대향 섹션들 사이에 배열되고, 상기 컨테이너 케이싱을 통해서 안내되는 멜트 성형 장치.",114,True,False,explicit_or_regex_estimated
1020107015563,1020100108558,,취하,취하,개선된 가열 유닛을 갖는 무기 산화물 또는 미네랄로 제조된 멜트의 성형 장치,우미코레 아게 운트 코 카게,3,"3. 제 2 항에 있어서, 귀금속 또는 귀금속 합금은 금속 내에 미세하게 분포되는 산화 재료에 의해 안정화되는 멜트 성형 장치.",71,True,False,explicit_or_regex_estimated
1020107015563,1020100108558,,취하,취하,개선된 가열 유닛을 갖는 무기 산화물 또는 미네랄로 제조된 멜트의 성형 장치,우미코레 아게 운트 코 카게,4,"4. 제 1 항에 있어서, 상기 오리피스 플레이트(7)에는 평방 센티미터당 1 내지 25개의 오리피스들이 매립되는 멜트 성형 장치.",73,True,False,explicit_or_regex_estimated
1020107015563,1020100108558,,취하,취하,개선된 가열 유닛을 갖는 무기 산화물 또는 미네랄로 제조된 멜트의 성형 장치,우미코레 아게 운트 코 카게,5,"5. 제 1 항에 있어서, 상기 장치의 베이스(6)에는 단 하나의 개별 오리피스가 제공되는 멜트 성형 장치.",60,True,False,explicit_or_regex_estimated
1020107015563,1020100108558,,취하,취하,개선된 가열 유닛을 갖는 무기 산화물 또는 미네랄로 제조된 멜트의 성형 장치,우미코레 아게 운트 코 카게,6,"6. 고융점 무기 산화물 또는 미네랄들로 만들어진 섬유들, 파이프들, 로드들, 스트립들 또는 프로파일들의 제조를 위한, 제 1 항 내지 제 5 항 중 어느 한 항에 기재된 멜트 성형 장치의 사용.",109,True,False,explicit_or_regex_estimated
1020107015978,1020100097742,1015728240000,소멸,소멸,배기 가스 내의 NOx를 처리하기 위한 방법 및 그를 위한 시스템,우미코레 아게 운트 코 카게,1,"1. NOx를 포함하는 배기 가스의 처리 방법에 있어서,배기 스트림의 순서로 a) 제1 NOx 저장 촉매 변환기,b) 상기 제1 NOx 저장 촉매 변환기의 하류의 선택적 촉매 환원(SCR)을 위한 촉매 변환기, 및c) 상기 SCR 촉매 변환기 하류의 산소 저장 용량을 갖는 촉매 변환기를 포함하는 배기 가스 처리 시스템으로 배기 가스를 처리하는 단계를 포함하고,상기 배기 가스 처리 시스템은 교번적 농후 페이즈(phase) 및 희박 페이즈로 동작하며, 상기 제1 NOx 저장 촉매 변환기를 벗어나는 환원 성분들의 양이, 상기 제1 NOx 저장 촉매 변환기의 상류의 공기/연료 비율이 희박 조건으로부터 농후 조건으로 변할 때 시작되고 상기 제1 NOx 저장 촉매 변환기의 하류의 공기/연료 비율이 희박 조건으로부터 농후 조건으로 변할 때 종료하는 시간 간격 동안, 상기 제1 NOx 저장 촉매 변환기에 의해 소비되는 환원 성분들의 양의 적어도 0.05배일 때, 상기 농후 페이즈는, 종결되며,산소 저장 용량을 갖는 상기 촉매 변환기는 제2 NOx 저장 촉매 변환기이며,상기 제1 NOx 저장 촉매 변환기는 산소 저장 용량을 갖는 상기 촉매 변환기보다 적은 산소 저장 물질을 포함하는 배기 가스 처리 방법.",617,False,True,explicit_or_regex_estimated
1020107015978,1020100097742,1015728240000,소멸,소멸,배기 가스 내의 NOx를 처리하기 위한 방법 및 그를 위한 시스템,우미코레 아게 운트 코 카게,4,"4. 제 1 항에 있어서, 상기 배기 가스 처리 시스템은 상기 제1 NOx 저장 촉매 변환기의 하류 또는 산소 저장 용량을 갖는 상기 촉매 변환기의 하류에 람다 센서를 포함하는 배기 가스 처리 방법.",111,True,False,explicit_or_regex_estimated
1020107015978,1020100097742,1015728240000,소멸,소멸,배기 가스 내의 NOx를 처리하기 위한 방법 및 그를 위한 시스템,우미코레 아게 운트 코 카게,5,"5. 제 1 항 또는 제 4 항에 있어서, 상기 배기 가스 처리 시스템은 산소 저장 용량을 갖는 상기 촉매 변환기의 하류에 제2 SCR 촉매 변환기를 포함하지 않는 배기 가스 처리 방법.",104,True,False,explicit_or_regex_estimated
1020107015978,1020100097742,1015728240000,소멸,소멸,배기 가스 내의 NOx를 처리하기 위한 방법 및 그를 위한 시스템,우미코레 아게 운트 코 카게,10,"10. 제 1 항 또는 제 4 항에 있어서, 상기 제1 NOx 저장 촉매 변환기는 철, 니켈 또는 코발트의 콤파운드들을 포함하는 배기 가스 처리 방법.",84,True,False,explicit_or_regex_estimated
1020107015978,1020100097742,1015728240000,소멸,소멸,배기 가스 내의 NOx를 처리하기 위한 방법 및 그를 위한 시스템,우미코레 아게 운트 코 카게,11,"11. 제 1 항 또는 제 4 항에 있어서, 상기 제1 NOx 저장 촉매 변환기 및 상기 제2 NOx 저장 촉매 변환기 중의 적어도 하나는 백금, 팔라듐 및 로듐으로부터 선택된 하나 이상의 촉매 성분들과 알칼리 금속들, 알칼리 토류 금속들 및 희토류 금속들의 콤파운드들로부터 선택된 하나 이상의 저장 성분들을 포함하는 배기 가스 처리 방법.",190,True,False,explicit_or_regex_estimated
1020107015978,1020100097742,1015728240000,소멸,소멸,배기 가스 내의 NOx를 처리하기 위한 방법 및 그를 위한 시스템,우미코레 아게 운트 코 카게,12,"12. 제 11 항에 있어서, 상기 제1 NOx 저장 촉매 변환기 및 상기 제2 NOx 저장 촉매 변환기 중의 적어도 하나는 알루미늄 산화물, 실리콘 이산화물, 세륨 산화물, 지르코늄 산화물, 티타늄 산화물, 마그네슘 산화물 또는 그 혼합 산화물들을 포함하는 지지부를 더 포함하고, 상기 저장 성분 및 상기 촉매 성분은 상기 지지부 상에 존재하는 배기 가스 처리 방법.",206,True,False,explicit_or_regex_estimated
1020107015978,1020100097742,1015728240000,소멸,소멸,배기 가스 내의 NOx를 처리하기 위한 방법 및 그를 위한 시스템,우미코레 아게 운트 코 카게,13,"13. 제 1 항 또는 제 4 항에 있어서, 상기 SCR 촉매 변환기는 제올라이트 함유 촉매 성분들, 텅스텐 함유 촉매 성분들, 몰리브데늄 함유 촉매 성분들, 세륨 함유 촉매 성분들, 지르코늄 함유 촉매 성분들, 티타늄 함유 촉매 성분들, 니오븀 함유 촉매 성분들, 바나듐 함유 촉매 성분들 또는 그 조합들을 포함하는 배기 가스 처리 방법.",190,True,False,explicit_or_regex_estimated
1020107015978,1020100097742,1015728240000,소멸,소멸,배기 가스 내의 NOx를 처리하기 위한 방법 및 그를 위한 시스템,우미코레 아게 운트 코 카게,14,"14. 제 13 항에 있어서, 상기 제올라이트 함유 촉매 성분은 구리 및 철 중의 적어도 하나와 교환된 제올라이트들을 포함하고, 상기 바나듐 함유 촉매 성분은 티타늄 이산화물과 바나듐의 고체 산 시스템(solid acid system)을 포함하는 배기 가스 처리 방법.",150,True,False,explicit_or_regex_estimated
1020107015978,1020100097742,1015728240000,소멸,소멸,배기 가스 내의 NOx를 처리하기 위한 방법 및 그를 위한 시스템,우미코레 아게 운트 코 카게,15,"15. 제 1 항 또는 제 4 항에 있어서, 상기 제1 NOx 저장 촉매 변환기는 엔진에 결합 구조로 존재하고, 상기 SCR 촉매 변환기 및 산소 저장 용량을 갖는 상기 촉매 변환기는 하부바닥 위치에 존재하는 배기 가스 처리 방법.",129,True,False,explicit_or_regex_estimated
1020107015978,1020100097742,1015728240000,소멸,소멸,배기 가스 내의 NOx를 처리하기 위한 방법 및 그를 위한 시스템,우미코레 아게 운트 코 카게,16,"16. 제 1 항 또는 제 4 항에 있어서, 상기 배기 가스 처리 시스템은 상기 제1 NOx 저장 촉매 변환기의 상류에 삼원 촉매 변환기 또는 디젤 산화 촉매 변환기를 더 포함하는 배기 가스 처리 방법.",113,True,False,explicit_or_regex_estimated
1020107015978,1020100097742,1015728240000,소멸,소멸,배기 가스 내의 NOx를 처리하기 위한 방법 및 그를 위한 시스템,우미코레 아게 운트 코 카게,17,"17. 제 16 항에 있어서, 상기 제1 NOx 저장 촉매 변환기, 상기 SCR 촉매 변환기, 산소 저장 용량을 갖는 상기 촉매 변환기, 상기 삼원 촉매 변환기 및 상기 디젤 산화 촉매 변환기 중 적어도 하나는 미립자 필터 상의 촉매 코팅의 형태인 배기 가스 처리 방법.",151,True,False,explicit_or_regex_estimated
1020107022525,1020100134644,1015427540000,소멸,소멸,SCR 촉매 수단에 의한 엔진 배기 가스들의 처리를 위한 배기 가스 정화 시스템,우미코레 아게 운트 코 카게,1,"1. 질소 산화물과 탄화수소를 포함하는 디젤 엔진 배기 가스의 처리 방법에 있어서,(a) 배기 가스 섹션에 속하지 않은 소스(source)로부터 암모니아 또는 암모니아로 분해될 수 있는 화합물을 질소 산화물과 탄화수소를 포함하는 배기 가스 스트림 내로 첨가하는 단계, (b) 300℃와 500℃ 사이의 온도 범위에서 암모니아를 사용한 질소 산화물의 역불균등화반응을 효과적으로 촉매작용하면서 상기 배기 가스 내에 포함된 탄화수소를 적어도 부분적으로 산화시키는, 텅스텐 산화물(WO3)과 균질 세륨-지르코늄 혼합 산화물((Ce,Zr)O2)을 포함하고 상류에 배치된 제1 SCR 촉매로, 질소 산화물, 탄화수소 및 암모니아 또는 암모니아로 분해될 수 있는 화합물을 포함하는 상기 배기 가스 스트림을 통과시키는 단계, 및 (c) 150℃와 400℃ 사이의 온도 범위에서 암모니아를 사용한 질소 산화물의 역불균등화반응을 효과적으로 촉매작용하고 동시에 잉여 암모니아를 저장하는, 구리-(Cu-) 교환 제올라이트 화합물을 포함하고 하류에 배치된 제2 SCR 촉매로 단계(b)로부터 수득되는 상기 배기 가스를 통과시키는 단계를 포함하는 방법.",575,False,True,explicit_or_regex_estimated
1020107022525,1020100134644,1015427540000,소멸,소멸,SCR 촉매 수단에 의한 엔진 배기 가스들의 처리를 위한 배기 가스 정화 시스템,우미코레 아게 운트 코 카게,2,"2. 제1항에 있어서, 질소 산화물과 탄화수소를 포함하는 상기 배기 가스 스트림이, 단계(a)에서 암모니아 또는 암모니아로 분해될 수 있는 화합물을 첨가하기 이전에, 질소 산화물에 포함된 NO의 적어도 일부를 NO2로 산화시키는 산화 촉매로 통과되는 것을 특징으로 하는 방법.",154,True,False,explicit_or_regex_estimated
1020107022525,1020100134644,1015427540000,소멸,소멸,SCR 촉매 수단에 의한 엔진 배기 가스들의 처리를 위한 배기 가스 정화 시스템,우미코레 아게 운트 코 카게,3,"3. 제2항에 있어서, 상기 배기 가스 스트림이, 단계(b)에서 상류에 배치된 상기 제1 SCR 촉매로 통과되기 이전에, 0.3 내지 0.7의 NO2/NOx 비를 갖도록 상기 배기 가스 내의 NO2/NOx 비율이 변경되는 것을 특징으로 하는 방법.",138,True,False,explicit_or_regex_estimated
1020107022525,1020100134644,1015427540000,소멸,소멸,SCR 촉매 수단에 의한 엔진 배기 가스들의 처리를 위한 배기 가스 정화 시스템,우미코레 아게 운트 코 카게,4,"4. 제1항에 있어서, 상기 배기 가스 스트림이, 단계(b)에서 상류에 배치된 상기 제1 SCR 촉매로 통과되기 이전에, 0.8 내지 1.2의 NH3/NOx 비를 갖도록 단계(a)에서 상기 배기 가스 스트림에 첨가될 암모니아 또는 암모니아로 분해될 수 있는 화합물의 양이 선택되는 것을 특징으로 하는 방법.",171,True,False,explicit_or_regex_estimated
1020107022525,1020100134644,1015427540000,소멸,소멸,SCR 촉매 수단에 의한 엔진 배기 가스들의 처리를 위한 배기 가스 정화 시스템,우미코레 아게 운트 코 카게,5,"5. 제4항에 있어서, 상기 배기 가스 스트림이, 단계(c)에서 하류에 배치된 상기 제2 SCR 촉매를 통과한 이후, 암모니아의 질소로의 산화를 선택적으로 촉매작용하는 산화 촉매로 통과되는 것을 특징으로 하는 방법.",120,True,False,explicit_or_regex_estimated
1020107022525,1020100134644,1015427540000,소멸,소멸,SCR 촉매 수단에 의한 엔진 배기 가스들의 처리를 위한 배기 가스 정화 시스템,우미코레 아게 운트 코 카게,6,"6. 제5항에 있어서, 상기 산화 촉매가 분진(soot) 입자를 여과하는 지지체 상에 배치되는 것을 특징으로 하는 방법.",67,True,False,explicit_or_regex_estimated
1020107022525,1020100134644,1015427540000,소멸,소멸,SCR 촉매 수단에 의한 엔진 배기 가스들의 처리를 위한 배기 가스 정화 시스템,우미코레 아게 운트 코 카게,7,"7. 내연 기관들의 희박 배기 가스 내의 질소 산화물을 저하시키기 위한 배기 가스 정화 장치에 있어서,(1) 상기 배기 섹션에 속하지 않는 소스로부터 암모니아 또는 암모니아로 분해될 수 있는 화합물을 질소 산화물을 포함하는 배기 가스 스트림 내로 공급하기 위한 장치, 및 암모니아 또는 암모니아로 분해될 수 있는 화합물을 위한 상기 소스, (2) 300℃와 500℃ 사이의 온도 범위에서 암모니아를 사용한 질소 산화물의 역불균등화반응을 효과적으로 촉매작용하고 바나듐 화합물들이나 제올라이트 화합물들을 포함하지 않지만, 이 목적을 위해, 텅스텐 산화물(WO3)과 균질 세륨-지르코늄 혼합 산화물((Ce,Zr)O2)을 포함하는 제1 SCR 촉매, (3) 150℃와 400℃ 사이의 온도 범위에서 암모니아를 사용한 질소 산화물의 역불균등화반응을 효과적으로 촉매작용하고 구리-(Cu-) 교환 제올라이트 화합물을 포함하는 제2 무바나듐(vanadium-free) SCR 촉매를 상술한 순서로 및 조합하여 포함하는 배기 가스 정화 장치.",518,False,True,explicit_or_regex_estimated
1020107022525,1020100134644,1015427540000,소멸,소멸,SCR 촉매 수단에 의한 엔진 배기 가스들의 처리를 위한 배기 가스 정화 시스템,우미코레 아게 운트 코 카게,8,"8. 제7항에 있어서, 두 개의 상기 SCR 촉매들의 각각이 불활성 지지체 상에 코팅의 형태로 존재하는 것을 특징으로 하는 배기 가스 정화 장치.",81,True,False,explicit_or_regex_estimated
1020107022525,1020100134644,1015427540000,소멸,소멸,SCR 촉매 수단에 의한 엔진 배기 가스들의 처리를 위한 배기 가스 정화 시스템,우미코레 아게 운트 코 카게,9,"9. 제7항에 있어서, 상기 제1 및 제2 SCR 촉매가 동일 지지체 상에 코팅으로서 배치되는 것을 특징으로 하는 배기 가스 정화 장치.",76,True,False,explicit_or_regex_estimated
1020107022525,1020100134644,1015427540000,소멸,소멸,SCR 촉매 수단에 의한 엔진 배기 가스들의 처리를 위한 배기 가스 정화 시스템,우미코레 아게 운트 코 카게,10,"10. 제9항에 있어서, 상기 제1 SCR 촉매가 상기 지지체 상의 상류에 배치된 코팅 영역의 형태로 존재하고, 상기 제2 SCR 촉매가 상기 지지체 상의 하류 코팅 영역을 형성하는 것을 특징으로 하는 배기 가스 정화 장치.",125,True,False,explicit_or_regex_estimated
1020107022525,1020100134644,1015427540000,소멸,소멸,SCR 촉매 수단에 의한 엔진 배기 가스들의 처리를 위한 배기 가스 정화 시스템,우미코레 아게 운트 코 카게,11,"11. 제10항에 있어서, 상기 하류 코팅 영역의 길이에 대한 상기 상류 코팅 영역의 길이의 비가 0.1 내지 3인 것을 특징으로 하는 배기 가스 정화 장치.",88,True,False,explicit_or_regex_estimated
1020107022525,1020100134644,1015427540000,소멸,소멸,SCR 촉매 수단에 의한 엔진 배기 가스들의 처리를 위한 배기 가스 정화 시스템,우미코레 아게 운트 코 카게,12,"12. 제7항에 있어서, 상기 제1 SCR 촉매 내의 텅스텐 산화물(WO3)의 함량이 불활성 지지체의 질량을 고려하지 않고 상기 제1 SCR 촉매의 총 중량에 대해 5 내지 25중량%인 것을 특징으로 하는 배기 가스 정화 장치.",127,True,False,explicit_or_regex_estimated
1020107022525,1020100134644,1015427540000,소멸,소멸,SCR 촉매 수단에 의한 엔진 배기 가스들의 처리를 위한 배기 가스 정화 시스템,우미코레 아게 운트 코 카게,13,"13. 제7항에 있어서, 상기 제1 SCR 촉매 내의 균질 세륨-지르코늄 혼합 산화물((Ce,Zr)O2)의 함량이 불활성 지지체의 질량을 고려하지 않고 상기 제1 SCR 촉매의 총 중량에 대해 50 내지 95중량%인 것을 특징으로 하는 배기 가스 정화 장치.",144,True,False,explicit_or_regex_estimated
1020107022525,1020100134644,1015427540000,소멸,소멸,SCR 촉매 수단에 의한 엔진 배기 가스들의 처리를 위한 배기 가스 정화 시스템,우미코레 아게 운트 코 카게,14,"14. 제13항에 있어서, 상기 균질 세륨-지르코늄 혼합 산화물((Ce,Zr)O2) 내의 세륨 산화물(CeO2)과 지르코늄 산화물(ZrO2)의 중량비가 0.43 내지 2.33인 것을 특징으로 하는 배기 가스 정화 장치.",122,True,False,explicit_or_regex_estimated
1020107022525,1020100134644,1015427540000,소멸,소멸,SCR 촉매 수단에 의한 엔진 배기 가스들의 처리를 위한 배기 가스 정화 시스템,우미코레 아게 운트 코 카게,15,"15. 제7항에 있어서, 상기 제2 SCR 촉매가 제올라이트 화합물의 총 중량에 대해 구리를 2 내지 10중량%의 함량으로 갖는 구리-(Cu-) 교환 제올라이트 화합물을 포함하는 것을 특징으로 하는 배기 가스 정화 장치.",123,True,False,explicit_or_regex_estimated
1020107022525,1020100134644,1015427540000,소멸,소멸,SCR 촉매 수단에 의한 엔진 배기 가스들의 처리를 위한 배기 가스 정화 시스템,우미코레 아게 운트 코 카게,16,"16. 제15항에 있어서, 상기 제올라이트 화합물이 베타-(β-)제올라이트, Y-제올라이트, ZSM-5, ZSM-20, 페리어라이트 및 모르데나이트로 이루어진 그룹으로부터 선택되는 것을 특징으로 하는 배기 가스 정화 장치.",124,True,False,explicit_or_regex_estimated
1020110012948,1020120092979,1011863420000,등록,등록,백금 및 팔라듐을 이용한 디젤자동차용 촉매의 제조방법,한국유미코아촉매 유한책임회사,1,"1. 팔라듐이 고착된 지지체 분말을 제조하는 팔라듐고착분말제조단계;상기 팔라듐 분말이 고착된 지지체 분말, 증류수 및 백금용액을 혼합하여 백금팔라듐 예비혼합물을 제조하는 예비혼합물제조단계;상기 예비혼합물에 백금용액을 첨가하여 이루어진 혼합물에 질산을 첨가하는 질산첨가단계;상기 질산첨가단계를 거친 혼합물에 촉매지지체를 함침하고 교반하는 함침교반단계; 및함침교반단계를 거친 촉매혼합물을 소성하는 소성단계;를 포함하여 이루어지는 것을 특징으로 하는 백금 및 팔라듐을 이용한 디젤자동차용 촉매의 제조방법.",279,False,True,explicit_or_regex_estimated
1020110012948,1020120092979,1011863420000,등록,등록,백금 및 팔라듐을 이용한 디젤자동차용 촉매의 제조방법,한국유미코아촉매 유한책임회사,2,"2. 청구항 1에 있어서,상기 팔라듐고착분말제조단계는 지지체 60 내지 95 중량부, 증류수 10 내지 20 중량부 및 팔라듐질산염 1 내지 10 중량부를 혼합하고, 400 내지 600℃로 소성하여 이루어지는 것을 특징으로 하는 백금 및 팔라듐을 이용한 디젤자동차용 촉매의 제조방법.",158,True,False,explicit_or_regex_estimated
1020110012948,1020120092979,1011863420000,등록,등록,백금 및 팔라듐을 이용한 디젤자동차용 촉매의 제조방법,한국유미코아촉매 유한책임회사,3,"3. 청구항 2에 있어서,상기 지지체는 산화알루미늄 및 산화규소로 이루어지는 것을 특징으로 하는 백금 및 팔라듐을 이용한 디젤자동차용 촉매의 제조방법.",84,True,False,explicit_or_regex_estimated
1020110012948,1020120092979,1011863420000,등록,등록,백금 및 팔라듐을 이용한 디젤자동차용 촉매의 제조방법,한국유미코아촉매 유한책임회사,4,"4. 청구항 1에 있어서,상기 예비혼합물제조단계는 팔라듐 분말이 고착된 지지체 분말 100 중량부, 증류수 10 내지 20 중량부 및 백금용액 5 내지 15 중량부를 혼합하고 400 내지 600℃로 소성하여 이루어지는 것을 특징으로 하는 백금 및 팔라듐을 이용한 디젤자동차용 촉매의 제조방법.",163,True,False,explicit_or_regex_estimated
1020110012948,1020120092979,1011863420000,등록,등록,백금 및 팔라듐을 이용한 디젤자동차용 촉매의 제조방법,한국유미코아촉매 유한책임회사,5,"5. 청구항 1에 있어서,상기 질산첨가단계는 예비혼합물 40 내지 80 중량부에 백금용액 1 내지 10 중량부 및 질산 0.1 내지 1 중량부를 첨가하여 이루어지는 것을 특징으로 하는 백금 및 팔라듐을 이용한 디젤자동차용 촉매의 제조방법.",133,True,False,explicit_or_regex_estimated
1020110012948,1020120092979,1011863420000,등록,등록,백금 및 팔라듐을 이용한 디젤자동차용 촉매의 제조방법,한국유미코아촉매 유한책임회사,6,"6. 청구항 1에 있어서,상기 촉매지지체는 산화알루미늄, 산화규소, 제올라이트, 세륨, 란타늄, 지르코늄 및 이트륨으로 이루어지는 것을 특징으로 하는 백금 및 팔라듐을 이용한 디젤자동차용 촉매의 제조방법.",114,True,False,explicit_or_regex_estimated
1020110012948,1020120092979,1011863420000,등록,등록,백금 및 팔라듐을 이용한 디젤자동차용 촉매의 제조방법,한국유미코아촉매 유한책임회사,7,"7. 청구항 1에 있어서,상기 소성단계는 400 내지 600℃의 온도로 이루어지는 것을 특징으로 하는 백금 및 팔라듐을 이용한 디젤자동차용 촉매의 제조방법.",87,True,False,explicit_or_regex_estimated
1020110019923,1020120101854,1013029660000,등록,등록,박막 증착 시스템을 이용한 방사선 검출 모듈,주식회사 에이엠티세미코어,3,"3. 박막 증착 시스템을 이용한 방사선 검출 모듈에 있어서, 상기 방사선 검출 모듈은 각각 독립된 육면체 형상의 단위 섬광체(Scintillator)에 금속 또는 금속산화물의 반사체를 단층 혹은 다층의 박막형태로 직접 증착하여 구성되고, 상기 단위 섬광체의 표면에 단층 반사체를 박막형태로 증착 코팅하는 경우 상기 반사체는 1～5㎛ 두께의 Al, Au, Ag, Pt, Ti, 또는 Cu 중 어느 하나이며,상기 단위 섬광체의 표면에 다층 반사체를 박막형태로 증착 코팅하는 경우 상기 반사체는 5～15㎛ 두께의 SiO2, TiO2, MgF2 또는 Al2O3 중 어느 하나이고, 상기 단층 혹은 다층의 반사체가 코팅된 상기 단위 섬광체는 복수개가 서로 인접하도록 배열되어 하나의 방사선 검출 모듈을 구성하며, 상기 단위 섬광체에 증착되는 다층 반사체는 SiO2, TiO2, MgF2 또는 Al2O3 중에서 상대적으로 굴절률이 낮은 SiO2, MgF2 또는 Al2O3과, 상대적으로 굴절률이 높은 TiO2가 번갈아 증착됨을 특징으로 하는 박막 증착 시스템을 이용한 방사선 검출 모듈.",546,False,True,explicit_or_regex_estimated
1020110019923,1020120101854,1013029660000,등록,등록,박막 증착 시스템을 이용한 방사선 검출 모듈,주식회사 에이엠티세미코어,4,"4. 제 3 항에 있어서, 상기 복수개의 단위 섬광체를 배열하기 위한 배열틀은 폴리메틸메타크릴레이트(PMMA, Polymethy Methacrylate), 탄소섬유, 알루미늄 중 어느 하나의 재질로 형성됨을 특징으로 하는 박막 증착 시스템을 이용한 방사선 검출 모듈.",149,True,False,explicit_or_regex_estimated
1020110019923,1020120101854,1013029660000,등록,등록,박막 증착 시스템을 이용한 방사선 검출 모듈,주식회사 에이엠티세미코어,5,"5. 제 4 항에 있어서, 상기 단위 섬광체는 LYSO, LSO, BGO, YAG, CsI:Na, NaI:TI, 또는 CsI:TI 중 어느 하나 또는 복수개로 구성됨을 특징으로 하는 박막 증착 시스템을 이용한 방사선 검출 모듈.",127,True,False,explicit_or_regex_estimated
1020110030553,1020120086230,,취하,취하,기판 흡착 지지대 및 이를 이용한 기판 흡착 방법,주식회사 미코,1,"1. 전체를 기준으로 부분적으로 배치하는 제1 영역들과 상기 제1 영역들을 제외한 제2 영역들을 갖고, 상기 제1 영역들은 요철(凹凸) 구조를 갖도록 형성하는 플레이트;상기 플레이트의 제1 영역들 상에 배치되면서 기판이 놓여지는 상부면은 평면 구조를 갖고, 진공 흡착력에 의해 상기 기판을 흡착하는 제1 흡착부; 및상기 플레이트의 제2 영역들 상에 배치되면서 상기 기판이 놓여지는 상부면은 평면 구조를 가짐과 아울러 상기 제1 흡착부의 상부면과 동일 높이로 위치하고, 정전 흡착력에 의해 상기 기판을 흡착하는 제2 흡착부를 구비하는 기판 흡착 지지대.",308,False,True,explicit_or_regex_estimated
1020110030553,1020120086230,,취하,취하,기판 흡착 지지대 및 이를 이용한 기판 흡착 방법,주식회사 미코,2,"2. 제1 항에 있어서, 상기 플레이트의 제2 영역들은 평면 구조, 요철 구조 또는 요홈 구조를 갖도록 형성하는 것을 특징으로 하는 기판 흡착 지지대.",84,True,False,explicit_or_regex_estimated
1020110030553,1020120086230,,취하,취하,기판 흡착 지지대 및 이를 이용한 기판 흡착 방법,주식회사 미코,3,"3. 제1 항에 있어서, 상기 플레이트의 제1 영역들의 요철 구조 중에서 요 구조에는 진공의 제공이 가능한 경로가 형성되는 것을 특징으로 하는 기판 흡착 지지대.",90,True,False,explicit_or_regex_estimated
1020110030553,1020120086230,,취하,취하,기판 흡착 지지대 및 이를 이용한 기판 흡착 방법,주식회사 미코,4,"4. 제1 항에 있어서, 상기 플레이트는 일부분이 아노다이징(anodizing), 세라믹 코팅, 또는 아노다이징 및 세라믹 코팅에 의해 표면 처리가 이루어진 금속 플레이트로 구비되거나, 상부에 세라믹 소결체가 부착된 금속 플레이트로 구비되거나, 또는 세라믹 소결체 자체로 구비되는 것을 특징으로 하는 기판 흡착 지지대.",178,True,False,explicit_or_regex_estimated
1020110030553,1020120086230,,취하,취하,기판 흡착 지지대 및 이를 이용한 기판 흡착 방법,주식회사 미코,5,"5. 제1 항에 있어서, 상기 플레이트 전체 면적을 기준으로 상기 제1 흡착부가 배치되는 제1 영역들은 20 내지 80%를 차지하고, 상기 제2 흡착부가 배치되는 제2 영역들은 20 내지 80%를 차지하는 것을 특징으로 하는 기판 흡착 지지대.",136,True,False,explicit_or_regex_estimated
1020110030553,1020120086230,,취하,취하,기판 흡착 지지대 및 이를 이용한 기판 흡착 방법,주식회사 미코,6,"6. 제1 항에 있어서, 상기 제1 흡착부는 세라믹을 포함하고, 상기 제2 흡착부는 전극 및 상기 전극을 둘러싸는 세라믹 유전체를 포함하고, 상기 제1 흡착부의 세라믹은 상기 제2 흡착부의 세라믹에 비해 상대적으로 밀도가 낮은 것을 특징으로 하는 기판 흡착 지지대.",148,True,False,explicit_or_regex_estimated
1020110030553,1020120086230,,취하,취하,기판 흡착 지지대 및 이를 이용한 기판 흡착 방법,주식회사 미코,7,"7. 제6 항에 있어서, 상기 제1 흡착부의 세라믹은 상기 제2 흡착부의 세라믹에 비해 상대적으로 밀도가 낮은 다공성 소결체 세라믹을 포함하고, 상기 제2 흡착부의 세라믹은 상기 제1 흡착부에 비해 상대적으로 밀도가 높은 소결체 세라믹을 포함하는 것을 특징으로 하는 기판 흡착 지지대.",159,True,False,explicit_or_regex_estimated
1020110030553,1020120086230,,취하,취하,기판 흡착 지지대 및 이를 이용한 기판 흡착 방법,주식회사 미코,8,"8. 제6 항에 있어서, 상기 제1 흡착부의 세라믹은 Al2O3, 멀라이트(Mullite), SiC, Y2O3, AlN, TiO2 및 ZrO2로 구성되는 그룹으로부터 선택되는 적어도 어느 하나를 포함하고, 상기 제2 흡착부의 세라믹은 Al2O3, 멀라이트(Mullite), SiC, Y2O3, AlN, TiO2 및 ZrO2로 구성되는 그룹으로부터 선택되는 적어도 어느 하나를 포함하는 것을 특징으로 하는 기판 흡착 지지대.",236,True,False,explicit_or_regex_estimated
1020110030553,1020120086230,,취하,취하,기판 흡착 지지대 및 이를 이용한 기판 흡착 방법,주식회사 미코,9,"9. 제6 항에 있어서, 상기 제1 흡착부의 세라믹은 30 내지 60%의 기공률을 갖는 것을 특징으로 하는 기판 흡착 지지대.",70,True,False,explicit_or_regex_estimated
1020110030553,1020120086230,,취하,취하,기판 흡착 지지대 및 이를 이용한 기판 흡착 방법,주식회사 미코,10,"10. 제6 항에 있어서, 상기 제1 흡착부의 세라믹은 1 내지 100㎛의 기공 크기를 갖는 것을 특징으로 하는 기판 흡착 지지대.",73,True,False,explicit_or_regex_estimated
1020110030553,1020120086230,,취하,취하,기판 흡착 지지대 및 이를 이용한 기판 흡착 방법,주식회사 미코,11,"11. 제6 항에 있어서, 상기 제2 흡착부의 전극은 티타늄(Ti), 니켈, 텅스텐(W), 몰리브덴(Mo), 금(Au), 은(Ag) 및 구리로 구성되는 그룹으로부터 선택되는 적어도 어느 하나를 포함하는 것을 특징으로 하는 기판 흡착 지지대.",134,True,False,explicit_or_regex_estimated
1020110030553,1020120086230,,취하,취하,기판 흡착 지지대 및 이를 이용한 기판 흡착 방법,주식회사 미코,12,"12. 제6 항에 있어서, 상기 제2 흡착부는 상기 전극의 두께가 5 내지 50㎛이고, 상기 전극을 중심으로 둘러싸는 유전체의 두께가 상기 전극으로부터 상,하부면 각각 까지가 200 내지 1,200㎛인 것을 특징으로 하는 기판 흡착 지지대.",134,True,False,explicit_or_regex_estimated
1020110030553,1020120086230,,취하,취하,기판 흡착 지지대 및 이를 이용한 기판 흡착 방법,주식회사 미코,13,"13. 제1 항에 있어서, 상기 제1 흡착부는 알루미늄(Al), 니켈(Ni), 구리(Cu) 및 스레인레스강(SUS)로 구성되는 그룹으로부터 선택되는 적어도 어느 하나를 포함하는 금속으로 구비되고, 상기 제1 흡착부가 금속으로 구비될 경우 상기 제1 흡착부에는 홀이 형성되는 것을 특징으로 하는 기판 흡착 지지대.",174,True,False,explicit_or_regex_estimated
1020110030553,1020120086230,,취하,취하,기판 흡착 지지대 및 이를 이용한 기판 흡착 방법,주식회사 미코,14,"14. 제1 항에 있어서, 상기 제2 흡착부는 상부면의 표면 거칠기가 0.05 내지 0.8㎛인 것을 특징으로 하는 기판 흡착 지지대.",74,True,False,explicit_or_regex_estimated
1020110030553,1020120086230,,취하,취하,기판 흡착 지지대 및 이를 이용한 기판 흡착 방법,주식회사 미코,15,"15. 제1 항에 있어서, 상기 플레이트 상에 배치되는 제1 흡착부 및 제2 흡착부 각각은 아크릴 접착제, 실리콘 접착제, 에폭시 접착제 또는 이들의 혼합 접착제를 사용하여 접착시키는 것을 특징으로 하는 기판 흡착 지지대.",124,True,False,explicit_or_regex_estimated
1020110030553,1020120086230,,취하,취하,기판 흡착 지지대 및 이를 이용한 기판 흡착 방법,주식회사 미코,16,"16. 제1 항에 있어서, 상기 제1 흡착부와 상기 제2 흡착부가 서로 면접하는 경계 부위는 실링(sealing)시키는 것을 특징으로 하는 기판 흡착 지지대.",88,True,False,explicit_or_regex_estimated
1020110030553,1020120086230,,취하,취하,기판 흡착 지지대 및 이를 이용한 기판 흡착 방법,주식회사 미코,17,"17. 제1 항에 있어서, 상기 제1 흡착부와 제2 흡착부가 서로 면접하는 경계 부위는 철 구조가 위치하는 것을 특징으로 하는 기판 흡착 지지대.",81,True,False,explicit_or_regex_estimated
1020110030553,1020120086230,,취하,취하,기판 흡착 지지대 및 이를 이용한 기판 흡착 방법,주식회사 미코,18,"18. 제1 항에 있어서, 상기 플레이트의 최외각 영역은 요철 구조 중에서 철 구조가 형성되는 것을 특징으로 하는 기판 흡착 지지대.",74,True,False,explicit_or_regex_estimated
1020110030553,1020120086230,,취하,취하,기판 흡착 지지대 및 이를 이용한 기판 흡착 방법,주식회사 미코,19,"19. 제18 항에 있어서, 상기 플레이트의 최외각 영역의 철 구조는 상기 플레이트의 최외곽 영역을 제외한 상기 플레이트의 내부 영역의 철 구조에 비해 높은 높이를 갖는 것을 특징으로 하는 기판 흡착 지지대.",116,True,False,explicit_or_regex_estimated
1020110030553,1020120086230,,취하,취하,기판 흡착 지지대 및 이를 이용한 기판 흡착 방법,주식회사 미코,20,"20. 진공 흡착력 및 정전 흡착력을 혼용하여 기판을 흡착하기 위한 기판 흡착 방법에 있어서,상기 기판의 중심 부위를 흡착하는 단계; 및진공 흡착력 및 정전 흡착력을 이용하여 상기 기판의 중심 부위로부터 외곽 부위로 상기 기판을 흡착하는 단계를 포함하는 기판 흡착 방법.",151,False,True,explicit_or_regex_estimated
1020110088274,1020130025025,,취하,취하,정전척,주식회사 미코,1,"1. 베이스 기재;상기 베이스 기재 상에 배치된 유전층;상기 유전층의 내부에 배치되며 정전기력 발생을 위한 전극층; 및상기 베이스 기재와 상기 유전층 사이에 배치되고, 상기 유전층과 열팽창 계수의 차이가 내지 범위를 갖는 본딩층을 포함하는 정전척.",138,False,True,explicit_or_regex_estimated
1020110088274,1020130025025,,취하,취하,정전척,주식회사 미코,2,"2. 제 1 항에 있어서, 상기 본딩층은 금속 산화물을 포함하는 것을 특징으로 하는 정전척.",51,True,False,explicit_or_regex_estimated
1020110088274,1020130025025,,취하,취하,정전척,주식회사 미코,3,"3. 제 2 항에 있어서, 상기 본딩층은 산화티타늄(TiO2) 또는 산화지르코늄(ZrO2)을 포함하는 것을 특징으로 하는 정전척.",72,True,False,explicit_or_regex_estimated
1020110088274,1020130025025,,취하,취하,정전척,주식회사 미코,4,"4. 제 2 항에 있어서, 상기 본딩층은 티타늄(Ti), 산화티타늄(TiO2) 또는 산화지르코늄(ZrO2)의 분말 또는 선형재료를 이용한 코팅층을 포함하는 것을 특징으로 하는 정전척.",102,True,False,explicit_or_regex_estimated
1020110088274,1020130025025,,취하,취하,정전척,주식회사 미코,5,"5. 제 1 항에 있어서, 상기 본딩층의 두께는 20 ㎛ 내지 200㎛인 것을 특징으로 하는 정전척.",56,True,False,explicit_or_regex_estimated
1020110088274,1020130025025,,취하,취하,정전척,주식회사 미코,6,"6. 제 1 항에 있어서, 상기 본딩층은 표면 조도(Ra)가 3㎛ 내지 8㎛인 것을 특징으로 하는 정전척.",59,True,False,explicit_or_regex_estimated
1020110088274,1020130025025,,취하,취하,정전척,주식회사 미코,7,"7. 제 1 항에 있어서, 상기 베이스 기재와 상기 본딩층 사이에 형성되는 제2 본딩층을 더 포함하는 것을 특징으로 하는 정전척.",72,True,False,explicit_or_regex_estimated
1020110088274,1020130025025,,취하,취하,정전척,주식회사 미코,8,"8. 제 7 항에 있어서, 상기 제2 본딩층은 상기 베이스 기재의 열팽창 계수 보다 작고 상기 본딩층의 열팽창 계수보다 큰 열팽창 계수를 갖는 금속 합금을 포함하는 것을 특징으로 하는 정전척.",107,True,False,explicit_or_regex_estimated
1020110088274,1020130025025,,취하,취하,정전척,주식회사 미코,9,"9. 제 8 항에 있어서, 상기 제2 본딩층은 니켈(Ni), 알루미늄(Al) 또는 이들의 합금을 포함하는 것을 특징으로 하는 정전척.",74,True,False,explicit_or_regex_estimated
1020110088274,1020130025025,,취하,취하,정전척,주식회사 미코,10,"10. 제 7 항에 있어서, 상기 본딩층과 상기 제2 본딩층의 두께의 합은 40 ㎛ 내지 200㎛인 것을 특징으로 하는 정전척.",71,True,False,explicit_or_regex_estimated
1020110088274,1020130025025,,취하,취하,정전척,주식회사 미코,11,"11. 제 1 항에 있어서, 상기 유전층은상기 전극층 하부에 배치된 하부 유전층; 및상기 전극층 상부에 배치되며 상기 전극층을 커버하는 상부 유전층을 포함하는 것을 특징으로 하는 정전척.",104,True,False,explicit_or_regex_estimated
1020110138304,1020120071335,,거절,거절,적층판 열교환기,발레오 테르미코 에스.에이.,1,"1. 교대층으로 된 다수의 적층판(2)을 포함하는 적층판 열교환기(1)에 있어서,상기 적층판 사이에서는 냉각될 유체와 냉각 유체가 상기 적층판(2)에 의해 규정된 두 개의 별개의 회로 내를 순환하며, 상기 냉각될 유체의 회로는 상기 냉각될 유체의 입구 및 출구가 적층판 세트의 동일 개방 단부에 인접하게 배치된 U형상 구조를 포함하며, 반대측 단부는 폐쇄되어 있으며, 상기 적층판(2)은 유출 채널 및 복귀 채널을 규정하며, 또한 상기 적층판 열교환기는 상기 개방 단부에 연결된 고정 플랜지(5)를 포함하며, 상기 적층판 열교환기는 상기 냉각될 유체의 유입류 및 유출류를 모두 분리하기 위한 분리 수단(7)을 포함하며, 상기 분리 수단(7)은 상기 고정 플랜지(5)에 합체되는적층판 열교환기.",387,False,True,explicit_or_regex_estimated
1020110138304,1020120071335,,거절,거절,적층판 열교환기,발레오 테르미코 에스.에이.,2,"2. 제 1 항에 있어서,상기 분리 수단은 상기 고정 플랜지(5)의 외측면에 연결된 장벽형 벽(7)을 포함하며, 상기 벽(7)은 상기 적층판(2) 세트의 상기 개방 단부에서 상기 냉각될 유체의 입구 영역 및 출구 영역을 분할할 수 있는적층판 열교환기.",140,True,False,explicit_or_regex_estimated
1020110138304,1020120071335,,거절,거절,적층판 열교환기,발레오 테르미코 에스.에이.,3,"3. 제 2 항에 있어서,상기 분리벽(7)은 상기 열교환기(1)를 통한 상기 냉각될 유체의 유입류 및 유출류 모두를 폐쇄시키기 위한 EGR 밸브의 폐쇄 요소 또는 플랩과 직접 접촉할 수 있는적층판 열교환기.",115,True,False,explicit_or_regex_estimated
1020110138304,1020120071335,,거절,거절,적층판 열교환기,발레오 테르미코 에스.에이.,4,"4. 제 2 항 또는 제 3 항에 있어서,상기 벽(7)은 상기 플랜지(5)에 연결된 별개의 부분이거나 또는 상기 플랜지(5)와 결합된 단일편으로 이루어질 수도 있는적층판 열교환기.",100,True,False,explicit_or_regex_estimated
1020110138304,1020120071335,,거절,거절,적층판 열교환기,발레오 테르미코 에스.에이.,5,"5. 제 2 항 내지 제 4 항 중 어느 한 항에 있어서,상기 적층판 열교환기는 냉각될 유체류가 상기 적층판(2)들의 절반에서 상기 냉각될 유체의 회로의 모든 채널을 통해 안내되고, 나머지 완전히 다른 적층판(2)의 일부를 형성하는 상기 냉각될 유체용 회로의 다른 채널을 통하여 복귀되는 수직 U형상 구조를 갖는 유형이며, 상기 분리벽(7)은 실질적으로 수평한 위치에서 상기 플랜지(5)에 합체되고 상기 냉각될 유체의 유입류 및 유출류 모두를 분리하도록 구성된 중간판(2a)에 노내 브레이징되는적층판 열교환기.",285,True,False,explicit_or_regex_estimated
1020110138304,1020120071335,,거절,거절,적층판 열교환기,발레오 테르미코 에스.에이.,6,"6. 제 2 항 내지 제 4 항 중 어느 한 항에 있어서,상기 적층판 열교환기는 상기 냉각될 유체가 모든 적층판(2)의 채널의 절반을 통해 안내되고, 동일 적층판(2)의 일부를 형성하는 상기 냉각될 유체용 채널의 다른 절반을 통하여 복귀되는 수평 U형상 구조를 갖는 유형이며, 상기 분리벽(7)은 실질적으로 수직한 위치에서 합체되고 상기 냉각될 유체의 유입류 및 유출류를 모두 분리하도록 구성된 중간 위치에서 상기 적층판(2)에 노내 브레이징되는적층판 열교환기.",258,True,False,explicit_or_regex_estimated
1020110138304,1020120071335,,거절,거절,적층판 열교환기,발레오 테르미코 에스.에이.,7,"7. 제 6 항에 있어서,상기 분리벽(7)은 상기 판(2)의 단부에 결합될 수 있는 시트(8)를 포함하는적층판 열교환기.",67,True,False,explicit_or_regex_estimated
1020110138304,1020120071335,,거절,거절,적층판 열교환기,발레오 테르미코 에스.에이.,8,"8. 제 1 항에 있어서,상기 적층판(2) 세트의 폐쇄 단부에 연결된 가스 저장 용기(6)를 포함하는적층판 열교환기.",65,True,False,explicit_or_regex_estimated
1020117001882,1020110038059,,취하,취하,높은 선택도 및 수율을 갖는 불균질 촉매되는 반응의 수행 방법,우미코레 아게 운트 코 카게,1,"1. 유기 분자들의 합성을 위한 불균질 촉매되는(heterogeneously catalyzed) 기체-상 반응을 반응기로서의 벽-유동 필터에서 수행하는 방법으로서,상기 촉매는 상기 필터의 격벽들의 기공들 내에 매립(embedding)되고,상기 벽-유동 필터의 채널 직경(d), 상기 벽-유동 필터의 재료 및 기공 직경, 및 반응물 기체 스트림의 유입 속도(urad)는 반경 페클레 수(radial Peclet number)(Perad)가 ≥10이 되도록 선택되며, 또한 상기 채널의 길이(l)는 상기 주어진 조건하에 상기 채널 내부에서 층류 기체 유동(laminar gas flow)이 우세(Re≤2,300)하도록 선택됨을 특징으로 하는, 방법.",361,False,True,explicit_or_regex_estimated
1020117001882,1020110038059,,취하,취하,높은 선택도 및 수율을 갖는 불균질 촉매되는 반응의 수행 방법,우미코레 아게 운트 코 카게,2,"2. 제1항에 있어서, 상기 벽-유동 필터를 통한 압력 손실이 입력 압력에 대해 25% 미만임을 특징으로 하는, 방법.",66,True,False,explicit_or_regex_estimated
1020117001882,1020110038059,,취하,취하,높은 선택도 및 수율을 갖는 불균질 촉매되는 반응의 수행 방법,우미코레 아게 운트 코 카게,3,"3. 제1항 또는 제2항에 있어서, 추가의 촉매가 피복물의 형태로 상기 격벽들에 추가로 도포됨을 특징으로 하는, 방법.",66,True,False,explicit_or_regex_estimated
1020117001882,1020110038059,,취하,취하,높은 선택도 및 수율을 갖는 불균질 촉매되는 반응의 수행 방법,우미코레 아게 운트 코 카게,4,"4. 제1항 내지 제3항 중 어느 한 항에 있어서, 상기 벽-유동 필터가 실온에서 ≥0.5Wm-1ㆍK-1의 열 전도율을 갖는 재료로 이루어짐을 특징으로 하는, 방법.",92,True,False,explicit_or_regex_estimated
1020117001882,1020110038059,,취하,취하,높은 선택도 및 수율을 갖는 불균질 촉매되는 반응의 수행 방법,우미코레 아게 운트 코 카게,5,"5. 제1항에 있어서, 상기 반응이 자열(autothermal) 반응, 발열 반응 또는 흡열 반응임을 특징으로 하는, 방법.",69,True,False,explicit_or_regex_estimated
1020117001882,1020110038059,,취하,취하,높은 선택도 및 수율을 갖는 불균질 촉매되는 반응의 수행 방법,우미코레 아게 운트 코 카게,6,"6. 제5항에 있어서, 상기 벽-유동 필터 내에서 진행되는 완전 반응(complete reaction)이 전체 기체 유동에 대해 1,000kJㆍmol-1의 발열량을 초과하지 않음을 특징으로 하는, 방법.",113,True,False,explicit_or_regex_estimated
1020117008048,1020110074861,1016139970000,소멸,소멸,배기 가스 정화용 촉매 및 그것을 이용한 정화 방법,유미코어 니폰 쇼쿠바이 가부시키가이샤|유미코어 쇼쿠바이 유에스에이 인코포레이티드,1,"1. 삼차원 구조체에 귀금속, 마그네슘 산화물 및 내화성 무기 산화물을 포함한 촉매 성분의 촉매층이 형성되어 이루어진 배기 가스 정화용 촉매로서,상기 촉매층이 수은 압입법으로 얻어지는 세공 분포에서 마그네슘 산화물에 기인한 피크를 2개 가지며, 상기 촉매층의 세공 분포에 존재하는 상기 마그네슘 산화물에 기인한 2개의 피크는 1∼5㎛ 범위에 존재하는 제1 피크 및 0.1∼1㎛ 범위에 존재하는 제2 피크이고, 상기 마그네슘 산화물의 사용량이 삼차원 구조체 1리터당 0.5∼9g인 배기 가스 정화용 촉매.",281,False,True,explicit_or_regex_estimated
1020117008048,1020110074861,1016139970000,소멸,소멸,배기 가스 정화용 촉매 및 그것을 이용한 정화 방법,유미코어 니폰 쇼쿠바이 가부시키가이샤|유미코어 쇼쿠바이 유에스에이 인코포레이티드,3,"3. 청구항 1에 있어서, 상기 제1 피크에 상당하는 1∼5㎛ 범위의 세공 용적의 전세공 용적에 대한 비율이 5∼30%인 배기 가스 정화용 촉매.",81,True,False,explicit_or_regex_estimated
1020117008048,1020110074861,1016139970000,소멸,소멸,배기 가스 정화용 촉매 및 그것을 이용한 정화 방법,유미코어 니폰 쇼쿠바이 가부시키가이샤|유미코어 쇼쿠바이 유에스에이 인코포레이티드,4,"4. 청구항 3에 있어서, 상기 제2 피크에 상당하는 0.1∼1㎛ 범위의 세공 용적의 상기 제1 피크에 상당하는 1∼5㎛범위의 세공 용적에 대한 비율이 0.5∼30인 배기 가스 정화용 촉매.",106,True,False,explicit_or_regex_estimated
1020117008048,1020110074861,1016139970000,소멸,소멸,배기 가스 정화용 촉매 및 그것을 이용한 정화 방법,유미코어 니폰 쇼쿠바이 가부시키가이샤|유미코어 쇼쿠바이 유에스에이 인코포레이티드,5,"5. 청구항 1, 청구항 3 또는 청구항 4 중 어느 한 항에 있어서, 상기 마그네슘 산화물의 사용량이 삼차원 구조체 1리터당 1∼5g인 배기 가스 정화용 촉매.",90,True,False,explicit_or_regex_estimated
1020117008048,1020110074861,1016139970000,소멸,소멸,배기 가스 정화용 촉매 및 그것을 이용한 정화 방법,유미코어 니폰 쇼쿠바이 가부시키가이샤|유미코어 쇼쿠바이 유에스에이 인코포레이티드,6,"6. 청구항 1, 청구항 3 또는 청구항 4 중 어느 한 항에 있어서, 촉매 성분으로서 알카리 금속, 알카리 토류 금속, 희토류 원소, 망간 및 텅스텐으로 이루어진 군에서 선택되는 적어도 1종의 원소의 산화물을 더 포함하는 배기 가스 정화용 촉매.",138,True,False,explicit_or_regex_estimated
1020117008048,1020110074861,1016139970000,소멸,소멸,배기 가스 정화용 촉매 및 그것을 이용한 정화 방법,유미코어 니폰 쇼쿠바이 가부시키가이샤|유미코어 쇼쿠바이 유에스에이 인코포레이티드,7,"7. 청구항 1, 청구항 3 또는 청구항 4 중 어느 한 항에 있어서, 상기 마그네슘 산화물은 산화마그네슘의 형태로 촉매층에 첨가되는 배기 가스 정화용 촉매.",88,True,False,explicit_or_regex_estimated
1020117008048,1020110074861,1016139970000,소멸,소멸,배기 가스 정화용 촉매 및 그것을 이용한 정화 방법,유미코어 니폰 쇼쿠바이 가부시키가이샤|유미코어 쇼쿠바이 유에스에이 인코포레이티드,8,"8. 귀금속, 마그네슘 산화물 및 내화성 무기 산화물을 수성 매체에 분산하고 습식 분쇄하여 슬러리를 얻은 후 삼차원 구조체를 상기 슬러리 중에 침지하여 잉여 슬러리를 제거하고 건조, 소성하여 마그네슘 산화물이 흡수한 수분을 상기 건조·소성 공정 중에 증발시키거나 혹은 마그네슘 산화물을 건조·소성 공정 중에 수축시켜 1∼5㎛의 범위에 존재하는 제1 피크를 갖는 구멍을 촉매층 중에 형성하는 것; 또는수용성 귀금속염을 물에 용해하고 내화성 무기 산화물에 귀금속을 담지하여 귀금속 담지 내화성 무기 산화물을 얻고, 상기 귀금속 담지 내화성 무기 산화물과 마그네슘 산화물을 수성 매체에 분산하고 습식 분쇄하여 슬러리를 얻은 후 삼차원 구조체를 상기 슬러리 중에 침지하여 잉여 슬러리를 제거하고 건조, 소성하여 마그네슘 산화물이 흡수한 수분을 상기 건조·소성 공정 중에 증발시키거나 혹은 마그네슘 산화물을 건조·소성 공정 중에 수축시켜 1∼5㎛의 범위에 존재하는 제1 피크를 갖는 구멍을 촉매층 중에 형성하는 것을 포함하는 청구항 1에 기재된 배기 가스 정화용 촉매의 제조 방법.",544,False,True,explicit_or_regex_estimated
1020117008048,1020110074861,1016139970000,소멸,소멸,배기 가스 정화용 촉매 및 그것을 이용한 정화 방법,유미코어 니폰 쇼쿠바이 가부시키가이샤|유미코어 쇼쿠바이 유에스에이 인코포레이티드,9,"9. 청구항 1, 청구항 3 또는 청구항 4 중 어느 한 항에 기재된 배기 가스 정화용 촉매 또는 청구항 8에 기재된 방법에 따라 제조되는 배기 가스 정화용 촉매에 대해 배기 가스를 접촉시키는 것을 포함하는 배기 가스의 정화 방법.",129,False,True,explicit_or_regex_estimated
1020117014483,1020110093908,,취하,취하,P-타입 투명 도전성 필름의 물리기상증착을 위한 타겟을 제조하기 위한 물질,유미코아,1,"1. p-타입 투명 도전성 박막에 대한 타겟(targets)의 제조를 위한 분말형 옥사이드 물질 (MxM'y)Cu2+a02+b로서,-0.2≤a≤0.2이고, -0.2≤b≤0.2이며, x003e#0, y003e#0 및 x+y=1±0.2인 경우, M'은 Sr이고, M은 Ba와 2가 Cu 중 1 이상이거나, 또는 x=1±0.2 및 y=0인 경우, M은 2가 Cu인 것을 특징으로 하는 분말형 옥사이드 물질.",224,False,True,explicit_or_regex_estimated
1020117014483,1020110093908,,취하,취하,P-타입 투명 도전성 필름의 물리기상증착을 위한 타겟을 제조하기 위한 물질,유미코아,2,"2. 제 1 항에 있어서,y003e#0인 경우, M'=Sr이고, M=Ba인 것을 특징으로 하는 분말형 옥사이드 물질.",65,True,False,explicit_or_regex_estimated
1020117014483,1020110093908,,취하,취하,P-타입 투명 도전성 필름의 물리기상증착을 위한 타겟을 제조하기 위한 물질,유미코아,3,"3. 제 2 항에 있어서,0003c#x003c#0.20인 것을 특징으로 하는 분말형 옥사이드 물질.",55,True,False,explicit_or_regex_estimated
1020117014483,1020110093908,,취하,취하,P-타입 투명 도전성 필름의 물리기상증착을 위한 타겟을 제조하기 위한 물질,유미코아,4,"4. 제 3 항에 있어서,0.02≤x≤0.06인 것을 특징으로 하는 분말형 옥사이드 물질.",50,True,False,explicit_or_regex_estimated
1020117014483,1020110093908,,취하,취하,P-타입 투명 도전성 필름의 물리기상증착을 위한 타겟을 제조하기 위한 물질,유미코아,5,"5. p-타입 투명 도전성 박막에 대한 타겟의 제조에 사용되는, 제 1 항 내지 제 4 항 중 어느 한 항에 따른 분말형 옥사이드 물질 (MxM'y)Cu2+a02+b의 사용 방법.",100,True,False,explicit_or_regex_estimated
1020117018120,1020110118654,1016554930000,등록,등록,엔진 배기 가스용의 가스 열 교환기,발레오 테르미코 에스.에이.,1,"1. 특히 엔진의 재순환되는 배기 가스용의 열 교환기(1)로서, 냉매 유체와 열 교환하는 가스의 순환을 위해 스테인리스강으로 제작되는 열 교환 코어 번들(2)과, 페라이트계 스테인리스강으로 제조되는, 가스 재순환 라인에 연결하기 위한 적어도 하나의 플랜지(3)를 포함하며, 상기 플랜지(3)는 노 용접에 의해 상기 열 교환 코어 번들(2)에 고정되고, 상기 노 용접은 붕소를 함유한 합금으로 구성되는 용접 물질(4)을 이용하는, 상기 열 교환기(1)에 있어서,상기 플랜지(3)의 페라이트계 스테인리스강은 실제의 페라이트계 스테인리스강 자체에 함유된 질소와 반응할 수 있는 비율의 니오븀을 함유하여, 니오븀 나이트라이드를 형성함으로써, 상기 플랜지(3)에 함유된 상기 질소가 상기 용접 물질(4)의 붕소와 반응하는 것을 방지하는열 교환기.",412,False,True,explicit_or_regex_estimated
1020117018120,1020110118654,1016554930000,등록,등록,엔진 배기 가스용의 가스 열 교환기,발레오 테르미코 에스.에이.,2,"2. 제 1 항에 있어서, 상기 플랜지(3)의 페라이트계 스테인리스강이 최대 1중량%의 니오븀을 함유하는열 교환기.",64,True,False,explicit_or_regex_estimated
1020117018120,1020110118654,1016554930000,등록,등록,엔진 배기 가스용의 가스 열 교환기,발레오 테르미코 에스.에이.,3,"3. 제 1 항 또는 제 2 항에 있어서, 상기 플랜지(3)의 페라이트계 스테인리스강이 조성물 DIN 1.4511(AISI 430Nb)의 합금인열 교환기.",86,True,False,explicit_or_regex_estimated
1020117018120,1020110118654,1016554930000,등록,등록,엔진 배기 가스용의 가스 열 교환기,발레오 테르미코 에스.에이.,4,"4. 제 1 항 또는 제 2 항에 있어서, 상기 노 용접을 위한 용접 물질(4)이 합금 NI 102(BNi2)인 열 교환기.",69,True,False,explicit_or_regex_estimated
1020117018120,1020110118654,1016554930000,등록,등록,엔진 배기 가스용의 가스 열 교환기,발레오 테르미코 에스.에이.,5,"5. 제 1 항 또는 제 2 항에 있어서, 상기 열 교환 코어 번들(2)은 오스테나이트계 스테인리스강으로 제작되는열 교환기.",69,True,False,explicit_or_regex_estimated
1020117029258,1020120024721,,취하,취하,자력 증강 전자식 구동 장치,카네코 후미코,1,"1. 가동 자석 또는 고정 자석의 적어도 일방의 자력을 변환함으로써, 고정 자석에 대하여 가동 자석을 지속하여 회전 운동 또는 왕복 운동을 하도록 한 전자식 구동 장치에 있어서, 가동 자석 또는 고정 자석에 자력 증강용의 영구자석을 설치한 것을 특징으로 하는 자력 증강 전자식 구동 장치.",161,False,True,explicit_or_regex_estimated
1020117029258,1020120024721,,취하,취하,자력 증강 전자식 구동 장치,카네코 후미코,2,"2. 제 1 항에 있어서, 자력을 변환해야 할 가동 자석 또는 고정 자석을, 영구자석에 코일을 감아 이루어지는 전자석으로 구성하고, 코일로의 통전 방향을 변환 또는 온?오프하여 자력을 변환하는 구성으로 하여 이루어지는 것을 특징으로 하는 자력 증강 전자식 구동 장치.",149,True,False,explicit_or_regex_estimated
1020117029258,1020120024721,,취하,취하,자력 증강 전자식 구동 장치,카네코 후미코,3,"3. 제 1 항 또는 제 2 항에 있어서, 전자석으로 이루어지는 가동 자석 또는 고정 자석에 자력 증강용의 영구자석을 설치하여 이루어지는 것을 특징으로 하는 자력 증강 전자식 구동 장치.",104,True,False,explicit_or_regex_estimated
1020117029258,1020120024721,,취하,취하,자력 증강 전자식 구동 장치,카네코 후미코,4,"4. 제 1 항, 제 2 항 또는 제 3 항에 있어서, 자력 증강용의 영구자석에 강자성체를 부착설치하여 이루어지는 것을 특징으로 하는 자력 증강 전자식 구동 장치.",91,True,False,explicit_or_regex_estimated
1020117029258,1020120024721,,취하,취하,자력 증강 전자식 구동 장치,카네코 후미코,5,"5. 제 1 항 내지 제 4 항 중 어느 한 항에 있어서, 가동 자석을 고정 자석에 대하여 왕복 작동 가능하게 배치함과 아울러, 가동 자석에 반전 방향의 스프링 탄력을 가압하는 스프링 탄력 기구를 설치하고, 가동 자석 또는 고정 자석의 어느 일방의 자석의 자력을 고정 자석의 부근에서 전환하는 자력 전환 기구를 설치하고, 또한, 가동 자석의 왕복 직선 운동을 1방향 회전 운동으로 변환하는 회전 운동 변환 기구를 설치하여 이루어지는 것을 특징으로 하는 자력 증강 전자식 구동 장치.",269,True,False,explicit_or_regex_estimated
1020117029258,1020120024721,,취하,취하,자력 증강 전자식 구동 장치,카네코 후미코,6,"6. 제 1 항 내지 제 5 항 중 어느 한 항에 있어서, 가동 자석과 고정 자석이 1대 1의 관계로 설치되어 있는 것을 특징으로 하는 자력 증강 전자식 구동 장치.",92,True,False,explicit_or_regex_estimated
1020117029258,1020120024721,,취하,취하,자력 증강 전자식 구동 장치,카네코 후미코,7,"7. 제 1 항 내지 제 6 항 중 어느 한 항에 있어서, 1개의 가동 자석을 2개의 고정 자석 사이에 설치하고 있는 것을 특징으로 하는 자력 증강 전자식 구동 장치.",93,True,False,explicit_or_regex_estimated
1020117029258,1020120024721,,취하,취하,자력 증강 전자식 구동 장치,카네코 후미코,8,"8. 제 5 항 내지 제 7 항 중 어느 한 항에 있어서, 회전 운동 변환 기구가 가동 자석에 연동하여 왕복 직선 운동을 1방향 회전 운동으로 변환하는 크랭크 기구로 이루어지는 것을 특징으로 하는 자력 증강 전자식 구동 장치.",126,True,False,explicit_or_regex_estimated
1020117029258,1020120024721,,취하,취하,자력 증강 전자식 구동 장치,카네코 후미코,9,"9. 제 8 항에 있어서, 회전 운동 변환 기구가 가동 자석의 왕복 직선 운동을 지레 부재로 증폭하고 나서 회전 운동으로 변환하는 크랭크 기구로 이루어지는 것을 특징으로 하는 자력 증강 전자식 구동 장치.",114,True,False,explicit_or_regex_estimated
1020117029258,1020120024721,,취하,취하,자력 증강 전자식 구동 장치,카네코 후미코,10,"10. 제 5 항 내지 제 7 항 중 어느 한 항에 있어서, 회전 운동 변환 기구가 가동 자석에 연동하여 왕복 직선 운동을 1방향 회전 운동으로 변환하는 래크 앤드 피니언 기구로 이루어지는 것을 특징으로 하는 자력 증강 전자식 구동 장치.",133,True,False,explicit_or_regex_estimated
1020117029258,1020120024721,,취하,취하,자력 증강 전자식 구동 장치,카네코 후미코,11,"11. 제 1 항 내지 제 4 항 중 어느 한 항에 있어서, 가동 자석을 고정 자석에 대하여 회전 가능하게 배치함과 아울러, 가동 자석의 회전 중심에 영구자석을 설치함과 아울러 외주부에 전자석을 설치하고, 전자석의 자력을 변환하여 고정 자석에 대하여 가동 자석을 회전 운동시키는 것을 특징으로 하는 자력 증강 전자식 구동 장치.",183,True,False,explicit_or_regex_estimated
1020117029258,1020120024721,,취하,취하,자력 증강 전자식 구동 장치,카네코 후미코,12,"12. 제 11 항에 있어서, 영구자석으로 이루어지는 회전 가동 자석에 대하여 전자석으로 이루어지는 고정 자석을 설치하고, 고정 자석의 근방에 전자석의 자력 변환에 동기하여 자력 증강용의 영구자석을 반전 회전 가능하게 설치하여 이루어지는 것을 특징으로 하는 자력 증강 전자식 구동 장치.",160,True,False,explicit_or_regex_estimated
1020117029258,1020120024721,,취하,취하,자력 증강 전자식 구동 장치,카네코 후미코,13,"13. 제 1 항 내지 제 12 항 중 어느 한 항에 있어서, 고정 자석 또는 가동 자석의 어느 일방이 영구자석으로 이루어지는 것을 특징으로 하는 자력 증강 전자식 구동 장치.",98,True,False,explicit_or_regex_estimated
1020117029258,1020120024721,,취하,취하,자력 증강 전자식 구동 장치,카네코 후미코,14,"14. 제 1 항 내지 제 13 항 중 어느 한 항에 있어서, 회전 운동에 의해 발전 장치를 구동하도록 한 것을 특징으로 하는 자력 증강 전자식 구동 장치.",87,True,False,explicit_or_regex_estimated
1020127014717,1020120085892,1017754090000,소멸,소멸,루테늄(0)-올레핀 착물의 제조방법,우미코레 아게 운트 코 카게,1,"1. 화학식 Ru(+II)(X)p(Y)q의 루테늄 출발 화합물로서, 여기서, X가 음이온성 그룹이고, Y가 비하전된(uncharged) 2-전자 공여체 리간드이고, p가 1 또는 2이고, q가 1 내지 6의 정수인 상기 루테늄 출발 화합물을, 사이클로헥사디엔 유도체와 또는 사이클로헥사디엔 유도체를 포함하는 디엔 혼합물과, 염기의 존재하에 반응시켜, (아렌)(디엔)Ru(0) 타입의 루테늄(0)-올레핀 착물을 제조하는 방법으로서, 상기 루테늄(0)-올레핀 착물에 결합된 상기 아렌이 산화에 의해 상기 사이클로헥사디엔 유도체로부터 형성되는, 방법.",305,False,True,explicit_or_regex_estimated
1020127014717,1020120085892,1017754090000,소멸,소멸,루테늄(0)-올레핀 착물의 제조방법,우미코레 아게 운트 코 카게,2,"2. 제1항에 있어서, 상기 사이클로헥사디엔 유도체가 1,3-사이클로헥사디엔, 1,4-사이클로헥사디엔 및 이들의 혼합물로 이루어진 그룹으로부터 선택된 치환되지 않은 사이클로헥사디엔 유도체인, 방법.",110,True,False,explicit_or_regex_estimated
1020127014717,1020120085892,1017754090000,소멸,소멸,루테늄(0)-올레핀 착물의 제조방법,우미코레 아게 운트 코 카게,3,"3. 제1항에 있어서, 상기 사이클로헥사디엔 유도체가 모노-알킬-치환되거나 폴리-알킬-치환된 사이클로헥사디엔이며, 1-메틸-1,3-사이클로헥사디엔, 1-메틸-1,4-사이클로헥사디엔, 1-에틸-1,3-사이클로헥사디엔, 1-에틸-1,4-사이클로헥사디엔, 1-이소프로필-4-메틸-1,3-사이클로헥사디엔(α-테르피넨), 1-이소프로필-4-메틸-1,4-사이클로헥사디엔(γ-테르피넨), 2-메틸-5-이소프로필-1,3-사이클로헥사디엔(α-펠란드렌), 바이사이클로-[4.3.0]-노나-3,6(1)-디엔 및 이들의 혼합물로 이루어진 그룹으로부터 선택되는, 방법.",305,True,False,explicit_or_regex_estimated
1020127014717,1020120085892,1017754090000,소멸,소멸,루테늄(0)-올레핀 착물의 제조방법,우미코레 아게 운트 코 카게,4,"4. 제1항 내지 제3항 중의 어느 한 항에 있어서, 상기 디엔 혼합물 및 사이클로헥사디엔 유도체가 1,3-사이클로옥타디엔, 1,5-사이클로옥타디엔, 노르보르나디엔, 디사이클로펜타디엔, 스피로[2.4]헵타-4,6-디엔 및 이들의 혼합물로 이루어진 그룹으로부터 선택된 치환되거나 치환되지 않은 사이클릭 디엔을 포함하는, 방법.",181,True,False,explicit_or_regex_estimated
1020127014717,1020120085892,1017754090000,소멸,소멸,루테늄(0)-올레핀 착물의 제조방법,우미코레 아게 운트 코 카게,5,"5. 제1항 내지 제3항 중의 어느 한 항에 있어서, 상기 디엔 혼합물 및 사이클로헥사디엔 유도체가 부타디엔, 이소프렌, 2,3-디메틸-1,3-부타디엔, 1,3-펜타디엔, 1,4-펜타디엔, 2,4-디메틸-1,3-펜타디엔 및 이들의 혼합물로 이루어진 그룹으로부터 선택된 치환되거나 치환되지 않은 비사이클릭 디엔을 포함하는, 방법.",183,True,False,explicit_or_regex_estimated
1020127014717,1020120085892,1017754090000,소멸,소멸,루테늄(0)-올레핀 착물의 제조방법,우미코레 아게 운트 코 카게,6,"6. 제1항 내지 제3항 중의 어느 한 항에 있어서, 상기 디엔 혼합물이 1,3-디비닐테트라메틸디실록산 및 1,3-디비닐테트라메틸디실라잔으로 이루어진 그룹으로부터 선택된 디엔 유사체를 포함하는, 방법.",112,True,False,explicit_or_regex_estimated
1020127014717,1020120085892,1017754090000,소멸,소멸,루테늄(0)-올레핀 착물의 제조방법,우미코레 아게 운트 코 카게,7,"7. 제1항 내지 제3항 중의 어느 한 항에 있어서, 상기 사이클로헥사디엔 유도체 또는 상기 디엔 혼합물의 첨가량이 (상기 Ru 출발 화합물을 기준으로 하여) 2 내지 5당량인, 방법.",103,True,False,explicit_or_regex_estimated
1020127014717,1020120085892,1017754090000,소멸,소멸,루테늄(0)-올레핀 착물의 제조방법,우미코레 아게 운트 코 카게,8,"8. 제1항 내지 제3항 중의 어느 한 항에 있어서, 상기 비하전된 2-전자 공여체 리간드 Y가 아세토니트릴, 벤조니트릴, 아크릴로니트릴, 메틸이소니트릴(CNCH3), 물, THF, 디옥산, 디메틸 설폭사이드(DMSO), 디메틸포름아미드(DMF), 아세톤, 암모니아(NH3), 아민 및 피리딘으로 이루어진 그룹으로부터 선택되고, 이들의 혼합물 및 배합물을 포함하는, 방법.",208,True,False,explicit_or_regex_estimated
1020127014717,1020120085892,1017754090000,소멸,소멸,루테늄(0)-올레핀 착물의 제조방법,우미코레 아게 운트 코 카게,9,"9. 제1항 내지 제3항 중의 어느 한 항에 있어서, 상기 비하전된 2-전자 공여체 리간드 Y가 용매 리간드이고, 아세토니트릴, 벤조니트릴, 물, THF, 디옥산, 디메틸 설폭사이드(DMSO), 디메틸포름아미드(DMF), 아세톤 및 피리딘으로 이루어진 그룹으로부터 선택되고, 이들의 혼합물 및 배합물을 포함하는, 방법.",178,True,False,explicit_or_regex_estimated
1020127014717,1020120085892,1017754090000,소멸,소멸,루테늄(0)-올레핀 착물의 제조방법,우미코레 아게 운트 코 카게,10,"10. 제1항 내지 제3항 중의 어느 한 항에 있어서, 상기 루테늄(II) 출발 화합물의 상기 음이온성 그룹 X가 F-, Cl-, Br- 및 I-로 이루어진 그룹으로부터 선택된 할라이드, CN-, CNO- 및 SCN-으로 이루어진 그룹으로부터 선택된 유사할라이드(pseudohalide), 아세틸아세토네이트, 토실레이트(CH3C6H4SO3-), 트리플루오로메틸설포네이트(""트리플레이트""; CF3SO3-), 아세테이트, 트리플루오로아세테이트, 또는 설페이트, 하이드로겐포스페이트, 옥살레이트 및 카보네이트로 이루어진 그룹으로부터 선택된 2가 음이온(dianion)을 포함하는, 방법.",325,True,False,explicit_or_regex_estimated
1020127014717,1020120085892,1017754090000,소멸,소멸,루테늄(0)-올레핀 착물의 제조방법,우미코레 아게 운트 코 카게,11,"11. 제1항 내지 제3항 중의 어느 한 항에 있어서, 상기 루테늄(II) 출발 화합물이 RuCl2(아세토니트릴)4, RuBr2(아세토니트릴)4, RuCl2(피리딘)4, [Ru(H2O)6]Cl2, [Ru(H2O)6](트리플레이트)2, RuCl2(DMSO)4, [Ru(NH3)6]Cl2, RuCl2(벤조니트릴)4 또는 이들의 혼합물인, 방법.",190,True,False,explicit_or_regex_estimated
1020127014717,1020120085892,1017754090000,소멸,소멸,루테늄(0)-올레핀 착물의 제조방법,우미코레 아게 운트 코 카게,12,"12. 제1항 내지 제3항 중의 어느 한 항에 있어서, 상기 사용된 염기가 알칼리 금속 수산화물, 알칼리 토금속 수산화물, 염기성 산화물, 알칼리 금속 탄산염, 알칼리 토금속 탄산염, 알칼리 금속 탄산수소염, 알칼리 토금속 탄산수소염, 알칼리 금속 옥살레이트, 알칼리 토금속 옥살레이트, 알칼리 금속 아세테이트, 알칼리 토금속 아세테이트, 알칼리 금속 인산염, 알칼리 토금속 인산염 및 이들의 혼합물로 이루어진 그룹으로부터 선택된 무기 염기를 포함하는, 방법.",257,True,False,explicit_or_regex_estimated
1020127014717,1020120085892,1017754090000,소멸,소멸,루테늄(0)-올레핀 착물의 제조방법,우미코레 아게 운트 코 카게,13,"13. 제1항 내지 제3항 중의 어느 한 항에 있어서, 상기 사용된 염기가 디에틸아민, 트리메틸아민, 트리에틸아민, 유로트로핀, 에탄올아민, 이미다졸, 피리딘, 에틸렌디아민 및 이들의 혼합물로 이루어진 그룹으로부터 선택된 유기 염기를 포함하는, 방법.",140,True,False,explicit_or_regex_estimated
1020127014717,1020120085892,1017754090000,소멸,소멸,루테늄(0)-올레핀 착물의 제조방법,우미코레 아게 운트 코 카게,14,"14. 제1항 내지 제3항 중의 어느 한 항에 있어서, 상기 염기의 첨가량이 (상기 루테늄 화합물을 기준으로 하여) 1 내지 10당량인, 방법.",80,True,False,explicit_or_regex_estimated
1020127014717,1020120085892,1017754090000,소멸,소멸,루테늄(0)-올레핀 착물의 제조방법,우미코레 아게 운트 코 카게,15,"15. 제1항 내지 제3항 중의 어느 한 항에 있어서, 극성 유기 용매들, 또는 이들 극성 유기 용매와 물의 혼합물이 사용되는, 방법.",75,True,False,explicit_or_regex_estimated
1020127014717,1020120085892,1017754090000,소멸,소멸,루테늄(0)-올레핀 착물의 제조방법,우미코레 아게 운트 코 카게,16,"16. 제1항 내지 제3항 중의 어느 한 항에 있어서, 상기 화학식 Ru(+II)(X)p(Y)q의 Ru(II) 출발 화합물이 선행 단계에서 제조되고, 중간체 분리 없이 사용되는, 방법.",103,True,False,explicit_or_regex_estimated
1020127014717,1020120085892,1017754090000,소멸,소멸,루테늄(0)-올레핀 착물의 제조방법,우미코레 아게 운트 코 카게,17,"17. 제16항에 있어서, 상기 Ru(II) 출발 화합물이 Ru(II)Cl2(CH3CN)4 또는 Ru(II)Cl2(DMSO)4이고, 염화루테늄(III) 수화물의 환원에 의해 제조되는, 방법.",106,True,False,explicit_or_regex_estimated
1020127014717,1020120085892,1017754090000,소멸,소멸,루테늄(0)-올레핀 착물의 제조방법,우미코레 아게 운트 코 카게,18,18. 제1항 내지 제3항 중의 어느 한 항에 따르는 방법에 의해 제조된 Ru(0)-올레핀 착물을 사용하는 것을 특징으로 하는 균질한 촉매의 제조방법.,84,True,False,explicit_or_regex_estimated
1020127014717,1020120085892,1017754090000,소멸,소멸,루테늄(0)-올레핀 착물의 제조방법,우미코레 아게 운트 코 카게,19,19. 제1항 내지 제3항 중의 어느 한 항에 따르는 방법에 의해 제조된 Ru(0)-올레핀 착물을 사용하는 것을 특징으로 하는 기능성 루테늄 함유 코팅 또는 루테늄 산화물 함유 코팅의 제조방법.,108,True,False,explicit_or_regex_estimated
1020127014717,1020120085892,1017754090000,소멸,소멸,루테늄(0)-올레핀 착물의 제조방법,우미코레 아게 운트 코 카게,21,"21. (η6-p-시멘)(η4-1-이소프로필-4-메틸-1,3-사이클로헥사디엔)루테늄(0), (η6-p-시멘)(η4-1-이소프로필-4-메틸-1,5-사이클로헥사디엔)루테늄(0) 및 (η6-p-시멘)(η4-1-이소프로필-4-메틸-3,5-사이클로헥사디엔)루테늄(0)으로 이루어진 3개의 이성체 중 적어도 2개를 포함하는 화합물 (η6-p-시멘)(η4-1-이소프로필-4-메틸-사이클로헥사디엔)루테늄(0)의 이성체 혼합물.",230,False,True,explicit_or_regex_estimated
1020127014717,1020120085892,1017754090000,소멸,소멸,루테늄(0)-올레핀 착물의 제조방법,우미코레 아게 운트 코 카게,23,"23. 제21항에 있어서, 박막 기술에 의해 루테늄 함유 층을 제조하는데 사용하기 위한, 이성체 혼합물.",58,True,False,explicit_or_regex_estimated
1020127017951,1020120123312,,취하,취하,후막 블로운 필름,다우 글로벌 테크놀로지스 엘엘씨|다우 브라질 인더스트리아 이 코메르시오 디 프로두토스 퀴미코스 엘티디에이.,1,"1. 100 마이크로미터를 초과하는 두께를 가지며,a) i) ASTM D792에 따라 측정된 밀도가 0.90 g/cm3 내지 0.955 g/cm3 범위이고, ASTM D1238 (2.16 kg, 190 ℃)에 따라 측정된 용융 지수가 0.01 g/10분 내지 10 g/10분 범위인 대상 폴리에틸렌 수지를 선택하고; ii) 상기 대상 폴리에틸렌을 총 폴리에틸렌 수지 백만 중량부 당 유도체 900 중량부 미만의 알콕시 아민 유도체와 대상 폴리에틸렌 수지의 용융 강도를 증가시키는데 충분한 조건하에 반응시키는 방법으로 제조된 폴리에틸렌 중합체 10 내지 100 중량%; 및b) 저밀도 폴리에틸렌 조성물 0 내지 90 중량%를 포함하는 필름.",357,False,True,explicit_or_regex_estimated
1020127017951,1020120123312,,취하,취하,후막 블로운 필름,다우 글로벌 테크놀로지스 엘엘씨|다우 브라질 인더스트리아 이 코메르시오 디 프로두토스 퀴미코스 엘티디에이.,2,"2. 제1항에 있어서, 알콕시 아민 유도체가 하기 화학식으로 표시되는 것인 필름.(R1)(R2)N-O-R3상기 식에서, R1 및 R2는 각각 서로 독립적으로 수소, C4-C42 알킬, C4-C42 아릴 또는 O 및/또는 N을 포함하는 치환된 탄화수소 기이고, R1 및 R2가 함께 고리 구조를 형성할 수 있으며; R3은 수소, O 및/또는 N을 포함하는 치환된 탄화수소 또는 탄화수소 기이다.",219,True,False,explicit_or_regex_estimated
1020127017951,1020120123312,,취하,취하,후막 블로운 필름,다우 글로벌 테크놀로지스 엘엘씨|다우 브라질 인더스트리아 이 코메르시오 디 프로두토스 퀴미코스 엘티디에이.,3,"3. 제1항에 있어서, 상기 대상 폴리에틸렌이 0.908 내지 0.935 g/cm3 범위의 밀도를 갖는 것인 필름.",64,True,False,explicit_or_regex_estimated
1020127017951,1020120123312,,취하,취하,후막 블로운 필름,다우 글로벌 테크놀로지스 엘엘씨|다우 브라질 인더스트리아 이 코메르시오 디 프로두토스 퀴미코스 엘티디에이.,4,"4. 제1항에 있어서, 상기 대상 폴리에틸렌이 0.01 내지 3 g/10분 범위의 용융 지수를 갖는 것인 필름.",62,True,False,explicit_or_regex_estimated
1020127017951,1020120123312,,취하,취하,후막 블로운 필름,다우 글로벌 테크놀로지스 엘엘씨|다우 브라질 인더스트리아 이 코메르시오 디 프로두토스 퀴미코스 엘티디에이.,5,"5. 제1항에 있어서, 상기 대상 폴리에틸렌이 약 5 미만의 분자량 분포 Mw/Mn을 갖는 것인 필름.",57,True,False,explicit_or_regex_estimated
1020127017951,1020120123312,,취하,취하,후막 블로운 필름,다우 글로벌 테크놀로지스 엘엘씨|다우 브라질 인더스트리아 이 코메르시오 디 프로두토스 퀴미코스 엘티디에이.,6,"6. 제1항에 있어서, 100 g을 초과하는 MD 인열 강도 및 700 g을 초과하는 CD 인열 강도를 갖는 것인 필름.",67,True,False,explicit_or_regex_estimated
1020127017951,1020120123312,,취하,취하,후막 블로운 필름,다우 글로벌 테크놀로지스 엘엘씨|다우 브라질 인더스트리아 이 코메르시오 디 프로두토스 퀴미코스 엘티디에이.,7,"7. 제1항에 있어서, 대상 폴리에틸렌의 용융 유속 비율 I10/I2이 8.9를 초과하는 것인 필름.",56,True,False,explicit_or_regex_estimated
1020127017951,1020120123312,,취하,취하,후막 블로운 필름,다우 글로벌 테크놀로지스 엘엘씨|다우 브라질 인더스트리아 이 코메르시오 디 프로두토스 퀴미코스 엘티디에이.,8,"8. 제1항에 있어서, 대상 폴리에틸렌의 190 ℃에서 측정된 [0.1 rad/s에서의 점도]/[100 rad/s에서의 점도]가 6.5를 초과하는 것인 필름.",88,True,False,explicit_or_regex_estimated
1020127017951,1020120123312,,취하,취하,후막 블로운 필름,다우 글로벌 테크놀로지스 엘엘씨|다우 브라질 인더스트리아 이 코메르시오 디 프로두토스 퀴미코스 엘티디에이.,9,"9. 제1항에 있어서, 대상 폴리에틸렌의 190 ℃에서 측정된 0.1 rad/s에서의 탄젠트 델타가 5.5 미만인 것인 필름.",70,True,False,explicit_or_regex_estimated
1020127017951,1020120123312,,취하,취하,후막 블로운 필름,다우 글로벌 테크놀로지스 엘엘씨|다우 브라질 인더스트리아 이 코메르시오 디 프로두토스 퀴미코스 엘티디에이.,10,"10. 제1항에 있어서, 대상 폴리에틸렌의 190 ℃에서 측정된 용융 강도가 4.5 cN을 초과하는 것인 필름.",62,True,False,explicit_or_regex_estimated
1020127017951,1020120123312,,취하,취하,후막 블로운 필름,다우 글로벌 테크놀로지스 엘엘씨|다우 브라질 인더스트리아 이 코메르시오 디 프로두토스 퀴미코스 엘티디에이.,11,"11. 제1항에 있어서, 블로운 필름 압출 공정에 의해 제조된 것인 필름.",41,True,False,explicit_or_regex_estimated
1020127017951,1020120123312,,취하,취하,후막 블로운 필름,다우 글로벌 테크놀로지스 엘엘씨|다우 브라질 인더스트리아 이 코메르시오 디 프로두토스 퀴미코스 엘티디에이.,12,"12. 제1항에 있어서, 상기 대상 폴리에틸렌이 알콕시 아민 유도체와 반응되지 않은 비교 대상의 수지보다 알콕시 아민 유도체와 반응된 후에 더 높은 용융 강도를 나타내는 것인 필름.",101,True,False,explicit_or_regex_estimated
1020127017951,1020120123312,,취하,취하,후막 블로운 필름,다우 글로벌 테크놀로지스 엘엘씨|다우 브라질 인더스트리아 이 코메르시오 디 프로두토스 퀴미코스 엘티디에이.,13,"13. 제1항에 있어서, 대상 폴리에틸렌이 상이한 비율의 LDPE, HDPE 및 LLDPE 중 2종 이상의 블렌드를 포함하는 것인 필름.",76,True,False,explicit_or_regex_estimated
1020127017951,1020120123312,,취하,취하,후막 블로운 필름,다우 글로벌 테크놀로지스 엘엘씨|다우 브라질 인더스트리아 이 코메르시오 디 프로두토스 퀴미코스 엘티디에이.,14,"14. 제1항에 있어서, 필름이 LDPE, HDPE 및 LLDPE 중 2종 이상의 블렌드를 포함하며, 블렌드 성분 중 적어도 하나가 알콕시 아민 유도체와 반응되지 않은 것인 필름.",100,True,False,explicit_or_regex_estimated
1020127017951,1020120123312,,취하,취하,후막 블로운 필름,다우 글로벌 테크놀로지스 엘엘씨|다우 브라질 인더스트리아 이 코메르시오 디 프로두토스 퀴미코스 엘티디에이.,15,"15. 제13항에 있어서, LDPE의 농도가 알콕시 아민 유도체와 반응된 선형 폴리에틸렌을 함유하지 않은 유사한 용융 강도를 갖는 블렌드보다 10 중량% 이상 낮은 것인 필름.",98,True,False,explicit_or_regex_estimated
1020130116755,,1014976080000,소멸,소멸,반도체 테스트 소켓 및 수직형 피치 컨버터 제조방법,주식회사 세미코어,1,"1. 반도체 패키지의 단자와 테스트보드의 접촉패드가 전기적으로 연결되도록 상기 반도체 패키지와 상기 테스트보드의 사이에 개재되는 반도체 테스트 소켓에서, 상면에는 상기 반도체 패키지의 단자와 동일한 피치의 제1패턴이 형성되고, 하면에는 상기 테스트보드의 접촉패드와 동일한 피치의 제2패턴이 형성되되, 다층으로 적층된 기판을 포함하여 구성되고, 상기 제1패턴과 상기 제2패턴은 상기 다층으로 적층된 기판의 외곽에 형성되는 적층라인 상에 형성되며, 상기 제1패턴과 상기 제2패턴은 상기 기판 내부에 형성된 배선에 의해 상호 전기적으로 연결된 수직형 피치 컨버터를 제조하는 방법에 있어서,상기 제1패턴에 대응되는 일측변에서 상기 제2패턴에 대응되는 타측변 방향으로 표면에 상기 배선이 형성된 다수개의 기판을 제조하는 기판제조단계와;상기 다수개의 기판을 다층으로 적층하는 기판적층단계와;상기 다층으로 적층된 기판에서 상기 배선이 외부로 노출되도록 상기 기판의 일측면 및 타측면을 각각 재단하는 라우팅단계와;상기 기판에서 외부로 노출된 상기 배선의 일단 및 타탄에 각각 상기 제1패턴에 대응되는 제1패드 및 상기 제2패턴에 대응되는 제2패드를 형성하는 패드형성단계를; 포함하는 것을 특징으로 하는 수직형 피치 컨버터 제조방법.",625,False,True,explicit_or_regex_estimated
1020137005353,1020130065694,1014478400000,등록,등록,알루미나로 건식 코팅된 양극재 전구체,유미코아,1,"1. 리튬이온 배터리에서 양극활물질로 사용될 수 있는 알루미늄-도핑 리튬 전이금속 (M)-산화물 분말을 제조하기 위한 미립자형 전구체 화합물로서, 상기 전구체 화합물의 각 입자는 전이금속 (M)-수산화물 또는 (M)-옥시수산화물 코어; 및 상기 코어를 피복하는, 결정성 알루미나 나노입자가 함유된 비정질이 아닌 산화알루미늄 Al2O3 코팅층을 포함하되, 상기 나노입자의 d50이 100nm 미만인, 미립자형 전구체 화합물.",236,False,True,explicit_or_regex_estimated
1020137005353,1020130065694,1014478400000,등록,등록,알루미나로 건식 코팅된 양극재 전구체,유미코아,2,"2. 제 1 항에 있어서, 전구체 화합물은 일반 화학식 (M-수산화물)a·(Al2O3)b 또는 (M-옥시수산화물)a·(Al2O3)b (화학식에서, a+(2*b)=1)을 갖는 것을 특징으로 하는 전구체 화합물.",116,True,False,explicit_or_regex_estimated
1020137005353,1020130065694,1014478400000,등록,등록,알루미나로 건식 코팅된 양극재 전구체,유미코아,3,"3. 제 2 항에 있어서, b≤0.4인 것을 특징으로 하는 전구체 화합물.",41,True,False,explicit_or_regex_estimated
1020137005353,1020130065694,1014478400000,등록,등록,알루미나로 건식 코팅된 양극재 전구체,유미코아,4,"4. 제 1 항 내지 제 3 항 중 어느 한 항에 있어서, 전이금속 (M)은 NixMnyCoz이며, 화학식에서 0.3≤x≤0.9, 0≤y≤0.45, 0＜z≤0.4 및 x+y+z=1인 것을 특징으로 하는 전구체 화합물.",121,True,False,explicit_or_regex_estimated
1020137005353,1020130065694,1014478400000,등록,등록,알루미나로 건식 코팅된 양극재 전구체,유미코아,5,"5. 제 1 항 내지 제 3 항 중 어느 한 항에 있어서, 코팅층은 각각의 전이금속 (M)-수산화물 또는 (M)-옥시수산화물 코어의 전체 외부면을 피복하는 것을 특징으로 하는 전구체 화합물.",106,True,False,explicit_or_regex_estimated
1020137005353,1020130065694,1014478400000,등록,등록,알루미나로 건식 코팅된 양극재 전구체,유미코아,6,"6. 제 1 항 내지 제 3 항 중 어느 한 항에 있어서, 3 몰% 이상의 알루미늄을 포함하고, 상기 알루미늄은 Al2O3 코팅층 내에 존재하며, 몰%로 표시된 알루미늄과 몰%로 표시된 전이금속(M)의 총합은 100 몰%인 것을 특징으로 하는 전구체 화합물.",144,True,False,explicit_or_regex_estimated
1020137005353,1020130065694,1014478400000,등록,등록,알루미나로 건식 코팅된 양극재 전구체,유미코아,7,"7. 제 1 항 내지 제 3 항 중 어느 한 항에 있어서, 5 몰% 이상의 알루미늄을 포함하고, 상기 알루미늄은 Al2O3 코팅층 내에 존재하며, 몰%로 표시된 알루미늄과 몰%로 표시된 전이금속(M)의 총합은 100 몰%인 것을 특징으로 하는 전구체 화합물.",144,True,False,explicit_or_regex_estimated
1020137005353,1020130065694,1014478400000,등록,등록,알루미나로 건식 코팅된 양극재 전구체,유미코아,8,"8. 제 1 항 내지 제 3 항 중 어느 한 항에 있어서, 미립자형 전구체 화합물 내 알루미늄의 농도는 코어의 크기가 증가할수록 감소하는 것을 특징으로 하는 전구체 화합물.",96,True,False,explicit_or_regex_estimated
1020137005353,1020130065694,1014478400000,등록,등록,알루미나로 건식 코팅된 양극재 전구체,유미코아,9,"9. 제 1 항 내지 제 3 항 중 어느 한 항에 있어서, 전이금속 (M)-수산화물 또는 (M)-옥시수산화물 코어는 한 번 이상의 과정에 걸쳐 알루미나 분말과 혼합됨으로써, 코어가 코팅층을 갖도록 건식-코팅되는 것을 특징으로 하는 전구체 화합물.",137,True,False,explicit_or_regex_estimated
1020137005353,1020130065694,1014478400000,등록,등록,알루미나로 건식 코팅된 양극재 전구체,유미코아,10,"10. 부피 V1을 가진 제1 양의, d50 003c# 100 nm인 결정성 일차 입자로 이루어지는 미응집된 알루미나 분말을 제공하는 단계;부피 V2를 가진 제1 양의, 전이금속 (M)-수산화물 또는 (M)-옥시수산화물 분말을 코어 소재로서 제공하는 단계;상기 제1 양의 알루미나 분말을 상기 제1 양의 전이금속 (M)-수산화물 또는 (M)-옥시수산화물과 제1 건식-코팅 과정에서 혼합하는 단계; 및V1과 V2를 합계한 부피 V(V1 + V2 = V)가, V보다 적은 일정 부피 V3으로 감소될 때까지 계속 혼합함으로써, 전이금속 (M)-수산화물 또는 (M)-옥시수산화물 코어 소재를 결정성 알루미나 나노입자가 함유된 비정질이 아닌 산화알루미늄 Al2O3 코팅층으로 피복하는 단계를 포함하는, 제 1 항 내지 제 3 항 중 어느 한 항에 기재된 리튬이온 배터리에서 양극활물질로 사용될 수 있는 알루미늄-도핑 리튬 전이금속 (M)-산화물 분말을 제조하기 위한 미립자형 전구체 화합물의 제조 방법.",500,True,False,explicit_or_regex_estimated
1020137005353,1020130065694,1014478400000,등록,등록,알루미나로 건식 코팅된 양극재 전구체,유미코아,11,"11. 제 10 항에 있어서, 부피 V4를 가진 제2 양의 알루미나 분말을 제공하는 단계; 상기 제2 양의 알루미나 분말을, 상기 부피 V3을 가진 혼합물과 제2 건식-코팅 과정에서 혼합하는 단계; 및코팅층의 알루미나 레벨을 증가시키는 단계를 더 포함하는 것을 특징으로 하는 방법.",157,True,False,explicit_or_regex_estimated
1020137005353,1020130065694,1014478400000,등록,등록,알루미나로 건식 코팅된 양극재 전구체,유미코아,12,"12. 부피 V1을 가진 제1 양의, d50 003c# 100 nm인 결정성 일차 입자로 이루어지는 미응집된 알루미나 분말을 제공하는 단계;부피 V2를 가진 제1 양의, 전이금속 (M)-수산화물 또는 (M)-옥시수산화물 분말을 코어 소재로서 제공하는 단계;상기 제1 양의 알루미나 분말을 상기 제1 양의 전이금속 (M)-수산화물 또는 (M)-옥시수산화물과 제1 건식-코팅 과정에서 혼합하는 단계; 및V1과 V2를 합계한 부피 V(V1 + V2 = V)가, V보다 적은 일정 부피 V3으로 감소될 때까지 계속 혼합함으로써, 전이금속 (M)-수산화물 또는 (M)-옥시수산화물 코어 소재를 결정성 알루미나 나노입자가 함유된 비정질이 아닌 산화알루미늄 Al2O3 코팅층으로 전체적으로 피복하는 단계를 포함하는, 제 1 항 내지 제 3 항 중 어느 한 항에 기재된 리튬이온 배터리에서 양극활물질로 사용될 수 있는 알루미늄-도핑 리튬 전이금속 (M)-산화물 분말을 제조하기 위한 미립자형 전구체 화합물의 제조 방법.",506,True,False,explicit_or_regex_estimated
1020137005353,1020130065694,1014478400000,등록,등록,알루미나로 건식 코팅된 양극재 전구체,유미코아,13,"13. 부피 V1을 가진 제1 양의, d50 003c# 100 nm인 결정성 일차 입자로 이루어지는 미응집된 알루미나 분말을 제공하는 단계;부피 V2를 가진 제1 양의, 전이금속 (M)-수산화물 또는 (M)-옥시수산화물 분말을 코어 소재로서 제공하는 단계;상기 제1 양의 알루미나 분말을 상기 제1 양의 전이금속 (M)-수산화물 또는 (M)-옥시수산화물과 제1 건식-코팅 과정에서 혼합하는 단계; 및V1과 V2를 합계한 부피 V(V1 + V2 = V)가, V보다 적은 일정 부피 V3으로 감소될 때까지 계속 혼합함으로써, 전이금속 (M)-수산화물 또는 (M)-옥시수산화물 코어 소재를 결정성 알루미나 나노입자가 함유된 비정질이 아닌 산화알루미늄 Al2O3 코팅층으로 피복되도록 하는 단계를 포함하고, 상기 코어 소재로서 제공하는 단계에서, 알칼리 수산화물 및 킬레이트화제의 존재 하에, 전이금속 M을 구성하는 성분들의 황산염을 공침시킴으로써, 전이금속 (M)-수산화물 또는 (M)-옥시수산화물을 얻는, 제 1 항 내지 제 3 항 중 어느 한 항에 기재된 리튬이온 배터리에서 양극활물질로 사용될 수 있는 알루미늄-도핑 리튬 전이금속 (M)-산화물 분말을 제조하기 위한 미립자형 전구체 화합물의 제조 방법.",617,True,False,explicit_or_regex_estimated
1020137014080,1020130114172,1015298030000,등록,등록,표면에 대한 폴리아이소시아네이트 작용성 접착제의 접착성이 개선되도록 개질된 하나 이상의 표면을 갖는 폴리올레핀,다우 브라질 인더스트리아 이 코메르시오 디 프로두토스 퀴미코스 엘티디에이.,1,"1. 폴리올레핀 기판,상기 폴리올레핀 기판의 하나 이상의 표면에 배치된, 1㎛ 내지 20㎛의 건조 두께를 갖고 하나 초과의 평균 에폭시 작용기를 갖는 하나 이상의 에폭시 수지로부터 형성된 개별 층, 및상기 하나 이상의 에폭시 수지의 개별 층 위에 배치된, 10㎛ 내지 25㎛의 건조 두께를 갖고 반응성 아이소시아네이트 기를 갖는 하나 이상의 화합물로부터 형성된 개별 층을 포함하는 제품.",216,False,True,explicit_or_regex_estimated
1020137014080,1020130114172,1015298030000,등록,등록,표면에 대한 폴리아이소시아네이트 작용성 접착제의 접착성이 개선되도록 개질된 하나 이상의 표면을 갖는 폴리올레핀,다우 브라질 인더스트리아 이 코메르시오 디 프로두토스 퀴미코스 엘티디에이.,2,"2. 제 1 항에 있어서, 폴리올레핀 기판이 추가로 하나 이상의 강화 섬유, 하나 이상의 충전제, 하나 이상의 탄성중합체, 또는 이들의 혼합물을 포함하는, 제품.",90,True,False,explicit_or_regex_estimated
1020137014080,1020130114172,1015298030000,등록,등록,표면에 대한 폴리아이소시아네이트 작용성 접착제의 접착성이 개선되도록 개질된 하나 이상의 표면을 갖는 폴리올레핀,다우 브라질 인더스트리아 이 코메르시오 디 프로두토스 퀴미코스 엘티디에이.,3,"3. 제 1 항에 있어서, 반응성 아이소시아네이트 기를 갖는 하나 이상의 화합물로부터 형성된 개별 층 위에 배치된, 극성 작용기를 갖는 코팅 또는 접착제를 포함하는 제품.",95,True,False,explicit_or_regex_estimated
1020137014080,1020130114172,1015298030000,등록,등록,표면에 대한 폴리아이소시아네이트 작용성 접착제의 접착성이 개선되도록 개질된 하나 이상의 표면을 갖는 폴리올레핀,다우 브라질 인더스트리아 이 코메르시오 디 프로두토스 퀴미코스 엘티디에이.,4,"4. 제 3 항에 있어서, 제 2의 기판이 극성 작용기를 갖는 접착제에 접촉되어 있는, 제품.",52,True,False,explicit_or_regex_estimated
1020137014080,1020130114172,1015298030000,등록,등록,표면에 대한 폴리아이소시아네이트 작용성 접착제의 접착성이 개선되도록 개질된 하나 이상의 표면을 갖는 폴리올레핀,다우 브라질 인더스트리아 이 코메르시오 디 프로두토스 퀴미코스 엘티디에이.,5,"5. 폴리올레핀 기판을 제공하는 단계; 상기 폴리올레핀 기판의 하나 이상의 표면을, 하나 초과의 평균 에폭시 작용기를 갖는 하나 이상의 에폭시 수지 및 하나 이상의 휘발성 용매 또는 분산제를 포함하는 조성물과 접촉시키고, 상기 휘발성 용매 또는 분산제를 상기 폴리올레핀 기판의 표면으로부터 휘발시켜, 상기 폴리올레핀 기판의 표면 위에 상기 하나 초과의 평균 에폭시 작용기를 갖는 하나 이상의 에폭시 수지가 침착되어, 건조 두께가 1㎛ 내지 20㎛이며 하나 초과의 평균 에폭시 작용기를 갖는 하나 이상의 에폭시 수지로부터 형성된 개별 층이 상기 폴리올레핀 기판의 표면 위에 침착되도록 하는 단계; 및상기 하나 초과의 평균 에폭시 작용기를 갖는 하나 이상의 에폭시 수지로부터 형성된 개별 층에, 반응성 아이소시아네이트 기를 갖는 하나 이상의 화합물, 하나 이상의 필름 형성 수지 및 하나 이상의 휘발성 용매 또는 분산제를 포함하는 조성물을 도포하고, 상기 휘발성 용매 또는 분산제를 휘발시켜, 건조 두께가 10㎛ 내지 25㎛이며 반응성 아이소시아네이트 기를 갖는 하나 이상의 화합물로부터 형성된 개별 층이 상기 하나 초과의 평균 에폭시 작용기를 갖는 하나 이상의 에폭시 수지로부터 형성된 개별 층 위에 침착되도록 하는 단계를 포함하는, 폴리올레핀 기판의 표면의 개질 방법.",654,False,True,explicit_or_regex_estimated
1020137014080,1020130114172,1015298030000,등록,등록,표면에 대한 폴리아이소시아네이트 작용성 접착제의 접착성이 개선되도록 개질된 하나 이상의 표면을 갖는 폴리올레핀,다우 브라질 인더스트리아 이 코메르시오 디 프로두토스 퀴미코스 엘티디에이.,6,"6. 제 5 항에 있어서,상기 방법이, 극성 작용기를 갖는 코팅 또는 접착제를 폴리올레핀 기판 또는 제 2 기판 중의 한쪽 또는 양쪽의 표면에 도포하는 단계; 및 상기 코팅 또는 접착제를 경화시키는 단계를 추가로 포함하고, 이때상기 코팅 또는 접착제가, 하나 초과의 평균 에폭시 작용기를 갖는 하나 이상의 에폭시 수지로부터 형성된 개별 층 및 반응성 아이소시아네이트 기를 갖는 하나 이상의 화합물로부터 형성된 개별 층이 위에 침착되어 있는 폴리올레핀 기판의 표면과 접촉하는, 방법.",269,True,False,explicit_or_regex_estimated
1020137014080,1020130114172,1015298030000,등록,등록,표면에 대한 폴리아이소시아네이트 작용성 접착제의 접착성이 개선되도록 개질된 하나 이상의 표면을 갖는 폴리올레핀,다우 브라질 인더스트리아 이 코메르시오 디 프로두토스 퀴미코스 엘티디에이.,7,"7. 제 5 항에 있어서,하나 초과의 평균 에폭시 작용기를 갖는 하나 이상의 에폭시 수지 및 하나 이상의 휘발성 용매를 함유하는 조성물을 10㎛ 내지 90㎛의 습윤 두께로 도포하는, 방법.",105,True,False,explicit_or_regex_estimated
1020137014080,1020130114172,1015298030000,등록,등록,표면에 대한 폴리아이소시아네이트 작용성 접착제의 접착성이 개선되도록 개질된 하나 이상의 표면을 갖는 폴리올레핀,다우 브라질 인더스트리아 이 코메르시오 디 프로두토스 퀴미코스 엘티디에이.,8,"8. 제 5 항에 있어서,반응성 아이소시아네이트 기를 갖는 하나 이상의 화합물 및 하나 이상의 휘발성 용매를 포함하는 조성물을 20㎛ 내지 150㎛의 습윤 두께로 도포하는, 방법.",100,True,False,explicit_or_regex_estimated
1020137014080,1020130114172,1015298030000,등록,등록,표면에 대한 폴리아이소시아네이트 작용성 접착제의 접착성이 개선되도록 개질된 하나 이상의 표면을 갖는 폴리올레핀,다우 브라질 인더스트리아 이 코메르시오 디 프로두토스 퀴미코스 엘티디에이.,9,"9. 제 5 항에 있어서,하나 초과의 평균 에폭시 작용기를 갖는 하나 이상의 에폭시 수지로부터 형성된 개별 층 및 반응성 아이소시아네이트 기를 갖는 하나 이상의 화합물로부터 형성된 개별 층이 위에 침착되어 있는 폴리올레핀 기판의 표면이 접착제와 접촉하는, 방법.",146,True,False,explicit_or_regex_estimated
1020137014080,1020130114172,1015298030000,등록,등록,표면에 대한 폴리아이소시아네이트 작용성 접착제의 접착성이 개선되도록 개질된 하나 이상의 표면을 갖는 폴리올레핀,다우 브라질 인더스트리아 이 코메르시오 디 프로두토스 퀴미코스 엘티디에이.,10,"10. 제 6 항에 있어서,접착제가, 하나 초과의 평균 에폭시 작용기를 갖는 하나 이상의 에폭시 수지로부터 형성된 개별 층 및 반응성 아이소시아네이트 기를 갖는 하나 이상의 화합물로부터 형성된 개별 층이 위에 침착되어 있는 폴리올레핀 기판 또는 제 2 기판과 접촉하고, 상기 두 기판이, 접착제가 경화되기 전에 두 표면들 사이에 접착제가 배치되도록 접촉하는, 방법.",204,True,False,explicit_or_regex_estimated
1020137023557,1020130103830,,거절,거절,리튬 이온 배터리용 개선된 캐쏘드 조성물,유미코아,1,"1. 화학식 Li[Li(1-2y/3)NiyMn(2-y/3)]O2(여기서, 0.083003c#y003c#0.5임)인 리튬 이온 배터리용 캐쏘드 조성물로서,리튬 이온 배터리에 혼입하고, 4.4 V 내지 4.8 V 및 2.0 V 내지 3.0 V의 전압 사이에서 30 ㎃/g의 방전 전류를 사용하여 130 ㎃h/g 이상의 최종 캐패시티 및 30℃에서 100회의 충방전 사이클에 대하여 사이클 처리시 스피넬 결정 구조체로 상 변환이 일어나지 않는 리튬-산소-금속-산소-리튬 순서로 배열된 층이 특징인 O3 결정 구조체를 갖는 단일 상 형태인 것을 특징으로 하는 캐쏘드 조성물.",317,False,True,explicit_or_regex_estimated
1020137023557,1020130103830,,거절,거절,리튬 이온 배터리용 개선된 캐쏘드 조성물,유미코아,2,2. 애노드; 제1항에 따른 조성물을 포함하는 캐쏘드; 및 상기 애노드와 상기 캐쏘드를 분리하는 전해질을 포함하는 리튬 이온 배터리.,74,False,True,explicit_or_regex_estimated
1020137030593,1020140053887,,취하,취하,면역 반응을 증진시키는 조성물 및 방법,"미코 바이오, 인크.",1,"1. 방사선조사된 미생물 종을 포함하고, 상기 미생물 종은 미리 정해진 대사 상태의 세포를 포함하는 것인 제약 조성물.",66,False,True,explicit_or_regex_estimated
1020137030593,1020140053887,,취하,취하,면역 반응을 증진시키는 조성물 및 방법,"미코 바이오, 인크.",2,"2. 제1항에 있어서, 상기 미리 정해진 대사 상태가 영양 고갈, 극한의 온도, 철 이용가능성, 호기성 성장, 혐기성 성장, 미호기성, 산화적 스트레스, 일산화탄소에의 노출, pH 변경, 영양분의 이용가능성, 세포 집단 밀도 조작, 항생제 존재, 또는 이러한 상태 중 2 이상의 조합에 의해 촉발되는 것인 제약 조성물.",178,True,False,explicit_or_regex_estimated
1020137030593,1020140053887,,취하,취하,면역 반응을 증진시키는 조성물 및 방법,"미코 바이오, 인크.",3,"3. 제1항에 있어서, 상기 마이코박테리움(Mycobacterium) 종이 방사선조사, 예를 들어 감마선 방사선조사로 불활성화된 것인 제약 조성물.",82,True,False,explicit_or_regex_estimated
1020137030593,1020140053887,,취하,취하,면역 반응을 증진시키는 조성물 및 방법,"미코 바이오, 인크.",4,"4. 제1항에 있어서, 방사선조사된 박테리아 또는 그의 세포 용해물을 함유하고, 백신접종 또는 치료 요법의 일부로서 비경구, 정맥내, 피하, 피내 또는 근육내 투여되는 제약 조성물.",101,True,False,explicit_or_regex_estimated
1020137030593,1020140053887,,취하,취하,면역 반응을 증진시키는 조성물 및 방법,"미코 바이오, 인크.",5,"5. 제1항에 있어서, 마이코박테리움 세포의 90％ 초과가 소정의 상태로 있는 것인 제약 조성물.",54,True,False,explicit_or_regex_estimated
1020137030593,1020140053887,,취하,취하,면역 반응을 증진시키는 조성물 및 방법,"미코 바이오, 인크.",6,"6. 제1항에 있어서, 에어로졸화되고, 포유동물 숙주로의 비강내, 점막 또는 폐내 전달용으로 제제화되어 심부 폐 침투를 위해 입자 크기가 7 마이크로미터 미만인 제약 조성물.",97,True,False,explicit_or_regex_estimated
1020137030593,1020140053887,,취하,취하,면역 반응을 증진시키는 조성물 및 방법,"미코 바이오, 인크.",7,"7. 제1항에 있어서, 아주반트, 톨(toll) 유사 수용체 또는 패턴 인식 수용체 효능제, 알루미늄 염, 또는 사포닌을 추가로 포함하는 제약 조성물.",84,True,False,explicit_or_regex_estimated
1020137030593,1020140053887,,취하,취하,면역 반응을 증진시키는 조성물 및 방법,"미코 바이오, 인크.",8,"8. 제1항에 있어서, 치료 유효량의 바실 칼메트-게랭(Bacille Calmette-Guerin, BCG)을 추가로 포함하는 제약 조성물.",78,True,False,explicit_or_regex_estimated
1020137030593,1020140053887,,취하,취하,면역 반응을 증진시키는 조성물 및 방법,"미코 바이오, 인크.",9,"9. 제약 유효량의 제1항의 조성물을 투여하는 것을 포함하는, 대상체에서 면역 반응을 증진시키는 방법.",57,False,True,explicit_or_regex_estimated
1020137030593,1020140053887,,취하,취하,면역 반응을 증진시키는 조성물 및 방법,"미코 바이오, 인크.",10,"10. 제9항에 있어서, 미생물 종이 102개 내지 1012개 마이코박테리움 종 용량으로 투여되는 마이코박테리움인 방법.",67,True,False,explicit_or_regex_estimated
1020137030593,1020140053887,,취하,취하,면역 반응을 증진시키는 조성물 및 방법,"미코 바이오, 인크.",11,"11. 제9항에 있어서, 불활성화된 마이코박테리움 종이 마이코박테리움 세포 또는 세포 용해물을 포함하는 것인 방법.",64,True,False,explicit_or_regex_estimated
1020137030593,1020140053887,,취하,취하,면역 반응을 증진시키는 조성물 및 방법,"미코 바이오, 인크.",12,"12. 방사선조사된 브루셀라(Brucella) 미생물 종을 포함하고, 삼투 전달 시스템 또는 구성적(compositional) 매트릭스를 사용하여 포유동물 숙주로 질, 직장 또는 위장 점막 전달되도록 제제화되고, 상기 숙주에게 전달되는 경우에 면역학적 자극 용량을 포함하는 제약 조성물.",160,False,True,explicit_or_regex_estimated
1020137030593,1020140053887,,취하,취하,면역 반응을 증진시키는 조성물 및 방법,"미코 바이오, 인크.",13,"13. 제12항에 있어서, 위장 전달을 위한 제약상 허용되는 담체를 포함하는 제약 조성물.",50,True,False,explicit_or_regex_estimated
1020137030593,1020140053887,,취하,취하,면역 반응을 증진시키는 조성물 및 방법,"미코 바이오, 인크.",14,"14. 제12항에 있어서, 상기 불활성화된 종 세포가 식이 요법의 일부로서 제공되거나 또는 특화된 식물 기재의 백신 또는 종자 수확물, 예컨대 벼, 옥수수 또는 대두와 함께 전달되는 것인 제약 조성물.",112,True,False,explicit_or_regex_estimated
1020137030593,1020140053887,,취하,취하,면역 반응을 증진시키는 조성물 및 방법,"미코 바이오, 인크.",15,"15. 제12항에 있어서, 상기 불활성화된 종 세포가, 위 방출을 증진시키는 pH-감수성 중합체, 위 체류 및 방출을 위한 점막부착성 중합체, 또는 위 체류 시스템을 사용하여 위 전달에 적합한 형태로 제공되는 것인 제약 조성물.",127,True,False,explicit_or_regex_estimated
1020137030593,1020140053887,,취하,취하,면역 반응을 증진시키는 조성물 및 방법,"미코 바이오, 인크.",16,"16. 제12항에 있어서, 상기 불활성화된 종 세포가, 제어 방출을 위한 HG의 위 용해, 팽윤/겔화를 방지하는 pH-감수성 중합체를 사용하여 장 전달에 적합한 형태로 또는 삼투압-구동된 정제 또는 장치로서 제공되는 것인 제약 조성물.",131,True,False,explicit_or_regex_estimated
1020137030593,1020140053887,,취하,취하,면역 반응을 증진시키는 조성물 및 방법,"미코 바이오, 인크.",17,"17. 제12항에 있어서, 상기 불활성화된 종 세포가 결장 전달에 적합한 형태로 제공되는 것인 제약 조성물.",60,True,False,explicit_or_regex_estimated
1020137030593,1020140053887,,취하,취하,면역 반응을 증진시키는 조성물 및 방법,"미코 바이오, 인크.",18,"18. 제12항에 있어서, 결장 박테리아에 의해 분해가능한 조성물을 추가로 포함하는 제약 조성물.",54,True,False,explicit_or_regex_estimated
1020137030593,1020140053887,,취하,취하,면역 반응을 증진시키는 조성물 및 방법,"미코 바이오, 인크.",19,"19. 제12항에 있어서, 결장 박테리아가 1종 이상의 활성 아조리덕타제, 에스테라제, 아미다제, 글루코시다제 또는 글루쿠로니다제를 포함하는 것인 제약 조성물.",89,True,False,explicit_or_regex_estimated
1020137030593,1020140053887,,취하,취하,면역 반응을 증진시키는 조성물 및 방법,"미코 바이오, 인크.",20,"20. 제12항에 있어서, 상기 불활성화된 종 세포가, 위 및 장 전달 시간보다 훨씬 긴 시간에 방출되는 삼투 또는 팽윤 시스템을 사용하여 결장 전달에 적합한 형태로 제공되는 것인 제약 조성물.",108,True,False,explicit_or_regex_estimated
1020137030593,1020140053887,,취하,취하,면역 반응을 증진시키는 조성물 및 방법,"미코 바이오, 인크.",21,"21. 제12항에 있어서, 상기 불활성화된 종 세포가 결장에서 우선적으로 분해되는 적합한 중합체로 코팅된 것인 제약 조성물.",69,True,False,explicit_or_regex_estimated
1020137030593,1020140053887,,취하,취하,면역 반응을 증진시키는 조성물 및 방법,"미코 바이오, 인크.",22,"22. 제12항에 있어서, pH-감수성 중합체로 코팅된 제약 조성물.",38,True,False,explicit_or_regex_estimated
1020137030593,1020140053887,,취하,취하,면역 반응을 증진시키는 조성물 및 방법,"미코 바이오, 인크.",23,"23. 제22항에 있어서, 상기 pH-감수성 중합체가 유드라짓(Eudragit) L 100, 유드라짓 S 100, 유드라짓 L 30 D, 유드라짓 FS 30 D, 유드라짓 L 100-55, 폴리비닐 아세테이트 프탈레이트, 히드록시프로필 에틸셀룰로스 프탈레이트, 히드록시프로필 에틸셀룰로스 프탈레이트 50, 히드록시프로필 에틸셀룰로스 프탈레이트 55, 셀룰로스 아세테이트 트리멜리에이트 또는 셀룰로스 아세테이트 프탈레이트인 제약 조성물.",243,True,False,explicit_or_regex_estimated
1020137030593,1020140053887,,취하,취하,면역 반응을 증진시키는 조성물 및 방법,"미코 바이오, 인크.",24,"24. 제12항에 있어서, 상기 삼투 전달이 로즈 넬슨(Rose Nelson) 펌프, 히구치 리퍼(Higuchi Leeper) 펌프, 히구치 티우웨스(Higuchi Theeuwes) 펌프, 기본 삼투 펌프(elementary osmotic pump), 다중챔버 삼투 펌프, OROS-CT, 다중 미립자 지연 방출 시스템, 액체 경구 삼투 시스템, 샌드위치형(Sandwiched) 삼투 정제, 일체형(Monolithic) 삼투 시스템, 삼투 파열형(bursting) 삼투 펌프, 또는 지연 방출용 텔레스코프(telescopic) 캡슐을 이용하는 것인 제약 조성물.",314,True,False,explicit_or_regex_estimated
1020137030593,1020140053887,,취하,취하,면역 반응을 증진시키는 조성물 및 방법,"미코 바이오, 인크.",25,"25. 제12항에 있어서, 치료 유효량의 바실 칼메트-게랭을 추가로 포함하는 제약 조성물.",50,True,False,explicit_or_regex_estimated
1020137030593,1020140053887,,취하,취하,면역 반응을 증진시키는 조성물 및 방법,"미코 바이오, 인크.",26,"26. 제9항에 있어서, 상기 조성물을 크론병의 치료 또는 예방에 있어서의 효능에 대해 시험하는 것을 추가로 포함하는 방법.",69,True,False,explicit_or_regex_estimated
1020137030593,1020140053887,,취하,취하,면역 반응을 증진시키는 조성물 및 방법,"미코 바이오, 인크.",27,"27. 제9항에 있어서, 상기 조성물을 브루셀라증 질환의 치료 또는 예방에 있어서의 효능에 대해 시험하는 것을 추가로 포함하는 방법.",74,True,False,explicit_or_regex_estimated
1020137030593,1020140053887,,취하,취하,면역 반응을 증진시키는 조성물 및 방법,"미코 바이오, 인크.",28,"28. 제9항에 있어서, 상기 조성물을 요네병의 치료 또는 예방에 있어서의 효능에 대해 시험하는 것을 추가로 포함하는 방법.",69,True,False,explicit_or_regex_estimated
1020137030593,1020140053887,,취하,취하,면역 반응을 증진시키는 조성물 및 방법,"미코 바이오, 인크.",29,"29. 면역학적 유효 용량의 방사선조사된 스트렙토코쿠스 피오게네스(S. pyogenes)를 포함하고, 포유동물 숙주로의 비강내, 점막 또는 폐내 전달용으로 제제화된 제약 조성물.",99,False,True,explicit_or_regex_estimated
1020137030593,1020140053887,,취하,취하,면역 반응을 증진시키는 조성물 및 방법,"미코 바이오, 인크.",30,"30. 제29항에 있어서, 스트렙토코쿠스 피오게네스의 1종 이상의 혈청형을 포함하는 제약 조성물.",54,True,False,explicit_or_regex_estimated
1020137030593,1020140053887,,취하,취하,면역 반응을 증진시키는 조성물 및 방법,"미코 바이오, 인크.",31,"31. 스트렙토코쿠스(Streptococcus) 감염의 치료 또는 예방이 필요한 대상체에게 유효 용량의 제33항의 조성물을 투여하는 것을 포함하는, 스트렙토코쿠스 감염의 치료 또는 예방 방법.",107,False,True,explicit_or_regex_estimated
1020137030593,1020140053887,,취하,취하,면역 반응을 증진시키는 조성물 및 방법,"미코 바이오, 인크.",32,"32. 제29항에 있어서, 상기 조성물이 불활성화된 마이코박테리움 종 또는 다른 아주반트와 함께 투여되는 것인 방법.",65,True,False,explicit_or_regex_estimated
1020137030593,1020140053887,,취하,취하,면역 반응을 증진시키는 조성물 및 방법,"미코 바이오, 인크.",33,"33. 비타민 D, 레티노산 또는 에피갈로카테킨-3-갈레이트 및 마이코박테리움, 비-감염성 미생물, 불활성화된 마이코박테리움 (예를 들어, 방사선조사에 의함) 또는 미생물 입자를 포함하고, 포유동물 숙주로의 비강내, 질, 직장, 점막 또는 폐내 전달용으로 제제화되며, 상기 숙주에게 전달되는 경우에 면역학적 자극 용량을 포함하는 제약 조성물.",191,False,True,explicit_or_regex_estimated
1020137030593,1020140053887,,취하,취하,면역 반응을 증진시키는 조성물 및 방법,"미코 바이오, 인크.",34,"34. 제33항에 있어서, 칼시디올 및 효소 25-히드록시비타민 D3 1-알파-히드록실라제, 레티노산 및/또는 에피갈로카테킨-3-갈레이트를 포함하고, 포유동물 숙주로의 비강내, 질, 직장, 점막 또는 폐내 전달용으로 제제화되며, 상기 숙주에게 전달되는 경우에 면역학적 자극 용량을 포함하는 제약 조성물.",169,True,False,explicit_or_regex_estimated
1020137030593,1020140053887,,취하,취하,면역 반응을 증진시키는 조성물 및 방법,"미코 바이오, 인크.",35,"35. 제33항에 있어서, 상기 비타민 D, 레티노산 및/또는 에피갈로카테킨-3-갈레이트가 글루코스, 소르비톨 또는 락토스와 함께 투여되는 것인 제약 조성물.",88,True,False,explicit_or_regex_estimated
1020137030593,1020140053887,,취하,취하,면역 반응을 증진시키는 조성물 및 방법,"미코 바이오, 인크.",36,"36. 제33항에 있어서, 합성 형태의 비타민 D, 레티노산 및/또는 에피갈로카테킨-3-갈레이트를 추가로 포함하고, 포유동물 숙주로의 비강내, 질, 직장, 점막 또는 폐내 전달용으로 제제화되며, 상기 숙주에게 전달되는 경우에 면역학적 자극 용량을 포함하는 제약 조성물.",150,True,False,explicit_or_regex_estimated
1020137030593,1020140053887,,취하,취하,면역 반응을 증진시키는 조성물 및 방법,"미코 바이오, 인크.",37,"37. 제1항에 있어서, 제약상 허용되는 담체를 추가로 포함하고 점막 전달용으로 제제화된 제약 조성물.",57,True,False,explicit_or_regex_estimated
1020137030593,1020140053887,,취하,취하,면역 반응을 증진시키는 조성물 및 방법,"미코 바이오, 인크.",38,"38. 제1항에 있어서, 동결건조된 제약 조성물.",27,True,False,explicit_or_regex_estimated
1020137030593,1020140053887,,취하,취하,면역 반응을 증진시키는 조성물 및 방법,"미코 바이오, 인크.",39,"39. 비측 또는 폐 전달되도록 구성된, 제1항의 제약 조성물을 포함하는 에어로졸 또는 분무 패키지.",56,False,True,explicit_or_regex_estimated
1020137030593,1020140053887,,취하,취하,면역 반응을 증진시키는 조성물 및 방법,"미코 바이오, 인크.",40,"40. 제29항에 있어서, 글루코스, 소르비톨 또는 락토스를 추가로 포함하는 제약 조성물.",50,True,False,explicit_or_regex_estimated
1020137030593,1020140053887,,취하,취하,면역 반응을 증진시키는 조성물 및 방법,"미코 바이오, 인크.",41,"41. 제9항에 있어서, 상기 조성물이 동물 모델에 예방용으로 또는 치료용으로 투여되는 것인 방법.",55,True,False,explicit_or_regex_estimated
1020137030593,1020140053887,,취하,취하,면역 반응을 증진시키는 조성물 및 방법,"미코 바이오, 인크.",42,"42. 제37항에 있어서, 상기 동물 모델이 마우스, 기니 피그, 토끼, 양, 염소, 소, 비-인간 영장류 또는 인간인 방법.",70,True,False,explicit_or_regex_estimated
1020137030593,1020140053887,,취하,취하,면역 반응을 증진시키는 조성물 및 방법,"미코 바이오, 인크.",43,"43. 명백한 마이코박테리움 감염이 없는 포유동물 대상체에게 상기 대상체에서 항원에 대한 면역 반응을 증진시키는데 충분한 용량의 에어로졸화된 마이코박테리움 종을 투여하는 것을 포함하는, 제1항의 조성물을 아주반트 또는 면역자극제로서 사용하는 방법.",138,False,True,explicit_or_regex_estimated
1020137030593,1020140053887,,취하,취하,면역 반응을 증진시키는 조성물 및 방법,"미코 바이오, 인크.",45,"45. 천식의 치료 또는 예방이 필요한 동물 대상체에게 제1항의 조성물을 투여하는 것을 포함하는, 동물 대상체에서 천식의 치료 또는 예방 방법.",80,False,True,explicit_or_regex_estimated
1020137030593,1020140053887,,취하,취하,면역 반응을 증진시키는 조성물 및 방법,"미코 바이오, 인크.",46,"46. 암의 치료 또는 예방이 필요한 대상체에게 유효량의 제1항의 조성물을 투여하는 것을 포함하는, 대상체에서 암의 치료 또는 예방 방법.",77,False,True,explicit_or_regex_estimated
1020137030593,1020140053887,,취하,취하,면역 반응을 증진시키는 조성물 및 방법,"미코 바이오, 인크.",47,"47. 제1항에 있어서, 미생물 종이 에어로졸화된 것인 제약 조성물.",38,True,False,explicit_or_regex_estimated
1020140037007,,1014455250000,등록,등록,필터 프레임에 있어서의 필터 렌즈의 유지 기구,마루미코키 카부시키가이샤,1,"1. 카메라 렌즈 경통 선단부에 장착되는 필터 프레임 본체는 원환형의 필터 프레임 본체를 이분(二分)하여 입사광측을 전통(前筒) 프레임으로 하고 카메라 렌즈 경통측을 후통(後筒) 프레임으로 하여 형성하며,상기 전통 프레임에는 입사광측으로부터 전통 프레임 내경부에 어태치먼트 장착용의 암나사부를 나사 형성하고,상기 후통 프레임의 외주부에는 카메라 렌즈 경통에의 나사 장착용 수나사부가 나사 형성되며,상기 암나사부와 수나사부로 이루어지는 필터 프레임 본체의 중앙부 내부측에는 필터 렌즈 유지 고리부가 광축측으로 돌출하여 마련되고,상기 필터 렌즈 유지 고리부의 선단부에는 환형의 필터 렌즈 전연(前緣) 프레임이 마련되며,상기 필터 렌즈 전연 프레임의 후방에 필터 렌즈를 끼워 장착 유지하고,상기 필터 렌즈 전연 프레임에 끼워 장착 유지된 필터 렌즈를 후방의 이면에서 협지하는 코킹 설형부는 상기 필터 렌즈 전연 프레임의 후부로부터 광축(C) 방향으로 연장되는 지지 가장자리 외주부로부터 링 형상의 원통 형상 환형체를 형성하며,상기 코킹 설형부를 형성하는 링 형상의 원통 형상 환형체의 밑동부 내경측에는 굽힘 변형용 원주 홈을 새겨둠으로써 상기 굽힘 변형용 원주 홈의 바닥부 후방부에 굽힘 변형 내각부(內角部)를 마련하고,상기 굽힘 변형 내각부를 기점(起點)으로 코킹 가공을 실시하는 상기 코킹 설형부의 원통 형상 환형체는 굽힘 변형 내각부로부터 상기 필터 렌즈의 모따기부 접촉면을 피복하여 필터 렌즈 이면에 피복 가공된 반사 방지 피막 가공면 가장자리까지를 피복하는 길이를 갖는 코킹 설형부로 이루어지는 것을 특징으로 하는 필터 프레임에 있어서의 필터 렌즈의 유지 기구.",820,False,True,explicit_or_regex_estimated
1020140037007,,1014455250000,등록,등록,필터 프레임에 있어서의 필터 렌즈의 유지 기구,마루미코키 카부시키가이샤,2,"2. 제1항에 있어서, 상기 필터 렌즈 전연 프레임의 유효 구경과 필터 렌즈 후방에서 코킹 설형부에 의해 협지되는 필터 렌즈의 유효 구경이 동일해지도록 코킹 설형부를 형성하는 원통 형상 환형체의 길이를 설정한 것을 특징으로 하는 필터 프레임에 있어서의 필터 렌즈의 유지 기구.",154,True,False,explicit_or_regex_estimated
1020140037007,,1014455250000,등록,등록,필터 프레임에 있어서의 필터 렌즈의 유지 기구,마루미코키 카부시키가이샤,3,"3. 제1항 또는 제2항에 있어서, 상기 코킹 설형부를 형성하는 링 형상의 원통형 환형체의 밑동부에 새겨진 굽힘 변형 내각부의 내경측에 코킹 설형부의 절곡 보조용의 V자 형상의 커트 홈을 형성한 것을 특징으로 하는 필터 프레임에 있어서의 필터 렌즈의 유지 기구.",146,True,False,explicit_or_regex_estimated
1020140037007,,1014455250000,등록,등록,필터 프레임에 있어서의 필터 렌즈의 유지 기구,마루미코키 카부시키가이샤,4,"4. 제1항 또는 제2항에 있어서, 상기 코킹 설형부를 형성하는 링 형상의 원통형 환형체 선단부에 있어서 필터 렌즈의 모따기 접촉면 코너부에 선단 절곡 보조용의 V자 형상의 커트 홈을 형성한 것을 특징으로 하는 필터 프레임에 있어서의 필터 렌즈의 유지 기구.",144,True,False,explicit_or_regex_estimated
1020140091823,1020140109344,,거절,거절,산화촉매 및 그것을 이용한 배기가스 정화 시스템,유미코어 니폰 쇼쿠바이 가부시키가이샤|유미코어 쇼쿠바이 유에스에이 인코포레이티드,1,"1. 일산화질소에서 이산화질소로의 산화를 촉진시키는 백금 및 팔라듐을 촉매 활성성분으로 함유하는 산화촉매로서, 상기 백금 100질량%에 대해 상기 팔라듐을 1∼55질량% 포함하는 산화촉매;상기 산화촉매의 후단에 환원제를 공급하는 환원제 공급장치; 및상기 환원제 공급장치의 후단에 구비된 NOx 환원촉매;를 포함하는 배기가스 정화 시스템.",188,False,True,explicit_or_regex_estimated
1020140091823,1020140109344,,거절,거절,산화촉매 및 그것을 이용한 배기가스 정화 시스템,유미코어 니폰 쇼쿠바이 가부시키가이샤|유미코어 쇼쿠바이 유에스에이 인코포레이티드,2,"2. 제 1 항에 있어서, 상기 산화촉매의 후단에 구비된, 디젤 파티큘레이트 필터, 환원제 슬립 억제제, 요소 가수분해 촉매, 산화촉매로 이루어지는 군에서 선택되는 적어도 1종을 더 포함하는 것을 특징으로 하는 배기가스 정화 시스템.",130,True,False,explicit_or_regex_estimated
1020147004743,1020140101719,,거절,거절,암호화 방식을 결합시키는 무선 인식 기술,미코 코포레이션,1,"1. 무선 인식(RFID) 태그(tag)에 있어서,상기 RFID 태그와 RFID 리더(reader) 사이의 통신이 가능하도록 구성되는 RFID 기능부(functional portion);비대칭 암호화 능력을 가지는 데이터 처리 기능부(data processing functional portion); 및 상기 데이터 처리 기능부를 동작시키도록 구성되는 전원을 포함하는 태그.",209,False,True,explicit_or_regex_estimated
1020147004743,1020140101719,,거절,거절,암호화 방식을 결합시키는 무선 인식 기술,미코 코포레이션,2,"2. 제 1 항에 있어서, 상기 데이터 처리 기능부는,공개-개인(public-private) 암호화 키 쌍들을 생성하는 수단을 포함하고, 각 공개-개인 암호화 키 쌍은 비대칭 암호화 동작들에 사용을 위한 공개 키 및 개인 키를 구비하며;상기 개인 키들을 안전하게 비밀로 유지하는 수단을 포함하며;다른 장치들에 의한 사용을 위해 상기 공개 키를 해제하는 수단을 포함하는 것을 특징으로 하는 태그.",220,True,False,explicit_or_regex_estimated
1020147004743,1020140101719,,거절,거절,암호화 방식을 결합시키는 무선 인식 기술,미코 코포레이션,3,"3. 제 1 항에 있어서, 상기 전원은 상기 RFID 기능부를 동작시키도록 구성되는 것을 특징으로 하는 태그.",61,True,False,explicit_or_regex_estimated
1020147004743,1020140101719,,거절,거절,암호화 방식을 결합시키는 무선 인식 기술,미코 코포레이션,4,"4. 제 3 항에 있어서, 상기 전원은 상기 RFID 기능부로부터 무선 주파수 전송을 생성하거나 부스트(boost)하도록 구성되지 않는 것을 특징으로 하는 태그.",90,True,False,explicit_or_regex_estimated
1020147004743,1020140101719,,거절,거절,암호화 방식을 결합시키는 무선 인식 기술,미코 코포레이션,5,"5. 제 1 항 내지 제 4 항 중 어느 한 항에 있어서, 상기 데이터 처리 기능부는 대칭 암호화 능력을 더 구비하는 것을 특징으로 하는 태그.",80,True,False,explicit_or_regex_estimated
1020147004743,1020140101719,,거절,거절,암호화 방식을 결합시키는 무선 인식 기술,미코 코포레이션,6,"6. 제 1 항 내지 제 5 항 중 어느 한 항에 있어서, 상기 데이터 처리 기능부는 고유 불변 인식 코드(unique unalterable identification code)를 저장하도록 더 구성되는 것을 특징으로 하는 태그.",128,True,False,explicit_or_regex_estimated
1020147004743,1020140101719,,거절,거절,암호화 방식을 결합시키는 무선 인식 기술,미코 코포레이션,7,"7. 제 1 항 내지 제 6 항 중 어느 한 항에 있어서, 상기 데이터 처리 기능부 및 상기 RFID 기능부는 단일 집적 회로로 결합되는 것을 특징으로 하는 태그.",91,True,False,explicit_or_regex_estimated
1020147004743,1020140101719,,거절,거절,암호화 방식을 결합시키는 무선 인식 기술,미코 코포레이션,8,"8. 제 1 항 내지 제 7 항 중 어느 한 항에 있어서, 상기 통신은 양방향(two-way)인 것을 특징으로 하는 태그.",68,True,False,explicit_or_regex_estimated
1020147004743,1020140101719,,거절,거절,암호화 방식을 결합시키는 무선 인식 기술,미코 코포레이션,9,"9. 제 1 항 내지 제 8 항 중 어느 한 항에 있어서, 상기 RFID 기능부는 집적 회로를 포함하는 것을 특징으로 하는 태그.",72,True,False,explicit_or_regex_estimated
1020147004743,1020140101719,,거절,거절,암호화 방식을 결합시키는 무선 인식 기술,미코 코포레이션,10,"10. 제 1 항 내지 제 9 항 중 어느 한 항에 있어서, 상기 데이터 처리 기능부는 마이크로프로세서를 포함하는 것을 특징으로 하는 태그.",78,True,False,explicit_or_regex_estimated
1020147004743,1020140101719,,거절,거절,암호화 방식을 결합시키는 무선 인식 기술,미코 코포레이션,11,"11. 제 1 항 내지 제 10 항 중 어느 한 항에 있어서, 상기 RFID 기능부와 RFID 리더의 무선 통신은 극초단파(UHF) 주파수들에 존재하는 것을 특징으로 하는 태그.",99,True,False,explicit_or_regex_estimated
1020147004743,1020140101719,,거절,거절,암호화 방식을 결합시키는 무선 인식 기술,미코 코포레이션,12,"12. 비대칭 암호화 능력을 갖는 서버;제 1 항 내지 제 11 항 중 어느 한 항의 복수의 무선 인식(RFID) 태그들; 및하나 또는 그 이상의 RFID 리더들을 포함하며, 각 RFID 리더는 상기 서버와 하나 또는 그 이상의 RFID 태그들 사이의 데이터를 릴레이(relay)하도록 구성되고, 이에 따라 상기 하나 또는 그 이상의 RFID 태그들과 상기 서버 사이에 안전하고 인증 가능한 통신을 가능하게 하는 것을 특징으로 하는 네트워크.",247,True,False,explicit_or_regex_estimated
1020147004743,1020140101719,,거절,거절,암호화 방식을 결합시키는 무선 인식 기술,미코 코포레이션,13,"13. 제 12 항에 있어서, 상기 서버는,공개-개인 암호화 키 쌍들을 생성하는 수단을 포함하고, 각 공개-개인 암호화 키 쌍은 비대칭 암호화 동작들에 사용을 위한 공개 키 및 개인 키를 구비하며;상기 개인 키들을 안전하고 비밀로 유지하는 수단을 포함하고;다른 장치들에 의한 사용을 위해 상기 공개 키들을 해제하는 수단을 포함하는 것을 특징으로 하는 네트워크.",201,True,False,explicit_or_regex_estimated
1020147004743,1020140101719,,거절,거절,암호화 방식을 결합시키는 무선 인식 기술,미코 코포레이션,14,"14. 제 12 항 또는 제 13 항에 있어서, 각 RFID 기능부는 상기 대응하는 RFID 태그와 상기 RFID 리더들의 임의의 하나 사이의 무선 통신이 가능하도록 구성되는 것을 특징으로 하는 네트워크.",114,True,False,explicit_or_regex_estimated
1020147004743,1020140101719,,거절,거절,암호화 방식을 결합시키는 무선 인식 기술,미코 코포레이션,15,"15. 제 12 항 내지 제 14 항 중 어느 한 항에 있어서, 상기 서버, 상기 RFID 리더들 및 상기 RFID 태그들의 임의의 하나에 의한 검색을 위한 공개-개인 암호화 키 쌍들로부터 공개 키들을 안전하게 저장하도록 구성되는 공개 키 서버를 더 포함하는 것을 특징으로 하는 네트워크.",161,True,False,explicit_or_regex_estimated
1020147004743,1020140101719,,거절,거절,암호화 방식을 결합시키는 무선 인식 기술,미코 코포레이션,16,"16. 제 15 항에 있어서, 상기 서버 및 상기 RFID 태그들은 각기 상기 공개 키 서버에 그의 내부적으로 생성된 공개 키들을 업로드하도록 구성되는 것을 특징으로 하는 네트워크.",101,True,False,explicit_or_regex_estimated
1020147004743,1020140101719,,거절,거절,암호화 방식을 결합시키는 무선 인식 기술,미코 코포레이션,17,"17. 제 12 항 내지 제 16 항 중 어느 한 항에 있어서, 상기 서버 및 각 RFID 태그는 대칭 암호화 능력을 가지도록 더 구성되는 것을 특징으로 하는 네트워크.",94,True,False,explicit_or_regex_estimated
1020147004743,1020140101719,,거절,거절,암호화 방식을 결합시키는 무선 인식 기술,미코 코포레이션,18,"18. 제 17 항에 있어서, 상기 하나 또는 그 이상의 RFID 태그들과 상기 서버 사이의 안전하고 인증 가능한 통신은 그의 상기 대칭 암호화 능력들을 사용하는 것을 특징으로 하는 네트워크.",107,True,False,explicit_or_regex_estimated
1020147004743,1020140101719,,거절,거절,암호화 방식을 결합시키는 무선 인식 기술,미코 코포레이션,19,"19. 제 12 항 내지 제 18 항 중 어느 한 항에 있어서, 적어도 하나의 RFID 리더는 상기 서버와 상기 하나 또는 그 이상의 RFID 태그들 사이에 릴레이되는 상기 데이터에 부가적인 정보를 추가하도록 더 구성되는 것을 특징으로 하는 네트워크.",140,True,False,explicit_or_regex_estimated
1020147004743,1020140101719,,거절,거절,암호화 방식을 결합시키는 무선 인식 기술,미코 코포레이션,20,"20. 제 19 항에 있어서, 상기 적어도 하나의 RFID 리더는 상기 서버와 상기 하나 또는 그 이상의 RFID 태그들 사이에 릴레이되는 상기 데이터에 상기 부가 정보가 안전하고 인증 가능하게 추가되도록 비대칭 암호화 능력을 가지는 것을 특징으로 하는 네트워크.",147,True,False,explicit_or_regex_estimated
1020147004743,1020140101719,,거절,거절,암호화 방식을 결합시키는 무선 인식 기술,미코 코포레이션,21,"21. 제 19 항 또는 제 20 항에 있어서, 상기 적어도 하나의 RFID 리더는 상기 서버와 상기 하나 또는 그 이상의 RFID 태그들 사이에 릴레이되는 상기 데이터에 상기 부가 정보가 안전하게 추가되도록 대칭 암호화 능력을 가지는 것을 특징으로 하는 네트워크.",148,True,False,explicit_or_regex_estimated
1020147004743,1020140101719,,거절,거절,암호화 방식을 결합시키는 무선 인식 기술,미코 코포레이션,22,"22. 제 12 항 내지 제 21 항 중 어느 한 항에 있어서, 적어도 하나의 RFID 태그가, 장치 또는 방법으로부터 데이터를 수신하거나, 상기 장치 또는 방법에 영향을 미치거나 제어하도록 상기 장치 또는 방법에 정보를 전송하기 위하여,상기 장치 또는 방법에 접속되게 구성되는 것을 특징으로 하는 네트워크.",172,True,False,explicit_or_regex_estimated
1020147004743,1020140101719,,거절,거절,암호화 방식을 결합시키는 무선 인식 기술,미코 코포레이션,23,"23. 제 12 항 내지 제 22 항 중 어느 한 항에 있어서, 상기 서버에 연결되는 장치를 더 포함하며, 상기 장치는,상기 RFID 태그들의 하나 또는 그 이상에 관련되는 정보를 상기 서버로부터 수득하고; 상기 RFID 리더들을 통해 상기 RFID 태그들의 하나 또는 그 이상에 상기 데이터를 전송하도록 구성되는 상기 서버에 상기 데이터를 송신하는 것의 하나 또는 그 이상을 수행하도록 구성되는 것을 특징으로 하는 네트워크.",238,True,False,explicit_or_regex_estimated
1020147004743,1020140101719,,거절,거절,암호화 방식을 결합시키는 무선 인식 기술,미코 코포레이션,24,"24. 제 12 항 내지 제 23 항 중 어느 한 항에 있어서, 적어도 하나의 RFID 리더가 상기 하나 또는 그 이상의 RFID 태그들의 형태에 따른 방식으로 상기 서버와 상기 하나 또는 그 이상의 RFID 태그들 사이에 데이트를 릴레이하도록 구성되는 것을 특징으로 하는 네트워크.",158,True,False,explicit_or_regex_estimated
1020147004743,1020140101719,,거절,거절,암호화 방식을 결합시키는 무선 인식 기술,미코 코포레이션,25,"25. 제 12 항 내지 제 24 항 중 어느 한 항에 있어서, 하나 또는 그 이상의 수동형 RFID 태그들을 더 포함하며, 각 수동형 RFID 태그는 상기 수동형 RFID 태그와 RFID 리더 사이에 무선 통신이 가능하도록 구성되는 RFID 기능부를 구비하는 것을 특징으로 하는 네트워크.",162,True,False,explicit_or_regex_estimated
1020147004743,1020140101719,,거절,거절,암호화 방식을 결합시키는 무선 인식 기술,미코 코포레이션,26,"26. 제 25 항에 있어서, 적어도 하나의 RFID 리더는 상기 하나 또는 그 이상의 RFID 태그들이 수동형 RFID 태그들인지에 따른 방식으로 상기 서버와 상기 하나 또는 그 이상의 RFID 태그들 사이에 데이터를 릴레이하도록 구성되는 것을 특징으로 하는 네트워크.",151,True,False,explicit_or_regex_estimated
1020147004743,1020140101719,,거절,거절,암호화 방식을 결합시키는 무선 인식 기술,미코 코포레이션,27,"27. 무선 인식(RFID) 태그와 서버 사이에 데이터를 안전하게 통신하기 위한 방법에 있어서,상기 RFID 태그 및 상기 서버에 의해, 대칭 암호화/암호 해독 키를 생성하는 단계;상기 RFID 태그 및 상기 서버의 하나에 의해, 상기 대칭 암호화/암호 해독 키를 이용하여 상기 데이터를 암호화하는 단계;상기 RFID 태그 및 상기 서버의 하나에 의해, 개인 암호화 방식의 암호화 키를 이용하여 상기 데이터를 위한 전자 서명을 생성하는 단계;상기 RFID 태그 및 상기 서버의 하나에 의해, 상기 암호화된 데이터 및 상기 전자 서명을 상기 RFID 태그 및 상기 서버의 다른 하나에 무선으로 전송하는 단계;상기 RFID 태그 및 상기 서버의 다른 하나에 의해, 상기 개인 암호화 방식의 암호화 키에 대응하고 공개 키 서버를 참조하여 인증되는 상기 공개 암호 해독 키를 이용하여 상기 전자 서명을 인증하는 단계; 및상기 RFID 태그 및 상기 서버의 다른 하나에 의해, 상기 대칭 암호화/암호 해독 키를 이용하여 상기 암호화된 데이터를 암호 해독하는 단계를 포함하는 것을 특징으로 하는 방법.",554,False,True,explicit_or_regex_estimated
1020147004743,1020140101719,,거절,거절,암호화 방식을 결합시키는 무선 인식 기술,미코 코포레이션,28,"28. 제 27 항에 있어서, 상기 대칭 암호화/암호 해독 키를 생성하는 단계는,상기 RFID 태그 및 상기 서버의 하나에 의해, 난수(random number)를 생성하는 단계;상기 RFID 태그 및 상기 서버의 하나에 의해, 상기 RFID 태그 및 상기 서버의 다른 하나의 공개 암호화 방식의 암호화 키를 이용하여 상기 난수를 암호화하는 단계;상기 RFID 태그 및 상기 서버의 하나를 이용하여, 상기 암호화된 수를 상기 RFID 태그 및 상기 서버의 다른 하나에 전송하는 단계;d상기 RFID 태그 및 상기 서버의 다른 하나에 의해, 상기 공개 암호화 방식의 암호화 키에 대응하는 상기 RFID 태그 및 상기 서버의 다른 하나의 개안 암호 해독 키를 이용하여 상기 암호화된 난수를 암호 해독하는 단계; 및상기 RFID 태그 및 상기 서버에 의해, 상기 난수를 이용하여 상기 대칭 암호화/암호 해독 키를 생성하는 단계를 포함하는 것을 특징으로 하는 방법.",480,True,False,explicit_or_regex_estimated
1020147004743,1020140101719,,거절,거절,암호화 방식을 결합시키는 무선 인식 기술,미코 코포레이션,29,"29. 제 27 항 또는 제 28 항에 있어서, 상기 전자 서명은 상기 암호화된 데이터를 위해 생성되는 것을 특징으로 하는 방법.",72,True,False,explicit_or_regex_estimated
1020147004743,1020140101719,,거절,거절,암호화 방식을 결합시키는 무선 인식 기술,미코 코포레이션,30,"30. 제 27 항 내지 제 29 항 중 어느 한 항에 있어서, 상기 전자 서명은 상기 암호화 단계 이전에 생성되며, 상기 암호화 단계는 상기 데이터 및 상기 전자 서명 모두를 암호화하는 것을 특징으로 하는 방법.",119,True,False,explicit_or_regex_estimated
1020147004743,1020140101719,,거절,거절,암호화 방식을 결합시키는 무선 인식 기술,미코 코포레이션,31,"31. 제 27 항 내지 제 30 항 중 어느 한 항에 있어서, 상기 무선 전송하는 단계는,상기 RFID 태그 및 상기 서버의 하나에 의해, 상기 암호화된 데이터 및 상기 전자 서명을 RFID 리더로 전송하는 단계;상기 RFID 리더에 의해, 상기 RFID 태그 및 상기 서버의 다른 하나의 공개 암호화 방식의 암호화 키를 이용하여 부가 정보를 암호화하는 단계;상기 RFID 리더에 의해, 상기 RFID 리더와 연관된 개인 암호화 방식의 암호화 키를 이용하여 상기 암호화된 부가 정보와 상기 암호화된 데이터를 위한 제2의 전자 서명과 상기 전자 서명을 위한 제2의 전자 서명을 생성하는 단계;상기 RFID 리더에 의해, 상기 암호화된 부가 정보 및 상기 암호화된 데이터와 상기 전자 서명 그리고 상기 제2의 전자 서명을 상기 RFID 태그 및 상기 서버의 다른 하나에 전송하는 단계;상기 RFID 태그 및 상기 서버의 다른 하나에 의해, 상기 RFID와 연관된 상기 개인 암호화 방식의 암호화 키에 대응하며, 공개 키 서버를 참조하여 인증되는 제2의 공개 암호 해독 키를 이용하여 상기 제2의 전자 서명을 인증하는 단계; 및상기 RFID 태그 및 상기 서버의 다른 하나에 의해, 상기 공개 암호화 방식의 암호화 키에 대응하는 상기 RFID 태그 및 상기 서버의 다른 하나의 개인 암호 해독 키를 이용하여 상기 암호화된 부가 정보를 암호 해독하는 단계를 포함하는 것을 특징으로 하는 방법.",720,True,False,explicit_or_regex_estimated
1020147004743,1020140101719,,거절,거절,암호화 방식을 결합시키는 무선 인식 기술,미코 코포레이션,32,"32. RFID 태그 및 서버의 하나에 저장되며, 상기 RFID 태그 및 상기 서버의 다른 하나로부터 유래되는 공개 암호화 방식의 암호 해독 키를 업데이팅하는 방법에 있어서, 상기 RFID 태그 및 상기 서버의 다른 하나에 의해, 새로운 암호화 방식의 암호 해독 키를 상기 RFID 태그 및 상기 서버의 하나에 저장되는 상기 공개 암호화 방식의 암호 해독 키에 대응하는 현재의 공개 암호화 방식의 암호 해독 키와 결합하는 단계;상기 RFID 태그 및 상기 서버의 다른 하나에 의해, 현재의 공개 암호화 방식의 암호 해독 키에 대응하는 개인 암호화 방식의 암호화 키를 이용하여 상기 결합된 새로운 공개 암호화 방식의 암호화 키 및 상기 현재의 공개 암호화 방식의 암호 해독 키를 위한 전자 서명을 생성하는 단계;상기 RFID 태그 및 상기 서버의 다른 하나에 의해, 상기 결합된 새로운 공개 암호화 방식의 암호 해독 키 및 현재의 공개 암호화 방식의 암호 해독 키와 상기 전자 서명을 상기 RFID 태그 및 상기 서버의 하나에 전송하는 단계;,상기 RFID 태그 및 상기 서버의 다른 하나에 의해, 상기 RFID 태그 및 상기 서버의 하나에 저장되며, 상기 RFID 태그 및 상기 서버의 하나에 미리 안전하게 전송되었던 상기 공개 암호화 방식의 암호 해독 키를 이용하여 상기 전자 서명을 인증하는 단계; 및상기 RFID 태그 및 상기 서버의 하나에 저장된 상기 공개 암호화 방식의 암호 해독 키를 상기 새로운 공개 암호화 방식의 암호 해독 키로 대체하는 단계를 포함하는 것을 특징으로 하는 방법.",780,False,True,explicit_or_regex_estimated
1020147004743,1020140101719,,거절,거절,암호화 방식을 결합시키는 무선 인식 기술,미코 코포레이션,33,"33. 제 32 항에 있어서, 상기 결합하는 단계 전에, 상기 RFID 태그 및 상기 서버의 다른 하나에 의해, 상기 RFID 태그 및 상기 서버의 하나에 저장된 상기 공개 암호화 방식의 암호 해독 키가 상기 새로운 공개 암호화 방식의 암호 해독 키와 동일한 지를 판단하는 단계 및 상기 판단을 기반으로 상기 결합하는 단계를 진행하는 단계를 더 포함하는 것을 특징으로 하는 방법.",212,True,False,explicit_or_regex_estimated
1020147004743,1020140101719,,거절,거절,암호화 방식을 결합시키는 무선 인식 기술,미코 코포레이션,34,"34. 제 32 항 또는 제 33 항에 있어서, 상기 결합하는 단계 전에, 상기 RFID 태그 및 상기 서버의 다른 하나에 의해, 인증된 통신 링크를 통해 상기 RFID 태그 및 상기 서버의 하나에의 저장을 위해 상기 현재의 암호화 방식의 암호 해독 키를 전송하는 단계를 더 포함하는 것을 특징으로 하는 방법.",173,True,False,explicit_or_regex_estimated
1020147004743,1020140101719,,거절,거절,암호화 방식을 결합시키는 무선 인식 기술,미코 코포레이션,35,"35. 제 1 항 내지 제 11 항 중 어느 한 항에 있어서, 상기 데이터 처리 기능부는,하나 또는 그 이상의 개인 암호화 키들을 상기 RFID 태그의 인증된 사용자와 연관시키는 수단;사용 불능 상태에서 상기 개인 키들이 사용될 수 없도록 디폴트(default) 사용 불능 상태에 상기 연관된 개인 키들을 저장하는 수단;상기 개인 키들에 따라 상기 인증된 사용자를 위해 템플릿 생체 인식 데이터(template biometric data)를 안전하게 저장하는 수단;상기 RFID 태그의 사용자로부터 활성 생체 인식 데이터(live biometric data)를 수용하는 수단;상기 활성 생체 인식 데이터와 상기 템플릿 생체 인식 데이터를 비교하고 이에 따라 상기 활성 생체 인식 데이터가 상기 RFID 태그의 상기 인증된 사용자에 대응되는 지를 판단하는 수단; 상기 활성 및 템플릿 생체 인식 데이터의 비교의 결과에 따른 생체 인식으로 연관된 개인 암호화 키를 위한 특정한 암호화 동작을 선택하고 가능하게 하는 수단을 더 포함하며, 상기 생체 인식으로 연관된 개인 암호화 키는 그렇지 않으면 사용 불능으로 남게 되는 것을 특징으로 하는 태그.",583,True,False,explicit_or_regex_estimated
1020147004743,1020140101719,,거절,거절,암호화 방식을 결합시키는 무선 인식 기술,미코 코포레이션,36,"36. 제 35 항에 있어서, 상기 활성 생체 인식 데이터는 지문 데이터, 음성 데이터, 얼굴 이미지 데이터 그리고 망막 스캔 데이터로 구성되는 그룹의 하나 또는 그 이상을 포함하는 것을 특징으로 하는 태그.",116,True,False,explicit_or_regex_estimated
1020147011723,1020140072161,,취하,취하,"스테인레스 강 부품, 특히 가스용 열교환기의 노 납땜을 위한 솔더 재료",발레오 테르미코 에스.에이.,1,"1. 스테인레스 강으로 형성된 부품용의, 특히 가스용 열교환기(1)의 노 납땜을 위한 솔더 재료(8)로서, 붕소를 함유하는 합금으로 제조되는, 솔더 재료(8)에 있어서,상기 솔더 재료(8)가, 납땜될 상기 부품의 실제 스테인레스 강 내에 존재하는 질소와 반응할 수 있고, 니오븀 질화물을 형성할 수 있으며, 그에 따라 상기 질소가 상기 솔더 재료(8)의 붕소와 반응하는 것을 방지할 수 있는 비율의 니오븀을 함유하는 것을 특징으로 하는솔더 재료.",249,False,True,explicit_or_regex_estimated
1020147011723,1020140072161,,취하,취하,"스테인레스 강 부품, 특히 가스용 열교환기의 노 납땜을 위한 솔더 재료",발레오 테르미코 에스.에이.,2,"2. 제 1 항에 있어서,상기 솔더 재료의 화학 조성은 6 중량% 내지 8 중량%의 크롬, 4 중량% 내지 5 중량%의 실리콘, 2.75 중량% 내지 3.5 중량%의 붕소, 2.5 중량% 내지 3.5 중량%의 철, 및 0.5 중량% 내지 4 중량%의 니오븀을 함유하는 것을 특징으로 하는솔더 재료.",166,True,False,explicit_or_regex_estimated
1020147011723,1020140072161,,취하,취하,"스테인레스 강 부품, 특히 가스용 열교환기의 노 납땜을 위한 솔더 재료",발레오 테르미코 에스.에이.,3,"3. 제 1 항 또는 제 2 항에 있어서,첨가된 니오븀의 중량%는 2%인 것을 특징으로 하는솔더 재료.",57,True,False,explicit_or_regex_estimated
1020147011723,1020140072161,,취하,취하,"스테인레스 강 부품, 특히 가스용 열교환기의 노 납땜을 위한 솔더 재료",발레오 테르미코 에스.에이.,4,"4. 제 1 항 또는 제 2 항에 있어서,내식성을 개선하기 위해서 20 중량% 이하의 크롬을 함유하는 것을 특징으로 하는솔더 재료.",73,True,False,explicit_or_regex_estimated
1020147024597,1020140115377,,거절,거절,촉매 컨버터 시스템 사용 방법,우미코레 아게 운트 코 카게,1,"1. 내연기관의 배기 가스를 정화하기 위한 촉매 컨버터 시스템을 사용하는 방법으로서, 상기 촉매 컨버터 시스템은, 공통의 컨버터 하우징(2)에서 배기 가스의 유동 방향으로 직렬로 서로로부터 일정 거리(d)에 배열되고 희박 배기 가스 중의 탄화 수소와 일산화탄소를 촉매 반응으로 연소시킬 수 있는 적어도 2개의 촉매 컨버터(3, 4)들, 및 상기 컨버터 하우징(2)의 하류측에 있는 매연 필터(6)를 구비한 제2 컨버터 하우징(5)을 포함하는, 촉매 컨버터 시스템 사용 방법에 있어서, 2개의 인접한 촉매 컨버터들 사이의 거리(d)가 2 내지 30㎜이고, 상기 촉매 컨버터(3, 4)들은 산화 촉매 컨버터들이거나, 또는 산화 촉매 컨버터들과 삼원 촉매 컨버터들(three-way catalytic converters)의 조합이고, 상기 촉매 컨버터 시스템의 하류측에 배열된 상기 매연 필터(6)를 상기 촉매 컨버터 시스템에 의해 발생된 고온 배기 가스 유동으로 재생시키기 위하여, 상기 촉매 컨버터 시스템이 디젤 엔진의 배기 영역(1)에서, 상기 촉매 컨버터들 상에서 상기 디젤 엔진으로부터의 연료 또는 미연소된 연료 성분의 연소에 의해 최종의 상기 제2 촉매 컨버터(4)의 하류측에서 500 내지 700℃의 온도로 희박 배기 가스를 가열하는데 사용될 수 있는 것을 특징으로 하는, 촉매 컨버터 시스템 사용 방법.",678,False,True,explicit_or_regex_estimated
1020147024597,1020140115377,,거절,거절,촉매 컨버터 시스템 사용 방법,우미코레 아게 운트 코 카게,2,"2. 제 1 항에 있어서, 상기 연료는 투여 장치에 의해 제1 촉매 컨버터(3)의 상류측에서 배기 가스 유동으로 주입되는 것을 특징으로 하는 촉매 컨버터 시스템 사용 방법.",96,True,False,explicit_or_regex_estimated
1020147024597,1020140115377,,거절,거절,촉매 컨버터 시스템 사용 방법,우미코레 아게 운트 코 카게,3,"3. 제 1 항에 있어서, 상기 배기 가스 중의 미연소된 연료 성분은 상기 디젤 엔진의 실린더들 내로 연료의 후주입에 의해 발생되는 것을 특징으로 하는 촉매 컨버터 시스템 사용 방법.",102,True,False,explicit_or_regex_estimated
1020150033375,,1016539130000,등록,등록,배관용 멀티커플러,주식회사 미코명진,1,"1. 장치의 프레임이나 몸체에 착탈가능하게 부착되며 일측에 형성되는 제1접합면(11)에는 다수의 통공(12)이 형성되고 내부에는 상기 통공(12)과 타측 포트(16)를 각각 연통시키는 다수의 유로(14)가 형성되는 제1매니폴드블록(10)과, 상기 제1매니폴드블록(10)의 제1접합면(11)에 정합되는 제2접합면(21)에는 상기 통공(12)과 대응되는 다수의 통공(22)이 형성되고 내부에는 상기 통공(22)과 타측 포트(26)를 각각 연통되는 다수의 유로(24)가 형성되는 제2매니폴드블록(20)과, 상기 제1 접합면(11)의 통공(12) 또는 제2접합면(21)의 통공(22)의 둘레부에 구비되는 다수의 밀봉링(13)과, 상기 제1매니폴드블록(10)의 양단부에 결합되며 상기 제1접합면(11)에 노출되는 체결공(34)이 형성되고 배면으로 돌출연장되는 암체결부재(30)와, 상기 암체결부재(30)의 체결공(34)에 삽입되도록 상기 제2매니폴드블록(20)의 제2접합면(21)의 양단부에 돌출형성되며 상기 암체결부재(30)와 결합 또는 해제되는 숫체결부재(40)를 포함하며, 상기 제1매니폴드블록(10)의 포트(16)와 제2매니폴드블록(20)의 포트(26)에는 각각 배관(4,6)이 접속되고, 상기 숫체결부재(40)가 결합되는 제2매니폴드블록(20)의 배면에는 자석체(50)가 장착되며, 상기 자석체(50)가 배면에 장착된 제2매니폴드블록(20)의 유로(24)에 연통되는 포트(26)는 제2매니폴드블록(20)의 측면에 형성된 것을 특징으로 하는 배관용 멀티커플러.",760,False,True,explicit_or_regex_estimated
1020157017808,1020150093203,,거절,거절,구획화된 디젤 산화 촉매,우미코레 아게 운트 코 카게,1,"1. 제1 말단과 제2 말단 사이를 연장하는 길이 L의 지지체, 및 상기 지지체 위에 배치된 촉매 활성 코팅을 포함하고, 제1 촉매 활성 구획과 제2 촉매 활성 구획으로 이루어진, 디젤 산화 촉매로서, 여기서,ㆍ상기 지지체는 세라믹 또는 금속성 관통형 허니컴이고,ㆍ상기 제1 말단으로부터 진행되는 상기 제1 촉매 활성 구획은, 총 길이 L의 5% 내지 95%의 길이 E로 연장하고,ㆍ상기 제2 말단으로부터 진행되는 상기 제2 촉매 활성 구획은, 총 길이 L의 5% 내지 95%의 길이 Z로 연장하고,ㆍE + Z ≤ L이고,ㆍ상기 제1 촉매 활성 구획과 상기 제2 촉매 활성 구획은 동일한 열 질량들을 갖고,ㆍ상기 제1 촉매 활성 구획과 상기 제2 촉매 활성 구획은 각각 촉매 활성 성분들로서 백금과 팔라듐을 함유하고,ㆍ상기 제1 촉매 활성 구획과 상기 제2 촉매 활성 구획에서의 백금 대 팔라듐의 중량 비는 동일하며 1:1이고,ㆍ상기 제1 촉매 활성 구획에서의 백금과 팔라듐의 총 농도는 상기 제2 촉매 활성 구획에서의 백금과 팔라듐의 총 농도보다 큰,디젤 산화 촉매.",542,False,True,explicit_or_regex_estimated
1020157017808,1020150093203,,거절,거절,구획화된 디젤 산화 촉매,우미코레 아게 운트 코 카게,2,"2. 제1항에 있어서, 상기 제1 촉매 활성 구획의 길이 E가 총 길이 L의 20% 내지 70%, 40% 내지 60% 또는 45% 내지 50%임을 특징으로 하는, 디젤 산화 촉매.",100,True,False,explicit_or_regex_estimated
1020157017808,1020150093203,,거절,거절,구획화된 디젤 산화 촉매,우미코레 아게 운트 코 카게,3,"3. 제1항 및/또는 제2항에 있어서, 상기 제2 촉매 활성 구획의 길이 Z가 총 길이 L의 20% 내지 70%, 40% 내지 60% 또는 40% 내지 50%임을 특징으로 하는, 디젤 산화 촉매.",109,True,False,explicit_or_regex_estimated
1020157017808,1020150093203,,거절,거절,구획화된 디젤 산화 촉매,우미코레 아게 운트 코 카게,4,"4. 제1항 내지 제3항 중의 하나 이상의 항에 있어서, 상기 제1 촉매 활성 구획의 길이 E와 상기 제2 촉매 활성 구획의 길이 Z의 총 합계가 L×0.8 내지 L×0.99임을 특징으로 하는, 디젤 산화 촉매.",118,True,False,explicit_or_regex_estimated
1020157017808,1020150093203,,거절,거절,구획화된 디젤 산화 촉매,우미코레 아게 운트 코 카게,5,"5. 제1항 내지 제4항 중의 하나 이상의 항에 있어서, 각각의 상기 제1 및 제2 촉매 활성 구획들 내의 상기 귀금속 부하량이 10g/ft3(0.35315g/L) 내지 220g/ft3(7.76923g/L)임을 특징으로 하는, 디젤 산화 촉매.",136,True,False,explicit_or_regex_estimated
1020157017808,1020150093203,,거절,거절,구획화된 디젤 산화 촉매,우미코레 아게 운트 코 카게,6,"6. 제1항 내지 제5항 중의 하나 이상의 항에 있어서, 각각의 상기 제1 및 제2 촉매 활성 구획들 내의 상기 귀금속 부하량이 15g/ft3(0.52972g/L) 내지 70g/ft3(2.47203g/L)임을 특징으로 하는, 디젤 산화 촉매.",135,True,False,explicit_or_regex_estimated
1020157017808,1020150093203,,거절,거절,구획화된 디젤 산화 촉매,우미코레 아게 운트 코 카게,7,"7. 제1항 내지 제6항 중의 하나 이상의 항에 있어서, 상기 제1 촉매 활성 구획이 상기 제2 촉매 활성 구획보다 1.2 내지 4배 많은 백금과 팔라듐을 함유함을 특징으로 하는, 디젤 산화 촉매.",110,True,False,explicit_or_regex_estimated
1020157017808,1020150093203,,거절,거절,구획화된 디젤 산화 촉매,우미코레 아게 운트 코 카게,8,"8. 제1항 내지 제7항 중의 하나 이상의 항에 있어서, 상기 디젤 산화 촉매가 10 내지 200g/ft3(0.35315 내지 7.063g/L), 10 내지 100g/ft3(0.35315 내지 3.5315g/L) 또는 15 내지 50g/ft3(0.52973 내지 1.76575g/L)의 절대(absolute) 귀금속 함량을 갖는 것을 특징으로 하는, 디젤 산화 촉매.",205,True,False,explicit_or_regex_estimated
1020157017808,1020150093203,,거절,거절,구획화된 디젤 산화 촉매,우미코레 아게 운트 코 카게,9,"9. 디젤 배기 가스의 처리 방법으로서,상기 디젤 배기 가스가 제1항 내지 제8항 중의 하나 이상의 항에 청구된 디젤 산화 촉매를 통과함을 특징으로 하는, 디젤 배기 가스의 처리 방법.",103,True,False,explicit_or_regex_estimated
1020157017808,1020150093203,,거절,거절,구획화된 디젤 산화 촉매,우미코레 아게 운트 코 카게,10,"10. 제1항 내지 제8항 중의 어느 한 항에 청구된 디젤 산화 촉매를 포함하는, 디젤 엔진의 배기 가스를 정화시키기 위한 장치.",72,True,False,explicit_or_regex_estimated
1020157017808,1020150093203,,거절,거절,구획화된 디젤 산화 촉매,우미코레 아게 운트 코 카게,11,"11. 제10항에 있어서, 제1항 내지 제8항 중의 어느 한 항에 청구된 디젤 산화 촉매가, 디젤 미립자 필터 및/또는 질소 산화물들의 선택적 촉매 환원을 위한 촉매의 상류에 연결되어 있는 것임을 특징으로 하는, 장치.",122,True,False,explicit_or_regex_estimated
1020167007076,1020160045787,1023175900000,소멸,소멸,알킬인듐 화합물의 제조 방법 및 이의 용도,우미코레 아게 운트 코 카게,1,"1. 화학식 R2InR'의 화합물(C)를 제조하는 방법으로서,a1) 인듐 공여체를 알킬 공여체와 반응시켜 화학식 R2InCl의 화합물(A)을 형성하는 단계로서, 알킬 공여체는 알킬알루미늄세스퀴클로라이드(R3Al2Cl3)이고, 인듐 공여체는 인듐트리클로라이드(InCl3)인 단계, a2) 경우에 따라 반응 혼합물로부터 화합물(A)을 단리하는 단계, 및 c) 화합물(A)를 알킬화제와 반응시켜 화합물(C)를 형성하는 단계의 반응 단계들을 포함하며; 여기서 R은 1 내지 4개의 탄소 원자를 가진 알킬 라디칼이고, R은 분지쇄 또는 비분지쇄를 포함하며, R'는 분지쇄, 비분지쇄, 치환된 또는 비치환된 알킬, 치환된 또는 비치환된 아릴로 이루어진 군에서 선택되는 친핵성 라디칼인 제조 방법.",383,False,True,explicit_or_regex_estimated
1020167007076,1020160045787,1023175900000,소멸,소멸,알킬인듐 화합물의 제조 방법 및 이의 용도,우미코레 아게 운트 코 카게,2,"2. 제1항에 있어서, R이 메틸 또는 에틸인 제조 방법.",32,True,False,explicit_or_regex_estimated
1020167007076,1020160045787,1023175900000,소멸,소멸,알킬인듐 화합물의 제조 방법 및 이의 용도,우미코레 아게 운트 코 카게,3,"3. 제1항 또는 제2항에 있어서, 보조 염기가 반응 단계 a1)에 또한 첨가되고, 보조 염기는 주기율표의 1족, 2족 또는 13족(IA족, IIA족 또는 IIIA족)의 금속의 할라이드 1종 이상을 포함하는 것인 제조 방법.",125,True,False,explicit_or_regex_estimated
1020167007076,1020160045787,1023175900000,소멸,소멸,알킬인듐 화합물의 제조 방법 및 이의 용도,우미코레 아게 운트 코 카게,4,"4. 제3항에 있어서, 보조 염기가 염화나트륨, 염화칼륨, 염화알루미늄 또는 이의 혼합물을 포함하는 것인 제조 방법.",65,True,False,explicit_or_regex_estimated
1020167007076,1020160045787,1023175900000,소멸,소멸,알킬인듐 화합물의 제조 방법 및 이의 용도,우미코레 아게 운트 코 카게,5,"5. 제3항에 있어서, 보조 염기가 염화나트륨과 염화칼륨의 혼합물이고, 염화나트륨 대 염화칼륨의 몰비가 6:3 내지 8:3인 제조 방법.",76,True,False,explicit_or_regex_estimated
1020167007076,1020160045787,1023175900000,소멸,소멸,알킬인듐 화합물의 제조 방법 및 이의 용도,우미코레 아게 운트 코 카게,6,"6. 제3항에 있어서, 보조 염기가 염화알루미늄, 염화나트륨 및 염화칼륨의 혼합물이고, 염화알루미늄 대 염화나트륨 대 염화칼륨의 몰비가 45-55 : 30-40 : 10-20인 제조 방법.",105,True,False,explicit_or_regex_estimated
1020167007076,1020160045787,1023175900000,소멸,소멸,알킬인듐 화합물의 제조 방법 및 이의 용도,우미코레 아게 운트 코 카게,7,"7. 제3항에 있어서, 반응 단계 a1)에서 인듐 공여체 1 당량 당 0.8 내지 2.5 당량의 보조 염기가 사용되는 것인 제조 방법.",75,True,False,explicit_or_regex_estimated
1020167007076,1020160045787,1023175900000,소멸,소멸,알킬인듐 화합물의 제조 방법 및 이의 용도,우미코레 아게 운트 코 카게,8,"8. 제1항 또는 제2항에 있어서, 반응 단계 a1)에서 인듐 공여체 1 당량 당 0.6 내지 2 당량의 알킬 공여체가 사용되는 것인 제조 방법.",81,True,False,explicit_or_regex_estimated
1020167007076,1020160045787,1023175900000,소멸,소멸,알킬인듐 화합물의 제조 방법 및 이의 용도,우미코레 아게 운트 코 카게,9,"9. 제1항 또는 제2항에 있어서, 방법은 단계 a2)로서 화합물(A)의 단리를 포함하고, 단리는 반응 용기에 존재하는 반응 혼합물로부터 휘발성 성분의 분리 및 반응 혼합물로부터 화합물(A)의 승화를 포함하는 것인 제조 방법.",126,True,False,explicit_or_regex_estimated
1020167007076,1020160045787,1023175900000,소멸,소멸,알킬인듐 화합물의 제조 방법 및 이의 용도,우미코레 아게 운트 코 카게,10,"10. 화학식 R3In의 트리알킬인듐을 제조하는 방법으로서, 하기 반응 단계들:- 화학식 R2InCl의 디알킬인듐클로라이드, 화합물(A)을 제조하는 단계;b1) 화합물(A)을 알킬리튬과 반응시켜 리튬테트라알킬인데이트(LiInR4)를 형성하고, 반응 혼합물로부터 LiInR4를 단리하는 단계, 및b2) LiInR4를 염화인듐 성분과 반응시켜 화학식 R3In의 화합물(B)을 수득하는 단계를 포함하고, 여기서 R은 제1항에서 정의된 바와 같은 것인 제조 방법.",255,False,True,explicit_or_regex_estimated
1020167007076,1020160045787,1023175900000,소멸,소멸,알킬인듐 화합물의 제조 방법 및 이의 용도,우미코레 아게 운트 코 카게,11,"11. 제10항에 있어서, 염화인듐 성분은 하기 화학식을 갖는 것인 제조 방법:RaInbClc상기 식에서 a는 0, 1, 2 및 3에서 선택되는 수이고, b는 1과 2에서 선택되는 수이며, c는 1, 2 및 3에서 선택되는 수이고, a + b + c = 4이거나 4의 배수이며, R은 제1항에서 정의된 바와 같다.",175,True,False,explicit_or_regex_estimated
1020167007076,1020160045787,1023175900000,소멸,소멸,알킬인듐 화합물의 제조 방법 및 이의 용도,우미코레 아게 운트 코 카게,12,"12. 제10항에 있어서, 염화인듐 성분은 R2InCl, R3In2Cl3, RInCl2, 및 InCl3에서 선택되는 것인 제조 방법.",74,True,False,explicit_or_regex_estimated
1020167007076,1020160045787,1023175900000,소멸,소멸,알킬인듐 화합물의 제조 방법 및 이의 용도,우미코레 아게 운트 코 카게,14,"14. 제1항에 있어서, 알킬화제는 R'MgX, R'Li 및 R'3Al에서 선택되는 것인 제조 방법.",56,True,False,explicit_or_regex_estimated
1020167007076,1020160045787,1023175900000,소멸,소멸,알킬인듐 화합물의 제조 방법 및 이의 용도,우미코레 아게 운트 코 카게,15,"15. 제1항에 있어서, R이 메틸이고, R'가 Me2N-(CH2)3- 라디칼인 제조 방법.",51,True,False,explicit_or_regex_estimated
1020167007076,1020160045787,1023175900000,소멸,소멸,알킬인듐 화합물의 제조 방법 및 이의 용도,우미코레 아게 운트 코 카게,16,"16. - 제10항의 방법에 따른 화합물(B)을 제공하는 단계;- 금속 유기 화학 증착(MOCVD) 또는 금속 유기 기상 에피택시(MOVPE) 방법에 화합물(B)을 이용하는 단계를 포함하는, 금속 유기 화학 증착(MOCVD) 또는 금속 유기 기상 에피택시(MOVPE) 방법.",153,False,True,explicit_or_regex_estimated
1020167007076,1020160045787,1023175900000,소멸,소멸,알킬인듐 화합물의 제조 방법 및 이의 용도,우미코레 아게 운트 코 카게,17,"17. - 제1항의 방법에 따른 화합물(C)을 제공하는 단계;- 금속 유기 화학 증착(MOCVD) 또는 금속 유기 기상 에피택시(MOVPE) 방법에 화합물(C)을 이용하는 단계를 포함하는, 금속 유기 화학 증착(MOCVD) 또는 금속 유기 기상 에피택시(MOVPE) 방법.",152,False,True,explicit_or_regex_estimated
1020167034187,1020170016846,1023266320000,소멸,소멸,기재를 코팅하기 위한 장치,우미코레 아게 운트 코 카게,1,"1. 원통형 지지체들이며 각각 2개의 단부면들, 원주면 및 축방향 길이(L)를 가지며 다수의 채널들에 의해 제1 단부면으로부터 제2 단부면으로 횡단되는 배기가스 정화 촉매들의 제조를 위한 기재(121)들을 액체 코팅 슬러리(113)로 코팅하기 위해 제공되는 장치로서,상기 장치는 코팅 챔버(100)를 포함하되, 상기 코팅 챔버(100)는 상부로부터 상기 기재(121)를 수용하고 상기 코팅 챔버(100)에 액밀성 방식으로 상기 기재를 부착하도록 디자인되고, 추가로, 아래로부터 상기 코팅 슬러리(113)를 수용할 수 있으며;상기 코팅 챔버(100)는 변수를 측정하는 것에 의해 상기 코팅 챔버(100) 내에서 상기 코팅 슬러리의 높이를 체크하는 디바이스를 추가로 포함하며;상기 디바이스는 상기 코팅 챔버(100)에서 동일 높이에 설치되는 적어도 제1 및 제2 센서들(123, 125)에 대하여 상기 코팅 챔버에 있는 하부 위치에 하부 센서(124)를 가지며;상기 디바이스는:상기 하부 센서 및 상기 적어도 제1 및 제2 센서들을 통하여 각기 상기 변수를 측정할 수 있으며, 측정된 변수들을 서로 비교하는 장치.",565,False,True,explicit_or_regex_estimated
1020167034187,1020170016846,1023266320000,소멸,소멸,기재를 코팅하기 위한 장치,우미코레 아게 운트 코 카게,2,"2. 제1항에 있어서, 상기 적어도 제1 및 제2 센서들(123, 125)은 상기 코팅 챔버(100) 주위에서 서로에 대해 최대 거리에 위치되는 장치.",84,True,False,explicit_or_regex_estimated
1020167034187,1020170016846,1023266320000,소멸,소멸,기재를 코팅하기 위한 장치,우미코레 아게 운트 코 카게,3,"3. 제1항에 있어서, 상기 변수는 전기 변수이며, 전류, 캐패시티(capacity), 및 주파수로 이루어진 그룹으로부터 선택될 수 있는 장치.",80,True,False,explicit_or_regex_estimated
1020167034187,1020170016846,1023266320000,소멸,소멸,기재를 코팅하기 위한 장치,우미코레 아게 운트 코 카게,4,"4. 제1항 내지 제3항 중 어느 한 항에 있어서, 상기 디바이스는 상기 변수들 사이의 지연이 사전 정의된 값 아래이면 통지를 하는 장치.",77,True,False,explicit_or_regex_estimated
1020167034187,1020170016846,1023266320000,소멸,소멸,기재를 코팅하기 위한 장치,우미코레 아게 운트 코 카게,5,"5. 제1항에 있어서, 상기 기재(121)는 월-플로우 필터(wall-flow filter) 또는 플로우-스루 모놀리스(flow-through-monolith)인 장치.",94,True,False,explicit_or_regex_estimated
1020167034187,1020170016846,1023266320000,소멸,소멸,기재를 코팅하기 위한 장치,우미코레 아게 운트 코 카게,6,"6. 배기가스 정화 촉매의 제조를 위하여 기재를 코팅하기 위한 제1항에 따른 장치(122)를 사용하기 위한 방법으로서,- 2개의 단부면들, 원주면 및 축방향 길이(L)를 가지는 원통형 지지체(121)로서, 다수의 채널들에 의해 제1 단부면으로부터 제2 단부면으로 횡단되는, 상기 원통형 지지체를 상부로부터 상기 장치(122)에 종속시키는 단계;- 액밀성 방식으로 상기 장치(122)에 상기 지지체(121)를 부착하는 단계;- 센서(123, 124, 125)들을 통하여 변수를 측정하는 동안 코팅 챔버(100) 내로 코팅 슬러리(113)를 아래로부터 펌핑하는 단계;- 코팅 작업을 추가로 진행하기 위한 조건들이 부합하거나 부합하지 않으면 신호를 보내는 단계를 포함하는 방법.",376,False,True,explicit_or_regex_estimated
1020177019121,1020170096137,,취하,취하,촉매 제조시 누출 탐지 공정,우미코레 아게 운트 코 카게,1,"1. 자동차 배기가스 촉매의 제조에 사용되는 디바이스(122)에서의 누출 탐지 공정으로서, 상기 디바이스(122)는 코팅 챔버(127)를 포함하며, 이때 워시코트(130)의 높이를 측정하기 위한 적어도 2개의 센서(123, 126)가 코팅 챔버(127) 내에 상이한 수준으로 위치하고 제어 유닛(125)에 연결되어 있으며, 상기 공정이a) 워시코트(113)를, 코팅 챔버(127) 내로, 하부 센서(126)와 상부 센서(123) 사이의 고정 수준(130)까지 도입하는 단계;b) 적어도 5초를 대기하는 단계; 및c) 제어 유닛(125)이 워시코트 수준(130)이 계속 증가하여 상부 센서(123)에 닿는다는 신호를 보내거나 또는 하부 센서(126)와의 접촉이 상실되는 경우 신호를 보내는지에 대해 분석하는 단계를 포함하는, 공정.",408,False,True,explicit_or_regex_estimated
1020177019121,1020170096137,,취하,취하,촉매 제조시 누출 탐지 공정,우미코레 아게 운트 코 카게,2,"2. 제1항에 있어서, 대기 시간이 5초 이상이고 30초 이하임을 특징으로 하는, 공정.",49,True,False,explicit_or_regex_estimated
1020177019121,1020170096137,,취하,취하,촉매 제조시 누출 탐지 공정,우미코레 아게 운트 코 카게,3,"3. 제1항에 있어서, 전도도 센서가 사용됨을 특징으로 하는, 공정.",38,True,False,explicit_or_regex_estimated
1020177019121,1020170096137,,취하,취하,촉매 제조시 누출 탐지 공정,우미코레 아게 운트 코 카게,4,"4. 제1항에 있어서, 적어도 2개의 센서(123 및 126)가 코팅 챔버(127) 내에 20 내지 1mm의 거리 수준으로 위치함을 특징으로 하는, 공정.",86,True,False,explicit_or_regex_estimated
1020177019121,1020170096137,,취하,취하,촉매 제조시 누출 탐지 공정,우미코레 아게 운트 코 카게,5,"5. 제1항에 있어서, 상기 공정이 구역 코팅 모놀리스(zone coating monolith)를 위한 신규한 조작이 개시되기 전에 수행됨을 특징으로 하는, 공정.",91,True,False,explicit_or_regex_estimated
1020187009571,1020180071257,1022013490000,등록,등록,우선 성장 배향을 갖는 전기도금 구리층의 제조 방법,"우미코레 쑤저우 세미컨덕터 머티리얼즈 캄파니, 리미티드",1,"1. 120 내지 200 g/ℓ의 황산구리, 50 내지 150 g/ℓ의 황산, 100 내지 1,000 ppm의 습윤제, 5 내지 50 ppm의 광택제, 40 내지 100 ppm의 비-염료 평탄제 및 물을 포함하는 전기도금액을 제공하고;0.03 중량%의 인을 포함하는 인 구리 애노드를 제공하고;1-18 A/dm2의 전류 밀도에서 전기도금을 실시하고; 그리고기계적 교반을 가하여 전기도금액의 균일한 농도 분포를 보장하고, 물질 전달을 증가시키는 것을 포함하며,상기 습윤제가 폴리에틸렌 글리콜, 폴리에틸렌이민, 2-머캅토에탄올, 폴리프로필렌 에테르 또는 폴리 N,N'-디에틸사프라닌이고,상기 광택제가 하기 화학식 II를 갖는 오르가노술페이트이며,003c#화학식 II003e#상기 화학식 II에서, X는 O 또는 S이며; n은 1 내지 6이며; M은 수소, 알칼리 금속 또는 암모늄이며; R1은 1 내지 8개의 탄소 원자의 알킬렌, 시클릭 알킬렌 기, 또는 6 내지 12개의 탄소 원자의 방향족 탄화수소이며; 그리고 R2는 MO3SR1이고,상기 비-염료 평탄제가 , , 또는 인, 우선 성장 배향을 갖는 전기도금 구리층의 제조 방법.",575,False,True,explicit_or_regex_estimated
1020187009571,1020180071257,1022013490000,등록,등록,우선 성장 배향을 갖는 전기도금 구리층의 제조 방법,"우미코레 쑤저우 세미컨덕터 머티리얼즈 캄파니, 리미티드",2,"2. 제1항에 있어서, 상기 오르가노술페이트가 소듐 라우릴 술페이트, 디소듐 3,3-디티오비스프로판-술포네이트 또는 3,3'-디티오비스프로판술폰산인 방법.",86,True,False,explicit_or_regex_estimated
1020187009571,1020180071257,1022013490000,등록,등록,우선 성장 배향을 갖는 전기도금 구리층의 제조 방법,"우미코레 쑤저우 세미컨덕터 머티리얼즈 캄파니, 리미티드",3,"3. 웨이퍼 기판,접착층,구리 씨드층 및전기도금된 구리층을 포함하며,상기 전기도금 구리층이 Z-축 우선 성장 배향으로 대나무형 결정 구조를 포함하며, 상기 대나무형 결정 구조가 X-축 방향에서보다 Z-축 방향에서 더 큰 결정 크기 및 더 적은 결정 경계를 포함하는, 제1항의 방법에 의하여 생성된 Z-축 우선 성장 배향을 갖는 구리층.",187,False,True,explicit_or_regex_estimated
1020187009571,1020180071257,1022013490000,등록,등록,우선 성장 배향을 갖는 전기도금 구리층의 제조 방법,"우미코레 쑤저우 세미컨덕터 머티리얼즈 캄파니, 리미티드",4,"4. 제3항에 있어서, 상기 웨이퍼 기판이 규소 또는 규소 게르마늄 반도체 기판, 칩 또는 디바이스이며, 상기 접착층이 티타늄층인 구리층.",77,True,False,explicit_or_regex_estimated
1020190060781,,1021559630000,등록,등록,금형 테스트 및 유지보수용 금형 개폐기,주식회사 미코명진|한국알프스(주),1,"1. 서로 마주보는 전면에 성형면(3,4)이 형성된 한 쌍의 금형(1,2)의 형합 및 개폐를 테스트하거나 유지보수를 하기 위한 금형 개폐기에 있어서, 전후로 연장된 메인프레임(10); 및 상기 메인프레임(10)의 상면에 전후로 각각 설치되며 전후 이동 및 수평회전되는 가동 및 수평터닝유닛(20)과 수직회전되는 수직터닝유닛(70);을 포함하며, 상기 가동 및 수평터닝유닛(20)은 상기 메인프레임(10)의 상면에 전후 또는 좌우로 연장된 가이드레일(30)과, 이 가이드레일(30)을 따라 전후 또는 좌우로 이동되는 가동체(40)와, 이 가동체(40)에 좌우 또는 전후로 이동가능하게 설치되며 수직회전축(51)이 구비된 가동플레이트(50)와, 이 가동플레이트(50)의 수직회전축(51)에 수평회전가능하게 결합되며 상면에는 일측 금형(1)의 성형면(3)이 타측 금형(2)의 성형면(4)과 마주보도록 올려지는 수평터닝플레이트(60)를 포함하고, 상기 수직터닝유닛(70)은 상면에 타측 금형(2)의 성형면(4)이 가동 및 수평터닝유닛(20)에 올려진 일측 금형(1)의 성형면(3)과 마주보게 올려지도록 수평배치된 제1판(81)과 이 제1판(81)의 일단에서 일체로 직각으로 돌출되되 상기 타측 금형(2)의 배면을 따라 연장된 제2판(82)으로 이루어진 직각터닝플레이트(80)와, 이 직각터닝플레이트(80)를 제1판(81)이 수직배치되고 제2판(82)이 수평배치되도록 회동시키는 회동기구(90)를 포함하는 것을 특징으로 하는 금형의 테스트 및 유지보수용 금형 개폐기.",760,False,True,explicit_or_regex_estimated
1020190060781,,1021559630000,등록,등록,금형 테스트 및 유지보수용 금형 개폐기,주식회사 미코명진|한국알프스(주),2,"2. 제1항에 있어서, 상기 수직터닝유닛(70)의 회동기구(90)는 메인프레임(10)에 설치되어 모터(91)에 의해 구동되는 주동기어(92)와, 상기 직각터닝플레이트(80)의 배면을 따라 연장되되 단부가 원호형상으로 이루어져서 주동기어(92)와 치합되는 원호형 종동기어(93)를 포함하며, 상기 직각터닝플레이트(80)의 배면을 따라 연장되되 단부가 원호형상으로 이루어진 복수개의 터닝가이더(100)와, 상기 메인프레임(10)에 설치되어 상기 터닝가이더(100)를 지지하는 지지롤러(101)를 더 포함하는 것을 특징으로 하는 금형의 테스트 및 유지보수용 금형 개폐기.",316,True,False,explicit_or_regex_estimated
1020190060781,,1021559630000,등록,등록,금형 테스트 및 유지보수용 금형 개폐기,주식회사 미코명진|한국알프스(주),3,"3. 제1항 또는 제2항에 있어서, 상기 가동 및 수평터닝유닛(20)의 가동체(40)에는 전후 또는 좌우로 연장된 이송스크류(43)가 레버(44)의 조작에 의해 회전가능하게 설치되고, 상기 가동플레이트(50)에는 이송스크류(43)에 나사결합되는 너트체(53)가 구비된 것을 특징으로 하는 금형의 테스트 및 유지보수용 금형 개폐기.",184,True,False,explicit_or_regex_estimated
1020190094843,1020210016724,,거절,거절,물 리사이클링이 가능한 연료전지용 물탱크 및 이를 구비하는 연료전지 시스템,주식회사 미코파워,1,"1. 바닥부, 상기 바닥부의 가장자리 부분으로부터 상부로 연장되어 상기 바닥부와 함께 상부로 개구된 상기 내부공간을 형성하는 측벽부 및 상기 측벽부의 상부 단부로부터 연장되고 상기 내부공간의 상부를 덮는 덮개부를 구비하는 몸체부; 상기 바닥부로부터 제1 높이까지 연장되어 상기 내부공간을 응축수 수용 공간 및 공급수 수용 공간으로 분할하는 내부 격벽을 포함하는 챔버 구조체;상기 덮개부를 관통하도록 중력 방향으로 연장되고 상기 응축수 수용 공간 내에 배치되는 제1 단부 및 상기 내부공간 외부에 배치되는 제2 단부를 구비하는 제1 배관부 및 상기 내부공간 외부에서 상기 제1 배관부에 연결되고 수증기를 포함하는 배기가스를 수용하는 제2 배관부를 구비하는 오프 가스 수용 배관;상기 제1 배관부의 제2 단부에 결합된 기수 분리기;상기 내부 격벽과 상기 제1 배관부 사이에 대응되는 상기 덮개부 부분으로부터 상기 응축수 수용 공간에 수용된 물의 내부까지 연장되어 상기 응축수 수용 공간에 수용된 물의 상부 공간을 통해 기체가 상기 응축수 수용 공간으로부터 상기 공급수 수용 공간으로 이동하는 것을 방지하는 기체 격막; 및상기 덮개부 부분을 관통하고 상기 공급수 수용 공간에 수용된 물을 기화기에 공급하는 기화기 연결 배관을 포함하는, 연료전지용 물탱크.",643,False,True,explicit_or_regex_estimated
1020190094843,1020210016724,,거절,거절,물 리사이클링이 가능한 연료전지용 물탱크 및 이를 구비하는 연료전지 시스템,주식회사 미코파워,2,"2. 제1항에 있어서,상기 챔버 구조체는, 상기 응축수 수용 공간을 형성하는 상기 몸체부 부분에 결합되고, 상기 응축수 수용 공간에 외부 물공급원에 의해 제공되는 보충수를 공급할 수 있는 보충수 공급 포트; 및 상기 공급수 수용 공간을 형성하는 상기 몸체부 부분에 결합되고, 상기 공급수 수용 공간의 수위가 기설정된 수위 이상이 되는 경우에 상기 공급수 수용 공간으로부터 물을 배출하는 수위 조절 포트를 더 포함하는 것을 특징으로 하는, 연료전지용 물탱크.",255,True,False,explicit_or_regex_estimated
1020190094843,1020210016724,,거절,거절,물 리사이클링이 가능한 연료전지용 물탱크 및 이를 구비하는 연료전지 시스템,주식회사 미코파워,3,"3. 제1항에 있어서, 상기 기수 분리기 상부 또는 상기 제1 배관부의 제1 단부에 결합된 필터 부재를 더 포함하는 것을 특징으로 하는, 연료전지용 물탱크.",87,True,False,explicit_or_regex_estimated
1020190094843,1020210016724,,거절,거절,물 리사이클링이 가능한 연료전지용 물탱크 및 이를 구비하는 연료전지 시스템,주식회사 미코파워,4,"4. 제3항에 있어서, 상기 필터 부재는 금속 메쉬 구조체 및 상기 금속 메쉬 구조체에 결합된 부직포 필터를 포함하는 것을 특징으로 하는, 연료전지용 물탱크.",88,True,False,explicit_or_regex_estimated
1020190094843,1020210016724,,거절,거절,물 리사이클링이 가능한 연료전지용 물탱크 및 이를 구비하는 연료전지 시스템,주식회사 미코파워,5,"5. 제2항에 있어서, 상기 응축수 수용 공간에 수용된 물의 수위를 측정하는 제1 수위 센서; 및상기 공급수 수용 공간에 수용된 물의 수위를 측정하는 제2 수위 센서를 더 포함하는 것을 특징으로 하는, 연료전지용 물탱크.",123,True,False,explicit_or_regex_estimated
1020190094843,1020210016724,,거절,거절,물 리사이클링이 가능한 연료전지용 물탱크 및 이를 구비하는 연료전지 시스템,주식회사 미코파워,6,"6. 제5항에 있어서, 상기 보충수 공급 포트에 설치된 보충수 공급 조절 밸브를 더 포함하고,상기 제1 수위 센서에 의해 측정된 수위가 기설정된 제1 수위보다 낮아지는 경우 또는 상기 제2 수위 센서에 의해 측정된 수위가 기설정된 제2 수위보다 낮아지는 경우, 상기 보충수 공급 조절 밸브는 상기 제1 수위 센서의 신호를 기초로 상기 응축수 수용 공간에 물이 공급되도록 동작하는 것을 특징으로 하는, 연료전지용 물탱크.",234,True,False,explicit_or_regex_estimated
1020190094843,1020210016724,,거절,거절,물 리사이클링이 가능한 연료전지용 물탱크 및 이를 구비하는 연료전지 시스템,주식회사 미코파워,7,"7. 제1항에 있어서, 상기 응축수 수용 공간에 수용된 물의 내부에서 서로 이격되게 배치된 캐소드 전극 및 애노드 전극을 더 포함하고,상기 제1 배관부의 제1 단부가 상기 응축수 수용 공간에 수용된 물의 내부에 배치된 것을 특징으로 하는, 연료전지용 물탱크.",144,True,False,explicit_or_regex_estimated
1020190094843,1020210016724,,거절,거절,물 리사이클링이 가능한 연료전지용 물탱크 및 이를 구비하는 연료전지 시스템,주식회사 미코파워,8,"8. 제7항에 있어서, 상기 챔버 구조체는 상기 응축수 공급 공간으로부터 물을 배출할 수 있는 배출 포트를 더 포함하는 것을 특징으로 하는, 연료전지용 물탱크.",89,True,False,explicit_or_regex_estimated
1020190094843,1020210016724,,거절,거절,물 리사이클링이 가능한 연료전지용 물탱크 및 이를 구비하는 연료전지 시스템,주식회사 미코파워,9,"9. 제8항에 있어서, 상기 애노드 전극에서는 전자를 생성하는 산화반응이 일어나고, 상기 캐소드 전극에서는 상기 전자를 이용하여 수소 이온을 환원시키는 반응이 일어나는 것을 특징으로 하는, 연료전지용 물탱크.",116,True,False,explicit_or_regex_estimated
1020190094843,1020210016724,,거절,거절,물 리사이클링이 가능한 연료전지용 물탱크 및 이를 구비하는 연료전지 시스템,주식회사 미코파워,10,"10. 제1항에 있어서, 상기 덮개부는 상기 내부공간을 개폐 가능하게 상기 측벽부에 결합된 것을 특징으로 하는, 연료전지용 물탱크.",73,True,False,explicit_or_regex_estimated
1020190094843,1020210016724,,거절,거절,물 리사이클링이 가능한 연료전지용 물탱크 및 이를 구비하는 연료전지 시스템,주식회사 미코파워,11,"11. 제10항에 있어서, 상기 덮개부는 상기 측벽부로부터 분리 가능하도록 상기 측벽부에 결합된 것을 특징으로 하는, 연료전지용 물탱크.",76,True,False,explicit_or_regex_estimated
1020190094843,1020210016724,,거절,거절,물 리사이클링이 가능한 연료전지용 물탱크 및 이를 구비하는 연료전지 시스템,주식회사 미코파워,12,"12. 연료전지 스택;상기 연료전지 스택으로부터 배출된 배기가스로부터 물을 포집하여 저장하는 물탱크;상기 물탱크로부터 공급받은 물을 수증기로 변환시키는 기화기; 및상기 기화기로부터 공급된 수증기를 이용하여 탄화수소 연료를 개질하고, 개질된 연료를 상기 연료전지 스택에 공급하는 개질기를 포함하고,상기 물탱크는,바닥부, 상기 바닥부의 가장자리 부분으로부터 상부로 연장되어 상기 바닥부와 함께 상부로 개구된 상기 내부공간을 형성하는 측벽부 및 상기 측벽부의 상부 단부로부터 연장되고 상기 내부공간의 상부를 덮는 덮개부를 구비하는 몸체부; 상기 바닥부로부터 제1 높이까지 연장되어 상기 내부공간을 응축수 수용 공간 및 공급수 수용 공간으로 분할하는 내부 격벽을 포함하는 챔버 구조체;상기 덮개부를 관통하도록 중력 방향으로 연장되고 상기 내부공간 내에 배치되는 제1 단부 및 상기 내부공간 외부에 배치되는 제2 단부를 구비하는 제1 배관부 및 상기 내부공간 외부에서 상기 제1 배관부에 연결되고 상기 배기가스를 수용하는 제2 배관부를 구비하는 오프 가스 수용 배관;상기 제1 배관부의 제2 단부에 결합된 기수 분리기;상기 내부 격벽과 상기 제1 배관부 사이에 대응되는 상기 덮개부 부분으로부터 상기 응축수 수용 공간에 수용된 물의 내부까지 연장되어 상기 응축수 수용 공간에 수용된 물의 상부 공간을 통해 기체가 상기 응축수 수용 공간으로부터 상기 공급수 수용 공간으로 이동하는 것을 방지하는 기체 격막; 및상기 덮개부 부분을 관통하고 상기 공급수 수용 공간에 수용된 물을 상기 기화기에 공급하는 기화기 연결 배관을 포함하는 것을 특징으로 하는, 연료전지 시스템.",814,False,True,explicit_or_regex_estimated
1020190094843,1020210016724,,거절,거절,물 리사이클링이 가능한 연료전지용 물탱크 및 이를 구비하는 연료전지 시스템,주식회사 미코파워,13,"13. 제12항에 있어서, 상기 연료전지 스택으로부터 배출된 애노드 배기 가스와 캐소드 배기가스를 연소시켜 고온 배기가스를 생성하는 버너를 더 포함하고,상기 제2 배관부에는 상기 버너에서 생성된 배기가스가 공급되는 것을 특징으로 하는, 연료전지 시스템.",141,True,False,explicit_or_regex_estimated
1020190094843,1020210016724,,거절,거절,물 리사이클링이 가능한 연료전지용 물탱크 및 이를 구비하는 연료전지 시스템,주식회사 미코파워,14,"14. 제13항에 있어서, 외부 공기 공급원에서 공급된 공기를 상기 버너에서 생성된 고온 배기가스를 이용하여 가열하는 열교환기를 더 포함하고,상기 제2 배관부에는 상기 열교환기에서 열교환된 배기가스가 공급되는 것을 특징으로 하는, 연료전지 시스템.",138,True,False,explicit_or_regex_estimated
1020190095376,1020210016929,1024728640000,등록,등록,정전척 히터 및 그 제조방법,주식회사 미코세라믹스,1,"1. 반도체 공정 모드에 따라 RF(Radio Frequency) 접지 기능 및 정전척(Electrostatic chuck) 기능 중 어느 하나를 선택적으로 수행하는 내부 전극 및 외부 전극을 구비하는 히터 몸체부; 및상기 히터 몸체부의 하부에 장착되어, 상기 히터 몸체부를 지지하는 히터 지지부를 포함하되,상기 히터 몸체부는, 전극층의 하부에 배치되어, 상기 외부 전극과 상기 히터 지지부에 설치된 로드(ROD) 간을 전기적으로 연결하는 외부전극 연결부재를 더 포함하고,상기 로드는, 바이폴라 기능 선택부와 상기 외부 전극을 전기적으로 연결하는 것을 특징으로 하는 정전척 히터.",324,False,True,explicit_or_regex_estimated
1020190095376,1020210016929,1024728640000,등록,등록,정전척 히터 및 그 제조방법,주식회사 미코세라믹스,2,"2. 제1항에 있어서,상기 외부 전극은 상기 내부 전극과 동일 평면 상에 형성되는 것을 특징으로 하는 정전척 히터.",64,True,False,explicit_or_regex_estimated
1020190095376,1020210016929,1024728640000,등록,등록,정전척 히터 및 그 제조방법,주식회사 미코세라믹스,3,"3. 제1항에 있어서,상기 외부 전극은 상기 내부 전극으로부터 일정 거리만큼 이격되어 배치되는 것을 특징으로 하는 정전척 히터.",71,True,False,explicit_or_regex_estimated
1020190095376,1020210016929,1024728640000,등록,등록,정전척 히터 및 그 제조방법,주식회사 미코세라믹스,4,"4. 제1항에 있어서,상기 외부 전극은 상기 내부 전극을 둘러싸도록 배치되는 것을 특징으로 하는 정전척 히터.",61,True,False,explicit_or_regex_estimated
1020190095376,1020210016929,1024728640000,등록,등록,정전척 히터 및 그 제조방법,주식회사 미코세라믹스,6,"6. 제1항에 있어서,상기 내부 전극, 외부 전극 및 외부전극 연결부재는 시트 타입(SHEET TYPE), 메쉬 타입(MESH TYPE) 및 페이스트 타입(PASTE TYPE) 중 어느 하나로 형성되는 것을 특징으로 하는 정전척 히터.",131,True,False,explicit_or_regex_estimated
1020190095376,1020210016929,1024728640000,등록,등록,정전척 히터 및 그 제조방법,주식회사 미코세라믹스,7,"7. 제1항에 있어서,상기 내부 전극, 외부 전극 및 외부전극 연결부재는 전기 전도성이 우수한 몰리브덴(Mo)으로 형성되는 것을 특징으로 하는 정전척 히터.",87,True,False,explicit_or_regex_estimated
1020190095376,1020210016929,1024728640000,등록,등록,정전척 히터 및 그 제조방법,주식회사 미코세라믹스,8,"8. 제1항에 있어서,상기 바이폴라 기능 선택부는, 상기 히터 몸체부에 매립된 내부 전극 및 외부 전극과 전기적으로 연결되어, 상기 내부 전극 및 외부 전극의 기능을 선택하는 것을 특징으로 하는 정전척 히터.",116,True,False,explicit_or_regex_estimated
1020190095376,1020210016929,1024728640000,등록,등록,정전척 히터 및 그 제조방법,주식회사 미코세라믹스,9,"9. 제8항에 있어서,상기 바이폴라 기능 선택부는 상기 내부 전극의 기능을 선택하는 내부전극 기능 선택부와 상기 외부 전극의 기능을 선택하는 외부전극 기능 선택부를 포함하는 것을 특징으로 하는 정전척 히터.",115,True,False,explicit_or_regex_estimated
1020190095376,1020210016929,1024728640000,등록,등록,정전척 히터 및 그 제조방법,주식회사 미코세라믹스,10,"10. 제9항에 있어서,상기 내부전극 기능 선택부는 제1 커패시터(C1), 제1 스위치(S1) 및 양의 DC 전압(V1)을 공급하는 제1 DC 전원부를 포함하고, 상기 외부전극 기능 선택부는 제2 커패시터(C2), 제2 스위치(S2) 및 음의 DC 전압(V2)을 공급하는 제2 DC 전원부를 포함하는 것을 특징으로 하는 정전척 히터.",186,True,False,explicit_or_regex_estimated
1020190095376,1020210016929,1024728640000,등록,등록,정전척 히터 및 그 제조방법,주식회사 미코세라믹스,11,"11. 제1 세라믹 분말을 성형 몰드에 충전하여 제1 세라믹 분말층을 형성하는 단계;내부 전극, 상기 내부 전극과 동일 평면 상에서 일정 거리만큼 이격된 외부 전극 및 상기 외부 전극과 접촉되는 외부전극 연결부재가 매설된 세라믹 성형체를 상기 제1 세라믹 분말층 상에 적층하는 단계;제2 세라믹 분말을 상기 세라믹 성형체의 상부에 충진하여 제2 세라믹 분말층을 형성하는 단계; 및상기 세라믹 성형체를 포함하는 세라믹 분말층 구조물을 미리 결정된 압력 및 온도로 소결하여 히터 몸체부를 성형하는 단계를 포함하되,상기 외부전극 연결부재는, 전극층의 하부에 배치되어, 상기 히터 몸체부의 가장자리 영역에 위치하는 외부 전극과 상기 히터 몸체부의 중앙 영역에 위치하는 로드(ROD) 간을 전기적으로 연결하고,상기 로드는, 바이폴라 기능 선택부와 상기 외부 전극을 전기적으로 연결하는 것을 특징으로 하는 정전척 히터 제조방법.",457,False,True,explicit_or_regex_estimated
1020190095376,1020210016929,1024728640000,등록,등록,정전척 히터 및 그 제조방법,주식회사 미코세라믹스,12,"12. 제11항에 있어서,상기 제2 세라믹 분말층의 상부에 발열체를 적층하는 단계; 및상기 발열체의 상부에 제3 세라믹 분말을 충진하여 제3 세라믹 분말층을 형성하는 단계를 더 포함하는 정전척 히터 제조방법.",116,True,False,explicit_or_regex_estimated
1020190095376,1020210016929,1024728640000,등록,등록,정전척 히터 및 그 제조방법,주식회사 미코세라믹스,13,"13. 제11항에 있어서, 상기 세라믹 성형체의 제조방법은,지그(jig)를 이용하여 세라믹 분말층의 상부에 미리 결정된 형상의 홈들을 형성하는 단계;상기 세라믹 분말층의 상부에 형성된 홈들에 제1 외부 전극을 삽입하고, 상기 제1 외부 전극의 상부에 세라믹 분말을 충진하는 단계; 및상기 제1 외부 전극이 매립된 세라믹 분말층을 압축 소결하여 세라믹 플레이트를 성형하는 단계를 포함하는 것을 특징으로 하는 정전척 히터 제조방법.",239,True,False,explicit_or_regex_estimated
1020190095376,1020210016929,1024728640000,등록,등록,정전척 히터 및 그 제조방법,주식회사 미코세라믹스,14,"14. 제13항에 있어서, 상기 세라믹 성형체의 제조방법은,상기 제1 외부 전극이 외부로 노출되도록, 상기 세라믹 플레이트의 양면을 가공하는 단계;상기 세라믹 플레이트의 상부면에 복수의 홈들을 형성하는 단계; 및상기 복수의 홈들에 내부 전극 및 제2 외부 전극을 삽입하는 단계를 더 포함하는 것을 특징으로 하는 정전척 히터 제조방법.",186,True,False,explicit_or_regex_estimated
1020190095376,1020210016929,1024728640000,등록,등록,정전척 히터 및 그 제조방법,주식회사 미코세라믹스,15,"15. 제14항에 있어서, 상기 제2 외부 전극은 상기 제1 외부 전극의 상부에 배치되며, 상기 제1 외부 전극과 결합되어 하나의 외부 전극을 형성하는 것을 특징으로 하는 정전척 히터 제조방법.",108,True,False,explicit_or_regex_estimated
1020190095376,1020210016929,1024728640000,등록,등록,정전척 히터 및 그 제조방법,주식회사 미코세라믹스,16,"16. 제14항에 있어서, 상기 세라믹 성형체의 제조방법은,스크린 프린터를 이용하여 상기 세라믹 플레이트의 하부면에 노출된 제1 외부 전극들 사이에 외부전극 연결부재를 형성하는 단계를 더 포함하는 것을 특징으로 하는 정전척 히터 제조방법.",133,True,False,explicit_or_regex_estimated
1020190114945,,1021947400000,등록,등록,7-ADCA 제조를 위한 데아세트옥시세팔로스포린 C의 고농도 생산 재조합 아크레모니움 크리소제눔 균주의 제조방법 및 이 방법으로 제조된 균주,아미코젠주식회사,1,1. (a) CPC (cephalosporin C) 고생산성 아크레모니움 크리소제눔 (Acremonium chrysogenum) 균주를 제조하는 단계;(b) 상기 균주의 CefEF 및 CefG 유전자를 결손시키는 단계; 및(c) 마이코박테리움 앱세서스(Mycobacterium abscessus)의 CefE 유전자 염기서열을 포함하는 발현벡터로 상기 (b) 단계의 균주를 형질전환 시키는 단계를 포함하는 DAOC(Deacetoxycephalosporin C) 고생산성 아크레모니움 크리소제눔 균주의 제조 방법.,285,False,True,explicit_or_regex_estimated
1020190114945,,1021947400000,등록,등록,7-ADCA 제조를 위한 데아세트옥시세팔로스포린 C의 고농도 생산 재조합 아크레모니움 크리소제눔 균주의 제조방법 및 이 방법으로 제조된 균주,아미코젠주식회사,2,"2. (a1) CPC (cephalosporin C) 고생산성 아크레모니움 크리소제눔 (Acremonium chrysogenum) 균주를 제조하는 단계;(b1) 상기 균주의 CefEF 및 CefG 유전자를 결손시키는 단계; (c1) 아미코래톱시스 락탐듀란스(Amycolatopsis lactamdurans), 고르도니아 루브리페르팅크타(Gordonia rubripertincta), 마이크로박테리움 하이드로카본옥시단스(Microbacterium hydrocarbonoxydans), 난노시스티스 엑세덴스(Nannocystis exedens), 수도모나스 실링게(Pseudomonas synringae), 스트렙토마이세스 클라불리제러스(Streptomyces clavuligerus) 및 스핑고모나스 독도넨시스(Sphingomonas dokdonensis)로 이루어진 군에서 선택된 1종 이상의 미생물, 및 마이코박테리움 앱세서스(Mycobacterium abscessus)의 CefE 유전자 염기서열을 포함하는 각각의 발현벡터로 상기 (b1) 단계의 균주를 형질전환 시키는 단계; 및(d1) 상기 형질전환된 각 균주를 원형질체 융합(protoplast fusion)시키는 단계를 포함하는 DAOC(Deacetoxycephalosporin C) 고생산성 아크레모니움 크리소제눔 균주의 제조 방법.",668,False,True,explicit_or_regex_estimated
1020190114945,,1021947400000,등록,등록,7-ADCA 제조를 위한 데아세트옥시세팔로스포린 C의 고농도 생산 재조합 아크레모니움 크리소제눔 균주의 제조방법 및 이 방법으로 제조된 균주,아미코젠주식회사,3,"3. 제1항에 있어서, 상기 마이코박테리움 앱세서스(Mycobacterium abscessus)의 CefE 유전자는 서열번호 3의 염기서열로 이루어진 것을 특징으로 하는 방법.",98,True,False,explicit_or_regex_estimated
1020190114945,,1021947400000,등록,등록,7-ADCA 제조를 위한 데아세트옥시세팔로스포린 C의 고농도 생산 재조합 아크레모니움 크리소제눔 균주의 제조방법 및 이 방법으로 제조된 균주,아미코젠주식회사,4,"4. 제2항에 있어서, 상기 CefE 유전자는 서열번호 1 내지 8로 이루어진 군에서 선택된 염기서열로 이루어진 것을 특징으로 하는 방법.",77,True,False,explicit_or_regex_estimated
1020190114945,,1021947400000,등록,등록,7-ADCA 제조를 위한 데아세트옥시세팔로스포린 C의 고농도 생산 재조합 아크레모니움 크리소제눔 균주의 제조방법 및 이 방법으로 제조된 균주,아미코젠주식회사,5,"5. 제1항 또는 제2항에 있어서, 상기 (a) 단계 또는 (a1) 단계의 CPC 고생산성 아크레모니움 크리소제눔 균주는 KCTC13079BP의 기탁번호를 가지는 균주인 것을 특징으로 하는 방법.",109,True,False,explicit_or_regex_estimated
1020190114945,,1021947400000,등록,등록,7-ADCA 제조를 위한 데아세트옥시세팔로스포린 C의 고농도 생산 재조합 아크레모니움 크리소제눔 균주의 제조방법 및 이 방법으로 제조된 균주,아미코젠주식회사,6,"6. 제1항 또는 제2항에 있어서, 상기 (b) 단계 또는 (b1) 단계의 CefEF 및 CefG 유전자가 결손된 CPC 고생산성 아크레모니움 크리소제눔 균주는 KCTC 13922BP의 기탁번호를 가지는 균주인 것을 특징으로 하는 방법.",132,True,False,explicit_or_regex_estimated
1020190114945,,1021947400000,등록,등록,7-ADCA 제조를 위한 데아세트옥시세팔로스포린 C의 고농도 생산 재조합 아크레모니움 크리소제눔 균주의 제조방법 및 이 방법으로 제조된 균주,아미코젠주식회사,7,"7. 제1항 또는 제2항에 있어서, 상기 (c) 단계 또는 (c1) 단계의 CefE는 서열번호 9 내지 13으로 이루어진 군에서 선택된 염기서열로 이루어진 프로모터(promoter)에 작동가능하게 연결된 것을 특징으로 하는 방법.",128,True,False,explicit_or_regex_estimated
1020190114945,,1021947400000,등록,등록,7-ADCA 제조를 위한 데아세트옥시세팔로스포린 C의 고농도 생산 재조합 아크레모니움 크리소제눔 균주의 제조방법 및 이 방법으로 제조된 균주,아미코젠주식회사,8,"8. 제1항에 있어서, 상기 발현벡터는 서열번호 16의 염기서열로 이루어진 것을 특징으로 하는 방법.",56,True,False,explicit_or_regex_estimated
1020190114945,,1021947400000,등록,등록,7-ADCA 제조를 위한 데아세트옥시세팔로스포린 C의 고농도 생산 재조합 아크레모니움 크리소제눔 균주의 제조방법 및 이 방법으로 제조된 균주,아미코젠주식회사,9,"9. 제2항에 있어서, 상기 발현벡터는 서열번호 14 내지 21로 이루어진 군에서 선택된 염기서열로 이루어진 것을 특징으로 하는 방법.",75,True,False,explicit_or_regex_estimated
1020190114945,,1021947400000,등록,등록,7-ADCA 제조를 위한 데아세트옥시세팔로스포린 C의 고농도 생산 재조합 아크레모니움 크리소제눔 균주의 제조방법 및 이 방법으로 제조된 균주,아미코젠주식회사,10,"10. 제1항 또는 제2항에 있어서, 상기 DAOC 고생산성 아크레모니움 크리소제눔 균주의 DAOC 생산능은 30g/L 이상인 것을 특징으로 하는 방법.",85,True,False,explicit_or_regex_estimated
1020190114945,,1021947400000,등록,등록,7-ADCA 제조를 위한 데아세트옥시세팔로스포린 C의 고농도 생산 재조합 아크레모니움 크리소제눔 균주의 제조방법 및 이 방법으로 제조된 균주,아미코젠주식회사,11,11. 제1항 또는 제2항의 방법에 따라 제조된 아크레모니움 크리소제눔 균주.,43,True,False,explicit_or_regex_estimated
1020190114945,,1021947400000,등록,등록,7-ADCA 제조를 위한 데아세트옥시세팔로스포린 C의 고농도 생산 재조합 아크레모니움 크리소제눔 균주의 제조방법 및 이 방법으로 제조된 균주,아미코젠주식회사,12,"12. 제11항에 있어서, 상기 균주의 DAOC 생산능은 30g/L 이상인 것을 특징으로 하는 균주.",56,True,False,explicit_or_regex_estimated
1020190114945,,1021947400000,등록,등록,7-ADCA 제조를 위한 데아세트옥시세팔로스포린 C의 고농도 생산 재조합 아크레모니움 크리소제눔 균주의 제조방법 및 이 방법으로 제조된 균주,아미코젠주식회사,13,13. (i) 제11항의 균주를 DAOC를 생산할 수 있는 조건에서 배양하는 단계; 및(ii) 상기 배지에서 DAOC를 회수하는 단계를 포함하는 DAOC의 생산방법.,92,False,True,explicit_or_regex_estimated
1020190114945,,1021947400000,등록,등록,7-ADCA 제조를 위한 데아세트옥시세팔로스포린 C의 고농도 생산 재조합 아크레모니움 크리소제눔 균주의 제조방법 및 이 방법으로 제조된 균주,아미코젠주식회사,14,"14. 제13항에 있어서, 상기 (i) 단계에서의 배양은 발효 배양인 것을 특징으로 하는 생산방법.",55,True,False,explicit_or_regex_estimated
1020190114945,,1021947400000,등록,등록,7-ADCA 제조를 위한 데아세트옥시세팔로스포린 C의 고농도 생산 재조합 아크레모니움 크리소제눔 균주의 제조방법 및 이 방법으로 제조된 균주,아미코젠주식회사,15,"15. 서열번호 3의 염기서열로 이루어진, 아크레모니움 크리소제눔 균주에서의 DAOC 고발현용 폴리뉴클레오티드.",62,False,True,explicit_or_regex_estimated
1020190114945,,1021947400000,등록,등록,7-ADCA 제조를 위한 데아세트옥시세팔로스포린 C의 고농도 생산 재조합 아크레모니움 크리소제눔 균주의 제조방법 및 이 방법으로 제조된 균주,아미코젠주식회사,16,"16. 서열번호 16의 염기서열로 이루어진, 아크레모니움 크레소제눔 균주에서의 DAOC 고발현용 발현 벡터.",60,False,True,explicit_or_regex_estimated
1020190114945,,1021947400000,등록,등록,7-ADCA 제조를 위한 데아세트옥시세팔로스포린 C의 고농도 생산 재조합 아크레모니움 크리소제눔 균주의 제조방법 및 이 방법으로 제조된 균주,아미코젠주식회사,17,17. (I) 제11항의 균주를 DAOC를 생산할 수 있는 조건에서 배양하는 단계;(II) 상기 배지에서 DAOC를 회수하는 단계; 및(III) 상기 회수된 DAOC에 CPC (Cephalosporin C) 아실라제를 처리하는 단계를 포함하는 7-ADCA (7-aminodeacetoxycephalosporanic acid)의 생산방법.,188,False,True,explicit_or_regex_estimated
1020197038770,1020200003275,,거절,거절,강화된 NO2 발생기용 구조적 디젤 산화 촉매,우미코레 아게 운트 코 카게,1,"1. 디젤 배기 가스 정화 장치로서,상기 장치는 배기 가스의 유동 방향으로 촉매들의 구역화 배열(zoned arrangement)을 포함하고,(a) 선행 촉매(leading catalyst)로서, 제1 산화 촉매가 제1 캐리어 기판 상에 배치되고, 바로 다음에 후행 촉매(trailing catalyst)로서, 제2 산화 촉매가 제2 캐리어 기판 상에 배치되고, 상기 제1 산화 촉매 및 제2 산화 촉매는 이들의 촉매적 활성 코팅에 팔라듐 및 백금을 함유하고, 상기 제1 캐리어 기판 및 제2 캐리어 기판은 관통류 기판(through flow substrate)이거나,(b) 선행 촉매로서, 제1 산화 촉매가 캐리어 기판 상에 배치되고, 바로 다음에 후행 촉매로서, 제2 산화 촉매가 상기 캐리어 기판 상에 배치되고, 상기 캐리어 기판은 관통류 기판이고, 상기 제1 산화 촉매 및 제2 산화 촉매는 이들의 촉매적 활성 코팅에 팔라듐 및 백금을 함유하고;추가로, 상기 선행 촉매 중의 백금 및 팔라듐의 총량은 상기 후행 촉매에 비해 높고,추가로, 상기 선행 촉매 내의 백금 대 팔라듐 비는 상대적으로 낮고 상기 후행 촉매 내의 백금 대 팔라듐의 비는 상대적으로 높은, 디젤 배기 가스 정화 장치.",612,False,True,explicit_or_regex_estimated
1020197038770,1020200003275,,거절,거절,강화된 NO2 발생기용 구조적 디젤 산화 촉매,우미코레 아게 운트 코 카게,2,"2. 제1항에 있어서, 상기 동일한 캐리어 기판의 업스트림 말단 상의 상기 제1 산화 촉매 구역을 갖는 단일 바디(single body)로 구성된, 장치.",86,True,False,explicit_or_regex_estimated
1020197038770,1020200003275,,거절,거절,강화된 NO2 발생기용 구조적 디젤 산화 촉매,우미코레 아게 운트 코 카게,3,"3. 제1항에 있어서, 상기 제1 산화 촉매 및 제2 산화 촉매 각각을 위한 개별 캐리어 기판으로 구성된, 장치.",63,True,False,explicit_or_regex_estimated
1020197038770,1020200003275,,거절,거절,강화된 NO2 발생기용 구조적 디젤 산화 촉매,우미코레 아게 운트 코 카게,4,"4. 제1항에 있어서, 상기 후행 촉매에, 배기 가스의 유동 방향에서, 추가의 방출 제어 부재가 뒤따르는, 장치.",63,True,False,explicit_or_regex_estimated
1020197038770,1020200003275,,거절,거절,강화된 NO2 발생기용 구조적 디젤 산화 촉매,우미코레 아게 운트 코 카게,5,"5. 제4항에 있어서, 상기 추가의 방출 제어 부재가 필터 바디인, 장치.",41,True,False,explicit_or_regex_estimated
1020197038770,1020200003275,,거절,거절,강화된 NO2 발생기용 구조적 디젤 산화 촉매,우미코레 아게 운트 코 카게,6,"6. 제4항에 있어서, 상기 추가의 방출 제어 부재가 NOx 제어 촉매인, 장치.",45,True,False,explicit_or_regex_estimated
1020197038770,1020200003275,,거절,거절,강화된 NO2 발생기용 구조적 디젤 산화 촉매,우미코레 아게 운트 코 카게,7,"7. 제6항에 있어서, 상기 NOx 제어 촉매가 SCR 촉매인, 장치.",39,True,False,explicit_or_regex_estimated
1020197038770,1020200003275,,거절,거절,강화된 NO2 발생기용 구조적 디젤 산화 촉매,우미코레 아게 운트 코 카게,8,"8. 제6항에 있어서, 상기 NOx 제어 촉매가 LNT 촉매인, 장치.",39,True,False,explicit_or_regex_estimated
1020197038770,1020200003275,,거절,거절,강화된 NO2 발생기용 구조적 디젤 산화 촉매,우미코레 아게 운트 코 카게,9,"9. 제4항에 있어서, 상기 추가의 방출 제어 부재가 SCR 및 LNT 및 필터 바디의 모든 조합 및 구성(configuration)을 포함하는, 장치.",85,True,False,explicit_or_regex_estimated
1020197038770,1020200003275,,거절,거절,강화된 NO2 발생기용 구조적 디젤 산화 촉매,우미코레 아게 운트 코 카게,10,"10. 제1항 내지 제9항 중 어느 한 항에 있어서, 상기 선행 산화 촉매 내의 상기 Pt:Pd의 적재량이 30 내지 250g/ft3이고, 상기 후행 촉매 내의 상기 Pt:Pd의 적재량이 5 내지 100g/ft3인, 장치.",124,True,False,explicit_or_regex_estimated
1020197038770,1020200003275,,거절,거절,강화된 NO2 발생기용 구조적 디젤 산화 촉매,우미코레 아게 운트 코 카게,11,"11. 제1항 내지 제10항 중 어느 한 항에 있어서, 상기 선행 산화 촉매 내의 상기 Pt:Pd 비가 상기 후행 산화 촉매 내의 상기 Pt:Pd 비보다 낮은, 장치.",93,True,False,explicit_or_regex_estimated
1020197038770,1020200003275,,거절,거절,강화된 NO2 발생기용 구조적 디젤 산화 촉매,우미코레 아게 운트 코 카게,12,"12. 제11항에 있어서, 상기 산화 촉매가 세라믹 또는 금속 관통류 벌집형 바디 상의 백금- 및 팔라듐-함유 촉매적 활성 코팅으로 구성되는, 장치.",83,True,False,explicit_or_regex_estimated
1020197038770,1020200003275,,거절,거절,강화된 NO2 발생기용 구조적 디젤 산화 촉매,우미코레 아게 운트 코 카게,13,"13. 제12항에 있어서, 상기 선행 산화 촉매 및 상기 후행 산화 촉매가 상기 동일한 관통류 유동 바디 상에 존재하는, 장치.",71,True,False,explicit_or_regex_estimated
1020197038770,1020200003275,,거절,거절,강화된 NO2 발생기용 구조적 디젤 산화 촉매,우미코레 아게 운트 코 카게,14,"14. 제12항에 있어서, 상기 선행 산화 촉매 및 상기 후행 산화 촉매가, 동일한 전환기에 포함되더라도, 개별적인 관통류 바디들 상에 존재하는, 장치.",85,True,False,explicit_or_regex_estimated
1020197038770,1020200003275,,거절,거절,강화된 NO2 발생기용 구조적 디젤 산화 촉매,우미코레 아게 운트 코 카게,15,"15. 제1항 내지 제14항 중 어느 한 항에 있어서, 백금이 산화알루미늄, 란탄-산화물-안정화된 산화알루미늄, 알루미노실리케이트, 이산화규소, 이산화티탄, 산화세륨, 세륨-지르코늄 혼합된 산화물, 희토류-금속 세스퀴옥사이드, 제올라이트 및 이들의 혼합물로 이루어진 그룹으로부터 선택된 하나 이상의 산화 지지체 재료에 도포되는, 장치.",187,True,False,explicit_or_regex_estimated
1020197038770,1020200003275,,거절,거절,강화된 NO2 발생기용 구조적 디젤 산화 촉매,우미코레 아게 운트 코 카게,16,"16. 제1항 내지 제15항 중 어느 한 항에 있어서, 팔라듐이 산화알루미늄, 란탄-산화물-안정화된 산화알루미늄, 알루미노실리케이트, 이산화규소, 이산화티탄, 산화세륨, 세륨-지르코늄 혼합된 산화물, 희토류-금속 세스퀴옥사이드, 제올라이트 및 이들의 혼합물로 이루어진 그룹으로부터 선택된 하나 이상의 산화 지지체 재료에 도포되는, 장치.",188,True,False,explicit_or_regex_estimated
1020197038770,1020200003275,,거절,거절,강화된 NO2 발생기용 구조적 디젤 산화 촉매,우미코레 아게 운트 코 카게,17,"17. 제1항 내지 제16항 중 어느 한 항에 따르는 장치를 통해 디젤 배기 가스를 인도함을 포함하는, 디젤 배기 가스의 정화 방법.",74,True,False,explicit_or_regex_estimated
1020200017759,,1021467860000,등록,등록,풀러렌을 포함하는 안티폴루션용 화장료 조성물,주식회사 아미코스메틱|한국세라믹기술원,1,"1. 풀러렌(Fullerene); 및 공중합체를 포함하는 화장료 조성물로서,상기 공중합체는 하기 화학식 2의 부틸메타크릴레이트(Butyl methacrylate, BMA); 하기 화학식 3의 폴리에틸렌글리콜 메타크릴레이트(polyethyleneglycol methacrylate, PEGMA); 및 하기 화학식 4의 메타크릴레이트(methacrylatle, MA)로 이루어진 군에서 선택되는 어느 하나 이상을 포함하는 공중합체이고,상기 공중합체의 BMA, PEGMA 및 MA의 몰비는 5:5:0; 5:4:1; 5:3.5:1.5; 5:3:2; 및 5:0:5로 이루어진 군에서 선택되는 어느 하나 이상의 비율인 것인, 화장료 조성물.[화학식 2][화학식 3][화학식 4]상기 x는 1 내지 5이고,상기 y는 0 내지 5이고,상기 z는 0 내지 5이며, 상기 n은 1 내지 6000이다.",437,False,True,explicit_or_regex_estimated
1020200017759,,1021467860000,등록,등록,풀러렌을 포함하는 안티폴루션용 화장료 조성물,주식회사 아미코스메틱|한국세라믹기술원,2,"2. 제1항에 있어서,상기 풀러렌은 천연 풀러렌인 것인, 화장료 조성물.",40,True,False,explicit_or_regex_estimated
1020200017759,,1021467860000,등록,등록,풀러렌을 포함하는 안티폴루션용 화장료 조성물,주식회사 아미코스메틱|한국세라믹기술원,4,"4. 제1항에 있어서,상기 화장료 조성물은 아까시나무 추출물을 포함하는, 화장료 조성물.",49,True,False,explicit_or_regex_estimated
1020200017759,,1021467860000,등록,등록,풀러렌을 포함하는 안티폴루션용 화장료 조성물,주식회사 아미코스메틱|한국세라믹기술원,5,"5. 제4항에 있어서,상기 화장료 조성물은 풀러렌-고분자 복합체와 아까시나무 추출물을 1:1 내지 5:1의 질량비로 포함하는 것인, 화장료 조성물.",82,True,False,explicit_or_regex_estimated
1020200017759,,1021467860000,등록,등록,풀러렌을 포함하는 안티폴루션용 화장료 조성물,주식회사 아미코스메틱|한국세라믹기술원,6,"6. 제1항, 제2항, 제4항 및 제5항 중 어느 한 항에 있어서, 상기 조성물은 안티폴루션(anti-pollution)용인, 화장료 조성물.",79,True,False,explicit_or_regex_estimated
1020200017759,,1021467860000,등록,등록,풀러렌을 포함하는 안티폴루션용 화장료 조성물,주식회사 아미코스메틱|한국세라믹기술원,7,"7. 제6항에 있어서,상기 화장료 조성물은 TRPV1(Transient Receptor Potential Vanilloid1) 유전자 발현을 억제시키는 것인, 화장료 조성물.",97,True,False,explicit_or_regex_estimated
1020200049552,1020210131135,1024402060000,등록,등록,아스퍼질러스 튜빙엔시스 효소액을 이용한 진세노사이드 컴파운드 케이 제조용 조성물 및 제조방법,아미코젠주식회사,1,1. KCTC 14166BP로 기탁된 아스퍼질러스 튜빙엔시스(Aspergillus tubingensis) 균주 효소액을 포함하는 진세노사이드 컴파운드 케이 제조용 조성물.,95,False,True,explicit_or_regex_estimated
1020200049552,1020210131135,1024402060000,등록,등록,아스퍼질러스 튜빙엔시스 효소액을 이용한 진세노사이드 컴파운드 케이 제조용 조성물 및 제조방법,아미코젠주식회사,3,"3. 제1항에 있어서,상기 효소액은 상기 아스퍼질러스 튜빙엔시스(Aspergillus tubingensis) 균주의 세포 외 효소액인, 진세노사이드 컴파운드 케이 제조용 조성물.",99,True,False,explicit_or_regex_estimated
1020200049552,1020210131135,1024402060000,등록,등록,아스퍼질러스 튜빙엔시스 효소액을 이용한 진세노사이드 컴파운드 케이 제조용 조성물 및 제조방법,아미코젠주식회사,4,"4. 제1항에 있어서,상기 효소액은 상기 아스퍼질러스 튜빙엔시스(Aspergillus tubingensis) 균주를 탄소원으로서, 시트러스 펙틴(citrus pectin) 또는 사탕무 슬러지(sugar beet sludge)를 5 g/L 내지 25 g/L의 농도로 포함하는 발현 배지에서 배양하여 수득한 것인, 진세노사이드 컴파운드 케이 제조용 조성물.",197,True,False,explicit_or_regex_estimated
1020200049552,1020210131135,1024402060000,등록,등록,아스퍼질러스 튜빙엔시스 효소액을 이용한 진세노사이드 컴파운드 케이 제조용 조성물 및 제조방법,아미코젠주식회사,5,"5. 제1항에 있어서,상기 조성물 내 상기 효소액의 농도는 1 mg/ml 내지 15 mg/ml인, 진세노사이드 컴파운드 케이 제조용 조성물.",78,True,False,explicit_or_regex_estimated
1020200049552,1020210131135,1024402060000,등록,등록,아스퍼질러스 튜빙엔시스 효소액을 이용한 진세노사이드 컴파운드 케이 제조용 조성물 및 제조방법,아미코젠주식회사,6,"6. 제1항에 있어서, 상기 조성물은 기질로서, 진세노사이드 Rb1, 진세노사이드 Rb2, 진세노사이드 Rc 및 진세노사이드 Rd 로 이루어진 군으로부터 선택된 하나 이상의 프로토파낙사다이올계 사포닌; 또는 인삼 추출물을 포함하는, 진세노사이드 컴파운드 케이 제조용 조성물.",153,True,False,explicit_or_regex_estimated
1020200049552,1020210131135,1024402060000,등록,등록,아스퍼질러스 튜빙엔시스 효소액을 이용한 진세노사이드 컴파운드 케이 제조용 조성물 및 제조방법,아미코젠주식회사,7,"7. 제6항에 있어서,상기 조성물 내 상기 프로토파낙사다이올계 사포닌의 농도는 1 mg/ml 내지 20 mg/ml인, 진세노사이드 컴파운드 케이 제조용 조성물.",89,True,False,explicit_or_regex_estimated
1020200049552,1020210131135,1024402060000,등록,등록,아스퍼질러스 튜빙엔시스 효소액을 이용한 진세노사이드 컴파운드 케이 제조용 조성물 및 제조방법,아미코젠주식회사,8,"8. 제1항에 있어서, 상기 조성물은 황산마그네슘(MgSO4), 염화망간(MnCl2), 황산철(FeSO4) 및 염화철(FeCl3)로 이루어진 군으로부터 선택된 하나 이상의 미네랄 첨가제를 추가로 포함하는, 진세노사이드 컴파운드 케이 제조용 조성물.",138,True,False,explicit_or_regex_estimated
1020200049552,1020210131135,1024402060000,등록,등록,아스퍼질러스 튜빙엔시스 효소액을 이용한 진세노사이드 컴파운드 케이 제조용 조성물 및 제조방법,아미코젠주식회사,9,9. KCTC 14166BP로 기탁된 아스퍼질러스 튜빙엔시스(Aspergillus tubingensis) 균주 효소액을 기질에 처리하는 단계를 포함하는 진세노사이드 컴파운드 케이의 제조방법.,106,False,True,explicit_or_regex_estimated
1020200049552,1020210131135,1024402060000,등록,등록,아스퍼질러스 튜빙엔시스 효소액을 이용한 진세노사이드 컴파운드 케이 제조용 조성물 및 제조방법,아미코젠주식회사,10,"10. 제9항에 있어서,상기 처리는 40~65℃ 및 pH 3.5~6.0 조건에서 2 시간 내지 24 시간 동안 수행되는 것인, 진세노사이드 컴파운드 케이의 제조방법.",92,True,False,explicit_or_regex_estimated
1020200049552,1020210131135,1024402060000,등록,등록,아스퍼질러스 튜빙엔시스 효소액을 이용한 진세노사이드 컴파운드 케이 제조용 조성물 및 제조방법,아미코젠주식회사,11,11. 프로토파낙사다이올계 사포닌 내 글루코오스(glucose) 또는 아라비노오스(arabinose) 가수분해 활성을 가지는 진세노사이드 컴파운드 케이 생산 아스퍼질러스 튜빙엔시스(Aspergillus tubingensis) 균주(KCTC 14166BP).,143,False,True,explicit_or_regex_estimated
1020200075600,,1022861970000,등록,등록,도어용 댐퍼장치,(주)미코인더스트리,1,"1. 프레임 내 여닫이 방식으로 개폐되는 도어의 충격을 흡수하는 도어용 댐퍼장치에 있어서, 상기 프레임의 내면에 배치되며, 측면에 홀이 형성되는 케이스; 상기 케이스 내 배치되어 상기 도어의 개폐에 따라 회전축을 중심으로 회전하며, 제1암, 제2암 및 제3암을 포함하는 암; 상기 제1암의 단부에 배치되어, 상기 도어의 개폐에 따라 상기 도어의 내면을 슬라이드 이동하는 롤러; 상기 제2암의 단부와 연결되며, 상기 도어의 개폐에 따라 선택적으로 탄성력을 제공하는 탄성부재; 및상기 제3암의 단부에 연결되는 로드를 포함하며, 상기 로드의 압축에 따라 감쇄력을 제공하는 댐퍼를 포함하는 도어용 댐퍼 장치.",336,False,True,explicit_or_regex_estimated
1020200075600,,1022861970000,등록,등록,도어용 댐퍼장치,(주)미코인더스트리,2,"2. 제 1 항에 있어서, 상기 도어가 개방 시 상기 탄성부재는 상기 암이 제1방향으로 회전하도록 탄성력을 제공하는 도어용 댐퍼 장치.",75,True,False,explicit_or_regex_estimated
1020200075600,,1022861970000,등록,등록,도어용 댐퍼장치,(주)미코인더스트리,3,"3. 제 2 항에 있어서,상기 제1방향으로 상기 암이 회전 시, 상기 로드의 길이는 최대 길이로 신장되는 도어용 댐퍼 장치.",69,True,False,explicit_or_regex_estimated
1020200075600,,1022861970000,등록,등록,도어용 댐퍼장치,(주)미코인더스트리,4,"4. 제 3 항에 있어서, 상기 제3암의 단부에는 경사면이 형성되고, 상기 프레임의 내면에는 상기 암의 회전에 따라 바닥면에 상기 경사면이 접촉되도록 도피홈이 배치되는 도어용 댐퍼 장치.",104,True,False,explicit_or_regex_estimated
1020200075600,,1022861970000,등록,등록,도어용 댐퍼장치,(주)미코인더스트리,5,"5. 제 1 항에 있어서, 상기 도어의 내면에는 상기 도어의 개방에 따라 상기 롤러가 인, 출입되는 브라켓이 배치되고, 상기 브라켓의 측면에는 개구가 형성되는 도어용 댐퍼 장치.",99,True,False,explicit_or_regex_estimated
1020200075600,,1022861970000,등록,등록,도어용 댐퍼장치,(주)미코인더스트리,6,"6. 제 5 항에 있어서, 상기 개구에 인접한 상기 도어의 내면에는 상기 롤러가 슬라이드 이동되는 가이드 레일이 배치되는 도어용 댐퍼 장치.",78,True,False,explicit_or_regex_estimated
1020200075600,,1022861970000,등록,등록,도어용 댐퍼장치,(주)미코인더스트리,7,"7. 제 3 항에 있어서, 상기 도어가 폐쇄 시, 상기 암은 제1방향에 반대되는 제2방향으로 회전하고, 상기 로드의 길이는 짧아지는 도어용 댐퍼 장치.",84,True,False,explicit_or_regex_estimated
1020200075600,,1022861970000,등록,등록,도어용 댐퍼장치,(주)미코인더스트리,8,"8. 제 7 항에 있어서, 상기 댐퍼는 상기 로드의 압축 시 에너지를 흡수하는 압축식 댐퍼인 도어용 댐퍼 장치.",62,True,False,explicit_or_regex_estimated
1020200075600,,1022861970000,등록,등록,도어용 댐퍼장치,(주)미코인더스트리,9,"9. 제1항에 있어서, 일단이 상기 탄성부재에 연결되고, 타단이 상기 제2암에 연결되는 링크를 포함하는 도어용 댐퍼 장치.",68,True,False,explicit_or_regex_estimated
1020200075600,,1022861970000,등록,등록,도어용 댐퍼장치,(주)미코인더스트리,10,"10. 제1항에 있어서, 상기 프레임의 내면에 결합되어, 상기 케이스의 결합 공간을 형성하는 클립을 포함하는 도어용 댐퍼 장치.",71,True,False,explicit_or_regex_estimated
1020200143069,,1022985340000,등록,등록,웨이셀라 사이베리아 균주를 접종하여 발효시킨 청보리 발효 추출물을 포함하는 피부 보습용 화장료 조성물,주식회사 아미코스메틱,1,1. 웨이셀라 사이베리아(Weissella cibaria) 균주를 접종하여 발효시킨 청보리 발효 추출물을 포함하는 피부 보습용 화장료 조성물.,79,False,True,explicit_or_regex_estimated
1020200143069,,1022985340000,등록,등록,웨이셀라 사이베리아 균주를 접종하여 발효시킨 청보리 발효 추출물을 포함하는 피부 보습용 화장료 조성물,주식회사 아미코스메틱,2,"2. 제1항에 있어서, 상기 웨이셀라 사이베리아는 웨이셀라 사이베리아 AMI-1406(Lactobacillus lactis AMI-1406) KCCM12797P인 것인, 화장료 조성물.",103,True,False,explicit_or_regex_estimated
1020200143069,,1022985340000,등록,등록,웨이셀라 사이베리아 균주를 접종하여 발효시킨 청보리 발효 추출물을 포함하는 피부 보습용 화장료 조성물,주식회사 아미코스메틱,3,"3. 제 1항에 있어서, 상기 추출물의 용매는 물, 알코올, 에틸아세테이트, 아세톤, 핵산, 디클로로메탄 또는 이들의 혼합 용매로 추출된 것인, 화장료 조성물.",89,True,False,explicit_or_regex_estimated
1020200143069,,1022985340000,등록,등록,웨이셀라 사이베리아 균주를 접종하여 발효시킨 청보리 발효 추출물을 포함하는 피부 보습용 화장료 조성물,주식회사 아미코스메틱,4,"4. 제1항에 있어서,상기 화장료 조성물은 피부장벽 강화 용도를 추가로 더 포함하는 화장료 조성물.",55,True,False,explicit_or_regex_estimated
1020200143069,,1022985340000,등록,등록,웨이셀라 사이베리아 균주를 접종하여 발효시킨 청보리 발효 추출물을 포함하는 피부 보습용 화장료 조성물,주식회사 아미코스메틱,5,5. 웨이셀라 사이베리아(Weissella cibaria) 균주를 접종하여 발효시킨 청보리 발효 추출물을 포함하는 피부 보습용 식품 조성물.,78,False,True,explicit_or_regex_estimated
1020200143069,,1022985340000,등록,등록,웨이셀라 사이베리아 균주를 접종하여 발효시킨 청보리 발효 추출물을 포함하는 피부 보습용 화장료 조성물,주식회사 아미코스메틱,6,"6. 제5항에 있어서, 상기 조성물은 피부장벽 강화 용도를 추가로 더 포함하는 식품 조성물.",51,True,False,explicit_or_regex_estimated
1020200143069,,1022985340000,등록,등록,웨이셀라 사이베리아 균주를 접종하여 발효시킨 청보리 발효 추출물을 포함하는 피부 보습용 화장료 조성물,주식회사 아미코스메틱,7,"7. 제5항에 있어서,상기 식품 조성물은 반려 동물용인 것인, 식품 조성물.",42,True,False,explicit_or_regex_estimated
1020210124972,,1024619950000,등록,등록,저열전도 샤프트를 구비하는 고온용 서셉터,주식회사 미코세라믹스,1,"1. 웨이퍼 안착을 위한 플레이트 및 상기 플레이트에 결합된 샤프트를 포함하는 서셉터에 있어서,상기 플레이트 및 상기 샤프트는 각각 AlN상이 90 wt% 이상인 소결체를 포함하고, 상기 플레이트의 소결체는 650 ℃에서 체적저항이 5*108 Ω・cm 이상인 마그네슘 함유 AlN 소결체이고,상기 샤프트의 소결체는 상온 열전도도가 100 W/mK이하인 AlN 소결체인 것을 특징으로 하는 서셉터.",221,False,True,explicit_or_regex_estimated
1020210124972,,1024619950000,등록,등록,저열전도 샤프트를 구비하는 고온용 서셉터,주식회사 미코세라믹스,2,"2. 제1항에 있어서,상기 플레이트의 소결체는 마그네슘을 MgO 환산으로 0.5~3.0 wt%함유하는 것을 특징으로 하는 서셉터.",72,True,False,explicit_or_regex_estimated
1020210124972,,1024619950000,등록,등록,저열전도 샤프트를 구비하는 고온용 서셉터,주식회사 미코세라믹스,3,"3. 제2항에 있어서,상기 플레이트의 소결체는 티타늄을 TiO2 환산으로 0.05~0.5 wt%함유하는 것을 특징으로 하는 서셉터.",73,True,False,explicit_or_regex_estimated
1020210124972,,1024619950000,등록,등록,저열전도 샤프트를 구비하는 고온용 서셉터,주식회사 미코세라믹스,4,"4. 제1항에 있어서,상기 플레이트와 상기 샤프트 사이에 개재된 완충 부재를 더 포함하는 것을 특징으로 하는 서셉터.",65,True,False,explicit_or_regex_estimated
1020210124972,,1024619950000,등록,등록,저열전도 샤프트를 구비하는 고온용 서셉터,주식회사 미코세라믹스,5,"5. 제4항에 있어서,상기 완충 부재는 소결체 중 AlN상이 90 wt% 이상인 것을 특징으로 하는 서셉터.",60,True,False,explicit_or_regex_estimated
1020210124972,,1024619950000,등록,등록,저열전도 샤프트를 구비하는 고온용 서셉터,주식회사 미코세라믹스,6,"6. 제5항에 있어서,상기 완충부재는 이트륨을 Y2O3 환산으로 3~8 wt% 포함하는 것을 특징으로 하는 서셉터.",64,True,False,explicit_or_regex_estimated
1020210124972,,1024619950000,등록,등록,저열전도 샤프트를 구비하는 고온용 서셉터,주식회사 미코세라믹스,7,"7. 제4항에 있어서,상기 완충 부재는 블랭킷, 링 또는 원형인 것을 특징으로 하는 서셉터.",51,True,False,explicit_or_regex_estimated
1020210124972,,1024619950000,등록,등록,저열전도 샤프트를 구비하는 고온용 서셉터,주식회사 미코세라믹스,8,"8. 제4항에 있어서,상기 플레이트, 상기 완충 부재 및 샤프트의 소결체의 AlN 입자의 평균 입경을 각각 제1 평균 입경, 제2 평균 입경, 제3 평균 입경이라 할 때, 제1 평균 입경 003c# 제2 평균 입경 003c# 제3 평균 입경의 관계가 성립하는 것을 특징으로 하는 서셉터.",160,True,False,explicit_or_regex_estimated
1020210124972,,1024619950000,등록,등록,저열전도 샤프트를 구비하는 고온용 서셉터,주식회사 미코세라믹스,9,"9. 마그네슘 함유 AlN 소결체의 플레이트, 이트륨 함유 AlN 가소결체 또는 소결체로 된 완충 부재 및 열전도도가 100 W/mK이하인 AlN 소결체의 샤프트의 적층 구조를 제공하는 단계; 및상기 적층 구조를 소결하는 단계를 포함하는 서셉터의 제조 방법.",144,False,True,explicit_or_regex_estimated
1020210124972,,1024619950000,등록,등록,저열전도 샤프트를 구비하는 고온용 서셉터,주식회사 미코세라믹스,10,"10. 제9항에 있어서,상기 적층 구조 제공 단계에서,상기 완충 부재는 AlN 소결체이고,상기 플레이트와 상기 완충 부재는 일체로 소결된 상태로 제공되는 것을 특징으로 하는 서셉터의 제조 방법.",108,True,False,explicit_or_regex_estimated
1020210124972,,1024619950000,등록,등록,저열전도 샤프트를 구비하는 고온용 서셉터,주식회사 미코세라믹스,11,"11. 제9항에 있어서,상기 플레이트의 소결체는 마그네슘을 MgO 환산으로 0.5~3.0 wt%함유하는 것을 특징으로 하는 서셉터의 제조 방법.",80,True,False,explicit_or_regex_estimated
1020210124972,,1024619950000,등록,등록,저열전도 샤프트를 구비하는 고온용 서셉터,주식회사 미코세라믹스,12,"12. 제9항에 있어서,상기 적층 구조 제공 단계에서,상기 완충 부재는 이트륨을 Y2O3 환산으로 3~8 wt% 포함하는 것을 특징으로 하는 서셉터의 제조 방법.",90,True,False,explicit_or_regex_estimated
1020210124972,,1024619950000,등록,등록,저열전도 샤프트를 구비하는 고온용 서셉터,주식회사 미코세라믹스,13,"13. 제9항에 있어서,상기 플레이트의 소결체는 티타늄을 TiO2 환산으로 0.05~0.5 wt% 함유하는 것을 특징으로 하는 서셉터의 제조 방법.",82,True,False,explicit_or_regex_estimated
1020210124972,,1024619950000,등록,등록,저열전도 샤프트를 구비하는 고온용 서셉터,주식회사 미코세라믹스,14,"14. 제9항에 있어서,상기 적층 구조 제공 단계에서,상기 플레이트, 상기 완충 부재 및 샤프트의 소결체의 AlN 입자의 평균 입경을 각각 제1 평균 입경, 제2 평균 입경, 제3 평균 입경이라 할 때, 제1 평균 입경 003c# 제2 평균 입경 003c# 제3 평균 입경의 관계가 성립하는 것을 특징으로 하는 서셉터의 제조 방법.",185,True,False,explicit_or_regex_estimated
1020210147736,,1024213980000,등록,등록,HVOF에 의한 고밀도 YF3 코팅층의 제조방법 및 이를 통해 제조된 고밀도 YF3 HVOF 코팅층,(주)코미코,1,"1. (a) 플라즈마 제트(plasma jet) 내에 YF3 분말을 투입하여 용융하는 단계;(b) 상기 용융된 YF3 액적을 냉매에 분사하여 구상의 YF3 입자를 제조하는 단계;(c) 상기 (b) 단계 후 냉매를 제거하고 구상의 YF3 입자를 건조하는 단계; 및 (d) 상기 (c) 단계에서 형성된 YF3 입자 분말을 초고속 화염 용사법(High Velocity Oxygen Fuel, HVOF)으로 기재에 코팅하는 단계;를 포함하고,상기 (b) 단계는 용융된 YF3 액적 분사 시 분사토출구로부터 냉매 표면까지의 이격거리가 400 내지 600 ㎜인 것을 특징으로 하는 HVOF에 의한 고밀도 YF3 코팅층의 제조방법.",346,False,True,explicit_or_regex_estimated
1020210147736,,1024213980000,등록,등록,HVOF에 의한 고밀도 YF3 코팅층의 제조방법 및 이를 통해 제조된 고밀도 YF3 HVOF 코팅층,(주)코미코,3,"3. 제 1 항에 있어서,상기 냉매는 물, N2 및 Ar 중 선택되는 어느 하나 이상인 것을 특징으로 하는 HVOF에 의한 고밀도 YF3 코팅층의 제조방법.",87,True,False,explicit_or_regex_estimated
1020210147736,,1024213980000,등록,등록,HVOF에 의한 고밀도 YF3 코팅층의 제조방법 및 이를 통해 제조된 고밀도 YF3 HVOF 코팅층,(주)코미코,4,"4. 제 1 항에 있어서,상기 (d) 단계에서 구상의 YF3 입자의 크기는 10 내지 60 ㎛인 것을 특징으로 하는 HVOF에 의한 고밀도 YF3 코팅층의 제조방법.",92,True,False,explicit_or_regex_estimated
1020210147736,,1024213980000,등록,등록,HVOF에 의한 고밀도 YF3 코팅층의 제조방법 및 이를 통해 제조된 고밀도 YF3 HVOF 코팅층,(주)코미코,5,"5. 제 1 항에 있어서,상기 (d) 단계에서 HVOF는 산소 가스 유속을 1900 내지 2500 SCFH으로 하고, 연료 속도를 4 내지 6 GPH로 하는 것을 특징으로 하는 HVOF에 의한 고밀도 YF3 코팅층의 제조방법.",126,True,False,explicit_or_regex_estimated
1020210147736,,1024213980000,등록,등록,HVOF에 의한 고밀도 YF3 코팅층의 제조방법 및 이를 통해 제조된 고밀도 YF3 HVOF 코팅층,(주)코미코,6,6. 제1항 및 제3항 내지 제5항 중 선택되는 어느 한 항의 방법에 의해 제조된 고밀도 YF3 코팅층.,58,True,False,explicit_or_regex_estimated
1020210147736,,1024213980000,등록,등록,HVOF에 의한 고밀도 YF3 코팅층의 제조방법 및 이를 통해 제조된 고밀도 YF3 HVOF 코팅층,(주)코미코,7,"7. 제 6 항에 있어서,상기 고밀도 YF3 코팅층은 Y, O, F로 구성되고, O를 6 내지 8 at%로 포함하고, F를 61 내지 65 at%로 포함하는 것을 특징으로 하는, 고밀도 YF3 코팅층.",112,True,False,explicit_or_regex_estimated
1020210147736,,1024213980000,등록,등록,HVOF에 의한 고밀도 YF3 코팅층의 제조방법 및 이를 통해 제조된 고밀도 YF3 HVOF 코팅층,(주)코미코,8,"8. 제 6 항에 있어서,상기 고밀도 YF3 코팅층은 기공률이 1% 미만이고, 경도가 400 내지 500 Hv인 것을 특징으로 하는, 고밀도 YF3 코팅층.",87,True,False,explicit_or_regex_estimated
1020220179025,1020240098205,,거절,거절,미역귀 발효물을 이용한 항염증용 조성물,주식회사 두래|주식회사 아미코스메틱,1,1. 미역귀 발효물 또는 그 추출물을 유효성분으로 포함하는 항염증용 조성물.,42,False,True,explicit_or_regex_estimated
1020220179025,1020240098205,,거절,거절,미역귀 발효물을 이용한 항염증용 조성물,주식회사 두래|주식회사 아미코스메틱,2,"2. 제1항에 있어서,상기 미역귀의 락토바실러스 플란타룸 발효물은 미역귀에 락토바실러스 플란타룸을 접종하고 고상발효하여 얻어진 것이고,상기 추출물은 추출용매로 물 또는 탈염 용암해수를 사용하여 얻어진 것을 특징으로 하는 조성물.",127,True,False,explicit_or_regex_estimated
1020220179025,1020240098205,,거절,거절,미역귀 발효물을 이용한 항염증용 조성물,주식회사 두래|주식회사 아미코스메틱,3,"3. 제1항 또는 제2항에 있어서,상기 조성물은 약제학적 조성물인 것을 특징으로 하는 조성물.",52,True,False,explicit_or_regex_estimated
1020220179025,1020240098205,,거절,거절,미역귀 발효물을 이용한 항염증용 조성물,주식회사 두래|주식회사 아미코스메틱,4,"4. 제1항 또는 제2항에 있어서,상기 조성물은 식품 조성물인 것을 특징으로 하는 조성물.",50,True,False,explicit_or_regex_estimated
1020220179025,1020240098205,,거절,거절,미역귀 발효물을 이용한 항염증용 조성물,주식회사 두래|주식회사 아미코스메틱,5,"5. 제1항 또는 제2항에 있어서,상기 조성물은 화장료 조성물인 것을 특징으로 하는 조성물.",51,True,False,explicit_or_regex_estimated
1020227023862,1020220108821,,공개,공개,높은 NO2 대 NOx 비에서의 효율적인 SCR을 위한 시스템 및 방법,우미코레 아게 운트 코 카게,1,"1. 오프-가스(off-gas)로부터 휘발성 유기 화합물, 일산화탄소 및 질소 산화물을 제거하기 위한 시스템으로서,a) 암모니아 공급원;b) 암모니아를 SCR 기능을 갖는 촉매 물품(article) 내로 도입하기 위한 수단;c) 산화 기능 및 SCR 기능 둘 다를 갖는 촉매 물품으로서,- 촉매 기재, 및 적어도 하나의 백금족 금속 및/또는 적어도 하나의 백금족 금속 산화물, 적어도 하나의 티탄의 산화물 및 적어도 하나의 바나듐의 산화물을 포함하는 촉매 조성물을 포함하는, 상기 촉매 물품;d) 상기 촉매 물품의 유출구 단부(outlet end)와 스택(stack) 사이에서의 또는 스택에서의 NOx 및/또는 암모니아 슬립의 양을 계측하기 위한 수단;e) 적어도 하나의 일산화탄소 공급원 및f) 일산화탄소를 상기 촉매 물품 내로 도입하기 위한 수단을 포함하는, 시스템.",431,False,True,explicit_or_regex_estimated
1020227023862,1020220108821,,공개,공개,높은 NO2 대 NOx 비에서의 효율적인 SCR을 위한 시스템 및 방법,우미코레 아게 운트 코 카게,2,"2. 제1항에 있어서, 상기 암모니아 공급원이 무수 암모니아, 수성 암모니아 및 암모늄 전구체 및 이들의 혼합물로부터 선택되고, 상기 암모늄 전구체는 우레아 수용액, 암모늄 포르메이트 수용액 및 암모늄 카바메이트 수용액으로부터 선택되는, 시스템.",137,True,False,explicit_or_regex_estimated
1020227023862,1020220108821,,공개,공개,높은 NO2 대 NOx 비에서의 효율적인 SCR을 위한 시스템 및 방법,우미코레 아게 운트 코 카게,3,"3. 제1항 또는 제2항에 있어서, 상기 촉매 기재가 관통류(flow-through) 기재, 벽-유동(wall-flow) 기재, 파형(corrugated) 기재, 세라믹 캔들 필터, 백(bag) 필터 및 촉매 펠릿으로부터 선택되는, 시스템.",134,True,False,explicit_or_regex_estimated
1020227023862,1020220108821,,공개,공개,높은 NO2 대 NOx 비에서의 효율적인 SCR을 위한 시스템 및 방법,우미코레 아게 운트 코 카게,4,"4. 제1항 내지 제3항 중 어느 한 항에 있어서, 암모니아 또는 수성 암모니아 전구체를 상기 오프-가스 내로 도입하기 위한 수단이 무수 암모니아를 도입하기 위한 수단인, 시스템.",100,True,False,explicit_or_regex_estimated
1020227023862,1020220108821,,공개,공개,높은 NO2 대 NOx 비에서의 효율적인 SCR을 위한 시스템 및 방법,우미코레 아게 운트 코 카게,5,"5. 제1항 내지 제4항 중 어느 한 항에 있어서, 상기 촉매 기재가 파형 기재이고, 상기 촉매 조성물이, 상기 촉매 물품의 총 중량을 기준으로 하여, 순수 귀금속으로 계산하여, 50 내지 10,000ppmw(parts per million per weight)의 적어도 하나의 백금족 금속(상기 백금족 금속은 팔라듐임), 상기 촉매 물품의 총 중량을 기준으로 하여, TiO2로 계산하여, 60 내지 90wt%의 적어도 하나의 티탄의 산화물(상기 적어도 하나의 티탄의 산화물은 이산화티탄임), 및 상기 촉매 물품의 총 중량을 기준으로 하여, V2O5로 계산하여, 0.1 내지 17wt%의 적어도 하나의 바나듐의 산화물(상기 적어도 하나의 바나듐의 산화물은 오산화바나듐임)을 포함하고, 상기 촉매 물품의 총 중량은 상기 적어도 하나의 백금족 금속의 양, 상기 적어도 하나의 티탄의 산화물의 양, 상기 적어도 하나의 바나듐의 산화물의 양 및 상기 촉매 기재의 양의 합인, 시스템.",490,True,False,explicit_or_regex_estimated
1020227023862,1020220108821,,공개,공개,높은 NO2 대 NOx 비에서의 효율적인 SCR을 위한 시스템 및 방법,우미코레 아게 운트 코 카게,6,"6. 제5항에 있어서, 상기 촉매 조성물이, 상기 촉매 물품의 총 중량을 기준으로 하여, WO3로 계산하여, 0.001 내지 10wt%의 적어도 하나의 텅스텐의 산화물을 추가로 포함하는, 시스템.",109,True,False,explicit_or_regex_estimated
1020227023862,1020220108821,,공개,공개,높은 NO2 대 NOx 비에서의 효율적인 SCR을 위한 시스템 및 방법,우미코레 아게 운트 코 카게,7,"7. 제1항 내지 제6항 중 어느 한 항에 있어서, 산화 기능 및 SCR 기능 둘 다를 갖는 상기 촉매 물품이 SCR 기능을 갖는 유일한 촉매 물품이고, 상기 암모니아를 도입하기 위한 수단이 상기 촉매 물품의 업스트림에 직접적으로 위치하는, 시스템.",139,True,False,explicit_or_regex_estimated
1020227023862,1020220108821,,공개,공개,높은 NO2 대 NOx 비에서의 효율적인 SCR을 위한 시스템 및 방법,우미코레 아게 운트 코 카게,8,"8. 제1항 내지 제6항 중 어느 한 항에 있어서, SCR 촉매 물품이, 산화 기능 및 SCR 기능 둘 다를 갖는 상기 촉매 물품의 업스트림에 존재하고, 상기 SCR 촉매 물품은 선택적 촉매 환원 기능만 갖고 산화 기능은 갖지 않으며, 상기 암모니아를 도입하기 위한 수단이 상기 SCR 촉매 물품의 업스트림에 직접적으로 위치하는, 시스템.",189,True,False,explicit_or_regex_estimated
1020227023862,1020220108821,,공개,공개,높은 NO2 대 NOx 비에서의 효율적인 SCR을 위한 시스템 및 방법,우미코레 아게 운트 코 카게,9,"9. 제1항 내지 제6항 중 어느 한 항에 있어서, SCR 촉매 물품이, 산화 기능 및 SCR 기능 둘 다를 갖는 상기 촉매 물품의 다운스트림에 존재하고, 상기 SCR 촉매 물품은 선택적 촉매 환원 기능만 갖고 산화 기능은 갖지 않으며, b)에 따른 암모니아를 도입하기 위한 수단이 DFC의 업스트림에 또는 DFC와 상기 SCR 촉매 물품 사이에 위치하는, 시스템.",204,True,False,explicit_or_regex_estimated
1020227023862,1020220108821,,공개,공개,높은 NO2 대 NOx 비에서의 효율적인 SCR을 위한 시스템 및 방법,우미코레 아게 운트 코 카게,10,"10. 제1항 내지 제9항 중 어느 한 항에 있어서, 상기 적어도 하나의 일산화탄소 공급원이, 발전소에 의해 방출되는 정화되지 않은(uncleaned) 배기 가스 및/또는 외부 공급원으로부터의 탄화수소 및/또는 일산화탄소로부터 선택되는, 시스템.",137,True,False,explicit_or_regex_estimated
1020227023862,1020220108821,,공개,공개,높은 NO2 대 NOx 비에서의 효율적인 SCR을 위한 시스템 및 방법,우미코레 아게 운트 코 카게,11,"11. 제1항 내지 제10항 중 어느 한 항에 있어서, 상기 촉매 물품의 유출구 단부와 상기 스택 사이에 또는 상기 스택에 배출되는 CO의 양을 계측하기 위한 수단을 추가로 포함하는, 시스템.",107,True,False,explicit_or_regex_estimated
1020227023862,1020220108821,,공개,공개,높은 NO2 대 NOx 비에서의 효율적인 SCR을 위한 시스템 및 방법,우미코레 아게 운트 코 카게,12,"12. 오프-가스로부터 휘발성 유기 화합물, 일산화탄소 및 질소 산화물을 제거하기 위한 방법으로서,a) 암모니아를 오프-가스 내로 도입하는 단계;b) 상기 오프-가스를 산화 기능 및 환원 기능 둘 다를 갖는 촉매 물품 내로 도입하는 단계로서, 상기 촉매 물품은, 촉매 기재, 및 적어도 하나의 백금족 금속 및/또는 적어도 하나의 백금족 금속 산화물, 적어도 하나의 티탄의 산화물 및 적어도 하나의 바나듐의 산화물을 포함하는 촉매 조성물을 포함하는, 상기 도입 단계;c) 상기 촉매 물품의 유출구 단부와 스택 사이에서 또는 스택에서 NOx의 양 및/또는 암모니아 슬립을 계측하는 단계;d) 단계 c) 하에 계측된 상기 스택 내의 NOx의 양 및/또는 암모니아 슬립을 감소시키기 위해 일산화탄소를 상기 촉매 물품 내로 도입하는 단계 및e) 일산화탄소의 도입 후, 상기 촉매 물품의 유출구 단부와 상기 스택 사이에서 또는 상기 스택에서 NOx의 양 및/또는 암모니아 슬립을 계측하는 단계를 포함하는, 방법.",504,False,True,explicit_or_regex_estimated
1020227023862,1020220108821,,공개,공개,높은 NO2 대 NOx 비에서의 효율적인 SCR을 위한 시스템 및 방법,우미코레 아게 운트 코 카게,13,"13. 제12항에 있어서, 암모니아 공급원이 무수 암모니아, 수성 암모니아 및 암모늄 전구체 및 이들의 혼합물로부터 선택되고, 상기 암모늄 전구체는 우레아 수용액, 암모늄 포르메이트 수용액 및 암모늄 카바메이트 수용액으로부터 선택되는, 방법.",135,True,False,explicit_or_regex_estimated
1020227023862,1020220108821,,공개,공개,높은 NO2 대 NOx 비에서의 효율적인 SCR을 위한 시스템 및 방법,우미코레 아게 운트 코 카게,14,"14. 제12항 또는 제13항에 있어서, 단계 b)의 상기 촉매 기재가 관통류 기재, 벽-유동 기재, 파형 기재, 세라믹 캔들 필터, 백 필터 및 촉매 펠릿으로부터 선택되는, 방법.",101,True,False,explicit_or_regex_estimated
1020227023862,1020220108821,,공개,공개,높은 NO2 대 NOx 비에서의 효율적인 SCR을 위한 시스템 및 방법,우미코레 아게 운트 코 카게,15,"15. 제12항 내지 제14항 중 어느 한 항에 있어서, 단계 c) 및 e)가 상기 촉매 물품의 유출구 단부와 상기 스택 사이에서 또는 상기 스택에서 배출되는 CO의 양을 계측함을 추가로 포함하는, 방법.",114,True,False,explicit_or_regex_estimated
1020227023862,1020220108821,,공개,공개,높은 NO2 대 NOx 비에서의 효율적인 SCR을 위한 시스템 및 방법,우미코레 아게 운트 코 카게,16,"16. 제12항 내지 제15항 중 어느 한 항에 있어서, 산화 기능 및 SCR 기능 둘 다를 갖는 상기 촉매 물품이 SCR 기능을 갖는 유일한 촉매 물품이고, 상기 암모니아를 도입하기 위한 수단이 상기 촉매 물품의 업스트림에 직접적으로 위치하는, 방법.",141,True,False,explicit_or_regex_estimated
1020227023862,1020220108821,,공개,공개,높은 NO2 대 NOx 비에서의 효율적인 SCR을 위한 시스템 및 방법,우미코레 아게 운트 코 카게,17,"17. 제12항 내지 제15항 중 어느 한 항에 있어서, SCR 촉매 물품이, 산화 기능 및 SCR 기능 둘 다를 갖는 상기 촉매 물품의 업스트림에 존재하고, 상기 SCR 촉매 물품은 선택적 촉매 환원 기능만 갖고 산화 기능은 갖지 않으며, 상기 암모니아를 도입하기 위한 수단이 상기 SCR 촉매 물품의 업스트림에 직접적으로 위치하는, 방법.",191,True,False,explicit_or_regex_estimated
1020227023862,1020220108821,,공개,공개,높은 NO2 대 NOx 비에서의 효율적인 SCR을 위한 시스템 및 방법,우미코레 아게 운트 코 카게,18,"18. 제12항 내지 제15항 중 어느 한 항에 있어서, SCR 촉매 물품이, 산화 기능 및 SCR 기능 둘 다를 갖는 상기 촉매 물품의 다운스트림에 존재하고, 상기 SCR 촉매 물품은 선택적 촉매 환원 기능만 갖고 산화 기능은 갖지 않으며, b)에 따른 암모니아를 도입하기 위한 수단이 DFC의 업스트림에 또는 DFC와 상기 SCR 촉매 물품 사이에 위치하는, 방법.",206,True,False,explicit_or_regex_estimated
1020227023862,1020220108821,,공개,공개,높은 NO2 대 NOx 비에서의 효율적인 SCR을 위한 시스템 및 방법,우미코레 아게 운트 코 카게,19,"19. 가스 터빈 또는 질산 플랜트에 의해 방출되는 연도 가스를 정화하기 위한, 제1항 내지 제11항 중 어느 한 항에 기재된 시스템의 용도.",79,True,False,explicit_or_regex_estimated
1020227023862,1020220108821,,공개,공개,높은 NO2 대 NOx 비에서의 효율적인 SCR을 위한 시스템 및 방법,우미코레 아게 운트 코 카게,20,"20. 가스 터빈 또는 질산 플랜트에 의해 방출되는 연도 가스를 정화하기 위한, 제12항 내지 제18항 중 어느 한 항에 기재된 방법의 용도.",79,True,False,explicit_or_regex_estimated
1020227035197,1020220150395,1028970410000,등록,등록,n형 도핑된 게르마늄 단결정 및 그로부터 유도된 웨이퍼,유미코아,1,"1. 인이 단일 도펀트인 것을 특징으로 하는, 10 mOhm.cm 미만의 비저항과 cm2 당 0.025미만의 전위를 갖는 n형 도핑된 무전위 Ge 단결정.",86,False,True,explicit_or_regex_estimated
1020227035197,1020220150395,1028970410000,등록,등록,n형 도핑된 게르마늄 단결정 및 그로부터 유도된 웨이퍼,유미코아,2,"2. 제1항에 있어서, 상기 도펀트는 5 x 1017/cm3 내지 2.5 x 1019/cm3의 양으로 포함되는 것인 n형 도핑된 무전위 Ge 단결정.",83,True,False,explicit_or_regex_estimated
1020227035197,1020220150395,1028970410000,등록,등록,n형 도핑된 게르마늄 단결정 및 그로부터 유도된 웨이퍼,유미코아,3,"3. 제1항 또는 제2항에 있어서, 2.0 내지 6.0 mOhm.cm의 비저항을 갖는 n형 도핑된 무전위 Ge 단결정.",66,True,False,explicit_or_regex_estimated
1020227035197,1020220150395,1028970410000,등록,등록,n형 도핑된 게르마늄 단결정 및 그로부터 유도된 웨이퍼,유미코아,4,"4. 제1항 또는 제2항에 있어서, 상기 단결정은 원통형이고 1 cm 내지 50 cm의 직경을 갖는 것인 n형 도핑된 무전위 Ge 단결정.",77,True,False,explicit_or_regex_estimated
1020227035197,1020220150395,1028970410000,등록,등록,n형 도핑된 게르마늄 단결정 및 그로부터 유도된 웨이퍼,유미코아,5,"5. 제1항 또는 제2항에 있어서, 상기 단결정은 원통형이고 1 cm 내지 300 cm의 길이를 갖는 것인 n형 도핑된 무전위 Ge 단결정.",78,True,False,explicit_or_regex_estimated
1020227035197,1020220150395,1028970410000,등록,등록,n형 도핑된 게르마늄 단결정 및 그로부터 유도된 웨이퍼,유미코아,6,"6. 제1항 또는 제2항에 있어서, 상기 단결정은 잉곳의 형태인 n형 도핑된 무전위 Ge 단결정.",54,True,False,explicit_or_regex_estimated
1020227035197,1020220150395,1028970410000,등록,등록,n형 도핑된 게르마늄 단결정 및 그로부터 유도된 웨이퍼,유미코아,7,"7. 인이 단일 도펀트인 것을 특징으로 하는, 10 mOhm.cm 미만의 비저항과 cm2 당 0.025미만의 전위를 갖는 n형 도핑된 무전위 Ge 단결정을 포함하는 웨이퍼.",96,False,True,explicit_or_regex_estimated
1020227035197,1020220150395,1028970410000,등록,등록,n형 도핑된 게르마늄 단결정 및 그로부터 유도된 웨이퍼,유미코아,8,"8. 제7항에 있어서, 상기 Ge 단결정은 2.0 내지 6.0 mOhm.cm의 비저항을 갖는 것인 웨이퍼.",59,True,False,explicit_or_regex_estimated
1020227035197,1020220150395,1028970410000,등록,등록,n형 도핑된 게르마늄 단결정 및 그로부터 유도된 웨이퍼,유미코아,9,"9. 제7항 또는 제8항에 있어서, 상기 웨이퍼는 25 내지 1000 μm의 두께를 갖는 것인 웨이퍼.",57,True,False,explicit_or_regex_estimated
1020227035197,1020220150395,1028970410000,등록,등록,n형 도핑된 게르마늄 단결정 및 그로부터 유도된 웨이퍼,유미코아,10,"10. 제1항 또는 제2항에 따른 n형 도핑된 무전위 Ge 단결정의 제조 방법으로서,- 초크랄스키 인상로(pulling furnace)를 제공하는 단계;- 상대적인 양으로 게르마늄 및 인을 초크랄스키 인상로에 공급하여 적어도 1 x 1018/cm3의 도펀트 수준을 얻는 단계; 및- 결정을 인상하는 단계를 포함하는, 상기 n형 도핑된 무전위 Ge 단결정의 제조 방법.",205,True,False,explicit_or_regex_estimated
1020227035197,1020220150395,1028970410000,등록,등록,n형 도핑된 게르마늄 단결정 및 그로부터 유도된 웨이퍼,유미코아,11,"11. 제10항에 있어서, 인이 GeP의 형태로 상기 초크랄스키 인상로에 공급되는 것인 제조 방법.",55,True,False,explicit_or_regex_estimated
1020227035197,1020220150395,1028970410000,등록,등록,n형 도핑된 게르마늄 단결정 및 그로부터 유도된 웨이퍼,유미코아,12,"12. 제10항에 있어서, 하기 추가 단계를 포함하는 제조 방법:- 결정을 웨이퍼로 절단하는 단계;- 거친 그릿으로 웨이퍼를 연삭하는 단계;- 웨이퍼를 화학적-기계적 연마하는 단계;- 웨이퍼의 표면을 세정하는 단계.",120,True,False,explicit_or_regex_estimated
1020227035197,1020220150395,1028970410000,등록,등록,n형 도핑된 게르마늄 단결정 및 그로부터 유도된 웨이퍼,유미코아,13,13. 제1항 또는 제2항에 따른 n형 도핑된 무전위 Ge 단결정을 포함하는 전자 디바이스.,51,True,False,explicit_or_regex_estimated
1020227035197,1020220150395,1028970410000,등록,등록,n형 도핑된 게르마늄 단결정 및 그로부터 유도된 웨이퍼,유미코아,14,14. 제1항 또는 제2항에 따른 n형 도핑된 무전위 Ge 단결정을 포함하는 수직 공진 표면 발광 레이저.,59,True,False,explicit_or_regex_estimated
1020230012423,,1025264810000,등록,등록,웨이퍼 도금용 컵셀,하이쎄미코(주),1,"1. 중앙이 개구된 하판부(110), 그리고 상기 하판부(110)의 외주연을 따라 상방 돌출된 테두리부(120)를 갖는 컵셀바디(100);상기 컵셀바디(100)를 덮도록 컵셀바디(100)의 내측 상부에 결합된 커버(200);상기 커버(200)의 하측에 설치된 것으로서, 커버(200)에 결합되는 고정스테이지(310), 상기 고정스테이지(310)의 하측에 겹쳐지도록 결합되되 고정스테이지(310)에 대하여 자유회전 가능하게 결합된 회전스테이지(320), 그리고 상기 회전스테이지(320)의 하면에 형성되어 웨이퍼(10)가 안착되는 웨이퍼안착홈(321)을 포함하는 안착스테이지(300);링 형상으로 이루어져 상기 컵셀바디(100)의 하판부(110) 상면에 놓이도록 컵셀바디(100)의 내부에 설치된 것으로서, 내주연을 따라 배열된 다수의 탄성접촉핀(412)을 갖는 하부전극림(400); 및링 형상으로 이루어져 상기 커버(200)의 하면 가장자리에 결합된 것으로서, 상기 컵셀바디(100)와 커버(200)의 결합시 상기 하부전극림(400)과 통전되는 상부전극림(500);을 포함하되,상기 커버(200)의 외주연에는 둘레를 따라 연장된 걸림홈(211)과 상기 걸림홈(211)의 일단에서 하측으로 개방되도록 연장된 진입홈(212)을 포함하는 체결홈(210)이 형성되고,상기 컵셀바디(100)에는 상기 테두리부(120)의 내측으로 돌출되어 상기 체결홈(210)에 삽입되는 걸림돌기(130)가 구비되어,웨이퍼(10)를 상기 회전스테이지(320)의 웨이퍼안착홈(321)에 안착시킨 상태에서 상기 컵셀바디(100)를 상기 커버(200)에 결합 압축시킨 후 소정 각도 회전시키는 것에 의해 상기 걸림돌기(130)와 상기 체결홈(210)이 체결되어 웨이퍼(10)를 적재 고정시키도록 구성된 것을 특징으로 하는 웨이퍼 도금용 컵셀.",901,False,True,explicit_or_regex_estimated
1020230012423,,1025264810000,등록,등록,웨이퍼 도금용 컵셀,하이쎄미코(주),2,"2. 제1항에 있어서,상기 웨이퍼안착홈(321)에는 웨이퍼(10)의 플랫존(11)과 접하게 되는 얼라인플랫부(322)가 형성된 것을 특징으로 하는 웨이퍼 도금용 컵셀.",93,True,False,explicit_or_regex_estimated
1020230012423,,1025264810000,등록,등록,웨이퍼 도금용 컵셀,하이쎄미코(주),3,"3. 제1항에 있어서,상기 커버(200)의 중앙에 장착된 것으로서, 도금장치의 스핀들에 결합되어 도금장치의 전원공급부에 전기적으로 연결되는 접속부(600); 및상기 접속부(600)와 상기 상부전극림(500)이 통전되도록 이들을 연결하는 도전바(700);를 더 포함하는 특징으로 하는 웨이퍼 도금용 컵셀.",169,True,False,explicit_or_regex_estimated
1020230012423,,1025264810000,등록,등록,웨이퍼 도금용 컵셀,하이쎄미코(주),4,"4. 제3항에 있어서,상기 도전바(700)는 일단이 상기 접속부(600)의 하면에 결합되고 타단이 상기 상부전극림(500)에 결합되는 기다란 판재 형상으로 이루어지되, 다수가 구비되어 상기 커버(200)와 상기 안착스테이지(300)의 사이에 방사상으로 배열되도록 설치된 것을 특징으로 하는 웨이퍼 도금용 컵셀.",173,True,False,explicit_or_regex_estimated
1020230012423,,1025264810000,등록,등록,웨이퍼 도금용 컵셀,하이쎄미코(주),5,"5. 제1항에 있어서,상기 하부전극림(400)은,외측의 림부(411)와, 상기 림부(411)의 내주연을 따라 돌출 형성된 다수의 상기 탄성접촉핀(412)을 갖는 하부본체림(410);상기 하부본체림(410)의 림부(411) 상면에 겹쳐지도록 설치된 상부지지체(420); 및상기 하부본체림(410)의 림부(411) 하면에 겹쳐지도록 설치된 하부지지체(430);를 포함하는 것을 특징으로 하는 웨이퍼 도금용 컵셀.",228,True,False,explicit_or_regex_estimated
1020230012423,,1025264810000,등록,등록,웨이퍼 도금용 컵셀,하이쎄미코(주),6,"6. 제1항에 있어서,상기 상부전극림(500)은,상기 커버(200)의 하면에 결합된 상부본체림(510); 및상기 상부본체림(510)의 하면에 결합된 것으로서, 상기 컵셀바디(100)와 커버(200)의 결합시 상기 하부전극림(400)과 접하여 탄성 변형되는 다수의 탄성접촉도전판(520);을 포함하는 것을 특징으로 하는 웨이퍼 도금용 컵셀.",189,True,False,explicit_or_regex_estimated
1020230175586,1020250087737,,공개,공개,결핵균에 대한 살균면역을 유도하는 융합단백질을 포함하는 결핵 백신 조성물,주식회사 미코라파,1,1. Rv2299cD2D3-ESAT6-Ag85B(REA) 융합단백질을 포함하는 결핵 백신 조성물.,54,False,True,explicit_or_regex_estimated
1020230175586,1020250087737,,공개,공개,결핵균에 대한 살균면역을 유도하는 융합단백질을 포함하는 결핵 백신 조성물,주식회사 미코라파,2,"2. 제1항에 있어서,상기 Rv2299cD2D3-ESAT6-Ag85B(REA) 융합단백질은 서열번호 1의 염기 서열로 암호화되는 것을 특징으로 하는 결핵 백신 조성물.",93,True,False,explicit_or_regex_estimated
1020230175586,1020250087737,,공개,공개,결핵균에 대한 살균면역을 유도하는 융합단백질을 포함하는 결핵 백신 조성물,주식회사 미코라파,3,"3. 제1항에 있어서,상기 Rv2299cD2D3-ESAT6-Ag85B(REA) 융합단백질은 서열번호 2의 아미노산 서열을 포함하는 것을 특징으로 하는 결핵 백신 조성물.",94,True,False,explicit_or_regex_estimated
1020230175586,1020250087737,,공개,공개,결핵균에 대한 살균면역을 유도하는 융합단백질을 포함하는 결핵 백신 조성물,주식회사 미코라파,4,4. Rv2299cD2D3-Rv3463-Ag85B(RRA) 융합단백질을 포함하는 결핵 백신 조성물.,55,False,True,explicit_or_regex_estimated
1020230175586,1020250087737,,공개,공개,결핵균에 대한 살균면역을 유도하는 융합단백질을 포함하는 결핵 백신 조성물,주식회사 미코라파,5,"5. 제4항에 있어서,상기 Rv2299cD2D3-Rv3463-Ag85B(RRA) 융합단백질은 서열번호 3의 염기 서열로 암호화되는 것을 특징으로 하는 결핵 백신 조성물.",94,True,False,explicit_or_regex_estimated
1020230175586,1020250087737,,공개,공개,결핵균에 대한 살균면역을 유도하는 융합단백질을 포함하는 결핵 백신 조성물,주식회사 미코라파,6,"6. 제4항에 있어서,상기 Rv2299cD2D3-Rv3463-Ag85B(RRA) 융합단백질은 서열번호 4의 아미노산 서열을 포함하는 것을 특징으로 하는 결핵 백신 조성물.",95,True,False,explicit_or_regex_estimated
1020230175586,1020250087737,,공개,공개,결핵균에 대한 살균면역을 유도하는 융합단백질을 포함하는 결핵 백신 조성물,주식회사 미코라파,7,"7. 제1항 내지 제6항 중 어느 한 항에 있어서,상기 결핵 백신 조성물은 결핵균에 대하여 99% 이상의 살균을 유도하는 것을 특징으로 하는 결핵 백신 조성물.",89,True,False,explicit_or_regex_estimated
1020230175586,1020250087737,,공개,공개,결핵균에 대한 살균면역을 유도하는 융합단백질을 포함하는 결핵 백신 조성물,주식회사 미코라파,8,8. 서열 번호 1 또는 3에 기재된 염기 서열을 포함하는 결핵 살균 면역용 재조합 폴리뉴클레오타이드.,57,False,True,explicit_or_regex_estimated
1020230175586,1020250087737,,공개,공개,결핵균에 대한 살균면역을 유도하는 융합단백질을 포함하는 결핵 백신 조성물,주식회사 미코라파,9,9. 서열 번호 2 또는 4에 기재된 아미노산 서열을 포함하는 결핵 살균 면역용 재조합 폴리펩타이드.,56,False,True,explicit_or_regex_estimated
1020240026434,,1027413390000,등록,등록,서셉터 제조 방법 및 그 방법에 의해 제조된 서셉터,주식회사 미코세라믹스,4,"4. 냉각 가스 공급을 위한 가스 유로를 갖는 베이스 기재; 상기 베이스 기재 상에 고정되고, 가스 홀을 가지는 절연 플레이트; 및상기 베이스 기재와 상기 절연 플레이트 사이에서 상기 가스 유로와 상기 가스 홀을 소통시키기 위한 관통홀을 갖는 부싱 구조물을 포함하고,상기 부싱 구조물은, 상기 관통홀 내벽에 형성된 나사탭을 포함하는 서셉터.",190,False,True,explicit_or_regex_estimated
1020240026434,,1027413390000,등록,등록,서셉터 제조 방법 및 그 방법에 의해 제조된 서셉터,주식회사 미코세라믹스,5,"5. 제4항에 있어서,상기 나사탭은, 제조 공정 상에서 접합제 침투 방지용 튜브 구조물과 탭체결하기 위한 서셉터.",63,True,False,explicit_or_regex_estimated
1020240026434,,1027413390000,등록,등록,서셉터 제조 방법 및 그 방법에 의해 제조된 서셉터,주식회사 미코세라믹스,6,"6. 제4항에 있어서,상기 부싱 구조물은 상기 절연 플레이트와 동일 재질로서 세라믹 재질인 서셉터.",55,True,False,explicit_or_regex_estimated
1020240026434,,1027413390000,등록,등록,서셉터 제조 방법 및 그 방법에 의해 제조된 서셉터,주식회사 미코세라믹스,7,"7. 절연 플레이트의 가스 홀로 연장되는 가스 유로의 단부에 형성된 홈에 관통홀을 갖는 부싱 구조물을 삽입하고, 상기 부싱 구조물 내벽에 형성된 나사탭에 튜브 구조물을 탭체결하는 단계; 상기 부싱 튜브 구조물의 높이 이하로 접합제를 이용하여 접합층을 형성하는 단계;상기 접합층 상에 전극층을 포함하는 베이스 기재를 접합하되 상기 베이스 기재의 가스 유로에 상기 튜브 구조물을 삽입하여 접합하는 단계; 및상기 튜브 구조물을 제거하는 단계를 포함하는 서셉터의 제조 방법.",261,False,True,explicit_or_regex_estimated
1020240026434,,1027413390000,등록,등록,서셉터 제조 방법 및 그 방법에 의해 제조된 서셉터,주식회사 미코세라믹스,8,"8. 제7항에 있어서,상기 부싱 구조물은 상기 절연 플레이트와 동일 재질로서 세라믹 재질인 서셉터의 제조 방법.",62,True,False,explicit_or_regex_estimated
1020240026434,,1027413390000,등록,등록,서셉터 제조 방법 및 그 방법에 의해 제조된 서셉터,주식회사 미코세라믹스,9,"9. 제7항에 있어서,상기 부싱 구조물은 상기 절연 플레이트의 상기 홈의 단부 이상으로 연장되는 높이를 갖는 서셉터의 제조 방법.",72,True,False,explicit_or_regex_estimated
1020240026434,,1027413390000,등록,등록,서셉터 제조 방법 및 그 방법에 의해 제조된 서셉터,주식회사 미코세라믹스,10,"10. 제7항에 있어서,상기 튜브 구조물은 플라스틱 재질로 이루어진 서셉터의 제조 방법.",49,True,False,explicit_or_regex_estimated
1020240026434,,1027413390000,등록,등록,서셉터 제조 방법 및 그 방법에 의해 제조된 서셉터,주식회사 미코세라믹스,11,"11. 제7항에 있어서,상기 튜브 구조물의 직경은 상기 부싱 구조물의 내측 관통홀의 직경 이하인 서셉터의 제조 방법.",65,True,False,explicit_or_regex_estimated
1020240067152,1020250169393,,공개,공개,고용융강도 엘라스토머를 혼합한 폴리프로필렌 발포시트 및 그 제조 방법,케미코첨단소재 주식회사,1,"1. 폴리프로필렌 발포시트의 제조 방법에 있어서,폴리프로필렌 수지의 혼련과 발포제의 용해를 유도하기 위한 1차 압출기 및 용융된 상기 폴리프로필렌 수지의 냉각을 유도하기 위한 2차 압출기가 직렬로 연결된 형태의 탠덤 발포 압출기에 복수의 재료들을 혼합하여 투입하는 단계;상기 탠덤 발포 압출기로부터 폴리프로필렌 발포체를 압출하는 단계를 포함하고,상기 복수의 재료들은 MFI(melt flow index)가 1.8 (g/10min, 230℃)인 고용융장력 호모폴리프로필렌(high melt strength Homo-polypropylene, HMS-PP) 수지 18 중량%(weight percentage, wt%), MFI가 2.0 (g/10min, 230℃)인 일반 호모 폴리프로필렌(standard Homo-polypropylene, PP) 수지 67 중량%, MFI가 0.5 (g/10min, 190℃)인 고용융장력 엘라스토머(High-Melt-Strength elastomer) 10 중량%, 탈크마스터배치(talc masterbatch) 3 중량%, n-부탄(n-butane) 2 중량%를 포함하는,방법.",567,False,True,explicit_or_regex_estimated
1020240067152,1020250169393,,공개,공개,고용융강도 엘라스토머를 혼합한 폴리프로필렌 발포시트 및 그 제조 방법,케미코첨단소재 주식회사,2,"2. 제1 항에 있어서,상기 폴리프로필렌 발포시트의 독립 기포율(closed cell rate)이 50 내지 90%인,방법.",69,True,False,explicit_or_regex_estimated
1020240067152,1020250169393,,공개,공개,고용융강도 엘라스토머를 혼합한 폴리프로필렌 발포시트 및 그 제조 방법,케미코첨단소재 주식회사,3,"3. 제1 항에 있어서,상기 고용융장력 엘라스토머(High-Melt-Strength elastomer)는 폴리올레핀 엘라스토머(polyolefin elastomer, POE), 프로필렌 기반 엘라스토머 (Propylene-based Elastomer, PBE), 에틸렌 프로필렌 디엔 모노머 고무 (Ethylene Propylene Diene Monomer Rubber, EPDM) 중 하나에 해당하는,방법.",228,True,False,explicit_or_regex_estimated
1020240067152,1020250169393,,공개,공개,고용융강도 엘라스토머를 혼합한 폴리프로필렌 발포시트 및 그 제조 방법,케미코첨단소재 주식회사,4,"4. 제1 항에 있어서,상기 1차 압출기 및 상기 2차 압출기의 길이 대 직경 비율 (Length/Diameter, L/D)는 32:1이고,상기 1차 압출기의 직경은 100mm이고, 상기 2차 압출기의 직경은 130mm인,방법.",127,True,False,explicit_or_regex_estimated
1020240067152,1020250169393,,공개,공개,고용융강도 엘라스토머를 혼합한 폴리프로필렌 발포시트 및 그 제조 방법,케미코첨단소재 주식회사,5,"5. 제1 항에 있어서,상기 n-부탄은 상기 1차 압출기의 배럴 중간에 펌프를 통해 투입되는,방법.",55,True,False,explicit_or_regex_estimated
1020240067152,1020250169393,,공개,공개,고용융강도 엘라스토머를 혼합한 폴리프로필렌 발포시트 및 그 제조 방법,케미코첨단소재 주식회사,6,"6. 폴리프로필렌 발포시트에 있어서,발포 코어층을 포함하고,상기 발포 코어층은 복수의 재료들로 구성되며,상기 복수의 재료들은 MFI(melt flow index)가 1.8 (g/10min, 230℃)인 고용융장력 호모폴리프로필렌(high melt strength Homo-polypropylene, HMS-PP) 수지 18 중량%(weight percentage, wt%), MFI가 2.0 (g/10min, 230℃)인 일반 호모 폴리프로필렌(standard polypropylene, PP) 수지 67 중량%, MFI가 0.5 (g/10min, 190℃)인 고용융장력 엘라스토머(High-Melt-Strength elastomer) 10 중량%, 탈크마스터배치(talc masterbatch) 3 중량%, n-부탄(n-butane) 2 중량%를 포함하는,폴리프로필렌 발포시트.",436,False,True,explicit_or_regex_estimated
1020240067152,1020250169393,,공개,공개,고용융강도 엘라스토머를 혼합한 폴리프로필렌 발포시트 및 그 제조 방법,케미코첨단소재 주식회사,7,"7. 제6 항에 있어서,상기 폴리프로필렌 발포시트의 독립 기포율(closed cell rate)이 50 내지 90%인,폴리프로필렌 발포시트.",78,True,False,explicit_or_regex_estimated
1020240067152,1020250169393,,공개,공개,고용융강도 엘라스토머를 혼합한 폴리프로필렌 발포시트 및 그 제조 방법,케미코첨단소재 주식회사,8,"8. 제6 항에 있어서,상기 고용융장력 엘라스토머(High-Melt-Strength elastomer)는 폴리올레핀 엘라스토머(polyolefin elastomer, POE), 프로필렌 기반 엘라스토머 (Propylene-based Elastomer, PBE), 에틸렌 프로필렌 디엔 모노머 고무 (Ethylene Propylene Diene Monomer Rubber, EPDM) 중 하나에 해당하는,폴리프로필렌 발포시트.",237,True,False,explicit_or_regex_estimated
1020240067152,1020250169393,,공개,공개,고용융강도 엘라스토머를 혼합한 폴리프로필렌 발포시트 및 그 제조 방법,케미코첨단소재 주식회사,9,"9. 제6 항에 있어서,상기 발포 코어층은 폴리프로필렌 수지의 혼련과 발포제의 용해를 유도하기 위한 1차 압출기 및 용융된 상기 폴리프로필렌 수지의 냉각을 유도하기 위한 2차 압출기가 직렬로 연결된 형태의 탠덤 발포 압출기에 상기 복수의 재료들이 투입됨으로써 생성되고,상기 1차 압출기 및 상기 2차 압출기의 길이 대 직경 비율 (Length/Diameter, L/D)는 32:1이고,상기 1차 압출기의 직경은 100mm이고, 상기 2차 압출기의 직경은 130mm인,폴리프로필렌 발포시트.",273,True,False,explicit_or_regex_estimated
1020240067152,1020250169393,,공개,공개,고용융강도 엘라스토머를 혼합한 폴리프로필렌 발포시트 및 그 제조 방법,케미코첨단소재 주식회사,10,"10. 제9 항에 있어서,상기 n-부탄은 상기 1차 압출기의 배럴 중간에 펌프를 통해 투입되는,폴리프로필렌 발포시트.",65,True,False,explicit_or_regex_estimated
1020240125994,1020260040134,,공개,공개,신속발육 비결핵 항산균 세포벽골격을 포함하는 면역증강 조성물과 그에 의한 제조 방법,충남대학교산학협력단|주식회사 미코라파,1,"1. 마이코박테리움 압세수스(Mycobacterium abscessus, Mab)의 세포벽 골격(Cell Wall Skeleton, CWS)을 포함하는 면역증강용 조성물.",95,False,True,explicit_or_regex_estimated
1020240125994,1020260040134,,공개,공개,신속발육 비결핵 항산균 세포벽골격을 포함하는 면역증강 조성물과 그에 의한 제조 방법,충남대학교산학협력단|주식회사 미코라파,2,"2. 제1항에 있어서,상기 마이코박테리움 압세수스의 세포벽 골격은 1-데옥시테트라데카스핑가닌(1-deoxytetradecasphinganine), 아베놀레닉산(Avenoleic acid), PE(P-16:0/22:1(13Z), 메틸 2E,4Z-헥사데카디에노에이트(Methyl 2E,4Z-hexadecadienoate) 및 1-도데카놀(1-dodecanol)을 포함하는 것을 특징으로 하는 면역증강용 조성물.",227,True,False,explicit_or_regex_estimated
1020240125994,1020260040134,,공개,공개,신속발육 비결핵 항산균 세포벽골격을 포함하는 면역증강 조성물과 그에 의한 제조 방법,충남대학교산학협력단|주식회사 미코라파,3,"3. 제1항 또는 제2항에 있어서,상기 면역증강용 조성물은 골수유래 큰포식세포(Bone-marrow-derived macrophages, BMDMs)에서 MHC-I, MHC-II 또는 CD80의 발현을 증가시키는 것을 특징으로 하는 면역증강용 조성물.",140,True,False,explicit_or_regex_estimated
1020240125994,1020260040134,,공개,공개,신속발육 비결핵 항산균 세포벽골격을 포함하는 면역증강 조성물과 그에 의한 제조 방법,충남대학교산학협력단|주식회사 미코라파,4,"4. 제1항 또는 제2항에 있어서,상기 면역증강용 조성물은 골수유래 큰포식세포(Bone-marrow-derived macrophages, BMDMs) 또는 골수유래 수지상세포(Bone-marrow-derived dendritic cells, BMDCs)에서 TNF-α 또는 IL-6의 발현을 증가시키는 것을 특징으로 하는 면역증강용 조성물.",190,True,False,explicit_or_regex_estimated
1020240125994,1020260040134,,공개,공개,신속발육 비결핵 항산균 세포벽골격을 포함하는 면역증강 조성물과 그에 의한 제조 방법,충남대학교산학협력단|주식회사 미코라파,5,5. 제1항 또는 제2항의 면역증강용 조성물을 포함하는 백신 조성물.,38,True,False,explicit_or_regex_estimated
1020240125994,1020260040134,,공개,공개,신속발육 비결핵 항산균 세포벽골격을 포함하는 면역증강 조성물과 그에 의한 제조 방법,충남대학교산학협력단|주식회사 미코라파,6,"6. 제5항에 있어서, 상기 백신 조성물은 리포좀 제형, 이멀젼 제형 또는 알룸제형으로 제조되는 것을 특징으로 하는 백신 조성물.",72,True,False,explicit_or_regex_estimated
1020240125994,1020260040134,,공개,공개,신속발육 비결핵 항산균 세포벽골격을 포함하는 면역증강 조성물과 그에 의한 제조 방법,충남대학교산학협력단|주식회사 미코라파,7,"7. 제5항에 있어서, 상기 백신 조성물은 예방백신 또는 치료용 백신인 것을 특징으로 하는 백신 조성물.",58,True,False,explicit_or_regex_estimated
1020240125994,1020260040134,,공개,공개,신속발육 비결핵 항산균 세포벽골격을 포함하는 면역증강 조성물과 그에 의한 제조 방법,충남대학교산학협력단|주식회사 미코라파,8,"8. 제7항에 있어서, 상기 백신 조성물은 결핵(Tuberculosis) 백신인 것을 특징으로 하는 백신 조성물.",63,True,False,explicit_or_regex_estimated
1020240125994,1020260040134,,공개,공개,신속발육 비결핵 항산균 세포벽골격을 포함하는 면역증강 조성물과 그에 의한 제조 방법,충남대학교산학협력단|주식회사 미코라파,9,"9. 제7항에 있어서, 상기 백신 조성물은 암치료용 백신인 것을 특징으로 하는 백신 조성물.",51,True,False,explicit_or_regex_estimated
1020240125994,1020260040134,,공개,공개,신속발육 비결핵 항산균 세포벽골격을 포함하는 면역증강 조성물과 그에 의한 제조 방법,충남대학교산학협력단|주식회사 미코라파,10,"10. 마이코박테리움 압세수스(Mycobacterium abscessus, Mab)을 배양하는 단계(A);상기 배양된 Mab을 수거하여 균체를 파쇄하는 단계(B);상기 파쇄된 Mab 균체를 2% 트리톤 X-100으로 현탁하고 60℃에서 1시간 중탕하여 탈지질화하는 단계(C);상기 탈지질화된 Mab 균체를 2% SDS로 현탁 후, 60℃에서 1시간 중탕하여 탈단백화하는 단계(D); 및상기 탈지질, 탈단백화된 Mab 세포벽 골격을 세척하는 단계(E);를 포함하는 것을 특징으로 하는 마이코박테리움 압세수스(Mycobacterium abscessus, Mab)의 세포벽 골격을 대량 제조하는 방법.",333,False,True,explicit_or_regex_estimated
1020240125994,1020260040134,,공개,공개,신속발육 비결핵 항산균 세포벽골격을 포함하는 면역증강 조성물과 그에 의한 제조 방법,충남대학교산학협력단|주식회사 미코라파,11,"11. 제10항에 있어서,상기 (1) 단계의 마이코박테리움 압세수스(Mycobacterium abscessus, Mab)을 배양하는 단계는 마이코박테리움 압세수스(Mycobacterium abscessus, Mab)를 소톤배지 또는 알부민과 카탈라제 불포함 7H9배지에 37℃에서 10일간 정지배양하는 것을 특징으로 하는 마이코박테리움 압세수스(Mycobacterium abscessus, Mab)의 세포벽 골격을 대량 제조하는 방법.",243,True,False,explicit_or_regex_estimated
1020240150761,1020260063277,,공개,공개,초고압 등온 온간 등방압 성형장치,(주) 미코하이테크,1,"1. 좌측과 우측에 각각 개구부를 형성한 압력용기;상기 압력용기의 좌측 개구부를 선택적으로 개폐하는 좌측 개폐도어;상기 압력용기의 우측 개구부를 선택적으로 개폐하는 우측 개폐도어; 및상기 압력용기의 내부에 구비되어, 내부에 수용되는 압력매체의 열을 높은 곳에서 낮은 곳으로 전달하는 열전도모듈을 포함하는 초고압 등온 온간 등방압 성형장치.",189,False,True,explicit_or_regex_estimated
1020240150761,1020260063277,,공개,공개,초고압 등온 온간 등방압 성형장치,(주) 미코하이테크,2,"2. 청구항 1에 있어서,상기 열전도모듈은,상기 압력용기의 내면에 상기 열전도 모듈의 외면이 밀착되는 원통형의 메인 열전도체와,상기 메인 열전도체의 좌측 개구에 결합되는 측면 열전도체를 포함하는 초고압 등온 온간 등방압 성형장치.",128,True,False,explicit_or_regex_estimated
1020240150761,1020260063277,,공개,공개,초고압 등온 온간 등방압 성형장치,(주) 미코하이테크,3,"3. 청구항 2에 있어서,상기 열전도모듈은,상기 메인 열전도체의 우측 개구에 결합되는 진동판과,상기 진동판에 구비되어 상기 진동판을 진동시켜 압력매체에 초음파를 전파하는 초음파진동자를 더 포함하는 초고압 등온 온간 등방압 성형장치.",129,True,False,explicit_or_regex_estimated
1020240150761,1020260063277,,공개,공개,초고압 등온 온간 등방압 성형장치,(주) 미코하이테크,4,"4. 청구항 2에 있어서,상기 메인 열전도체는, 그라파이트, 구리, 알루미늄, 그라파이트에 금속을 피복한 것 중 어느 하나의 재질로 이루어진 것을 특징으로 하는 초고압 등온 온간 등방압 성형장치.",109,True,False,explicit_or_regex_estimated
1020240150761,1020260063277,,공개,공개,초고압 등온 온간 등방압 성형장치,(주) 미코하이테크,5,"5. 청구항 2에 있어서,상기 측면 열전도체는,그라파이트, 구리, 알루미늄, 그라파이트에 금속을 피복한 것 중 어느 하나의 재질로 이루어진 것을 특징으로 하는 초고압 등온 온간 등방압 성형장치.",108,True,False,explicit_or_regex_estimated
1020240150761,1020260063277,,공개,공개,초고압 등온 온간 등방압 성형장치,(주) 미코하이테크,6,"6. 청구항 5에 있어서,상기 측면 열전도체는,상기 좌측 개폐도어 중 상기 좌측 개구부를 향하는 면에 결합되어, 상기 좌측 개폐도어가 상기 압력용기의 좌측 개구부를 폐쇄할 시 함께 이동되어, 상기 메인 열전도체의 좌측 개구에 결합되는 초고압 등온 온간 등방압 성형장치.",150,True,False,explicit_or_regex_estimated
1020240150761,1020260063277,,공개,공개,초고압 등온 온간 등방압 성형장치,(주) 미코하이테크,7,"7. 청구항 3에 있어서,상기 진동판은, 그라파이트, 구리, 알루미늄, 그라파이트에 금속을 피복한 것 중 어느 하나의 재질로 이루어진 것을 특징으로 하는 초고압 등온 온간 등방압 성형장치.",105,True,False,explicit_or_regex_estimated
1020240150761,1020260063277,,공개,공개,초고압 등온 온간 등방압 성형장치,(주) 미코하이테크,8,"8. 청구항 3에 있어서,상기 진동판은,상기 우측 개폐도어 중 상기 우측 개구부를 향하는 면에 결합되어, 상기 우측 개폐도어가 상기 압력용기의 우측 개구부를 폐쇄할 시 함께 이동되어, 상기 메인 열전도체의 우측 개구에 결합되는 초고압 등온 온간 등방압 성형장치.",146,True,False,explicit_or_regex_estimated
1020240150761,1020260063277,,공개,공개,초고압 등온 온간 등방압 성형장치,(주) 미코하이테크,9,"9. 청구항 3에 있어서,상기 열전도모듈은,상기 압력용기에 수용된 압력매체에 초음파를 전파하여 상기 압력용기에 수용된 압력매체를 대류 시키는 것을 특징으로 하는 초고압 등온 온간 등방압 성형장치.",109,True,False,explicit_or_regex_estimated
1020240150761,1020260063277,,공개,공개,초고압 등온 온간 등방압 성형장치,(주) 미코하이테크,10,"10. 청구항 3에 있어서,상기 열전도모듈은,상기 초음파진동자와 전기적으로 연결되어, 상기 압력용기에 가해진 온도 또는 압력에 따라 초음파의 진폭을 증폭하는 부스터와,상기 초음파진동자와 기계적으로 연결되어, 상기 압력용기에 가해진 온도 또는 압력에 따라 초음파의 진폭을 조절하는 초음파 컨트롤러를 더 포함하는 초고압 등온 온간 등방압 성형장치.",192,True,False,explicit_or_regex_estimated
1020240150761,1020260063277,,공개,공개,초고압 등온 온간 등방압 성형장치,(주) 미코하이테크,11,"11. 청구항 1에 있어서,지면에 설치되는 판 상의 베이스와,상기 베이스의 상측에 배치되고, 중앙에 상기 압력용기, 좌측 개폐도어, 우측 개폐도어가 위치하는 관통공간을 형성한 프레임을 더 포함하는 초고압 등온 온간 등방압 성형장치.",129,True,False,explicit_or_regex_estimated
1020240150761,1020260063277,,공개,공개,초고압 등온 온간 등방압 성형장치,(주) 미코하이테크,12,"12. 청구항 11에 있어서,상기 압력용기는,선택적으로 이송되어, 상기 프레임의 관통공간에 선택적으로 위치되는 것을 특징으로 하는 초고압 등온 온간 등방압 성형장치.",92,True,False,explicit_or_regex_estimated
1020240150761,1020260063277,,공개,공개,초고압 등온 온간 등방압 성형장치,(주) 미코하이테크,13,"13. 청구항 11에 있어서,상기 좌측 개폐도어는, 상기 프레임의 관통공간 중 압력용기가 위치하는 지점을 기준으로 좌측에 배치되고, 상기 우측 개폐도어는, 상기 프레임의 관통공간 중 압력용기가 위치하는 지점을 기준으로 우측에 배치되는 것을 특징으로 하는 초고압 등온 온간 등방압 성형장치.",161,True,False,explicit_or_regex_estimated
1020240150761,1020260063277,,공개,공개,초고압 등온 온간 등방압 성형장치,(주) 미코하이테크,14,"14. 청구항 4, 5, 7, 중 어느 한 항에 있어서,상기 그라파이트에 금속을 피복한 재질의 금속은,구리 또는 알루미늄 중 어느 하나인 것을 특징으로 하는 초고압 등온 온간 등방압 성형장치.",107,True,False,explicit_or_regex_estimated
1020247002462,1020240023644,,공개,공개,폐수 처리를 위한 친환경적 방법,유미코아,1,"1. 가용성 설파이드를 형성하기 쉬운 양이온의 설페이트 염을 함유하는 폐수(1)의 처리 방법으로서, - 설페이트의 설파이드로의 환원에 적합한 생물반응기(A)를 제공하는 단계; - 양이온 교환 막에 의해 인접한 캐소드 구획(B1) 및 인접한 애노드 구획(B3)에 연결된 중앙 구획(B2)을 갖는, 전류가 흐르는 전기화학 셀(B)을 제공하여, 캐소드 구획에서 H2를 생성하고 애노드 구획에서 O2를 생성하는 단계; - 양이온 함유 수용액(21)을 중앙 구획(B2)에 통과시키는 단계; - 애노드 구획(B3)에 산성 수용액(31)을 제공하는 단계; - 생물반응기(A) 및 캐소드 구획(B1)을 통과하는 경로 상의 제1 루프(L1)에서 설파이드 용액(11, 12)을 순환시키는 단계로서, 전기화학 셀(B)을 통해 전류를 조정함으로써 용액의 pH가 6 내지 9로 유지되는 단계; - 설정된 유량으로 폐수(1)를 제1 루프(L1)에 추가하는 단계; 및, - 폐수(1)를 공급하는 유량에 상응하는 속도로 제1 루프(L1)로부터 용액의 소 부분(11')을 블리딩(bleeding)하는 단계를 포함하는, 가용성 설파이드를 형성하기 쉬운 양이온의 설페이트 염을 함유하는 폐수(1)의 처리 방법.",602,False,True,explicit_or_regex_estimated
1020247002462,1020240023644,,공개,공개,폐수 처리를 위한 친환경적 방법,유미코아,2,"2. 제1항에 있어서,- 중앙 구획(B2)을 통과하는 경로 상의 제2 루프(L2)에서 양이온 함유 수용액(21, 22)을 순환시키는 단계; - 제1 루프(L1)로부터의 블리드(11')를 제2 루프(L2)에 추가하는 단계; 및, - 폐수(1)를 공급하는 유량에 상응하는 속도로 제2 루프(L2)로부터 용액의 소 부분(21')을 블리딩하는 단계의 추가 단계를 포함하는 방법.",207,True,False,explicit_or_regex_estimated
1020247002462,1020240023644,,공개,공개,폐수 처리를 위한 친환경적 방법,유미코아,3,"3. 제1항 또는 제2항에 있어서, - H2S의 회수를 위해 스트리핑 반응기(C)를 제2 루프(L2)에 삽입하는 단계를 포함하는 방법.",75,True,False,explicit_or_regex_estimated
1020247002462,1020240023644,,공개,공개,폐수 처리를 위한 친환경적 방법,유미코아,4,"4. 제1항 내지 제3항 중 어느 한 항에 있어서,- 제2 루프(L2)에 물 제거 반응기(D)를 삽입하는 단계를 포함하는 방법.",71,True,False,explicit_or_regex_estimated
1020247002462,1020240023644,,공개,공개,폐수 처리를 위한 친환경적 방법,유미코아,5,"5. 제1항 내지 제4항 중 어느 한 항에 있어서, - 캐소드 구획(B1)에서 생성된 H2를 제1 루프(L1)에 스파징하는 단계를 포함하는 방법.",81,True,False,explicit_or_regex_estimated
1020247002462,1020240023644,,공개,공개,폐수 처리를 위한 친환경적 방법,유미코아,6,"6. 가용성 및 불용성 설파이드를 형성하기 쉬운 양이온의 설페이트 염을 함유하는 폐수(1')의 처리 방법으로서, - 설파이드 침전 반응기(E)를 제공하는 단계; - 폐수(1')를 설파이드 침전 반응기(E)에 공급하는 단계; - H2S를 설파이드 침전 반응기(E)에 공급하여, 불용성 설파이드를 침전시키는 단계; - 폐수로부터 불용성 설파이드를 분리하여 폐수(1)를 수득하는 단계; 및, - 제1항 내지 제5항 중 어느 한 항에 따라 상기 폐수(1)를 처리하는 단계를 포함하는, 가용성 및 불용성 설파이드를 형성하기 쉬운 양이온의 설페이트 염을 함유하는 폐수(1')의 처리 방법.",323,True,False,explicit_or_regex_estimated
1020247002462,1020240023644,,공개,공개,폐수 처리를 위한 친환경적 방법,유미코아,7,"7. 가용성 및 불용성 설파이드를 형성하기 쉬운 양이온의 설페이트 염을 함유하는 폐수(1')의 처리 방법으로서, 제3항에 따른 스트리핑 반응기(C)가 제공되는 것을 단서로 하여, - 설파이드 침전 반응기(E)를 제공하는 단계; - 폐수(1')를 설파이드 침전 반응기(E)에 공급하는 단계; - 스트리핑 반응기(C)로부터 회수된 H2S를 설파이드 침전 반응기에 공급하여, 불용성 설파이드를 침전시키는 단계; - 폐수로부터 불용성 설파이드를 분리하여 폐수(1)를 수득하는 단계; 및, - 제3항 내지 제6항 중 어느 한 항에 따라 상기 폐수(1)를 처리하는 단계를 포함하는, 가용성 및 불용성 설파이드를 형성하기 쉬운 양이온의 설페이트 염을 함유하는 폐수(1')의 처리 방법.",376,True,False,explicit_or_regex_estimated
1020247006649,1020240041984,,공개,공개,금속의 분리를 위한 결정화 방법,유미코아,1,"1. 수용액 내 출발 물질로부터 Ni를 포함하는 전이 금속 M을 선택적으로 회수하는 방법으로서, 상기 용액은 또한 Li를 함유하고, 상기 방법은- 섭씨 온도로 표시되는 온도 T에서 황산의 g/L로 표시되는 산도 A에 도달하도록, T가 45℃와 용액의 비점 사이에 있는 식 A ≥ 1100 - 6.7 * T에 따라 용액을 컨디셔닝하여 Ni를 결정화함으로써, 고체와 액체 반응 생성물의 혼합물을 얻는 단계; 및,- 반응 생성물을 고체/액체 분리함으로써, 방법에 진입하는 대부분의 Ni를 포함하는 고체 잔류물을 수화된 황산니켈로서 얻고, 방법에 진입하는 대부분의 Li를 포함하는 유출 용액을 얻는 단계를 포함하는 것인 방법.",346,False,True,explicit_or_regex_estimated
1020247006649,1020240041984,,공개,공개,금속의 분리를 위한 결정화 방법,유미코아,2,"2. 고체 형태의 출발 물질로부터 Ni를 포함하는 전이 금속 M을 선택적으로 회수하는 방법으로서, 상기 고체는 또한 Li를 함유하고, 상기 방법은- 섭씨 온도로 표시되는 온도 T에서 황산의 g/L로 표시되는 산도 A에 도달하도록, T가 45℃와 수성 매질의 비점 사이에 있는 식 A ≥ 1100 - 6.7 * T에 따라 컨디셔닝된 수성 매질과 고체를 접촉시켜 Ni를 결정화함으로써, 고체와 액체 반응 생성물의 혼합물을 얻는 단계; 및,- 반응 생성물을 고체/액체 분리함으로써, 방법에 진입하는 대부분의 Ni를 포함하는 고체 잔류물을 수화된 황산니켈로서 얻고, 방법에 진입하는 대부분의 Li를 포함하는 유출 용액을 얻는 단계를 포함하는 것인 방법.",361,False,True,explicit_or_regex_estimated
1020247006649,1020240041984,,공개,공개,금속의 분리를 위한 결정화 방법,유미코아,3,"3. 제1항 또는 제2항에 있어서, 황산의 g/L로 표시되는 용액의 산도 A 및 섭씨온도로 표현되는 용액의 온도 T는 식 A ≥ 1250 - 6.7 * T에 따라 선택되며, 여기서 T는 50℃와 용액의 비점 사이에 있는 것인 방법.",129,True,False,explicit_or_regex_estimated
1020247006649,1020240041984,,공개,공개,금속의 분리를 위한 결정화 방법,유미코아,4,"4. 제1항 내지 제3항 중 어느 한 항에 있어서, 상기 대부분의 Li는 방법에 진입하는 Li의 적어도 80 중량%, 바람직하게는 적어도 90 중량%인 방법.",88,True,False,explicit_or_regex_estimated
1020247006649,1020240041984,,공개,공개,금속의 분리를 위한 결정화 방법,유미코아,5,"5. 제1항 내지 제4항 중 어느 한 항에 있어서, 상기 대부분의 Ni는 방법에 진입하는 Ni의 적어도 60 중량%, 바람직하게는 적어도 80 중량%인 방법.",88,True,False,explicit_or_regex_estimated
1020247006649,1020240041984,,공개,공개,금속의 분리를 위한 결정화 방법,유미코아,6,"6. 제1항 내지 제5항 중 어느 한 항에 있어서, 고체/액체 분리 단계에서 얻은 고체 잔류물은, 화학식 NiSO4.xH2O에 따른 수화된 황산염을 포함하며, 여기서 x는 평균 수화 계수이고, 이때 x ＜ 5, 바람직하게는 x ＜ 2인 방법.",135,True,False,explicit_or_regex_estimated
1020247006649,1020240041984,,공개,공개,금속의 분리를 위한 결정화 방법,유미코아,7,"7. 제1항 내지 제6항 중 어느 한 항에 있어서, 출발 물질은 적어도 0.15의 Ni:Li 중량비를 갖는 것인 방법.",66,True,False,explicit_or_regex_estimated
1020247006649,1020240041984,,공개,공개,금속의 분리를 위한 결정화 방법,유미코아,8,"8. 제1항 내지 제7항 중 어느 한 항에 있어서, 출발 물질은 Co를 더 포함하는 것인 방법.",53,True,False,explicit_or_regex_estimated
1020247006649,1020240041984,,공개,공개,금속의 분리를 위한 결정화 방법,유미코아,9,"9. 제8항에 있어서, Ni:Co 몰비가 적어도 1인 방법.",33,True,False,explicit_or_regex_estimated
1020247006649,1020240041984,,공개,공개,금속의 분리를 위한 결정화 방법,유미코아,10,"10. 제9항에 있어서, Ni와 Co의 합계가 상기 전이 금속 M의 대부분을 형성하는 것인 방법.",54,True,False,explicit_or_regex_estimated
1020247006649,1020240041984,,공개,공개,금속의 분리를 위한 결정화 방법,유미코아,11,"11. 제1항 내지 제10항 중 어느 한 항에 있어서, 출발 물질은 Mn을 더 포함하는 것인 방법.",55,True,False,explicit_or_regex_estimated
1020247006649,1020240041984,,공개,공개,금속의 분리를 위한 결정화 방법,유미코아,12,"12. 제1항 내지 제11항 중 어느 한 항에 있어서, 출발 물질은 재충전 가능한 배터리로부터, 특히 리튬 이온 배터리로부터 유래되는 것인 방법.",81,True,False,explicit_or_regex_estimated
1020247006649,1020240041984,,공개,공개,금속의 분리를 위한 결정화 방법,유미코아,13,"13. 제1항 내지 제12항 중 어느 한 항에 있어서, Ni는 상기 전이 금속 M의 대부분을 형성하는 것인 방법.",63,True,False,explicit_or_regex_estimated
1020247014526,1020240070672,,공개,공개,에폭시 수지,"스폴렉 프로 케미코우 어 허트니 비로부, 아크시오바 스폴렉노스트",1,"1. 고분자량 에폭시 수지 조성물로서,에폭시 당량이 172 내지 500 g/mol인 저분자량 BPA계 에폭시 수지와,(a) 디사이클로펜탄디엔 디페놀의 올리고머 및/또는 모노머 및/또는 폴리머 및/또는 (b) 비스페놀 F 또는 S 또는 Z 또는 C 또는 폴리알킬 BPF, 알킬 비페놀, 폴리알킬 비페놀, 또는 폴리알킬 BPA, 및/또는(c) 페놀 물질 (a)와 (b)의 혼합물, 및/또는(d) 지방족, 환상지방족 및 방향족 폴리산 또는 이들의 무수물, 및/또는(e) 지방족 및/또는 환상지방족 및/또는 방향족 폴리알코올 또는 폴리페놀, 및/또는(f) (a), (d) 및 (e)에 따른 모노머의 혼합물로부터 제조되며,상기 최종 고분자량 에폭시 수지 중의 유리 BPA의 함량이 2 ppm 미만, 바람직하게는 1 ppm 미만인, 고분자량 에폭시 수지 조성물.",420,False,True,explicit_or_regex_estimated
1020247014526,1020240070672,,공개,공개,에폭시 수지,"스폴렉 프로 케미코우 어 허트니 비로부, 아크시오바 스폴렉노스트",2,"2. 청구항 1에 있어서,그의 평균 분자량이 1000 내지 6000 달톤 범위인, 고분자량 에폭시 수지 조성물.",62,True,False,explicit_or_regex_estimated
1020247014526,1020240070672,,공개,공개,에폭시 수지,"스폴렉 프로 케미코우 어 허트니 비로부, 아크시오바 스폴렉노스트",3,"3. 청구항 1 또는 청구항 2에 있어서,상기 BPA계 저분자량 에폭시 수지가 비스페놀 A의 디글리시딜 에테르를 포함하는, 고분자량 에폭시 수지 조성물.",85,True,False,explicit_or_regex_estimated
1020247014526,1020240070672,,공개,공개,에폭시 수지,"스폴렉 프로 케미코우 어 허트니 비로부, 아크시오바 스폴렉노스트",4,"4. 청구항 1 내지 청구항 3 중 어느 한 항에 있어서,경화제로 경화되고,경화된 고분자량 에폭시 수지의 유리 BPA의 함량이 1 ppm 미만인, 경화된 고분자량 에폭시 수지의 조성물.",103,True,False,explicit_or_regex_estimated
1020247014526,1020240070672,,공개,공개,에폭시 수지,"스폴렉 프로 케미코우 어 허트니 비로부, 아크시오바 스폴렉노스트",5,"5. 청구항 4에 있어서,상기 경화제가 이하로부터 선택되는 경화제의 그룹인, 조성물:(a) 폴리에테르아민, 지방족, 환상지방족, 헤테로사이클릭 및 방향족 폴리아민, 및/또는 이들의 환상지방족, 지방족 및 방향족 에폭사이드와의 부가물, 우레아 유도체 및 디시안디아미드, 및/또는(b) 폴리에스테르, 무수물, 즉 지방족, 환상지방족, 헤테로사이클릭 및 방향족 폴리무수물, 및 폴리산 및/또는 이들의 환상지방족, 지방족 및 방향족 에폭사이드와의 부가물, 및/또는(c) 지방족, 환상지방족, 헤테로사이클릭 및 방향족 아민 및 폴리아민 및 이들의 환상지방족, 지방족 다이머 및 폴리머 지방 모노, 디 및 폴리카르복실산과의 부가물을 기반으로 하는 폴리아미드 및 아미노아미드, 및/또는(d) 멜라민, 우레아 및 페놀 포름알데히드 수지, 노볼락 및 폴리페놀, 예를 들어 디사이클로펜타디엔 디페놀, 및/또는(e) 마스크화되거나 또는 마스크화되지 않은 폴리이소시아네이트, 및/또는(f) 루이스 염기 및 산.",497,True,False,explicit_or_regex_estimated
1020247014526,1020240070672,,공개,공개,에폭시 수지,"스폴렉 프로 케미코우 어 허트니 비로부, 아크시오바 스폴렉노스트",6,"6. 청구항 4 또는 청구항 5에 있어서,수지의 비율이 10 내지 97 중량%이고 상기 조성물 중의 나머지가 경화제인, 경화된 고분자량 에폭시 수지의 조성물.",88,True,False,explicit_or_regex_estimated
1020247014526,1020240070672,,공개,공개,에폭시 수지,"스폴렉 프로 케미코우 어 허트니 비로부, 아크시오바 스폴렉노스트",7,"7. 고분자량 BPA계 에폭시 수지의 제조 방법으로서,에폭시 당량이 172 내지 500 g/mol인 저분자량 BPA계 에폭시 수지를, 암모늄 또는 포스포늄염을 기반으로 하는 촉매의 존재하에 50 내지 250℃의 범위의 온도에서,(a) 디사이클로펜탄디엔 디페놀의 올리고머 및/또는 모노머 및/또는 폴리머 및/또는 (b) 비스페놀 F 또는 S 또는 Z 또는 C 또는 폴리알킬 BPF, 알킬 비페놀, 폴리알킬 비페놀, 또는 폴리알킬 BPA, 및/또는(c) 페놀 물질 (a)와 (b)의 혼합물, 및/또는(d) 지방족, 환상지방족 및 방향족 폴리산 또는 이들의 무수물, 및/또는(e) 지방족 및/또는 환상지방족 및/또는 방향족 폴리알코올 또는 폴리페놀; 및/또는(f) (a), (d) 및 (e)에 따른 모노머의 혼합물;과 혼합하여 반응시키며, 상기 생성된 고분자량 에폭시 수지의 유리 BPA의 함량이 2 ppm 미만, 바람직하게는 1 ppm 미만인, 방법.",474,False,True,explicit_or_regex_estimated
1020247014526,1020240070672,,공개,공개,에폭시 수지,"스폴렉 프로 케미코우 어 허트니 비로부, 아크시오바 스폴렉노스트",8,"8. 청구항 7에 있어서,상기 암모늄 또는 포스포늄염을 기반으로 하는 촉매가 에틸트리페닐포스포늄 브로마이드, 에틸트리페닐포스포늄 클로라이드 트리페닐 포스핀, 벤질트리부틸암모늄 클로라이드, 벤질트리에틸암모늄 클로라이드, 벤질트리메틸암모늄 클로라이드, 테트라부틸암모늄 브로마이드, 테트라메틸암모늄 클로라이드, 테트라메틸암모늄 브로마이드, 테트라부틸암모늄 하이드로겐술파이트, 트리옥틸메틸암모늄 클로라이드, 벤질트리메틸암모늄 브로마이드, 테트라에틸암모늄 클로라이드, 트리메틸아민, 할로겐화 포스포늄염 등으로 이루어진 군으로부터 선택되는, 방법.",300,True,False,explicit_or_regex_estimated
1020247014526,1020240070672,,공개,공개,에폭시 수지,"스폴렉 프로 케미코우 어 허트니 비로부, 아크시오바 스폴렉노스트",9,"9. 청구항 5 또는 청구항 6에 따른 고분자량 에폭시 수지를 포함하는 경화된 조성물의 제조 방법으로서,상기 수지가 경화제로 경화되고, 경화된 고분자량 에폭시 수지의 최종 유리 BPA의 함량이 1 ppm 미만인, 방법.",122,False,True,explicit_or_regex_estimated
1020247014526,1020240070672,,공개,공개,에폭시 수지,"스폴렉 프로 케미코우 어 허트니 비로부, 아크시오바 스폴렉노스트",10,"10. 청구항 9에 있어서, 상기 경화제가 이하를 기반으로 하며:(a) 폴리에테르아민, 지방족, 환상지방족, 헤테로사이클릭 및 방향족 폴리아민, 및/또는 이들의 환상지방족, 지방족 및 방향족 에폭사이드와의 부가물, 우레아 유도체 및 디시안디아미드, 및/또는(b) 폴리에스테르, 무수물, 즉 지방족, 환상지방족, 헤테로사이클릭 및 방향족 폴리무수물, 및 폴리산 및/또는 이들의 환상지방족, 지방족 및 방향족 에폭사이드와의 부가물, 및/또는(c) 지방족, 환상지방족, 헤테로사이클릭 및 방향족 아민 및 폴리아민 및 이들의 환상지방족, 지방족 다이머 및 폴리머 지방 모노, 디 및 폴리카르복실산과의 부가물을 기반으로 하는 폴리아미드 및 아미노아미드, 및/또는(d) 멜라민, 우레아 및 페놀 포름알데히드 수지, 노볼락 및 폴리페놀, 예를 들어 디사이클로펜타디엔 디페놀, 및/또는(e) 마스크화되거나 또는 마스크화되지 않은 폴리이소시아네이트, 및/또는(f) 루이스 염기 및 산,상기 경화된 고분자량 에폭시 수지 중의 유리 BPA의 함량이 1 ppm 미만인, 방법.",534,True,False,explicit_or_regex_estimated
1020247023391,1020240116551,1029607790000,등록,등록,금속 기판 및 보호층을 포함하는 음극,유미코아,1,"1. a. 금속 기판, 및b. 금속 기판의 적어도 일부 상에 직접 배치된 보호층을 포함하는 배터리용 음극으로서, 보호층은・ ○ 하기 화학식 (I)로 표시되는 제1 단량체:(상기 식에서, R1 = H 또는 CH3이고; R2는 C2-6 알칸디일이고, 여기서, 알칸디일은 할라이드, C1-4 알킬, CF3 또는 OR3으로부터 선택되는 하나 이상의 치환기로 치환되거나 비치환이고, 여기서, R3은 수소 또는 C1-4 알킬로부터 선택되고; X1 = NH 또는 O이며; n은 5-150, 또는 8-100, 또는 10-50으로부터 선택되는 정수임); 및 ○ 하기 화학식 (II)로 표시되는 제2 단량체:(상기 식에서, R4 = H 또는 CH3이고; R5는 C2-6 알칸디일이고, 여기서, 알칸디일은 할라이드, C1-4 알킬, CF3 또는 OR6으로부터 선택되는 하나 이상의 치환기로 치환되거나 비치환이고, 여기서, R6은 수소 또는 C1-4 알킬로부터 선택되고; X2 = NH 또는 O이며; X3 = SH, NH2 또는 OH이며, m은 1-10, 또는 1-5로부터 선택되는 정수이거나, 또는 m = 1임)사이의 반응에 의해 얻을 수 있는 공중합체로서, 제1 단량체 대 제2 단량체의 중량비는 1:5 내지 8:1(w/w)인 공중합체;・ 폴리테트라플루오로에틸렌(PTFE), 폴리비닐리덴 플루오라이드(PVDF), 테트라플루오로에틸렌-퍼플루오로 알킬비닐 에테르 공중합체, 폴리(비닐리덴 플루오라이드-코-헥사플루오로프로필렌)(PVDF-HFP), 비닐리덴 플루오라이드-클로로트리플루오로에틸렌 공중합체, 에틸렌-테트라플루오로에틸렌 공중합체, 폴리클로로트리플루오로에틸렌, 비닐리덴 플루오라이드-펜타플루오로프로필렌 공중합체, 프로필렌테트라플루오로에틸렌 공중합체, 에틸렌클로로트리플루오로에틸렌 공중합체, 비닐리덴 플루오라이드-헥사플루오로프로필렌-테트라플루오로에틸렌 공중합체, 비닐리덴 플루오라이드-퍼플루오로메틸비닐 에테르-테트라플루오로에틸렌 공중합체 및 그의 조합으로 이루어진 군에서 선택되는 플루오로중합체 첨가제; 및・ 리튬 염을 포함하고; 공중합체 대 플루오로중합체 첨가제의 중량비는 1:5 내지 8:1(w/w)인 배터리용 음극.",1065,False,True,explicit_or_regex_estimated
1020247023391,1020240116551,1029607790000,등록,등록,금속 기판 및 보호층을 포함하는 음극,유미코아,2,"2. 제1항에 있어서, 플루오로중합체 첨가제가 폴리비닐리덴 플루오라이드 또는 폴리(비닐리덴 플루오라이드-코-헥사플루오로프로필렌)인 음극.",76,True,False,explicit_or_regex_estimated
1020247023391,1020240116551,1029607790000,등록,등록,금속 기판 및 보호층을 포함하는 음극,유미코아,3,"3. 제1항에 있어서, 리튬 염이 Li2CO3, Li2O, Li2C2O4, LiOH, LiX, R13OCO2Li, HCOLi, R13OLi, Li2O, Li2C2O4, (R13OCO2Li)2, (CH2OCO2Li)2, Li2S, LiSCN, LiN(CN)2, LiClO4, LiBF4, LiAsF6, LiPF6, LiCF3SO3, LiC(CF3SO2)3, LiN(SO2C2F5)2, LiN(SO2CF3)2, LiN(SO2F)2, LiSbF6, LiPF3(CF2CF3)3, LiPF3(CF3)3, LiB(C2O4)2 및 그의 조합으로 이루어진 군에서 선택되는(여기서, R13 = 탄화수소이고, X = F, Cl, I 또는 Br임) 음극.",355,True,False,explicit_or_regex_estimated
1020247023391,1020240116551,1029607790000,등록,등록,금속 기판 및 보호층을 포함하는 음극,유미코아,4,"4. 제1항에 있어서, 공중합체 대 플루오로중합체 첨가제의 중량비가 1:2 내지 5:1(w/w), 또는 1:2 내지 4:1(w/w), 또는 2:1 내지 4:1(w/w)인 음극.",98,True,False,explicit_or_regex_estimated
1020247023391,1020240116551,1029607790000,등록,등록,금속 기판 및 보호층을 포함하는 음극,유미코아,5,"5. 제1항에 있어서, 제1 단량체가 하기 화학식 (III)으로 표시되는 음극:상기 식에서, o는 5-150, 또는 8-100, 또는 10-50으로부터 선택되는 정수이다.",95,True,False,explicit_or_regex_estimated
1020247023391,1020240116551,1029607790000,등록,등록,금속 기판 및 보호층을 포함하는 음극,유미코아,6,"6. 제1항에 있어서, 제2 단량체가 하기 화학식 (IV)로 표시되는 음극:.",43,True,False,explicit_or_regex_estimated
1020247023391,1020240116551,1029607790000,등록,등록,금속 기판 및 보호층을 포함하는 음극,유미코아,7,"7. 제1항에 있어서, 제1 단량체 대 제2 단량체의 중량비가 1:3 내지 7:1(w/w), 또는 1:2 내지 5:1(w/w), 또는 1:2 내지 2:1(w/w)인 음극.",95,True,False,explicit_or_regex_estimated
1020247023391,1020240116551,1029607790000,등록,등록,금속 기판 및 보호층을 포함하는 음극,유미코아,8,"8. 제1항에 있어서, 공중합체가 광 개시제의 사용을 통한 제1 단량체 및 제2 단량체의 반응을 통해 얻어지는 음극.",65,True,False,explicit_or_regex_estimated
1020247023391,1020240116551,1029607790000,등록,등록,금속 기판 및 보호층을 포함하는 음극,유미코아,9,"9. 제1항에 있어서, 리튬 염의 양이 보호층의 총 중량 기준으로 5 내지 70 중량%, 또는 10 내지 65 중량%, 또는 40 내지 60 중량%인 음극.",87,True,False,explicit_or_regex_estimated
1020247023391,1020240116551,1029607790000,등록,등록,금속 기판 및 보호층을 포함하는 음극,유미코아,10,"10. 제1항에 있어서, 보호층의 두께가 1 내지 10 ㎛인 음극.",37,True,False,explicit_or_regex_estimated
1020247023391,1020240116551,1029607790000,등록,등록,금속 기판 및 보호층을 포함하는 음극,유미코아,11,"11. 제1항에 있어서, 공중합체에 대해 열 어닐링 단계가 수행되는 음극.",41,True,False,explicit_or_regex_estimated
1020247023391,1020240116551,1029607790000,등록,등록,금속 기판 및 보호층을 포함하는 음극,유미코아,12,"12. i) 제1항에서 정의된 제1 단량체, 제1항에서 정의된 제2 단량체, 광 개시제, 제1항에서 정의된 리튬 염, 및 제1항에서 정의된 플루오로중합체 첨가제를 유기 액체에 첨가하는 단계;ii) 단계 i)의 혼합물을 금속 기판의 적어도 일부 상에 코팅하는 단계;iii) 단계 ii)의 코팅된 금속 기판에 대해 가교결합 단계를 수행하는 단계, 및iv) 임의로, 단계 iii)의 가교결합된 코팅된 금속 기판에 대해 열 어닐링 단계를 수행하는 단계를 포함하는, 배터리용 음극의 제조 방법.",271,False,True,explicit_or_regex_estimated
1020247023391,1020240116551,1029607790000,등록,등록,금속 기판 및 보호층을 포함하는 음극,유미코아,13,13. 제12항에 따른 방법에 의해 얻을 수 있는 음극.,31,False,True,explicit_or_regex_estimated
1020247023391,1020240116551,1029607790000,등록,등록,금속 기판 및 보호층을 포함하는 음극,유미코아,14,"14. a. 제1항 내지 제11항 또는 제13항 중 어느 한 항에 따른 음극, b. 양극, 및c. 전해질 조성물을 포함하는 배터리.",73,True,False,explicit_or_regex_estimated
1020247023391,1020240116551,1029607790000,등록,등록,금속 기판 및 보호층을 포함하는 음극,유미코아,15,"15. 제14항에 있어서, 양극이 리튬 니켈-망간-코발트 옥시드, 리튬 니켈-망간 옥시드, 리튬 니켈-코발트-알루미늄 옥시드, 리튬 코발트 옥시드, 리튬 철 포스페이트, 리튬 철 망간 포스페이트, 리튬 철 코발트 포스페이트, 황화리튬, 황 및 알루미늄으로 이루어진 군에서 선택되는 양극 물질을 포함하는 배터리.",173,True,False,explicit_or_regex_estimated
1020247033087,1020240158955,1029622240000,등록,등록,리튬 이온 재충전식 배터리용 양극 활물질로서의 리튬 풍부 망간계 산화물,유미코아|상뜨르 나쇼날 드 라 러쉐르쉬 샹띠피끄|유니베르시테 드 몽펠리에|에꼴 나쇼날 쉬페리에르 드 시미에 드 몽펠리에,1,"1. 리튬 이온 재충전식 배터리용 양극 활물질로서, 양극 활물질은 Li, M' 및 산소를 포함하고, M'는- M'에 대해 40.0 ≤ z ≤ 90.0 몰%인 함량 z의 Mn;- M'에 대해 0.0 ≤ x ≤ 40.0 몰%인 함량 x의 Ni;- M'에 대해 0.0 ≤ y ≤ 10.0 몰%인 함량 y의 Co;- M'에 대해 0.002 ≤ b ≤ 10.0 몰%인 함량 b의 M"";- M'에 대해 0.0 ≤ c ≤ 2.0 몰%인 함량 c의 D로서, Li, O, Ni, Co, Mn 및 M"" 이외의 원소를 포함하는 D를 포함하고, 여기서- x, y, z, b 및 c는 ICP-OES에 의해 측정되고,- x+y+z+b+c는 100.0 몰%이며,양극 활물질은 3.5 내지 9.5 m2/g의 비표면적을 갖고,양극 활물질은 1차 입자를 포함하는 2차 입자를 포함하고, 1차 입자는 M""를 포함하는 외층을 포함하고, M""는 Al, Zr 또는 이들의 조합인 양극 활물질.",477,False,True,explicit_or_regex_estimated
1020247033087,1020240158955,1029622240000,등록,등록,리튬 이온 재충전식 배터리용 양극 활물질로서의 리튬 풍부 망간계 산화물,유미코아|상뜨르 나쇼날 드 라 러쉐르쉬 샹띠피끄|유니베르시테 드 몽펠리에|에꼴 나쇼날 쉬페리에르 드 시미에 드 몽펠리에,2,"2. 제1항에 있어서, Li 대 M'의 원자비(Li/M')가 0.5 내지 2.5인 양극 활물질.",53,True,False,explicit_or_regex_estimated
1020247033087,1020240158955,1029622240000,등록,등록,리튬 이온 재충전식 배터리용 양극 활물질로서의 리튬 풍부 망간계 산화물,유미코아|상뜨르 나쇼날 드 라 러쉐르쉬 샹띠피끄|유니베르시테 드 몽펠리에|에꼴 나쇼날 쉬페리에르 드 시미에 드 몽펠리에,3,"3. 제1항 또는 제2항에 있어서, M""는 Al인 양극 활물질.",35,True,False,explicit_or_regex_estimated
1020247033087,1020240158955,1029622240000,등록,등록,리튬 이온 재충전식 배터리용 양극 활물질로서의 리튬 풍부 망간계 산화물,유미코아|상뜨르 나쇼날 드 라 러쉐르쉬 샹띠피끄|유니베르시테 드 몽펠리에|에꼴 나쇼날 쉬페리에르 드 시미에 드 몽펠리에,4,"4. 제3항에 있어서, Al 함량 AlA가 로 정의되고, 양극 활물질은 Al 함량 AlB를 가지며, 여기서 AlB는 XPS 분석에 의해 결정되고, AlB는 XPS 분석에 의해 측정된 Ni, Mn, Co 및 Al의 몰 분율의 합과 비교된 몰 분율로 표현되며, 비율 AlB/AlA 003e# 1인 양극 활물질.",171,True,False,explicit_or_regex_estimated
1020247033087,1020240158955,1029622240000,등록,등록,리튬 이온 재충전식 배터리용 양극 활물질로서의 리튬 풍부 망간계 산화물,유미코아|상뜨르 나쇼날 드 라 러쉐르쉬 샹띠피끄|유니베르시테 드 몽펠리에|에꼴 나쇼날 쉬페리에르 드 시미에 드 몽펠리에,5,"5. 제1항 또는 제2항에 있어서, D는 Zr, B, Ba, Ca, Cr, Fe, Mg, Mo, Nb, S, Si, Sr, Ti, Y, V, W 및 Zn으로 이루어진 군의 적어도 하나의 원소를 포함하는 것인 양극 활물질.",123,True,False,explicit_or_regex_estimated
1020247033087,1020240158955,1029622240000,등록,등록,리튬 이온 재충전식 배터리용 양극 활물질로서의 리튬 풍부 망간계 산화물,유미코아|상뜨르 나쇼날 드 라 러쉐르쉬 샹띠피끄|유니베르시테 드 몽펠리에|에꼴 나쇼날 쉬페리에르 드 시미에 드 몽펠리에,6,"6. 제1항 또는 제2항에 있어서, 상기 외층의 두께가 0.1 nm 내지 10.0 nm인 양극 활물질.",57,True,False,explicit_or_regex_estimated
1020247033087,1020240158955,1029622240000,등록,등록,리튬 이온 재충전식 배터리용 양극 활물질로서의 리튬 풍부 망간계 산화물,유미코아|상뜨르 나쇼날 드 라 러쉐르쉬 샹띠피끄|유니베르시테 드 몽펠리에|에꼴 나쇼날 쉬페리에르 드 시미에 드 몽펠리에,7,"7. 제1항 또는 제2항에 있어서, 상기 Mn 함량 z는 M'에 대해 50.0 몰% 초과인 양극 활물질.",58,True,False,explicit_or_regex_estimated
1020247033087,1020240158955,1029622240000,등록,등록,리튬 이온 재충전식 배터리용 양극 활물질로서의 리튬 풍부 망간계 산화물,유미코아|상뜨르 나쇼날 드 라 러쉐르쉬 샹띠피끄|유니베르시테 드 몽펠리에|에꼴 나쇼날 쉬페리에르 드 시미에 드 몽펠리에,8,"8. 제1항 또는 제2항에 있어서, 상기 Co 함량 y는 M'에 대해 9.0 몰% 미만인 양극 활물질.",57,True,False,explicit_or_regex_estimated
1020247033087,1020240158955,1029622240000,등록,등록,리튬 이온 재충전식 배터리용 양극 활물질로서의 리튬 풍부 망간계 산화물,유미코아|상뜨르 나쇼날 드 라 러쉐르쉬 샹띠피끄|유니베르시테 드 몽펠리에|에꼴 나쇼날 쉬페리에르 드 시미에 드 몽펠리에,9,"9. 제1항 또는 제2항에 있어서, 상기 Al 함량 b는 M'에 대해 0.6 몰% 초과인 양극 활물질.",57,True,False,explicit_or_regex_estimated
1020247033087,1020240158955,1029622240000,등록,등록,리튬 이온 재충전식 배터리용 양극 활물질로서의 리튬 풍부 망간계 산화물,유미코아|상뜨르 나쇼날 드 라 러쉐르쉬 샹띠피끄|유니베르시테 드 몽펠리에|에꼴 나쇼날 쉬페리에르 드 시미에 드 몽펠리에,10,"10. 양극 활물질의 제조 방법으로서, 다음의 연속적인 단계들:단계 1) 망간계 전이 금속 탄산염을 리튬 공급원과 균일하게 혼합하여 혼합물을 제공하는 단계;단계 2) 단계 1)로부터의 혼합물을 750℃ 내지 900℃의 온도에서 소성하여 1차 소성된 물질을 제공하는 단계;단계 3) 단계 2)로부터의 1차 소성된 물질을 650℃ 내지 750℃의 온도에서 소성하여 이중 소성된 물질을 제공하는 단계; 및단계 4) 단계 3)으로부터의 이중 소성된 물질을, Al 공급원 또는 Zr 공급원으로 원자층 증착 반응에 의해 처리하여 양극 활물질을 수득하는 단계를 포함하는, 양극 활물질의 제조 방법.",327,False,True,explicit_or_regex_estimated
1020247033087,1020240158955,1029622240000,등록,등록,리튬 이온 재충전식 배터리용 양극 활물질로서의 리튬 풍부 망간계 산화물,유미코아|상뜨르 나쇼날 드 라 러쉐르쉬 샹띠피끄|유니베르시테 드 몽펠리에|에꼴 나쇼날 쉬페리에르 드 시미에 드 몽펠리에,11,"11. 제10항에 있어서, 단계 1)의 망간계 전이 금속 탄산염이 로스팅 단계에 먼저 제공되는 것인 제조 방법.",62,True,False,explicit_or_regex_estimated
1020247033087,1020240158955,1029622240000,등록,등록,리튬 이온 재충전식 배터리용 양극 활물질로서의 리튬 풍부 망간계 산화물,유미코아|상뜨르 나쇼날 드 라 러쉐르쉬 샹띠피끄|유니베르시테 드 몽펠리에|에꼴 나쇼날 쉬페리에르 드 시미에 드 몽펠리에,12,"12. 제10항 또는 제11항에 있어서, 양극 활물질은 제1항 또는 제2항에 따른 것인 제조 방법.",55,True,False,explicit_or_regex_estimated
1020247033087,1020240158955,1029622240000,등록,등록,리튬 이온 재충전식 배터리용 양극 활물질로서의 리튬 풍부 망간계 산화물,유미코아|상뜨르 나쇼날 드 라 러쉐르쉬 샹띠피끄|유니베르시테 드 몽펠리에|에꼴 나쇼날 쉬페리에르 드 시미에 드 몽펠리에,13,13. 제1항 또는 제2항에 따른 양극 활물질을 포함하는 배터리.,36,True,False,explicit_or_regex_estimated
1020247033087,1020240158955,1029622240000,등록,등록,리튬 이온 재충전식 배터리용 양극 활물질로서의 리튬 풍부 망간계 산화물,유미코아|상뜨르 나쇼날 드 라 러쉐르쉬 샹띠피끄|유니베르시테 드 몽펠리에|에꼴 나쇼날 쉬페리에르 드 시미에 드 몽펠리에,14,"14. 제13항에 있어서, 리튬 이온 재충전식 배터리인 배터리.",35,True,False,explicit_or_regex_estimated
1020247033087,1020240158955,1029622240000,등록,등록,리튬 이온 재충전식 배터리용 양극 활물질로서의 리튬 풍부 망간계 산화물,유미코아|상뜨르 나쇼날 드 라 러쉐르쉬 샹띠피끄|유니베르시테 드 몽펠리에|에꼴 나쇼날 쉬페리에르 드 시미에 드 몽펠리에,15,"15. 제13항에 있어서, 휴대용 컴퓨터, 태블릿, 휴대 전화, 에너지 저장 시스템, 전기 자동차 또는 하이브리드 전기 자동차 중 어느 하나에 사용되는 배터리.",89,True,False,explicit_or_regex_estimated
1020247041158,1020250009496,,공개,공개,블랙 매스로부터의 니켈 및 코발트의 회수,유미코아,1,"1. Li-이온 배터리 또는 이의 폐기물로부터 Ni 및 Co를 회수하기 위한 방법으로서,- 마그네시아 보유 내화 벽돌로 라이닝된 퍼니스를 제공하는 단계;- 슬래그 형성제 및 Li-이온 배터리 또는 이의 폐기물을 포함하는 장입물을 제공하는 단계로서, 장입물 중의 Al의 함량은 8% 미만인 단계; 및- 장입물을 환원 조건에서 제련함으로써, Ni 및 Co의 대부분을 함유하는 합금, 및 Li 함유 슬래그를 수득하는 단계를 포함하고, 슬래그는 하기에 따른 중량 기준 퍼센트 조성을 갖는, Li-이온 배터리 또는 이의 폐기물로부터 Ni 및 Co를 회수하기 위한 방법:25% 003c# MnO 003c# 70%;Al2O3 + 0.5 MnO 003c# 45%;SiO2 003e# 5%;Li2O 003e# 1%;0.5% 003c# P2O5 003c# 10%;MnO + Li2O + Al2O3 + CaO + SiO2 + FeO + MgO + P2O5 003e# 90%; 및여기서, (CaO + 2 Li2O + 0.4 MnO) / SiO2 ≥ 2.0.",523,False,True,explicit_or_regex_estimated
1020247041158,1020250009496,,공개,공개,블랙 매스로부터의 니켈 및 코발트의 회수,유미코아,2,"2. 제1항에 있어서, 슬래그 중의 MnO의 함량은 30% 이상인 방법.",40,True,False,explicit_or_regex_estimated
1020247041158,1020250009496,,공개,공개,블랙 매스로부터의 니켈 및 코발트의 회수,유미코아,3,"3. 제1항 또는 제2항에 있어서, 슬래그 중의 Al2O3의 함량은 30% 미만인 방법.",49,True,False,explicit_or_regex_estimated
1020247041158,1020250009496,,공개,공개,블랙 매스로부터의 니켈 및 코발트의 회수,유미코아,4,"4. 제1항 내지 제3항 중 어느 한 항에 있어서, Li-이온 배터리 또는 이의 폐기물은 블랙 매스(Black Mass)인 방법.",72,True,False,explicit_or_regex_estimated
1020247041158,1020250009496,,공개,공개,블랙 매스로부터의 니켈 및 코발트의 회수,유미코아,5,"5. 제1항 내지 제4항 중 어느 한 항에 있어서, 슬래그 중의 CaO의 함량은 40% 이하, 바람직하게는 30% 이하인 방법.",71,True,False,explicit_or_regex_estimated
1020247041158,1020250009496,,공개,공개,블랙 매스로부터의 니켈 및 코발트의 회수,유미코아,6,"6. 제1항 내지 제5항 중 어느 한 항에 있어서, 슬래그 중의 Li2O의 함량은 3% 초과인 방법.",56,True,False,explicit_or_regex_estimated
1020247041158,1020250009496,,공개,공개,블랙 매스로부터의 니켈 및 코발트의 회수,유미코아,7,"7. 제1항 내지 제6항 중 어느 한 항에 있어서, 슬래그 중의 코발트 산화물의 함량은 0.05% 003c# CoO 003c# 1%인 방법.",78,True,False,explicit_or_regex_estimated
1020247041158,1020250009496,,공개,공개,블랙 매스로부터의 니켈 및 코발트의 회수,유미코아,8,"8. 제1항 내지 제7항 중 어느 한 항에 있어서, 슬래그 중의 Fe의 함량은 25% 이하, 바람직하게는 10% 이하인 방법.",70,True,False,explicit_or_regex_estimated
1020247041158,1020250009496,,공개,공개,블랙 매스로부터의 니켈 및 코발트의 회수,유미코아,9,"9. 제1항 내지 제8항 중 어느 한 항에 있어서, 슬래그 중의 Fe의 함량은 5% 이하인 방법.",54,True,False,explicit_or_regex_estimated
1020247041158,1020250009496,,공개,공개,블랙 매스로부터의 니켈 및 코발트의 회수,유미코아,10,"10. 제1항 내지 제9항 중 어느 한 항에 있어서, 장입물의 제련 단계는 적어도 1400℃ 및 슬래그의 액상점(liquidus point)보다 최대 300℃ 높은 온도, 바람직하게는 슬래그의 액상점보다 최대 100℃ 높은 온도에서 수행되어, 과열을 피하는 것인 방법.",150,True,False,explicit_or_regex_estimated
1020247041158,1020250009496,,공개,공개,블랙 매스로부터의 니켈 및 코발트의 회수,유미코아,11,"11. 제1항 내지 제10항 중 어느 한 항에 있어서, 제련 단계는 하기의 추가 단계를 포함하는 것인 방법:- 슬래그를 샘플링하는 단계;- 슬래그 샘플을 냉각시키고 이의 색을 평가하는 단계; 및- 슬래그 샘플이 녹색인 경우, 제련 단계를 종료하는 단계; 또는- 슬래그 샘플이 녹색이 아닌 경우, pO2-수준을 조정하여 더 강한 환원 조건을 달성한 후 제련 단계를 진행하는 단계.",211,True,False,explicit_or_regex_estimated
1020247041158,1020250009496,,공개,공개,블랙 매스로부터의 니켈 및 코발트의 회수,유미코아,12,"12. 제1항 내지 제11항 중 어느 한 항에 있어서, pO2-수준은 10-7 003e# pO2 003e# 10-12, 바람직하게는 pO2 003c# 10-8, 더욱 바람직하게는 pO2 003c# 10-8.5, 가장 바람직하게는 pO2 003c# 10-9로 조정되는 것인 방법.",155,True,False,explicit_or_regex_estimated
1020247041158,1020250009496,,공개,공개,블랙 매스로부터의 니켈 및 코발트의 회수,유미코아,13,"13. 제11항 또는 제12항에 있어서, 슬래그의 색은 녹색인 방법.",38,True,False,explicit_or_regex_estimated
1020247041158,1020250009496,,공개,공개,블랙 매스로부터의 니켈 및 코발트의 회수,유미코아,14,"14. 제1항 내지 제13항 중 어느 한 항에 있어서, 퍼니스는 전기 퍼니스인 방법.",47,True,False,explicit_or_regex_estimated
1020247041158,1020250009496,,공개,공개,블랙 매스로부터의 니켈 및 코발트의 회수,유미코아,15,"15. 하기에 따른 중량 기준 퍼센트 조성을 갖는, Li 함유 야금 슬래그:25% 003c# MnO 003c# 70%;Al2O3 + 0.5 MnO 003c# 45%;SiO2 003e# 5%;Li2O 003e# 3%;0.5% 003c# P2O5 003c# 10%;MnO + Li2O + Al2O3 + CaO + SiO2 + FeO + MgO + P2O5 003e# 90%; 및 여기서,(CaO + 2 Li2O + 0.4 MnO) / SiO2 ≥ 2.0.",252,False,True,explicit_or_regex_estimated
1020247041158,1020250009496,,공개,공개,블랙 매스로부터의 니켈 및 코발트의 회수,유미코아,16,"16. 제15항에 있어서, 슬래그의 색이 녹색인 Li 함유 야금 슬래그.",40,True,False,explicit_or_regex_estimated
1020247041158,1020250009496,,공개,공개,블랙 매스로부터의 니켈 및 코발트의 회수,유미코아,17,"17. 제15항 또는 제16항에 있어서, 슬래그 중의 MnO의 함량은 30% 이상, 바람직하게는 40% 이상인 Li 함유 야금 슬래그.",75,True,False,explicit_or_regex_estimated
1020247041158,1020250009496,,공개,공개,블랙 매스로부터의 니켈 및 코발트의 회수,유미코아,18,"18. 제15항 내지 제17항 중 어느 한 항에 있어서, 슬래그 중의 Al2O3의 함량은 30% 미만인 Li 함유 야금 슬래그.",71,True,False,explicit_or_regex_estimated
1020247041158,1020250009496,,공개,공개,블랙 매스로부터의 니켈 및 코발트의 회수,유미코아,19,"19. 제15항 내지 제18항 중 어느 한 항에 있어서, 슬래그 중의 CaO의 함량은 40% 이하, 바람직하게는 30% 이하인 Li 함유 야금 슬래그.",84,True,False,explicit_or_regex_estimated
1020247041158,1020250009496,,공개,공개,블랙 매스로부터의 니켈 및 코발트의 회수,유미코아,20,"20. 제15항 내지 제19항 중 어느 한 항에 있어서, 슬래그 중의 Fe의 함량은 25% 이하, 바람직하게는 10% 이하인 Li 함유 야금 슬래그.",83,True,False,explicit_or_regex_estimated
1020247041158,1020250009496,,공개,공개,블랙 매스로부터의 니켈 및 코발트의 회수,유미코아,21,21. 건식야금 재활용 방법에서 슬래그 형성제로서의 제15항 내지 제20항 중 어느 한 항에 따른 Li 함유 야금 슬래그의 용도.,72,True,False,explicit_or_regex_estimated
1020247041158,1020250009496,,공개,공개,블랙 매스로부터의 니켈 및 코발트의 회수,유미코아,22,22. 슬래그 형성제를 포함하는 장입물을 제공하는 단계에서 슬래그 형성제를 부분적으로 또는 완전히 대체하는 제1항 내지 제14항 중 어느 한 항에 따른 방법에서 슬래그 형성제로서의 제15항 내지 제20항 중 어느 한 항에 따른 Li 함유 야금 슬래그의 용도.,144,True,False,explicit_or_regex_estimated
1020247041158,1020250009496,,공개,공개,블랙 매스로부터의 니켈 및 코발트의 회수,유미코아,23,23. 리튬을 회수하기 위한 방법에서의 제15항 내지 제20항 중 어느 한 항에 따른 Li 함유 야금 슬래그의 용도.,65,True,False,explicit_or_regex_estimated
1020247041158,1020250009496,,공개,공개,블랙 매스로부터의 니켈 및 코발트의 회수,유미코아,24,"24. 제15항 내지 제20항 중 어느 한 항에 있어서, 슬래그는 코발트를 추가로 함유하는 것인 Li 함유 야금 슬래그.",67,True,False,explicit_or_regex_estimated
1020247041158,1020250009496,,공개,공개,블랙 매스로부터의 니켈 및 코발트의 회수,유미코아,25,25. 코발트를 회수하기 위한 방법에서의 제24항에 따른 야금 슬래그의 용도.,43,False,True,explicit_or_regex_estimated
1020247043253,1020250018396,,공개,공개,"습윤 조건하의 메탄 연소를 위한 금속-담지 촉매 시스템, 이의 제조 방법 및 이의 용도",우미코레 아게 운트 코 카게,1,"1. 습윤 조건하의 메탄 연소를 위한 금속-담지 촉매 시스템으로서, 상기 메탄 연소가 반응 공급물을 사용하여 수행되고, 상기 반응 공급물의 물의 체적 백분율이 상기 반응 공급물의 총 체적을 기준으로 0.5% 내지 30% 범위이고, 상기 금속-담지 촉매 시스템이- 세리아, 세리아계 혼합 산화물, 및 이들의 임의의 조합으로 이루어진 군으로부터 선택된 하나 이상의 산화물을 포함하는 담지 물질, 및- 원소 주기율표의 5 내지 11족 중 어느 하나로부터 선택된 하나 이상의 담지된 전이 금속(M)을 포함함을 특징으로 하며;상기 담지 물질이 나노큐브 형태이고 알칼리 금속 양이온(Alk)을 실질적으로 함유하지 않고; 상기 하나 이상의 담지된 전이 금속(M)의 양이 상기 촉매 시스템의 총 중량을 기준으로 10중량% 미만인, 금속-담지 촉매 시스템.",414,False,True,explicit_or_regex_estimated
1020247043253,1020250018396,,공개,공개,"습윤 조건하의 메탄 연소를 위한 금속-담지 촉매 시스템, 이의 제조 방법 및 이의 용도",우미코레 아게 운트 코 카게,2,"2. 제1항에 있어서, 상기 담지 물질이 1차 입자 크기를 약 2nm 내지 약 800nm 범위로 갖는, 금속-담지 촉매 시스템.",71,True,False,explicit_or_regex_estimated
1020247043253,1020250018396,,공개,공개,"습윤 조건하의 메탄 연소를 위한 금속-담지 촉매 시스템, 이의 제조 방법 및 이의 용도",우미코레 아게 운트 코 카게,3,"3. 제1항 또는 제2항에 있어서, 상기 담지 물질이 하나 이상의 세리아계 혼합 산화물을 포함하고, 상기 하나 이상의 세리아계 혼합 산화물은 세리아계 혼합 산화물을 형성할 수 있는 하나 이상의 금속 원소(X)를 40mol% 미만으로 갖고, 상기 하나 이상의 금속 원소(X)는 Zr, In, Sn, La, Pr, Nd, Gd, Y 및 이들의 임의의 조합으로 이루어진 군으로부터 선택되는, 금속-담지 촉매 시스템.",229,True,False,explicit_or_regex_estimated
1020247043253,1020250018396,,공개,공개,"습윤 조건하의 메탄 연소를 위한 금속-담지 촉매 시스템, 이의 제조 방법 및 이의 용도",우미코레 아게 운트 코 카게,4,"4. 제1항 내지 제3항 중 어느 한 항에 있어서, 상기 담지 물질이 세리아를 포함하는, 금속-담지 촉매 시스템.",63,True,False,explicit_or_regex_estimated
1020247043253,1020250018396,,공개,공개,"습윤 조건하의 메탄 연소를 위한 금속-담지 촉매 시스템, 이의 제조 방법 및 이의 용도",우미코레 아게 운트 코 카게,5,"5. 제1항 내지 제4항 중 어느 한 항에 있어서, 상기 하나 이상의 담지된 전이 금속(M)이 Pd, Pt, Rh, Cu, Ru, Co, Ag, Nb 및 이들의 임의의 혼합물로 이루어진 군으로부터 선택되는, 금속-담지 촉매 시스템.",129,True,False,explicit_or_regex_estimated
1020247043253,1020250018396,,공개,공개,"습윤 조건하의 메탄 연소를 위한 금속-담지 촉매 시스템, 이의 제조 방법 및 이의 용도",우미코레 아게 운트 코 카게,6,"6. 제1항 내지 제5항 중 어느 한 항에 있어서, 실리카, 알루미나, 실리카-알루미나, 실리카-마그네시아, 실리카-지르코니아, 실리카-토리아, 실리카-베릴리아, 실리카-티타니아, 또는 이들의 임의의 조합을 포함하는 불활성 기질을 추가로 포함하는, 금속-담지 촉매 시스템.",152,True,False,explicit_or_regex_estimated
1020247043253,1020250018396,,공개,공개,"습윤 조건하의 메탄 연소를 위한 금속-담지 촉매 시스템, 이의 제조 방법 및 이의 용도",우미코레 아게 운트 코 카게,7,"7. 제1항 내지 제6항 중 어느 한 항에 따르는 금속-담지 촉매 시스템의 제조 방법으로서,(i) 물, 하나 이상의 세륨 공급원, 하나 이상의 알칼리 금속 양이온(Alk) 공급원, 및 임의로 세리아계 혼합 산화물을 형성할 수 있는 금속 원소(X)의 하나 이상의 공급원을 포함하는, 혼합물을 제조하는 단계로서, 상기 생성된 혼합물은 다음과 같은 몰 비의 조성을 갖는, 단계:a Ce:b X:c Alk:d H2O(여기서,a는 1이고;b는 0 내지 0.4 범위이고;c는 0.01을 초과하고;d는 1을 초과한다)(ii) 상기 혼합물을, 결정질 물질을 형성하기에 충분한 정해진 기간 동안 50℃ 내지 250℃ 범위의 온도에서 열수 처리하는 단계;(iii) 단계 (ii)에서 생성된 물질로부터 잔류 알칼리 금속 양이온(Alk)을 이온 교환시켜, 상기 물질 내의 잔류 알칼리 금속 양이온의 양이 0.3wt.% 미만이 될 때까지, 상기 잔류 알칼리 금속 양이온을 제거하는 단계; 및(iv) 하나 이상의 담지된 5 내지 11족 전이 금속(M)을, 각각 1:0.001 내지 1:0.5 범위의 Ce:M의 몰 비로 혼입하여, 금속-담지 촉매 시스템을 제공하는 단계를 포함함을 특징으로 하는, 방법.",602,True,False,explicit_or_regex_estimated
1020247043253,1020250018396,,공개,공개,"습윤 조건하의 메탄 연소를 위한 금속-담지 촉매 시스템, 이의 제조 방법 및 이의 용도",우미코레 아게 운트 코 카게,8,"8. 제7항에 있어서, 상기 세륨 공급원이 세륨 산화물 및/또는 하나 이상의 세륨 염인, 방법.",53,True,False,explicit_or_regex_estimated
1020247043253,1020250018396,,공개,공개,"습윤 조건하의 메탄 연소를 위한 금속-담지 촉매 시스템, 이의 제조 방법 및 이의 용도",우미코레 아게 운트 코 카게,9,"9. 제8항에 있어서, 상기 세륨 염이 세륨 질산염, 암모늄 세륨 질산염, 세륨 탄산염, 세륨 수산화물, 세륨 황산염, 세륨 옥살레이트, 및 이들의 임의의 조합으로 이루어진 군으로부터 선택되는, 방법.",112,True,False,explicit_or_regex_estimated
1020247043253,1020250018396,,공개,공개,"습윤 조건하의 메탄 연소를 위한 금속-담지 촉매 시스템, 이의 제조 방법 및 이의 용도",우미코레 아게 운트 코 카게,10,"10. 제7항 내지 제9항 중 어느 한 항에 있어서, 상기 알칼리 금속 양이온(Alk)이 Li, Na, K, Rb, Cs, Fr, 및 이들의 임의의 조합으로 이루어진 군으로부터 선택되는, 방법.",108,True,False,explicit_or_regex_estimated
1020247043253,1020250018396,,공개,공개,"습윤 조건하의 메탄 연소를 위한 금속-담지 촉매 시스템, 이의 제조 방법 및 이의 용도",우미코레 아게 운트 코 카게,11,"11. 제7항 내지 제10항 중 어느 한 항에 있어서, 상기 하나 이상의 알칼리 금속 양이온(Alk) 공급원이 알칼리 금속 수산화물, 알칼리 금속 할로겐화물 염, 알칼리 금속 질산염 염, 및 이들의 임의의 조합으로부터 선택되는, 방법.",131,True,False,explicit_or_regex_estimated
1020247043253,1020250018396,,공개,공개,"습윤 조건하의 메탄 연소를 위한 금속-담지 촉매 시스템, 이의 제조 방법 및 이의 용도",우미코레 아게 운트 코 카게,12,"12. 제7항 내지 제11항 중 어느 한 항에 있어서, 상기 하나 이상의 금속 원소(X)가 Zr, In, Sn, La, Pr, Nd, Gd, Y, 및 이들의 임의의 조합으로 이루어진 군으로부터 선택되는, 방법.",117,True,False,explicit_or_regex_estimated
1020247043253,1020250018396,,공개,공개,"습윤 조건하의 메탄 연소를 위한 금속-담지 촉매 시스템, 이의 제조 방법 및 이의 용도",우미코레 아게 운트 코 카게,13,"13. 제7항 내지 제12항 중 어느 한 항에 있어서, 상기 하나 이상의 금속 원소(X) 공급원이 금속 수산화물, 금속 염, 및 이들의 임의의 조합으로부터 선택되는, 방법.",96,True,False,explicit_or_regex_estimated
1020247043253,1020250018396,,공개,공개,"습윤 조건하의 메탄 연소를 위한 금속-담지 촉매 시스템, 이의 제조 방법 및 이의 용도",우미코레 아게 운트 코 카게,14,"14. 제7항 내지 제13항 중 어느 한 항에 있어서, 단계 (v)를 추가로 포함하며, 단계 (iv)로부터 수득되는 상기 금속-담지 촉매가- 실리카, 알루미나, 실리카-알루미나, 실리카-마그네시아, 실리카-지르코니아, 실리카-토리아, 실리카-베릴리아, 실리카-티타니아, 또는 이들의 임의의 조합을 포함하는 불활성 기질에 또는 상기 불활성 기질 상에 도포되거나;- 펠릿으로 성형되는, 방법.",217,True,False,explicit_or_regex_estimated
1020247043253,1020250018396,,공개,공개,"습윤 조건하의 메탄 연소를 위한 금속-담지 촉매 시스템, 이의 제조 방법 및 이의 용도",우미코레 아게 운트 코 카게,15,"15. 습윤 조건하의 메탄의 촉매 연소에 있어서의, 제1항 내지 제6항 내지 어느 한 항에 따라 정의된 금속-담지 촉매 시스템 또는 제7항 내지 제14항 중 어느 한 항에 따르는 방법에서 수득된 금속-담지 촉매 시스템의 용도.",126,True,False,explicit_or_regex_estimated
1020257000857,1020250023495,,공개,공개,Ni 및/또는 Co를 포함하는 고체 금속 공급물의 황화,유미코아,1,"1. 고체 금속 함유 공급물의 처리 방법으로서, 상기 공급물은 적어도 1종의 Ni 화합물 및/또는 적어도 1종의 Co 화합물, 및 상기 공급물의 총 중량에 대하여 3 중량% 미만의 양의 Li를 포함하고, 상기 공급물은 Mn, Mg, Al, Fe, Ca, B, Na 및/또는 U를 포함하는 1종 이상의 불순물을 추가로 포함하며, 상기 방법은 하기 단계:i. a. pH 3 내지 10의 수성 매체에서 무기산의 존재 하에 상기 고체 금속 함유 공급물을 황화제와 접촉시켜 슬러리를 얻는 단계; b. 단계 a.에서 얻은 슬러리에 무기산을 첨가하여 pH가 3 미만인 슬러리를 얻는 단계; c. 단계 b.에서 얻은 슬러리에 황화제를 첨가하여, Ni 및/또는 Co가 포함된 고체상과 Mn, Mg, Al, Fe, Ca, B, Na 및/또는 U 중 1종 이상의 수용성 염을 포함하는 수성상을 포함하는 슬러리를 얻는 단계;ii. 상기 고체상과 상기 수성상을 분리하여, Ni(II) 황화물 및/또는 Co(II) 황화물을 포함하는 고체상과 Mn, Mg, Al, Fe, Ca, B, Na 및/또는 U의 1종 이상의 수용성 염을 포함하는 수성상을 얻는 단계를 포함하는, 고체 금속 함유 공급물의 처리 방법.",604,False,True,explicit_or_regex_estimated
1020257000857,1020250023495,,공개,공개,Ni 및/또는 Co를 포함하는 고체 금속 공급물의 황화,유미코아,2,"2. 제1항에 있어서, 단계 i. a.는 무기산을 도입하기 전에 수성 매체에서 상기 고체 금속 함유 공급물을 황화제와 접촉시키는 것으로 이루어지는 것인 방법.",88,True,False,explicit_or_regex_estimated
1020257000857,1020250023495,,공개,공개,Ni 및/또는 Co를 포함하는 고체 금속 공급물의 황화,유미코아,3,"3. 제1항 또는 제2항에 있어서, 단계 ii.에서 얻은 상기 고체상을 산 및/또는 산화제로 침출시켜 상기 황화제를 재생시키고, 재생된 황화제를 단계 i.에서 사용하는 것인 방법.",100,True,False,explicit_or_regex_estimated
1020257000857,1020250023495,,공개,공개,Ni 및/또는 Co를 포함하는 고체 금속 공급물의 황화,유미코아,4,"4. 제1항 내지 제3항 중 어느 한 항에 있어서, 상기 수성 매체의 pH를 2.0 내지 2.5의 pH로 낮추기 전에 상기 고체 금속 함유 공급물을 3.0 내지 6.0의 pH에서 반응시키는 것인 방법.",112,True,False,explicit_or_regex_estimated
1020257000857,1020250023495,,공개,공개,Ni 및/또는 Co를 포함하는 고체 금속 공급물의 황화,유미코아,5,"5. 제1항 내지 제4항 중 어느 한 항에 있어서, 단계 i.에서 사용된 무기산의 총량에 대한 단계 i. a.에서 사용된 무기산의 부피비 φAC는 0.40 내지 0.90인 방법.",99,True,False,explicit_or_regex_estimated
1020257000857,1020250023495,,공개,공개,Ni 및/또는 Co를 포함하는 고체 금속 공급물의 황화,유미코아,6,"6. 제1항 내지 제5항 중 어느 한 항에 있어서, 단계 i. a.에서 3.0 내지 4.0의 pH에서 상기 수성 매체 중 상기 고체 금속 함유 공급물을 상기 황화제와 반응시키는 것인 방법.",105,True,False,explicit_or_regex_estimated
1020257000857,1020250023495,,공개,공개,Ni 및/또는 Co를 포함하는 고체 금속 공급물의 황화,유미코아,7,"7. 제1항 내지 제6항 중 어느 한 항에 있어서, 상기 고체 금속 함유 공급물을 25℃ 내지 80℃의 온도에서 상기 황화제와 반응시키는 것인 방법.",83,True,False,explicit_or_regex_estimated
1020257000857,1020250023495,,공개,공개,Ni 및/또는 Co를 포함하는 고체 금속 공급물의 황화,유미코아,8,"8. 제1항 내지 제7항 중 어느 한 항에 있어서, 상기 고체 금속 함유 공급물을 대기압에서 상기 황화제와 반응시키는 것인 방법.",72,True,False,explicit_or_regex_estimated
1020257000857,1020250023495,,공개,공개,Ni 및/또는 Co를 포함하는 고체 금속 공급물의 황화,유미코아,9,"9. 제1항 내지 제8항 중 어느 한 항에 있어서, 상기 황화제는 H2S, NaHS, NH4HS, Na2S, (NH4)2S 및 Li2S를 포함하는 군에서 선택되는 1종 이상인 방법.",101,True,False,explicit_or_regex_estimated
1020257000857,1020250023495,,공개,공개,Ni 및/또는 Co를 포함하는 고체 금속 공급물의 황화,유미코아,10,"10. 제1항 내지 제9항 중 어느 한 항에 있어서, 상기 무기산이 황산인 방법.",45,True,False,explicit_or_regex_estimated
1020257000857,1020250023495,,공개,공개,Ni 및/또는 Co를 포함하는 고체 금속 공급물의 황화,유미코아,11,"11. 제1항 내지 제10항 중 어느 한 항에 있어서, 상기 고체 금속 함유 공급물은 상기 고체 금속 함유 공급물의 총 중량에 대하여 5 내지 75 중량%의 양의 Ni 및/또는 Co를 포함하는 것인 방법.",114,True,False,explicit_or_regex_estimated
1020257000857,1020250023495,,공개,공개,Ni 및/또는 Co를 포함하는 고체 금속 공급물의 황화,유미코아,12,"12. 제1항 내지 제11항 중 어느 한 항에 있어서, 상기 고체 금속 함유 공급물 중 상기 Ni 화합물 및/또는 적어도 1종의 Co 화합물은 탄산염, 수산화탄산염, 황산염, 인산염, 수산화물, 및/또는 산화물을 포함하는 것인 방법.",130,True,False,explicit_or_regex_estimated
1020257000857,1020250023495,,공개,공개,Ni 및/또는 Co를 포함하는 고체 금속 공급물의 황화,유미코아,13,"13. 제1항 내지 제12항 중 어느 한 항에 있어서, 상기 고체 금속 함유 공급물은 상기 고체 금속 함유 공급물의 총 중량에 대하여 1 내지 15 중량%의 양의 Mn을 포함하는 것인 방법.",106,True,False,explicit_or_regex_estimated
1020257000857,1020250023495,,공개,공개,Ni 및/또는 Co를 포함하는 고체 금속 공급물의 황화,유미코아,14,"14. 제1항 내지 제13항 중 어느 한 항에 있어서, 상기 고체 금속 함유 공급물은 상기 고체 금속 함유 공급물의 총 중량에 대하여 0.1 내지 10 중량%의 양의 Mg를 포함하는 것인 방법.",108,True,False,explicit_or_regex_estimated
1020257000857,1020250023495,,공개,공개,Ni 및/또는 Co를 포함하는 고체 금속 공급물의 황화,유미코아,15,"15. 제1항 내지 제14항 중 어느 한 항에 있어서, 상기 고체 금속 함유 공급물은 상기 고체 금속 함유 공급물의 총 중량에 대하여 0.01 내지 2.00 중량%의 양의 Al을 포함하는 것인 방법.",111,True,False,explicit_or_regex_estimated
1020257000857,1020250023495,,공개,공개,Ni 및/또는 Co를 포함하는 고체 금속 공급물의 황화,유미코아,16,"16. 제1항 내지 제15항 중 어느 한 항에 있어서, 상기 고체 금속 함유 공급물은 상기 고체 금속 함유 공급물의 총 중량에 대하여 0.01 내지 0.20 중량%의 양의 Cu, 및/또는 상기 고체 금속 함유 공급물의 총 중량에 대하여 0.2 내지 1.0 중량%의 양의 Zn을 추가로 포함하는 것인 방법.",170,True,False,explicit_or_regex_estimated
1020257000857,1020250023495,,공개,공개,Ni 및/또는 Co를 포함하는 고체 금속 공급물의 황화,유미코아,17,"17. 제1항 내지 제16항 중 어느 한 항에 있어서, 상기 고체 금속 함유 공급물은 ASTM B822-97에 따라 측정된 평균 입자 크기 D50이 0.1 내지 100 ㎛인 분말인 방법.",104,True,False,explicit_or_regex_estimated
1020257000858,1020250024810,,공개,공개,금속 황화 방법,유미코아,1,"1. i. 물에서 황산을 니켈 및/또는 코발트를 포함하는 원료 공급물과 반응시켜 금속 황산염 수용액을 형성하는 단계;ii. 상기 금속 황산염 수용액으로부터 상기 금속 황산염을 결정화시켜 모액(mother liquor) 중에 결정화된 금속 황산염을 형성하는 단계로서, 모액은 결정화되지 않은 금속 황산염을 포함하는 것인 단계;iii. 상기 결정화된 금속 황산염을 상기 모액으로부터 분리하는 단계;iv. 산성 수성 매체에서 상기 결정화되지 않은 금속 황산염의 적어도 일부를 황화제와 반응시켜, 금속 황화물 침전물을 포함하는 고체상 및 1종 이상의 불순물 및 황산을 포함하는 수성상으로 이루어진 슬러리를 얻는 단계; 및v. 상기 고체상과 상기 수성상을 분리하여 금속 황화물을 포함하는 고체상 및 수성상을 얻는 단계를 포함하고, 단계 iv.에서 상기 수성 매체는 니켈 화합물 및/또는 코발트 화합물을 포함하는 고체 금속 함유 공급물을 추가로 포함하는, 니켈 및/또는 코발트를 포함하는 금속 황화물을 생성하는 방법.",507,False,True,explicit_or_regex_estimated
1020257000858,1020250024810,,공개,공개,금속 황화 방법,유미코아,2,"2. 제1항에 있어서, 단계 iv.에서 상기 수성 매체에 Li, Na, K, Ca, Mg, Al, Fe, B, Mn, W 및/또는 U의 염기성 염을 첨가하는 단계를 추가로 포함하는 방법.",104,True,False,explicit_or_regex_estimated
1020257000858,1020250024810,,공개,공개,금속 황화 방법,유미코아,3,"3. 제1항 또는 제2항에 있어서, 단계 iv.에서 얻은 상기 금속 황화물 침전물을 이후 산 및/또는 산화제로 침출시켜 황화수소를 재생시키고, 재생된 황화수소를 단계 iv.에서 사용하는 것인 방법.",110,True,False,explicit_or_regex_estimated
1020257000858,1020250024810,,공개,공개,금속 황화 방법,유미코아,4,"4. 제1항 내지 제3항 중 어느 한 항에 있어서, 단계 iv.에서 상기 결정화되지 않은 금속 황산염을 40℃ 내지 80℃의 온도에서 황화제와 반응시키는 것인 방법.",92,True,False,explicit_or_regex_estimated
1020257000858,1020250024810,,공개,공개,금속 황화 방법,유미코아,5,"5. 제1항 내지 제4항 중 어느 한 항에 있어서, 단계 iv.에서 상기 결정화되지 않은 금속 황산염을 대기압에서 황화제와 반응시키는 것인 방법.",81,True,False,explicit_or_regex_estimated
1020257000858,1020250024810,,공개,공개,금속 황화 방법,유미코아,6,"6. 제1항 내지 제5항 중 어느 한 항에 있어서, 단계 iv.에서 상기 결정화되지 않은 금속 황산염의 적어도 일부를 1.5 내지 10의 pH의 수성 매체에서 황화제와 반응시키는 것인 방법.",106,True,False,explicit_or_regex_estimated
1020257000858,1020250024810,,공개,공개,금속 황화 방법,유미코아,7,"7. 제6항에 있어서, 단계 iv.에서 황산을 상기 수성 매체에 첨가하는 것인 방법.",47,True,False,explicit_or_regex_estimated
1020257000858,1020250024810,,공개,공개,금속 황화 방법,유미코아,8,"8. 제1항 내지 제7항 중 어느 한 항에 있어서, 단계 ii. 전에 상기 금속 황산염 수용액으로부터의 불순물의 침전, 이온 교환 및/또는 추출에 의해 상기 금속 황산염 수용액 중 불순물의 양을 감소시키는 것인 방법.",121,True,False,explicit_or_regex_estimated
1020257000858,1020250024810,,공개,공개,금속 황화 방법,유미코아,9,"9. 제1항 내지 제8항 중 어느 한 항에 있어서, 단계 iv.에서 상기 고체 금속 함유 공급물은 상기 고체 금속 함유 공급물의 총 중량에 대하여 5 내지 75 중량%의 양의 Ni 및/또는 Co를 포함하는 것인 방법.",121,True,False,explicit_or_regex_estimated
1020257000858,1020250024810,,공개,공개,금속 황화 방법,유미코아,10,"10. 제1항 내지 제9항 중 어느 한 항에 있어서, 단계 iv.에서 상기 고체 금속 함유 공급물 중 Ni 및/또는 Co는 탄산염, 수산화탄산염, 황산염, 인산염, 수산화물, 및/또는 산화물로서 포함되는 것인 방법.",120,True,False,explicit_or_regex_estimated
1020257000858,1020250024810,,공개,공개,금속 황화 방법,유미코아,11,"11. 제1항 내지 제10항 중 어느 한 항에 있어서, 단계 iv.에서 상기 고체 금속 함유 공급물은 상기 고체 금속 함유 공급물의 총 중량에 대하여 1 내지 15 중량%의 양의 Mn을 포함하는 것인 방법.",115,True,False,explicit_or_regex_estimated
1020257000858,1020250024810,,공개,공개,금속 황화 방법,유미코아,12,"12. 제1항 내지 제11항 중 어느 한 항에 있어서, 단계 iv.에서 상기 고체 금속 함유 공급물은 상기 고체 금속 함유 공급물의 총 중량에 대하여 0.1 내지 10 중량%의 양의 Mg를 포함하는 것인 방법.",117,True,False,explicit_or_regex_estimated
1020257000858,1020250024810,,공개,공개,금속 황화 방법,유미코아,13,"13. 제1항 내지 제12항 중 어느 한 항에 있어서, 단계 iv.에서 상기 고체 금속 함유 공급물은 상기 고체 금속 함유 공급물의 총 중량에 대하여 0.01 내지 2.00 중량%의 양의 Al을 포함하는 것인 방법.",120,True,False,explicit_or_regex_estimated
1020257000858,1020250024810,,공개,공개,금속 황화 방법,유미코아,14,"14. 제1항 내지 제13항 중 어느 한 항에 있어서, 단계 iv.에서 상기 고체 금속 함유 공급물은 상기 고체 금속 함유 공급물의 총 중량에 대하여 0.01 내지 0.20 중량%의 양의 Cu, 및/또는 상기 고체 금속 함유 공급물의 총 중량에 대하여 0.2 내지 1.0 중량%의 양의 Zn을 추가로 포함하는 것인 방법.",179,True,False,explicit_or_regex_estimated
1020257000858,1020250024810,,공개,공개,금속 황화 방법,유미코아,15,"15. 제1항 내지 제14항 중 어느 한 항에 있어서, 단계 iv.에서 상기 고체 금속 함유 공급물은 ASTM B822-97에 따라 측정된 평균 입자 크기 D50이 0.1 내지 100 ㎛인 분말인 방법.",113,True,False,explicit_or_regex_estimated
1020257002641,1020250027781,,공개,공개,고체 황화물 전해질의 제조 방법,유미코아,1,"1. 고체 황화물 전해질의 제조 방법으로서, 하기 연속 단계:(i) Li2S, Li3PS4 및 LiX를 포함하는 고체 전해질 전구체 혼합물, 및 하이드록실 모이어티를 포함하지 않는 액체를 포함하는 전해질 전구체 혼합물을 제공하는 단계; (ii) 단계 (i)에서 얻은 전해질 전구체 혼합물을 혼합하는 단계; 및(iii) 단계 (ii)에서 얻은 혼합된 전해질 전구체 혼합물을 열처리하여 아지로다이트형(argyrodite-type) 결정 구조를 갖는 고체 황화물 전해질을 얻는 단계를 포함하고, 여기서 X는 F, Cl, Br, I 또는 이들의 조합으로부터 선택된 할로겐인 제조 방법.",323,False,True,explicit_or_regex_estimated
1020257002641,1020250027781,,공개,공개,고체 황화물 전해질의 제조 방법,유미코아,2,"2. 제1항에 있어서, 하이드록실 모이어티를 포함하지 않는 액체가 유기 액체인 방법.",47,True,False,explicit_or_regex_estimated
1020257002641,1020250027781,,공개,공개,고체 황화물 전해질의 제조 방법,유미코아,3,"3. 제1항 또는 제2항에 있어서, 하이드록실 모이어티를 포함하지 않는 액체가 탄화수소, 에스테르, 케톤, 알데하이드, 에테르, 니트릴, 아민, 아미드, 카보네이트, 설폭사이드, 설폰, 설포네이트, 티올, 불소 기반 화합물 및 이들의 조합으로 구성되는 군, 바람직하게는 방향족 탄화수소, 에스테르, 에테르, 니트릴, 아미드, 설폭사이드, 티올 및 이들의 조합으로 구성되는 군, 더 바람직하게는 아미드, 에스테르, 에테르, 니트릴, 방향족 탄화수소 및 이들의 조합으로 구성되는 군으로부터 선택되는 것인 제조 방법.",286,True,False,explicit_or_regex_estimated
1020257002641,1020250027781,,공개,공개,고체 황화물 전해질의 제조 방법,유미코아,4,"4. 제1항 내지 제3항 중 어느 한 항에 있어서, 단계 (ii)가 하기 단계:(iia) 단계 (i)에서 얻은 전해질 전구체 혼합물을 혼합하는 단계; 및(iib) 단계 (iia)에서 얻은 혼합된 전해질 전구체를 건조하여 고체 전해질 혼합물을 제공하는 단계를 추가로 포함하는 것인 제조 방법.",162,True,False,explicit_or_regex_estimated
1020257002641,1020250027781,,공개,공개,고체 황화물 전해질의 제조 방법,유미코아,5,"5. 제1항 내지 제4항 중 어느 한 항에 있어서, 고체 황화물 전해질이 하기 화학식 (I)로 표시되는 것인 제조 방법:상기 식에서, y는 0.8 내지 1.7이고, 바람직하게는 y는 0.9 이상 및 1.6 이하이고, 더 바람직하게는 y는 1.0 이상 및 1.4 이하이다.",151,True,False,explicit_or_regex_estimated
1020257002641,1020250027781,,공개,공개,고체 황화물 전해질의 제조 방법,유미코아,6,"6. 제1항 내지 제5항 중 어느 한 항에 있어서, 고체 황화물 전해질이 하기 화학식 (II)로 표시되는 것인 제조 방법:",68,True,False,explicit_or_regex_estimated
1020257002641,1020250027781,,공개,공개,고체 황화물 전해질의 제조 방법,유미코아,7,"7. 제1항 내지 제6항 중 어느 한 항에 있어서, 전해질 전구체 혼합물의 혼합이 1 시간 내지 72 시간, 바람직하게는 2 시간 내지 50 시간, 더 바람직하게는 10 시간 내지 30 시간의 혼합 시간으로 실시되는 것인 제조 방법.",130,True,False,explicit_or_regex_estimated
1020257002641,1020250027781,,공개,공개,고체 황화물 전해질의 제조 방법,유미코아,8,"8. 제1항 내지 제7항 중 어느 한 항에 있어서, Li2S:Li3PS4:LiX의 몰 비가 1:1:1인 제조 방법.",64,True,False,explicit_or_regex_estimated
1020257002641,1020250027781,,공개,공개,고체 황화물 전해질의 제조 방법,유미코아,9,"9. 제1항 내지 제8항 중 어느 한 항에 있어서, X = Cl, Br, I 또는 이들의 조합이고; 더 바람직하게는 X = Cl, Br 또는 이들의 조합이고; 가장 바람직하게는 X = Cl인 제조 방법.",113,True,False,explicit_or_regex_estimated
1020257002641,1020250027781,,공개,공개,고체 황화물 전해질의 제조 방법,유미코아,10,"10. 제1항 내지 제9항 중 어느 한 항에 있어서, 열처리가 100℃ 내지 1000℃의 온도, 바람직하게는 300℃ 내지 700℃의 온도, 더 바람직하게는 350℃ 내지 650℃의 온도에서 실시되는 것인 제조 방법.",121,True,False,explicit_or_regex_estimated
1020257002641,1020250027781,,공개,공개,고체 황화물 전해질의 제조 방법,유미코아,11,"11. 제1항 내지 제10항 중 어느 한 항에 있어서, 열처리가 0.5 시간 내지 24 시간, 바람직하게는 1 시간 내지 12 시간, 더 바람직하게는 1.5 시간 내지 10 시간으로 실시되는 것인 제조 방법.",116,True,False,explicit_or_regex_estimated
1020257002641,1020250027781,,공개,공개,고체 황화물 전해질의 제조 방법,유미코아,12,12. 제1항 내지 제11항 중 어느 한 항에 따른 제조 방법으로 얻을 수 있는 고체 황화물 전해질.,56,True,False,explicit_or_regex_estimated
1020257002641,1020250027781,,공개,공개,고체 황화물 전해질의 제조 방법,유미코아,13,"13. XRD를 통해 측정될 때, 70% 보다 큰 순도를 갖는 아지로다이트형 결정 구조를 갖는 고체 황화물 전해질.",64,False,True,explicit_or_regex_estimated
1020257002641,1020250027781,,공개,공개,고체 황화물 전해질의 제조 방법,유미코아,14,"14. 제13항에 있어서, 31P NMR을 통해 측정될 때, 적어도 95%의 순도를 갖는 고체 황화물 전해질.",61,True,False,explicit_or_regex_estimated
1020257002641,1020250027781,,공개,공개,고체 황화물 전해질의 제조 방법,유미코아,15,"15. 제13항 또는 제14항에 있어서, 하기 화학식 (I)로 표시되는 고체 황화물 전해질:상기 식에서, y는 0.8 내지 1.7이고, 바람직하게는 y는 0.9 이상 및 1.6 이하이고, 더 바람직하게는 y는 1.0 이상 및 1.4 이하이다.",135,True,False,explicit_or_regex_estimated
1020257002641,1020250027781,,공개,공개,고체 황화물 전해질의 제조 방법,유미코아,16,"16. 음극, 양극 및 고체 전해질 층을 포함하는 배터리로서, 여기서 양극, 음극 및 고체 전해질 층 중 적어도 하나가 제12항 내지 제15항 중 어느 한 항에 따른 고체 황화물 전해질을 포함하는 것인 배터리.",117,True,False,explicit_or_regex_estimated
1020257023625,1020250123881,,공개,공개,황화물 고체 충전식 배터리용 양극 활물질로서의 리튬 니켈-기반 복합체 산화물,유미코아,1,"1. Li, M', 및 산소를 포함하는 고체 배터리용 양극 활물질로서, 여기서 M'은 - 함량 x의 Ni, 여기서 M'에 대해 50.0 ≤ x ≤ 95.0 몰%임,- 함량 y의 Mn, 여기서 M'에 대해 0.0 ≤ y ≤ 30.0 몰%임,- 함량 z의 Co, 여기서 M'에 대해 0.0 ≤ z ≤ 30.0 몰%임,- 함량 a의 Si, 여기서 M'에 대해 0.01 ≤ a ≤ 1.5 몰%임,- 함량 b의 Zr, 여기서 M'에 대해 0.0 ≤ b ≤ 1.5 몰%임,- 함량 d의 D, 여기서 D는 Li, Ni, Mn, Co, Si, Zr 및 산소 이외의 원소이고; M'에 대해 0.0 ≤ d ≤ 2.0 몰%임,를 포함하고,- x, y, z, a, b, 및 d는 ICP-OES에 의해 측정되고,- x+y+z+a+b+d는 100.0 몰%이고,양극 활물질은 a/(x+y+z+a+b)로 정의된 Si 함량 SiA를 갖고,양극 활물질은 Si 함량 SiB를 갖고, 여기서 SiB는 XPS 분석에 의해 측정되는 Ni, Mn, Co, Si, 및 Zr의 몰 분율의 합계에 대한 몰 분율 Si로 표현되고, 여기서 비 SiB/SiA 003e# 50.0인, 고체 배터리용 양극 활물질.",592,False,True,explicit_or_regex_estimated
1020257023625,1020250123881,,공개,공개,황화물 고체 충전식 배터리용 양극 활물질로서의 리튬 니켈-기반 복합체 산화물,유미코아,2,"2. 제1항에 있어서, M'에 대해 0.0 몰% 003c# b ≤ 1.0 몰%, 바람직하게는 0.05 몰% ≤ b ≤ 0.5 몰%, 보다 바람직하게는 0.1 몰% ≤ b ≤ 0.25 몰%인 양극 활물질.",113,True,False,explicit_or_regex_estimated
1020257023625,1020250123881,,공개,공개,황화물 고체 충전식 배터리용 양극 활물질로서의 리튬 니켈-기반 복합체 산화물,유미코아,3,"3. 제1항 또는 제2항에 있어서, 양극 활물질은 b/(x+y+z+a+b)로 정의된 Zr 함량 ZrA를 가지며,여기서 양극 활물질은 Zr 함량 ZrB를 갖고, ZrB는 XPS 분석에 의해 측정되는 Ni, Mn, Co, Si, 및 Zr의 몰 분율의 합계에 대한 몰 분율 Zr로 표현되고, 여기서 비 ZrB/ZrA 003e# 50.0인 양극 활물질.",193,True,False,explicit_or_regex_estimated
1020257023625,1020250123881,,공개,공개,황화물 고체 충전식 배터리용 양극 활물질로서의 리튬 니켈-기반 복합체 산화물,유미코아,4,"4. 제1항 내지 제3항 중 어느 한 항에 있어서, SiB/SiA 003e# 100.0이고 ZrB/ZrA 003e# 100.0인 양극 활물질.",79,True,False,explicit_or_regex_estimated
1020257023625,1020250123881,,공개,공개,황화물 고체 충전식 배터리용 양극 활물질로서의 리튬 니켈-기반 복합체 산화물,유미코아,5,"5. 제1항 내지 제4항 중 어느 한 항에 있어서, M'에 대해 55.0 ≤ x ≤ 90.0 몰%, 바람직하게는 58.0 ≤ x ≤ 88.0, 보다 바람직하게는 60.0 ≤ x ≤ 85.0인 양극 활물질.",114,True,False,explicit_or_regex_estimated
1020257023625,1020250123881,,공개,공개,황화물 고체 충전식 배터리용 양극 활물질로서의 리튬 니켈-기반 복합체 산화물,유미코아,6,"6. 제1항 내지 제5항 중 어느 한 항에 있어서, M'에 대해 0.03 몰% 003c# a ≤ 1.0 몰%, 바람직하게는 0.05 몰% ≤ a ≤ 0.75 몰%, 보다 바람직하게는 0.07 몰% ≤ a ≤ 0.5 몰%인 양극 활물질.",131,True,False,explicit_or_regex_estimated
1020257023625,1020250123881,,공개,공개,황화물 고체 충전식 배터리용 양극 활물질로서의 리튬 니켈-기반 복합체 산화물,유미코아,7,"7. 제1항 내지 제6항 중 어느 한 항에 있어서, D는 Al, B, Ba, Ca, Ce, Cr, Fe, La, Mg, Mo, Nb, S, Sr, Ti, V, W, Y, 및 Zn; 바람직하게는 Al, B, Ti, Cr, Nb, S, Y, 및 W; 보다 바람직하게는 Al, B, Ti, Nb, 및 W로 이루어진 군으로부터 선택되는 적어도 하나의 원소인 양극 활물질.",203,True,False,explicit_or_regex_estimated
1020257023625,1020250123881,,공개,공개,황화물 고체 충전식 배터리용 양극 활물질로서의 리튬 니켈-기반 복합체 산화물,유미코아,8,"8. 제1항 내지 제7항 중 어느 한 항에 있어서, 다결정성 입자를 포함하는 양극 활물질.",50,True,False,explicit_or_regex_estimated
1020257023625,1020250123881,,공개,공개,황화물 고체 충전식 배터리용 양극 활물질로서의 리튬 니켈-기반 복합체 산화물,유미코아,9,"9. 제8항에 있어서, 이차 입자 중앙 크기 D50이 레이저 회절 입자 크기 분석에 의해 결정되는 경우에 1 μm 내지 20 μm인 양극 활물질.",81,True,False,explicit_or_regex_estimated
1020257023625,1020250123881,,공개,공개,황화물 고체 충전식 배터리용 양극 활물질로서의 리튬 니켈-기반 복합체 산화물,유미코아,10,"10. - 리튬 전이 금속-기반 산화물 화합물, Li의 공급원 및 알코올을 포함하는 슬러리를 준비하는 단계,- 상기 슬러리를 Si의 공급원 및 임의로 Zr의 공급원과 혼합하는 단계, 및- 250℃ 이상 500℃ 미만의 온도에서 1시간 내지 20시간의 시간 동안 혼합물을 가열하여 양극 활물질을 얻는 단계를 포함하는, 양극 활물질, 바람직하게는 제1항 내지 제9항 중 어느 한 항에 따른 양극 활물질의 제조 방법.",230,True,False,explicit_or_regex_estimated
1020257023625,1020250123881,,공개,공개,황화물 고체 충전식 배터리용 양극 활물질로서의 리튬 니켈-기반 복합체 산화물,유미코아,11,"11. 제10항에 있어서, 상기 슬러리를 Si의 공급원 및 Zr의 공급원과 혼합하는 단계에서, Zr의 공급원은 Zr-알콕사이드인 제조 방법.",78,True,False,explicit_or_regex_estimated
1020257023625,1020250123881,,공개,공개,황화물 고체 충전식 배터리용 양극 활물질로서의 리튬 니켈-기반 복합체 산화물,유미코아,12,"12. 제10항 또는 제11항에 있어서, Si의 공급원이 Si-알콕사이드, 알킬알콕시 실란 또는 폴리실록산, 바람직하게는 Si-알콕사이드인 제조 방법.",84,True,False,explicit_or_regex_estimated
1020257023625,1020250123881,,공개,공개,황화물 고체 충전식 배터리용 양극 활물질로서의 리튬 니켈-기반 복합체 산화물,유미코아,13,13. 제1항 내지 제9항 중 어느 한 항에 따른 양극 활물질을 포함하는 고체 배터리.,48,True,False,explicit_or_regex_estimated
1020257023625,1020250123881,,공개,공개,황화물 고체 충전식 배터리용 양극 활물질로서의 리튬 니켈-기반 복합체 산화물,유미코아,14,"14. 제13항에 있어서, Li, P 및 S를 포함하는 황화물 기반 고체 전해질을 포함하는 고체 배터리.",58,True,False,explicit_or_regex_estimated
1020257023625,1020250123881,,공개,공개,황화물 고체 충전식 배터리용 양극 활물질로서의 리튬 니켈-기반 복합체 산화물,유미코아,15,"15. 휴대용 컴퓨터, 태블릿, 휴대폰, 에너지 저장 시스템, 전기 자동차 또는 하이브리드 전기 자동차 중 어느 하나에서의, 제13항 또는 제14항에 따른 고체 배터리의 용도.",98,True,False,explicit_or_regex_estimated
1020257023635,1020250127105,,공개,공개,양극 활물질 및 양극 활물질의 제조 방법,유미코아,1,"1. 리튬, 산소, 니켈, 및 망간과 코발트로 이루어진 군으로부터 선택되는 적어도 하나의 금속을 포함하는, 고체 배터리용 양극 활물질로서, 여기서 상기 양극 활물질은 함량 SiB의 규소를 추가로 포함하고, SiB는 XPS 분석에 의해 측정되는 Ni, Mn, Co, 및 Si의 몰 분율의 합계에 대한 몰 분율 Si로 표현되며,SiB 003e# 0.05이고,양극 활물질은 단결정성 입자를 포함하는, 고체 배터리용 양극 활물질.",236,False,True,explicit_or_regex_estimated
1020257023635,1020250127105,,공개,공개,양극 활물질 및 양극 활물질의 제조 방법,유미코아,2,"2. 제1항에 있어서, 탄소 분석기에 의해 결정되는 바와 같이 양극 활물질의 총 중량 기준으로 150 ppm 내지 2000 ppm의 범위의 탄소 함량, 바람직하게는 양극 활물질의 총 중량 기준으로 250 ppm 내지 1850 ppm의 범위의 탄소 함량, 보다 바람직하게는 300 ppm 내지 1700 ppm의 범위의 탄소 함량을 추가로 갖는 양극 활물질.",198,True,False,explicit_or_regex_estimated
1020257023635,1020250127105,,공개,공개,양극 활물질 및 양극 활물질의 제조 방법,유미코아,3,"3. 제1항 또는 제2항에 있어서, SiB는 0.1 내지 1.0의 범위이고, 바람직하게는 SiB는 0.15 내지 0.98의 범위이고, 보다 바람직하게는 SiB는 0.2 내지 0.9의 범위인 양극 활물질.",113,True,False,explicit_or_regex_estimated
1020257023635,1020250127105,,공개,공개,양극 활물질 및 양극 활물질의 제조 방법,유미코아,4,"4. 제1항 내지 제3항 중 어느 한 항에 있어서, 상기 양극 활물질은 함량 SiC의 규소를 추가로 포함하며, 여기서 SiC는 XPS 분석에 의해 측정되는 Ni, Mn 및 Co의 몰 분율의 합계에 대한 몰 분율 Si로서 표현되며, SiC는 0.10 내지 50.0의 범위이고, 바람직하게는 SiC는 0.15 내지 15.0의 범위이고, 보다 바람직하게는 SiC는 0.20 내지 1.0의 범위인 양극 활물질.",225,True,False,explicit_or_regex_estimated
1020257023635,1020250127105,,공개,공개,양극 활물질 및 양극 활물질의 제조 방법,유미코아,5,"5. 제1항 내지 제4항 중 어느 한 항에 있어서, Li, Ni, Mn, Co 및 산소를 포함하는 양극 활물질로서, 여기서- 함량 x의 Ni, 여기서 Ni, Mn 및 Co의 합계에 대해 50.0 ≤ x ≤ 98.0 몰%임,- 함량 y의 Mn, 여기서 Ni, Mn 및 Co의 합계에 대해 0.0 ≤ y ≤ 30.0 몰%임,- 함량 z의 Co, 여기서 Ni, Mn 및 Co의 합계에 대해 0.0 ≤ z ≤ 30.0 몰%임,- x, y 및 z는 ICP-OES에 의해 측정되는 것인 양극 활물질.",273,True,False,explicit_or_regex_estimated
1020257023635,1020250127105,,공개,공개,양극 활물질 및 양극 활물질의 제조 방법,유미코아,6,"6. 제5항에 있어서, Li, M', 및 산소를 포함하는 양극 활물질로서, 여기서 M'은- 함량 x'의 Ni, 여기서 M'에 대해 50.0 ≤ x' ≤ 98.0 몰%임,- 함량 y'의 Mn, 여기서 M'에 대해 0.0 ≤ y' ≤ 30.0 몰%임,- 함량 z'의 Co, 여기서 M'에 대해 0.0 ≤ z' ≤ 30.0 몰%임,- 함량 a'의 Si, 여기서 M'에 대해 0.0 003c# a' ≤ 5.0 몰%임, - 함량 d'의 D, 여기서 D는 Li, Ni, Mn, Co, Si 및 산소 이외의 원소이고; M'에 대해 0.0 ≤ d' ≤ 2.0 몰%임,를 포함하고,- x', y', z', a' 및 d'는 ICP-OES에 의해 측정되며,- x'+y'+z'+a'는 100.0 몰%인 양극 활물질.",388,True,False,explicit_or_regex_estimated
1020257023635,1020250127105,,공개,공개,양극 활물질 및 양극 활물질의 제조 방법,유미코아,7,"7. 제6항에 있어서, 양극 활물질은 a'/(x'+y'+z'+a')로 정의되는 Si 함량 SiA를 갖고, 여기서 비 SiB / SiA 003e# 5.0인 양극 활물질.",93,True,False,explicit_or_regex_estimated
1020257023635,1020250127105,,공개,공개,양극 활물질 및 양극 활물질의 제조 방법,유미코아,8,"8. 제7항에 있어서, 비 SiB/SiA 003e# 10.0, 바람직하게는 비 SiB/SiA 003e# 15.0, 보다 바람직하게는 비 SiB/SiA 003e# 20.0인 양극 활물질.",103,True,False,explicit_or_regex_estimated
1020257023635,1020250127105,,공개,공개,양극 활물질 및 양극 활물질의 제조 방법,유미코아,9,"9. 제6항 내지 제8항 중 어느 한 항에 있어서, M'에 대해 55.0 몰% ≤ x' ≤ 90.0 몰%, 바람직하게는 58.0 몰% ≤ x' ≤ 88.0 몰%, 보다 바람직하게는 60.0 몰% ≤ x' ≤ 85.0 몰%인 양극 활물질.",132,True,False,explicit_or_regex_estimated
1020257023635,1020250127105,,공개,공개,양극 활물질 및 양극 활물질의 제조 방법,유미코아,10,"10. 제1항 내지 제9항 중 어느 한 항에 있어서, 양극 활물질의 총 중량 기준으로 1500 ppm 탄소 미만의 탄소 흡수량, 바람직하게는 양극 활물질의 총 중량 기준으로 1200 ppm 탄소 미만의 탄소 흡수량, 보다 바람직하게는 1000 ppm 탄소 미만의 탄소 흡수량을 갖고, 여기서 탄소 흡수량은 노출 시험에 의해 측정되는 것인 양극 활물질.",196,True,False,explicit_or_regex_estimated
1020257023635,1020250127105,,공개,공개,양극 활물질 및 양극 활물질의 제조 방법,유미코아,11,"11. 단계 a) 리튬 전이 금속-기반 산화물 화합물을 규소의 공급원과 혼합하는 단계, 및단계 b) 퍼니스에서 산화 분위기하에 500℃ 미만의 온도에서 1시간 내지 20시간의 시간 동안 혼합물을 가열하여 양극 활물질을 얻는 단계를 포함하는, 양극 활물질, 바람직하게는 제1항 내지 제10항 중 어느 한 항에 따른 양극 활물질의 제조 방법.",189,True,False,explicit_or_regex_estimated
1020257023635,1020250127105,,공개,공개,양극 활물질 및 양극 활물질의 제조 방법,유미코아,12,"12. 제11항에 있어서, Si의 공급원은 Si-알콕사이드, 알킬알콕시 실란 또는 폴리실록산, 바람직하게는 알킬알콕시 실란 또는 폴리실록산인 제조 방법.",85,True,False,explicit_or_regex_estimated
1020257023635,1020250127105,,공개,공개,양극 활물질 및 양극 활물질의 제조 방법,유미코아,13,13. 제1항 내지 제10항 중 어느 한 항에 따른 양극 활물질을 포함하는 고체 배터리.,49,True,False,explicit_or_regex_estimated
1020257023635,1020250127105,,공개,공개,양극 활물질 및 양극 활물질의 제조 방법,유미코아,14,"14. 제13항에 있어서, 중합체-기반 고체 전해질 또는 황화물-기반 고체 전해질을 포함하는 고체 배터리.",59,True,False,explicit_or_regex_estimated
1020257023635,1020250127105,,공개,공개,양극 활물질 및 양극 활물질의 제조 방법,유미코아,15,"15. 휴대용 컴퓨터, 태블릿, 휴대폰, 에너지 저장 시스템, 전기 자동차 또는 하이브리드 전기 자동차 중 어느 하나에서의, 제13항 또는 제14항에 따른 고체 배터리의 용도.",98,True,False,explicit_or_regex_estimated
1020257023852,1020250124345,,공개,공개,금속으로 치환된 리튬 결핍 할로겐화물 풍부 고체 전해질,유미코아|상뜨르 나쇼날 드 라 러쉐르쉬 샹띠피끄|위니베르시떼 드 피카르디 쥘 베른,1,"1. 화학식 (I')에 따른 조성을 갖는 고체 전해질:상기 식에서, 0 ＜ a ＜ 0.3이고, 0 003c# b ＜ 0.8이며, M1은 2가 금속이고, Y는 F, Cl, Br 및 I로 구성된 군으로부터 선택되고, Z는 F, Cl, Br 및 I로 구성된 군으로부터 선택되며, Y 및 Z는 동일한 할로겐이 아니다.",173,False,True,explicit_or_regex_estimated
1020257023852,1020250124345,,공개,공개,금속으로 치환된 리튬 결핍 할로겐화물 풍부 고체 전해질,유미코아|상뜨르 나쇼날 드 라 러쉐르쉬 샹띠피끄|위니베르시떼 드 피카르디 쥘 베른,2,"2. 제1항에 있어서, M1이 Zn, Cd, Be, Sr, Ba 및 이들의 조합으로 구성된 군, 바람직하게는 Zn, Cd, Be, Sr 및 Ba로 구성된 군으로부터 선택되고, 바람직하게는 M1이 Zn인 고체 전해질.",120,True,False,explicit_or_regex_estimated
1020257023852,1020250124345,,공개,공개,금속으로 치환된 리튬 결핍 할로겐화물 풍부 고체 전해질,유미코아|상뜨르 나쇼날 드 라 러쉐르쉬 샹띠피끄|위니베르시떼 드 피카르디 쥘 베른,3,"3. 제1항 또는 제2항에 있어서, 화학식 (I)에 따른 조성을 갖는 고체 전해질:",46,True,False,explicit_or_regex_estimated
1020257023852,1020250124345,,공개,공개,금속으로 치환된 리튬 결핍 할로겐화물 풍부 고체 전해질,유미코아|상뜨르 나쇼날 드 라 러쉐르쉬 샹띠피끄|위니베르시떼 드 피카르디 쥘 베른,4,"4. 제1항 내지 제3항 중 어느 한 항에 있어서, 0.01 ≤ a ≤ 0.29, 바람직하게는 0.02 ≤ a ≤ 0.25, 더 바람직하게는 0.025 ≤ a ≤ 0.2인 고체 전해질.",103,True,False,explicit_or_regex_estimated
1020257023852,1020250124345,,공개,공개,금속으로 치환된 리튬 결핍 할로겐화물 풍부 고체 전해질,유미코아|상뜨르 나쇼날 드 라 러쉐르쉬 샹띠피끄|위니베르시떼 드 피카르디 쥘 베른,5,"5. 제1항 내지 제4항 중 어느 한 항에 있어서, 0 003c# a ≤ 0.2, 바람직하게는 0.02 ≤ a ≤ 0.2, 더 바람직하게는 0.025 ≤ a ≤ 0.2인 고체 전해질.",102,True,False,explicit_or_regex_estimated
1020257023852,1020250124345,,공개,공개,금속으로 치환된 리튬 결핍 할로겐화물 풍부 고체 전해질,유미코아|상뜨르 나쇼날 드 라 러쉐르쉬 샹띠피끄|위니베르시떼 드 피카르디 쥘 베른,6,"6. 제1항 내지 제5항 중 어느 한 항에 있어서, 0.1 ≤ b ＜ 0.8, 바람직하게는 0.3 ≤ b ≤ 0.7, 더 바람직하게는 0.4 ≤ b ≤ 0.6인 고체 전해질.",97,True,False,explicit_or_regex_estimated
1020257023852,1020250124345,,공개,공개,금속으로 치환된 리튬 결핍 할로겐화물 풍부 고체 전해질,유미코아|상뜨르 나쇼날 드 라 러쉐르쉬 샹띠피끄|위니베르시떼 드 피카르디 쥘 베른,7,"7. 제6항에 있어서, 0.5 ≤ b ≤ 0.6, 바람직하게는 b = 0.5 또는 0.6인 고체 전해질.",58,True,False,explicit_or_regex_estimated
1020257023852,1020250124345,,공개,공개,금속으로 치환된 리튬 결핍 할로겐화물 풍부 고체 전해질,유미코아|상뜨르 나쇼날 드 라 러쉐르쉬 샹띠피끄|위니베르시떼 드 피카르디 쥘 베른,8,"8. 제1항 내지 제6항 중 어느 한 항에 있어서, Y가 F, Br 또는 I이고, 더 바람직하게는 Y가 Br 또는 I이며, 가장 바람직하게는 Y가 Br인 고체 전해질.",93,True,False,explicit_or_regex_estimated
1020257023852,1020250124345,,공개,공개,금속으로 치환된 리튬 결핍 할로겐화물 풍부 고체 전해질,유미코아|상뜨르 나쇼날 드 라 러쉐르쉬 샹띠피끄|위니베르시떼 드 피카르디 쥘 베른,9,"9. 제1항 내지 제6항 중 어느 한 항에 있어서, Z가 F, Cl 또는 I, 바람직하게는 Cl 또는 I, 더 바람직하게는 Cl인 고체 전해질.",80,True,False,explicit_or_regex_estimated
1020257023852,1020250124345,,공개,공개,금속으로 치환된 리튬 결핍 할로겐화물 풍부 고체 전해질,유미코아|상뜨르 나쇼날 드 라 러쉐르쉬 샹띠피끄|위니베르시떼 드 피카르디 쥘 베른,10,"10. 제1항 내지 제9항 중 어느 한 항에 있어서, 화학식 (II)에 따른 조성을 갖는 고체 전해질:",57,True,False,explicit_or_regex_estimated
1020257023852,1020250124345,,공개,공개,금속으로 치환된 리튬 결핍 할로겐화물 풍부 고체 전해질,유미코아|상뜨르 나쇼날 드 라 러쉐르쉬 샹띠피끄|위니베르시떼 드 피카르디 쥘 베른,11,"11. 제1항 내지 제10항 중 어느 한 항에 있어서, 화학식 (II)a 내지 (II)g에 따른 조성을 갖는 고체 전해질:",68,True,False,explicit_or_regex_estimated
1020257023852,1020250124345,,공개,공개,금속으로 치환된 리튬 결핍 할로겐화물 풍부 고체 전해질,유미코아|상뜨르 나쇼날 드 라 러쉐르쉬 샹띠피끄|위니베르시떼 드 피카르디 쥘 베른,12,"12. 제1항 내지 제11항 중 어느 한 항에 있어서, 1 내지 12 mS/cm, 바람직하게는 3 내지 10 mS/cm, 더 바람직하게는 4 내지 9 mS/cm의 이온 전도도를 갖는 고체 전해질.",109,True,False,explicit_or_regex_estimated
1020257023852,1020250124345,,공개,공개,금속으로 치환된 리튬 결핍 할로겐화물 풍부 고체 전해질,유미코아|상뜨르 나쇼날 드 라 러쉐르쉬 샹띠피끄|위니베르시떼 드 피카르디 쥘 베른,13,"13. 제1항 내지 제12항 중 어느 한 항에 있어서, F-43m 공간 군을 갖고, 바람직하게는 리트벨트(Rietveld) 분석에 의해 결정될 때, 9.900 내지 9.925의 격자 파라미터 a(Å)를 갖는 고체 전해질.",123,True,False,explicit_or_regex_estimated
1020257023852,1020250124345,,공개,공개,금속으로 치환된 리튬 결핍 할로겐화물 풍부 고체 전해질,유미코아|상뜨르 나쇼날 드 라 러쉐르쉬 샹띠피끄|위니베르시떼 드 피카르디 쥘 베른,14,"14. 제1항 내지 제13항 중 어느 한 항에 있어서, 수분 안정성을 통해 결정될 때, 15분 후 2.8 mmol.L-1.mol-1 미만의 H2S, 바람직하게는 15분 후 2.6 mmol.L-1.mol-1 미만의 H2S, 더 바람직하게는 15분 후 2.0 mmol.L-1.mol-1 미만의 H2S를 생성한 고체 전해질.",178,True,False,explicit_or_regex_estimated
1020257023852,1020250124345,,공개,공개,금속으로 치환된 리튬 결핍 할로겐화물 풍부 고체 전해질,유미코아|상뜨르 나쇼날 드 라 러쉐르쉬 샹띠피끄|위니베르시떼 드 피카르디 쥘 베른,15,"15. 고체 전해질, 바람직하게는 제1항 내지 제14항 중 어느 한 항에 따른 고체 전해질의 제조 방법으로서,a) Li, P, S, M2, Y 및 Z를 포함하는 전구체 세트를 제공하는 단계;b) 상기 전구체 세트를 혼합하여 고체 전해질 혼합물을 얻는 단계; 및 c) 상기 고체 전해질 혼합물을 열처리하여 고체 전해질을 얻는 단계를 포함하고; 여기서, M2가 2가 금속이고, 바람직하게는 M2가 Zn, Cd, Be, Sr, Ba 및 이들의 조합으로 구성된 군으로부터 선택되며,Y가 F, Cl, Br 및 I로 구성된 군으로부터 선택되고, 바람직하게는 Y가 F, Br 또는 I이며, 더 바람직하게는 Y가 Br 또는 I이고, 가장 바람직하게는 Y가 Br이며, Z가 F, Cl, Br 및 I로 구성된 군으로부터 선택되고, 바람직하게는 Z가 F, Cl 또는 I이며, 더 바람직하게는 Z가 F 또는 Cl이고, 가장 바람직하게는 Z가 Cl이며,Y 및 Z가 동일한 할로겐이 아닌 것인 제조 방법.",492,True,False,explicit_or_regex_estimated
1020257023852,1020250124345,,공개,공개,금속으로 치환된 리튬 결핍 할로겐화물 풍부 고체 전해질,유미코아|상뜨르 나쇼날 드 라 러쉐르쉬 샹띠피끄|위니베르시떼 드 피카르디 쥘 베른,16,"16. 제15항에 있어서, 상기 전구체 세트가 Li2S, P2S5, ZnS, LiY 및 LiZ를 포함하는 것인 제조 방법.",68,True,False,explicit_or_regex_estimated
1020257023852,1020250124345,,공개,공개,금속으로 치환된 리튬 결핍 할로겐화물 풍부 고체 전해질,유미코아|상뜨르 나쇼날 드 라 러쉐르쉬 샹띠피끄|위니베르시떼 드 피카르디 쥘 베른,17,"17. 음극, 양극 및 고체 전해질 층을 포함하는 배터리로서, 양극, 음극 및 고체 전해질 층 중 적어도 하나가 제1항 내지 제14항 중 어느 한 항에 따른 고체 전해질을 포함하는 것인 배터리.",108,True,False,explicit_or_regex_estimated
1020267011269,1020260068109,,공개,공개,양극 활성 물질 및 양극 활성 물질을 제조하기 위한 방법,유미코아,1,"1. 배터리용 양극 활성 물질로서, 리튬, 산소, 니켈, 및 망간 및 코발트로 이루어진 군으로부터 선택되는 적어도 하나의 금속을 포함하며,a. Ni, Mn 및 Co의 합에 대해, 40.0 ≤ x' ≤ 98.0 mol%인 함량 x'의 Ni,b. Ni, Mn 및 Co의 합에 대해, 0.0 ≤ y' ≤ 30.0 mol%인 함량 y'의 Mn,c. Ni, Mn 및 Co의 합에 대해, 0.0 ≤ z' ≤ 30.0 mol%인 함량 z'의 Co를 포함하고,x', y' 및 z'는 ICP-OES에 의해 측정되고,상기 양극 활성 물질은 함량 BB를 갖는 붕소를 추가로 포함하고, BB는 XPS 분석으로 측정한 Ni, Mn, Co, Si 및 B의 총량에 대한 B의 몰 분율로 표현되고,BB 003e# 0.30이고,상기 양극 활성 물질은 실리콘을 추가로 포함하고,상기 양극 활성 물질은, XPS 분석으로 측정 시, 101.4 eV 내지 106.0 eV의 결합 에너지 레벨의 피크를 나타내는, 양극 활성 물질.",498,False,True,explicit_or_regex_estimated
1020267011269,1020260068109,,공개,공개,양극 활성 물질 및 양극 활성 물질을 제조하기 위한 방법,유미코아,2,"2. 제1항에 있어서, 상기 양극 활성 물질이, XPS 분석으로 측정 시, 101.4 eV 내지 105.0 eV, 바람직하게는 101.5 eV 내지 104.5 eV, 보다 바람직하게는 101.6 eV 내지 104.0 eV의 결합 에너지 레벨의 피크를 나타내는, 양극 활성 물질.",155,True,False,explicit_or_regex_estimated
1020267011269,1020260068109,,공개,공개,양극 활성 물질 및 양극 활성 물질을 제조하기 위한 방법,유미코아,3,"3. 제1항 또는 제2항에 있어서, 상기 양극 활성 물질이 함량 SiB를 가지며,SiB는, XPS 분석으로 측정한 Ni, Mn, Co, Si 및 B의 총량에 대한 Si의 몰 분율로 표현되고,SiB 003e# 0.01인, 양극 활성 물질.",132,True,False,explicit_or_regex_estimated
1020267011269,1020260068109,,공개,공개,양극 활성 물질 및 양극 활성 물질을 제조하기 위한 방법,유미코아,4,"4. 제3항에 있어서, SiB가 0.03 내지 1.0의 범위이고, 바람직하게는 SiB가 0.05 내지 0.3의 범위이고, 보다 바람직하게는 SiB가 0.08 내지 0.2의 범위인, 양극 활성 물질.",110,True,False,explicit_or_regex_estimated
1020267011269,1020260068109,,공개,공개,양극 활성 물질 및 양극 활성 물질을 제조하기 위한 방법,유미코아,5,"5. 제1항 내지 제4항 중 어느 한 항에 있어서, BB가 0.35 내지 5.0의 범위이고, 바람직하게는 BB가 0.4 내지 2.0의 범위이고, 보다 바람직하게는 BB가 0.68 내지 1.0의 범위인, 양극 활성 물질.",122,True,False,explicit_or_regex_estimated
1020267011269,1020260068109,,공개,공개,양극 활성 물질 및 양극 활성 물질을 제조하기 위한 방법,유미코아,6,"6. 제1항 내지 제5항 중 어느 한 항에 있어서, Li, M' 및 산소를 포함하고, M'은a. M'에 대해, 50.0 ≤ x ≤ 98.0 mol%인 함량 x의 Ni,b. M'에 대해, 0.0 ≤ y ≤ 30.0 mol%인 함량 y의 Mn,c. M'에 대해, 0.0 ≤ z ≤ 30.0 mol%인 함량 z의 Co,d. M'에 대해, 0.0 003c# a ≤ 5.0 mol%인 함량 a의 Si,e. M'에 대해, 0.0 003c# b ≤ 5.0 mol%인 함량 b의 B,f. M'에 대해, 0.0 ≤ d ≤ 2.0 mol%인 함량 d의 D를 포함하고, 여기서, D는 Li, Ni, Mn, Co, Si, B 및 산소와 상이한 원소이고,x, y, z, a, b 및 d는 ICP-OES에 의해 측정되고,x + y + z + a + b + d는 100.0 mol%인, 양극 활성 물질.",434,True,False,explicit_or_regex_estimated
1020267011269,1020260068109,,공개,공개,양극 활성 물질 및 양극 활성 물질을 제조하기 위한 방법,유미코아,7,"7. 제1항 내지 제6항 중 어느 한 항에 있어서, 상기 양극 활성 물질이 a/(x + y + z + a + b)로 정의되는 Si 함량 SiA를 가지며, 여기서, 비율 SiB/SiA가 003e# 30.0인, 양극 활성 물질.",125,True,False,explicit_or_regex_estimated
1020267011269,1020260068109,,공개,공개,양극 활성 물질 및 양극 활성 물질을 제조하기 위한 방법,유미코아,8,"8. 제1항 내지 제7항 중 어느 한 항에 있어서, 상기 양극 활성 물질이 b/(x + y + z + a + b)로 정의되는 B 함량 BA를 가지며, 여기서, 비율 BB/BA가 003e# 30.0인, 양극 활성 물질.",121,True,False,explicit_or_regex_estimated
1020267011269,1020260068109,,공개,공개,양극 활성 물질 및 양극 활성 물질을 제조하기 위한 방법,유미코아,9,"9. 제6항 내지 제8항 중 어느 한 항에 있어서,a. M'에 대해, 75.0 mol% ≤ x ≤ 92.0 mol%, 바람직하게는 78.0 mol% ≤ x ≤ 90.0 mol%, 보다 바람직하게는 80.0 mol% ≤ x ≤ 88.0 mol%인 함량 x의 Ni,b. M'에 대해, 0.0 mol% 003c# y ≤ 20.0 mol%, 바람직하게는 1.0 mol% ≤ y ≤ 15.0 mol%, 보다 바람직하게는 2.0 mol% ≤ y ≤ 10.0 mol%인 함량 y의 Mn,c. M'에 대해, 0.0 mol% 003c# z ≤ 20.0 mol%, 바람직하게는 1.0 mol% ≤ z ≤ 15.0 mol%, 보다 바람직하게는 2.0 mol% ≤ z ≤ 10.0 mol%인 함량 z의 Co,d. M'에 대해, 0.01 mol% 003c# a ≤ 2.0 mol%, 바람직하게는 0.03 mol% ≤ a ≤ 1.0 mol%, 보다 바람직하게는 0.06 mol% ≤ a ≤ 0.1 mol%인 함량 a의 Si,e. M'에 대해, 0.01 mol% 003c# b ≤ 4.0 mol%, 바람직하게는 0.1 mol% ≤ b ≤ 3.0 mol%, 보다 바람직하게는 0.4 mol% ≤ b ≤ 2.0 mol%인 함량 b의 B,f. M'에 대해, 0.0 mol% 003c# d ≤ 1.75 mol%, 바람직하게는 0.25 mol% ≤ d ≤ 1.5 mol%, 보다 바람직하게는 0.5 mol% ≤ d ≤ 1.25 mol%인 함량 d의 D를 포함하는, 양극 활성 물질.",753,True,False,explicit_or_regex_estimated
1020267011269,1020260068109,,공개,공개,양극 활성 물질 및 양극 활성 물질을 제조하기 위한 방법,유미코아,10,"10. 제1항 내지 제9항 중 어느 한 항에 있어서, 상기 양극 활성 물질이 단일 입자 및/또는 이차 입자를 포함하는 분말이고, SEM 이미지에서 관찰 시, 상기 단일 입자 각각은 단 하나의 일차 입자로 이루어지고, 상기 이차 입자 각각은 적어도 2개의 일차 입자 내지 최대 20개의 일차 입자로 이루어지는, 양극 활성 물질.",182,True,False,explicit_or_regex_estimated
1020267011269,1020260068109,,공개,공개,양극 활성 물질 및 양극 활성 물질을 제조하기 위한 방법,유미코아,11,"11. 제10항에 있어서, 상기 분말을 구성하는 입자들의 적어도 30%, 보다 바람직하게는 적어도 50%가, SEM 이미지에서 관찰 시, 단일 입자 및/또는 이차 입자인, 양극 활성 물질.",105,True,False,explicit_or_regex_estimated
1020267011269,1020260068109,,공개,공개,양극 활성 물질 및 양극 활성 물질을 제조하기 위한 방법,유미코아,12,"12. 제1항 내지 제10항 중 어느 한 항에 있어서, 상기 양극 활성 물질이 다결정질 입자를 포함하는 분말이고, 상기 다결정질 입자 각각은, SEM 이미지에서 관찰 시, 20개 초과의 일차 입자로 이루어지는, 양극 활성 물질.",127,True,False,explicit_or_regex_estimated
1020267011269,1020260068109,,공개,공개,양극 활성 물질 및 양극 활성 물질을 제조하기 위한 방법,유미코아,13,"13. 제1항 내지 제12항 중 어느 한 항에 있어서, 상기 양극 활성 물질이, 상기 양극 활성 물질의 총 중량을 기준으로 하여, 340% 탄소 미만의 탄소 흡수, 바람직하게는 상기 양극 활성 물질의 총 중량을 기준으로 하여, 245% 탄소 미만의 탄소 흡수, 보다 바람직하게는 200% 탄소 미만의 탄소 흡수를 가지며, 상기 상기 탄소 흡수는 노출 시험에 의해 측정되는, 양극 활성 물질.",218,True,False,explicit_or_regex_estimated
1020267011269,1020260068109,,공개,공개,양극 활성 물질 및 양극 활성 물질을 제조하기 위한 방법,유미코아,14,"14. 양극 활성 물질, 바람직하게는 제1항 내지 제13항 중 어느 한 항에 기재된 양극 활성 물질을 제조하는 방법으로서,리튬 전이금속계 산화물 화합물과 실리콘 공급원 및 붕소 공급원을 혼합하는 단계 a) 및500℃ 미만의 온도에서 1시간 내지 20시간 동안 혼합물을 가열하여 양극 활성 물질을 수득하는 단계 b)를 포함하고,상기 실리콘(Si) 공급원은 Si-알콕사이드, 알킬알콕시 실란 또는 폴리실록산, 바람직하게는 폴리실록산, 보다 바람직하게는 하이드록시-말단 폴리실록산인, 양극 활성 물질을 제조하는 방법.",286,True,False,explicit_or_regex_estimated
1020267011269,1020260068109,,공개,공개,양극 활성 물질 및 양극 활성 물질을 제조하기 위한 방법,유미코아,15,"15. 제14항에 있어서, 상기 붕소 공급원이 붕산(H3BO3), 붕소 산화물(B2O3), 테트라하이드록시보레이트 나트륨(NaB(OH)4), 오르토보레이트 삼나트륨(Na3BO3), 과붕산 나트륨(Na2H4B2O8), 메타 보레이트 나트륨(Na3B3O6) 또는 이들의 조합이고, 바람직하게는 상기 붕소 공급원이 붕산(H3BO3)인, 양극 활성 물질을 제조하는 방법.",203,True,False,explicit_or_regex_estimated
1020267011269,1020260068109,,공개,공개,양극 활성 물질 및 양극 활성 물질을 제조하기 위한 방법,유미코아,16,"16. 제1항 내지 제13항 중 어느 한 항에 기재된 양극 활성 물질을 포함하는, 고상 배터리.",53,True,False,explicit_or_regex_estimated
1020267011269,1020260068109,,공개,공개,양극 활성 물질 및 양극 활성 물질을 제조하기 위한 방법,유미코아,17,"17. 제16항에 있어서, 황화물계 고체 전해질을 포함하는, 고상 배터리.",41,True,False,explicit_or_regex_estimated
